split,phase,image_id,donor_id,candidate,guidance,condition,path,sha256,noise_sha256,clip_target_cosine,clip_donor_cosine,pixcorr,ssim
train,bf16,16584,40682,0,4.0,correct,g4-correct/16584-0.png,56bce736666130067b4edbb4eb4b1539af8c83d703968424e726b7f24b01a6c1,a7a40302f6fddd927f6db9d528b67f03df45ce3933ba39d58a055f027930964d,0.5536547899246216,0.5621115565299988,0.00726625478696787,0.09238029161210083
train,bf16,16584,40682,1,4.0,correct,g4-correct/16584-1.png,171d40977782b20558604d65b2d1400e3352f2db002944b5579e30b22623e79a,a7a40302f6fddd927f6db9d528b67f03df45ce3933ba39d58a055f027930964d,0.6233307123184204,0.5860595703125,0.0373253252063137,0.08299105809477823
train,bf16,16584,40682,0,4.0,wrong,g4-wrong/16584-0.png,4c437d87380ecde66d4c2ae2cccbb9bf1bafb46aac81c083d51ee721fe925994,a7a40302f6fddd927f6db9d528b67f03df45ce3933ba39d58a055f027930964d,0.5405170917510986,0.7698950171470642,0.1512461366603447,0.08526810261913909
train,bf16,16584,40682,1,4.0,wrong,g4-wrong/16584-1.png,cf34967bb28b31321c5548badf7b339d94a930e25545da08e5bf968e39dd25ca,a7a40302f6fddd927f6db9d528b67f03df45ce3933ba39d58a055f027930964d,0.5240092277526855,0.7902731895446777,0.1662556449361164,0.08452513910478769
train,bf16,40682,38942,0,4.0,correct,g4-correct/40682-0.png,22266186fd7c6199ccbc60142ec60b9fc5ab9d3f309e340f0d39465d94c2f0a3,6490897e817774a341cca2ee5aba081e04f285f50e6f0a1474fc3ccbd4a33f68,0.7960963845252991,0.5035565495491028,0.6243528393710621,0.42408571708860254
train,bf16,40682,38942,1,4.0,correct,g4-correct/40682-1.png,938019cf0ee9674fe4d199fbc9eef70e04171e54d42220c7c59c6bd063aed4c7,6490897e817774a341cca2ee5aba081e04f285f50e6f0a1474fc3ccbd4a33f68,0.8287599086761475,0.4488961100578308,0.6666532019662883,0.4746896832381892
train,bf16,40682,38942,0,4.0,wrong,g4-wrong/40682-0.png,df3d7edd713bb5b237798ce97716afbe556d6420be7dab873b1d0ee7f6e19613,6490897e817774a341cca2ee5aba081e04f285f50e6f0a1474fc3ccbd4a33f68,0.4618763327598572,0.5757083296775818,0.10212352152412145,0.3911690592491123
train,bf16,40682,38942,1,4.0,wrong,g4-wrong/40682-1.png,e679ceda7aa44fb767e68241a01660ead27eb5b017cfac8d2772be09918e034c,6490897e817774a341cca2ee5aba081e04f285f50e6f0a1474fc3ccbd4a33f68,0.47565385699272156,0.5535318851470947,0.007231141439382512,0.4552710273822741
train,bf16,38942,4905,0,4.0,correct,g4-correct/38942-0.png,fd669002821357b0ced3715c6cb6de567d0707478a9c9f74fc48d657f966cd11,6756f9274e866ca54bb80f773b9ae5ebe24c536f1c5877b0f8c954379b24bd06,0.5688409805297852,0.45632970333099365,0.2284333616732714,0.4252562503273795
train,bf16,38942,4905,1,4.0,correct,g4-correct/38942-1.png,3b593cf6a990746d37f3efca19b8356680fffd7edb35df15f5181863a522e48b,6756f9274e866ca54bb80f773b9ae5ebe24c536f1c5877b0f8c954379b24bd06,0.6184923648834229,0.5126424431800842,0.10657421160231309,0.3651222009307018
train,bf16,38942,4905,0,4.0,wrong,g4-wrong/38942-0.png,33c2efdd13b39e80aa063b6edbe5138e8b45d791eac1a462ef7af79d497276e2,6756f9274e866ca54bb80f773b9ae5ebe24c536f1c5877b0f8c954379b24bd06,0.6291914582252502,0.610207736492157,0.11557736263631575,0.40914273094467896
train,bf16,38942,4905,1,4.0,wrong,g4-wrong/38942-1.png,f32e7d655415ffa937e963a4af11bad90f038439c485189e7cf331e3e58e3409,6756f9274e866ca54bb80f773b9ae5ebe24c536f1c5877b0f8c954379b24bd06,0.564511775970459,0.7140625715255737,0.18468679823854328,0.3097329823411349
train,bf16,4905,17344,0,4.0,correct,g4-correct/4905-0.png,37a18e2d776764cdd02ddb4613de225bcfff07b844edc1d3384d1af3f35eb5e8,232ae311abc85f162496cc1486aef8d8928ea428f00d77ec4e79c0b70f3aac41,0.5436376929283142,0.5467166304588318,0.14557522030633455,0.2522893097553694
train,bf16,4905,17344,1,4.0,correct,g4-correct/4905-1.png,869cdf771850cbeab4ec3377635399f0d892a5cab7429997a1c321c6cfca98e0,232ae311abc85f162496cc1486aef8d8928ea428f00d77ec4e79c0b70f3aac41,0.6307271122932434,0.6008621454238892,-0.005744342244100882,0.26229511418950086
train,bf16,4905,17344,0,4.0,wrong,g4-wrong/4905-0.png,a2f5c1bcd195bdd01595c10fb9fc7583dce39b76f8521fb1f6c78f3725b6760e,232ae311abc85f162496cc1486aef8d8928ea428f00d77ec4e79c0b70f3aac41,0.48002249002456665,0.6598383784294128,-0.07503711577898675,0.33429544663119487
train,bf16,4905,17344,1,4.0,wrong,g4-wrong/4905-1.png,1f2e977635497d3df268e5bdd8bb540318d751c0a92cfb2b8ba5cf35b7c15dbe,232ae311abc85f162496cc1486aef8d8928ea428f00d77ec4e79c0b70f3aac41,0.48226338624954224,0.6499672532081604,-0.21588031106336383,0.3894321050495575
train,bf16,17344,32725,0,4.0,correct,g4-correct/17344-0.png,38c475b8c5ffff881c2cfd3ec8a0b6448c672ff72885d8710d848e29e5893855,d75f90f3c918af7779f08413e1b2dfa9f0b7ab7532546f74ce58b50b36b8817d,0.7689536809921265,0.6072454452514648,0.17291818860050656,0.21310389283566494
train,bf16,17344,32725,1,4.0,correct,g4-correct/17344-1.png,edf65e7d07a98b54e3fe66784e0205af6c9d96916a453f4f565c100cf91a53cf,d75f90f3c918af7779f08413e1b2dfa9f0b7ab7532546f74ce58b50b36b8817d,0.7142410278320312,0.5702118873596191,0.022927177391372896,0.21479218680121512
train,bf16,17344,32725,0,4.0,wrong,g4-wrong/17344-0.png,8da212e06fd35ba238bbe2e03d5492ce62b2175447f66ddef98a4e620c80c57e,d75f90f3c918af7779f08413e1b2dfa9f0b7ab7532546f74ce58b50b36b8817d,0.4542783200740814,0.8622584342956543,0.015426712906364534,0.11644689570914858
train,bf16,17344,32725,1,4.0,wrong,g4-wrong/17344-1.png,e88a704a14feb0ec79b7347bdd38266c9bca58342b7eb79b8e036b169d3acdc6,d75f90f3c918af7779f08413e1b2dfa9f0b7ab7532546f74ce58b50b36b8817d,0.4956277012825012,0.7570681571960449,0.06845433760247534,0.11090806517670772
train,bf16,32725,28449,0,4.0,correct,g4-correct/32725-0.png,4994238a987b57ac48795a4cbdb1effd5a9ede16d6054ceece532e9a28378fa0,30cb1309cb356060719cfdd1a31df932276e218be091252aa0a0840e43a975a0,0.9060716032981873,0.5464368462562561,0.47576913329659654,0.1626789296972921
train,bf16,32725,28449,1,4.0,correct,g4-correct/32725-1.png,5d0c1c43971f775c6208c1a52795860e13d4e9511bd65fd3bff02fe958505752,30cb1309cb356060719cfdd1a31df932276e218be091252aa0a0840e43a975a0,0.8719949126243591,0.5839879512786865,0.4697401807124765,0.16983241582058714
train,bf16,32725,28449,0,4.0,wrong,g4-wrong/32725-0.png,96edcc5afd96625ac47ca652a64b8699dd3e47e0ce70dd34b23f9eeec0c40a56,30cb1309cb356060719cfdd1a31df932276e218be091252aa0a0840e43a975a0,0.5034455060958862,0.5608576536178589,-0.3930550339077036,0.16983542718695863
train,bf16,32725,28449,1,4.0,wrong,g4-wrong/32725-1.png,39d55432defff47e6a2703a1189524e09447d9727eddd1ad32b04f7d38dc7a1a,30cb1309cb356060719cfdd1a31df932276e218be091252aa0a0840e43a975a0,0.548456072807312,0.5939596891403198,-0.5031921883476552,0.1567957718789848
train,bf16,28449,4723,0,4.0,correct,g4-correct/28449-0.png,e13be589e8dff0bcb1f74df671b1babd2d40a62bc15e4a97d7c2ea3e95daf0b1,90d88f3ceba98dfa2fef3ccc0ef7371f2f798a6d92f3a246b5683fc6f9692144,0.6204228401184082,0.5470775365829468,-0.08996212761781794,0.472642412675288
train,bf16,28449,4723,1,4.0,correct,g4-correct/28449-1.png,f08bb26051691a2030afdd2047a6beabc7237f00dad16f7599d0dae5a1188175,90d88f3ceba98dfa2fef3ccc0ef7371f2f798a6d92f3a246b5683fc6f9692144,0.5795485973358154,0.5001824498176575,0.2697637861314575,0.4327164710537159
train,bf16,28449,4723,0,4.0,wrong,g4-wrong/28449-0.png,b8fe9bcd1d5c7e8f2bdffd39a927daf3a0d73419c71c0b20659a0f942327e0cb,90d88f3ceba98dfa2fef3ccc0ef7371f2f798a6d92f3a246b5683fc6f9692144,0.6030460000038147,0.7205125093460083,-0.14109847848552817,0.280330036620887
train,bf16,28449,4723,1,4.0,wrong,g4-wrong/28449-1.png,62d3b9bad9e172cf561f6c0d8d1043e80d138e085a2aa1e35a03183fe2acb31f,90d88f3ceba98dfa2fef3ccc0ef7371f2f798a6d92f3a246b5683fc6f9692144,0.46333372592926025,0.6434588432312012,-0.05869866714050887,0.3469546578481212
train,bf16,4723,70126,0,4.0,correct,g4-correct/4723-0.png,bda099532ffe61a41eebf1f3ddede3dcf3a9ed7b583cb8408a41cdc980cc18e2,9b2d92a8a3a0047433a0e8cca9e67818d62ddbeef410226b718fcc0322330a93,0.5725159049034119,0.4959962069988251,-0.05160388432090444,0.3256696220315558
train,bf16,4723,70126,1,4.0,correct,g4-correct/4723-1.png,961a62f1c78bf936b40db4e2b403945438fc45a90e5d53410a99d4f5eefc6b47,9b2d92a8a3a0047433a0e8cca9e67818d62ddbeef410226b718fcc0322330a93,0.5904384255409241,0.5041334629058838,-0.059212797612874214,0.2686449548012306
train,bf16,4723,70126,0,4.0,wrong,g4-wrong/4723-0.png,547dd8ad2698a6d7da2cdeb8ce34e0c60c6eea04933abc70d25f5dfda13d14d7,9b2d92a8a3a0047433a0e8cca9e67818d62ddbeef410226b718fcc0322330a93,0.46479150652885437,0.5890414118766785,0.13675871690800223,0.31668490946038697
train,bf16,4723,70126,1,4.0,wrong,g4-wrong/4723-1.png,c01493f74f60a0f56f1493297749eb69f061ce1c42cb5eb4b2a5c7e0d01aba65,9b2d92a8a3a0047433a0e8cca9e67818d62ddbeef410226b718fcc0322330a93,0.521888017654419,0.6053766012191772,-0.09524307352590418,0.257326429166143
train,bf16,70126,26393,0,4.0,correct,g4-correct/70126-0.png,30c3a1bf8f5acaef8aa3c6c6c9feaa5d2f624d1b5251cead66e74d0ed6813324,771c06d63c9d651090499055b39e8c422b32ab0e89b8878983be0d8b35226c9d,0.6859798431396484,0.492801696062088,-0.17467811853285103,0.2769545548096549
train,bf16,70126,26393,1,4.0,correct,g4-correct/70126-1.png,e350e8b17428fe8545e8c9dcb170b8d2d4fe69d7ec1ca8bab5d187ce6a6435f8,771c06d63c9d651090499055b39e8c422b32ab0e89b8878983be0d8b35226c9d,0.6550943851470947,0.43635648488998413,-0.19606362977155553,0.2731952748879592
train,bf16,70126,26393,0,4.0,wrong,g4-wrong/70126-0.png,cbb2fc619f8b3a4fe6e89c35bdfcf79e176cee254c11348a6f4052d2ad838227,771c06d63c9d651090499055b39e8c422b32ab0e89b8878983be0d8b35226c9d,0.5363332629203796,0.7909964323043823,-0.18430819805249937,0.3098440400818035
train,bf16,70126,26393,1,4.0,wrong,g4-wrong/70126-1.png,e649446fa827ddf183cdae95439908a356acc4167144dd24c933c50d4ef838ad,771c06d63c9d651090499055b39e8c422b32ab0e89b8878983be0d8b35226c9d,0.4952085614204407,0.740319013595581,0.009048168054440812,0.32245129967921743
train,bf16,26393,33748,0,4.0,correct,g4-correct/26393-0.png,fcbaa9f94f6ef422da4babcad60213fd840311135a7a2e18adae4bb298abea66,0019d2d1ccc1627f42428b0f1cd396e261b1006a37d9c6990b31189dc07e534f,0.7478678822517395,0.6279566287994385,0.022425397104427803,0.553304261263546
train,bf16,26393,33748,1,4.0,correct,g4-correct/26393-1.png,b77549f17c0c6d5981c0145b13caeff441ba01f7548cc4caddf82717bf5b37af,0019d2d1ccc1627f42428b0f1cd396e261b1006a37d9c6990b31189dc07e534f,0.8015968203544617,0.6480920314788818,0.08249810154951319,0.4859563562462345
train,bf16,26393,33748,0,4.0,wrong,g4-wrong/26393-0.png,93fb80a3d477b894b77d9a90b5b793ee0b669e017d421ef593461d5a0b19b632,0019d2d1ccc1627f42428b0f1cd396e261b1006a37d9c6990b31189dc07e534f,0.5621399879455566,0.8904829025268555,0.13617908101421308,0.36082366766337315
train,bf16,26393,33748,1,4.0,wrong,g4-wrong/26393-1.png,e0337dea82337b0c98a50779b0fc35d0b973b350bcb2ce4c9fee9544611f03bd,0019d2d1ccc1627f42428b0f1cd396e261b1006a37d9c6990b31189dc07e534f,0.5900486707687378,0.9367016553878784,0.2583782456491852,0.341374510996061
train,bf16,33748,57293,0,4.0,correct,g4-correct/33748-0.png,20c2bcdbb5dc80cd319c6d998dbe4b0f9b06a77e65c8ab19c70f67cf31363872,ea12a6e5334d683616001b6e1d93e997a3eb53d67412edf2f0a4c6526ff5b880,0.9316523671150208,0.6575402021408081,0.5969867980794893,0.3135020350389867
train,bf16,33748,57293,1,4.0,correct,g4-correct/33748-1.png,539fd2dc8afc035485c6c4caf32d75cd20e5e4b9adc4366cfb99595265fbed90,ea12a6e5334d683616001b6e1d93e997a3eb53d67412edf2f0a4c6526ff5b880,0.9536786079406738,0.6584023237228394,0.6575662356153964,0.34116821450282053
train,bf16,33748,57293,0,4.0,wrong,g4-wrong/33748-0.png,358fe2e749892b69f8d68d46d1d82ef0553937103efca9c161834afdcac18f76,ea12a6e5334d683616001b6e1d93e997a3eb53d67412edf2f0a4c6526ff5b880,0.5457616448402405,0.7858067154884338,-0.010391302243396414,0.13339231532372778
train,bf16,33748,57293,1,4.0,wrong,g4-wrong/33748-1.png,d469082998b8c0b22a386425d42f3f93379ddddf482a53deddcbeca45025e643,ea12a6e5334d683616001b6e1d93e997a3eb53d67412edf2f0a4c6526ff5b880,0.5575870871543884,0.781639575958252,-0.014119771639323158,0.15559668882172578
train,bf16,57293,20217,0,4.0,correct,g4-correct/57293-0.png,35fa4eda5bf950a09b1855173e49608ddb0a5247517a855c1e7d583b98a2feb4,2ce3fbbaf3262abce9abef7120e90ccb53908017cf443112e22b9f7e8cb94ef1,0.7276643514633179,0.5272449851036072,-0.0010306341522637987,0.19374211019862525
train,bf16,57293,20217,1,4.0,correct,g4-correct/57293-1.png,892d75823e55baa9056cd9ad3fe8924fdec837464c821f1a21f15a57f6acdc14,2ce3fbbaf3262abce9abef7120e90ccb53908017cf443112e22b9f7e8cb94ef1,0.6844061613082886,0.5237512588500977,-0.17697822186624348,0.20308306806057477
train,bf16,57293,20217,0,4.0,wrong,g4-wrong/57293-0.png,4457d2ef73932318622c6f1021c7675f39d7013e18c779b245116de503e9501e,2ce3fbbaf3262abce9abef7120e90ccb53908017cf443112e22b9f7e8cb94ef1,0.5430199503898621,0.6572266221046448,0.19646521567161646,0.2550797861567652
train,bf16,57293,20217,1,4.0,wrong,g4-wrong/57293-1.png,fd329354d830173b9843276fec7a688ac9932cb80be7e75052b53463614cac8b,2ce3fbbaf3262abce9abef7120e90ccb53908017cf443112e22b9f7e8cb94ef1,0.5727100968360901,0.7779566049575806,-0.16300144606860542,0.1875078005971146
train,bf16,20217,15879,0,4.0,correct,g4-correct/20217-0.png,00c584b61c5ecbd81e3d6843ae0fc6cdfc633c14914fe82916a81a4cc981a31b,9bb0eb851e424337b776988233bca0f9b0b9703bdb62158841eefc42f9e34149,0.7244528532028198,0.4296419024467468,0.21837893129495717,0.298530653615159
train,bf16,20217,15879,1,4.0,correct,g4-correct/20217-1.png,c534bb0bc2584673bf3bb3e5a0e3ba64ad52573db57f156c635939b23e532153,9bb0eb851e424337b776988233bca0f9b0b9703bdb62158841eefc42f9e34149,0.638093113899231,0.48153969645500183,0.03989486580265564,0.276928438713099
train,bf16,20217,15879,0,4.0,wrong,g4-wrong/20217-0.png,ddaf604640783d9e575f387c69f48b176c491d3dc80dcd6bed04b3e0f5a2fbb1,9bb0eb851e424337b776988233bca0f9b0b9703bdb62158841eefc42f9e34149,0.47706958651542664,0.7356913089752197,0.16767887150378852,0.21924154880621638
train,bf16,20217,15879,1,4.0,wrong,g4-wrong/20217-1.png,56316386bda6055e89348a3f02c46fddd9d320aaf116f7c6aadd94ea5ca984b7,9bb0eb851e424337b776988233bca0f9b0b9703bdb62158841eefc42f9e34149,0.507652223110199,0.5310960412025452,0.059380986637373755,0.2975182921246719
train,bf16,15879,69036,0,4.0,correct,g4-correct/15879-0.png,4d3d9de76e5fb2a03aa41bef68f5ba45d36c4a7c9b208522204bf310dc39f176,4f7529cc349f0c11166395691ea3a37adcf291e281069f184da9b7340fc99034,0.7151159644126892,0.5351909399032593,0.0978844576295788,0.1762151469287118
train,bf16,15879,69036,1,4.0,correct,g4-correct/15879-1.png,a583737032511f34463d7f7105b4e52d1626b0ea8d66bf00913978629b724344,4f7529cc349f0c11166395691ea3a37adcf291e281069f184da9b7340fc99034,0.6198019981384277,0.44406336545944214,-0.06622984761781359,0.18815774984143196
train,bf16,15879,69036,0,4.0,wrong,g4-wrong/15879-0.png,1c9be42b0ce18e746404914afe0074c9dd4de26ca51b40aab3c2ff47d7b8e17c,4f7529cc349f0c11166395691ea3a37adcf291e281069f184da9b7340fc99034,0.47621676325798035,0.9331432580947876,0.2602262180382351,0.19376546490568242
train,bf16,15879,69036,1,4.0,wrong,g4-wrong/15879-1.png,cb93c9514f57247269be4114842d9c9b91d0a6331a87384003d9a4e1260e739c,4f7529cc349f0c11166395691ea3a37adcf291e281069f184da9b7340fc99034,0.48805147409439087,0.9494690895080566,0.13316310101058604,0.15871019457809785
train,bf16,69036,3625,0,4.0,correct,g4-correct/69036-0.png,0457ef9f6064ef39e49e808f968279013d49b0ee2a5072e364ee580f3ae96a42,1acec16aba650738ce719ea1e3bbdffbf0ec38d66415cd99991204bc1cc04fb5,0.959843635559082,0.5718054175376892,0.534996021708717,0.3437886654627347
train,bf16,69036,3625,1,4.0,correct,g4-correct/69036-1.png,2610baa8e4cb810ce7ff4eb87b0a57f9b305f03f2a2331fa2bf218e4c2c49fc0,1acec16aba650738ce719ea1e3bbdffbf0ec38d66415cd99991204bc1cc04fb5,0.927013635635376,0.585144579410553,0.5184446001287321,0.35314419729073004
train,bf16,69036,3625,0,4.0,wrong,g4-wrong/69036-0.png,3295e15857456a14dac5aad6241bc2cc08b4b397ae042b22e5be0745a1d6810e,1acec16aba650738ce719ea1e3bbdffbf0ec38d66415cd99991204bc1cc04fb5,0.5310548543930054,0.6832529902458191,-0.23925329661013034,0.17453909261445336
train,bf16,69036,3625,1,4.0,wrong,g4-wrong/69036-1.png,5cbad1c8bb86d2665c75eabcd9e558cc7aada96f4b54684c56dc25d4a4f92ee6,1acec16aba650738ce719ea1e3bbdffbf0ec38d66415cd99991204bc1cc04fb5,0.5412136912345886,0.6280995607376099,-0.1100578094429304,0.20251874250596222
train,bf16,3625,23696,0,4.0,correct,g4-correct/3625-0.png,c65bbae4e6aa051e215d8e522699aaba9e7ea6554ef092572a01598aea80c0c0,d9a5c95b29350d57eb94358eb9a21cd680af72d44f9a1759000eaf57a7e92392,0.7904953956604004,0.5300071835517883,-0.08790170700780434,0.16247106126734384
train,bf16,3625,23696,1,4.0,correct,g4-correct/3625-1.png,761305f2bac99c47f9e9f2f9e9bcb207811707e4edb2a81e3c29610c1db00fdc,d9a5c95b29350d57eb94358eb9a21cd680af72d44f9a1759000eaf57a7e92392,0.8406217098236084,0.5377875566482544,-0.0830322456167818,0.14711624851877822
train,bf16,3625,23696,0,4.0,wrong,g4-wrong/3625-0.png,96b5688abbcf0f65cc6b049c956fa6178ad0e11291157f03e8bf1d3b38aca876,d9a5c95b29350d57eb94358eb9a21cd680af72d44f9a1759000eaf57a7e92392,0.537965714931488,0.7206525802612305,-0.1238752344000624,0.2619229600168549
train,bf16,3625,23696,1,4.0,wrong,g4-wrong/3625-1.png,cec926168e44de2e05296c1008be82218bbcc3bf9e943cbdfe41951c2e2930c0,d9a5c95b29350d57eb94358eb9a21cd680af72d44f9a1759000eaf57a7e92392,0.5110617280006409,0.6988738775253296,-0.246290862216119,0.24544741654415178
train,bf16,23696,44010,0,4.0,correct,g4-correct/23696-0.png,98134b2f6a3395041c588dc3379f619a783c9247475c56ddf75db5ed40551c38,2fd882d695c4a24c1f03243124fd54f215d1c687123a46ba99d6ef66f4bf0827,0.5641843676567078,0.5520605444908142,-0.2523485537107423,0.5168690507234838
train,bf16,23696,44010,1,4.0,correct,g4-correct/23696-1.png,a849f1671e52803f4e46134b6a281d91332843da938acc2dcf6600908106bb84,2fd882d695c4a24c1f03243124fd54f215d1c687123a46ba99d6ef66f4bf0827,0.6581860780715942,0.5460243821144104,0.44267668198928367,0.581278584920638
train,bf16,23696,44010,0,4.0,wrong,g4-wrong/23696-0.png,cb2fdb27812b666345d62c2db00db33b552383408db6cabc84926d0f102ae269,2fd882d695c4a24c1f03243124fd54f215d1c687123a46ba99d6ef66f4bf0827,0.5271005630493164,0.8392466306686401,-0.16584125831154875,0.3982019855198469
train,bf16,23696,44010,1,4.0,wrong,g4-wrong/23696-1.png,72c378e02e93e1e07fb1108f7b2b6205f630b3dda0055e919f8906e1d5b2ce8b,2fd882d695c4a24c1f03243124fd54f215d1c687123a46ba99d6ef66f4bf0827,0.5408695936203003,0.8791037201881409,0.2592658325064469,0.4682829380486426
train,bf16,44010,21652,0,4.0,correct,g4-correct/44010-0.png,7bf6b97ee8b23e13501890ae3785f328be373b362fcc9afd5f9737616d070327,35aa86981174181a98b4ce51d8b65a8bd0f95c2ceec4818494682c0873f3225b,0.8658421039581299,0.6540054082870483,-0.021179904365733342,0.38447908349078336
train,bf16,44010,21652,1,4.0,correct,g4-correct/44010-1.png,799283e15a41af42929d0809995ac4e56fd47f1705936da3f3dc32b5899e71f5,35aa86981174181a98b4ce51d8b65a8bd0f95c2ceec4818494682c0873f3225b,0.8789793848991394,0.6415938138961792,0.0025456578698742384,0.3798578385617852
train,bf16,44010,21652,0,4.0,wrong,g4-wrong/44010-0.png,f896140ef48b894f9e7b4bd17f6debfee52c2aff1dac930efbb3571d02c90d42,35aa86981174181a98b4ce51d8b65a8bd0f95c2ceec4818494682c0873f3225b,0.48158836364746094,0.5934014916419983,0.04414738913255448,0.3514486707217323
train,bf16,44010,21652,1,4.0,wrong,g4-wrong/44010-1.png,50dbee01edafd2eaea3684f55add41b74cf801cdfaa6294403a0a4bbdb5adb7a,35aa86981174181a98b4ce51d8b65a8bd0f95c2ceec4818494682c0873f3225b,0.6516427993774414,0.8041385412216187,0.08894721620675584,0.2322930547623327
train,bf16,21652,6970,0,4.0,correct,g4-correct/21652-0.png,6f53175e6d59b51be36fe351cf412a61f8cbad1bd055900a1c7a88122341aeed,deca6335f8f41d705a173f0a516e337acfc6c53d86d5870f07649aa25f90a597,0.7454969882965088,0.5629913806915283,0.09506309751276786,0.27776064598903677
train,bf16,21652,6970,1,4.0,correct,g4-correct/21652-1.png,6948701fccb390baf75034c5ee19899dc4db634a473eaaabcd7744f1a92d321f,deca6335f8f41d705a173f0a516e337acfc6c53d86d5870f07649aa25f90a597,0.6952851414680481,0.5664219856262207,0.12976137017120487,0.2837290730803975
train,bf16,21652,6970,0,4.0,wrong,g4-wrong/21652-0.png,d1ca0bdbdff12e041548624f9bbfbb2869f591bfeed9e68dfc0b2ed2f80834de,deca6335f8f41d705a173f0a516e337acfc6c53d86d5870f07649aa25f90a597,0.6703977584838867,0.730871319770813,0.07738671003572883,0.3172075505665367
train,bf16,21652,6970,1,4.0,wrong,g4-wrong/21652-1.png,86a37a3bf58b1e6369d3d3ccda2f9ea7819cff7d03b5aefc6e90a6238bd08243,deca6335f8f41d705a173f0a516e337acfc6c53d86d5870f07649aa25f90a597,0.6138473749160767,0.7037439346313477,0.026685556183979813,0.21686866868491017
train,bf16,6970,35190,0,4.0,correct,g4-correct/6970-0.png,c15ee0856ba03d047e451c0489295f34be58bb4b3bb61cb30953598df960dd6a,7b6545b71671e9b1cdbb3e8f1f39d98a09c15c1547791b5eb984bee429ac7e4c,0.7959763407707214,0.5659247636795044,-0.6143982029086432,0.4820160918456401
train,bf16,6970,35190,1,4.0,correct,g4-correct/6970-1.png,7d368c2e95a0ef02be4d36001e535c6ecb6c4c9ffc1ccef3d3712df060817941,7b6545b71671e9b1cdbb3e8f1f39d98a09c15c1547791b5eb984bee429ac7e4c,0.8480920195579529,0.5541832447052002,-0.09522539604935787,0.5514071769402602
train,bf16,6970,35190,0,4.0,wrong,g4-wrong/6970-0.png,80d2d088d7fa03c5eaaa9ea15e2f8f29ba23a2df5ac2154a0cc0d45124e7f8a6,7b6545b71671e9b1cdbb3e8f1f39d98a09c15c1547791b5eb984bee429ac7e4c,0.5044010877609253,0.7801542282104492,-0.015517138827708239,0.37488685129491695
train,bf16,6970,35190,1,4.0,wrong,g4-wrong/6970-1.png,54aac967901de228668eddf615e834f25fc2a3e2814808a3c173907874040a05,7b6545b71671e9b1cdbb3e8f1f39d98a09c15c1547791b5eb984bee429ac7e4c,0.5571563243865967,0.703553318977356,-0.21568327986628877,0.3819444162810688
train,bf16,35190,50780,0,4.0,correct,g4-correct/35190-0.png,eb7060659c48925936f9eaa2d0fce0acb0cf13f0722088116951dcdfead5462a,af8e89553ecca28153a718e9873c66236d4964e90116ec65807e8436d27a2c9a,0.7125701904296875,0.5041805505752563,0.04889780969738417,0.15090200920696883
train,bf16,35190,50780,1,4.0,correct,g4-correct/35190-1.png,6b5d01ad7140527e992c70a4c9fd4d79a0e6f77438a1146c57500efb8688fb1e,af8e89553ecca28153a718e9873c66236d4964e90116ec65807e8436d27a2c9a,0.7435612082481384,0.4599546194076538,-0.04302363930565666,0.17814249318517844
train,bf16,35190,50780,0,4.0,wrong,g4-wrong/35190-0.png,335ed7c993e850f6f2684bb8639c64fa1f5b9823a9bb8a6d88f60e27ccf7d3ce,af8e89553ecca28153a718e9873c66236d4964e90116ec65807e8436d27a2c9a,0.3404010534286499,0.723155677318573,0.12914434976626388,0.15841898145286148
train,bf16,35190,50780,1,4.0,wrong,g4-wrong/35190-1.png,eb8806b873f3eeb32976d9d85c3f797af0890ee449864f9ba8ca5d50539ff63a,af8e89553ecca28153a718e9873c66236d4964e90116ec65807e8436d27a2c9a,0.4902266263961792,0.8940212726593018,-0.07689450123635042,0.16186436156986697
train,bf16,50780,45620,0,4.0,correct,g4-correct/50780-0.png,4f5b0c6b994563c907a6c50ebab42769e827d12b0484edbeca002c7acde82dd4,3800def8e5bed900fc332f8ffc34dbd027ba1e4cb2ec365891217aeeffe7820e,0.7899394035339355,0.45117923617362976,0.20598279197704158,0.4054957430220887
train,bf16,50780,45620,1,4.0,correct,g4-correct/50780-1.png,9690b92f494ec23583f2a47ecf6b7db3aafa8acc6e9e83c366711cc3f163edfe,3800def8e5bed900fc332f8ffc34dbd027ba1e4cb2ec365891217aeeffe7820e,0.8906654715538025,0.5088210105895996,0.4186189538484413,0.42890308327146914
train,bf16,50780,45620,0,4.0,wrong,g4-wrong/50780-0.png,2ccab7977d829ba8dbe842ebeaabc8c05d82083188892ce47a6e5c4d47766ee7,3800def8e5bed900fc332f8ffc34dbd027ba1e4cb2ec365891217aeeffe7820e,0.5208857655525208,0.8519302010536194,-0.16960515724270586,0.29647956480612475
train,bf16,50780,45620,1,4.0,wrong,g4-wrong/50780-1.png,a05a0c0f022309d3bad0f5d427bd354a285e3832116223b1d054d8b0eb077019,3800def8e5bed900fc332f8ffc34dbd027ba1e4cb2ec365891217aeeffe7820e,0.498392790555954,0.8763774037361145,-0.1090016731134726,0.3426712399058907
train,bf16,45620,27323,0,4.0,correct,g4-correct/45620-0.png,d29aa0d517201a13ebe0445252e710d7d80f6d976e592c8de68e5a43aa6865ae,cfb5d1c1124c830ac684d4a9eb24f448e9e3feb4d28302f59cd353c4d54b08f5,0.8651300072669983,0.46092313528060913,0.21595178042984792,0.3087708605669438
train,bf16,45620,27323,1,4.0,correct,g4-correct/45620-1.png,93525e965bb0f324aad809b42fc6b8cf78a5041ed5e9962ee32891f1e0f729df,cfb5d1c1124c830ac684d4a9eb24f448e9e3feb4d28302f59cd353c4d54b08f5,0.8760673999786377,0.49435514211654663,0.10106069225742338,0.3044207650272526
train,bf16,45620,27323,0,4.0,wrong,g4-wrong/45620-0.png,158be36c76ce59b8903209d4734b8d05247dcee5746d9c009ce54043f8b67c6f,cfb5d1c1124c830ac684d4a9eb24f448e9e3feb4d28302f59cd353c4d54b08f5,0.4339907765388489,0.7241388559341431,0.0017959443929644813,0.28118533511758775
train,bf16,45620,27323,1,4.0,wrong,g4-wrong/45620-1.png,c0b8d94bb71cdf47647db26bef39fe15be19db688155953a7faac81f7e4947e1,cfb5d1c1124c830ac684d4a9eb24f448e9e3feb4d28302f59cd353c4d54b08f5,0.48304319381713867,0.6731423139572144,-0.18367490585793392,0.2608569974049624
train,bf16,27323,51581,0,4.0,correct,g4-correct/27323-0.png,0556299f5b4146ccbf5ab62cf03adf3c771ea98f040bcf954514114f77f3a7a6,250f095a178dc365e3b06928d3751554e4b9fcf734e8d3febc3dc4b1ed354d81,0.6810661554336548,0.5077170133590698,0.1681679492830556,0.3399541882649704
train,bf16,27323,51581,1,4.0,correct,g4-correct/27323-1.png,00f79bf732dfd50d422340c20444017f52a9627ad775ef477d90d596306465f4,250f095a178dc365e3b06928d3751554e4b9fcf734e8d3febc3dc4b1ed354d81,0.7217707633972168,0.5172230005264282,0.1990767427240491,0.3940805196836608
train,bf16,27323,51581,0,4.0,wrong,g4-wrong/27323-0.png,70fe9dd3efabd9cc34c3bb97859baeeece3c520efb2e1ae26065ea4c13cf2ac6,250f095a178dc365e3b06928d3751554e4b9fcf734e8d3febc3dc4b1ed354d81,0.6312434673309326,0.7032095193862915,0.06625025096659286,0.3629367680946997
train,bf16,27323,51581,1,4.0,wrong,g4-wrong/27323-1.png,218b27f976c2fea7f37bb330159ead0d89eaa7aa763a7cf559d2b3d965266f60,250f095a178dc365e3b06928d3751554e4b9fcf734e8d3febc3dc4b1ed354d81,0.579569399356842,0.7343666553497314,0.010113103932344986,0.4000607523412594
train,bf16,51581,7163,0,4.0,correct,g4-correct/51581-0.png,9644c86aeb94abad513a2e4f7ea2e0a32d2baa316dd5b8a6849b4eda2767cde5,59fe651ba15a38d4aa5b9170e24c4cea5800db389b7e7827656ae888d3e80997,0.7664361000061035,0.4975935220718384,-0.14981202954422518,0.3356886870233925
train,bf16,51581,7163,1,4.0,correct,g4-correct/51581-1.png,0e41306595c8eb14fb7910023bfc4afe689326bd81f31e04f87535a594a988ed,59fe651ba15a38d4aa5b9170e24c4cea5800db389b7e7827656ae888d3e80997,0.7413502335548401,0.45216310024261475,-0.20406195788065928,0.2801487428888781
train,bf16,51581,7163,0,4.0,wrong,g4-wrong/51581-0.png,c9a6ef4cf82bcc065281fef2b57fe96077fb0438d5e867a6f4f4368c82f29c1c,59fe651ba15a38d4aa5b9170e24c4cea5800db389b7e7827656ae888d3e80997,0.5302432179450989,0.7440924644470215,-0.05996919012510905,0.38207488397885797
train,bf16,51581,7163,1,4.0,wrong,g4-wrong/51581-1.png,0edbbdad968e419be352e00f72d591fbe1aa023001abe0f48a747a466ff5aa4d,59fe651ba15a38d4aa5b9170e24c4cea5800db389b7e7827656ae888d3e80997,0.5883277654647827,0.6994827389717102,-0.055150276872747796,0.2115201170995364
train,bf16,7163,50828,0,4.0,correct,g4-correct/7163-0.png,ed082afbee8cf488a2a6ed23e9105c28a102fd1cf99d5fcf7726ca48ca3d081a,659e03fd2f5364391e8656e2b6780af8470d98817eeb4e595832d969088031ca,0.6990909576416016,0.4488506019115448,-0.005000388418229239,0.2860100274748194
train,bf16,7163,50828,1,4.0,correct,g4-correct/7163-1.png,663bf1f06f084ffc42574dc8ef70f430bf587125e99b7f5599c253f4a38313a6,659e03fd2f5364391e8656e2b6780af8470d98817eeb4e595832d969088031ca,0.7422366142272949,0.5090550780296326,0.07842191629112108,0.3564729879122556
train,bf16,7163,50828,0,4.0,wrong,g4-wrong/7163-0.png,90df9c767ffe8a6dc8cd913f430ad0e62f0840faf0d566fc3988205cbfee7651,659e03fd2f5364391e8656e2b6780af8470d98817eeb4e595832d969088031ca,0.4168279767036438,0.8316774368286133,-0.1263064364853279,0.2998586639651689
train,bf16,7163,50828,1,4.0,wrong,g4-wrong/7163-1.png,b9a41ab205e3c2d44d06d7fefa7601257bf3458600de0fb0c36137ceb2ddbfad,659e03fd2f5364391e8656e2b6780af8470d98817eeb4e595832d969088031ca,0.48095157742500305,0.7905980348587036,-0.01930423407273899,0.3434341748388335
train,bf16,50828,53785,0,4.0,correct,g4-correct/50828-0.png,9aa344c93663ff8209b7eccfd65e9ec566d2f3aa10a0bcd32f82bdd97c41e20e,8a06d6161798ccc7ac94de944423be5b2f20143c1f68d159adfe6c325e55c945,0.7599844932556152,0.4054190218448639,0.06280250833133928,0.5327353048847377
train,bf16,50828,53785,1,4.0,correct,g4-correct/50828-1.png,7cd1b0017994fcccb065c0903bb77d5befecdacc06a5287883c8bf78936df1e0,8a06d6161798ccc7ac94de944423be5b2f20143c1f68d159adfe6c325e55c945,0.8714435696601868,0.4620335102081299,0.24326491504837186,0.561545805962486
train,bf16,50828,53785,0,4.0,wrong,g4-wrong/50828-0.png,7c5fa200a3353163fc70c30c56a0db6c1bd2d2f904083b87a9f4cdaa44e2dc3e,8a06d6161798ccc7ac94de944423be5b2f20143c1f68d159adfe6c325e55c945,0.5265312194824219,0.6209775805473328,0.10345379338304049,0.41115644499196335
train,bf16,50828,53785,1,4.0,wrong,g4-wrong/50828-1.png,995f812b4b3af0e001b6396e74ccd32f5f8e3bba8e6d95bf49c76aac3378a887,8a06d6161798ccc7ac94de944423be5b2f20143c1f68d159adfe6c325e55c945,0.48421820998191833,0.5967641472816467,-0.011074440841389562,0.30005275055454533
train,bf16,53785,1851,0,4.0,correct,g4-correct/53785-0.png,036a679b9f2d99eeab13c8078b028bc62806ba2654fcea1232ad4b3bc74ac5cf,64721bcb46da572d03f6a59b25eceafa5c909eee9cbbd60b1f8c77637995962c,0.7302103042602539,0.5137883424758911,0.024302343761726707,0.2864793673087588
train,bf16,53785,1851,1,4.0,correct,g4-correct/53785-1.png,5c54e2d26a85438f0a65137dfc4543a6382c90090531fe91bf4fa0db0bfbd1d6,64721bcb46da572d03f6a59b25eceafa5c909eee9cbbd60b1f8c77637995962c,0.6255484819412231,0.4664212167263031,0.11334539147640839,0.2716672266303422
train,bf16,53785,1851,0,4.0,wrong,g4-wrong/53785-0.png,e4b741f756f8a21faf3702566e72811058438523091147cda34a1c8bc2b0b281,64721bcb46da572d03f6a59b25eceafa5c909eee9cbbd60b1f8c77637995962c,0.4560379087924957,0.7243672609329224,-0.27672628426609563,0.23885313452575055
train,bf16,53785,1851,1,4.0,wrong,g4-wrong/53785-1.png,8ea8d8448380c2ae4f6862f1b78353e8962eec45a382188523c24d128b1f8d8f,64721bcb46da572d03f6a59b25eceafa5c909eee9cbbd60b1f8c77637995962c,0.5103896856307983,0.9317521452903748,-0.023260110458621544,0.22709675877123556
train,bf16,1851,29558,0,4.0,correct,g4-correct/1851-0.png,b0009c3444a54c13a1e9db6851401d302038181f0382655e11d228acc022d72a,188190da525817dc8acf5860f4796bdff87d788d696db8860e4484b87b0d49e3,0.8128830194473267,0.4963364899158478,0.23763465483172252,0.3067635399142484
train,bf16,1851,29558,1,4.0,correct,g4-correct/1851-1.png,a863675d14c66da461dbaf7fbba62b775ac4aab2289f9c7846fbd4d143f8fd40,188190da525817dc8acf5860f4796bdff87d788d696db8860e4484b87b0d49e3,0.8085530996322632,0.4784809350967407,-0.11573905498154322,0.26803935906034393
train,bf16,1851,29558,0,4.0,wrong,g4-wrong/1851-0.png,307371842fc4614b58503af229cced2a538405bb9264c843ecabda0bd463b26e,188190da525817dc8acf5860f4796bdff87d788d696db8860e4484b87b0d49e3,0.5367513298988342,0.7126338481903076,0.14832909971395766,0.2011263047260877
train,bf16,1851,29558,1,4.0,wrong,g4-wrong/1851-1.png,d5a2902564300e08a872aa0fe8aa72b7cfe4adffcbce5964dbbb069b2bdc8c47,188190da525817dc8acf5860f4796bdff87d788d696db8860e4484b87b0d49e3,0.572910726070404,0.6402119994163513,-0.10782718698062548,0.2078910063790316
train,bf16,29558,59471,0,4.0,correct,g4-correct/29558-0.png,cfb1a5cf90d3cfba6b040a40a3b1afe0aaf7cabe2fb3b9fa1c6a6fbc42661540,d4f50b468f1dc8f7d4702325ac959d4156f0c8bf16b62bf4a9358e56b8e5fd95,0.7569870948791504,0.4618028402328491,0.28976222732847345,0.18722575345178583
train,bf16,29558,59471,1,4.0,correct,g4-correct/29558-1.png,f6fc1c0a84dc4f7387faef4d8404591d6359a4f3616e78d1cdbf25bf3e7bb219,d4f50b468f1dc8f7d4702325ac959d4156f0c8bf16b62bf4a9358e56b8e5fd95,0.7421919107437134,0.48852306604385376,-0.07303359739566266,0.18304589884401007
train,bf16,29558,59471,0,4.0,wrong,g4-wrong/29558-0.png,715345d0d535782158fdd3be7eebebcfadbfca239279106620e6b8ada58987a0,d4f50b468f1dc8f7d4702325ac959d4156f0c8bf16b62bf4a9358e56b8e5fd95,0.5114888548851013,0.6864734888076782,0.19134352752030961,0.1839377339136779
train,bf16,29558,59471,1,4.0,wrong,g4-wrong/29558-1.png,dcfb3ecdb6306f481019cb455002c3c7118d4049c0883b2450e7d07ec1b40343,d4f50b468f1dc8f7d4702325ac959d4156f0c8bf16b62bf4a9358e56b8e5fd95,0.44876548647880554,0.7644708752632141,-0.19842399069965672,0.17613393349613285
train,bf16,59471,59462,0,4.0,correct,g4-correct/59471-0.png,c9b35873620d19c71c19145ad84492db5d73d5e7b38290bda9f92f1feb3bf038,b4fa87514dd7153326432d061052bad5be5bf519dd3bde07fb0c25a365f3c72f,0.6860543489456177,0.4474141299724579,0.04384692473183117,0.2577887441302184
train,bf16,59471,59462,1,4.0,correct,g4-correct/59471-1.png,0bb9c0a6a7b12445580e0592e9822ed94815f0942bd3fff92d20704710df619b,b4fa87514dd7153326432d061052bad5be5bf519dd3bde07fb0c25a365f3c72f,0.7769396305084229,0.5160579681396484,0.12473261765258647,0.2973174465892623
train,bf16,59471,59462,0,4.0,wrong,g4-wrong/59471-0.png,d99956e7d91fa341bf6d5e29293e76dbc7229dc90f1acacecd3c4b89e23f9f29,b4fa87514dd7153326432d061052bad5be5bf519dd3bde07fb0c25a365f3c72f,0.47145313024520874,0.8259730339050293,-0.03487486142665201,0.220022852056358
train,bf16,59471,59462,1,4.0,wrong,g4-wrong/59471-1.png,4681cd92081e9da4a57f739f3d35bffa086e1910d4b92908f39b9a81be904f9b,b4fa87514dd7153326432d061052bad5be5bf519dd3bde07fb0c25a365f3c72f,0.4543032646179199,0.7698691487312317,0.14880419851999016,0.29659008179063817
train,bf16,59462,16584,0,4.0,correct,g4-correct/59462-0.png,8f3851a266db448125c07faca95233d38343dc6047efc41d5694eb82692dac6e,3b132841b0fe38b219783249fe32270846c6578311c1dd2c29efe92e602aeeca,0.9132928848266602,0.5727660059928894,-0.10556332136011136,0.1949822129627472
train,bf16,59462,16584,1,4.0,correct,g4-correct/59462-1.png,69b742af39b93a9091956bb6106cd8b36f53ff9e6e1a8ba1871bf84e2cbfd24b,3b132841b0fe38b219783249fe32270846c6578311c1dd2c29efe92e602aeeca,0.8886654376983643,0.5466244220733643,0.10862527256807564,0.16129675369503552
train,bf16,59462,16584,0,4.0,wrong,g4-wrong/59462-0.png,f6630bee7df6a4811c2621b4f3e004e45ac63836a070fff31ad063c82b17af21,3b132841b0fe38b219783249fe32270846c6578311c1dd2c29efe92e602aeeca,0.5177589654922485,0.5587800145149231,0.06014936785025303,0.20546510837093615
train,bf16,59462,16584,1,4.0,wrong,g4-wrong/59462-1.png,52f3d6495e437cb4cbc1e8c6cda322aff1152c3a7a8d6322c6fdd71f14f30244,3b132841b0fe38b219783249fe32270846c6578311c1dd2c29efe92e602aeeca,0.5286557674407959,0.6905297636985779,0.11390584640667811,0.18556963409018284
train,fp32,16584,40682,0,4.0,correct,g4-correct/16584-0.png,e1bfc25cfc010fc13eef840cbf53c6dc635cb4c59a2a2cf29a4b37f6750f2496,a7a40302f6fddd927f6db9d528b67f03df45ce3933ba39d58a055f027930964d,0.6041752696037292,0.6221935749053955,-0.0017021424004475523,0.09558501443831256
train,fp32,16584,40682,1,4.0,correct,g4-correct/16584-1.png,c2981763d8e065e3e9ae98fcfd19f73d560b1a9dff0cdef1d9462fac1bcc0651,a7a40302f6fddd927f6db9d528b67f03df45ce3933ba39d58a055f027930964d,0.6018909215927124,0.5369789600372314,0.036018074495082215,0.0814260876730605
train,fp32,16584,40682,0,4.0,wrong,g4-wrong/16584-0.png,e9df0dda368503ccb4e59643d880a979929666dddaa05557ff1e9b6b9fa4e5a0,a7a40302f6fddd927f6db9d528b67f03df45ce3933ba39d58a055f027930964d,0.5247291326522827,0.7243750095367432,0.1556249921718171,0.086151933215645
train,fp32,16584,40682,1,4.0,wrong,g4-wrong/16584-1.png,fd61c5453c5411c9b4e6afb8c7650f621559e2444057835737ab99f2e6c3e7d2,a7a40302f6fddd927f6db9d528b67f03df45ce3933ba39d58a055f027930964d,0.4773619771003723,0.815549373626709,0.16684889042804413,0.08389641527282936
train,fp32,40682,38942,0,4.0,correct,g4-correct/40682-0.png,631aa3b08505ea03f8b5e50ece23f263103805470d14ad988053e4ed88924e3c,6490897e817774a341cca2ee5aba081e04f285f50e6f0a1474fc3ccbd4a33f68,0.8063226938247681,0.4978930950164795,0.6166449497483913,0.4202440978826934
train,fp32,40682,38942,1,4.0,correct,g4-correct/40682-1.png,61de6113efd944d6bf0355db43a8bd75a1b4d9ca07b2bd74a95e36fc458eecf1,6490897e817774a341cca2ee5aba081e04f285f50e6f0a1474fc3ccbd4a33f68,0.847380518913269,0.44741755723953247,0.6696273574731472,0.4743460141082026
train,fp32,40682,38942,0,4.0,wrong,g4-wrong/40682-0.png,3c04a0c8c4d8379843fd7b1d61af431ddcae6486a4e3f4897d9287608c2b34bf,6490897e817774a341cca2ee5aba081e04f285f50e6f0a1474fc3ccbd4a33f68,0.47311562299728394,0.5727822184562683,0.09583721493096285,0.39364650964372655
train,fp32,40682,38942,1,4.0,wrong,g4-wrong/40682-1.png,31cf95425257bd0323531b381e994fe7a005a3ff9347888ede2b6ba6fc917d3e,6490897e817774a341cca2ee5aba081e04f285f50e6f0a1474fc3ccbd4a33f68,0.4788321554660797,0.561697781085968,0.0004056586525302796,0.4518695166790248
train,fp32,38942,4905,0,4.0,correct,g4-correct/38942-0.png,085c8789c10ceef244ea044b81b6ccfd656063a6d2af7d5f942b6800178039ee,6756f9274e866ca54bb80f773b9ae5ebe24c536f1c5877b0f8c954379b24bd06,0.5798993706703186,0.4697595536708832,0.2291546141930538,0.4302309797798612
train,fp32,38942,4905,1,4.0,correct,g4-correct/38942-1.png,fe0e7cf56abf0bd13774fd5811f7b4d1356fcbcca2657a1c94f371ab52370bdf,6756f9274e866ca54bb80f773b9ae5ebe24c536f1c5877b0f8c954379b24bd06,0.6172847151756287,0.4939190149307251,0.11939931373547338,0.37609389111863106
train,fp32,38942,4905,0,4.0,wrong,g4-wrong/38942-0.png,03748718d04e0a29378e49ef5badb9a6b53e565183368702bc7a4849e78d6440,6756f9274e866ca54bb80f773b9ae5ebe24c536f1c5877b0f8c954379b24bd06,0.5820531845092773,0.5888285040855408,0.10369870955575952,0.4023189584219591
train,fp32,38942,4905,1,4.0,wrong,g4-wrong/38942-1.png,fdf424aa0c888870a2df52a6670769675e43811e03f42eee912a9cde8d809880,6756f9274e866ca54bb80f773b9ae5ebe24c536f1c5877b0f8c954379b24bd06,0.59809410572052,0.7357512712478638,0.18517734139152625,0.297540429711837
train,fp32,4905,17344,0,4.0,correct,g4-correct/4905-0.png,3803f1e587ed1abc4290ff60eeeccad6d3e46b4c7cd8e987e45fffc0c388e6ad,232ae311abc85f162496cc1486aef8d8928ea428f00d77ec4e79c0b70f3aac41,0.5627185702323914,0.5433211922645569,0.14752736440508216,0.25235735678417676
train,fp32,4905,17344,1,4.0,correct,g4-correct/4905-1.png,b209cf6513bdfd471993df90666e84c53e052b060986cd85a82fd1fe92f32a1a,232ae311abc85f162496cc1486aef8d8928ea428f00d77ec4e79c0b70f3aac41,0.617228090763092,0.6197676658630371,-0.004324296487926851,0.2620013127290192
train,fp32,4905,17344,0,4.0,wrong,g4-wrong/4905-0.png,c18886f5d8835c30d07534ddc40dffa404187d36d0d38475f8c61572f11813ce,232ae311abc85f162496cc1486aef8d8928ea428f00d77ec4e79c0b70f3aac41,0.47231587767601013,0.6453945636749268,-0.07610074310402058,0.33212217622650503
train,fp32,4905,17344,1,4.0,wrong,g4-wrong/4905-1.png,53ba8388c75895f45021a249879c856d1b26bdca359d837c064a0af879c032b3,232ae311abc85f162496cc1486aef8d8928ea428f00d77ec4e79c0b70f3aac41,0.49047037959098816,0.66269850730896,-0.21614508032192445,0.3898405272662739
train,fp32,17344,32725,0,4.0,correct,g4-correct/17344-0.png,4fabf237485ade71827bbf8eb55d84caf0ce45719e6b1249f1aa1841ea344e42,d75f90f3c918af7779f08413e1b2dfa9f0b7ab7532546f74ce58b50b36b8817d,0.7563918232917786,0.6019406318664551,0.17873332548442628,0.21264118322925385
train,fp32,17344,32725,1,4.0,correct,g4-correct/17344-1.png,50392452653c95feac0eb346156235e2ae9e0d805c3c48951de03a9596a7dc01,d75f90f3c918af7779f08413e1b2dfa9f0b7ab7532546f74ce58b50b36b8817d,0.7144810557365417,0.5698812007904053,0.018063147199417998,0.21417924076775263
train,fp32,17344,32725,0,4.0,wrong,g4-wrong/17344-0.png,cae6e48fef2ba5d02c5b979a44c547cb83f95a8063f5f8dcf1c343dbd93813e2,d75f90f3c918af7779f08413e1b2dfa9f0b7ab7532546f74ce58b50b36b8817d,0.46008604764938354,0.8651443719863892,0.013160581614978751,0.1170869297747857
train,fp32,17344,32725,1,4.0,wrong,g4-wrong/17344-1.png,ab146a4ecc4daf46e23015d8f7ca8dae202ca9749f8ffa5772c1713014457935,d75f90f3c918af7779f08413e1b2dfa9f0b7ab7532546f74ce58b50b36b8817d,0.49481481313705444,0.781530499458313,0.060292922895924125,0.10678509323154034
train,fp32,32725,28449,0,4.0,correct,g4-correct/32725-0.png,07a45180ad5108afcc0c0b88c35d37d20b5c20bb8b27400fe20f158e4b15408e,30cb1309cb356060719cfdd1a31df932276e218be091252aa0a0840e43a975a0,0.8940390944480896,0.5438705086708069,0.47763772840283036,0.16037113644013462
train,fp32,32725,28449,1,4.0,correct,g4-correct/32725-1.png,c8be0f79a25d8a81d59ddbf3524e7aa5a5b35733f0a0b16c165205050bd5917d,30cb1309cb356060719cfdd1a31df932276e218be091252aa0a0840e43a975a0,0.8892461061477661,0.6016945838928223,0.4642543011216371,0.1676019076485532
train,fp32,32725,28449,0,4.0,wrong,g4-wrong/32725-0.png,0914739fef329b6c64b2696e4b3855c8d7080247914440cbeefcbaa2de627115,30cb1309cb356060719cfdd1a31df932276e218be091252aa0a0840e43a975a0,0.5118327736854553,0.5711705684661865,-0.3978685769748404,0.16995621526654167
train,fp32,32725,28449,1,4.0,wrong,g4-wrong/32725-1.png,e801f8f8ed9622b1be3be1ff4f69d40556ed7adcd2c0e6b39b404e2bdba463c4,30cb1309cb356060719cfdd1a31df932276e218be091252aa0a0840e43a975a0,0.5503003001213074,0.5878448486328125,-0.49901194570226987,0.1563777522072967
train,fp32,28449,4723,0,4.0,correct,g4-correct/28449-0.png,68a84d65979fb3ad8497e941be737ef0f96fc1a8b924fcf1573c60f94b2b1f69,90d88f3ceba98dfa2fef3ccc0ef7371f2f798a6d92f3a246b5683fc6f9692144,0.6191145181655884,0.5514975786209106,-0.09238444464065959,0.4730003952054782
train,fp32,28449,4723,1,4.0,correct,g4-correct/28449-1.png,4bb5e115d5a2e3267b49dc41b71b22990e0c7dbe7e32406697d26d60ced83c6f,90d88f3ceba98dfa2fef3ccc0ef7371f2f798a6d92f3a246b5683fc6f9692144,0.6181023120880127,0.5290479063987732,0.24649097746521464,0.4274325057795916
train,fp32,28449,4723,0,4.0,wrong,g4-wrong/28449-0.png,ffd14968cbb4f363078a59832071e9212893ab6c5d5a034b48ddc022086e85e9,90d88f3ceba98dfa2fef3ccc0ef7371f2f798a6d92f3a246b5683fc6f9692144,0.5745495557785034,0.6890218257904053,-0.1272056431412904,0.28465815299778463
train,fp32,28449,4723,1,4.0,wrong,g4-wrong/28449-1.png,6307fbaceee2fb771ff42a51131079d9b11569d423b1375f11ea087cff9a2984,90d88f3ceba98dfa2fef3ccc0ef7371f2f798a6d92f3a246b5683fc6f9692144,0.4741189479827881,0.6508568525314331,-0.057447012091995805,0.3478121162255883
train,fp32,4723,70126,0,4.0,correct,g4-correct/4723-0.png,db24a30b924dbc4717cce09c524502bbfddc1f591ce5c39b26a40aeb43a5245c,9b2d92a8a3a0047433a0e8cca9e67818d62ddbeef410226b718fcc0322330a93,0.5530411005020142,0.4710322916507721,-0.050762784924027464,0.33252076082768395
train,fp32,4723,70126,1,4.0,correct,g4-correct/4723-1.png,c2e9a78409656b0df08a518ddc8b7dfbc34212c5b168ba510853456312256621,9b2d92a8a3a0047433a0e8cca9e67818d62ddbeef410226b718fcc0322330a93,0.5921282172203064,0.5005403757095337,-0.05029134914715898,0.2703618654979508
train,fp32,4723,70126,0,4.0,wrong,g4-wrong/4723-0.png,d340f77711261c6f65296c184c05483f17654a0bd2e7e527d8ecddf27d6bfc6c,9b2d92a8a3a0047433a0e8cca9e67818d62ddbeef410226b718fcc0322330a93,0.5263974070549011,0.664767324924469,0.13669643267884288,0.31524190782070294
train,fp32,4723,70126,1,4.0,wrong,g4-wrong/4723-1.png,f080c145888fba57268c4f72d92d4f6a62c795133fe0576a35e1dcfbe05a2172,9b2d92a8a3a0047433a0e8cca9e67818d62ddbeef410226b718fcc0322330a93,0.5364807844161987,0.6315553784370422,-0.09997014129026938,0.2537380905508172
train,fp32,70126,26393,0,4.0,correct,g4-correct/70126-0.png,a2cfc9f89cb163e2dcd49eea740537d299f260aced2cbfb8b6095abf3f769e1f,771c06d63c9d651090499055b39e8c422b32ab0e89b8878983be0d8b35226c9d,0.7106001377105713,0.5057533383369446,-0.1700718618978954,0.27814821980042503
train,fp32,70126,26393,1,4.0,correct,g4-correct/70126-1.png,5cc1f60f83a8e4b98e302fcd1a6640c6668c6324187b4f6dc423a0d2d10208d9,771c06d63c9d651090499055b39e8c422b32ab0e89b8878983be0d8b35226c9d,0.671999454498291,0.43475738167762756,-0.19796274325770005,0.27077379517945754
train,fp32,70126,26393,0,4.0,wrong,g4-wrong/70126-0.png,2b65568678f0bdd246e723f53ec6fba2060a7fc4c26cb3b048a2d98bb0ae36f8,771c06d63c9d651090499055b39e8c422b32ab0e89b8878983be0d8b35226c9d,0.5317384600639343,0.7868386507034302,-0.1841318149587358,0.3087545972217086
train,fp32,70126,26393,1,4.0,wrong,g4-wrong/70126-1.png,136cfec0a01958d86fe1602321117fb91cc5279baa2626333a424758ab95e89a,771c06d63c9d651090499055b39e8c422b32ab0e89b8878983be0d8b35226c9d,0.4916074275970459,0.7118977308273315,0.01513535520988725,0.3238363649417221
train,fp32,26393,33748,0,4.0,correct,g4-correct/26393-0.png,a77bffe83d6b5691bba588615ceb05b4506b694449839eacbb4744a26205e3e8,0019d2d1ccc1627f42428b0f1cd396e261b1006a37d9c6990b31189dc07e534f,0.7609664797782898,0.6210078597068787,0.02012071617860978,0.5507843041779479
train,fp32,26393,33748,1,4.0,correct,g4-correct/26393-1.png,e35209b1dde0c12297ef8295f1e0acaf936dfee2d87e5aa316eda709c855c1c7,0019d2d1ccc1627f42428b0f1cd396e261b1006a37d9c6990b31189dc07e534f,0.7953050136566162,0.6461814641952515,0.08677323230357986,0.4846036637256489
train,fp32,26393,33748,0,4.0,wrong,g4-wrong/26393-0.png,762aef83bd047ece0c32df9acf1919419c3aa356bdfc1bc5a6af3783350c57f8,0019d2d1ccc1627f42428b0f1cd396e261b1006a37d9c6990b31189dc07e534f,0.5787394046783447,0.9223474264144897,0.15431701231481337,0.3776277379271958
train,fp32,26393,33748,1,4.0,wrong,g4-wrong/26393-1.png,5083cd22420d4599fd5b139a6c24e844a72e337c9b244ddc78c104329302ce26,0019d2d1ccc1627f42428b0f1cd396e261b1006a37d9c6990b31189dc07e534f,0.6073997020721436,0.9292405247688293,0.26169106367836714,0.34700778808210103
train,fp32,33748,57293,0,4.0,correct,g4-correct/33748-0.png,5f30ea2a8270d4e5cff4d74650df4398804c004db57c54e39feb6b30372e5d4f,ea12a6e5334d683616001b6e1d93e997a3eb53d67412edf2f0a4c6526ff5b880,0.9236270785331726,0.661328911781311,0.5911470776915343,0.3114433762113099
train,fp32,33748,57293,1,4.0,correct,g4-correct/33748-1.png,ffa31526b769c9376edc4e4bfe925b58092c5bf1cadbeb104ad102d7931ab771,ea12a6e5334d683616001b6e1d93e997a3eb53d67412edf2f0a4c6526ff5b880,0.9540380835533142,0.6436946392059326,0.6553220706261117,0.3434136913719546
train,fp32,33748,57293,0,4.0,wrong,g4-wrong/33748-0.png,b287ceddc78a7c289022f4d2a62bca0ec5260c9a90159716fd1ad9cf251fe168,ea12a6e5334d683616001b6e1d93e997a3eb53d67412edf2f0a4c6526ff5b880,0.5296015739440918,0.7582653760910034,-0.012185652894222044,0.132779952503725
train,fp32,33748,57293,1,4.0,wrong,g4-wrong/33748-1.png,b52af546e054bfaf7591d4dbdaa50fc086e22ef0b9e18786d272818456af65c7,ea12a6e5334d683616001b6e1d93e997a3eb53d67412edf2f0a4c6526ff5b880,0.5503048896789551,0.736662745475769,-0.021107859329565933,0.17862413932037374
train,fp32,57293,20217,0,4.0,correct,g4-correct/57293-0.png,56fb10620847a71eed4d861ae5f0e47399db615454679ea9f24846734d8d3728,2ce3fbbaf3262abce9abef7120e90ccb53908017cf443112e22b9f7e8cb94ef1,0.7555608749389648,0.5824622511863708,0.00739881464848753,0.1919896706153115
train,fp32,57293,20217,1,4.0,correct,g4-correct/57293-1.png,3094dc25c1a928819b325c201ecb1ca73ceeeca76e1e1cd5c030e5481a9582e0,2ce3fbbaf3262abce9abef7120e90ccb53908017cf443112e22b9f7e8cb94ef1,0.7195108532905579,0.5586962103843689,-0.18422916491960475,0.20388336175077582
train,fp32,57293,20217,0,4.0,wrong,g4-wrong/57293-0.png,b4f52b05b3ea719edd71de86f75b86628962d04bed1b6f7fa69a1fa5e0d6b44e,2ce3fbbaf3262abce9abef7120e90ccb53908017cf443112e22b9f7e8cb94ef1,0.5379742980003357,0.6483099460601807,0.19604333421902112,0.25662103564266003
train,fp32,57293,20217,1,4.0,wrong,g4-wrong/57293-1.png,1521f5fc187b05bd8b06cd044155d93ce6050b8c0421ecce71de501d53d881d3,2ce3fbbaf3262abce9abef7120e90ccb53908017cf443112e22b9f7e8cb94ef1,0.593879222869873,0.7994492650032043,-0.17287307384343356,0.18588737450110235
train,fp32,20217,15879,0,4.0,correct,g4-correct/20217-0.png,5cea0ab7cfdcdd2f6a5c79838ff1a567b964e9887cee315acc69d208d1a06b03,9bb0eb851e424337b776988233bca0f9b0b9703bdb62158841eefc42f9e34149,0.7505212426185608,0.4630841612815857,0.2152499074921368,0.3217880938040895
train,fp32,20217,15879,1,4.0,correct,g4-correct/20217-1.png,b9652d769398a8edffeff47ee244d86c12c2ae0cbe93d3542cf6b2785b91a650,9bb0eb851e424337b776988233bca0f9b0b9703bdb62158841eefc42f9e34149,0.690584659576416,0.4643131494522095,0.04858190994151727,0.2803885984335369
train,fp32,20217,15879,0,4.0,wrong,g4-wrong/20217-0.png,156cd836a45dcf2995b5a8c9d0948df975f57f0cd7a1eb30bddc940fac353355,9bb0eb851e424337b776988233bca0f9b0b9703bdb62158841eefc42f9e34149,0.48353832960128784,0.7334036827087402,0.18062730122021606,0.2305595680117056
train,fp32,20217,15879,1,4.0,wrong,g4-wrong/20217-1.png,932b548e6cede6f5bb06569d898bfe9a30daa60a03c727b2e2e5ace25521e052,9bb0eb851e424337b776988233bca0f9b0b9703bdb62158841eefc42f9e34149,0.5037070512771606,0.5200160145759583,0.06321939596869025,0.3058671631811764
train,fp32,15879,69036,0,4.0,correct,g4-correct/15879-0.png,20b030465e6513c4834da1b02c044468c2e3b41ad112dc167d8c4a2202698103,4f7529cc349f0c11166395691ea3a37adcf291e281069f184da9b7340fc99034,0.714766263961792,0.5636739730834961,0.09581115437571305,0.17712813441709716
train,fp32,15879,69036,1,4.0,correct,g4-correct/15879-1.png,8f3fba75c53c5a033acf5cb9c01fb89abf39577d8cfffd1cb3a6057de79cb8f3,4f7529cc349f0c11166395691ea3a37adcf291e281069f184da9b7340fc99034,0.710279107093811,0.4332144260406494,-0.06968584168526913,0.19072462622845246
train,fp32,15879,69036,0,4.0,wrong,g4-wrong/15879-0.png,cb9399753b2e50fada57bb83af8c70a92a1e0516f027c5084290554e935c98be,4f7529cc349f0c11166395691ea3a37adcf291e281069f184da9b7340fc99034,0.4774898290634155,0.9374405741691589,0.26004653040184966,0.19454260755160607
train,fp32,15879,69036,1,4.0,wrong,g4-wrong/15879-1.png,009b2cd2b0284cec8acb1d5c3de0588da60b6db5677800c45c0e98b1b8ddee5b,4f7529cc349f0c11166395691ea3a37adcf291e281069f184da9b7340fc99034,0.4856739342212677,0.9471986889839172,0.13077922010223614,0.15735752104229292
train,fp32,69036,3625,0,4.0,correct,g4-correct/69036-0.png,f97e0eed1a33da6b2e98617437a3b1d9a91430471b799f10ad006849a004143b,1acec16aba650738ce719ea1e3bbdffbf0ec38d66415cd99991204bc1cc04fb5,0.9527093172073364,0.5962222218513489,0.5313475811264023,0.3419021059425121
train,fp32,69036,3625,1,4.0,correct,g4-correct/69036-1.png,a29212a128fa4f66bd57af4b51058aab743f6444066d8bec9d8373c9fc434a5f,1acec16aba650738ce719ea1e3bbdffbf0ec38d66415cd99991204bc1cc04fb5,0.9303240776062012,0.5879340171813965,0.5179228401852772,0.35102848984311097
train,fp32,69036,3625,0,4.0,wrong,g4-wrong/69036-0.png,6f9190465f4e0ce87f28bab7e7c381830ebd0c01ac0af6f4e5796ba1c8dc7f8f,1acec16aba650738ce719ea1e3bbdffbf0ec38d66415cd99991204bc1cc04fb5,0.5472642779350281,0.7115792632102966,-0.23592200408140837,0.16984948050327023
train,fp32,69036,3625,1,4.0,wrong,g4-wrong/69036-1.png,f4615724f72ffd20ccdc2d9d5cc96bfbb328e2e466850b5b425d12f2f0ddbd87,1acec16aba650738ce719ea1e3bbdffbf0ec38d66415cd99991204bc1cc04fb5,0.553082287311554,0.633510172367096,-0.10359531094271412,0.20491177343960792
train,fp32,3625,23696,0,4.0,correct,g4-correct/3625-0.png,ee9fd4fb3dcda3aa5c049958bdbc203b7259aaf8836cd98b5864fb642407f9e7,d9a5c95b29350d57eb94358eb9a21cd680af72d44f9a1759000eaf57a7e92392,0.7188217639923096,0.5363940596580505,-0.0893367886466651,0.17377633781246218
train,fp32,3625,23696,1,4.0,correct,g4-correct/3625-1.png,2ba432c1f7d6317c4e6a364150790cfa9dfcf4f2ecaef39cbd48dfc5c8fb356d,d9a5c95b29350d57eb94358eb9a21cd680af72d44f9a1759000eaf57a7e92392,0.8720892667770386,0.5457583069801331,-0.08125394726478088,0.14628985928716876
train,fp32,3625,23696,0,4.0,wrong,g4-wrong/3625-0.png,48ef1e6a0951071be46ec65a89e11051f3c84ea6a54528fc6ef714d18aeee50b,d9a5c95b29350d57eb94358eb9a21cd680af72d44f9a1759000eaf57a7e92392,0.5302621722221375,0.7072942852973938,-0.1230567819149791,0.2629058031654546
train,fp32,3625,23696,1,4.0,wrong,g4-wrong/3625-1.png,1de70215b4144c139f23a21be608fcfa07379fc1e18b52a41d08a7a133eb41dd,d9a5c95b29350d57eb94358eb9a21cd680af72d44f9a1759000eaf57a7e92392,0.5022071003913879,0.6830262541770935,-0.25153621935860976,0.245460716154619
train,fp32,23696,44010,0,4.0,correct,g4-correct/23696-0.png,94ac920a93de926a4acdafe6f2c38a89cd0ad1c7cb6f0b972514ebc0810d5238,2fd882d695c4a24c1f03243124fd54f215d1c687123a46ba99d6ef66f4bf0827,0.5627712607383728,0.5909826159477234,-0.26137132369199445,0.5190180689225232
train,fp32,23696,44010,1,4.0,correct,g4-correct/23696-1.png,a19db3a31d3863445b70a43e4a302b7ef98b57b5a180dc9d8a5c9c43b112a738,2fd882d695c4a24c1f03243124fd54f215d1c687123a46ba99d6ef66f4bf0827,0.7064629793167114,0.588578462600708,0.4499500731939019,0.5823830006879779
train,fp32,23696,44010,0,4.0,wrong,g4-wrong/23696-0.png,64127fdf04e485a037231bc99f21b7a2b7b18bcff90595c25549971bf3df17a3,2fd882d695c4a24c1f03243124fd54f215d1c687123a46ba99d6ef66f4bf0827,0.5241864919662476,0.8417904376983643,-0.15988831016528646,0.3981775662259681
train,fp32,23696,44010,1,4.0,wrong,g4-wrong/23696-1.png,d5a39e83e01cd124288f3e55d3761133cdf37ea9220a8dcf378e0dd92457b428,2fd882d695c4a24c1f03243124fd54f215d1c687123a46ba99d6ef66f4bf0827,0.5258805751800537,0.8526538610458374,0.27440320325005385,0.4635671651751917
train,fp32,44010,21652,0,4.0,correct,g4-correct/44010-0.png,7be27a464c3f638681f95797a22c34d2ae2f07fc856ea81a1f6aab10be8474df,35aa86981174181a98b4ce51d8b65a8bd0f95c2ceec4818494682c0873f3225b,0.8158258199691772,0.6735720634460449,-0.02009297260311909,0.37272322643534267
train,fp32,44010,21652,1,4.0,correct,g4-correct/44010-1.png,b0c5178852eb48389e856b62296b3ab140e3d9aec1d062d77c60f9814d42e696,35aa86981174181a98b4ce51d8b65a8bd0f95c2ceec4818494682c0873f3225b,0.8918472528457642,0.6520995497703552,0.0021369889944327586,0.3703172191821099
train,fp32,44010,21652,0,4.0,wrong,g4-wrong/44010-0.png,b190a6d4fba53910fdf47f8f237ddafda9a60772df0eb5965d9d8bd281bb58fe,35aa86981174181a98b4ce51d8b65a8bd0f95c2ceec4818494682c0873f3225b,0.5547640323638916,0.662995457649231,0.05224589755219742,0.3672603531550418
train,fp32,44010,21652,1,4.0,wrong,g4-wrong/44010-1.png,c4e0928ed27207fc4d33fca1621019555bfedebeab9eacf5c44033b3c8d9d3ce,35aa86981174181a98b4ce51d8b65a8bd0f95c2ceec4818494682c0873f3225b,0.5327743887901306,0.732262909412384,0.08027670744205315,0.22721006776738453
train,fp32,21652,6970,0,4.0,correct,g4-correct/21652-0.png,e7b7444141d41073e2d8bf427a0144e1317ff9c35fea62b6c5cfb938a23417cf,deca6335f8f41d705a173f0a516e337acfc6c53d86d5870f07649aa25f90a597,0.7064348459243774,0.5053120255470276,0.10874576839671259,0.2873326428440195
train,fp32,21652,6970,1,4.0,correct,g4-correct/21652-1.png,01ccef79af3f5ae41b713f30c9478a6c482e53faa7f5d4f2aff1c8b377bed757,deca6335f8f41d705a173f0a516e337acfc6c53d86d5870f07649aa25f90a597,0.6954678297042847,0.5769303441047668,0.13345072774981198,0.2864522924304083
train,fp32,21652,6970,0,4.0,wrong,g4-wrong/21652-0.png,8b824db5f4a6d8143134c02deb93db005e031c39f634aa4b82b69ee012b87ca4,deca6335f8f41d705a173f0a516e337acfc6c53d86d5870f07649aa25f90a597,0.6182382702827454,0.8058508038520813,0.0735680305179829,0.2914704852727981
train,fp32,21652,6970,1,4.0,wrong,g4-wrong/21652-1.png,f671bb130d2931dc35489441e7e287c7e5dc23e40d56270457a16838b2575faf,deca6335f8f41d705a173f0a516e337acfc6c53d86d5870f07649aa25f90a597,0.6257728338241577,0.7040663361549377,0.031030167527622887,0.21863804341349874
train,fp32,6970,35190,0,4.0,correct,g4-correct/6970-0.png,702b4263a6b5bc522bd1a1a1b193479b76b35ee5102ee3d231da528984af19f5,7b6545b71671e9b1cdbb3e8f1f39d98a09c15c1547791b5eb984bee429ac7e4c,0.8532969355583191,0.5540372729301453,-0.6097321637726606,0.4881983537174814
train,fp32,6970,35190,1,4.0,correct,g4-correct/6970-1.png,6b3a62f756c82b9ce8da81950d7a6c7c65c3587829306be9541dc361059225fc,7b6545b71671e9b1cdbb3e8f1f39d98a09c15c1547791b5eb984bee429ac7e4c,0.7082035541534424,0.5638836026191711,-0.07301614493849257,0.5612474105145131
train,fp32,6970,35190,0,4.0,wrong,g4-wrong/6970-0.png,729cc0dc596a849dc29193b250d298d6d48e8c1c6c2da1b82f76b22715a6ecf9,7b6545b71671e9b1cdbb3e8f1f39d98a09c15c1547791b5eb984bee429ac7e4c,0.5112881660461426,0.7805338501930237,-0.007359082235226488,0.3803069173826866
train,fp32,6970,35190,1,4.0,wrong,g4-wrong/6970-1.png,b14cbbaf767d83f252a92e83f0de2a44461239371ae4ce3f516fb920f1a09270,7b6545b71671e9b1cdbb3e8f1f39d98a09c15c1547791b5eb984bee429ac7e4c,0.553520143032074,0.7010010480880737,-0.21318703424349233,0.38073179050673156
train,fp32,35190,50780,0,4.0,correct,g4-correct/35190-0.png,55b4bf88a63295a53acc4aa820933629f3ebbad37408960e2633384e98aad253,af8e89553ecca28153a718e9873c66236d4964e90116ec65807e8436d27a2c9a,0.7255865931510925,0.5118893980979919,0.04752290685977836,0.15200903205814054
train,fp32,35190,50780,1,4.0,correct,g4-correct/35190-1.png,cac74d796d18287aeccff3f252082908a93acfb07cf2e4b22504791b5b3c8366,af8e89553ecca28153a718e9873c66236d4964e90116ec65807e8436d27a2c9a,0.7426973581314087,0.4627598524093628,-0.04298482825098639,0.17925590509463815
train,fp32,35190,50780,0,4.0,wrong,g4-wrong/35190-0.png,2e6ee058d11a9ac57950eee5e994bedaa1d82dcb70422a39efc859f7676dfb18,af8e89553ecca28153a718e9873c66236d4964e90116ec65807e8436d27a2c9a,0.34515154361724854,0.7306380271911621,0.13513291638970812,0.16006228523664576
train,fp32,35190,50780,1,4.0,wrong,g4-wrong/35190-1.png,09cead34f25dcbd88f0ecf945fd48c1c5217ccd18cede533f9f98b70af703683,af8e89553ecca28153a718e9873c66236d4964e90116ec65807e8436d27a2c9a,0.49039286375045776,0.8936737775802612,-0.07164982077061653,0.1600465081273494
train,fp32,50780,45620,0,4.0,correct,g4-correct/50780-0.png,b451558d9f9542e3a5cc4275b3e0e18620df3ebf7a761837760a10987f93eb51,3800def8e5bed900fc332f8ffc34dbd027ba1e4cb2ec365891217aeeffe7820e,0.7823509573936462,0.4473509192466736,0.21540556563722502,0.40970491592786434
train,fp32,50780,45620,1,4.0,correct,g4-correct/50780-1.png,e8dc6e1f98abf94a284a4dd8b3d6d3d12d84611a9f41e1f7db8807a885eb79f9,3800def8e5bed900fc332f8ffc34dbd027ba1e4cb2ec365891217aeeffe7820e,0.8853240013122559,0.5006454586982727,0.42337470172585306,0.4290251104039602
train,fp32,50780,45620,0,4.0,wrong,g4-wrong/50780-0.png,2b94f982e0019ea8c6bda70bb8718d494f04251f83403588f3b02406499ad9d5,3800def8e5bed900fc332f8ffc34dbd027ba1e4cb2ec365891217aeeffe7820e,0.5324698686599731,0.860672652721405,-0.16392836180283268,0.3152280159546747
train,fp32,50780,45620,1,4.0,wrong,g4-wrong/50780-1.png,a8d1eb09775a8a230522641da500c6494357807318d02b3dd7143947f8198276,3800def8e5bed900fc332f8ffc34dbd027ba1e4cb2ec365891217aeeffe7820e,0.507328450679779,0.8790954351425171,-0.10134004117951546,0.34157320322248597
train,fp32,45620,27323,0,4.0,correct,g4-correct/45620-0.png,c3acbee7e5560796411c2c9594d7982e3a1eecfb6298a8ba290a1bc037d67f27,cfb5d1c1124c830ac684d4a9eb24f448e9e3feb4d28302f59cd353c4d54b08f5,0.8707349300384521,0.4732528328895569,0.21062568146125635,0.3089149085102705
train,fp32,45620,27323,1,4.0,correct,g4-correct/45620-1.png,5f5222c609bc64c92cf2fa52e0fc922ac3f942394ca08966269302ffad66f4e9,cfb5d1c1124c830ac684d4a9eb24f448e9e3feb4d28302f59cd353c4d54b08f5,0.8966108560562134,0.48373955488204956,0.09765274748789443,0.29918956947846964
train,fp32,45620,27323,0,4.0,wrong,g4-wrong/45620-0.png,9813e652c74117aca85f8074b9532b6fa712082f7e5f502dbdeb792fed8472d0,cfb5d1c1124c830ac684d4a9eb24f448e9e3feb4d28302f59cd353c4d54b08f5,0.4118730425834656,0.7227064967155457,0.004616141956640343,0.2846513838383837
train,fp32,45620,27323,1,4.0,wrong,g4-wrong/45620-1.png,7add87d4e2d85a493c97ac5885edca82ffda31fe9d0c7c9e3e64e51786200b86,cfb5d1c1124c830ac684d4a9eb24f448e9e3feb4d28302f59cd353c4d54b08f5,0.49085354804992676,0.6710964441299438,-0.18517653580839502,0.26072068315474467
train,fp32,27323,51581,0,4.0,correct,g4-correct/27323-0.png,64490b4d137e4f265817ecd1f4a195af23214a64bfffe516ce4252794f3a7f28,250f095a178dc365e3b06928d3751554e4b9fcf734e8d3febc3dc4b1ed354d81,0.6500868797302246,0.5030305981636047,0.17371467751680325,0.3379152474456628
train,fp32,27323,51581,1,4.0,correct,g4-correct/27323-1.png,2cb54ac87cb88d40c74740f231fffcffe397575fb01ba36c5300d7de2afc8400,250f095a178dc365e3b06928d3751554e4b9fcf734e8d3febc3dc4b1ed354d81,0.7126528024673462,0.549350380897522,0.19273836870346955,0.3940885230354453
train,fp32,27323,51581,0,4.0,wrong,g4-wrong/27323-0.png,5e09195be4ec57271cf03c7ebccf03c73255d159c7f0ca7eca1979016485f4e8,250f095a178dc365e3b06928d3751554e4b9fcf734e8d3febc3dc4b1ed354d81,0.6386664509773254,0.6579152345657349,0.08892789778492581,0.3878968001596781
train,fp32,27323,51581,1,4.0,wrong,g4-wrong/27323-1.png,7e53aaa275c0263ede4676b7feec61e27acef474a6b0fe49570fe048adf322de,250f095a178dc365e3b06928d3751554e4b9fcf734e8d3febc3dc4b1ed354d81,0.553520679473877,0.7244681119918823,0.011533456323945956,0.4012412800560066
train,fp32,51581,7163,0,4.0,correct,g4-correct/51581-0.png,5186367520b46bfca8d854269743dee56d0e51fd6dc5c3211d4aa52341509047,59fe651ba15a38d4aa5b9170e24c4cea5800db389b7e7827656ae888d3e80997,0.7563951015472412,0.47417497634887695,-0.15650831521732445,0.33987674448996036
train,fp32,51581,7163,1,4.0,correct,g4-correct/51581-1.png,65cd2da4298278b01e486a975c169e8688a4c90ad44a0d60630b5708f4020be1,59fe651ba15a38d4aa5b9170e24c4cea5800db389b7e7827656ae888d3e80997,0.7502927780151367,0.4656774401664734,-0.20130870035426618,0.2821735508713923
train,fp32,51581,7163,0,4.0,wrong,g4-wrong/51581-0.png,8a9b938263cdb94d1e285bf8d7cf8cd16629166645452d115905f9e4bc238d77,59fe651ba15a38d4aa5b9170e24c4cea5800db389b7e7827656ae888d3e80997,0.5067408680915833,0.6798385381698608,-0.1261606640096026,0.3402031741326794
train,fp32,51581,7163,1,4.0,wrong,g4-wrong/51581-1.png,ccc9efa0759e8202860107de68ead678316577bada1670fc60663edae6dcc715,59fe651ba15a38d4aa5b9170e24c4cea5800db389b7e7827656ae888d3e80997,0.5518593192100525,0.7183570861816406,-0.05755167122154738,0.2149006048116473
train,fp32,7163,50828,0,4.0,correct,g4-correct/7163-0.png,d9aee112c4df814523e9e207022fba165392b33ec4a557d8770f3c581dc13a3a,659e03fd2f5364391e8656e2b6780af8470d98817eeb4e595832d969088031ca,0.6438515186309814,0.4235081672668457,0.017478722760420708,0.2762870092930434
train,fp32,7163,50828,1,4.0,correct,g4-correct/7163-1.png,486a4da994cc64ce900cf1e6afeb12074f1ff50ddb675c9048450e93a71dff89,659e03fd2f5364391e8656e2b6780af8470d98817eeb4e595832d969088031ca,0.7562896609306335,0.5355101227760315,0.09489697303261695,0.3524428548310583
train,fp32,7163,50828,0,4.0,wrong,g4-wrong/7163-0.png,2db5787651b4fb30bdcbb799ca16a12bd21c1f136467152941140b105fffcae4,659e03fd2f5364391e8656e2b6780af8470d98817eeb4e595832d969088031ca,0.450213760137558,0.8279522657394409,-0.10392441212643828,0.29883715209199196
train,fp32,7163,50828,1,4.0,wrong,g4-wrong/7163-1.png,59f6b482e26d0c41ef27734de3b6eeac4f4059c63d8b82233c6fd32348f7c6da,659e03fd2f5364391e8656e2b6780af8470d98817eeb4e595832d969088031ca,0.4779743552207947,0.7970678806304932,-0.012852718014808062,0.3431752129277883
train,fp32,50828,53785,0,4.0,correct,g4-correct/50828-0.png,dfee0abe258f82e428bce10dd5474496976688e216251a4e537f626ca0a94742,8a06d6161798ccc7ac94de944423be5b2f20143c1f68d159adfe6c325e55c945,0.752914309501648,0.4410851001739502,0.03211144510322255,0.49619012127495593
train,fp32,50828,53785,1,4.0,correct,g4-correct/50828-1.png,638ccb66fd471f09a8460ecbb1adb2cdafcdc8c68898147fe27f5e9ce86e4c3a,8a06d6161798ccc7ac94de944423be5b2f20143c1f68d159adfe6c325e55c945,0.8759918212890625,0.45560818910598755,0.24729216580654836,0.5555690495750116
train,fp32,50828,53785,0,4.0,wrong,g4-wrong/50828-0.png,30e3e7a24b40ee32f5c06ef1688fa3d431daf2de69b47ea5bcf428cd63933272,8a06d6161798ccc7ac94de944423be5b2f20143c1f68d159adfe6c325e55c945,0.5219697952270508,0.6325519680976868,0.11167546481654413,0.4162462095779242
train,fp32,50828,53785,1,4.0,wrong,g4-wrong/50828-1.png,2786194f6d230e501adf72c889a1581f39ebcf46d48def756551c2782b55bca0,8a06d6161798ccc7ac94de944423be5b2f20143c1f68d159adfe6c325e55c945,0.4726450443267822,0.5935001373291016,-0.009171127818386826,0.3061195022738928
train,fp32,53785,1851,0,4.0,correct,g4-correct/53785-0.png,6cba9f0cf2112b1d610be607cb944aa9b48710a1a226e30de2e69964cb4e9b97,64721bcb46da572d03f6a59b25eceafa5c909eee9cbbd60b1f8c77637995962c,0.729819655418396,0.5156742334365845,0.024233968525329816,0.28749168814217774
train,fp32,53785,1851,1,4.0,correct,g4-correct/53785-1.png,eb25eaa739c32a9e22a2f3bb26e9a92d96b7c12f9543c3a51ca822b07910cab6,64721bcb46da572d03f6a59b25eceafa5c909eee9cbbd60b1f8c77637995962c,0.623021125793457,0.47084879875183105,0.11395476370467755,0.27359942826289063
train,fp32,53785,1851,0,4.0,wrong,g4-wrong/53785-0.png,26f6aa5d3efbd1493e9be5d27208f57f88d98ab78be4c3fcb93b3dd828b60ab4,64721bcb46da572d03f6a59b25eceafa5c909eee9cbbd60b1f8c77637995962c,0.4621512293815613,0.7451945543289185,-0.28408705289254815,0.23927415972068816
train,fp32,53785,1851,1,4.0,wrong,g4-wrong/53785-1.png,003169b8cc0ecbb87b68905216410f2bd0956e2b4e2bc2a75a4f2075b0efa5c9,64721bcb46da572d03f6a59b25eceafa5c909eee9cbbd60b1f8c77637995962c,0.5082436800003052,0.9235529899597168,-0.021741312388476524,0.22582043940599547
train,fp32,1851,29558,0,4.0,correct,g4-correct/1851-0.png,cfc333475e548508c09e06bffe2594d251f46e56db6a3ef3b04113a7a5cf1d21,188190da525817dc8acf5860f4796bdff87d788d696db8860e4484b87b0d49e3,0.7999800443649292,0.4974306523799896,0.2479400135531978,0.2941258526027748
train,fp32,1851,29558,1,4.0,correct,g4-correct/1851-1.png,6277ac520b00e335a4f19c8689d8e5f8574013a4220a59ba8bcfcf4d5424badc,188190da525817dc8acf5860f4796bdff87d788d696db8860e4484b87b0d49e3,0.8345780372619629,0.4773668646812439,-0.09837107597198667,0.27349935199998504
train,fp32,1851,29558,0,4.0,wrong,g4-wrong/1851-0.png,66dc17862d3dc5a455c9ff702de9e1d5c2d74ed09091ccb9fe8934831e059850,188190da525817dc8acf5860f4796bdff87d788d696db8860e4484b87b0d49e3,0.5498462319374084,0.711813747882843,0.15712679386428022,0.20035060586680417
train,fp32,1851,29558,1,4.0,wrong,g4-wrong/1851-1.png,e16ce46512e859884398ad5aa7bd32def38b45d863e9168f4e1ea1cea0a1ec7d,188190da525817dc8acf5860f4796bdff87d788d696db8860e4484b87b0d49e3,0.5698518753051758,0.6115785837173462,-0.10630287863177902,0.2067192493893157
train,fp32,29558,59471,0,4.0,correct,g4-correct/29558-0.png,7727ca4ead6d97976242c36da03c7395969b7e4447bc2276b743c0a824b54b18,d4f50b468f1dc8f7d4702325ac959d4156f0c8bf16b62bf4a9358e56b8e5fd95,0.7553404569625854,0.4627019762992859,0.2858484757600028,0.1856255651363005
train,fp32,29558,59471,1,4.0,correct,g4-correct/29558-1.png,a40a517432e3616bcec2e7354c83ef26a5ff31642971a4a787a7e74ce7a62ac6,d4f50b468f1dc8f7d4702325ac959d4156f0c8bf16b62bf4a9358e56b8e5fd95,0.7470979690551758,0.4837765395641327,-0.0704576814120701,0.1816131230385593
train,fp32,29558,59471,0,4.0,wrong,g4-wrong/29558-0.png,51bdb2446a2cea44978dc31db73d05c71bdedb1e8f17375da21caa57ca239cda,d4f50b468f1dc8f7d4702325ac959d4156f0c8bf16b62bf4a9358e56b8e5fd95,0.5078811645507812,0.6713443398475647,0.1858294616125755,0.1821464050033144
train,fp32,29558,59471,1,4.0,wrong,g4-wrong/29558-1.png,4b503eb53ea6d77912ebfc37f9d4d74e965e26d21e2bcc204f504c8557d2be5f,d4f50b468f1dc8f7d4702325ac959d4156f0c8bf16b62bf4a9358e56b8e5fd95,0.42462652921676636,0.7538005113601685,-0.21426802523414903,0.17713069370613094
train,fp32,59471,59462,0,4.0,correct,g4-correct/59471-0.png,10922d103e11eba3d15bbdc8b8ef596413bcd41b77ef3704145eb7109cd0b356,b4fa87514dd7153326432d061052bad5be5bf519dd3bde07fb0c25a365f3c72f,0.7445141077041626,0.39858904480934143,0.04403275033215333,0.2563478452537864
train,fp32,59471,59462,1,4.0,correct,g4-correct/59471-1.png,aed8001eccc9b8f7524b4c40b47d4bee575608fa7f038f1bcc0ecf5f774eab77,b4fa87514dd7153326432d061052bad5be5bf519dd3bde07fb0c25a365f3c72f,0.7708038687705994,0.4973020851612091,0.12366175224816495,0.29849745662224586
train,fp32,59471,59462,0,4.0,wrong,g4-wrong/59471-0.png,446377436303b87354dbea2fd16550a203d62c9dcbceed71744ed1d3fcd23f8e,b4fa87514dd7153326432d061052bad5be5bf519dd3bde07fb0c25a365f3c72f,0.4752325117588043,0.8282846212387085,-0.03818882700247913,0.2186232126966726
train,fp32,59471,59462,1,4.0,wrong,g4-wrong/59471-1.png,bdf5f2363f5353167ba764dae64c9dd8175ae51e09f0c37b304061109dd7b09f,b4fa87514dd7153326432d061052bad5be5bf519dd3bde07fb0c25a365f3c72f,0.45417165756225586,0.7677810192108154,0.13594181326749893,0.29511937772595137
train,fp32,59462,16584,0,4.0,correct,g4-correct/59462-0.png,91688ab1d79094820f3a21a0d90533093440ff146600ef7111bac1a8a23c0a87,3b132841b0fe38b219783249fe32270846c6578311c1dd2c29efe92e602aeeca,0.8964074850082397,0.5496121048927307,-0.09590094356332207,0.19893269557621557
train,fp32,59462,16584,1,4.0,correct,g4-correct/59462-1.png,3ccf0b60386323d26beb3e7332ccf19b110b74d4f2c0eddbdeb465d82bcea0ad,3b132841b0fe38b219783249fe32270846c6578311c1dd2c29efe92e602aeeca,0.8586148023605347,0.5768418908119202,0.11198040989064179,0.19797233181356064
train,fp32,59462,16584,0,4.0,wrong,g4-wrong/59462-0.png,5adc6cf5a4a3ffc76c90361ace421bdc1ea8def89ac217c866a9622fa3917011,3b132841b0fe38b219783249fe32270846c6578311c1dd2c29efe92e602aeeca,0.49223223328590393,0.5066997408866882,0.04505745655610833,0.22534403880674098
train,fp32,59462,16584,1,4.0,wrong,g4-wrong/59462-1.png,52fb4398e47d39b699606c2e191c572b01f81b9a84730801d2748c0618a9934b,3b132841b0fe38b219783249fe32270846c6578311c1dd2c29efe92e602aeeca,0.49117809534072876,0.650214433670044,0.11343050447954535,0.18860279799370064
train,guidance,16584,40682,0,2.0,correct,g2-correct/16584-0.png,1b785612ed6249f030b7ef69fe4455dc4c38f7ab2f57313be41693e56a5dfd27,a7a40302f6fddd927f6db9d528b67f03df45ce3933ba39d58a055f027930964d,0.46539807319641113,0.5392357110977173,0.09680773269939139,0.10965904258440913
train,guidance,16584,40682,1,2.0,correct,g2-correct/16584-1.png,dc77836ccc1b5cebd19185e54a30e00e4d87ffbbaf1b543b371357dbf5e0d656,a7a40302f6fddd927f6db9d528b67f03df45ce3933ba39d58a055f027930964d,0.6130610704421997,0.6218277812004089,0.08268440639956294,0.10551747692167651
train,guidance,16584,40682,0,6.0,correct,g6-correct/16584-0.png,b2faace98163372f4118be010f01d92851839d26d0fe9e5ce17b57f5ed8cd7db,a7a40302f6fddd927f6db9d528b67f03df45ce3933ba39d58a055f027930964d,0.6493737697601318,0.56327223777771,0.052330296863637334,0.07796273694498403
train,guidance,16584,40682,1,6.0,correct,g6-correct/16584-1.png,44a7e172ff2d8a1b4d34152509a9ba50845f3534f2969b76eca614fdcf7c5593,a7a40302f6fddd927f6db9d528b67f03df45ce3933ba39d58a055f027930964d,0.6138424277305603,0.567777693271637,0.07544904180512671,0.06771481851294518
train,guidance,40682,38942,0,2.0,correct,g2-correct/40682-0.png,fdbd5a46f870511255532f7005fcaa4ec31f8343a00b1ead5aaf1917171f949a,6490897e817774a341cca2ee5aba081e04f285f50e6f0a1474fc3ccbd4a33f68,0.7645843029022217,0.4884756803512573,0.6252872059023512,0.43408555429227297
train,guidance,40682,38942,1,2.0,correct,g2-correct/40682-1.png,7e242c0e6e652faba6f34eb738d9b2e74d1ed6f4dbdedb9486078aa925e1f674,6490897e817774a341cca2ee5aba081e04f285f50e6f0a1474fc3ccbd4a33f68,0.7602753043174744,0.4555225670337677,0.6579858498640263,0.48841993001111395
train,guidance,40682,38942,0,6.0,correct,g6-correct/40682-0.png,4158a0f2a022e6a2d3ec8d1811dea7c407f9bbba21f41d6ee24a5f9d963c0ed6,6490897e817774a341cca2ee5aba081e04f285f50e6f0a1474fc3ccbd4a33f68,0.8861100673675537,0.5004243850708008,0.6385198912820319,0.44700566963214833
train,guidance,40682,38942,1,6.0,correct,g6-correct/40682-1.png,74db7cf651ecb8913814b85cc68090b69954f4fe4056eb5c08d8a59f2541387b,6490897e817774a341cca2ee5aba081e04f285f50e6f0a1474fc3ccbd4a33f68,0.831210732460022,0.4896681010723114,0.631102762532524,0.4725921705938651
train,guidance,38942,4905,0,2.0,correct,g2-correct/38942-0.png,5252972086978641acb096fdc04cd686b8c86b3e44975961a6b65fab13e8a808,6756f9274e866ca54bb80f773b9ae5ebe24c536f1c5877b0f8c954379b24bd06,0.6362565159797668,0.5118176341056824,0.2680500535895195,0.4517729429199338
train,guidance,38942,4905,1,2.0,correct,g2-correct/38942-1.png,36790a11b25b6a3d2cc0c5c983b010b430480b7a5c98df2dcfcf031ac4393106,6756f9274e866ca54bb80f773b9ae5ebe24c536f1c5877b0f8c954379b24bd06,0.6875181198120117,0.6043483018875122,0.07645525868640778,0.3872879054015307
train,guidance,38942,4905,0,6.0,correct,g6-correct/38942-0.png,16137528ed9de929cca0f2493123ce593a4b3a0a7f60a6214a622cb760ec4a7c,6756f9274e866ca54bb80f773b9ae5ebe24c536f1c5877b0f8c954379b24bd06,0.5538828372955322,0.43509790301322937,0.27017021075566355,0.4274445111732517
train,guidance,38942,4905,1,6.0,correct,g6-correct/38942-1.png,fe6b1febc078050df5d60df02b44ec58c369ed3ac02bd14a3a4e68eb827bdc53,6756f9274e866ca54bb80f773b9ae5ebe24c536f1c5877b0f8c954379b24bd06,0.6118621826171875,0.5010892748832703,0.13414459579646665,0.38238958414978497
train,guidance,4905,17344,0,2.0,correct,g2-correct/4905-0.png,2b18f6789fadab408e88d669f539a8ba7b9b85b02ca9a342254f94de2c53456c,232ae311abc85f162496cc1486aef8d8928ea428f00d77ec4e79c0b70f3aac41,0.5808010101318359,0.5371956825256348,0.10931110565853187,0.325432048282384
train,guidance,4905,17344,1,2.0,correct,g2-correct/4905-1.png,c9407ca4fcf98b0a29e85078b3957abc42555ef454da7d3245c313216571bf2f,232ae311abc85f162496cc1486aef8d8928ea428f00d77ec4e79c0b70f3aac41,0.5900428891181946,0.6237609386444092,-0.03357929857555213,0.2570010536446495
train,guidance,4905,17344,0,6.0,correct,g6-correct/4905-0.png,12c180365bae6f1ed0d87f59dd051902503cec7a6f063fb60049d097567c8f2c,232ae311abc85f162496cc1486aef8d8928ea428f00d77ec4e79c0b70f3aac41,0.5601356625556946,0.5456029772758484,0.050191610935041674,0.251918632258719
train,guidance,4905,17344,1,6.0,correct,g6-correct/4905-1.png,2c1f1c12f9950bcf109d5597454628a88dd58b167f6d7c890db5c7ed9700ee40,232ae311abc85f162496cc1486aef8d8928ea428f00d77ec4e79c0b70f3aac41,0.7397834062576294,0.5194462537765503,-0.03981790893647662,0.2477147583934138
train,guidance,17344,32725,0,2.0,correct,g2-correct/17344-0.png,ff2596fa7f544ad55728e4cc05257fe376e81393a5c194a9033452e41713df73,d75f90f3c918af7779f08413e1b2dfa9f0b7ab7532546f74ce58b50b36b8817d,0.6176663637161255,0.49196162819862366,0.144010962707521,0.2192220636365615
train,guidance,17344,32725,1,2.0,correct,g2-correct/17344-1.png,2129e39c684f6f7a13b2ec5e943a4830f1340f4892645a37b9d11404fe8e694f,d75f90f3c918af7779f08413e1b2dfa9f0b7ab7532546f74ce58b50b36b8817d,0.7131245136260986,0.5808483958244324,0.031233041520351695,0.2093581361141387
train,guidance,17344,32725,0,6.0,correct,g6-correct/17344-0.png,316176b00c629885bc04f3052bf1384e1e8470453f132247f8906a8168904bae,d75f90f3c918af7779f08413e1b2dfa9f0b7ab7532546f74ce58b50b36b8817d,0.6901787519454956,0.5297935605049133,0.14882211905260725,0.20382374098325662
train,guidance,17344,32725,1,6.0,correct,g6-correct/17344-1.png,e5c7090b75bb0099bad76677aab64da3c9ef2f7cf9e653708e8b0bb80d001600,d75f90f3c918af7779f08413e1b2dfa9f0b7ab7532546f74ce58b50b36b8817d,0.7141674160957336,0.5820835828781128,0.04756834799013918,0.19555458166656658
train,guidance,32725,28449,0,2.0,correct,g2-correct/32725-0.png,c83138cfd6d4896bbf804d9581490b8ae992fde610d6cd9203809be97f8eaac8,30cb1309cb356060719cfdd1a31df932276e218be091252aa0a0840e43a975a0,0.7197379469871521,0.5505498051643372,0.4302684415086599,0.19130439462572058
train,guidance,32725,28449,1,2.0,correct,g2-correct/32725-1.png,41425e767a107b08140dadb6c9527c1a7a9b41a425bbed225747cba48f19ec0a,30cb1309cb356060719cfdd1a31df932276e218be091252aa0a0840e43a975a0,0.829863429069519,0.4844021499156952,0.38914733720602424,0.18944233607934244
train,guidance,32725,28449,0,6.0,correct,g6-correct/32725-0.png,740a295e26aaeb4424e97560587d531c0f55268dfc89edfb896b0616d73395dd,30cb1309cb356060719cfdd1a31df932276e218be091252aa0a0840e43a975a0,0.8815900683403015,0.6064670085906982,0.32158896293748124,0.12341926882284644
train,guidance,32725,28449,1,6.0,correct,g6-correct/32725-1.png,ea3ef807f0aa496d302bdffbb923aedcf38f2b669b8cc50101e8ccd5c9808076,30cb1309cb356060719cfdd1a31df932276e218be091252aa0a0840e43a975a0,0.9002450108528137,0.5689604878425598,0.37976867198369274,0.14093755379879683
train,guidance,28449,4723,0,2.0,correct,g2-correct/28449-0.png,707fc3456f24fc6cdbcccbb4f29b3d6d4adb4ee9aaf7324ed407e44b9d8d7168,90d88f3ceba98dfa2fef3ccc0ef7371f2f798a6d92f3a246b5683fc6f9692144,0.5645444393157959,0.5360090136528015,-0.10368868583037552,0.49729649693915945
train,guidance,28449,4723,1,2.0,correct,g2-correct/28449-1.png,317cfe6ff8e7cff32909fbefbd7cdf312b1ea0d54c89d3c65d4940b63c37dcb4,90d88f3ceba98dfa2fef3ccc0ef7371f2f798a6d92f3a246b5683fc6f9692144,0.5906863808631897,0.527448296546936,0.08406948973671133,0.4730494066962974
train,guidance,28449,4723,0,6.0,correct,g6-correct/28449-0.png,38c26ad0a2963939025d2582688c4b8cfb8e466e154ecc338fd64178744f72e1,90d88f3ceba98dfa2fef3ccc0ef7371f2f798a6d92f3a246b5683fc6f9692144,0.6195336580276489,0.5365281105041504,-0.10611124003195385,0.4406015590338132
train,guidance,28449,4723,1,6.0,correct,g6-correct/28449-1.png,85987831a3ffe76a2735d2810fdec88cbd7a00de6b90236e6fc0c80e6407d55d,90d88f3ceba98dfa2fef3ccc0ef7371f2f798a6d92f3a246b5683fc6f9692144,0.6758981347084045,0.6145341992378235,0.14150321431456933,0.37470923286970687
train,guidance,4723,70126,0,2.0,correct,g2-correct/4723-0.png,cb0ab6052a249bfa915d28c31e3d10afa3aadde780c1e2087439c140e2e323fe,9b2d92a8a3a0047433a0e8cca9e67818d62ddbeef410226b718fcc0322330a93,0.5708394646644592,0.508991539478302,-0.08345639167048553,0.36489087746640797
train,guidance,4723,70126,1,2.0,correct,g2-correct/4723-1.png,0942d8b3d5ef94ce832f7782c9d6979a3a7b940c64934fef3cfbbb170d02f66d,9b2d92a8a3a0047433a0e8cca9e67818d62ddbeef410226b718fcc0322330a93,0.5432001948356628,0.5174011588096619,-0.10632174253755966,0.310050926787508
train,guidance,4723,70126,0,6.0,correct,g6-correct/4723-0.png,cdb25f1584722ccdc93a055c69ad91aa650486808092d3d73723d23d5ee41871,9b2d92a8a3a0047433a0e8cca9e67818d62ddbeef410226b718fcc0322330a93,0.6242728233337402,0.5569725632667542,-0.0003899413221744628,0.2226472427393216
train,guidance,4723,70126,1,6.0,correct,g6-correct/4723-1.png,1b9add76a30be987d1343d428d08a2af8f7e41326143c7a0772cb132bc60c4f1,9b2d92a8a3a0047433a0e8cca9e67818d62ddbeef410226b718fcc0322330a93,0.5912238359451294,0.5287414193153381,-0.08687722684744593,0.21719952732633915
train,guidance,70126,26393,0,2.0,correct,g2-correct/70126-0.png,a0788fad4d4ed2c73580c7b77772fdcae214f4ffc9ecfdd91df8d1fd18aa6c86,771c06d63c9d651090499055b39e8c422b32ab0e89b8878983be0d8b35226c9d,0.6135366559028625,0.42569679021835327,0.00662168657252815,0.3187469665888794
train,guidance,70126,26393,1,2.0,correct,g2-correct/70126-1.png,b67856675e2d11cd73179827364d2ff64de434c89e545ff79fefb49f2df0151e,771c06d63c9d651090499055b39e8c422b32ab0e89b8878983be0d8b35226c9d,0.7133825421333313,0.4697577655315399,-0.20047509459490043,0.3296185723830066
train,guidance,70126,26393,0,6.0,correct,g6-correct/70126-0.png,66900eab331a9f82036fb326035687e9f0e681e2c7c4947d83358b39240da96c,771c06d63c9d651090499055b39e8c422b32ab0e89b8878983be0d8b35226c9d,0.637325644493103,0.40851083397865295,-0.1378749803672583,0.23612026850735598
train,guidance,70126,26393,1,6.0,correct,g6-correct/70126-1.png,c24ccf3b67f247cc5e3ba2ca40b665af1f0defc7d6ae6e3921545011a75aa05b,771c06d63c9d651090499055b39e8c422b32ab0e89b8878983be0d8b35226c9d,0.6139916181564331,0.41624581813812256,-0.10738394399435636,0.23189067826785434
train,guidance,26393,33748,0,2.0,correct,g2-correct/26393-0.png,f789eda74406ffdbc244ff2916ead55583553d1cf69b0f4fbc4939283487b6c9,0019d2d1ccc1627f42428b0f1cd396e261b1006a37d9c6990b31189dc07e534f,0.6704570055007935,0.565089225769043,0.010884852317250778,0.586091320407081
train,guidance,26393,33748,1,2.0,correct,g2-correct/26393-1.png,819833c7eaed0e6829826fb3e4c60eedde990d4bd5880544ab1b75de76b0299a,0019d2d1ccc1627f42428b0f1cd396e261b1006a37d9c6990b31189dc07e534f,0.7823504209518433,0.5993217825889587,0.11081260793538182,0.4832255259357443
train,guidance,26393,33748,0,6.0,correct,g6-correct/26393-0.png,3ce82417f176a4342e12b1f81ce156ed64880529add6df7d4207abb7e43f0f91,0019d2d1ccc1627f42428b0f1cd396e261b1006a37d9c6990b31189dc07e534f,0.7502202391624451,0.6218400001525879,0.0024990484228700396,0.5521832661783854
train,guidance,26393,33748,1,6.0,correct,g6-correct/26393-1.png,1d939ac640af39b0778faf78715e1cb0b9fc5b4c7aad31dc459be45a69ddf554,0019d2d1ccc1627f42428b0f1cd396e261b1006a37d9c6990b31189dc07e534f,0.7792361974716187,0.607633113861084,0.05654801544001683,0.47723705804909244
train,guidance,33748,57293,0,2.0,correct,g2-correct/33748-0.png,0049c9de07b12fbcd5f89f60f34ca3a246d68e606f9bf9f6ff27f0f8f567caa5,ea12a6e5334d683616001b6e1d93e997a3eb53d67412edf2f0a4c6526ff5b880,0.8937853574752808,0.5891711711883545,0.5383850399372344,0.2871002605951379
train,guidance,33748,57293,1,2.0,correct,g2-correct/33748-1.png,9fee4c150412131ab279f2c1278fa3a677f319b30bffde8fbd9785f122712086,ea12a6e5334d683616001b6e1d93e997a3eb53d67412edf2f0a4c6526ff5b880,0.9309735298156738,0.6240689754486084,0.6434493948202286,0.3541893077249566
train,guidance,33748,57293,0,6.0,correct,g6-correct/33748-0.png,6d451da3033a5e3f8671fb10b1970c1fbde3d5ff03002bae1bb4784099475bc0,ea12a6e5334d683616001b6e1d93e997a3eb53d67412edf2f0a4c6526ff5b880,0.9210810661315918,0.6829867362976074,0.5926333662323251,0.27819771848302977
train,guidance,33748,57293,1,6.0,correct,g6-correct/33748-1.png,092eabbdb7771efad779cdcf0ce9b3466d0f2d1ea45ce30b8d04da97807e1033,ea12a6e5334d683616001b6e1d93e997a3eb53d67412edf2f0a4c6526ff5b880,0.920677900314331,0.6344128847122192,0.6433738613208425,0.3261997252497542
train,guidance,57293,20217,0,2.0,correct,g2-correct/57293-0.png,775de553fff23998e053acc21b327be2a91477085dfe257e9b2d22a82e7ce699,2ce3fbbaf3262abce9abef7120e90ccb53908017cf443112e22b9f7e8cb94ef1,0.6340605020523071,0.5396660566329956,0.07471549202535664,0.23392777186068062
train,guidance,57293,20217,1,2.0,correct,g2-correct/57293-1.png,221c3c7171c5a8bd4e1f2f3aa00944b1cbc4d0b321e6b37ea712bede895cf4dc,2ce3fbbaf3262abce9abef7120e90ccb53908017cf443112e22b9f7e8cb94ef1,0.682040810585022,0.4671688675880432,-0.24614247257912952,0.21512599155918283
train,guidance,57293,20217,0,6.0,correct,g6-correct/57293-0.png,fcb8f5e33e97211bbab2d7c66557bb58e8456d933a7b37cfb1ec784a8f4f8a62,2ce3fbbaf3262abce9abef7120e90ccb53908017cf443112e22b9f7e8cb94ef1,0.695421040058136,0.5906478762626648,-0.030275001700135723,0.12736274215521243
train,guidance,57293,20217,1,6.0,correct,g6-correct/57293-1.png,fc7ea5bab2b4181e1aa77fcc48d9dfdc18c8940c286624589ea037708effd513,2ce3fbbaf3262abce9abef7120e90ccb53908017cf443112e22b9f7e8cb94ef1,0.708237886428833,0.5267865061759949,-0.14053940997116457,0.1828777392292513
train,guidance,20217,15879,0,2.0,correct,g2-correct/20217-0.png,7ab7f86572457d2c685c126b5eba94d5c7e602543f2130af30576c7f6246bb76,9bb0eb851e424337b776988233bca0f9b0b9703bdb62158841eefc42f9e34149,0.6667101383209229,0.4469781816005707,0.18539937179937213,0.3065456162063558
train,guidance,20217,15879,1,2.0,correct,g2-correct/20217-1.png,14075893f86a7a41799b2b37af7990c050f0c2afe600b96544736f53a22de7da,9bb0eb851e424337b776988233bca0f9b0b9703bdb62158841eefc42f9e34149,0.7953614592552185,0.4812363386154175,0.04074366635932485,0.3392900930678418
train,guidance,20217,15879,0,6.0,correct,g6-correct/20217-0.png,a88bfaa741584a790ab5784e06a4954456f74ad35e7bebd52e959a6f631aee5c,9bb0eb851e424337b776988233bca0f9b0b9703bdb62158841eefc42f9e34149,0.6258619427680969,0.3919708728790283,0.24255249477412963,0.2889441811944624
train,guidance,20217,15879,1,6.0,correct,g6-correct/20217-1.png,46be4faa0408a19a5a45c74b03a531ec777cd977411eb1c895cd91e863300a81,9bb0eb851e424337b776988233bca0f9b0b9703bdb62158841eefc42f9e34149,0.7150548696517944,0.484618604183197,0.023922953496164894,0.22853744580528768
train,guidance,15879,69036,0,2.0,correct,g2-correct/15879-0.png,f0708f1bf9ee4e96fc62cf8057642d120300e7dccfcabe5137f4e22d9b078c58,4f7529cc349f0c11166395691ea3a37adcf291e281069f184da9b7340fc99034,0.6880860328674316,0.4468068480491638,0.0626198560568685,0.18918418718328328
train,guidance,15879,69036,1,2.0,correct,g2-correct/15879-1.png,90344f61aa325e967a3fb16de79a8b2ab6238db6f41ea2bf9735878e1ee7025d,4f7529cc349f0c11166395691ea3a37adcf291e281069f184da9b7340fc99034,0.7284058332443237,0.44048306345939636,-0.008166211125324356,0.2096070370453312
train,guidance,15879,69036,0,6.0,correct,g6-correct/15879-0.png,68ad98577d4b7ff4216b67ac09f9a00203d5c65e174a0d7ed1bb642e5ab3ca6f,4f7529cc349f0c11166395691ea3a37adcf291e281069f184da9b7340fc99034,0.712959885597229,0.4657779037952423,0.09682739571670833,0.17511946103751036
train,guidance,15879,69036,1,6.0,correct,g6-correct/15879-1.png,cda04688662c0d91a2283d2340b1266e9017dda412a4a55b470bcf0c169167c8,4f7529cc349f0c11166395691ea3a37adcf291e281069f184da9b7340fc99034,0.7355198264122009,0.568581759929657,-0.006779872642373036,0.18437844995822247
train,guidance,69036,3625,0,2.0,correct,g2-correct/69036-0.png,fe525bd69590e05d3d364f82f28810cf264287ed519447f183e8051dd9ca676b,1acec16aba650738ce719ea1e3bbdffbf0ec38d66415cd99991204bc1cc04fb5,0.895484209060669,0.5637251734733582,0.3787808875633835,0.3839209934297639
train,guidance,69036,3625,1,2.0,correct,g2-correct/69036-1.png,38722bfb9836e7dcf8d15afd25c60dddc4bfcdb64c32139ca5f87f848fd697f3,1acec16aba650738ce719ea1e3bbdffbf0ec38d66415cd99991204bc1cc04fb5,0.8159095048904419,0.4904615581035614,0.5869949269117876,0.48012119423372324
train,guidance,69036,3625,0,6.0,correct,g6-correct/69036-0.png,c2229daa55b72783b6b7348d44c7165ab7f342d8b7e8bf82259e7933c8fa351e,1acec16aba650738ce719ea1e3bbdffbf0ec38d66415cd99991204bc1cc04fb5,0.9666416049003601,0.5981431007385254,0.4739447323084024,0.3138862038595627
train,guidance,69036,3625,1,6.0,correct,g6-correct/69036-1.png,e77012a1840be614c8cba699e619203b85dd2b635aba2e770dcbc588254dde38,1acec16aba650738ce719ea1e3bbdffbf0ec38d66415cd99991204bc1cc04fb5,0.9348962306976318,0.5927295088768005,0.4838602025534046,0.32067274522199385
train,guidance,3625,23696,0,2.0,correct,g2-correct/3625-0.png,523d4a9fdee0c6c551d4d5caa92ea7ffbd827b27bfb6b2df9e639a93db643a00,d9a5c95b29350d57eb94358eb9a21cd680af72d44f9a1759000eaf57a7e92392,0.7749924063682556,0.514615535736084,-0.09499544414118587,0.1921863005340639
train,guidance,3625,23696,1,2.0,correct,g2-correct/3625-1.png,b2d322583ba8b601dcabd6d48e8f5d3e0aa6ba9731a38768233e1379902fa4a9,d9a5c95b29350d57eb94358eb9a21cd680af72d44f9a1759000eaf57a7e92392,0.725087583065033,0.5160656571388245,-0.0938834126409399,0.1734599688895217
train,guidance,3625,23696,0,6.0,correct,g6-correct/3625-0.png,b36df08fa0e02ccf3ad90d1b3e16f6e2028f9928f4557f89340788d794e4227d,d9a5c95b29350d57eb94358eb9a21cd680af72d44f9a1759000eaf57a7e92392,0.6999200582504272,0.42636826634407043,-0.007490787105612071,0.1541131645124998
train,guidance,3625,23696,1,6.0,correct,g6-correct/3625-1.png,7ba68ca4429e4109d91fbc2eaa83e16ddf4fd538706b19378611fc51fd79e1c9,d9a5c95b29350d57eb94358eb9a21cd680af72d44f9a1759000eaf57a7e92392,0.7279149293899536,0.48533546924591064,-0.021446013542838347,0.1464210474043672
train,guidance,23696,44010,0,2.0,correct,g2-correct/23696-0.png,4d006d9873456b00963635fbb04ac82b94d24dd768f17f5e661020fbcf10a4d6,2fd882d695c4a24c1f03243124fd54f215d1c687123a46ba99d6ef66f4bf0827,0.5305978059768677,0.5267513394355774,-0.31951968543430553,0.5245465501396676
train,guidance,23696,44010,1,2.0,correct,g2-correct/23696-1.png,cad56a799403d51bfef84ae360d662b07c59085f6792612568d441f835d23feb,2fd882d695c4a24c1f03243124fd54f215d1c687123a46ba99d6ef66f4bf0827,0.4908284544944763,0.5338336229324341,0.4880889400742042,0.5965297117756491
train,guidance,23696,44010,0,6.0,correct,g6-correct/23696-0.png,697573f6572bf1378264bacbe81a219f8f9b1b4960f0d4a83aafbf98985818e8,2fd882d695c4a24c1f03243124fd54f215d1c687123a46ba99d6ef66f4bf0827,0.595004141330719,0.5787782669067383,-0.21422723654143103,0.5030022217121464
train,guidance,23696,44010,1,6.0,correct,g6-correct/23696-1.png,194d313cb5c32c0655e5b5c735151721e905735c5961d291cb56b4eb5ecdd49e,2fd882d695c4a24c1f03243124fd54f215d1c687123a46ba99d6ef66f4bf0827,0.7064986228942871,0.6005884408950806,0.29483390398416714,0.5601212768431015
train,guidance,44010,21652,0,2.0,correct,g2-correct/44010-0.png,c916b24544ce1a0fca292f19ef840e20f5bcfc81fcd35fee3972627d9375f25f,35aa86981174181a98b4ce51d8b65a8bd0f95c2ceec4818494682c0873f3225b,0.8578812479972839,0.6373488903045654,0.04690072338190125,0.40350025507633397
train,guidance,44010,21652,1,2.0,correct,g2-correct/44010-1.png,0b0e21d637784fac2a5ee38238782fcd4f38b67951b76bc7121f51ee24b8cdfa,35aa86981174181a98b4ce51d8b65a8bd0f95c2ceec4818494682c0873f3225b,0.8262269496917725,0.5981330275535583,0.19714979660348964,0.42499512592554856
train,guidance,44010,21652,0,6.0,correct,g6-correct/44010-0.png,5484f82db63e61408db9ce1a8c52e457cafa2939cd6cf4fd91ca4936191aa17a,35aa86981174181a98b4ce51d8b65a8bd0f95c2ceec4818494682c0873f3225b,0.9019328355789185,0.6518317461013794,-0.08397994849825266,0.34084641574764946
train,guidance,44010,21652,1,6.0,correct,g6-correct/44010-1.png,a55be90e530ab3dbd1a54e0c1c739edb33129d1a289212b8931d24e2517a2e95,35aa86981174181a98b4ce51d8b65a8bd0f95c2ceec4818494682c0873f3225b,0.9074460864067078,0.6593866944313049,-0.014230015729786332,0.3147797221801401
train,guidance,21652,6970,0,2.0,correct,g2-correct/21652-0.png,9de2559ae22a8d1aeb9ef6bf7362d74ee21c1c156c1dc4e8be9f660c31a26335,deca6335f8f41d705a173f0a516e337acfc6c53d86d5870f07649aa25f90a597,0.689445436000824,0.565535306930542,0.15673945198388986,0.3180417298127551
train,guidance,21652,6970,1,2.0,correct,g2-correct/21652-1.png,591735e7650595e0d4898e34571d927e5c79fd080810d8408df6dcefd979d8fb,deca6335f8f41d705a173f0a516e337acfc6c53d86d5870f07649aa25f90a597,0.7138197422027588,0.6081593036651611,0.1463630033038222,0.3181562341046546
train,guidance,21652,6970,0,6.0,correct,g6-correct/21652-0.png,9693097b20962d502e880fe7abc420ea90971462689087a5907a09ce8f8364b2,deca6335f8f41d705a173f0a516e337acfc6c53d86d5870f07649aa25f90a597,0.7654767036437988,0.6024307012557983,0.18866621517528076,0.23102307473278172
train,guidance,21652,6970,1,6.0,correct,g6-correct/21652-1.png,f32c29383d75990b264d94d6309259093d680602228f86447ed935c8d399ea5d,deca6335f8f41d705a173f0a516e337acfc6c53d86d5870f07649aa25f90a597,0.7722976207733154,0.618055522441864,0.1821284920096628,0.21779914111598583
train,guidance,6970,35190,0,2.0,correct,g2-correct/6970-0.png,c0449cb0dd7a399e3e68a0b7b963896d8c3220e1ca4c583c36c8527aaffdfb70,7b6545b71671e9b1cdbb3e8f1f39d98a09c15c1547791b5eb984bee429ac7e4c,0.8011741042137146,0.5433708429336548,-0.5631651418297973,0.5784094813266036
train,guidance,6970,35190,1,2.0,correct,g2-correct/6970-1.png,fe1027fce98a187cef8c6d678a1581299c80a8cc03856d108c7528914747483b,7b6545b71671e9b1cdbb3e8f1f39d98a09c15c1547791b5eb984bee429ac7e4c,0.7339930534362793,0.5218446850776672,-0.10640970769121526,0.605563988952916
train,guidance,6970,35190,0,6.0,correct,g6-correct/6970-0.png,85decb923f2c2a98a08f3e85c964f76dc2b8db6e251ec36b50b72787b6008a2e,7b6545b71671e9b1cdbb3e8f1f39d98a09c15c1547791b5eb984bee429ac7e4c,0.8630306720733643,0.5447990894317627,-0.5235241048705633,0.4333335425739592
train,guidance,6970,35190,1,6.0,correct,g6-correct/6970-1.png,e8c1f70ea02789ab411f976105405949efd730f1c3dfe8b912018be04e99c745,7b6545b71671e9b1cdbb3e8f1f39d98a09c15c1547791b5eb984bee429ac7e4c,0.7579596638679504,0.4983674883842468,-0.08418084130133001,0.48866379072120136
train,guidance,35190,50780,0,2.0,correct,g2-correct/35190-0.png,2866cf22ce85163e757c9b504ddc9f5671bf60a35aee7422f519945e991c2a05,af8e89553ecca28153a718e9873c66236d4964e90116ec65807e8436d27a2c9a,0.5914915204048157,0.4598625600337982,0.0672321031062745,0.18869309124237815
train,guidance,35190,50780,1,2.0,correct,g2-correct/35190-1.png,a41fa4c57490f0a27484e840af0439271b41b2e3114301b1710ea5ca7642aa16,af8e89553ecca28153a718e9873c66236d4964e90116ec65807e8436d27a2c9a,0.8303066492080688,0.5266533493995667,-0.12582195887413136,0.18159395590328348
train,guidance,35190,50780,0,6.0,correct,g6-correct/35190-0.png,8aa9d9d753fe6eb096341f782eae111c49ee32d16887f96279b6085a606af4c8,af8e89553ecca28153a718e9873c66236d4964e90116ec65807e8436d27a2c9a,0.769118070602417,0.548281729221344,0.04142779662609086,0.11943163090711913
train,guidance,35190,50780,1,6.0,correct,g6-correct/35190-1.png,a45873b53e777ad6f2d53fcb56838ce3961d5052a6e8caae1c3a9e08d8fca0c2,af8e89553ecca28153a718e9873c66236d4964e90116ec65807e8436d27a2c9a,0.7428411841392517,0.4664386808872223,-0.04654518610608727,0.17288580589669633
train,guidance,50780,45620,0,2.0,correct,g2-correct/50780-0.png,274b3c004b90152c6cfcbf4414864081cafd096782d03bfb7b04d86a6bb033f2,3800def8e5bed900fc332f8ffc34dbd027ba1e4cb2ec365891217aeeffe7820e,0.7809803485870361,0.43547266721725464,0.4546567408693292,0.4395997080434389
train,guidance,50780,45620,1,2.0,correct,g2-correct/50780-1.png,f34b4cde5240c2e0797f87adc5f5882e1b3af34c27c12d5b918d053cae0991dd,3800def8e5bed900fc332f8ffc34dbd027ba1e4cb2ec365891217aeeffe7820e,0.7567903995513916,0.45550793409347534,0.3140861443824878,0.5008155422403867
train,guidance,50780,45620,0,6.0,correct,g6-correct/50780-0.png,9bf1c2feb3946a4415185114e52fcb1c6eef18fec99d94b127bc2eab41a523cd,3800def8e5bed900fc332f8ffc34dbd027ba1e4cb2ec365891217aeeffe7820e,0.7908035516738892,0.45748043060302734,0.07055514647759982,0.36064714364234624
train,guidance,50780,45620,1,6.0,correct,g6-correct/50780-1.png,6f65c57eb35f29d87f9acadd5d7f757e46d97f954ca021a4b73f443a2dbd7664,3800def8e5bed900fc332f8ffc34dbd027ba1e4cb2ec365891217aeeffe7820e,0.8724970817565918,0.5017855763435364,0.31414117961655796,0.3610181581920032
train,guidance,45620,27323,0,2.0,correct,g2-correct/45620-0.png,bd7ff8a82a3836fad026079ff7577e73ce073905364d746911f505da06455006,cfb5d1c1124c830ac684d4a9eb24f448e9e3feb4d28302f59cd353c4d54b08f5,0.8910365700721741,0.46916794776916504,0.18544926546818452,0.3041802307261317
train,guidance,45620,27323,1,2.0,correct,g2-correct/45620-1.png,2248d8b091dcbaf6de7f23fdf3b501281fe66d891a9198536e7a244e97e46dab,cfb5d1c1124c830ac684d4a9eb24f448e9e3feb4d28302f59cd353c4d54b08f5,0.8238925337791443,0.5712237358093262,0.1274380706241924,0.3135144303720191
train,guidance,45620,27323,0,6.0,correct,g6-correct/45620-0.png,82dfd108be1352861e2d404de3d019f2f48de1e8555e1b39e3de87205c121d00,cfb5d1c1124c830ac684d4a9eb24f448e9e3feb4d28302f59cd353c4d54b08f5,0.8659171462059021,0.45727965235710144,0.23197808713051843,0.2967167553032866
train,guidance,45620,27323,1,6.0,correct,g6-correct/45620-1.png,af3a915ef2d8ae9c54cd096ddad4d30664aa441d6e246de4bf95195e635df5f8,cfb5d1c1124c830ac684d4a9eb24f448e9e3feb4d28302f59cd353c4d54b08f5,0.8813028931617737,0.48336517810821533,0.05291273675455513,0.22971640872317275
train,guidance,27323,51581,0,2.0,correct,g2-correct/27323-0.png,9d3f100c9eb8e6570ccce5f31987acc8c93db844e74dae1609da5d24dc1a95ab,250f095a178dc365e3b06928d3751554e4b9fcf734e8d3febc3dc4b1ed354d81,0.6720419526100159,0.5183408260345459,0.20544699800688634,0.36187239179863845
train,guidance,27323,51581,1,2.0,correct,g2-correct/27323-1.png,5fba2058e2c22b2467582529c0d27c471270fce6c551dd0eb492dc5aaf09a7e0,250f095a178dc365e3b06928d3751554e4b9fcf734e8d3febc3dc4b1ed354d81,0.7263475656509399,0.6043711304664612,0.19105339376752323,0.43159618678053696
train,guidance,27323,51581,0,6.0,correct,g6-correct/27323-0.png,2bd5f2f729329496c40c4747ec6bf05ed05f7e555e78e8c2e7127f947486b1ad,250f095a178dc365e3b06928d3751554e4b9fcf734e8d3febc3dc4b1ed354d81,0.6241188049316406,0.550659716129303,0.2726085804472019,0.3496618256619277
train,guidance,27323,51581,1,6.0,correct,g6-correct/27323-1.png,26ee581e847d8a4dc4fef5d9cee4f9acfbf82424aa48fc9e8c87ff738656d98b,250f095a178dc365e3b06928d3751554e4b9fcf734e8d3febc3dc4b1ed354d81,0.7645807862281799,0.5582505464553833,0.05410255511854164,0.3396625991857709
train,guidance,51581,7163,0,2.0,correct,g2-correct/51581-0.png,20d7740259d979349efe41cf123c1bb557848506355d69be7692c4058f6654b1,59fe651ba15a38d4aa5b9170e24c4cea5800db389b7e7827656ae888d3e80997,0.6143693923950195,0.48947209119796753,-0.061893377212471054,0.4050455920521624
train,guidance,51581,7163,1,2.0,correct,g2-correct/51581-1.png,b28ca6f68613a2000153ff4aec56243b1c60a274cbd21c8dc597e5d580e2e510,59fe651ba15a38d4aa5b9170e24c4cea5800db389b7e7827656ae888d3e80997,0.7377564907073975,0.4863288402557373,-0.15923156391001478,0.3280899640335896
train,guidance,51581,7163,0,6.0,correct,g6-correct/51581-0.png,a8ac7e8f4cbdc309a4487442b47414e6409e7b87c2f96e99deab2c18e8b623ad,59fe651ba15a38d4aa5b9170e24c4cea5800db389b7e7827656ae888d3e80997,0.8127270340919495,0.4980856776237488,-0.1034417171879893,0.29456547656488297
train,guidance,51581,7163,1,6.0,correct,g6-correct/51581-1.png,76d5b816a993292bdfdc96f104e9c27264edf316f990c5403463b59a0c494861,59fe651ba15a38d4aa5b9170e24c4cea5800db389b7e7827656ae888d3e80997,0.8236225843429565,0.5265871286392212,-0.2539635306295045,0.2538323728326302
train,guidance,7163,50828,0,2.0,correct,g2-correct/7163-0.png,025552cd1089f76b9d3ca20adfa114b1ee5dfcb03a186c3a35167d673796f99a,659e03fd2f5364391e8656e2b6780af8470d98817eeb4e595832d969088031ca,0.7041659355163574,0.41641703248023987,-0.030328599908918813,0.35966576749977597
train,guidance,7163,50828,1,2.0,correct,g2-correct/7163-1.png,bad580942dbe146c76bc03483edc9a32d8d5c7823a32caa3f55ede06fb355f81,659e03fd2f5364391e8656e2b6780af8470d98817eeb4e595832d969088031ca,0.6941918134689331,0.5172868967056274,0.10352361534867942,0.4124546364035163
train,guidance,7163,50828,0,6.0,correct,g6-correct/7163-0.png,8c798283dcbacbe889c234a50c5e5c99434b9310e2af820aa79cb3b63f3acace,659e03fd2f5364391e8656e2b6780af8470d98817eeb4e595832d969088031ca,0.6615252494812012,0.46326106786727905,-0.02768107173814757,0.18891282372766496
train,guidance,7163,50828,1,6.0,correct,g6-correct/7163-1.png,92b2d215080d479bc3e115f2c96e2b72baa64edebc1b4a3f63274a8e6d039245,659e03fd2f5364391e8656e2b6780af8470d98817eeb4e595832d969088031ca,0.6471145153045654,0.49203866720199585,0.08842931014798827,0.3080398954614822
train,guidance,50828,53785,0,2.0,correct,g2-correct/50828-0.png,79bf03dff3e33d892037955bf91e1c57da9d75b8a66dee7118c4b568d36886bf,8a06d6161798ccc7ac94de944423be5b2f20143c1f68d159adfe6c325e55c945,0.7606300115585327,0.4694967269897461,-0.06478854015995143,0.5356710407678461
train,guidance,50828,53785,1,2.0,correct,g2-correct/50828-1.png,8369f9f6e9e9dd4bf045681526c218382ed4d7683eb56bfe13b4f10649ff02ee,8a06d6161798ccc7ac94de944423be5b2f20143c1f68d159adfe6c325e55c945,0.7125791907310486,0.44323498010635376,0.1514223905449819,0.594872792675189
train,guidance,50828,53785,0,6.0,correct,g6-correct/50828-0.png,dea4cc2f1d4cd6024c414fda52ea9b4578c2514224aea5e26c46723d11da4f7e,8a06d6161798ccc7ac94de944423be5b2f20143c1f68d159adfe6c325e55c945,0.734098494052887,0.43090149760246277,-0.09315456065171215,0.30376881983140647
train,guidance,50828,53785,1,6.0,correct,g6-correct/50828-1.png,a7a04b22ad43a3dbd10197b9e25cee3c5620d2100c50a9e08ddbb37293452c63,8a06d6161798ccc7ac94de944423be5b2f20143c1f68d159adfe6c325e55c945,0.8796258568763733,0.4699764847755432,0.3109559775246366,0.5475260636912075
train,guidance,53785,1851,0,2.0,correct,g2-correct/53785-0.png,6a71b010089d296a83cc87e5bf6fee2f846d9eb04b1e7b8e7483a69c9ebfe364,64721bcb46da572d03f6a59b25eceafa5c909eee9cbbd60b1f8c77637995962c,0.7131603956222534,0.4551500082015991,-0.27381448741422665,0.2992569512200026
train,guidance,53785,1851,1,2.0,correct,g2-correct/53785-1.png,3c10580fe3f31127f6bb600d5562974df1a3e3668904cea83dc3b85b648dee4e,64721bcb46da572d03f6a59b25eceafa5c909eee9cbbd60b1f8c77637995962c,0.6639859080314636,0.5246872305870056,-0.069696104161858,0.31531278891209313
train,guidance,53785,1851,0,6.0,correct,g6-correct/53785-0.png,ecfe17570599b8ff95dcaa22cee53916c8d117c5c93a9c0551afd627030333da,64721bcb46da572d03f6a59b25eceafa5c909eee9cbbd60b1f8c77637995962c,0.7041162848472595,0.5244066715240479,-0.019003445087371593,0.19885790351866903
train,guidance,53785,1851,1,6.0,correct,g6-correct/53785-1.png,0b20fb559b7239aeecc7cc6eb8cbbdda3920c50320630d979baccbd14bc566b4,64721bcb46da572d03f6a59b25eceafa5c909eee9cbbd60b1f8c77637995962c,0.6961042881011963,0.5152141451835632,0.1263684063625306,0.22858801704604523
train,guidance,1851,29558,0,2.0,correct,g2-correct/1851-0.png,a3d89b39630abc4db4853d6378e446d6d5e9198a01e03ffff79003faebf66773,188190da525817dc8acf5860f4796bdff87d788d696db8860e4484b87b0d49e3,0.8267707824707031,0.4820437431335449,0.16880570179155244,0.28338573468032036
train,guidance,1851,29558,1,2.0,correct,g2-correct/1851-1.png,b56b73a299c63e06134ea72703ad9492321900c646202f9f81aa0fa42cd33b4c,188190da525817dc8acf5860f4796bdff87d788d696db8860e4484b87b0d49e3,0.769245445728302,0.45629289746284485,-0.25370313810585116,0.2859897718212333
train,guidance,1851,29558,0,6.0,correct,g6-correct/1851-0.png,9154e9013ddf33e86ff70854fa7e898af977e1ec9306bde4390b0195c8b71671,188190da525817dc8acf5860f4796bdff87d788d696db8860e4484b87b0d49e3,0.876507043838501,0.5386331677436829,0.23910698275012873,0.2689182128819985
train,guidance,1851,29558,1,6.0,correct,g6-correct/1851-1.png,b71d992819635737bd1ea1ed7c5fe14fc5f9a4429b29258f2c5e7c8131c96151,188190da525817dc8acf5860f4796bdff87d788d696db8860e4484b87b0d49e3,0.8694995045661926,0.516605794429779,0.028878746362770664,0.21442102040636113
train,guidance,29558,59471,0,2.0,correct,g2-correct/29558-0.png,81dadd094023dcf7d3be58f002343c85ed9abc6843050cc1bfb0eb8164678f34,d4f50b468f1dc8f7d4702325ac959d4156f0c8bf16b62bf4a9358e56b8e5fd95,0.7347830533981323,0.44218581914901733,0.2839389519414389,0.20861428315876038
train,guidance,29558,59471,1,2.0,correct,g2-correct/29558-1.png,8a92c1abf3acc6f5920e46dfdfc98e4bb7df362e900ff87962d338699cca4882,d4f50b468f1dc8f7d4702325ac959d4156f0c8bf16b62bf4a9358e56b8e5fd95,0.678573489189148,0.4900610148906708,-0.029053873773998262,0.19501042063064772
train,guidance,29558,59471,0,6.0,correct,g6-correct/29558-0.png,be7042a047f305142966935084fda703b9a3a98a773ae631ac8162ce1bc9cc51,d4f50b468f1dc8f7d4702325ac959d4156f0c8bf16b62bf4a9358e56b8e5fd95,0.6975187063217163,0.4507705569267273,0.2790351884174793,0.16669287650146888
train,guidance,29558,59471,1,6.0,correct,g6-correct/29558-1.png,121c8293cd90d86ba8882880e1f99b079751724cd0a5e8b632bce2f09afeebdb,d4f50b468f1dc8f7d4702325ac959d4156f0c8bf16b62bf4a9358e56b8e5fd95,0.7557183504104614,0.4770727753639221,-0.046017393007138745,0.16243517324657536
train,guidance,59471,59462,0,2.0,correct,g2-correct/59471-0.png,663f1357e3c4026400b9dab594469f217663d5a70d9bd388e4befddb73129812,b4fa87514dd7153326432d061052bad5be5bf519dd3bde07fb0c25a365f3c72f,0.6502872705459595,0.4962407648563385,0.026411740316024775,0.3084090109635242
train,guidance,59471,59462,1,2.0,correct,g2-correct/59471-1.png,433bb5c9ef8fa8647229c983ac66786bca61e440a28c6515c3a7d79e344c930b,b4fa87514dd7153326432d061052bad5be5bf519dd3bde07fb0c25a365f3c72f,0.5788339376449585,0.5083876252174377,0.13987806075431589,0.33012717844732137
train,guidance,59471,59462,0,6.0,correct,g6-correct/59471-0.png,68d084658592a38ab1df9f2844140dc64877a0c149ac8c8a75eb75dee30b93ee,b4fa87514dd7153326432d061052bad5be5bf519dd3bde07fb0c25a365f3c72f,0.7344099879264832,0.3951420187950134,0.03531238927140829,0.24930947126393352
train,guidance,59471,59462,1,6.0,correct,g6-correct/59471-1.png,fd4388197de96852eac56cda6a58a50c2588a5d482e44df521635064c2ae3711,b4fa87514dd7153326432d061052bad5be5bf519dd3bde07fb0c25a365f3c72f,0.7441905736923218,0.449698805809021,0.14903684573835915,0.2778871350939828
train,guidance,59462,16584,0,2.0,correct,g2-correct/59462-0.png,a0bc395b03168ec7cb81fbe1761b51af38615c55d3ad8d0a24401ca4d3b04a91,3b132841b0fe38b219783249fe32270846c6578311c1dd2c29efe92e602aeeca,0.8542518019676208,0.5656973123550415,-0.07845221961640475,0.23203958755404083
train,guidance,59462,16584,1,2.0,correct,g2-correct/59462-1.png,34ac8fd1997abb54646f55e00209de686584cc56e8c4b70cc5e3a1f44bf2d2ab,3b132841b0fe38b219783249fe32270846c6578311c1dd2c29efe92e602aeeca,0.6713938117027283,0.5445573925971985,0.07940606492905296,0.27424435176250606
train,guidance,59462,16584,0,6.0,correct,g6-correct/59462-0.png,c5ed6c9c43b87a2597d1d7e13703df1d4e48580059bab9f34c5a980bf49b602d,3b132841b0fe38b219783249fe32270846c6578311c1dd2c29efe92e602aeeca,0.9379810094833374,0.552796483039856,-0.06687253929513179,0.15668460027619355
train,guidance,59462,16584,1,6.0,correct,g6-correct/59462-1.png,877bdc31717f784fa971a8586e178b7da41d1cae2b5712040cb5757060dbd456,3b132841b0fe38b219783249fe32270846c6578311c1dd2c29efe92e602aeeca,0.8493760824203491,0.5097549557685852,0.09081565511071416,0.18112392487420592
validation,bf16,43211,17865,0,4.0,correct,g4-correct/43211-0.png,f31a11d889663f3e94e6a4dab0cf2252ad830e7d534ed3085bc338841eee1515,51997d1b8dfb2ba5536f803a6a501f92ac7aa8de559cd12422c94d8dcdafa75f,0.6332194805145264,0.6853428483009338,-0.16103709315279707,0.4344439628545347
validation,bf16,43211,17865,1,4.0,correct,g4-correct/43211-1.png,16addca1fc3cef196160136d306132f523a33cc2e27754ad400930e06c0f19b8,51997d1b8dfb2ba5536f803a6a501f92ac7aa8de559cd12422c94d8dcdafa75f,0.7279052138328552,0.8046682476997375,0.04642516111486857,0.42610371814705134
validation,bf16,43211,17865,0,4.0,wrong,g4-wrong/43211-0.png,a185472048ff5c6926572a0f8f3511307b1557d516e4aee659cc29fbc4082d3d,51997d1b8dfb2ba5536f803a6a501f92ac7aa8de559cd12422c94d8dcdafa75f,0.6215724349021912,0.7451198697090149,0.24137486766388144,0.45219888032659017
validation,bf16,43211,17865,1,4.0,wrong,g4-wrong/43211-1.png,bce9c5b43d40fc43c3e4a2fb77cc16654673d80dee54fdc967f9591bea696d71,51997d1b8dfb2ba5536f803a6a501f92ac7aa8de559cd12422c94d8dcdafa75f,0.5787062644958496,0.647714376449585,0.22108740672079244,0.4507532578944746
validation,bf16,17865,54054,0,4.0,correct,g4-correct/17865-0.png,91f47217469b7cd1a1ff5cfa60f301c84117e59b426dc82d1537fd8735639748,e5721f7fc6a25892b67b1890444205c11a4b42650846fb8c32692ebfc24a5e21,0.6816807985305786,0.440746545791626,0.6734459329809203,0.662774113298831
validation,bf16,17865,54054,1,4.0,correct,g4-correct/17865-1.png,0a0debbe37ec90423d7f537ee3e2f402e0ffbe49aca62953e4ef686f680b3459,e5721f7fc6a25892b67b1890444205c11a4b42650846fb8c32692ebfc24a5e21,0.7129881978034973,0.47818121314048767,0.7721766998490923,0.6808457050666509
validation,bf16,17865,54054,0,4.0,wrong,g4-wrong/17865-0.png,b79ce9f015118c24e86cd108a3fa5da60bba760ac87c2e63de7f09ecb7e8d40f,e5721f7fc6a25892b67b1890444205c11a4b42650846fb8c32692ebfc24a5e21,0.566768229007721,0.517522931098938,-0.4425258881045317,0.3156975449780163
validation,bf16,17865,54054,1,4.0,wrong,g4-wrong/17865-1.png,575c035086480d9a537ca3fd8cfc797690226ff3c36d2b0746f5c4f11f03f065,e5721f7fc6a25892b67b1890444205c11a4b42650846fb8c32692ebfc24a5e21,0.5627939701080322,0.505169153213501,-0.04440967817581377,0.32423097537221374
validation,bf16,54054,25374,0,4.0,correct,g4-correct/54054-0.png,7e1da3ca23adaa5bce5925a25daa74cf6ff4fbc99a5000514b313de2364879d4,0db80f2d7af980752c3784ad0042e73a874a5deb2674c608d33e040fe95a43eb,0.47917571663856506,0.4400060772895813,0.2881295836314611,0.2702277342932813
validation,bf16,54054,25374,1,4.0,correct,g4-correct/54054-1.png,83b8f0dd5b38cc87a450800970ed3ae073577cd3fe0dbddcbe4787d43e8c54da,0db80f2d7af980752c3784ad0042e73a874a5deb2674c608d33e040fe95a43eb,0.4450906813144684,0.4402914047241211,-0.0372298942451941,0.2750812567868749
validation,bf16,54054,25374,0,4.0,wrong,g4-wrong/54054-0.png,455adfa6259a7cf2749ac389f1686f28d0459beefa1df686469a2f53ef73aba1,0db80f2d7af980752c3784ad0042e73a874a5deb2674c608d33e040fe95a43eb,0.5571272373199463,0.5158828496932983,0.10546401892190761,0.23891123046518536
validation,bf16,54054,25374,1,4.0,wrong,g4-wrong/54054-1.png,0049a754bd39ad80723960fe65bb75f402ed626f350388c645054c5daf4c20a5,0db80f2d7af980752c3784ad0042e73a874a5deb2674c608d33e040fe95a43eb,0.5036682486534119,0.5999757051467896,-0.09233320552157154,0.2786037885461431
validation,bf16,25374,48911,0,4.0,correct,g4-correct/25374-0.png,2f9089f80a906c3cbe33fbff66f9b185e5972653d6065c7ecd3f94260d56881f,37f95ff4b1366fba53a914809bf816cb99a935f4eeb41f5594bd180a43d18f68,0.6072871088981628,0.5353890061378479,0.2308976426094767,0.3052738389520851
validation,bf16,25374,48911,1,4.0,correct,g4-correct/25374-1.png,e48a0e683e949428b5ee1b3448d048924e7b08b0e415e3f379ba9c7d6b1ae640,37f95ff4b1366fba53a914809bf816cb99a935f4eeb41f5594bd180a43d18f68,0.5965750217437744,0.5536723136901855,0.008785169262961053,0.34852146007156487
validation,bf16,25374,48911,0,4.0,wrong,g4-wrong/25374-0.png,42230505959e2fb754ff096a56670805d1159a8109349b01dd8dc5abcdf9f227,37f95ff4b1366fba53a914809bf816cb99a935f4eeb41f5594bd180a43d18f68,0.4200775921344757,0.5085511207580566,0.06664363236321555,0.3216487066780874
validation,bf16,25374,48911,1,4.0,wrong,g4-wrong/25374-1.png,13fb3752991a1b61dacd2ab0e2934693ee1dc189f2958ded5aba97787a5ca418,37f95ff4b1366fba53a914809bf816cb99a935f4eeb41f5594bd180a43d18f68,0.4778327941894531,0.693354070186615,-0.1425543358788769,0.3272261492808149
validation,bf16,48911,15191,0,4.0,correct,g4-correct/48911-0.png,f6323adc56593d1f14cfbbab685a78e4091abfe8fd37a135d075e1ac9fdb5a02,8ad68502859bf42c9102a042830eee55294dbb5c926064febb48b07944b52f81,0.594667375087738,0.5569068789482117,0.01791245329562238,0.17238153274867873
validation,bf16,48911,15191,1,4.0,correct,g4-correct/48911-1.png,8641b644c6a1aa7ca3ad19dc1427e93e396d28914e0dcf83c66280fe2c58bfc3,8ad68502859bf42c9102a042830eee55294dbb5c926064febb48b07944b52f81,0.5296502113342285,0.5061956644058228,0.07814187854691412,0.14171729207989184
validation,bf16,48911,15191,0,4.0,wrong,g4-wrong/48911-0.png,5a59e0921ca64fab1b83d8b2422e5598e987da6b9c9f18b2810f4ac41cf9f78b,8ad68502859bf42c9102a042830eee55294dbb5c926064febb48b07944b52f81,0.5002573728561401,0.5174965262413025,0.02186051554234628,0.18600425327965414
validation,bf16,48911,15191,1,4.0,wrong,g4-wrong/48911-1.png,e7e8a17b9f3a074ec52079b0b5022e795e419744a2a3eac732499fb1054bb080,8ad68502859bf42c9102a042830eee55294dbb5c926064febb48b07944b52f81,0.4965847134590149,0.5779467225074768,0.07561549035892515,0.23762585834830585
validation,bf16,15191,28157,0,4.0,correct,g4-correct/15191-0.png,d4465ef94ee842cf928fcee84a11b1474fc042f1b59ed9b44c10520e271619ac,537bbfdfce21f636e1015158b194a4e2d2d689de6ff0321e5eb3908f0493cb51,0.5178908109664917,0.6139426827430725,-0.04580009549907776,0.13515275377989477
validation,bf16,15191,28157,1,4.0,correct,g4-correct/15191-1.png,a668de281fd1fa7b72becdf2765c9b66bbd2628ff741df0e321017db683d59c8,537bbfdfce21f636e1015158b194a4e2d2d689de6ff0321e5eb3908f0493cb51,0.5880125761032104,0.691764235496521,0.25845995024937046,0.1518401493107423
validation,bf16,15191,28157,0,4.0,wrong,g4-wrong/15191-0.png,5efbd9d6d063ab2a7d5d2b79ae60efe2d32f95ef6fc99952419069f820511767,537bbfdfce21f636e1015158b194a4e2d2d689de6ff0321e5eb3908f0493cb51,0.5781067609786987,0.6665993332862854,0.08873033637022817,0.1178898061332369
validation,bf16,15191,28157,1,4.0,wrong,g4-wrong/15191-1.png,03850e39fd9701f83db53748c5791528fdc69796274ff62ed11b15e7c0b1414c,537bbfdfce21f636e1015158b194a4e2d2d689de6ff0321e5eb3908f0493cb51,0.6029109954833984,0.6799554824829102,0.09490168131821218,0.10865046166590353
validation,bf16,28157,29610,0,4.0,correct,g4-correct/28157-0.png,3ce6965af2552dd87b608460998c821d86b2aa04d126e13e9a0c2a8dc2505e19,ec925fe3fab5e7b1bb5d16156520ab338c7943b8b515d2fa26dba8141aa937f8,0.6246313452720642,0.5122877359390259,-0.05965727756803354,0.28498629278320536
validation,bf16,28157,29610,1,4.0,correct,g4-correct/28157-1.png,a96f9f0ed27b1e0e4194a9ec316021460391961590b209b91d3e74cd105dc1dc,ec925fe3fab5e7b1bb5d16156520ab338c7943b8b515d2fa26dba8141aa937f8,0.6821365356445312,0.5564144849777222,-0.010940681588633119,0.3425156975807827
validation,bf16,28157,29610,0,4.0,wrong,g4-wrong/28157-0.png,3294e1d0c3667a399181d683cd3af18061909eff21c4430e9035b767f7420aa6,ec925fe3fab5e7b1bb5d16156520ab338c7943b8b515d2fa26dba8141aa937f8,0.6378635168075562,0.8124723434448242,-0.19538072410497812,0.17686293029376374
validation,bf16,28157,29610,1,4.0,wrong,g4-wrong/28157-1.png,a5216b1811ebe9f0e2de141a6ee03f4d7fd43625ca60021734338461d0b21e83,ec925fe3fab5e7b1bb5d16156520ab338c7943b8b515d2fa26dba8141aa937f8,0.6519826650619507,0.6705354452133179,-0.17390411564015756,0.2198102356993836
validation,bf16,29610,13223,0,4.0,correct,g4-correct/29610-0.png,fd3f201922efe1d777324ad7f7619ac07f8fc81fc54ad1b9e9f8f856196c3a9d,2ae50f9742d391fd0fe71c0bfef43df838fa3ca392535725cf68c53bbb1f563d,0.6963816285133362,0.6642560958862305,0.07531049020237164,0.16642400841964008
validation,bf16,29610,13223,1,4.0,correct,g4-correct/29610-1.png,2ec5639710ff1187a61c9a5677b50ffaba6b1aa4d662cd37e44cddae05dfc978,2ae50f9742d391fd0fe71c0bfef43df838fa3ca392535725cf68c53bbb1f563d,0.600694477558136,0.5996313095092773,-0.022489867724908092,0.16494110712623694
validation,bf16,29610,13223,0,4.0,wrong,g4-wrong/29610-0.png,7629f4459fa904fc7cf50a2af6378a8c7a540778fc68e561019418766e17b330,2ae50f9742d391fd0fe71c0bfef43df838fa3ca392535725cf68c53bbb1f563d,0.5944145321846008,0.6065486073493958,-0.0989245825365747,0.2740795867597226
validation,bf16,29610,13223,1,4.0,wrong,g4-wrong/29610-1.png,1194239fecbe40479bb47660e50d2d1428ae71ff3620a7dd885f13cc8c65342c,2ae50f9742d391fd0fe71c0bfef43df838fa3ca392535725cf68c53bbb1f563d,0.616320788860321,0.6769149899482727,-0.04458238114742266,0.25472817240741624
validation,bf16,13223,62587,0,4.0,correct,g4-correct/13223-0.png,1ab77ca6462dff52d8c8331a5134cab7c239b264a08cba2a7d42e4cd442d0ca4,151ac8204aa06a1329ec12935f38119f3c7da229681b903942203c3f8a0e3524,0.6437570452690125,0.6856970191001892,0.39837271679980446,0.4593396694399185
validation,bf16,13223,62587,1,4.0,correct,g4-correct/13223-1.png,4ba8f49eb89f3ff71c70c2a99dd25b12248c49881897e08519242fceac5d2f1f,151ac8204aa06a1329ec12935f38119f3c7da229681b903942203c3f8a0e3524,0.5280035138130188,0.5252022743225098,0.658272537305795,0.4712962030405244
validation,bf16,13223,62587,0,4.0,wrong,g4-wrong/13223-0.png,2cb38983d48b72ddc58094e62be124efc2b66c375c0ac68c63908f4ff34f19e5,151ac8204aa06a1329ec12935f38119f3c7da229681b903942203c3f8a0e3524,0.6391893029212952,0.7262254357337952,-0.09068510975132647,0.31752488443927074
validation,bf16,13223,62587,1,4.0,wrong,g4-wrong/13223-1.png,737b286bad173c6deb64c8797996bd30765c501775d653bb039afa5c95777ce1,151ac8204aa06a1329ec12935f38119f3c7da229681b903942203c3f8a0e3524,0.6338423490524292,0.6756184101104736,0.2708542257933139,0.38153973940823555
validation,bf16,62587,34998,0,4.0,correct,g4-correct/62587-0.png,3a8670b49ea142ef28905fd542f3992791ed8f910f2a0a1cac4c1a8aa250cec5,2e2aff2f23fc2b9925dee499af061bc8faf0e4b2205408190483ebb27887b89f,0.4491790235042572,0.39522892236709595,0.34599146235697276,0.39383448740546345
validation,bf16,62587,34998,1,4.0,correct,g4-correct/62587-1.png,56bf8055bd4a760faea6950c849d29a9a3efbb7120237bd230001f448d23d4d4,2e2aff2f23fc2b9925dee499af061bc8faf0e4b2205408190483ebb27887b89f,0.7483041882514954,0.570660412311554,0.38555762376646185,0.40474692016297903
validation,bf16,62587,34998,0,4.0,wrong,g4-wrong/62587-0.png,7166630da5be18b118daa134bbc556ab1aef20f0c84f4ccbafe532e47263a2a5,2e2aff2f23fc2b9925dee499af061bc8faf0e4b2205408190483ebb27887b89f,0.6187072396278381,0.8610752820968628,-0.015990457433667535,0.3771625879180219
validation,bf16,62587,34998,1,4.0,wrong,g4-wrong/62587-1.png,7cf703c00406b3e8bffad91f57e9f80ea1b082eeda81f95ee21e862640a3b2e9,2e2aff2f23fc2b9925dee499af061bc8faf0e4b2205408190483ebb27887b89f,0.5952666401863098,0.8667826652526855,0.06246281366598692,0.36616806914187117
validation,bf16,34998,29815,0,4.0,correct,g4-correct/34998-0.png,8ddf92e0117754e64e1026076c2344c9d4dc8f90c16380a3020727d791da684c,6f805d3582b97d85cd70ae69a48a89bffc50b7fa4e3193e80c213cd9182003ab,0.820044755935669,0.5432552099227905,0.17590872800196736,0.4361477559954534
validation,bf16,34998,29815,1,4.0,correct,g4-correct/34998-1.png,d6de4e0332f52d2c4b3ed0e9600d2615a469b3fe362a0194d9e02842ad1c7b9e,6f805d3582b97d85cd70ae69a48a89bffc50b7fa4e3193e80c213cd9182003ab,0.8166508674621582,0.5726972818374634,0.18700669044753312,0.31992958092977225
validation,bf16,34998,29815,0,4.0,wrong,g4-wrong/34998-0.png,2051a193180b4bb09ac8e296b4ec2eadd5815411785e7d4aef6dc831ead1fe9c,6f805d3582b97d85cd70ae69a48a89bffc50b7fa4e3193e80c213cd9182003ab,0.5590925216674805,0.7683066129684448,0.0886609330748353,0.45075268892859943
validation,bf16,34998,29815,1,4.0,wrong,g4-wrong/34998-1.png,b945885182e0d6b095cc3531d9270092ae548adc684c0a6923e237a8a1d471a6,6f805d3582b97d85cd70ae69a48a89bffc50b7fa4e3193e80c213cd9182003ab,0.5396215915679932,0.8654416799545288,0.009130389905496116,0.4619337500887712
validation,bf16,29815,42302,0,4.0,correct,g4-correct/29815-0.png,3f9df01bf5ac52d4a499b97609e37cb4d22b938944d0b8864dc4c8f9470deb47,a39add8080e3550675b96b362a37fab98f076206646784747727aba02ccb441f,0.8170225620269775,0.4409301280975342,0.1738954348453055,0.6572562591929249
validation,bf16,29815,42302,1,4.0,correct,g4-correct/29815-1.png,efc69a9d76e662d08739d4bd0669cb050bf8bc24dfe1b05dd7f8f223c03b9564,a39add8080e3550675b96b362a37fab98f076206646784747727aba02ccb441f,0.7563275098800659,0.473408043384552,0.37570373638588483,0.5966707490558121
validation,bf16,29815,42302,0,4.0,wrong,g4-wrong/29815-0.png,483a3c73f93b1b92e17855e7fdf16ae724d0d77ed99d4540396ed20a5bd64e0a,a39add8080e3550675b96b362a37fab98f076206646784747727aba02ccb441f,0.5458435416221619,0.6449190974235535,-0.0395606016146747,0.625167102023874
validation,bf16,29815,42302,1,4.0,wrong,g4-wrong/29815-1.png,ff32338898dfa8e67d1ca9cda93e7997e5b86d6fb22af666abab7ba2575502fc,a39add8080e3550675b96b362a37fab98f076206646784747727aba02ccb441f,0.5760959386825562,0.5742073059082031,0.17867925885221597,0.30967932794796155
validation,bf16,42302,68553,0,4.0,correct,g4-correct/42302-0.png,f76a8502ec9bf65695ddbd2ea714936a521f170e402f1996e1734123bb4dee05,798d9a0e9714488f7c39c6060133997bdf84645985fa35d4a29fbb7903237138,0.5524994730949402,0.5686594843864441,0.12789597920973508,0.13939725211651893
validation,bf16,42302,68553,1,4.0,correct,g4-correct/42302-1.png,7fa61a10a844e28d573200a94298177911bc75e1df2f1649555a31eb1bd6bb10,798d9a0e9714488f7c39c6060133997bdf84645985fa35d4a29fbb7903237138,0.5405861139297485,0.5367380380630493,0.24112301059006563,0.14736391694557627
validation,bf16,42302,68553,0,4.0,wrong,g4-wrong/42302-0.png,0872f46be6896acbe7e971e06db9800c13a580f571db026b48e8890282c50aff,798d9a0e9714488f7c39c6060133997bdf84645985fa35d4a29fbb7903237138,0.45694825053215027,0.636188268661499,-0.028317830077026963,0.10106351666437183
validation,bf16,42302,68553,1,4.0,wrong,g4-wrong/42302-1.png,7a0e716dc96e0a98b62a1e08fe22875c8f14059bd8320345c5d897b41fe07d4c,798d9a0e9714488f7c39c6060133997bdf84645985fa35d4a29fbb7903237138,0.45286819338798523,0.61720210313797,0.1871201113815934,0.13776262865186994
validation,bf16,68553,65690,0,4.0,correct,g4-correct/68553-0.png,c330099191478da906881b129cdb4b246ee0c0a65174fcf5e2a599f6c67bd7a5,caf8bc08485eefd14cba2623b55ca9f95e63a0503c4ed55a73001f8f0df0cca1,0.6321587562561035,0.5753333568572998,0.032054714119444966,0.331440447197824
validation,bf16,68553,65690,1,4.0,correct,g4-correct/68553-1.png,bca84b6c4909fffb64fbeea8fb6fa89a735ca50b2a4de56c842cbe6893c53e53,caf8bc08485eefd14cba2623b55ca9f95e63a0503c4ed55a73001f8f0df0cca1,0.5968484282493591,0.5588865280151367,0.03417375925387429,0.31146007196779774
validation,bf16,68553,65690,0,4.0,wrong,g4-wrong/68553-0.png,a319db1f19e3b7a025cba28c23d855ffc2cf2347d34378c71e4c36c7445517b8,caf8bc08485eefd14cba2623b55ca9f95e63a0503c4ed55a73001f8f0df0cca1,0.40444421768188477,0.48767516016960144,0.13919388481940095,0.3298714225690756
validation,bf16,68553,65690,1,4.0,wrong,g4-wrong/68553-1.png,49aa1eb55331d6a1fdc92a39372be66545630c8168c509627f9fa1a844012233,caf8bc08485eefd14cba2623b55ca9f95e63a0503c4ed55a73001f8f0df0cca1,0.4772129952907562,0.5362109541893005,0.18750654917383636,0.41875881635113443
validation,bf16,65690,41120,0,4.0,correct,g4-correct/65690-0.png,b5de15a89a6d27469e71b62c8e047786b301c18d5f8e3a3287ce6dbce2d4277b,35857398d867ad0f304a016cfa80fd961782df553341722457076961b12d547a,0.5185898542404175,0.5320318937301636,0.2017378661456799,0.463151193254906
validation,bf16,65690,41120,1,4.0,correct,g4-correct/65690-1.png,e187e5fd13032379f760d602c9fd526afc39805f25300cdc4c4e201c0f7c7e05,35857398d867ad0f304a016cfa80fd961782df553341722457076961b12d547a,0.6606379151344299,0.5471668243408203,0.031023309268812093,0.396995996702515
validation,bf16,65690,41120,0,4.0,wrong,g4-wrong/65690-0.png,13187b869a9a483ad2ba1c40da4c9ae0a490c59d56c0b48d6659a39dc6137b74,35857398d867ad0f304a016cfa80fd961782df553341722457076961b12d547a,0.6861113905906677,0.5969058275222778,0.09450585972924856,0.36051934061122076
validation,bf16,65690,41120,1,4.0,wrong,g4-wrong/65690-1.png,adc5c48cd64977cb5534198f875648d987c014e100fa888192e626ff85518f95,35857398d867ad0f304a016cfa80fd961782df553341722457076961b12d547a,0.7579033374786377,0.7190445065498352,0.0705253251061776,0.23273500072092765
validation,bf16,41120,64050,0,4.0,correct,g4-correct/41120-0.png,bfac22d166712f4108d0d92ccb0ef8bd1db056c9ca7bacb7cb362bec2e68aff5,d03dcc249f7451f3f8ada458ec2d88f728188963580a6a8e7deb249fa372e0aa,0.5738233923912048,0.605167031288147,0.05280985576925621,0.04953389700878743
validation,bf16,41120,64050,1,4.0,correct,g4-correct/41120-1.png,8e282827193d034703e28d5518aebd1e26f1808e21d0ecca03f91e1812f11573,d03dcc249f7451f3f8ada458ec2d88f728188963580a6a8e7deb249fa372e0aa,0.5118445158004761,0.561648964881897,-0.05286552455482936,0.05549599731661391
validation,bf16,41120,64050,0,4.0,wrong,g4-wrong/41120-0.png,7266ab238bb7f49961150fca60e03c656fec7728b1d653c936a41d3d1d13c065,d03dcc249f7451f3f8ada458ec2d88f728188963580a6a8e7deb249fa372e0aa,0.5800067186355591,0.7561007738113403,0.04022025929282319,0.047116517838700474
validation,bf16,41120,64050,1,4.0,wrong,g4-wrong/41120-1.png,68754530cc77dcf4f4451138875c8133ea81e7509622ab591a81ab2f28d53f24,d03dcc249f7451f3f8ada458ec2d88f728188963580a6a8e7deb249fa372e0aa,0.5870076417922974,0.7040342688560486,-0.0395725886658532,0.0535136348038542
validation,bf16,64050,21558,0,4.0,correct,g4-correct/64050-0.png,8c7f1da04a27c055ba4cc7dc223b37103aeb265a8d9d0f8d790d3e2452f951b8,63d4473c9bd7d578297cfd4edd274ad9e82bac7b6faa64d88c28976d6ec1fb5f,0.7264919877052307,0.528148889541626,0.18607125863849638,0.4465486849928679
validation,bf16,64050,21558,1,4.0,correct,g4-correct/64050-1.png,2faa53c8bbfb63354284badc83be50780cf50f47ca7d29e2c6c3c7df72296685,63d4473c9bd7d578297cfd4edd274ad9e82bac7b6faa64d88c28976d6ec1fb5f,0.758751630783081,0.5773098468780518,0.4889757133967415,0.4413299571922163
validation,bf16,64050,21558,0,4.0,wrong,g4-wrong/64050-0.png,f1aa9061e61955e90dceff8cf98d5ddd6452651d2f018d16930faf947af20298,63d4473c9bd7d578297cfd4edd274ad9e82bac7b6faa64d88c28976d6ec1fb5f,0.5931177735328674,0.7039645910263062,-0.4027872229198614,0.30709534848476483
validation,bf16,64050,21558,1,4.0,wrong,g4-wrong/64050-1.png,cc3cee217c0b99ea3a55360741161dc890a36897bcf6e9b9d13b8f3fa4ce1697,63d4473c9bd7d578297cfd4edd274ad9e82bac7b6faa64d88c28976d6ec1fb5f,0.6062113642692566,0.6491930484771729,-0.03241171347411483,0.41428529072096104
validation,bf16,21558,16800,0,4.0,correct,g4-correct/21558-0.png,b67eee6ee0bd156b2de8b9037972f957b514fac7c5f4cbc3fdd1028af48adb6f,6362e4fc28bde29a837b05e6b7e0d6812cc400f7647f05718b8a2220121a141f,0.6762435436248779,0.6068814992904663,0.30202192757456325,0.4111241848813527
validation,bf16,21558,16800,1,4.0,correct,g4-correct/21558-1.png,2c6dee790186532f723d9f74e1e20fec1d73edc9476b8d44b8d04bd78d283796,6362e4fc28bde29a837b05e6b7e0d6812cc400f7647f05718b8a2220121a141f,0.7226559519767761,0.6153391003608704,-0.0342288644327737,0.26336765850391736
validation,bf16,21558,16800,0,4.0,wrong,g4-wrong/21558-0.png,cfe4eeab21ab21348743bfb31529a793404062a889a3bdd02e21510cfce03560,6362e4fc28bde29a837b05e6b7e0d6812cc400f7647f05718b8a2220121a141f,0.4791070520877838,0.5795532464981079,-0.022187617711336247,0.42043297049457906
validation,bf16,21558,16800,1,4.0,wrong,g4-wrong/21558-1.png,92331f1350cd13e94a0ac8eb8494067881e1b3d964ebbfeb2cd42baab57090e6,6362e4fc28bde29a837b05e6b7e0d6812cc400f7647f05718b8a2220121a141f,0.5646649599075317,0.6682329177856445,-0.05709762472842131,0.32069801256828645
validation,bf16,16800,5683,0,4.0,correct,g4-correct/16800-0.png,5736f7400af8969247380062eecc8f648b78f435c39ad7972c42be2fb2896cde,ff7fee16db8e33ae75b4486a28b577318c44ec7808cb9ba370cef6cc3db9be07,0.6007850170135498,0.5690754055976868,-0.025135202199536383,0.4179504678379816
validation,bf16,16800,5683,1,4.0,correct,g4-correct/16800-1.png,da90f2a89c9127ab025d8abe72b3f3b24e887c01ddcbc1b35ac35a75caa06a09,ff7fee16db8e33ae75b4486a28b577318c44ec7808cb9ba370cef6cc3db9be07,0.6670779585838318,0.6067430973052979,-0.0437116898902033,0.4346162134961992
validation,bf16,16800,5683,0,4.0,wrong,g4-wrong/16800-0.png,a1aa8ab569e0a2d38c14d48dd4e887646f2b42666cd30c2b4ae481653c746ddd,ff7fee16db8e33ae75b4486a28b577318c44ec7808cb9ba370cef6cc3db9be07,0.511318564414978,0.6740199327468872,-0.07510582202309467,0.3857895419054714
validation,bf16,16800,5683,1,4.0,wrong,g4-wrong/16800-1.png,59c094dc0daf4531527c6ae31b2745e3c63b6c44ed22bf241f95afbc557f5edf,ff7fee16db8e33ae75b4486a28b577318c44ec7808cb9ba370cef6cc3db9be07,0.5690987706184387,0.7426388263702393,0.16562100973006794,0.38320978186128624
validation,bf16,5683,29400,0,4.0,correct,g4-correct/5683-0.png,e2348626e6c2118ca2e56ab9b7ba186596648def691e1daff8f2d83d17df1941,dab15aaea07924ca092204e2fccc2a4004374624a14d2f2fb7edd39e5d51b572,0.725654125213623,0.45428311824798584,-0.14921888148080148,0.4390654731970726
validation,bf16,5683,29400,1,4.0,correct,g4-correct/5683-1.png,27646f5b4c2837dbae33fc4c795894e7c68026ab3565149c67ba0463a1f94c57,dab15aaea07924ca092204e2fccc2a4004374624a14d2f2fb7edd39e5d51b572,0.7536327242851257,0.4473828673362732,-0.036788529349223546,0.3785210609884412
validation,bf16,5683,29400,0,4.0,wrong,g4-wrong/5683-0.png,e6c2a1a32b9af67acd8062f5da10b19fe9a1206c508d12a2de4a87ef1dedfc8e,dab15aaea07924ca092204e2fccc2a4004374624a14d2f2fb7edd39e5d51b572,0.4573954939842224,0.46863695979118347,-0.04927302264538576,0.32022782767535557
validation,bf16,5683,29400,1,4.0,wrong,g4-wrong/5683-1.png,d343b81c75f37dc9ad58b0fb9614e7db362c1f1d48a657a320186a913ef1a41b,dab15aaea07924ca092204e2fccc2a4004374624a14d2f2fb7edd39e5d51b572,0.47988075017929077,0.6387024521827698,0.020376920405690623,0.32765988477187674
validation,bf16,29400,51865,0,4.0,correct,g4-correct/29400-0.png,12ed4ab2473ca0c35e7c55a7eaa9309171e5f592333fdb91d50b57b12e135424,40b419ca8b5118885e868fed2103a8ab523467d8fb16c86b7c9002c835890544,0.5905769467353821,0.44512417912483215,0.1020743329885869,0.18519297560846174
validation,bf16,29400,51865,1,4.0,correct,g4-correct/29400-1.png,bda1571ab18a86f248ea63c9277f865ca82e1e137a63c0cf9dbab11fca01f7fd,40b419ca8b5118885e868fed2103a8ab523467d8fb16c86b7c9002c835890544,0.6020684242248535,0.4910929799079895,0.1482509852859239,0.2508554054070807
validation,bf16,29400,51865,0,4.0,wrong,g4-wrong/29400-0.png,def1423e081f9eace423b9a7848ecdc104345d9512f9f4b2f20f03796ee1a5a6,40b419ca8b5118885e868fed2103a8ab523467d8fb16c86b7c9002c835890544,0.5068055391311646,0.5386948585510254,-0.0032802577474540635,0.21283142058177626
validation,bf16,29400,51865,1,4.0,wrong,g4-wrong/29400-1.png,0a61313ac77e8f0f40d0ae9b0e11c5fa58e74f81e60584c5b99039df1468ad6e,40b419ca8b5118885e868fed2103a8ab523467d8fb16c86b7c9002c835890544,0.49032464623451233,0.6417698264122009,-0.1806645410247461,0.2277176506992107
validation,bf16,51865,37899,0,4.0,correct,g4-correct/51865-0.png,21a7c783783218a22843e1dbb3f59581094e44c6afd073ba1e79e6f65313e65a,2dfe65b24b19251e4fcbb42ffad8a5e9dcd0530ccf4a99ea24f46f1813ff6df8,0.6719008088111877,0.5462942123413086,0.13446192827409936,0.16416287073760888
validation,bf16,51865,37899,1,4.0,correct,g4-correct/51865-1.png,2c63814d6d12bc2bc6eb53b926a2a4577ec6c8ffe9179de071c35683e4901753,2dfe65b24b19251e4fcbb42ffad8a5e9dcd0530ccf4a99ea24f46f1813ff6df8,0.641510009765625,0.49500519037246704,0.18620981326968952,0.15651637989741815
validation,bf16,51865,37899,0,4.0,wrong,g4-wrong/51865-0.png,af57ca2b6c6d63c5cf9686d70f0f0c6b9f0ec15ccc669bcb6c8340b9e8691530,2dfe65b24b19251e4fcbb42ffad8a5e9dcd0530ccf4a99ea24f46f1813ff6df8,0.48069843649864197,0.8210031986236572,0.09535784691366314,0.14786159836376545
validation,bf16,51865,37899,1,4.0,wrong,g4-wrong/51865-1.png,e4934099f49fa1f8b69f3305a4044e8d83a70ba0c6c6851262bf3a9db8f50d35,2dfe65b24b19251e4fcbb42ffad8a5e9dcd0530ccf4a99ea24f46f1813ff6df8,0.5182319283485413,0.8780200481414795,-0.02818904312560805,0.11144785670018365
validation,bf16,37899,33256,0,4.0,correct,g4-correct/37899-0.png,02d7c02f7bb8b89c54b1d9e4861c2f7faf3adb6e72b6024b6aad55f4cd265d7d,629893a99bb17770d426478998a45344e27f8eba31b7e71752c77b289209c486,0.8910526037216187,0.5756895542144775,-0.05260637738602978,0.10094726591566605
validation,bf16,37899,33256,1,4.0,correct,g4-correct/37899-1.png,5d23c9766c6b5f405fa558c6e859c2bd4b56b75cecb5952cc4b6e9aec708d752,629893a99bb17770d426478998a45344e27f8eba31b7e71752c77b289209c486,0.7765832543373108,0.5747261047363281,0.04486488371511811,0.12387038127582609
validation,bf16,37899,33256,0,4.0,wrong,g4-wrong/37899-0.png,6c74e087e40a55a6abb9f59369128bb24259c9f789d36c993084ca504292e75d,629893a99bb17770d426478998a45344e27f8eba31b7e71752c77b289209c486,0.508368730545044,0.6158666014671326,-0.14211147487428552,0.2311089504834905
validation,bf16,37899,33256,1,4.0,wrong,g4-wrong/37899-1.png,5d545eb0f759f47a6ebc2f650429a3ede0ebeb35a8491855e133fa5f302cebe2,629893a99bb17770d426478998a45344e27f8eba31b7e71752c77b289209c486,0.505728006362915,0.5316450595855713,-0.21266860595011255,0.18091148438496008
validation,bf16,33256,56963,0,4.0,correct,g4-correct/33256-0.png,d2596a3ce8807740d0330251c93090199527e2f896f735e07e263099dee6757d,86b501873a0d26c60880d575e1f54af549d3b20cd28a16a7ca5289db1f67a9fc,0.7374296188354492,0.5073416829109192,0.2314866866544583,0.7017318310322788
validation,bf16,33256,56963,1,4.0,correct,g4-correct/33256-1.png,1f9b6ed7de4ee791d78afaa3d2f6dc3318565c2b2211590d046a0f64142037c2,86b501873a0d26c60880d575e1f54af549d3b20cd28a16a7ca5289db1f67a9fc,0.492742121219635,0.42636561393737793,0.03642518461899547,0.6484914950392913
validation,bf16,33256,56963,0,4.0,wrong,g4-wrong/33256-0.png,d6a871455d42bfb6585b81936a2c1a317e0ec8de91a7592b602472eb13d0c691,86b501873a0d26c60880d575e1f54af549d3b20cd28a16a7ca5289db1f67a9fc,0.6691766977310181,0.5404818654060364,0.15300751334486257,0.6008371902750637
validation,bf16,33256,56963,1,4.0,wrong,g4-wrong/33256-1.png,ca87fe494085f31150d238d94782efbcef31470b7087fce9ff0dbd994b7ce7a4,86b501873a0d26c60880d575e1f54af549d3b20cd28a16a7ca5289db1f67a9fc,0.7644636631011963,0.5645909309387207,0.2592869692586326,0.6284032190452157
validation,bf16,56963,71264,0,4.0,correct,g4-correct/56963-0.png,9e3cd93f7f03ac68290c041faed14fef95766b690c495d7ce4dd0e318014bd71,2a86f375d79414ab29ddb65865e5d49f8a11fba1e3cf6184b114e919ab8ebb7b,0.5007002949714661,0.45626306533813477,-0.3472988928165093,0.5419956397865534
validation,bf16,56963,71264,1,4.0,correct,g4-correct/56963-1.png,3222745bd3de1de45ef71ff0004f08f2e36248ecceffe0fd6d08b4cada02d51a,2a86f375d79414ab29ddb65865e5d49f8a11fba1e3cf6184b114e919ab8ebb7b,0.6136510372161865,0.5441843271255493,-0.0990550725016748,0.656095969501219
validation,bf16,56963,71264,0,4.0,wrong,g4-wrong/56963-0.png,e5786bfc6a31a14ebc6fc7805a17ed9779c68032e6d5f35130fffca55332dd2b,2a86f375d79414ab29ddb65865e5d49f8a11fba1e3cf6184b114e919ab8ebb7b,0.6286075711250305,0.5914345979690552,-0.11482019305845456,0.36592022240358335
validation,bf16,56963,71264,1,4.0,wrong,g4-wrong/56963-1.png,25e1224fcba3b35afdb6dee46a821c9c7fade10cfb90977fd41f6d913d183a0f,2a86f375d79414ab29ddb65865e5d49f8a11fba1e3cf6184b114e919ab8ebb7b,0.6262606978416443,0.5430006384849548,-0.17140683470709495,0.3264758111820908
validation,bf16,71264,38887,0,4.0,correct,g4-correct/71264-0.png,27ad70f2dbc3f1de477f2aa8ff9170c0ac9b6de0f620116c4783bcc47c24140f,1ab2809ecf5666a811dd554fad64cc76b25753a15d25ca61066543688aae7551,0.5753740072250366,0.6940541863441467,0.12802079915958406,0.2983692788831062
validation,bf16,71264,38887,1,4.0,correct,g4-correct/71264-1.png,db1f8b6bdaa8f95155c2a4dd8e4f0a23e9b922d5bab789239e7ac08d5be2f380,1ab2809ecf5666a811dd554fad64cc76b25753a15d25ca61066543688aae7551,0.6945235729217529,0.7209010720252991,-0.04645031316908609,0.2379790657295378
validation,bf16,71264,38887,0,4.0,wrong,g4-wrong/71264-0.png,83a34a840f31fe9e9e85a7a9caa8ca346b307c0c3324f3aef6aceea8ac21a11d,1ab2809ecf5666a811dd554fad64cc76b25753a15d25ca61066543688aae7551,0.5962467193603516,0.7253090739250183,0.18851287341322626,0.3663673878677826
validation,bf16,71264,38887,1,4.0,wrong,g4-wrong/71264-1.png,13cb56b3329e1142579b45084ea4ba1f45ad7feb3f36e8b394ab4bf8364ce698,1ab2809ecf5666a811dd554fad64cc76b25753a15d25ca61066543688aae7551,0.5894977450370789,0.7360862493515015,0.19025367012406752,0.3295081706910532
validation,bf16,38887,59101,0,4.0,correct,g4-correct/38887-0.png,134008aa4b1177f299a3af7b47476320980a58fc554f1efa91ab94655750740d,935314d65bbc6fcadf076d7a4ee3490c58e54c5cee96e829cdfdc18a2d883f7a,0.694705605506897,0.5342561602592468,0.0993732674823504,0.305804207324528
validation,bf16,38887,59101,1,4.0,correct,g4-correct/38887-1.png,0090e524982e7d1689efa0cd15bf40139748d1f08d49e3dc839bc5f4dccea038,935314d65bbc6fcadf076d7a4ee3490c58e54c5cee96e829cdfdc18a2d883f7a,0.7768312096595764,0.5722787380218506,0.14533941092400862,0.42140016679181785
validation,bf16,38887,59101,0,4.0,wrong,g4-wrong/38887-0.png,7664aa646686d3d3bf5ad3bc4a0e82d9f26c356a82b6291d937da1f1d6586974,935314d65bbc6fcadf076d7a4ee3490c58e54c5cee96e829cdfdc18a2d883f7a,0.5998561382293701,0.60892254114151,-0.1722442889159158,0.18644903553263847
validation,bf16,38887,59101,1,4.0,wrong,g4-wrong/38887-1.png,b3934b9f844f4a5324ab5e6c341932cfc13eab4c30cb9072498826cd95de641b,935314d65bbc6fcadf076d7a4ee3490c58e54c5cee96e829cdfdc18a2d883f7a,0.5656347870826721,0.6597784757614136,-0.09203930393069674,0.28453416529308984
validation,bf16,59101,29511,0,4.0,correct,g4-correct/59101-0.png,a02fbe7fdfc18a2ecdc27c952a199bd42f4e431b875bd35deea71b880ad8e314,a5a329854569c769d5979c8a8e7d124a054c4337774cc0c1faef19013c99764c,0.7308326959609985,0.5002796649932861,-0.13422712286122532,0.15841942421477997
validation,bf16,59101,29511,1,4.0,correct,g4-correct/59101-1.png,fd107dc2cc26fe84ff06d8963c51820cdb7a811c480a80cf83641058a3856e96,a5a329854569c769d5979c8a8e7d124a054c4337774cc0c1faef19013c99764c,0.6276946067810059,0.453558087348938,0.1687578247619624,0.18148342527471908
validation,bf16,59101,29511,0,4.0,wrong,g4-wrong/59101-0.png,75468fb8e0083c7f2cb57e5a5100f4510388386e693db76f1f5071bb27eafc77,a5a329854569c769d5979c8a8e7d124a054c4337774cc0c1faef19013c99764c,0.5140310525894165,0.5168009996414185,-0.1251936715703223,0.2321831073294036
validation,bf16,59101,29511,1,4.0,wrong,g4-wrong/59101-1.png,c9bc51247f7b129e2b230943c5a1e0d833f23b40949713a18189d9d70ea28833,a5a329854569c769d5979c8a8e7d124a054c4337774cc0c1faef19013c99764c,0.5139160752296448,0.5039427280426025,0.00804706046521393,0.23151117119756415
validation,bf16,29511,58157,0,4.0,correct,g4-correct/29511-0.png,71e70dee07423014fdddb4aa1c05a4e61e5be9c46cfba02f9f9b827918ff96a8,817d80b6c9a309e1dfa865392dcf7d7ecd062491eb05e93e5aa65a6b401fc43d,0.56261146068573,0.4621894061565399,0.3839878223127859,0.7640211046282697
validation,bf16,29511,58157,1,4.0,correct,g4-correct/29511-1.png,1625a7f79b6126f470fc5edf04515b4dcd3ab4e252693ecbebe3f6b609896644,817d80b6c9a309e1dfa865392dcf7d7ecd062491eb05e93e5aa65a6b401fc43d,0.429610013961792,0.3295151889324188,0.7223634594768233,0.762266877551267
validation,bf16,29511,58157,0,4.0,wrong,g4-wrong/29511-0.png,2dd6227b3d9e4c24544bb3aa754ef683ddc42a9b17191b8373dc0727d5ac4a9d,817d80b6c9a309e1dfa865392dcf7d7ecd062491eb05e93e5aa65a6b401fc43d,0.39664337038993835,0.5685229897499084,-0.155901983279921,0.49884336408797336
validation,bf16,29511,58157,1,4.0,wrong,g4-wrong/29511-1.png,b44d3e93870407133a91b96bec021ce741172c1c7517faa8c7addb3a05aad814,817d80b6c9a309e1dfa865392dcf7d7ecd062491eb05e93e5aa65a6b401fc43d,0.4835206866264343,0.7190934419631958,-0.218037672787628,0.4202843506210028
validation,bf16,58157,31251,0,4.0,correct,g4-correct/58157-0.png,16d2e45cc6329c0a3b4182e566fcde3dd974ded98d098276e94f5ad763e5493f,4b61f00d9bdcd41ace4a004be41ee4d4a23ad5a776e6f35ae572d4f3eee05833,0.5625461935997009,0.5941751003265381,0.05338069933955699,0.36748818413487383
validation,bf16,58157,31251,1,4.0,correct,g4-correct/58157-1.png,88c4117e145ea187c0fda3c1855b54635e88144795117addb3dcdea81a8a1d13,4b61f00d9bdcd41ace4a004be41ee4d4a23ad5a776e6f35ae572d4f3eee05833,0.6977559924125671,0.5467725396156311,0.11904126425230203,0.3899619523494822
validation,bf16,58157,31251,0,4.0,wrong,g4-wrong/58157-0.png,c437facf345ad4272cf40cb8fd0fe6011cacca5e6f23bc49635ce8200106316c,4b61f00d9bdcd41ace4a004be41ee4d4a23ad5a776e6f35ae572d4f3eee05833,0.32513362169265747,0.5725910663604736,-0.24695943661951933,0.35094750096267835
validation,bf16,58157,31251,1,4.0,wrong,g4-wrong/58157-1.png,5524aef63397ea6be2018616d6e284f085215dd2dbdfd9cac1662d798fafe1b8,4b61f00d9bdcd41ace4a004be41ee4d4a23ad5a776e6f35ae572d4f3eee05833,0.33568844199180603,0.5412219166755676,0.023453439320556792,0.25860836962140243
validation,bf16,31251,67261,0,4.0,correct,g4-correct/31251-0.png,b31a4477bcb03fe600aaef8a42252be08746bf69e22505341d8f6067ccff5aba,e5f0e3a8dc2c1565ea64895ca5a006b9bb42d38db54d6b7250819fac9437ba10,0.5926641225814819,0.5896396040916443,0.03185858792860838,0.23003688936553118
validation,bf16,31251,67261,1,4.0,correct,g4-correct/31251-1.png,3fb8cf984f9b09e3327d43fc7a902ebb8104a9cbeefefe4c771a08df7d90bb37,e5f0e3a8dc2c1565ea64895ca5a006b9bb42d38db54d6b7250819fac9437ba10,0.5117783546447754,0.4769139587879181,-0.32143108383279023,0.2805722058320152
validation,bf16,31251,67261,0,4.0,wrong,g4-wrong/31251-0.png,1601a3ae5e28656ecf7bc3c6e13a8cfb52cf33bf7d22cf0932cdd0485d1a6884,e5f0e3a8dc2c1565ea64895ca5a006b9bb42d38db54d6b7250819fac9437ba10,0.4094294607639313,0.39896947145462036,0.060127729251474214,0.1935459656012376
validation,bf16,31251,67261,1,4.0,wrong,g4-wrong/31251-1.png,5401b1fd0edfcc99b20123b4f05eb06cd413e6860ad149642b7a268a0a54fe73,e5f0e3a8dc2c1565ea64895ca5a006b9bb42d38db54d6b7250819fac9437ba10,0.4979588985443115,0.48405319452285767,-0.3478976339262033,0.2185807090339323
validation,bf16,67261,43211,0,4.0,correct,g4-correct/67261-0.png,b62c0c4e793c55ec66546c0078f060afd04f78cfb346b88f12aab48bab121972,07d147ea3b9d3318ea32f5e662fa389b31b191e1a62054fbee38368b34abad9a,0.5032469630241394,0.444710910320282,-0.1522332600980972,0.22949125166159715
validation,bf16,67261,43211,1,4.0,correct,g4-correct/67261-1.png,c528f00967fdc65eb29c2c2bcf4d949f13cbc3d575ecdc1228c1fa72ac351e7d,07d147ea3b9d3318ea32f5e662fa389b31b191e1a62054fbee38368b34abad9a,0.5221548080444336,0.4704265892505646,0.2074169558565842,0.19475087762393137
validation,bf16,67261,43211,0,4.0,wrong,g4-wrong/67261-0.png,be282b057a9d710f11369969f67d94d175876f2bc82fa551e5ae7d11f4ce367f,07d147ea3b9d3318ea32f5e662fa389b31b191e1a62054fbee38368b34abad9a,0.5746477246284485,0.6422889232635498,-0.04651082610672564,0.42896222753871305
validation,bf16,67261,43211,1,4.0,wrong,g4-wrong/67261-1.png,43c742736e7003d62d061061fce3d6752b738f1b00dee69824d7a71869303720,07d147ea3b9d3318ea32f5e662fa389b31b191e1a62054fbee38368b34abad9a,0.5506677627563477,0.6100871562957764,-0.042802301394870505,0.420763332347798
validation,fp32,43211,17865,0,4.0,correct,g4-correct/43211-0.png,b2df110d01377f6437c8897ba797c37059307cecbf744d616b698af131ac4846,51997d1b8dfb2ba5536f803a6a501f92ac7aa8de559cd12422c94d8dcdafa75f,0.6350151896476746,0.6790909171104431,-0.15313980851837397,0.43526943545706126
validation,fp32,43211,17865,1,4.0,correct,g4-correct/43211-1.png,9d877f28f80984d78f1cad95755dc903ce3f5036c12dd3f55f0e72137a975a46,51997d1b8dfb2ba5536f803a6a501f92ac7aa8de559cd12422c94d8dcdafa75f,0.746446967124939,0.7731800079345703,0.05282655768967629,0.42974339696160363
validation,fp32,43211,17865,0,4.0,wrong,g4-wrong/43211-0.png,6ce7c0cfd8aef2e8a904a8ea0e96fe5ae19d6f68184aabe47e2050c6b92b6c8b,51997d1b8dfb2ba5536f803a6a501f92ac7aa8de559cd12422c94d8dcdafa75f,0.6370915174484253,0.754397988319397,0.24455510980457684,0.45308531345322167
validation,fp32,43211,17865,1,4.0,wrong,g4-wrong/43211-1.png,3f0ddf41d1c1bc10269ad531aba465125453019bd1fefeb65dcac2b614c3a12c,51997d1b8dfb2ba5536f803a6a501f92ac7aa8de559cd12422c94d8dcdafa75f,0.5711840987205505,0.6458374857902527,0.2270010239982272,0.4514483605504216
validation,fp32,17865,54054,0,4.0,correct,g4-correct/17865-0.png,eb5ae7dcb605e92234799d24a32020bdaa25a910b4d9f26f1825c27160d9987a,e5721f7fc6a25892b67b1890444205c11a4b42650846fb8c32692ebfc24a5e21,0.7048527002334595,0.48806244134902954,0.6619285491401251,0.6498953931083618
validation,fp32,17865,54054,1,4.0,correct,g4-correct/17865-1.png,e51b353b86e72a07dd6e442b42f48f93013d1f3df4161bd1d4da099ff2e7dc58,e5721f7fc6a25892b67b1890444205c11a4b42650846fb8c32692ebfc24a5e21,0.7101118564605713,0.47579705715179443,0.7745748163581423,0.682807986205734
validation,fp32,17865,54054,0,4.0,wrong,g4-wrong/17865-0.png,d6f354240d7f38cfd64e60e7f6111282a38e33f4127f20bda7d730fbae7c60ba,e5721f7fc6a25892b67b1890444205c11a4b42650846fb8c32692ebfc24a5e21,0.6360894441604614,0.4870254695415497,-0.44460813286023243,0.28212496384261065
validation,fp32,17865,54054,1,4.0,wrong,g4-wrong/17865-1.png,6b3450a0fae58f85de2fa8020d4a42be697f5463faed3e9f4a36c431f7e2a36e,e5721f7fc6a25892b67b1890444205c11a4b42650846fb8c32692ebfc24a5e21,0.5913453102111816,0.5073490142822266,-0.04363374102350477,0.3292832245647346
validation,fp32,54054,25374,0,4.0,correct,g4-correct/54054-0.png,d48dde0035960419b1d0e5c4cc5f494534be4cdc6fef0d2378cc3ac2dca62503,0db80f2d7af980752c3784ad0042e73a874a5deb2674c608d33e040fe95a43eb,0.46531715989112854,0.4333595037460327,0.28900517789983615,0.270927464351534
validation,fp32,54054,25374,1,4.0,correct,g4-correct/54054-1.png,1e9f8a3850e4b2fc24508686fad6fe645dbfd31cefa5aa5dee306434b42f6c25,0db80f2d7af980752c3784ad0042e73a874a5deb2674c608d33e040fe95a43eb,0.5040885806083679,0.44756880402565,-0.02550845888901248,0.27868549681603233
validation,fp32,54054,25374,0,4.0,wrong,g4-wrong/54054-0.png,99f19d90668c8984030e858377968b11ab5376f1ceb1f5870e81ecee6a5bd9ea,0db80f2d7af980752c3784ad0042e73a874a5deb2674c608d33e040fe95a43eb,0.49187156558036804,0.46867120265960693,0.1100886232526669,0.24459262183452535
validation,fp32,54054,25374,1,4.0,wrong,g4-wrong/54054-1.png,679b283eadcd555269367fd90c75901447f652230a592b7dc0a9ae0248de32f2,0db80f2d7af980752c3784ad0042e73a874a5deb2674c608d33e040fe95a43eb,0.4962823688983917,0.6168543100357056,-0.08759574463839814,0.28230438809678293
validation,fp32,25374,48911,0,4.0,correct,g4-correct/25374-0.png,21421c54a900a61be6a355ffd5b9ce291c467fc32a1ae5395c030786dd4222d5,37f95ff4b1366fba53a914809bf816cb99a935f4eeb41f5594bd180a43d18f68,0.6082503795623779,0.5695377588272095,0.22094234960530645,0.3019386113751689
validation,fp32,25374,48911,1,4.0,correct,g4-correct/25374-1.png,5e1c5e87284c26bf2afe6ccb75321c7fb58db24e882f75ac60b303e6545e598f,37f95ff4b1366fba53a914809bf816cb99a935f4eeb41f5594bd180a43d18f68,0.5705946087837219,0.5194396376609802,0.026485271414509327,0.35022833589698055
validation,fp32,25374,48911,0,4.0,wrong,g4-wrong/25374-0.png,a33050413a991d200fac133918fc87bff1537032af2469b8e9925bd5d9b512cf,37f95ff4b1366fba53a914809bf816cb99a935f4eeb41f5594bd180a43d18f68,0.41001027822494507,0.49582239985466003,0.07905071738467191,0.34858348403391504
validation,fp32,25374,48911,1,4.0,wrong,g4-wrong/25374-1.png,3753c957264beb9d22e3585d4b0a130f2b20fc50f3d0ff8a4c0e3b04bc25af8a,37f95ff4b1366fba53a914809bf816cb99a935f4eeb41f5594bd180a43d18f68,0.4916040003299713,0.6675089597702026,-0.13180449929936003,0.3201543093716464
validation,fp32,48911,15191,0,4.0,correct,g4-correct/48911-0.png,c04d6dc0fd614de3ed8afc28352176c17b87e368eb435aad836730cfa9c65de0,8ad68502859bf42c9102a042830eee55294dbb5c926064febb48b07944b52f81,0.650628924369812,0.5806094408035278,0.012782714142395471,0.17457297259557975
validation,fp32,48911,15191,1,4.0,correct,g4-correct/48911-1.png,96ca3dcdd09c173f22b97965bb72db518a94363a8d356afbb64635840d30df2a,8ad68502859bf42c9102a042830eee55294dbb5c926064febb48b07944b52f81,0.5551964640617371,0.4895939230918884,0.10440622437826669,0.15235137889174657
validation,fp32,48911,15191,0,4.0,wrong,g4-wrong/48911-0.png,79e76c007e141c208b2a6ee61029698125eb425301cc20792367f3ae44f12274,8ad68502859bf42c9102a042830eee55294dbb5c926064febb48b07944b52f81,0.5286740660667419,0.5427864789962769,0.020119652490304934,0.1901629718895504
validation,fp32,48911,15191,1,4.0,wrong,g4-wrong/48911-1.png,a11175f44cc9fe58d16d031d2ace18c342cd9e3abdd088ea87ebed4800187aee,8ad68502859bf42c9102a042830eee55294dbb5c926064febb48b07944b52f81,0.4990391731262207,0.5689516663551331,0.0707097478612372,0.23678784109959544
validation,fp32,15191,28157,0,4.0,correct,g4-correct/15191-0.png,5777a804155b065d2a704fe9ae15d8d495e746727a73683740d73a61085d833a,537bbfdfce21f636e1015158b194a4e2d2d689de6ff0321e5eb3908f0493cb51,0.5090712308883667,0.6350407600402832,-0.0412414161511259,0.1367615875821942
validation,fp32,15191,28157,1,4.0,correct,g4-correct/15191-1.png,bf3d71a4e1eee0af18f0eb40282d66e80032c9d4a248909a19a60a5f041fd011,537bbfdfce21f636e1015158b194a4e2d2d689de6ff0321e5eb3908f0493cb51,0.5617232918739319,0.6756902933120728,0.26079080348581507,0.15345193019597048
validation,fp32,15191,28157,0,4.0,wrong,g4-wrong/15191-0.png,e2ebe857430289400212f5531061db1c36a3563622e8916b51330ee1aa3dbe26,537bbfdfce21f636e1015158b194a4e2d2d689de6ff0321e5eb3908f0493cb51,0.5832341313362122,0.65645831823349,0.08979429077770669,0.12009164993519492
validation,fp32,15191,28157,1,4.0,wrong,g4-wrong/15191-1.png,1a40455a4a29fc92a6e8afbe4b5e9549ecd70aa0750a9250b2a5d981f55aa909,537bbfdfce21f636e1015158b194a4e2d2d689de6ff0321e5eb3908f0493cb51,0.5872360467910767,0.6678181290626526,0.06209340252784234,0.0990120849432758
validation,fp32,28157,29610,0,4.0,correct,g4-correct/28157-0.png,d7b3ea568ef7756d27c36b95fa25dc9be224660d9d0adff963fbcd4530be825f,ec925fe3fab5e7b1bb5d16156520ab338c7943b8b515d2fa26dba8141aa937f8,0.641929030418396,0.5126001834869385,-0.05292470199497346,0.2916765730256619
validation,fp32,28157,29610,1,4.0,correct,g4-correct/28157-1.png,34db8d677997c6b6874ee8a73e73628d645a820e1b91aef7cdd4cf129669fed2,ec925fe3fab5e7b1bb5d16156520ab338c7943b8b515d2fa26dba8141aa937f8,0.667803168296814,0.529861330986023,-0.006346057924635645,0.34236421032297015
validation,fp32,28157,29610,0,4.0,wrong,g4-wrong/28157-0.png,c3c930776cd9781a2928c6ce6fd36b66a17cf0600893164493cb1282782ffe46,ec925fe3fab5e7b1bb5d16156520ab338c7943b8b515d2fa26dba8141aa937f8,0.6425636410713196,0.8083454370498657,-0.194318439550213,0.1750417442157512
validation,fp32,28157,29610,1,4.0,wrong,g4-wrong/28157-1.png,7d7d1428fcb0dfd9ee27f9ed175c1c78d99880b1577eeb289f5876d2a45d2f9e,ec925fe3fab5e7b1bb5d16156520ab338c7943b8b515d2fa26dba8141aa937f8,0.6616675853729248,0.6630798578262329,-0.19213168493485183,0.21787583295683968
validation,fp32,29610,13223,0,4.0,correct,g4-correct/29610-0.png,8661c5e48f508e1476881040ea886f8f037f2f6cbe35d0d98f1625d7a15cee6d,2ae50f9742d391fd0fe71c0bfef43df838fa3ca392535725cf68c53bbb1f563d,0.7145002484321594,0.6827255487442017,0.07825672848758522,0.16709094687953024
validation,fp32,29610,13223,1,4.0,correct,g4-correct/29610-1.png,9e1d1273ed79b20059be4cfaf5cc015df3780705a80069fb8123246616728fff,2ae50f9742d391fd0fe71c0bfef43df838fa3ca392535725cf68c53bbb1f563d,0.5744626522064209,0.5154638290405273,-0.019061226649917516,0.16608397299434585
validation,fp32,29610,13223,0,4.0,wrong,g4-wrong/29610-0.png,41020ba58e3afd6d6caf7549eb75eb434cbdfd8cff7db8678c5034f7ae73b9d3,2ae50f9742d391fd0fe71c0bfef43df838fa3ca392535725cf68c53bbb1f563d,0.5786921977996826,0.5944352149963379,-0.09726031196847186,0.2737364462986029
validation,fp32,29610,13223,1,4.0,wrong,g4-wrong/29610-1.png,2e8b3debaf3bae72827c6d997bf0acb56e09f9ca84cb42404abcf0675ac88d0f,2ae50f9742d391fd0fe71c0bfef43df838fa3ca392535725cf68c53bbb1f563d,0.6181859374046326,0.6867837905883789,-0.04346224604946405,0.25474707320495343
validation,fp32,13223,62587,0,4.0,correct,g4-correct/13223-0.png,a51e591524ff1581c6fb89f00babca518b94ebe605f12bb42c053f80ec8b2c1b,151ac8204aa06a1329ec12935f38119f3c7da229681b903942203c3f8a0e3524,0.6538264155387878,0.6692825555801392,0.3964588917396087,0.4601017910833124
validation,fp32,13223,62587,1,4.0,correct,g4-correct/13223-1.png,73484656ec0718df0115cc70c1921c5a30904f3d73c54ecccde2c0a57c35b985,151ac8204aa06a1329ec12935f38119f3c7da229681b903942203c3f8a0e3524,0.5339711308479309,0.551658034324646,0.65364303965846,0.4762703916864554
validation,fp32,13223,62587,0,4.0,wrong,g4-wrong/13223-0.png,192d5b4b8594f2c5098661ac7eb5e0e69bff1c3eed661408ba0722a231ed46f4,151ac8204aa06a1329ec12935f38119f3c7da229681b903942203c3f8a0e3524,0.6531287431716919,0.7501797676086426,-0.0896140947125961,0.3165326858445068
validation,fp32,13223,62587,1,4.0,wrong,g4-wrong/13223-1.png,060b74c81c04b3af9924e25da76b5b305ce78e43303addfa7bbacc88d763606e,151ac8204aa06a1329ec12935f38119f3c7da229681b903942203c3f8a0e3524,0.6481845378875732,0.6451932191848755,0.26365264074403333,0.3802735910504263
validation,fp32,62587,34998,0,4.0,correct,g4-correct/62587-0.png,3e7fa2c93652817f91723285e13135d65574aea1cf4f368a5ff7387132949b09,2e2aff2f23fc2b9925dee499af061bc8faf0e4b2205408190483ebb27887b89f,0.4475782811641693,0.4013357162475586,0.34331682186987833,0.3934820343512846
validation,fp32,62587,34998,1,4.0,correct,g4-correct/62587-1.png,96121375f5163fa0aa2bcc0f5732049f0b33612cd4840aaf6763a483b68f3ffd,2e2aff2f23fc2b9925dee499af061bc8faf0e4b2205408190483ebb27887b89f,0.7487977743148804,0.5610147714614868,0.37704268139281183,0.4010595782465638
validation,fp32,62587,34998,0,4.0,wrong,g4-wrong/62587-0.png,40f1b84d3f5b9abffcc846b01fcdd5f775d3614f9e7fcc3534f36c0373b272fe,2e2aff2f23fc2b9925dee499af061bc8faf0e4b2205408190483ebb27887b89f,0.6159293055534363,0.8623557090759277,-0.011530137267219619,0.3801558375895515
validation,fp32,62587,34998,1,4.0,wrong,g4-wrong/62587-1.png,4c2914964dc45b7228817e0cb7a65d9b4dbd75a057e3d60eb922ecec6ef45339,2e2aff2f23fc2b9925dee499af061bc8faf0e4b2205408190483ebb27887b89f,0.6010000705718994,0.8789176940917969,0.08116699279895023,0.3751810473057004
validation,fp32,34998,29815,0,4.0,correct,g4-correct/34998-0.png,dd54c76810defe9ff3c96249b30fecc33d2bb915197cbc00850a78b3e3b70fc2,6f805d3582b97d85cd70ae69a48a89bffc50b7fa4e3193e80c213cd9182003ab,0.8305506706237793,0.5431967377662659,0.18815390057029588,0.42619962827997127
validation,fp32,34998,29815,1,4.0,correct,g4-correct/34998-1.png,5e9c15372edd3cf14bbaaaaa87a124bfca18a9b8e328c609733174a72eef1d63,6f805d3582b97d85cd70ae69a48a89bffc50b7fa4e3193e80c213cd9182003ab,0.8346154689788818,0.5798584818840027,0.200289819563978,0.3262340183680581
validation,fp32,34998,29815,0,4.0,wrong,g4-wrong/34998-0.png,38c86a27534f8ce9386aa0460bb6e5ac4ce5cd219cbef944e6e64b92318226ff,6f805d3582b97d85cd70ae69a48a89bffc50b7fa4e3193e80c213cd9182003ab,0.563194751739502,0.7534465789794922,0.09535517189130006,0.44882876848025843
validation,fp32,34998,29815,1,4.0,wrong,g4-wrong/34998-1.png,232e4489f2372f3a63ef1a36393d6421d4268e2b51693943c35c8ae6b49058d4,6f805d3582b97d85cd70ae69a48a89bffc50b7fa4e3193e80c213cd9182003ab,0.5385423302650452,0.8873613476753235,0.02041691390938634,0.4637410931770492
validation,fp32,29815,42302,0,4.0,correct,g4-correct/29815-0.png,e438dc9a99d0550e9ae01bcd89421071d64d68e55b08dee31cb2d31ec26a43b1,a39add8080e3550675b96b362a37fab98f076206646784747727aba02ccb441f,0.8434373140335083,0.4664050340652466,0.20030349724497581,0.6572401108646067
validation,fp32,29815,42302,1,4.0,correct,g4-correct/29815-1.png,a8b3a9c3755611106cd3400a951a2eea895954dcfd94739fda89fe2a7fb813c9,a39add8080e3550675b96b362a37fab98f076206646784747727aba02ccb441f,0.7831830978393555,0.4820776879787445,0.38472307561180924,0.6022048875553513
validation,fp32,29815,42302,0,4.0,wrong,g4-wrong/29815-0.png,bc3346cfab9bdc83385d26400789d52f92045fef7bb2d54a04b77fd95959be40,a39add8080e3550675b96b362a37fab98f076206646784747727aba02ccb441f,0.5384289026260376,0.6028795838356018,-0.012874888115862411,0.6236959253318984
validation,fp32,29815,42302,1,4.0,wrong,g4-wrong/29815-1.png,f39c818965e6e563cdd5751826e40e71be77fe3995082ac31421f4ce35107ff7,a39add8080e3550675b96b362a37fab98f076206646784747727aba02ccb441f,0.5812366604804993,0.5775828957557678,0.1883253372673218,0.31514226252880095
validation,fp32,42302,68553,0,4.0,correct,g4-correct/42302-0.png,6843c8c4b65e7e501957bb81691cdef78f08af814cc6175094687269c8545d70,798d9a0e9714488f7c39c6060133997bdf84645985fa35d4a29fbb7903237138,0.5474284887313843,0.5595921874046326,0.1375047786236608,0.1428491461994738
validation,fp32,42302,68553,1,4.0,correct,g4-correct/42302-1.png,788314a8dcaf4cc0b47d061bfab5833367ac9d2324d69953f44be46e03d83917,798d9a0e9714488f7c39c6060133997bdf84645985fa35d4a29fbb7903237138,0.5527703166007996,0.5382644534111023,0.2574143501904431,0.1518094479878998
validation,fp32,42302,68553,0,4.0,wrong,g4-wrong/42302-0.png,ad215b00009eea530b71df9240fc8cb3db1b107d0c501ef7dca6fa357f05cf91,798d9a0e9714488f7c39c6060133997bdf84645985fa35d4a29fbb7903237138,0.4279831647872925,0.6252843141555786,-0.03631996431275722,0.1011575342476078
validation,fp32,42302,68553,1,4.0,wrong,g4-wrong/42302-1.png,284387e0f9dbc1ea70d1086c16b2c36401b47f941bb9eea3449536a36d71b994,798d9a0e9714488f7c39c6060133997bdf84645985fa35d4a29fbb7903237138,0.4831359386444092,0.6459629535675049,0.18955937513131732,0.1383551613179455
validation,fp32,68553,65690,0,4.0,correct,g4-correct/68553-0.png,e2275c59fd2c7446c64e75ef0e37569ededa388a45d1c38784314f928cf27f72,caf8bc08485eefd14cba2623b55ca9f95e63a0503c4ed55a73001f8f0df0cca1,0.666925847530365,0.6122130155563354,0.042220132461299145,0.33487365879755937
validation,fp32,68553,65690,1,4.0,correct,g4-correct/68553-1.png,58afa6c4125d3f022ef96339c1f8b700b5c89196c0fe8fdcc5ed6a4133f3ecf8,caf8bc08485eefd14cba2623b55ca9f95e63a0503c4ed55a73001f8f0df0cca1,0.5530295372009277,0.5124390721321106,0.06575984841998594,0.3346877547277952
validation,fp32,68553,65690,0,4.0,wrong,g4-wrong/68553-0.png,748cd41913ab3ba112d064b9ae2c28b850061665bd72ab0248d96177d2905fae,caf8bc08485eefd14cba2623b55ca9f95e63a0503c4ed55a73001f8f0df0cca1,0.34062179923057556,0.4414351284503937,0.13240960595107581,0.3351346935933661
validation,fp32,68553,65690,1,4.0,wrong,g4-wrong/68553-1.png,ad7b800f2af8ea9df242df7f2c7c8cfcf6f9cbcc8889ff10015597769596a060,caf8bc08485eefd14cba2623b55ca9f95e63a0503c4ed55a73001f8f0df0cca1,0.4763372242450714,0.5073920488357544,0.1892098626762012,0.4183853851981348
validation,fp32,65690,41120,0,4.0,correct,g4-correct/65690-0.png,02c2674cec643eaa26d656d39cbd9ec87b987d85824b7627ff1f2f8200756cc8,35857398d867ad0f304a016cfa80fd961782df553341722457076961b12d547a,0.4770951569080353,0.46324092149734497,0.20090969600190411,0.4614139049392088
validation,fp32,65690,41120,1,4.0,correct,g4-correct/65690-1.png,e275fa52a972545fabdb2c7f16f223a03f3fda8994ba4339ed1c38266ba009a3,35857398d867ad0f304a016cfa80fd961782df553341722457076961b12d547a,0.6608000993728638,0.5585381388664246,0.025353809377908015,0.3942829517698919
validation,fp32,65690,41120,0,4.0,wrong,g4-wrong/65690-0.png,1293ef5d5300b0bf1332db35c41e45b58fc63e9043c72977e387a4256e63eb13,35857398d867ad0f304a016cfa80fd961782df553341722457076961b12d547a,0.6883627772331238,0.5956257581710815,0.10105940174744031,0.36070280711204356
validation,fp32,65690,41120,1,4.0,wrong,g4-wrong/65690-1.png,6a0e833b8680bf794a760656f3a23c2812810915156a3e42ad2f4dbae8004a45,35857398d867ad0f304a016cfa80fd961782df553341722457076961b12d547a,0.7482309341430664,0.7139921188354492,0.076885392304008,0.23374633902502082
validation,fp32,41120,64050,0,4.0,correct,g4-correct/41120-0.png,6026ce902f97afcd49572756431bd0c1c5eab7cd4662d3b68010f902ceda43d7,d03dcc249f7451f3f8ada458ec2d88f728188963580a6a8e7deb249fa372e0aa,0.5797675251960754,0.6100183129310608,0.05442857842998268,0.0489108161354144
validation,fp32,41120,64050,1,4.0,correct,g4-correct/41120-1.png,d3ae1a33d436a490ed78e6c465bb54c19ff909b23fe3596da5f24a48ef360340,d03dcc249f7451f3f8ada458ec2d88f728188963580a6a8e7deb249fa372e0aa,0.523869514465332,0.5721056461334229,-0.04882661844334949,0.05542831665898406
validation,fp32,41120,64050,0,4.0,wrong,g4-wrong/41120-0.png,a4d7659cec6427754096393398ed9346bb64befc84a05c264928ded13038b98f,d03dcc249f7451f3f8ada458ec2d88f728188963580a6a8e7deb249fa372e0aa,0.5787127614021301,0.7285352349281311,0.045224679938408466,0.046993085276822597
validation,fp32,41120,64050,1,4.0,wrong,g4-wrong/41120-1.png,1c9fde5516c96f4d221ef62a96656ae8e3d01f61009b8d096dc2feeb80a42952,d03dcc249f7451f3f8ada458ec2d88f728188963580a6a8e7deb249fa372e0aa,0.6040780544281006,0.7193673253059387,-0.041756804212654555,0.053120861599504764
validation,fp32,64050,21558,0,4.0,correct,g4-correct/64050-0.png,441d03bc8d41dcc1891cca2290f202c23f5652134bc0bb814967b3a017407101,63d4473c9bd7d578297cfd4edd274ad9e82bac7b6faa64d88c28976d6ec1fb5f,0.7084373831748962,0.5465022921562195,0.17048968912082443,0.4463536567590203
validation,fp32,64050,21558,1,4.0,correct,g4-correct/64050-1.png,1c2c8af073f1cd49d2f97f02e37c98c96ddb310c81dbe13711908b6139a31b32,63d4473c9bd7d578297cfd4edd274ad9e82bac7b6faa64d88c28976d6ec1fb5f,0.6772038340568542,0.5086755156517029,0.4447161563357007,0.42460002945510295
validation,fp32,64050,21558,0,4.0,wrong,g4-wrong/64050-0.png,13e584ec9cd35b620fe41b92cae1b9e5d96acda522c5a29d3db7dea8429127a7,63d4473c9bd7d578297cfd4edd274ad9e82bac7b6faa64d88c28976d6ec1fb5f,0.6311913728713989,0.7259609699249268,-0.4029602228219606,0.303612205143976
validation,fp32,64050,21558,1,4.0,wrong,g4-wrong/64050-1.png,cf9d3ceaf7eb6ef8b8dde671a062b15130b12a6bb2e4550b78a12e511b9a9889,63d4473c9bd7d578297cfd4edd274ad9e82bac7b6faa64d88c28976d6ec1fb5f,0.573611319065094,0.6514492630958557,-0.03639771106925455,0.4125107025590271
validation,fp32,21558,16800,0,4.0,correct,g4-correct/21558-0.png,4cda1aa518633aa0addcf232d93fe49a9cbb4c37f1b811a9bef29c2ed10ef36d,6362e4fc28bde29a837b05e6b7e0d6812cc400f7647f05718b8a2220121a141f,0.6652538180351257,0.6019932627677917,0.31206667628276724,0.4164240369332851
validation,fp32,21558,16800,1,4.0,correct,g4-correct/21558-1.png,ae5aee270f4f877b793fcd6932b1cd6daaf3d7cdefb679cc7159c7b3f2d66794,6362e4fc28bde29a837b05e6b7e0d6812cc400f7647f05718b8a2220121a141f,0.7157278656959534,0.625639021396637,-0.028796823509739666,0.26282686883773576
validation,fp32,21558,16800,0,4.0,wrong,g4-wrong/21558-0.png,2302a7bf7213fce844dcb7b3ab3e31371dec2fc691378538e367863f100577f2,6362e4fc28bde29a837b05e6b7e0d6812cc400f7647f05718b8a2220121a141f,0.4759659767150879,0.5802227854728699,-0.01270976719029949,0.4241319821721181
validation,fp32,21558,16800,1,4.0,wrong,g4-wrong/21558-1.png,750a5b15080fd441db004c5c6f618dcae8170e78e6323e33b4cbe00c6b7b3c4f,6362e4fc28bde29a837b05e6b7e0d6812cc400f7647f05718b8a2220121a141f,0.49472665786743164,0.6276131272315979,-0.056789071157928,0.3203559849259849
validation,fp32,16800,5683,0,4.0,correct,g4-correct/16800-0.png,5f1e0a075d7675afae90f65345d2a974afa17096dc4c239e336ddd005379647a,ff7fee16db8e33ae75b4486a28b577318c44ec7808cb9ba370cef6cc3db9be07,0.5913274884223938,0.5558045506477356,-0.04470748166985395,0.3977961176258662
validation,fp32,16800,5683,1,4.0,correct,g4-correct/16800-1.png,e331fd90e9e99609b6defc30567e997b5b2583140b799ce0140b2020af5ac1c0,ff7fee16db8e33ae75b4486a28b577318c44ec7808cb9ba370cef6cc3db9be07,0.6745288968086243,0.5854535102844238,-0.02912421618774708,0.4307339754610693
validation,fp32,16800,5683,0,4.0,wrong,g4-wrong/16800-0.png,582b8161e49b91c4a3340373c16c63e74dff8c531947fb7d946beeee920e16ed,ff7fee16db8e33ae75b4486a28b577318c44ec7808cb9ba370cef6cc3db9be07,0.53611159324646,0.6881721019744873,-0.07161602723349846,0.3726890988028206
validation,fp32,16800,5683,1,4.0,wrong,g4-wrong/16800-1.png,6a587a5e586d7d2090e7e7c769c8b0e27bf7031ecf7a8e2bfdc754a618d670c1,ff7fee16db8e33ae75b4486a28b577318c44ec7808cb9ba370cef6cc3db9be07,0.5453571677207947,0.7252604961395264,0.17372435157169228,0.38518320509461607
validation,fp32,5683,29400,0,4.0,correct,g4-correct/5683-0.png,242b2155c80dc8565f7f170ba95c21e182f72b2f18c9daf9ffde7b66d2d3a563,dab15aaea07924ca092204e2fccc2a4004374624a14d2f2fb7edd39e5d51b572,0.7184586524963379,0.45816847681999207,-0.13447767935626673,0.43594850091663956
validation,fp32,5683,29400,1,4.0,correct,g4-correct/5683-1.png,dd6b652114b6837d89fc8c42964075d970584230f861709b7d982731176cd630,dab15aaea07924ca092204e2fccc2a4004374624a14d2f2fb7edd39e5d51b572,0.7677277326583862,0.45764827728271484,-0.035707901969317,0.37643880718238937
validation,fp32,5683,29400,0,4.0,wrong,g4-wrong/5683-0.png,b66f9e5341fc34c400d5cda25ca0d2567a554585ec59519342f308d85663402e,dab15aaea07924ca092204e2fccc2a4004374624a14d2f2fb7edd39e5d51b572,0.4750625193119049,0.497322678565979,0.00672594163739346,0.28952900552399996
validation,fp32,5683,29400,1,4.0,wrong,g4-wrong/5683-1.png,0b651761da03bb7159d9ab9808d28dbfd07d192d455fd135c9291dde8c0ef76d,dab15aaea07924ca092204e2fccc2a4004374624a14d2f2fb7edd39e5d51b572,0.4850311279296875,0.6350926160812378,0.02092834673081229,0.3319278034884053
validation,fp32,29400,51865,0,4.0,correct,g4-correct/29400-0.png,faf49a820f44fa44eecf0bca144137d052f03b370b14d99ccb4e27a62c1ed905,40b419ca8b5118885e868fed2103a8ab523467d8fb16c86b7c9002c835890544,0.5838784575462341,0.4471817910671234,0.10784237557061634,0.1886733268305836
validation,fp32,29400,51865,1,4.0,correct,g4-correct/29400-1.png,5c270f1658882b58e9e6307c7485a7ff031810e17f4c267dd5af90b6fcfb1fc3,40b419ca8b5118885e868fed2103a8ab523467d8fb16c86b7c9002c835890544,0.6223779916763306,0.4713602066040039,0.13263439529184526,0.2750179568103195
validation,fp32,29400,51865,0,4.0,wrong,g4-wrong/29400-0.png,039ff3fc9f9b80e60253d6c0f0c1960e26ab48c35339c1c13ce7b06280e56798,40b419ca8b5118885e868fed2103a8ab523467d8fb16c86b7c9002c835890544,0.5028480291366577,0.5431345105171204,0.003165681371922745,0.2192627013858936
validation,fp32,29400,51865,1,4.0,wrong,g4-wrong/29400-1.png,72b98dd2184ac7883e134e94bfcc5bf2291928e61808aafb6108be4f7e5eef91,40b419ca8b5118885e868fed2103a8ab523467d8fb16c86b7c9002c835890544,0.4631061553955078,0.6769517064094543,-0.20046475829884208,0.22500305183810498
validation,fp32,51865,37899,0,4.0,correct,g4-correct/51865-0.png,8ad82eb8e742185db33b3458e6d72d5596b30e1cda65e4717f97fbd5d26c82c6,2dfe65b24b19251e4fcbb42ffad8a5e9dcd0530ccf4a99ea24f46f1813ff6df8,0.6942985653877258,0.5434772968292236,0.1349568051283513,0.16383444100205205
validation,fp32,51865,37899,1,4.0,correct,g4-correct/51865-1.png,a04b743ed65de1a3f7b8e61713d343b7cc62132a4ca867ea979dbc311459e710,2dfe65b24b19251e4fcbb42ffad8a5e9dcd0530ccf4a99ea24f46f1813ff6df8,0.6374741792678833,0.5454215407371521,0.1756030878553517,0.1558661139284299
validation,fp32,51865,37899,0,4.0,wrong,g4-wrong/51865-0.png,a5664ba074eb620b4f650dca4dfa2106db795480dc4a04c494889a7ea40cc9b4,2dfe65b24b19251e4fcbb42ffad8a5e9dcd0530ccf4a99ea24f46f1813ff6df8,0.4770313501358032,0.8111456632614136,0.09507403284851351,0.15444456032108678
validation,fp32,51865,37899,1,4.0,wrong,g4-wrong/51865-1.png,18aab473a99a9e62e44dcc4d9f7d52c8d9c37a64cc19f984f5887a8322676b61,2dfe65b24b19251e4fcbb42ffad8a5e9dcd0530ccf4a99ea24f46f1813ff6df8,0.5123396515846252,0.8755792379379272,-0.01970166834348328,0.11184425446886052
validation,fp32,37899,33256,0,4.0,correct,g4-correct/37899-0.png,1cc2f6970bc770282992e4d2af1b86fa88f30dc5527d66a129fee0b7798029d7,629893a99bb17770d426478998a45344e27f8eba31b7e71752c77b289209c486,0.8814338445663452,0.5734971761703491,-0.051982735766666996,0.1037735547224588
validation,fp32,37899,33256,1,4.0,correct,g4-correct/37899-1.png,12d64f3697eb62cb01a02dc5a2ce24e1cffdad0a5be17ac9af2a6bf3b201d1b9,629893a99bb17770d426478998a45344e27f8eba31b7e71752c77b289209c486,0.7784164547920227,0.5739185810089111,0.025890831089719388,0.11012409609967087
validation,fp32,37899,33256,0,4.0,wrong,g4-wrong/37899-0.png,a40b560f18d1e8fcc7ffac9ec1e36d9fa1fac6fb2fe3a9f4d41c3cbd0392e2a9,629893a99bb17770d426478998a45344e27f8eba31b7e71752c77b289209c486,0.5134769082069397,0.543267011642456,-0.14921688713124506,0.23094104946113791
validation,fp32,37899,33256,1,4.0,wrong,g4-wrong/37899-1.png,93d995a354f1005bfed5ac9cea2584b3ee4361c61642ab8f3c875201a513ee3e,629893a99bb17770d426478998a45344e27f8eba31b7e71752c77b289209c486,0.5124880075454712,0.541544497013092,-0.21030608114178848,0.18146313940433598
validation,fp32,33256,56963,0,4.0,correct,g4-correct/33256-0.png,e0899e8229cf4283ad65f29d0051a561bff3673d80eace5e2f49f2364d1a7056,86b501873a0d26c60880d575e1f54af549d3b20cd28a16a7ca5289db1f67a9fc,0.6965749263763428,0.50850909948349,0.2234323365366798,0.7129089010991752
validation,fp32,33256,56963,1,4.0,correct,g4-correct/33256-1.png,44be3064da8d0f0bc0b0c3147ea31a068bdcf9720acaa2e9039d45af3e751d12,86b501873a0d26c60880d575e1f54af549d3b20cd28a16a7ca5289db1f67a9fc,0.46970081329345703,0.39730730652809143,-0.02144328736528746,0.6432988032245097
validation,fp32,33256,56963,0,4.0,wrong,g4-wrong/33256-0.png,21b127b22f1b3cb1d4df4c83b08c5957a40683e1427fc1c718e6d9b2a7431ba8,86b501873a0d26c60880d575e1f54af549d3b20cd28a16a7ca5289db1f67a9fc,0.663998544216156,0.5427266359329224,0.14996209480571945,0.605975345448795
validation,fp32,33256,56963,1,4.0,wrong,g4-wrong/33256-1.png,3628720947341e0d19b668c079109f51f57ea0690a7c4b2c90f558db4069fadb,86b501873a0d26c60880d575e1f54af549d3b20cd28a16a7ca5289db1f67a9fc,0.7673538327217102,0.5574168562889099,0.2603127914225981,0.6299877142711016
validation,fp32,56963,71264,0,4.0,correct,g4-correct/56963-0.png,641965797330623be1e6f834b5d2bc703be247196f0c9f71fe903ac8e4ec68fe,2a86f375d79414ab29ddb65865e5d49f8a11fba1e3cf6184b114e919ab8ebb7b,0.4764363169670105,0.4312065541744232,-0.33804892535653897,0.5465080232887183
validation,fp32,56963,71264,1,4.0,correct,g4-correct/56963-1.png,6c246511da9ed16a7805b4357c01bf469270a8992eaa421edac8bd7fdc4edc7f,2a86f375d79414ab29ddb65865e5d49f8a11fba1e3cf6184b114e919ab8ebb7b,0.6177321672439575,0.5455841422080994,-0.09136084788041249,0.6598097230103263
validation,fp32,56963,71264,0,4.0,wrong,g4-wrong/56963-0.png,17f018fea5952159d9524a4bec30c20b3ddafb640aedef214f81e43e8699ce9d,2a86f375d79414ab29ddb65865e5d49f8a11fba1e3cf6184b114e919ab8ebb7b,0.6320428252220154,0.590558648109436,-0.11737637329701556,0.3683338742382132
validation,fp32,56963,71264,1,4.0,wrong,g4-wrong/56963-1.png,dd53b299483c0bf7e53f29fa62924ec55fb4b8689416e6d566828d1902b29461,2a86f375d79414ab29ddb65865e5d49f8a11fba1e3cf6184b114e919ab8ebb7b,0.6248080730438232,0.5570166110992432,-0.17041179125702074,0.32461402049045074
validation,fp32,71264,38887,0,4.0,correct,g4-correct/71264-0.png,145fea88a3d9748f87da2634488330cc09655f9542e70c821e70b5a33d590937,1ab2809ecf5666a811dd554fad64cc76b25753a15d25ca61066543688aae7551,0.6097762584686279,0.7149679660797119,0.12761828433602365,0.29272848294205134
validation,fp32,71264,38887,1,4.0,correct,g4-correct/71264-1.png,68f190534983fbfc7422b435b0b546b7b3078a28867c7d06b740ad427e714cd2,1ab2809ecf5666a811dd554fad64cc76b25753a15d25ca61066543688aae7551,0.6721543073654175,0.6958750486373901,-0.05277616985143317,0.2471387431022297
validation,fp32,71264,38887,0,4.0,wrong,g4-wrong/71264-0.png,388835007e8c4c3e931d136b9d585da9ef183ff0ad282e7e545e22752f723ae8,1ab2809ecf5666a811dd554fad64cc76b25753a15d25ca61066543688aae7551,0.540926992893219,0.695989191532135,0.18276694867080018,0.3688489056411816
validation,fp32,71264,38887,1,4.0,wrong,g4-wrong/71264-1.png,52a4c9800961439858f80ea4ea02757be1a0606ef59d44b1318347677f143bbd,1ab2809ecf5666a811dd554fad64cc76b25753a15d25ca61066543688aae7551,0.5653042793273926,0.7267379760742188,0.1828315326618687,0.32852860541653683
validation,fp32,38887,59101,0,4.0,correct,g4-correct/38887-0.png,164791384fdc6a50c9e7ac13ef3058b7e8cf5ac999fd6c8bd3dc0517abe789fb,935314d65bbc6fcadf076d7a4ee3490c58e54c5cee96e829cdfdc18a2d883f7a,0.7156229019165039,0.5320245623588562,0.10344321132298778,0.3065666209231826
validation,fp32,38887,59101,1,4.0,correct,g4-correct/38887-1.png,999d7f07ae2599e32a9ebe788d67c7810d9c1486ddf54e5ec99288da0c50a17f,935314d65bbc6fcadf076d7a4ee3490c58e54c5cee96e829cdfdc18a2d883f7a,0.7666582465171814,0.5637784004211426,0.14371332154403366,0.4249852510588266
validation,fp32,38887,59101,0,4.0,wrong,g4-wrong/38887-0.png,0bc7dbec7fd2feb06ceaa224f14ef0096d6cfa8381d8b97600a7f3f03f3b4717,935314d65bbc6fcadf076d7a4ee3490c58e54c5cee96e829cdfdc18a2d883f7a,0.5993278622627258,0.6190083622932434,-0.17860371254182067,0.19151901858756265
validation,fp32,38887,59101,1,4.0,wrong,g4-wrong/38887-1.png,041240925d94fa40b50e3b453b73ea33cffdf2e2c4ef224b151de86616b3a647,935314d65bbc6fcadf076d7a4ee3490c58e54c5cee96e829cdfdc18a2d883f7a,0.5619215965270996,0.6552389860153198,-0.09410633173547236,0.28310282988851343
validation,fp32,59101,29511,0,4.0,correct,g4-correct/59101-0.png,7d4a4b6079e9337c3209c7bc3b8454edafb7ca2ab87d22217be308f34ff5d659,a5a329854569c769d5979c8a8e7d124a054c4337774cc0c1faef19013c99764c,0.7333266735076904,0.5004213452339172,-0.1347945305363199,0.15919293434420048
validation,fp32,59101,29511,1,4.0,correct,g4-correct/59101-1.png,0bcac8ee8a53823c8ff7bf4bab3449247cb9157d040c263f1d4b2cd9f451ba8b,a5a329854569c769d5979c8a8e7d124a054c4337774cc0c1faef19013c99764c,0.6216949224472046,0.4584178328514099,0.1774353523148473,0.18087805490759934
validation,fp32,59101,29511,0,4.0,wrong,g4-wrong/59101-0.png,427316724732a83e81a318883ec2913de033749ce3431dd9c6410ddcf8a7bab9,a5a329854569c769d5979c8a8e7d124a054c4337774cc0c1faef19013c99764c,0.5032573938369751,0.5242775082588196,-0.1318077048718991,0.23171831143536845
validation,fp32,59101,29511,1,4.0,wrong,g4-wrong/59101-1.png,4613e3f9c8d66944b169a784e8b7bf8a108929e97dc8303e83b5fbc6e9eebd74,a5a329854569c769d5979c8a8e7d124a054c4337774cc0c1faef19013c99764c,0.5147964358329773,0.4904313385486603,0.0051622339972672475,0.2306815172769145
validation,fp32,29511,58157,0,4.0,correct,g4-correct/29511-0.png,2201cfbba8d0c37960bba88f38b6191c3ec794e1415d39c987a6552c4ea10ef8,817d80b6c9a309e1dfa865392dcf7d7ecd062491eb05e93e5aa65a6b401fc43d,0.564198911190033,0.4604458212852478,0.3832155484693517,0.7639962284325378
validation,fp32,29511,58157,1,4.0,correct,g4-correct/29511-1.png,aff814006e633b51aade5ad9ab8455909d93b46756900e7d19ac5e02e3a96ae0,817d80b6c9a309e1dfa865392dcf7d7ecd062491eb05e93e5aa65a6b401fc43d,0.41922593116760254,0.31840914487838745,0.7200384857638228,0.7623850389796832
validation,fp32,29511,58157,0,4.0,wrong,g4-wrong/29511-0.png,2a328b89678e466da13130b2b97e57571a755747a05b2e82acdd1b68529c1a22,817d80b6c9a309e1dfa865392dcf7d7ecd062491eb05e93e5aa65a6b401fc43d,0.37750327587127686,0.5528762936592102,-0.16380344297055724,0.48504674899550376
validation,fp32,29511,58157,1,4.0,wrong,g4-wrong/29511-1.png,61da3ae997af6fa7b70dfcb90fe383d41a49b3e72eefd14daed2e95514c9a760,817d80b6c9a309e1dfa865392dcf7d7ecd062491eb05e93e5aa65a6b401fc43d,0.47511622309684753,0.7194806337356567,-0.2293671041507044,0.4019314126486173
validation,fp32,58157,31251,0,4.0,correct,g4-correct/58157-0.png,ccf046ed94c92e44de8b1acd223b692c2047eea1b09f37f07c955b428a6a6b02,4b61f00d9bdcd41ace4a004be41ee4d4a23ad5a776e6f35ae572d4f3eee05833,0.5614897608757019,0.5900296568870544,0.05565054110551812,0.36207430953990044
validation,fp32,58157,31251,1,4.0,correct,g4-correct/58157-1.png,34ae2213ccf476e7859e663c9b9b7a2d247743f756d308126c169ebcaf357e16,4b61f00d9bdcd41ace4a004be41ee4d4a23ad5a776e6f35ae572d4f3eee05833,0.7026851177215576,0.5482987761497498,0.12370037700391488,0.3878333862807935
validation,fp32,58157,31251,0,4.0,wrong,g4-wrong/58157-0.png,bbcd21e110c428ec79c0d0d01addffd827f3b3065a7264511ef77e6b25360371,4b61f00d9bdcd41ace4a004be41ee4d4a23ad5a776e6f35ae572d4f3eee05833,0.3177301287651062,0.5545065999031067,-0.241662335512169,0.3520919699999699
validation,fp32,58157,31251,1,4.0,wrong,g4-wrong/58157-1.png,6bae14464baa41393e93561a540c0ef25ad294263edbd08682a3cf287397d36e,4b61f00d9bdcd41ace4a004be41ee4d4a23ad5a776e6f35ae572d4f3eee05833,0.37511005997657776,0.5436680316925049,0.028805230639770026,0.24086441112206025
validation,fp32,31251,67261,0,4.0,correct,g4-correct/31251-0.png,6c56ae0943e7cb0098fbfa6bb2bb2677cab6b186f891035b0ea49bf558556f30,e5f0e3a8dc2c1565ea64895ca5a006b9bb42d38db54d6b7250819fac9437ba10,0.5876088738441467,0.591272234916687,0.052358639214377944,0.2394341254288746
validation,fp32,31251,67261,1,4.0,correct,g4-correct/31251-1.png,40a293548be42e1814449acb7053d51dfb453542148656ba41bdbe1ff62c7cb8,e5f0e3a8dc2c1565ea64895ca5a006b9bb42d38db54d6b7250819fac9437ba10,0.48804551362991333,0.4292447865009308,-0.3211093244776054,0.29247052890023634
validation,fp32,31251,67261,0,4.0,wrong,g4-wrong/31251-0.png,49343e2552c9911eb601c07b48ac6a76196ef06d40f63210e837e91d879fc7d6,e5f0e3a8dc2c1565ea64895ca5a006b9bb42d38db54d6b7250819fac9437ba10,0.47849705815315247,0.46821266412734985,0.05539003895988145,0.19464617513340043
validation,fp32,31251,67261,1,4.0,wrong,g4-wrong/31251-1.png,62b77b0db92fca13ecb6cabec3bcb23822fc8e8adf7003b82ce7c9377e4dd01e,e5f0e3a8dc2c1565ea64895ca5a006b9bb42d38db54d6b7250819fac9437ba10,0.5202189683914185,0.511468768119812,-0.33720660456559903,0.22465721397028263
validation,fp32,67261,43211,0,4.0,correct,g4-correct/67261-0.png,31239ae442fc609db9b0b594648f9de5d45948d26f8b8c305812d660e0f373e2,07d147ea3b9d3318ea32f5e662fa389b31b191e1a62054fbee38368b34abad9a,0.48581480979919434,0.42319875955581665,-0.15995608471833253,0.231780962952767
validation,fp32,67261,43211,1,4.0,correct,g4-correct/67261-1.png,5c6de64d4ea0037345f3145a6e2cc6bea583e6274a9d496a5f8a746b8f726eb7,07d147ea3b9d3318ea32f5e662fa389b31b191e1a62054fbee38368b34abad9a,0.5960733294487,0.5136889219284058,0.2389538822771749,0.20619421579541286
validation,fp32,67261,43211,0,4.0,wrong,g4-wrong/67261-0.png,b38e37e38497734417d023b159480f83f39c158486e062513302bccdbf76c7fe,07d147ea3b9d3318ea32f5e662fa389b31b191e1a62054fbee38368b34abad9a,0.5734381079673767,0.6416465640068054,-0.04679617856950884,0.42904001691226157
validation,fp32,67261,43211,1,4.0,wrong,g4-wrong/67261-1.png,bcd45fd622d7b23039127141cecb75a631c54645e531b45ca2e10035000aab85,07d147ea3b9d3318ea32f5e662fa389b31b191e1a62054fbee38368b34abad9a,0.598351776599884,0.6468972563743591,-0.10308740926226241,0.4239836409819573
validation,guidance,43211,17865,0,2.0,correct,g2-correct/43211-0.png,517489a1b13c7df605314aa45d1cb06e7e83e25578d39e831fb50cb25c63b135,51997d1b8dfb2ba5536f803a6a501f92ac7aa8de559cd12422c94d8dcdafa75f,0.6169689893722534,0.6881787180900574,-0.17531569991752943,0.45704221919520366
validation,guidance,43211,17865,1,2.0,correct,g2-correct/43211-1.png,5e1377b49dea1270c75d3c71dbcbd7d9cc48d9630bb7bca8106e2bef09c7b70d,51997d1b8dfb2ba5536f803a6a501f92ac7aa8de559cd12422c94d8dcdafa75f,0.670760452747345,0.7317131757736206,0.028063930032541675,0.43830043625026127
validation,guidance,43211,17865,0,6.0,correct,g6-correct/43211-0.png,407b7b8b89f13d6ec8e1b240292ad059ad7bcc989cbaea204d76062ffafcc7b9,51997d1b8dfb2ba5536f803a6a501f92ac7aa8de559cd12422c94d8dcdafa75f,0.6374496221542358,0.6985515356063843,-0.20456658869025243,0.42695932756329386
validation,guidance,43211,17865,1,6.0,correct,g6-correct/43211-1.png,8eb07bf766930c3ad31e2c3e0c9ead5b3a26661f4403bf2e7399bab1a145bcbd,51997d1b8dfb2ba5536f803a6a501f92ac7aa8de559cd12422c94d8dcdafa75f,0.7137842774391174,0.7789506912231445,-0.181482988998536,0.36716148947506416
validation,guidance,17865,54054,0,2.0,correct,g2-correct/17865-0.png,fddb054192c97da546081929ef0c6ff95842c761a024cabcc947d900c01fa762,e5721f7fc6a25892b67b1890444205c11a4b42650846fb8c32692ebfc24a5e21,0.6948629021644592,0.4840162992477417,0.6131366251141014,0.6541519464753276
validation,guidance,17865,54054,1,2.0,correct,g2-correct/17865-1.png,35fbfbac92ec66de3214eb4a384ce98f42824c927e2a5f0fd6265c9d8c987b10,e5721f7fc6a25892b67b1890444205c11a4b42650846fb8c32692ebfc24a5e21,0.7179584503173828,0.48465174436569214,0.7632974699416806,0.6935107795346808
validation,guidance,17865,54054,0,6.0,correct,g6-correct/17865-0.png,3231e7585e82a5d1411bc0217d7431097f55bd682ec58ac89741264a0e2646c6,e5721f7fc6a25892b67b1890444205c11a4b42650846fb8c32692ebfc24a5e21,0.6560609936714172,0.4367189109325409,0.6860264071681116,0.6628927267299509
validation,guidance,17865,54054,1,6.0,correct,g6-correct/17865-1.png,6073b947ab7e3e8e70d0e1a99a9ec9a95e999b0558f3651c6348caadd5397a18,e5721f7fc6a25892b67b1890444205c11a4b42650846fb8c32692ebfc24a5e21,0.7098146080970764,0.48401808738708496,0.7772876116503337,0.6708255265289765
validation,guidance,54054,25374,0,2.0,correct,g2-correct/54054-0.png,1cc5a7e2970613796c0c77602116afa56c5878d31425466e27f72bda9af9f06e,0db80f2d7af980752c3784ad0042e73a874a5deb2674c608d33e040fe95a43eb,0.5381661653518677,0.4600752890110016,0.3153478247367057,0.2789735939645982
validation,guidance,54054,25374,1,2.0,correct,g2-correct/54054-1.png,e2bd9b20dc92edd9ac2491afd7482247f712a545cd556b9b7b2153e4c06e7977,0db80f2d7af980752c3784ad0042e73a874a5deb2674c608d33e040fe95a43eb,0.5409809947013855,0.490379273891449,-0.11441997994690077,0.26794366291995236
validation,guidance,54054,25374,0,6.0,correct,g6-correct/54054-0.png,734d4c303f67865a18ea731dda2921e04fad726b6a5ab5499c78562e38548ad9,0db80f2d7af980752c3784ad0042e73a874a5deb2674c608d33e040fe95a43eb,0.5032535791397095,0.4084441661834717,0.20320603169529466,0.23275785015625888
validation,guidance,54054,25374,1,6.0,correct,g6-correct/54054-1.png,e160fd2688f57a68b69b040e8625c4ef90eb028b097e38a243f040ab4382afc5,0db80f2d7af980752c3784ad0042e73a874a5deb2674c608d33e040fe95a43eb,0.5218628644943237,0.4639185070991516,0.07788390634749695,0.243434054001455
validation,guidance,25374,48911,0,2.0,correct,g2-correct/25374-0.png,af578718066b58ccc6c93d3035dfad344a767744a936f65f8e3e4d033c81f5b8,37f95ff4b1366fba53a914809bf816cb99a935f4eeb41f5594bd180a43d18f68,0.4967902898788452,0.6731302738189697,0.2106214776124949,0.40132135840095695
validation,guidance,25374,48911,1,2.0,correct,g2-correct/25374-1.png,8ba3fb31226b063023296d000be61af3422124b59a64d4b4f5411334104782fa,37f95ff4b1366fba53a914809bf816cb99a935f4eeb41f5594bd180a43d18f68,0.5964468717575073,0.618293285369873,-0.05525399810678538,0.3741303786022609
validation,guidance,25374,48911,0,6.0,correct,g6-correct/25374-0.png,0a7e3b0a5a6b379c7af085f5d5f3e517dfa84ff1ebc23351c8da74c9eb2ca36e,37f95ff4b1366fba53a914809bf816cb99a935f4eeb41f5594bd180a43d18f68,0.6054384708404541,0.5672715306282043,0.07454702953291051,0.16540253076600386
validation,guidance,25374,48911,1,6.0,correct,g6-correct/25374-1.png,739567766a0508406b4fe1a990075299a96cd7aff39b5f6eb22ca9cf2c1d6def,37f95ff4b1366fba53a914809bf816cb99a935f4eeb41f5594bd180a43d18f68,0.5725772976875305,0.6249317526817322,-0.07044076784485416,0.31112942498745005
validation,guidance,48911,15191,0,2.0,correct,g2-correct/48911-0.png,285b6e46bc1fbdc57ee04ffe19812f92ea80ed917d6cce3512801679cb0a791e,8ad68502859bf42c9102a042830eee55294dbb5c926064febb48b07944b52f81,0.6528264880180359,0.6188130974769592,-0.02850203903836078,0.19498495912219904
validation,guidance,48911,15191,1,2.0,correct,g2-correct/48911-1.png,3622ca0d5eae73c87afb9196924513c8337cd0f887a1d3ed9f73900de4776295,8ad68502859bf42c9102a042830eee55294dbb5c926064febb48b07944b52f81,0.5858193039894104,0.4998013973236084,0.08640536122120315,0.2254540251517983
validation,guidance,48911,15191,0,6.0,correct,g6-correct/48911-0.png,16bc8e65ca7d1b0803a415375eabd237553e219ae7e9b57596d72acbcb18a743,8ad68502859bf42c9102a042830eee55294dbb5c926064febb48b07944b52f81,0.5250440835952759,0.45630067586898804,-0.00930596423888871,0.11638828807272987
validation,guidance,48911,15191,1,6.0,correct,g6-correct/48911-1.png,cc482e56fd17da658ed8abc798f8c28e6c446d0c0ae251d521d6e96605d72291,8ad68502859bf42c9102a042830eee55294dbb5c926064febb48b07944b52f81,0.6063379049301147,0.5135638117790222,0.03171828794269679,0.12516320497704791
validation,guidance,15191,28157,0,2.0,correct,g2-correct/15191-0.png,7f6c320a349efc8e85597e28869c12db2ac892db3049d68bfc060d062e737bdc,537bbfdfce21f636e1015158b194a4e2d2d689de6ff0321e5eb3908f0493cb51,0.5847057104110718,0.6378746628761292,-0.04727394746985762,0.1483086544356478
validation,guidance,15191,28157,1,2.0,correct,g2-correct/15191-1.png,c5883ef2724a90482999de53c2d4bbd112854c3741c13df5c12658473d977389,537bbfdfce21f636e1015158b194a4e2d2d689de6ff0321e5eb3908f0493cb51,0.5576288104057312,0.6425349116325378,0.21012092603246782,0.1413514385099049
validation,guidance,15191,28157,0,6.0,correct,g6-correct/15191-0.png,d9968e9a20f4efc705e0d24dab403ea114439920c2544b01d4448044af61eb94,537bbfdfce21f636e1015158b194a4e2d2d689de6ff0321e5eb3908f0493cb51,0.5779440402984619,0.6902649402618408,0.009218221827950365,0.11543200407109352
validation,guidance,15191,28157,1,6.0,correct,g6-correct/15191-1.png,351ca39a14abf57eadf88adb9cbe2ef770af4fc4abe2fa80cf560af063b80a47,537bbfdfce21f636e1015158b194a4e2d2d689de6ff0321e5eb3908f0493cb51,0.5010285973548889,0.604366660118103,0.2671520802321406,0.13634910568570088
validation,guidance,28157,29610,0,2.0,correct,g2-correct/28157-0.png,08ceb7f874b096a36eda3df255f5c6168bac689e03922a533893484fe0df590e,ec925fe3fab5e7b1bb5d16156520ab338c7943b8b515d2fa26dba8141aa937f8,0.5981419086456299,0.445930153131485,-0.16247866924822454,0.33247222557666145
validation,guidance,28157,29610,1,2.0,correct,g2-correct/28157-1.png,3d9a8217993431cce65ac192303a7ae650fdd5dd46c3b51f502877b9c5f2b8f4,ec925fe3fab5e7b1bb5d16156520ab338c7943b8b515d2fa26dba8141aa937f8,0.6207062602043152,0.5120909214019775,0.01602723171693813,0.34734726945694555
validation,guidance,28157,29610,0,6.0,correct,g6-correct/28157-0.png,d731fe2e34d42816ee76a8ec655e71d81dbd386e505d104b3e943cfdc054f211,ec925fe3fab5e7b1bb5d16156520ab338c7943b8b515d2fa26dba8141aa937f8,0.6426885724067688,0.4533948600292206,-0.11568622606269777,0.22866837134209414
validation,guidance,28157,29610,1,6.0,correct,g6-correct/28157-1.png,6f38ffdd99f4038a68c8d2c373e59c03e6cad836b89f7a1153ecb9aad80a46a1,ec925fe3fab5e7b1bb5d16156520ab338c7943b8b515d2fa26dba8141aa937f8,0.6880858540534973,0.5553133487701416,-0.001959436404544657,0.2605064765111816
validation,guidance,29610,13223,0,2.0,correct,g2-correct/29610-0.png,1a3df8dcddb879830c2150d3efe2edde9e897c589b16a7417bee7c345fbaa448,2ae50f9742d391fd0fe71c0bfef43df838fa3ca392535725cf68c53bbb1f563d,0.6350274085998535,0.6515599489212036,0.07178100362901509,0.20975983854037072
validation,guidance,29610,13223,1,2.0,correct,g2-correct/29610-1.png,2203d3e75170d07dbfc961ee7d27d1b9dd056875fb11ed9e2920fc84f8e88a78,2ae50f9742d391fd0fe71c0bfef43df838fa3ca392535725cf68c53bbb1f563d,0.7076164484024048,0.7105650305747986,0.0462404860246055,0.17852936955914955
validation,guidance,29610,13223,0,6.0,correct,g6-correct/29610-0.png,f9eaaa975fa643cd439609e86d984f10afc30c628275a8343fa1db641f0da935,2ae50f9742d391fd0fe71c0bfef43df838fa3ca392535725cf68c53bbb1f563d,0.7185497283935547,0.7084554433822632,0.11173168359153489,0.1476238033493772
validation,guidance,29610,13223,1,6.0,correct,g6-correct/29610-1.png,170f5f7f1db09738ddaa2954379f3eb1ed18ebaa7d1e113b6112429a2e13af5b,2ae50f9742d391fd0fe71c0bfef43df838fa3ca392535725cf68c53bbb1f563d,0.6588554382324219,0.6104695200920105,-0.02783365037324575,0.14847314715062068
validation,guidance,13223,62587,0,2.0,correct,g2-correct/13223-0.png,e9a58d9a2f506df2db7501f65fecfdd66507af1dcca8e3adbc0858d81def994c,151ac8204aa06a1329ec12935f38119f3c7da229681b903942203c3f8a0e3524,0.5561131238937378,0.6004137396812439,0.18247970656084012,0.42081237380001035
validation,guidance,13223,62587,1,2.0,correct,g2-correct/13223-1.png,ee776f40be841061bbc074fd523a2b0c9138616658d78eda5e3382e604c14484,151ac8204aa06a1329ec12935f38119f3c7da229681b903942203c3f8a0e3524,0.6204793453216553,0.6302290558815002,0.5326225478879468,0.4519378810122558
validation,guidance,13223,62587,0,6.0,correct,g6-correct/13223-0.png,6ff1f32cb02c1b486f75ce8d59c8eeca4d2ebffeda5b3f3c4a43e86bb53a36a2,151ac8204aa06a1329ec12935f38119f3c7da229681b903942203c3f8a0e3524,0.6487821340560913,0.676105260848999,0.39597889853055024,0.444201166050015
validation,guidance,13223,62587,1,6.0,correct,g6-correct/13223-1.png,9f2f378875b3b6aa247a9c7ba98bece8a2601596c7d540c3c1da912355dad403,151ac8204aa06a1329ec12935f38119f3c7da229681b903942203c3f8a0e3524,0.5924243330955505,0.6099344491958618,0.6829799137208958,0.4572602025848626
validation,guidance,62587,34998,0,2.0,correct,g2-correct/62587-0.png,31a5dcb5d56f7ed4ef0b1388e0519e7f3a4daac91d8ff187884f8cc6d90d600b,2e2aff2f23fc2b9925dee499af061bc8faf0e4b2205408190483ebb27887b89f,0.4716106057167053,0.4845547080039978,0.34668963907347644,0.3680246549176366
validation,guidance,62587,34998,1,2.0,correct,g2-correct/62587-1.png,efaabe5ebe5743b4d7096e65bf03061f430e1e27231be32a8a8ec1a7b60ac18e,2e2aff2f23fc2b9925dee499af061bc8faf0e4b2205408190483ebb27887b89f,0.7370189428329468,0.5616443157196045,0.3737069613931006,0.4189808861942281
validation,guidance,62587,34998,0,6.0,correct,g6-correct/62587-0.png,0de593fbab935fe195b9b1bee8aed3b9f10876abf46fab7ce4773436b6ef57ae,2e2aff2f23fc2b9925dee499af061bc8faf0e4b2205408190483ebb27887b89f,0.5080512762069702,0.48375752568244934,0.3428014795541677,0.3807455423179335
validation,guidance,62587,34998,1,6.0,correct,g6-correct/62587-1.png,afeac6a39b5b4269d12ab3cee064be47740c28efa7b7f3f51e3fa16c663e28d2,2e2aff2f23fc2b9925dee499af061bc8faf0e4b2205408190483ebb27887b89f,0.7569436430931091,0.5650457739830017,0.41619652173207583,0.36702334334083286
validation,guidance,34998,29815,0,2.0,correct,g2-correct/34998-0.png,ba69dc35d1ebf5e21221248342ea6cd7144da53d9b92aed29073ba388f1b1aa8,6f805d3582b97d85cd70ae69a48a89bffc50b7fa4e3193e80c213cd9182003ab,0.8011726140975952,0.550779402256012,0.09785662839159166,0.4617728570721058
validation,guidance,34998,29815,1,2.0,correct,g2-correct/34998-1.png,9a4005359a944dac2009417637330d3a5e963b7fa6f5ebbc11b604031508cedb,6f805d3582b97d85cd70ae69a48a89bffc50b7fa4e3193e80c213cd9182003ab,0.7983648777008057,0.5680114030838013,-0.12191336654016331,0.39441323661216765
validation,guidance,34998,29815,0,6.0,correct,g6-correct/34998-0.png,11231e5bd40d7a96d5f22e66ad5af776d934c703f8bf543179eafd1ee0398c6e,6f805d3582b97d85cd70ae69a48a89bffc50b7fa4e3193e80c213cd9182003ab,0.7778867483139038,0.5399194359779358,0.21970732030706705,0.41289695189014036
validation,guidance,34998,29815,1,6.0,correct,g6-correct/34998-1.png,3ab1e0c8bb5913824310d65a0d939eb37b3562d57567200d2ae78885b31fb55a,6f805d3582b97d85cd70ae69a48a89bffc50b7fa4e3193e80c213cd9182003ab,0.8316342234611511,0.5619227886199951,0.18362887232327818,0.3131721416532897
validation,guidance,29815,42302,0,2.0,correct,g2-correct/29815-0.png,26e0d8a49252dc4febdaa3c943b74588949bafcb5df9eacfb41191b0086585e9,a39add8080e3550675b96b362a37fab98f076206646784747727aba02ccb441f,0.8539482355117798,0.5195896029472351,0.024762159369778713,0.6785913760690558
validation,guidance,29815,42302,1,2.0,correct,g2-correct/29815-1.png,84e8df75b360a1ae03af99b5f88e64d7f8b3c28d048ffbcca4f2fcc86813c46e,a39add8080e3550675b96b362a37fab98f076206646784747727aba02ccb441f,0.8351058959960938,0.45765769481658936,0.347709037965332,0.6199252896035267
validation,guidance,29815,42302,0,6.0,correct,g6-correct/29815-0.png,bce926180101564b97918e4e5d7452e44ceec0b86d3612243469856a742fe045,a39add8080e3550675b96b362a37fab98f076206646784747727aba02ccb441f,0.8069273233413696,0.46392425894737244,0.1225983362280494,0.5802743715585377
validation,guidance,29815,42302,1,6.0,correct,g6-correct/29815-1.png,c8bdf7a4e52de27106b2af079e00deada347b7ea7bd0fa6587cb31ed814bb41b,a39add8080e3550675b96b362a37fab98f076206646784747727aba02ccb441f,0.7228109240531921,0.43800362944602966,0.29411092526236166,0.5778902520317492
validation,guidance,42302,68553,0,2.0,correct,g2-correct/42302-0.png,dfb9115fe3204f33c134e9ac508db69790b1b4afae08088154d6a41c0d4294c5,798d9a0e9714488f7c39c6060133997bdf84645985fa35d4a29fbb7903237138,0.5987698435783386,0.5569048523902893,0.12308135019032183,0.17736181867188508
validation,guidance,42302,68553,1,2.0,correct,g2-correct/42302-1.png,589b2339669bb6af1681ed3c40ca91322444e0d0ed04886fa92621418da14860,798d9a0e9714488f7c39c6060133997bdf84645985fa35d4a29fbb7903237138,0.5784972310066223,0.5385900735855103,0.24509884932740603,0.1728626556728374
validation,guidance,42302,68553,0,6.0,correct,g6-correct/42302-0.png,9a13b04ae16061deb857bfcf4bdad043a23356409ac8828a1d147157ef693e3d,798d9a0e9714488f7c39c6060133997bdf84645985fa35d4a29fbb7903237138,0.5439097285270691,0.5688632726669312,0.1559115329169242,0.12061307429498501
validation,guidance,42302,68553,1,6.0,correct,g6-correct/42302-1.png,15359bfda9ad76894f722812dd5a9bee89897f253a41bec77f83783e1815d084,798d9a0e9714488f7c39c6060133997bdf84645985fa35d4a29fbb7903237138,0.5542324781417847,0.5281324982643127,0.26456073086453263,0.14850570864385562
validation,guidance,68553,65690,0,2.0,correct,g2-correct/68553-0.png,879d0d12600c851ff77ccd2d04e854c7ad3548f3a0e4222cb03d962d1ca27e68,caf8bc08485eefd14cba2623b55ca9f95e63a0503c4ed55a73001f8f0df0cca1,0.7289813756942749,0.5941321849822998,0.07624307795940193,0.35067210315153685
validation,guidance,68553,65690,1,2.0,correct,g2-correct/68553-1.png,cfc4998f3016e0b2bbcec5fdcb4584338989142086ba2848263ccd33e10b004d,caf8bc08485eefd14cba2623b55ca9f95e63a0503c4ed55a73001f8f0df0cca1,0.6457674503326416,0.6035027503967285,0.14576367077660135,0.40532125193826507
validation,guidance,68553,65690,0,6.0,correct,g6-correct/68553-0.png,3ace99d0c424fa12e5530e90089d1c2e419f6f061ae7c7095be0606e892413d2,caf8bc08485eefd14cba2623b55ca9f95e63a0503c4ed55a73001f8f0df0cca1,0.6011993288993835,0.5951797366142273,-0.00697460744512398,0.2866764069372301
validation,guidance,68553,65690,1,6.0,correct,g6-correct/68553-1.png,f9c80fd529e2c8d94bf3d5270c4bf5279772e80f44ecda4714264901aa13ac3a,caf8bc08485eefd14cba2623b55ca9f95e63a0503c4ed55a73001f8f0df0cca1,0.7137231230735779,0.6050617098808289,0.0031875842257509538,0.272904184801537
validation,guidance,65690,41120,0,2.0,correct,g2-correct/65690-0.png,dbd0220485021e421872d19e29ce370d7b953353658b40994054c4da203dfd76,35857398d867ad0f304a016cfa80fd961782df553341722457076961b12d547a,0.5223171710968018,0.4696056544780731,0.15315050338692346,0.4821362453008069
validation,guidance,65690,41120,1,2.0,correct,g2-correct/65690-1.png,467599b9cf174c30de4d50ac0cacd752e99358b45a6619529a8e51a9b685b5a6,35857398d867ad0f304a016cfa80fd961782df553341722457076961b12d547a,0.6624648571014404,0.5803113579750061,0.08456888249468314,0.41423906291484985
validation,guidance,65690,41120,0,6.0,correct,g6-correct/65690-0.png,0e7e4acb86fe46e0713cac96569b9e3dff3b615e33c6cc1003e225cfb96a3f6b,35857398d867ad0f304a016cfa80fd961782df553341722457076961b12d547a,0.47310972213745117,0.4912964999675751,0.2035148402499336,0.4440548037741172
validation,guidance,65690,41120,1,6.0,correct,g6-correct/65690-1.png,019e3697872cd2fc9606dcf2419b133ac1c511b63405b48e18b1286ab6f0ccc6,35857398d867ad0f304a016cfa80fd961782df553341722457076961b12d547a,0.5993374586105347,0.5770549178123474,-0.03493844863199461,0.3292435245643284
validation,guidance,41120,64050,0,2.0,correct,g2-correct/41120-0.png,e636dcd7c9e77c9cac52ae5aa544427aeb4cdaa1f9a379825d1ca9493e52fc4c,d03dcc249f7451f3f8ada458ec2d88f728188963580a6a8e7deb249fa372e0aa,0.5795295238494873,0.5415277481079102,0.03396174239324969,0.05027634387993603
validation,guidance,41120,64050,1,2.0,correct,g2-correct/41120-1.png,bf0893aa64f49a6fe4a7eee34206fa058537eeb3642633e8c992e18f5772b25d,d03dcc249f7451f3f8ada458ec2d88f728188963580a6a8e7deb249fa372e0aa,0.5968928933143616,0.6185550689697266,-0.06088682997952782,0.047122856188309636
validation,guidance,41120,64050,0,6.0,correct,g6-correct/41120-0.png,e90934992542d59bdbd1bfdec62db66a98060fc9627d6b3ba9779d514c19592f,d03dcc249f7451f3f8ada458ec2d88f728188963580a6a8e7deb249fa372e0aa,0.5853626728057861,0.568805456161499,0.028191996957659907,0.04578835534427151
validation,guidance,41120,64050,1,6.0,correct,g6-correct/41120-1.png,340a60d9adcb5f49abafc1afb54c4336a3b24bc5f2c54f6da1c031ea8fdcd3ab,d03dcc249f7451f3f8ada458ec2d88f728188963580a6a8e7deb249fa372e0aa,0.5681154131889343,0.5979362726211548,-0.08006574373767635,0.053349742583175104
validation,guidance,64050,21558,0,2.0,correct,g2-correct/64050-0.png,3d8f34b971c90fca3346eaeee4f2f1835142a063aa571246628064dc80c7f07d,63d4473c9bd7d578297cfd4edd274ad9e82bac7b6faa64d88c28976d6ec1fb5f,0.6919117569923401,0.5133123993873596,0.30325429724944025,0.4838202010793585
validation,guidance,64050,21558,1,2.0,correct,g2-correct/64050-1.png,b12c2997869e091d1bb7b669a46ad02ecc31cd89581a0937df2069204d112124,63d4473c9bd7d578297cfd4edd274ad9e82bac7b6faa64d88c28976d6ec1fb5f,0.658149242401123,0.6131404638290405,0.40389918742201364,0.5193864532389372
validation,guidance,64050,21558,0,6.0,correct,g6-correct/64050-0.png,f31f2ceea52724e61103543ac7ca723a22d30fd0831457df029e9245d554dbc4,63d4473c9bd7d578297cfd4edd274ad9e82bac7b6faa64d88c28976d6ec1fb5f,0.8038032650947571,0.5417845249176025,0.17220517038837135,0.4087597181938084
validation,guidance,64050,21558,1,6.0,correct,g6-correct/64050-1.png,99780d2f2a4b13143b46ebc229374a4472e1ade4801fc6049e0c4e6fb2784c0b,63d4473c9bd7d578297cfd4edd274ad9e82bac7b6faa64d88c28976d6ec1fb5f,0.792209267616272,0.5921967029571533,0.39403601585064363,0.341374975175417
validation,guidance,21558,16800,0,2.0,correct,g2-correct/21558-0.png,84099e120ac805514fce910bf9e6c6fe020aebdc44e3530ec979b68908e3fb92,6362e4fc28bde29a837b05e6b7e0d6812cc400f7647f05718b8a2220121a141f,0.638077437877655,0.5661242604255676,0.2825859212727349,0.4662313682679873
validation,guidance,21558,16800,1,2.0,correct,g2-correct/21558-1.png,0075e63083d2965721b11152d5915a0955a45a3cbc47e096e1e87b171538b9dd,6362e4fc28bde29a837b05e6b7e0d6812cc400f7647f05718b8a2220121a141f,0.711108922958374,0.6269437670707703,-0.032068284191576805,0.31647089107417514
validation,guidance,21558,16800,0,6.0,correct,g6-correct/21558-0.png,0d64e970c11212ff899ffadf684cc89ad49fd7ba89425c3c5701c372d453c66b,6362e4fc28bde29a837b05e6b7e0d6812cc400f7647f05718b8a2220121a141f,0.6666148900985718,0.583613932132721,0.26294179727658995,0.38383584483304606
validation,guidance,21558,16800,1,6.0,correct,g6-correct/21558-1.png,ba0258e1bd306abe82e80704c43cc3dc6e2c8facb725a163a5f616e03469f25e,6362e4fc28bde29a837b05e6b7e0d6812cc400f7647f05718b8a2220121a141f,0.695390522480011,0.621552586555481,-0.003789995423021544,0.22845978579981585
validation,guidance,16800,5683,0,2.0,correct,g2-correct/16800-0.png,72080ca09eb3e30cbacf2fd825b6ebd47d6fb8621b9cd9d41c383990f1ccc6af,ff7fee16db8e33ae75b4486a28b577318c44ec7808cb9ba370cef6cc3db9be07,0.7003465890884399,0.602511465549469,-0.014684059216203159,0.42271002120220463
validation,guidance,16800,5683,1,2.0,correct,g2-correct/16800-1.png,71e12362e3f45d40782c4cb30dbcb77fa7c9daba131cda750a867e8c7edb8788,ff7fee16db8e33ae75b4486a28b577318c44ec7808cb9ba370cef6cc3db9be07,0.6127615571022034,0.5958965420722961,-0.03996573614497413,0.43044747616416024
validation,guidance,16800,5683,0,6.0,correct,g6-correct/16800-0.png,623bd83a86db4635b44eb168cfe671e440fc63f42f198f296639eb541a26dfcd,ff7fee16db8e33ae75b4486a28b577318c44ec7808cb9ba370cef6cc3db9be07,0.6031653881072998,0.5729506611824036,-0.07097480847208977,0.3787285933151399
validation,guidance,16800,5683,1,6.0,correct,g6-correct/16800-1.png,48c25575ddc841e6ee07a93d9985c62d21a51148bccd5055ab425038dafef151,ff7fee16db8e33ae75b4486a28b577318c44ec7808cb9ba370cef6cc3db9be07,0.6375973224639893,0.5877417325973511,-0.03635849799601957,0.4020300029145061
validation,guidance,5683,29400,0,2.0,correct,g2-correct/5683-0.png,5de39b509afb0ff2bfe2504a68fb266ce078463b02a701e965787bb73e3d2491,dab15aaea07924ca092204e2fccc2a4004374624a14d2f2fb7edd39e5d51b572,0.7028067111968994,0.4407888352870941,-0.17932956834807193,0.5048418381474702
validation,guidance,5683,29400,1,2.0,correct,g2-correct/5683-1.png,0400f39063fff4ea467d6d8b774902f68fa421cd0ecccd4b0a1450a78ff34d42,dab15aaea07924ca092204e2fccc2a4004374624a14d2f2fb7edd39e5d51b572,0.7755997776985168,0.4788951277732849,-0.062473156671757846,0.4918179050081444
validation,guidance,5683,29400,0,6.0,correct,g6-correct/5683-0.png,402f9e2d84e846c3ed9685802d5cb8cdfebb586cea22ed4eadf5a3e579013e97,dab15aaea07924ca092204e2fccc2a4004374624a14d2f2fb7edd39e5d51b572,0.7162001132965088,0.44604769349098206,-0.12470651961115854,0.41354259906727603
validation,guidance,5683,29400,1,6.0,correct,g6-correct/5683-1.png,d8dcffb9291449f3b4c209ad3eadd7889a6ba693e9730788c406a375658e306e,dab15aaea07924ca092204e2fccc2a4004374624a14d2f2fb7edd39e5d51b572,0.6198054552078247,0.44494688510894775,-0.02814432244577131,0.23626831301391982
validation,guidance,29400,51865,0,2.0,correct,g2-correct/29400-0.png,3878ddae4515d627dd3c43f2cb817068cc50ec37e9789de7c6aa9843f99605af,40b419ca8b5118885e868fed2103a8ab523467d8fb16c86b7c9002c835890544,0.44953712821006775,0.4354479908943176,0.18300831983436627,0.27965782895555763
validation,guidance,29400,51865,1,2.0,correct,g2-correct/29400-1.png,2a4c6f0a5952d5b3db6860831b50bb24e9eb6235f11ae71ca34ea3f7fade4c2a,40b419ca8b5118885e868fed2103a8ab523467d8fb16c86b7c9002c835890544,0.5423519611358643,0.5261415243148804,0.04723284584089159,0.23987843735467382
validation,guidance,29400,51865,0,6.0,correct,g6-correct/29400-0.png,aa4bac7f56e009e299076792f956b8973b7f95021051311c4117be4588bff1c2,40b419ca8b5118885e868fed2103a8ab523467d8fb16c86b7c9002c835890544,0.4435247778892517,0.36705872416496277,-0.052921490603887504,0.1201210216806636
validation,guidance,29400,51865,1,6.0,correct,g6-correct/29400-1.png,6fd246e35d8b39771a9c9a504fb363e196b10c6e655719496b4620b955c7ec51,40b419ca8b5118885e868fed2103a8ab523467d8fb16c86b7c9002c835890544,0.5950738191604614,0.47622251510620117,0.2053440036064534,0.2125216436475452
validation,guidance,51865,37899,0,2.0,correct,g2-correct/51865-0.png,240e53dfce2439791eb20395df9c8efe7f6846b61643e12ac1739699e58184b8,2dfe65b24b19251e4fcbb42ffad8a5e9dcd0530ccf4a99ea24f46f1813ff6df8,0.684898853302002,0.5556207895278931,0.11180011628657538,0.18394481600789395
validation,guidance,51865,37899,1,2.0,correct,g2-correct/51865-1.png,1c1eaac6304c9b91541a85d5d1999481f8f78c52b6ed93d449dda1e462792bf8,2dfe65b24b19251e4fcbb42ffad8a5e9dcd0530ccf4a99ea24f46f1813ff6df8,0.650578498840332,0.5417779684066772,0.07325831011032385,0.19215483844511416
validation,guidance,51865,37899,0,6.0,correct,g6-correct/51865-0.png,dd7c2932861d2fe5421ebae4a5e70a5cbff3f53c1f8b1b6c54afdfb282c3169a,2dfe65b24b19251e4fcbb42ffad8a5e9dcd0530ccf4a99ea24f46f1813ff6df8,0.5207095146179199,0.48883432149887085,0.09545866250151862,0.12595392823147408
validation,guidance,51865,37899,1,6.0,correct,g6-correct/51865-1.png,2417553575cd1de0b12d602df59b0f51a564e3bb20de4d9b279f9dddd450081f,2dfe65b24b19251e4fcbb42ffad8a5e9dcd0530ccf4a99ea24f46f1813ff6df8,0.6267044544219971,0.5421248078346252,0.23296804717082073,0.13646393140628302
validation,guidance,37899,33256,0,2.0,correct,g2-correct/37899-0.png,bd9536c5e62f6aac188561cf779725b3589ab6f9b355198204d5744c23c0df46,629893a99bb17770d426478998a45344e27f8eba31b7e71752c77b289209c486,0.8547927141189575,0.5992927551269531,-0.08011883725699606,0.15868762524879323
validation,guidance,37899,33256,1,2.0,correct,g2-correct/37899-1.png,2fc9c4738cbcf260584299aa68eb9de28ec1b13cf558872e2636c8f284e299b2,629893a99bb17770d426478998a45344e27f8eba31b7e71752c77b289209c486,0.8369792699813843,0.5557979345321655,0.02628782508736628,0.1321029810920023
validation,guidance,37899,33256,0,6.0,correct,g6-correct/37899-0.png,f8aea2273a1e071d1345ba9ec46a22ef699376eaa952434b79bb908529ce229b,629893a99bb17770d426478998a45344e27f8eba31b7e71752c77b289209c486,0.9000005722045898,0.6052070260047913,-0.01704167135432811,0.09023515970025771
validation,guidance,37899,33256,1,6.0,correct,g6-correct/37899-1.png,be85b68a0f69bbd418a120625d45b32414389ca7fcfd25274bb7e7b01cdf5c0a,629893a99bb17770d426478998a45344e27f8eba31b7e71752c77b289209c486,0.7660360336303711,0.5529685020446777,0.07996460048885785,0.10368910249142411
validation,guidance,33256,56963,0,2.0,correct,g2-correct/33256-0.png,acd549d43c16a0e6cf2b891408ae8b672179bcf944d04c21abf7dd387ad5863e,86b501873a0d26c60880d575e1f54af549d3b20cd28a16a7ca5289db1f67a9fc,0.5617843270301819,0.4075744152069092,0.08443465608806261,0.7295227879038706
validation,guidance,33256,56963,1,2.0,correct,g2-correct/33256-1.png,de92c3c45e9b40351561ba2f249f4098c2fdc5842de179f29d77eee217dd1862,86b501873a0d26c60880d575e1f54af549d3b20cd28a16a7ca5289db1f67a9fc,0.4100510776042938,0.35124608874320984,0.16888233021284946,0.708299253155862
validation,guidance,33256,56963,0,6.0,correct,g6-correct/33256-0.png,06eaf61594070269769aa536a339a3f553ef1f27ab939f1f21db5d0329ca728f,86b501873a0d26c60880d575e1f54af549d3b20cd28a16a7ca5289db1f67a9fc,0.6109099388122559,0.38396069407463074,0.19696108437126641,0.7006698447446704
validation,guidance,33256,56963,1,6.0,correct,g6-correct/33256-1.png,7e4dad1906f58d4e0878bccfbaa96105afad9e6887aa5084e976bbc30e4d7f88,86b501873a0d26c60880d575e1f54af549d3b20cd28a16a7ca5289db1f67a9fc,0.47599244117736816,0.408952921628952,-0.15954928167472363,0.6163596740088204
validation,guidance,56963,71264,0,2.0,correct,g2-correct/56963-0.png,138a844828b027e70bf4a236fc926ce09b148597d43a57dddcb6d43c961d1c65,2a86f375d79414ab29ddb65865e5d49f8a11fba1e3cf6184b114e919ab8ebb7b,0.606964111328125,0.549472451210022,-0.4037546251817867,0.605610030195729
validation,guidance,56963,71264,1,2.0,correct,g2-correct/56963-1.png,299a7c21ec32592da310c4d4ff7d8cdfc0b478d13b5a17f2d32b649f44968ada,2a86f375d79414ab29ddb65865e5d49f8a11fba1e3cf6184b114e919ab8ebb7b,0.5754655599594116,0.514060378074646,-0.1333040494805347,0.7000389857418421
validation,guidance,56963,71264,0,6.0,correct,g6-correct/56963-0.png,c087d8a2a7351c23598e48507136a20fa91c0c7d7a7499b6e724d4186e692b9c,2a86f375d79414ab29ddb65865e5d49f8a11fba1e3cf6184b114e919ab8ebb7b,0.5793896317481995,0.5362520813941956,-0.24812710573318517,0.5519641945568368
validation,guidance,56963,71264,1,6.0,correct,g6-correct/56963-1.png,8320e8536e99ef3b177c1b90a54c42fc06db958af96ac4dfe624a48721002d75,2a86f375d79414ab29ddb65865e5d49f8a11fba1e3cf6184b114e919ab8ebb7b,0.5995805859565735,0.5406643152236938,-0.08226334414936345,0.5303010754603913
validation,guidance,71264,38887,0,2.0,correct,g2-correct/71264-0.png,0c5d5f701a351d2c481ef8be903ddfd658ff4e3310a418dda05ac3c8391c4487,1ab2809ecf5666a811dd554fad64cc76b25753a15d25ca61066543688aae7551,0.556037962436676,0.732752799987793,0.12123840181371513,0.35636355773252504
validation,guidance,71264,38887,1,2.0,correct,g2-correct/71264-1.png,e624618d3e6e34d8f35a834b9dda419cf0891ad85460b1f8790cbf6cc5b6ac72,1ab2809ecf5666a811dd554fad64cc76b25753a15d25ca61066543688aae7551,0.5631886124610901,0.5820549130439758,-0.041765951614217964,0.30080358041201843
validation,guidance,71264,38887,0,6.0,correct,g6-correct/71264-0.png,16d412582ffbf2f75c450ee4679ce35c5c59c166434cb8ecb8117552cddf5bd8,1ab2809ecf5666a811dd554fad64cc76b25753a15d25ca61066543688aae7551,0.63567054271698,0.7040932774543762,0.08074189713554375,0.2524827939428973
validation,guidance,71264,38887,1,6.0,correct,g6-correct/71264-1.png,fa9f3852202973335bd0283742f8be9480ca444863778c6e6f47434054b357c5,1ab2809ecf5666a811dd554fad64cc76b25753a15d25ca61066543688aae7551,0.5375991463661194,0.5334596633911133,-0.04050588834861774,0.23974149569008693
validation,guidance,38887,59101,0,2.0,correct,g2-correct/38887-0.png,21c6065881252f9d343c90e00a058ccad45583dbda284cbce07f72ff21915b64,935314d65bbc6fcadf076d7a4ee3490c58e54c5cee96e829cdfdc18a2d883f7a,0.6851289868354797,0.4942989945411682,0.16060117398334403,0.3848777077790728
validation,guidance,38887,59101,1,2.0,correct,g2-correct/38887-1.png,2f5ad0684b932e4dd9f1b01707dd45736f80539b4ec2f483ef33d53c742028bb,935314d65bbc6fcadf076d7a4ee3490c58e54c5cee96e829cdfdc18a2d883f7a,0.7351322770118713,0.5136204361915588,-0.012700915269584794,0.42503786846125713
validation,guidance,38887,59101,0,6.0,correct,g6-correct/38887-0.png,f4bd379c4222ebb3ca73621a37d7c587d1aee7ea9dc995191c3a310607635824,935314d65bbc6fcadf076d7a4ee3490c58e54c5cee96e829cdfdc18a2d883f7a,0.6768441200256348,0.482271283864975,0.2144565869034388,0.2916508022591677
validation,guidance,38887,59101,1,6.0,correct,g6-correct/38887-1.png,e46efe88a8507b3e6c5dbe8d00ed88eb93fea607fed441c55b828fbcc5a5af95,935314d65bbc6fcadf076d7a4ee3490c58e54c5cee96e829cdfdc18a2d883f7a,0.6618605256080627,0.5077508091926575,0.1520767709030188,0.3391705418846382
validation,guidance,59101,29511,0,2.0,correct,g2-correct/59101-0.png,cc71a21053d56fed315408f5f9422add9a3f072e366381a73f40f44a88c70509,a5a329854569c769d5979c8a8e7d124a054c4337774cc0c1faef19013c99764c,0.7035988569259644,0.47132837772369385,-0.14260797225234492,0.18588432913693156
validation,guidance,59101,29511,1,2.0,correct,g2-correct/59101-1.png,eb5e98dec76c40cdb298907012903d02268be9dc476c83a95290924adb0264cb,a5a329854569c769d5979c8a8e7d124a054c4337774cc0c1faef19013c99764c,0.6172402501106262,0.4781572222709656,0.1912788230930836,0.19408530357371864
validation,guidance,59101,29511,0,6.0,correct,g6-correct/59101-0.png,f462d7f763c4022631bbebe0d8463ca14e9fd6b0b0a7a4ac06e90ed77ce582c4,a5a329854569c769d5979c8a8e7d124a054c4337774cc0c1faef19013c99764c,0.7321498394012451,0.4831289052963257,-0.10616821760134708,0.14466726972180965
validation,guidance,59101,29511,1,6.0,correct,g6-correct/59101-1.png,8d50db6aee87db5f80186e489e1abd77b45cdeffc6d2502fd86c0889badef677,a5a329854569c769d5979c8a8e7d124a054c4337774cc0c1faef19013c99764c,0.6311489343643188,0.47514477372169495,0.14121890795500397,0.1609957986293674
validation,guidance,29511,58157,0,2.0,correct,g2-correct/29511-0.png,a7adef327bd7984494eac636715ebf6be6e1c9c441f34d36435c9cae9cc62885,817d80b6c9a309e1dfa865392dcf7d7ecd062491eb05e93e5aa65a6b401fc43d,0.6646391153335571,0.46339666843414307,0.41840899251012625,0.770332306249667
validation,guidance,29511,58157,1,2.0,correct,g2-correct/29511-1.png,1bddf6fa885b42c39aa2c9ed79bde5bc00c37a27d74f6c092a6a444fd13c8881,817d80b6c9a309e1dfa865392dcf7d7ecd062491eb05e93e5aa65a6b401fc43d,0.456621915102005,0.386301189661026,0.6669076141405723,0.783676475808409
validation,guidance,29511,58157,0,6.0,correct,g6-correct/29511-0.png,d943f0aba1c271c50a6113c4d858407a1cf0ca81033d573bbf4127830e9eb264,817d80b6c9a309e1dfa865392dcf7d7ecd062491eb05e93e5aa65a6b401fc43d,0.5173126459121704,0.46829187870025635,0.32674188429199275,0.7564539194312957
validation,guidance,29511,58157,1,6.0,correct,g6-correct/29511-1.png,d93f14738c8b69cd0a9f8d3e8f98d664c0d6d7ef574f1cbe2ec29e8d6b2e270a,817d80b6c9a309e1dfa865392dcf7d7ecd062491eb05e93e5aa65a6b401fc43d,0.5135753154754639,0.4168052077293396,0.7035039488740746,0.7434886717133453
validation,guidance,58157,31251,0,2.0,correct,g2-correct/58157-0.png,70ecb3969fee262c441c15c9174c04073764390d94cbddf69ab3ad6cb451f983,4b61f00d9bdcd41ace4a004be41ee4d4a23ad5a776e6f35ae572d4f3eee05833,0.5290539860725403,0.5545597076416016,0.03709428467253831,0.425748229761473
validation,guidance,58157,31251,1,2.0,correct,g2-correct/58157-1.png,efdf24f4a3af2ae910a3416839226abe1be88523d2d98800789ee233ffde7e5f,4b61f00d9bdcd41ace4a004be41ee4d4a23ad5a776e6f35ae572d4f3eee05833,0.5007458329200745,0.46994325518608093,0.10279651340374343,0.3222810733623617
validation,guidance,58157,31251,0,6.0,correct,g6-correct/58157-0.png,bbfdb270f42be180bbaf327696bd19e7eea63a1c431cd1cb404fd7281215f6c1,4b61f00d9bdcd41ace4a004be41ee4d4a23ad5a776e6f35ae572d4f3eee05833,0.5490450859069824,0.589269757270813,0.07985679370119676,0.3009876284690868
validation,guidance,58157,31251,1,6.0,correct,g6-correct/58157-1.png,ca0fc6d55d72de5a6ba64458be7e7068a3845948008b35208ceda0a71bebc3fc,4b61f00d9bdcd41ace4a004be41ee4d4a23ad5a776e6f35ae572d4f3eee05833,0.6821697354316711,0.5322043895721436,0.08521630182878889,0.3438653739808307
validation,guidance,31251,67261,0,2.0,correct,g2-correct/31251-0.png,2125c053a18bf2152ed4c2ea78e483b083b52910a4571f9a942e79daa024189e,e5f0e3a8dc2c1565ea64895ca5a006b9bb42d38db54d6b7250819fac9437ba10,0.6014065146446228,0.6150832176208496,0.0844030176127151,0.2815113244709961
validation,guidance,31251,67261,1,2.0,correct,g2-correct/31251-1.png,f44df52d891880acc84e8b08363fadab7f9a5edb2d33fcb9d8eafcbdee66825a,e5f0e3a8dc2c1565ea64895ca5a006b9bb42d38db54d6b7250819fac9437ba10,0.5843266248703003,0.5946736335754395,-0.2707355875638757,0.3316750975899627
validation,guidance,31251,67261,0,6.0,correct,g6-correct/31251-0.png,a8287106b0636e14119a6f8c8b3977b318609cd6aae673513429385999733c80,e5f0e3a8dc2c1565ea64895ca5a006b9bb42d38db54d6b7250819fac9437ba10,0.5985783338546753,0.6012589335441589,0.03527014697024779,0.19798829528874082
validation,guidance,31251,67261,1,6.0,correct,g6-correct/31251-1.png,70f11fe6f8a7cc312e5f7e521cd0d2b1b3fce9ec0a286bea8721a9df07490246,e5f0e3a8dc2c1565ea64895ca5a006b9bb42d38db54d6b7250819fac9437ba10,0.5104262828826904,0.4577942490577698,-0.3454064484476658,0.2722444181647373
validation,guidance,67261,43211,0,2.0,correct,g2-correct/67261-0.png,11529a22808e22dbac2c19e8fae37ff75248987798e317c8dd0d6fd246587a0f,07d147ea3b9d3318ea32f5e662fa389b31b191e1a62054fbee38368b34abad9a,0.5031264424324036,0.4753745496273041,-0.1446606075758248,0.26028716529705365
validation,guidance,67261,43211,1,2.0,correct,g2-correct/67261-1.png,13a1afec07648a0e2eeab0e7b413ad6a911a32cb38a23213250fde52e430ba91,07d147ea3b9d3318ea32f5e662fa389b31b191e1a62054fbee38368b34abad9a,0.5673204064369202,0.519930899143219,0.20995728300181746,0.27713481790818933
validation,guidance,67261,43211,0,6.0,correct,g6-correct/67261-0.png,48e1fa2f5ab54bab12cb14bd58abc2039b4b55d6c7342011e09574a20c62f584,07d147ea3b9d3318ea32f5e662fa389b31b191e1a62054fbee38368b34abad9a,0.5072492361068726,0.48142823576927185,-0.1283683023411087,0.18439238399449834
validation,guidance,67261,43211,1,6.0,correct,g6-correct/67261-1.png,84028e66f31ca64b23a5ab86ce2c6778c9377956d8688f2ba3aef702c9aa7311,07d147ea3b9d3318ea32f5e662fa389b31b191e1a62054fbee38368b34abad9a,0.4793950915336609,0.3948218822479248,0.2448085005955022,0.1557654388626572
