method,image_id,candidate,cosine,forward_two_way,top1,top5
C,95,0,0.8522521276548685,1.0,1.0,1.0
C,204,0,0.7367748588083706,0.9258517034068137,0.0,0.0
C,318,0,0.7330631270949397,0.9258517034068137,0.0,0.0
C,356,0,0.7549032067444499,0.9559118236472945,0.0,0.0
C,425,0,0.8273487509996403,1.0,1.0,1.0
C,458,0,0.7940566063038961,0.9899799599198397,0.0,0.0
C,637,0,0.79614405016847,0.9859719438877755,0.0,0.0
C,709,0,0.6780965258051332,0.8076152304609219,0.0,0.0
C,868,0,0.7156315674763328,0.8637274549098196,0.0,0.0
C,1015,0,0.8143063949969329,0.9939879759519038,0.0,1.0
C,1288,0,0.7275655819343798,0.9178356713426854,0.0,0.0
C,1589,0,0.7802078847743017,0.9759519038076152,0.0,0.0
C,1744,0,0.6793701226173292,0.7895791583166333,0.0,0.0
C,1818,0,0.8217701614773038,0.9959919839679359,0.0,1.0
C,2070,0,0.4980706587862383,0.10220440881763528,0.0,0.0
C,2125,0,0.7806191472911568,0.9979959919839679,0.0,1.0
C,2327,0,0.7957437078613947,0.9939879759519038,0.0,1.0
C,2737,0,0.8230610800580673,0.9619238476953907,0.0,0.0
C,2795,0,0.7804112170249398,0.969939879759519,0.0,0.0
C,2980,0,0.8653849387447389,0.9899799599198397,0.0,0.0
C,3338,0,0.7220319998444777,0.9078156312625251,0.0,0.0
C,3344,0,0.5960387628224469,0.2545090180360721,0.0,0.0
C,3368,0,0.7050437700108079,0.9198396793587175,0.0,0.0
C,3731,0,0.7152979034385673,0.8857715430861723,0.0,0.0
C,3803,0,0.7770756742307178,0.9819639278557114,0.0,0.0
C,4292,0,0.7097027070480233,0.9759519038076152,0.0,0.0
C,4409,0,0.7722887284053714,0.9939879759519038,0.0,1.0
C,4476,0,0.7995311110168308,0.9919839679358717,0.0,1.0
C,4509,0,0.8047340804284223,0.9899799599198397,0.0,0.0
C,4927,0,0.6973949491218283,0.9599198396793587,0.0,0.0
C,4967,0,0.8313883958924406,0.9879759519038076,0.0,0.0
C,5340,0,0.7623054473604225,0.9739478957915831,0.0,0.0
C,5582,0,0.8249938079744548,0.9959919839679359,0.0,1.0
C,5656,0,0.7723729988550369,0.9559118236472945,0.0,0.0
C,5683,0,0.8429277247309395,1.0,1.0,1.0
C,5790,0,0.7056759358475905,0.8016032064128257,0.0,0.0
C,5929,0,0.5827448764900035,0.24448897795591182,0.0,0.0
C,6315,0,0.7796043022314716,0.9819639278557114,0.0,0.0
C,6360,0,0.5845176094147267,0.21643286573146292,0.0,0.0
C,6454,0,0.769281474696401,0.9899799599198397,0.0,0.0
C,6603,0,0.7604841973426892,0.9298597194388778,0.0,0.0
C,6750,0,0.7342084971162124,0.9779559118236473,0.0,0.0
C,6759,0,0.8419902930036227,0.9919839679358717,0.0,1.0
C,6770,0,0.7357373910635452,0.935871743486974,0.0,0.0
C,6991,0,0.7265040885689033,0.9438877755511023,0.0,0.0
C,7306,0,0.7282172916640741,0.9338677354709419,0.0,0.0
C,7355,0,0.7863949233310454,0.9899799599198397,0.0,0.0
C,7899,0,0.7084287060676554,0.8156312625250501,0.0,0.0
C,8061,0,0.6214966999058542,0.35070140280561124,0.0,0.0
C,8215,0,0.6006589779833764,0.3907815631262525,0.0,0.0
C,8234,0,0.78805649438293,0.969939879759519,0.0,0.0
C,8238,0,0.780101945405304,0.9739478957915831,0.0,0.0
C,8275,0,0.6669608706233665,0.5170340681362725,0.0,0.0
C,8367,0,0.825945672523944,0.9939879759519038,0.0,1.0
C,8828,0,0.7809691876325675,0.9599198396793587,0.0,0.0
C,8862,0,0.8258418655901132,0.9959919839679359,0.0,1.0
C,8926,0,0.8049820590616837,1.0,1.0,1.0
C,9188,0,0.8456772800010035,0.9939879759519038,0.0,1.0
C,9298,0,0.7389541215313837,0.9799599198396793,0.0,0.0
C,9376,0,0.8476051522417822,0.9899799599198397,0.0,0.0
C,9712,0,0.7589740160311584,0.9318637274549099,0.0,0.0
C,9877,0,0.7603157969639986,0.9498997995991983,0.0,0.0
C,10115,0,0.5991004536065048,0.2545090180360721,0.0,0.0
C,10191,0,0.8637413158560214,0.9979959919839679,0.0,1.0
C,10361,0,0.6749051059426239,0.5531062124248497,0.0,0.0
C,10602,0,0.8398530953587928,1.0,1.0,1.0
C,10622,0,0.7932530219275646,0.9539078156312625,0.0,0.0
C,11050,0,0.751756251468743,0.9939879759519038,0.0,1.0
C,11274,0,0.8604427073040738,1.0,1.0,1.0
C,11493,0,0.810482019158911,0.9979959919839679,0.0,1.0
C,11757,0,0.7888704793264012,1.0,1.0,1.0
C,11886,0,0.8069985365652459,0.9679358717434869,0.0,0.0
C,12122,0,0.6733071331885654,0.8496993987975952,0.0,0.0
C,12225,0,0.7038966983646904,0.7835671342685371,0.0,0.0
C,12292,0,0.7309328398592357,0.8937875751503006,0.0,0.0
C,12340,0,0.7690463611402862,0.9779559118236473,0.0,0.0
C,12386,0,0.7530544698144179,0.9779559118236473,0.0,0.0
C,12597,0,0.6761464565714084,0.7755511022044088,0.0,0.0
C,13041,0,0.8335301203347723,0.9839679358717435,0.0,0.0
C,13134,0,0.8259094281523955,1.0,1.0,1.0
C,13223,0,0.75032924056933,0.9519038076152304,0.0,0.0
C,13298,0,0.7929512603037524,1.0,1.0,1.0
C,13587,0,0.6592336152617071,0.5450901803607214,0.0,0.0
C,13703,0,0.6924974922382572,0.8637274549098196,0.0,0.0
C,13741,0,0.6415041892296902,0.7154308617234469,0.0,0.0
C,13749,0,0.6874705390585053,0.6993987975951904,0.0,0.0
C,13826,0,0.817975307854687,1.0,1.0,1.0
C,13842,0,0.8087394710106093,0.9779559118236473,0.0,0.0
C,13879,0,0.7027347596448784,0.9198396793587175,0.0,0.0
C,13895,0,0.7351570121250024,0.9659318637274549,0.0,0.0
C,13938,0,0.8057617930559093,0.9539078156312625,0.0,0.0
C,14049,0,0.7746895000143812,0.9719438877755511,0.0,0.0
C,14170,0,0.7593247494780435,0.9318637274549099,0.0,0.0
C,14245,0,0.8616784545479921,0.9959919839679359,0.0,1.0
C,14274,0,0.6796900581923004,0.6212424849699398,0.0,0.0
C,14728,0,0.8498066283762691,0.9919839679358717,0.0,1.0
C,15068,0,0.8416362849763777,0.9839679358717435,0.0,0.0
C,15181,0,0.6324039316081772,0.56312625250501,0.0,0.0
C,15182,0,0.7079510471749133,0.8517034068136272,0.0,0.0
C,15191,0,0.736983820387524,0.8677354709418837,0.0,0.0
C,15274,0,0.8713794899123548,0.9979959919839679,0.0,1.0
C,15386,0,0.7158784147638968,0.8897795591182365,0.0,0.0
C,15438,0,0.6728177554298895,0.6352705410821643,0.0,0.0
C,15516,0,0.735718388920586,0.9318637274549099,0.0,0.0
C,15631,0,0.7323545103563034,0.8637274549098196,0.0,0.0
C,15632,0,0.7514528228676788,0.9639278557114228,0.0,0.0
C,15865,0,0.744628350862629,0.9619238476953907,0.0,0.0
C,15898,0,0.7591946102601038,0.9719438877755511,0.0,0.0
C,15953,0,0.7448558700204668,0.9799599198396793,0.0,0.0
C,15985,0,0.8289659606809482,0.9939879759519038,0.0,1.0
C,16251,0,0.8085005784906687,1.0,1.0,1.0
C,16424,0,0.8186390443811702,1.0,1.0,1.0
C,16525,0,0.7931223473066709,0.9759519038076152,0.0,0.0
C,16625,0,0.8793482789289555,0.9959919839679359,0.0,1.0
C,16718,0,0.7200678169888793,0.9719438877755511,0.0,0.0
C,16800,0,0.8693655527006505,1.0,1.0,1.0
C,17017,0,0.7656771650812193,0.9979959919839679,0.0,1.0
C,17605,0,0.733010617936267,0.8296593186372746,0.0,0.0
C,17651,0,0.6869603891751761,0.8537074148296593,0.0,0.0
C,17795,0,0.6825309073769085,0.8537074148296593,0.0,0.0
C,17843,0,0.7829411605842832,1.0,1.0,1.0
C,17865,0,0.8440527152636277,1.0,1.0,1.0
C,17946,0,0.7748393946168763,0.9879759519038076,0.0,0.0
C,17987,0,0.7734091255830211,0.9659318637274549,0.0,0.0
C,18115,0,0.6528935618786553,0.4468937875751503,0.0,0.0
C,18159,0,0.7555510551507955,0.9659318637274549,0.0,0.0
C,18170,0,0.7588676865983138,0.9739478957915831,0.0,0.0
C,18556,0,0.7455573484727638,0.9098196392785571,0.0,0.0
C,18888,0,0.776632135354568,1.0,1.0,1.0
C,18960,0,0.787954374492373,0.9959919839679359,0.0,1.0
C,19331,0,0.8014323396685558,0.9659318637274549,0.0,0.0
C,19471,0,0.6915808503562416,0.7855711422845691,0.0,0.0
C,19593,0,0.5773216739367701,0.14829659318637275,0.0,0.0
C,19605,0,0.583748315870052,0.20240480961923848,0.0,0.0
C,20013,0,0.6874303527566015,0.905811623246493,0.0,0.0
C,20072,0,0.7390782202603599,0.9639278557114228,0.0,0.0
C,20317,0,0.7691033500320771,0.9779559118236473,0.0,0.0
C,20380,0,0.6263746602846811,0.46292585170340683,0.0,0.0
C,20520,0,0.7976722000820644,0.9959919839679359,0.0,1.0
C,20545,0,0.7857139352547575,0.9959919839679359,0.0,1.0
C,20863,0,0.7717548174767552,0.9579158316633266,0.0,0.0
C,20882,0,0.8311303938659251,0.9819639278557114,0.0,0.0
C,20904,0,0.8544989572453499,0.9859719438877755,0.0,0.0
C,21295,0,0.8254612742365253,0.9959919839679359,0.0,1.0
C,21414,0,0.852329868553202,1.0,1.0,1.0
C,21436,0,0.7397507413266845,0.8817635270541082,0.0,0.0
C,21558,0,0.8421317610456988,1.0,1.0,1.0
C,21887,0,0.7261175572986285,0.8777555110220441,0.0,0.0
C,22215,0,0.7501968560226819,0.9158316633266533,0.0,0.0
C,22299,0,0.7790702510535992,0.9919839679358717,0.0,1.0
C,22303,0,0.7973129878332808,0.9979959919839679,0.0,1.0
C,22452,0,0.6998481361628005,0.7094188376753507,0.0,0.0
C,22793,0,0.8168994414762808,0.9919839679358717,0.0,1.0
C,22803,0,0.7678970842178754,0.9478957915831663,0.0,0.0
C,22924,0,0.7462429605985735,0.9418837675350702,0.0,0.0
C,23314,0,0.8540433175567632,1.0,1.0,1.0
C,23445,0,0.8171248608374223,0.9959919839679359,0.0,1.0
C,23479,0,0.7238510622427499,0.9418837675350702,0.0,0.0
C,23623,0,0.7568632012082319,0.9599198396793587,0.0,0.0
C,23633,0,0.7275736695643817,0.9018036072144289,0.0,0.0
C,23642,0,0.7807454536561382,0.9839679358717435,0.0,0.0
C,23803,0,0.8295159888693329,0.9919839679358717,0.0,1.0
C,24062,0,0.7550869660587337,0.9639278557114228,0.0,0.0
C,24103,0,0.8017650819419249,0.9879759519038076,0.0,0.0
C,24306,0,0.7809209445494324,0.9679358717434869,0.0,0.0
C,24700,0,0.7762987991541925,0.9599198396793587,0.0,0.0
C,24790,0,0.6807113547819931,0.6372745490981964,0.0,0.0
C,25150,0,0.693284854028007,0.7655310621242485,0.0,0.0
C,25166,0,0.70925958011462,0.843687374749499,0.0,0.0
C,25339,0,0.8118512368629831,0.9959919839679359,0.0,1.0
C,25360,0,0.7824803185276706,0.9719438877755511,0.0,0.0
C,25374,0,0.7337206250722256,0.905811623246493,0.0,0.0
C,25447,0,0.7973347904573782,0.9939879759519038,0.0,1.0
C,26070,0,0.7530789277187266,0.9218436873747495,0.0,0.0
C,26146,0,0.7481119743344333,0.9639278557114228,0.0,0.0
C,26419,0,0.784336197959631,0.9438877755511023,0.0,0.0
C,26519,0,0.7014840099132362,0.9839679358717435,0.0,0.0
C,26535,0,0.7633136601910191,0.9899799599198397,0.0,0.0
C,26749,0,0.8357843852671987,0.9879759519038076,0.0,0.0
C,27131,0,0.7429675416569521,0.9539078156312625,0.0,0.0
C,27196,0,0.7514822818028919,0.9238476953907816,0.0,0.0
C,27240,0,0.7884973858997668,0.9839679358717435,0.0,0.0
C,27260,0,0.7908828516069708,1.0,1.0,1.0
C,27648,0,0.8043808783880054,0.9979959919839679,0.0,1.0
C,27688,0,0.8555075363322224,1.0,1.0,1.0
C,27781,0,0.7169322927590462,0.687374749498998,0.0,0.0
C,28157,0,0.8443482930739301,0.9979959919839679,0.0,1.0
C,28253,0,0.648675654573944,0.40681362725450904,0.0,0.0
C,28276,0,0.7983909032816927,0.9939879759519038,0.0,1.0
C,28309,0,0.7644241206383916,0.969939879759519,0.0,0.0
C,28511,0,0.6418194554823429,0.5250501002004008,0.0,0.0
C,28548,0,0.7829434371862192,0.9478957915831663,0.0,0.0
C,28979,0,0.6676376157083408,0.5531062124248497,0.0,0.0
C,29018,0,0.7653906770891818,0.9759519038076152,0.0,0.0
C,29179,0,0.8531163948727261,0.9979959919839679,0.0,1.0
C,29221,0,0.8156893282465194,0.9979959919839679,0.0,1.0
C,29400,0,0.709674001310206,0.8957915831663327,0.0,0.0
C,29511,0,0.7118018508867173,0.7615230460921844,0.0,0.0
C,29591,0,0.702082170499644,0.9619238476953907,0.0,0.0
C,29610,0,0.7818355695555786,0.9879759519038076,0.0,0.0
C,29717,0,0.8632911560386007,1.0,1.0,1.0
C,29815,0,0.8485343953574185,1.0,1.0,1.0
C,29831,0,0.7256871744965772,0.875751503006012,0.0,0.0
C,29903,0,0.7389318101859721,0.9118236472945892,0.0,0.0
C,29942,0,0.7620648680090221,0.9939879759519038,0.0,1.0
C,30016,0,0.5808925113716847,0.2545090180360721,0.0,0.0
C,30068,0,0.6756629575616102,0.5791583166332666,0.0,0.0
C,30077,0,0.8303336371901487,0.9639278557114228,0.0,0.0
C,30139,0,0.7790293615255555,0.9859719438877755,0.0,0.0
C,30888,0,0.7790746165519504,0.9498997995991983,0.0,0.0
C,30961,0,0.8111334515443811,0.9959919839679359,0.0,1.0
C,31234,0,0.7031014860583948,0.9819639278557114,0.0,0.0
C,31244,0,0.6830248543890081,0.7955911823647295,0.0,0.0
C,31251,0,0.7479392588342133,0.9178356713426854,0.0,0.0
C,31280,0,0.688352760868997,0.8517034068136272,0.0,0.0
C,31503,0,0.7788733036303349,0.9939879759519038,0.0,1.0
C,31776,0,0.7563037779591095,0.9679358717434869,0.0,0.0
C,32051,0,0.7984740843733162,1.0,1.0,1.0
C,32062,0,0.6800331520904261,0.6172344689378757,0.0,0.0
C,32140,0,0.8217087111088048,0.9839679358717435,0.0,0.0
C,32365,0,0.8023910498468823,1.0,1.0,1.0
C,32427,0,0.7533252887240744,0.9378757515030061,0.0,0.0
C,32470,0,0.7823647156047822,0.9739478957915831,0.0,0.0
C,32532,0,0.698178900886002,0.8156312625250501,0.0,0.0
C,32630,0,0.7171999305481973,0.8797595190380761,0.0,0.0
C,32680,0,0.8179444424636746,0.9979959919839679,0.0,1.0
C,32697,0,0.8370545544752377,0.9979959919839679,0.0,1.0
C,33057,0,0.8155835778790221,0.9979959919839679,0.0,1.0
C,33084,0,0.814069123086689,1.0,1.0,1.0
C,33123,0,0.8033899859355194,0.9939879759519038,0.0,1.0
C,33256,0,0.7975657091197856,0.9939879759519038,0.0,1.0
C,33264,0,0.8426893426249531,0.9939879759519038,0.0,1.0
C,33336,0,0.7189067688116378,0.905811623246493,0.0,0.0
C,33342,0,0.8084091040343842,1.0,1.0,1.0
C,33512,0,0.8032755796466475,0.9879759519038076,0.0,0.0
C,33863,0,0.7591042528016956,0.9879759519038076,0.0,0.0
C,33990,0,0.8461209218276613,1.0,1.0,1.0
C,34169,0,0.750525587557337,0.9919839679358717,0.0,1.0
C,34198,0,0.7264602119995001,0.935871743486974,0.0,0.0
C,34415,0,0.7887928043675394,0.9959919839679359,0.0,1.0
C,34509,0,0.7815072813884874,1.0,1.0,1.0
C,34565,0,0.7470157714655493,0.9298597194388778,0.0,0.0
C,34854,0,0.8345380954314008,0.9839679358717435,0.0,0.0
C,34998,0,0.8024762720703229,0.9899799599198397,0.0,0.0
C,35100,0,0.7039385685154653,0.905811623246493,0.0,0.0
C,35119,0,0.732462244980528,0.935871743486974,0.0,0.0
C,35131,0,0.7356547278733088,0.9278557114228457,0.0,0.0
C,35234,0,0.6231840346888619,0.46893787575150303,0.0,0.0
C,35269,0,0.727853397879165,0.7855711422845691,0.0,0.0
C,35281,0,0.6800513933271217,0.6232464929859719,0.0,0.0
C,35475,0,0.6275958083729944,0.7675350701402806,0.0,0.0
C,35600,0,0.7565599028490143,0.9498997995991983,0.0,0.0
C,35613,0,0.7024032258058405,0.8837675350701403,0.0,0.0
C,35659,0,0.8370979112429282,0.9799599198396793,0.0,0.0
C,35916,0,0.7439237823402236,0.8416833667334669,0.0,0.0
C,35964,0,0.7158898821751682,0.8857715430861723,0.0,0.0
C,36198,0,0.7491074393424825,0.9959919839679359,0.0,1.0
C,36287,0,0.6344162334551176,0.35671342685370744,0.0,0.0
C,36543,0,0.79122451766073,0.9579158316633266,0.0,0.0
C,36557,0,0.8700390671375806,1.0,1.0,1.0
C,36992,0,0.8463937469859562,1.0,1.0,1.0
C,37034,0,0.5069280811115873,0.01603206412825651,0.0,0.0
C,37053,0,0.843602345536312,1.0,1.0,1.0
C,37255,0,0.7417752780043696,0.9719438877755511,0.0,0.0
C,37362,0,0.748243933015175,0.9398797595190381,0.0,0.0
C,37406,0,0.7250581129344555,0.9018036072144289,0.0,0.0
C,37505,0,0.8292943811745641,0.9959919839679359,0.0,1.0
C,37552,0,0.7994512660257497,0.9498997995991983,0.0,0.0
C,37899,0,0.8536860516439635,0.9819639278557114,0.0,0.0
C,38091,0,0.7389773538019802,0.9579158316633266,0.0,0.0
C,38194,0,0.7863242807918229,0.9539078156312625,0.0,0.0
C,38375,0,0.6827117615916534,0.7254509018036072,0.0,0.0
C,38380,0,0.7758135223505818,0.9939879759519038,0.0,1.0
C,38833,0,0.7353995340316527,0.8416833667334669,0.0,0.0
C,38887,0,0.8296063488682608,0.9959919839679359,0.0,1.0
C,39183,0,0.7010524989326574,0.7935871743486974,0.0,0.0
C,39288,0,0.8404278603585873,0.9899799599198397,0.0,0.0
C,39384,0,0.7162843058789031,0.8216432865731463,0.0,0.0
C,39490,0,0.8355988940043664,0.9979959919839679,0.0,1.0
C,39557,0,0.7955115952581494,0.9879759519038076,0.0,0.0
C,39756,0,0.7310908597877135,0.9118236472945892,0.0,0.0
C,39793,0,0.7334637145985226,0.8957915831663327,0.0,0.0
C,39920,0,0.7188194074018734,0.9719438877755511,0.0,0.0
C,39986,0,0.7146484006658536,0.9478957915831663,0.0,0.0
C,40269,0,0.8134295938375795,0.9899799599198397,0.0,0.0
C,40756,0,0.8328329113596608,0.9959919839679359,0.0,1.0
C,40798,0,0.8415854455469254,0.9979959919839679,0.0,1.0
C,40819,0,0.8715962799096372,1.0,1.0,1.0
C,40933,0,0.7064185748322385,0.685370741482966,0.0,0.0
C,40990,0,0.6820110568940859,0.8356713426853707,0.0,0.0
C,41120,0,0.7711325742101229,0.9779559118236473,0.0,0.0
C,41402,0,0.7459940084530221,0.9378757515030061,0.0,0.0
C,41540,0,0.7739653938256376,0.9919839679358717,0.0,1.0
C,41555,0,0.8639648010706653,0.9979959919839679,0.0,1.0
C,41561,0,0.6948313452006321,0.8897795591182365,0.0,0.0
C,41592,0,0.8014421818359154,0.9839679358717435,0.0,0.0
C,41636,0,0.8395652963725545,0.9959919839679359,0.0,1.0
C,41640,0,0.7360451979290212,0.9098196392785571,0.0,0.0
C,41924,0,0.8585464792552833,1.0,1.0,1.0
C,41976,0,0.7290763189358257,0.9819639278557114,0.0,0.0
C,42022,0,0.799878272335794,0.9979959919839679,0.0,1.0
C,42251,0,0.8226928973280285,0.9979959919839679,0.0,1.0
C,42302,0,0.7478606856743988,0.9178356713426854,0.0,0.0
C,42466,0,0.7236336472542721,0.7675350701402806,0.0,0.0
C,42679,0,0.7249628645333474,0.8877755511022044,0.0,0.0
C,43065,0,0.7811802351954353,0.9899799599198397,0.0,0.0
C,43198,0,0.7343299423860823,0.9118236472945892,0.0,0.0
C,43211,0,0.7703532050687186,0.9619238476953907,0.0,0.0
C,43332,0,0.6720885936730141,0.7414829659318637,0.0,0.0
C,43546,0,0.7779553643873462,0.9879759519038076,0.0,0.0
C,43584,0,0.7181587926472708,0.935871743486974,0.0,0.0
C,44248,0,0.7991374694324436,0.9839679358717435,0.0,0.0
C,44279,0,0.8009680556688941,0.9979959919839679,0.0,1.0
C,44360,0,0.8002401404644802,1.0,1.0,1.0
C,44413,0,0.6864916720309232,0.8617234468937875,0.0,0.0
C,44422,0,0.7882417362112517,1.0,1.0,1.0
C,44903,0,0.6347443923019815,0.45691382765531063,0.0,0.0
C,44975,0,0.7698783009417826,0.9679358717434869,0.0,0.0
C,45377,0,0.8543908894218373,0.9979959919839679,0.0,1.0
C,45528,0,0.8292346375903326,1.0,1.0,1.0
C,45699,0,0.6310779233089421,0.39478957915831664,0.0,0.0
C,45952,0,0.7442854956965287,0.9498997995991983,0.0,0.0
C,45987,0,0.8209229418252616,0.9959919839679359,0.0,1.0
C,46166,0,0.697977085099805,0.8617234468937875,0.0,0.0
C,46276,0,0.8011296936033199,0.9979959919839679,0.0,1.0
C,46403,0,0.8342527517373353,1.0,1.0,1.0
C,46524,0,0.6358780187199654,0.4188376753507014,0.0,0.0
C,46653,0,0.7579997567827697,0.9178356713426854,0.0,0.0
C,47030,0,0.7396704057693184,0.9098196392785571,0.0,0.0
C,47086,0,0.7006205571074701,0.811623246492986,0.0,0.0
C,47093,0,0.7272828554086874,0.9138276553106213,0.0,0.0
C,47122,0,0.8664210519109934,1.0,1.0,1.0
C,47125,0,0.6998296508727752,0.8797595190380761,0.0,0.0
C,47331,0,0.862058765752205,1.0,1.0,1.0
C,47471,0,0.7565641806988277,0.9118236472945892,0.0,0.0
C,47583,0,0.6691253066762153,0.7074148296593187,0.0,0.0
C,47744,0,0.7737429696150703,0.9939879759519038,0.0,1.0
C,47907,0,0.5557371050669975,0.12424849699398798,0.0,0.0
C,48376,0,0.8708061924757857,1.0,1.0,1.0
C,48655,0,0.7955480173750548,0.9859719438877755,0.0,0.0
C,48911,0,0.7786319855345711,0.9879759519038076,0.0,0.0
C,49170,0,0.8508862736278745,0.9819639278557114,0.0,0.0
C,49195,0,0.7875286160078343,0.9839679358717435,0.0,0.0
C,49256,0,0.6842950417111027,0.7214428857715431,0.0,0.0
C,49315,0,0.7701217195904314,0.9779559118236473,0.0,0.0
C,49474,0,0.870390154879046,1.0,1.0,1.0
C,49475,0,0.8165632395696317,0.9939879759519038,0.0,1.0
C,49678,0,0.7589214171551399,0.9919839679358717,0.0,1.0
C,49702,0,0.7658328005677453,0.9879759519038076,0.0,0.0
C,49760,0,0.7793968701614095,0.9639278557114228,0.0,0.0
C,50203,0,0.6973684600156744,0.8777555110220441,0.0,0.0
C,50210,0,0.7647551502222378,0.9619238476953907,0.0,0.0
C,50622,0,0.6960489389929475,0.779559118236473,0.0,0.0
C,50708,0,0.7287528168888268,0.9679358717434869,0.0,0.0
C,50739,0,0.7717509656295036,0.9839679358717435,0.0,0.0
C,50850,0,0.8298928306700568,0.9919839679358717,0.0,1.0
C,51008,0,0.8684367684734833,1.0,1.0,1.0
C,51227,0,0.8381932922922004,0.9899799599198397,0.0,0.0
C,51300,0,0.7399969033849737,0.9378757515030061,0.0,0.0
C,51380,0,0.7780166703238965,0.9619238476953907,0.0,0.0
C,51385,0,0.864673589205617,1.0,1.0,1.0
C,51436,0,0.8121171086467467,0.9919839679358717,0.0,1.0
C,51517,0,0.7418102683822663,0.8316633266533067,0.0,0.0
C,51688,0,0.7669038019248221,0.9939879759519038,0.0,1.0
C,51865,0,0.7559758552232108,0.9519038076152304,0.0,0.0
C,51943,0,0.7998625093260856,0.9939879759519038,0.0,1.0
C,51956,0,0.6481150667863309,0.4228456913827655,0.0,0.0
C,51990,0,0.7141882270470588,0.8336673346693386,0.0,0.0
C,52228,0,0.6987440970968855,0.8977955911823647,0.0,0.0
C,52277,0,0.7814599432038558,0.9759519038076152,0.0,0.0
C,52729,0,0.8025794882351367,0.9939879759519038,0.0,1.0
C,52733,0,0.7635165955676577,0.9739478957915831,0.0,0.0
C,52803,0,0.716212509703779,0.7755511022044088,0.0,0.0
C,52927,0,0.7776206514806026,0.9498997995991983,0.0,0.0
C,53445,0,0.7887794174191317,0.9779559118236473,0.0,0.0
C,53659,0,0.8234222731141436,0.9959919839679359,0.0,1.0
C,53729,0,0.8163516951162462,0.9619238476953907,0.0,0.0
C,53974,0,0.7803530352359975,0.9879759519038076,0.0,0.0
C,54054,0,0.677186151330869,0.7134268537074149,0.0,0.0
C,54099,0,0.8039825814031147,0.9879759519038076,0.0,0.0
C,54250,0,0.8408091983709087,1.0,1.0,1.0
C,54336,0,0.7283972505766294,0.8957915831663327,0.0,0.0
C,54681,0,0.7759055103061547,0.9539078156312625,0.0,0.0
C,55202,0,0.839625246296045,0.9979959919839679,0.0,1.0
C,55501,0,0.7942673222393959,0.9619238476953907,0.0,0.0
C,55597,0,0.8435336680220711,0.9879759519038076,0.0,0.0
C,55741,0,0.7522323035380788,0.9378757515030061,0.0,0.0
C,55808,0,0.7370436950810035,0.9859719438877755,0.0,0.0
C,55876,0,0.7858019983129918,0.9879759519038076,0.0,0.0
C,55878,0,0.7484518816391661,0.8997995991983968,0.0,0.0
C,56047,0,0.7605732282572462,0.9779559118236473,0.0,0.0
C,56131,0,0.49389433796053056,0.052104208416833664,0.0,0.0
C,56162,0,0.6605571185287454,0.6953907815631263,0.0,0.0
C,56272,0,0.743821335029092,0.8617234468937875,0.0,0.0
C,56496,0,0.6142538769187417,0.39879759519038077,0.0,0.0
C,56554,0,0.8199806213441156,0.9619238476953907,0.0,0.0
C,56629,0,0.7951365431553468,0.9939879759519038,0.0,1.0
C,56651,0,0.7260410670833319,0.8877755511022044,0.0,0.0
C,56698,0,0.5014369315949798,0.028056112224448898,0.0,0.0
C,56873,0,0.6591120642866655,0.5150300601202404,0.0,0.0
C,56963,0,0.799795832090704,0.9939879759519038,0.0,1.0
C,57114,0,0.8283109207527426,0.9979959919839679,0.0,1.0
C,57244,0,0.8290939454165154,0.9899799599198397,0.0,0.0
C,57830,0,0.8327678991805285,0.9979959919839679,0.0,1.0
C,57994,0,0.8469823420635116,1.0,1.0,1.0
C,58004,0,0.8755742190667583,0.9959919839679359,0.0,1.0
C,58157,0,0.6591952176625405,0.6332665330661322,0.0,0.0
C,58169,0,0.7607047843934582,0.9559118236472945,0.0,0.0
C,58252,0,0.8503169706195316,1.0,1.0,1.0
C,58341,0,0.7904220892241689,0.9959919839679359,0.0,1.0
C,58458,0,0.7253271638705091,0.9839679358717435,0.0,0.0
C,58572,0,0.8063649634768422,1.0,1.0,1.0
C,58835,0,0.7728597568831095,0.9859719438877755,0.0,0.0
C,58977,0,0.7632466767574223,0.9919839679358717,0.0,1.0
C,58988,0,0.8405358391774365,0.9939879759519038,0.0,1.0
C,59101,0,0.8425795454326499,0.9979959919839679,0.0,1.0
C,59177,0,0.8407298244535116,0.9919839679358717,0.0,1.0
C,59183,0,0.8762234136211658,1.0,1.0,1.0
C,59219,0,0.8805793014593315,1.0,1.0,1.0
C,59293,0,0.8595165772519839,1.0,1.0,1.0
C,59464,0,0.7098205540384122,0.811623246492986,0.0,0.0
C,59470,0,0.7774383722252556,0.9719438877755511,0.0,0.0
C,59508,0,0.7189404813788729,0.8877755511022044,0.0,0.0
C,59838,0,0.8470010014668824,1.0,1.0,1.0
C,59905,0,0.7929525433671301,0.9979959919839679,0.0,1.0
C,60063,0,0.8312248254821428,0.9939879759519038,0.0,1.0
C,60496,0,0.7773352584521508,1.0,1.0,1.0
C,60707,0,0.7159450130937544,0.8236472945891784,0.0,0.0
C,60784,0,0.760039353270882,0.9779559118236473,0.0,0.0
C,60932,0,0.7558138181719506,0.8957915831663327,0.0,0.0
C,61327,0,0.8430129149324297,1.0,1.0,1.0
C,61653,0,0.833293173104747,1.0,1.0,1.0
C,61683,0,0.7749062690198654,0.9879759519038076,0.0,0.0
C,61701,0,0.5986925355196826,0.17635270541082165,0.0,0.0
C,61868,0,0.8347190383962007,0.9839679358717435,0.0,0.0
C,61878,0,0.8483021479320098,0.9979959919839679,0.0,1.0
C,62117,0,0.7435349491848262,0.9679358717434869,0.0,0.0
C,62587,0,0.8534657082891792,1.0,1.0,1.0
C,62627,0,0.7446775388773516,0.9839679358717435,0.0,0.0
C,63062,0,0.8182870977913936,1.0,1.0,1.0
C,63247,0,0.7305280693212033,0.9098196392785571,0.0,0.0
C,63837,0,0.7429318683943885,0.9659318637274549,0.0,0.0
C,63869,0,0.7444544678766647,0.9819639278557114,0.0,0.0
C,64050,0,0.8199031905684226,1.0,1.0,1.0
C,64148,0,0.7180462798572425,0.9278557114228457,0.0,0.0
C,64195,0,0.8084855232309794,0.9879759519038076,0.0,0.0
C,64262,0,0.7759015289748151,0.9799599198396793,0.0,0.0
C,64417,0,0.8150861730084886,0.9959919839679359,0.0,1.0
C,64547,0,0.7951805376104546,0.9879759519038076,0.0,0.0
C,64783,0,0.6094522168012575,0.19839679358717435,0.0,0.0
C,64851,0,0.7483308803615232,0.9719438877755511,0.0,0.0
C,64925,0,0.8132817671110621,0.9839679358717435,0.0,0.0
C,65218,0,0.817472897724297,0.9979959919839679,0.0,1.0
C,65340,0,0.6296722431801027,0.5891783567134269,0.0,0.0
C,65348,0,0.6937654917762721,0.7855711422845691,0.0,0.0
C,65417,0,0.8174340529950331,0.9959919839679359,0.0,1.0
C,65553,0,0.7816622022841014,0.9919839679358717,0.0,1.0
C,65609,0,0.8218731138663482,0.9939879759519038,0.0,1.0
C,65690,0,0.7666987979771049,0.9478957915831663,0.0,0.0
C,65878,0,0.7479337446763835,0.9599198396793587,0.0,0.0
C,66058,0,0.7408363464841528,0.9539078156312625,0.0,0.0
C,66209,0,0.6583899028539497,0.49498997995991983,0.0,0.0
C,66269,0,0.6842591737880575,0.6973947895791583,0.0,0.0
C,66437,0,0.8102438932938559,0.9939879759519038,0.0,1.0
C,66512,0,0.7211617647381536,0.8977955911823647,0.0,0.0
C,66559,0,0.7816845491077182,0.9759519038076152,0.0,0.0
C,66875,0,0.7555734686695915,0.9879759519038076,0.0,0.0
C,67261,0,0.7820907095219475,1.0,1.0,1.0
C,67281,0,0.772962985386378,0.9298597194388778,0.0,0.0
C,67361,0,0.7680323381579262,0.9899799599198397,0.0,0.0
C,67444,0,0.7575237087487284,0.9879759519038076,0.0,0.0
C,67673,0,0.7733522404463622,0.9619238476953907,0.0,0.0
C,67708,0,0.8438199942681242,1.0,1.0,1.0
C,67899,0,0.705986144795328,0.8617234468937875,0.0,0.0
C,68121,0,0.7679069721193603,0.9919839679358717,0.0,1.0
C,68127,0,0.8089212273777802,0.9959919839679359,0.0,1.0
C,68173,0,0.8048646253852417,0.9919839679358717,0.0,1.0
C,68193,0,0.7628032583223154,0.9759519038076152,0.0,0.0
C,68287,0,0.7647889798007692,0.9679358717434869,0.0,0.0
C,68394,0,0.6982373356747023,0.8897795591182365,0.0,0.0
C,68473,0,0.7677109356225555,0.9959919839679359,0.0,1.0
C,68532,0,0.654878618030585,0.5811623246492986,0.0,0.0
C,68553,0,0.8244370511882368,1.0,1.0,1.0
C,68819,0,0.7299670704103027,0.9579158316633266,0.0,0.0
C,69085,0,0.7283949260086271,0.8136272545090181,0.0,0.0
C,69087,0,0.738234440410456,0.9498997995991983,0.0,0.0
C,69137,0,0.7439688216607901,0.9318637274549099,0.0,0.0
C,69462,0,0.824077035288162,1.0,1.0,1.0
C,69641,0,0.8532028632546311,0.9959919839679359,0.0,1.0
C,70279,0,0.6843618950947712,0.8917835671342685,0.0,0.0
C,70372,0,0.8675196331418817,1.0,1.0,1.0
C,70496,0,0.7202468841908546,0.8496993987975952,0.0,0.0
C,70765,0,0.8034248108409587,1.0,1.0,1.0
C,71264,0,0.6686033761898744,0.5731462925851704,0.0,0.0
C,71624,0,0.7408353223122621,0.9859719438877755,0.0,0.0
C,71735,0,0.851984143922978,0.9839679358717435,0.0,0.0
C,72089,0,0.7452762844508269,0.9218436873747495,0.0,0.0
C,72151,0,0.885982345544958,1.0,1.0,1.0
C,72389,0,0.7409924702044821,0.9899799599198397,0.0,0.0
C,72527,0,0.6947383493044842,0.9759519038076152,0.0,0.0
mean,95,0,0.7688714851392763,0.7975951903807615,0.0,0.0
mean,204,0,0.683604377145383,0.3106212424849699,0.0,0.0
mean,318,0,0.7154513336349582,0.4709418837675351,0.0,0.0
mean,356,0,0.6824622433421643,0.2985971943887776,0.0,0.0
mean,425,0,0.785294429229362,0.8977955911823647,0.0,0.0
mean,458,0,0.789529188703995,0.9218436873747495,0.0,0.0
mean,637,0,0.7682718231550112,0.7915831663326653,0.0,0.0
mean,709,0,0.5865584799784535,0.05811623246492986,0.0,0.0
mean,868,0,0.6398001756224252,0.15030060120240482,0.0,0.0
mean,1015,0,0.7342458577886604,0.5871743486973948,0.0,0.0
mean,1288,0,0.5897218352070325,0.06212424849699399,0.0,0.0
mean,1589,0,0.7544647919163072,0.7154308617234469,0.0,0.0
mean,1744,0,0.6984176987854758,0.3587174348697395,0.0,0.0
mean,1818,0,0.788068911933534,0.9138276553106213,0.0,0.0
mean,2070,0,0.39159595548107307,0.0,0.0,0.0
mean,2125,0,0.7611412281635335,0.7635270541082164,0.0,0.0
mean,2327,0,0.7107397311004091,0.4408817635270541,0.0,0.0
mean,2737,0,0.7056418988046773,0.40480961923847697,0.0,0.0
mean,2795,0,0.732303942483918,0.5771543086172345,0.0,0.0
mean,2980,0,0.7586916474796994,0.7454909819639278,0.0,0.0
mean,3338,0,0.6769653073844939,0.26452905811623245,0.0,0.0
mean,3344,0,0.5157929047936246,0.01002004008016032,0.0,0.0
mean,3368,0,0.6394114484369238,0.14428857715430862,0.0,0.0
mean,3731,0,0.6736095687365411,0.24448897795591182,0.0,0.0
mean,3803,0,0.7325156400787385,0.5811623246492986,0.0,0.0
mean,4292,0,0.6613330038443229,0.20040080160320642,0.0,0.0
mean,4409,0,0.7434807679968565,0.6292585170340681,0.0,0.0
mean,4476,0,0.7746153191211363,0.8376753507014028,0.0,0.0
mean,4509,0,0.7455765182612272,0.6452905811623246,0.0,0.0
mean,4927,0,0.6812295429321311,0.2845691382765531,0.0,0.0
mean,4967,0,0.7726926866204926,0.8196392785571143,0.0,0.0
mean,5340,0,0.727315094694696,0.5490981963927856,0.0,0.0
mean,5582,0,0.774611972510928,0.8356713426853707,0.0,0.0
mean,5656,0,0.7473007747982305,0.6633266533066132,0.0,0.0
mean,5683,0,0.8011494119935487,0.9539078156312625,0.0,0.0
mean,5790,0,0.6311676955994954,0.11422845691382766,0.0,0.0
mean,5929,0,0.6033569921842764,0.0781563126252505,0.0,0.0
mean,6315,0,0.72427962717814,0.533066132264529,0.0,0.0
mean,6360,0,0.5284542285759377,0.012024048096192385,0.0,0.0
mean,6454,0,0.7521029761556386,0.6993987975951904,0.0,0.0
mean,6603,0,0.7154967695066978,0.4749498997995992,0.0,0.0
mean,6750,0,0.6705056914517354,0.23246492985971945,0.0,0.0
mean,6759,0,0.7563629825171045,0.7294589178356713,0.0,0.0
mean,6770,0,0.6359627851482987,0.13226452905811623,0.0,0.0
mean,6991,0,0.6491231981946475,0.16032064128256512,0.0,0.0
mean,7306,0,0.6876771622436846,0.3246492985971944,0.0,0.0
mean,7355,0,0.7690129490494985,0.7995991983967936,0.0,0.0
mean,7899,0,0.6644000568912212,0.20841683366733466,0.0,0.0
mean,8061,0,0.5442206776271524,0.018036072144288578,0.0,0.0
mean,8215,0,0.547528660871541,0.02004008016032064,0.0,0.0
mean,8234,0,0.7587870072154899,0.7474949899799599,0.0,0.0
mean,8238,0,0.7782362199870858,0.8577154308617234,0.0,0.0
mean,8275,0,0.6614096677628605,0.20440881763527055,0.0,0.0
mean,8367,0,0.7662959827704006,0.781563126252505,0.0,0.0
mean,8828,0,0.6878049491111642,0.32665330661322645,0.0,0.0
mean,8862,0,0.790164588601617,0.9238476953907816,0.0,0.0
mean,8926,0,0.7731356640969735,0.8276553106212425,0.0,0.0
mean,9188,0,0.8167078525369762,0.9879759519038076,0.0,0.0
mean,9298,0,0.6653357688346968,0.218436873747495,0.0,0.0
mean,9376,0,0.7319053917270834,0.5751503006012024,0.0,0.0
mean,9712,0,0.7380029562860835,0.6012024048096193,0.0,0.0
mean,9877,0,0.7154624842987716,0.4729458917835671,0.0,0.0
mean,10115,0,0.540490716565372,0.014028056112224449,0.0,0.0
mean,10191,0,0.769916660191867,0.8056112224448898,0.0,0.0
mean,10361,0,0.6737502879331994,0.24649298597194388,0.0,0.0
mean,10602,0,0.8152174694067302,0.9859719438877755,0.0,0.0
mean,10622,0,0.7505174423962913,0.6933867735470942,0.0,0.0
mean,11050,0,0.6806580288117217,0.280561122244489,0.0,0.0
mean,11274,0,0.809796786539299,0.9799599198396793,0.0,0.0
mean,11493,0,0.7977385679146456,0.9398797595190381,0.0,0.0
mean,11757,0,0.7422554969882486,0.625250501002004,0.0,0.0
mean,11886,0,0.7588630057649703,0.751503006012024,0.0,0.0
mean,12122,0,0.6259544391582796,0.1062124248496994,0.0,0.0
mean,12225,0,0.6823743003851668,0.2965931863727455,0.0,0.0
mean,12292,0,0.6393587918340522,0.1402805611222445,0.0,0.0
mean,12340,0,0.7488204062081064,0.6793587174348698,0.0,0.0
mean,12386,0,0.6774509096470265,0.27054108216432865,0.0,0.0
mean,12597,0,0.6651387550599777,0.21442885771543085,0.0,0.0
mean,13041,0,0.780681627804711,0.8697394789579158,0.0,0.0
mean,13134,0,0.7680003632272553,0.7855711422845691,0.0,0.0
mean,13223,0,0.7062731331693015,0.41082164328657317,0.0,0.0
mean,13298,0,0.678051926777675,0.27655310621242485,0.0,0.0
mean,13587,0,0.6449668608637662,0.156312625250501,0.0,0.0
mean,13703,0,0.5758403307073217,0.04609218436873747,0.0,0.0
mean,13741,0,0.5650406532087924,0.03206412825651302,0.0,0.0
mean,13749,0,0.6513335418569518,0.17034068136272545,0.0,0.0
mean,13826,0,0.7854607198766183,0.8997995991983968,0.0,0.0
mean,13842,0,0.7821879761277949,0.87374749498998,0.0,0.0
mean,13879,0,0.6699945686405473,0.23046092184368738,0.0,0.0
mean,13895,0,0.7051622420227674,0.3967935871743487,0.0,0.0
mean,13938,0,0.7021797909586964,0.3787575150300601,0.0,0.0
mean,14049,0,0.7347885123880658,0.591182364729459,0.0,0.0
mean,14170,0,0.723392786954556,0.5230460921843687,0.0,0.0
mean,14245,0,0.7548365936699095,0.7234468937875751,0.0,0.0
mean,14274,0,0.6543255626829287,0.17835671342685372,0.0,0.0
mean,14728,0,0.7592450978478823,0.7555110220440882,0.0,0.0
mean,15068,0,0.7474268535433313,0.6653306613226453,0.0,0.0
mean,15181,0,0.5635317520719421,0.028056112224448898,0.0,0.0
mean,15182,0,0.635337241541537,0.13026052104208416,0.0,0.0
mean,15191,0,0.6908018060340164,0.3366733466933868,0.0,0.0
mean,15274,0,0.8031525139746585,0.9619238476953907,0.0,0.0
mean,15386,0,0.6981351427591527,0.35671342685370744,0.0,0.0
mean,15438,0,0.6178231789546915,0.09218436873747494,0.0,0.0
mean,15516,0,0.686327354268264,0.3186372745490982,0.0,0.0
mean,15631,0,0.7232398428885538,0.5210420841683366,0.0,0.0
mean,15632,0,0.7147599493336054,0.4649298597194389,0.0,0.0
mean,15865,0,0.6789653889423568,0.2785571142284569,0.0,0.0
mean,15898,0,0.7113822139120051,0.4468937875751503,0.0,0.0
mean,15953,0,0.7219116082335311,0.503006012024048,0.0,0.0
mean,15985,0,0.7869239240227919,0.9098196392785571,0.0,0.0
mean,16251,0,0.7376761943314045,0.5971943887775552,0.0,0.0
mean,16424,0,0.8179740694649313,0.9919839679358717,0.0,1.0
mean,16525,0,0.7261961373315564,0.5450901803607214,0.0,0.0
mean,16625,0,0.7905449771908154,0.9258517034068137,0.0,0.0
mean,16718,0,0.683284406602709,0.30861723446893785,0.0,0.0
mean,16800,0,0.8075188742120699,0.9739478957915831,0.0,0.0
mean,17017,0,0.7481065189615465,0.6713426853707415,0.0,0.0
mean,17605,0,0.6957470753800639,0.3527054108216433,0.0,0.0
mean,17651,0,0.6069375793337056,0.0841683366733467,0.0,0.0
mean,17795,0,0.6298918880468114,0.11222444889779559,0.0,0.0
mean,17843,0,0.6995260450884047,0.36472945891783565,0.0,0.0
mean,17865,0,0.7995552337852272,0.9478957915831663,0.0,0.0
mean,17946,0,0.7122425171102453,0.45090180360721444,0.0,0.0
mean,17987,0,0.7404568462733172,0.6092184368737475,0.0,0.0
mean,18115,0,0.5985581589230813,0.07214428857715431,0.0,0.0
mean,18159,0,0.6712460971643528,0.23446893787575152,0.0,0.0
mean,18170,0,0.742010316218881,0.6192384769539078,0.0,0.0
mean,18556,0,0.6873755061163267,0.3226452905811623,0.0,0.0
mean,18888,0,0.7421094734415012,0.6212424849699398,0.0,0.0
mean,18960,0,0.7238411026064435,0.5270541082164328,0.0,0.0
mean,19331,0,0.763706082307938,0.7775551102204409,0.0,0.0
mean,19471,0,0.7009924003990973,0.37675350701402804,0.0,0.0
mean,19593,0,0.58391662225506,0.05410821643286573,0.0,0.0
mean,19605,0,0.5802143280493206,0.050100200400801605,0.0,0.0
mean,20013,0,0.6386961429600547,0.13827655310621242,0.0,0.0
mean,20072,0,0.5897247951232287,0.06412825651302605,0.0,0.0
mean,20317,0,0.7139530181549152,0.46092184368737477,0.0,0.0
mean,20380,0,0.6495395573929261,0.16432865731462926,0.0,0.0
mean,20520,0,0.6977881626510815,0.35470941883767537,0.0,0.0
mean,20545,0,0.691755941708921,0.33867735470941884,0.0,0.0
mean,20863,0,0.7021897330797551,0.3807615230460922,0.0,0.0
mean,20882,0,0.7535419015713485,0.7114228456913828,0.0,0.0
mean,20904,0,0.7412095038281181,0.6152304609218436,0.0,0.0
mean,21295,0,0.7546509387664223,0.7194388777555111,0.0,0.0
mean,21414,0,0.784498266581516,0.8937875751503006,0.0,0.0
mean,21436,0,0.7300614739654578,0.5691382765531062,0.0,0.0
mean,21558,0,0.7747212216546265,0.8396793587174348,0.0,0.0
mean,21887,0,0.6249527284424214,0.10220440881763528,0.0,0.0
mean,22215,0,0.7294344508597226,0.56312625250501,0.0,0.0
mean,22299,0,0.7278231470806382,0.5551102204408818,0.0,0.0
mean,22303,0,0.7587878721481524,0.749498997995992,0.0,0.0
mean,22452,0,0.6348851651573526,0.1282565130260521,0.0,0.0
mean,22793,0,0.7274782477273031,0.5511022044088176,0.0,0.0
mean,22803,0,0.7204667185298942,0.4909819639278557,0.0,0.0
mean,22924,0,0.6393591735364619,0.14228456913827656,0.0,0.0
mean,23314,0,0.7972720180922698,0.9378757515030061,0.0,0.0
mean,23445,0,0.7623339410414134,0.7735470941883767,0.0,0.0
mean,23479,0,0.6328553788168529,0.12424849699398798,0.0,0.0
mean,23623,0,0.7204826892021181,0.49298597194388777,0.0,0.0
mean,23633,0,0.6996107618640292,0.3667334669338677,0.0,0.0
mean,23642,0,0.7857169976465241,0.9038076152304609,0.0,0.0
mean,23803,0,0.7885640986872391,0.9178356713426854,0.0,0.0
mean,24062,0,0.71492864301042,0.46693386773547096,0.0,0.0
mean,24103,0,0.772935652869262,0.8256513026052105,0.0,0.0
mean,24306,0,0.7297802620606337,0.5651302605210421,0.0,0.0
mean,24700,0,0.7343006159239778,0.5891783567134269,0.0,0.0
mean,24790,0,0.6186259921418524,0.09819639278557114,0.0,0.0
mean,25150,0,0.6260015790608353,0.10821643286573146,0.0,0.0
mean,25166,0,0.6901283974964716,0.33266533066132264,0.0,0.0
mean,25339,0,0.7517532174138201,0.6953907815631263,0.0,0.0
mean,25360,0,0.7175217312762416,0.48096192384769537,0.0,0.0
mean,25374,0,0.6572390502249965,0.18637274549098196,0.0,0.0
mean,25447,0,0.771085332233851,0.811623246492986,0.0,0.0
mean,26070,0,0.7452740124617944,0.6412825651302605,0.0,0.0
mean,26146,0,0.677349113175884,0.2685370741482966,0.0,0.0
mean,26419,0,0.6989230109520863,0.36072144288577157,0.0,0.0
mean,26519,0,0.665326313885516,0.21643286573146292,0.0,0.0
mean,26535,0,0.7000825289241861,0.3687374749498998,0.0,0.0
mean,26749,0,0.7660427529873655,0.779559118236473,0.0,0.0
mean,27131,0,0.6752712826066116,0.25250501002004005,0.0,0.0
mean,27196,0,0.704737524925215,0.3927855711422846,0.0,0.0
mean,27240,0,0.7501546575038287,0.687374749498998,0.0,0.0
mean,27260,0,0.7205891818400585,0.4969939879759519,0.0,0.0
mean,27648,0,0.7486952722187195,0.6753507014028056,0.0,0.0
mean,27688,0,0.7742461840243955,0.8296593186372746,0.0,0.0
mean,27781,0,0.7052025517492457,0.39879759519038077,0.0,0.0
mean,28157,0,0.802430926900765,0.9579158316633266,0.0,0.0
mean,28253,0,0.649235806270857,0.1623246492985972,0.0,0.0
mean,28276,0,0.7269789001508651,0.5470941883767535,0.0,0.0
mean,28309,0,0.7554596042283546,0.7274549098196392,0.0,0.0
mean,28511,0,0.6311888064423538,0.11623246492985972,0.0,0.0
mean,28548,0,0.7443326448978094,0.6352705410821643,0.0,0.0
mean,28979,0,0.6394555853423465,0.1462925851703407,0.0,0.0
mean,29018,0,0.7127585659033168,0.4529058116232465,0.0,0.0
mean,29179,0,0.7601728763619797,0.7615230460921844,0.0,0.0
mean,29221,0,0.777690467299438,0.8557114228456913,0.0,0.0
mean,29400,0,0.6429695279169783,0.1523046092184369,0.0,0.0
mean,29511,0,0.7062304647236853,0.4088176352705411,0.0,0.0
mean,29591,0,0.7003651569216125,0.37074148296593185,0.0,0.0
mean,29610,0,0.7244679182562315,0.5350701402805611,0.0,0.0
mean,29717,0,0.7829830316148909,0.8817635270541082,0.0,0.0
mean,29815,0,0.7861836200071021,0.9078156312625251,0.0,0.0
mean,29831,0,0.6679761232291341,0.22444889779559118,0.0,0.0
mean,29903,0,0.7305101076980443,0.5711422845691383,0.0,0.0
mean,29942,0,0.7095155279711567,0.42685370741482964,0.0,0.0
mean,30016,0,0.5767775480804702,0.04809619238476954,0.0,0.0
mean,30068,0,0.6626661401667018,0.20641282565130262,0.0,0.0
mean,30077,0,0.7547468217240236,0.7214428857715431,0.0,0.0
mean,30139,0,0.7445844808267056,0.6392785571142284,0.0,0.0
mean,30888,0,0.7290463429504462,0.5571142284569138,0.0,0.0
mean,30961,0,0.7537955037281061,0.7134268537074149,0.0,0.0
mean,31234,0,0.6368124984789101,0.1342685370741483,0.0,0.0
mean,31244,0,0.6608970682408997,0.1963927855711423,0.0,0.0
mean,31251,0,0.7257520633911918,0.5410821643286573,0.0,0.0
mean,31280,0,0.5659337375016774,0.03406813627254509,0.0,0.0
mean,31503,0,0.7412759301707648,0.6172344689378757,0.0,0.0
mean,31776,0,0.7392242744181494,0.6072144288577155,0.0,0.0
mean,32051,0,0.7690483221903006,0.8016032064128257,0.0,0.0
mean,32062,0,0.673867233561837,0.24849699398797595,0.0,0.0
mean,32140,0,0.7222188819532682,0.5070140280561122,0.0,0.0
mean,32365,0,0.79686273506423,0.935871743486974,0.0,0.0
mean,32427,0,0.7053632608145997,0.40080160320641284,0.0,0.0
mean,32470,0,0.8032838816865557,0.9639278557114228,0.0,0.0
mean,32532,0,0.6233486620199655,0.10020040080160321,0.0,0.0
mean,32630,0,0.6614001200847062,0.20240480961923848,0.0,0.0
mean,32680,0,0.7830978463477093,0.8857715430861723,0.0,0.0
mean,32697,0,0.7745539696294399,0.8316633266533067,0.0,0.0
mean,33057,0,0.7724327939377581,0.8176352705410822,0.0,0.0
mean,33084,0,0.7727347838624081,0.8216432865731463,0.0,0.0
mean,33123,0,0.8111813017043422,0.9839679358717435,0.0,0.0
mean,33256,0,0.758493101347943,0.7434869739478958,0.0,0.0
mean,33264,0,0.7460498182840904,0.6513026052104208,0.0,0.0
mean,33336,0,0.6769833450321432,0.2665330661322645,0.0,0.0
mean,33342,0,0.7854809993780303,0.9018036072144289,0.0,0.0
mean,33512,0,0.7068707184507746,0.4148296593186373,0.0,0.0
mean,33863,0,0.6767313060583036,0.2605210420841683,0.0,0.0
mean,33990,0,0.78229114770902,0.875751503006012,0.0,0.0
mean,34169,0,0.7463159104025976,0.6533066132264529,0.0,0.0
mean,34198,0,0.7102157301095637,0.4288577154308617,0.0,0.0
mean,34415,0,0.76854743352305,0.7935871743486974,0.0,0.0
mean,34509,0,0.7758675641178261,0.843687374749499,0.0,0.0
mean,34565,0,0.6463342052641732,0.15831663326653306,0.0,0.0
mean,34854,0,0.7567966675559666,0.7334669338677354,0.0,0.0
mean,34998,0,0.7458405557021381,0.6492985971943888,0.0,0.0
mean,35100,0,0.655065134837256,0.18036072144288579,0.0,0.0
mean,35119,0,0.7156580266973442,0.47695390781563124,0.0,0.0
mean,35131,0,0.6720900606927187,0.23847695390781562,0.0,0.0
mean,35234,0,0.5423432999545299,0.01603206412825651,0.0,0.0
mean,35269,0,0.7571700880567049,0.7354709418837675,0.0,0.0
mean,35281,0,0.6170321192048617,0.09018036072144289,0.0,0.0
mean,35475,0,0.5496972895273896,0.022044088176352707,0.0,0.0
mean,35600,0,0.7619074469013528,0.7715430861723447,0.0,0.0
mean,35613,0,0.6732133767524173,0.24048096192384769,0.0,0.0
mean,35659,0,0.718864143855801,0.4849699398797595,0.0,0.0
mean,35916,0,0.6931638118159911,0.34468937875751504,0.0,0.0
mean,35964,0,0.6817180444512299,0.2905811623246493,0.0,0.0
mean,36198,0,0.7106879973201816,0.43687374749499,0.0,0.0
mean,36287,0,0.557879666885606,0.02404809619238477,0.0,0.0
mean,36543,0,0.7221519515331403,0.5050100200400801,0.0,0.0
mean,36557,0,0.8176543164475374,0.9899799599198397,0.0,0.0
mean,36992,0,0.8226096073610862,0.9939879759519038,0.0,1.0
mean,37034,0,0.4281610919621396,0.002004008016032064,0.0,0.0
mean,37053,0,0.7869883682390586,0.9118236472945892,0.0,0.0
mean,37255,0,0.6742018038309807,0.250501002004008,0.0,0.0
mean,37362,0,0.7151571476491001,0.46893787575150303,0.0,0.0
mean,37406,0,0.6821592821621523,0.29458917835671344,0.0,0.0
mean,37505,0,0.7566429310532252,0.7314629258517034,0.0,0.0
mean,37552,0,0.7577323374686927,0.7414829659318637,0.0,0.0
mean,37899,0,0.748002537485301,0.6693386773547094,0.0,0.0
mean,38091,0,0.6649945017753747,0.2124248496993988,0.0,0.0
mean,38194,0,0.7227499055156665,0.5130260521042084,0.0,0.0
mean,38375,0,0.650548348149832,0.16633266533066132,0.0,0.0
mean,38380,0,0.7113455478507299,0.44488977955911824,0.0,0.0
mean,38833,0,0.695731563006302,0.35070140280561124,0.0,0.0
mean,38887,0,0.778977070531186,0.8597194388777555,0.0,0.0
mean,39183,0,0.5848732613398515,0.056112224448897796,0.0,0.0
mean,39288,0,0.7751809451490201,0.8416833667334669,0.0,0.0
mean,39384,0,0.6814826187435159,0.2865731462925852,0.0,0.0
mean,39490,0,0.8069939354645258,0.969939879759519,0.0,0.0
mean,39557,0,0.7770364953584001,0.8517034068136272,0.0,0.0
mean,39756,0,0.6695862510440636,0.22845691382765532,0.0,0.0
mean,39793,0,0.681196032996956,0.28256513026052105,0.0,0.0
mean,39920,0,0.6395546974297783,0.14829659318637275,0.0,0.0
mean,39986,0,0.7128704344840502,0.45490981963927857,0.0,0.0
mean,40269,0,0.7522250560313035,0.7014028056112225,0.0,0.0
mean,40756,0,0.7930595349564079,0.9318637274549099,0.0,0.0
mean,40798,0,0.791697873460381,0.9298597194388778,0.0,0.0
mean,40819,0,0.7598131192311857,0.7595190380761523,0.0,0.0
mean,40933,0,0.6695190917412995,0.22645290581162325,0.0,0.0
mean,40990,0,0.6606188203391674,0.19438877755511022,0.0,0.0
mean,41120,0,0.7595823357310801,0.7575150300601202,0.0,0.0
mean,41402,0,0.6901441201753087,0.3346693386773547,0.0,0.0
mean,41540,0,0.6644038113954998,0.21042084168336672,0.0,0.0
mean,41555,0,0.7298380944369285,0.5671342685370742,0.0,0.0
mean,41561,0,0.644858203458162,0.15430861723446893,0.0,0.0
mean,41592,0,0.7043804854671145,0.3867735470941884,0.0,0.0
mean,41636,0,0.7699439053013071,0.8076152304609219,0.0,0.0
mean,41640,0,0.675591556012329,0.2545090180360721,0.0,0.0
mean,41924,0,0.7809037924144528,0.8717434869739479,0.0,0.0
mean,41976,0,0.5836895012482828,0.052104208416833664,0.0,0.0
mean,42022,0,0.6778707682488287,0.2725450901803607,0.0,0.0
mean,42251,0,0.7670888672186368,0.7835671342685371,0.0,0.0
mean,42302,0,0.6528108851622192,0.17635270541082165,0.0,0.0
mean,42466,0,0.7131029961678391,0.45691382765531063,0.0,0.0
mean,42679,0,0.7064101778667385,0.41282565130260523,0.0,0.0
mean,43065,0,0.7228380611745948,0.5170340681362725,0.0,0.0
mean,43198,0,0.7078900436609414,0.4188376753507014,0.0,0.0
mean,43211,0,0.7230964339297694,0.5190380761523046,0.0,0.0
mean,43332,0,0.6664746914750265,0.22044088176352705,0.0,0.0
mean,43546,0,0.7704725422412375,0.8096192384769539,0.0,0.0
mean,43584,0,0.634788501421754,0.12625250501002003,0.0,0.0
mean,44248,0,0.7503504618050388,0.6913827655310621,0.0,0.0
mean,44279,0,0.7520567275601078,0.6973947895791583,0.0,0.0
mean,44360,0,0.78339645155149,0.8877755511022044,0.0,0.0
mean,44413,0,0.6517127288530001,0.17234468937875752,0.0,0.0
mean,44422,0,0.7045638835465664,0.38877755511022044,0.0,0.0
mean,44903,0,0.6045469841433563,0.08216432865731463,0.0,0.0
mean,44975,0,0.7546031318240822,0.717434869739479,0.0,0.0
mean,45377,0,0.7574190140098827,0.7394789579158316,0.0,0.0
mean,45528,0,0.7464236963153461,0.655310621242485,0.0,0.0
mean,45699,0,0.5717937233205213,0.04208416833667335,0.0,0.0
mean,45952,0,0.7040757059335063,0.3847695390781563,0.0,0.0
mean,45987,0,0.7388372311308335,0.6052104208416834,0.0,0.0
mean,46166,0,0.5716790214742642,0.04008016032064128,0.0,0.0
mean,46276,0,0.791692487959994,0.9278557114228457,0.0,0.0
mean,46403,0,0.7453398291946141,0.6432865731462926,0.0,0.0
mean,46524,0,0.5685612355273126,0.03807615230460922,0.0,0.0
mean,46653,0,0.6826446034743595,0.30060120240480964,0.0,0.0
mean,47030,0,0.7195564406190673,0.48897795591182364,0.0,0.0
mean,47086,0,0.6717026994941196,0.23647294589178355,0.0,0.0
mean,47093,0,0.7092435768504659,0.4228456913827655,0.0,0.0
mean,47122,0,0.7883748619588684,0.9158316633266533,0.0,0.0
mean,47125,0,0.6757067788146733,0.2565130260521042,0.0,0.0
mean,47331,0,0.8074574492720132,0.9719438877755511,0.0,0.0
mean,47471,0,0.6816641439680413,0.28857715430861725,0.0,0.0
mean,47583,0,0.5683745605537911,0.036072144288577156,0.0,0.0
mean,47744,0,0.710717712087141,0.43887775551102204,0.0,0.0
mean,47907,0,0.5591912951538529,0.026052104208416832,0.0,0.0
mean,48376,0,0.8004863592858549,0.9519038076152304,0.0,0.0
mean,48655,0,0.7257472863587003,0.5390781563126252,0.0,0.0
mean,48911,0,0.7615421142040769,0.7655310621242485,0.0,0.0
mean,49170,0,0.7377187287118164,0.5991983967935872,0.0,0.0
mean,49195,0,0.7443086125266822,0.6332665330661322,0.0,0.0
mean,49256,0,0.6611040457100175,0.19839679358717435,0.0,0.0
mean,49315,0,0.7307981023045239,0.5731462925851704,0.0,0.0
mean,49474,0,0.7828443755079619,0.8797595190380761,0.0,0.0
mean,49475,0,0.7554240552982834,0.7254509018036072,0.0,0.0
mean,49678,0,0.676958097814653,0.2625250501002004,0.0,0.0
mean,49702,0,0.7476727933397296,0.6673346693386774,0.0,0.0
mean,49760,0,0.7495680404803226,0.6833667334669339,0.0,0.0
mean,50203,0,0.5880891008502798,0.06012024048096192,0.0,0.0
mean,50210,0,0.601749902433623,0.07414829659318638,0.0,0.0
mean,50622,0,0.6570266279837234,0.1843687374749499,0.0,0.0
mean,50708,0,0.7084684872500414,0.42084168336673344,0.0,0.0
mean,50739,0,0.6936564866005677,0.3466933867735471,0.0,0.0
mean,50850,0,0.722733299577217,0.5110220440881763,0.0,0.0
mean,51008,0,0.7993504714073932,0.9438877755511023,0.0,0.0
mean,51227,0,0.7486127862378718,0.6733466933867736,0.0,0.0
mean,51300,0,0.7382623723401553,0.6032064128256514,0.0,0.0
mean,51380,0,0.7405883054423029,0.6112224448897795,0.0,0.0
mean,51385,0,0.7800618906774119,0.8657314629258517,0.0,0.0
mean,51436,0,0.7323804929785656,0.5791583166332666,0.0,0.0
mean,51517,0,0.7007170527411896,0.3727454909819639,0.0,0.0
mean,51688,0,0.7695940758797881,0.8036072144288577,0.0,0.0
mean,51865,0,0.7104825083805566,0.43286573146292584,0.0,0.0
mean,51943,0,0.7617526035929282,0.7695390781563126,0.0,0.0
mean,51956,0,0.611683179764643,0.08617234468937876,0.0,0.0
mean,51990,0,0.6322710213147702,0.12224448897795591,0.0,0.0
mean,52228,0,0.5729552417386241,0.04408817635270541,0.0,0.0
mean,52277,0,0.7103809690668328,0.4308617234468938,0.0,0.0
mean,52729,0,0.7072368204634043,0.4168336673346693,0.0,0.0
mean,52733,0,0.7572041811075988,0.7374749498997996,0.0,0.0
mean,52803,0,0.7439352078842035,0.6312625250501002,0.0,0.0
mean,52927,0,0.7686496161780696,0.7955911823647295,0.0,0.0
mean,53445,0,0.7527976587489296,0.7054108216432866,0.0,0.0
mean,53659,0,0.801274032501988,0.9559118236472945,0.0,0.0
mean,53729,0,0.7093671991043682,0.4248496993987976,0.0,0.0
mean,53974,0,0.7062054003747424,0.40681362725450904,0.0,0.0
mean,54054,0,0.6507239566430969,0.1683366733466934,0.0,0.0
mean,54099,0,0.7429795014643044,0.627254509018036,0.0,0.0
mean,54250,0,0.7955383469877986,0.9338677354709419,0.0,0.0
mean,54336,0,0.6831177945690674,0.3066132264529058,0.0,0.0
mean,54681,0,0.7292443895521028,0.5591182364729459,0.0,0.0
mean,55202,0,0.7805165251555637,0.8677354709418837,0.0,0.0
mean,55501,0,0.7769017383842599,0.8476953907815631,0.0,0.0
mean,55597,0,0.746857203814131,0.657314629258517,0.0,0.0
mean,55741,0,0.699419406275287,0.3627254509018036,0.0,0.0
mean,55808,0,0.7277638751219417,0.5531062124248497,0.0,0.0
mean,55876,0,0.7837701703522153,0.8897795591182365,0.0,0.0
mean,55878,0,0.6898192644168708,0.3306613226452906,0.0,0.0
mean,56047,0,0.6675092598559176,0.22244488977955912,0.0,0.0
mean,56131,0,0.45742773876123266,0.004008016032064128,0.0,0.0
mean,56162,0,0.6179350811983102,0.09418837675350701,0.0,0.0
mean,56272,0,0.7117898011128256,0.44889779559118237,0.0,0.0
mean,56496,0,0.5638039815456469,0.03006012024048096,0.0,0.0
mean,56554,0,0.7681854517464308,0.7875751503006012,0.0,0.0
mean,56629,0,0.7259736759554545,0.5430861723446894,0.0,0.0
mean,56651,0,0.7112436332981593,0.44288577154308617,0.0,0.0
mean,56698,0,0.47299560992461664,0.006012024048096192,0.0,0.0
mean,56873,0,0.6828717041243618,0.3026052104208417,0.0,0.0
mean,56963,0,0.7722865396537237,0.8156312625250501,0.0,0.0
mean,57114,0,0.7830282158944698,0.8837675350701403,0.0,0.0
mean,57244,0,0.7711841231958059,0.8136272545090181,0.0,0.0
mean,57830,0,0.7891451722275038,0.9198396793587175,0.0,0.0
mean,57994,0,0.7828004566901985,0.8777555110220441,0.0,0.0
mean,58004,0,0.8077265789305195,0.9759519038076152,0.0,0.0
mean,58157,0,0.5956623372592041,0.06813627254509018,0.0,0.0
mean,58169,0,0.6862471211845931,0.3166332665330661,0.0,0.0
mean,58252,0,0.8044984218390382,0.9659318637274549,0.0,0.0
mean,58341,0,0.7795310510866933,0.8617234468937875,0.0,0.0
mean,58458,0,0.7049683540312335,0.39478957915831664,0.0,0.0
mean,58572,0,0.8055961599094208,0.9679358717434869,0.0,0.0
mean,58835,0,0.7144909777226602,0.46292585170340683,0.0,0.0
mean,58977,0,0.7468690058063332,0.6593186372745491,0.0,0.0
mean,58988,0,0.8085182189854292,0.9779559118236473,0.0,0.0
mean,59101,0,0.7525730979555629,0.7034068136272545,0.0,0.0
mean,59177,0,0.7615759650982723,0.7675350701402806,0.0,0.0
mean,59183,0,0.7799336296790194,0.8637274549098196,0.0,0.0
mean,59219,0,0.8405980865117366,0.9979959919839679,0.0,1.0
mean,59293,0,0.744382910811878,0.6372745490981964,0.0,0.0
mean,59464,0,0.6759624271327374,0.25851703406813625,0.0,0.0
mean,59470,0,0.683033622942017,0.3046092184368738,0.0,0.0
mean,59508,0,0.6380509479643064,0.13627254509018036,0.0,0.0
mean,59838,0,0.7995000989853713,0.9458917835671342,0.0,0.0
mean,59905,0,0.7375865464255089,0.5951903807615231,0.0,0.0
mean,60063,0,0.7772506469978309,0.8537074148296593,0.0,0.0
mean,60496,0,0.7133193830429441,0.4589178356713427,0.0,0.0
mean,60707,0,0.6569514997091013,0.18236472945891782,0.0,0.0
mean,60784,0,0.705493158138562,0.4028056112224449,0.0,0.0
mean,60932,0,0.7183125095230014,0.48296593186372744,0.0,0.0
mean,61327,0,0.7859067217865854,0.905811623246493,0.0,0.0
mean,61653,0,0.7362526070914819,0.593186372745491,0.0,0.0
mean,61683,0,0.7411435065226328,0.6132264529058116,0.0,0.0
mean,61701,0,0.5932946147812668,0.06613226452905811,0.0,0.0
mean,61868,0,0.7332469464658733,0.5831663326653307,0.0,0.0
mean,61878,0,0.7533200957833597,0.7074148296593187,0.0,0.0
mean,62117,0,0.7217851884832699,0.501002004008016,0.0,0.0
mean,62587,0,0.7535406101650093,0.7094188376753507,0.0,0.0
mean,62627,0,0.6896599890182665,0.3286573146292585,0.0,0.0
mean,63062,0,0.7993262590900052,0.9418837675350702,0.0,0.0
mean,63247,0,0.702270627066781,0.38276553106212424,0.0,0.0
mean,63837,0,0.6957181129546355,0.3486973947895792,0.0,0.0
mean,63869,0,0.6576814103733973,0.18837675350701402,0.0,0.0
mean,64050,0,0.8026886970545086,0.9599198396793587,0.0,0.0
mean,64148,0,0.6251317646330805,0.10420841683366733,0.0,0.0
mean,64195,0,0.7770254941776005,0.8496993987975952,0.0,0.0
mean,64262,0,0.7223743413634109,0.5090180360721442,0.0,0.0
mean,64417,0,0.7500730292440022,0.685370741482966,0.0,0.0
mean,64547,0,0.748736408138382,0.6773547094188377,0.0,0.0
mean,64783,0,0.5956684917367051,0.07014028056112225,0.0,0.0
mean,64851,0,0.692129779963273,0.3406813627254509,0.0,0.0
mean,64925,0,0.7503178952496606,0.6893787575150301,0.0,0.0
mean,65218,0,0.8101187314783871,0.9819639278557114,0.0,0.0
mean,65340,0,0.5116483569329962,0.008016032064128256,0.0,0.0
mean,65348,0,0.618240299281408,0.09619238476953908,0.0,0.0
mean,65417,0,0.8237346111086239,0.9959919839679359,0.0,1.0
mean,65553,0,0.7745848078577975,0.8336673346693386,0.0,0.0
mean,65609,0,0.7760884134522621,0.845691382765531,0.0,0.0
mean,65690,0,0.7840846597023705,0.8917835671342685,0.0,0.0
mean,65878,0,0.719205119020743,0.48697394789579157,0.0,0.0
mean,66058,0,0.7256372350607767,0.5370741482965932,0.0,0.0
mean,66209,0,0.6517823343376693,0.1743486973947896,0.0,0.0
mean,66269,0,0.6035158951828361,0.08016032064128256,0.0,0.0
mean,66437,0,0.7845466693519672,0.8957915831663327,0.0,0.0
mean,66512,0,0.6854509018841561,0.31462925851703405,0.0,0.0
mean,66559,0,0.7294116675901943,0.561122244488978,0.0,0.0
mean,66875,0,0.6779101851157444,0.2745490981963928,0.0,0.0
mean,67261,0,0.7589912617988448,0.7535070140280561,0.0,0.0
mean,67281,0,0.7227525606667731,0.5150300601202404,0.0,0.0
mean,67361,0,0.7240348666977301,0.5290581162324649,0.0,0.0
mean,67444,0,0.6268908679737875,0.11022044088176353,0.0,0.0
mean,67673,0,0.7213303511253519,0.49899799599198397,0.0,0.0
mean,67708,0,0.7996722861831591,0.9498997995991983,0.0,0.0
mean,67899,0,0.6871018820402636,0.32064128256513025,0.0,0.0
mean,68121,0,0.7165231467531885,0.4789579158316633,0.0,0.0
mean,68127,0,0.7204917306288179,0.49498997995991983,0.0,0.0
mean,68173,0,0.7682047055425094,0.7895791583166333,0.0,0.0
mean,68193,0,0.7494072966557644,0.6813627254509018,0.0,0.0
mean,68287,0,0.700940722952246,0.374749498997996,0.0,0.0
mean,68394,0,0.6319444434578886,0.12024048096192384,0.0,0.0
mean,68473,0,0.6848336505821077,0.312625250501002,0.0,0.0
mean,68532,0,0.6032081093771824,0.07615230460921844,0.0,0.0
mean,68553,0,0.7632990529451804,0.7755511022044088,0.0,0.0
mean,68819,0,0.7242201252398599,0.531062124248497,0.0,0.0
mean,69085,0,0.6732762185154848,0.24248496993987975,0.0,0.0
mean,69087,0,0.6923266085578093,0.342685370741483,0.0,0.0
mean,69137,0,0.7236659290602898,0.5250501002004008,0.0,0.0
mean,69462,0,0.7421601219675689,0.6232464929859719,0.0,0.0
mean,69641,0,0.7472087411705821,0.6613226452905812,0.0,0.0
mean,70279,0,0.6165195927650702,0.08817635270541083,0.0,0.0
mean,70372,0,0.8515217909921322,1.0,1.0,1.0
mean,70496,0,0.6819183905795912,0.2925851703406814,0.0,0.0
mean,70765,0,0.733655084983656,0.5851703406813628,0.0,0.0
mean,71264,0,0.6603261766199575,0.1903807615230461,0.0,0.0
mean,71624,0,0.7046772802402963,0.3907815631262525,0.0,0.0
mean,71735,0,0.7106080255317626,0.4348697394789579,0.0,0.0
mean,72089,0,0.7456534794898406,0.6472945891783567,0.0,0.0
mean,72151,0,0.7728648371322341,0.8236472945891784,0.0,0.0
mean,72389,0,0.660484963437019,0.19238476953907815,0.0,0.0
mean,72527,0,0.6318742655327709,0.11823647294589178,0.0,0.0
shuffle1,95,0,0.7579863818811878,0.905811623246493,0.0,0.0
shuffle1,204,0,0.6526116840034629,0.3366733466933868,0.0,0.0
shuffle1,318,0,0.6797128384138189,0.45090180360721444,0.0,0.0
shuffle1,356,0,0.6467282663898031,0.2845691382765531,0.0,0.0
shuffle1,425,0,0.7508289062888733,0.8517034068136272,0.0,0.0
shuffle1,458,0,0.7750769802983786,0.9378757515030061,0.0,0.0
shuffle1,637,0,0.7186257111634775,0.5951903807615231,0.0,0.0
shuffle1,709,0,0.5919551318158269,0.09218436873747494,0.0,0.0
shuffle1,868,0,0.6922251127588558,0.5170340681362725,0.0,0.0
shuffle1,1015,0,0.7121797521536355,0.6432865731462926,0.0,0.0
shuffle1,1288,0,0.5342614868708083,0.03206412825651302,0.0,0.0
shuffle1,1589,0,0.7146035697743696,0.6052104208416834,0.0,0.0
shuffle1,1744,0,0.6970070695289755,0.6112224448897795,0.0,0.0
shuffle1,1818,0,0.7304136871108362,0.7134268537074149,0.0,0.0
shuffle1,2070,0,0.33939634247273254,0.0,0.0,0.0
shuffle1,2125,0,0.7192680202984009,0.6633266533066132,0.0,0.0
shuffle1,2327,0,0.7100868999159282,0.6312625250501002,0.0,0.0
shuffle1,2737,0,0.734127933110039,0.7635270541082164,0.0,0.0
shuffle1,2795,0,0.7119524542173918,0.6452905811623246,0.0,0.0
shuffle1,2980,0,0.7625070605174317,0.9238476953907816,0.0,0.0
shuffle1,3338,0,0.6678460693510113,0.35070140280561124,0.0,0.0
shuffle1,3344,0,0.475805135583075,0.008016032064128256,0.0,0.0
shuffle1,3368,0,0.6376522077946805,0.22444889779559118,0.0,0.0
shuffle1,3731,0,0.6629793351995854,0.3286573146292585,0.0,0.0
shuffle1,3803,0,0.6892846345414617,0.5270541082164328,0.0,0.0
shuffle1,4292,0,0.6259828192078697,0.1903807615230461,0.0,0.0
shuffle1,4409,0,0.6769972376279514,0.4348697394789579,0.0,0.0
shuffle1,4476,0,0.7467739460641515,0.781563126252505,0.0,0.0
shuffle1,4509,0,0.7083483901259401,0.5871743486973948,0.0,0.0
shuffle1,4927,0,0.644292836869699,0.28857715430861725,0.0,0.0
shuffle1,4967,0,0.7496368029559556,0.8336673346693386,0.0,0.0
shuffle1,5340,0,0.6932907749406826,0.46693386773547096,0.0,0.0
shuffle1,5582,0,0.7270275131507523,0.7274549098196392,0.0,0.0
shuffle1,5656,0,0.7208536552167578,0.6693386773547094,0.0,0.0
shuffle1,5683,0,0.7601369623987495,0.8857715430861723,0.0,0.0
shuffle1,5790,0,0.5660480588438199,0.056112224448897796,0.0,0.0
shuffle1,5929,0,0.5784270891722589,0.06012024048096192,0.0,0.0
shuffle1,6315,0,0.7037763457703773,0.5250501002004008,0.0,0.0
shuffle1,6360,0,0.4854445234730835,0.01002004008016032,0.0,0.0
shuffle1,6454,0,0.7305762262955294,0.8036072144288577,0.0,0.0
shuffle1,6603,0,0.670805324271377,0.35671342685370744,0.0,0.0
shuffle1,6750,0,0.6788189438056913,0.5971943887775552,0.0,0.0
shuffle1,6759,0,0.6832671309494607,0.561122244488978,0.0,0.0
shuffle1,6770,0,0.5942128667493513,0.09218436873747494,0.0,0.0
shuffle1,6991,0,0.6315344339191344,0.17635270541082165,0.0,0.0
shuffle1,7306,0,0.6990884903578181,0.5490981963927856,0.0,0.0
shuffle1,7355,0,0.7348237678328209,0.8356713426853707,0.0,0.0
shuffle1,7899,0,0.6578723392699023,0.24448897795591182,0.0,0.0
shuffle1,8061,0,0.525729456884485,0.018036072144288578,0.0,0.0
shuffle1,8215,0,0.5230762143708202,0.02404809619238477,0.0,0.0
shuffle1,8234,0,0.7298913543605551,0.7234468937875751,0.0,0.0
shuffle1,8238,0,0.7478545560717236,0.8316633266533067,0.0,0.0
shuffle1,8275,0,0.6291976056939727,0.22044088176352705,0.0,0.0
shuffle1,8367,0,0.7185246525080338,0.657314629258517,0.0,0.0
shuffle1,8828,0,0.6554177583162102,0.28256513026052105,0.0,0.0
shuffle1,8862,0,0.7785994497664891,0.9478957915831663,0.0,0.0
shuffle1,8926,0,0.7403542547578603,0.8156312625250501,0.0,0.0
shuffle1,9188,0,0.7880466601408272,0.9719438877755511,0.0,0.0
shuffle1,9298,0,0.6128730203267273,0.1342685370741483,0.0,0.0
shuffle1,9376,0,0.7098612545744937,0.6192384769539078,0.0,0.0
shuffle1,9712,0,0.7068254141102501,0.5531062124248497,0.0,0.0
shuffle1,9877,0,0.7117262414467813,0.5851703406813628,0.0,0.0
shuffle1,10115,0,0.5627389951775192,0.07214428857715431,0.0,0.0
shuffle1,10191,0,0.7260758883585995,0.7134268537074149,0.0,0.0
shuffle1,10361,0,0.6754692479899627,0.39478957915831664,0.0,0.0
shuffle1,10602,0,0.8061680874084388,0.9939879759519038,0.0,1.0
shuffle1,10622,0,0.7297487991173738,0.7214428857715431,0.0,0.0
shuffle1,11050,0,0.6715038268897172,0.342685370741483,0.0,0.0
shuffle1,11274,0,0.7859440248441132,0.9779559118236473,0.0,0.0
shuffle1,11493,0,0.769949491382369,0.9018036072144289,0.0,0.0
shuffle1,11757,0,0.7102262570883914,0.627254509018036,0.0,0.0
shuffle1,11886,0,0.7685767941533028,0.905811623246493,0.0,0.0
shuffle1,12122,0,0.5965870739737417,0.1282565130260521,0.0,0.0
shuffle1,12225,0,0.6491456738673249,0.2745490981963928,0.0,0.0
shuffle1,12292,0,0.6060345536466987,0.13026052104208416,0.0,0.0
shuffle1,12340,0,0.6857836146551175,0.6212424849699398,0.0,0.0
shuffle1,12386,0,0.6543372990346585,0.3867735470941884,0.0,0.0
shuffle1,12597,0,0.6229562812398013,0.17835671342685372,0.0,0.0
shuffle1,13041,0,0.7573780260205489,0.9078156312625251,0.0,0.0
shuffle1,13134,0,0.73498027153922,0.8517034068136272,0.0,0.0
shuffle1,13223,0,0.6710132093197179,0.3927855711422846,0.0,0.0
shuffle1,13298,0,0.6203657317948588,0.17034068136272545,0.0,0.0
shuffle1,13587,0,0.6288673820940427,0.18036072144288579,0.0,0.0
shuffle1,13703,0,0.5754521479822781,0.06813627254509018,0.0,0.0
shuffle1,13741,0,0.5575016707181193,0.06212424849699399,0.0,0.0
shuffle1,13749,0,0.60842211703637,0.13827655310621242,0.0,0.0
shuffle1,13826,0,0.7383227339687382,0.7735470941883767,0.0,0.0
shuffle1,13842,0,0.7548736545437946,0.8857715430861723,0.0,0.0
shuffle1,13879,0,0.6482629149641378,0.21442885771543085,0.0,0.0
shuffle1,13895,0,0.6915076594972389,0.501002004008016,0.0,0.0
shuffle1,13938,0,0.7368521643927244,0.7394789579158316,0.0,0.0
shuffle1,14049,0,0.7075220458485001,0.5851703406813628,0.0,0.0
shuffle1,14170,0,0.6676931024401191,0.3306613226452906,0.0,0.0
shuffle1,14245,0,0.7305584066703152,0.7054108216432866,0.0,0.0
shuffle1,14274,0,0.643512546054384,0.22645290581162325,0.0,0.0
shuffle1,14728,0,0.7355071314300456,0.7234468937875751,0.0,0.0
shuffle1,15068,0,0.7205813074805949,0.6593186372745491,0.0,0.0
shuffle1,15181,0,0.5513360948588897,0.04609218436873747,0.0,0.0
shuffle1,15182,0,0.6282181984666405,0.19839679358717435,0.0,0.0
shuffle1,15191,0,0.6597962316725599,0.3186372745490982,0.0,0.0
shuffle1,15274,0,0.7629754050846348,0.9118236472945892,0.0,0.0
shuffle1,15386,0,0.6745330924085686,0.45490981963927857,0.0,0.0
shuffle1,15438,0,0.6105512749286681,0.12625250501002003,0.0,0.0
shuffle1,15516,0,0.6479355600982857,0.2665330661322645,0.0,0.0
shuffle1,15631,0,0.7235932545076191,0.7114228456913828,0.0,0.0
shuffle1,15632,0,0.6729132732320565,0.3847695390781563,0.0,0.0
shuffle1,15865,0,0.6347841112359738,0.22244488977955912,0.0,0.0
shuffle1,15898,0,0.697586565318181,0.6352705410821643,0.0,0.0
shuffle1,15953,0,0.6842552975276196,0.46893787575150303,0.0,0.0
shuffle1,15985,0,0.7300611486250895,0.6913827655310621,0.0,0.0
shuffle1,16251,0,0.7381404485755928,0.8517034068136272,0.0,0.0
shuffle1,16424,0,0.7635992499179898,0.9238476953907816,0.0,0.0
shuffle1,16525,0,0.7235567048494806,0.6793587174348698,0.0,0.0
shuffle1,16625,0,0.7538096112589165,0.8316633266533067,0.0,0.0
shuffle1,16718,0,0.6610660091923004,0.3286573146292585,0.0,0.0
shuffle1,16800,0,0.7661282884445205,0.9679358717434869,0.0,0.0
shuffle1,17017,0,0.734086009560502,0.7695390781563126,0.0,0.0
shuffle1,17605,0,0.6854254019769963,0.45691382765531063,0.0,0.0
shuffle1,17651,0,0.5732943262233985,0.08216432865731463,0.0,0.0
shuffle1,17795,0,0.6013597989391778,0.16432865731462926,0.0,0.0
shuffle1,17843,0,0.7056806504195787,0.591182364729459,0.0,0.0
shuffle1,17865,0,0.7744359998336553,0.9458917835671342,0.0,0.0
shuffle1,17946,0,0.688660153264274,0.44488977955911824,0.0,0.0
shuffle1,17987,0,0.7142526609065467,0.6833667334669339,0.0,0.0
shuffle1,18115,0,0.5504559154179283,0.06412825651302605,0.0,0.0
shuffle1,18159,0,0.6328443481009589,0.22845691382765532,0.0,0.0
shuffle1,18170,0,0.6870916271794715,0.533066132264529,0.0,0.0
shuffle1,18556,0,0.6430495251868874,0.22645290581162325,0.0,0.0
shuffle1,18888,0,0.7051296541044676,0.6112224448897795,0.0,0.0
shuffle1,18960,0,0.7067197258042186,0.5771543086172345,0.0,0.0
shuffle1,19331,0,0.7605306124463478,0.8537074148296593,0.0,0.0
shuffle1,19471,0,0.6422389895947946,0.25250501002004005,0.0,0.0
shuffle1,19593,0,0.5632153932326351,0.07014028056112225,0.0,0.0
shuffle1,19605,0,0.5413067355656991,0.04609218436873747,0.0,0.0
shuffle1,20013,0,0.6427140241536184,0.22845691382765532,0.0,0.0
shuffle1,20072,0,0.5839975922384928,0.08016032064128256,0.0,0.0
shuffle1,20317,0,0.70783608887491,0.531062124248497,0.0,0.0
shuffle1,20380,0,0.6424529009552127,0.22444889779559118,0.0,0.0
shuffle1,20520,0,0.6636249922446319,0.32665330661322645,0.0,0.0
shuffle1,20545,0,0.6416180997967154,0.27054108216432865,0.0,0.0
shuffle1,20863,0,0.6732322710705376,0.4228456913827655,0.0,0.0
shuffle1,20882,0,0.7319261907264574,0.7434869739478958,0.0,0.0
shuffle1,20904,0,0.6727476105409064,0.3867735470941884,0.0,0.0
shuffle1,21295,0,0.7086204335025859,0.5791583166332666,0.0,0.0
shuffle1,21414,0,0.75853559867627,0.8617234468937875,0.0,0.0
shuffle1,21436,0,0.6879539106810809,0.46693386773547096,0.0,0.0
shuffle1,21558,0,0.772449544516526,0.9378757515030061,0.0,0.0
shuffle1,21887,0,0.6099687008485699,0.13026052104208416,0.0,0.0
shuffle1,22215,0,0.6960591028757455,0.5150300601202404,0.0,0.0
shuffle1,22299,0,0.7111834518727145,0.6673346693386774,0.0,0.0
shuffle1,22303,0,0.7341550217295105,0.7354709418837675,0.0,0.0
shuffle1,22452,0,0.6262420254474657,0.21643286573146292,0.0,0.0
shuffle1,22793,0,0.6902361470894931,0.4789579158316633,0.0,0.0
shuffle1,22803,0,0.6825137824502272,0.41082164328657317,0.0,0.0
shuffle1,22924,0,0.5384026116619677,0.04809619238476954,0.0,0.0
shuffle1,23314,0,0.7631453138544201,0.9018036072144289,0.0,0.0
shuffle1,23445,0,0.7331398364172879,0.779559118236473,0.0,0.0
shuffle1,23479,0,0.5986743300617183,0.1402805611222445,0.0,0.0
shuffle1,23623,0,0.7048496354927396,0.5150300601202404,0.0,0.0
shuffle1,23633,0,0.6274196871983466,0.17034068136272545,0.0,0.0
shuffle1,23642,0,0.7481532055032327,0.8597194388777555,0.0,0.0
shuffle1,23803,0,0.7777106242810816,0.9659318637274549,0.0,0.0
shuffle1,24062,0,0.6772034527354323,0.42084168336673344,0.0,0.0
shuffle1,24103,0,0.7321132689507466,0.749498997995992,0.0,0.0
shuffle1,24306,0,0.6937332141084784,0.5070140280561122,0.0,0.0
shuffle1,24700,0,0.7302568827227518,0.7755511022044088,0.0,0.0
shuffle1,24790,0,0.5909838611784957,0.10020040080160321,0.0,0.0
shuffle1,25150,0,0.6326099232628954,0.17835671342685372,0.0,0.0
shuffle1,25166,0,0.66990061380096,0.38877755511022044,0.0,0.0
shuffle1,25339,0,0.6735154246444854,0.4228456913827655,0.0,0.0
shuffle1,25360,0,0.6683183082137899,0.3366733466933868,0.0,0.0
shuffle1,25374,0,0.6178125096404445,0.17635270541082165,0.0,0.0
shuffle1,25447,0,0.7254689806902551,0.685370741482966,0.0,0.0
shuffle1,26070,0,0.6943980994337058,0.4849699398797595,0.0,0.0
shuffle1,26146,0,0.6703490453155039,0.36472945891783565,0.0,0.0
shuffle1,26419,0,0.6509733542914222,0.27655310621242485,0.0,0.0
shuffle1,26519,0,0.6111578172053931,0.17835671342685372,0.0,0.0
shuffle1,26535,0,0.6565655590623263,0.31462925851703405,0.0,0.0
shuffle1,26749,0,0.7338672450856045,0.7955911823647295,0.0,0.0
shuffle1,27131,0,0.6712396020358218,0.36072144288577157,0.0,0.0
shuffle1,27196,0,0.6767189389489497,0.4288577154308617,0.0,0.0
shuffle1,27240,0,0.6888379007491618,0.5791583166332666,0.0,0.0
shuffle1,27260,0,0.6874109170037612,0.48697394789579157,0.0,0.0
shuffle1,27648,0,0.7329425937841308,0.7094188376753507,0.0,0.0
shuffle1,27688,0,0.7146898562463873,0.6212424849699398,0.0,0.0
shuffle1,27781,0,0.6923817643068226,0.49298597194388777,0.0,0.0
shuffle1,28157,0,0.803862237117774,0.9899799599198397,0.0,0.0
shuffle1,28253,0,0.6162861528024879,0.13026052104208416,0.0,0.0
shuffle1,28276,0,0.6782138009221912,0.4088176352705411,0.0,0.0
shuffle1,28309,0,0.7292918645681965,0.7955911823647295,0.0,0.0
shuffle1,28511,0,0.6116864204487791,0.1462925851703407,0.0,0.0
shuffle1,28548,0,0.7350225030842783,0.7454909819639278,0.0,0.0
shuffle1,28979,0,0.5938402391041802,0.09218436873747494,0.0,0.0
shuffle1,29018,0,0.6689353387466321,0.374749498997996,0.0,0.0
shuffle1,29179,0,0.7523226836723365,0.8857715430861723,0.0,0.0
shuffle1,29221,0,0.7183703134864079,0.6993987975951904,0.0,0.0
shuffle1,29400,0,0.5848988221267643,0.08817635270541083,0.0,0.0
shuffle1,29511,0,0.6964195018700432,0.5711422845691383,0.0,0.0
shuffle1,29591,0,0.6747927161045091,0.41282565130260523,0.0,0.0
shuffle1,29610,0,0.6904803719793107,0.4909819639278557,0.0,0.0
shuffle1,29717,0,0.7673715941452899,0.9298597194388778,0.0,0.0
shuffle1,29815,0,0.7723806674971418,0.9478957915831663,0.0,0.0
shuffle1,29831,0,0.6690590408006607,0.37074148296593185,0.0,0.0
shuffle1,29903,0,0.6885307923123696,0.5390781563126252,0.0,0.0
shuffle1,29942,0,0.7229816827698847,0.7715430861723447,0.0,0.0
shuffle1,30016,0,0.5553774235902268,0.07414829659318638,0.0,0.0
shuffle1,30068,0,0.6491680700663314,0.23246492985971945,0.0,0.0
shuffle1,30077,0,0.7641814867599354,0.8617234468937875,0.0,0.0
shuffle1,30139,0,0.7392582302920553,0.7234468937875751,0.0,0.0
shuffle1,30888,0,0.6978243043874359,0.5771543086172345,0.0,0.0
shuffle1,30961,0,0.735873131504262,0.8156312625250501,0.0,0.0
shuffle1,31234,0,0.6351157572662547,0.2625250501002004,0.0,0.0
shuffle1,31244,0,0.6549556092180684,0.26452905811623245,0.0,0.0
shuffle1,31251,0,0.681322594156989,0.44288577154308617,0.0,0.0
shuffle1,31280,0,0.5422634699365801,0.036072144288577156,0.0,0.0
shuffle1,31503,0,0.7316813135867855,0.7715430861723447,0.0,0.0
shuffle1,31776,0,0.6842391654369407,0.501002004008016,0.0,0.0
shuffle1,32051,0,0.7399516727057003,0.7735470941883767,0.0,0.0
shuffle1,32062,0,0.636702857925346,0.19839679358717435,0.0,0.0
shuffle1,32140,0,0.7114778655718522,0.6212424849699398,0.0,0.0
shuffle1,32365,0,0.7752337158209854,0.9659318637274549,0.0,0.0
shuffle1,32427,0,0.7004505849390942,0.5210420841683366,0.0,0.0
shuffle1,32470,0,0.7751390012769095,0.9398797595190381,0.0,0.0
shuffle1,32532,0,0.5834551275506116,0.09218436873747494,0.0,0.0
shuffle1,32630,0,0.6371064132200281,0.18036072144288579,0.0,0.0
shuffle1,32680,0,0.7479736099864538,0.8256513026052105,0.0,0.0
shuffle1,32697,0,0.7777151477833006,0.9258517034068137,0.0,0.0
shuffle1,33057,0,0.7157672246452915,0.6813627254509018,0.0,0.0
shuffle1,33084,0,0.7681028941078363,0.9238476953907816,0.0,0.0
shuffle1,33123,0,0.780080917813502,0.9579158316633266,0.0,0.0
shuffle1,33256,0,0.7401743876532703,0.781563126252505,0.0,0.0
shuffle1,33264,0,0.7347520891952917,0.7154308617234469,0.0,0.0
shuffle1,33336,0,0.6642427218248352,0.3286573146292585,0.0,0.0
shuffle1,33342,0,0.7585992771691366,0.9118236472945892,0.0,0.0
shuffle1,33512,0,0.6611386946331921,0.3066132264529058,0.0,0.0
shuffle1,33863,0,0.6325492794231444,0.2545090180360721,0.0,0.0
shuffle1,33990,0,0.7611499772830101,0.9078156312625251,0.0,0.0
shuffle1,34169,0,0.7242059601028357,0.7014028056112225,0.0,0.0
shuffle1,34198,0,0.6922209489321098,0.48697394789579157,0.0,0.0
shuffle1,34415,0,0.7525240087296434,0.8617234468937875,0.0,0.0
shuffle1,34509,0,0.7310399383662685,0.8256513026052105,0.0,0.0
shuffle1,34565,0,0.6613928612322293,0.30060120240480964,0.0,0.0
shuffle1,34854,0,0.771014396976641,0.9599198396793587,0.0,0.0
shuffle1,34998,0,0.7108272892226748,0.6593186372745491,0.0,0.0
shuffle1,35100,0,0.6257988419859462,0.18837675350701402,0.0,0.0
shuffle1,35119,0,0.6904351079182145,0.4228456913827655,0.0,0.0
shuffle1,35131,0,0.6469618192830177,0.2745490981963928,0.0,0.0
shuffle1,35234,0,0.4738396946302611,0.006012024048096192,0.0,0.0
shuffle1,35269,0,0.7477760445402573,0.8236472945891784,0.0,0.0
shuffle1,35281,0,0.5972439702464472,0.08817635270541083,0.0,0.0
shuffle1,35475,0,0.5439184451471538,0.04208416833667335,0.0,0.0
shuffle1,35600,0,0.7341779794652518,0.7635270541082164,0.0,0.0
shuffle1,35613,0,0.6625457932807526,0.3286573146292585,0.0,0.0
shuffle1,35659,0,0.6898522199688382,0.5050100200400801,0.0,0.0
shuffle1,35916,0,0.6453475541833759,0.24849699398797595,0.0,0.0
shuffle1,35964,0,0.6270655795516156,0.23246492985971945,0.0,0.0
shuffle1,36198,0,0.6703104262460213,0.3787575150300601,0.0,0.0
shuffle1,36287,0,0.5384853292584252,0.026052104208416832,0.0,0.0
shuffle1,36543,0,0.6653168774183431,0.3627254509018036,0.0,0.0
shuffle1,36557,0,0.7923336371540579,0.9779559118236473,0.0,0.0
shuffle1,36992,0,0.8122793074714416,0.9959919839679359,0.0,1.0
shuffle1,37034,0,0.42351337248499127,0.002004008016032064,0.0,0.0
shuffle1,37053,0,0.7410641442985205,0.8096192384769539,0.0,0.0
shuffle1,37255,0,0.6282571548874114,0.21643286573146292,0.0,0.0
shuffle1,37362,0,0.701283313674306,0.5290581162324649,0.0,0.0
shuffle1,37406,0,0.6549764059972869,0.2905811623246493,0.0,0.0
shuffle1,37505,0,0.7393585056648853,0.7915831663326653,0.0,0.0
shuffle1,37552,0,0.7328880773897434,0.6913827655310621,0.0,0.0
shuffle1,37899,0,0.7587990919072658,0.8997995991983968,0.0,0.0
shuffle1,38091,0,0.662590834429706,0.3406813627254509,0.0,0.0
shuffle1,38194,0,0.6642749247631032,0.3286573146292585,0.0,0.0
shuffle1,38375,0,0.6405456375951463,0.218436873747495,0.0,0.0
shuffle1,38380,0,0.6594544385766351,0.3406813627254509,0.0,0.0
shuffle1,38833,0,0.683463655955241,0.44488977955911824,0.0,0.0
shuffle1,38887,0,0.7570365368745815,0.8717434869739479,0.0,0.0
shuffle1,39183,0,0.5519718200973014,0.04809619238476954,0.0,0.0
shuffle1,39288,0,0.7252668669248277,0.7374749498997996,0.0,0.0
shuffle1,39384,0,0.6361801631795068,0.21442885771543085,0.0,0.0
shuffle1,39490,0,0.7851423983591173,0.9539078156312625,0.0,0.0
shuffle1,39557,0,0.7500592602942993,0.8276553106212425,0.0,0.0
shuffle1,39756,0,0.6403459912313545,0.21643286573146292,0.0,0.0
shuffle1,39793,0,0.6798460696246613,0.42084168336673344,0.0,0.0
shuffle1,39920,0,0.6400117119001403,0.22244488977955912,0.0,0.0
shuffle1,39986,0,0.6715762463952034,0.3466933867735471,0.0,0.0
shuffle1,40269,0,0.6865112243441926,0.5170340681362725,0.0,0.0
shuffle1,40756,0,0.7855480042308985,0.9599198396793587,0.0,0.0
shuffle1,40798,0,0.7513059184217157,0.8376753507014028,0.0,0.0
shuffle1,40819,0,0.7553111398261412,0.8537074148296593,0.0,0.0
shuffle1,40933,0,0.642085138778506,0.23246492985971945,0.0,0.0
shuffle1,40990,0,0.6344943795843638,0.23847695390781562,0.0,0.0
shuffle1,41120,0,0.7357838232366601,0.7915831663326653,0.0,0.0
shuffle1,41402,0,0.6476401768580383,0.28857715430861725,0.0,0.0
shuffle1,41540,0,0.6531732337142788,0.3046092184368738,0.0,0.0
shuffle1,41555,0,0.7239455494921511,0.6973947895791583,0.0,0.0
shuffle1,41561,0,0.6222539554320922,0.18637274549098196,0.0,0.0
shuffle1,41592,0,0.6530469190912422,0.2865731462925852,0.0,0.0
shuffle1,41636,0,0.7528601646516166,0.8657314629258517,0.0,0.0
shuffle1,41640,0,0.66781721027812,0.33266533066132264,0.0,0.0
shuffle1,41924,0,0.7370216349372254,0.7715430861723447,0.0,0.0
shuffle1,41976,0,0.590925209590321,0.08617234468937876,0.0,0.0
shuffle1,42022,0,0.6741241149120396,0.4348697394789579,0.0,0.0
shuffle1,42251,0,0.7422425320666153,0.7715430861723447,0.0,0.0
shuffle1,42302,0,0.630203901006039,0.20240480961923848,0.0,0.0
shuffle1,42466,0,0.6982265627730497,0.4729458917835671,0.0,0.0
shuffle1,42679,0,0.6807588120365937,0.4288577154308617,0.0,0.0
shuffle1,43065,0,0.6876527330083235,0.44288577154308617,0.0,0.0
shuffle1,43198,0,0.6821457715897628,0.5250501002004008,0.0,0.0
shuffle1,43211,0,0.6969492781738336,0.5531062124248497,0.0,0.0
shuffle1,43332,0,0.6643849172967817,0.3186372745490982,0.0,0.0
shuffle1,43546,0,0.760927394508734,0.9018036072144289,0.0,0.0
shuffle1,43584,0,0.6128528780596235,0.13226452905811623,0.0,0.0
shuffle1,44248,0,0.7449602308449241,0.7835671342685371,0.0,0.0
shuffle1,44279,0,0.7263632430454268,0.7094188376753507,0.0,0.0
shuffle1,44360,0,0.7592393442860961,0.8837675350701403,0.0,0.0
shuffle1,44413,0,0.6330297530528646,0.20440881763527055,0.0,0.0
shuffle1,44422,0,0.6462620889781434,0.3066132264529058,0.0,0.0
shuffle1,44903,0,0.6011518718120301,0.13226452905811623,0.0,0.0
shuffle1,44975,0,0.7154101385251102,0.627254509018036,0.0,0.0
shuffle1,45377,0,0.7296352928143002,0.7374749498997996,0.0,0.0
shuffle1,45528,0,0.7327397184644311,0.751503006012024,0.0,0.0
shuffle1,45699,0,0.5578903813208077,0.052104208416833664,0.0,0.0
shuffle1,45952,0,0.6949980159504836,0.5591182364729459,0.0,0.0
shuffle1,45987,0,0.6680543831811404,0.4709418837675351,0.0,0.0
shuffle1,46166,0,0.5325028593902528,0.022044088176352707,0.0,0.0
shuffle1,46276,0,0.7707968852110367,0.9378757515030061,0.0,0.0
shuffle1,46403,0,0.7542234625633106,0.905811623246493,0.0,0.0
shuffle1,46524,0,0.5910181553461353,0.12424849699398798,0.0,0.0
shuffle1,46653,0,0.6706821297901546,0.37074148296593185,0.0,0.0
shuffle1,47030,0,0.7037521900942094,0.531062124248497,0.0,0.0
shuffle1,47086,0,0.6319421664245476,0.17635270541082165,0.0,0.0
shuffle1,47093,0,0.7010184838287292,0.5490981963927856,0.0,0.0
shuffle1,47122,0,0.7714181107362168,0.9418837675350702,0.0,0.0
shuffle1,47125,0,0.6634541107162772,0.3667334669338677,0.0,0.0
shuffle1,47331,0,0.7868021546993464,0.9579158316633266,0.0,0.0
shuffle1,47471,0,0.6722172156130406,0.4228456913827655,0.0,0.0
shuffle1,47583,0,0.5423745424414782,0.028056112224448898,0.0,0.0
shuffle1,47744,0,0.6491338601671663,0.2785571142284569,0.0,0.0
shuffle1,47907,0,0.5342781465415628,0.03006012024048096,0.0,0.0
shuffle1,48376,0,0.7750273155948667,0.9759519038076152,0.0,0.0
shuffle1,48655,0,0.6376031158068555,0.36472945891783565,0.0,0.0
shuffle1,48911,0,0.7493618859981737,0.8076152304609219,0.0,0.0
shuffle1,49170,0,0.7436590430834238,0.7394789579158316,0.0,0.0
shuffle1,49195,0,0.7200748663980004,0.6432865731462926,0.0,0.0
shuffle1,49256,0,0.6428844962864446,0.2124248496993988,0.0,0.0
shuffle1,49315,0,0.7077361300777159,0.6012024048096193,0.0,0.0
shuffle1,49474,0,0.7857694864756393,0.9519038076152304,0.0,0.0
shuffle1,49475,0,0.7063768550272524,0.5871743486973948,0.0,0.0
shuffle1,49678,0,0.6726824479209514,0.374749498997996,0.0,0.0
shuffle1,49702,0,0.7270370065867571,0.7114228456913828,0.0,0.0
shuffle1,49760,0,0.7423607582049556,0.7875751503006012,0.0,0.0
shuffle1,50203,0,0.5318189283238776,0.03406813627254509,0.0,0.0
shuffle1,50210,0,0.5810803333526722,0.08216432865731463,0.0,0.0
shuffle1,50622,0,0.6078609121269565,0.13026052104208416,0.0,0.0
shuffle1,50708,0,0.6921540615226092,0.5290581162324649,0.0,0.0
shuffle1,50739,0,0.6807894867214501,0.46693386773547096,0.0,0.0
shuffle1,50850,0,0.7022252350356017,0.591182364729459,0.0,0.0
shuffle1,51008,0,0.7631816564206215,0.8817635270541082,0.0,0.0
shuffle1,51227,0,0.7381038576936924,0.7675350701402806,0.0,0.0
shuffle1,51300,0,0.6730483173694319,0.40480961923847697,0.0,0.0
shuffle1,51380,0,0.6999428861279793,0.5971943887775552,0.0,0.0
shuffle1,51385,0,0.7379656731600125,0.7775551102204409,0.0,0.0
shuffle1,51436,0,0.7165884048231517,0.6212424849699398,0.0,0.0
shuffle1,51517,0,0.6707123072065331,0.43687374749499,0.0,0.0
shuffle1,51688,0,0.7378275664410396,0.8056112224448898,0.0,0.0
shuffle1,51865,0,0.6960091296452905,0.45691382765531063,0.0,0.0
shuffle1,51943,0,0.7202272433527088,0.6793587174348698,0.0,0.0
shuffle1,51956,0,0.6050325532523876,0.13026052104208416,0.0,0.0
shuffle1,51990,0,0.6370442687582987,0.21643286573146292,0.0,0.0
shuffle1,52228,0,0.5439868541820678,0.036072144288577156,0.0,0.0
shuffle1,52277,0,0.6871159130718143,0.4709418837675351,0.0,0.0
shuffle1,52729,0,0.6717830313858806,0.33867735470941884,0.0,0.0
shuffle1,52733,0,0.7125207667655598,0.6953907815631263,0.0,0.0
shuffle1,52803,0,0.6561248987937887,0.3587174348697395,0.0,0.0
shuffle1,52927,0,0.7493919259420183,0.8476953907815631,0.0,0.0
shuffle1,53445,0,0.7423646388440697,0.8156312625250501,0.0,0.0
shuffle1,53659,0,0.7386050750488142,0.8076152304609219,0.0,0.0
shuffle1,53729,0,0.7180414555185989,0.6472945891783567,0.0,0.0
shuffle1,53974,0,0.6927214767361899,0.503006012024048,0.0,0.0
shuffle1,54054,0,0.6252990286210848,0.16032064128256512,0.0,0.0
shuffle1,54099,0,0.6974544648116923,0.4849699398797595,0.0,0.0
shuffle1,54250,0,0.771995294875853,0.9639278557114228,0.0,0.0
shuffle1,54336,0,0.6667348436485904,0.35671342685370744,0.0,0.0
shuffle1,54681,0,0.7010664555583508,0.5270541082164328,0.0,0.0
shuffle1,55202,0,0.7459993107806507,0.8316633266533067,0.0,0.0
shuffle1,55501,0,0.7365668367608426,0.7715430861723447,0.0,0.0
shuffle1,55597,0,0.6946401714696472,0.5050100200400801,0.0,0.0
shuffle1,55741,0,0.6625822323910591,0.29458917835671344,0.0,0.0
shuffle1,55808,0,0.7222723302136749,0.7114228456913828,0.0,0.0
shuffle1,55876,0,0.7427689798782284,0.8356713426853707,0.0,0.0
shuffle1,55878,0,0.6612053008829507,0.2985971943887776,0.0,0.0
shuffle1,56047,0,0.632879540024408,0.17835671342685372,0.0,0.0
shuffle1,56131,0,0.43054790119924347,0.004008016032064128,0.0,0.0
shuffle1,56162,0,0.5705983549788085,0.08617234468937876,0.0,0.0
shuffle1,56272,0,0.6728188445835763,0.37074148296593185,0.0,0.0
shuffle1,56496,0,0.5137178948946444,0.028056112224448898,0.0,0.0
shuffle1,56554,0,0.7084748191383665,0.5851703406813628,0.0,0.0
shuffle1,56629,0,0.6933025822388845,0.4969939879759519,0.0,0.0
shuffle1,56651,0,0.6916095967198765,0.4729458917835671,0.0,0.0
shuffle1,56698,0,0.48153203987647286,0.006012024048096192,0.0,0.0
shuffle1,56873,0,0.6394881309127376,0.19438877755511022,0.0,0.0
shuffle1,56963,0,0.7515850731379885,0.8817635270541082,0.0,0.0
shuffle1,57114,0,0.7714053555892435,0.9078156312625251,0.0,0.0
shuffle1,57244,0,0.7580720966730795,0.8877755511022044,0.0,0.0
shuffle1,57830,0,0.7514614423364572,0.8877755511022044,0.0,0.0
shuffle1,57994,0,0.7631164473692573,0.9218436873747495,0.0,0.0
shuffle1,58004,0,0.7957620109603827,0.9959919839679359,0.0,1.0
shuffle1,58157,0,0.5685153373871208,0.06813627254509018,0.0,0.0
shuffle1,58169,0,0.6188205187718018,0.14829659318637275,0.0,0.0
shuffle1,58252,0,0.7962864982892861,0.9899799599198397,0.0,0.0
shuffle1,58341,0,0.7579868971556996,0.8717434869739479,0.0,0.0
shuffle1,58458,0,0.6888817737096911,0.49498997995991983,0.0,0.0
shuffle1,58572,0,0.7666632062924335,0.9038076152304609,0.0,0.0
shuffle1,58835,0,0.6916837044641178,0.46893787575150303,0.0,0.0
shuffle1,58977,0,0.7280607775770087,0.7194388777555111,0.0,0.0
shuffle1,58988,0,0.7909473213263136,0.9939879759519038,0.0,1.0
shuffle1,59101,0,0.764219412519216,0.9038076152304609,0.0,0.0
shuffle1,59177,0,0.7125860896800562,0.5971943887775552,0.0,0.0
shuffle1,59183,0,0.7749018043618531,0.9218436873747495,0.0,0.0
shuffle1,59219,0,0.807956516747899,0.9979959919839679,0.0,1.0
shuffle1,59293,0,0.7087581916204009,0.6492985971943888,0.0,0.0
shuffle1,59464,0,0.6440569767449954,0.22845691382765532,0.0,0.0
shuffle1,59470,0,0.6417499650801318,0.2625250501002004,0.0,0.0
shuffle1,59508,0,0.5948454405082224,0.11623246492985972,0.0,0.0
shuffle1,59838,0,0.751656613765153,0.8677354709418837,0.0,0.0
shuffle1,59905,0,0.6946665109433934,0.48697394789579157,0.0,0.0
shuffle1,60063,0,0.7384930767949343,0.8076152304609219,0.0,0.0
shuffle1,60496,0,0.6755947175805107,0.4308617234468938,0.0,0.0
shuffle1,60707,0,0.646063092506203,0.22645290581162325,0.0,0.0
shuffle1,60784,0,0.6885049330467052,0.48096192384769537,0.0,0.0
shuffle1,60932,0,0.6857513318326355,0.5150300601202404,0.0,0.0
shuffle1,61327,0,0.7563851344217377,0.875751503006012,0.0,0.0
shuffle1,61653,0,0.7319723327530917,0.7955911823647295,0.0,0.0
shuffle1,61683,0,0.7054503908357792,0.5350701402805611,0.0,0.0
shuffle1,61701,0,0.5764323283762764,0.07214428857715431,0.0,0.0
shuffle1,61868,0,0.7319948773200455,0.7535070140280561,0.0,0.0
shuffle1,61878,0,0.7070171769952305,0.6072144288577155,0.0,0.0
shuffle1,62117,0,0.6896755586996888,0.49899799599198397,0.0,0.0
shuffle1,62587,0,0.7042692834548496,0.56312625250501,0.0,0.0
shuffle1,62627,0,0.6578195595216245,0.30861723446893785,0.0,0.0
shuffle1,63062,0,0.7547813125726275,0.875751503006012,0.0,0.0
shuffle1,63247,0,0.6335889609484853,0.23847695390781562,0.0,0.0
shuffle1,63837,0,0.6754658096952916,0.38276553106212424,0.0,0.0
shuffle1,63869,0,0.5801175808784214,0.12024048096192384,0.0,0.0
shuffle1,64050,0,0.7598062414490879,0.9098196392785571,0.0,0.0
shuffle1,64148,0,0.5817629805201134,0.09018036072144289,0.0,0.0
shuffle1,64195,0,0.7104730908605927,0.6472945891783567,0.0,0.0
shuffle1,64262,0,0.7204442230549242,0.7074148296593187,0.0,0.0
shuffle1,64417,0,0.7368689048903814,0.8316633266533067,0.0,0.0
shuffle1,64547,0,0.7297451873707166,0.7094188376753507,0.0,0.0
shuffle1,64783,0,0.6039962832915942,0.13026052104208416,0.0,0.0
shuffle1,64851,0,0.644801263566015,0.2685370741482966,0.0,0.0
shuffle1,64925,0,0.726153765860396,0.6653306613226453,0.0,0.0
shuffle1,65218,0,0.7547886572592324,0.935871743486974,0.0,0.0
shuffle1,65340,0,0.5019763523154446,0.012024048096192385,0.0,0.0
shuffle1,65348,0,0.5682565683605729,0.07414829659318638,0.0,0.0
shuffle1,65417,0,0.7823897118889298,0.9859719438877755,0.0,0.0
shuffle1,65553,0,0.7593592057653957,0.8717434869739479,0.0,0.0
shuffle1,65609,0,0.7169855217271806,0.6332665330661322,0.0,0.0
shuffle1,65690,0,0.7417518990999343,0.8256513026052105,0.0,0.0
shuffle1,65878,0,0.7194786364449349,0.6973947895791583,0.0,0.0
shuffle1,66058,0,0.7132566760359889,0.625250501002004,0.0,0.0
shuffle1,66209,0,0.6173111060242202,0.16032064128256512,0.0,0.0
shuffle1,66269,0,0.5543090490047285,0.052104208416833664,0.0,0.0
shuffle1,66437,0,0.7307140871428399,0.811623246492986,0.0,0.0
shuffle1,66512,0,0.6782613222825076,0.3967935871743487,0.0,0.0
shuffle1,66559,0,0.6612939121571486,0.36472945891783565,0.0,0.0
shuffle1,66875,0,0.6521095568669402,0.2665330661322645,0.0,0.0
shuffle1,67261,0,0.7291931375104148,0.7595190380761523,0.0,0.0
shuffle1,67281,0,0.7227458103573863,0.6973947895791583,0.0,0.0
shuffle1,67361,0,0.6864325898338528,0.45691382765531063,0.0,0.0
shuffle1,67444,0,0.6009141703707443,0.13627254509018036,0.0,0.0
shuffle1,67673,0,0.6902212787828339,0.45090180360721444,0.0,0.0
shuffle1,67708,0,0.7626684943270816,0.8997995991983968,0.0,0.0
shuffle1,67899,0,0.6388145111286526,0.23847695390781562,0.0,0.0
shuffle1,68121,0,0.6939500580109117,0.4969939879759519,0.0,0.0
shuffle1,68127,0,0.703397018562196,0.5971943887775552,0.0,0.0
shuffle1,68173,0,0.7147787258619405,0.7214428857715431,0.0,0.0
shuffle1,68193,0,0.7405332906673208,0.8677354709418837,0.0,0.0
shuffle1,68287,0,0.675086308697002,0.41282565130260523,0.0,0.0
shuffle1,68394,0,0.627648241225231,0.2124248496993988,0.0,0.0
shuffle1,68473,0,0.6176092125473627,0.20841683366733466,0.0,0.0
shuffle1,68532,0,0.5724608518169028,0.06813627254509018,0.0,0.0
shuffle1,68553,0,0.7519562959087023,0.8717434869739479,0.0,0.0
shuffle1,68819,0,0.6733823372896609,0.3687374749498998,0.0,0.0
shuffle1,69085,0,0.6705535455498187,0.3587174348697395,0.0,0.0
shuffle1,69087,0,0.659062217094355,0.342685370741483,0.0,0.0
shuffle1,69137,0,0.6902699368152306,0.46893787575150303,0.0,0.0
shuffle1,69462,0,0.7019579152517231,0.5571142284569138,0.0,0.0
shuffle1,69641,0,0.7161562977368563,0.7034068136272545,0.0,0.0
shuffle1,70279,0,0.5796423561272097,0.08016032064128256,0.0,0.0
shuffle1,70372,0,0.803575968673869,0.9959919839679359,0.0,1.0
shuffle1,70496,0,0.6549956802208114,0.2925851703406814,0.0,0.0
shuffle1,70765,0,0.7078120294761248,0.5671342685370742,0.0,0.0
shuffle1,71264,0,0.6265755080192835,0.1462925851703407,0.0,0.0
shuffle1,71624,0,0.6946690043723338,0.5190380761523046,0.0,0.0
shuffle1,71735,0,0.6679363380983372,0.3587174348697395,0.0,0.0
shuffle1,72089,0,0.6848385712260707,0.45691382765531063,0.0,0.0
shuffle1,72151,0,0.7427248805798687,0.8376753507014028,0.0,0.0
shuffle1,72389,0,0.640247994328333,0.23647294589178355,0.0,0.0
shuffle1,72527,0,0.5600354871223852,0.06212424849699399,0.0,0.0
shuffle2,95,0,0.7654768790074716,0.935871743486974,0.0,0.0
shuffle2,204,0,0.6731106018238295,0.3967935871743487,0.0,0.0
shuffle2,318,0,0.6741647990547295,0.36472945891783565,0.0,0.0
shuffle2,356,0,0.6417846451996385,0.2665330661322645,0.0,0.0
shuffle2,425,0,0.7643118431764407,0.875751503006012,0.0,0.0
shuffle2,458,0,0.7814219398392258,0.9579158316633266,0.0,0.0
shuffle2,637,0,0.7542586389152619,0.8256513026052105,0.0,0.0
shuffle2,709,0,0.546365767791632,0.03807615230460922,0.0,0.0
shuffle2,868,0,0.6205656640694794,0.16633266533066132,0.0,0.0
shuffle2,1015,0,0.7377010040311933,0.8717434869739479,0.0,0.0
shuffle2,1288,0,0.5293947078744987,0.03406813627254509,0.0,0.0
shuffle2,1589,0,0.7239183229869408,0.6993987975951904,0.0,0.0
shuffle2,1744,0,0.6439870621151313,0.2565130260521042,0.0,0.0
shuffle2,1818,0,0.7821665883000171,0.9619238476953907,0.0,0.0
shuffle2,2070,0,0.4095546595322842,0.002004008016032064,0.0,0.0
shuffle2,2125,0,0.7575181997414939,0.8697394789579158,0.0,0.0
shuffle2,2327,0,0.7415904511059573,0.8256513026052105,0.0,0.0
shuffle2,2737,0,0.6941762575243972,0.5190380761523046,0.0,0.0
shuffle2,2795,0,0.6932242001893755,0.5130260521042084,0.0,0.0
shuffle2,2980,0,0.7406391075935801,0.8036072144288577,0.0,0.0
shuffle2,3338,0,0.6451287738083952,0.2565130260521042,0.0,0.0
shuffle2,3344,0,0.5369334160634354,0.026052104208416832,0.0,0.0
shuffle2,3368,0,0.6150020171857729,0.1402805611222445,0.0,0.0
shuffle2,3731,0,0.6351348054373291,0.17835671342685372,0.0,0.0
shuffle2,3803,0,0.7135835231025331,0.6292585170340681,0.0,0.0
shuffle2,4292,0,0.5959246552810069,0.12224448897795591,0.0,0.0
shuffle2,4409,0,0.7040919222049886,0.5711422845691383,0.0,0.0
shuffle2,4476,0,0.7619197667392819,0.8977955911823647,0.0,0.0
shuffle2,4509,0,0.7289423347811008,0.6773547094188377,0.0,0.0
shuffle2,4927,0,0.6718289302023838,0.38276553106212424,0.0,0.0
shuffle2,4967,0,0.7530158269281652,0.8496993987975952,0.0,0.0
shuffle2,5340,0,0.7028890858735877,0.561122244488978,0.0,0.0
shuffle2,5582,0,0.6752410980685755,0.46092184368737477,0.0,0.0
shuffle2,5656,0,0.7202041123917846,0.6372745490981964,0.0,0.0
shuffle2,5683,0,0.8087759232020596,0.9959919839679359,0.0,1.0
shuffle2,5790,0,0.6111615411060277,0.13226452905811623,0.0,0.0
shuffle2,5929,0,0.5824894152348907,0.08617234468937876,0.0,0.0
shuffle2,6315,0,0.6935953490335329,0.531062124248497,0.0,0.0
shuffle2,6360,0,0.5000503553423651,0.008016032064128256,0.0,0.0
shuffle2,6454,0,0.7130953429340688,0.6312625250501002,0.0,0.0
shuffle2,6603,0,0.6893407540056948,0.43687374749499,0.0,0.0
shuffle2,6750,0,0.6504707122336797,0.3366733466933868,0.0,0.0
shuffle2,6759,0,0.7194165433937816,0.6913827655310621,0.0,0.0
shuffle2,6770,0,0.6293803781906853,0.19438877755511022,0.0,0.0
shuffle2,6991,0,0.629617874453958,0.20040080160320642,0.0,0.0
shuffle2,7306,0,0.6577668987251577,0.35671342685370744,0.0,0.0
shuffle2,7355,0,0.7674062832329105,0.905811623246493,0.0,0.0
shuffle2,7899,0,0.6412367426717144,0.20440881763527055,0.0,0.0
shuffle2,8061,0,0.5278306140770814,0.01603206412825651,0.0,0.0
shuffle2,8215,0,0.5244567186677098,0.02004008016032064,0.0,0.0
shuffle2,8234,0,0.7098208289255483,0.6392785571142284,0.0,0.0
shuffle2,8238,0,0.7472533026461515,0.7855711422845691,0.0,0.0
shuffle2,8275,0,0.5843567672031456,0.12625250501002003,0.0,0.0
shuffle2,8367,0,0.7207837415142186,0.7274549098196392,0.0,0.0
shuffle2,8828,0,0.6676945239932184,0.2985971943887776,0.0,0.0
shuffle2,8862,0,0.757501428088055,0.875751503006012,0.0,0.0
shuffle2,8926,0,0.7490778061581693,0.8296593186372746,0.0,0.0
shuffle2,9188,0,0.7939901663989275,0.9879759519038076,0.0,0.0
shuffle2,9298,0,0.6550229964494119,0.2625250501002004,0.0,0.0
shuffle2,9376,0,0.6520471595702351,0.2865731462925852,0.0,0.0
shuffle2,9712,0,0.7657742082330088,0.9418837675350702,0.0,0.0
shuffle2,9877,0,0.704866573884434,0.5971943887775552,0.0,0.0
shuffle2,10115,0,0.5088634113317507,0.01603206412825651,0.0,0.0
shuffle2,10191,0,0.7396595846783376,0.749498997995992,0.0,0.0
shuffle2,10361,0,0.6652647806467278,0.36472945891783565,0.0,0.0
shuffle2,10602,0,0.7521515876703933,0.8376753507014028,0.0,0.0
shuffle2,10622,0,0.7078911570474942,0.5771543086172345,0.0,0.0
shuffle2,11050,0,0.6838490768907631,0.45490981963927857,0.0,0.0
shuffle2,11274,0,0.7780786975640266,0.9478957915831663,0.0,0.0
shuffle2,11493,0,0.744372352662406,0.7895791583166333,0.0,0.0
shuffle2,11757,0,0.7165038205571443,0.6913827655310621,0.0,0.0
shuffle2,11886,0,0.7708732652054051,0.9178356713426854,0.0,0.0
shuffle2,12122,0,0.589076783294755,0.08817635270541083,0.0,0.0
shuffle2,12225,0,0.6531193708713694,0.2625250501002004,0.0,0.0
shuffle2,12292,0,0.6221592481374406,0.1683366733466934,0.0,0.0
shuffle2,12340,0,0.738327596290401,0.8336673346693386,0.0,0.0
shuffle2,12386,0,0.6445053090051496,0.2745490981963928,0.0,0.0
shuffle2,12597,0,0.6393314734115667,0.25851703406813625,0.0,0.0
shuffle2,13041,0,0.7294184682226783,0.6993987975951904,0.0,0.0
shuffle2,13134,0,0.7286947907211508,0.7474949899799599,0.0,0.0
shuffle2,13223,0,0.68339682684373,0.4849699398797595,0.0,0.0
shuffle2,13298,0,0.6676453109878081,0.3486973947895792,0.0,0.0
shuffle2,13587,0,0.6334628650705949,0.18036072144288579,0.0,0.0
shuffle2,13703,0,0.56899625708555,0.06813627254509018,0.0,0.0
shuffle2,13741,0,0.5448369674371242,0.06613226452905811,0.0,0.0
shuffle2,13749,0,0.6394389410164039,0.20841683366733466,0.0,0.0
shuffle2,13826,0,0.7439507591435073,0.8376753507014028,0.0,0.0
shuffle2,13842,0,0.7368327405401214,0.8336673346693386,0.0,0.0
shuffle2,13879,0,0.6498310182654776,0.2625250501002004,0.0,0.0
shuffle2,13895,0,0.6779606350931424,0.40080160320641284,0.0,0.0
shuffle2,13938,0,0.6564519563993458,0.30861723446893785,0.0,0.0
shuffle2,14049,0,0.6953118069536612,0.5190380761523046,0.0,0.0
shuffle2,14170,0,0.7075517053976093,0.6032064128256514,0.0,0.0
shuffle2,14245,0,0.7315870646338413,0.7855711422845691,0.0,0.0
shuffle2,14274,0,0.6491086792145784,0.24849699398797595,0.0,0.0
shuffle2,14728,0,0.7417960904665599,0.7755511022044088,0.0,0.0
shuffle2,15068,0,0.6924123918429417,0.47695390781563124,0.0,0.0
shuffle2,15181,0,0.5523247926736939,0.05410821643286573,0.0,0.0
shuffle2,15182,0,0.5711868490955583,0.08817635270541083,0.0,0.0
shuffle2,15191,0,0.6770852045357567,0.37074148296593185,0.0,0.0
shuffle2,15274,0,0.7758921292323842,0.9619238476953907,0.0,0.0
shuffle2,15386,0,0.6899426536569762,0.47695390781563124,0.0,0.0
shuffle2,15438,0,0.572134461895816,0.08817635270541083,0.0,0.0
shuffle2,15516,0,0.6862835282375142,0.42685370741482964,0.0,0.0
shuffle2,15631,0,0.6743189455239238,0.3807615230460922,0.0,0.0
shuffle2,15632,0,0.7015477288907832,0.6052104208416834,0.0,0.0
shuffle2,15865,0,0.646111550151153,0.3346693386773547,0.0,0.0
shuffle2,15898,0,0.6555695846457684,0.3046092184368738,0.0,0.0
shuffle2,15953,0,0.6985641547242547,0.5971943887775552,0.0,0.0
shuffle2,15985,0,0.7575827076333099,0.8997995991983968,0.0,0.0
shuffle2,16251,0,0.7112450069679535,0.7254509018036072,0.0,0.0
shuffle2,16424,0,0.77362063769577,0.9519038076152304,0.0,0.0
shuffle2,16525,0,0.7093406103730774,0.6132264529058116,0.0,0.0
shuffle2,16625,0,0.7582897337005088,0.8977955911823647,0.0,0.0
shuffle2,16718,0,0.6421688276530612,0.23246492985971945,0.0,0.0
shuffle2,16800,0,0.7719655360076938,0.9559118236472945,0.0,0.0
shuffle2,17017,0,0.726470015831277,0.685370741482966,0.0,0.0
shuffle2,17605,0,0.68978109496455,0.49298597194388777,0.0,0.0
shuffle2,17651,0,0.5750582939760327,0.0781563126252505,0.0,0.0
shuffle2,17795,0,0.58930235185225,0.1062124248496994,0.0,0.0
shuffle2,17843,0,0.6652913923344361,0.35470941883767537,0.0,0.0
shuffle2,17865,0,0.757632954267409,0.8837675350701403,0.0,0.0
shuffle2,17946,0,0.6903431526623339,0.49899799599198397,0.0,0.0
shuffle2,17987,0,0.6745548313589049,0.40681362725450904,0.0,0.0
shuffle2,18115,0,0.5546140373979627,0.04809619238476954,0.0,0.0
shuffle2,18159,0,0.6467085874862647,0.250501002004008,0.0,0.0
shuffle2,18170,0,0.7171997873509137,0.717434869739479,0.0,0.0
shuffle2,18556,0,0.6496096489123567,0.2745490981963928,0.0,0.0
shuffle2,18888,0,0.7175541041044107,0.655310621242485,0.0,0.0
shuffle2,18960,0,0.69584369408516,0.48296593186372744,0.0,0.0
shuffle2,19331,0,0.710605162784649,0.627254509018036,0.0,0.0
shuffle2,19471,0,0.6461364601433366,0.3026052104208417,0.0,0.0
shuffle2,19593,0,0.5310943069947323,0.04408817635270541,0.0,0.0
shuffle2,19605,0,0.5557421543422837,0.052104208416833664,0.0,0.0
shuffle2,20013,0,0.6070669002144644,0.14428857715430862,0.0,0.0
shuffle2,20072,0,0.5795609845624189,0.08016032064128256,0.0,0.0
shuffle2,20317,0,0.7018186913345453,0.531062124248497,0.0,0.0
shuffle2,20380,0,0.6181032098794615,0.17034068136272545,0.0,0.0
shuffle2,20520,0,0.7148816818492596,0.7535070140280561,0.0,0.0
shuffle2,20545,0,0.6764561657439324,0.4749498997995992,0.0,0.0
shuffle2,20863,0,0.6482731751443314,0.2665330661322645,0.0,0.0
shuffle2,20882,0,0.7326732808307479,0.7695390781563126,0.0,0.0
shuffle2,20904,0,0.7036643652986689,0.5250501002004008,0.0,0.0
shuffle2,21295,0,0.7365462724076635,0.8236472945891784,0.0,0.0
shuffle2,21414,0,0.7296979074459002,0.7354709418837675,0.0,0.0
shuffle2,21436,0,0.7077249219771002,0.6292585170340681,0.0,0.0
shuffle2,21558,0,0.7128765012668876,0.7054108216432866,0.0,0.0
shuffle2,21887,0,0.6125346976805527,0.12424849699398798,0.0,0.0
shuffle2,22215,0,0.7088296335376715,0.5711422845691383,0.0,0.0
shuffle2,22299,0,0.6890487476711118,0.4789579158316633,0.0,0.0
shuffle2,22303,0,0.7328957257507445,0.7454909819639278,0.0,0.0
shuffle2,22452,0,0.6158815505782064,0.15030060120240482,0.0,0.0
shuffle2,22793,0,0.6800157585085451,0.3967935871743487,0.0,0.0
shuffle2,22803,0,0.703111156487266,0.5150300601202404,0.0,0.0
shuffle2,22924,0,0.6557725584955701,0.3346693386773547,0.0,0.0
shuffle2,23314,0,0.7962825401417164,0.9799599198396793,0.0,0.0
shuffle2,23445,0,0.7386560858286126,0.8156312625250501,0.0,0.0
shuffle2,23479,0,0.5633554977050051,0.06813627254509018,0.0,0.0
shuffle2,23623,0,0.6944537552514929,0.47695390781563124,0.0,0.0
shuffle2,23633,0,0.6476468902480408,0.2905811623246493,0.0,0.0
shuffle2,23642,0,0.7796022896613441,0.9418837675350702,0.0,0.0
shuffle2,23803,0,0.7367120316636794,0.8076152304609219,0.0,0.0
shuffle2,24062,0,0.6544367560606983,0.27054108216432865,0.0,0.0
shuffle2,24103,0,0.7343577986848686,0.7995991983967936,0.0,0.0
shuffle2,24306,0,0.7187518906194204,0.6132264529058116,0.0,0.0
shuffle2,24700,0,0.6880401580995856,0.4909819639278557,0.0,0.0
shuffle2,24790,0,0.591358325429846,0.13026052104208416,0.0,0.0
shuffle2,25150,0,0.5825592144372768,0.07014028056112225,0.0,0.0
shuffle2,25166,0,0.6408914479961798,0.23246492985971945,0.0,0.0
shuffle2,25339,0,0.7174992011087848,0.6232464929859719,0.0,0.0
shuffle2,25360,0,0.7208116381111507,0.6032064128256514,0.0,0.0
shuffle2,25374,0,0.6286661380243398,0.22044088176352705,0.0,0.0
shuffle2,25447,0,0.7589555012310831,0.8897795591182365,0.0,0.0
shuffle2,26070,0,0.7081578761837258,0.5651302605210421,0.0,0.0
shuffle2,26146,0,0.6876582557418466,0.4709418837675351,0.0,0.0
shuffle2,26419,0,0.6567521769362439,0.3066132264529058,0.0,0.0
shuffle2,26519,0,0.6313409247504791,0.23246492985971945,0.0,0.0
shuffle2,26535,0,0.6706996454272367,0.3587174348697395,0.0,0.0
shuffle2,26749,0,0.7373337187822002,0.7755511022044088,0.0,0.0
shuffle2,27131,0,0.6120929549427783,0.15430861723446893,0.0,0.0
shuffle2,27196,0,0.6702662294190771,0.4709418837675351,0.0,0.0
shuffle2,27240,0,0.7423971798667327,0.8316633266533067,0.0,0.0
shuffle2,27260,0,0.6514003377359051,0.2925851703406814,0.0,0.0
shuffle2,27648,0,0.7271646788481994,0.655310621242485,0.0,0.0
shuffle2,27688,0,0.7056216047223857,0.5951903807615231,0.0,0.0
shuffle2,27781,0,0.6847463155362594,0.4529058116232465,0.0,0.0
shuffle2,28157,0,0.7615309437620463,0.9298597194388778,0.0,0.0
shuffle2,28253,0,0.645280432799441,0.24849699398797595,0.0,0.0
shuffle2,28276,0,0.6966115213825337,0.5531062124248497,0.0,0.0
shuffle2,28309,0,0.7364116028756234,0.749498997995992,0.0,0.0
shuffle2,28511,0,0.61188696307234,0.1523046092184369,0.0,0.0
shuffle2,28548,0,0.7386698890797734,0.749498997995992,0.0,0.0
shuffle2,28979,0,0.6162118523963869,0.1402805611222445,0.0,0.0
shuffle2,29018,0,0.6677975804235727,0.34468937875751504,0.0,0.0
shuffle2,29179,0,0.7509890587638683,0.875751503006012,0.0,0.0
shuffle2,29221,0,0.7334878458711552,0.7535070140280561,0.0,0.0
shuffle2,29400,0,0.6480089311482893,0.2685370741482966,0.0,0.0
shuffle2,29511,0,0.6830498056479166,0.4188376753507014,0.0,0.0
shuffle2,29591,0,0.664171037126323,0.32064128256513025,0.0,0.0
shuffle2,29610,0,0.6879778003049338,0.4529058116232465,0.0,0.0
shuffle2,29717,0,0.7589041274786131,0.8657314629258517,0.0,0.0
shuffle2,29815,0,0.7629932071285856,0.9218436873747495,0.0,0.0
shuffle2,29831,0,0.6644489028869552,0.30861723446893785,0.0,0.0
shuffle2,29903,0,0.686395455122718,0.5230460921843687,0.0,0.0
shuffle2,29942,0,0.6935696009269298,0.49298597194388777,0.0,0.0
shuffle2,30016,0,0.5267758276598358,0.050100200400801605,0.0,0.0
shuffle2,30068,0,0.6453397822537967,0.24649298597194388,0.0,0.0
shuffle2,30077,0,0.7254000727676487,0.6893787575150301,0.0,0.0
shuffle2,30139,0,0.7222519729176214,0.7414829659318637,0.0,0.0
shuffle2,30888,0,0.6499777475331914,0.40480961923847697,0.0,0.0
shuffle2,30961,0,0.7359273537602968,0.7955911823647295,0.0,0.0
shuffle2,31234,0,0.5403369090751746,0.056112224448897796,0.0,0.0
shuffle2,31244,0,0.6438618654268308,0.22845691382765532,0.0,0.0
shuffle2,31251,0,0.7224115037748551,0.687374749498998,0.0,0.0
shuffle2,31280,0,0.5560592684597834,0.04208416833667335,0.0,0.0
shuffle2,31503,0,0.7233440048534043,0.7114228456913828,0.0,0.0
shuffle2,31776,0,0.7248024181119694,0.7454909819639278,0.0,0.0
shuffle2,32051,0,0.7570850865454446,0.9178356713426854,0.0,0.0
shuffle2,32062,0,0.6481570465662202,0.2965931863727455,0.0,0.0
shuffle2,32140,0,0.6906116197050829,0.44889779559118237,0.0,0.0
shuffle2,32365,0,0.7812554448899853,0.9679358717434869,0.0,0.0
shuffle2,32427,0,0.6450780630419788,0.2625250501002004,0.0,0.0
shuffle2,32470,0,0.7822014595579778,0.9839679358717435,0.0,0.0
shuffle2,32532,0,0.6145478642704932,0.16633266533066132,0.0,0.0
shuffle2,32630,0,0.5985785085641853,0.09619238476953908,0.0,0.0
shuffle2,32680,0,0.7660259584942117,0.9138276553106213,0.0,0.0
shuffle2,32697,0,0.7015821379821312,0.593186372745491,0.0,0.0
shuffle2,33057,0,0.7330169489304094,0.749498997995992,0.0,0.0
shuffle2,33084,0,0.743961809037566,0.8076152304609219,0.0,0.0
shuffle2,33123,0,0.7771129138202626,0.9719438877755511,0.0,0.0
shuffle2,33256,0,0.7022575677972697,0.6192384769539078,0.0,0.0
shuffle2,33264,0,0.748006860813949,0.8617234468937875,0.0,0.0
shuffle2,33336,0,0.6457465525076875,0.22645290581162325,0.0,0.0
shuffle2,33342,0,0.7509276507884759,0.8817635270541082,0.0,0.0
shuffle2,33512,0,0.6908283815311618,0.501002004008016,0.0,0.0
shuffle2,33863,0,0.6460238520489858,0.2545090180360721,0.0,0.0
shuffle2,33990,0,0.7873687549282696,0.9579158316633266,0.0,0.0
shuffle2,34169,0,0.7051513677052674,0.5731462925851704,0.0,0.0
shuffle2,34198,0,0.7009734568197442,0.5210420841683366,0.0,0.0
shuffle2,34415,0,0.732142912194242,0.7254509018036072,0.0,0.0
shuffle2,34509,0,0.7539432415707743,0.8897795591182365,0.0,0.0
shuffle2,34565,0,0.64692505715501,0.22444889779559118,0.0,0.0
shuffle2,34854,0,0.7314394367662669,0.7895791583166333,0.0,0.0
shuffle2,34998,0,0.6843730105732284,0.4729458917835671,0.0,0.0
shuffle2,35100,0,0.6417135878539975,0.22845691382765532,0.0,0.0
shuffle2,35119,0,0.7064644646730962,0.5430861723446894,0.0,0.0
shuffle2,35131,0,0.6295395202561196,0.20040080160320642,0.0,0.0
shuffle2,35234,0,0.508201816368562,0.018036072144288578,0.0,0.0
shuffle2,35269,0,0.7243802168392572,0.7214428857715431,0.0,0.0
shuffle2,35281,0,0.6093435115113859,0.13827655310621242,0.0,0.0
shuffle2,35475,0,0.4877316719558862,0.008016032064128256,0.0,0.0
shuffle2,35600,0,0.7431206863582651,0.7895791583166333,0.0,0.0
shuffle2,35613,0,0.6682359126006785,0.38877755511022044,0.0,0.0
shuffle2,35659,0,0.7265068661363904,0.7134268537074149,0.0,0.0
shuffle2,35916,0,0.6580870876103759,0.35671342685370744,0.0,0.0
shuffle2,35964,0,0.6058497118544768,0.18837675350701402,0.0,0.0
shuffle2,36198,0,0.6928491919776013,0.4729458917835671,0.0,0.0
shuffle2,36287,0,0.5369149255348649,0.018036072144288578,0.0,0.0
shuffle2,36543,0,0.7186865591699052,0.7014028056112225,0.0,0.0
shuffle2,36557,0,0.8008507826796814,0.9979959919839679,0.0,1.0
shuffle2,36992,0,0.7982491072914788,0.9819639278557114,0.0,0.0
shuffle2,37034,0,0.41577711322438027,0.002004008016032064,0.0,0.0
shuffle2,37053,0,0.7871375737721664,0.9759519038076152,0.0,0.0
shuffle2,37255,0,0.6502744786202321,0.26452905811623245,0.0,0.0
shuffle2,37362,0,0.6883534615643006,0.4468937875751503,0.0,0.0
shuffle2,37406,0,0.6736645990592576,0.3847695390781563,0.0,0.0
shuffle2,37505,0,0.7368910379634505,0.7454909819639278,0.0,0.0
shuffle2,37552,0,0.736196116676087,0.8396793587174348,0.0,0.0
shuffle2,37899,0,0.7438709159591164,0.8196392785571143,0.0,0.0
shuffle2,38091,0,0.6011452335254384,0.10821643286573146,0.0,0.0
shuffle2,38194,0,0.6920055385534285,0.5450901803607214,0.0,0.0
shuffle2,38375,0,0.6280016868653697,0.14829659318637275,0.0,0.0
shuffle2,38380,0,0.6743430747146778,0.4849699398797595,0.0,0.0
shuffle2,38833,0,0.6722995438336858,0.38276553106212424,0.0,0.0
shuffle2,38887,0,0.739841476352287,0.7695390781563126,0.0,0.0
shuffle2,39183,0,0.5328973308764604,0.02404809619238477,0.0,0.0
shuffle2,39288,0,0.7428464157045074,0.8496993987975952,0.0,0.0
shuffle2,39384,0,0.6458491640195878,0.23446893787575152,0.0,0.0
shuffle2,39490,0,0.7427829222625812,0.8496993987975952,0.0,0.0
shuffle2,39557,0,0.7173016044378582,0.7595190380761523,0.0,0.0
shuffle2,39756,0,0.6547327239676958,0.2905811623246493,0.0,0.0
shuffle2,39793,0,0.6459829269256345,0.28857715430861725,0.0,0.0
shuffle2,39920,0,0.6609825753073013,0.3066132264529058,0.0,0.0
shuffle2,39986,0,0.6934570976193034,0.5150300601202404,0.0,0.0
shuffle2,40269,0,0.7188339172071133,0.6172344689378757,0.0,0.0
shuffle2,40756,0,0.7871968845808563,0.9899799599198397,0.0,0.0
shuffle2,40798,0,0.7354044467138212,0.7294589178356713,0.0,0.0
shuffle2,40819,0,0.7961805183175059,0.9779559118236473,0.0,0.0
shuffle2,40933,0,0.6654130622342636,0.33266533066132264,0.0,0.0
shuffle2,40990,0,0.6404002504727576,0.24048096192384769,0.0,0.0
shuffle2,41120,0,0.6784643207402206,0.45090180360721444,0.0,0.0
shuffle2,41402,0,0.6358814180585854,0.21042084168336672,0.0,0.0
shuffle2,41540,0,0.6235869561683995,0.15831663326653306,0.0,0.0
shuffle2,41555,0,0.7456262924587378,0.8096192384769539,0.0,0.0
shuffle2,41561,0,0.5796759210146083,0.10020040080160321,0.0,0.0
shuffle2,41592,0,0.6847534850032841,0.43887775551102204,0.0,0.0
shuffle2,41636,0,0.7386633260602787,0.7595190380761523,0.0,0.0
shuffle2,41640,0,0.6557219152372988,0.3106212424849699,0.0,0.0
shuffle2,41924,0,0.7237553362199481,0.7194388777555111,0.0,0.0
shuffle2,41976,0,0.5693789220080179,0.07414829659318638,0.0,0.0
shuffle2,42022,0,0.5965007827993951,0.10821643286573146,0.0,0.0
shuffle2,42251,0,0.6697420928234339,0.4028056112224449,0.0,0.0
shuffle2,42302,0,0.6277096517277935,0.19438877755511022,0.0,0.0
shuffle2,42466,0,0.6654994528290735,0.34468937875751504,0.0,0.0
shuffle2,42679,0,0.686653744032155,0.4969939879759519,0.0,0.0
shuffle2,43065,0,0.6810068985476705,0.4749498997995992,0.0,0.0
shuffle2,43198,0,0.6807741740442123,0.4088176352705411,0.0,0.0
shuffle2,43211,0,0.7426562060157701,0.7955911823647295,0.0,0.0
shuffle2,43332,0,0.6383828233096853,0.23246492985971945,0.0,0.0
shuffle2,43546,0,0.7117295779242783,0.7074148296593187,0.0,0.0
shuffle2,43584,0,0.6196040230026356,0.14829659318637275,0.0,0.0
shuffle2,44248,0,0.7090740385489505,0.591182364729459,0.0,0.0
shuffle2,44279,0,0.7247363258418911,0.7474949899799599,0.0,0.0
shuffle2,44360,0,0.7537046377664617,0.8396793587174348,0.0,0.0
shuffle2,44413,0,0.6383107912963537,0.21442885771543085,0.0,0.0
shuffle2,44422,0,0.6858589838257907,0.48096192384769537,0.0,0.0
shuffle2,44903,0,0.5662099639880382,0.06212424849699399,0.0,0.0
shuffle2,44975,0,0.7391418770237057,0.7735470941883767,0.0,0.0
shuffle2,45377,0,0.7170902437587641,0.687374749498998,0.0,0.0
shuffle2,45528,0,0.7166210390421381,0.625250501002004,0.0,0.0
shuffle2,45699,0,0.5771729508100689,0.08016032064128256,0.0,0.0
shuffle2,45952,0,0.6873224458722123,0.48096192384769537,0.0,0.0
shuffle2,45987,0,0.7049806360973989,0.5691382765531062,0.0,0.0
shuffle2,46166,0,0.5259047437710946,0.022044088176352707,0.0,0.0
shuffle2,46276,0,0.7788996815717715,0.9619238476953907,0.0,0.0
shuffle2,46403,0,0.7041378608524616,0.6172344689378757,0.0,0.0
shuffle2,46524,0,0.6001320995821593,0.10220440881763528,0.0,0.0
shuffle2,46653,0,0.6548136481808005,0.30060120240480964,0.0,0.0
shuffle2,47030,0,0.6922887463586823,0.5250501002004008,0.0,0.0
shuffle2,47086,0,0.6475841598845294,0.2625250501002004,0.0,0.0
shuffle2,47093,0,0.6870422594548691,0.5390781563126252,0.0,0.0
shuffle2,47122,0,0.769994367160401,0.9198396793587175,0.0,0.0
shuffle2,47125,0,0.6455958708563629,0.2605210420841683,0.0,0.0
shuffle2,47331,0,0.7745030760026759,0.9398797595190381,0.0,0.0
shuffle2,47471,0,0.6456632171892633,0.25851703406813625,0.0,0.0
shuffle2,47583,0,0.5986369563517944,0.12024048096192384,0.0,0.0
shuffle2,47744,0,0.6641020041584176,0.34468937875751504,0.0,0.0
shuffle2,47907,0,0.5532451224176831,0.04809619238476954,0.0,0.0
shuffle2,48376,0,0.7614290541508355,0.8617234468937875,0.0,0.0
shuffle2,48655,0,0.7312564148312473,0.7855711422845691,0.0,0.0
shuffle2,48911,0,0.7017707395382766,0.6412825651302605,0.0,0.0
shuffle2,49170,0,0.7274785690047769,0.6733466933867736,0.0,0.0
shuffle2,49195,0,0.704555272078468,0.5791583166332666,0.0,0.0
shuffle2,49256,0,0.6117418571904292,0.15030060120240482,0.0,0.0
shuffle2,49315,0,0.6893529534730675,0.5170340681362725,0.0,0.0
shuffle2,49474,0,0.7960980089369747,0.9799599198396793,0.0,0.0
shuffle2,49475,0,0.7672648900196365,0.9298597194388778,0.0,0.0
shuffle2,49678,0,0.6572124727605808,0.3406813627254509,0.0,0.0
shuffle2,49702,0,0.6799383028603019,0.47695390781563124,0.0,0.0
shuffle2,49760,0,0.6855784100772324,0.44889779559118237,0.0,0.0
shuffle2,50203,0,0.5503924442062185,0.052104208416833664,0.0,0.0
shuffle2,50210,0,0.5216386391916157,0.03206412825651302,0.0,0.0
shuffle2,50622,0,0.6539872498956276,0.30060120240480964,0.0,0.0
shuffle2,50708,0,0.6717018002893558,0.3627254509018036,0.0,0.0
shuffle2,50739,0,0.6823823799131512,0.3867735470941884,0.0,0.0
shuffle2,50850,0,0.7174006110199508,0.5991983967935872,0.0,0.0
shuffle2,51008,0,0.7583401488270258,0.8537074148296593,0.0,0.0
shuffle2,51227,0,0.7556868202486111,0.8496993987975952,0.0,0.0
shuffle2,51300,0,0.6896829101877514,0.5110220440881763,0.0,0.0
shuffle2,51380,0,0.7095136757966322,0.6513026052104208,0.0,0.0
shuffle2,51385,0,0.7147062789728663,0.6913827655310621,0.0,0.0
shuffle2,51436,0,0.6989451979448345,0.5170340681362725,0.0,0.0
shuffle2,51517,0,0.6553295520563898,0.2905811623246493,0.0,0.0
shuffle2,51688,0,0.7175058654061849,0.6392785571142284,0.0,0.0
shuffle2,51865,0,0.66058245827107,0.33867735470941884,0.0,0.0
shuffle2,51943,0,0.7455815411670144,0.8416833667334669,0.0,0.0
shuffle2,51956,0,0.5802411706607349,0.0781563126252505,0.0,0.0
shuffle2,51990,0,0.6456554160019023,0.2845691382765531,0.0,0.0
shuffle2,52228,0,0.5697538536689655,0.06412825651302605,0.0,0.0
shuffle2,52277,0,0.6685481937162763,0.37074148296593185,0.0,0.0
shuffle2,52729,0,0.693121071756027,0.5110220440881763,0.0,0.0
shuffle2,52733,0,0.7334754250306142,0.7394789579158316,0.0,0.0
shuffle2,52803,0,0.6993615143572395,0.5671342685370742,0.0,0.0
shuffle2,52927,0,0.7464339323596096,0.8336673346693386,0.0,0.0
shuffle2,53445,0,0.6784046825682255,0.5871743486973948,0.0,0.0
shuffle2,53659,0,0.7854685967199913,0.9819639278557114,0.0,0.0
shuffle2,53729,0,0.7105703827121754,0.6653306613226453,0.0,0.0
shuffle2,53974,0,0.6592172326872143,0.312625250501002,0.0,0.0
shuffle2,54054,0,0.6237273407250361,0.20040080160320642,0.0,0.0
shuffle2,54099,0,0.7121027542348952,0.687374749498998,0.0,0.0
shuffle2,54250,0,0.7272187442014476,0.7555110220440882,0.0,0.0
shuffle2,54336,0,0.6418920815146374,0.2605210420841683,0.0,0.0
shuffle2,54681,0,0.6393697768825628,0.23246492985971945,0.0,0.0
shuffle2,55202,0,0.7258995614459145,0.7635270541082164,0.0,0.0
shuffle2,55501,0,0.7553758899473524,0.8597194388777555,0.0,0.0
shuffle2,55597,0,0.736634938793117,0.7414829659318637,0.0,0.0
shuffle2,55741,0,0.6894851000226463,0.4408817635270541,0.0,0.0
shuffle2,55808,0,0.7123306396463205,0.6012024048096193,0.0,0.0
shuffle2,55876,0,0.7850942203177713,0.9579158316633266,0.0,0.0
shuffle2,55878,0,0.6632119916934955,0.31462925851703405,0.0,0.0
shuffle2,56047,0,0.6408589613381364,0.28857715430861725,0.0,0.0
shuffle2,56131,0,0.43525677166183485,0.004008016032064128,0.0,0.0
shuffle2,56162,0,0.608341924573867,0.13226452905811623,0.0,0.0
shuffle2,56272,0,0.7066869604791317,0.6232464929859719,0.0,0.0
shuffle2,56496,0,0.5337695618646318,0.03406813627254509,0.0,0.0
shuffle2,56554,0,0.749787516230173,0.8517034068136272,0.0,0.0
shuffle2,56629,0,0.6975291482592225,0.5290581162324649,0.0,0.0
shuffle2,56651,0,0.6903749763572062,0.48897795591182364,0.0,0.0
shuffle2,56698,0,0.4735470314531047,0.006012024048096192,0.0,0.0
shuffle2,56873,0,0.6569440136008042,0.28857715430861725,0.0,0.0
shuffle2,56963,0,0.7256814070587847,0.7655310621242485,0.0,0.0
shuffle2,57114,0,0.7928095170974301,0.9899799599198397,0.0,0.0
shuffle2,57244,0,0.7351860237353416,0.7915831663326653,0.0,0.0
shuffle2,57830,0,0.7523643710234345,0.8396793587174348,0.0,0.0
shuffle2,57994,0,0.7218758840489004,0.7274549098196392,0.0,0.0
shuffle2,58004,0,0.7616706008663486,0.87374749498998,0.0,0.0
shuffle2,58157,0,0.5805047487056698,0.0781563126252505,0.0,0.0
shuffle2,58169,0,0.6777445047719288,0.38877755511022044,0.0,0.0
shuffle2,58252,0,0.7881019751430844,0.9759519038076152,0.0,0.0
shuffle2,58341,0,0.7460833542000403,0.7995991983967936,0.0,0.0
shuffle2,58458,0,0.6875151730987814,0.4789579158316633,0.0,0.0
shuffle2,58572,0,0.7894852347516144,0.9639278557114228,0.0,0.0
shuffle2,58835,0,0.6707839160781456,0.4849699398797595,0.0,0.0
shuffle2,58977,0,0.7032213423994359,0.6072144288577155,0.0,0.0
shuffle2,58988,0,0.8043213217410576,0.9939879759519038,0.0,1.0
shuffle2,59101,0,0.7228995837482464,0.6533066132264529,0.0,0.0
shuffle2,59177,0,0.732382558318919,0.7575150300601202,0.0,0.0
shuffle2,59183,0,0.7146900831389399,0.6472945891783567,0.0,0.0
shuffle2,59219,0,0.742185842846281,0.8837675350701403,0.0,0.0
shuffle2,59293,0,0.6905509412400578,0.533066132264529,0.0,0.0
shuffle2,59464,0,0.6277056693438242,0.22044088176352705,0.0,0.0
shuffle2,59470,0,0.6173066252652502,0.14829659318637275,0.0,0.0
shuffle2,59508,0,0.5840286494929277,0.09619238476953908,0.0,0.0
shuffle2,59838,0,0.7628278864774707,0.9498997995991983,0.0,0.0
shuffle2,59905,0,0.7146308732122433,0.6973947895791583,0.0,0.0
shuffle2,60063,0,0.7715212964004922,0.9498997995991983,0.0,0.0
shuffle2,60496,0,0.6896722506266534,0.5250501002004008,0.0,0.0
shuffle2,60707,0,0.6267543499683891,0.17635270541082165,0.0,0.0
shuffle2,60784,0,0.6792316824897141,0.48096192384769537,0.0,0.0
shuffle2,60932,0,0.6891281919852805,0.5210420841683366,0.0,0.0
shuffle2,61327,0,0.7395114544745356,0.7955911823647295,0.0,0.0
shuffle2,61653,0,0.6799934877151927,0.4649298597194389,0.0,0.0
shuffle2,61683,0,0.73332066206288,0.7675350701402806,0.0,0.0
shuffle2,61701,0,0.5931848562615172,0.09619238476953908,0.0,0.0
shuffle2,61868,0,0.668008545662032,0.3627254509018036,0.0,0.0
shuffle2,61878,0,0.7203928766896985,0.6673346693386774,0.0,0.0
shuffle2,62117,0,0.6570522188389084,0.3627254509018036,0.0,0.0
shuffle2,62587,0,0.7189168039485263,0.7094188376753507,0.0,0.0
shuffle2,62627,0,0.6743393848795004,0.4348697394789579,0.0,0.0
shuffle2,63062,0,0.7549115976386567,0.8537074148296593,0.0,0.0
shuffle2,63247,0,0.6397076255247712,0.32064128256513025,0.0,0.0
shuffle2,63837,0,0.6808990773343696,0.4729458917835671,0.0,0.0
shuffle2,63869,0,0.6523201886632475,0.3106212424849699,0.0,0.0
shuffle2,64050,0,0.729916043682558,0.7354709418837675,0.0,0.0
shuffle2,64148,0,0.6183014302509922,0.15831663326653306,0.0,0.0
shuffle2,64195,0,0.7666151766457145,0.9519038076152304,0.0,0.0
shuffle2,64262,0,0.6918139144267942,0.47695390781563124,0.0,0.0
shuffle2,64417,0,0.7215545507229673,0.7855711422845691,0.0,0.0
shuffle2,64547,0,0.720829730235907,0.657314629258517,0.0,0.0
shuffle2,64783,0,0.5859169782455431,0.08216432865731463,0.0,0.0
shuffle2,64851,0,0.6326242566916822,0.218436873747495,0.0,0.0
shuffle2,64925,0,0.711930877287798,0.5831663326653307,0.0,0.0
shuffle2,65218,0,0.7888210745434738,0.9819639278557114,0.0,0.0
shuffle2,65340,0,0.4873156159706886,0.01002004008016032,0.0,0.0
shuffle2,65348,0,0.5702558612294073,0.07214428857715431,0.0,0.0
shuffle2,65417,0,0.7834928666450781,0.9739478957915831,0.0,0.0
shuffle2,65553,0,0.7723230318328469,0.9198396793587175,0.0,0.0
shuffle2,65609,0,0.7455726428639653,0.8076152304609219,0.0,0.0
shuffle2,65690,0,0.7783941985429754,0.9619238476953907,0.0,0.0
shuffle2,65878,0,0.6643003372236271,0.35070140280561124,0.0,0.0
shuffle2,66058,0,0.6868233042259626,0.4909819639278557,0.0,0.0
shuffle2,66209,0,0.6580213980809086,0.33266533066132264,0.0,0.0
shuffle2,66269,0,0.5925907576398219,0.09819639278557114,0.0,0.0
shuffle2,66437,0,0.7349963061294862,0.7575150300601202,0.0,0.0
shuffle2,66512,0,0.663926552131361,0.35470941883767537,0.0,0.0
shuffle2,66559,0,0.6910391654734038,0.5370741482965932,0.0,0.0
shuffle2,66875,0,0.6673236883410194,0.35070140280561124,0.0,0.0
shuffle2,67261,0,0.7527176426917999,0.8557114228456913,0.0,0.0
shuffle2,67281,0,0.7150523958191848,0.6973947895791583,0.0,0.0
shuffle2,67361,0,0.6652826455190273,0.37074148296593185,0.0,0.0
shuffle2,67444,0,0.5758615456374655,0.07214428857715431,0.0,0.0
shuffle2,67673,0,0.6901310902324453,0.4649298597194389,0.0,0.0
shuffle2,67708,0,0.7617135447114358,0.9118236472945892,0.0,0.0
shuffle2,67899,0,0.6657528373367902,0.342685370741483,0.0,0.0
shuffle2,68121,0,0.6899625319587159,0.5390781563126252,0.0,0.0
shuffle2,68127,0,0.6879706950662774,0.56312625250501,0.0,0.0
shuffle2,68173,0,0.6923476271853188,0.5651302605210421,0.0,0.0
shuffle2,68193,0,0.713943927063763,0.7675350701402806,0.0,0.0
shuffle2,68287,0,0.7225986325809755,0.6593186372745491,0.0,0.0
shuffle2,68394,0,0.583866517475918,0.09418837675350701,0.0,0.0
shuffle2,68473,0,0.621892980473993,0.16633266533066132,0.0,0.0
shuffle2,68532,0,0.5779291695871595,0.09218436873747494,0.0,0.0
shuffle2,68553,0,0.7532858281469059,0.8897795591182365,0.0,0.0
shuffle2,68819,0,0.6968673107741525,0.5150300601202404,0.0,0.0
shuffle2,69085,0,0.6773224363351332,0.3847695390781563,0.0,0.0
shuffle2,69087,0,0.6445204323505378,0.250501002004008,0.0,0.0
shuffle2,69137,0,0.6826364954567874,0.40080160320641284,0.0,0.0
shuffle2,69462,0,0.6950405149375436,0.5270541082164328,0.0,0.0
shuffle2,69641,0,0.6684348144939882,0.3527054108216433,0.0,0.0
shuffle2,70279,0,0.558915285168335,0.050100200400801605,0.0,0.0
shuffle2,70372,0,0.7961052237800759,0.9899799599198397,0.0,0.0
shuffle2,70496,0,0.6300979037668254,0.21442885771543085,0.0,0.0
shuffle2,70765,0,0.7031133277981527,0.5591182364729459,0.0,0.0
shuffle2,71264,0,0.6641251597393951,0.30861723446893785,0.0,0.0
shuffle2,71624,0,0.6978419358289353,0.5250501002004008,0.0,0.0
shuffle2,71735,0,0.6696901419261638,0.3366733466933868,0.0,0.0
shuffle2,72089,0,0.7271212724322333,0.7374749498997996,0.0,0.0
shuffle2,72151,0,0.7461523471393603,0.8076152304609219,0.0,0.0
shuffle2,72389,0,0.594633507149642,0.12625250501002003,0.0,0.0
shuffle2,72527,0,0.589804096012573,0.10420841683366733,0.0,0.0
shuffle3,95,0,0.7758351952614615,0.969939879759519,0.0,0.0
shuffle3,204,0,0.6265546025966768,0.2625250501002004,0.0,0.0
shuffle3,318,0,0.6869504385813181,0.4729458917835671,0.0,0.0
shuffle3,356,0,0.6450600657474426,0.2605210420841683,0.0,0.0
shuffle3,425,0,0.781280018734629,0.9659318637274549,0.0,0.0
shuffle3,458,0,0.7620169835781856,0.8817635270541082,0.0,0.0
shuffle3,637,0,0.7279058777416287,0.7374749498997996,0.0,0.0
shuffle3,709,0,0.5311017390408022,0.03206412825651302,0.0,0.0
shuffle3,868,0,0.5787642146236749,0.07615230460921844,0.0,0.0
shuffle3,1015,0,0.725012604922156,0.7855711422845691,0.0,0.0
shuffle3,1288,0,0.5163045466910249,0.02004008016032064,0.0,0.0
shuffle3,1589,0,0.7040787021334779,0.6172344689378757,0.0,0.0
shuffle3,1744,0,0.6519118988613255,0.2625250501002004,0.0,0.0
shuffle3,1818,0,0.7684685160149664,0.8957915831663327,0.0,0.0
shuffle3,2070,0,0.36534886257005017,0.0,0.0,0.0
shuffle3,2125,0,0.7112226477136949,0.6072144288577155,0.0,0.0
shuffle3,2327,0,0.7183816920810098,0.6833667334669339,0.0,0.0
shuffle3,2737,0,0.7203193210603631,0.7074148296593187,0.0,0.0
shuffle3,2795,0,0.7150583444376528,0.6392785571142284,0.0,0.0
shuffle3,2980,0,0.7538789549064125,0.8396793587174348,0.0,0.0
shuffle3,3338,0,0.6418755040329207,0.23647294589178355,0.0,0.0
shuffle3,3344,0,0.5042943681747394,0.012024048096192385,0.0,0.0
shuffle3,3368,0,0.5684437231295303,0.06813627254509018,0.0,0.0
shuffle3,3731,0,0.6663465262451645,0.3246492985971944,0.0,0.0
shuffle3,3803,0,0.6809602642441741,0.4188376753507014,0.0,0.0
shuffle3,4292,0,0.6282331024387133,0.1843687374749499,0.0,0.0
shuffle3,4409,0,0.7012826988546408,0.6092184368737475,0.0,0.0
shuffle3,4476,0,0.7429042089471736,0.7715430861723447,0.0,0.0
shuffle3,4509,0,0.7112832682338974,0.6032064128256514,0.0,0.0
shuffle3,4927,0,0.6485729107502455,0.2985971943887776,0.0,0.0
shuffle3,4967,0,0.746650075719888,0.7915831663326653,0.0,0.0
shuffle3,5340,0,0.7316645379572189,0.6933867735470942,0.0,0.0
shuffle3,5582,0,0.7417507897297776,0.7695390781563126,0.0,0.0
shuffle3,5656,0,0.7077371293764259,0.5831663326653307,0.0,0.0
shuffle3,5683,0,0.7857369021300702,0.9779559118236473,0.0,0.0
shuffle3,5790,0,0.6168338608016768,0.14228456913827656,0.0,0.0
shuffle3,5929,0,0.583715295755115,0.08817635270541083,0.0,0.0
shuffle3,6315,0,0.6830708987332879,0.48096192384769537,0.0,0.0
shuffle3,6360,0,0.4755748133832871,0.01002004008016032,0.0,0.0
shuffle3,6454,0,0.6910371241862259,0.4909819639278557,0.0,0.0
shuffle3,6603,0,0.6626669656144024,0.3486973947895792,0.0,0.0
shuffle3,6750,0,0.6603911340012654,0.3527054108216433,0.0,0.0
shuffle3,6759,0,0.7073448351393914,0.6112224448897795,0.0,0.0
shuffle3,6770,0,0.6040842761830816,0.12424849699398798,0.0,0.0
shuffle3,6991,0,0.6214077592103782,0.15430861723446893,0.0,0.0
shuffle3,7306,0,0.6403762317732632,0.22244488977955912,0.0,0.0
shuffle3,7355,0,0.7776026033187334,0.9739478957915831,0.0,0.0
shuffle3,7899,0,0.6347102438066347,0.24448897795591182,0.0,0.0
shuffle3,8061,0,0.48081967035095347,0.01002004008016032,0.0,0.0
shuffle3,8215,0,0.5482887095263843,0.028056112224448898,0.0,0.0
shuffle3,8234,0,0.7486030453243202,0.7835671342685371,0.0,0.0
shuffle3,8238,0,0.7433223108860112,0.8657314629258517,0.0,0.0
shuffle3,8275,0,0.6353418006230258,0.22444889779559118,0.0,0.0
shuffle3,8367,0,0.7182685440651899,0.6973947895791583,0.0,0.0
shuffle3,8828,0,0.6299957781515904,0.21442885771543085,0.0,0.0
shuffle3,8862,0,0.7697104276950902,0.9719438877755511,0.0,0.0
shuffle3,8926,0,0.7336570150802144,0.7615230460921844,0.0,0.0
shuffle3,9188,0,0.7440644075146088,0.843687374749499,0.0,0.0
shuffle3,9298,0,0.6555484869197616,0.2545090180360721,0.0,0.0
shuffle3,9376,0,0.6621528325988845,0.3587174348697395,0.0,0.0
shuffle3,9712,0,0.6872342735790018,0.5050100200400801,0.0,0.0
shuffle3,9877,0,0.7051031929078335,0.5210420841683366,0.0,0.0
shuffle3,10115,0,0.520382901716459,0.03406813627254509,0.0,0.0
shuffle3,10191,0,0.7380713255267046,0.781563126252505,0.0,0.0
shuffle3,10361,0,0.6523280646644752,0.2785571142284569,0.0,0.0
shuffle3,10602,0,0.7691899816378627,0.9659318637274549,0.0,0.0
shuffle3,10622,0,0.7302441967924406,0.7374749498997996,0.0,0.0
shuffle3,11050,0,0.663901297007357,0.3406813627254509,0.0,0.0
shuffle3,11274,0,0.7837641199280807,0.9759519038076152,0.0,0.0
shuffle3,11493,0,0.7604914248456981,0.8597194388777555,0.0,0.0
shuffle3,11757,0,0.7170964632917606,0.6232464929859719,0.0,0.0
shuffle3,11886,0,0.7681750439074673,0.905811623246493,0.0,0.0
shuffle3,12122,0,0.6347313245715499,0.20040080160320642,0.0,0.0
shuffle3,12225,0,0.6325617486706814,0.21643286573146292,0.0,0.0
shuffle3,12292,0,0.591118166886958,0.10420841683366733,0.0,0.0
shuffle3,12340,0,0.7322302636310458,0.8156312625250501,0.0,0.0
shuffle3,12386,0,0.6544656518222738,0.30861723446893785,0.0,0.0
shuffle3,12597,0,0.6241021761111121,0.18637274549098196,0.0,0.0
shuffle3,13041,0,0.7669825727105786,0.9398797595190381,0.0,0.0
shuffle3,13134,0,0.7190871632266105,0.6613226452905812,0.0,0.0
shuffle3,13223,0,0.7112439739092327,0.6492985971943888,0.0,0.0
shuffle3,13298,0,0.6525582861558044,0.2845691382765531,0.0,0.0
shuffle3,13587,0,0.6255996912665915,0.15030060120240482,0.0,0.0
shuffle3,13703,0,0.5638706435312124,0.05410821643286573,0.0,0.0
shuffle3,13741,0,0.5132667915043394,0.02004008016032064,0.0,0.0
shuffle3,13749,0,0.6170972582510089,0.13226452905811623,0.0,0.0
shuffle3,13826,0,0.7296432161094276,0.7474949899799599,0.0,0.0
shuffle3,13842,0,0.7494035800184795,0.8897795591182365,0.0,0.0
shuffle3,13879,0,0.6505322415176191,0.24849699398797595,0.0,0.0
shuffle3,13895,0,0.6695125691808914,0.3847695390781563,0.0,0.0
shuffle3,13938,0,0.6533947313914936,0.280561122244489,0.0,0.0
shuffle3,14049,0,0.7206716559097097,0.6492985971943888,0.0,0.0
shuffle3,14170,0,0.6869485951504468,0.4408817635270541,0.0,0.0
shuffle3,14245,0,0.708691269107697,0.5811623246492986,0.0,0.0
shuffle3,14274,0,0.6329480988320796,0.1743486973947896,0.0,0.0
shuffle3,14728,0,0.7651416373918419,0.8697394789579158,0.0,0.0
shuffle3,15068,0,0.7072765379430104,0.5691382765531062,0.0,0.0
shuffle3,15181,0,0.5618370548670923,0.06412825651302605,0.0,0.0
shuffle3,15182,0,0.5704352511320603,0.09418837675350701,0.0,0.0
shuffle3,15191,0,0.675121839066717,0.39478957915831664,0.0,0.0
shuffle3,15274,0,0.7680416142851301,0.9138276553106213,0.0,0.0
shuffle3,15386,0,0.6693083031690445,0.3627254509018036,0.0,0.0
shuffle3,15438,0,0.5871483491607814,0.09619238476953908,0.0,0.0
shuffle3,15516,0,0.6602876107136165,0.2905811623246493,0.0,0.0
shuffle3,15631,0,0.7118327426882114,0.6212424849699398,0.0,0.0
shuffle3,15632,0,0.67102427881123,0.45490981963927857,0.0,0.0
shuffle3,15865,0,0.639710252049609,0.23446893787575152,0.0,0.0
shuffle3,15898,0,0.6920278819957726,0.561122244488978,0.0,0.0
shuffle3,15953,0,0.7180397304161352,0.7294589178356713,0.0,0.0
shuffle3,15985,0,0.7467313734237009,0.8276553106212425,0.0,0.0
shuffle3,16251,0,0.6822499962413937,0.4749498997995992,0.0,0.0
shuffle3,16424,0,0.7899500424618088,0.9859719438877755,0.0,0.0
shuffle3,16525,0,0.6902841100350274,0.5350701402805611,0.0,0.0
shuffle3,16625,0,0.7593579364233695,0.9118236472945892,0.0,0.0
shuffle3,16718,0,0.6674742308011267,0.34468937875751504,0.0,0.0
shuffle3,16800,0,0.7170958594151573,0.7595190380761523,0.0,0.0
shuffle3,17017,0,0.698186757106938,0.6112224448897795,0.0,0.0
shuffle3,17605,0,0.6713284467101828,0.35671342685370744,0.0,0.0
shuffle3,17651,0,0.5524305094902828,0.05410821643286573,0.0,0.0
shuffle3,17795,0,0.5791933993892024,0.09218436873747494,0.0,0.0
shuffle3,17843,0,0.6513835248603224,0.3026052104208417,0.0,0.0
shuffle3,17865,0,0.7378978177402141,0.7735470941883767,0.0,0.0
shuffle3,17946,0,0.665440195577006,0.32665330661322645,0.0,0.0
shuffle3,17987,0,0.7071997262723324,0.6152304609218436,0.0,0.0
shuffle3,18115,0,0.5761055558996748,0.07414829659318638,0.0,0.0
shuffle3,18159,0,0.606547050142651,0.1523046092184369,0.0,0.0
shuffle3,18170,0,0.7177743333417403,0.687374749498998,0.0,0.0
shuffle3,18556,0,0.6884923459157385,0.46693386773547096,0.0,0.0
shuffle3,18888,0,0.6950225158359302,0.5290581162324649,0.0,0.0
shuffle3,18960,0,0.7026741632335123,0.5511022044088176,0.0,0.0
shuffle3,19331,0,0.7292719934518521,0.6713426853707415,0.0,0.0
shuffle3,19471,0,0.6540412199598211,0.3486973947895792,0.0,0.0
shuffle3,19593,0,0.5403845861247834,0.03406813627254509,0.0,0.0
shuffle3,19605,0,0.5863211762410953,0.08617234468937876,0.0,0.0
shuffle3,20013,0,0.6527216574324572,0.27655310621242485,0.0,0.0
shuffle3,20072,0,0.5756120867741878,0.08216432865731463,0.0,0.0
shuffle3,20317,0,0.7140993543167719,0.6232464929859719,0.0,0.0
shuffle3,20380,0,0.6359845169969284,0.20841683366733466,0.0,0.0
shuffle3,20520,0,0.660222469219573,0.35470941883767537,0.0,0.0
shuffle3,20545,0,0.6897479086300178,0.5470941883767535,0.0,0.0
shuffle3,20863,0,0.6555303472463057,0.2965931863727455,0.0,0.0
shuffle3,20882,0,0.7256739003961703,0.6813627254509018,0.0,0.0
shuffle3,20904,0,0.683495172268118,0.40480961923847697,0.0,0.0
shuffle3,21295,0,0.7146011001057795,0.6653306613226453,0.0,0.0
shuffle3,21414,0,0.7236808155649016,0.7354709418837675,0.0,0.0
shuffle3,21436,0,0.7249899872798931,0.655310621242485,0.0,0.0
shuffle3,21558,0,0.7600552362214088,0.9038076152304609,0.0,0.0
shuffle3,21887,0,0.6230789603617854,0.15430861723446893,0.0,0.0
shuffle3,22215,0,0.7045393716107113,0.5691382765531062,0.0,0.0
shuffle3,22299,0,0.6908151168409759,0.43687374749499,0.0,0.0
shuffle3,22303,0,0.7113436456991726,0.5871743486973948,0.0,0.0
shuffle3,22452,0,0.647885950813559,0.2565130260521042,0.0,0.0
shuffle3,22793,0,0.7154954987165232,0.627254509018036,0.0,0.0
shuffle3,22803,0,0.6984664043903861,0.6072144288577155,0.0,0.0
shuffle3,22924,0,0.5671183026975715,0.07014028056112225,0.0,0.0
shuffle3,23314,0,0.7739774899598683,0.9539078156312625,0.0,0.0
shuffle3,23445,0,0.7144907214777253,0.6392785571142284,0.0,0.0
shuffle3,23479,0,0.6197136729415352,0.1623246492985972,0.0,0.0
shuffle3,23623,0,0.7022330960709307,0.5370741482965932,0.0,0.0
shuffle3,23633,0,0.6849602069673829,0.4729458917835671,0.0,0.0
shuffle3,23642,0,0.7242664895798885,0.7334669338677354,0.0,0.0
shuffle3,23803,0,0.7326349163581309,0.7975951903807615,0.0,0.0
shuffle3,24062,0,0.7040648116852548,0.533066132264529,0.0,0.0
shuffle3,24103,0,0.7322109296681035,0.779559118236473,0.0,0.0
shuffle3,24306,0,0.7177490569153298,0.6713426853707415,0.0,0.0
shuffle3,24700,0,0.6911801393824906,0.4909819639278557,0.0,0.0
shuffle3,24790,0,0.5790474069317437,0.08216432865731463,0.0,0.0
shuffle3,25150,0,0.6523507765510037,0.24649298597194388,0.0,0.0
shuffle3,25166,0,0.6609875094221753,0.35070140280561124,0.0,0.0
shuffle3,25339,0,0.7303832325769868,0.7154308617234469,0.0,0.0
shuffle3,25360,0,0.7399789419344678,0.7374749498997996,0.0,0.0
shuffle3,25374,0,0.6193068520720644,0.20440881763527055,0.0,0.0
shuffle3,25447,0,0.7313376303566146,0.7214428857715431,0.0,0.0
shuffle3,26070,0,0.7361200726887878,0.7775551102204409,0.0,0.0
shuffle3,26146,0,0.6670437159845184,0.33266533066132264,0.0,0.0
shuffle3,26419,0,0.6749513629570651,0.3787575150300601,0.0,0.0
shuffle3,26519,0,0.6073221543088814,0.16032064128256512,0.0,0.0
shuffle3,26535,0,0.6650174014586637,0.33867735470941884,0.0,0.0
shuffle3,26749,0,0.7393020940182831,0.8016032064128257,0.0,0.0
shuffle3,27131,0,0.6623430362940887,0.32064128256513025,0.0,0.0
shuffle3,27196,0,0.6810434510106218,0.43887775551102204,0.0,0.0
shuffle3,27240,0,0.7265024654217709,0.7635270541082164,0.0,0.0
shuffle3,27260,0,0.6897867227322974,0.46693386773547096,0.0,0.0
shuffle3,27648,0,0.7186542627705312,0.6372745490981964,0.0,0.0
shuffle3,27688,0,0.7490443425423887,0.8176352705410822,0.0,0.0
shuffle3,27781,0,0.7027787259241045,0.5350701402805611,0.0,0.0
shuffle3,28157,0,0.7307733514488604,0.8396793587174348,0.0,0.0
shuffle3,28253,0,0.6169085983202273,0.13226452905811623,0.0,0.0
shuffle3,28276,0,0.7014176226503098,0.5591182364729459,0.0,0.0
shuffle3,28309,0,0.7393591287107073,0.8356713426853707,0.0,0.0
shuffle3,28511,0,0.5678498507864518,0.08016032064128256,0.0,0.0
shuffle3,28548,0,0.7393367998922046,0.7034068136272545,0.0,0.0
shuffle3,28979,0,0.617109590972625,0.14228456913827656,0.0,0.0
shuffle3,29018,0,0.6752018786028022,0.38276553106212424,0.0,0.0
shuffle3,29179,0,0.7174861725778778,0.7775551102204409,0.0,0.0
shuffle3,29221,0,0.7363734773501589,0.781563126252505,0.0,0.0
shuffle3,29400,0,0.6269504728349291,0.19238476953907815,0.0,0.0
shuffle3,29511,0,0.6756611139956616,0.38877755511022044,0.0,0.0
shuffle3,29591,0,0.6413372574211271,0.27054108216432865,0.0,0.0
shuffle3,29610,0,0.6880992851590615,0.4248496993987976,0.0,0.0
shuffle3,29717,0,0.7250647111045238,0.7114228456913828,0.0,0.0
shuffle3,29815,0,0.7566768326664823,0.9118236472945892,0.0,0.0
shuffle3,29831,0,0.6641767522609492,0.3106212424849699,0.0,0.0
shuffle3,29903,0,0.7076193168747017,0.593186372745491,0.0,0.0
shuffle3,29942,0,0.6718485292174583,0.42685370741482964,0.0,0.0
shuffle3,30016,0,0.5386752709044754,0.036072144288577156,0.0,0.0
shuffle3,30068,0,0.6460088986772854,0.24849699398797595,0.0,0.0
shuffle3,30077,0,0.7570098570439303,0.8897795591182365,0.0,0.0
shuffle3,30139,0,0.720625992120256,0.6753507014028056,0.0,0.0
shuffle3,30888,0,0.7200506662260941,0.6793587174348698,0.0,0.0
shuffle3,30961,0,0.7162513636958121,0.627254509018036,0.0,0.0
shuffle3,31234,0,0.5793541658004226,0.10020040080160321,0.0,0.0
shuffle3,31244,0,0.6346302459424926,0.18837675350701402,0.0,0.0
shuffle3,31251,0,0.6850659860046427,0.46292585170340683,0.0,0.0
shuffle3,31280,0,0.529200676418739,0.02404809619238477,0.0,0.0
shuffle3,31503,0,0.6992353517995425,0.5350701402805611,0.0,0.0
shuffle3,31776,0,0.6807095279706472,0.49899799599198397,0.0,0.0
shuffle3,32051,0,0.6805279782403243,0.45090180360721444,0.0,0.0
shuffle3,32062,0,0.649825282578472,0.26452905811623245,0.0,0.0
shuffle3,32140,0,0.6563171506273042,0.2845691382765531,0.0,0.0
shuffle3,32365,0,0.7703278667249178,0.9398797595190381,0.0,0.0
shuffle3,32427,0,0.6924437305570441,0.4729458917835671,0.0,0.0
shuffle3,32470,0,0.7681565706541984,0.9438877755511023,0.0,0.0
shuffle3,32532,0,0.5973115444742398,0.1282565130260521,0.0,0.0
shuffle3,32630,0,0.6317337773274686,0.16432865731462926,0.0,0.0
shuffle3,32680,0,0.7031933820241695,0.5871743486973948,0.0,0.0
shuffle3,32697,0,0.7876140099537039,0.9579158316633266,0.0,0.0
shuffle3,33057,0,0.7729268311529359,0.9719438877755511,0.0,0.0
shuffle3,33084,0,0.7286398623516835,0.7655310621242485,0.0,0.0
shuffle3,33123,0,0.8013371588326863,0.9919839679358717,0.0,1.0
shuffle3,33256,0,0.7437614690916822,0.8476953907815631,0.0,0.0
shuffle3,33264,0,0.734491433063526,0.7154308617234469,0.0,0.0
shuffle3,33336,0,0.6535012362488917,0.2925851703406814,0.0,0.0
shuffle3,33342,0,0.7339040144956752,0.7535070140280561,0.0,0.0
shuffle3,33512,0,0.6634999731774016,0.3066132264529058,0.0,0.0
shuffle3,33863,0,0.6411704617647284,0.2785571142284569,0.0,0.0
shuffle3,33990,0,0.6910151926119807,0.561122244488978,0.0,0.0
shuffle3,34169,0,0.7107703381980739,0.6332665330661322,0.0,0.0
shuffle3,34198,0,0.6847892467721257,0.4188376753507014,0.0,0.0
shuffle3,34415,0,0.7282184403706126,0.6993987975951904,0.0,0.0
shuffle3,34509,0,0.7465112511008074,0.8276553106212425,0.0,0.0
shuffle3,34565,0,0.6004898147487013,0.10821643286573146,0.0,0.0
shuffle3,34854,0,0.7046772647925763,0.7014028056112225,0.0,0.0
shuffle3,34998,0,0.6822466112759156,0.46292585170340683,0.0,0.0
shuffle3,35100,0,0.6402305784873805,0.21643286573146292,0.0,0.0
shuffle3,35119,0,0.692278959038452,0.5450901803607214,0.0,0.0
shuffle3,35131,0,0.631455501805341,0.21442885771543085,0.0,0.0
shuffle3,35234,0,0.5251264363330647,0.02004008016032064,0.0,0.0
shuffle3,35269,0,0.7325111850725791,0.7454909819639278,0.0,0.0
shuffle3,35281,0,0.5972634873166709,0.09418837675350701,0.0,0.0
shuffle3,35475,0,0.5079879351644917,0.01603206412825651,0.0,0.0
shuffle3,35600,0,0.7305218041196355,0.7655310621242485,0.0,0.0
shuffle3,35613,0,0.6444384658534466,0.250501002004008,0.0,0.0
shuffle3,35659,0,0.7418204474505797,0.8777555110220441,0.0,0.0
shuffle3,35916,0,0.6709057067108857,0.3787575150300601,0.0,0.0
shuffle3,35964,0,0.6456919274120951,0.2985971943887776,0.0,0.0
shuffle3,36198,0,0.6836259975821497,0.3907815631262525,0.0,0.0
shuffle3,36287,0,0.5528032070807237,0.02404809619238477,0.0,0.0
shuffle3,36543,0,0.6828758129441626,0.45691382765531063,0.0,0.0
shuffle3,36557,0,0.7795174183180731,0.9779559118236473,0.0,0.0
shuffle3,36992,0,0.7745378086416463,0.9579158316633266,0.0,0.0
shuffle3,37034,0,0.40396356702258174,0.0,0.0,0.0
shuffle3,37053,0,0.7399216637351832,0.8216432865731463,0.0,0.0
shuffle3,37255,0,0.6618666032393572,0.34468937875751504,0.0,0.0
shuffle3,37362,0,0.6751763965898496,0.3807615230460922,0.0,0.0
shuffle3,37406,0,0.6481826500839395,0.2745490981963928,0.0,0.0
shuffle3,37505,0,0.7658207956264232,0.8937875751503006,0.0,0.0
shuffle3,37552,0,0.7480244911267884,0.8336673346693386,0.0,0.0
shuffle3,37899,0,0.686846919302522,0.5250501002004008,0.0,0.0
shuffle3,38091,0,0.649771495413352,0.27655310621242485,0.0,0.0
shuffle3,38194,0,0.7036634798768269,0.5731462925851704,0.0,0.0
shuffle3,38375,0,0.6341291512540648,0.20040080160320642,0.0,0.0
shuffle3,38380,0,0.6514863107347111,0.3286573146292585,0.0,0.0
shuffle3,38833,0,0.67843167288581,0.3967935871743487,0.0,0.0
shuffle3,38887,0,0.7398037425874434,0.7755511022044088,0.0,0.0
shuffle3,39183,0,0.5492193946758828,0.052104208416833664,0.0,0.0
shuffle3,39288,0,0.7126432878204932,0.685370741482966,0.0,0.0
shuffle3,39384,0,0.6420434468839487,0.24849699398797595,0.0,0.0
shuffle3,39490,0,0.7851368149310765,0.9799599198396793,0.0,0.0
shuffle3,39557,0,0.7557665205734835,0.8717434869739479,0.0,0.0
shuffle3,39756,0,0.6393472714953337,0.23246492985971945,0.0,0.0
shuffle3,39793,0,0.6723893608552329,0.40080160320641284,0.0,0.0
shuffle3,39920,0,0.6051180926006101,0.11422845691382766,0.0,0.0
shuffle3,39986,0,0.6755212715700466,0.40480961923847697,0.0,0.0
shuffle3,40269,0,0.7388742211934844,0.7695390781563126,0.0,0.0
shuffle3,40756,0,0.7973649920427037,0.969939879759519,0.0,0.0
shuffle3,40798,0,0.7466031020668028,0.845691382765531,0.0,0.0
shuffle3,40819,0,0.7313371428561477,0.7535070140280561,0.0,0.0
shuffle3,40933,0,0.6153008406932314,0.15831663326653306,0.0,0.0
shuffle3,40990,0,0.5968246610757042,0.17234468937875752,0.0,0.0
shuffle3,41120,0,0.7468705284971834,0.7875751503006012,0.0,0.0
shuffle3,41402,0,0.7009409076907007,0.5430861723446894,0.0,0.0
shuffle3,41540,0,0.6319096705634553,0.20641282565130262,0.0,0.0
shuffle3,41555,0,0.6804617332574516,0.42685370741482964,0.0,0.0
shuffle3,41561,0,0.6424495141616411,0.24248496993987975,0.0,0.0
shuffle3,41592,0,0.7005015059301455,0.49298597194388777,0.0,0.0
shuffle3,41636,0,0.72659863933441,0.6933867735470942,0.0,0.0
shuffle3,41640,0,0.6385956137394337,0.22444889779559118,0.0,0.0
shuffle3,41924,0,0.7327858115700666,0.8156312625250501,0.0,0.0
shuffle3,41976,0,0.5975750718963256,0.13026052104208416,0.0,0.0
shuffle3,42022,0,0.6448915704847096,0.22244488977955912,0.0,0.0
shuffle3,42251,0,0.7025391186485606,0.5671342685370742,0.0,0.0
shuffle3,42302,0,0.6450323433819569,0.24048096192384769,0.0,0.0
shuffle3,42466,0,0.673887771789436,0.3787575150300601,0.0,0.0
shuffle3,42679,0,0.6770588436091846,0.4148296593186373,0.0,0.0
shuffle3,43065,0,0.6723694433493791,0.3927855711422846,0.0,0.0
shuffle3,43198,0,0.6927155138842013,0.46893787575150303,0.0,0.0
shuffle3,43211,0,0.6952007397809482,0.5490981963927856,0.0,0.0
shuffle3,43332,0,0.626796271145301,0.18036072144288579,0.0,0.0
shuffle3,43546,0,0.7361588806785734,0.7615230460921844,0.0,0.0
shuffle3,43584,0,0.6003422460775918,0.09418837675350701,0.0,0.0
shuffle3,44248,0,0.7005485956431139,0.5410821643286573,0.0,0.0
shuffle3,44279,0,0.7297396394972963,0.7374749498997996,0.0,0.0
shuffle3,44360,0,0.7677030946058486,0.9078156312625251,0.0,0.0
shuffle3,44413,0,0.6311156045262978,0.19839679358717435,0.0,0.0
shuffle3,44422,0,0.6793045542668721,0.4408817635270541,0.0,0.0
shuffle3,44903,0,0.5949644164623717,0.12024048096192384,0.0,0.0
shuffle3,44975,0,0.7556201434682372,0.8196392785571143,0.0,0.0
shuffle3,45377,0,0.6548139938956237,0.3667334669338677,0.0,0.0
shuffle3,45528,0,0.7121996786219578,0.6152304609218436,0.0,0.0
shuffle3,45699,0,0.5369938884638475,0.03006012024048096,0.0,0.0
shuffle3,45952,0,0.6758006232253899,0.4348697394789579,0.0,0.0
shuffle3,45987,0,0.7175878491095995,0.7474949899799599,0.0,0.0
shuffle3,46166,0,0.5255089725730473,0.02404809619238477,0.0,0.0
shuffle3,46276,0,0.7608919900113655,0.9338677354709419,0.0,0.0
shuffle3,46403,0,0.7240980132289696,0.7154308617234469,0.0,0.0
shuffle3,46524,0,0.5485039186869267,0.03406813627254509,0.0,0.0
shuffle3,46653,0,0.6578237058751744,0.312625250501002,0.0,0.0
shuffle3,47030,0,0.702291779415662,0.5430861723446894,0.0,0.0
shuffle3,47086,0,0.6825867561774508,0.43286573146292584,0.0,0.0
shuffle3,47093,0,0.6965413989532329,0.561122244488978,0.0,0.0
shuffle3,47122,0,0.7724572255723466,0.9559118236472945,0.0,0.0
shuffle3,47125,0,0.6825272973817245,0.45090180360721444,0.0,0.0
shuffle3,47331,0,0.7922264009206248,0.9879759519038076,0.0,0.0
shuffle3,47471,0,0.6352734140152547,0.23647294589178355,0.0,0.0
shuffle3,47583,0,0.5372611957305521,0.028056112224448898,0.0,0.0
shuffle3,47744,0,0.7098783181508277,0.5731462925851704,0.0,0.0
shuffle3,47907,0,0.5394942485920692,0.028056112224448898,0.0,0.0
shuffle3,48376,0,0.759888703582948,0.9098196392785571,0.0,0.0
shuffle3,48655,0,0.6445770501461476,0.2685370741482966,0.0,0.0
shuffle3,48911,0,0.7062163670072195,0.6472945891783567,0.0,0.0
shuffle3,49170,0,0.6999664637711871,0.5370741482965932,0.0,0.0
shuffle3,49195,0,0.7226391676835847,0.6893787575150301,0.0,0.0
shuffle3,49256,0,0.6383618127768763,0.250501002004008,0.0,0.0
shuffle3,49315,0,0.7133230183514477,0.6212424849699398,0.0,0.0
shuffle3,49474,0,0.749522537492415,0.8256513026052105,0.0,0.0
shuffle3,49475,0,0.7278608513292377,0.7374749498997996,0.0,0.0
shuffle3,49678,0,0.6439251407360784,0.2625250501002004,0.0,0.0
shuffle3,49702,0,0.7276100490532785,0.7975951903807615,0.0,0.0
shuffle3,49760,0,0.7530757607256309,0.8316633266533067,0.0,0.0
shuffle3,50203,0,0.5729807608923186,0.07615230460921844,0.0,0.0
shuffle3,50210,0,0.5576182762860117,0.050100200400801605,0.0,0.0
shuffle3,50622,0,0.626125835719467,0.1903807615230461,0.0,0.0
shuffle3,50708,0,0.6706411997161702,0.4649298597194389,0.0,0.0
shuffle3,50739,0,0.6573382085369142,0.3246492985971944,0.0,0.0
shuffle3,50850,0,0.7021010087972138,0.6012024048096193,0.0,0.0
shuffle3,51008,0,0.7692969129762899,0.9539078156312625,0.0,0.0
shuffle3,51227,0,0.7236348699667445,0.7334669338677354,0.0,0.0
shuffle3,51300,0,0.7047992783234813,0.5831663326653307,0.0,0.0
shuffle3,51380,0,0.6904626532535705,0.5470941883767535,0.0,0.0
shuffle3,51385,0,0.768847805810575,0.9198396793587175,0.0,0.0
shuffle3,51436,0,0.7163450094457673,0.627254509018036,0.0,0.0
shuffle3,51517,0,0.671075963063045,0.35671342685370744,0.0,0.0
shuffle3,51688,0,0.7321951905873099,0.7655310621242485,0.0,0.0
shuffle3,51865,0,0.6484852201024442,0.25250501002004005,0.0,0.0
shuffle3,51943,0,0.7273025634052986,0.6753507014028056,0.0,0.0
shuffle3,51956,0,0.5622252381774135,0.052104208416833664,0.0,0.0
shuffle3,51990,0,0.6047294164205468,0.09619238476953908,0.0,0.0
shuffle3,52228,0,0.6008271924565585,0.1402805611222445,0.0,0.0
shuffle3,52277,0,0.7001998594556429,0.561122244488978,0.0,0.0
shuffle3,52729,0,0.6920723776890415,0.503006012024048,0.0,0.0
shuffle3,52733,0,0.7402555127777384,0.7975951903807615,0.0,0.0
shuffle3,52803,0,0.7128082765163284,0.627254509018036,0.0,0.0
shuffle3,52927,0,0.7142087502526153,0.6753507014028056,0.0,0.0
shuffle3,53445,0,0.7140083533241937,0.6212424849699398,0.0,0.0
shuffle3,53659,0,0.761051153931164,0.9018036072144289,0.0,0.0
shuffle3,53729,0,0.6890232648721879,0.5130260521042084,0.0,0.0
shuffle3,53974,0,0.6866917171524112,0.44889779559118237,0.0,0.0
shuffle3,54054,0,0.6412548514948706,0.21442885771543085,0.0,0.0
shuffle3,54099,0,0.7382435454557562,0.8036072144288577,0.0,0.0
shuffle3,54250,0,0.7876045840208469,0.9759519038076152,0.0,0.0
shuffle3,54336,0,0.6958197733445773,0.5230460921843687,0.0,0.0
shuffle3,54681,0,0.7310171398617522,0.7374749498997996,0.0,0.0
shuffle3,55202,0,0.7147852871469667,0.6833667334669339,0.0,0.0
shuffle3,55501,0,0.7382088718797555,0.7995991983967936,0.0,0.0
shuffle3,55597,0,0.7389183545403841,0.7314629258517034,0.0,0.0
shuffle3,55741,0,0.6778556681556149,0.37074148296593185,0.0,0.0
shuffle3,55808,0,0.6802122703602244,0.43687374749499,0.0,0.0
shuffle3,55876,0,0.7540010164762914,0.9178356713426854,0.0,0.0
shuffle3,55878,0,0.6629153623336865,0.2925851703406814,0.0,0.0
shuffle3,56047,0,0.6493926674762471,0.250501002004008,0.0,0.0
shuffle3,56131,0,0.43143761483415655,0.004008016032064128,0.0,0.0
shuffle3,56162,0,0.5720440410626468,0.07214428857715431,0.0,0.0
shuffle3,56272,0,0.6733793998987894,0.3527054108216433,0.0,0.0
shuffle3,56496,0,0.5359200951596383,0.04008016032064128,0.0,0.0
shuffle3,56554,0,0.7303676232666092,0.6973947895791583,0.0,0.0
shuffle3,56629,0,0.6975601630045554,0.56312625250501,0.0,0.0
shuffle3,56651,0,0.6755157055732368,0.4709418837675351,0.0,0.0
shuffle3,56698,0,0.4499107268522844,0.006012024048096192,0.0,0.0
shuffle3,56873,0,0.635891507195548,0.22044088176352705,0.0,0.0
shuffle3,56963,0,0.7445939543091411,0.7895791583166333,0.0,0.0
shuffle3,57114,0,0.7692361750885848,0.9519038076152304,0.0,0.0
shuffle3,57244,0,0.7572440355381396,0.8637274549098196,0.0,0.0
shuffle3,57830,0,0.7569300128505692,0.9378757515030061,0.0,0.0
shuffle3,57994,0,0.7679103171751339,0.9619238476953907,0.0,0.0
shuffle3,58004,0,0.8037263897695777,0.9879759519038076,0.0,0.0
shuffle3,58157,0,0.5159134095077365,0.02404809619238477,0.0,0.0
shuffle3,58169,0,0.6667705932647148,0.3847695390781563,0.0,0.0
shuffle3,58252,0,0.776065743899184,0.9458917835671342,0.0,0.0
shuffle3,58341,0,0.7547476374060077,0.8557114228456913,0.0,0.0
shuffle3,58458,0,0.6995769624990513,0.655310621242485,0.0,0.0
shuffle3,58572,0,0.7688443155805145,0.9298597194388778,0.0,0.0
shuffle3,58835,0,0.6792742417719075,0.40080160320641284,0.0,0.0
shuffle3,58977,0,0.7162356756307008,0.6733466933867736,0.0,0.0
shuffle3,58988,0,0.7421793660053229,0.8617234468937875,0.0,0.0
shuffle3,59101,0,0.7293232674463024,0.7134268537074149,0.0,0.0
shuffle3,59177,0,0.7068669535517944,0.6232464929859719,0.0,0.0
shuffle3,59183,0,0.7637891812912776,0.8977955911823647,0.0,0.0
shuffle3,59219,0,0.8045439029728524,0.9979959919839679,0.0,1.0
shuffle3,59293,0,0.7263412279306233,0.7474949899799599,0.0,0.0
shuffle3,59464,0,0.6770901751681669,0.35470941883767537,0.0,0.0
shuffle3,59470,0,0.6365439587287495,0.19839679358717435,0.0,0.0
shuffle3,59508,0,0.6002924111811575,0.1402805611222445,0.0,0.0
shuffle3,59838,0,0.7592662682031175,0.8376753507014028,0.0,0.0
shuffle3,59905,0,0.6988074599957242,0.49498997995991983,0.0,0.0
shuffle3,60063,0,0.7704124241303194,0.9378757515030061,0.0,0.0
shuffle3,60496,0,0.6938828415583831,0.5871743486973948,0.0,0.0
shuffle3,60707,0,0.6630901345750436,0.29458917835671344,0.0,0.0
shuffle3,60784,0,0.6673658099425817,0.40480961923847697,0.0,0.0
shuffle3,60932,0,0.7022286955943648,0.6533066132264529,0.0,0.0
shuffle3,61327,0,0.7578549353133333,0.9038076152304609,0.0,0.0
shuffle3,61653,0,0.7196317035856055,0.6693386773547094,0.0,0.0
shuffle3,61683,0,0.6823926353480968,0.44288577154308617,0.0,0.0
shuffle3,61701,0,0.616613452624281,0.12224448897795591,0.0,0.0
shuffle3,61868,0,0.6470953423511755,0.2625250501002004,0.0,0.0
shuffle3,61878,0,0.684624241602095,0.4749498997995992,0.0,0.0
shuffle3,62117,0,0.6911621678153492,0.5430861723446894,0.0,0.0
shuffle3,62587,0,0.7329956423084041,0.7154308617234469,0.0,0.0
shuffle3,62627,0,0.6673096208329985,0.4088176352705411,0.0,0.0
shuffle3,63062,0,0.7619443692726215,0.9218436873747495,0.0,0.0
shuffle3,63247,0,0.6942047066027117,0.5390781563126252,0.0,0.0
shuffle3,63837,0,0.6743660554770898,0.36472945891783565,0.0,0.0
shuffle3,63869,0,0.5709047047399913,0.09819639278557114,0.0,0.0
shuffle3,64050,0,0.7390475407270037,0.7875751503006012,0.0,0.0
shuffle3,64148,0,0.5437995595564487,0.04008016032064128,0.0,0.0
shuffle3,64195,0,0.6975100062397872,0.5711422845691383,0.0,0.0
shuffle3,64262,0,0.6715233664351321,0.3847695390781563,0.0,0.0
shuffle3,64417,0,0.6740303395683519,0.4789579158316633,0.0,0.0
shuffle3,64547,0,0.7395112590321516,0.8136272545090181,0.0,0.0
shuffle3,64783,0,0.6107730640501968,0.11222444889779559,0.0,0.0
shuffle3,64851,0,0.6583720143707146,0.3166332665330661,0.0,0.0
shuffle3,64925,0,0.7324805309348366,0.7114228456913828,0.0,0.0
shuffle3,65218,0,0.7468435376954545,0.8817635270541082,0.0,0.0
shuffle3,65340,0,0.5016974098588909,0.01603206412825651,0.0,0.0
shuffle3,65348,0,0.6094269720582755,0.13026052104208416,0.0,0.0
shuffle3,65417,0,0.7829744632000041,0.9819639278557114,0.0,0.0
shuffle3,65553,0,0.7296190760884493,0.7334669338677354,0.0,0.0
shuffle3,65609,0,0.7584149591041487,0.8677354709418837,0.0,0.0
shuffle3,65690,0,0.7479358587372652,0.8356713426853707,0.0,0.0
shuffle3,65878,0,0.6858690007263726,0.46092184368737477,0.0,0.0
shuffle3,66058,0,0.6848578776705234,0.5070140280561122,0.0,0.0
shuffle3,66209,0,0.6062552863889504,0.1683366733466934,0.0,0.0
shuffle3,66269,0,0.6085630562916087,0.1523046092184369,0.0,0.0
shuffle3,66437,0,0.745694419916764,0.8336673346693386,0.0,0.0
shuffle3,66512,0,0.6493319332447993,0.2605210420841683,0.0,0.0
shuffle3,66559,0,0.7105060372332292,0.5991983967935872,0.0,0.0
shuffle3,66875,0,0.6842919125815854,0.45090180360721444,0.0,0.0
shuffle3,67261,0,0.7547291913384896,0.8917835671342685,0.0,0.0
shuffle3,67281,0,0.6704965696176937,0.3867735470941884,0.0,0.0
shuffle3,67361,0,0.692450163887236,0.5130260521042084,0.0,0.0
shuffle3,67444,0,0.5910856772697461,0.1062124248496994,0.0,0.0
shuffle3,67673,0,0.7190595684236527,0.6372745490981964,0.0,0.0
shuffle3,67708,0,0.7431588963151254,0.8396793587174348,0.0,0.0
shuffle3,67899,0,0.6699677936615146,0.33867735470941884,0.0,0.0
shuffle3,68121,0,0.6952597496020122,0.5551102204408818,0.0,0.0
shuffle3,68127,0,0.7053076556791869,0.685370741482966,0.0,0.0
shuffle3,68173,0,0.7471361878622871,0.8517034068136272,0.0,0.0
shuffle3,68193,0,0.7125377225500404,0.6593186372745491,0.0,0.0
shuffle3,68287,0,0.6570824698918201,0.2905811623246493,0.0,0.0
shuffle3,68394,0,0.6311291865136235,0.2745490981963928,0.0,0.0
shuffle3,68473,0,0.642410250833443,0.27054108216432865,0.0,0.0
shuffle3,68532,0,0.5813495829633567,0.07615230460921844,0.0,0.0
shuffle3,68553,0,0.7157749370365928,0.7454909819639278,0.0,0.0
shuffle3,68819,0,0.6938355854828765,0.5050100200400801,0.0,0.0
shuffle3,69085,0,0.6416738338996975,0.2685370741482966,0.0,0.0
shuffle3,69087,0,0.6857747642647876,0.41282565130260523,0.0,0.0
shuffle3,69137,0,0.690005564502331,0.4468937875751503,0.0,0.0
shuffle3,69462,0,0.7196610153463683,0.6633266533066132,0.0,0.0
shuffle3,69641,0,0.7644980172364846,0.843687374749499,0.0,0.0
shuffle3,70279,0,0.6005608456543063,0.13627254509018036,0.0,0.0
shuffle3,70372,0,0.8187700912997314,1.0,1.0,1.0
shuffle3,70496,0,0.6676037631254391,0.3366733466933868,0.0,0.0
shuffle3,70765,0,0.7088074063341051,0.625250501002004,0.0,0.0
shuffle3,71264,0,0.618581764861686,0.14829659318637275,0.0,0.0
shuffle3,71624,0,0.694699766565163,0.5290581162324649,0.0,0.0
shuffle3,71735,0,0.6844267948650558,0.4408817635270541,0.0,0.0
shuffle3,72089,0,0.6858013165244946,0.5050100200400801,0.0,0.0
shuffle3,72151,0,0.74978577269991,0.8296593186372746,0.0,0.0
shuffle3,72389,0,0.6253795958162275,0.21442885771543085,0.0,0.0
shuffle3,72527,0,0.5811262766848593,0.10821643286573146,0.0,0.0
shuffle4,95,0,0.7744446953825576,0.8797595190380761,0.0,0.0
shuffle4,204,0,0.6568972197204481,0.22044088176352705,0.0,0.0
shuffle4,318,0,0.705734370429848,0.4589178356713427,0.0,0.0
shuffle4,356,0,0.666300018861791,0.2905811623246493,0.0,0.0
shuffle4,425,0,0.7765218534594858,0.9178356713426854,0.0,0.0
shuffle4,458,0,0.76413078232018,0.811623246492986,0.0,0.0
shuffle4,637,0,0.7624280667532808,0.8156312625250501,0.0,0.0
shuffle4,709,0,0.5970644838417962,0.08817635270541083,0.0,0.0
shuffle4,868,0,0.6434291735433375,0.16633266533066132,0.0,0.0
shuffle4,1015,0,0.7318859342467932,0.6372745490981964,0.0,0.0
shuffle4,1288,0,0.5930598777438799,0.07414829659318638,0.0,0.0
shuffle4,1589,0,0.7505970424720014,0.7575150300601202,0.0,0.0
shuffle4,1744,0,0.6897070405431109,0.3847695390781563,0.0,0.0
shuffle4,1818,0,0.7846226491833356,0.9238476953907816,0.0,0.0
shuffle4,2070,0,0.4015043827456497,0.0,0.0,0.0
shuffle4,2125,0,0.7562250909984176,0.7715430861723447,0.0,0.0
shuffle4,2327,0,0.7227296626813038,0.5711422845691383,0.0,0.0
shuffle4,2737,0,0.6973703353295618,0.40080160320641284,0.0,0.0
shuffle4,2795,0,0.70471187205829,0.4709418837675351,0.0,0.0
shuffle4,2980,0,0.7551286544863897,0.7775551102204409,0.0,0.0
shuffle4,3338,0,0.6686137206438733,0.2605210420841683,0.0,0.0
shuffle4,3344,0,0.5216313463004578,0.012024048096192385,0.0,0.0
shuffle4,3368,0,0.6496738711812122,0.17835671342685372,0.0,0.0
shuffle4,3731,0,0.6797753314410071,0.3026052104208417,0.0,0.0
shuffle4,3803,0,0.711726312301191,0.5250501002004008,0.0,0.0
shuffle4,4292,0,0.6491004883506688,0.19238476953907815,0.0,0.0
shuffle4,4409,0,0.7408013863569916,0.7114228456913828,0.0,0.0
shuffle4,4476,0,0.7563016186325237,0.7434869739478958,0.0,0.0
shuffle4,4509,0,0.7536472520291811,0.7655310621242485,0.0,0.0
shuffle4,4927,0,0.6836276594927315,0.3486973947895792,0.0,0.0
shuffle4,4967,0,0.7383088162792606,0.6673346693386774,0.0,0.0
shuffle4,5340,0,0.7133234640417856,0.531062124248497,0.0,0.0
shuffle4,5582,0,0.7842027503962352,0.905811623246493,0.0,0.0
shuffle4,5656,0,0.7399924176281709,0.6713426853707415,0.0,0.0
shuffle4,5683,0,0.8082662966197214,0.9919839679358717,0.0,1.0
shuffle4,5790,0,0.6200239064069505,0.11022044088176353,0.0,0.0
shuffle4,5929,0,0.5997199675799576,0.0841683366733467,0.0,0.0
shuffle4,6315,0,0.7083877102996086,0.5110220440881763,0.0,0.0
shuffle4,6360,0,0.5062315214260829,0.01002004008016032,0.0,0.0
shuffle4,6454,0,0.756811988094362,0.7875751503006012,0.0,0.0
shuffle4,6603,0,0.6959732758887109,0.39879759519038077,0.0,0.0
shuffle4,6750,0,0.690354452079183,0.39879759519038077,0.0,0.0
shuffle4,6759,0,0.7667484571774548,0.8276553106212425,0.0,0.0
shuffle4,6770,0,0.6137982001751604,0.11022044088176353,0.0,0.0
shuffle4,6991,0,0.6249563886221321,0.12024048096192384,0.0,0.0
shuffle4,7306,0,0.6721936126154351,0.2625250501002004,0.0,0.0
shuffle4,7355,0,0.768429808387054,0.8476953907815631,0.0,0.0
shuffle4,7899,0,0.6385234460172495,0.1523046092184369,0.0,0.0
shuffle4,8061,0,0.5407691319936644,0.028056112224448898,0.0,0.0
shuffle4,8215,0,0.5457573605603077,0.02004008016032064,0.0,0.0
shuffle4,8234,0,0.7502988668597796,0.7374749498997996,0.0,0.0
shuffle4,8238,0,0.7693828306144719,0.8677354709418837,0.0,0.0
shuffle4,8275,0,0.6598340223432659,0.22244488977955912,0.0,0.0
shuffle4,8367,0,0.7421898794204622,0.7214428857715431,0.0,0.0
shuffle4,8828,0,0.6689483847679325,0.2745490981963928,0.0,0.0
shuffle4,8862,0,0.7856415279514992,0.9378757515030061,0.0,0.0
shuffle4,8926,0,0.7638821216926306,0.8176352705410822,0.0,0.0
shuffle4,9188,0,0.7990103325749421,0.9659318637274549,0.0,0.0
shuffle4,9298,0,0.6368763493054408,0.1623246492985972,0.0,0.0
shuffle4,9376,0,0.7285285202649698,0.6232464929859719,0.0,0.0
shuffle4,9712,0,0.7380963994012921,0.6693386773547094,0.0,0.0
shuffle4,9877,0,0.7037251559401729,0.44889779559118237,0.0,0.0
shuffle4,10115,0,0.5292226712362611,0.01603206412825651,0.0,0.0
shuffle4,10191,0,0.7757544360670687,0.8997995991983968,0.0,0.0
shuffle4,10361,0,0.6579219815141835,0.21643286573146292,0.0,0.0
shuffle4,10602,0,0.8164559143579041,0.9879759519038076,0.0,0.0
shuffle4,10622,0,0.7489815538482589,0.751503006012024,0.0,0.0
shuffle4,11050,0,0.6635031800471805,0.2725450901803607,0.0,0.0
shuffle4,11274,0,0.7884893161629397,0.9378757515030061,0.0,0.0
shuffle4,11493,0,0.7915834511439569,0.9398797595190381,0.0,0.0
shuffle4,11757,0,0.709116617973002,0.5270541082164328,0.0,0.0
shuffle4,11886,0,0.7611964780014067,0.8036072144288577,0.0,0.0
shuffle4,12122,0,0.6029068446490836,0.09619238476953908,0.0,0.0
shuffle4,12225,0,0.6804233201771399,0.3106212424849699,0.0,0.0
shuffle4,12292,0,0.6463515882187512,0.18236472945891782,0.0,0.0
shuffle4,12340,0,0.7501882119166067,0.7655310621242485,0.0,0.0
shuffle4,12386,0,0.6579466301460312,0.2605210420841683,0.0,0.0
shuffle4,12597,0,0.6507738628049624,0.19238476953907815,0.0,0.0
shuffle4,13041,0,0.7720591902805312,0.8476953907815631,0.0,0.0
shuffle4,13134,0,0.7284645742636255,0.6172344689378757,0.0,0.0
shuffle4,13223,0,0.7046360114836415,0.4468937875751503,0.0,0.0
shuffle4,13298,0,0.6899285359930319,0.3687374749498998,0.0,0.0
shuffle4,13587,0,0.6360533498614925,0.15430861723446893,0.0,0.0
shuffle4,13703,0,0.5649261900732596,0.03807615230460922,0.0,0.0
shuffle4,13741,0,0.5516610934209671,0.03406813627254509,0.0,0.0
shuffle4,13749,0,0.6361348861454401,0.17034068136272545,0.0,0.0
shuffle4,13826,0,0.7519470323733577,0.7775551102204409,0.0,0.0
shuffle4,13842,0,0.776079935723026,0.8817635270541082,0.0,0.0
shuffle4,13879,0,0.6606168096224402,0.21643286573146292,0.0,0.0
shuffle4,13895,0,0.6930604035048469,0.39879759519038077,0.0,0.0
shuffle4,13938,0,0.7087327612113705,0.4849699398797595,0.0,0.0
shuffle4,14049,0,0.6779356105941652,0.3587174348697395,0.0,0.0
shuffle4,14170,0,0.7161982967324767,0.5090180360721442,0.0,0.0
shuffle4,14245,0,0.7564108494629128,0.779559118236473,0.0,0.0
shuffle4,14274,0,0.6663479508423081,0.24849699398797595,0.0,0.0
shuffle4,14728,0,0.7511359360661283,0.7374749498997996,0.0,0.0
shuffle4,15068,0,0.7305853450623632,0.6092184368737475,0.0,0.0
shuffle4,15181,0,0.5398551842385956,0.02004008016032064,0.0,0.0
shuffle4,15182,0,0.6410746955693627,0.18236472945891782,0.0,0.0
shuffle4,15191,0,0.7045429622806015,0.4468937875751503,0.0,0.0
shuffle4,15274,0,0.7914629200904627,0.935871743486974,0.0,0.0
shuffle4,15386,0,0.6826344863137892,0.3406813627254509,0.0,0.0
shuffle4,15438,0,0.6121523580486868,0.09819639278557114,0.0,0.0
shuffle4,15516,0,0.6930973144584323,0.38276553106212424,0.0,0.0
shuffle4,15631,0,0.7230785335038272,0.5691382765531062,0.0,0.0
shuffle4,15632,0,0.7003597554458247,0.4308617234468938,0.0,0.0
shuffle4,15865,0,0.6553949963644926,0.24248496993987975,0.0,0.0
shuffle4,15898,0,0.674284885662445,0.312625250501002,0.0,0.0
shuffle4,15953,0,0.6981761116580834,0.46292585170340683,0.0,0.0
shuffle4,15985,0,0.787324684431316,0.9378757515030061,0.0,0.0
shuffle4,16251,0,0.7294730058863776,0.6332665330661322,0.0,0.0
shuffle4,16424,0,0.8036626662136317,0.9839679358717435,0.0,0.0
shuffle4,16525,0,0.7251958144213351,0.6232464929859719,0.0,0.0
shuffle4,16625,0,0.7698192718441268,0.8657314629258517,0.0,0.0
shuffle4,16718,0,0.6606113210149148,0.26452905811623245,0.0,0.0
shuffle4,16800,0,0.7935023972663184,0.9779559118236473,0.0,0.0
shuffle4,17017,0,0.7290362443945755,0.6472945891783567,0.0,0.0
shuffle4,17605,0,0.6987829001838226,0.4028056112224449,0.0,0.0
shuffle4,17651,0,0.6035313927089492,0.09218436873747494,0.0,0.0
shuffle4,17795,0,0.6143409594147711,0.10420841683366733,0.0,0.0
shuffle4,17843,0,0.6831003496619044,0.33266533066132264,0.0,0.0
shuffle4,17865,0,0.7840164565650447,0.905811623246493,0.0,0.0
shuffle4,17946,0,0.7067234518707044,0.45691382765531063,0.0,0.0
shuffle4,17987,0,0.7416565662404305,0.6913827655310621,0.0,0.0
shuffle4,18115,0,0.5983085292602217,0.07615230460921844,0.0,0.0
shuffle4,18159,0,0.6672124433353064,0.2725450901803607,0.0,0.0
shuffle4,18170,0,0.7370134270775037,0.657314629258517,0.0,0.0
shuffle4,18556,0,0.7027568495805919,0.4308617234468938,0.0,0.0
shuffle4,18888,0,0.7421314871940047,0.7194388777555111,0.0,0.0
shuffle4,18960,0,0.7154646448966497,0.5170340681362725,0.0,0.0
shuffle4,19331,0,0.7567245724749194,0.7635270541082164,0.0,0.0
shuffle4,19471,0,0.6861467703677357,0.37675350701402804,0.0,0.0
shuffle4,19593,0,0.5773127086261702,0.06412825651302605,0.0,0.0
shuffle4,19605,0,0.5539006381248774,0.036072144288577156,0.0,0.0
shuffle4,20013,0,0.6340774439060337,0.14829659318637275,0.0,0.0
shuffle4,20072,0,0.5923099438053985,0.0841683366733467,0.0,0.0
shuffle4,20317,0,0.7036908861613251,0.47695390781563124,0.0,0.0
shuffle4,20380,0,0.6300237884147273,0.13627254509018036,0.0,0.0
shuffle4,20520,0,0.6662481976201275,0.2685370741482966,0.0,0.0
shuffle4,20545,0,0.6768471975275769,0.32064128256513025,0.0,0.0
shuffle4,20863,0,0.6926371774870301,0.3847695390781563,0.0,0.0
shuffle4,20882,0,0.7401855899004464,0.6533066132264529,0.0,0.0
shuffle4,20904,0,0.7342156258237273,0.6192384769539078,0.0,0.0
shuffle4,21295,0,0.7406794782261519,0.6833667334669339,0.0,0.0
shuffle4,21414,0,0.782774532586517,0.9198396793587175,0.0,0.0
shuffle4,21436,0,0.7207347023539914,0.5571142284569138,0.0,0.0
shuffle4,21558,0,0.780019488494393,0.8977955911823647,0.0,0.0
shuffle4,21887,0,0.6120258607928597,0.10020040080160321,0.0,0.0
shuffle4,22215,0,0.7132464183772853,0.49498997995991983,0.0,0.0
shuffle4,22299,0,0.7152775351067828,0.5050100200400801,0.0,0.0
shuffle4,22303,0,0.7452231064620295,0.7254509018036072,0.0,0.0
shuffle4,22452,0,0.6251314716201508,0.12224448897795591,0.0,0.0
shuffle4,22793,0,0.7181418982886721,0.5290581162324649,0.0,0.0
shuffle4,22803,0,0.709648208143906,0.4649298597194389,0.0,0.0
shuffle4,22924,0,0.6163708620153969,0.10420841683366733,0.0,0.0
shuffle4,23314,0,0.7961079930941282,0.9639278557114228,0.0,0.0
shuffle4,23445,0,0.7571077182259116,0.7775551102204409,0.0,0.0
shuffle4,23479,0,0.617675291405351,0.11623246492985972,0.0,0.0
shuffle4,23623,0,0.7267809688979014,0.5851703406813628,0.0,0.0
shuffle4,23633,0,0.6839531889804267,0.35470941883767537,0.0,0.0
shuffle4,23642,0,0.7771014065594971,0.9018036072144289,0.0,0.0
shuffle4,23803,0,0.78611285748934,0.9458917835671342,0.0,0.0
shuffle4,24062,0,0.71210638087045,0.5190380761523046,0.0,0.0
shuffle4,24103,0,0.7565306906234462,0.7735470941883767,0.0,0.0
shuffle4,24306,0,0.7327257233468341,0.6132264529058116,0.0,0.0
shuffle4,24700,0,0.7527877778650046,0.8076152304609219,0.0,0.0
shuffle4,24790,0,0.6172903153584366,0.10420841683366733,0.0,0.0
shuffle4,25150,0,0.5971417788665174,0.07615230460921844,0.0,0.0
shuffle4,25166,0,0.6785963342483403,0.3286573146292585,0.0,0.0
shuffle4,25339,0,0.7383521178272676,0.6673346693386774,0.0,0.0
shuffle4,25360,0,0.7223611665080707,0.5350701402805611,0.0,0.0
shuffle4,25374,0,0.6729429090442762,0.3046092184368738,0.0,0.0
shuffle4,25447,0,0.7738552126933677,0.843687374749499,0.0,0.0
shuffle4,26070,0,0.7403763923319533,0.6593186372745491,0.0,0.0
shuffle4,26146,0,0.6760320143521996,0.31462925851703405,0.0,0.0
shuffle4,26419,0,0.687293602119507,0.36472945891783565,0.0,0.0
shuffle4,26519,0,0.6565247712099149,0.2605210420841683,0.0,0.0
shuffle4,26535,0,0.7019230803127328,0.4288577154308617,0.0,0.0
shuffle4,26749,0,0.7774011932617946,0.9298597194388778,0.0,0.0
shuffle4,27131,0,0.6427544949111483,0.17234468937875752,0.0,0.0
shuffle4,27196,0,0.6858117604424743,0.34468937875751504,0.0,0.0
shuffle4,27240,0,0.7336572882054673,0.6633266533066132,0.0,0.0
shuffle4,27260,0,0.7269369541821074,0.591182364729459,0.0,0.0
shuffle4,27648,0,0.761128639347649,0.7855711422845691,0.0,0.0
shuffle4,27688,0,0.7676010500615442,0.8316633266533067,0.0,0.0
shuffle4,27781,0,0.7154793577123393,0.5410821643286573,0.0,0.0
shuffle4,28157,0,0.7961655137944443,0.969939879759519,0.0,0.0
shuffle4,28253,0,0.6557225327158525,0.24248496993987975,0.0,0.0
shuffle4,28276,0,0.7206216810921574,0.5511022044088176,0.0,0.0
shuffle4,28309,0,0.7352506455036667,0.6292585170340681,0.0,0.0
shuffle4,28511,0,0.6164142135337675,0.12224448897795591,0.0,0.0
shuffle4,28548,0,0.7049040475636636,0.45490981963927857,0.0,0.0
shuffle4,28979,0,0.6251268441181719,0.1342685370741483,0.0,0.0
shuffle4,29018,0,0.7037794584304015,0.4468937875751503,0.0,0.0
shuffle4,29179,0,0.7572953665623118,0.7635270541082164,0.0,0.0
shuffle4,29221,0,0.7476491765706232,0.751503006012024,0.0,0.0
shuffle4,29400,0,0.6526301680105686,0.1963927855711423,0.0,0.0
shuffle4,29511,0,0.6931702122155525,0.4088176352705411,0.0,0.0
shuffle4,29591,0,0.6935075253808054,0.40080160320641284,0.0,0.0
shuffle4,29610,0,0.7128286014335943,0.5150300601202404,0.0,0.0
shuffle4,29717,0,0.7447665860150433,0.7074148296593187,0.0,0.0
shuffle4,29815,0,0.789322665856666,0.9338677354709419,0.0,0.0
shuffle4,29831,0,0.656572868277908,0.22845691382765532,0.0,0.0
shuffle4,29903,0,0.7027650226850337,0.48296593186372744,0.0,0.0
shuffle4,29942,0,0.6960236130389095,0.4188376753507014,0.0,0.0
shuffle4,30016,0,0.5829176994093547,0.07214428857715431,0.0,0.0
shuffle4,30068,0,0.6409126419633642,0.15430861723446893,0.0,0.0
shuffle4,30077,0,0.729797820559478,0.6052104208416834,0.0,0.0
shuffle4,30139,0,0.7240113479001458,0.5791583166332666,0.0,0.0
shuffle4,30888,0,0.7141814248193532,0.5410821643286573,0.0,0.0
shuffle4,30961,0,0.722511349337398,0.5811623246492986,0.0,0.0
shuffle4,31234,0,0.6272548193563916,0.13226452905811623,0.0,0.0
shuffle4,31244,0,0.6563484000153332,0.20641282565130262,0.0,0.0
shuffle4,31251,0,0.7130577569035088,0.5070140280561122,0.0,0.0
shuffle4,31280,0,0.5527030790258425,0.03206412825651302,0.0,0.0
shuffle4,31503,0,0.7372493051900584,0.6352705410821643,0.0,0.0
shuffle4,31776,0,0.7250886560674062,0.5891783567134269,0.0,0.0
shuffle4,32051,0,0.7575470191428373,0.8136272545090181,0.0,0.0
shuffle4,32062,0,0.6761987578618114,0.3026052104208417,0.0,0.0
shuffle4,32140,0,0.7155927324639771,0.5190380761523046,0.0,0.0
shuffle4,32365,0,0.7927365884718514,0.9458917835671342,0.0,0.0
shuffle4,32427,0,0.7015061405024846,0.42685370741482964,0.0,0.0
shuffle4,32470,0,0.8031331324442225,0.9719438877755511,0.0,0.0
shuffle4,32532,0,0.621111830050106,0.1402805611222445,0.0,0.0
shuffle4,32630,0,0.6520406321891588,0.18837675350701402,0.0,0.0
shuffle4,32680,0,0.77649562691219,0.8917835671342685,0.0,0.0
shuffle4,32697,0,0.767826587131153,0.843687374749499,0.0,0.0
shuffle4,33057,0,0.7709597647063191,0.8637274549098196,0.0,0.0
shuffle4,33084,0,0.7727871130598702,0.8717434869739479,0.0,0.0
shuffle4,33123,0,0.8055805206797928,0.9879759519038076,0.0,0.0
shuffle4,33256,0,0.733848113547187,0.6292585170340681,0.0,0.0
shuffle4,33264,0,0.7462488916397878,0.7034068136272545,0.0,0.0
shuffle4,33336,0,0.6565507327511658,0.20641282565130262,0.0,0.0
shuffle4,33342,0,0.787055883787717,0.9398797595190381,0.0,0.0
shuffle4,33512,0,0.71746179616668,0.5250501002004008,0.0,0.0
shuffle4,33863,0,0.6703750702311184,0.2905811623246493,0.0,0.0
shuffle4,33990,0,0.7625852475359259,0.8196392785571143,0.0,0.0
shuffle4,34169,0,0.7437980519294991,0.7114228456913828,0.0,0.0
shuffle4,34198,0,0.6942720071556686,0.40681362725450904,0.0,0.0
shuffle4,34415,0,0.7594452087319823,0.8196392785571143,0.0,0.0
shuffle4,34509,0,0.7693961862889948,0.843687374749499,0.0,0.0
shuffle4,34565,0,0.638431886548559,0.15430861723446893,0.0,0.0
shuffle4,34854,0,0.7205049158553802,0.6052104208416834,0.0,0.0
shuffle4,34998,0,0.7466586548572491,0.7454909819639278,0.0,0.0
shuffle4,35100,0,0.6463578834560706,0.19438877755511022,0.0,0.0
shuffle4,35119,0,0.7217243419204231,0.5470941883767535,0.0,0.0
shuffle4,35131,0,0.6699512351579816,0.26452905811623245,0.0,0.0
shuffle4,35234,0,0.5096674395337489,0.01002004008016032,0.0,0.0
shuffle4,35269,0,0.7482103937200726,0.7715430861723447,0.0,0.0
shuffle4,35281,0,0.6218345085886794,0.1062124248496994,0.0,0.0
shuffle4,35475,0,0.5431929810255405,0.022044088176352707,0.0,0.0
shuffle4,35600,0,0.7663949607752026,0.8256513026052105,0.0,0.0
shuffle4,35613,0,0.660493633419753,0.22444889779559118,0.0,0.0
shuffle4,35659,0,0.7172919764730781,0.5450901803607214,0.0,0.0
shuffle4,35916,0,0.6963064614867088,0.4188376753507014,0.0,0.0
shuffle4,35964,0,0.6859782857910561,0.3787575150300601,0.0,0.0
shuffle4,36198,0,0.7069085108489783,0.46893787575150303,0.0,0.0
shuffle4,36287,0,0.5374837331920829,0.02004008016032064,0.0,0.0
shuffle4,36543,0,0.7095955378950995,0.4969939879759519,0.0,0.0
shuffle4,36557,0,0.8126207604694653,0.9959919839679359,0.0,1.0
shuffle4,36992,0,0.8204679758646716,0.9959919839679359,0.0,1.0
shuffle4,37034,0,0.418783429200853,0.002004008016032064,0.0,0.0
shuffle4,37053,0,0.7617200337473694,0.8016032064128257,0.0,0.0
shuffle4,37255,0,0.6652011360959036,0.2545090180360721,0.0,0.0
shuffle4,37362,0,0.7129204677848942,0.5210420841683366,0.0,0.0
shuffle4,37406,0,0.6775012772215507,0.3106212424849699,0.0,0.0
shuffle4,37505,0,0.74182162486371,0.6693386773547094,0.0,0.0
shuffle4,37552,0,0.7728079359104829,0.8476953907815631,0.0,0.0
shuffle4,37899,0,0.7372057646086145,0.6833667334669339,0.0,0.0
shuffle4,38091,0,0.6519921367513158,0.21042084168336672,0.0,0.0
shuffle4,38194,0,0.7116025220120485,0.5070140280561122,0.0,0.0
shuffle4,38375,0,0.624990372095203,0.12424849699398798,0.0,0.0
shuffle4,38380,0,0.7005671688163395,0.46693386773547096,0.0,0.0
shuffle4,38833,0,0.6994569622845075,0.4308617234468938,0.0,0.0
shuffle4,38887,0,0.7528965754858943,0.7535070140280561,0.0,0.0
shuffle4,39183,0,0.5619502232228235,0.04008016032064128,0.0,0.0
shuffle4,39288,0,0.7438543654518492,0.7034068136272545,0.0,0.0
shuffle4,39384,0,0.6700077045611776,0.25851703406813625,0.0,0.0
shuffle4,39490,0,0.8041934333500034,0.9759519038076152,0.0,0.0
shuffle4,39557,0,0.7680515106952581,0.8396793587174348,0.0,0.0
shuffle4,39756,0,0.6516646490570055,0.22444889779559118,0.0,0.0
shuffle4,39793,0,0.6658465534351753,0.28256513026052105,0.0,0.0
shuffle4,39920,0,0.6554676920756951,0.2124248496993988,0.0,0.0
shuffle4,39986,0,0.7104618298763554,0.48697394789579157,0.0,0.0
shuffle4,40269,0,0.7513172950335495,0.749498997995992,0.0,0.0
shuffle4,40756,0,0.7877360672513531,0.9318637274549099,0.0,0.0
shuffle4,40798,0,0.7913873122989619,0.9438877755511023,0.0,0.0
shuffle4,40819,0,0.7427849542682362,0.7134268537074149,0.0,0.0
shuffle4,40933,0,0.6683231295812209,0.24248496993987975,0.0,0.0
shuffle4,40990,0,0.685398579192803,0.35470941883767537,0.0,0.0
shuffle4,41120,0,0.7537724504771653,0.7915831663326653,0.0,0.0
shuffle4,41402,0,0.6705171187404608,0.25250501002004005,0.0,0.0
shuffle4,41540,0,0.6512645025996555,0.20240480961923848,0.0,0.0
shuffle4,41555,0,0.7108566237405066,0.49899799599198397,0.0,0.0
shuffle4,41561,0,0.635186863202506,0.16032064128256512,0.0,0.0
shuffle4,41592,0,0.7219708573896194,0.5771543086172345,0.0,0.0
shuffle4,41636,0,0.7788220651704891,0.9178356713426854,0.0,0.0
shuffle4,41640,0,0.6664028354359219,0.26452905811623245,0.0,0.0
shuffle4,41924,0,0.7751236886392427,0.8977955911823647,0.0,0.0
shuffle4,41976,0,0.5719214493307752,0.056112224448897796,0.0,0.0
shuffle4,42022,0,0.6711972569079672,0.27054108216432865,0.0,0.0
shuffle4,42251,0,0.7606225996742242,0.8136272545090181,0.0,0.0
shuffle4,42302,0,0.6401738189612527,0.1623246492985972,0.0,0.0
shuffle4,42466,0,0.7079328686702049,0.4709418837675351,0.0,0.0
shuffle4,42679,0,0.6962180067481158,0.4168336673346693,0.0,0.0
shuffle4,43065,0,0.7179945709121482,0.5390781563126252,0.0,0.0
shuffle4,43198,0,0.7035876983692285,0.4288577154308617,0.0,0.0
shuffle4,43211,0,0.7238329996495751,0.5871743486973948,0.0,0.0
shuffle4,43332,0,0.6631668198971656,0.24048096192384769,0.0,0.0
shuffle4,43546,0,0.7590688344167899,0.7975951903807615,0.0,0.0
shuffle4,43584,0,0.648298411114407,0.18236472945891782,0.0,0.0
shuffle4,44248,0,0.7571217523660294,0.779559118236473,0.0,0.0
shuffle4,44279,0,0.7371921335582534,0.6513026052104208,0.0,0.0
shuffle4,44360,0,0.765748026606591,0.8176352705410822,0.0,0.0
shuffle4,44413,0,0.6282765117467758,0.14428857715430862,0.0,0.0
shuffle4,44422,0,0.6911276786127873,0.3787575150300601,0.0,0.0
shuffle4,44903,0,0.5780583933051703,0.06212424849699399,0.0,0.0
shuffle4,44975,0,0.7565670412967224,0.7875751503006012,0.0,0.0
shuffle4,45377,0,0.7318865960818052,0.6653306613226453,0.0,0.0
shuffle4,45528,0,0.7442967463808001,0.7134268537074149,0.0,0.0
shuffle4,45699,0,0.5617106705976036,0.04008016032064128,0.0,0.0
shuffle4,45952,0,0.6914491901453379,0.3907815631262525,0.0,0.0
shuffle4,45987,0,0.7369383845707295,0.655310621242485,0.0,0.0
shuffle4,46166,0,0.5747165668398367,0.04208416833667335,0.0,0.0
shuffle4,46276,0,0.7663446642125971,0.8677354709418837,0.0,0.0
shuffle4,46403,0,0.7372149273973185,0.6933867735470942,0.0,0.0
shuffle4,46524,0,0.5731598809352949,0.052104208416833664,0.0,0.0
shuffle4,46653,0,0.6828606350585928,0.312625250501002,0.0,0.0
shuffle4,47030,0,0.7022185146962545,0.4408817635270541,0.0,0.0
shuffle4,47086,0,0.655838723896613,0.20841683366733466,0.0,0.0
shuffle4,47093,0,0.7011989722826701,0.43887775551102204,0.0,0.0
shuffle4,47122,0,0.7601102413891735,0.7935871743486974,0.0,0.0
shuffle4,47125,0,0.6805682454827929,0.3246492985971944,0.0,0.0
shuffle4,47331,0,0.8080641788927365,0.9839679358717435,0.0,0.0
shuffle4,47471,0,0.6565005875946714,0.22645290581162325,0.0,0.0
shuffle4,47583,0,0.5819220042258689,0.06412825651302605,0.0,0.0
shuffle4,47744,0,0.7011232131444918,0.4288577154308617,0.0,0.0
shuffle4,47907,0,0.548975894229422,0.02404809619238477,0.0,0.0
shuffle4,48376,0,0.8021761791037237,0.9679358717434869,0.0,0.0
shuffle4,48655,0,0.7209100963160902,0.5150300601202404,0.0,0.0
shuffle4,48911,0,0.754664100080809,0.7975951903807615,0.0,0.0
shuffle4,49170,0,0.7428994495826677,0.6593186372745491,0.0,0.0
shuffle4,49195,0,0.730537022045409,0.6112224448897795,0.0,0.0
shuffle4,49256,0,0.6594260668063228,0.22645290581162325,0.0,0.0
shuffle4,49315,0,0.7225348933099626,0.5891783567134269,0.0,0.0
shuffle4,49474,0,0.7571241708001242,0.779559118236473,0.0,0.0
shuffle4,49475,0,0.7411473031434097,0.7134268537074149,0.0,0.0
shuffle4,49678,0,0.6707757338481553,0.2905811623246493,0.0,0.0
shuffle4,49702,0,0.7365277476735546,0.6713426853707415,0.0,0.0
shuffle4,49760,0,0.7478432287568323,0.7234468937875751,0.0,0.0
shuffle4,50203,0,0.5950505410549053,0.07615230460921844,0.0,0.0
shuffle4,50210,0,0.5509474801152661,0.036072144288577156,0.0,0.0
shuffle4,50622,0,0.6311349364993999,0.13226452905811623,0.0,0.0
shuffle4,50708,0,0.7007526196852545,0.45090180360721444,0.0,0.0
shuffle4,50739,0,0.699930956291414,0.41082164328657317,0.0,0.0
shuffle4,50850,0,0.7192055332502453,0.5470941883767535,0.0,0.0
shuffle4,51008,0,0.8018904619915418,0.969939879759519,0.0,0.0
shuffle4,51227,0,0.7369616465923715,0.6733466933867736,0.0,0.0
shuffle4,51300,0,0.7325028525666387,0.6392785571142284,0.0,0.0
shuffle4,51380,0,0.7450574380590582,0.7254509018036072,0.0,0.0
shuffle4,51385,0,0.7590994830695844,0.8076152304609219,0.0,0.0
shuffle4,51436,0,0.7272704438878507,0.591182364729459,0.0,0.0
shuffle4,51517,0,0.6813140327093872,0.3306613226452906,0.0,0.0
shuffle4,51688,0,0.752588971307059,0.7715430861723447,0.0,0.0
shuffle4,51865,0,0.6824241748782498,0.3186372745490982,0.0,0.0
shuffle4,51943,0,0.7571578875494034,0.8156312625250501,0.0,0.0
shuffle4,51956,0,0.6019599832051437,0.0781563126252505,0.0,0.0
shuffle4,51990,0,0.604357308817187,0.08617234468937876,0.0,0.0
shuffle4,52228,0,0.5731104650002143,0.05410821643286573,0.0,0.0
shuffle4,52277,0,0.6757483078511941,0.3226452905811623,0.0,0.0
shuffle4,52729,0,0.6927844346705964,0.38276553106212424,0.0,0.0
shuffle4,52733,0,0.7483011726973612,0.7014028056112225,0.0,0.0
shuffle4,52803,0,0.7355190744330371,0.6492985971943888,0.0,0.0
shuffle4,52927,0,0.7636043670953256,0.811623246492986,0.0,0.0
shuffle4,53445,0,0.7219652772106187,0.6052104208416834,0.0,0.0
shuffle4,53659,0,0.7935679732928763,0.9539078156312625,0.0,0.0
shuffle4,53729,0,0.7032209698988144,0.4228456913827655,0.0,0.0
shuffle4,53974,0,0.6812664028028618,0.32064128256513025,0.0,0.0
shuffle4,54054,0,0.6607191724032004,0.22444889779559118,0.0,0.0
shuffle4,54099,0,0.7325912561684593,0.6352705410821643,0.0,0.0
shuffle4,54250,0,0.7919367987501934,0.9659318637274549,0.0,0.0
shuffle4,54336,0,0.6331799270728156,0.1903807615230461,0.0,0.0
shuffle4,54681,0,0.720965323682272,0.531062124248497,0.0,0.0
shuffle4,55202,0,0.7677448099074777,0.8496993987975952,0.0,0.0
shuffle4,55501,0,0.7668421492710368,0.8416833667334669,0.0,0.0
shuffle4,55597,0,0.7165727408181484,0.5490981963927856,0.0,0.0
shuffle4,55741,0,0.6862211708002395,0.33266533066132264,0.0,0.0
shuffle4,55808,0,0.7199338966361453,0.5751503006012024,0.0,0.0
shuffle4,55876,0,0.7761940548044741,0.905811623246493,0.0,0.0
shuffle4,55878,0,0.6741314566122916,0.30861723446893785,0.0,0.0
shuffle4,56047,0,0.6560876673269201,0.20040080160320642,0.0,0.0
shuffle4,56131,0,0.4585609159779275,0.004008016032064128,0.0,0.0
shuffle4,56162,0,0.6254179864012404,0.1282565130260521,0.0,0.0
shuffle4,56272,0,0.7034314631518597,0.44488977955911824,0.0,0.0
shuffle4,56496,0,0.5479790209461637,0.03006012024048096,0.0,0.0
shuffle4,56554,0,0.7490506673483943,0.717434869739479,0.0,0.0
shuffle4,56629,0,0.7123973068388432,0.5150300601202404,0.0,0.0
shuffle4,56651,0,0.708311236370802,0.47695390781563124,0.0,0.0
shuffle4,56698,0,0.4590617818865199,0.006012024048096192,0.0,0.0
shuffle4,56873,0,0.6528990237474119,0.21042084168336672,0.0,0.0
shuffle4,56963,0,0.7725551392724441,0.8557114228456913,0.0,0.0
shuffle4,57114,0,0.7712844472771765,0.8657314629258517,0.0,0.0
shuffle4,57244,0,0.7623265483624924,0.7975951903807615,0.0,0.0
shuffle4,57830,0,0.7698100097983287,0.8697394789579158,0.0,0.0
shuffle4,57994,0,0.7633405605830277,0.8557114228456913,0.0,0.0
shuffle4,58004,0,0.7934715330341257,0.9458917835671342,0.0,0.0
shuffle4,58157,0,0.5872531194795412,0.07014028056112225,0.0,0.0
shuffle4,58169,0,0.6680933691406409,0.2565130260521042,0.0,0.0
shuffle4,58252,0,0.7974374792955129,0.9639278557114228,0.0,0.0
shuffle4,58341,0,0.7821612035182124,0.9118236472945892,0.0,0.0
shuffle4,58458,0,0.6887757658578524,0.38877755511022044,0.0,0.0
shuffle4,58572,0,0.7941704227201491,0.9619238476953907,0.0,0.0
shuffle4,58835,0,0.7049444386179944,0.47695390781563124,0.0,0.0
shuffle4,58977,0,0.7604286914894336,0.7915831663326653,0.0,0.0
shuffle4,58988,0,0.7658422389504231,0.87374749498998,0.0,0.0
shuffle4,59101,0,0.7714971796553928,0.8496993987975952,0.0,0.0
shuffle4,59177,0,0.7659121396738877,0.8717434869739479,0.0,0.0
shuffle4,59183,0,0.7592124930710431,0.7755511022044088,0.0,0.0
shuffle4,59219,0,0.8203463393198835,0.9979959919839679,0.0,1.0
shuffle4,59293,0,0.7067551001641823,0.503006012024048,0.0,0.0
shuffle4,59464,0,0.6648549072388972,0.25250501002004005,0.0,0.0
shuffle4,59470,0,0.699599898109341,0.4288577154308617,0.0,0.0
shuffle4,59508,0,0.637361424959076,0.15831663326653306,0.0,0.0
shuffle4,59838,0,0.7941154394610616,0.9519038076152304,0.0,0.0
shuffle4,59905,0,0.7235763326961817,0.593186372745491,0.0,0.0
shuffle4,60063,0,0.7793381888845934,0.9078156312625251,0.0,0.0
shuffle4,60496,0,0.7319739758236475,0.6292585170340681,0.0,0.0
shuffle4,60707,0,0.6442419070747298,0.1743486973947896,0.0,0.0
shuffle4,60784,0,0.6818424016425724,0.3527054108216433,0.0,0.0
shuffle4,60932,0,0.7291879501642003,0.6032064128256514,0.0,0.0
shuffle4,61327,0,0.7319754557221867,0.6452905811623246,0.0,0.0
shuffle4,61653,0,0.7401156684173493,0.6813627254509018,0.0,0.0
shuffle4,61683,0,0.6930368841611305,0.3907815631262525,0.0,0.0
shuffle4,61701,0,0.6040636381258395,0.0841683366733467,0.0,0.0
shuffle4,61868,0,0.7507710704742685,0.7214428857715431,0.0,0.0
shuffle4,61878,0,0.7480847311379637,0.7394789579158316,0.0,0.0
shuffle4,62117,0,0.7009936324339758,0.46893787575150303,0.0,0.0
shuffle4,62587,0,0.7271686363633427,0.6212424849699398,0.0,0.0
shuffle4,62627,0,0.6716056229945635,0.2905811623246493,0.0,0.0
shuffle4,63062,0,0.7846276976066575,0.9238476953907816,0.0,0.0
shuffle4,63247,0,0.6942751906691065,0.41082164328657317,0.0,0.0
shuffle4,63837,0,0.6845932874429734,0.3406813627254509,0.0,0.0
shuffle4,63869,0,0.6856329773606693,0.36472945891783565,0.0,0.0
shuffle4,64050,0,0.8245686774002684,0.9959919839679359,0.0,1.0
shuffle4,64148,0,0.631230708856193,0.12625250501002003,0.0,0.0
shuffle4,64195,0,0.7814765551883689,0.9098196392785571,0.0,0.0
shuffle4,64262,0,0.7253724875373422,0.5831663326653307,0.0,0.0
shuffle4,64417,0,0.7333328428352506,0.749498997995992,0.0,0.0
shuffle4,64547,0,0.7321341515405442,0.6292585170340681,0.0,0.0
shuffle4,64783,0,0.5903415846360821,0.07014028056112225,0.0,0.0
shuffle4,64851,0,0.6689960574429834,0.27054108216432865,0.0,0.0
shuffle4,64925,0,0.7367787650014102,0.6693386773547094,0.0,0.0
shuffle4,65218,0,0.7937085514917576,0.9719438877755511,0.0,0.0
shuffle4,65340,0,0.499958080899229,0.008016032064128256,0.0,0.0
shuffle4,65348,0,0.6144795633622042,0.11222444889779559,0.0,0.0
shuffle4,65417,0,0.817416928041309,0.9979959919839679,0.0,1.0
shuffle4,65553,0,0.7675494994647445,0.8537074148296593,0.0,0.0
shuffle4,65609,0,0.77171211290667,0.8557114228456913,0.0,0.0
shuffle4,65690,0,0.7791564885033699,0.8917835671342685,0.0,0.0
shuffle4,65878,0,0.6998369484380469,0.42084168336673344,0.0,0.0
shuffle4,66058,0,0.7150581356690365,0.5210420841683366,0.0,0.0
shuffle4,66209,0,0.64790848201678,0.19438877755511022,0.0,0.0
shuffle4,66269,0,0.6134393153490352,0.09218436873747494,0.0,0.0
shuffle4,66437,0,0.7696575294401806,0.845691382765531,0.0,0.0
shuffle4,66512,0,0.6659061402869978,0.2685370741482966,0.0,0.0
shuffle4,66559,0,0.7309498319566641,0.6172344689378757,0.0,0.0
shuffle4,66875,0,0.6492536620191645,0.18637274549098196,0.0,0.0
shuffle4,67261,0,0.7322564215076898,0.6392785571142284,0.0,0.0
shuffle4,67281,0,0.7168789101738099,0.5110220440881763,0.0,0.0
shuffle4,67361,0,0.7049469602403048,0.45490981963927857,0.0,0.0
shuffle4,67444,0,0.6369307775686285,0.14428857715430862,0.0,0.0
shuffle4,67673,0,0.7041045190601873,0.44488977955911824,0.0,0.0
shuffle4,67708,0,0.7788324667539127,0.9258517034068137,0.0,0.0
shuffle4,67899,0,0.6636231397238912,0.24448897795591182,0.0,0.0
shuffle4,68121,0,0.7124275654224462,0.5130260521042084,0.0,0.0
shuffle4,68127,0,0.7096312085134295,0.4749498997995992,0.0,0.0
shuffle4,68173,0,0.7697342622198492,0.8496993987975952,0.0,0.0
shuffle4,68193,0,0.7491212822620708,0.7535070140280561,0.0,0.0
shuffle4,68287,0,0.6684407229319496,0.2965931863727455,0.0,0.0
shuffle4,68394,0,0.6266630428441898,0.13226452905811623,0.0,0.0
shuffle4,68473,0,0.6849100590950976,0.342685370741483,0.0,0.0
shuffle4,68532,0,0.6075521120709542,0.10020040080160321,0.0,0.0
shuffle4,68553,0,0.7466917892323325,0.7234468937875751,0.0,0.0
shuffle4,68819,0,0.7196522210965004,0.5811623246492986,0.0,0.0
shuffle4,69085,0,0.6610036911182788,0.23246492985971945,0.0,0.0
shuffle4,69087,0,0.6952372818057302,0.3807615230460922,0.0,0.0
shuffle4,69137,0,0.7130826639411468,0.49498997995991983,0.0,0.0
shuffle4,69462,0,0.7219153086916948,0.5831663326653307,0.0,0.0
shuffle4,69641,0,0.7227534794884632,0.5651302605210421,0.0,0.0
shuffle4,70279,0,0.621596221155572,0.11623246492985972,0.0,0.0
shuffle4,70372,0,0.8425038964871929,1.0,1.0,1.0
shuffle4,70496,0,0.6754077352779693,0.2965931863727455,0.0,0.0
shuffle4,70765,0,0.7225773317470705,0.5771543086172345,0.0,0.0
shuffle4,71264,0,0.6566040818751206,0.21643286573146292,0.0,0.0
shuffle4,71624,0,0.7046667845976377,0.4529058116232465,0.0,0.0
shuffle4,71735,0,0.7057085890107786,0.43887775551102204,0.0,0.0
shuffle4,72089,0,0.7414245697550021,0.7234468937875751,0.0,0.0
shuffle4,72151,0,0.7541655603301364,0.779559118236473,0.0,0.0
shuffle4,72389,0,0.6438541329372558,0.1843687374749499,0.0,0.0
shuffle4,72527,0,0.6039829552283176,0.08817635270541083,0.0,0.0
shuffle5,95,0,0.7326230822795028,0.8356713426853707,0.0,0.0
shuffle5,204,0,0.6089876723005152,0.17835671342685372,0.0,0.0
shuffle5,318,0,0.7297954993982783,0.7294589178356713,0.0,0.0
shuffle5,356,0,0.6239116264747182,0.23647294589178355,0.0,0.0
shuffle5,425,0,0.7610426827691661,0.9198396793587175,0.0,0.0
shuffle5,458,0,0.7680541963958896,0.9418837675350702,0.0,0.0
shuffle5,637,0,0.7355925128786083,0.7374749498997996,0.0,0.0
shuffle5,709,0,0.5780298116058027,0.07414829659318638,0.0,0.0
shuffle5,868,0,0.6586603302817191,0.3306613226452906,0.0,0.0
shuffle5,1015,0,0.7030589659511364,0.6132264529058116,0.0,0.0
shuffle5,1288,0,0.5467033422929447,0.04008016032064128,0.0,0.0
shuffle5,1589,0,0.7114589976176435,0.7194388777555111,0.0,0.0
shuffle5,1744,0,0.6732429802930089,0.46092184368737477,0.0,0.0
shuffle5,1818,0,0.7719392954666775,0.9338677354709419,0.0,0.0
shuffle5,2070,0,0.35979652729722794,0.0,0.0,0.0
shuffle5,2125,0,0.7263855163740893,0.6913827655310621,0.0,0.0
shuffle5,2327,0,0.7062049828326642,0.5771543086172345,0.0,0.0
shuffle5,2737,0,0.714459491229323,0.6372745490981964,0.0,0.0
shuffle5,2795,0,0.6956834165955388,0.4969939879759519,0.0,0.0
shuffle5,2980,0,0.7242561578660421,0.6973947895791583,0.0,0.0
shuffle5,3338,0,0.643001625265649,0.22244488977955912,0.0,0.0
shuffle5,3344,0,0.4622556820241185,0.008016032064128256,0.0,0.0
shuffle5,3368,0,0.6108379193755465,0.13627254509018036,0.0,0.0
shuffle5,3731,0,0.6520454953243775,0.24849699398797595,0.0,0.0
shuffle5,3803,0,0.6976575995585736,0.501002004008016,0.0,0.0
shuffle5,4292,0,0.6173076364618945,0.15430861723446893,0.0,0.0
shuffle5,4409,0,0.7343745656289643,0.7214428857715431,0.0,0.0
shuffle5,4476,0,0.7529429896646935,0.8196392785571143,0.0,0.0
shuffle5,4509,0,0.7219889894887529,0.6132264529058116,0.0,0.0
shuffle5,4927,0,0.633721298377909,0.3286573146292585,0.0,0.0
shuffle5,4967,0,0.7300299815717384,0.7354709418837675,0.0,0.0
shuffle5,5340,0,0.7121217454944451,0.6072144288577155,0.0,0.0
shuffle5,5582,0,0.7572370800084828,0.8557114228456913,0.0,0.0
shuffle5,5656,0,0.7388470430446733,0.8216432865731463,0.0,0.0
shuffle5,5683,0,0.7722154613315257,0.9539078156312625,0.0,0.0
shuffle5,5790,0,0.5863446154055536,0.08016032064128256,0.0,0.0
shuffle5,5929,0,0.5718754945731268,0.07214428857715431,0.0,0.0
shuffle5,6315,0,0.6727400306567484,0.44488977955911824,0.0,0.0
shuffle5,6360,0,0.5087823264566902,0.02004008016032064,0.0,0.0
shuffle5,6454,0,0.7507317134787161,0.8777555110220441,0.0,0.0
shuffle5,6603,0,0.7085813561921981,0.561122244488978,0.0,0.0
shuffle5,6750,0,0.6785054068770273,0.4909819639278557,0.0,0.0
shuffle5,6759,0,0.748853865485636,0.8236472945891784,0.0,0.0
shuffle5,6770,0,0.6120726326434363,0.12024048096192384,0.0,0.0
shuffle5,6991,0,0.6110976197136521,0.11222444889779559,0.0,0.0
shuffle5,7306,0,0.6995822347625307,0.5731462925851704,0.0,0.0
shuffle5,7355,0,0.7579831356171476,0.8937875751503006,0.0,0.0
shuffle5,7899,0,0.6463271197216671,0.2665330661322645,0.0,0.0
shuffle5,8061,0,0.5404924942427263,0.02004008016032064,0.0,0.0
shuffle5,8215,0,0.5430886287279258,0.036072144288577156,0.0,0.0
shuffle5,8234,0,0.7303499237604746,0.8156312625250501,0.0,0.0
shuffle5,8238,0,0.7153899352980702,0.6893787575150301,0.0,0.0
shuffle5,8275,0,0.6140324394330974,0.16432865731462926,0.0,0.0
shuffle5,8367,0,0.7569879945340494,0.905811623246493,0.0,0.0
shuffle5,8828,0,0.6600361300010054,0.3166332665330661,0.0,0.0
shuffle5,8862,0,0.7460910770706237,0.8877755511022044,0.0,0.0
shuffle5,8926,0,0.7535933003655513,0.8717434869739479,0.0,0.0
shuffle5,9188,0,0.8187329526830504,0.9979959919839679,0.0,1.0
shuffle5,9298,0,0.6342660733574743,0.18837675350701402,0.0,0.0
shuffle5,9376,0,0.696577502996792,0.5230460921843687,0.0,0.0
shuffle5,9712,0,0.7023990807245959,0.5210420841683366,0.0,0.0
shuffle5,9877,0,0.7019257251205002,0.5691382765531062,0.0,0.0
shuffle5,10115,0,0.5320206473629476,0.03206412825651302,0.0,0.0
shuffle5,10191,0,0.7644654116616623,0.9258517034068137,0.0,0.0
shuffle5,10361,0,0.6760177035634743,0.39879759519038077,0.0,0.0
shuffle5,10602,0,0.8141178673372133,1.0,1.0,1.0
shuffle5,10622,0,0.6746465855404016,0.39478957915831664,0.0,0.0
shuffle5,11050,0,0.6540561507187665,0.30060120240480964,0.0,0.0
shuffle5,11274,0,0.7917870468950732,0.9599198396793587,0.0,0.0
shuffle5,11493,0,0.7510764047915865,0.8537074148296593,0.0,0.0
shuffle5,11757,0,0.72147064247887,0.6893787575150301,0.0,0.0
shuffle5,11886,0,0.7447732250997943,0.781563126252505,0.0,0.0
shuffle5,12122,0,0.6011153440166848,0.12424849699398798,0.0,0.0
shuffle5,12225,0,0.6589091112942798,0.3106212424849699,0.0,0.0
shuffle5,12292,0,0.615279688398677,0.1402805611222445,0.0,0.0
shuffle5,12340,0,0.7217163267678135,0.6993987975951904,0.0,0.0
shuffle5,12386,0,0.6798479629251402,0.4789579158316633,0.0,0.0
shuffle5,12597,0,0.6023747915667912,0.12424849699398798,0.0,0.0
shuffle5,13041,0,0.7627826445941104,0.8937875751503006,0.0,0.0
shuffle5,13134,0,0.7003705917215904,0.5751503006012024,0.0,0.0
shuffle5,13223,0,0.6564986618922071,0.3026052104208417,0.0,0.0
shuffle5,13298,0,0.6804552510703941,0.3867735470941884,0.0,0.0
shuffle5,13587,0,0.6264520477215965,0.21042084168336672,0.0,0.0
shuffle5,13703,0,0.5334399388695714,0.03206412825651302,0.0,0.0
shuffle5,13741,0,0.5441477446126473,0.04008016032064128,0.0,0.0
shuffle5,13749,0,0.6201592968365985,0.1843687374749499,0.0,0.0
shuffle5,13826,0,0.7555506571676571,0.8657314629258517,0.0,0.0
shuffle5,13842,0,0.7419291272600346,0.8256513026052105,0.0,0.0
shuffle5,13879,0,0.6632261978585317,0.34468937875751504,0.0,0.0
shuffle5,13895,0,0.6753848794737507,0.3667334669338677,0.0,0.0
shuffle5,13938,0,0.6539417700099203,0.24048096192384769,0.0,0.0
shuffle5,14049,0,0.7106900347953478,0.625250501002004,0.0,0.0
shuffle5,14170,0,0.7248878441160501,0.6993987975951904,0.0,0.0
shuffle5,14245,0,0.73336939954961,0.7454909819639278,0.0,0.0
shuffle5,14274,0,0.6068966664951498,0.12024048096192384,0.0,0.0
shuffle5,14728,0,0.7517350430183061,0.8336673346693386,0.0,0.0
shuffle5,15068,0,0.7321033704647883,0.7374749498997996,0.0,0.0
shuffle5,15181,0,0.5301985639135305,0.02004008016032064,0.0,0.0
shuffle5,15182,0,0.5966909968408252,0.11022044088176353,0.0,0.0
shuffle5,15191,0,0.6648273933746366,0.30861723446893785,0.0,0.0
shuffle5,15274,0,0.7841381180757022,0.9739478957915831,0.0,0.0
shuffle5,15386,0,0.6317460025680263,0.20841683366733466,0.0,0.0
shuffle5,15438,0,0.5747134870286963,0.07014028056112225,0.0,0.0
shuffle5,15516,0,0.633470059840932,0.22244488977955912,0.0,0.0
shuffle5,15631,0,0.6875874649740148,0.4729458917835671,0.0,0.0
shuffle5,15632,0,0.7168563499991769,0.6332665330661322,0.0,0.0
shuffle5,15865,0,0.6732019736738626,0.4248496993987976,0.0,0.0
shuffle5,15898,0,0.6965508432584213,0.5871743486973948,0.0,0.0
shuffle5,15953,0,0.7096736558666947,0.5751503006012024,0.0,0.0
shuffle5,15985,0,0.7687540805759616,0.905811623246493,0.0,0.0
shuffle5,16251,0,0.7129112308612352,0.6092184368737475,0.0,0.0
shuffle5,16424,0,0.7847680682067988,0.9779559118236473,0.0,0.0
shuffle5,16525,0,0.6858524477900461,0.4649298597194389,0.0,0.0
shuffle5,16625,0,0.772615618095742,0.9318637274549099,0.0,0.0
shuffle5,16718,0,0.6513173509462796,0.2725450901803607,0.0,0.0
shuffle5,16800,0,0.7460719295674959,0.8697394789579158,0.0,0.0
shuffle5,17017,0,0.7242017409190138,0.7154308617234469,0.0,0.0
shuffle5,17605,0,0.6676195674619532,0.3226452905811623,0.0,0.0
shuffle5,17651,0,0.5503310408640575,0.04408817635270541,0.0,0.0
shuffle5,17795,0,0.6097327770910638,0.13827655310621242,0.0,0.0
shuffle5,17843,0,0.6469890172396031,0.2865731462925852,0.0,0.0
shuffle5,17865,0,0.758284564752446,0.8977955911823647,0.0,0.0
shuffle5,17946,0,0.6646500495542433,0.3246492985971944,0.0,0.0
shuffle5,17987,0,0.7289125372172924,0.7294589178356713,0.0,0.0
shuffle5,18115,0,0.5526695539395755,0.056112224448897796,0.0,0.0
shuffle5,18159,0,0.6340717523748318,0.25851703406813625,0.0,0.0
shuffle5,18170,0,0.7195025884116297,0.6813627254509018,0.0,0.0
shuffle5,18556,0,0.6738541356874886,0.3587174348697395,0.0,0.0
shuffle5,18888,0,0.709661935529112,0.6052104208416834,0.0,0.0
shuffle5,18960,0,0.6720308202954374,0.40681362725450904,0.0,0.0
shuffle5,19331,0,0.7085843669703316,0.5871743486973948,0.0,0.0
shuffle5,19471,0,0.697176570866921,0.5511022044088176,0.0,0.0
shuffle5,19593,0,0.5316157250505321,0.03206412825651302,0.0,0.0
shuffle5,19605,0,0.5608878062166592,0.06212424849699399,0.0,0.0
shuffle5,20013,0,0.5810490215941195,0.08817635270541083,0.0,0.0
shuffle5,20072,0,0.5898771636133472,0.10220440881763528,0.0,0.0
shuffle5,20317,0,0.6768629491702003,0.5050100200400801,0.0,0.0
shuffle5,20380,0,0.6321532507966905,0.17234468937875752,0.0,0.0
shuffle5,20520,0,0.661865739730165,0.374749498997996,0.0,0.0
shuffle5,20545,0,0.6147070898414161,0.15030060120240482,0.0,0.0
shuffle5,20863,0,0.6434075904208333,0.2905811623246493,0.0,0.0
shuffle5,20882,0,0.7267514034660061,0.6973947895791583,0.0,0.0
shuffle5,20904,0,0.7169349432334803,0.6132264529058116,0.0,0.0
shuffle5,21295,0,0.748451979890752,0.8316633266533067,0.0,0.0
shuffle5,21414,0,0.7058027063748722,0.6653306613226453,0.0,0.0
shuffle5,21436,0,0.6927616283170115,0.5130260521042084,0.0,0.0
shuffle5,21558,0,0.7213784575013777,0.717434869739479,0.0,0.0
shuffle5,21887,0,0.5541199187988465,0.05811623246492986,0.0,0.0
shuffle5,22215,0,0.70670226278451,0.5511022044088176,0.0,0.0
shuffle5,22299,0,0.6858633661081102,0.45490981963927857,0.0,0.0
shuffle5,22303,0,0.7614130111511019,0.8977955911823647,0.0,0.0
shuffle5,22452,0,0.5970114379775402,0.10220440881763528,0.0,0.0
shuffle5,22793,0,0.69160166342588,0.5771543086172345,0.0,0.0
shuffle5,22803,0,0.6706227826190432,0.3727454909819639,0.0,0.0
shuffle5,22924,0,0.6206656014841003,0.16633266533066132,0.0,0.0
shuffle5,23314,0,0.7501337010469604,0.905811623246493,0.0,0.0
shuffle5,23445,0,0.7329820580345445,0.751503006012024,0.0,0.0
shuffle5,23479,0,0.6033298175666753,0.14228456913827656,0.0,0.0
shuffle5,23623,0,0.6807953703351459,0.4028056112224449,0.0,0.0
shuffle5,23633,0,0.67112028629445,0.374749498997996,0.0,0.0
shuffle5,23642,0,0.7631654379594598,0.9198396793587175,0.0,0.0
shuffle5,23803,0,0.7342093737195702,0.8617234468937875,0.0,0.0
shuffle5,24062,0,0.6916796902060411,0.46693386773547096,0.0,0.0
shuffle5,24103,0,0.752395737361957,0.8577154308617234,0.0,0.0
shuffle5,24306,0,0.6703616070890492,0.35470941883767537,0.0,0.0
shuffle5,24700,0,0.7111214061027783,0.591182364729459,0.0,0.0
shuffle5,24790,0,0.5582731426135733,0.06212424849699399,0.0,0.0
shuffle5,25150,0,0.5973176290223302,0.08617234468937876,0.0,0.0
shuffle5,25166,0,0.6534792666160695,0.29458917835671344,0.0,0.0
shuffle5,25339,0,0.7315771849806784,0.7615230460921844,0.0,0.0
shuffle5,25360,0,0.7276119890542965,0.6452905811623246,0.0,0.0
shuffle5,25374,0,0.644790464520852,0.2625250501002004,0.0,0.0
shuffle5,25447,0,0.7231955162080301,0.6693386773547094,0.0,0.0
shuffle5,26070,0,0.683513382778363,0.46693386773547096,0.0,0.0
shuffle5,26146,0,0.670456709391726,0.33867735470941884,0.0,0.0
shuffle5,26419,0,0.6631641504339698,0.28256513026052105,0.0,0.0
shuffle5,26519,0,0.6270865809584556,0.20240480961923848,0.0,0.0
shuffle5,26535,0,0.6597132568776372,0.3046092184368738,0.0,0.0
shuffle5,26749,0,0.7429220165627919,0.8196392785571143,0.0,0.0
shuffle5,27131,0,0.6119102787219809,0.13026052104208416,0.0,0.0
shuffle5,27196,0,0.6623298761307663,0.3627254509018036,0.0,0.0
shuffle5,27240,0,0.7381467128634549,0.8637274549098196,0.0,0.0
shuffle5,27260,0,0.661175759578615,0.34468937875751504,0.0,0.0
shuffle5,27648,0,0.7335383060980794,0.6993987975951904,0.0,0.0
shuffle5,27688,0,0.7186403949024114,0.6813627254509018,0.0,0.0
shuffle5,27781,0,0.6630304007570865,0.3226452905811623,0.0,0.0
shuffle5,28157,0,0.7666804911210001,0.9599198396793587,0.0,0.0
shuffle5,28253,0,0.6682945401647231,0.36472945891783565,0.0,0.0
shuffle5,28276,0,0.7269414712608775,0.7414829659318637,0.0,0.0
shuffle5,28309,0,0.739236880534687,0.7835671342685371,0.0,0.0
shuffle5,28511,0,0.6077242217056374,0.11823647294589178,0.0,0.0
shuffle5,28548,0,0.7154722499416203,0.6372745490981964,0.0,0.0
shuffle5,28979,0,0.6044573102350438,0.1062124248496994,0.0,0.0
shuffle5,29018,0,0.6713555690753219,0.3807615230460922,0.0,0.0
shuffle5,29179,0,0.7243956502783411,0.7094188376753507,0.0,0.0
shuffle5,29221,0,0.7468115577555814,0.8537074148296593,0.0,0.0
shuffle5,29400,0,0.6001311001828367,0.12024048096192384,0.0,0.0
shuffle5,29511,0,0.6653546021029266,0.3166332665330661,0.0,0.0
shuffle5,29591,0,0.6792594156197556,0.4028056112224449,0.0,0.0
shuffle5,29610,0,0.6992838319208384,0.5551102204408818,0.0,0.0
shuffle5,29717,0,0.7436901203885702,0.781563126252505,0.0,0.0
shuffle5,29815,0,0.719002021938494,0.7094188376753507,0.0,0.0
shuffle5,29831,0,0.6343210827358945,0.20641282565130262,0.0,0.0
shuffle5,29903,0,0.7084371766793626,0.5951903807615231,0.0,0.0
shuffle5,29942,0,0.6448282561001308,0.27655310621242485,0.0,0.0
shuffle5,30016,0,0.5493570776291532,0.04408817635270541,0.0,0.0
shuffle5,30068,0,0.650824851754094,0.250501002004008,0.0,0.0
shuffle5,30077,0,0.7175809580874865,0.657314629258517,0.0,0.0
shuffle5,30139,0,0.7320694487327095,0.7154308617234469,0.0,0.0
shuffle5,30888,0,0.6989251056017485,0.5190380761523046,0.0,0.0
shuffle5,30961,0,0.7272996455533525,0.7374749498997996,0.0,0.0
shuffle5,31234,0,0.6051933327962095,0.20841683366733466,0.0,0.0
shuffle5,31244,0,0.6372967463051538,0.20440881763527055,0.0,0.0
shuffle5,31251,0,0.7028699634418266,0.6112224448897795,0.0,0.0
shuffle5,31280,0,0.564604771132298,0.050100200400801605,0.0,0.0
shuffle5,31503,0,0.7094767000844397,0.5851703406813628,0.0,0.0
shuffle5,31776,0,0.6523335522792877,0.3406813627254509,0.0,0.0
shuffle5,32051,0,0.7469432334576024,0.811623246492986,0.0,0.0
shuffle5,32062,0,0.6413276902233911,0.23847695390781562,0.0,0.0
shuffle5,32140,0,0.6717360271489545,0.35470941883767537,0.0,0.0
shuffle5,32365,0,0.7722130690218416,0.935871743486974,0.0,0.0
shuffle5,32427,0,0.6939056921026223,0.5170340681362725,0.0,0.0
shuffle5,32470,0,0.7511036707723764,0.8416833667334669,0.0,0.0
shuffle5,32532,0,0.5955540219392861,0.11422845691382766,0.0,0.0
shuffle5,32630,0,0.6607216468948517,0.27655310621242485,0.0,0.0
shuffle5,32680,0,0.7480638989404679,0.8557114228456913,0.0,0.0
shuffle5,32697,0,0.7705316736011596,0.9378757515030061,0.0,0.0
shuffle5,33057,0,0.7397333262685482,0.8717434869739479,0.0,0.0
shuffle5,33084,0,0.7385746333278187,0.8356713426853707,0.0,0.0
shuffle5,33123,0,0.7708300530247426,0.9218436873747495,0.0,0.0
shuffle5,33256,0,0.7247279406110803,0.6773547094188377,0.0,0.0
shuffle5,33264,0,0.7406068942248212,0.7675350701402806,0.0,0.0
shuffle5,33336,0,0.6465652303383902,0.3046092184368738,0.0,0.0
shuffle5,33342,0,0.755685010798666,0.9138276553106213,0.0,0.0
shuffle5,33512,0,0.6816647845400938,0.4408817635270541,0.0,0.0
shuffle5,33863,0,0.6605352643922286,0.3406813627254509,0.0,0.0
shuffle5,33990,0,0.7057638098725356,0.6412825651302605,0.0,0.0
shuffle5,34169,0,0.7410346699549268,0.7835671342685371,0.0,0.0
shuffle5,34198,0,0.7138626166087012,0.6432865731462926,0.0,0.0
shuffle5,34415,0,0.7367725444374518,0.7655310621242485,0.0,0.0
shuffle5,34509,0,0.7323620291707299,0.7294589178356713,0.0,0.0
shuffle5,34565,0,0.6164610526598924,0.13226452905811623,0.0,0.0
shuffle5,34854,0,0.6808786583938485,0.5230460921843687,0.0,0.0
shuffle5,34998,0,0.710526476347545,0.6372745490981964,0.0,0.0
shuffle5,35100,0,0.6195828608487148,0.16633266533066132,0.0,0.0
shuffle5,35119,0,0.7165308748879681,0.6072144288577155,0.0,0.0
shuffle5,35131,0,0.662582276631777,0.3186372745490982,0.0,0.0
shuffle5,35234,0,0.5336209330222467,0.028056112224448898,0.0,0.0
shuffle5,35269,0,0.7492511242124387,0.8517034068136272,0.0,0.0
shuffle5,35281,0,0.5782785630860082,0.08016032064128256,0.0,0.0
shuffle5,35475,0,0.523551756669411,0.018036072144288578,0.0,0.0
shuffle5,35600,0,0.741896956046005,0.7334669338677354,0.0,0.0
shuffle5,35613,0,0.6253758259698075,0.1963927855711423,0.0,0.0
shuffle5,35659,0,0.7132094568918873,0.625250501002004,0.0,0.0
shuffle5,35916,0,0.6633791164966312,0.342685370741483,0.0,0.0
shuffle5,35964,0,0.6895010501805097,0.5430861723446894,0.0,0.0
shuffle5,36198,0,0.6690303619086755,0.35470941883767537,0.0,0.0
shuffle5,36287,0,0.5622317295251958,0.04208416833667335,0.0,0.0
shuffle5,36543,0,0.6686484378774313,0.38276553106212424,0.0,0.0
shuffle5,36557,0,0.7893412216187705,0.9939879759519038,0.0,1.0
shuffle5,36992,0,0.7884799402263889,0.9919839679358717,0.0,1.0
shuffle5,37034,0,0.42770572097452264,0.002004008016032064,0.0,0.0
shuffle5,37053,0,0.7410731582500251,0.7875751503006012,0.0,0.0
shuffle5,37255,0,0.6438238607309852,0.24448897795591182,0.0,0.0
shuffle5,37362,0,0.6861004170790789,0.5150300601202404,0.0,0.0
shuffle5,37406,0,0.6358960956065591,0.22444889779559118,0.0,0.0
shuffle5,37505,0,0.7460777947541939,0.7935871743486974,0.0,0.0
shuffle5,37552,0,0.7069171352590771,0.627254509018036,0.0,0.0
shuffle5,37899,0,0.7743806772842547,0.9118236472945892,0.0,0.0
shuffle5,38091,0,0.6441393045795214,0.2605210420841683,0.0,0.0
shuffle5,38194,0,0.6519327750868815,0.30060120240480964,0.0,0.0
shuffle5,38375,0,0.5971388389445198,0.09819639278557114,0.0,0.0
shuffle5,38380,0,0.6919753952714456,0.5170340681362725,0.0,0.0
shuffle5,38833,0,0.6823757490146429,0.48697394789579157,0.0,0.0
shuffle5,38887,0,0.7422410833317512,0.8296593186372746,0.0,0.0
shuffle5,39183,0,0.5651322479618288,0.052104208416833664,0.0,0.0
shuffle5,39288,0,0.7234698941300991,0.7334669338677354,0.0,0.0
shuffle5,39384,0,0.6874058019274013,0.4649298597194389,0.0,0.0
shuffle5,39490,0,0.8103060410822485,0.9939879759519038,0.0,1.0
shuffle5,39557,0,0.7561748952064897,0.8777555110220441,0.0,0.0
shuffle5,39756,0,0.6315631692477315,0.2124248496993988,0.0,0.0
shuffle5,39793,0,0.6233214651793682,0.18036072144288579,0.0,0.0
shuffle5,39920,0,0.6314472124109745,0.19238476953907815,0.0,0.0
shuffle5,39986,0,0.693593131344135,0.531062124248497,0.0,0.0
shuffle5,40269,0,0.7461817544090683,0.7835671342685371,0.0,0.0
shuffle5,40756,0,0.7504272366376437,0.8136272545090181,0.0,0.0
shuffle5,40798,0,0.7853021658907138,0.9859719438877755,0.0,0.0
shuffle5,40819,0,0.7816827557500933,0.9599198396793587,0.0,0.0
shuffle5,40933,0,0.6420237261360824,0.20240480961923848,0.0,0.0
shuffle5,40990,0,0.6148583999395589,0.18637274549098196,0.0,0.0
shuffle5,41120,0,0.7150213157805803,0.6232464929859719,0.0,0.0
shuffle5,41402,0,0.651242784959618,0.2605210420841683,0.0,0.0
shuffle5,41540,0,0.6602564636030699,0.3246492985971944,0.0,0.0
shuffle5,41555,0,0.712616842715263,0.5771543086172345,0.0,0.0
shuffle5,41561,0,0.6152417057928166,0.156312625250501,0.0,0.0
shuffle5,41592,0,0.666085374317043,0.35470941883767537,0.0,0.0
shuffle5,41636,0,0.734734984310006,0.7555110220440882,0.0,0.0
shuffle5,41640,0,0.6832272074743885,0.4188376753507014,0.0,0.0
shuffle5,41924,0,0.763260114537808,0.9098196392785571,0.0,0.0
shuffle5,41976,0,0.5544770651000779,0.06412825651302605,0.0,0.0
shuffle5,42022,0,0.6455031727723644,0.24248496993987975,0.0,0.0
shuffle5,42251,0,0.7309078711960986,0.7695390781563126,0.0,0.0
shuffle5,42302,0,0.6099241080050735,0.1282565130260521,0.0,0.0
shuffle5,42466,0,0.6663062337393248,0.35470941883767537,0.0,0.0
shuffle5,42679,0,0.6904319856819852,0.5190380761523046,0.0,0.0
shuffle5,43065,0,0.6604801055767577,0.33867735470941884,0.0,0.0
shuffle5,43198,0,0.6913721121083123,0.4348697394789579,0.0,0.0
shuffle5,43211,0,0.715332890803375,0.5991983967935872,0.0,0.0
shuffle5,43332,0,0.5820955893796342,0.08216432865731463,0.0,0.0
shuffle5,43546,0,0.7516887832792221,0.8376753507014028,0.0,0.0
shuffle5,43584,0,0.6164775200533644,0.13026052104208416,0.0,0.0
shuffle5,44248,0,0.6907880609602087,0.45090180360721444,0.0,0.0
shuffle5,44279,0,0.7419811654541237,0.7895791583166333,0.0,0.0
shuffle5,44360,0,0.7587919276816897,0.8877755511022044,0.0,0.0
shuffle5,44413,0,0.6433593298892393,0.20040080160320642,0.0,0.0
shuffle5,44422,0,0.6926316948485324,0.5531062124248497,0.0,0.0
shuffle5,44903,0,0.5846021148407217,0.10821643286573146,0.0,0.0
shuffle5,44975,0,0.7154672099422976,0.6092184368737475,0.0,0.0
shuffle5,45377,0,0.7306479788057305,0.7334669338677354,0.0,0.0
shuffle5,45528,0,0.6976501615761157,0.5691382765531062,0.0,0.0
shuffle5,45699,0,0.5782273200658449,0.08216432865731463,0.0,0.0
shuffle5,45952,0,0.6645612397625464,0.36072144288577157,0.0,0.0
shuffle5,45987,0,0.6944966332867588,0.5070140280561122,0.0,0.0
shuffle5,46166,0,0.5212432307140786,0.01603206412825651,0.0,0.0
shuffle5,46276,0,0.736781686885991,0.8036072144288577,0.0,0.0
shuffle5,46403,0,0.7365177858709793,0.7595190380761523,0.0,0.0
shuffle5,46524,0,0.5529713610139823,0.04809619238476954,0.0,0.0
shuffle5,46653,0,0.6474234740342818,0.24248496993987975,0.0,0.0
shuffle5,47030,0,0.7026524421907312,0.5691382765531062,0.0,0.0
shuffle5,47086,0,0.6484155415193682,0.24248496993987975,0.0,0.0
shuffle5,47093,0,0.6865905900930889,0.48096192384769537,0.0,0.0
shuffle5,47122,0,0.773067701657341,0.9458917835671342,0.0,0.0
shuffle5,47125,0,0.6773826410690256,0.5190380761523046,0.0,0.0
shuffle5,47331,0,0.7997047079339157,0.9899799599198397,0.0,0.0
shuffle5,47471,0,0.6320900758596537,0.22645290581162325,0.0,0.0
shuffle5,47583,0,0.5396326854119564,0.03406813627254509,0.0,0.0
shuffle5,47744,0,0.689110500619638,0.5490981963927856,0.0,0.0
shuffle5,47907,0,0.5241643978842214,0.02004008016032064,0.0,0.0
shuffle5,48376,0,0.8166926184553738,0.9939879759519038,0.0,1.0
shuffle5,48655,0,0.7099616190229835,0.591182364729459,0.0,0.0
shuffle5,48911,0,0.7383085544172872,0.7875751503006012,0.0,0.0
shuffle5,49170,0,0.7100491829464528,0.5270541082164328,0.0,0.0
shuffle5,49195,0,0.7230153589059577,0.6813627254509018,0.0,0.0
shuffle5,49256,0,0.6572366034862849,0.28857715430861725,0.0,0.0
shuffle5,49315,0,0.7208706664757116,0.7014028056112225,0.0,0.0
shuffle5,49474,0,0.7503440584014777,0.8937875751503006,0.0,0.0
shuffle5,49475,0,0.7103806875173686,0.6913827655310621,0.0,0.0
shuffle5,49678,0,0.6290414545985404,0.19839679358717435,0.0,0.0
shuffle5,49702,0,0.7278469549229645,0.7134268537074149,0.0,0.0
shuffle5,49760,0,0.7546827817303705,0.843687374749499,0.0,0.0
shuffle5,50203,0,0.5661211841160668,0.06012024048096192,0.0,0.0
shuffle5,50210,0,0.5748061085197642,0.0841683366733467,0.0,0.0
shuffle5,50622,0,0.627734383096715,0.18637274549098196,0.0,0.0
shuffle5,50708,0,0.6884693150394018,0.4288577154308617,0.0,0.0
shuffle5,50739,0,0.6142724479387198,0.15831663326653306,0.0,0.0
shuffle5,50850,0,0.7027374543196812,0.5871743486973948,0.0,0.0
shuffle5,51008,0,0.7610927433723005,0.9118236472945892,0.0,0.0
shuffle5,51227,0,0.7144113377080195,0.627254509018036,0.0,0.0
shuffle5,51300,0,0.7050108820627949,0.6152304609218436,0.0,0.0
shuffle5,51380,0,0.7162299801573803,0.6492985971943888,0.0,0.0
shuffle5,51385,0,0.7048972032969287,0.6152304609218436,0.0,0.0
shuffle5,51436,0,0.7063679751280776,0.5791583166332666,0.0,0.0
shuffle5,51517,0,0.6648422465828282,0.3366733466933868,0.0,0.0
shuffle5,51688,0,0.7345808423587384,0.7474949899799599,0.0,0.0
shuffle5,51865,0,0.662578676265664,0.3106212424849699,0.0,0.0
shuffle5,51943,0,0.6993851316470688,0.533066132264529,0.0,0.0
shuffle5,51956,0,0.615306322948971,0.12625250501002003,0.0,0.0
shuffle5,51990,0,0.6132537339224525,0.13627254509018036,0.0,0.0
shuffle5,52228,0,0.5441523948576206,0.04809619238476954,0.0,0.0
shuffle5,52277,0,0.6985340139796077,0.47695390781563124,0.0,0.0
shuffle5,52729,0,0.6754179466407861,0.4348697394789579,0.0,0.0
shuffle5,52733,0,0.7394220509855671,0.8076152304609219,0.0,0.0
shuffle5,52803,0,0.6981817920387065,0.5170340681362725,0.0,0.0
shuffle5,52927,0,0.7445337113298791,0.8036072144288577,0.0,0.0
shuffle5,53445,0,0.6841618992745885,0.5851703406813628,0.0,0.0
shuffle5,53659,0,0.8023373219238229,0.9879759519038076,0.0,0.0
shuffle5,53729,0,0.6864154433680212,0.46292585170340683,0.0,0.0
shuffle5,53974,0,0.6838196930855229,0.43887775551102204,0.0,0.0
shuffle5,54054,0,0.6345202275430655,0.22444889779559118,0.0,0.0
shuffle5,54099,0,0.739974448161951,0.8176352705410822,0.0,0.0
shuffle5,54250,0,0.783895064111882,0.9759519038076152,0.0,0.0
shuffle5,54336,0,0.6742628063502207,0.39879759519038077,0.0,0.0
shuffle5,54681,0,0.7197691267064168,0.6673346693386774,0.0,0.0
shuffle5,55202,0,0.7209222114105519,0.7034068136272545,0.0,0.0
shuffle5,55501,0,0.7488563134245648,0.8096192384769539,0.0,0.0
shuffle5,55597,0,0.702939345764964,0.5490981963927856,0.0,0.0
shuffle5,55741,0,0.6767041425160403,0.33867735470941884,0.0,0.0
shuffle5,55808,0,0.7335802737234012,0.8016032064128257,0.0,0.0
shuffle5,55876,0,0.748973987573256,0.8416833667334669,0.0,0.0
shuffle5,55878,0,0.6731629765558418,0.35070140280561124,0.0,0.0
shuffle5,56047,0,0.6528133910362245,0.280561122244489,0.0,0.0
shuffle5,56131,0,0.4280151540354562,0.004008016032064128,0.0,0.0
shuffle5,56162,0,0.5951894627208469,0.10020040080160321,0.0,0.0
shuffle5,56272,0,0.6996099193598843,0.5871743486973948,0.0,0.0
shuffle5,56496,0,0.5702980049205809,0.06613226452905811,0.0,0.0
shuffle5,56554,0,0.7149325882680744,0.6112224448897795,0.0,0.0
shuffle5,56629,0,0.6953161953291699,0.5390781563126252,0.0,0.0
shuffle5,56651,0,0.6958324873000727,0.5851703406813628,0.0,0.0
shuffle5,56698,0,0.4606959668902746,0.006012024048096192,0.0,0.0
shuffle5,56873,0,0.6314349217400419,0.21643286573146292,0.0,0.0
shuffle5,56963,0,0.7537225359311441,0.8076152304609219,0.0,0.0
shuffle5,57114,0,0.7742297577859572,0.9478957915831663,0.0,0.0
shuffle5,57244,0,0.8048710100725365,0.9959919839679359,0.0,1.0
shuffle5,57830,0,0.7423448282428142,0.8276553106212425,0.0,0.0
shuffle5,57994,0,0.7669136986368481,0.9158316633266533,0.0,0.0
shuffle5,58004,0,0.7979124071621464,0.9819639278557114,0.0,0.0
shuffle5,58157,0,0.5804797946532876,0.07014028056112225,0.0,0.0
shuffle5,58169,0,0.6387458969255442,0.29458917835671344,0.0,0.0
shuffle5,58252,0,0.7797854102799797,0.9619238476953907,0.0,0.0
shuffle5,58341,0,0.7370735497849903,0.7615230460921844,0.0,0.0
shuffle5,58458,0,0.6963730350344854,0.5390781563126252,0.0,0.0
shuffle5,58572,0,0.7642715035203089,0.9098196392785571,0.0,0.0
shuffle5,58835,0,0.6922522022425341,0.48897795591182364,0.0,0.0
shuffle5,58977,0,0.716360464492015,0.6452905811623246,0.0,0.0
shuffle5,58988,0,0.7618677577828988,0.8797595190380761,0.0,0.0
shuffle5,59101,0,0.7471029859004199,0.7895791583166333,0.0,0.0
shuffle5,59177,0,0.7014674676038469,0.5490981963927856,0.0,0.0
shuffle5,59183,0,0.7740947757801001,0.9298597194388778,0.0,0.0
shuffle5,59219,0,0.7946667506342484,0.9979959919839679,0.0,1.0
shuffle5,59293,0,0.7522988924802898,0.8897795591182365,0.0,0.0
shuffle5,59464,0,0.6502232098320959,0.3106212424849699,0.0,0.0
shuffle5,59470,0,0.6379641342395697,0.2565130260521042,0.0,0.0
shuffle5,59508,0,0.6053131030440457,0.1282565130260521,0.0,0.0
shuffle5,59838,0,0.7971470755366177,0.9839679358717435,0.0,0.0
shuffle5,59905,0,0.6933268774491006,0.5470941883767535,0.0,0.0
shuffle5,60063,0,0.7313320611738989,0.8657314629258517,0.0,0.0
shuffle5,60496,0,0.6712400942850126,0.3727454909819639,0.0,0.0
shuffle5,60707,0,0.636975533974219,0.1843687374749499,0.0,0.0
shuffle5,60784,0,0.6749872334670048,0.46693386773547096,0.0,0.0
shuffle5,60932,0,0.691147147663,0.4849699398797595,0.0,0.0
shuffle5,61327,0,0.7569546688870081,0.8897795591182365,0.0,0.0
shuffle5,61653,0,0.7274784055726378,0.6973947895791583,0.0,0.0
shuffle5,61683,0,0.6928763291230517,0.45090180360721444,0.0,0.0
shuffle5,61701,0,0.5686424916339987,0.06813627254509018,0.0,0.0
shuffle5,61868,0,0.6967274213159466,0.5430861723446894,0.0,0.0
shuffle5,61878,0,0.7074215649771678,0.5370741482965932,0.0,0.0
shuffle5,62117,0,0.6765957932305477,0.43286573146292584,0.0,0.0
shuffle5,62587,0,0.757010632689634,0.8857715430861723,0.0,0.0
shuffle5,62627,0,0.6276724275077263,0.1903807615230461,0.0,0.0
shuffle5,63062,0,0.7695753807877537,0.9478957915831663,0.0,0.0
shuffle5,63247,0,0.6816184921508844,0.5410821643286573,0.0,0.0
shuffle5,63837,0,0.6601961676226584,0.32064128256513025,0.0,0.0
shuffle5,63869,0,0.6252414908442536,0.19238476953907815,0.0,0.0
shuffle5,64050,0,0.7799546154683142,0.9759519038076152,0.0,0.0
shuffle5,64148,0,0.6026065634309279,0.11623246492985972,0.0,0.0
shuffle5,64195,0,0.7350505740749704,0.8136272545090181,0.0,0.0
shuffle5,64262,0,0.69634831059512,0.5591182364729459,0.0,0.0
shuffle5,64417,0,0.6800014033232209,0.6372745490981964,0.0,0.0
shuffle5,64547,0,0.7419709552779521,0.8056112224448898,0.0,0.0
shuffle5,64783,0,0.5631358935374338,0.06012024048096192,0.0,0.0
shuffle5,64851,0,0.6586233125763588,0.3166332665330661,0.0,0.0
shuffle5,64925,0,0.7253623199138972,0.6472945891783567,0.0,0.0
shuffle5,65218,0,0.776165310882206,0.9759519038076152,0.0,0.0
shuffle5,65340,0,0.5017478588126217,0.01002004008016032,0.0,0.0
shuffle5,65348,0,0.620773733185304,0.1743486973947896,0.0,0.0
shuffle5,65417,0,0.7768365107015622,0.9659318637274549,0.0,0.0
shuffle5,65553,0,0.7697129872462298,0.9078156312625251,0.0,0.0
shuffle5,65609,0,0.7502531658300757,0.843687374749499,0.0,0.0
shuffle5,65690,0,0.7530076930695333,0.9138276553106213,0.0,0.0
shuffle5,65878,0,0.7133984991737246,0.655310621242485,0.0,0.0
shuffle5,66058,0,0.7179278540749552,0.7094188376753507,0.0,0.0
shuffle5,66209,0,0.6643475025342223,0.4228456913827655,0.0,0.0
shuffle5,66269,0,0.5892978652581025,0.08216432865731463,0.0,0.0
shuffle5,66437,0,0.7353880834438654,0.8597194388777555,0.0,0.0
shuffle5,66512,0,0.6826898424986054,0.43286573146292584,0.0,0.0
shuffle5,66559,0,0.7041215484386808,0.6072144288577155,0.0,0.0
shuffle5,66875,0,0.6669199436922042,0.37675350701402804,0.0,0.0
shuffle5,67261,0,0.7593805235956141,0.8817635270541082,0.0,0.0
shuffle5,67281,0,0.6685552150046569,0.3807615230460922,0.0,0.0
shuffle5,67361,0,0.7095747736135725,0.5831663326653307,0.0,0.0
shuffle5,67444,0,0.5784956329734028,0.0841683366733467,0.0,0.0
shuffle5,67673,0,0.6799769426562197,0.38877755511022044,0.0,0.0
shuffle5,67708,0,0.7500704672527867,0.9178356713426854,0.0,0.0
shuffle5,67899,0,0.6547585355830243,0.2925851703406814,0.0,0.0
shuffle5,68121,0,0.6694404182406922,0.4649298597194389,0.0,0.0
shuffle5,68127,0,0.6292127185549803,0.24448897795591182,0.0,0.0
shuffle5,68173,0,0.7113247581445641,0.6332665330661322,0.0,0.0
shuffle5,68193,0,0.7202977922637527,0.6653306613226453,0.0,0.0
shuffle5,68287,0,0.6858685885525189,0.43286573146292584,0.0,0.0
shuffle5,68394,0,0.5850045748680958,0.10020040080160321,0.0,0.0
shuffle5,68473,0,0.6467875570639701,0.23847695390781562,0.0,0.0
shuffle5,68532,0,0.5724040444424146,0.07414829659318638,0.0,0.0
shuffle5,68553,0,0.7387551066239637,0.7895791583166333,0.0,0.0
shuffle5,68819,0,0.6680867204596583,0.3787575150300601,0.0,0.0
shuffle5,69085,0,0.644179409732432,0.23847695390781562,0.0,0.0
shuffle5,69087,0,0.6698781981220121,0.4168336673346693,0.0,0.0
shuffle5,69137,0,0.7148808479438137,0.6713426853707415,0.0,0.0
shuffle5,69462,0,0.6978718538874484,0.5230460921843687,0.0,0.0
shuffle5,69641,0,0.7218304521353687,0.6673346693386774,0.0,0.0
shuffle5,70279,0,0.5899540552340781,0.09218436873747494,0.0,0.0
shuffle5,70372,0,0.8243650532419973,1.0,1.0,1.0
shuffle5,70496,0,0.6673725348102544,0.3847695390781563,0.0,0.0
shuffle5,70765,0,0.6854145848986045,0.4789579158316633,0.0,0.0
shuffle5,71264,0,0.6286358698442212,0.17234468937875752,0.0,0.0
shuffle5,71624,0,0.6675797580355054,0.3907815631262525,0.0,0.0
shuffle5,71735,0,0.6646651826354206,0.34468937875751504,0.0,0.0
shuffle5,72089,0,0.7203438400371933,0.6653306613226453,0.0,0.0
shuffle5,72151,0,0.7524790575507542,0.8537074148296593,0.0,0.0
shuffle5,72389,0,0.6586929193185036,0.33867735470941884,0.0,0.0
shuffle5,72527,0,0.645139649051564,0.30060120240480964,0.0,0.0
R,95,0,0.8354087960581029,0.9879759519038076,0.0,0.0
R,204,0,0.6805006813220984,0.9639278557114228,0.0,0.0
R,318,0,0.5258943125362379,0.843687374749499,0.0,0.0
R,356,0,0.5628500988940272,0.9579158316633266,0.0,0.0
R,425,0,0.6127972577201037,0.9659318637274549,0.0,0.0
R,458,0,0.6482095946777129,0.9478957915831663,0.0,0.0
R,637,0,0.5176338228133474,0.87374749498998,0.0,0.0
R,709,0,0.6429277078045219,0.9919839679358717,0.0,1.0
R,868,0,0.4913319545829995,0.6733466933867736,0.0,0.0
R,1015,0,0.6941637654150278,1.0,1.0,1.0
R,1288,0,0.6036907054999671,0.9679358717434869,0.0,0.0
R,1589,0,0.6126160016939968,0.9679358717434869,0.0,0.0
R,1744,0,0.6630472141957321,0.9879759519038076,0.0,0.0
R,1818,0,0.5596705684210094,0.8977955911823647,0.0,0.0
R,2070,0,0.2776163832276598,0.07214428857715431,0.0,0.0
R,2125,0,0.5804652410598352,0.9539078156312625,0.0,0.0
R,2327,0,0.5853792369841981,0.8977955911823647,0.0,0.0
R,2737,0,0.6903554819590958,0.9458917835671342,0.0,0.0
R,2795,0,0.7283671142365666,0.9659318637274549,0.0,0.0
R,2980,0,0.8738534292743985,0.9939879759519038,0.0,1.0
R,3338,0,0.5067102770235266,0.3466933867735471,0.0,0.0
R,3344,0,0.33220130707996487,0.022044088176352707,0.0,0.0
R,3368,0,0.5859310468862446,0.845691382765531,0.0,0.0
R,3731,0,0.43319005119507037,0.34468937875751504,0.0,0.0
R,3803,0,0.5137801495336966,0.9018036072144289,0.0,0.0
R,4292,0,0.49974334819057076,0.9679358717434869,0.0,0.0
R,4409,0,0.648608877641762,1.0,1.0,1.0
R,4476,0,0.6683896830245927,0.9959919839679359,0.0,1.0
R,4509,0,0.7084042925358967,0.9919839679358717,0.0,1.0
R,4927,0,0.5427004006824823,0.8476953907815631,0.0,0.0
R,4967,0,0.7350975700921807,0.9559118236472945,0.0,0.0
R,5340,0,0.6692714754303013,0.9979959919839679,0.0,1.0
R,5582,0,0.7604296451988608,0.9979959919839679,0.0,1.0
R,5656,0,0.6130581491863344,0.7995991983967936,0.0,0.0
R,5683,0,0.7861367426749796,0.9939879759519038,0.0,1.0
R,5790,0,0.5407462342649376,0.48296593186372744,0.0,0.0
R,5929,0,0.4714595394974794,0.19839679358717435,0.0,0.0
R,6315,0,0.6777659116069283,0.9759519038076152,0.0,0.0
R,6360,0,0.4761953564315663,0.627254509018036,0.0,0.0
R,6454,0,0.662331712102484,0.9719438877755511,0.0,0.0
R,6603,0,0.5136708225884494,0.6653306613226453,0.0,0.0
R,6750,0,0.6022746153624682,0.8817635270541082,0.0,0.0
R,6759,0,0.7776651126520935,0.9619238476953907,0.0,0.0
R,6770,0,0.7425567068259455,0.9839679358717435,0.0,0.0
R,6991,0,0.5106787559742197,0.2965931863727455,0.0,0.0
R,7306,0,0.5155251388943966,0.8076152304609219,0.0,0.0
R,7355,0,0.4726947881240177,0.5571142284569138,0.0,0.0
R,7899,0,0.5803738882594126,0.9959919839679359,0.0,1.0
R,8061,0,0.4613721806273874,0.7695390781563126,0.0,0.0
R,8215,0,0.4853828859779048,0.5511022044088176,0.0,0.0
R,8234,0,0.7141106462968821,0.9819639278557114,0.0,0.0
R,8238,0,0.672931108211037,0.9278557114228457,0.0,0.0
R,8275,0,0.5264181095000889,0.3847695390781563,0.0,0.0
R,8367,0,0.7419782311004228,0.9939879759519038,0.0,1.0
R,8828,0,0.6844580605958626,0.9659318637274549,0.0,0.0
R,8862,0,0.7996523977636967,1.0,1.0,1.0
R,8926,0,0.5409553813070818,0.8396793587174348,0.0,0.0
R,9188,0,0.8206611524742166,0.9859719438877755,0.0,0.0
R,9298,0,0.5758386550200905,0.9579158316633266,0.0,0.0
R,9376,0,0.8097771642343897,0.9919839679358717,0.0,1.0
R,9712,0,0.4312749402258007,0.749498997995992,0.0,0.0
R,9877,0,0.7181147696914612,0.9839679358717435,0.0,0.0
R,10115,0,0.3929602045350339,0.15030060120240482,0.0,0.0
R,10191,0,0.8222261916461755,1.0,1.0,1.0
R,10361,0,0.5088310317613239,0.9498997995991983,0.0,0.0
R,10602,0,0.7144662613967937,0.9759519038076152,0.0,0.0
R,10622,0,0.6793244140026227,0.935871743486974,0.0,0.0
R,11050,0,0.6032455517413025,0.9759519038076152,0.0,0.0
R,11274,0,0.6748820749042503,0.9779559118236473,0.0,0.0
R,11493,0,0.64123833694259,0.9679358717434869,0.0,0.0
R,11757,0,0.727537329272451,0.9979959919839679,0.0,1.0
R,11886,0,0.7236800662902754,0.9318637274549099,0.0,0.0
R,12122,0,0.6536427184427959,0.9979959919839679,0.0,1.0
R,12225,0,0.5689696297711085,0.5831663326653307,0.0,0.0
R,12292,0,0.5150361784800632,0.8977955911823647,0.0,0.0
R,12340,0,0.6715017213771424,0.9839679358717435,0.0,0.0
R,12386,0,0.6423768145487954,0.9378757515030061,0.0,0.0
R,12597,0,0.48420527578447226,0.9779559118236473,0.0,0.0
R,13041,0,0.6328166991809421,0.9438877755511023,0.0,0.0
R,13134,0,0.5650553676181087,0.8717434869739479,0.0,0.0
R,13223,0,0.5657116418354127,0.8637274549098196,0.0,0.0
R,13298,0,0.6477077938239982,0.9839679358717435,0.0,0.0
R,13587,0,0.5343034658286514,0.44889779559118237,0.0,0.0
R,13703,0,0.4616508310273163,0.5130260521042084,0.0,0.0
R,13741,0,0.6204779028986146,0.9559118236472945,0.0,0.0
R,13749,0,0.4294791426980597,0.5851703406813628,0.0,0.0
R,13826,0,0.5779752721332421,0.9378757515030061,0.0,0.0
R,13842,0,0.7576693777071386,0.9579158316633266,0.0,0.0
R,13879,0,0.46436153612733927,0.6933867735470942,0.0,0.0
R,13895,0,0.529860674256104,0.7835671342685371,0.0,0.0
R,13938,0,0.8274126069030324,0.9919839679358717,0.0,1.0
R,14049,0,0.6146136638213805,0.9258517034068137,0.0,0.0
R,14170,0,0.7537195530879346,0.9539078156312625,0.0,0.0
R,14245,0,0.727908006023767,0.9839679358717435,0.0,0.0
R,14274,0,0.48915406204837075,0.2565130260521042,0.0,0.0
R,14728,0,0.6399066042054073,0.9579158316633266,0.0,0.0
R,15068,0,0.8799468165553567,0.9979959919839679,0.0,1.0
R,15181,0,0.5786087880408723,0.8797595190380761,0.0,0.0
R,15182,0,0.5073721457647605,0.8717434869739479,0.0,0.0
R,15191,0,0.5838144975252796,0.8156312625250501,0.0,0.0
R,15274,0,0.5527745248703375,0.7655310621242485,0.0,0.0
R,15386,0,0.5548056498400926,0.7194388777555111,0.0,0.0
R,15438,0,0.5285481684226424,0.8356713426853707,0.0,0.0
R,15516,0,0.5554284993942724,0.7875751503006012,0.0,0.0
R,15631,0,0.6104929015643825,0.9398797595190381,0.0,0.0
R,15632,0,0.532718069738514,0.6993987975951904,0.0,0.0
R,15865,0,0.544459631859151,0.8136272545090181,0.0,0.0
R,15898,0,0.6818113382157724,0.9539078156312625,0.0,0.0
R,15953,0,0.5480504688601613,0.8096192384769539,0.0,0.0
R,15985,0,0.7279438337746127,0.9979959919839679,0.0,1.0
R,16251,0,0.7672326590787208,0.9939879759519038,0.0,1.0
R,16424,0,0.5362233590226864,0.8657314629258517,0.0,0.0
R,16525,0,0.6357785025151914,0.9899799599198397,0.0,0.0
R,16625,0,0.8930970064242689,1.0,1.0,1.0
R,16718,0,0.49781480899831676,0.7595190380761523,0.0,0.0
R,16800,0,0.5764606378215532,0.8937875751503006,0.0,0.0
R,17017,0,0.5412587672686822,0.9839679358717435,0.0,0.0
R,17605,0,0.5768677369274355,0.781563126252505,0.0,0.0
R,17651,0,0.46828982679995146,0.250501002004008,0.0,0.0
R,17795,0,0.5434714136467356,0.5771543086172345,0.0,0.0
R,17843,0,0.5849895075567392,0.9418837675350702,0.0,0.0
R,17865,0,0.6884400133372992,0.9899799599198397,0.0,0.0
R,17946,0,0.6885801520338296,0.9779559118236473,0.0,0.0
R,17987,0,0.5761077534514953,0.9619238476953907,0.0,0.0
R,18115,0,0.4760808058316284,0.6913827655310621,0.0,0.0
R,18159,0,0.5830800090307335,0.9498997995991983,0.0,0.0
R,18170,0,0.6399698747834089,0.9919839679358717,0.0,1.0
R,18556,0,0.6560011787282387,0.8617234468937875,0.0,0.0
R,18888,0,0.6787799794278594,1.0,1.0,1.0
R,18960,0,0.6672778501765835,1.0,1.0,1.0
R,19331,0,0.6875517493372654,0.9338677354709419,0.0,0.0
R,19471,0,0.5592718126662606,0.4288577154308617,0.0,0.0
R,19593,0,0.3942349159362222,0.5370741482965932,0.0,0.0
R,19605,0,0.49549016125957934,0.7935871743486974,0.0,0.0
R,20013,0,0.6371671746399963,0.9899799599198397,0.0,0.0
R,20072,0,0.6214685028957311,0.9378757515030061,0.0,0.0
R,20317,0,0.6634736731528524,0.9398797595190381,0.0,0.0
R,20380,0,0.28564918274606876,0.30060120240480964,0.0,0.0
R,20520,0,0.652097574910818,0.9759519038076152,0.0,0.0
R,20545,0,0.7725927272979688,0.9979959919839679,0.0,1.0
R,20863,0,0.6610932475670765,0.9799599198396793,0.0,0.0
R,20882,0,0.8208810566267633,0.9959919839679359,0.0,1.0
R,20904,0,0.662294321117577,0.9098196392785571,0.0,0.0
R,21295,0,0.7275511805471555,0.9519038076152304,0.0,0.0
R,21414,0,0.8544801720588853,1.0,1.0,1.0
R,21436,0,0.6448294526979297,0.8817635270541082,0.0,0.0
R,21558,0,0.6545585485128098,0.9979959919839679,0.0,1.0
R,21887,0,0.4980599565329241,0.751503006012024,0.0,0.0
R,22215,0,0.4858887342845164,0.3927855711422846,0.0,0.0
R,22299,0,0.5401281589459982,0.8557114228456913,0.0,0.0
R,22303,0,0.6258543204001532,0.9318637274549099,0.0,0.0
R,22452,0,0.5798971195618402,0.9819639278557114,0.0,0.0
R,22793,0,0.6390183123388319,0.9719438877755511,0.0,0.0
R,22803,0,0.5700606046610073,0.7254509018036072,0.0,0.0
R,22924,0,0.6575913640639343,0.9919839679358717,0.0,1.0
R,23314,0,0.8171052323742745,0.9939879759519038,0.0,1.0
R,23445,0,0.7609289535517725,0.9378757515030061,0.0,0.0
R,23479,0,0.6096829815377247,0.9198396793587175,0.0,0.0
R,23623,0,0.47304291106441976,0.9879759519038076,0.0,0.0
R,23633,0,0.5821109424813438,0.6432865731462926,0.0,0.0
R,23642,0,0.46578432545705956,0.8316633266533067,0.0,0.0
R,23803,0,0.8024355527892763,0.9819639278557114,0.0,0.0
R,24062,0,0.6164805669713762,0.7995991983967936,0.0,0.0
R,24103,0,0.633016960764632,0.9478957915831663,0.0,0.0
R,24306,0,0.7524144659730222,1.0,1.0,1.0
R,24700,0,0.5992862820454243,0.9498997995991983,0.0,0.0
R,24790,0,0.5566938623633164,0.9879759519038076,0.0,0.0
R,25150,0,0.7144890260158238,0.9979959919839679,0.0,1.0
R,25166,0,0.6243658274991243,0.9819639278557114,0.0,0.0
R,25339,0,0.641037674692538,0.9619238476953907,0.0,0.0
R,25360,0,0.6479241397871356,0.9338677354709419,0.0,0.0
R,25374,0,0.585304802376126,0.7875751503006012,0.0,0.0
R,25447,0,0.5992072698174203,0.9779559118236473,0.0,0.0
R,26070,0,0.5231715627342188,0.6192384769539078,0.0,0.0
R,26146,0,0.7267420021614499,0.9979959919839679,0.0,1.0
R,26419,0,0.5294010899238094,0.8617234468937875,0.0,0.0
R,26519,0,0.48488328569613887,0.9398797595190381,0.0,0.0
R,26535,0,0.5387699327172376,0.9318637274549099,0.0,0.0
R,26749,0,0.8077938851341895,0.9979959919839679,0.0,1.0
R,27131,0,0.4221953253043329,0.13026052104208416,0.0,0.0
R,27196,0,0.5346673261643373,0.7595190380761523,0.0,0.0
R,27240,0,0.6814610411862082,0.9819639278557114,0.0,0.0
R,27260,0,0.6457428260013025,1.0,1.0,1.0
R,27648,0,0.7992572858229708,0.9959919839679359,0.0,1.0
R,27688,0,0.6944500343584316,0.9839679358717435,0.0,0.0
R,27781,0,0.4926323022677487,0.5050100200400801,0.0,0.0
R,28157,0,0.6808456782092949,0.9639278557114228,0.0,0.0
R,28253,0,0.5747036014254817,0.593186372745491,0.0,0.0
R,28276,0,0.602061791880218,0.935871743486974,0.0,0.0
R,28309,0,0.6723450982214543,0.9719438877755511,0.0,0.0
R,28511,0,0.5028717218584722,0.22645290581162325,0.0,0.0
R,28548,0,0.7868539636332401,0.9819639278557114,0.0,0.0
R,28979,0,0.4972149924084195,0.18837675350701402,0.0,0.0
R,29018,0,0.6057516525011201,0.9498997995991983,0.0,0.0
R,29179,0,0.8602717015543682,0.9939879759519038,0.0,1.0
R,29221,0,0.804035800307269,0.9959919839679359,0.0,1.0
R,29400,0,0.6733220266980408,0.9779559118236473,0.0,0.0
R,29511,0,0.5454386908493529,0.44488977955911824,0.0,0.0
R,29591,0,0.46056605127821826,0.8997995991983968,0.0,0.0
R,29610,0,0.711578346658957,1.0,1.0,1.0
R,29717,0,0.7525087928119427,0.969939879759519,0.0,0.0
R,29815,0,0.7936869652778928,0.9779559118236473,0.0,0.0
R,29831,0,0.6610329417732289,0.9719438877755511,0.0,0.0
R,29903,0,0.6784231561811911,1.0,1.0,1.0
R,29942,0,0.4793724800729487,0.3186372745490982,0.0,0.0
R,30016,0,0.4571249008720892,0.4408817635270541,0.0,0.0
R,30068,0,0.7121095544028475,1.0,1.0,1.0
R,30077,0,0.801368926073893,0.9839679358717435,0.0,0.0
R,30139,0,0.5690492443212664,0.9819639278557114,0.0,0.0
R,30888,0,0.6648934171060491,0.9539078156312625,0.0,0.0
R,30961,0,0.8109392461577081,0.9979959919839679,0.0,1.0
R,31234,0,0.7085358052120326,0.9919839679358717,0.0,1.0
R,31244,0,0.4378897650313186,0.14228456913827656,0.0,0.0
R,31251,0,0.5354385288863935,0.9118236472945892,0.0,0.0
R,31280,0,0.7503849976507182,0.9959919839679359,0.0,1.0
R,31503,0,0.6304200282319685,0.9739478957915831,0.0,0.0
R,31776,0,0.6554085733728653,0.9959919839679359,0.0,1.0
R,32051,0,0.7680544020333202,1.0,1.0,1.0
R,32062,0,0.5158692694212323,0.8677354709418837,0.0,0.0
R,32140,0,0.7235135896981659,0.9819639278557114,0.0,0.0
R,32365,0,0.6437297974418628,0.9719438877755511,0.0,0.0
R,32427,0,0.630298940724558,0.9919839679358717,0.0,1.0
R,32470,0,0.607946947814084,0.8296593186372746,0.0,0.0
R,32532,0,0.4365872711106902,0.06813627254509018,0.0,0.0
R,32630,0,0.6717350273913962,0.9238476953907816,0.0,0.0
R,32680,0,0.7694141046071892,0.9979959919839679,0.0,1.0
R,32697,0,0.8090781723782321,0.9799599198396793,0.0,0.0
R,33057,0,0.639325032394974,0.7635270541082164,0.0,0.0
R,33084,0,0.7193235899174286,0.9599198396793587,0.0,0.0
R,33123,0,0.6876097760954794,0.9979959919839679,0.0,1.0
R,33256,0,0.6993968062441576,0.9859719438877755,0.0,0.0
R,33264,0,0.8096443341207269,1.0,1.0,1.0
R,33336,0,0.5200103784722724,0.5571142284569138,0.0,0.0
R,33342,0,0.5375713893950284,0.7234468937875751,0.0,0.0
R,33512,0,0.5608487890475075,0.9659318637274549,0.0,0.0
R,33863,0,0.590244920383237,0.9178356713426854,0.0,0.0
R,33990,0,0.6887334555393805,0.9619238476953907,0.0,0.0
R,34169,0,0.6024909929772608,0.9759519038076152,0.0,0.0
R,34198,0,0.6263909098953746,0.8837675350701403,0.0,0.0
R,34415,0,0.7042943150719339,0.9899799599198397,0.0,0.0
R,34509,0,0.5870282498915,0.593186372745491,0.0,0.0
R,34565,0,0.6979323059048306,0.9899799599198397,0.0,0.0
R,34854,0,0.8831868452372265,1.0,1.0,1.0
R,34998,0,0.7968730760604457,0.9979959919839679,0.0,1.0
R,35100,0,0.6878960501575048,0.9979959919839679,0.0,1.0
R,35119,0,0.544103001796152,0.9639278557114228,0.0,0.0
R,35131,0,0.7255894944334302,1.0,1.0,1.0
R,35234,0,0.3970281746465434,0.050100200400801605,0.0,0.0
R,35269,0,0.5723418382939548,0.6312625250501002,0.0,0.0
R,35281,0,0.6646426540722669,0.9919839679358717,0.0,1.0
R,35475,0,0.37607002534479234,0.8276553106212425,0.0,0.0
R,35600,0,0.697202624944784,0.9478957915831663,0.0,0.0
R,35613,0,0.6140204379848652,0.8877755511022044,0.0,0.0
R,35659,0,0.8305071547579804,0.9899799599198397,0.0,0.0
R,35916,0,0.6209300789146586,0.9719438877755511,0.0,0.0
R,35964,0,0.6016943896598337,0.8176352705410822,0.0,0.0
R,36198,0,0.5314668703936638,0.8176352705410822,0.0,0.0
R,36287,0,0.48378619905345477,0.2985971943887776,0.0,0.0
R,36543,0,0.7709644441214634,0.9559118236472945,0.0,0.0
R,36557,0,0.762471569392368,1.0,1.0,1.0
R,36992,0,0.6246102335255035,0.9799599198396793,0.0,0.0
R,37034,0,0.3468420235116382,0.002004008016032064,0.0,0.0
R,37053,0,0.6833640306938988,0.9619238476953907,0.0,0.0
R,37255,0,0.6932776083884413,0.9959919839679359,0.0,1.0
R,37362,0,0.623017819280663,0.7014028056112225,0.0,0.0
R,37406,0,0.5442822347779143,0.6913827655310621,0.0,0.0
R,37505,0,0.6061292632187159,0.9879759519038076,0.0,0.0
R,37552,0,0.7461768672850375,0.9438877755511023,0.0,0.0
R,37899,0,0.8615429663246427,0.9979959919839679,0.0,1.0
R,38091,0,0.46133712117008435,0.4749498997995992,0.0,0.0
R,38194,0,0.6573219917409818,0.905811623246493,0.0,0.0
R,38375,0,0.5878301618071349,0.9138276553106213,0.0,0.0
R,38380,0,0.6115185833676747,0.8517034068136272,0.0,0.0
R,38833,0,0.7107728001073348,0.9899799599198397,0.0,0.0
R,38887,0,0.7043080929387444,0.9879759519038076,0.0,0.0
R,39183,0,0.6596952920537376,0.9879759519038076,0.0,0.0
R,39288,0,0.7993965502465958,0.9979959919839679,0.0,1.0
R,39384,0,0.5647620938588447,0.9018036072144289,0.0,0.0
R,39490,0,0.608159340507081,0.9899799599198397,0.0,0.0
R,39557,0,0.6919431532692335,0.9498997995991983,0.0,0.0
R,39756,0,0.48514920441273046,0.5190380761523046,0.0,0.0
R,39793,0,0.45773176931565973,0.46092184368737477,0.0,0.0
R,39920,0,0.6426134210233022,0.9899799599198397,0.0,0.0
R,39986,0,0.5170919950148258,0.533066132264529,0.0,0.0
R,40269,0,0.6456156435089885,0.9779559118236473,0.0,0.0
R,40756,0,0.6559022509047379,0.969939879759519,0.0,0.0
R,40798,0,0.6271656441674465,0.9859719438877755,0.0,0.0
R,40819,0,0.7442079405051345,0.9799599198396793,0.0,0.0
R,40933,0,0.6213888377934026,0.9659318637274549,0.0,0.0
R,40990,0,0.47643398165658535,0.37675350701402804,0.0,0.0
R,41120,0,0.519031561964844,0.6973947895791583,0.0,0.0
R,41402,0,0.6288212903524599,0.969939879759519,0.0,0.0
R,41540,0,0.5442114706752316,0.6973947895791583,0.0,0.0
R,41555,0,0.7671818491652348,0.9939879759519038,0.0,1.0
R,41561,0,0.5445994085206056,0.7675350701402806,0.0,0.0
R,41592,0,0.5765757745295395,0.8897795591182365,0.0,0.0
R,41636,0,0.7681721334799072,0.9939879759519038,0.0,1.0
R,41640,0,0.6578955710164643,0.9318637274549099,0.0,0.0
R,41924,0,0.8902877735937451,1.0,1.0,1.0
R,41976,0,0.8010176604782718,1.0,1.0,1.0
R,42022,0,0.5481773588380067,0.9979959919839679,0.0,1.0
R,42251,0,0.6310683124455797,0.9659318637274549,0.0,0.0
R,42302,0,0.5386319190354041,0.43286573146292584,0.0,0.0
R,42466,0,0.6098793399362888,0.9619238476953907,0.0,0.0
R,42679,0,0.5571994845155942,0.6793587174348698,0.0,0.0
R,43065,0,0.5969326621450954,0.9178356713426854,0.0,0.0
R,43198,0,0.5712770619375835,0.9478957915831663,0.0,0.0
R,43211,0,0.7072538730193453,0.9819639278557114,0.0,0.0
R,43332,0,0.5350210970917484,0.7775551102204409,0.0,0.0
R,43546,0,0.5625149184889888,0.969939879759519,0.0,0.0
R,43584,0,0.47974029802324564,0.6232464929859719,0.0,0.0
R,44248,0,0.6071670193412546,0.8657314629258517,0.0,0.0
R,44279,0,0.629776268918915,0.9779559118236473,0.0,0.0
R,44360,0,0.7223549659067343,1.0,1.0,1.0
R,44413,0,0.581446194022435,0.5090180360721442,0.0,0.0
R,44422,0,0.6457508014272519,0.9819639278557114,0.0,0.0
R,44903,0,0.5213565570701926,0.5410821643286573,0.0,0.0
R,44975,0,0.6102808864095235,0.9519038076152304,0.0,0.0
R,45377,0,0.8260532005293229,0.9919839679358717,0.0,1.0
R,45528,0,0.6991664011899906,0.9979959919839679,0.0,1.0
R,45699,0,0.42200840815436924,0.4148296593186373,0.0,0.0
R,45952,0,0.4908938864881423,0.4088176352705411,0.0,0.0
R,45987,0,0.6769043356132777,0.9939879759519038,0.0,1.0
R,46166,0,0.6554937480148265,0.969939879759519,0.0,0.0
R,46276,0,0.6675730939281698,0.9799599198396793,0.0,0.0
R,46403,0,0.7264851202981717,0.9959919839679359,0.0,1.0
R,46524,0,0.5423765211698505,0.5110220440881763,0.0,0.0
R,46653,0,0.4787972135713021,0.43687374749499,0.0,0.0
R,47030,0,0.5909863665475845,0.8897795591182365,0.0,0.0
R,47086,0,0.5699184587772838,0.5891783567134269,0.0,0.0
R,47093,0,0.551576362202278,0.9378757515030061,0.0,0.0
R,47122,0,0.8998708786531585,1.0,1.0,1.0
R,47125,0,0.5212557771929966,0.9779559118236473,0.0,0.0
R,47331,0,0.6550674458989993,0.9919839679358717,0.0,1.0
R,47471,0,0.7398956041883777,0.9619238476953907,0.0,0.0
R,47583,0,0.5630719219768132,0.7434869739478958,0.0,0.0
R,47744,0,0.7912504189324522,0.9939879759519038,0.0,1.0
R,47907,0,0.45716105171668264,0.3186372745490982,0.0,0.0
R,48376,0,0.9244806667071936,1.0,1.0,1.0
R,48655,0,0.5477901881554674,0.7915831663326653,0.0,0.0
R,48911,0,0.514750966807595,0.6833667334669339,0.0,0.0
R,49170,0,0.8407421439534306,0.9919839679358717,0.0,1.0
R,49195,0,0.719782783762362,0.9819639278557114,0.0,0.0
R,49256,0,0.5537153514554966,0.6973947895791583,0.0,0.0
R,49315,0,0.5684375136096557,0.9158316633266533,0.0,0.0
R,49474,0,0.8927847408477971,0.9979959919839679,0.0,1.0
R,49475,0,0.7566618930343791,0.9979959919839679,0.0,1.0
R,49678,0,0.7106539186905461,0.9959919839679359,0.0,1.0
R,49702,0,0.559292894378679,0.6292585170340681,0.0,0.0
R,49760,0,0.6187075435821898,0.8637274549098196,0.0,0.0
R,50203,0,0.5758720226669267,0.9398797595190381,0.0,0.0
R,50210,0,0.5370815072922668,0.7895791583166333,0.0,0.0
R,50622,0,0.7079915256071211,0.9939879759519038,0.0,1.0
R,50708,0,0.6431904274708444,0.8557114228456913,0.0,0.0
R,50739,0,0.5376341421060181,0.7835671342685371,0.0,0.0
R,50850,0,0.6735545148990545,0.9859719438877755,0.0,0.0
R,51008,0,0.7233864914345645,0.9859719438877755,0.0,0.0
R,51227,0,0.7555512662206363,0.9839679358717435,0.0,0.0
R,51300,0,0.48380365169448186,0.8817635270541082,0.0,0.0
R,51380,0,0.6669613990205983,0.9679358717434869,0.0,0.0
R,51385,0,0.7312771140287148,0.9859719438877755,0.0,0.0
R,51436,0,0.6833379122261469,0.9979959919839679,0.0,1.0
R,51517,0,0.7430686871010428,1.0,1.0,1.0
R,51688,0,0.6256317660641766,0.8797595190380761,0.0,0.0
R,51865,0,0.5686462513433668,0.687374749498998,0.0,0.0
R,51943,0,0.7125109662097463,0.9819639278557114,0.0,0.0
R,51956,0,0.5343134524420041,0.7735470941883767,0.0,0.0
R,51990,0,0.6171532372203391,0.8196392785571143,0.0,0.0
R,52228,0,0.7036242049514667,0.9939879759519038,0.0,1.0
R,52277,0,0.571904946636554,0.9859719438877755,0.0,0.0
R,52729,0,0.5850413263451865,0.969939879759519,0.0,0.0
R,52733,0,0.5872375168121599,0.7855711422845691,0.0,0.0
R,52803,0,0.5834229669882018,0.9098196392785571,0.0,0.0
R,52927,0,0.816146923671841,0.9959919839679359,0.0,1.0
R,53445,0,0.7791206451494805,0.9979959919839679,0.0,1.0
R,53659,0,0.6969818868895116,0.9218436873747495,0.0,0.0
R,53729,0,0.7429859266655852,0.9659318637274549,0.0,0.0
R,53974,0,0.6533803035234367,0.9739478957915831,0.0,0.0
R,54054,0,0.44797999057425053,0.1683366733466934,0.0,0.0
R,54099,0,0.8283361385295132,0.9859719438877755,0.0,0.0
R,54250,0,0.8501108559284489,0.9939879759519038,0.0,1.0
R,54336,0,0.6888717076594586,1.0,1.0,1.0
R,54681,0,0.6903144563673399,0.9859719438877755,0.0,0.0
R,55202,0,0.7132574830152673,0.9939879759519038,0.0,1.0
R,55501,0,0.6609229851631121,0.9218436873747495,0.0,0.0
R,55597,0,0.816919270783866,0.9779559118236473,0.0,0.0
R,55741,0,0.520499323147271,0.6673346693386774,0.0,0.0
R,55808,0,0.6275882192476003,0.969939879759519,0.0,0.0
R,55876,0,0.5139529253450045,0.8076152304609219,0.0,0.0
R,55878,0,0.6798476762051593,0.9859719438877755,0.0,0.0
R,56047,0,0.5764918269941868,0.9919839679358717,0.0,1.0
R,56131,0,0.29065671532065884,0.09218436873747494,0.0,0.0
R,56162,0,0.4439860761613561,0.4468937875751503,0.0,0.0
R,56272,0,0.4554940270878789,0.687374749498998,0.0,0.0
R,56496,0,0.5825551340019912,0.8316633266533067,0.0,0.0
R,56554,0,0.7694775338035051,0.969939879759519,0.0,0.0
R,56629,0,0.5642029572988836,0.8076152304609219,0.0,0.0
R,56651,0,0.5423924398026445,0.6913827655310621,0.0,0.0
R,56698,0,0.6826183894675559,0.9919839679358717,0.0,1.0
R,56873,0,0.462726552209784,0.46693386773547096,0.0,0.0
R,56963,0,0.5544114845526436,0.7995991983967936,0.0,0.0
R,57114,0,0.6847972190164593,0.9719438877755511,0.0,0.0
R,57244,0,0.7903744305771438,1.0,1.0,1.0
R,57830,0,0.7001737332837832,0.9158316633266533,0.0,0.0
R,57994,0,0.7162104555784845,0.9398797595190381,0.0,0.0
R,58004,0,0.8018285810447456,0.9959919839679359,0.0,1.0
R,58157,0,0.6201587288246212,0.969939879759519,0.0,0.0
R,58169,0,0.7070005300427618,0.969939879759519,0.0,0.0
R,58252,0,0.6606246812956227,0.9138276553106213,0.0,0.0
R,58341,0,0.5712740458205472,0.8156312625250501,0.0,0.0
R,58458,0,0.6028252495141602,0.8877755511022044,0.0,0.0
R,58572,0,0.6948559411072851,1.0,1.0,1.0
R,58835,0,0.6144766238047428,0.9519038076152304,0.0,0.0
R,58977,0,0.6573533775550175,0.9719438877755511,0.0,0.0
R,58988,0,0.5618132368092232,0.9198396793587175,0.0,0.0
R,59101,0,0.6371955931314939,0.9138276553106213,0.0,0.0
R,59177,0,0.6553677923667776,0.9458917835671342,0.0,0.0
R,59183,0,0.7767808343872027,0.9959919839679359,0.0,1.0
R,59219,0,0.6731750905199073,1.0,1.0,1.0
R,59293,0,0.8628571683807249,0.9919839679358717,0.0,1.0
R,59464,0,0.468859852889678,0.7535070140280561,0.0,0.0
R,59470,0,0.725811455907954,0.9899799599198397,0.0,0.0
R,59508,0,0.6757722323327069,0.9158316633266533,0.0,0.0
R,59838,0,0.5704934367250443,0.8577154308617234,0.0,0.0
R,59905,0,0.611810986633226,0.9939879759519038,0.0,1.0
R,60063,0,0.7111978419325249,0.9959919839679359,0.0,1.0
R,60496,0,0.507849362252576,0.8537074148296593,0.0,0.0
R,60707,0,0.513599487586679,0.4228456913827655,0.0,0.0
R,60784,0,0.6898416301865877,0.9779559118236473,0.0,0.0
R,60932,0,0.7064027977365621,0.9178356713426854,0.0,0.0
R,61327,0,0.831212796316918,0.9859719438877755,0.0,0.0
R,61653,0,0.8613956750439596,1.0,1.0,1.0
R,61683,0,0.6501459961649114,0.9739478957915831,0.0,0.0
R,61701,0,0.39503543055819085,0.0841683366733467,0.0,0.0
R,61868,0,0.6990320393020433,0.9639278557114228,0.0,0.0
R,61878,0,0.7272986246964901,0.9619238476953907,0.0,0.0
R,62117,0,0.5580541146946953,0.7775551102204409,0.0,0.0
R,62587,0,0.41280183707010515,0.9278557114228457,0.0,0.0
R,62627,0,0.6255171968648308,1.0,1.0,1.0
R,63062,0,0.5773042053026576,1.0,1.0,1.0
R,63247,0,0.4300508174341525,0.7575150300601202,0.0,0.0
R,63837,0,0.42207545614759945,0.4849699398797595,0.0,0.0
R,63869,0,0.47608545923093337,0.19438877755511022,0.0,0.0
R,64050,0,0.7002503188704642,1.0,1.0,1.0
R,64148,0,0.45343521759823546,0.7595190380761523,0.0,0.0
R,64195,0,0.5924662339510395,0.8857715430861723,0.0,0.0
R,64262,0,0.6345234547273317,0.9839679358717435,0.0,0.0
R,64417,0,0.7516912946200269,0.9879759519038076,0.0,0.0
R,64547,0,0.46420233403619027,0.9218436873747495,0.0,0.0
R,64783,0,0.5003019254042393,0.41282565130260523,0.0,0.0
R,64851,0,0.6416835165006971,0.9438877755511023,0.0,0.0
R,64925,0,0.671684316524364,0.9799599198396793,0.0,0.0
R,65218,0,0.5672463873519917,0.8897795591182365,0.0,0.0
R,65340,0,0.494113460828262,0.33867735470941884,0.0,0.0
R,65348,0,0.6737228077285909,0.9899799599198397,0.0,0.0
R,65417,0,0.563238217583999,0.7955911823647295,0.0,0.0
R,65553,0,0.5478381178125757,0.8156312625250501,0.0,0.0
R,65609,0,0.763647044145412,0.9979959919839679,0.0,1.0
R,65690,0,0.560884066687536,0.9919839679358717,0.0,1.0
R,65878,0,0.5669999435811839,0.8697394789579158,0.0,0.0
R,66058,0,0.6011701047015898,0.9498997995991983,0.0,0.0
R,66209,0,0.5220050758486705,0.47695390781563124,0.0,0.0
R,66269,0,0.5007162364777622,0.45691382765531063,0.0,0.0
R,66437,0,0.6083862480227166,0.8717434869739479,0.0,0.0
R,66512,0,0.5318204098743253,0.8016032064128257,0.0,0.0
R,66559,0,0.6104995062101874,0.8577154308617234,0.0,0.0
R,66875,0,0.656867770443801,0.9739478957915831,0.0,0.0
R,67261,0,0.48605975313629196,0.8256513026052105,0.0,0.0
R,67281,0,0.7006541783593074,0.9318637274549099,0.0,0.0
R,67361,0,0.6076934243281831,0.9839679358717435,0.0,0.0
R,67444,0,0.6725083292708387,0.9899799599198397,0.0,0.0
R,67673,0,0.5994966280899439,0.9318637274549099,0.0,0.0
R,67708,0,0.6112606599678501,0.9839679358717435,0.0,0.0
R,67899,0,0.5939072498127135,0.9178356713426854,0.0,0.0
R,68121,0,0.5308917098206727,0.9679358717434869,0.0,0.0
R,68127,0,0.740135804058166,0.9899799599198397,0.0,0.0
R,68173,0,0.6579835871327477,0.9979959919839679,0.0,1.0
R,68193,0,0.5171376307430635,0.9078156312625251,0.0,0.0
R,68287,0,0.6299521883035921,0.9879759519038076,0.0,0.0
R,68394,0,0.5677940937782041,0.4909819639278557,0.0,0.0
R,68473,0,0.44774094561559163,0.9819639278557114,0.0,0.0
R,68532,0,0.38432343179930883,0.1282565130260521,0.0,0.0
R,68553,0,0.6174348382713755,0.9959919839679359,0.0,1.0
R,68819,0,0.6264241701184605,0.9799599198396793,0.0,0.0
R,69085,0,0.7868286242462126,0.9839679358717435,0.0,0.0
R,69087,0,0.710714677423221,1.0,1.0,1.0
R,69137,0,0.6380100072480834,0.9919839679358717,0.0,1.0
R,69462,0,0.7482345516319099,0.9819639278557114,0.0,0.0
R,69641,0,0.841701045565632,0.9759519038076152,0.0,0.0
R,70279,0,0.5727203208839097,0.8156312625250501,0.0,0.0
R,70372,0,0.5726920891911045,0.8937875751503006,0.0,0.0
R,70496,0,0.5953036932393636,0.8036072144288577,0.0,0.0
R,70765,0,0.709424731838521,1.0,1.0,1.0
R,71264,0,0.595847833230549,0.7975951903807615,0.0,0.0
R,71624,0,0.5239181707131935,0.7394789579158316,0.0,0.0
R,71735,0,0.7869156476469104,0.9819639278557114,0.0,0.0
R,72089,0,0.605599895857452,0.8717434869739479,0.0,0.0
R,72151,0,0.8565772453542154,0.9959919839679359,0.0,1.0
R,72389,0,0.5898135377214757,0.9599198396793587,0.0,0.0
R,72527,0,0.5278504747059992,0.8156312625250501,0.0,0.0
R,95,1,0.8138923489235452,0.9979959919839679,0.0,1.0
R,204,1,0.6248391304165045,0.8937875751503006,0.0,0.0
R,318,1,0.6078076891468731,0.8677354709418837,0.0,0.0
R,356,1,0.6583235364142996,0.9278557114228457,0.0,0.0
R,425,1,0.6718316837202598,0.9819639278557114,0.0,0.0
R,458,1,0.6473256089845907,0.9238476953907816,0.0,0.0
R,637,1,0.49703163748947815,0.9679358717434869,0.0,0.0
R,709,1,0.7136738042166191,0.9959919839679359,0.0,1.0
R,868,1,0.4309872988001798,0.2665330661322645,0.0,0.0
R,1015,1,0.663224932510724,0.9979959919839679,0.0,1.0
R,1288,1,0.7025092442248315,0.9979959919839679,0.0,1.0
R,1589,1,0.5908014967124555,0.8176352705410822,0.0,0.0
R,1744,1,0.6982941748770851,0.9859719438877755,0.0,0.0
R,1818,1,0.5766831928353375,0.9418837675350702,0.0,0.0
R,2070,1,0.3871089839506354,0.8857715430861723,0.0,0.0
R,2125,1,0.48532566476618844,0.46893787575150303,0.0,0.0
R,2327,1,0.566247816823298,0.8156312625250501,0.0,0.0
R,2737,1,0.7722984695970178,0.9639278557114228,0.0,0.0
R,2795,1,0.7143325209288902,0.9659318637274549,0.0,0.0
R,2980,1,0.8134041743109315,0.9679358717434869,0.0,0.0
R,3338,1,0.5118666902786587,0.3246492985971944,0.0,0.0
R,3344,1,0.35848845480760316,0.05811623246492986,0.0,0.0
R,3368,1,0.6646803204593974,0.9519038076152304,0.0,0.0
R,3731,1,0.6191332721847107,0.8476953907815631,0.0,0.0
R,3803,1,0.44800437790965186,0.7354709418837675,0.0,0.0
R,4292,1,0.6175632387075093,1.0,1.0,1.0
R,4409,1,0.6488938417532538,0.9859719438877755,0.0,0.0
R,4476,1,0.5903112871751702,0.9639278557114228,0.0,0.0
R,4509,1,0.5900488064338801,0.8997995991983968,0.0,0.0
R,4927,1,0.5546810322936168,0.8937875751503006,0.0,0.0
R,4967,1,0.8480804271861816,0.9939879759519038,0.0,1.0
R,5340,1,0.6455791230725902,0.9338677354709419,0.0,0.0
R,5582,1,0.7611303474727797,0.9979959919839679,0.0,1.0
R,5656,1,0.5874322545367832,0.811623246492986,0.0,0.0
R,5683,1,0.8200709307354361,0.9979959919839679,0.0,1.0
R,5790,1,0.5579889051330368,0.4729458917835671,0.0,0.0
R,5929,1,0.44180898781983663,0.11623246492985972,0.0,0.0
R,6315,1,0.6936635789078389,0.9739478957915831,0.0,0.0
R,6360,1,0.4410037349687548,0.46693386773547096,0.0,0.0
R,6454,1,0.5843771858695347,0.9679358717434869,0.0,0.0
R,6603,1,0.565025659822908,0.8236472945891784,0.0,0.0
R,6750,1,0.5837182055065884,0.7394789579158316,0.0,0.0
R,6759,1,0.8090203955230637,0.9819639278557114,0.0,0.0
R,6770,1,0.7020254240601023,0.9839679358717435,0.0,0.0
R,6991,1,0.5776287138552388,0.9639278557114228,0.0,0.0
R,7306,1,0.5181701155533354,0.56312625250501,0.0,0.0
R,7355,1,0.6144718352239347,0.8537074148296593,0.0,0.0
R,7899,1,0.6101494158780282,0.9939879759519038,0.0,1.0
R,8061,1,0.349617452056568,0.6012024048096193,0.0,0.0
R,8215,1,0.5224762474263784,0.9899799599198397,0.0,0.0
R,8234,1,0.6739072153552261,0.9338677354709419,0.0,0.0
R,8238,1,0.686264159750488,0.9378757515030061,0.0,0.0
R,8275,1,0.5052708274053169,0.30861723446893785,0.0,0.0
R,8367,1,0.6931661707741672,0.9939879759519038,0.0,1.0
R,8828,1,0.6268350362221353,0.8897795591182365,0.0,0.0
R,8862,1,0.7385672164545063,1.0,1.0,1.0
R,8926,1,0.6040750512930462,0.9959919839679359,0.0,1.0
R,9188,1,0.7947798900648342,0.9939879759519038,0.0,1.0
R,9298,1,0.5721584062679574,0.9639278557114228,0.0,0.0
R,9376,1,0.8481988396636005,1.0,1.0,1.0
R,9712,1,0.48043169892715176,0.5651302605210421,0.0,0.0
R,9877,1,0.7097643995568887,0.9839679358717435,0.0,0.0
R,10115,1,0.44693449324153806,0.20841683366733466,0.0,0.0
R,10191,1,0.7939889764482411,1.0,1.0,1.0
R,10361,1,0.5098105824598049,0.687374749498998,0.0,0.0
R,10602,1,0.6947063648536869,0.9719438877755511,0.0,0.0
R,10622,1,0.6848102399875884,0.9919839679358717,0.0,1.0
R,11050,1,0.5437062608568038,0.9659318637274549,0.0,0.0
R,11274,1,0.7169810816220952,0.9759519038076152,0.0,0.0
R,11493,1,0.7248827667485392,1.0,1.0,1.0
R,11757,1,0.5970199003140211,0.9759519038076152,0.0,0.0
R,11886,1,0.6833715660074947,0.9278557114228457,0.0,0.0
R,12122,1,0.6707582596069511,0.9939879759519038,0.0,1.0
R,12225,1,0.5507830300780525,0.5851703406813628,0.0,0.0
R,12292,1,0.4265458716009197,0.18837675350701402,0.0,0.0
R,12340,1,0.6620237235783788,0.9819639278557114,0.0,0.0
R,12386,1,0.5995309974740244,0.9759519038076152,0.0,0.0
R,12597,1,0.5472959098054668,0.9238476953907816,0.0,0.0
R,13041,1,0.695294391832488,0.9579158316633266,0.0,0.0
R,13134,1,0.5433537128796825,0.8877755511022044,0.0,0.0
R,13223,1,0.637691796876284,0.9398797595190381,0.0,0.0
R,13298,1,0.5392873263417041,0.8496993987975952,0.0,0.0
R,13587,1,0.45429900653672883,0.5711422845691383,0.0,0.0
R,13703,1,0.4848877658168999,0.5971943887775552,0.0,0.0
R,13741,1,0.51729723354747,0.5771543086172345,0.0,0.0
R,13749,1,0.5073957298870347,0.2785571142284569,0.0,0.0
R,13826,1,0.5707543734488838,0.8857715430861723,0.0,0.0
R,13842,1,0.6836989219321411,0.9098196392785571,0.0,0.0
R,13879,1,0.5578679761053184,0.8056112224448898,0.0,0.0
R,13895,1,0.5126554774277493,0.6492985971943888,0.0,0.0
R,13938,1,0.8356132860939477,0.9919839679358717,0.0,1.0
R,14049,1,0.7901649852727595,1.0,1.0,1.0
R,14170,1,0.7481181175508917,0.9458917835671342,0.0,0.0
R,14245,1,0.8164133703862559,0.9939879759519038,0.0,1.0
R,14274,1,0.49352791765162546,0.32665330661322645,0.0,0.0
R,14728,1,0.6060292200158899,0.969939879759519,0.0,0.0
R,15068,1,0.7580499313611386,0.9619238476953907,0.0,0.0
R,15181,1,0.6160411496327569,0.9458917835671342,0.0,0.0
R,15182,1,0.5045855294315447,0.9098196392785571,0.0,0.0
R,15191,1,0.531872488803135,0.8617234468937875,0.0,0.0
R,15274,1,0.8128718408490034,0.9899799599198397,0.0,0.0
R,15386,1,0.5156972882597733,0.811623246492986,0.0,0.0
R,15438,1,0.4500853940640164,0.2685370741482966,0.0,0.0
R,15516,1,0.5057260451724542,0.8416833667334669,0.0,0.0
R,15631,1,0.6043571447464706,0.8977955911823647,0.0,0.0
R,15632,1,0.7146656837509361,1.0,1.0,1.0
R,15865,1,0.5072467540908551,0.48296593186372744,0.0,0.0
R,15898,1,0.6839872660080665,0.9679358717434869,0.0,0.0
R,15953,1,0.6122582084303088,0.8236472945891784,0.0,0.0
R,15985,1,0.8098767352198335,0.9959919839679359,0.0,1.0
R,16251,1,0.6484551011219022,0.9839679358717435,0.0,0.0
R,16424,1,0.6232221940516726,0.9278557114228457,0.0,0.0
R,16525,1,0.7268638373163672,0.9939879759519038,0.0,1.0
R,16625,1,0.8674950231002525,0.9919839679358717,0.0,1.0
R,16718,1,0.5763165601986012,0.935871743486974,0.0,0.0
R,16800,1,0.6015180434478944,0.9759519038076152,0.0,0.0
R,17017,1,0.5777549223549895,0.9979959919839679,0.0,1.0
R,17605,1,0.5520094572155603,0.7955911823647295,0.0,0.0
R,17651,1,0.5513617816214933,0.5871743486973948,0.0,0.0
R,17795,1,0.48861506960517037,0.591182364729459,0.0,0.0
R,17843,1,0.5789518453039308,0.8717434869739479,0.0,0.0
R,17865,1,0.7116818142336816,0.9919839679358717,0.0,1.0
R,17946,1,0.6239571790304639,0.9679358717434869,0.0,0.0
R,17987,1,0.614374453201574,0.9519038076152304,0.0,0.0
R,18115,1,0.5151836030158099,0.8036072144288577,0.0,0.0
R,18159,1,0.6084788556058923,0.8196392785571143,0.0,0.0
R,18170,1,0.5226474150876219,0.9919839679358717,0.0,1.0
R,18556,1,0.648500749496322,0.8997995991983968,0.0,0.0
R,18888,1,0.7432353694429013,1.0,1.0,1.0
R,18960,1,0.7680090597749474,1.0,1.0,1.0
R,19331,1,0.6564070635717111,0.8997995991983968,0.0,0.0
R,19471,1,0.5784184071565356,0.5270541082164328,0.0,0.0
R,19593,1,0.3817569702928769,0.15831663326653306,0.0,0.0
R,19605,1,0.3686756050445853,0.08817635270541083,0.0,0.0
R,20013,1,0.6227487101677357,0.9519038076152304,0.0,0.0
R,20072,1,0.6611647481638953,0.9679358717434869,0.0,0.0
R,20317,1,0.6081568577895555,0.935871743486974,0.0,0.0
R,20380,1,0.4146065762206718,0.43687374749499,0.0,0.0
R,20520,1,0.7734233396219112,0.9939879759519038,0.0,1.0
R,20545,1,0.7450412096124327,0.9959919839679359,0.0,1.0
R,20863,1,0.6469996190423482,0.9879759519038076,0.0,0.0
R,20882,1,0.8388037896159493,0.9959919839679359,0.0,1.0
R,20904,1,0.7371593763124067,0.9919839679358717,0.0,1.0
R,21295,1,0.7476129000656222,0.9739478957915831,0.0,0.0
R,21414,1,0.8004756971426021,0.9979959919839679,0.0,1.0
R,21436,1,0.6575395715491232,0.8797595190380761,0.0,0.0
R,21558,1,0.6596565408983796,0.9919839679358717,0.0,1.0
R,21887,1,0.49511197545338925,0.5110220440881763,0.0,0.0
R,22215,1,0.49836459126862254,0.45691382765531063,0.0,0.0
R,22299,1,0.7252849974226208,0.9959919839679359,0.0,1.0
R,22303,1,0.6719106820478045,0.9879759519038076,0.0,0.0
R,22452,1,0.5570914710078317,0.6653306613226453,0.0,0.0
R,22793,1,0.6533016929305282,0.9599198396793587,0.0,0.0
R,22803,1,0.5462258337249843,0.8917835671342685,0.0,0.0
R,22924,1,0.5648595965114641,0.9178356713426854,0.0,0.0
R,23314,1,0.8508059683957635,1.0,1.0,1.0
R,23445,1,0.6733157302255266,0.9539078156312625,0.0,0.0
R,23479,1,0.5154561530922945,0.9398797595190381,0.0,0.0
R,23623,1,0.4539647495778058,0.6072144288577155,0.0,0.0
R,23633,1,0.489174907608647,0.687374749498998,0.0,0.0
R,23642,1,0.5881164461727758,0.9959919839679359,0.0,1.0
R,23803,1,0.7928932978828163,0.9939879759519038,0.0,1.0
R,24062,1,0.48609877950409264,0.42685370741482964,0.0,0.0
R,24103,1,0.5571249421042044,0.6913827655310621,0.0,0.0
R,24306,1,0.6904607349989481,0.9979959919839679,0.0,1.0
R,24700,1,0.7151785231769794,0.9659318637274549,0.0,0.0
R,24790,1,0.5559768824509592,0.969939879759519,0.0,0.0
R,25150,1,0.6197837507852161,0.969939879759519,0.0,0.0
R,25166,1,0.558231414073247,0.9238476953907816,0.0,0.0
R,25339,1,0.6863175680517484,0.9939879759519038,0.0,1.0
R,25360,1,0.5798462861549639,0.8697394789579158,0.0,0.0
R,25374,1,0.5432283300053367,0.6793587174348698,0.0,0.0
R,25447,1,0.7130386530081605,0.9979959919839679,0.0,1.0
R,26070,1,0.4364830037121378,0.4709418837675351,0.0,0.0
R,26146,1,0.675808702228951,0.9719438877755511,0.0,0.0
R,26419,1,0.6294332446143218,0.935871743486974,0.0,0.0
R,26519,1,0.34133525429572087,0.4649298597194389,0.0,0.0
R,26535,1,0.6092127818115421,0.9458917835671342,0.0,0.0
R,26749,1,0.751440600756784,0.9959919839679359,0.0,1.0
R,27131,1,0.6974801014772656,1.0,1.0,1.0
R,27196,1,0.6497133059068501,0.9559118236472945,0.0,0.0
R,27240,1,0.6684946993970242,0.9959919839679359,0.0,1.0
R,27260,1,0.6296526171773574,0.9519038076152304,0.0,0.0
R,27648,1,0.7710281168489057,0.9939879759519038,0.0,1.0
R,27688,1,0.705678144430123,0.9859719438877755,0.0,0.0
R,27781,1,0.55398438711171,0.6012024048096193,0.0,0.0
R,28157,1,0.6979974764117848,0.935871743486974,0.0,0.0
R,28253,1,0.5052323292567491,0.5490981963927856,0.0,0.0
R,28276,1,0.5580615764435046,0.7895791583166333,0.0,0.0
R,28309,1,0.7509029051822509,1.0,1.0,1.0
R,28511,1,0.45985436786976897,0.1342685370741483,0.0,0.0
R,28548,1,0.7744713277919879,0.9639278557114228,0.0,0.0
R,28979,1,0.5266788924496772,0.625250501002004,0.0,0.0
R,29018,1,0.613068479474386,0.9378757515030061,0.0,0.0
R,29179,1,0.8110804882832591,0.9959919839679359,0.0,1.0
R,29221,1,0.7868180516284276,0.9959919839679359,0.0,1.0
R,29400,1,0.538193959077242,0.7955911823647295,0.0,0.0
R,29511,1,0.5325243112001308,0.4348697394789579,0.0,0.0
R,29591,1,0.5202150567805794,0.7735470941883767,0.0,0.0
R,29610,1,0.7062808846166744,0.9859719438877755,0.0,0.0
R,29717,1,0.7867821939867655,0.9739478957915831,0.0,0.0
R,29815,1,0.8083198498195333,0.9939879759519038,0.0,1.0
R,29831,1,0.6664952856239414,0.9579158316633266,0.0,0.0
R,29903,1,0.6593605042745412,0.9919839679358717,0.0,1.0
R,29942,1,0.5211101552194535,0.6132264529058116,0.0,0.0
R,30016,1,0.48265714838152624,0.40480961923847697,0.0,0.0
R,30068,1,0.4904063304163795,0.15430861723446893,0.0,0.0
R,30077,1,0.8054421838158363,0.9919839679358717,0.0,1.0
R,30139,1,0.6613213239621125,0.9759519038076152,0.0,0.0
R,30888,1,0.5936413608898372,0.969939879759519,0.0,0.0
R,30961,1,0.7701935526449069,0.9959919839679359,0.0,1.0
R,31234,1,0.620948794245916,0.9759519038076152,0.0,0.0
R,31244,1,0.5042363494775592,0.46092184368737477,0.0,0.0
R,31251,1,0.49575181456672623,0.969939879759519,0.0,0.0
R,31280,1,0.6771250273520828,0.9539078156312625,0.0,0.0
R,31503,1,0.6693490159368071,0.9639278557114228,0.0,0.0
R,31776,1,0.5044330309520985,0.7414829659318637,0.0,0.0
R,32051,1,0.6637761943181854,0.9959919839679359,0.0,1.0
R,32062,1,0.5508632115315676,0.8196392785571143,0.0,0.0
R,32140,1,0.8286184572655599,0.9859719438877755,0.0,0.0
R,32365,1,0.6256788631533533,0.8517034068136272,0.0,0.0
R,32427,1,0.5910027119627045,0.7114228456913828,0.0,0.0
R,32470,1,0.6859921101830653,0.9138276553106213,0.0,0.0
R,32532,1,0.5224778263292528,0.3527054108216433,0.0,0.0
R,32630,1,0.6967054156912751,0.9659318637274549,0.0,0.0
R,32680,1,0.7314594724836495,0.9919839679358717,0.0,1.0
R,32697,1,0.7736646145306967,0.969939879759519,0.0,0.0
R,33057,1,0.5839217903904357,0.8156312625250501,0.0,0.0
R,33084,1,0.8266686316359646,0.9979959919839679,0.0,1.0
R,33123,1,0.7408551535589809,1.0,1.0,1.0
R,33256,1,0.6607037408787813,0.9959919839679359,0.0,1.0
R,33264,1,0.7596604418434476,0.9979959919839679,0.0,1.0
R,33336,1,0.6151416132966394,0.9258517034068137,0.0,0.0
R,33342,1,0.5486059465862188,0.9619238476953907,0.0,0.0
R,33512,1,0.6673992798719235,0.9559118236472945,0.0,0.0
R,33863,1,0.5782872805065431,0.8196392785571143,0.0,0.0
R,33990,1,0.799304948306472,0.9879759519038076,0.0,0.0
R,34169,1,0.6123110226349837,0.9979959919839679,0.0,1.0
R,34198,1,0.5928230536113476,0.8557114228456913,0.0,0.0
R,34415,1,0.6872077706384904,0.9939879759519038,0.0,1.0
R,34509,1,0.5468497344328108,0.5410821643286573,0.0,0.0
R,34565,1,0.6980892677780357,0.9899799599198397,0.0,0.0
R,34854,1,0.874279646308364,0.9979959919839679,0.0,1.0
R,34998,1,0.5599355037661048,0.7755511022044088,0.0,0.0
R,35100,1,0.6501987943907996,0.9799599198396793,0.0,0.0
R,35119,1,0.6498895813526404,0.9899799599198397,0.0,0.0
R,35131,1,0.5683783730654333,0.749498997995992,0.0,0.0
R,35234,1,0.4089321747919318,0.0781563126252505,0.0,0.0
R,35269,1,0.4586287076312911,0.35671342685370744,0.0,0.0
R,35281,1,0.6393343403947339,0.969939879759519,0.0,0.0
R,35475,1,0.43908368856950036,0.8296593186372746,0.0,0.0
R,35600,1,0.6771658778176184,0.9438877755511023,0.0,0.0
R,35613,1,0.6309197458006632,0.9579158316633266,0.0,0.0
R,35659,1,0.8477035839591824,0.9879759519038076,0.0,0.0
R,35916,1,0.756717948325238,0.9979959919839679,0.0,1.0
R,35964,1,0.5488737793594134,0.9519038076152304,0.0,0.0
R,36198,1,0.5770116706746806,0.9939879759519038,0.0,1.0
R,36287,1,0.5305422510080013,0.9559118236472945,0.0,0.0
R,36543,1,0.7846054940745164,0.9719438877755511,0.0,0.0
R,36557,1,0.6830937116913747,1.0,1.0,1.0
R,36992,1,0.5800491493168033,0.9939879759519038,0.0,1.0
R,37034,1,0.3772249579994107,0.014028056112224449,0.0,0.0
R,37053,1,0.8760322438590107,1.0,1.0,1.0
R,37255,1,0.8016265137693639,1.0,1.0,1.0
R,37362,1,0.6004066973619152,0.9258517034068137,0.0,0.0
R,37406,1,0.5471415666993598,0.8897795591182365,0.0,0.0
R,37505,1,0.6433670389217162,0.9919839679358717,0.0,1.0
R,37552,1,0.820876877887672,0.9899799599198397,0.0,0.0
R,37899,1,0.7856082574796734,0.9719438877755511,0.0,0.0
R,38091,1,0.3745766868562307,0.1523046092184369,0.0,0.0
R,38194,1,0.6080926825238817,0.8517034068136272,0.0,0.0
R,38375,1,0.6034380591973192,0.7835671342685371,0.0,0.0
R,38380,1,0.7453459536033972,0.9959919839679359,0.0,1.0
R,38833,1,0.7030180860736096,0.9759519038076152,0.0,0.0
R,38887,1,0.7295619572456034,0.9859719438877755,0.0,0.0
R,39183,1,0.6726588415363224,0.969939879759519,0.0,0.0
R,39288,1,0.8458036538589594,1.0,1.0,1.0
R,39384,1,0.5292722746564692,0.8256513026052105,0.0,0.0
R,39490,1,0.8028714177318742,0.9979959919839679,0.0,1.0
R,39557,1,0.62246582254901,0.969939879759519,0.0,0.0
R,39756,1,0.48812502515265455,0.49298597194388777,0.0,0.0
R,39793,1,0.5339409437246538,0.811623246492986,0.0,0.0
R,39920,1,0.5646930823217251,0.9438877755511023,0.0,0.0
R,39986,1,0.5191232244762797,0.8957915831663327,0.0,0.0
R,40269,1,0.6332337852298631,0.969939879759519,0.0,0.0
R,40756,1,0.6895609111474186,0.9959919839679359,0.0,1.0
R,40798,1,0.6245269982202564,0.9959919839679359,0.0,1.0
R,40819,1,0.6886430466263944,0.9719438877755511,0.0,0.0
R,40933,1,0.7192454362192631,0.9779559118236473,0.0,0.0
R,40990,1,0.556514318369522,0.9519038076152304,0.0,0.0
R,41120,1,0.6139491203748311,0.8537074148296593,0.0,0.0
R,41402,1,0.6008947844511281,0.9338677354709419,0.0,0.0
R,41540,1,0.6181700868260456,0.9539078156312625,0.0,0.0
R,41555,1,0.7940156068122064,0.9959919839679359,0.0,1.0
R,41561,1,0.5632230885302263,0.749498997995992,0.0,0.0
R,41592,1,0.6645195276461844,0.9879759519038076,0.0,0.0
R,41636,1,0.7001621096304413,0.9859719438877755,0.0,0.0
R,41640,1,0.6013682649840286,0.9719438877755511,0.0,0.0
R,41924,1,0.8974401558831784,1.0,1.0,1.0
R,41976,1,0.7378020653998427,1.0,1.0,1.0
R,42022,1,0.6239411224200706,0.9859719438877755,0.0,0.0
R,42251,1,0.7084457115807586,0.9879759519038076,0.0,0.0
R,42302,1,0.5953580556298008,0.9378757515030061,0.0,0.0
R,42466,1,0.7211912837552332,0.9919839679358717,0.0,1.0
R,42679,1,0.4343765395782555,0.2725450901803607,0.0,0.0
R,43065,1,0.6620623897476434,0.9839679358717435,0.0,0.0
R,43198,1,0.6049853274521504,1.0,1.0,1.0
R,43211,1,0.7946250476027052,0.9919839679358717,0.0,1.0
R,43332,1,0.6127672684749796,0.8977955911823647,0.0,0.0
R,43546,1,0.5098553096997576,0.8336673346693386,0.0,0.0
R,43584,1,0.5568392893962383,0.8877755511022044,0.0,0.0
R,44248,1,0.6152091209995452,0.7555110220440882,0.0,0.0
R,44279,1,0.6200386690572578,0.9639278557114228,0.0,0.0
R,44360,1,0.6575654271875171,0.9799599198396793,0.0,0.0
R,44413,1,0.5516534612997923,0.6092184368737475,0.0,0.0
R,44422,1,0.7434003573500076,0.9939879759519038,0.0,1.0
R,44903,1,0.5170580099859761,0.42084168336673344,0.0,0.0
R,44975,1,0.6117016828137138,0.9318637274549099,0.0,0.0
R,45377,1,0.8977193232914704,0.9979959919839679,0.0,1.0
R,45528,1,0.620845986991652,0.9919839679358717,0.0,1.0
R,45699,1,0.526199849691906,0.3366733466933868,0.0,0.0
R,45952,1,0.64115681391961,0.9959919839679359,0.0,1.0
R,45987,1,0.685900855464573,0.9899799599198397,0.0,0.0
R,46166,1,0.603131082666352,0.9519038076152304,0.0,0.0
R,46276,1,0.47106655890369836,0.8276553106212425,0.0,0.0
R,46403,1,0.7688132194102693,1.0,1.0,1.0
R,46524,1,0.40159061269163365,0.04008016032064128,0.0,0.0
R,46653,1,0.5300298959276036,0.7675350701402806,0.0,0.0
R,47030,1,0.592388584832293,0.8216432865731463,0.0,0.0
R,47086,1,0.4763153677548705,0.3346693386773547,0.0,0.0
R,47093,1,0.5377156364525789,0.9078156312625251,0.0,0.0
R,47122,1,0.9298194579450948,1.0,1.0,1.0
R,47125,1,0.44696933148902473,0.28857715430861725,0.0,0.0
R,47331,1,0.708264921333712,0.9919839679358717,0.0,1.0
R,47471,1,0.7231034032474404,0.9458917835671342,0.0,0.0
R,47583,1,0.7729222473928989,0.9979959919839679,0.0,1.0
R,47744,1,0.8007484421432085,0.9979959919839679,0.0,1.0
R,47907,1,0.4448061548201142,0.13026052104208416,0.0,0.0
R,48376,1,0.8801842713201768,1.0,1.0,1.0
R,48655,1,0.5121771703143675,0.6993987975951904,0.0,0.0
R,48911,1,0.571177129830494,0.7875751503006012,0.0,0.0
R,49170,1,0.8427371735030962,0.9979959919839679,0.0,1.0
R,49195,1,0.683861950273331,0.9639278557114228,0.0,0.0
R,49256,1,0.5365319933460082,0.593186372745491,0.0,0.0
R,49315,1,0.5273512527415865,0.5070140280561122,0.0,0.0
R,49474,1,0.8943586109633352,1.0,1.0,1.0
R,49475,1,0.7401022643524466,0.9919839679358717,0.0,1.0
R,49678,1,0.6056796360899808,0.9879759519038076,0.0,0.0
R,49702,1,0.6385786888143515,0.8717434869739479,0.0,0.0
R,49760,1,0.7279665694674385,0.9979959919839679,0.0,1.0
R,50203,1,0.6420595622477117,0.9959919839679359,0.0,1.0
R,50210,1,0.519488830866178,0.24248496993987975,0.0,0.0
R,50622,1,0.6587919129677161,1.0,1.0,1.0
R,50708,1,0.5931286965527474,0.9258517034068137,0.0,0.0
R,50739,1,0.5443067096830778,0.6733466933867736,0.0,0.0
R,50850,1,0.7738029635009738,0.9959919839679359,0.0,1.0
R,51008,1,0.7936340658483304,0.9959919839679359,0.0,1.0
R,51227,1,0.6884470295450995,0.9659318637274549,0.0,0.0
R,51300,1,0.5727565253311903,0.9378757515030061,0.0,0.0
R,51380,1,0.7222883217182273,0.9979959919839679,0.0,1.0
R,51385,1,0.7240901451949161,0.9298597194388778,0.0,0.0
R,51436,1,0.611931027678917,0.9378757515030061,0.0,0.0
R,51517,1,0.7541665308807424,0.9919839679358717,0.0,1.0
R,51688,1,0.7246537134694168,1.0,1.0,1.0
R,51865,1,0.6494611718216239,0.8837675350701403,0.0,0.0
R,51943,1,0.6755670144092341,0.9959919839679359,0.0,1.0
R,51956,1,0.5762777131306819,0.7194388777555111,0.0,0.0
R,51990,1,0.649521512671066,0.843687374749499,0.0,0.0
R,52228,1,0.6577873342221486,0.9899799599198397,0.0,0.0
R,52277,1,0.6498772421696175,0.9879759519038076,0.0,0.0
R,52729,1,0.5591990407851908,0.8396793587174348,0.0,0.0
R,52733,1,0.5927001658162628,0.8877755511022044,0.0,0.0
R,52803,1,0.5951068072990688,0.9719438877755511,0.0,0.0
R,52927,1,0.7795524127539524,0.9939879759519038,0.0,1.0
R,53445,1,0.7578622369835081,0.9899799599198397,0.0,0.0
R,53659,1,0.8130046100868059,0.9979959919839679,0.0,1.0
R,53729,1,0.7819452989250348,0.9779559118236473,0.0,0.0
R,53974,1,0.7290408864612153,0.9919839679358717,0.0,1.0
R,54054,1,0.48802364108844076,0.7915831663326653,0.0,0.0
R,54099,1,0.840837117135834,0.9899799599198397,0.0,0.0
R,54250,1,0.8765792626065223,0.9979959919839679,0.0,1.0
R,54336,1,0.7397780714867787,0.9959919839679359,0.0,1.0
R,54681,1,0.7683217820457273,0.9899799599198397,0.0,0.0
R,55202,1,0.8895082930862235,0.9959919839679359,0.0,1.0
R,55501,1,0.6258731278900094,0.8937875751503006,0.0,0.0
R,55597,1,0.816291662518779,0.9819639278557114,0.0,0.0
R,55741,1,0.529011413117694,0.593186372745491,0.0,0.0
R,55808,1,0.6300070442327766,0.9799599198396793,0.0,0.0
R,55876,1,0.5128451587712786,0.7214428857715431,0.0,0.0
R,55878,1,0.6667776073036825,0.8797595190380761,0.0,0.0
R,56047,1,0.6616528104638526,0.9959919839679359,0.0,1.0
R,56131,1,0.3199683319990299,0.1623246492985972,0.0,0.0
R,56162,1,0.6098936714332249,0.9378757515030061,0.0,0.0
R,56272,1,0.5651365825482394,0.7675350701402806,0.0,0.0
R,56496,1,0.4287164274655753,0.6312625250501002,0.0,0.0
R,56554,1,0.7833217022621657,0.9839679358717435,0.0,0.0
R,56629,1,0.5634744463175131,0.7434869739478958,0.0,0.0
R,56651,1,0.6339232982774818,0.9619238476953907,0.0,0.0
R,56698,1,0.5842801599540342,0.969939879759519,0.0,0.0
R,56873,1,0.3854467158989926,0.25851703406813625,0.0,0.0
R,56963,1,0.5575441263759412,0.6452905811623246,0.0,0.0
R,57114,1,0.6742838518339045,0.9378757515030061,0.0,0.0
R,57244,1,0.8182268403624462,1.0,1.0,1.0
R,57830,1,0.6135862038348102,0.9398797595190381,0.0,0.0
R,57994,1,0.6528772043114628,0.9899799599198397,0.0,0.0
R,58004,1,0.8744609060530922,1.0,1.0,1.0
R,58157,1,0.5714166340818501,0.9278557114228457,0.0,0.0
R,58169,1,0.6338256957894435,0.9639278557114228,0.0,0.0
R,58252,1,0.660447810124347,0.9799599198396793,0.0,0.0
R,58341,1,0.6015932142852162,0.9559118236472945,0.0,0.0
R,58458,1,0.6088199345771861,0.8677354709418837,0.0,0.0
R,58572,1,0.5243192459519999,0.9338677354709419,0.0,0.0
R,58835,1,0.5928872424959202,0.8857715430861723,0.0,0.0
R,58977,1,0.7197387928940122,0.9819639278557114,0.0,0.0
R,58988,1,0.76133930241458,0.9819639278557114,0.0,0.0
R,59101,1,0.8399515753288584,0.9859719438877755,0.0,0.0
R,59177,1,0.7137507894506038,0.9599198396793587,0.0,0.0
R,59183,1,0.8924122138769595,1.0,1.0,1.0
R,59219,1,0.7102404054468882,0.9979959919839679,0.0,1.0
R,59293,1,0.8476181229502988,1.0,1.0,1.0
R,59464,1,0.5281806136125304,0.593186372745491,0.0,0.0
R,59470,1,0.6520968953683108,0.969939879759519,0.0,0.0
R,59508,1,0.6177122675098843,0.87374749498998,0.0,0.0
R,59838,1,0.6235427854830078,0.9178356713426854,0.0,0.0
R,59905,1,0.4414442248983217,0.9579158316633266,0.0,0.0
R,60063,1,0.7749767532315854,0.9979959919839679,0.0,1.0
R,60496,1,0.6163872575895746,0.9759519038076152,0.0,0.0
R,60707,1,0.4745354343096128,0.9579158316633266,0.0,0.0
R,60784,1,0.6826754895721208,0.9779559118236473,0.0,0.0
R,60932,1,0.6869856595804431,0.9178356713426854,0.0,0.0
R,61327,1,0.6932954085802867,0.9338677354709419,0.0,0.0
R,61653,1,0.6688282870882489,0.9739478957915831,0.0,0.0
R,61683,1,0.7973692923150821,0.9979959919839679,0.0,1.0
R,61701,1,0.4557440023586452,0.23046092184368738,0.0,0.0
R,61868,1,0.7490683454088676,0.9719438877755511,0.0,0.0
R,61878,1,0.7203541386077994,0.9519038076152304,0.0,0.0
R,62117,1,0.5388162239261777,0.7194388777555111,0.0,0.0
R,62587,1,0.8025736221613676,1.0,1.0,1.0
R,62627,1,0.5174054621617038,0.7114228456913828,0.0,0.0
R,63062,1,0.5999695769549547,0.9859719438877755,0.0,0.0
R,63247,1,0.4627404151184117,0.6092184368737475,0.0,0.0
R,63837,1,0.4667438326468817,0.561122244488978,0.0,0.0
R,63869,1,0.4607951781059068,0.7895791583166333,0.0,0.0
R,64050,1,0.7426885361997659,0.9979959919839679,0.0,1.0
R,64148,1,0.44794327800035083,0.1462925851703407,0.0,0.0
R,64195,1,0.4651659139788554,0.6452905811623246,0.0,0.0
R,64262,1,0.4896757318035817,0.8537074148296593,0.0,0.0
R,64417,1,0.6458237724709546,0.9378757515030061,0.0,0.0
R,64547,1,0.7528538564117894,1.0,1.0,1.0
R,64783,1,0.5098832769445046,0.32064128256513025,0.0,0.0
R,64851,1,0.5315271058967581,0.8697394789579158,0.0,0.0
R,64925,1,0.5918127520697639,0.9078156312625251,0.0,0.0
R,65218,1,0.5013834573413759,0.8176352705410822,0.0,0.0
R,65340,1,0.38055306311558024,0.04609218436873747,0.0,0.0
R,65348,1,0.5254914562062141,0.6513026052104208,0.0,0.0
R,65417,1,0.5793746949891684,0.9599198396793587,0.0,0.0
R,65553,1,0.5255644955006751,0.7635270541082164,0.0,0.0
R,65609,1,0.8062288926027494,1.0,1.0,1.0
R,65690,1,0.3871736598708907,0.5871743486973948,0.0,0.0
R,65878,1,0.5791588169536531,0.7735470941883767,0.0,0.0
R,66058,1,0.6082013310393379,0.8717434869739479,0.0,0.0
R,66209,1,0.48490250149258696,0.23246492985971945,0.0,0.0
R,66269,1,0.47320237414320243,0.7695390781563126,0.0,0.0
R,66437,1,0.5688758492666331,0.8336673346693386,0.0,0.0
R,66512,1,0.5625818118913852,0.9098196392785571,0.0,0.0
R,66559,1,0.6795415053127183,0.9458917835671342,0.0,0.0
R,66875,1,0.6744097722715428,0.9859719438877755,0.0,0.0
R,67261,1,0.3725401952455819,0.7895791583166333,0.0,0.0
R,67281,1,0.6372961290924695,0.9118236472945892,0.0,0.0
R,67361,1,0.6465115248722185,0.9759519038076152,0.0,0.0
R,67444,1,0.7047897393735829,0.9859719438877755,0.0,0.0
R,67673,1,0.5641285081262469,0.9238476953907816,0.0,0.0
R,67708,1,0.7261046759933083,0.9939879759519038,0.0,1.0
R,67899,1,0.6781079732743529,1.0,1.0,1.0
R,68121,1,0.6423692308350816,0.969939879759519,0.0,0.0
R,68127,1,0.7195098953627517,0.9839679358717435,0.0,0.0
R,68173,1,0.5357581138676277,0.6833667334669339,0.0,0.0
R,68193,1,0.629834215280826,0.9799599198396793,0.0,0.0
R,68287,1,0.5859980988630205,0.9278557114228457,0.0,0.0
R,68394,1,0.5272617884375943,0.46893787575150303,0.0,0.0
R,68473,1,0.6862552675956342,1.0,1.0,1.0
R,68532,1,0.4105443608262511,0.2865731462925852,0.0,0.0
R,68553,1,0.6420252974524123,0.9839679358717435,0.0,0.0
R,68819,1,0.536499466470609,0.8316633266533067,0.0,0.0
R,69085,1,0.7551627327715952,0.9759519038076152,0.0,0.0
R,69087,1,0.6429340984417238,0.9919839679358717,0.0,1.0
R,69137,1,0.5738270494435596,0.905811623246493,0.0,0.0
R,69462,1,0.5434216792449892,0.9478957915831663,0.0,0.0
R,69641,1,0.9005741410676252,1.0,1.0,1.0
R,70279,1,0.5223461641127107,0.935871743486974,0.0,0.0
R,70372,1,0.657536398743892,0.9539078156312625,0.0,0.0
R,70496,1,0.6968734792594372,1.0,1.0,1.0
R,70765,1,0.6926295765285204,0.9819639278557114,0.0,0.0
R,71264,1,0.5055288490700761,0.7194388777555111,0.0,0.0
R,71624,1,0.543268111521315,0.935871743486974,0.0,0.0
R,71735,1,0.8270681326127757,0.9879759519038076,0.0,0.0
R,72089,1,0.6345248211759156,0.8476953907815631,0.0,0.0
R,72151,1,0.8169365897054313,0.9959919839679359,0.0,1.0
R,72389,1,0.5532593560611149,0.875751503006012,0.0,0.0
R,72527,1,0.6416701325069251,0.9458917835671342,0.0,0.0
L5000,95,0,0.8214822271429645,0.9839679358717435,0.0,0.0
L5000,204,0,0.5830916078598586,0.779559118236473,0.0,0.0
L5000,318,0,0.6363630928848919,0.9098196392785571,0.0,0.0
L5000,356,0,0.6053445611854709,0.8837675350701403,0.0,0.0
L5000,425,0,0.6709364414459524,0.9679358717434869,0.0,0.0
L5000,458,0,0.6267313118441984,0.9218436873747495,0.0,0.0
L5000,637,0,0.600145299299805,0.8517034068136272,0.0,0.0
L5000,709,0,0.7157632522769919,0.9979959919839679,0.0,1.0
L5000,868,0,0.31257388106419604,0.14829659318637275,0.0,0.0
L5000,1015,0,0.7148501806659965,0.9979959919839679,0.0,1.0
L5000,1288,0,0.6252203390302081,0.9919839679358717,0.0,1.0
L5000,1589,0,0.6358891741063095,0.9599198396793587,0.0,0.0
L5000,1744,0,0.63729898641816,0.8637274549098196,0.0,0.0
L5000,1818,0,0.49905063186276566,0.9158316633266533,0.0,0.0
L5000,2070,0,0.31293806670370117,0.002004008016032064,0.0,0.0
L5000,2125,0,0.6577739279190107,0.9839679358717435,0.0,0.0
L5000,2327,0,0.4992794978354915,0.6993987975951904,0.0,0.0
L5000,2737,0,0.8290173551842477,0.9899799599198397,0.0,0.0
L5000,2795,0,0.7122568788158832,0.9819639278557114,0.0,0.0
L5000,2980,0,0.7493549638334225,0.9939879759519038,0.0,1.0
L5000,3338,0,0.5615974560272731,0.7995991983967936,0.0,0.0
L5000,3344,0,0.3390035986521424,0.08617234468937876,0.0,0.0
L5000,3368,0,0.5354729072799119,0.9378757515030061,0.0,0.0
L5000,3731,0,0.5669568065338084,0.9258517034068137,0.0,0.0
L5000,3803,0,0.6184687777459189,0.9539078156312625,0.0,0.0
L5000,4292,0,0.4355868751555031,1.0,1.0,1.0
L5000,4409,0,0.5983056935773241,0.9118236472945892,0.0,0.0
L5000,4476,0,0.7071388995791638,1.0,1.0,1.0
L5000,4509,0,0.7128335284788834,0.9939879759519038,0.0,1.0
L5000,4927,0,0.538091725889003,0.9078156312625251,0.0,0.0
L5000,4967,0,0.7401683649749553,0.9438877755511023,0.0,0.0
L5000,5340,0,0.6723004162964866,0.9979959919839679,0.0,1.0
L5000,5582,0,0.8826604430764933,0.9959919839679359,0.0,1.0
L5000,5656,0,0.6084150141890432,0.7735470941883767,0.0,0.0
L5000,5683,0,0.7224092765383536,0.9599198396793587,0.0,0.0
L5000,5790,0,0.5039799979514271,0.35470941883767537,0.0,0.0
L5000,5929,0,0.4453486600499682,0.156312625250501,0.0,0.0
L5000,6315,0,0.6811772115221294,0.9639278557114228,0.0,0.0
L5000,6360,0,0.3405499362045282,0.04008016032064128,0.0,0.0
L5000,6454,0,0.7362945929708625,0.9919839679358717,0.0,1.0
L5000,6603,0,0.5075225841656921,0.7394789579158316,0.0,0.0
L5000,6750,0,0.5579043959680265,0.5450901803607214,0.0,0.0
L5000,6759,0,0.8058793424484829,0.9779559118236473,0.0,0.0
L5000,6770,0,0.7527233029399459,0.9919839679358717,0.0,1.0
L5000,6991,0,0.528880930756891,0.87374749498998,0.0,0.0
L5000,7306,0,0.6085654106364559,0.9519038076152304,0.0,0.0
L5000,7355,0,0.5678930417498269,0.8917835671342685,0.0,0.0
L5000,7899,0,0.5149229120505681,0.9559118236472945,0.0,0.0
L5000,8061,0,0.3606746363196631,0.03807615230460922,0.0,0.0
L5000,8215,0,0.5383525008791594,0.44889779559118237,0.0,0.0
L5000,8234,0,0.6277974422212288,0.9559118236472945,0.0,0.0
L5000,8238,0,0.6653181780907987,0.9378757515030061,0.0,0.0
L5000,8275,0,0.5993094539606285,0.6332665330661322,0.0,0.0
L5000,8367,0,0.7425649229645659,0.9939879759519038,0.0,1.0
L5000,8828,0,0.6742873394299289,0.9238476953907816,0.0,0.0
L5000,8862,0,0.7176779614921656,0.9899799599198397,0.0,0.0
L5000,8926,0,0.5344403743767534,0.8657314629258517,0.0,0.0
L5000,9188,0,0.827023686448447,0.9899799599198397,0.0,0.0
L5000,9298,0,0.6188599961663592,0.9579158316633266,0.0,0.0
L5000,9376,0,0.8178793573628289,0.9899799599198397,0.0,0.0
L5000,9712,0,0.3821640366768891,0.3306613226452906,0.0,0.0
L5000,9877,0,0.6890775179724125,0.9799599198396793,0.0,0.0
L5000,10115,0,0.3540764129548509,0.11623246492985972,0.0,0.0
L5000,10191,0,0.8250231185684759,1.0,1.0,1.0
L5000,10361,0,0.5831322452626577,0.8577154308617234,0.0,0.0
L5000,10602,0,0.7881274897850131,0.9959919839679359,0.0,1.0
L5000,10622,0,0.6751414187376581,0.9318637274549099,0.0,0.0
L5000,11050,0,0.6666748124620662,0.9839679358717435,0.0,0.0
L5000,11274,0,0.8196383774475879,0.9919839679358717,0.0,1.0
L5000,11493,0,0.5941338410818622,0.9639278557114228,0.0,0.0
L5000,11757,0,0.7166651468805068,1.0,1.0,1.0
L5000,11886,0,0.6983614454996965,0.9418837675350702,0.0,0.0
L5000,12122,0,0.678097635587995,0.9959919839679359,0.0,1.0
L5000,12225,0,0.566452755942012,0.6673346693386774,0.0,0.0
L5000,12292,0,0.6427717999759022,0.9178356713426854,0.0,0.0
L5000,12340,0,0.6206807744158447,0.9979959919839679,0.0,1.0
L5000,12386,0,0.6001061651412329,0.9619238476953907,0.0,0.0
L5000,12597,0,0.5684181948345097,1.0,1.0,1.0
L5000,13041,0,0.6786631583785037,0.9639278557114228,0.0,0.0
L5000,13134,0,0.6378743706423006,0.9619238476953907,0.0,0.0
L5000,13223,0,0.5630717837047107,0.8356713426853707,0.0,0.0
L5000,13298,0,0.6723954771919384,0.9879759519038076,0.0,0.0
L5000,13587,0,0.5378825570681882,0.5751503006012024,0.0,0.0
L5000,13703,0,0.5613573958797846,0.7555110220440882,0.0,0.0
L5000,13741,0,0.5735817402638967,0.8517034068136272,0.0,0.0
L5000,13749,0,0.4118132306638149,0.2665330661322645,0.0,0.0
L5000,13826,0,0.6622602475743318,0.9118236472945892,0.0,0.0
L5000,13842,0,0.6908590584046745,0.9078156312625251,0.0,0.0
L5000,13879,0,0.474804283431722,0.5230460921843687,0.0,0.0
L5000,13895,0,0.5771286479616315,0.9038076152304609,0.0,0.0
L5000,13938,0,0.7445920213895149,0.9779559118236473,0.0,0.0
L5000,14049,0,0.6091567106401752,0.8376753507014028,0.0,0.0
L5000,14170,0,0.7741467589616022,0.9659318637274549,0.0,0.0
L5000,14245,0,0.8662089055805021,0.9959919839679359,0.0,1.0
L5000,14274,0,0.5158413936025883,0.533066132264529,0.0,0.0
L5000,14728,0,0.7599119857450813,0.9559118236472945,0.0,0.0
L5000,15068,0,0.8235912735869608,0.9859719438877755,0.0,0.0
L5000,15181,0,0.4786757874674359,0.3667334669338677,0.0,0.0
L5000,15182,0,0.5567780159847469,0.9418837675350702,0.0,0.0
L5000,15191,0,0.5500140660703864,0.7915831663326653,0.0,0.0
L5000,15274,0,0.6087616017470869,0.8056112224448898,0.0,0.0
L5000,15386,0,0.5745069297736257,0.7074148296593187,0.0,0.0
L5000,15438,0,0.5788761947564423,0.751503006012024,0.0,0.0
L5000,15516,0,0.5970685184550176,0.9659318637274549,0.0,0.0
L5000,15631,0,0.6421519584516746,0.9238476953907816,0.0,0.0
L5000,15632,0,0.5983992879079045,0.8797595190380761,0.0,0.0
L5000,15865,0,0.5397398536679001,0.6753507014028056,0.0,0.0
L5000,15898,0,0.6848043090650339,0.9458917835671342,0.0,0.0
L5000,15953,0,0.5862399620767944,0.7755511022044088,0.0,0.0
L5000,15985,0,0.7356739310552588,0.9979959919839679,0.0,1.0
L5000,16251,0,0.6972625203620603,0.9839679358717435,0.0,0.0
L5000,16424,0,0.4764630287792862,0.8517034068136272,0.0,0.0
L5000,16525,0,0.7481727701743339,0.9979959919839679,0.0,1.0
L5000,16625,0,0.8708883243847623,0.9919839679358717,0.0,1.0
L5000,16718,0,0.5998196539160092,0.9719438877755511,0.0,0.0
L5000,16800,0,0.6079676199378237,0.9619238476953907,0.0,0.0
L5000,17017,0,0.5762338917078853,0.9779559118236473,0.0,0.0
L5000,17605,0,0.6138295317360909,0.9959919839679359,0.0,1.0
L5000,17651,0,0.488469451022148,0.5190380761523046,0.0,0.0
L5000,17795,0,0.6731305759349732,1.0,1.0,1.0
L5000,17843,0,0.7048624133671539,0.9979959919839679,0.0,1.0
L5000,17865,0,0.727895682055962,0.9939879759519038,0.0,1.0
L5000,17946,0,0.6735035266590438,0.9899799599198397,0.0,0.0
L5000,17987,0,0.5916819405189016,0.9218436873747495,0.0,0.0
L5000,18115,0,0.5508652956921437,0.6192384769539078,0.0,0.0
L5000,18159,0,0.6613644907695682,0.9559118236472945,0.0,0.0
L5000,18170,0,0.6131863678288744,0.9839679358717435,0.0,0.0
L5000,18556,0,0.7629285348466623,0.9679358717434869,0.0,0.0
L5000,18888,0,0.573039300257639,0.9759519038076152,0.0,0.0
L5000,18960,0,0.7078691875302697,0.9959919839679359,0.0,1.0
L5000,19331,0,0.6356970160160416,0.8717434869739479,0.0,0.0
L5000,19471,0,0.5568780202974069,0.6653306613226453,0.0,0.0
L5000,19593,0,0.36862271666463853,0.22645290581162325,0.0,0.0
L5000,19605,0,0.45609137317029336,0.19238476953907815,0.0,0.0
L5000,20013,0,0.5924856728361004,0.9799599198396793,0.0,0.0
L5000,20072,0,0.5706866739728607,0.9719438877755511,0.0,0.0
L5000,20317,0,0.668026672690595,0.9619238476953907,0.0,0.0
L5000,20380,0,0.3886337970285288,0.779559118236473,0.0,0.0
L5000,20520,0,0.7089732005286544,0.9799599198396793,0.0,0.0
L5000,20545,0,0.7236728360065013,0.9939879759519038,0.0,1.0
L5000,20863,0,0.6749066390614447,0.9819639278557114,0.0,0.0
L5000,20882,0,0.7780199390607117,0.9679358717434869,0.0,0.0
L5000,20904,0,0.5688866130761341,0.7835671342685371,0.0,0.0
L5000,21295,0,0.7102213515560551,0.9539078156312625,0.0,0.0
L5000,21414,0,0.878420703125045,1.0,1.0,1.0
L5000,21436,0,0.5592282284225674,0.9759519038076152,0.0,0.0
L5000,21558,0,0.6642715956187344,0.9939879759519038,0.0,1.0
L5000,21887,0,0.7779767964668851,1.0,1.0,1.0
L5000,22215,0,0.5276106883476238,0.5691382765531062,0.0,0.0
L5000,22299,0,0.697579757924039,0.9959919839679359,0.0,1.0
L5000,22303,0,0.5621285026107423,0.9278557114228457,0.0,0.0
L5000,22452,0,0.6097733230146312,0.9959919839679359,0.0,1.0
L5000,22793,0,0.7246869428715873,0.9979959919839679,0.0,1.0
L5000,22803,0,0.6343065210966883,0.8897795591182365,0.0,0.0
L5000,22924,0,0.560961363340526,0.7955911823647295,0.0,0.0
L5000,23314,0,0.7606899695526126,1.0,1.0,1.0
L5000,23445,0,0.7394532307332495,0.9478957915831663,0.0,0.0
L5000,23479,0,0.6634624455327294,0.9779559118236473,0.0,0.0
L5000,23623,0,0.44725471088313284,0.9098196392785571,0.0,0.0
L5000,23633,0,0.4731655188460877,0.41282565130260523,0.0,0.0
L5000,23642,0,0.6220025747732962,0.9398797595190381,0.0,0.0
L5000,23803,0,0.8338370364485974,0.9919839679358717,0.0,1.0
L5000,24062,0,0.6331949221804574,0.7695390781563126,0.0,0.0
L5000,24103,0,0.6345605663507057,0.9338677354709419,0.0,0.0
L5000,24306,0,0.7791952982051797,1.0,1.0,1.0
L5000,24700,0,0.6139481803405918,0.9739478957915831,0.0,0.0
L5000,24790,0,0.4043860795423306,0.8877755511022044,0.0,0.0
L5000,25150,0,0.6539021778393178,0.9639278557114228,0.0,0.0
L5000,25166,0,0.6674807665333482,0.9759519038076152,0.0,0.0
L5000,25339,0,0.7044724192501628,0.9899799599198397,0.0,0.0
L5000,25360,0,0.6252969732137473,0.9138276553106213,0.0,0.0
L5000,25374,0,0.5862937593025498,0.6513026052104208,0.0,0.0
L5000,25447,0,0.700807684979878,0.9779559118236473,0.0,0.0
L5000,26070,0,0.35810982027644145,0.25851703406813625,0.0,0.0
L5000,26146,0,0.7836325845631837,1.0,1.0,1.0
L5000,26419,0,0.5149629980838124,0.5390781563126252,0.0,0.0
L5000,26519,0,0.5623479486347218,0.969939879759519,0.0,0.0
L5000,26535,0,0.7221299389631938,0.9899799599198397,0.0,0.0
L5000,26749,0,0.6818631324023139,0.9959919839679359,0.0,1.0
L5000,27131,0,0.4556756868165006,0.3967935871743487,0.0,0.0
L5000,27196,0,0.508365221144829,0.3927855711422846,0.0,0.0
L5000,27240,0,0.6808784768268523,0.9879759519038076,0.0,0.0
L5000,27260,0,0.6092064357609994,0.9118236472945892,0.0,0.0
L5000,27648,0,0.6685455952016662,0.9879759519038076,0.0,0.0
L5000,27688,0,0.643864328187219,0.9979959919839679,0.0,1.0
L5000,27781,0,0.5414075102299591,0.7414829659318637,0.0,0.0
L5000,28157,0,0.6161809444152175,0.9198396793587175,0.0,0.0
L5000,28253,0,0.5684135019667977,0.8136272545090181,0.0,0.0
L5000,28276,0,0.5841917291220469,0.9118236472945892,0.0,0.0
L5000,28309,0,0.7010838243731327,0.9859719438877755,0.0,0.0
L5000,28511,0,0.4526595846353565,0.15831663326653306,0.0,0.0
L5000,28548,0,0.7857295408405267,0.9719438877755511,0.0,0.0
L5000,28979,0,0.47306596478540563,0.22444889779559118,0.0,0.0
L5000,29018,0,0.6775571949262486,0.9659318637274549,0.0,0.0
L5000,29179,0,0.8513191484671954,0.9959919839679359,0.0,1.0
L5000,29221,0,0.7863211075781843,0.9899799599198397,0.0,0.0
L5000,29400,0,0.6317329966449919,0.9719438877755511,0.0,0.0
L5000,29511,0,0.5935125095512667,0.6232464929859719,0.0,0.0
L5000,29591,0,0.5315658002387186,0.6012024048096193,0.0,0.0
L5000,29610,0,0.7411449820409672,1.0,1.0,1.0
L5000,29717,0,0.7886175944662708,0.9819639278557114,0.0,0.0
L5000,29815,0,0.8109092694531388,0.9859719438877755,0.0,0.0
L5000,29831,0,0.5828090539438038,0.7675350701402806,0.0,0.0
L5000,29903,0,0.6572821213612507,0.9979959919839679,0.0,1.0
L5000,29942,0,0.6759708950638303,0.9919839679358717,0.0,1.0
L5000,30016,0,0.49917634216185713,0.4088176352705411,0.0,0.0
L5000,30068,0,0.6066639112192216,0.9799599198396793,0.0,0.0
L5000,30077,0,0.6315711612632782,0.9719438877755511,0.0,0.0
L5000,30139,0,0.6944307792151895,0.9779559118236473,0.0,0.0
L5000,30888,0,0.7027054098651601,0.9879759519038076,0.0,0.0
L5000,30961,0,0.7932488333752858,0.9939879759519038,0.0,1.0
L5000,31234,0,0.7023540741244758,0.9799599198396793,0.0,0.0
L5000,31244,0,0.535379680939789,0.48897795591182364,0.0,0.0
L5000,31251,0,0.4529313836821313,0.3787575150300601,0.0,0.0
L5000,31280,0,0.629370177020397,0.9458917835671342,0.0,0.0
L5000,31503,0,0.5869609725718692,0.8797595190380761,0.0,0.0
L5000,31776,0,0.6779408723370561,0.9779559118236473,0.0,0.0
L5000,32051,0,0.5978923758154464,0.9759519038076152,0.0,0.0
L5000,32062,0,0.5767522247893492,0.8416833667334669,0.0,0.0
L5000,32140,0,0.8245440634290278,1.0,1.0,1.0
L5000,32365,0,0.6776572084083425,0.9979959919839679,0.0,1.0
L5000,32427,0,0.6539205799318244,0.9879759519038076,0.0,0.0
L5000,32470,0,0.5433561377270567,0.7394789579158316,0.0,0.0
L5000,32532,0,0.48137129066223683,0.12625250501002003,0.0,0.0
L5000,32630,0,0.6581356058399171,0.9198396793587175,0.0,0.0
L5000,32680,0,0.7801681793177581,0.9899799599198397,0.0,0.0
L5000,32697,0,0.7699210390775397,0.9859719438877755,0.0,0.0
L5000,33057,0,0.49204626802470786,0.5170340681362725,0.0,0.0
L5000,33084,0,0.789563940969807,0.9979959919839679,0.0,1.0
L5000,33123,0,0.5836052786364107,0.9919839679358717,0.0,1.0
L5000,33256,0,0.5788732736204155,0.9759519038076152,0.0,0.0
L5000,33264,0,0.7608294052566634,0.9979959919839679,0.0,1.0
L5000,33336,0,0.5879176830333528,0.9418837675350702,0.0,0.0
L5000,33342,0,0.5632512890713168,0.8917835671342685,0.0,0.0
L5000,33512,0,0.6417310624814176,0.9619238476953907,0.0,0.0
L5000,33863,0,0.6038953703903177,0.905811623246493,0.0,0.0
L5000,33990,0,0.6746440369742175,0.9659318637274549,0.0,0.0
L5000,34169,0,0.7026954413806743,1.0,1.0,1.0
L5000,34198,0,0.5959241067718339,0.7695390781563126,0.0,0.0
L5000,34415,0,0.7040260890821808,1.0,1.0,1.0
L5000,34509,0,0.5859672003661676,0.749498997995992,0.0,0.0
L5000,34565,0,0.6862583354912306,0.9759519038076152,0.0,0.0
L5000,34854,0,0.8644193718264767,1.0,1.0,1.0
L5000,34998,0,0.8489749406365711,1.0,1.0,1.0
L5000,35100,0,0.6793216451182671,0.9939879759519038,0.0,1.0
L5000,35119,0,0.5376133879059666,0.8797595190380761,0.0,0.0
L5000,35131,0,0.6200737244161583,0.8857715430861723,0.0,0.0
L5000,35234,0,0.5612687359360132,0.9478957915831663,0.0,0.0
L5000,35269,0,0.5227214715470568,0.56312625250501,0.0,0.0
L5000,35281,0,0.6522358235781577,0.9799599198396793,0.0,0.0
L5000,35475,0,0.36505244096694606,0.5751503006012024,0.0,0.0
L5000,35600,0,0.7022529482339752,0.9298597194388778,0.0,0.0
L5000,35613,0,0.5501415441869558,0.8517034068136272,0.0,0.0
L5000,35659,0,0.8332158855647579,0.9739478957915831,0.0,0.0
L5000,35916,0,0.7709435542405336,1.0,1.0,1.0
L5000,35964,0,0.6028120603073459,0.9398797595190381,0.0,0.0
L5000,36198,0,0.6280317863549584,0.9979959919839679,0.0,1.0
L5000,36287,0,0.6222867200301735,0.9739478957915831,0.0,0.0
L5000,36543,0,0.8284663428784256,0.9839679358717435,0.0,0.0
L5000,36557,0,0.8073654749076331,1.0,1.0,1.0
L5000,36992,0,0.7641813144539938,1.0,1.0,1.0
L5000,37034,0,0.32144138494664254,0.012024048096192385,0.0,0.0
L5000,37053,0,0.7598136145798953,0.9879759519038076,0.0,0.0
L5000,37255,0,0.5139928056455446,0.7655310621242485,0.0,0.0
L5000,37362,0,0.5123190502761515,0.843687374749499,0.0,0.0
L5000,37406,0,0.5539792186554184,0.9398797595190381,0.0,0.0
L5000,37505,0,0.704481455949233,1.0,1.0,1.0
L5000,37552,0,0.7360277344405343,0.9318637274549099,0.0,0.0
L5000,37899,0,0.8463100739970397,0.9939879759519038,0.0,1.0
L5000,38091,0,0.5335964773759467,0.5430861723446894,0.0,0.0
L5000,38194,0,0.623332946998329,0.8877755511022044,0.0,0.0
L5000,38375,0,0.588441438089589,0.8036072144288577,0.0,0.0
L5000,38380,0,0.5912141731017384,0.8817635270541082,0.0,0.0
L5000,38833,0,0.5354147675749888,0.749498997995992,0.0,0.0
L5000,38887,0,0.7606687070723097,1.0,1.0,1.0
L5000,39183,0,0.5841384810808254,0.9759519038076152,0.0,0.0
L5000,39288,0,0.8793078023355491,1.0,1.0,1.0
L5000,39384,0,0.5792303349111112,0.7835671342685371,0.0,0.0
L5000,39490,0,0.6795750818858795,0.9739478957915831,0.0,0.0
L5000,39557,0,0.6767886958064377,0.9759519038076152,0.0,0.0
L5000,39756,0,0.6296483065040944,0.8957915831663327,0.0,0.0
L5000,39793,0,0.5195635527338904,0.6913827655310621,0.0,0.0
L5000,39920,0,0.6613127960908185,0.9839679358717435,0.0,0.0
L5000,39986,0,0.5653748682168898,0.9318637274549099,0.0,0.0
L5000,40269,0,0.6417162633771024,0.9799599198396793,0.0,0.0
L5000,40756,0,0.6866292969818992,0.9979959919839679,0.0,1.0
L5000,40798,0,0.6243048239096014,0.9879759519038076,0.0,0.0
L5000,40819,0,0.8568791968501736,0.9959919839679359,0.0,1.0
L5000,40933,0,0.7032798794053658,0.9779559118236473,0.0,0.0
L5000,40990,0,0.46412898475888664,0.2845691382765531,0.0,0.0
L5000,41120,0,0.5817077061669148,0.8917835671342685,0.0,0.0
L5000,41402,0,0.6593039630081075,0.9519038076152304,0.0,0.0
L5000,41540,0,0.6412434198813625,0.9639278557114228,0.0,0.0
L5000,41555,0,0.7602753892473281,0.9919839679358717,0.0,1.0
L5000,41561,0,0.5254455343611343,0.41082164328657317,0.0,0.0
L5000,41592,0,0.5441190726193431,0.9258517034068137,0.0,0.0
L5000,41636,0,0.5190471652821832,0.8997995991983968,0.0,0.0
L5000,41640,0,0.5903229541669007,0.9138276553106213,0.0,0.0
L5000,41924,0,0.8755590223863641,1.0,1.0,1.0
L5000,41976,0,0.7470151458230508,0.9939879759519038,0.0,1.0
L5000,42022,0,0.6843110418560092,1.0,1.0,1.0
L5000,42251,0,0.587299552395745,0.9398797595190381,0.0,0.0
L5000,42302,0,0.5715209795024203,0.7074148296593187,0.0,0.0
L5000,42466,0,0.6006577018731981,0.969939879759519,0.0,0.0
L5000,42679,0,0.5836905780560309,0.9759519038076152,0.0,0.0
L5000,43065,0,0.66516471127875,0.9298597194388778,0.0,0.0
L5000,43198,0,0.49797739019135745,0.7014028056112225,0.0,0.0
L5000,43211,0,0.6685190100427318,0.9478957915831663,0.0,0.0
L5000,43332,0,0.4841991216920133,0.20240480961923848,0.0,0.0
L5000,43546,0,0.42446772746090145,0.6913827655310621,0.0,0.0
L5000,43584,0,0.7174470106691786,1.0,1.0,1.0
L5000,44248,0,0.6115139530364172,0.9238476953907816,0.0,0.0
L5000,44279,0,0.6066037995597826,0.905811623246493,0.0,0.0
L5000,44360,0,0.6237189883296861,0.9979959919839679,0.0,1.0
L5000,44413,0,0.5541203297583039,0.49899799599198397,0.0,0.0
L5000,44422,0,0.716193394683561,0.9899799599198397,0.0,0.0
L5000,44903,0,0.43200581862454435,0.052104208416833664,0.0,0.0
L5000,44975,0,0.7212765475272613,0.9979959919839679,0.0,1.0
L5000,45377,0,0.8810915959715635,0.9979959919839679,0.0,1.0
L5000,45528,0,0.7035557063298681,0.9899799599198397,0.0,0.0
L5000,45699,0,0.4372659138766223,0.4749498997995992,0.0,0.0
L5000,45952,0,0.5730450568823269,0.9218436873747495,0.0,0.0
L5000,45987,0,0.6471104281227941,0.9478957915831663,0.0,0.0
L5000,46166,0,0.6535991462331713,0.9859719438877755,0.0,0.0
L5000,46276,0,0.6625095797766618,0.9679358717434869,0.0,0.0
L5000,46403,0,0.6064529804809092,0.9218436873747495,0.0,0.0
L5000,46524,0,0.44231629298650854,0.12424849699398798,0.0,0.0
L5000,46653,0,0.5001011434365923,0.48897795591182364,0.0,0.0
L5000,47030,0,0.5858012743751932,0.7454909819639278,0.0,0.0
L5000,47086,0,0.7120719671543421,0.9959919839679359,0.0,1.0
L5000,47093,0,0.5281229131352492,0.6593186372745491,0.0,0.0
L5000,47122,0,0.830045743663971,1.0,1.0,1.0
L5000,47125,0,0.6533818272149136,0.969939879759519,0.0,0.0
L5000,47331,0,0.7011294306136322,0.9819639278557114,0.0,0.0
L5000,47471,0,0.6727020073500831,0.9098196392785571,0.0,0.0
L5000,47583,0,0.5274386231646624,0.48296593186372744,0.0,0.0
L5000,47744,0,0.6391004340553195,0.9759519038076152,0.0,0.0
L5000,47907,0,0.40023849232604825,0.052104208416833664,0.0,0.0
L5000,48376,0,0.9154434537919127,1.0,1.0,1.0
L5000,48655,0,0.6160773337391434,0.9619238476953907,0.0,0.0
L5000,48911,0,0.6048440154041874,0.8677354709418837,0.0,0.0
L5000,49170,0,0.874375907806479,1.0,1.0,1.0
L5000,49195,0,0.7117853819317808,0.9959919839679359,0.0,1.0
L5000,49256,0,0.30346317815864154,0.9438877755511023,0.0,0.0
L5000,49315,0,0.4503893924670056,0.2545090180360721,0.0,0.0
L5000,49474,0,0.8531735111662562,1.0,1.0,1.0
L5000,49475,0,0.7579652217231053,0.9979959919839679,0.0,1.0
L5000,49678,0,0.6729844788132372,0.9939879759519038,0.0,1.0
L5000,49702,0,0.5752306097246936,0.7394789579158316,0.0,0.0
L5000,49760,0,0.557481632296507,0.8056112224448898,0.0,0.0
L5000,50203,0,0.5970981007167355,0.8597194388777555,0.0,0.0
L5000,50210,0,0.5648590609015369,0.7535070140280561,0.0,0.0
L5000,50622,0,0.662990292244692,0.9779559118236473,0.0,0.0
L5000,50708,0,0.6200983542124519,0.9098196392785571,0.0,0.0
L5000,50739,0,0.568182029780272,0.5470941883767535,0.0,0.0
L5000,50850,0,0.7251636171243934,0.9859719438877755,0.0,0.0
L5000,51008,0,0.6472759596446849,0.9639278557114228,0.0,0.0
L5000,51227,0,0.7088060179410498,0.9719438877755511,0.0,0.0
L5000,51300,0,0.6325436321885209,0.9238476953907816,0.0,0.0
L5000,51380,0,0.634332429410221,0.9498997995991983,0.0,0.0
L5000,51385,0,0.7759621371993233,0.9899799599198397,0.0,0.0
L5000,51436,0,0.6952052468706191,0.9719438877755511,0.0,0.0
L5000,51517,0,0.714800966715601,1.0,1.0,1.0
L5000,51688,0,0.6335254404835348,0.9158316633266533,0.0,0.0
L5000,51865,0,0.5655793978380017,0.5871743486973948,0.0,0.0
L5000,51943,0,0.6964862883522327,0.9979959919839679,0.0,1.0
L5000,51956,0,0.4501611214973258,0.43286573146292584,0.0,0.0
L5000,51990,0,0.6454695030102888,0.8216432865731463,0.0,0.0
L5000,52228,0,0.6490076407090537,0.9759519038076152,0.0,0.0
L5000,52277,0,0.6073653335442275,0.9799599198396793,0.0,0.0
L5000,52729,0,0.6119754969096131,0.9959919839679359,0.0,1.0
L5000,52733,0,0.513362309127774,0.9038076152304609,0.0,0.0
L5000,52803,0,0.6666340282510776,1.0,1.0,1.0
L5000,52927,0,0.8369973959801316,1.0,1.0,1.0
L5000,53445,0,0.7759742650613969,0.9919839679358717,0.0,1.0
L5000,53659,0,0.6647849601377128,0.9018036072144289,0.0,0.0
L5000,53729,0,0.768994126453972,0.9739478957915831,0.0,0.0
L5000,53974,0,0.5440061486829022,0.8997995991983968,0.0,0.0
L5000,54054,0,0.4427972091827836,0.280561122244489,0.0,0.0
L5000,54099,0,0.8416439268609228,0.9919839679358717,0.0,1.0
L5000,54250,0,0.816725074964936,0.9879759519038076,0.0,0.0
L5000,54336,0,0.7687459646484843,0.9979959919839679,0.0,1.0
L5000,54681,0,0.728552063783197,0.9599198396793587,0.0,0.0
L5000,55202,0,0.8615720974569141,0.9959919839679359,0.0,1.0
L5000,55501,0,0.7002403900673517,0.9218436873747495,0.0,0.0
L5000,55597,0,0.7666147052825277,0.9819639278557114,0.0,0.0
L5000,55741,0,0.4368520221723013,0.7735470941883767,0.0,0.0
L5000,55808,0,0.6012194737792538,0.9859719438877755,0.0,0.0
L5000,55876,0,0.5067433868572196,0.36072144288577157,0.0,0.0
L5000,55878,0,0.5617511270277397,0.7775551102204409,0.0,0.0
L5000,56047,0,0.6710921051300649,0.9959919839679359,0.0,1.0
L5000,56131,0,0.4220229686084661,0.1843687374749499,0.0,0.0
L5000,56162,0,0.5810337915121733,0.9559118236472945,0.0,0.0
L5000,56272,0,0.6115754463726836,0.9599198396793587,0.0,0.0
L5000,56496,0,0.546020974072144,0.9298597194388778,0.0,0.0
L5000,56554,0,0.7786296948173848,0.9679358717434869,0.0,0.0
L5000,56629,0,0.5585308196900369,0.9599198396793587,0.0,0.0
L5000,56651,0,0.626359340443511,0.9539078156312625,0.0,0.0
L5000,56698,0,0.3792611467371822,0.012024048096192385,0.0,0.0
L5000,56873,0,0.5494357451499117,0.5591182364729459,0.0,0.0
L5000,56963,0,0.580917706432157,0.7675350701402806,0.0,0.0
L5000,57114,0,0.5515585640924221,0.9458917835671342,0.0,0.0
L5000,57244,0,0.8692448048022388,1.0,1.0,1.0
L5000,57830,0,0.808992187157335,0.9939879759519038,0.0,1.0
L5000,57994,0,0.6615779016073329,0.9198396793587175,0.0,0.0
L5000,58004,0,0.7203479357682843,0.9859719438877755,0.0,0.0
L5000,58157,0,0.7407313606148405,0.9959919839679359,0.0,1.0
L5000,58169,0,0.6814540286980229,0.9599198396793587,0.0,0.0
L5000,58252,0,0.6167163448611308,0.8496993987975952,0.0,0.0
L5000,58341,0,0.6194541974280621,0.9198396793587175,0.0,0.0
L5000,58458,0,0.5970632020457619,0.8196392785571143,0.0,0.0
L5000,58572,0,0.7062359268642016,1.0,1.0,1.0
L5000,58835,0,0.6115521558794257,0.8617234468937875,0.0,0.0
L5000,58977,0,0.7205805896184706,0.9879759519038076,0.0,0.0
L5000,58988,0,0.6331806883377118,1.0,1.0,1.0
L5000,59101,0,0.6442622720902729,0.9198396793587175,0.0,0.0
L5000,59177,0,0.6501967163819031,0.9478957915831663,0.0,0.0
L5000,59183,0,0.8925189784218899,0.9979959919839679,0.0,1.0
L5000,59219,0,0.6935117855072265,1.0,1.0,1.0
L5000,59293,0,0.851937117625656,0.9959919839679359,0.0,1.0
L5000,59464,0,0.5047338841910554,0.6492985971943888,0.0,0.0
L5000,59470,0,0.6791812780568334,0.9619238476953907,0.0,0.0
L5000,59508,0,0.6919891505001357,0.9539078156312625,0.0,0.0
L5000,59838,0,0.5462520859580136,0.8637274549098196,0.0,0.0
L5000,59905,0,0.6548896261484183,0.9959919839679359,0.0,1.0
L5000,60063,0,0.6224851845821346,0.9659318637274549,0.0,0.0
L5000,60496,0,0.6735972710453886,0.9619238476953907,0.0,0.0
L5000,60707,0,0.477217917631406,0.9539078156312625,0.0,0.0
L5000,60784,0,0.5988268760480842,0.9879759519038076,0.0,0.0
L5000,60932,0,0.6818056001600944,0.9278557114228457,0.0,0.0
L5000,61327,0,0.8113617216465648,0.9759519038076152,0.0,0.0
L5000,61653,0,0.6625732132188427,0.9759519038076152,0.0,0.0
L5000,61683,0,0.7002451982071616,0.9559118236472945,0.0,0.0
L5000,61701,0,0.418352415152889,0.050100200400801605,0.0,0.0
L5000,61868,0,0.7510930361786161,0.969939879759519,0.0,0.0
L5000,61878,0,0.7433965612905766,0.969939879759519,0.0,0.0
L5000,62117,0,0.5619618464769824,0.8496993987975952,0.0,0.0
L5000,62587,0,0.73329392532626,1.0,1.0,1.0
L5000,62627,0,0.50399520343795,0.3366733466933868,0.0,0.0
L5000,63062,0,0.5728495636948114,0.9879759519038076,0.0,0.0
L5000,63247,0,0.6924416064208536,0.9939879759519038,0.0,1.0
L5000,63837,0,0.3909286837073179,0.3226452905811623,0.0,0.0
L5000,63869,0,0.5825835001394926,0.9378757515030061,0.0,0.0
L5000,64050,0,0.6171230729554761,0.9418837675350702,0.0,0.0
L5000,64148,0,0.6214111967071283,0.9519038076152304,0.0,0.0
L5000,64195,0,0.570256788191271,0.9559118236472945,0.0,0.0
L5000,64262,0,0.6456754334109256,0.9478957915831663,0.0,0.0
L5000,64417,0,0.6671627737924488,0.9378757515030061,0.0,0.0
L5000,64547,0,0.589983621676822,0.9098196392785571,0.0,0.0
L5000,64783,0,0.5144174238568933,0.3847695390781563,0.0,0.0
L5000,64851,0,0.6837250324293564,0.8837675350701403,0.0,0.0
L5000,64925,0,0.6267674928213482,0.8917835671342685,0.0,0.0
L5000,65218,0,0.6450336838319115,0.9619238476953907,0.0,0.0
L5000,65340,0,0.48932833215864474,0.3486973947895792,0.0,0.0
L5000,65348,0,0.6716342827603599,0.9859719438877755,0.0,0.0
L5000,65417,0,0.5860028872383287,0.9779559118236473,0.0,0.0
L5000,65553,0,0.7246954803380405,0.9959919839679359,0.0,1.0
L5000,65609,0,0.7425395421447121,0.9759519038076152,0.0,0.0
L5000,65690,0,0.4968726626306331,0.8997995991983968,0.0,0.0
L5000,65878,0,0.550672178394616,0.6993987975951904,0.0,0.0
L5000,66058,0,0.6074415603466479,0.9398797595190381,0.0,0.0
L5000,66209,0,0.4723766479047704,0.3106212424849699,0.0,0.0
L5000,66269,0,0.5941877189396195,0.8096192384769539,0.0,0.0
L5000,66437,0,0.5081927017497561,0.8957915831663327,0.0,0.0
L5000,66512,0,0.5838525450686323,0.9879759519038076,0.0,0.0
L5000,66559,0,0.6620806994369839,0.9819639278557114,0.0,0.0
L5000,66875,0,0.6175884352206109,0.9579158316633266,0.0,0.0
L5000,67261,0,0.5477725166012106,0.9438877755511023,0.0,0.0
L5000,67281,0,0.6918927885366047,0.9539078156312625,0.0,0.0
L5000,67361,0,0.6113705773398392,0.9939879759519038,0.0,1.0
L5000,67444,0,0.7382163552564025,0.9919839679358717,0.0,1.0
L5000,67673,0,0.5852931967663613,0.8957915831663327,0.0,0.0
L5000,67708,0,0.8824536171104714,1.0,1.0,1.0
L5000,67899,0,0.566058493139868,0.6492985971943888,0.0,0.0
L5000,68121,0,0.6370320593022496,0.9979959919839679,0.0,1.0
L5000,68127,0,0.7129888676752558,0.9819639278557114,0.0,0.0
L5000,68173,0,0.7767322081239905,0.9919839679358717,0.0,1.0
L5000,68193,0,0.7350950816883131,1.0,1.0,1.0
L5000,68287,0,0.6312374501181307,0.9959919839679359,0.0,1.0
L5000,68394,0,0.5678981415455513,0.5991983967935872,0.0,0.0
L5000,68473,0,0.5723593401634897,0.969939879759519,0.0,0.0
L5000,68532,0,0.5439965790439801,0.49298597194388777,0.0,0.0
L5000,68553,0,0.7434426187287332,1.0,1.0,1.0
L5000,68819,0,0.6548790051514597,0.9879759519038076,0.0,0.0
L5000,69085,0,0.784333185549241,0.9879759519038076,0.0,0.0
L5000,69087,0,0.713756630501695,0.9939879759519038,0.0,1.0
L5000,69137,0,0.6680199759253715,0.9979959919839679,0.0,1.0
L5000,69462,0,0.7078915515507936,0.9759519038076152,0.0,0.0
L5000,69641,0,0.9222835604484592,1.0,1.0,1.0
L5000,70279,0,0.6141323165830206,0.9599198396793587,0.0,0.0
L5000,70372,0,0.5598434380058019,0.9799599198396793,0.0,0.0
L5000,70496,0,0.7244938417311482,1.0,1.0,1.0
L5000,70765,0,0.631450294384206,0.9478957915831663,0.0,0.0
L5000,71264,0,0.6322754640573809,0.811623246492986,0.0,0.0
L5000,71624,0,0.5777489827162219,0.8296593186372746,0.0,0.0
L5000,71735,0,0.8330623465955767,0.9899799599198397,0.0,0.0
L5000,72089,0,0.6386264916555126,0.8336673346693386,0.0,0.0
L5000,72151,0,0.7947725593691719,0.9959919839679359,0.0,1.0
L5000,72389,0,0.4336692166303825,0.5771543086172345,0.0,0.0
L5000,72527,0,0.5227949883908696,0.56312625250501,0.0,0.0
L5000,95,1,0.8262167463704284,0.9979959919839679,0.0,1.0
L5000,204,1,0.535560138979783,0.6653306613226453,0.0,0.0
L5000,318,1,0.5930114569688749,0.7294589178356713,0.0,0.0
L5000,356,1,0.638543143091636,0.9959919839679359,0.0,1.0
L5000,425,1,0.6572496858084743,0.9539078156312625,0.0,0.0
L5000,458,1,0.6558210179152224,0.8937875751503006,0.0,0.0
L5000,637,1,0.5240437280791475,0.7875751503006012,0.0,0.0
L5000,709,1,0.5601790326010877,0.969939879759519,0.0,0.0
L5000,868,1,0.4168463146262603,0.08617234468937876,0.0,0.0
L5000,1015,1,0.6826387231892097,0.9879759519038076,0.0,0.0
L5000,1288,1,0.6157917469196064,0.9458917835671342,0.0,0.0
L5000,1589,1,0.6647605714797002,0.9939879759519038,0.0,1.0
L5000,1744,1,0.663014583842984,0.9218436873747495,0.0,0.0
L5000,1818,1,0.5876911628715826,0.9338677354709419,0.0,0.0
L5000,2070,1,0.4126726152403867,0.17835671342685372,0.0,0.0
L5000,2125,1,0.4789801227673488,0.49498997995991983,0.0,0.0
L5000,2327,1,0.6057150733266002,0.9018036072144289,0.0,0.0
L5000,2737,1,0.7892215079472431,0.9599198396793587,0.0,0.0
L5000,2795,1,0.6726406568396202,0.9639278557114228,0.0,0.0
L5000,2980,1,0.8103165245986724,0.9799599198396793,0.0,0.0
L5000,3338,1,0.48620844623194615,0.9238476953907816,0.0,0.0
L5000,3344,1,0.29679365141445113,0.012024048096192385,0.0,0.0
L5000,3368,1,0.6052485698112571,0.7955911823647295,0.0,0.0
L5000,3731,1,0.550767627015259,0.7555110220440882,0.0,0.0
L5000,3803,1,0.49219150407279944,0.8256513026052105,0.0,0.0
L5000,4292,1,0.523541303580926,0.6913827655310621,0.0,0.0
L5000,4409,1,0.5785031155130564,0.8937875751503006,0.0,0.0
L5000,4476,1,0.6347628035604754,0.9939879759519038,0.0,1.0
L5000,4509,1,0.6017030633746732,0.8537074148296593,0.0,0.0
L5000,4927,1,0.39279309802285145,0.8076152304609219,0.0,0.0
L5000,4967,1,0.8031047882250872,0.9799599198396793,0.0,0.0
L5000,5340,1,0.6224586673159743,0.9458917835671342,0.0,0.0
L5000,5582,1,0.8344843098240414,1.0,1.0,1.0
L5000,5656,1,0.5493769256211243,0.7695390781563126,0.0,0.0
L5000,5683,1,0.6088333962366345,0.9939879759519038,0.0,1.0
L5000,5790,1,0.5130773987581099,0.3527054108216433,0.0,0.0
L5000,5929,1,0.4668460545294874,0.21442885771543085,0.0,0.0
L5000,6315,1,0.6404100229495979,0.9498997995991983,0.0,0.0
L5000,6360,1,0.47031778409078717,0.36472945891783565,0.0,0.0
L5000,6454,1,0.7416827910619699,0.9959919839679359,0.0,1.0
L5000,6603,1,0.5194275213133006,0.5951903807615231,0.0,0.0
L5000,6750,1,0.5668587984034387,0.843687374749499,0.0,0.0
L5000,6759,1,0.8041684847272885,0.9759519038076152,0.0,0.0
L5000,6770,1,0.659618330068771,0.9679358717434869,0.0,0.0
L5000,6991,1,0.6266546091771525,0.9859719438877755,0.0,0.0
L5000,7306,1,0.530905780190507,0.8877755511022044,0.0,0.0
L5000,7355,1,0.6527321802169948,0.9759519038076152,0.0,0.0
L5000,7899,1,0.587009224606655,0.8316633266533067,0.0,0.0
L5000,8061,1,0.4173567049221366,0.09418837675350701,0.0,0.0
L5000,8215,1,0.5586502889967777,0.9639278557114228,0.0,0.0
L5000,8234,1,0.6709671544092372,0.8777555110220441,0.0,0.0
L5000,8238,1,0.6201081525053767,0.8476953907815631,0.0,0.0
L5000,8275,1,0.570957998551748,0.5410821643286573,0.0,0.0
L5000,8367,1,0.6546732619930418,0.9819639278557114,0.0,0.0
L5000,8828,1,0.6569394341879351,0.9118236472945892,0.0,0.0
L5000,8862,1,0.7979389279440594,1.0,1.0,1.0
L5000,8926,1,0.6523157161204103,0.9979959919839679,0.0,1.0
L5000,9188,1,0.8098866007065764,0.9819639278557114,0.0,0.0
L5000,9298,1,0.6287967081080836,0.9959919839679359,0.0,1.0
L5000,9376,1,0.7530248794472916,0.9799599198396793,0.0,0.0
L5000,9712,1,0.6316051916556586,0.9418837675350702,0.0,0.0
L5000,9877,1,0.7208194814310243,0.9819639278557114,0.0,0.0
L5000,10115,1,0.4016948694118005,0.24849699398797595,0.0,0.0
L5000,10191,1,0.8007078146728546,1.0,1.0,1.0
L5000,10361,1,0.5093950348286562,0.6613226452905812,0.0,0.0
L5000,10602,1,0.6724215118877082,0.9659318637274549,0.0,0.0
L5000,10622,1,0.676355552070659,0.9498997995991983,0.0,0.0
L5000,11050,1,0.51741248864689,0.9639278557114228,0.0,0.0
L5000,11274,1,0.8007271669421281,0.9939879759519038,0.0,1.0
L5000,11493,1,0.5882752365610457,0.9599198396793587,0.0,0.0
L5000,11757,1,0.6912930252479528,0.9879759519038076,0.0,0.0
L5000,11886,1,0.6898607954950005,0.9158316633266533,0.0,0.0
L5000,12122,1,0.6429694365729907,0.9799599198396793,0.0,0.0
L5000,12225,1,0.5573030602562774,0.3587174348697395,0.0,0.0
L5000,12292,1,0.628228894316208,0.7855711422845691,0.0,0.0
L5000,12340,1,0.5969749888665763,0.969939879759519,0.0,0.0
L5000,12386,1,0.5857260739858443,0.9779559118236473,0.0,0.0
L5000,12597,1,0.5269050495870324,0.9599198396793587,0.0,0.0
L5000,13041,1,0.7188955219853836,0.9819639278557114,0.0,0.0
L5000,13134,1,0.673121114755256,0.9879759519038076,0.0,0.0
L5000,13223,1,0.5955140353866227,0.935871743486974,0.0,0.0
L5000,13298,1,0.6511650676645279,0.9779559118236473,0.0,0.0
L5000,13587,1,0.4008000477760081,0.2685370741482966,0.0,0.0
L5000,13703,1,0.5057042262997121,0.4408817635270541,0.0,0.0
L5000,13741,1,0.6881313109738558,0.9879759519038076,0.0,0.0
L5000,13749,1,0.4623113562653399,0.5410821643286573,0.0,0.0
L5000,13826,1,0.6081170771911506,0.8216432865731463,0.0,0.0
L5000,13842,1,0.6606485187744113,0.8997995991983968,0.0,0.0
L5000,13879,1,0.44681212246620206,0.9098196392785571,0.0,0.0
L5000,13895,1,0.6926371533130796,0.9819639278557114,0.0,0.0
L5000,13938,1,0.8495196101004756,0.9899799599198397,0.0,0.0
L5000,14049,1,0.7273903345894992,0.9879759519038076,0.0,0.0
L5000,14170,1,0.7199277149345691,0.9398797595190381,0.0,0.0
L5000,14245,1,0.8692832937398807,0.9959919839679359,0.0,1.0
L5000,14274,1,0.4773204704764639,0.2845691382765531,0.0,0.0
L5000,14728,1,0.614058253243869,0.905811623246493,0.0,0.0
L5000,15068,1,0.7458685165821134,0.9859719438877755,0.0,0.0
L5000,15181,1,0.4868399380068251,0.48096192384769537,0.0,0.0
L5000,15182,1,0.6098209129003961,0.9378757515030061,0.0,0.0
L5000,15191,1,0.5771329567990797,0.8216432865731463,0.0,0.0
L5000,15274,1,0.848997813603529,1.0,1.0,1.0
L5000,15386,1,0.5785357738059769,0.8777555110220441,0.0,0.0
L5000,15438,1,0.5164743010479445,0.6993987975951904,0.0,0.0
L5000,15516,1,0.5103471180176923,0.6092184368737475,0.0,0.0
L5000,15631,1,0.6665230445770811,0.935871743486974,0.0,0.0
L5000,15632,1,0.6953218681939052,1.0,1.0,1.0
L5000,15865,1,0.4877914019021207,0.4188376753507014,0.0,0.0
L5000,15898,1,0.7129267257904964,0.9739478957915831,0.0,0.0
L5000,15953,1,0.5016290698643291,0.5290581162324649,0.0,0.0
L5000,15985,1,0.7386345187940317,0.9959919839679359,0.0,1.0
L5000,16251,1,0.6387352872002283,0.9819639278557114,0.0,0.0
L5000,16424,1,0.47585855801692706,0.8296593186372746,0.0,0.0
L5000,16525,1,0.5675534854203085,0.9779559118236473,0.0,0.0
L5000,16625,1,0.9056383354967601,0.9979959919839679,0.0,1.0
L5000,16718,1,0.6161812117110829,0.8597194388777555,0.0,0.0
L5000,16800,1,0.6056167657739759,0.969939879759519,0.0,0.0
L5000,17017,1,0.5633822315914117,0.9959919839679359,0.0,1.0
L5000,17605,1,0.6048130692580118,0.9478957915831663,0.0,0.0
L5000,17651,1,0.536411737030903,0.7955911823647295,0.0,0.0
L5000,17795,1,0.5481162917651266,0.87374749498998,0.0,0.0
L5000,17843,1,0.5878169982519517,0.8036072144288577,0.0,0.0
L5000,17865,1,0.8169663206549762,0.9959919839679359,0.0,1.0
L5000,17946,1,0.5920915239927964,0.9398797595190381,0.0,0.0
L5000,17987,1,0.6230186590003803,0.935871743486974,0.0,0.0
L5000,18115,1,0.4703608419106632,0.342685370741483,0.0,0.0
L5000,18159,1,0.6448951725813483,0.9158316633266533,0.0,0.0
L5000,18170,1,0.5700056845774937,0.9639278557114228,0.0,0.0
L5000,18556,1,0.4899913666150417,0.45691382765531063,0.0,0.0
L5000,18888,1,0.49692804082503994,0.9979959919839679,0.0,1.0
L5000,18960,1,0.706198438325705,1.0,1.0,1.0
L5000,19331,1,0.6892568414323129,0.9298597194388778,0.0,0.0
L5000,19471,1,0.5087248724701413,0.8176352705410822,0.0,0.0
L5000,19593,1,0.39893692843783285,0.1623246492985972,0.0,0.0
L5000,19605,1,0.35849237371697673,0.03006012024048096,0.0,0.0
L5000,20013,1,0.6414935042732436,0.9759519038076152,0.0,0.0
L5000,20072,1,0.6164699423679892,0.9498997995991983,0.0,0.0
L5000,20317,1,0.7131734161227524,0.9879759519038076,0.0,0.0
L5000,20380,1,0.47711632760407674,0.6673346693386774,0.0,0.0
L5000,20520,1,0.7630115660455288,0.9979959919839679,0.0,1.0
L5000,20545,1,0.7754054459983682,0.9979959919839679,0.0,1.0
L5000,20863,1,0.6917901063907972,0.9779559118236473,0.0,0.0
L5000,20882,1,0.826510366914705,0.9919839679358717,0.0,1.0
L5000,20904,1,0.6347564439297739,0.8597194388777555,0.0,0.0
L5000,21295,1,0.7095507122433948,0.9418837675350702,0.0,0.0
L5000,21414,1,0.8110745835373556,1.0,1.0,1.0
L5000,21436,1,0.6726654328882674,0.8977955911823647,0.0,0.0
L5000,21558,1,0.5421601862714013,0.8156312625250501,0.0,0.0
L5000,21887,1,0.5657852223536175,0.6793587174348698,0.0,0.0
L5000,22215,1,0.5380079082746765,0.6773547094188377,0.0,0.0
L5000,22299,1,0.6932573168479305,0.9919839679358717,0.0,1.0
L5000,22303,1,0.6829607267065907,0.9959919839679359,0.0,1.0
L5000,22452,1,0.6089114443878858,0.7054108216432866,0.0,0.0
L5000,22793,1,0.7866525124554151,0.9979959919839679,0.0,1.0
L5000,22803,1,0.4743089662058761,0.9138276553106213,0.0,0.0
L5000,22924,1,0.6780162406073512,0.9879759519038076,0.0,0.0
L5000,23314,1,0.7719086011772114,1.0,1.0,1.0
L5000,23445,1,0.7159544707804387,0.9278557114228457,0.0,0.0
L5000,23479,1,0.6500425493546648,0.9478957915831663,0.0,0.0
L5000,23623,1,0.25713374912007225,0.6132264529058116,0.0,0.0
L5000,23633,1,0.5664698434535957,0.7354709418837675,0.0,0.0
L5000,23642,1,0.6087338459279309,0.9939879759519038,0.0,1.0
L5000,23803,1,0.8627004100326032,0.9899799599198397,0.0,0.0
L5000,24062,1,0.584266644990382,0.8677354709418837,0.0,0.0
L5000,24103,1,0.5941652081231973,0.8316633266533067,0.0,0.0
L5000,24306,1,0.71804514630299,1.0,1.0,1.0
L5000,24700,1,0.7711650133380608,0.9919839679358717,0.0,1.0
L5000,24790,1,0.5619087260583402,0.9178356713426854,0.0,0.0
L5000,25150,1,0.6148608968499872,0.9458917835671342,0.0,0.0
L5000,25166,1,0.5085866905685668,0.3346693386773547,0.0,0.0
L5000,25339,1,0.7321623399178259,0.9879759519038076,0.0,0.0
L5000,25360,1,0.6157334990150005,0.8296593186372746,0.0,0.0
L5000,25374,1,0.5998882954818385,0.8356713426853707,0.0,0.0
L5000,25447,1,0.7197109140606608,0.9899799599198397,0.0,0.0
L5000,26070,1,0.49693231989929254,0.3486973947895792,0.0,0.0
L5000,26146,1,0.7895817750708516,1.0,1.0,1.0
L5000,26419,1,0.5832828815312188,0.8777555110220441,0.0,0.0
L5000,26519,1,0.4424964336156375,0.25851703406813625,0.0,0.0
L5000,26535,1,0.6053553768108435,0.9599198396793587,0.0,0.0
L5000,26749,1,0.830626341849197,0.9979959919839679,0.0,1.0
L5000,27131,1,0.6623186960493918,0.9959919839679359,0.0,1.0
L5000,27196,1,0.5270704742936213,0.5290581162324649,0.0,0.0
L5000,27240,1,0.6040965902666575,0.9719438877755511,0.0,0.0
L5000,27260,1,0.5508539234675683,0.8937875751503006,0.0,0.0
L5000,27648,1,0.8116724347223538,1.0,1.0,1.0
L5000,27688,1,0.7747203564815721,0.9919839679358717,0.0,1.0
L5000,27781,1,0.5422594609395588,0.5851703406813628,0.0,0.0
L5000,28157,1,0.741540096383052,0.9899799599198397,0.0,0.0
L5000,28253,1,0.6045819270991402,0.8577154308617234,0.0,0.0
L5000,28276,1,0.5479063887414786,0.811623246492986,0.0,0.0
L5000,28309,1,0.7240426986118096,0.9819639278557114,0.0,0.0
L5000,28511,1,0.5554708942824986,0.4088176352705411,0.0,0.0
L5000,28548,1,0.6970574406634269,0.9679358717434869,0.0,0.0
L5000,28979,1,0.6150606105908725,0.8717434869739479,0.0,0.0
L5000,29018,1,0.6362288340573512,0.8096192384769539,0.0,0.0
L5000,29179,1,0.813268242625494,0.9919839679358717,0.0,1.0
L5000,29221,1,0.8005067432101418,0.9979959919839679,0.0,1.0
L5000,29400,1,0.4400398452747998,0.3406813627254509,0.0,0.0
L5000,29511,1,0.5662328226213714,0.3306613226452906,0.0,0.0
L5000,29591,1,0.5121537946671813,0.6793587174348698,0.0,0.0
L5000,29610,1,0.7834222805419764,1.0,1.0,1.0
L5000,29717,1,0.7050288707617398,0.9579158316633266,0.0,0.0
L5000,29815,1,0.7995228022683337,0.9779559118236473,0.0,0.0
L5000,29831,1,0.572710169742593,0.6893787575150301,0.0,0.0
L5000,29903,1,0.45370744569097055,0.9639278557114228,0.0,0.0
L5000,29942,1,0.4618397136992148,0.7354709418837675,0.0,0.0
L5000,30016,1,0.39986129843843343,0.2685370741482966,0.0,0.0
L5000,30068,1,0.5591041329007611,0.6593186372745491,0.0,0.0
L5000,30077,1,0.647046033942235,0.9338677354709419,0.0,0.0
L5000,30139,1,0.6573945131763774,0.9779559118236473,0.0,0.0
L5000,30888,1,0.7011377482343369,0.9779559118236473,0.0,0.0
L5000,30961,1,0.6999753058738591,0.9899799599198397,0.0,0.0
L5000,31234,1,0.68254434494939,0.9899799599198397,0.0,0.0
L5000,31244,1,0.5239361414801135,0.5390781563126252,0.0,0.0
L5000,31251,1,0.5772193578169824,0.8897795591182365,0.0,0.0
L5000,31280,1,0.6344460892431906,0.9619238476953907,0.0,0.0
L5000,31503,1,0.6583625950203248,0.8717434869739479,0.0,0.0
L5000,31776,1,0.64530124628506,0.969939879759519,0.0,0.0
L5000,32051,1,0.6106122706835202,0.8837675350701403,0.0,0.0
L5000,32062,1,0.5629690570453528,0.6312625250501002,0.0,0.0
L5000,32140,1,0.8180054467598925,0.9859719438877755,0.0,0.0
L5000,32365,1,0.6644088846414311,0.9979959919839679,0.0,1.0
L5000,32427,1,0.6220084488310431,0.9018036072144289,0.0,0.0
L5000,32470,1,0.6210437086715038,0.8517034068136272,0.0,0.0
L5000,32532,1,0.47013325415792223,0.09619238476953908,0.0,0.0
L5000,32630,1,0.6194047882442195,0.8857715430861723,0.0,0.0
L5000,32680,1,0.8159789238223114,0.9979959919839679,0.0,1.0
L5000,32697,1,0.8389689317095771,1.0,1.0,1.0
L5000,33057,1,0.6067245722044271,0.8697394789579158,0.0,0.0
L5000,33084,1,0.7847022276464963,0.9979959919839679,0.0,1.0
L5000,33123,1,0.7390694834644111,0.9939879759519038,0.0,1.0
L5000,33256,1,0.7137506080633746,0.9799599198396793,0.0,0.0
L5000,33264,1,0.6985817254560105,0.9879759519038076,0.0,0.0
L5000,33336,1,0.6299232592726067,0.9278557114228457,0.0,0.0
L5000,33342,1,0.6064740864493823,0.9238476953907816,0.0,0.0
L5000,33512,1,0.651498206599753,0.9739478957915831,0.0,0.0
L5000,33863,1,0.6064105638868563,0.9458917835671342,0.0,0.0
L5000,33990,1,0.7781830310022662,0.9859719438877755,0.0,0.0
L5000,34169,1,0.5736605452870036,0.9839679358717435,0.0,0.0
L5000,34198,1,0.5947695255958534,0.7775551102204409,0.0,0.0
L5000,34415,1,0.655882765955631,0.9719438877755511,0.0,0.0
L5000,34509,1,0.588547057751553,0.8136272545090181,0.0,0.0
L5000,34565,1,0.6593061119923882,0.9418837675350702,0.0,0.0
L5000,34854,1,0.8592302795688584,0.9979959919839679,0.0,1.0
L5000,34998,1,0.6359313089057137,0.9859719438877755,0.0,0.0
L5000,35100,1,0.6728473933383703,0.9899799599198397,0.0,0.0
L5000,35119,1,0.6302087211729857,0.9398797595190381,0.0,0.0
L5000,35131,1,0.6410205441849004,0.8997995991983968,0.0,0.0
L5000,35234,1,0.5151551674714274,0.7214428857715431,0.0,0.0
L5000,35269,1,0.5172856051464075,0.6172344689378757,0.0,0.0
L5000,35281,1,0.514956396236621,0.5811623246492986,0.0,0.0
L5000,35475,1,0.3967720526316484,0.7094188376753507,0.0,0.0
L5000,35600,1,0.6625877520204135,0.9278557114228457,0.0,0.0
L5000,35613,1,0.612816215488899,0.8276553106212425,0.0,0.0
L5000,35659,1,0.8542647177830609,0.9899799599198397,0.0,0.0
L5000,35916,1,0.7707106090439183,0.9959919839679359,0.0,1.0
L5000,35964,1,0.4957625741568969,0.7555110220440882,0.0,0.0
L5000,36198,1,0.5411102976811686,0.9939879759519038,0.0,1.0
L5000,36287,1,0.6218253291719403,0.935871743486974,0.0,0.0
L5000,36543,1,0.7971907477286838,0.9799599198396793,0.0,0.0
L5000,36557,1,0.740338878408212,0.9819639278557114,0.0,0.0
L5000,36992,1,0.7871178653745549,0.9979959919839679,0.0,1.0
L5000,37034,1,0.38031505201970883,0.052104208416833664,0.0,0.0
L5000,37053,1,0.785142956900518,0.9879759519038076,0.0,0.0
L5000,37255,1,0.390803908662128,0.8877755511022044,0.0,0.0
L5000,37362,1,0.4601000100105805,0.5891783567134269,0.0,0.0
L5000,37406,1,0.6729733838669677,0.9799599198396793,0.0,0.0
L5000,37505,1,0.5646815655089946,0.9939879759519038,0.0,1.0
L5000,37552,1,0.7518164471205286,0.9559118236472945,0.0,0.0
L5000,37899,1,0.8499186687416793,0.9959919839679359,0.0,1.0
L5000,38091,1,0.5582048323147194,0.7675350701402806,0.0,0.0
L5000,38194,1,0.6765654189652943,0.9238476953907816,0.0,0.0
L5000,38375,1,0.5717635646213234,0.8176352705410822,0.0,0.0
L5000,38380,1,0.6884143228138571,0.9939879759519038,0.0,1.0
L5000,38833,1,0.637785882911911,0.9278557114228457,0.0,0.0
L5000,38887,1,0.7713978586683055,1.0,1.0,1.0
L5000,39183,1,0.6512923086694794,0.9719438877755511,0.0,0.0
L5000,39288,1,0.8180957056064395,0.9899799599198397,0.0,0.0
L5000,39384,1,0.5027438991570483,0.6533066132264529,0.0,0.0
L5000,39490,1,0.7282983304110816,0.9959919839679359,0.0,1.0
L5000,39557,1,0.6782727542046454,0.9418837675350702,0.0,0.0
L5000,39756,1,0.4431237373339416,0.3366733466933868,0.0,0.0
L5000,39793,1,0.4408351170048074,0.2865731462925852,0.0,0.0
L5000,39920,1,0.5731531774381178,0.935871743486974,0.0,0.0
L5000,39986,1,0.5822737099768327,1.0,1.0,1.0
L5000,40269,1,0.7229952833726399,0.9919839679358717,0.0,1.0
L5000,40756,1,0.8726500958653229,1.0,1.0,1.0
L5000,40798,1,0.670487809975818,0.9959919839679359,0.0,1.0
L5000,40819,1,0.7572959499432925,0.9959919839679359,0.0,1.0
L5000,40933,1,0.716357304403829,0.9859719438877755,0.0,0.0
L5000,40990,1,0.5360219497550702,0.8296593186372746,0.0,0.0
L5000,41120,1,0.6912974116831923,0.969939879759519,0.0,0.0
L5000,41402,1,0.7363866987603507,0.9879759519038076,0.0,0.0
L5000,41540,1,0.5718236757476087,0.9579158316633266,0.0,0.0
L5000,41555,1,0.7440270685596859,0.9839679358717435,0.0,0.0
L5000,41561,1,0.4919050913407499,0.3807615230460922,0.0,0.0
L5000,41592,1,0.6756975556888053,0.9719438877755511,0.0,0.0
L5000,41636,1,0.5331773991965706,0.8877755511022044,0.0,0.0
L5000,41640,1,0.5198084725970319,0.6192384769539078,0.0,0.0
L5000,41924,1,0.9083540184812041,1.0,1.0,1.0
L5000,41976,1,0.7530829964421809,1.0,1.0,1.0
L5000,42022,1,0.5197149335112149,0.845691382765531,0.0,0.0
L5000,42251,1,0.6179006798304862,0.9478957915831663,0.0,0.0
L5000,42302,1,0.6534665217488922,0.9959919839679359,0.0,1.0
L5000,42466,1,0.6230650803979796,0.8296593186372746,0.0,0.0
L5000,42679,1,0.6441957316896508,0.9619238476953907,0.0,0.0
L5000,43065,1,0.6194849470060919,0.9539078156312625,0.0,0.0
L5000,43198,1,0.4777482840149646,0.9879759519038076,0.0,0.0
L5000,43211,1,0.6226310758400498,0.9418837675350702,0.0,0.0
L5000,43332,1,0.47219270683773,0.17234468937875752,0.0,0.0
L5000,43546,1,0.6147064910398012,0.9819639278557114,0.0,0.0
L5000,43584,1,0.5567959240332648,0.8617234468937875,0.0,0.0
L5000,44248,1,0.6256240055608837,0.8256513026052105,0.0,0.0
L5000,44279,1,0.6499453842372533,0.9759519038076152,0.0,0.0
L5000,44360,1,0.6481670198188332,0.9318637274549099,0.0,0.0
L5000,44413,1,0.5166448988063073,0.717434869739479,0.0,0.0
L5000,44422,1,0.7420587664330354,0.9979959919839679,0.0,1.0
L5000,44903,1,0.4797108522217599,0.24048096192384769,0.0,0.0
L5000,44975,1,0.5664304425452518,0.8877755511022044,0.0,0.0
L5000,45377,1,0.874739330254076,1.0,1.0,1.0
L5000,45528,1,0.7621675350898918,0.9979959919839679,0.0,1.0
L5000,45699,1,0.411652553012881,0.04809619238476954,0.0,0.0
L5000,45952,1,0.6611351080649939,0.9979959919839679,0.0,1.0
L5000,45987,1,0.694816187276004,0.9919839679358717,0.0,1.0
L5000,46166,1,0.6202139944643132,0.9799599198396793,0.0,0.0
L5000,46276,1,0.6139158126683966,0.9579158316633266,0.0,0.0
L5000,46403,1,0.6171581705107025,0.9799599198396793,0.0,0.0
L5000,46524,1,0.41804730832259507,0.0841683366733467,0.0,0.0
L5000,46653,1,0.5410150558540369,0.5110220440881763,0.0,0.0
L5000,47030,1,0.6399293179083683,0.9138276553106213,0.0,0.0
L5000,47086,1,0.5498837749465937,0.9739478957915831,0.0,0.0
L5000,47093,1,0.5496784269562787,0.6733466933867736,0.0,0.0
L5000,47122,1,0.8966141183103146,1.0,1.0,1.0
L5000,47125,1,0.5614857831623532,0.8957915831663327,0.0,0.0
L5000,47331,1,0.6230621958716034,0.9378757515030061,0.0,0.0
L5000,47471,1,0.7817411812335384,0.9619238476953907,0.0,0.0
L5000,47583,1,0.49215222377035117,0.24649298597194388,0.0,0.0
L5000,47744,1,0.7237801816383506,1.0,1.0,1.0
L5000,47907,1,0.45381277605477394,0.08817635270541083,0.0,0.0
L5000,48376,1,0.8845487631920441,0.9979959919839679,0.0,1.0
L5000,48655,1,0.5165606516601138,0.6513026052104208,0.0,0.0
L5000,48911,1,0.6024955933627314,0.8557114228456913,0.0,0.0
L5000,49170,1,0.8767437980148705,0.9939879759519038,0.0,1.0
L5000,49195,1,0.7613535336980896,0.9919839679358717,0.0,1.0
L5000,49256,1,0.41434622349027717,0.8076152304609219,0.0,0.0
L5000,49315,1,0.560248995648495,0.8997995991983968,0.0,0.0
L5000,49474,1,0.8900777223170806,1.0,1.0,1.0
L5000,49475,1,0.756926870015155,0.9919839679358717,0.0,1.0
L5000,49678,1,0.6552351058434576,0.9899799599198397,0.0,0.0
L5000,49702,1,0.6102414280519881,0.8997995991983968,0.0,0.0
L5000,49760,1,0.6348419476886686,0.9438877755511023,0.0,0.0
L5000,50203,1,0.5801365290478784,0.9238476953907816,0.0,0.0
L5000,50210,1,0.5736010734459799,0.7695390781563126,0.0,0.0
L5000,50622,1,0.6247806350745524,0.9739478957915831,0.0,0.0
L5000,50708,1,0.5498556706899833,0.8356713426853707,0.0,0.0
L5000,50739,1,0.5528519764122354,0.593186372745491,0.0,0.0
L5000,50850,1,0.757726682795056,0.9939879759519038,0.0,1.0
L5000,51008,1,0.7081734125385448,0.9779559118236473,0.0,0.0
L5000,51227,1,0.6695938725858785,0.9378757515030061,0.0,0.0
L5000,51300,1,0.6121779673443125,0.9478957915831663,0.0,0.0
L5000,51380,1,0.6005842457549515,0.9579158316633266,0.0,0.0
L5000,51385,1,0.6824292193129471,0.9258517034068137,0.0,0.0
L5000,51436,1,0.5845328795056347,0.9298597194388778,0.0,0.0
L5000,51517,1,0.7051338691847208,0.9959919839679359,0.0,1.0
L5000,51688,1,0.7541262327729483,1.0,1.0,1.0
L5000,51865,1,0.6305356899920462,0.7615230460921844,0.0,0.0
L5000,51943,1,0.6775542520987856,0.9819639278557114,0.0,0.0
L5000,51956,1,0.5192605303929949,0.36072144288577157,0.0,0.0
L5000,51990,1,0.5549976144833044,0.7595190380761523,0.0,0.0
L5000,52228,1,0.6487477055178341,0.9779559118236473,0.0,0.0
L5000,52277,1,0.6627963850436969,0.9839679358717435,0.0,0.0
L5000,52729,1,0.7238458995763695,0.9939879759519038,0.0,1.0
L5000,52733,1,0.61894767297244,0.9519038076152304,0.0,0.0
L5000,52803,1,0.6240478392627397,0.9238476953907816,0.0,0.0
L5000,52927,1,0.7812493547568187,0.9899799599198397,0.0,0.0
L5000,53445,1,0.7944395718482693,0.9979959919839679,0.0,1.0
L5000,53659,1,0.6326784496354421,0.9118236472945892,0.0,0.0
L5000,53729,1,0.7732166191612733,0.9779559118236473,0.0,0.0
L5000,53974,1,0.6627541776924699,0.9679358717434869,0.0,0.0
L5000,54054,1,0.5303607774641207,0.9098196392785571,0.0,0.0
L5000,54099,1,0.8241972055104303,0.9899799599198397,0.0,0.0
L5000,54250,1,0.8214805455932439,0.9939879759519038,0.0,1.0
L5000,54336,1,0.7867808346060177,1.0,1.0,1.0
L5000,54681,1,0.7214735713951708,0.9719438877755511,0.0,0.0
L5000,55202,1,0.7980486056076457,1.0,1.0,1.0
L5000,55501,1,0.6266094492260997,0.8897795591182365,0.0,0.0
L5000,55597,1,0.8248765311298842,0.9899799599198397,0.0,0.0
L5000,55741,1,0.6092358269548213,0.8036072144288577,0.0,0.0
L5000,55808,1,0.5888480054186719,0.9739478957915831,0.0,0.0
L5000,55876,1,0.4198972706288763,0.46092184368737477,0.0,0.0
L5000,55878,1,0.6034726011626125,0.8857715430861723,0.0,0.0
L5000,56047,1,0.6689761185175416,0.9959919839679359,0.0,1.0
L5000,56131,1,0.2741514967193823,0.06813627254509018,0.0,0.0
L5000,56162,1,0.6291525575337338,0.9318637274549099,0.0,0.0
L5000,56272,1,0.5394868489407636,0.9258517034068137,0.0,0.0
L5000,56496,1,0.39633846690240954,0.14829659318637275,0.0,0.0
L5000,56554,1,0.8290072829753572,0.9879759519038076,0.0,0.0
L5000,56629,1,0.5833106188245831,0.9759519038076152,0.0,0.0
L5000,56651,1,0.6358375196968649,0.9619238476953907,0.0,0.0
L5000,56698,1,0.5545365350781343,0.7134268537074149,0.0,0.0
L5000,56873,1,0.41198582583014176,0.26452905811623245,0.0,0.0
L5000,56963,1,0.608452980361665,0.8897795591182365,0.0,0.0
L5000,57114,1,0.656136975569657,0.9819639278557114,0.0,0.0
L5000,57244,1,0.8620730837339747,1.0,1.0,1.0
L5000,57830,1,0.6301224411721399,0.9739478957915831,0.0,0.0
L5000,57994,1,0.7111461888407473,0.9418837675350702,0.0,0.0
L5000,58004,1,0.7561062936454035,0.9919839679358717,0.0,1.0
L5000,58157,1,0.5895694968440001,0.8517034068136272,0.0,0.0
L5000,58169,1,0.622608064995851,0.845691382765531,0.0,0.0
L5000,58252,1,0.6648523549207555,0.9919839679358717,0.0,1.0
L5000,58341,1,0.6129658411222509,0.9519038076152304,0.0,0.0
L5000,58458,1,0.5033701819583711,0.8296593186372746,0.0,0.0
L5000,58572,1,0.6139815897369374,0.9098196392785571,0.0,0.0
L5000,58835,1,0.6724952148531308,0.9398797595190381,0.0,0.0
L5000,58977,1,0.7058040215301395,0.9819639278557114,0.0,0.0
L5000,58988,1,0.7175830637460013,0.9679358717434869,0.0,0.0
L5000,59101,1,0.6850651321518657,0.9478957915831663,0.0,0.0
L5000,59177,1,0.6569111518180637,0.9158316633266533,0.0,0.0
L5000,59183,1,0.9066251340925361,1.0,1.0,1.0
L5000,59219,1,0.765339884816594,1.0,1.0,1.0
L5000,59293,1,0.8790940442067652,1.0,1.0,1.0
L5000,59464,1,0.5830446180373082,0.845691382765531,0.0,0.0
L5000,59470,1,0.6927162267369469,0.9879759519038076,0.0,0.0
L5000,59508,1,0.6650763735900275,0.9599198396793587,0.0,0.0
L5000,59838,1,0.6271336389287752,0.9418837675350702,0.0,0.0
L5000,59905,1,0.6779656239628269,1.0,1.0,1.0
L5000,60063,1,0.7506778811666223,0.9979959919839679,0.0,1.0
L5000,60496,1,0.6087066845028279,0.8857715430861723,0.0,0.0
L5000,60707,1,0.5578990935122503,0.9879759519038076,0.0,0.0
L5000,60784,1,0.6906855980744815,0.9819639278557114,0.0,0.0
L5000,60932,1,0.7086180582379118,0.9298597194388778,0.0,0.0
L5000,61327,1,0.7056403172012273,0.9398797595190381,0.0,0.0
L5000,61653,1,0.6201829167410137,0.9739478957915831,0.0,0.0
L5000,61683,1,0.7225375948703393,0.9959919839679359,0.0,1.0
L5000,61701,1,0.42690437492741196,0.11022044088176353,0.0,0.0
L5000,61868,1,0.7176366486875019,0.9458917835671342,0.0,0.0
L5000,61878,1,0.6900182460330312,0.969939879759519,0.0,0.0
L5000,62117,1,0.5583833234895704,0.9438877755511023,0.0,0.0
L5000,62587,1,0.5915071396899566,0.9619238476953907,0.0,0.0
L5000,62627,1,0.54695011515099,0.9118236472945892,0.0,0.0
L5000,63062,1,0.660711809260889,0.9979959919839679,0.0,1.0
L5000,63247,1,0.504882012618044,0.843687374749499,0.0,0.0
L5000,63837,1,0.5064303161064241,0.7975951903807615,0.0,0.0
L5000,63869,1,0.5231071374849021,0.8797595190380761,0.0,0.0
L5000,64050,1,0.6131732539722835,0.9438877755511023,0.0,0.0
L5000,64148,1,0.5537515022599024,0.6713426853707415,0.0,0.0
L5000,64195,1,0.5413223997493481,0.6713426853707415,0.0,0.0
L5000,64262,1,0.5459509577976375,0.8837675350701403,0.0,0.0
L5000,64417,1,0.7136989968650589,0.9679358717434869,0.0,0.0
L5000,64547,1,0.7271100308054372,1.0,1.0,1.0
L5000,64783,1,0.509944519780024,0.24448897795591182,0.0,0.0
L5000,64851,1,0.5656984672681296,0.8296593186372746,0.0,0.0
L5000,64925,1,0.6567358132277108,0.935871743486974,0.0,0.0
L5000,65218,1,0.6495424541058751,0.9438877755511023,0.0,0.0
L5000,65340,1,0.43144936964387415,0.0841683366733467,0.0,0.0
L5000,65348,1,0.5447430490943457,0.9478957915831663,0.0,0.0
L5000,65417,1,0.5460689621779107,0.9218436873747495,0.0,0.0
L5000,65553,1,0.6052295453985403,0.8557114228456913,0.0,0.0
L5000,65609,1,0.7621194045057577,0.9959919839679359,0.0,1.0
L5000,65690,1,0.7318085072148205,0.9899799599198397,0.0,0.0
L5000,65878,1,0.5096717619614587,0.39879759519038077,0.0,0.0
L5000,66058,1,0.6555597767215655,0.9519038076152304,0.0,0.0
L5000,66209,1,0.4714930736391466,0.2665330661322645,0.0,0.0
L5000,66269,1,0.5302729037445054,0.5751503006012024,0.0,0.0
L5000,66437,1,0.6442709369465288,0.9378757515030061,0.0,0.0
L5000,66512,1,0.6149583939599765,0.9739478957915831,0.0,0.0
L5000,66559,1,0.5609250463508373,0.9559118236472945,0.0,0.0
L5000,66875,1,0.5306384218584984,0.9519038076152304,0.0,0.0
L5000,67261,1,0.477277435226636,0.5551102204408818,0.0,0.0
L5000,67281,1,0.7776203878455439,1.0,1.0,1.0
L5000,67361,1,0.7218499571629498,1.0,1.0,1.0
L5000,67444,1,0.7528237073746444,0.9919839679358717,0.0,1.0
L5000,67673,1,0.6074438174533272,0.9619238476953907,0.0,0.0
L5000,67708,1,0.6703000292179238,0.9879759519038076,0.0,0.0
L5000,67899,1,0.5774433363191848,0.781563126252505,0.0,0.0
L5000,68121,1,0.6005039400301841,0.9519038076152304,0.0,0.0
L5000,68127,1,0.7530022977267421,0.9839679358717435,0.0,0.0
L5000,68173,1,0.7279005404674682,0.9879759519038076,0.0,0.0
L5000,68193,1,0.7824431605239086,1.0,1.0,1.0
L5000,68287,1,0.6312366650386232,0.9338677354709419,0.0,0.0
L5000,68394,1,0.5545854320429426,0.7975951903807615,0.0,0.0
L5000,68473,1,0.7003174763517548,0.9939879759519038,0.0,1.0
L5000,68532,1,0.5017750583475709,0.5971943887775552,0.0,0.0
L5000,68553,1,0.7799676871473032,1.0,1.0,1.0
L5000,68819,1,0.6672844803305464,0.9799599198396793,0.0,0.0
L5000,69085,1,0.7714367764415295,0.9779559118236473,0.0,0.0
L5000,69087,1,0.7534745149283993,0.9979959919839679,0.0,1.0
L5000,69137,1,0.5902523966697322,0.9438877755511023,0.0,0.0
L5000,69462,1,0.6691894496775799,0.9659318637274549,0.0,0.0
L5000,69641,1,0.8419413122518455,0.9839679358717435,0.0,0.0
L5000,70279,1,0.5116382001250056,0.8136272545090181,0.0,0.0
L5000,70372,1,0.6433071318876509,0.9779559118236473,0.0,0.0
L5000,70496,1,0.6019749427853328,1.0,1.0,1.0
L5000,70765,1,0.6659251619734476,0.8817635270541082,0.0,0.0
L5000,71264,1,0.4457508287104581,0.6993987975951904,0.0,0.0
L5000,71624,1,0.5743540344551232,0.969939879759519,0.0,0.0
L5000,71735,1,0.828556126136992,1.0,1.0,1.0
L5000,72089,1,0.5976715931230141,0.8637274549098196,0.0,0.0
L5000,72151,1,0.7305818446938388,0.9859719438877755,0.0,0.0
L5000,72389,1,0.44272608206206215,0.21042084168336672,0.0,0.0
L5000,72527,1,0.5407696258568646,0.7274549098196392,0.0,0.0
