method,image_id,cosine,forward_two_way,top1,top5
C,95,0.8522521276548685,1.0,1.0,1.0
C,204,0.7367748588083706,0.9258517034068137,0.0,0.0
C,318,0.7330631270949397,0.9258517034068137,0.0,0.0
C,356,0.7549032067444499,0.9559118236472945,0.0,0.0
C,425,0.8273487509996403,1.0,1.0,1.0
C,458,0.7940566063038961,0.9899799599198397,0.0,0.0
C,637,0.79614405016847,0.9859719438877755,0.0,0.0
C,709,0.6780965258051332,0.8076152304609219,0.0,0.0
C,868,0.7156315674763328,0.8637274549098196,0.0,0.0
C,1015,0.8143063949969329,0.9939879759519038,0.0,1.0
C,1288,0.7275655819343798,0.9178356713426854,0.0,0.0
C,1589,0.7802078847743017,0.9759519038076152,0.0,0.0
C,1744,0.6793701226173292,0.7895791583166333,0.0,0.0
C,1818,0.8217701614773038,0.9959919839679359,0.0,1.0
C,2070,0.4980706587862383,0.10220440881763528,0.0,0.0
C,2125,0.7806191472911568,0.9979959919839679,0.0,1.0
C,2327,0.7957437078613947,0.9939879759519038,0.0,1.0
C,2737,0.8230610800580673,0.9619238476953907,0.0,0.0
C,2795,0.7804112170249398,0.969939879759519,0.0,0.0
C,2980,0.8653849387447389,0.9899799599198397,0.0,0.0
C,3338,0.7220319998444777,0.9078156312625251,0.0,0.0
C,3344,0.5960387628224469,0.2545090180360721,0.0,0.0
C,3368,0.7050437700108079,0.9198396793587175,0.0,0.0
C,3731,0.7152979034385673,0.8857715430861723,0.0,0.0
C,3803,0.7770756742307178,0.9819639278557114,0.0,0.0
C,4292,0.7097027070480233,0.9759519038076152,0.0,0.0
C,4409,0.7722887284053714,0.9939879759519038,0.0,1.0
C,4476,0.7995311110168308,0.9919839679358717,0.0,1.0
C,4509,0.8047340804284223,0.9899799599198397,0.0,0.0
C,4927,0.6973949491218283,0.9599198396793587,0.0,0.0
C,4967,0.8313883958924406,0.9879759519038076,0.0,0.0
C,5340,0.7623054473604225,0.9739478957915831,0.0,0.0
C,5582,0.8249938079744548,0.9959919839679359,0.0,1.0
C,5656,0.7723729988550369,0.9559118236472945,0.0,0.0
C,5683,0.8429277247309395,1.0,1.0,1.0
C,5790,0.7056759358475905,0.8016032064128257,0.0,0.0
C,5929,0.5827448764900035,0.24448897795591182,0.0,0.0
C,6315,0.7796043022314716,0.9819639278557114,0.0,0.0
C,6360,0.5845176094147267,0.21643286573146292,0.0,0.0
C,6454,0.769281474696401,0.9899799599198397,0.0,0.0
C,6603,0.7604841973426892,0.9298597194388778,0.0,0.0
C,6750,0.7342084971162124,0.9779559118236473,0.0,0.0
C,6759,0.8419902930036227,0.9919839679358717,0.0,1.0
C,6770,0.7357373910635452,0.935871743486974,0.0,0.0
C,6991,0.7265040885689033,0.9438877755511023,0.0,0.0
C,7306,0.7282172916640741,0.9338677354709419,0.0,0.0
C,7355,0.7863949233310454,0.9899799599198397,0.0,0.0
C,7899,0.7084287060676554,0.8156312625250501,0.0,0.0
C,8061,0.6214966999058542,0.35070140280561124,0.0,0.0
C,8215,0.6006589779833764,0.3907815631262525,0.0,0.0
C,8234,0.78805649438293,0.969939879759519,0.0,0.0
C,8238,0.780101945405304,0.9739478957915831,0.0,0.0
C,8275,0.6669608706233665,0.5170340681362725,0.0,0.0
C,8367,0.825945672523944,0.9939879759519038,0.0,1.0
C,8828,0.7809691876325675,0.9599198396793587,0.0,0.0
C,8862,0.8258418655901132,0.9959919839679359,0.0,1.0
C,8926,0.8049820590616837,1.0,1.0,1.0
C,9188,0.8456772800010035,0.9939879759519038,0.0,1.0
C,9298,0.7389541215313837,0.9799599198396793,0.0,0.0
C,9376,0.8476051522417822,0.9899799599198397,0.0,0.0
C,9712,0.7589740160311584,0.9318637274549099,0.0,0.0
C,9877,0.7603157969639986,0.9498997995991983,0.0,0.0
C,10115,0.5991004536065048,0.2545090180360721,0.0,0.0
C,10191,0.8637413158560214,0.9979959919839679,0.0,1.0
C,10361,0.6749051059426239,0.5531062124248497,0.0,0.0
C,10602,0.8398530953587928,1.0,1.0,1.0
C,10622,0.7932530219275646,0.9539078156312625,0.0,0.0
C,11050,0.751756251468743,0.9939879759519038,0.0,1.0
C,11274,0.8604427073040738,1.0,1.0,1.0
C,11493,0.810482019158911,0.9979959919839679,0.0,1.0
C,11757,0.7888704793264012,1.0,1.0,1.0
C,11886,0.8069985365652459,0.9679358717434869,0.0,0.0
C,12122,0.6733071331885654,0.8496993987975952,0.0,0.0
C,12225,0.7038966983646904,0.7835671342685371,0.0,0.0
C,12292,0.7309328398592357,0.8937875751503006,0.0,0.0
C,12340,0.7690463611402862,0.9779559118236473,0.0,0.0
C,12386,0.7530544698144179,0.9779559118236473,0.0,0.0
C,12597,0.6761464565714084,0.7755511022044088,0.0,0.0
C,13041,0.8335301203347723,0.9839679358717435,0.0,0.0
C,13134,0.8259094281523955,1.0,1.0,1.0
C,13223,0.75032924056933,0.9519038076152304,0.0,0.0
C,13298,0.7929512603037524,1.0,1.0,1.0
C,13587,0.6592336152617071,0.5450901803607214,0.0,0.0
C,13703,0.6924974922382572,0.8637274549098196,0.0,0.0
C,13741,0.6415041892296902,0.7154308617234469,0.0,0.0
C,13749,0.6874705390585053,0.6993987975951904,0.0,0.0
C,13826,0.817975307854687,1.0,1.0,1.0
C,13842,0.8087394710106093,0.9779559118236473,0.0,0.0
C,13879,0.7027347596448784,0.9198396793587175,0.0,0.0
C,13895,0.7351570121250024,0.9659318637274549,0.0,0.0
C,13938,0.8057617930559093,0.9539078156312625,0.0,0.0
C,14049,0.7746895000143812,0.9719438877755511,0.0,0.0
C,14170,0.7593247494780435,0.9318637274549099,0.0,0.0
C,14245,0.8616784545479921,0.9959919839679359,0.0,1.0
C,14274,0.6796900581923004,0.6212424849699398,0.0,0.0
C,14728,0.8498066283762691,0.9919839679358717,0.0,1.0
C,15068,0.8416362849763777,0.9839679358717435,0.0,0.0
C,15181,0.6324039316081772,0.56312625250501,0.0,0.0
C,15182,0.7079510471749133,0.8517034068136272,0.0,0.0
C,15191,0.736983820387524,0.8677354709418837,0.0,0.0
C,15274,0.8713794899123548,0.9979959919839679,0.0,1.0
C,15386,0.7158784147638968,0.8897795591182365,0.0,0.0
C,15438,0.6728177554298895,0.6352705410821643,0.0,0.0
C,15516,0.735718388920586,0.9318637274549099,0.0,0.0
C,15631,0.7323545103563034,0.8637274549098196,0.0,0.0
C,15632,0.7514528228676788,0.9639278557114228,0.0,0.0
C,15865,0.744628350862629,0.9619238476953907,0.0,0.0
C,15898,0.7591946102601038,0.9719438877755511,0.0,0.0
C,15953,0.7448558700204668,0.9799599198396793,0.0,0.0
C,15985,0.8289659606809482,0.9939879759519038,0.0,1.0
C,16251,0.8085005784906687,1.0,1.0,1.0
C,16424,0.8186390443811702,1.0,1.0,1.0
C,16525,0.7931223473066709,0.9759519038076152,0.0,0.0
C,16625,0.8793482789289555,0.9959919839679359,0.0,1.0
C,16718,0.7200678169888793,0.9719438877755511,0.0,0.0
C,16800,0.8693655527006505,1.0,1.0,1.0
C,17017,0.7656771650812193,0.9979959919839679,0.0,1.0
C,17605,0.733010617936267,0.8296593186372746,0.0,0.0
C,17651,0.6869603891751761,0.8537074148296593,0.0,0.0
C,17795,0.6825309073769085,0.8537074148296593,0.0,0.0
C,17843,0.7829411605842832,1.0,1.0,1.0
C,17865,0.8440527152636277,1.0,1.0,1.0
C,17946,0.7748393946168763,0.9879759519038076,0.0,0.0
C,17987,0.7734091255830211,0.9659318637274549,0.0,0.0
C,18115,0.6528935618786553,0.4468937875751503,0.0,0.0
C,18159,0.7555510551507955,0.9659318637274549,0.0,0.0
C,18170,0.7588676865983138,0.9739478957915831,0.0,0.0
C,18556,0.7455573484727638,0.9098196392785571,0.0,0.0
C,18888,0.776632135354568,1.0,1.0,1.0
C,18960,0.787954374492373,0.9959919839679359,0.0,1.0
C,19331,0.8014323396685558,0.9659318637274549,0.0,0.0
C,19471,0.6915808503562416,0.7855711422845691,0.0,0.0
C,19593,0.5773216739367701,0.14829659318637275,0.0,0.0
C,19605,0.583748315870052,0.20240480961923848,0.0,0.0
C,20013,0.6874303527566015,0.905811623246493,0.0,0.0
C,20072,0.7390782202603599,0.9639278557114228,0.0,0.0
C,20317,0.7691033500320771,0.9779559118236473,0.0,0.0
C,20380,0.6263746602846811,0.46292585170340683,0.0,0.0
C,20520,0.7976722000820644,0.9959919839679359,0.0,1.0
C,20545,0.7857139352547575,0.9959919839679359,0.0,1.0
C,20863,0.7717548174767552,0.9579158316633266,0.0,0.0
C,20882,0.8311303938659251,0.9819639278557114,0.0,0.0
C,20904,0.8544989572453499,0.9859719438877755,0.0,0.0
C,21295,0.8254612742365253,0.9959919839679359,0.0,1.0
C,21414,0.852329868553202,1.0,1.0,1.0
C,21436,0.7397507413266845,0.8817635270541082,0.0,0.0
C,21558,0.8421317610456988,1.0,1.0,1.0
C,21887,0.7261175572986285,0.8777555110220441,0.0,0.0
C,22215,0.7501968560226819,0.9158316633266533,0.0,0.0
C,22299,0.7790702510535992,0.9919839679358717,0.0,1.0
C,22303,0.7973129878332808,0.9979959919839679,0.0,1.0
C,22452,0.6998481361628005,0.7094188376753507,0.0,0.0
C,22793,0.8168994414762808,0.9919839679358717,0.0,1.0
C,22803,0.7678970842178754,0.9478957915831663,0.0,0.0
C,22924,0.7462429605985735,0.9418837675350702,0.0,0.0
C,23314,0.8540433175567632,1.0,1.0,1.0
C,23445,0.8171248608374223,0.9959919839679359,0.0,1.0
C,23479,0.7238510622427499,0.9418837675350702,0.0,0.0
C,23623,0.7568632012082319,0.9599198396793587,0.0,0.0
C,23633,0.7275736695643817,0.9018036072144289,0.0,0.0
C,23642,0.7807454536561382,0.9839679358717435,0.0,0.0
C,23803,0.8295159888693329,0.9919839679358717,0.0,1.0
C,24062,0.7550869660587337,0.9639278557114228,0.0,0.0
C,24103,0.8017650819419249,0.9879759519038076,0.0,0.0
C,24306,0.7809209445494324,0.9679358717434869,0.0,0.0
C,24700,0.7762987991541925,0.9599198396793587,0.0,0.0
C,24790,0.6807113547819931,0.6372745490981964,0.0,0.0
C,25150,0.693284854028007,0.7655310621242485,0.0,0.0
C,25166,0.70925958011462,0.843687374749499,0.0,0.0
C,25339,0.8118512368629831,0.9959919839679359,0.0,1.0
C,25360,0.7824803185276706,0.9719438877755511,0.0,0.0
C,25374,0.7337206250722256,0.905811623246493,0.0,0.0
C,25447,0.7973347904573782,0.9939879759519038,0.0,1.0
C,26070,0.7530789277187266,0.9218436873747495,0.0,0.0
C,26146,0.7481119743344333,0.9639278557114228,0.0,0.0
C,26419,0.784336197959631,0.9438877755511023,0.0,0.0
C,26519,0.7014840099132362,0.9839679358717435,0.0,0.0
C,26535,0.7633136601910191,0.9899799599198397,0.0,0.0
C,26749,0.8357843852671987,0.9879759519038076,0.0,0.0
C,27131,0.7429675416569521,0.9539078156312625,0.0,0.0
C,27196,0.7514822818028919,0.9238476953907816,0.0,0.0
C,27240,0.7884973858997668,0.9839679358717435,0.0,0.0
C,27260,0.7908828516069708,1.0,1.0,1.0
C,27648,0.8043808783880054,0.9979959919839679,0.0,1.0
C,27688,0.8555075363322224,1.0,1.0,1.0
C,27781,0.7169322927590462,0.687374749498998,0.0,0.0
C,28157,0.8443482930739301,0.9979959919839679,0.0,1.0
C,28253,0.648675654573944,0.40681362725450904,0.0,0.0
C,28276,0.7983909032816927,0.9939879759519038,0.0,1.0
C,28309,0.7644241206383916,0.969939879759519,0.0,0.0
C,28511,0.6418194554823429,0.5250501002004008,0.0,0.0
C,28548,0.7829434371862192,0.9478957915831663,0.0,0.0
C,28979,0.6676376157083408,0.5531062124248497,0.0,0.0
C,29018,0.7653906770891818,0.9759519038076152,0.0,0.0
C,29179,0.8531163948727261,0.9979959919839679,0.0,1.0
C,29221,0.8156893282465194,0.9979959919839679,0.0,1.0
C,29400,0.709674001310206,0.8957915831663327,0.0,0.0
C,29511,0.7118018508867173,0.7615230460921844,0.0,0.0
C,29591,0.702082170499644,0.9619238476953907,0.0,0.0
C,29610,0.7818355695555786,0.9879759519038076,0.0,0.0
C,29717,0.8632911560386007,1.0,1.0,1.0
C,29815,0.8485343953574185,1.0,1.0,1.0
C,29831,0.7256871744965772,0.875751503006012,0.0,0.0
C,29903,0.7389318101859721,0.9118236472945892,0.0,0.0
C,29942,0.7620648680090221,0.9939879759519038,0.0,1.0
C,30016,0.5808925113716847,0.2545090180360721,0.0,0.0
C,30068,0.6756629575616102,0.5791583166332666,0.0,0.0
C,30077,0.8303336371901487,0.9639278557114228,0.0,0.0
C,30139,0.7790293615255555,0.9859719438877755,0.0,0.0
C,30888,0.7790746165519504,0.9498997995991983,0.0,0.0
C,30961,0.8111334515443811,0.9959919839679359,0.0,1.0
C,31234,0.7031014860583948,0.9819639278557114,0.0,0.0
C,31244,0.6830248543890081,0.7955911823647295,0.0,0.0
C,31251,0.7479392588342133,0.9178356713426854,0.0,0.0
C,31280,0.688352760868997,0.8517034068136272,0.0,0.0
C,31503,0.7788733036303349,0.9939879759519038,0.0,1.0
C,31776,0.7563037779591095,0.9679358717434869,0.0,0.0
C,32051,0.7984740843733162,1.0,1.0,1.0
C,32062,0.6800331520904261,0.6172344689378757,0.0,0.0
C,32140,0.8217087111088048,0.9839679358717435,0.0,0.0
C,32365,0.8023910498468823,1.0,1.0,1.0
C,32427,0.7533252887240744,0.9378757515030061,0.0,0.0
C,32470,0.7823647156047822,0.9739478957915831,0.0,0.0
C,32532,0.698178900886002,0.8156312625250501,0.0,0.0
C,32630,0.7171999305481973,0.8797595190380761,0.0,0.0
C,32680,0.8179444424636746,0.9979959919839679,0.0,1.0
C,32697,0.8370545544752377,0.9979959919839679,0.0,1.0
C,33057,0.8155835778790221,0.9979959919839679,0.0,1.0
C,33084,0.814069123086689,1.0,1.0,1.0
C,33123,0.8033899859355194,0.9939879759519038,0.0,1.0
C,33256,0.7975657091197856,0.9939879759519038,0.0,1.0
C,33264,0.8426893426249531,0.9939879759519038,0.0,1.0
C,33336,0.7189067688116378,0.905811623246493,0.0,0.0
C,33342,0.8084091040343842,1.0,1.0,1.0
C,33512,0.8032755796466475,0.9879759519038076,0.0,0.0
C,33863,0.7591042528016956,0.9879759519038076,0.0,0.0
C,33990,0.8461209218276613,1.0,1.0,1.0
C,34169,0.750525587557337,0.9919839679358717,0.0,1.0
C,34198,0.7264602119995001,0.935871743486974,0.0,0.0
C,34415,0.7887928043675394,0.9959919839679359,0.0,1.0
C,34509,0.7815072813884874,1.0,1.0,1.0
C,34565,0.7470157714655493,0.9298597194388778,0.0,0.0
C,34854,0.8345380954314008,0.9839679358717435,0.0,0.0
C,34998,0.8024762720703229,0.9899799599198397,0.0,0.0
C,35100,0.7039385685154653,0.905811623246493,0.0,0.0
C,35119,0.732462244980528,0.935871743486974,0.0,0.0
C,35131,0.7356547278733088,0.9278557114228457,0.0,0.0
C,35234,0.6231840346888619,0.46893787575150303,0.0,0.0
C,35269,0.727853397879165,0.7855711422845691,0.0,0.0
C,35281,0.6800513933271217,0.6232464929859719,0.0,0.0
C,35475,0.6275958083729944,0.7675350701402806,0.0,0.0
C,35600,0.7565599028490143,0.9498997995991983,0.0,0.0
C,35613,0.7024032258058405,0.8837675350701403,0.0,0.0
C,35659,0.8370979112429282,0.9799599198396793,0.0,0.0
C,35916,0.7439237823402236,0.8416833667334669,0.0,0.0
C,35964,0.7158898821751682,0.8857715430861723,0.0,0.0
C,36198,0.7491074393424825,0.9959919839679359,0.0,1.0
C,36287,0.6344162334551176,0.35671342685370744,0.0,0.0
C,36543,0.79122451766073,0.9579158316633266,0.0,0.0
C,36557,0.8700390671375806,1.0,1.0,1.0
C,36992,0.8463937469859562,1.0,1.0,1.0
C,37034,0.5069280811115873,0.01603206412825651,0.0,0.0
C,37053,0.843602345536312,1.0,1.0,1.0
C,37255,0.7417752780043696,0.9719438877755511,0.0,0.0
C,37362,0.748243933015175,0.9398797595190381,0.0,0.0
C,37406,0.7250581129344555,0.9018036072144289,0.0,0.0
C,37505,0.8292943811745641,0.9959919839679359,0.0,1.0
C,37552,0.7994512660257497,0.9498997995991983,0.0,0.0
C,37899,0.8536860516439635,0.9819639278557114,0.0,0.0
C,38091,0.7389773538019802,0.9579158316633266,0.0,0.0
C,38194,0.7863242807918229,0.9539078156312625,0.0,0.0
C,38375,0.6827117615916534,0.7254509018036072,0.0,0.0
C,38380,0.7758135223505818,0.9939879759519038,0.0,1.0
C,38833,0.7353995340316527,0.8416833667334669,0.0,0.0
C,38887,0.8296063488682608,0.9959919839679359,0.0,1.0
C,39183,0.7010524989326574,0.7935871743486974,0.0,0.0
C,39288,0.8404278603585873,0.9899799599198397,0.0,0.0
C,39384,0.7162843058789031,0.8216432865731463,0.0,0.0
C,39490,0.8355988940043664,0.9979959919839679,0.0,1.0
C,39557,0.7955115952581494,0.9879759519038076,0.0,0.0
C,39756,0.7310908597877135,0.9118236472945892,0.0,0.0
C,39793,0.7334637145985226,0.8957915831663327,0.0,0.0
C,39920,0.7188194074018734,0.9719438877755511,0.0,0.0
C,39986,0.7146484006658536,0.9478957915831663,0.0,0.0
C,40269,0.8134295938375795,0.9899799599198397,0.0,0.0
C,40756,0.8328329113596608,0.9959919839679359,0.0,1.0
C,40798,0.8415854455469254,0.9979959919839679,0.0,1.0
C,40819,0.8715962799096372,1.0,1.0,1.0
C,40933,0.7064185748322385,0.685370741482966,0.0,0.0
C,40990,0.6820110568940859,0.8356713426853707,0.0,0.0
C,41120,0.7711325742101229,0.9779559118236473,0.0,0.0
C,41402,0.7459940084530221,0.9378757515030061,0.0,0.0
C,41540,0.7739653938256376,0.9919839679358717,0.0,1.0
C,41555,0.8639648010706653,0.9979959919839679,0.0,1.0
C,41561,0.6948313452006321,0.8897795591182365,0.0,0.0
C,41592,0.8014421818359154,0.9839679358717435,0.0,0.0
C,41636,0.8395652963725545,0.9959919839679359,0.0,1.0
C,41640,0.7360451979290212,0.9098196392785571,0.0,0.0
C,41924,0.8585464792552833,1.0,1.0,1.0
C,41976,0.7290763189358257,0.9819639278557114,0.0,0.0
C,42022,0.799878272335794,0.9979959919839679,0.0,1.0
C,42251,0.8226928973280285,0.9979959919839679,0.0,1.0
C,42302,0.7478606856743988,0.9178356713426854,0.0,0.0
C,42466,0.7236336472542721,0.7675350701402806,0.0,0.0
C,42679,0.7249628645333474,0.8877755511022044,0.0,0.0
C,43065,0.7811802351954353,0.9899799599198397,0.0,0.0
C,43198,0.7343299423860823,0.9118236472945892,0.0,0.0
C,43211,0.7703532050687186,0.9619238476953907,0.0,0.0
C,43332,0.6720885936730141,0.7414829659318637,0.0,0.0
C,43546,0.7779553643873462,0.9879759519038076,0.0,0.0
C,43584,0.7181587926472708,0.935871743486974,0.0,0.0
C,44248,0.7991374694324436,0.9839679358717435,0.0,0.0
C,44279,0.8009680556688941,0.9979959919839679,0.0,1.0
C,44360,0.8002401404644802,1.0,1.0,1.0
C,44413,0.6864916720309232,0.8617234468937875,0.0,0.0
C,44422,0.7882417362112517,1.0,1.0,1.0
C,44903,0.6347443923019815,0.45691382765531063,0.0,0.0
C,44975,0.7698783009417826,0.9679358717434869,0.0,0.0
C,45377,0.8543908894218373,0.9979959919839679,0.0,1.0
C,45528,0.8292346375903326,1.0,1.0,1.0
C,45699,0.6310779233089421,0.39478957915831664,0.0,0.0
C,45952,0.7442854956965287,0.9498997995991983,0.0,0.0
C,45987,0.8209229418252616,0.9959919839679359,0.0,1.0
C,46166,0.697977085099805,0.8617234468937875,0.0,0.0
C,46276,0.8011296936033199,0.9979959919839679,0.0,1.0
C,46403,0.8342527517373353,1.0,1.0,1.0
C,46524,0.6358780187199654,0.4188376753507014,0.0,0.0
C,46653,0.7579997567827697,0.9178356713426854,0.0,0.0
C,47030,0.7396704057693184,0.9098196392785571,0.0,0.0
C,47086,0.7006205571074701,0.811623246492986,0.0,0.0
C,47093,0.7272828554086874,0.9138276553106213,0.0,0.0
C,47122,0.8664210519109934,1.0,1.0,1.0
C,47125,0.6998296508727752,0.8797595190380761,0.0,0.0
C,47331,0.862058765752205,1.0,1.0,1.0
C,47471,0.7565641806988277,0.9118236472945892,0.0,0.0
C,47583,0.6691253066762153,0.7074148296593187,0.0,0.0
C,47744,0.7737429696150703,0.9939879759519038,0.0,1.0
C,47907,0.5557371050669975,0.12424849699398798,0.0,0.0
C,48376,0.8708061924757857,1.0,1.0,1.0
C,48655,0.7955480173750548,0.9859719438877755,0.0,0.0
C,48911,0.7786319855345711,0.9879759519038076,0.0,0.0
C,49170,0.8508862736278745,0.9819639278557114,0.0,0.0
C,49195,0.7875286160078343,0.9839679358717435,0.0,0.0
C,49256,0.6842950417111027,0.7214428857715431,0.0,0.0
C,49315,0.7701217195904314,0.9779559118236473,0.0,0.0
C,49474,0.870390154879046,1.0,1.0,1.0
C,49475,0.8165632395696317,0.9939879759519038,0.0,1.0
C,49678,0.7589214171551399,0.9919839679358717,0.0,1.0
C,49702,0.7658328005677453,0.9879759519038076,0.0,0.0
C,49760,0.7793968701614095,0.9639278557114228,0.0,0.0
C,50203,0.6973684600156744,0.8777555110220441,0.0,0.0
C,50210,0.7647551502222378,0.9619238476953907,0.0,0.0
C,50622,0.6960489389929475,0.779559118236473,0.0,0.0
C,50708,0.7287528168888268,0.9679358717434869,0.0,0.0
C,50739,0.7717509656295036,0.9839679358717435,0.0,0.0
C,50850,0.8298928306700568,0.9919839679358717,0.0,1.0
C,51008,0.8684367684734833,1.0,1.0,1.0
C,51227,0.8381932922922004,0.9899799599198397,0.0,0.0
C,51300,0.7399969033849737,0.9378757515030061,0.0,0.0
C,51380,0.7780166703238965,0.9619238476953907,0.0,0.0
C,51385,0.864673589205617,1.0,1.0,1.0
C,51436,0.8121171086467467,0.9919839679358717,0.0,1.0
C,51517,0.7418102683822663,0.8316633266533067,0.0,0.0
C,51688,0.7669038019248221,0.9939879759519038,0.0,1.0
C,51865,0.7559758552232108,0.9519038076152304,0.0,0.0
C,51943,0.7998625093260856,0.9939879759519038,0.0,1.0
C,51956,0.6481150667863309,0.4228456913827655,0.0,0.0
C,51990,0.7141882270470588,0.8336673346693386,0.0,0.0
C,52228,0.6987440970968855,0.8977955911823647,0.0,0.0
C,52277,0.7814599432038558,0.9759519038076152,0.0,0.0
C,52729,0.8025794882351367,0.9939879759519038,0.0,1.0
C,52733,0.7635165955676577,0.9739478957915831,0.0,0.0
C,52803,0.716212509703779,0.7755511022044088,0.0,0.0
C,52927,0.7776206514806026,0.9498997995991983,0.0,0.0
C,53445,0.7887794174191317,0.9779559118236473,0.0,0.0
C,53659,0.8234222731141436,0.9959919839679359,0.0,1.0
C,53729,0.8163516951162462,0.9619238476953907,0.0,0.0
C,53974,0.7803530352359975,0.9879759519038076,0.0,0.0
C,54054,0.677186151330869,0.7134268537074149,0.0,0.0
C,54099,0.8039825814031147,0.9879759519038076,0.0,0.0
C,54250,0.8408091983709087,1.0,1.0,1.0
C,54336,0.7283972505766294,0.8957915831663327,0.0,0.0
C,54681,0.7759055103061547,0.9539078156312625,0.0,0.0
C,55202,0.839625246296045,0.9979959919839679,0.0,1.0
C,55501,0.7942673222393959,0.9619238476953907,0.0,0.0
C,55597,0.8435336680220711,0.9879759519038076,0.0,0.0
C,55741,0.7522323035380788,0.9378757515030061,0.0,0.0
C,55808,0.7370436950810035,0.9859719438877755,0.0,0.0
C,55876,0.7858019983129918,0.9879759519038076,0.0,0.0
C,55878,0.7484518816391661,0.8997995991983968,0.0,0.0
C,56047,0.7605732282572462,0.9779559118236473,0.0,0.0
C,56131,0.49389433796053056,0.052104208416833664,0.0,0.0
C,56162,0.6605571185287454,0.6953907815631263,0.0,0.0
C,56272,0.743821335029092,0.8617234468937875,0.0,0.0
C,56496,0.6142538769187417,0.39879759519038077,0.0,0.0
C,56554,0.8199806213441156,0.9619238476953907,0.0,0.0
C,56629,0.7951365431553468,0.9939879759519038,0.0,1.0
C,56651,0.7260410670833319,0.8877755511022044,0.0,0.0
C,56698,0.5014369315949798,0.028056112224448898,0.0,0.0
C,56873,0.6591120642866655,0.5150300601202404,0.0,0.0
C,56963,0.799795832090704,0.9939879759519038,0.0,1.0
C,57114,0.8283109207527426,0.9979959919839679,0.0,1.0
C,57244,0.8290939454165154,0.9899799599198397,0.0,0.0
C,57830,0.8327678991805285,0.9979959919839679,0.0,1.0
C,57994,0.8469823420635116,1.0,1.0,1.0
C,58004,0.8755742190667583,0.9959919839679359,0.0,1.0
C,58157,0.6591952176625405,0.6332665330661322,0.0,0.0
C,58169,0.7607047843934582,0.9559118236472945,0.0,0.0
C,58252,0.8503169706195316,1.0,1.0,1.0
C,58341,0.7904220892241689,0.9959919839679359,0.0,1.0
C,58458,0.7253271638705091,0.9839679358717435,0.0,0.0
C,58572,0.8063649634768422,1.0,1.0,1.0
C,58835,0.7728597568831095,0.9859719438877755,0.0,0.0
C,58977,0.7632466767574223,0.9919839679358717,0.0,1.0
C,58988,0.8405358391774365,0.9939879759519038,0.0,1.0
C,59101,0.8425795454326499,0.9979959919839679,0.0,1.0
C,59177,0.8407298244535116,0.9919839679358717,0.0,1.0
C,59183,0.8762234136211658,1.0,1.0,1.0
C,59219,0.8805793014593315,1.0,1.0,1.0
C,59293,0.8595165772519839,1.0,1.0,1.0
C,59464,0.7098205540384122,0.811623246492986,0.0,0.0
C,59470,0.7774383722252556,0.9719438877755511,0.0,0.0
C,59508,0.7189404813788729,0.8877755511022044,0.0,0.0
C,59838,0.8470010014668824,1.0,1.0,1.0
C,59905,0.7929525433671301,0.9979959919839679,0.0,1.0
C,60063,0.8312248254821428,0.9939879759519038,0.0,1.0
C,60496,0.7773352584521508,1.0,1.0,1.0
C,60707,0.7159450130937544,0.8236472945891784,0.0,0.0
C,60784,0.760039353270882,0.9779559118236473,0.0,0.0
C,60932,0.7558138181719506,0.8957915831663327,0.0,0.0
C,61327,0.8430129149324297,1.0,1.0,1.0
C,61653,0.833293173104747,1.0,1.0,1.0
C,61683,0.7749062690198654,0.9879759519038076,0.0,0.0
C,61701,0.5986925355196826,0.17635270541082165,0.0,0.0
C,61868,0.8347190383962007,0.9839679358717435,0.0,0.0
C,61878,0.8483021479320098,0.9979959919839679,0.0,1.0
C,62117,0.7435349491848262,0.9679358717434869,0.0,0.0
C,62587,0.8534657082891792,1.0,1.0,1.0
C,62627,0.7446775388773516,0.9839679358717435,0.0,0.0
C,63062,0.8182870977913936,1.0,1.0,1.0
C,63247,0.7305280693212033,0.9098196392785571,0.0,0.0
C,63837,0.7429318683943885,0.9659318637274549,0.0,0.0
C,63869,0.7444544678766647,0.9819639278557114,0.0,0.0
C,64050,0.8199031905684226,1.0,1.0,1.0
C,64148,0.7180462798572425,0.9278557114228457,0.0,0.0
C,64195,0.8084855232309794,0.9879759519038076,0.0,0.0
C,64262,0.7759015289748151,0.9799599198396793,0.0,0.0
C,64417,0.8150861730084886,0.9959919839679359,0.0,1.0
C,64547,0.7951805376104546,0.9879759519038076,0.0,0.0
C,64783,0.6094522168012575,0.19839679358717435,0.0,0.0
C,64851,0.7483308803615232,0.9719438877755511,0.0,0.0
C,64925,0.8132817671110621,0.9839679358717435,0.0,0.0
C,65218,0.817472897724297,0.9979959919839679,0.0,1.0
C,65340,0.6296722431801027,0.5891783567134269,0.0,0.0
C,65348,0.6937654917762721,0.7855711422845691,0.0,0.0
C,65417,0.8174340529950331,0.9959919839679359,0.0,1.0
C,65553,0.7816622022841014,0.9919839679358717,0.0,1.0
C,65609,0.8218731138663482,0.9939879759519038,0.0,1.0
C,65690,0.7666987979771049,0.9478957915831663,0.0,0.0
C,65878,0.7479337446763835,0.9599198396793587,0.0,0.0
C,66058,0.7408363464841528,0.9539078156312625,0.0,0.0
C,66209,0.6583899028539497,0.49498997995991983,0.0,0.0
C,66269,0.6842591737880575,0.6973947895791583,0.0,0.0
C,66437,0.8102438932938559,0.9939879759519038,0.0,1.0
C,66512,0.7211617647381536,0.8977955911823647,0.0,0.0
C,66559,0.7816845491077182,0.9759519038076152,0.0,0.0
C,66875,0.7555734686695915,0.9879759519038076,0.0,0.0
C,67261,0.7820907095219475,1.0,1.0,1.0
C,67281,0.772962985386378,0.9298597194388778,0.0,0.0
C,67361,0.7680323381579262,0.9899799599198397,0.0,0.0
C,67444,0.7575237087487284,0.9879759519038076,0.0,0.0
C,67673,0.7733522404463622,0.9619238476953907,0.0,0.0
C,67708,0.8438199942681242,1.0,1.0,1.0
C,67899,0.705986144795328,0.8617234468937875,0.0,0.0
C,68121,0.7679069721193603,0.9919839679358717,0.0,1.0
C,68127,0.8089212273777802,0.9959919839679359,0.0,1.0
C,68173,0.8048646253852417,0.9919839679358717,0.0,1.0
C,68193,0.7628032583223154,0.9759519038076152,0.0,0.0
C,68287,0.7647889798007692,0.9679358717434869,0.0,0.0
C,68394,0.6982373356747023,0.8897795591182365,0.0,0.0
C,68473,0.7677109356225555,0.9959919839679359,0.0,1.0
C,68532,0.654878618030585,0.5811623246492986,0.0,0.0
C,68553,0.8244370511882368,1.0,1.0,1.0
C,68819,0.7299670704103027,0.9579158316633266,0.0,0.0
C,69085,0.7283949260086271,0.8136272545090181,0.0,0.0
C,69087,0.738234440410456,0.9498997995991983,0.0,0.0
C,69137,0.7439688216607901,0.9318637274549099,0.0,0.0
C,69462,0.824077035288162,1.0,1.0,1.0
C,69641,0.8532028632546311,0.9959919839679359,0.0,1.0
C,70279,0.6843618950947712,0.8917835671342685,0.0,0.0
C,70372,0.8675196331418817,1.0,1.0,1.0
C,70496,0.7202468841908546,0.8496993987975952,0.0,0.0
C,70765,0.8034248108409587,1.0,1.0,1.0
C,71264,0.6686033761898744,0.5731462925851704,0.0,0.0
C,71624,0.7408353223122621,0.9859719438877755,0.0,0.0
C,71735,0.851984143922978,0.9839679358717435,0.0,0.0
C,72089,0.7452762844508269,0.9218436873747495,0.0,0.0
C,72151,0.885982345544958,1.0,1.0,1.0
C,72389,0.7409924702044821,0.9899799599198397,0.0,0.0
C,72527,0.6947383493044842,0.9759519038076152,0.0,0.0
mean,95,0.7688714851392763,0.7975951903807615,0.0,0.0
mean,204,0.683604377145383,0.3106212424849699,0.0,0.0
mean,318,0.7154513336349582,0.4709418837675351,0.0,0.0
mean,356,0.6824622433421643,0.2985971943887776,0.0,0.0
mean,425,0.785294429229362,0.8977955911823647,0.0,0.0
mean,458,0.789529188703995,0.9218436873747495,0.0,0.0
mean,637,0.7682718231550112,0.7915831663326653,0.0,0.0
mean,709,0.5865584799784535,0.05811623246492986,0.0,0.0
mean,868,0.6398001756224252,0.15030060120240482,0.0,0.0
mean,1015,0.7342458577886604,0.5871743486973948,0.0,0.0
mean,1288,0.5897218352070325,0.06212424849699399,0.0,0.0
mean,1589,0.7544647919163072,0.7154308617234469,0.0,0.0
mean,1744,0.6984176987854758,0.3587174348697395,0.0,0.0
mean,1818,0.788068911933534,0.9138276553106213,0.0,0.0
mean,2070,0.39159595548107307,0.0,0.0,0.0
mean,2125,0.7611412281635335,0.7635270541082164,0.0,0.0
mean,2327,0.7107397311004091,0.4408817635270541,0.0,0.0
mean,2737,0.7056418988046773,0.40480961923847697,0.0,0.0
mean,2795,0.732303942483918,0.5771543086172345,0.0,0.0
mean,2980,0.7586916474796994,0.7454909819639278,0.0,0.0
mean,3338,0.6769653073844939,0.26452905811623245,0.0,0.0
mean,3344,0.5157929047936246,0.01002004008016032,0.0,0.0
mean,3368,0.6394114484369238,0.14428857715430862,0.0,0.0
mean,3731,0.6736095687365411,0.24448897795591182,0.0,0.0
mean,3803,0.7325156400787385,0.5811623246492986,0.0,0.0
mean,4292,0.6613330038443229,0.20040080160320642,0.0,0.0
mean,4409,0.7434807679968565,0.6292585170340681,0.0,0.0
mean,4476,0.7746153191211363,0.8376753507014028,0.0,0.0
mean,4509,0.7455765182612272,0.6452905811623246,0.0,0.0
mean,4927,0.6812295429321311,0.2845691382765531,0.0,0.0
mean,4967,0.7726926866204926,0.8196392785571143,0.0,0.0
mean,5340,0.727315094694696,0.5490981963927856,0.0,0.0
mean,5582,0.774611972510928,0.8356713426853707,0.0,0.0
mean,5656,0.7473007747982305,0.6633266533066132,0.0,0.0
mean,5683,0.8011494119935487,0.9539078156312625,0.0,0.0
mean,5790,0.6311676955994954,0.11422845691382766,0.0,0.0
mean,5929,0.6033569921842764,0.0781563126252505,0.0,0.0
mean,6315,0.72427962717814,0.533066132264529,0.0,0.0
mean,6360,0.5284542285759377,0.012024048096192385,0.0,0.0
mean,6454,0.7521029761556386,0.6993987975951904,0.0,0.0
mean,6603,0.7154967695066978,0.4749498997995992,0.0,0.0
mean,6750,0.6705056914517354,0.23246492985971945,0.0,0.0
mean,6759,0.7563629825171045,0.7294589178356713,0.0,0.0
mean,6770,0.6359627851482987,0.13226452905811623,0.0,0.0
mean,6991,0.6491231981946475,0.16032064128256512,0.0,0.0
mean,7306,0.6876771622436846,0.3246492985971944,0.0,0.0
mean,7355,0.7690129490494985,0.7995991983967936,0.0,0.0
mean,7899,0.6644000568912212,0.20841683366733466,0.0,0.0
mean,8061,0.5442206776271524,0.018036072144288578,0.0,0.0
mean,8215,0.547528660871541,0.02004008016032064,0.0,0.0
mean,8234,0.7587870072154899,0.7474949899799599,0.0,0.0
mean,8238,0.7782362199870858,0.8577154308617234,0.0,0.0
mean,8275,0.6614096677628605,0.20440881763527055,0.0,0.0
mean,8367,0.7662959827704006,0.781563126252505,0.0,0.0
mean,8828,0.6878049491111642,0.32665330661322645,0.0,0.0
mean,8862,0.790164588601617,0.9238476953907816,0.0,0.0
mean,8926,0.7731356640969735,0.8276553106212425,0.0,0.0
mean,9188,0.8167078525369762,0.9879759519038076,0.0,0.0
mean,9298,0.6653357688346968,0.218436873747495,0.0,0.0
mean,9376,0.7319053917270834,0.5751503006012024,0.0,0.0
mean,9712,0.7380029562860835,0.6012024048096193,0.0,0.0
mean,9877,0.7154624842987716,0.4729458917835671,0.0,0.0
mean,10115,0.540490716565372,0.014028056112224449,0.0,0.0
mean,10191,0.769916660191867,0.8056112224448898,0.0,0.0
mean,10361,0.6737502879331994,0.24649298597194388,0.0,0.0
mean,10602,0.8152174694067302,0.9859719438877755,0.0,0.0
mean,10622,0.7505174423962913,0.6933867735470942,0.0,0.0
mean,11050,0.6806580288117217,0.280561122244489,0.0,0.0
mean,11274,0.809796786539299,0.9799599198396793,0.0,0.0
mean,11493,0.7977385679146456,0.9398797595190381,0.0,0.0
mean,11757,0.7422554969882486,0.625250501002004,0.0,0.0
mean,11886,0.7588630057649703,0.751503006012024,0.0,0.0
mean,12122,0.6259544391582796,0.1062124248496994,0.0,0.0
mean,12225,0.6823743003851668,0.2965931863727455,0.0,0.0
mean,12292,0.6393587918340522,0.1402805611222445,0.0,0.0
mean,12340,0.7488204062081064,0.6793587174348698,0.0,0.0
mean,12386,0.6774509096470265,0.27054108216432865,0.0,0.0
mean,12597,0.6651387550599777,0.21442885771543085,0.0,0.0
mean,13041,0.780681627804711,0.8697394789579158,0.0,0.0
mean,13134,0.7680003632272553,0.7855711422845691,0.0,0.0
mean,13223,0.7062731331693015,0.41082164328657317,0.0,0.0
mean,13298,0.678051926777675,0.27655310621242485,0.0,0.0
mean,13587,0.6449668608637662,0.156312625250501,0.0,0.0
mean,13703,0.5758403307073217,0.04609218436873747,0.0,0.0
mean,13741,0.5650406532087924,0.03206412825651302,0.0,0.0
mean,13749,0.6513335418569518,0.17034068136272545,0.0,0.0
mean,13826,0.7854607198766183,0.8997995991983968,0.0,0.0
mean,13842,0.7821879761277949,0.87374749498998,0.0,0.0
mean,13879,0.6699945686405473,0.23046092184368738,0.0,0.0
mean,13895,0.7051622420227674,0.3967935871743487,0.0,0.0
mean,13938,0.7021797909586964,0.3787575150300601,0.0,0.0
mean,14049,0.7347885123880658,0.591182364729459,0.0,0.0
mean,14170,0.723392786954556,0.5230460921843687,0.0,0.0
mean,14245,0.7548365936699095,0.7234468937875751,0.0,0.0
mean,14274,0.6543255626829287,0.17835671342685372,0.0,0.0
mean,14728,0.7592450978478823,0.7555110220440882,0.0,0.0
mean,15068,0.7474268535433313,0.6653306613226453,0.0,0.0
mean,15181,0.5635317520719421,0.028056112224448898,0.0,0.0
mean,15182,0.635337241541537,0.13026052104208416,0.0,0.0
mean,15191,0.6908018060340164,0.3366733466933868,0.0,0.0
mean,15274,0.8031525139746585,0.9619238476953907,0.0,0.0
mean,15386,0.6981351427591527,0.35671342685370744,0.0,0.0
mean,15438,0.6178231789546915,0.09218436873747494,0.0,0.0
mean,15516,0.686327354268264,0.3186372745490982,0.0,0.0
mean,15631,0.7232398428885538,0.5210420841683366,0.0,0.0
mean,15632,0.7147599493336054,0.4649298597194389,0.0,0.0
mean,15865,0.6789653889423568,0.2785571142284569,0.0,0.0
mean,15898,0.7113822139120051,0.4468937875751503,0.0,0.0
mean,15953,0.7219116082335311,0.503006012024048,0.0,0.0
mean,15985,0.7869239240227919,0.9098196392785571,0.0,0.0
mean,16251,0.7376761943314045,0.5971943887775552,0.0,0.0
mean,16424,0.8179740694649313,0.9919839679358717,0.0,1.0
mean,16525,0.7261961373315564,0.5450901803607214,0.0,0.0
mean,16625,0.7905449771908154,0.9258517034068137,0.0,0.0
mean,16718,0.683284406602709,0.30861723446893785,0.0,0.0
mean,16800,0.8075188742120699,0.9739478957915831,0.0,0.0
mean,17017,0.7481065189615465,0.6713426853707415,0.0,0.0
mean,17605,0.6957470753800639,0.3527054108216433,0.0,0.0
mean,17651,0.6069375793337056,0.0841683366733467,0.0,0.0
mean,17795,0.6298918880468114,0.11222444889779559,0.0,0.0
mean,17843,0.6995260450884047,0.36472945891783565,0.0,0.0
mean,17865,0.7995552337852272,0.9478957915831663,0.0,0.0
mean,17946,0.7122425171102453,0.45090180360721444,0.0,0.0
mean,17987,0.7404568462733172,0.6092184368737475,0.0,0.0
mean,18115,0.5985581589230813,0.07214428857715431,0.0,0.0
mean,18159,0.6712460971643528,0.23446893787575152,0.0,0.0
mean,18170,0.742010316218881,0.6192384769539078,0.0,0.0
mean,18556,0.6873755061163267,0.3226452905811623,0.0,0.0
mean,18888,0.7421094734415012,0.6212424849699398,0.0,0.0
mean,18960,0.7238411026064435,0.5270541082164328,0.0,0.0
mean,19331,0.763706082307938,0.7775551102204409,0.0,0.0
mean,19471,0.7009924003990973,0.37675350701402804,0.0,0.0
mean,19593,0.58391662225506,0.05410821643286573,0.0,0.0
mean,19605,0.5802143280493206,0.050100200400801605,0.0,0.0
mean,20013,0.6386961429600547,0.13827655310621242,0.0,0.0
mean,20072,0.5897247951232287,0.06412825651302605,0.0,0.0
mean,20317,0.7139530181549152,0.46092184368737477,0.0,0.0
mean,20380,0.6495395573929261,0.16432865731462926,0.0,0.0
mean,20520,0.6977881626510815,0.35470941883767537,0.0,0.0
mean,20545,0.691755941708921,0.33867735470941884,0.0,0.0
mean,20863,0.7021897330797551,0.3807615230460922,0.0,0.0
mean,20882,0.7535419015713485,0.7114228456913828,0.0,0.0
mean,20904,0.7412095038281181,0.6152304609218436,0.0,0.0
mean,21295,0.7546509387664223,0.7194388777555111,0.0,0.0
mean,21414,0.784498266581516,0.8937875751503006,0.0,0.0
mean,21436,0.7300614739654578,0.5691382765531062,0.0,0.0
mean,21558,0.7747212216546265,0.8396793587174348,0.0,0.0
mean,21887,0.6249527284424214,0.10220440881763528,0.0,0.0
mean,22215,0.7294344508597226,0.56312625250501,0.0,0.0
mean,22299,0.7278231470806382,0.5551102204408818,0.0,0.0
mean,22303,0.7587878721481524,0.749498997995992,0.0,0.0
mean,22452,0.6348851651573526,0.1282565130260521,0.0,0.0
mean,22793,0.7274782477273031,0.5511022044088176,0.0,0.0
mean,22803,0.7204667185298942,0.4909819639278557,0.0,0.0
mean,22924,0.6393591735364619,0.14228456913827656,0.0,0.0
mean,23314,0.7972720180922698,0.9378757515030061,0.0,0.0
mean,23445,0.7623339410414134,0.7735470941883767,0.0,0.0
mean,23479,0.6328553788168529,0.12424849699398798,0.0,0.0
mean,23623,0.7204826892021181,0.49298597194388777,0.0,0.0
mean,23633,0.6996107618640292,0.3667334669338677,0.0,0.0
mean,23642,0.7857169976465241,0.9038076152304609,0.0,0.0
mean,23803,0.7885640986872391,0.9178356713426854,0.0,0.0
mean,24062,0.71492864301042,0.46693386773547096,0.0,0.0
mean,24103,0.772935652869262,0.8256513026052105,0.0,0.0
mean,24306,0.7297802620606337,0.5651302605210421,0.0,0.0
mean,24700,0.7343006159239778,0.5891783567134269,0.0,0.0
mean,24790,0.6186259921418524,0.09819639278557114,0.0,0.0
mean,25150,0.6260015790608353,0.10821643286573146,0.0,0.0
mean,25166,0.6901283974964716,0.33266533066132264,0.0,0.0
mean,25339,0.7517532174138201,0.6953907815631263,0.0,0.0
mean,25360,0.7175217312762416,0.48096192384769537,0.0,0.0
mean,25374,0.6572390502249965,0.18637274549098196,0.0,0.0
mean,25447,0.771085332233851,0.811623246492986,0.0,0.0
mean,26070,0.7452740124617944,0.6412825651302605,0.0,0.0
mean,26146,0.677349113175884,0.2685370741482966,0.0,0.0
mean,26419,0.6989230109520863,0.36072144288577157,0.0,0.0
mean,26519,0.665326313885516,0.21643286573146292,0.0,0.0
mean,26535,0.7000825289241861,0.3687374749498998,0.0,0.0
mean,26749,0.7660427529873655,0.779559118236473,0.0,0.0
mean,27131,0.6752712826066116,0.25250501002004005,0.0,0.0
mean,27196,0.704737524925215,0.3927855711422846,0.0,0.0
mean,27240,0.7501546575038287,0.687374749498998,0.0,0.0
mean,27260,0.7205891818400585,0.4969939879759519,0.0,0.0
mean,27648,0.7486952722187195,0.6753507014028056,0.0,0.0
mean,27688,0.7742461840243955,0.8296593186372746,0.0,0.0
mean,27781,0.7052025517492457,0.39879759519038077,0.0,0.0
mean,28157,0.802430926900765,0.9579158316633266,0.0,0.0
mean,28253,0.649235806270857,0.1623246492985972,0.0,0.0
mean,28276,0.7269789001508651,0.5470941883767535,0.0,0.0
mean,28309,0.7554596042283546,0.7274549098196392,0.0,0.0
mean,28511,0.6311888064423538,0.11623246492985972,0.0,0.0
mean,28548,0.7443326448978094,0.6352705410821643,0.0,0.0
mean,28979,0.6394555853423465,0.1462925851703407,0.0,0.0
mean,29018,0.7127585659033168,0.4529058116232465,0.0,0.0
mean,29179,0.7601728763619797,0.7615230460921844,0.0,0.0
mean,29221,0.777690467299438,0.8557114228456913,0.0,0.0
mean,29400,0.6429695279169783,0.1523046092184369,0.0,0.0
mean,29511,0.7062304647236853,0.4088176352705411,0.0,0.0
mean,29591,0.7003651569216125,0.37074148296593185,0.0,0.0
mean,29610,0.7244679182562315,0.5350701402805611,0.0,0.0
mean,29717,0.7829830316148909,0.8817635270541082,0.0,0.0
mean,29815,0.7861836200071021,0.9078156312625251,0.0,0.0
mean,29831,0.6679761232291341,0.22444889779559118,0.0,0.0
mean,29903,0.7305101076980443,0.5711422845691383,0.0,0.0
mean,29942,0.7095155279711567,0.42685370741482964,0.0,0.0
mean,30016,0.5767775480804702,0.04809619238476954,0.0,0.0
mean,30068,0.6626661401667018,0.20641282565130262,0.0,0.0
mean,30077,0.7547468217240236,0.7214428857715431,0.0,0.0
mean,30139,0.7445844808267056,0.6392785571142284,0.0,0.0
mean,30888,0.7290463429504462,0.5571142284569138,0.0,0.0
mean,30961,0.7537955037281061,0.7134268537074149,0.0,0.0
mean,31234,0.6368124984789101,0.1342685370741483,0.0,0.0
mean,31244,0.6608970682408997,0.1963927855711423,0.0,0.0
mean,31251,0.7257520633911918,0.5410821643286573,0.0,0.0
mean,31280,0.5659337375016774,0.03406813627254509,0.0,0.0
mean,31503,0.7412759301707648,0.6172344689378757,0.0,0.0
mean,31776,0.7392242744181494,0.6072144288577155,0.0,0.0
mean,32051,0.7690483221903006,0.8016032064128257,0.0,0.0
mean,32062,0.673867233561837,0.24849699398797595,0.0,0.0
mean,32140,0.7222188819532682,0.5070140280561122,0.0,0.0
mean,32365,0.79686273506423,0.935871743486974,0.0,0.0
mean,32427,0.7053632608145997,0.40080160320641284,0.0,0.0
mean,32470,0.8032838816865557,0.9639278557114228,0.0,0.0
mean,32532,0.6233486620199655,0.10020040080160321,0.0,0.0
mean,32630,0.6614001200847062,0.20240480961923848,0.0,0.0
mean,32680,0.7830978463477093,0.8857715430861723,0.0,0.0
mean,32697,0.7745539696294399,0.8316633266533067,0.0,0.0
mean,33057,0.7724327939377581,0.8176352705410822,0.0,0.0
mean,33084,0.7727347838624081,0.8216432865731463,0.0,0.0
mean,33123,0.8111813017043422,0.9839679358717435,0.0,0.0
mean,33256,0.758493101347943,0.7434869739478958,0.0,0.0
mean,33264,0.7460498182840904,0.6513026052104208,0.0,0.0
mean,33336,0.6769833450321432,0.2665330661322645,0.0,0.0
mean,33342,0.7854809993780303,0.9018036072144289,0.0,0.0
mean,33512,0.7068707184507746,0.4148296593186373,0.0,0.0
mean,33863,0.6767313060583036,0.2605210420841683,0.0,0.0
mean,33990,0.78229114770902,0.875751503006012,0.0,0.0
mean,34169,0.7463159104025976,0.6533066132264529,0.0,0.0
mean,34198,0.7102157301095637,0.4288577154308617,0.0,0.0
mean,34415,0.76854743352305,0.7935871743486974,0.0,0.0
mean,34509,0.7758675641178261,0.843687374749499,0.0,0.0
mean,34565,0.6463342052641732,0.15831663326653306,0.0,0.0
mean,34854,0.7567966675559666,0.7334669338677354,0.0,0.0
mean,34998,0.7458405557021381,0.6492985971943888,0.0,0.0
mean,35100,0.655065134837256,0.18036072144288579,0.0,0.0
mean,35119,0.7156580266973442,0.47695390781563124,0.0,0.0
mean,35131,0.6720900606927187,0.23847695390781562,0.0,0.0
mean,35234,0.5423432999545299,0.01603206412825651,0.0,0.0
mean,35269,0.7571700880567049,0.7354709418837675,0.0,0.0
mean,35281,0.6170321192048617,0.09018036072144289,0.0,0.0
mean,35475,0.5496972895273896,0.022044088176352707,0.0,0.0
mean,35600,0.7619074469013528,0.7715430861723447,0.0,0.0
mean,35613,0.6732133767524173,0.24048096192384769,0.0,0.0
mean,35659,0.718864143855801,0.4849699398797595,0.0,0.0
mean,35916,0.6931638118159911,0.34468937875751504,0.0,0.0
mean,35964,0.6817180444512299,0.2905811623246493,0.0,0.0
mean,36198,0.7106879973201816,0.43687374749499,0.0,0.0
mean,36287,0.557879666885606,0.02404809619238477,0.0,0.0
mean,36543,0.7221519515331403,0.5050100200400801,0.0,0.0
mean,36557,0.8176543164475374,0.9899799599198397,0.0,0.0
mean,36992,0.8226096073610862,0.9939879759519038,0.0,1.0
mean,37034,0.4281610919621396,0.002004008016032064,0.0,0.0
mean,37053,0.7869883682390586,0.9118236472945892,0.0,0.0
mean,37255,0.6742018038309807,0.250501002004008,0.0,0.0
mean,37362,0.7151571476491001,0.46893787575150303,0.0,0.0
mean,37406,0.6821592821621523,0.29458917835671344,0.0,0.0
mean,37505,0.7566429310532252,0.7314629258517034,0.0,0.0
mean,37552,0.7577323374686927,0.7414829659318637,0.0,0.0
mean,37899,0.748002537485301,0.6693386773547094,0.0,0.0
mean,38091,0.6649945017753747,0.2124248496993988,0.0,0.0
mean,38194,0.7227499055156665,0.5130260521042084,0.0,0.0
mean,38375,0.650548348149832,0.16633266533066132,0.0,0.0
mean,38380,0.7113455478507299,0.44488977955911824,0.0,0.0
mean,38833,0.695731563006302,0.35070140280561124,0.0,0.0
mean,38887,0.778977070531186,0.8597194388777555,0.0,0.0
mean,39183,0.5848732613398515,0.056112224448897796,0.0,0.0
mean,39288,0.7751809451490201,0.8416833667334669,0.0,0.0
mean,39384,0.6814826187435159,0.2865731462925852,0.0,0.0
mean,39490,0.8069939354645258,0.969939879759519,0.0,0.0
mean,39557,0.7770364953584001,0.8517034068136272,0.0,0.0
mean,39756,0.6695862510440636,0.22845691382765532,0.0,0.0
mean,39793,0.681196032996956,0.28256513026052105,0.0,0.0
mean,39920,0.6395546974297783,0.14829659318637275,0.0,0.0
mean,39986,0.7128704344840502,0.45490981963927857,0.0,0.0
mean,40269,0.7522250560313035,0.7014028056112225,0.0,0.0
mean,40756,0.7930595349564079,0.9318637274549099,0.0,0.0
mean,40798,0.791697873460381,0.9298597194388778,0.0,0.0
mean,40819,0.7598131192311857,0.7595190380761523,0.0,0.0
mean,40933,0.6695190917412995,0.22645290581162325,0.0,0.0
mean,40990,0.6606188203391674,0.19438877755511022,0.0,0.0
mean,41120,0.7595823357310801,0.7575150300601202,0.0,0.0
mean,41402,0.6901441201753087,0.3346693386773547,0.0,0.0
mean,41540,0.6644038113954998,0.21042084168336672,0.0,0.0
mean,41555,0.7298380944369285,0.5671342685370742,0.0,0.0
mean,41561,0.644858203458162,0.15430861723446893,0.0,0.0
mean,41592,0.7043804854671145,0.3867735470941884,0.0,0.0
mean,41636,0.7699439053013071,0.8076152304609219,0.0,0.0
mean,41640,0.675591556012329,0.2545090180360721,0.0,0.0
mean,41924,0.7809037924144528,0.8717434869739479,0.0,0.0
mean,41976,0.5836895012482828,0.052104208416833664,0.0,0.0
mean,42022,0.6778707682488287,0.2725450901803607,0.0,0.0
mean,42251,0.7670888672186368,0.7835671342685371,0.0,0.0
mean,42302,0.6528108851622192,0.17635270541082165,0.0,0.0
mean,42466,0.7131029961678391,0.45691382765531063,0.0,0.0
mean,42679,0.7064101778667385,0.41282565130260523,0.0,0.0
mean,43065,0.7228380611745948,0.5170340681362725,0.0,0.0
mean,43198,0.7078900436609414,0.4188376753507014,0.0,0.0
mean,43211,0.7230964339297694,0.5190380761523046,0.0,0.0
mean,43332,0.6664746914750265,0.22044088176352705,0.0,0.0
mean,43546,0.7704725422412375,0.8096192384769539,0.0,0.0
mean,43584,0.634788501421754,0.12625250501002003,0.0,0.0
mean,44248,0.7503504618050388,0.6913827655310621,0.0,0.0
mean,44279,0.7520567275601078,0.6973947895791583,0.0,0.0
mean,44360,0.78339645155149,0.8877755511022044,0.0,0.0
mean,44413,0.6517127288530001,0.17234468937875752,0.0,0.0
mean,44422,0.7045638835465664,0.38877755511022044,0.0,0.0
mean,44903,0.6045469841433563,0.08216432865731463,0.0,0.0
mean,44975,0.7546031318240822,0.717434869739479,0.0,0.0
mean,45377,0.7574190140098827,0.7394789579158316,0.0,0.0
mean,45528,0.7464236963153461,0.655310621242485,0.0,0.0
mean,45699,0.5717937233205213,0.04208416833667335,0.0,0.0
mean,45952,0.7040757059335063,0.3847695390781563,0.0,0.0
mean,45987,0.7388372311308335,0.6052104208416834,0.0,0.0
mean,46166,0.5716790214742642,0.04008016032064128,0.0,0.0
mean,46276,0.791692487959994,0.9278557114228457,0.0,0.0
mean,46403,0.7453398291946141,0.6432865731462926,0.0,0.0
mean,46524,0.5685612355273126,0.03807615230460922,0.0,0.0
mean,46653,0.6826446034743595,0.30060120240480964,0.0,0.0
mean,47030,0.7195564406190673,0.48897795591182364,0.0,0.0
mean,47086,0.6717026994941196,0.23647294589178355,0.0,0.0
mean,47093,0.7092435768504659,0.4228456913827655,0.0,0.0
mean,47122,0.7883748619588684,0.9158316633266533,0.0,0.0
mean,47125,0.6757067788146733,0.2565130260521042,0.0,0.0
mean,47331,0.8074574492720132,0.9719438877755511,0.0,0.0
mean,47471,0.6816641439680413,0.28857715430861725,0.0,0.0
mean,47583,0.5683745605537911,0.036072144288577156,0.0,0.0
mean,47744,0.710717712087141,0.43887775551102204,0.0,0.0
mean,47907,0.5591912951538529,0.026052104208416832,0.0,0.0
mean,48376,0.8004863592858549,0.9519038076152304,0.0,0.0
mean,48655,0.7257472863587003,0.5390781563126252,0.0,0.0
mean,48911,0.7615421142040769,0.7655310621242485,0.0,0.0
mean,49170,0.7377187287118164,0.5991983967935872,0.0,0.0
mean,49195,0.7443086125266822,0.6332665330661322,0.0,0.0
mean,49256,0.6611040457100175,0.19839679358717435,0.0,0.0
mean,49315,0.7307981023045239,0.5731462925851704,0.0,0.0
mean,49474,0.7828443755079619,0.8797595190380761,0.0,0.0
mean,49475,0.7554240552982834,0.7254509018036072,0.0,0.0
mean,49678,0.676958097814653,0.2625250501002004,0.0,0.0
mean,49702,0.7476727933397296,0.6673346693386774,0.0,0.0
mean,49760,0.7495680404803226,0.6833667334669339,0.0,0.0
mean,50203,0.5880891008502798,0.06012024048096192,0.0,0.0
mean,50210,0.601749902433623,0.07414829659318638,0.0,0.0
mean,50622,0.6570266279837234,0.1843687374749499,0.0,0.0
mean,50708,0.7084684872500414,0.42084168336673344,0.0,0.0
mean,50739,0.6936564866005677,0.3466933867735471,0.0,0.0
mean,50850,0.722733299577217,0.5110220440881763,0.0,0.0
mean,51008,0.7993504714073932,0.9438877755511023,0.0,0.0
mean,51227,0.7486127862378718,0.6733466933867736,0.0,0.0
mean,51300,0.7382623723401553,0.6032064128256514,0.0,0.0
mean,51380,0.7405883054423029,0.6112224448897795,0.0,0.0
mean,51385,0.7800618906774119,0.8657314629258517,0.0,0.0
mean,51436,0.7323804929785656,0.5791583166332666,0.0,0.0
mean,51517,0.7007170527411896,0.3727454909819639,0.0,0.0
mean,51688,0.7695940758797881,0.8036072144288577,0.0,0.0
mean,51865,0.7104825083805566,0.43286573146292584,0.0,0.0
mean,51943,0.7617526035929282,0.7695390781563126,0.0,0.0
mean,51956,0.611683179764643,0.08617234468937876,0.0,0.0
mean,51990,0.6322710213147702,0.12224448897795591,0.0,0.0
mean,52228,0.5729552417386241,0.04408817635270541,0.0,0.0
mean,52277,0.7103809690668328,0.4308617234468938,0.0,0.0
mean,52729,0.7072368204634043,0.4168336673346693,0.0,0.0
mean,52733,0.7572041811075988,0.7374749498997996,0.0,0.0
mean,52803,0.7439352078842035,0.6312625250501002,0.0,0.0
mean,52927,0.7686496161780696,0.7955911823647295,0.0,0.0
mean,53445,0.7527976587489296,0.7054108216432866,0.0,0.0
mean,53659,0.801274032501988,0.9559118236472945,0.0,0.0
mean,53729,0.7093671991043682,0.4248496993987976,0.0,0.0
mean,53974,0.7062054003747424,0.40681362725450904,0.0,0.0
mean,54054,0.6507239566430969,0.1683366733466934,0.0,0.0
mean,54099,0.7429795014643044,0.627254509018036,0.0,0.0
mean,54250,0.7955383469877986,0.9338677354709419,0.0,0.0
mean,54336,0.6831177945690674,0.3066132264529058,0.0,0.0
mean,54681,0.7292443895521028,0.5591182364729459,0.0,0.0
mean,55202,0.7805165251555637,0.8677354709418837,0.0,0.0
mean,55501,0.7769017383842599,0.8476953907815631,0.0,0.0
mean,55597,0.746857203814131,0.657314629258517,0.0,0.0
mean,55741,0.699419406275287,0.3627254509018036,0.0,0.0
mean,55808,0.7277638751219417,0.5531062124248497,0.0,0.0
mean,55876,0.7837701703522153,0.8897795591182365,0.0,0.0
mean,55878,0.6898192644168708,0.3306613226452906,0.0,0.0
mean,56047,0.6675092598559176,0.22244488977955912,0.0,0.0
mean,56131,0.45742773876123266,0.004008016032064128,0.0,0.0
mean,56162,0.6179350811983102,0.09418837675350701,0.0,0.0
mean,56272,0.7117898011128256,0.44889779559118237,0.0,0.0
mean,56496,0.5638039815456469,0.03006012024048096,0.0,0.0
mean,56554,0.7681854517464308,0.7875751503006012,0.0,0.0
mean,56629,0.7259736759554545,0.5430861723446894,0.0,0.0
mean,56651,0.7112436332981593,0.44288577154308617,0.0,0.0
mean,56698,0.47299560992461664,0.006012024048096192,0.0,0.0
mean,56873,0.6828717041243618,0.3026052104208417,0.0,0.0
mean,56963,0.7722865396537237,0.8156312625250501,0.0,0.0
mean,57114,0.7830282158944698,0.8837675350701403,0.0,0.0
mean,57244,0.7711841231958059,0.8136272545090181,0.0,0.0
mean,57830,0.7891451722275038,0.9198396793587175,0.0,0.0
mean,57994,0.7828004566901985,0.8777555110220441,0.0,0.0
mean,58004,0.8077265789305195,0.9759519038076152,0.0,0.0
mean,58157,0.5956623372592041,0.06813627254509018,0.0,0.0
mean,58169,0.6862471211845931,0.3166332665330661,0.0,0.0
mean,58252,0.8044984218390382,0.9659318637274549,0.0,0.0
mean,58341,0.7795310510866933,0.8617234468937875,0.0,0.0
mean,58458,0.7049683540312335,0.39478957915831664,0.0,0.0
mean,58572,0.8055961599094208,0.9679358717434869,0.0,0.0
mean,58835,0.7144909777226602,0.46292585170340683,0.0,0.0
mean,58977,0.7468690058063332,0.6593186372745491,0.0,0.0
mean,58988,0.8085182189854292,0.9779559118236473,0.0,0.0
mean,59101,0.7525730979555629,0.7034068136272545,0.0,0.0
mean,59177,0.7615759650982723,0.7675350701402806,0.0,0.0
mean,59183,0.7799336296790194,0.8637274549098196,0.0,0.0
mean,59219,0.8405980865117366,0.9979959919839679,0.0,1.0
mean,59293,0.744382910811878,0.6372745490981964,0.0,0.0
mean,59464,0.6759624271327374,0.25851703406813625,0.0,0.0
mean,59470,0.683033622942017,0.3046092184368738,0.0,0.0
mean,59508,0.6380509479643064,0.13627254509018036,0.0,0.0
mean,59838,0.7995000989853713,0.9458917835671342,0.0,0.0
mean,59905,0.7375865464255089,0.5951903807615231,0.0,0.0
mean,60063,0.7772506469978309,0.8537074148296593,0.0,0.0
mean,60496,0.7133193830429441,0.4589178356713427,0.0,0.0
mean,60707,0.6569514997091013,0.18236472945891782,0.0,0.0
mean,60784,0.705493158138562,0.4028056112224449,0.0,0.0
mean,60932,0.7183125095230014,0.48296593186372744,0.0,0.0
mean,61327,0.7859067217865854,0.905811623246493,0.0,0.0
mean,61653,0.7362526070914819,0.593186372745491,0.0,0.0
mean,61683,0.7411435065226328,0.6132264529058116,0.0,0.0
mean,61701,0.5932946147812668,0.06613226452905811,0.0,0.0
mean,61868,0.7332469464658733,0.5831663326653307,0.0,0.0
mean,61878,0.7533200957833597,0.7074148296593187,0.0,0.0
mean,62117,0.7217851884832699,0.501002004008016,0.0,0.0
mean,62587,0.7535406101650093,0.7094188376753507,0.0,0.0
mean,62627,0.6896599890182665,0.3286573146292585,0.0,0.0
mean,63062,0.7993262590900052,0.9418837675350702,0.0,0.0
mean,63247,0.702270627066781,0.38276553106212424,0.0,0.0
mean,63837,0.6957181129546355,0.3486973947895792,0.0,0.0
mean,63869,0.6576814103733973,0.18837675350701402,0.0,0.0
mean,64050,0.8026886970545086,0.9599198396793587,0.0,0.0
mean,64148,0.6251317646330805,0.10420841683366733,0.0,0.0
mean,64195,0.7770254941776005,0.8496993987975952,0.0,0.0
mean,64262,0.7223743413634109,0.5090180360721442,0.0,0.0
mean,64417,0.7500730292440022,0.685370741482966,0.0,0.0
mean,64547,0.748736408138382,0.6773547094188377,0.0,0.0
mean,64783,0.5956684917367051,0.07014028056112225,0.0,0.0
mean,64851,0.692129779963273,0.3406813627254509,0.0,0.0
mean,64925,0.7503178952496606,0.6893787575150301,0.0,0.0
mean,65218,0.8101187314783871,0.9819639278557114,0.0,0.0
mean,65340,0.5116483569329962,0.008016032064128256,0.0,0.0
mean,65348,0.618240299281408,0.09619238476953908,0.0,0.0
mean,65417,0.8237346111086239,0.9959919839679359,0.0,1.0
mean,65553,0.7745848078577975,0.8336673346693386,0.0,0.0
mean,65609,0.7760884134522621,0.845691382765531,0.0,0.0
mean,65690,0.7840846597023705,0.8917835671342685,0.0,0.0
mean,65878,0.719205119020743,0.48697394789579157,0.0,0.0
mean,66058,0.7256372350607767,0.5370741482965932,0.0,0.0
mean,66209,0.6517823343376693,0.1743486973947896,0.0,0.0
mean,66269,0.6035158951828361,0.08016032064128256,0.0,0.0
mean,66437,0.7845466693519672,0.8957915831663327,0.0,0.0
mean,66512,0.6854509018841561,0.31462925851703405,0.0,0.0
mean,66559,0.7294116675901943,0.561122244488978,0.0,0.0
mean,66875,0.6779101851157444,0.2745490981963928,0.0,0.0
mean,67261,0.7589912617988448,0.7535070140280561,0.0,0.0
mean,67281,0.7227525606667731,0.5150300601202404,0.0,0.0
mean,67361,0.7240348666977301,0.5290581162324649,0.0,0.0
mean,67444,0.6268908679737875,0.11022044088176353,0.0,0.0
mean,67673,0.7213303511253519,0.49899799599198397,0.0,0.0
mean,67708,0.7996722861831591,0.9498997995991983,0.0,0.0
mean,67899,0.6871018820402636,0.32064128256513025,0.0,0.0
mean,68121,0.7165231467531885,0.4789579158316633,0.0,0.0
mean,68127,0.7204917306288179,0.49498997995991983,0.0,0.0
mean,68173,0.7682047055425094,0.7895791583166333,0.0,0.0
mean,68193,0.7494072966557644,0.6813627254509018,0.0,0.0
mean,68287,0.700940722952246,0.374749498997996,0.0,0.0
mean,68394,0.6319444434578886,0.12024048096192384,0.0,0.0
mean,68473,0.6848336505821077,0.312625250501002,0.0,0.0
mean,68532,0.6032081093771824,0.07615230460921844,0.0,0.0
mean,68553,0.7632990529451804,0.7755511022044088,0.0,0.0
mean,68819,0.7242201252398599,0.531062124248497,0.0,0.0
mean,69085,0.6732762185154848,0.24248496993987975,0.0,0.0
mean,69087,0.6923266085578093,0.342685370741483,0.0,0.0
mean,69137,0.7236659290602898,0.5250501002004008,0.0,0.0
mean,69462,0.7421601219675689,0.6232464929859719,0.0,0.0
mean,69641,0.7472087411705821,0.6613226452905812,0.0,0.0
mean,70279,0.6165195927650702,0.08817635270541083,0.0,0.0
mean,70372,0.8515217909921322,1.0,1.0,1.0
mean,70496,0.6819183905795912,0.2925851703406814,0.0,0.0
mean,70765,0.733655084983656,0.5851703406813628,0.0,0.0
mean,71264,0.6603261766199575,0.1903807615230461,0.0,0.0
mean,71624,0.7046772802402963,0.3907815631262525,0.0,0.0
mean,71735,0.7106080255317626,0.4348697394789579,0.0,0.0
mean,72089,0.7456534794898406,0.6472945891783567,0.0,0.0
mean,72151,0.7728648371322341,0.8236472945891784,0.0,0.0
mean,72389,0.660484963437019,0.19238476953907815,0.0,0.0
mean,72527,0.6318742655327709,0.11823647294589178,0.0,0.0
shuffle1,95,0.7579863818811878,0.905811623246493,0.0,0.0
shuffle1,204,0.6526116840034629,0.3366733466933868,0.0,0.0
shuffle1,318,0.6797128384138189,0.45090180360721444,0.0,0.0
shuffle1,356,0.6467282663898031,0.2845691382765531,0.0,0.0
shuffle1,425,0.7508289062888733,0.8517034068136272,0.0,0.0
shuffle1,458,0.7750769802983786,0.9378757515030061,0.0,0.0
shuffle1,637,0.7186257111634775,0.5951903807615231,0.0,0.0
shuffle1,709,0.5919551318158269,0.09218436873747494,0.0,0.0
shuffle1,868,0.6922251127588558,0.5170340681362725,0.0,0.0
shuffle1,1015,0.7121797521536355,0.6432865731462926,0.0,0.0
shuffle1,1288,0.5342614868708083,0.03206412825651302,0.0,0.0
shuffle1,1589,0.7146035697743696,0.6052104208416834,0.0,0.0
shuffle1,1744,0.6970070695289755,0.6112224448897795,0.0,0.0
shuffle1,1818,0.7304136871108362,0.7134268537074149,0.0,0.0
shuffle1,2070,0.33939634247273254,0.0,0.0,0.0
shuffle1,2125,0.7192680202984009,0.6633266533066132,0.0,0.0
shuffle1,2327,0.7100868999159282,0.6312625250501002,0.0,0.0
shuffle1,2737,0.734127933110039,0.7635270541082164,0.0,0.0
shuffle1,2795,0.7119524542173918,0.6452905811623246,0.0,0.0
shuffle1,2980,0.7625070605174317,0.9238476953907816,0.0,0.0
shuffle1,3338,0.6678460693510113,0.35070140280561124,0.0,0.0
shuffle1,3344,0.475805135583075,0.008016032064128256,0.0,0.0
shuffle1,3368,0.6376522077946805,0.22444889779559118,0.0,0.0
shuffle1,3731,0.6629793351995854,0.3286573146292585,0.0,0.0
shuffle1,3803,0.6892846345414617,0.5270541082164328,0.0,0.0
shuffle1,4292,0.6259828192078697,0.1903807615230461,0.0,0.0
shuffle1,4409,0.6769972376279514,0.4348697394789579,0.0,0.0
shuffle1,4476,0.7467739460641515,0.781563126252505,0.0,0.0
shuffle1,4509,0.7083483901259401,0.5871743486973948,0.0,0.0
shuffle1,4927,0.644292836869699,0.28857715430861725,0.0,0.0
shuffle1,4967,0.7496368029559556,0.8336673346693386,0.0,0.0
shuffle1,5340,0.6932907749406826,0.46693386773547096,0.0,0.0
shuffle1,5582,0.7270275131507523,0.7274549098196392,0.0,0.0
shuffle1,5656,0.7208536552167578,0.6693386773547094,0.0,0.0
shuffle1,5683,0.7601369623987495,0.8857715430861723,0.0,0.0
shuffle1,5790,0.5660480588438199,0.056112224448897796,0.0,0.0
shuffle1,5929,0.5784270891722589,0.06012024048096192,0.0,0.0
shuffle1,6315,0.7037763457703773,0.5250501002004008,0.0,0.0
shuffle1,6360,0.4854445234730835,0.01002004008016032,0.0,0.0
shuffle1,6454,0.7305762262955294,0.8036072144288577,0.0,0.0
shuffle1,6603,0.670805324271377,0.35671342685370744,0.0,0.0
shuffle1,6750,0.6788189438056913,0.5971943887775552,0.0,0.0
shuffle1,6759,0.6832671309494607,0.561122244488978,0.0,0.0
shuffle1,6770,0.5942128667493513,0.09218436873747494,0.0,0.0
shuffle1,6991,0.6315344339191344,0.17635270541082165,0.0,0.0
shuffle1,7306,0.6990884903578181,0.5490981963927856,0.0,0.0
shuffle1,7355,0.7348237678328209,0.8356713426853707,0.0,0.0
shuffle1,7899,0.6578723392699023,0.24448897795591182,0.0,0.0
shuffle1,8061,0.525729456884485,0.018036072144288578,0.0,0.0
shuffle1,8215,0.5230762143708202,0.02404809619238477,0.0,0.0
shuffle1,8234,0.7298913543605551,0.7234468937875751,0.0,0.0
shuffle1,8238,0.7478545560717236,0.8316633266533067,0.0,0.0
shuffle1,8275,0.6291976056939727,0.22044088176352705,0.0,0.0
shuffle1,8367,0.7185246525080338,0.657314629258517,0.0,0.0
shuffle1,8828,0.6554177583162102,0.28256513026052105,0.0,0.0
shuffle1,8862,0.7785994497664891,0.9478957915831663,0.0,0.0
shuffle1,8926,0.7403542547578603,0.8156312625250501,0.0,0.0
shuffle1,9188,0.7880466601408272,0.9719438877755511,0.0,0.0
shuffle1,9298,0.6128730203267273,0.1342685370741483,0.0,0.0
shuffle1,9376,0.7098612545744937,0.6192384769539078,0.0,0.0
shuffle1,9712,0.7068254141102501,0.5531062124248497,0.0,0.0
shuffle1,9877,0.7117262414467813,0.5851703406813628,0.0,0.0
shuffle1,10115,0.5627389951775192,0.07214428857715431,0.0,0.0
shuffle1,10191,0.7260758883585995,0.7134268537074149,0.0,0.0
shuffle1,10361,0.6754692479899627,0.39478957915831664,0.0,0.0
shuffle1,10602,0.8061680874084388,0.9939879759519038,0.0,1.0
shuffle1,10622,0.7297487991173738,0.7214428857715431,0.0,0.0
shuffle1,11050,0.6715038268897172,0.342685370741483,0.0,0.0
shuffle1,11274,0.7859440248441132,0.9779559118236473,0.0,0.0
shuffle1,11493,0.769949491382369,0.9018036072144289,0.0,0.0
shuffle1,11757,0.7102262570883914,0.627254509018036,0.0,0.0
shuffle1,11886,0.7685767941533028,0.905811623246493,0.0,0.0
shuffle1,12122,0.5965870739737417,0.1282565130260521,0.0,0.0
shuffle1,12225,0.6491456738673249,0.2745490981963928,0.0,0.0
shuffle1,12292,0.6060345536466987,0.13026052104208416,0.0,0.0
shuffle1,12340,0.6857836146551175,0.6212424849699398,0.0,0.0
shuffle1,12386,0.6543372990346585,0.3867735470941884,0.0,0.0
shuffle1,12597,0.6229562812398013,0.17835671342685372,0.0,0.0
shuffle1,13041,0.7573780260205489,0.9078156312625251,0.0,0.0
shuffle1,13134,0.73498027153922,0.8517034068136272,0.0,0.0
shuffle1,13223,0.6710132093197179,0.3927855711422846,0.0,0.0
shuffle1,13298,0.6203657317948588,0.17034068136272545,0.0,0.0
shuffle1,13587,0.6288673820940427,0.18036072144288579,0.0,0.0
shuffle1,13703,0.5754521479822781,0.06813627254509018,0.0,0.0
shuffle1,13741,0.5575016707181193,0.06212424849699399,0.0,0.0
shuffle1,13749,0.60842211703637,0.13827655310621242,0.0,0.0
shuffle1,13826,0.7383227339687382,0.7735470941883767,0.0,0.0
shuffle1,13842,0.7548736545437946,0.8857715430861723,0.0,0.0
shuffle1,13879,0.6482629149641378,0.21442885771543085,0.0,0.0
shuffle1,13895,0.6915076594972389,0.501002004008016,0.0,0.0
shuffle1,13938,0.7368521643927244,0.7394789579158316,0.0,0.0
shuffle1,14049,0.7075220458485001,0.5851703406813628,0.0,0.0
shuffle1,14170,0.6676931024401191,0.3306613226452906,0.0,0.0
shuffle1,14245,0.7305584066703152,0.7054108216432866,0.0,0.0
shuffle1,14274,0.643512546054384,0.22645290581162325,0.0,0.0
shuffle1,14728,0.7355071314300456,0.7234468937875751,0.0,0.0
shuffle1,15068,0.7205813074805949,0.6593186372745491,0.0,0.0
shuffle1,15181,0.5513360948588897,0.04609218436873747,0.0,0.0
shuffle1,15182,0.6282181984666405,0.19839679358717435,0.0,0.0
shuffle1,15191,0.6597962316725599,0.3186372745490982,0.0,0.0
shuffle1,15274,0.7629754050846348,0.9118236472945892,0.0,0.0
shuffle1,15386,0.6745330924085686,0.45490981963927857,0.0,0.0
shuffle1,15438,0.6105512749286681,0.12625250501002003,0.0,0.0
shuffle1,15516,0.6479355600982857,0.2665330661322645,0.0,0.0
shuffle1,15631,0.7235932545076191,0.7114228456913828,0.0,0.0
shuffle1,15632,0.6729132732320565,0.3847695390781563,0.0,0.0
shuffle1,15865,0.6347841112359738,0.22244488977955912,0.0,0.0
shuffle1,15898,0.697586565318181,0.6352705410821643,0.0,0.0
shuffle1,15953,0.6842552975276196,0.46893787575150303,0.0,0.0
shuffle1,15985,0.7300611486250895,0.6913827655310621,0.0,0.0
shuffle1,16251,0.7381404485755928,0.8517034068136272,0.0,0.0
shuffle1,16424,0.7635992499179898,0.9238476953907816,0.0,0.0
shuffle1,16525,0.7235567048494806,0.6793587174348698,0.0,0.0
shuffle1,16625,0.7538096112589165,0.8316633266533067,0.0,0.0
shuffle1,16718,0.6610660091923004,0.3286573146292585,0.0,0.0
shuffle1,16800,0.7661282884445205,0.9679358717434869,0.0,0.0
shuffle1,17017,0.734086009560502,0.7695390781563126,0.0,0.0
shuffle1,17605,0.6854254019769963,0.45691382765531063,0.0,0.0
shuffle1,17651,0.5732943262233985,0.08216432865731463,0.0,0.0
shuffle1,17795,0.6013597989391778,0.16432865731462926,0.0,0.0
shuffle1,17843,0.7056806504195787,0.591182364729459,0.0,0.0
shuffle1,17865,0.7744359998336553,0.9458917835671342,0.0,0.0
shuffle1,17946,0.688660153264274,0.44488977955911824,0.0,0.0
shuffle1,17987,0.7142526609065467,0.6833667334669339,0.0,0.0
shuffle1,18115,0.5504559154179283,0.06412825651302605,0.0,0.0
shuffle1,18159,0.6328443481009589,0.22845691382765532,0.0,0.0
shuffle1,18170,0.6870916271794715,0.533066132264529,0.0,0.0
shuffle1,18556,0.6430495251868874,0.22645290581162325,0.0,0.0
shuffle1,18888,0.7051296541044676,0.6112224448897795,0.0,0.0
shuffle1,18960,0.7067197258042186,0.5771543086172345,0.0,0.0
shuffle1,19331,0.7605306124463478,0.8537074148296593,0.0,0.0
shuffle1,19471,0.6422389895947946,0.25250501002004005,0.0,0.0
shuffle1,19593,0.5632153932326351,0.07014028056112225,0.0,0.0
shuffle1,19605,0.5413067355656991,0.04609218436873747,0.0,0.0
shuffle1,20013,0.6427140241536184,0.22845691382765532,0.0,0.0
shuffle1,20072,0.5839975922384928,0.08016032064128256,0.0,0.0
shuffle1,20317,0.70783608887491,0.531062124248497,0.0,0.0
shuffle1,20380,0.6424529009552127,0.22444889779559118,0.0,0.0
shuffle1,20520,0.6636249922446319,0.32665330661322645,0.0,0.0
shuffle1,20545,0.6416180997967154,0.27054108216432865,0.0,0.0
shuffle1,20863,0.6732322710705376,0.4228456913827655,0.0,0.0
shuffle1,20882,0.7319261907264574,0.7434869739478958,0.0,0.0
shuffle1,20904,0.6727476105409064,0.3867735470941884,0.0,0.0
shuffle1,21295,0.7086204335025859,0.5791583166332666,0.0,0.0
shuffle1,21414,0.75853559867627,0.8617234468937875,0.0,0.0
shuffle1,21436,0.6879539106810809,0.46693386773547096,0.0,0.0
shuffle1,21558,0.772449544516526,0.9378757515030061,0.0,0.0
shuffle1,21887,0.6099687008485699,0.13026052104208416,0.0,0.0
shuffle1,22215,0.6960591028757455,0.5150300601202404,0.0,0.0
shuffle1,22299,0.7111834518727145,0.6673346693386774,0.0,0.0
shuffle1,22303,0.7341550217295105,0.7354709418837675,0.0,0.0
shuffle1,22452,0.6262420254474657,0.21643286573146292,0.0,0.0
shuffle1,22793,0.6902361470894931,0.4789579158316633,0.0,0.0
shuffle1,22803,0.6825137824502272,0.41082164328657317,0.0,0.0
shuffle1,22924,0.5384026116619677,0.04809619238476954,0.0,0.0
shuffle1,23314,0.7631453138544201,0.9018036072144289,0.0,0.0
shuffle1,23445,0.7331398364172879,0.779559118236473,0.0,0.0
shuffle1,23479,0.5986743300617183,0.1402805611222445,0.0,0.0
shuffle1,23623,0.7048496354927396,0.5150300601202404,0.0,0.0
shuffle1,23633,0.6274196871983466,0.17034068136272545,0.0,0.0
shuffle1,23642,0.7481532055032327,0.8597194388777555,0.0,0.0
shuffle1,23803,0.7777106242810816,0.9659318637274549,0.0,0.0
shuffle1,24062,0.6772034527354323,0.42084168336673344,0.0,0.0
shuffle1,24103,0.7321132689507466,0.749498997995992,0.0,0.0
shuffle1,24306,0.6937332141084784,0.5070140280561122,0.0,0.0
shuffle1,24700,0.7302568827227518,0.7755511022044088,0.0,0.0
shuffle1,24790,0.5909838611784957,0.10020040080160321,0.0,0.0
shuffle1,25150,0.6326099232628954,0.17835671342685372,0.0,0.0
shuffle1,25166,0.66990061380096,0.38877755511022044,0.0,0.0
shuffle1,25339,0.6735154246444854,0.4228456913827655,0.0,0.0
shuffle1,25360,0.6683183082137899,0.3366733466933868,0.0,0.0
shuffle1,25374,0.6178125096404445,0.17635270541082165,0.0,0.0
shuffle1,25447,0.7254689806902551,0.685370741482966,0.0,0.0
shuffle1,26070,0.6943980994337058,0.4849699398797595,0.0,0.0
shuffle1,26146,0.6703490453155039,0.36472945891783565,0.0,0.0
shuffle1,26419,0.6509733542914222,0.27655310621242485,0.0,0.0
shuffle1,26519,0.6111578172053931,0.17835671342685372,0.0,0.0
shuffle1,26535,0.6565655590623263,0.31462925851703405,0.0,0.0
shuffle1,26749,0.7338672450856045,0.7955911823647295,0.0,0.0
shuffle1,27131,0.6712396020358218,0.36072144288577157,0.0,0.0
shuffle1,27196,0.6767189389489497,0.4288577154308617,0.0,0.0
shuffle1,27240,0.6888379007491618,0.5791583166332666,0.0,0.0
shuffle1,27260,0.6874109170037612,0.48697394789579157,0.0,0.0
shuffle1,27648,0.7329425937841308,0.7094188376753507,0.0,0.0
shuffle1,27688,0.7146898562463873,0.6212424849699398,0.0,0.0
shuffle1,27781,0.6923817643068226,0.49298597194388777,0.0,0.0
shuffle1,28157,0.803862237117774,0.9899799599198397,0.0,0.0
shuffle1,28253,0.6162861528024879,0.13026052104208416,0.0,0.0
shuffle1,28276,0.6782138009221912,0.4088176352705411,0.0,0.0
shuffle1,28309,0.7292918645681965,0.7955911823647295,0.0,0.0
shuffle1,28511,0.6116864204487791,0.1462925851703407,0.0,0.0
shuffle1,28548,0.7350225030842783,0.7454909819639278,0.0,0.0
shuffle1,28979,0.5938402391041802,0.09218436873747494,0.0,0.0
shuffle1,29018,0.6689353387466321,0.374749498997996,0.0,0.0
shuffle1,29179,0.7523226836723365,0.8857715430861723,0.0,0.0
shuffle1,29221,0.7183703134864079,0.6993987975951904,0.0,0.0
shuffle1,29400,0.5848988221267643,0.08817635270541083,0.0,0.0
shuffle1,29511,0.6964195018700432,0.5711422845691383,0.0,0.0
shuffle1,29591,0.6747927161045091,0.41282565130260523,0.0,0.0
shuffle1,29610,0.6904803719793107,0.4909819639278557,0.0,0.0
shuffle1,29717,0.7673715941452899,0.9298597194388778,0.0,0.0
shuffle1,29815,0.7723806674971418,0.9478957915831663,0.0,0.0
shuffle1,29831,0.6690590408006607,0.37074148296593185,0.0,0.0
shuffle1,29903,0.6885307923123696,0.5390781563126252,0.0,0.0
shuffle1,29942,0.7229816827698847,0.7715430861723447,0.0,0.0
shuffle1,30016,0.5553774235902268,0.07414829659318638,0.0,0.0
shuffle1,30068,0.6491680700663314,0.23246492985971945,0.0,0.0
shuffle1,30077,0.7641814867599354,0.8617234468937875,0.0,0.0
shuffle1,30139,0.7392582302920553,0.7234468937875751,0.0,0.0
shuffle1,30888,0.6978243043874359,0.5771543086172345,0.0,0.0
shuffle1,30961,0.735873131504262,0.8156312625250501,0.0,0.0
shuffle1,31234,0.6351157572662547,0.2625250501002004,0.0,0.0
shuffle1,31244,0.6549556092180684,0.26452905811623245,0.0,0.0
shuffle1,31251,0.681322594156989,0.44288577154308617,0.0,0.0
shuffle1,31280,0.5422634699365801,0.036072144288577156,0.0,0.0
shuffle1,31503,0.7316813135867855,0.7715430861723447,0.0,0.0
shuffle1,31776,0.6842391654369407,0.501002004008016,0.0,0.0
shuffle1,32051,0.7399516727057003,0.7735470941883767,0.0,0.0
shuffle1,32062,0.636702857925346,0.19839679358717435,0.0,0.0
shuffle1,32140,0.7114778655718522,0.6212424849699398,0.0,0.0
shuffle1,32365,0.7752337158209854,0.9659318637274549,0.0,0.0
shuffle1,32427,0.7004505849390942,0.5210420841683366,0.0,0.0
shuffle1,32470,0.7751390012769095,0.9398797595190381,0.0,0.0
shuffle1,32532,0.5834551275506116,0.09218436873747494,0.0,0.0
shuffle1,32630,0.6371064132200281,0.18036072144288579,0.0,0.0
shuffle1,32680,0.7479736099864538,0.8256513026052105,0.0,0.0
shuffle1,32697,0.7777151477833006,0.9258517034068137,0.0,0.0
shuffle1,33057,0.7157672246452915,0.6813627254509018,0.0,0.0
shuffle1,33084,0.7681028941078363,0.9238476953907816,0.0,0.0
shuffle1,33123,0.780080917813502,0.9579158316633266,0.0,0.0
shuffle1,33256,0.7401743876532703,0.781563126252505,0.0,0.0
shuffle1,33264,0.7347520891952917,0.7154308617234469,0.0,0.0
shuffle1,33336,0.6642427218248352,0.3286573146292585,0.0,0.0
shuffle1,33342,0.7585992771691366,0.9118236472945892,0.0,0.0
shuffle1,33512,0.6611386946331921,0.3066132264529058,0.0,0.0
shuffle1,33863,0.6325492794231444,0.2545090180360721,0.0,0.0
shuffle1,33990,0.7611499772830101,0.9078156312625251,0.0,0.0
shuffle1,34169,0.7242059601028357,0.7014028056112225,0.0,0.0
shuffle1,34198,0.6922209489321098,0.48697394789579157,0.0,0.0
shuffle1,34415,0.7525240087296434,0.8617234468937875,0.0,0.0
shuffle1,34509,0.7310399383662685,0.8256513026052105,0.0,0.0
shuffle1,34565,0.6613928612322293,0.30060120240480964,0.0,0.0
shuffle1,34854,0.771014396976641,0.9599198396793587,0.0,0.0
shuffle1,34998,0.7108272892226748,0.6593186372745491,0.0,0.0
shuffle1,35100,0.6257988419859462,0.18837675350701402,0.0,0.0
shuffle1,35119,0.6904351079182145,0.4228456913827655,0.0,0.0
shuffle1,35131,0.6469618192830177,0.2745490981963928,0.0,0.0
shuffle1,35234,0.4738396946302611,0.006012024048096192,0.0,0.0
shuffle1,35269,0.7477760445402573,0.8236472945891784,0.0,0.0
shuffle1,35281,0.5972439702464472,0.08817635270541083,0.0,0.0
shuffle1,35475,0.5439184451471538,0.04208416833667335,0.0,0.0
shuffle1,35600,0.7341779794652518,0.7635270541082164,0.0,0.0
shuffle1,35613,0.6625457932807526,0.3286573146292585,0.0,0.0
shuffle1,35659,0.6898522199688382,0.5050100200400801,0.0,0.0
shuffle1,35916,0.6453475541833759,0.24849699398797595,0.0,0.0
shuffle1,35964,0.6270655795516156,0.23246492985971945,0.0,0.0
shuffle1,36198,0.6703104262460213,0.3787575150300601,0.0,0.0
shuffle1,36287,0.5384853292584252,0.026052104208416832,0.0,0.0
shuffle1,36543,0.6653168774183431,0.3627254509018036,0.0,0.0
shuffle1,36557,0.7923336371540579,0.9779559118236473,0.0,0.0
shuffle1,36992,0.8122793074714416,0.9959919839679359,0.0,1.0
shuffle1,37034,0.42351337248499127,0.002004008016032064,0.0,0.0
shuffle1,37053,0.7410641442985205,0.8096192384769539,0.0,0.0
shuffle1,37255,0.6282571548874114,0.21643286573146292,0.0,0.0
shuffle1,37362,0.701283313674306,0.5290581162324649,0.0,0.0
shuffle1,37406,0.6549764059972869,0.2905811623246493,0.0,0.0
shuffle1,37505,0.7393585056648853,0.7915831663326653,0.0,0.0
shuffle1,37552,0.7328880773897434,0.6913827655310621,0.0,0.0
shuffle1,37899,0.7587990919072658,0.8997995991983968,0.0,0.0
shuffle1,38091,0.662590834429706,0.3406813627254509,0.0,0.0
shuffle1,38194,0.6642749247631032,0.3286573146292585,0.0,0.0
shuffle1,38375,0.6405456375951463,0.218436873747495,0.0,0.0
shuffle1,38380,0.6594544385766351,0.3406813627254509,0.0,0.0
shuffle1,38833,0.683463655955241,0.44488977955911824,0.0,0.0
shuffle1,38887,0.7570365368745815,0.8717434869739479,0.0,0.0
shuffle1,39183,0.5519718200973014,0.04809619238476954,0.0,0.0
shuffle1,39288,0.7252668669248277,0.7374749498997996,0.0,0.0
shuffle1,39384,0.6361801631795068,0.21442885771543085,0.0,0.0
shuffle1,39490,0.7851423983591173,0.9539078156312625,0.0,0.0
shuffle1,39557,0.7500592602942993,0.8276553106212425,0.0,0.0
shuffle1,39756,0.6403459912313545,0.21643286573146292,0.0,0.0
shuffle1,39793,0.6798460696246613,0.42084168336673344,0.0,0.0
shuffle1,39920,0.6400117119001403,0.22244488977955912,0.0,0.0
shuffle1,39986,0.6715762463952034,0.3466933867735471,0.0,0.0
shuffle1,40269,0.6865112243441926,0.5170340681362725,0.0,0.0
shuffle1,40756,0.7855480042308985,0.9599198396793587,0.0,0.0
shuffle1,40798,0.7513059184217157,0.8376753507014028,0.0,0.0
shuffle1,40819,0.7553111398261412,0.8537074148296593,0.0,0.0
shuffle1,40933,0.642085138778506,0.23246492985971945,0.0,0.0
shuffle1,40990,0.6344943795843638,0.23847695390781562,0.0,0.0
shuffle1,41120,0.7357838232366601,0.7915831663326653,0.0,0.0
shuffle1,41402,0.6476401768580383,0.28857715430861725,0.0,0.0
shuffle1,41540,0.6531732337142788,0.3046092184368738,0.0,0.0
shuffle1,41555,0.7239455494921511,0.6973947895791583,0.0,0.0
shuffle1,41561,0.6222539554320922,0.18637274549098196,0.0,0.0
shuffle1,41592,0.6530469190912422,0.2865731462925852,0.0,0.0
shuffle1,41636,0.7528601646516166,0.8657314629258517,0.0,0.0
shuffle1,41640,0.66781721027812,0.33266533066132264,0.0,0.0
shuffle1,41924,0.7370216349372254,0.7715430861723447,0.0,0.0
shuffle1,41976,0.590925209590321,0.08617234468937876,0.0,0.0
shuffle1,42022,0.6741241149120396,0.4348697394789579,0.0,0.0
shuffle1,42251,0.7422425320666153,0.7715430861723447,0.0,0.0
shuffle1,42302,0.630203901006039,0.20240480961923848,0.0,0.0
shuffle1,42466,0.6982265627730497,0.4729458917835671,0.0,0.0
shuffle1,42679,0.6807588120365937,0.4288577154308617,0.0,0.0
shuffle1,43065,0.6876527330083235,0.44288577154308617,0.0,0.0
shuffle1,43198,0.6821457715897628,0.5250501002004008,0.0,0.0
shuffle1,43211,0.6969492781738336,0.5531062124248497,0.0,0.0
shuffle1,43332,0.6643849172967817,0.3186372745490982,0.0,0.0
shuffle1,43546,0.760927394508734,0.9018036072144289,0.0,0.0
shuffle1,43584,0.6128528780596235,0.13226452905811623,0.0,0.0
shuffle1,44248,0.7449602308449241,0.7835671342685371,0.0,0.0
shuffle1,44279,0.7263632430454268,0.7094188376753507,0.0,0.0
shuffle1,44360,0.7592393442860961,0.8837675350701403,0.0,0.0
shuffle1,44413,0.6330297530528646,0.20440881763527055,0.0,0.0
shuffle1,44422,0.6462620889781434,0.3066132264529058,0.0,0.0
shuffle1,44903,0.6011518718120301,0.13226452905811623,0.0,0.0
shuffle1,44975,0.7154101385251102,0.627254509018036,0.0,0.0
shuffle1,45377,0.7296352928143002,0.7374749498997996,0.0,0.0
shuffle1,45528,0.7327397184644311,0.751503006012024,0.0,0.0
shuffle1,45699,0.5578903813208077,0.052104208416833664,0.0,0.0
shuffle1,45952,0.6949980159504836,0.5591182364729459,0.0,0.0
shuffle1,45987,0.6680543831811404,0.4709418837675351,0.0,0.0
shuffle1,46166,0.5325028593902528,0.022044088176352707,0.0,0.0
shuffle1,46276,0.7707968852110367,0.9378757515030061,0.0,0.0
shuffle1,46403,0.7542234625633106,0.905811623246493,0.0,0.0
shuffle1,46524,0.5910181553461353,0.12424849699398798,0.0,0.0
shuffle1,46653,0.6706821297901546,0.37074148296593185,0.0,0.0
shuffle1,47030,0.7037521900942094,0.531062124248497,0.0,0.0
shuffle1,47086,0.6319421664245476,0.17635270541082165,0.0,0.0
shuffle1,47093,0.7010184838287292,0.5490981963927856,0.0,0.0
shuffle1,47122,0.7714181107362168,0.9418837675350702,0.0,0.0
shuffle1,47125,0.6634541107162772,0.3667334669338677,0.0,0.0
shuffle1,47331,0.7868021546993464,0.9579158316633266,0.0,0.0
shuffle1,47471,0.6722172156130406,0.4228456913827655,0.0,0.0
shuffle1,47583,0.5423745424414782,0.028056112224448898,0.0,0.0
shuffle1,47744,0.6491338601671663,0.2785571142284569,0.0,0.0
shuffle1,47907,0.5342781465415628,0.03006012024048096,0.0,0.0
shuffle1,48376,0.7750273155948667,0.9759519038076152,0.0,0.0
shuffle1,48655,0.6376031158068555,0.36472945891783565,0.0,0.0
shuffle1,48911,0.7493618859981737,0.8076152304609219,0.0,0.0
shuffle1,49170,0.7436590430834238,0.7394789579158316,0.0,0.0
shuffle1,49195,0.7200748663980004,0.6432865731462926,0.0,0.0
shuffle1,49256,0.6428844962864446,0.2124248496993988,0.0,0.0
shuffle1,49315,0.7077361300777159,0.6012024048096193,0.0,0.0
shuffle1,49474,0.7857694864756393,0.9519038076152304,0.0,0.0
shuffle1,49475,0.7063768550272524,0.5871743486973948,0.0,0.0
shuffle1,49678,0.6726824479209514,0.374749498997996,0.0,0.0
shuffle1,49702,0.7270370065867571,0.7114228456913828,0.0,0.0
shuffle1,49760,0.7423607582049556,0.7875751503006012,0.0,0.0
shuffle1,50203,0.5318189283238776,0.03406813627254509,0.0,0.0
shuffle1,50210,0.5810803333526722,0.08216432865731463,0.0,0.0
shuffle1,50622,0.6078609121269565,0.13026052104208416,0.0,0.0
shuffle1,50708,0.6921540615226092,0.5290581162324649,0.0,0.0
shuffle1,50739,0.6807894867214501,0.46693386773547096,0.0,0.0
shuffle1,50850,0.7022252350356017,0.591182364729459,0.0,0.0
shuffle1,51008,0.7631816564206215,0.8817635270541082,0.0,0.0
shuffle1,51227,0.7381038576936924,0.7675350701402806,0.0,0.0
shuffle1,51300,0.6730483173694319,0.40480961923847697,0.0,0.0
shuffle1,51380,0.6999428861279793,0.5971943887775552,0.0,0.0
shuffle1,51385,0.7379656731600125,0.7775551102204409,0.0,0.0
shuffle1,51436,0.7165884048231517,0.6212424849699398,0.0,0.0
shuffle1,51517,0.6707123072065331,0.43687374749499,0.0,0.0
shuffle1,51688,0.7378275664410396,0.8056112224448898,0.0,0.0
shuffle1,51865,0.6960091296452905,0.45691382765531063,0.0,0.0
shuffle1,51943,0.7202272433527088,0.6793587174348698,0.0,0.0
shuffle1,51956,0.6050325532523876,0.13026052104208416,0.0,0.0
shuffle1,51990,0.6370442687582987,0.21643286573146292,0.0,0.0
shuffle1,52228,0.5439868541820678,0.036072144288577156,0.0,0.0
shuffle1,52277,0.6871159130718143,0.4709418837675351,0.0,0.0
shuffle1,52729,0.6717830313858806,0.33867735470941884,0.0,0.0
shuffle1,52733,0.7125207667655598,0.6953907815631263,0.0,0.0
shuffle1,52803,0.6561248987937887,0.3587174348697395,0.0,0.0
shuffle1,52927,0.7493919259420183,0.8476953907815631,0.0,0.0
shuffle1,53445,0.7423646388440697,0.8156312625250501,0.0,0.0
shuffle1,53659,0.7386050750488142,0.8076152304609219,0.0,0.0
shuffle1,53729,0.7180414555185989,0.6472945891783567,0.0,0.0
shuffle1,53974,0.6927214767361899,0.503006012024048,0.0,0.0
shuffle1,54054,0.6252990286210848,0.16032064128256512,0.0,0.0
shuffle1,54099,0.6974544648116923,0.4849699398797595,0.0,0.0
shuffle1,54250,0.771995294875853,0.9639278557114228,0.0,0.0
shuffle1,54336,0.6667348436485904,0.35671342685370744,0.0,0.0
shuffle1,54681,0.7010664555583508,0.5270541082164328,0.0,0.0
shuffle1,55202,0.7459993107806507,0.8316633266533067,0.0,0.0
shuffle1,55501,0.7365668367608426,0.7715430861723447,0.0,0.0
shuffle1,55597,0.6946401714696472,0.5050100200400801,0.0,0.0
shuffle1,55741,0.6625822323910591,0.29458917835671344,0.0,0.0
shuffle1,55808,0.7222723302136749,0.7114228456913828,0.0,0.0
shuffle1,55876,0.7427689798782284,0.8356713426853707,0.0,0.0
shuffle1,55878,0.6612053008829507,0.2985971943887776,0.0,0.0
shuffle1,56047,0.632879540024408,0.17835671342685372,0.0,0.0
shuffle1,56131,0.43054790119924347,0.004008016032064128,0.0,0.0
shuffle1,56162,0.5705983549788085,0.08617234468937876,0.0,0.0
shuffle1,56272,0.6728188445835763,0.37074148296593185,0.0,0.0
shuffle1,56496,0.5137178948946444,0.028056112224448898,0.0,0.0
shuffle1,56554,0.7084748191383665,0.5851703406813628,0.0,0.0
shuffle1,56629,0.6933025822388845,0.4969939879759519,0.0,0.0
shuffle1,56651,0.6916095967198765,0.4729458917835671,0.0,0.0
shuffle1,56698,0.48153203987647286,0.006012024048096192,0.0,0.0
shuffle1,56873,0.6394881309127376,0.19438877755511022,0.0,0.0
shuffle1,56963,0.7515850731379885,0.8817635270541082,0.0,0.0
shuffle1,57114,0.7714053555892435,0.9078156312625251,0.0,0.0
shuffle1,57244,0.7580720966730795,0.8877755511022044,0.0,0.0
shuffle1,57830,0.7514614423364572,0.8877755511022044,0.0,0.0
shuffle1,57994,0.7631164473692573,0.9218436873747495,0.0,0.0
shuffle1,58004,0.7957620109603827,0.9959919839679359,0.0,1.0
shuffle1,58157,0.5685153373871208,0.06813627254509018,0.0,0.0
shuffle1,58169,0.6188205187718018,0.14829659318637275,0.0,0.0
shuffle1,58252,0.7962864982892861,0.9899799599198397,0.0,0.0
shuffle1,58341,0.7579868971556996,0.8717434869739479,0.0,0.0
shuffle1,58458,0.6888817737096911,0.49498997995991983,0.0,0.0
shuffle1,58572,0.7666632062924335,0.9038076152304609,0.0,0.0
shuffle1,58835,0.6916837044641178,0.46893787575150303,0.0,0.0
shuffle1,58977,0.7280607775770087,0.7194388777555111,0.0,0.0
shuffle1,58988,0.7909473213263136,0.9939879759519038,0.0,1.0
shuffle1,59101,0.764219412519216,0.9038076152304609,0.0,0.0
shuffle1,59177,0.7125860896800562,0.5971943887775552,0.0,0.0
shuffle1,59183,0.7749018043618531,0.9218436873747495,0.0,0.0
shuffle1,59219,0.807956516747899,0.9979959919839679,0.0,1.0
shuffle1,59293,0.7087581916204009,0.6492985971943888,0.0,0.0
shuffle1,59464,0.6440569767449954,0.22845691382765532,0.0,0.0
shuffle1,59470,0.6417499650801318,0.2625250501002004,0.0,0.0
shuffle1,59508,0.5948454405082224,0.11623246492985972,0.0,0.0
shuffle1,59838,0.751656613765153,0.8677354709418837,0.0,0.0
shuffle1,59905,0.6946665109433934,0.48697394789579157,0.0,0.0
shuffle1,60063,0.7384930767949343,0.8076152304609219,0.0,0.0
shuffle1,60496,0.6755947175805107,0.4308617234468938,0.0,0.0
shuffle1,60707,0.646063092506203,0.22645290581162325,0.0,0.0
shuffle1,60784,0.6885049330467052,0.48096192384769537,0.0,0.0
shuffle1,60932,0.6857513318326355,0.5150300601202404,0.0,0.0
shuffle1,61327,0.7563851344217377,0.875751503006012,0.0,0.0
shuffle1,61653,0.7319723327530917,0.7955911823647295,0.0,0.0
shuffle1,61683,0.7054503908357792,0.5350701402805611,0.0,0.0
shuffle1,61701,0.5764323283762764,0.07214428857715431,0.0,0.0
shuffle1,61868,0.7319948773200455,0.7535070140280561,0.0,0.0
shuffle1,61878,0.7070171769952305,0.6072144288577155,0.0,0.0
shuffle1,62117,0.6896755586996888,0.49899799599198397,0.0,0.0
shuffle1,62587,0.7042692834548496,0.56312625250501,0.0,0.0
shuffle1,62627,0.6578195595216245,0.30861723446893785,0.0,0.0
shuffle1,63062,0.7547813125726275,0.875751503006012,0.0,0.0
shuffle1,63247,0.6335889609484853,0.23847695390781562,0.0,0.0
shuffle1,63837,0.6754658096952916,0.38276553106212424,0.0,0.0
shuffle1,63869,0.5801175808784214,0.12024048096192384,0.0,0.0
shuffle1,64050,0.7598062414490879,0.9098196392785571,0.0,0.0
shuffle1,64148,0.5817629805201134,0.09018036072144289,0.0,0.0
shuffle1,64195,0.7104730908605927,0.6472945891783567,0.0,0.0
shuffle1,64262,0.7204442230549242,0.7074148296593187,0.0,0.0
shuffle1,64417,0.7368689048903814,0.8316633266533067,0.0,0.0
shuffle1,64547,0.7297451873707166,0.7094188376753507,0.0,0.0
shuffle1,64783,0.6039962832915942,0.13026052104208416,0.0,0.0
shuffle1,64851,0.644801263566015,0.2685370741482966,0.0,0.0
shuffle1,64925,0.726153765860396,0.6653306613226453,0.0,0.0
shuffle1,65218,0.7547886572592324,0.935871743486974,0.0,0.0
shuffle1,65340,0.5019763523154446,0.012024048096192385,0.0,0.0
shuffle1,65348,0.5682565683605729,0.07414829659318638,0.0,0.0
shuffle1,65417,0.7823897118889298,0.9859719438877755,0.0,0.0
shuffle1,65553,0.7593592057653957,0.8717434869739479,0.0,0.0
shuffle1,65609,0.7169855217271806,0.6332665330661322,0.0,0.0
shuffle1,65690,0.7417518990999343,0.8256513026052105,0.0,0.0
shuffle1,65878,0.7194786364449349,0.6973947895791583,0.0,0.0
shuffle1,66058,0.7132566760359889,0.625250501002004,0.0,0.0
shuffle1,66209,0.6173111060242202,0.16032064128256512,0.0,0.0
shuffle1,66269,0.5543090490047285,0.052104208416833664,0.0,0.0
shuffle1,66437,0.7307140871428399,0.811623246492986,0.0,0.0
shuffle1,66512,0.6782613222825076,0.3967935871743487,0.0,0.0
shuffle1,66559,0.6612939121571486,0.36472945891783565,0.0,0.0
shuffle1,66875,0.6521095568669402,0.2665330661322645,0.0,0.0
shuffle1,67261,0.7291931375104148,0.7595190380761523,0.0,0.0
shuffle1,67281,0.7227458103573863,0.6973947895791583,0.0,0.0
shuffle1,67361,0.6864325898338528,0.45691382765531063,0.0,0.0
shuffle1,67444,0.6009141703707443,0.13627254509018036,0.0,0.0
shuffle1,67673,0.6902212787828339,0.45090180360721444,0.0,0.0
shuffle1,67708,0.7626684943270816,0.8997995991983968,0.0,0.0
shuffle1,67899,0.6388145111286526,0.23847695390781562,0.0,0.0
shuffle1,68121,0.6939500580109117,0.4969939879759519,0.0,0.0
shuffle1,68127,0.703397018562196,0.5971943887775552,0.0,0.0
shuffle1,68173,0.7147787258619405,0.7214428857715431,0.0,0.0
shuffle1,68193,0.7405332906673208,0.8677354709418837,0.0,0.0
shuffle1,68287,0.675086308697002,0.41282565130260523,0.0,0.0
shuffle1,68394,0.627648241225231,0.2124248496993988,0.0,0.0
shuffle1,68473,0.6176092125473627,0.20841683366733466,0.0,0.0
shuffle1,68532,0.5724608518169028,0.06813627254509018,0.0,0.0
shuffle1,68553,0.7519562959087023,0.8717434869739479,0.0,0.0
shuffle1,68819,0.6733823372896609,0.3687374749498998,0.0,0.0
shuffle1,69085,0.6705535455498187,0.3587174348697395,0.0,0.0
shuffle1,69087,0.659062217094355,0.342685370741483,0.0,0.0
shuffle1,69137,0.6902699368152306,0.46893787575150303,0.0,0.0
shuffle1,69462,0.7019579152517231,0.5571142284569138,0.0,0.0
shuffle1,69641,0.7161562977368563,0.7034068136272545,0.0,0.0
shuffle1,70279,0.5796423561272097,0.08016032064128256,0.0,0.0
shuffle1,70372,0.803575968673869,0.9959919839679359,0.0,1.0
shuffle1,70496,0.6549956802208114,0.2925851703406814,0.0,0.0
shuffle1,70765,0.7078120294761248,0.5671342685370742,0.0,0.0
shuffle1,71264,0.6265755080192835,0.1462925851703407,0.0,0.0
shuffle1,71624,0.6946690043723338,0.5190380761523046,0.0,0.0
shuffle1,71735,0.6679363380983372,0.3587174348697395,0.0,0.0
shuffle1,72089,0.6848385712260707,0.45691382765531063,0.0,0.0
shuffle1,72151,0.7427248805798687,0.8376753507014028,0.0,0.0
shuffle1,72389,0.640247994328333,0.23647294589178355,0.0,0.0
shuffle1,72527,0.5600354871223852,0.06212424849699399,0.0,0.0
shuffle2,95,0.7654768790074716,0.935871743486974,0.0,0.0
shuffle2,204,0.6731106018238295,0.3967935871743487,0.0,0.0
shuffle2,318,0.6741647990547295,0.36472945891783565,0.0,0.0
shuffle2,356,0.6417846451996385,0.2665330661322645,0.0,0.0
shuffle2,425,0.7643118431764407,0.875751503006012,0.0,0.0
shuffle2,458,0.7814219398392258,0.9579158316633266,0.0,0.0
shuffle2,637,0.7542586389152619,0.8256513026052105,0.0,0.0
shuffle2,709,0.546365767791632,0.03807615230460922,0.0,0.0
shuffle2,868,0.6205656640694794,0.16633266533066132,0.0,0.0
shuffle2,1015,0.7377010040311933,0.8717434869739479,0.0,0.0
shuffle2,1288,0.5293947078744987,0.03406813627254509,0.0,0.0
shuffle2,1589,0.7239183229869408,0.6993987975951904,0.0,0.0
shuffle2,1744,0.6439870621151313,0.2565130260521042,0.0,0.0
shuffle2,1818,0.7821665883000171,0.9619238476953907,0.0,0.0
shuffle2,2070,0.4095546595322842,0.002004008016032064,0.0,0.0
shuffle2,2125,0.7575181997414939,0.8697394789579158,0.0,0.0
shuffle2,2327,0.7415904511059573,0.8256513026052105,0.0,0.0
shuffle2,2737,0.6941762575243972,0.5190380761523046,0.0,0.0
shuffle2,2795,0.6932242001893755,0.5130260521042084,0.0,0.0
shuffle2,2980,0.7406391075935801,0.8036072144288577,0.0,0.0
shuffle2,3338,0.6451287738083952,0.2565130260521042,0.0,0.0
shuffle2,3344,0.5369334160634354,0.026052104208416832,0.0,0.0
shuffle2,3368,0.6150020171857729,0.1402805611222445,0.0,0.0
shuffle2,3731,0.6351348054373291,0.17835671342685372,0.0,0.0
shuffle2,3803,0.7135835231025331,0.6292585170340681,0.0,0.0
shuffle2,4292,0.5959246552810069,0.12224448897795591,0.0,0.0
shuffle2,4409,0.7040919222049886,0.5711422845691383,0.0,0.0
shuffle2,4476,0.7619197667392819,0.8977955911823647,0.0,0.0
shuffle2,4509,0.7289423347811008,0.6773547094188377,0.0,0.0
shuffle2,4927,0.6718289302023838,0.38276553106212424,0.0,0.0
shuffle2,4967,0.7530158269281652,0.8496993987975952,0.0,0.0
shuffle2,5340,0.7028890858735877,0.561122244488978,0.0,0.0
shuffle2,5582,0.6752410980685755,0.46092184368737477,0.0,0.0
shuffle2,5656,0.7202041123917846,0.6372745490981964,0.0,0.0
shuffle2,5683,0.8087759232020596,0.9959919839679359,0.0,1.0
shuffle2,5790,0.6111615411060277,0.13226452905811623,0.0,0.0
shuffle2,5929,0.5824894152348907,0.08617234468937876,0.0,0.0
shuffle2,6315,0.6935953490335329,0.531062124248497,0.0,0.0
shuffle2,6360,0.5000503553423651,0.008016032064128256,0.0,0.0
shuffle2,6454,0.7130953429340688,0.6312625250501002,0.0,0.0
shuffle2,6603,0.6893407540056948,0.43687374749499,0.0,0.0
shuffle2,6750,0.6504707122336797,0.3366733466933868,0.0,0.0
shuffle2,6759,0.7194165433937816,0.6913827655310621,0.0,0.0
shuffle2,6770,0.6293803781906853,0.19438877755511022,0.0,0.0
shuffle2,6991,0.629617874453958,0.20040080160320642,0.0,0.0
shuffle2,7306,0.6577668987251577,0.35671342685370744,0.0,0.0
shuffle2,7355,0.7674062832329105,0.905811623246493,0.0,0.0
shuffle2,7899,0.6412367426717144,0.20440881763527055,0.0,0.0
shuffle2,8061,0.5278306140770814,0.01603206412825651,0.0,0.0
shuffle2,8215,0.5244567186677098,0.02004008016032064,0.0,0.0
shuffle2,8234,0.7098208289255483,0.6392785571142284,0.0,0.0
shuffle2,8238,0.7472533026461515,0.7855711422845691,0.0,0.0
shuffle2,8275,0.5843567672031456,0.12625250501002003,0.0,0.0
shuffle2,8367,0.7207837415142186,0.7274549098196392,0.0,0.0
shuffle2,8828,0.6676945239932184,0.2985971943887776,0.0,0.0
shuffle2,8862,0.757501428088055,0.875751503006012,0.0,0.0
shuffle2,8926,0.7490778061581693,0.8296593186372746,0.0,0.0
shuffle2,9188,0.7939901663989275,0.9879759519038076,0.0,0.0
shuffle2,9298,0.6550229964494119,0.2625250501002004,0.0,0.0
shuffle2,9376,0.6520471595702351,0.2865731462925852,0.0,0.0
shuffle2,9712,0.7657742082330088,0.9418837675350702,0.0,0.0
shuffle2,9877,0.704866573884434,0.5971943887775552,0.0,0.0
shuffle2,10115,0.5088634113317507,0.01603206412825651,0.0,0.0
shuffle2,10191,0.7396595846783376,0.749498997995992,0.0,0.0
shuffle2,10361,0.6652647806467278,0.36472945891783565,0.0,0.0
shuffle2,10602,0.7521515876703933,0.8376753507014028,0.0,0.0
shuffle2,10622,0.7078911570474942,0.5771543086172345,0.0,0.0
shuffle2,11050,0.6838490768907631,0.45490981963927857,0.0,0.0
shuffle2,11274,0.7780786975640266,0.9478957915831663,0.0,0.0
shuffle2,11493,0.744372352662406,0.7895791583166333,0.0,0.0
shuffle2,11757,0.7165038205571443,0.6913827655310621,0.0,0.0
shuffle2,11886,0.7708732652054051,0.9178356713426854,0.0,0.0
shuffle2,12122,0.589076783294755,0.08817635270541083,0.0,0.0
shuffle2,12225,0.6531193708713694,0.2625250501002004,0.0,0.0
shuffle2,12292,0.6221592481374406,0.1683366733466934,0.0,0.0
shuffle2,12340,0.738327596290401,0.8336673346693386,0.0,0.0
shuffle2,12386,0.6445053090051496,0.2745490981963928,0.0,0.0
shuffle2,12597,0.6393314734115667,0.25851703406813625,0.0,0.0
shuffle2,13041,0.7294184682226783,0.6993987975951904,0.0,0.0
shuffle2,13134,0.7286947907211508,0.7474949899799599,0.0,0.0
shuffle2,13223,0.68339682684373,0.4849699398797595,0.0,0.0
shuffle2,13298,0.6676453109878081,0.3486973947895792,0.0,0.0
shuffle2,13587,0.6334628650705949,0.18036072144288579,0.0,0.0
shuffle2,13703,0.56899625708555,0.06813627254509018,0.0,0.0
shuffle2,13741,0.5448369674371242,0.06613226452905811,0.0,0.0
shuffle2,13749,0.6394389410164039,0.20841683366733466,0.0,0.0
shuffle2,13826,0.7439507591435073,0.8376753507014028,0.0,0.0
shuffle2,13842,0.7368327405401214,0.8336673346693386,0.0,0.0
shuffle2,13879,0.6498310182654776,0.2625250501002004,0.0,0.0
shuffle2,13895,0.6779606350931424,0.40080160320641284,0.0,0.0
shuffle2,13938,0.6564519563993458,0.30861723446893785,0.0,0.0
shuffle2,14049,0.6953118069536612,0.5190380761523046,0.0,0.0
shuffle2,14170,0.7075517053976093,0.6032064128256514,0.0,0.0
shuffle2,14245,0.7315870646338413,0.7855711422845691,0.0,0.0
shuffle2,14274,0.6491086792145784,0.24849699398797595,0.0,0.0
shuffle2,14728,0.7417960904665599,0.7755511022044088,0.0,0.0
shuffle2,15068,0.6924123918429417,0.47695390781563124,0.0,0.0
shuffle2,15181,0.5523247926736939,0.05410821643286573,0.0,0.0
shuffle2,15182,0.5711868490955583,0.08817635270541083,0.0,0.0
shuffle2,15191,0.6770852045357567,0.37074148296593185,0.0,0.0
shuffle2,15274,0.7758921292323842,0.9619238476953907,0.0,0.0
shuffle2,15386,0.6899426536569762,0.47695390781563124,0.0,0.0
shuffle2,15438,0.572134461895816,0.08817635270541083,0.0,0.0
shuffle2,15516,0.6862835282375142,0.42685370741482964,0.0,0.0
shuffle2,15631,0.6743189455239238,0.3807615230460922,0.0,0.0
shuffle2,15632,0.7015477288907832,0.6052104208416834,0.0,0.0
shuffle2,15865,0.646111550151153,0.3346693386773547,0.0,0.0
shuffle2,15898,0.6555695846457684,0.3046092184368738,0.0,0.0
shuffle2,15953,0.6985641547242547,0.5971943887775552,0.0,0.0
shuffle2,15985,0.7575827076333099,0.8997995991983968,0.0,0.0
shuffle2,16251,0.7112450069679535,0.7254509018036072,0.0,0.0
shuffle2,16424,0.77362063769577,0.9519038076152304,0.0,0.0
shuffle2,16525,0.7093406103730774,0.6132264529058116,0.0,0.0
shuffle2,16625,0.7582897337005088,0.8977955911823647,0.0,0.0
shuffle2,16718,0.6421688276530612,0.23246492985971945,0.0,0.0
shuffle2,16800,0.7719655360076938,0.9559118236472945,0.0,0.0
shuffle2,17017,0.726470015831277,0.685370741482966,0.0,0.0
shuffle2,17605,0.68978109496455,0.49298597194388777,0.0,0.0
shuffle2,17651,0.5750582939760327,0.0781563126252505,0.0,0.0
shuffle2,17795,0.58930235185225,0.1062124248496994,0.0,0.0
shuffle2,17843,0.6652913923344361,0.35470941883767537,0.0,0.0
shuffle2,17865,0.757632954267409,0.8837675350701403,0.0,0.0
shuffle2,17946,0.6903431526623339,0.49899799599198397,0.0,0.0
shuffle2,17987,0.6745548313589049,0.40681362725450904,0.0,0.0
shuffle2,18115,0.5546140373979627,0.04809619238476954,0.0,0.0
shuffle2,18159,0.6467085874862647,0.250501002004008,0.0,0.0
shuffle2,18170,0.7171997873509137,0.717434869739479,0.0,0.0
shuffle2,18556,0.6496096489123567,0.2745490981963928,0.0,0.0
shuffle2,18888,0.7175541041044107,0.655310621242485,0.0,0.0
shuffle2,18960,0.69584369408516,0.48296593186372744,0.0,0.0
shuffle2,19331,0.710605162784649,0.627254509018036,0.0,0.0
shuffle2,19471,0.6461364601433366,0.3026052104208417,0.0,0.0
shuffle2,19593,0.5310943069947323,0.04408817635270541,0.0,0.0
shuffle2,19605,0.5557421543422837,0.052104208416833664,0.0,0.0
shuffle2,20013,0.6070669002144644,0.14428857715430862,0.0,0.0
shuffle2,20072,0.5795609845624189,0.08016032064128256,0.0,0.0
shuffle2,20317,0.7018186913345453,0.531062124248497,0.0,0.0
shuffle2,20380,0.6181032098794615,0.17034068136272545,0.0,0.0
shuffle2,20520,0.7148816818492596,0.7535070140280561,0.0,0.0
shuffle2,20545,0.6764561657439324,0.4749498997995992,0.0,0.0
shuffle2,20863,0.6482731751443314,0.2665330661322645,0.0,0.0
shuffle2,20882,0.7326732808307479,0.7695390781563126,0.0,0.0
shuffle2,20904,0.7036643652986689,0.5250501002004008,0.0,0.0
shuffle2,21295,0.7365462724076635,0.8236472945891784,0.0,0.0
shuffle2,21414,0.7296979074459002,0.7354709418837675,0.0,0.0
shuffle2,21436,0.7077249219771002,0.6292585170340681,0.0,0.0
shuffle2,21558,0.7128765012668876,0.7054108216432866,0.0,0.0
shuffle2,21887,0.6125346976805527,0.12424849699398798,0.0,0.0
shuffle2,22215,0.7088296335376715,0.5711422845691383,0.0,0.0
shuffle2,22299,0.6890487476711118,0.4789579158316633,0.0,0.0
shuffle2,22303,0.7328957257507445,0.7454909819639278,0.0,0.0
shuffle2,22452,0.6158815505782064,0.15030060120240482,0.0,0.0
shuffle2,22793,0.6800157585085451,0.3967935871743487,0.0,0.0
shuffle2,22803,0.703111156487266,0.5150300601202404,0.0,0.0
shuffle2,22924,0.6557725584955701,0.3346693386773547,0.0,0.0
shuffle2,23314,0.7962825401417164,0.9799599198396793,0.0,0.0
shuffle2,23445,0.7386560858286126,0.8156312625250501,0.0,0.0
shuffle2,23479,0.5633554977050051,0.06813627254509018,0.0,0.0
shuffle2,23623,0.6944537552514929,0.47695390781563124,0.0,0.0
shuffle2,23633,0.6476468902480408,0.2905811623246493,0.0,0.0
shuffle2,23642,0.7796022896613441,0.9418837675350702,0.0,0.0
shuffle2,23803,0.7367120316636794,0.8076152304609219,0.0,0.0
shuffle2,24062,0.6544367560606983,0.27054108216432865,0.0,0.0
shuffle2,24103,0.7343577986848686,0.7995991983967936,0.0,0.0
shuffle2,24306,0.7187518906194204,0.6132264529058116,0.0,0.0
shuffle2,24700,0.6880401580995856,0.4909819639278557,0.0,0.0
shuffle2,24790,0.591358325429846,0.13026052104208416,0.0,0.0
shuffle2,25150,0.5825592144372768,0.07014028056112225,0.0,0.0
shuffle2,25166,0.6408914479961798,0.23246492985971945,0.0,0.0
shuffle2,25339,0.7174992011087848,0.6232464929859719,0.0,0.0
shuffle2,25360,0.7208116381111507,0.6032064128256514,0.0,0.0
shuffle2,25374,0.6286661380243398,0.22044088176352705,0.0,0.0
shuffle2,25447,0.7589555012310831,0.8897795591182365,0.0,0.0
shuffle2,26070,0.7081578761837258,0.5651302605210421,0.0,0.0
shuffle2,26146,0.6876582557418466,0.4709418837675351,0.0,0.0
shuffle2,26419,0.6567521769362439,0.3066132264529058,0.0,0.0
shuffle2,26519,0.6313409247504791,0.23246492985971945,0.0,0.0
shuffle2,26535,0.6706996454272367,0.3587174348697395,0.0,0.0
shuffle2,26749,0.7373337187822002,0.7755511022044088,0.0,0.0
shuffle2,27131,0.6120929549427783,0.15430861723446893,0.0,0.0
shuffle2,27196,0.6702662294190771,0.4709418837675351,0.0,0.0
shuffle2,27240,0.7423971798667327,0.8316633266533067,0.0,0.0
shuffle2,27260,0.6514003377359051,0.2925851703406814,0.0,0.0
shuffle2,27648,0.7271646788481994,0.655310621242485,0.0,0.0
shuffle2,27688,0.7056216047223857,0.5951903807615231,0.0,0.0
shuffle2,27781,0.6847463155362594,0.4529058116232465,0.0,0.0
shuffle2,28157,0.7615309437620463,0.9298597194388778,0.0,0.0
shuffle2,28253,0.645280432799441,0.24849699398797595,0.0,0.0
shuffle2,28276,0.6966115213825337,0.5531062124248497,0.0,0.0
shuffle2,28309,0.7364116028756234,0.749498997995992,0.0,0.0
shuffle2,28511,0.61188696307234,0.1523046092184369,0.0,0.0
shuffle2,28548,0.7386698890797734,0.749498997995992,0.0,0.0
shuffle2,28979,0.6162118523963869,0.1402805611222445,0.0,0.0
shuffle2,29018,0.6677975804235727,0.34468937875751504,0.0,0.0
shuffle2,29179,0.7509890587638683,0.875751503006012,0.0,0.0
shuffle2,29221,0.7334878458711552,0.7535070140280561,0.0,0.0
shuffle2,29400,0.6480089311482893,0.2685370741482966,0.0,0.0
shuffle2,29511,0.6830498056479166,0.4188376753507014,0.0,0.0
shuffle2,29591,0.664171037126323,0.32064128256513025,0.0,0.0
shuffle2,29610,0.6879778003049338,0.4529058116232465,0.0,0.0
shuffle2,29717,0.7589041274786131,0.8657314629258517,0.0,0.0
shuffle2,29815,0.7629932071285856,0.9218436873747495,0.0,0.0
shuffle2,29831,0.6644489028869552,0.30861723446893785,0.0,0.0
shuffle2,29903,0.686395455122718,0.5230460921843687,0.0,0.0
shuffle2,29942,0.6935696009269298,0.49298597194388777,0.0,0.0
shuffle2,30016,0.5267758276598358,0.050100200400801605,0.0,0.0
shuffle2,30068,0.6453397822537967,0.24649298597194388,0.0,0.0
shuffle2,30077,0.7254000727676487,0.6893787575150301,0.0,0.0
shuffle2,30139,0.7222519729176214,0.7414829659318637,0.0,0.0
shuffle2,30888,0.6499777475331914,0.40480961923847697,0.0,0.0
shuffle2,30961,0.7359273537602968,0.7955911823647295,0.0,0.0
shuffle2,31234,0.5403369090751746,0.056112224448897796,0.0,0.0
shuffle2,31244,0.6438618654268308,0.22845691382765532,0.0,0.0
shuffle2,31251,0.7224115037748551,0.687374749498998,0.0,0.0
shuffle2,31280,0.5560592684597834,0.04208416833667335,0.0,0.0
shuffle2,31503,0.7233440048534043,0.7114228456913828,0.0,0.0
shuffle2,31776,0.7248024181119694,0.7454909819639278,0.0,0.0
shuffle2,32051,0.7570850865454446,0.9178356713426854,0.0,0.0
shuffle2,32062,0.6481570465662202,0.2965931863727455,0.0,0.0
shuffle2,32140,0.6906116197050829,0.44889779559118237,0.0,0.0
shuffle2,32365,0.7812554448899853,0.9679358717434869,0.0,0.0
shuffle2,32427,0.6450780630419788,0.2625250501002004,0.0,0.0
shuffle2,32470,0.7822014595579778,0.9839679358717435,0.0,0.0
shuffle2,32532,0.6145478642704932,0.16633266533066132,0.0,0.0
shuffle2,32630,0.5985785085641853,0.09619238476953908,0.0,0.0
shuffle2,32680,0.7660259584942117,0.9138276553106213,0.0,0.0
shuffle2,32697,0.7015821379821312,0.593186372745491,0.0,0.0
shuffle2,33057,0.7330169489304094,0.749498997995992,0.0,0.0
shuffle2,33084,0.743961809037566,0.8076152304609219,0.0,0.0
shuffle2,33123,0.7771129138202626,0.9719438877755511,0.0,0.0
shuffle2,33256,0.7022575677972697,0.6192384769539078,0.0,0.0
shuffle2,33264,0.748006860813949,0.8617234468937875,0.0,0.0
shuffle2,33336,0.6457465525076875,0.22645290581162325,0.0,0.0
shuffle2,33342,0.7509276507884759,0.8817635270541082,0.0,0.0
shuffle2,33512,0.6908283815311618,0.501002004008016,0.0,0.0
shuffle2,33863,0.6460238520489858,0.2545090180360721,0.0,0.0
shuffle2,33990,0.7873687549282696,0.9579158316633266,0.0,0.0
shuffle2,34169,0.7051513677052674,0.5731462925851704,0.0,0.0
shuffle2,34198,0.7009734568197442,0.5210420841683366,0.0,0.0
shuffle2,34415,0.732142912194242,0.7254509018036072,0.0,0.0
shuffle2,34509,0.7539432415707743,0.8897795591182365,0.0,0.0
shuffle2,34565,0.64692505715501,0.22444889779559118,0.0,0.0
shuffle2,34854,0.7314394367662669,0.7895791583166333,0.0,0.0
shuffle2,34998,0.6843730105732284,0.4729458917835671,0.0,0.0
shuffle2,35100,0.6417135878539975,0.22845691382765532,0.0,0.0
shuffle2,35119,0.7064644646730962,0.5430861723446894,0.0,0.0
shuffle2,35131,0.6295395202561196,0.20040080160320642,0.0,0.0
shuffle2,35234,0.508201816368562,0.018036072144288578,0.0,0.0
shuffle2,35269,0.7243802168392572,0.7214428857715431,0.0,0.0
shuffle2,35281,0.6093435115113859,0.13827655310621242,0.0,0.0
shuffle2,35475,0.4877316719558862,0.008016032064128256,0.0,0.0
shuffle2,35600,0.7431206863582651,0.7895791583166333,0.0,0.0
shuffle2,35613,0.6682359126006785,0.38877755511022044,0.0,0.0
shuffle2,35659,0.7265068661363904,0.7134268537074149,0.0,0.0
shuffle2,35916,0.6580870876103759,0.35671342685370744,0.0,0.0
shuffle2,35964,0.6058497118544768,0.18837675350701402,0.0,0.0
shuffle2,36198,0.6928491919776013,0.4729458917835671,0.0,0.0
shuffle2,36287,0.5369149255348649,0.018036072144288578,0.0,0.0
shuffle2,36543,0.7186865591699052,0.7014028056112225,0.0,0.0
shuffle2,36557,0.8008507826796814,0.9979959919839679,0.0,1.0
shuffle2,36992,0.7982491072914788,0.9819639278557114,0.0,0.0
shuffle2,37034,0.41577711322438027,0.002004008016032064,0.0,0.0
shuffle2,37053,0.7871375737721664,0.9759519038076152,0.0,0.0
shuffle2,37255,0.6502744786202321,0.26452905811623245,0.0,0.0
shuffle2,37362,0.6883534615643006,0.4468937875751503,0.0,0.0
shuffle2,37406,0.6736645990592576,0.3847695390781563,0.0,0.0
shuffle2,37505,0.7368910379634505,0.7454909819639278,0.0,0.0
shuffle2,37552,0.736196116676087,0.8396793587174348,0.0,0.0
shuffle2,37899,0.7438709159591164,0.8196392785571143,0.0,0.0
shuffle2,38091,0.6011452335254384,0.10821643286573146,0.0,0.0
shuffle2,38194,0.6920055385534285,0.5450901803607214,0.0,0.0
shuffle2,38375,0.6280016868653697,0.14829659318637275,0.0,0.0
shuffle2,38380,0.6743430747146778,0.4849699398797595,0.0,0.0
shuffle2,38833,0.6722995438336858,0.38276553106212424,0.0,0.0
shuffle2,38887,0.739841476352287,0.7695390781563126,0.0,0.0
shuffle2,39183,0.5328973308764604,0.02404809619238477,0.0,0.0
shuffle2,39288,0.7428464157045074,0.8496993987975952,0.0,0.0
shuffle2,39384,0.6458491640195878,0.23446893787575152,0.0,0.0
shuffle2,39490,0.7427829222625812,0.8496993987975952,0.0,0.0
shuffle2,39557,0.7173016044378582,0.7595190380761523,0.0,0.0
shuffle2,39756,0.6547327239676958,0.2905811623246493,0.0,0.0
shuffle2,39793,0.6459829269256345,0.28857715430861725,0.0,0.0
shuffle2,39920,0.6609825753073013,0.3066132264529058,0.0,0.0
shuffle2,39986,0.6934570976193034,0.5150300601202404,0.0,0.0
shuffle2,40269,0.7188339172071133,0.6172344689378757,0.0,0.0
shuffle2,40756,0.7871968845808563,0.9899799599198397,0.0,0.0
shuffle2,40798,0.7354044467138212,0.7294589178356713,0.0,0.0
shuffle2,40819,0.7961805183175059,0.9779559118236473,0.0,0.0
shuffle2,40933,0.6654130622342636,0.33266533066132264,0.0,0.0
shuffle2,40990,0.6404002504727576,0.24048096192384769,0.0,0.0
shuffle2,41120,0.6784643207402206,0.45090180360721444,0.0,0.0
shuffle2,41402,0.6358814180585854,0.21042084168336672,0.0,0.0
shuffle2,41540,0.6235869561683995,0.15831663326653306,0.0,0.0
shuffle2,41555,0.7456262924587378,0.8096192384769539,0.0,0.0
shuffle2,41561,0.5796759210146083,0.10020040080160321,0.0,0.0
shuffle2,41592,0.6847534850032841,0.43887775551102204,0.0,0.0
shuffle2,41636,0.7386633260602787,0.7595190380761523,0.0,0.0
shuffle2,41640,0.6557219152372988,0.3106212424849699,0.0,0.0
shuffle2,41924,0.7237553362199481,0.7194388777555111,0.0,0.0
shuffle2,41976,0.5693789220080179,0.07414829659318638,0.0,0.0
shuffle2,42022,0.5965007827993951,0.10821643286573146,0.0,0.0
shuffle2,42251,0.6697420928234339,0.4028056112224449,0.0,0.0
shuffle2,42302,0.6277096517277935,0.19438877755511022,0.0,0.0
shuffle2,42466,0.6654994528290735,0.34468937875751504,0.0,0.0
shuffle2,42679,0.686653744032155,0.4969939879759519,0.0,0.0
shuffle2,43065,0.6810068985476705,0.4749498997995992,0.0,0.0
shuffle2,43198,0.6807741740442123,0.4088176352705411,0.0,0.0
shuffle2,43211,0.7426562060157701,0.7955911823647295,0.0,0.0
shuffle2,43332,0.6383828233096853,0.23246492985971945,0.0,0.0
shuffle2,43546,0.7117295779242783,0.7074148296593187,0.0,0.0
shuffle2,43584,0.6196040230026356,0.14829659318637275,0.0,0.0
shuffle2,44248,0.7090740385489505,0.591182364729459,0.0,0.0
shuffle2,44279,0.7247363258418911,0.7474949899799599,0.0,0.0
shuffle2,44360,0.7537046377664617,0.8396793587174348,0.0,0.0
shuffle2,44413,0.6383107912963537,0.21442885771543085,0.0,0.0
shuffle2,44422,0.6858589838257907,0.48096192384769537,0.0,0.0
shuffle2,44903,0.5662099639880382,0.06212424849699399,0.0,0.0
shuffle2,44975,0.7391418770237057,0.7735470941883767,0.0,0.0
shuffle2,45377,0.7170902437587641,0.687374749498998,0.0,0.0
shuffle2,45528,0.7166210390421381,0.625250501002004,0.0,0.0
shuffle2,45699,0.5771729508100689,0.08016032064128256,0.0,0.0
shuffle2,45952,0.6873224458722123,0.48096192384769537,0.0,0.0
shuffle2,45987,0.7049806360973989,0.5691382765531062,0.0,0.0
shuffle2,46166,0.5259047437710946,0.022044088176352707,0.0,0.0
shuffle2,46276,0.7788996815717715,0.9619238476953907,0.0,0.0
shuffle2,46403,0.7041378608524616,0.6172344689378757,0.0,0.0
shuffle2,46524,0.6001320995821593,0.10220440881763528,0.0,0.0
shuffle2,46653,0.6548136481808005,0.30060120240480964,0.0,0.0
shuffle2,47030,0.6922887463586823,0.5250501002004008,0.0,0.0
shuffle2,47086,0.6475841598845294,0.2625250501002004,0.0,0.0
shuffle2,47093,0.6870422594548691,0.5390781563126252,0.0,0.0
shuffle2,47122,0.769994367160401,0.9198396793587175,0.0,0.0
shuffle2,47125,0.6455958708563629,0.2605210420841683,0.0,0.0
shuffle2,47331,0.7745030760026759,0.9398797595190381,0.0,0.0
shuffle2,47471,0.6456632171892633,0.25851703406813625,0.0,0.0
shuffle2,47583,0.5986369563517944,0.12024048096192384,0.0,0.0
shuffle2,47744,0.6641020041584176,0.34468937875751504,0.0,0.0
shuffle2,47907,0.5532451224176831,0.04809619238476954,0.0,0.0
shuffle2,48376,0.7614290541508355,0.8617234468937875,0.0,0.0
shuffle2,48655,0.7312564148312473,0.7855711422845691,0.0,0.0
shuffle2,48911,0.7017707395382766,0.6412825651302605,0.0,0.0
shuffle2,49170,0.7274785690047769,0.6733466933867736,0.0,0.0
shuffle2,49195,0.704555272078468,0.5791583166332666,0.0,0.0
shuffle2,49256,0.6117418571904292,0.15030060120240482,0.0,0.0
shuffle2,49315,0.6893529534730675,0.5170340681362725,0.0,0.0
shuffle2,49474,0.7960980089369747,0.9799599198396793,0.0,0.0
shuffle2,49475,0.7672648900196365,0.9298597194388778,0.0,0.0
shuffle2,49678,0.6572124727605808,0.3406813627254509,0.0,0.0
shuffle2,49702,0.6799383028603019,0.47695390781563124,0.0,0.0
shuffle2,49760,0.6855784100772324,0.44889779559118237,0.0,0.0
shuffle2,50203,0.5503924442062185,0.052104208416833664,0.0,0.0
shuffle2,50210,0.5216386391916157,0.03206412825651302,0.0,0.0
shuffle2,50622,0.6539872498956276,0.30060120240480964,0.0,0.0
shuffle2,50708,0.6717018002893558,0.3627254509018036,0.0,0.0
shuffle2,50739,0.6823823799131512,0.3867735470941884,0.0,0.0
shuffle2,50850,0.7174006110199508,0.5991983967935872,0.0,0.0
shuffle2,51008,0.7583401488270258,0.8537074148296593,0.0,0.0
shuffle2,51227,0.7556868202486111,0.8496993987975952,0.0,0.0
shuffle2,51300,0.6896829101877514,0.5110220440881763,0.0,0.0
shuffle2,51380,0.7095136757966322,0.6513026052104208,0.0,0.0
shuffle2,51385,0.7147062789728663,0.6913827655310621,0.0,0.0
shuffle2,51436,0.6989451979448345,0.5170340681362725,0.0,0.0
shuffle2,51517,0.6553295520563898,0.2905811623246493,0.0,0.0
shuffle2,51688,0.7175058654061849,0.6392785571142284,0.0,0.0
shuffle2,51865,0.66058245827107,0.33867735470941884,0.0,0.0
shuffle2,51943,0.7455815411670144,0.8416833667334669,0.0,0.0
shuffle2,51956,0.5802411706607349,0.0781563126252505,0.0,0.0
shuffle2,51990,0.6456554160019023,0.2845691382765531,0.0,0.0
shuffle2,52228,0.5697538536689655,0.06412825651302605,0.0,0.0
shuffle2,52277,0.6685481937162763,0.37074148296593185,0.0,0.0
shuffle2,52729,0.693121071756027,0.5110220440881763,0.0,0.0
shuffle2,52733,0.7334754250306142,0.7394789579158316,0.0,0.0
shuffle2,52803,0.6993615143572395,0.5671342685370742,0.0,0.0
shuffle2,52927,0.7464339323596096,0.8336673346693386,0.0,0.0
shuffle2,53445,0.6784046825682255,0.5871743486973948,0.0,0.0
shuffle2,53659,0.7854685967199913,0.9819639278557114,0.0,0.0
shuffle2,53729,0.7105703827121754,0.6653306613226453,0.0,0.0
shuffle2,53974,0.6592172326872143,0.312625250501002,0.0,0.0
shuffle2,54054,0.6237273407250361,0.20040080160320642,0.0,0.0
shuffle2,54099,0.7121027542348952,0.687374749498998,0.0,0.0
shuffle2,54250,0.7272187442014476,0.7555110220440882,0.0,0.0
shuffle2,54336,0.6418920815146374,0.2605210420841683,0.0,0.0
shuffle2,54681,0.6393697768825628,0.23246492985971945,0.0,0.0
shuffle2,55202,0.7258995614459145,0.7635270541082164,0.0,0.0
shuffle2,55501,0.7553758899473524,0.8597194388777555,0.0,0.0
shuffle2,55597,0.736634938793117,0.7414829659318637,0.0,0.0
shuffle2,55741,0.6894851000226463,0.4408817635270541,0.0,0.0
shuffle2,55808,0.7123306396463205,0.6012024048096193,0.0,0.0
shuffle2,55876,0.7850942203177713,0.9579158316633266,0.0,0.0
shuffle2,55878,0.6632119916934955,0.31462925851703405,0.0,0.0
shuffle2,56047,0.6408589613381364,0.28857715430861725,0.0,0.0
shuffle2,56131,0.43525677166183485,0.004008016032064128,0.0,0.0
shuffle2,56162,0.608341924573867,0.13226452905811623,0.0,0.0
shuffle2,56272,0.7066869604791317,0.6232464929859719,0.0,0.0
shuffle2,56496,0.5337695618646318,0.03406813627254509,0.0,0.0
shuffle2,56554,0.749787516230173,0.8517034068136272,0.0,0.0
shuffle2,56629,0.6975291482592225,0.5290581162324649,0.0,0.0
shuffle2,56651,0.6903749763572062,0.48897795591182364,0.0,0.0
shuffle2,56698,0.4735470314531047,0.006012024048096192,0.0,0.0
shuffle2,56873,0.6569440136008042,0.28857715430861725,0.0,0.0
shuffle2,56963,0.7256814070587847,0.7655310621242485,0.0,0.0
shuffle2,57114,0.7928095170974301,0.9899799599198397,0.0,0.0
shuffle2,57244,0.7351860237353416,0.7915831663326653,0.0,0.0
shuffle2,57830,0.7523643710234345,0.8396793587174348,0.0,0.0
shuffle2,57994,0.7218758840489004,0.7274549098196392,0.0,0.0
shuffle2,58004,0.7616706008663486,0.87374749498998,0.0,0.0
shuffle2,58157,0.5805047487056698,0.0781563126252505,0.0,0.0
shuffle2,58169,0.6777445047719288,0.38877755511022044,0.0,0.0
shuffle2,58252,0.7881019751430844,0.9759519038076152,0.0,0.0
shuffle2,58341,0.7460833542000403,0.7995991983967936,0.0,0.0
shuffle2,58458,0.6875151730987814,0.4789579158316633,0.0,0.0
shuffle2,58572,0.7894852347516144,0.9639278557114228,0.0,0.0
shuffle2,58835,0.6707839160781456,0.4849699398797595,0.0,0.0
shuffle2,58977,0.7032213423994359,0.6072144288577155,0.0,0.0
shuffle2,58988,0.8043213217410576,0.9939879759519038,0.0,1.0
shuffle2,59101,0.7228995837482464,0.6533066132264529,0.0,0.0
shuffle2,59177,0.732382558318919,0.7575150300601202,0.0,0.0
shuffle2,59183,0.7146900831389399,0.6472945891783567,0.0,0.0
shuffle2,59219,0.742185842846281,0.8837675350701403,0.0,0.0
shuffle2,59293,0.6905509412400578,0.533066132264529,0.0,0.0
shuffle2,59464,0.6277056693438242,0.22044088176352705,0.0,0.0
shuffle2,59470,0.6173066252652502,0.14829659318637275,0.0,0.0
shuffle2,59508,0.5840286494929277,0.09619238476953908,0.0,0.0
shuffle2,59838,0.7628278864774707,0.9498997995991983,0.0,0.0
shuffle2,59905,0.7146308732122433,0.6973947895791583,0.0,0.0
shuffle2,60063,0.7715212964004922,0.9498997995991983,0.0,0.0
shuffle2,60496,0.6896722506266534,0.5250501002004008,0.0,0.0
shuffle2,60707,0.6267543499683891,0.17635270541082165,0.0,0.0
shuffle2,60784,0.6792316824897141,0.48096192384769537,0.0,0.0
shuffle2,60932,0.6891281919852805,0.5210420841683366,0.0,0.0
shuffle2,61327,0.7395114544745356,0.7955911823647295,0.0,0.0
shuffle2,61653,0.6799934877151927,0.4649298597194389,0.0,0.0
shuffle2,61683,0.73332066206288,0.7675350701402806,0.0,0.0
shuffle2,61701,0.5931848562615172,0.09619238476953908,0.0,0.0
shuffle2,61868,0.668008545662032,0.3627254509018036,0.0,0.0
shuffle2,61878,0.7203928766896985,0.6673346693386774,0.0,0.0
shuffle2,62117,0.6570522188389084,0.3627254509018036,0.0,0.0
shuffle2,62587,0.7189168039485263,0.7094188376753507,0.0,0.0
shuffle2,62627,0.6743393848795004,0.4348697394789579,0.0,0.0
shuffle2,63062,0.7549115976386567,0.8537074148296593,0.0,0.0
shuffle2,63247,0.6397076255247712,0.32064128256513025,0.0,0.0
shuffle2,63837,0.6808990773343696,0.4729458917835671,0.0,0.0
shuffle2,63869,0.6523201886632475,0.3106212424849699,0.0,0.0
shuffle2,64050,0.729916043682558,0.7354709418837675,0.0,0.0
shuffle2,64148,0.6183014302509922,0.15831663326653306,0.0,0.0
shuffle2,64195,0.7666151766457145,0.9519038076152304,0.0,0.0
shuffle2,64262,0.6918139144267942,0.47695390781563124,0.0,0.0
shuffle2,64417,0.7215545507229673,0.7855711422845691,0.0,0.0
shuffle2,64547,0.720829730235907,0.657314629258517,0.0,0.0
shuffle2,64783,0.5859169782455431,0.08216432865731463,0.0,0.0
shuffle2,64851,0.6326242566916822,0.218436873747495,0.0,0.0
shuffle2,64925,0.711930877287798,0.5831663326653307,0.0,0.0
shuffle2,65218,0.7888210745434738,0.9819639278557114,0.0,0.0
shuffle2,65340,0.4873156159706886,0.01002004008016032,0.0,0.0
shuffle2,65348,0.5702558612294073,0.07214428857715431,0.0,0.0
shuffle2,65417,0.7834928666450781,0.9739478957915831,0.0,0.0
shuffle2,65553,0.7723230318328469,0.9198396793587175,0.0,0.0
shuffle2,65609,0.7455726428639653,0.8076152304609219,0.0,0.0
shuffle2,65690,0.7783941985429754,0.9619238476953907,0.0,0.0
shuffle2,65878,0.6643003372236271,0.35070140280561124,0.0,0.0
shuffle2,66058,0.6868233042259626,0.4909819639278557,0.0,0.0
shuffle2,66209,0.6580213980809086,0.33266533066132264,0.0,0.0
shuffle2,66269,0.5925907576398219,0.09819639278557114,0.0,0.0
shuffle2,66437,0.7349963061294862,0.7575150300601202,0.0,0.0
shuffle2,66512,0.663926552131361,0.35470941883767537,0.0,0.0
shuffle2,66559,0.6910391654734038,0.5370741482965932,0.0,0.0
shuffle2,66875,0.6673236883410194,0.35070140280561124,0.0,0.0
shuffle2,67261,0.7527176426917999,0.8557114228456913,0.0,0.0
shuffle2,67281,0.7150523958191848,0.6973947895791583,0.0,0.0
shuffle2,67361,0.6652826455190273,0.37074148296593185,0.0,0.0
shuffle2,67444,0.5758615456374655,0.07214428857715431,0.0,0.0
shuffle2,67673,0.6901310902324453,0.4649298597194389,0.0,0.0
shuffle2,67708,0.7617135447114358,0.9118236472945892,0.0,0.0
shuffle2,67899,0.6657528373367902,0.342685370741483,0.0,0.0
shuffle2,68121,0.6899625319587159,0.5390781563126252,0.0,0.0
shuffle2,68127,0.6879706950662774,0.56312625250501,0.0,0.0
shuffle2,68173,0.6923476271853188,0.5651302605210421,0.0,0.0
shuffle2,68193,0.713943927063763,0.7675350701402806,0.0,0.0
shuffle2,68287,0.7225986325809755,0.6593186372745491,0.0,0.0
shuffle2,68394,0.583866517475918,0.09418837675350701,0.0,0.0
shuffle2,68473,0.621892980473993,0.16633266533066132,0.0,0.0
shuffle2,68532,0.5779291695871595,0.09218436873747494,0.0,0.0
shuffle2,68553,0.7532858281469059,0.8897795591182365,0.0,0.0
shuffle2,68819,0.6968673107741525,0.5150300601202404,0.0,0.0
shuffle2,69085,0.6773224363351332,0.3847695390781563,0.0,0.0
shuffle2,69087,0.6445204323505378,0.250501002004008,0.0,0.0
shuffle2,69137,0.6826364954567874,0.40080160320641284,0.0,0.0
shuffle2,69462,0.6950405149375436,0.5270541082164328,0.0,0.0
shuffle2,69641,0.6684348144939882,0.3527054108216433,0.0,0.0
shuffle2,70279,0.558915285168335,0.050100200400801605,0.0,0.0
shuffle2,70372,0.7961052237800759,0.9899799599198397,0.0,0.0
shuffle2,70496,0.6300979037668254,0.21442885771543085,0.0,0.0
shuffle2,70765,0.7031133277981527,0.5591182364729459,0.0,0.0
shuffle2,71264,0.6641251597393951,0.30861723446893785,0.0,0.0
shuffle2,71624,0.6978419358289353,0.5250501002004008,0.0,0.0
shuffle2,71735,0.6696901419261638,0.3366733466933868,0.0,0.0
shuffle2,72089,0.7271212724322333,0.7374749498997996,0.0,0.0
shuffle2,72151,0.7461523471393603,0.8076152304609219,0.0,0.0
shuffle2,72389,0.594633507149642,0.12625250501002003,0.0,0.0
shuffle2,72527,0.589804096012573,0.10420841683366733,0.0,0.0
shuffle3,95,0.7758351952614615,0.969939879759519,0.0,0.0
shuffle3,204,0.6265546025966768,0.2625250501002004,0.0,0.0
shuffle3,318,0.6869504385813181,0.4729458917835671,0.0,0.0
shuffle3,356,0.6450600657474426,0.2605210420841683,0.0,0.0
shuffle3,425,0.781280018734629,0.9659318637274549,0.0,0.0
shuffle3,458,0.7620169835781856,0.8817635270541082,0.0,0.0
shuffle3,637,0.7279058777416287,0.7374749498997996,0.0,0.0
shuffle3,709,0.5311017390408022,0.03206412825651302,0.0,0.0
shuffle3,868,0.5787642146236749,0.07615230460921844,0.0,0.0
shuffle3,1015,0.725012604922156,0.7855711422845691,0.0,0.0
shuffle3,1288,0.5163045466910249,0.02004008016032064,0.0,0.0
shuffle3,1589,0.7040787021334779,0.6172344689378757,0.0,0.0
shuffle3,1744,0.6519118988613255,0.2625250501002004,0.0,0.0
shuffle3,1818,0.7684685160149664,0.8957915831663327,0.0,0.0
shuffle3,2070,0.36534886257005017,0.0,0.0,0.0
shuffle3,2125,0.7112226477136949,0.6072144288577155,0.0,0.0
shuffle3,2327,0.7183816920810098,0.6833667334669339,0.0,0.0
shuffle3,2737,0.7203193210603631,0.7074148296593187,0.0,0.0
shuffle3,2795,0.7150583444376528,0.6392785571142284,0.0,0.0
shuffle3,2980,0.7538789549064125,0.8396793587174348,0.0,0.0
shuffle3,3338,0.6418755040329207,0.23647294589178355,0.0,0.0
shuffle3,3344,0.5042943681747394,0.012024048096192385,0.0,0.0
shuffle3,3368,0.5684437231295303,0.06813627254509018,0.0,0.0
shuffle3,3731,0.6663465262451645,0.3246492985971944,0.0,0.0
shuffle3,3803,0.6809602642441741,0.4188376753507014,0.0,0.0
shuffle3,4292,0.6282331024387133,0.1843687374749499,0.0,0.0
shuffle3,4409,0.7012826988546408,0.6092184368737475,0.0,0.0
shuffle3,4476,0.7429042089471736,0.7715430861723447,0.0,0.0
shuffle3,4509,0.7112832682338974,0.6032064128256514,0.0,0.0
shuffle3,4927,0.6485729107502455,0.2985971943887776,0.0,0.0
shuffle3,4967,0.746650075719888,0.7915831663326653,0.0,0.0
shuffle3,5340,0.7316645379572189,0.6933867735470942,0.0,0.0
shuffle3,5582,0.7417507897297776,0.7695390781563126,0.0,0.0
shuffle3,5656,0.7077371293764259,0.5831663326653307,0.0,0.0
shuffle3,5683,0.7857369021300702,0.9779559118236473,0.0,0.0
shuffle3,5790,0.6168338608016768,0.14228456913827656,0.0,0.0
shuffle3,5929,0.583715295755115,0.08817635270541083,0.0,0.0
shuffle3,6315,0.6830708987332879,0.48096192384769537,0.0,0.0
shuffle3,6360,0.4755748133832871,0.01002004008016032,0.0,0.0
shuffle3,6454,0.6910371241862259,0.4909819639278557,0.0,0.0
shuffle3,6603,0.6626669656144024,0.3486973947895792,0.0,0.0
shuffle3,6750,0.6603911340012654,0.3527054108216433,0.0,0.0
shuffle3,6759,0.7073448351393914,0.6112224448897795,0.0,0.0
shuffle3,6770,0.6040842761830816,0.12424849699398798,0.0,0.0
shuffle3,6991,0.6214077592103782,0.15430861723446893,0.0,0.0
shuffle3,7306,0.6403762317732632,0.22244488977955912,0.0,0.0
shuffle3,7355,0.7776026033187334,0.9739478957915831,0.0,0.0
shuffle3,7899,0.6347102438066347,0.24448897795591182,0.0,0.0
shuffle3,8061,0.48081967035095347,0.01002004008016032,0.0,0.0
shuffle3,8215,0.5482887095263843,0.028056112224448898,0.0,0.0
shuffle3,8234,0.7486030453243202,0.7835671342685371,0.0,0.0
shuffle3,8238,0.7433223108860112,0.8657314629258517,0.0,0.0
shuffle3,8275,0.6353418006230258,0.22444889779559118,0.0,0.0
shuffle3,8367,0.7182685440651899,0.6973947895791583,0.0,0.0
shuffle3,8828,0.6299957781515904,0.21442885771543085,0.0,0.0
shuffle3,8862,0.7697104276950902,0.9719438877755511,0.0,0.0
shuffle3,8926,0.7336570150802144,0.7615230460921844,0.0,0.0
shuffle3,9188,0.7440644075146088,0.843687374749499,0.0,0.0
shuffle3,9298,0.6555484869197616,0.2545090180360721,0.0,0.0
shuffle3,9376,0.6621528325988845,0.3587174348697395,0.0,0.0
shuffle3,9712,0.6872342735790018,0.5050100200400801,0.0,0.0
shuffle3,9877,0.7051031929078335,0.5210420841683366,0.0,0.0
shuffle3,10115,0.520382901716459,0.03406813627254509,0.0,0.0
shuffle3,10191,0.7380713255267046,0.781563126252505,0.0,0.0
shuffle3,10361,0.6523280646644752,0.2785571142284569,0.0,0.0
shuffle3,10602,0.7691899816378627,0.9659318637274549,0.0,0.0
shuffle3,10622,0.7302441967924406,0.7374749498997996,0.0,0.0
shuffle3,11050,0.663901297007357,0.3406813627254509,0.0,0.0
shuffle3,11274,0.7837641199280807,0.9759519038076152,0.0,0.0
shuffle3,11493,0.7604914248456981,0.8597194388777555,0.0,0.0
shuffle3,11757,0.7170964632917606,0.6232464929859719,0.0,0.0
shuffle3,11886,0.7681750439074673,0.905811623246493,0.0,0.0
shuffle3,12122,0.6347313245715499,0.20040080160320642,0.0,0.0
shuffle3,12225,0.6325617486706814,0.21643286573146292,0.0,0.0
shuffle3,12292,0.591118166886958,0.10420841683366733,0.0,0.0
shuffle3,12340,0.7322302636310458,0.8156312625250501,0.0,0.0
shuffle3,12386,0.6544656518222738,0.30861723446893785,0.0,0.0
shuffle3,12597,0.6241021761111121,0.18637274549098196,0.0,0.0
shuffle3,13041,0.7669825727105786,0.9398797595190381,0.0,0.0
shuffle3,13134,0.7190871632266105,0.6613226452905812,0.0,0.0
shuffle3,13223,0.7112439739092327,0.6492985971943888,0.0,0.0
shuffle3,13298,0.6525582861558044,0.2845691382765531,0.0,0.0
shuffle3,13587,0.6255996912665915,0.15030060120240482,0.0,0.0
shuffle3,13703,0.5638706435312124,0.05410821643286573,0.0,0.0
shuffle3,13741,0.5132667915043394,0.02004008016032064,0.0,0.0
shuffle3,13749,0.6170972582510089,0.13226452905811623,0.0,0.0
shuffle3,13826,0.7296432161094276,0.7474949899799599,0.0,0.0
shuffle3,13842,0.7494035800184795,0.8897795591182365,0.0,0.0
shuffle3,13879,0.6505322415176191,0.24849699398797595,0.0,0.0
shuffle3,13895,0.6695125691808914,0.3847695390781563,0.0,0.0
shuffle3,13938,0.6533947313914936,0.280561122244489,0.0,0.0
shuffle3,14049,0.7206716559097097,0.6492985971943888,0.0,0.0
shuffle3,14170,0.6869485951504468,0.4408817635270541,0.0,0.0
shuffle3,14245,0.708691269107697,0.5811623246492986,0.0,0.0
shuffle3,14274,0.6329480988320796,0.1743486973947896,0.0,0.0
shuffle3,14728,0.7651416373918419,0.8697394789579158,0.0,0.0
shuffle3,15068,0.7072765379430104,0.5691382765531062,0.0,0.0
shuffle3,15181,0.5618370548670923,0.06412825651302605,0.0,0.0
shuffle3,15182,0.5704352511320603,0.09418837675350701,0.0,0.0
shuffle3,15191,0.675121839066717,0.39478957915831664,0.0,0.0
shuffle3,15274,0.7680416142851301,0.9138276553106213,0.0,0.0
shuffle3,15386,0.6693083031690445,0.3627254509018036,0.0,0.0
shuffle3,15438,0.5871483491607814,0.09619238476953908,0.0,0.0
shuffle3,15516,0.6602876107136165,0.2905811623246493,0.0,0.0
shuffle3,15631,0.7118327426882114,0.6212424849699398,0.0,0.0
shuffle3,15632,0.67102427881123,0.45490981963927857,0.0,0.0
shuffle3,15865,0.639710252049609,0.23446893787575152,0.0,0.0
shuffle3,15898,0.6920278819957726,0.561122244488978,0.0,0.0
shuffle3,15953,0.7180397304161352,0.7294589178356713,0.0,0.0
shuffle3,15985,0.7467313734237009,0.8276553106212425,0.0,0.0
shuffle3,16251,0.6822499962413937,0.4749498997995992,0.0,0.0
shuffle3,16424,0.7899500424618088,0.9859719438877755,0.0,0.0
shuffle3,16525,0.6902841100350274,0.5350701402805611,0.0,0.0
shuffle3,16625,0.7593579364233695,0.9118236472945892,0.0,0.0
shuffle3,16718,0.6674742308011267,0.34468937875751504,0.0,0.0
shuffle3,16800,0.7170958594151573,0.7595190380761523,0.0,0.0
shuffle3,17017,0.698186757106938,0.6112224448897795,0.0,0.0
shuffle3,17605,0.6713284467101828,0.35671342685370744,0.0,0.0
shuffle3,17651,0.5524305094902828,0.05410821643286573,0.0,0.0
shuffle3,17795,0.5791933993892024,0.09218436873747494,0.0,0.0
shuffle3,17843,0.6513835248603224,0.3026052104208417,0.0,0.0
shuffle3,17865,0.7378978177402141,0.7735470941883767,0.0,0.0
shuffle3,17946,0.665440195577006,0.32665330661322645,0.0,0.0
shuffle3,17987,0.7071997262723324,0.6152304609218436,0.0,0.0
shuffle3,18115,0.5761055558996748,0.07414829659318638,0.0,0.0
shuffle3,18159,0.606547050142651,0.1523046092184369,0.0,0.0
shuffle3,18170,0.7177743333417403,0.687374749498998,0.0,0.0
shuffle3,18556,0.6884923459157385,0.46693386773547096,0.0,0.0
shuffle3,18888,0.6950225158359302,0.5290581162324649,0.0,0.0
shuffle3,18960,0.7026741632335123,0.5511022044088176,0.0,0.0
shuffle3,19331,0.7292719934518521,0.6713426853707415,0.0,0.0
shuffle3,19471,0.6540412199598211,0.3486973947895792,0.0,0.0
shuffle3,19593,0.5403845861247834,0.03406813627254509,0.0,0.0
shuffle3,19605,0.5863211762410953,0.08617234468937876,0.0,0.0
shuffle3,20013,0.6527216574324572,0.27655310621242485,0.0,0.0
shuffle3,20072,0.5756120867741878,0.08216432865731463,0.0,0.0
shuffle3,20317,0.7140993543167719,0.6232464929859719,0.0,0.0
shuffle3,20380,0.6359845169969284,0.20841683366733466,0.0,0.0
shuffle3,20520,0.660222469219573,0.35470941883767537,0.0,0.0
shuffle3,20545,0.6897479086300178,0.5470941883767535,0.0,0.0
shuffle3,20863,0.6555303472463057,0.2965931863727455,0.0,0.0
shuffle3,20882,0.7256739003961703,0.6813627254509018,0.0,0.0
shuffle3,20904,0.683495172268118,0.40480961923847697,0.0,0.0
shuffle3,21295,0.7146011001057795,0.6653306613226453,0.0,0.0
shuffle3,21414,0.7236808155649016,0.7354709418837675,0.0,0.0
shuffle3,21436,0.7249899872798931,0.655310621242485,0.0,0.0
shuffle3,21558,0.7600552362214088,0.9038076152304609,0.0,0.0
shuffle3,21887,0.6230789603617854,0.15430861723446893,0.0,0.0
shuffle3,22215,0.7045393716107113,0.5691382765531062,0.0,0.0
shuffle3,22299,0.6908151168409759,0.43687374749499,0.0,0.0
shuffle3,22303,0.7113436456991726,0.5871743486973948,0.0,0.0
shuffle3,22452,0.647885950813559,0.2565130260521042,0.0,0.0
shuffle3,22793,0.7154954987165232,0.627254509018036,0.0,0.0
shuffle3,22803,0.6984664043903861,0.6072144288577155,0.0,0.0
shuffle3,22924,0.5671183026975715,0.07014028056112225,0.0,0.0
shuffle3,23314,0.7739774899598683,0.9539078156312625,0.0,0.0
shuffle3,23445,0.7144907214777253,0.6392785571142284,0.0,0.0
shuffle3,23479,0.6197136729415352,0.1623246492985972,0.0,0.0
shuffle3,23623,0.7022330960709307,0.5370741482965932,0.0,0.0
shuffle3,23633,0.6849602069673829,0.4729458917835671,0.0,0.0
shuffle3,23642,0.7242664895798885,0.7334669338677354,0.0,0.0
shuffle3,23803,0.7326349163581309,0.7975951903807615,0.0,0.0
shuffle3,24062,0.7040648116852548,0.533066132264529,0.0,0.0
shuffle3,24103,0.7322109296681035,0.779559118236473,0.0,0.0
shuffle3,24306,0.7177490569153298,0.6713426853707415,0.0,0.0
shuffle3,24700,0.6911801393824906,0.4909819639278557,0.0,0.0
shuffle3,24790,0.5790474069317437,0.08216432865731463,0.0,0.0
shuffle3,25150,0.6523507765510037,0.24649298597194388,0.0,0.0
shuffle3,25166,0.6609875094221753,0.35070140280561124,0.0,0.0
shuffle3,25339,0.7303832325769868,0.7154308617234469,0.0,0.0
shuffle3,25360,0.7399789419344678,0.7374749498997996,0.0,0.0
shuffle3,25374,0.6193068520720644,0.20440881763527055,0.0,0.0
shuffle3,25447,0.7313376303566146,0.7214428857715431,0.0,0.0
shuffle3,26070,0.7361200726887878,0.7775551102204409,0.0,0.0
shuffle3,26146,0.6670437159845184,0.33266533066132264,0.0,0.0
shuffle3,26419,0.6749513629570651,0.3787575150300601,0.0,0.0
shuffle3,26519,0.6073221543088814,0.16032064128256512,0.0,0.0
shuffle3,26535,0.6650174014586637,0.33867735470941884,0.0,0.0
shuffle3,26749,0.7393020940182831,0.8016032064128257,0.0,0.0
shuffle3,27131,0.6623430362940887,0.32064128256513025,0.0,0.0
shuffle3,27196,0.6810434510106218,0.43887775551102204,0.0,0.0
shuffle3,27240,0.7265024654217709,0.7635270541082164,0.0,0.0
shuffle3,27260,0.6897867227322974,0.46693386773547096,0.0,0.0
shuffle3,27648,0.7186542627705312,0.6372745490981964,0.0,0.0
shuffle3,27688,0.7490443425423887,0.8176352705410822,0.0,0.0
shuffle3,27781,0.7027787259241045,0.5350701402805611,0.0,0.0
shuffle3,28157,0.7307733514488604,0.8396793587174348,0.0,0.0
shuffle3,28253,0.6169085983202273,0.13226452905811623,0.0,0.0
shuffle3,28276,0.7014176226503098,0.5591182364729459,0.0,0.0
shuffle3,28309,0.7393591287107073,0.8356713426853707,0.0,0.0
shuffle3,28511,0.5678498507864518,0.08016032064128256,0.0,0.0
shuffle3,28548,0.7393367998922046,0.7034068136272545,0.0,0.0
shuffle3,28979,0.617109590972625,0.14228456913827656,0.0,0.0
shuffle3,29018,0.6752018786028022,0.38276553106212424,0.0,0.0
shuffle3,29179,0.7174861725778778,0.7775551102204409,0.0,0.0
shuffle3,29221,0.7363734773501589,0.781563126252505,0.0,0.0
shuffle3,29400,0.6269504728349291,0.19238476953907815,0.0,0.0
shuffle3,29511,0.6756611139956616,0.38877755511022044,0.0,0.0
shuffle3,29591,0.6413372574211271,0.27054108216432865,0.0,0.0
shuffle3,29610,0.6880992851590615,0.4248496993987976,0.0,0.0
shuffle3,29717,0.7250647111045238,0.7114228456913828,0.0,0.0
shuffle3,29815,0.7566768326664823,0.9118236472945892,0.0,0.0
shuffle3,29831,0.6641767522609492,0.3106212424849699,0.0,0.0
shuffle3,29903,0.7076193168747017,0.593186372745491,0.0,0.0
shuffle3,29942,0.6718485292174583,0.42685370741482964,0.0,0.0
shuffle3,30016,0.5386752709044754,0.036072144288577156,0.0,0.0
shuffle3,30068,0.6460088986772854,0.24849699398797595,0.0,0.0
shuffle3,30077,0.7570098570439303,0.8897795591182365,0.0,0.0
shuffle3,30139,0.720625992120256,0.6753507014028056,0.0,0.0
shuffle3,30888,0.7200506662260941,0.6793587174348698,0.0,0.0
shuffle3,30961,0.7162513636958121,0.627254509018036,0.0,0.0
shuffle3,31234,0.5793541658004226,0.10020040080160321,0.0,0.0
shuffle3,31244,0.6346302459424926,0.18837675350701402,0.0,0.0
shuffle3,31251,0.6850659860046427,0.46292585170340683,0.0,0.0
shuffle3,31280,0.529200676418739,0.02404809619238477,0.0,0.0
shuffle3,31503,0.6992353517995425,0.5350701402805611,0.0,0.0
shuffle3,31776,0.6807095279706472,0.49899799599198397,0.0,0.0
shuffle3,32051,0.6805279782403243,0.45090180360721444,0.0,0.0
shuffle3,32062,0.649825282578472,0.26452905811623245,0.0,0.0
shuffle3,32140,0.6563171506273042,0.2845691382765531,0.0,0.0
shuffle3,32365,0.7703278667249178,0.9398797595190381,0.0,0.0
shuffle3,32427,0.6924437305570441,0.4729458917835671,0.0,0.0
shuffle3,32470,0.7681565706541984,0.9438877755511023,0.0,0.0
shuffle3,32532,0.5973115444742398,0.1282565130260521,0.0,0.0
shuffle3,32630,0.6317337773274686,0.16432865731462926,0.0,0.0
shuffle3,32680,0.7031933820241695,0.5871743486973948,0.0,0.0
shuffle3,32697,0.7876140099537039,0.9579158316633266,0.0,0.0
shuffle3,33057,0.7729268311529359,0.9719438877755511,0.0,0.0
shuffle3,33084,0.7286398623516835,0.7655310621242485,0.0,0.0
shuffle3,33123,0.8013371588326863,0.9919839679358717,0.0,1.0
shuffle3,33256,0.7437614690916822,0.8476953907815631,0.0,0.0
shuffle3,33264,0.734491433063526,0.7154308617234469,0.0,0.0
shuffle3,33336,0.6535012362488917,0.2925851703406814,0.0,0.0
shuffle3,33342,0.7339040144956752,0.7535070140280561,0.0,0.0
shuffle3,33512,0.6634999731774016,0.3066132264529058,0.0,0.0
shuffle3,33863,0.6411704617647284,0.2785571142284569,0.0,0.0
shuffle3,33990,0.6910151926119807,0.561122244488978,0.0,0.0
shuffle3,34169,0.7107703381980739,0.6332665330661322,0.0,0.0
shuffle3,34198,0.6847892467721257,0.4188376753507014,0.0,0.0
shuffle3,34415,0.7282184403706126,0.6993987975951904,0.0,0.0
shuffle3,34509,0.7465112511008074,0.8276553106212425,0.0,0.0
shuffle3,34565,0.6004898147487013,0.10821643286573146,0.0,0.0
shuffle3,34854,0.7046772647925763,0.7014028056112225,0.0,0.0
shuffle3,34998,0.6822466112759156,0.46292585170340683,0.0,0.0
shuffle3,35100,0.6402305784873805,0.21643286573146292,0.0,0.0
shuffle3,35119,0.692278959038452,0.5450901803607214,0.0,0.0
shuffle3,35131,0.631455501805341,0.21442885771543085,0.0,0.0
shuffle3,35234,0.5251264363330647,0.02004008016032064,0.0,0.0
shuffle3,35269,0.7325111850725791,0.7454909819639278,0.0,0.0
shuffle3,35281,0.5972634873166709,0.09418837675350701,0.0,0.0
shuffle3,35475,0.5079879351644917,0.01603206412825651,0.0,0.0
shuffle3,35600,0.7305218041196355,0.7655310621242485,0.0,0.0
shuffle3,35613,0.6444384658534466,0.250501002004008,0.0,0.0
shuffle3,35659,0.7418204474505797,0.8777555110220441,0.0,0.0
shuffle3,35916,0.6709057067108857,0.3787575150300601,0.0,0.0
shuffle3,35964,0.6456919274120951,0.2985971943887776,0.0,0.0
shuffle3,36198,0.6836259975821497,0.3907815631262525,0.0,0.0
shuffle3,36287,0.5528032070807237,0.02404809619238477,0.0,0.0
shuffle3,36543,0.6828758129441626,0.45691382765531063,0.0,0.0
shuffle3,36557,0.7795174183180731,0.9779559118236473,0.0,0.0
shuffle3,36992,0.7745378086416463,0.9579158316633266,0.0,0.0
shuffle3,37034,0.40396356702258174,0.0,0.0,0.0
shuffle3,37053,0.7399216637351832,0.8216432865731463,0.0,0.0
shuffle3,37255,0.6618666032393572,0.34468937875751504,0.0,0.0
shuffle3,37362,0.6751763965898496,0.3807615230460922,0.0,0.0
shuffle3,37406,0.6481826500839395,0.2745490981963928,0.0,0.0
shuffle3,37505,0.7658207956264232,0.8937875751503006,0.0,0.0
shuffle3,37552,0.7480244911267884,0.8336673346693386,0.0,0.0
shuffle3,37899,0.686846919302522,0.5250501002004008,0.0,0.0
shuffle3,38091,0.649771495413352,0.27655310621242485,0.0,0.0
shuffle3,38194,0.7036634798768269,0.5731462925851704,0.0,0.0
shuffle3,38375,0.6341291512540648,0.20040080160320642,0.0,0.0
shuffle3,38380,0.6514863107347111,0.3286573146292585,0.0,0.0
shuffle3,38833,0.67843167288581,0.3967935871743487,0.0,0.0
shuffle3,38887,0.7398037425874434,0.7755511022044088,0.0,0.0
shuffle3,39183,0.5492193946758828,0.052104208416833664,0.0,0.0
shuffle3,39288,0.7126432878204932,0.685370741482966,0.0,0.0
shuffle3,39384,0.6420434468839487,0.24849699398797595,0.0,0.0
shuffle3,39490,0.7851368149310765,0.9799599198396793,0.0,0.0
shuffle3,39557,0.7557665205734835,0.8717434869739479,0.0,0.0
shuffle3,39756,0.6393472714953337,0.23246492985971945,0.0,0.0
shuffle3,39793,0.6723893608552329,0.40080160320641284,0.0,0.0
shuffle3,39920,0.6051180926006101,0.11422845691382766,0.0,0.0
shuffle3,39986,0.6755212715700466,0.40480961923847697,0.0,0.0
shuffle3,40269,0.7388742211934844,0.7695390781563126,0.0,0.0
shuffle3,40756,0.7973649920427037,0.969939879759519,0.0,0.0
shuffle3,40798,0.7466031020668028,0.845691382765531,0.0,0.0
shuffle3,40819,0.7313371428561477,0.7535070140280561,0.0,0.0
shuffle3,40933,0.6153008406932314,0.15831663326653306,0.0,0.0
shuffle3,40990,0.5968246610757042,0.17234468937875752,0.0,0.0
shuffle3,41120,0.7468705284971834,0.7875751503006012,0.0,0.0
shuffle3,41402,0.7009409076907007,0.5430861723446894,0.0,0.0
shuffle3,41540,0.6319096705634553,0.20641282565130262,0.0,0.0
shuffle3,41555,0.6804617332574516,0.42685370741482964,0.0,0.0
shuffle3,41561,0.6424495141616411,0.24248496993987975,0.0,0.0
shuffle3,41592,0.7005015059301455,0.49298597194388777,0.0,0.0
shuffle3,41636,0.72659863933441,0.6933867735470942,0.0,0.0
shuffle3,41640,0.6385956137394337,0.22444889779559118,0.0,0.0
shuffle3,41924,0.7327858115700666,0.8156312625250501,0.0,0.0
shuffle3,41976,0.5975750718963256,0.13026052104208416,0.0,0.0
shuffle3,42022,0.6448915704847096,0.22244488977955912,0.0,0.0
shuffle3,42251,0.7025391186485606,0.5671342685370742,0.0,0.0
shuffle3,42302,0.6450323433819569,0.24048096192384769,0.0,0.0
shuffle3,42466,0.673887771789436,0.3787575150300601,0.0,0.0
shuffle3,42679,0.6770588436091846,0.4148296593186373,0.0,0.0
shuffle3,43065,0.6723694433493791,0.3927855711422846,0.0,0.0
shuffle3,43198,0.6927155138842013,0.46893787575150303,0.0,0.0
shuffle3,43211,0.6952007397809482,0.5490981963927856,0.0,0.0
shuffle3,43332,0.626796271145301,0.18036072144288579,0.0,0.0
shuffle3,43546,0.7361588806785734,0.7615230460921844,0.0,0.0
shuffle3,43584,0.6003422460775918,0.09418837675350701,0.0,0.0
shuffle3,44248,0.7005485956431139,0.5410821643286573,0.0,0.0
shuffle3,44279,0.7297396394972963,0.7374749498997996,0.0,0.0
shuffle3,44360,0.7677030946058486,0.9078156312625251,0.0,0.0
shuffle3,44413,0.6311156045262978,0.19839679358717435,0.0,0.0
shuffle3,44422,0.6793045542668721,0.4408817635270541,0.0,0.0
shuffle3,44903,0.5949644164623717,0.12024048096192384,0.0,0.0
shuffle3,44975,0.7556201434682372,0.8196392785571143,0.0,0.0
shuffle3,45377,0.6548139938956237,0.3667334669338677,0.0,0.0
shuffle3,45528,0.7121996786219578,0.6152304609218436,0.0,0.0
shuffle3,45699,0.5369938884638475,0.03006012024048096,0.0,0.0
shuffle3,45952,0.6758006232253899,0.4348697394789579,0.0,0.0
shuffle3,45987,0.7175878491095995,0.7474949899799599,0.0,0.0
shuffle3,46166,0.5255089725730473,0.02404809619238477,0.0,0.0
shuffle3,46276,0.7608919900113655,0.9338677354709419,0.0,0.0
shuffle3,46403,0.7240980132289696,0.7154308617234469,0.0,0.0
shuffle3,46524,0.5485039186869267,0.03406813627254509,0.0,0.0
shuffle3,46653,0.6578237058751744,0.312625250501002,0.0,0.0
shuffle3,47030,0.702291779415662,0.5430861723446894,0.0,0.0
shuffle3,47086,0.6825867561774508,0.43286573146292584,0.0,0.0
shuffle3,47093,0.6965413989532329,0.561122244488978,0.0,0.0
shuffle3,47122,0.7724572255723466,0.9559118236472945,0.0,0.0
shuffle3,47125,0.6825272973817245,0.45090180360721444,0.0,0.0
shuffle3,47331,0.7922264009206248,0.9879759519038076,0.0,0.0
shuffle3,47471,0.6352734140152547,0.23647294589178355,0.0,0.0
shuffle3,47583,0.5372611957305521,0.028056112224448898,0.0,0.0
shuffle3,47744,0.7098783181508277,0.5731462925851704,0.0,0.0
shuffle3,47907,0.5394942485920692,0.028056112224448898,0.0,0.0
shuffle3,48376,0.759888703582948,0.9098196392785571,0.0,0.0
shuffle3,48655,0.6445770501461476,0.2685370741482966,0.0,0.0
shuffle3,48911,0.7062163670072195,0.6472945891783567,0.0,0.0
shuffle3,49170,0.6999664637711871,0.5370741482965932,0.0,0.0
shuffle3,49195,0.7226391676835847,0.6893787575150301,0.0,0.0
shuffle3,49256,0.6383618127768763,0.250501002004008,0.0,0.0
shuffle3,49315,0.7133230183514477,0.6212424849699398,0.0,0.0
shuffle3,49474,0.749522537492415,0.8256513026052105,0.0,0.0
shuffle3,49475,0.7278608513292377,0.7374749498997996,0.0,0.0
shuffle3,49678,0.6439251407360784,0.2625250501002004,0.0,0.0
shuffle3,49702,0.7276100490532785,0.7975951903807615,0.0,0.0
shuffle3,49760,0.7530757607256309,0.8316633266533067,0.0,0.0
shuffle3,50203,0.5729807608923186,0.07615230460921844,0.0,0.0
shuffle3,50210,0.5576182762860117,0.050100200400801605,0.0,0.0
shuffle3,50622,0.626125835719467,0.1903807615230461,0.0,0.0
shuffle3,50708,0.6706411997161702,0.4649298597194389,0.0,0.0
shuffle3,50739,0.6573382085369142,0.3246492985971944,0.0,0.0
shuffle3,50850,0.7021010087972138,0.6012024048096193,0.0,0.0
shuffle3,51008,0.7692969129762899,0.9539078156312625,0.0,0.0
shuffle3,51227,0.7236348699667445,0.7334669338677354,0.0,0.0
shuffle3,51300,0.7047992783234813,0.5831663326653307,0.0,0.0
shuffle3,51380,0.6904626532535705,0.5470941883767535,0.0,0.0
shuffle3,51385,0.768847805810575,0.9198396793587175,0.0,0.0
shuffle3,51436,0.7163450094457673,0.627254509018036,0.0,0.0
shuffle3,51517,0.671075963063045,0.35671342685370744,0.0,0.0
shuffle3,51688,0.7321951905873099,0.7655310621242485,0.0,0.0
shuffle3,51865,0.6484852201024442,0.25250501002004005,0.0,0.0
shuffle3,51943,0.7273025634052986,0.6753507014028056,0.0,0.0
shuffle3,51956,0.5622252381774135,0.052104208416833664,0.0,0.0
shuffle3,51990,0.6047294164205468,0.09619238476953908,0.0,0.0
shuffle3,52228,0.6008271924565585,0.1402805611222445,0.0,0.0
shuffle3,52277,0.7001998594556429,0.561122244488978,0.0,0.0
shuffle3,52729,0.6920723776890415,0.503006012024048,0.0,0.0
shuffle3,52733,0.7402555127777384,0.7975951903807615,0.0,0.0
shuffle3,52803,0.7128082765163284,0.627254509018036,0.0,0.0
shuffle3,52927,0.7142087502526153,0.6753507014028056,0.0,0.0
shuffle3,53445,0.7140083533241937,0.6212424849699398,0.0,0.0
shuffle3,53659,0.761051153931164,0.9018036072144289,0.0,0.0
shuffle3,53729,0.6890232648721879,0.5130260521042084,0.0,0.0
shuffle3,53974,0.6866917171524112,0.44889779559118237,0.0,0.0
shuffle3,54054,0.6412548514948706,0.21442885771543085,0.0,0.0
shuffle3,54099,0.7382435454557562,0.8036072144288577,0.0,0.0
shuffle3,54250,0.7876045840208469,0.9759519038076152,0.0,0.0
shuffle3,54336,0.6958197733445773,0.5230460921843687,0.0,0.0
shuffle3,54681,0.7310171398617522,0.7374749498997996,0.0,0.0
shuffle3,55202,0.7147852871469667,0.6833667334669339,0.0,0.0
shuffle3,55501,0.7382088718797555,0.7995991983967936,0.0,0.0
shuffle3,55597,0.7389183545403841,0.7314629258517034,0.0,0.0
shuffle3,55741,0.6778556681556149,0.37074148296593185,0.0,0.0
shuffle3,55808,0.6802122703602244,0.43687374749499,0.0,0.0
shuffle3,55876,0.7540010164762914,0.9178356713426854,0.0,0.0
shuffle3,55878,0.6629153623336865,0.2925851703406814,0.0,0.0
shuffle3,56047,0.6493926674762471,0.250501002004008,0.0,0.0
shuffle3,56131,0.43143761483415655,0.004008016032064128,0.0,0.0
shuffle3,56162,0.5720440410626468,0.07214428857715431,0.0,0.0
shuffle3,56272,0.6733793998987894,0.3527054108216433,0.0,0.0
shuffle3,56496,0.5359200951596383,0.04008016032064128,0.0,0.0
shuffle3,56554,0.7303676232666092,0.6973947895791583,0.0,0.0
shuffle3,56629,0.6975601630045554,0.56312625250501,0.0,0.0
shuffle3,56651,0.6755157055732368,0.4709418837675351,0.0,0.0
shuffle3,56698,0.4499107268522844,0.006012024048096192,0.0,0.0
shuffle3,56873,0.635891507195548,0.22044088176352705,0.0,0.0
shuffle3,56963,0.7445939543091411,0.7895791583166333,0.0,0.0
shuffle3,57114,0.7692361750885848,0.9519038076152304,0.0,0.0
shuffle3,57244,0.7572440355381396,0.8637274549098196,0.0,0.0
shuffle3,57830,0.7569300128505692,0.9378757515030061,0.0,0.0
shuffle3,57994,0.7679103171751339,0.9619238476953907,0.0,0.0
shuffle3,58004,0.8037263897695777,0.9879759519038076,0.0,0.0
shuffle3,58157,0.5159134095077365,0.02404809619238477,0.0,0.0
shuffle3,58169,0.6667705932647148,0.3847695390781563,0.0,0.0
shuffle3,58252,0.776065743899184,0.9458917835671342,0.0,0.0
shuffle3,58341,0.7547476374060077,0.8557114228456913,0.0,0.0
shuffle3,58458,0.6995769624990513,0.655310621242485,0.0,0.0
shuffle3,58572,0.7688443155805145,0.9298597194388778,0.0,0.0
shuffle3,58835,0.6792742417719075,0.40080160320641284,0.0,0.0
shuffle3,58977,0.7162356756307008,0.6733466933867736,0.0,0.0
shuffle3,58988,0.7421793660053229,0.8617234468937875,0.0,0.0
shuffle3,59101,0.7293232674463024,0.7134268537074149,0.0,0.0
shuffle3,59177,0.7068669535517944,0.6232464929859719,0.0,0.0
shuffle3,59183,0.7637891812912776,0.8977955911823647,0.0,0.0
shuffle3,59219,0.8045439029728524,0.9979959919839679,0.0,1.0
shuffle3,59293,0.7263412279306233,0.7474949899799599,0.0,0.0
shuffle3,59464,0.6770901751681669,0.35470941883767537,0.0,0.0
shuffle3,59470,0.6365439587287495,0.19839679358717435,0.0,0.0
shuffle3,59508,0.6002924111811575,0.1402805611222445,0.0,0.0
shuffle3,59838,0.7592662682031175,0.8376753507014028,0.0,0.0
shuffle3,59905,0.6988074599957242,0.49498997995991983,0.0,0.0
shuffle3,60063,0.7704124241303194,0.9378757515030061,0.0,0.0
shuffle3,60496,0.6938828415583831,0.5871743486973948,0.0,0.0
shuffle3,60707,0.6630901345750436,0.29458917835671344,0.0,0.0
shuffle3,60784,0.6673658099425817,0.40480961923847697,0.0,0.0
shuffle3,60932,0.7022286955943648,0.6533066132264529,0.0,0.0
shuffle3,61327,0.7578549353133333,0.9038076152304609,0.0,0.0
shuffle3,61653,0.7196317035856055,0.6693386773547094,0.0,0.0
shuffle3,61683,0.6823926353480968,0.44288577154308617,0.0,0.0
shuffle3,61701,0.616613452624281,0.12224448897795591,0.0,0.0
shuffle3,61868,0.6470953423511755,0.2625250501002004,0.0,0.0
shuffle3,61878,0.684624241602095,0.4749498997995992,0.0,0.0
shuffle3,62117,0.6911621678153492,0.5430861723446894,0.0,0.0
shuffle3,62587,0.7329956423084041,0.7154308617234469,0.0,0.0
shuffle3,62627,0.6673096208329985,0.4088176352705411,0.0,0.0
shuffle3,63062,0.7619443692726215,0.9218436873747495,0.0,0.0
shuffle3,63247,0.6942047066027117,0.5390781563126252,0.0,0.0
shuffle3,63837,0.6743660554770898,0.36472945891783565,0.0,0.0
shuffle3,63869,0.5709047047399913,0.09819639278557114,0.0,0.0
shuffle3,64050,0.7390475407270037,0.7875751503006012,0.0,0.0
shuffle3,64148,0.5437995595564487,0.04008016032064128,0.0,0.0
shuffle3,64195,0.6975100062397872,0.5711422845691383,0.0,0.0
shuffle3,64262,0.6715233664351321,0.3847695390781563,0.0,0.0
shuffle3,64417,0.6740303395683519,0.4789579158316633,0.0,0.0
shuffle3,64547,0.7395112590321516,0.8136272545090181,0.0,0.0
shuffle3,64783,0.6107730640501968,0.11222444889779559,0.0,0.0
shuffle3,64851,0.6583720143707146,0.3166332665330661,0.0,0.0
shuffle3,64925,0.7324805309348366,0.7114228456913828,0.0,0.0
shuffle3,65218,0.7468435376954545,0.8817635270541082,0.0,0.0
shuffle3,65340,0.5016974098588909,0.01603206412825651,0.0,0.0
shuffle3,65348,0.6094269720582755,0.13026052104208416,0.0,0.0
shuffle3,65417,0.7829744632000041,0.9819639278557114,0.0,0.0
shuffle3,65553,0.7296190760884493,0.7334669338677354,0.0,0.0
shuffle3,65609,0.7584149591041487,0.8677354709418837,0.0,0.0
shuffle3,65690,0.7479358587372652,0.8356713426853707,0.0,0.0
shuffle3,65878,0.6858690007263726,0.46092184368737477,0.0,0.0
shuffle3,66058,0.6848578776705234,0.5070140280561122,0.0,0.0
shuffle3,66209,0.6062552863889504,0.1683366733466934,0.0,0.0
shuffle3,66269,0.6085630562916087,0.1523046092184369,0.0,0.0
shuffle3,66437,0.745694419916764,0.8336673346693386,0.0,0.0
shuffle3,66512,0.6493319332447993,0.2605210420841683,0.0,0.0
shuffle3,66559,0.7105060372332292,0.5991983967935872,0.0,0.0
shuffle3,66875,0.6842919125815854,0.45090180360721444,0.0,0.0
shuffle3,67261,0.7547291913384896,0.8917835671342685,0.0,0.0
shuffle3,67281,0.6704965696176937,0.3867735470941884,0.0,0.0
shuffle3,67361,0.692450163887236,0.5130260521042084,0.0,0.0
shuffle3,67444,0.5910856772697461,0.1062124248496994,0.0,0.0
shuffle3,67673,0.7190595684236527,0.6372745490981964,0.0,0.0
shuffle3,67708,0.7431588963151254,0.8396793587174348,0.0,0.0
shuffle3,67899,0.6699677936615146,0.33867735470941884,0.0,0.0
shuffle3,68121,0.6952597496020122,0.5551102204408818,0.0,0.0
shuffle3,68127,0.7053076556791869,0.685370741482966,0.0,0.0
shuffle3,68173,0.7471361878622871,0.8517034068136272,0.0,0.0
shuffle3,68193,0.7125377225500404,0.6593186372745491,0.0,0.0
shuffle3,68287,0.6570824698918201,0.2905811623246493,0.0,0.0
shuffle3,68394,0.6311291865136235,0.2745490981963928,0.0,0.0
shuffle3,68473,0.642410250833443,0.27054108216432865,0.0,0.0
shuffle3,68532,0.5813495829633567,0.07615230460921844,0.0,0.0
shuffle3,68553,0.7157749370365928,0.7454909819639278,0.0,0.0
shuffle3,68819,0.6938355854828765,0.5050100200400801,0.0,0.0
shuffle3,69085,0.6416738338996975,0.2685370741482966,0.0,0.0
shuffle3,69087,0.6857747642647876,0.41282565130260523,0.0,0.0
shuffle3,69137,0.690005564502331,0.4468937875751503,0.0,0.0
shuffle3,69462,0.7196610153463683,0.6633266533066132,0.0,0.0
shuffle3,69641,0.7644980172364846,0.843687374749499,0.0,0.0
shuffle3,70279,0.6005608456543063,0.13627254509018036,0.0,0.0
shuffle3,70372,0.8187700912997314,1.0,1.0,1.0
shuffle3,70496,0.6676037631254391,0.3366733466933868,0.0,0.0
shuffle3,70765,0.7088074063341051,0.625250501002004,0.0,0.0
shuffle3,71264,0.618581764861686,0.14829659318637275,0.0,0.0
shuffle3,71624,0.694699766565163,0.5290581162324649,0.0,0.0
shuffle3,71735,0.6844267948650558,0.4408817635270541,0.0,0.0
shuffle3,72089,0.6858013165244946,0.5050100200400801,0.0,0.0
shuffle3,72151,0.74978577269991,0.8296593186372746,0.0,0.0
shuffle3,72389,0.6253795958162275,0.21442885771543085,0.0,0.0
shuffle3,72527,0.5811262766848593,0.10821643286573146,0.0,0.0
shuffle4,95,0.7744446953825576,0.8797595190380761,0.0,0.0
shuffle4,204,0.6568972197204481,0.22044088176352705,0.0,0.0
shuffle4,318,0.705734370429848,0.4589178356713427,0.0,0.0
shuffle4,356,0.666300018861791,0.2905811623246493,0.0,0.0
shuffle4,425,0.7765218534594858,0.9178356713426854,0.0,0.0
shuffle4,458,0.76413078232018,0.811623246492986,0.0,0.0
shuffle4,637,0.7624280667532808,0.8156312625250501,0.0,0.0
shuffle4,709,0.5970644838417962,0.08817635270541083,0.0,0.0
shuffle4,868,0.6434291735433375,0.16633266533066132,0.0,0.0
shuffle4,1015,0.7318859342467932,0.6372745490981964,0.0,0.0
shuffle4,1288,0.5930598777438799,0.07414829659318638,0.0,0.0
shuffle4,1589,0.7505970424720014,0.7575150300601202,0.0,0.0
shuffle4,1744,0.6897070405431109,0.3847695390781563,0.0,0.0
shuffle4,1818,0.7846226491833356,0.9238476953907816,0.0,0.0
shuffle4,2070,0.4015043827456497,0.0,0.0,0.0
shuffle4,2125,0.7562250909984176,0.7715430861723447,0.0,0.0
shuffle4,2327,0.7227296626813038,0.5711422845691383,0.0,0.0
shuffle4,2737,0.6973703353295618,0.40080160320641284,0.0,0.0
shuffle4,2795,0.70471187205829,0.4709418837675351,0.0,0.0
shuffle4,2980,0.7551286544863897,0.7775551102204409,0.0,0.0
shuffle4,3338,0.6686137206438733,0.2605210420841683,0.0,0.0
shuffle4,3344,0.5216313463004578,0.012024048096192385,0.0,0.0
shuffle4,3368,0.6496738711812122,0.17835671342685372,0.0,0.0
shuffle4,3731,0.6797753314410071,0.3026052104208417,0.0,0.0
shuffle4,3803,0.711726312301191,0.5250501002004008,0.0,0.0
shuffle4,4292,0.6491004883506688,0.19238476953907815,0.0,0.0
shuffle4,4409,0.7408013863569916,0.7114228456913828,0.0,0.0
shuffle4,4476,0.7563016186325237,0.7434869739478958,0.0,0.0
shuffle4,4509,0.7536472520291811,0.7655310621242485,0.0,0.0
shuffle4,4927,0.6836276594927315,0.3486973947895792,0.0,0.0
shuffle4,4967,0.7383088162792606,0.6673346693386774,0.0,0.0
shuffle4,5340,0.7133234640417856,0.531062124248497,0.0,0.0
shuffle4,5582,0.7842027503962352,0.905811623246493,0.0,0.0
shuffle4,5656,0.7399924176281709,0.6713426853707415,0.0,0.0
shuffle4,5683,0.8082662966197214,0.9919839679358717,0.0,1.0
shuffle4,5790,0.6200239064069505,0.11022044088176353,0.0,0.0
shuffle4,5929,0.5997199675799576,0.0841683366733467,0.0,0.0
shuffle4,6315,0.7083877102996086,0.5110220440881763,0.0,0.0
shuffle4,6360,0.5062315214260829,0.01002004008016032,0.0,0.0
shuffle4,6454,0.756811988094362,0.7875751503006012,0.0,0.0
shuffle4,6603,0.6959732758887109,0.39879759519038077,0.0,0.0
shuffle4,6750,0.690354452079183,0.39879759519038077,0.0,0.0
shuffle4,6759,0.7667484571774548,0.8276553106212425,0.0,0.0
shuffle4,6770,0.6137982001751604,0.11022044088176353,0.0,0.0
shuffle4,6991,0.6249563886221321,0.12024048096192384,0.0,0.0
shuffle4,7306,0.6721936126154351,0.2625250501002004,0.0,0.0
shuffle4,7355,0.768429808387054,0.8476953907815631,0.0,0.0
shuffle4,7899,0.6385234460172495,0.1523046092184369,0.0,0.0
shuffle4,8061,0.5407691319936644,0.028056112224448898,0.0,0.0
shuffle4,8215,0.5457573605603077,0.02004008016032064,0.0,0.0
shuffle4,8234,0.7502988668597796,0.7374749498997996,0.0,0.0
shuffle4,8238,0.7693828306144719,0.8677354709418837,0.0,0.0
shuffle4,8275,0.6598340223432659,0.22244488977955912,0.0,0.0
shuffle4,8367,0.7421898794204622,0.7214428857715431,0.0,0.0
shuffle4,8828,0.6689483847679325,0.2745490981963928,0.0,0.0
shuffle4,8862,0.7856415279514992,0.9378757515030061,0.0,0.0
shuffle4,8926,0.7638821216926306,0.8176352705410822,0.0,0.0
shuffle4,9188,0.7990103325749421,0.9659318637274549,0.0,0.0
shuffle4,9298,0.6368763493054408,0.1623246492985972,0.0,0.0
shuffle4,9376,0.7285285202649698,0.6232464929859719,0.0,0.0
shuffle4,9712,0.7380963994012921,0.6693386773547094,0.0,0.0
shuffle4,9877,0.7037251559401729,0.44889779559118237,0.0,0.0
shuffle4,10115,0.5292226712362611,0.01603206412825651,0.0,0.0
shuffle4,10191,0.7757544360670687,0.8997995991983968,0.0,0.0
shuffle4,10361,0.6579219815141835,0.21643286573146292,0.0,0.0
shuffle4,10602,0.8164559143579041,0.9879759519038076,0.0,0.0
shuffle4,10622,0.7489815538482589,0.751503006012024,0.0,0.0
shuffle4,11050,0.6635031800471805,0.2725450901803607,0.0,0.0
shuffle4,11274,0.7884893161629397,0.9378757515030061,0.0,0.0
shuffle4,11493,0.7915834511439569,0.9398797595190381,0.0,0.0
shuffle4,11757,0.709116617973002,0.5270541082164328,0.0,0.0
shuffle4,11886,0.7611964780014067,0.8036072144288577,0.0,0.0
shuffle4,12122,0.6029068446490836,0.09619238476953908,0.0,0.0
shuffle4,12225,0.6804233201771399,0.3106212424849699,0.0,0.0
shuffle4,12292,0.6463515882187512,0.18236472945891782,0.0,0.0
shuffle4,12340,0.7501882119166067,0.7655310621242485,0.0,0.0
shuffle4,12386,0.6579466301460312,0.2605210420841683,0.0,0.0
shuffle4,12597,0.6507738628049624,0.19238476953907815,0.0,0.0
shuffle4,13041,0.7720591902805312,0.8476953907815631,0.0,0.0
shuffle4,13134,0.7284645742636255,0.6172344689378757,0.0,0.0
shuffle4,13223,0.7046360114836415,0.4468937875751503,0.0,0.0
shuffle4,13298,0.6899285359930319,0.3687374749498998,0.0,0.0
shuffle4,13587,0.6360533498614925,0.15430861723446893,0.0,0.0
shuffle4,13703,0.5649261900732596,0.03807615230460922,0.0,0.0
shuffle4,13741,0.5516610934209671,0.03406813627254509,0.0,0.0
shuffle4,13749,0.6361348861454401,0.17034068136272545,0.0,0.0
shuffle4,13826,0.7519470323733577,0.7775551102204409,0.0,0.0
shuffle4,13842,0.776079935723026,0.8817635270541082,0.0,0.0
shuffle4,13879,0.6606168096224402,0.21643286573146292,0.0,0.0
shuffle4,13895,0.6930604035048469,0.39879759519038077,0.0,0.0
shuffle4,13938,0.7087327612113705,0.4849699398797595,0.0,0.0
shuffle4,14049,0.6779356105941652,0.3587174348697395,0.0,0.0
shuffle4,14170,0.7161982967324767,0.5090180360721442,0.0,0.0
shuffle4,14245,0.7564108494629128,0.779559118236473,0.0,0.0
shuffle4,14274,0.6663479508423081,0.24849699398797595,0.0,0.0
shuffle4,14728,0.7511359360661283,0.7374749498997996,0.0,0.0
shuffle4,15068,0.7305853450623632,0.6092184368737475,0.0,0.0
shuffle4,15181,0.5398551842385956,0.02004008016032064,0.0,0.0
shuffle4,15182,0.6410746955693627,0.18236472945891782,0.0,0.0
shuffle4,15191,0.7045429622806015,0.4468937875751503,0.0,0.0
shuffle4,15274,0.7914629200904627,0.935871743486974,0.0,0.0
shuffle4,15386,0.6826344863137892,0.3406813627254509,0.0,0.0
shuffle4,15438,0.6121523580486868,0.09819639278557114,0.0,0.0
shuffle4,15516,0.6930973144584323,0.38276553106212424,0.0,0.0
shuffle4,15631,0.7230785335038272,0.5691382765531062,0.0,0.0
shuffle4,15632,0.7003597554458247,0.4308617234468938,0.0,0.0
shuffle4,15865,0.6553949963644926,0.24248496993987975,0.0,0.0
shuffle4,15898,0.674284885662445,0.312625250501002,0.0,0.0
shuffle4,15953,0.6981761116580834,0.46292585170340683,0.0,0.0
shuffle4,15985,0.787324684431316,0.9378757515030061,0.0,0.0
shuffle4,16251,0.7294730058863776,0.6332665330661322,0.0,0.0
shuffle4,16424,0.8036626662136317,0.9839679358717435,0.0,0.0
shuffle4,16525,0.7251958144213351,0.6232464929859719,0.0,0.0
shuffle4,16625,0.7698192718441268,0.8657314629258517,0.0,0.0
shuffle4,16718,0.6606113210149148,0.26452905811623245,0.0,0.0
shuffle4,16800,0.7935023972663184,0.9779559118236473,0.0,0.0
shuffle4,17017,0.7290362443945755,0.6472945891783567,0.0,0.0
shuffle4,17605,0.6987829001838226,0.4028056112224449,0.0,0.0
shuffle4,17651,0.6035313927089492,0.09218436873747494,0.0,0.0
shuffle4,17795,0.6143409594147711,0.10420841683366733,0.0,0.0
shuffle4,17843,0.6831003496619044,0.33266533066132264,0.0,0.0
shuffle4,17865,0.7840164565650447,0.905811623246493,0.0,0.0
shuffle4,17946,0.7067234518707044,0.45691382765531063,0.0,0.0
shuffle4,17987,0.7416565662404305,0.6913827655310621,0.0,0.0
shuffle4,18115,0.5983085292602217,0.07615230460921844,0.0,0.0
shuffle4,18159,0.6672124433353064,0.2725450901803607,0.0,0.0
shuffle4,18170,0.7370134270775037,0.657314629258517,0.0,0.0
shuffle4,18556,0.7027568495805919,0.4308617234468938,0.0,0.0
shuffle4,18888,0.7421314871940047,0.7194388777555111,0.0,0.0
shuffle4,18960,0.7154646448966497,0.5170340681362725,0.0,0.0
shuffle4,19331,0.7567245724749194,0.7635270541082164,0.0,0.0
shuffle4,19471,0.6861467703677357,0.37675350701402804,0.0,0.0
shuffle4,19593,0.5773127086261702,0.06412825651302605,0.0,0.0
shuffle4,19605,0.5539006381248774,0.036072144288577156,0.0,0.0
shuffle4,20013,0.6340774439060337,0.14829659318637275,0.0,0.0
shuffle4,20072,0.5923099438053985,0.0841683366733467,0.0,0.0
shuffle4,20317,0.7036908861613251,0.47695390781563124,0.0,0.0
shuffle4,20380,0.6300237884147273,0.13627254509018036,0.0,0.0
shuffle4,20520,0.6662481976201275,0.2685370741482966,0.0,0.0
shuffle4,20545,0.6768471975275769,0.32064128256513025,0.0,0.0
shuffle4,20863,0.6926371774870301,0.3847695390781563,0.0,0.0
shuffle4,20882,0.7401855899004464,0.6533066132264529,0.0,0.0
shuffle4,20904,0.7342156258237273,0.6192384769539078,0.0,0.0
shuffle4,21295,0.7406794782261519,0.6833667334669339,0.0,0.0
shuffle4,21414,0.782774532586517,0.9198396793587175,0.0,0.0
shuffle4,21436,0.7207347023539914,0.5571142284569138,0.0,0.0
shuffle4,21558,0.780019488494393,0.8977955911823647,0.0,0.0
shuffle4,21887,0.6120258607928597,0.10020040080160321,0.0,0.0
shuffle4,22215,0.7132464183772853,0.49498997995991983,0.0,0.0
shuffle4,22299,0.7152775351067828,0.5050100200400801,0.0,0.0
shuffle4,22303,0.7452231064620295,0.7254509018036072,0.0,0.0
shuffle4,22452,0.6251314716201508,0.12224448897795591,0.0,0.0
shuffle4,22793,0.7181418982886721,0.5290581162324649,0.0,0.0
shuffle4,22803,0.709648208143906,0.4649298597194389,0.0,0.0
shuffle4,22924,0.6163708620153969,0.10420841683366733,0.0,0.0
shuffle4,23314,0.7961079930941282,0.9639278557114228,0.0,0.0
shuffle4,23445,0.7571077182259116,0.7775551102204409,0.0,0.0
shuffle4,23479,0.617675291405351,0.11623246492985972,0.0,0.0
shuffle4,23623,0.7267809688979014,0.5851703406813628,0.0,0.0
shuffle4,23633,0.6839531889804267,0.35470941883767537,0.0,0.0
shuffle4,23642,0.7771014065594971,0.9018036072144289,0.0,0.0
shuffle4,23803,0.78611285748934,0.9458917835671342,0.0,0.0
shuffle4,24062,0.71210638087045,0.5190380761523046,0.0,0.0
shuffle4,24103,0.7565306906234462,0.7735470941883767,0.0,0.0
shuffle4,24306,0.7327257233468341,0.6132264529058116,0.0,0.0
shuffle4,24700,0.7527877778650046,0.8076152304609219,0.0,0.0
shuffle4,24790,0.6172903153584366,0.10420841683366733,0.0,0.0
shuffle4,25150,0.5971417788665174,0.07615230460921844,0.0,0.0
shuffle4,25166,0.6785963342483403,0.3286573146292585,0.0,0.0
shuffle4,25339,0.7383521178272676,0.6673346693386774,0.0,0.0
shuffle4,25360,0.7223611665080707,0.5350701402805611,0.0,0.0
shuffle4,25374,0.6729429090442762,0.3046092184368738,0.0,0.0
shuffle4,25447,0.7738552126933677,0.843687374749499,0.0,0.0
shuffle4,26070,0.7403763923319533,0.6593186372745491,0.0,0.0
shuffle4,26146,0.6760320143521996,0.31462925851703405,0.0,0.0
shuffle4,26419,0.687293602119507,0.36472945891783565,0.0,0.0
shuffle4,26519,0.6565247712099149,0.2605210420841683,0.0,0.0
shuffle4,26535,0.7019230803127328,0.4288577154308617,0.0,0.0
shuffle4,26749,0.7774011932617946,0.9298597194388778,0.0,0.0
shuffle4,27131,0.6427544949111483,0.17234468937875752,0.0,0.0
shuffle4,27196,0.6858117604424743,0.34468937875751504,0.0,0.0
shuffle4,27240,0.7336572882054673,0.6633266533066132,0.0,0.0
shuffle4,27260,0.7269369541821074,0.591182364729459,0.0,0.0
shuffle4,27648,0.761128639347649,0.7855711422845691,0.0,0.0
shuffle4,27688,0.7676010500615442,0.8316633266533067,0.0,0.0
shuffle4,27781,0.7154793577123393,0.5410821643286573,0.0,0.0
shuffle4,28157,0.7961655137944443,0.969939879759519,0.0,0.0
shuffle4,28253,0.6557225327158525,0.24248496993987975,0.0,0.0
shuffle4,28276,0.7206216810921574,0.5511022044088176,0.0,0.0
shuffle4,28309,0.7352506455036667,0.6292585170340681,0.0,0.0
shuffle4,28511,0.6164142135337675,0.12224448897795591,0.0,0.0
shuffle4,28548,0.7049040475636636,0.45490981963927857,0.0,0.0
shuffle4,28979,0.6251268441181719,0.1342685370741483,0.0,0.0
shuffle4,29018,0.7037794584304015,0.4468937875751503,0.0,0.0
shuffle4,29179,0.7572953665623118,0.7635270541082164,0.0,0.0
shuffle4,29221,0.7476491765706232,0.751503006012024,0.0,0.0
shuffle4,29400,0.6526301680105686,0.1963927855711423,0.0,0.0
shuffle4,29511,0.6931702122155525,0.4088176352705411,0.0,0.0
shuffle4,29591,0.6935075253808054,0.40080160320641284,0.0,0.0
shuffle4,29610,0.7128286014335943,0.5150300601202404,0.0,0.0
shuffle4,29717,0.7447665860150433,0.7074148296593187,0.0,0.0
shuffle4,29815,0.789322665856666,0.9338677354709419,0.0,0.0
shuffle4,29831,0.656572868277908,0.22845691382765532,0.0,0.0
shuffle4,29903,0.7027650226850337,0.48296593186372744,0.0,0.0
shuffle4,29942,0.6960236130389095,0.4188376753507014,0.0,0.0
shuffle4,30016,0.5829176994093547,0.07214428857715431,0.0,0.0
shuffle4,30068,0.6409126419633642,0.15430861723446893,0.0,0.0
shuffle4,30077,0.729797820559478,0.6052104208416834,0.0,0.0
shuffle4,30139,0.7240113479001458,0.5791583166332666,0.0,0.0
shuffle4,30888,0.7141814248193532,0.5410821643286573,0.0,0.0
shuffle4,30961,0.722511349337398,0.5811623246492986,0.0,0.0
shuffle4,31234,0.6272548193563916,0.13226452905811623,0.0,0.0
shuffle4,31244,0.6563484000153332,0.20641282565130262,0.0,0.0
shuffle4,31251,0.7130577569035088,0.5070140280561122,0.0,0.0
shuffle4,31280,0.5527030790258425,0.03206412825651302,0.0,0.0
shuffle4,31503,0.7372493051900584,0.6352705410821643,0.0,0.0
shuffle4,31776,0.7250886560674062,0.5891783567134269,0.0,0.0
shuffle4,32051,0.7575470191428373,0.8136272545090181,0.0,0.0
shuffle4,32062,0.6761987578618114,0.3026052104208417,0.0,0.0
shuffle4,32140,0.7155927324639771,0.5190380761523046,0.0,0.0
shuffle4,32365,0.7927365884718514,0.9458917835671342,0.0,0.0
shuffle4,32427,0.7015061405024846,0.42685370741482964,0.0,0.0
shuffle4,32470,0.8031331324442225,0.9719438877755511,0.0,0.0
shuffle4,32532,0.621111830050106,0.1402805611222445,0.0,0.0
shuffle4,32630,0.6520406321891588,0.18837675350701402,0.0,0.0
shuffle4,32680,0.77649562691219,0.8917835671342685,0.0,0.0
shuffle4,32697,0.767826587131153,0.843687374749499,0.0,0.0
shuffle4,33057,0.7709597647063191,0.8637274549098196,0.0,0.0
shuffle4,33084,0.7727871130598702,0.8717434869739479,0.0,0.0
shuffle4,33123,0.8055805206797928,0.9879759519038076,0.0,0.0
shuffle4,33256,0.733848113547187,0.6292585170340681,0.0,0.0
shuffle4,33264,0.7462488916397878,0.7034068136272545,0.0,0.0
shuffle4,33336,0.6565507327511658,0.20641282565130262,0.0,0.0
shuffle4,33342,0.787055883787717,0.9398797595190381,0.0,0.0
shuffle4,33512,0.71746179616668,0.5250501002004008,0.0,0.0
shuffle4,33863,0.6703750702311184,0.2905811623246493,0.0,0.0
shuffle4,33990,0.7625852475359259,0.8196392785571143,0.0,0.0
shuffle4,34169,0.7437980519294991,0.7114228456913828,0.0,0.0
shuffle4,34198,0.6942720071556686,0.40681362725450904,0.0,0.0
shuffle4,34415,0.7594452087319823,0.8196392785571143,0.0,0.0
shuffle4,34509,0.7693961862889948,0.843687374749499,0.0,0.0
shuffle4,34565,0.638431886548559,0.15430861723446893,0.0,0.0
shuffle4,34854,0.7205049158553802,0.6052104208416834,0.0,0.0
shuffle4,34998,0.7466586548572491,0.7454909819639278,0.0,0.0
shuffle4,35100,0.6463578834560706,0.19438877755511022,0.0,0.0
shuffle4,35119,0.7217243419204231,0.5470941883767535,0.0,0.0
shuffle4,35131,0.6699512351579816,0.26452905811623245,0.0,0.0
shuffle4,35234,0.5096674395337489,0.01002004008016032,0.0,0.0
shuffle4,35269,0.7482103937200726,0.7715430861723447,0.0,0.0
shuffle4,35281,0.6218345085886794,0.1062124248496994,0.0,0.0
shuffle4,35475,0.5431929810255405,0.022044088176352707,0.0,0.0
shuffle4,35600,0.7663949607752026,0.8256513026052105,0.0,0.0
shuffle4,35613,0.660493633419753,0.22444889779559118,0.0,0.0
shuffle4,35659,0.7172919764730781,0.5450901803607214,0.0,0.0
shuffle4,35916,0.6963064614867088,0.4188376753507014,0.0,0.0
shuffle4,35964,0.6859782857910561,0.3787575150300601,0.0,0.0
shuffle4,36198,0.7069085108489783,0.46893787575150303,0.0,0.0
shuffle4,36287,0.5374837331920829,0.02004008016032064,0.0,0.0
shuffle4,36543,0.7095955378950995,0.4969939879759519,0.0,0.0
shuffle4,36557,0.8126207604694653,0.9959919839679359,0.0,1.0
shuffle4,36992,0.8204679758646716,0.9959919839679359,0.0,1.0
shuffle4,37034,0.418783429200853,0.002004008016032064,0.0,0.0
shuffle4,37053,0.7617200337473694,0.8016032064128257,0.0,0.0
shuffle4,37255,0.6652011360959036,0.2545090180360721,0.0,0.0
shuffle4,37362,0.7129204677848942,0.5210420841683366,0.0,0.0
shuffle4,37406,0.6775012772215507,0.3106212424849699,0.0,0.0
shuffle4,37505,0.74182162486371,0.6693386773547094,0.0,0.0
shuffle4,37552,0.7728079359104829,0.8476953907815631,0.0,0.0
shuffle4,37899,0.7372057646086145,0.6833667334669339,0.0,0.0
shuffle4,38091,0.6519921367513158,0.21042084168336672,0.0,0.0
shuffle4,38194,0.7116025220120485,0.5070140280561122,0.0,0.0
shuffle4,38375,0.624990372095203,0.12424849699398798,0.0,0.0
shuffle4,38380,0.7005671688163395,0.46693386773547096,0.0,0.0
shuffle4,38833,0.6994569622845075,0.4308617234468938,0.0,0.0
shuffle4,38887,0.7528965754858943,0.7535070140280561,0.0,0.0
shuffle4,39183,0.5619502232228235,0.04008016032064128,0.0,0.0
shuffle4,39288,0.7438543654518492,0.7034068136272545,0.0,0.0
shuffle4,39384,0.6700077045611776,0.25851703406813625,0.0,0.0
shuffle4,39490,0.8041934333500034,0.9759519038076152,0.0,0.0
shuffle4,39557,0.7680515106952581,0.8396793587174348,0.0,0.0
shuffle4,39756,0.6516646490570055,0.22444889779559118,0.0,0.0
shuffle4,39793,0.6658465534351753,0.28256513026052105,0.0,0.0
shuffle4,39920,0.6554676920756951,0.2124248496993988,0.0,0.0
shuffle4,39986,0.7104618298763554,0.48697394789579157,0.0,0.0
shuffle4,40269,0.7513172950335495,0.749498997995992,0.0,0.0
shuffle4,40756,0.7877360672513531,0.9318637274549099,0.0,0.0
shuffle4,40798,0.7913873122989619,0.9438877755511023,0.0,0.0
shuffle4,40819,0.7427849542682362,0.7134268537074149,0.0,0.0
shuffle4,40933,0.6683231295812209,0.24248496993987975,0.0,0.0
shuffle4,40990,0.685398579192803,0.35470941883767537,0.0,0.0
shuffle4,41120,0.7537724504771653,0.7915831663326653,0.0,0.0
shuffle4,41402,0.6705171187404608,0.25250501002004005,0.0,0.0
shuffle4,41540,0.6512645025996555,0.20240480961923848,0.0,0.0
shuffle4,41555,0.7108566237405066,0.49899799599198397,0.0,0.0
shuffle4,41561,0.635186863202506,0.16032064128256512,0.0,0.0
shuffle4,41592,0.7219708573896194,0.5771543086172345,0.0,0.0
shuffle4,41636,0.7788220651704891,0.9178356713426854,0.0,0.0
shuffle4,41640,0.6664028354359219,0.26452905811623245,0.0,0.0
shuffle4,41924,0.7751236886392427,0.8977955911823647,0.0,0.0
shuffle4,41976,0.5719214493307752,0.056112224448897796,0.0,0.0
shuffle4,42022,0.6711972569079672,0.27054108216432865,0.0,0.0
shuffle4,42251,0.7606225996742242,0.8136272545090181,0.0,0.0
shuffle4,42302,0.6401738189612527,0.1623246492985972,0.0,0.0
shuffle4,42466,0.7079328686702049,0.4709418837675351,0.0,0.0
shuffle4,42679,0.6962180067481158,0.4168336673346693,0.0,0.0
shuffle4,43065,0.7179945709121482,0.5390781563126252,0.0,0.0
shuffle4,43198,0.7035876983692285,0.4288577154308617,0.0,0.0
shuffle4,43211,0.7238329996495751,0.5871743486973948,0.0,0.0
shuffle4,43332,0.6631668198971656,0.24048096192384769,0.0,0.0
shuffle4,43546,0.7590688344167899,0.7975951903807615,0.0,0.0
shuffle4,43584,0.648298411114407,0.18236472945891782,0.0,0.0
shuffle4,44248,0.7571217523660294,0.779559118236473,0.0,0.0
shuffle4,44279,0.7371921335582534,0.6513026052104208,0.0,0.0
shuffle4,44360,0.765748026606591,0.8176352705410822,0.0,0.0
shuffle4,44413,0.6282765117467758,0.14428857715430862,0.0,0.0
shuffle4,44422,0.6911276786127873,0.3787575150300601,0.0,0.0
shuffle4,44903,0.5780583933051703,0.06212424849699399,0.0,0.0
shuffle4,44975,0.7565670412967224,0.7875751503006012,0.0,0.0
shuffle4,45377,0.7318865960818052,0.6653306613226453,0.0,0.0
shuffle4,45528,0.7442967463808001,0.7134268537074149,0.0,0.0
shuffle4,45699,0.5617106705976036,0.04008016032064128,0.0,0.0
shuffle4,45952,0.6914491901453379,0.3907815631262525,0.0,0.0
shuffle4,45987,0.7369383845707295,0.655310621242485,0.0,0.0
shuffle4,46166,0.5747165668398367,0.04208416833667335,0.0,0.0
shuffle4,46276,0.7663446642125971,0.8677354709418837,0.0,0.0
shuffle4,46403,0.7372149273973185,0.6933867735470942,0.0,0.0
shuffle4,46524,0.5731598809352949,0.052104208416833664,0.0,0.0
shuffle4,46653,0.6828606350585928,0.312625250501002,0.0,0.0
shuffle4,47030,0.7022185146962545,0.4408817635270541,0.0,0.0
shuffle4,47086,0.655838723896613,0.20841683366733466,0.0,0.0
shuffle4,47093,0.7011989722826701,0.43887775551102204,0.0,0.0
shuffle4,47122,0.7601102413891735,0.7935871743486974,0.0,0.0
shuffle4,47125,0.6805682454827929,0.3246492985971944,0.0,0.0
shuffle4,47331,0.8080641788927365,0.9839679358717435,0.0,0.0
shuffle4,47471,0.6565005875946714,0.22645290581162325,0.0,0.0
shuffle4,47583,0.5819220042258689,0.06412825651302605,0.0,0.0
shuffle4,47744,0.7011232131444918,0.4288577154308617,0.0,0.0
shuffle4,47907,0.548975894229422,0.02404809619238477,0.0,0.0
shuffle4,48376,0.8021761791037237,0.9679358717434869,0.0,0.0
shuffle4,48655,0.7209100963160902,0.5150300601202404,0.0,0.0
shuffle4,48911,0.754664100080809,0.7975951903807615,0.0,0.0
shuffle4,49170,0.7428994495826677,0.6593186372745491,0.0,0.0
shuffle4,49195,0.730537022045409,0.6112224448897795,0.0,0.0
shuffle4,49256,0.6594260668063228,0.22645290581162325,0.0,0.0
shuffle4,49315,0.7225348933099626,0.5891783567134269,0.0,0.0
shuffle4,49474,0.7571241708001242,0.779559118236473,0.0,0.0
shuffle4,49475,0.7411473031434097,0.7134268537074149,0.0,0.0
shuffle4,49678,0.6707757338481553,0.2905811623246493,0.0,0.0
shuffle4,49702,0.7365277476735546,0.6713426853707415,0.0,0.0
shuffle4,49760,0.7478432287568323,0.7234468937875751,0.0,0.0
shuffle4,50203,0.5950505410549053,0.07615230460921844,0.0,0.0
shuffle4,50210,0.5509474801152661,0.036072144288577156,0.0,0.0
shuffle4,50622,0.6311349364993999,0.13226452905811623,0.0,0.0
shuffle4,50708,0.7007526196852545,0.45090180360721444,0.0,0.0
shuffle4,50739,0.699930956291414,0.41082164328657317,0.0,0.0
shuffle4,50850,0.7192055332502453,0.5470941883767535,0.0,0.0
shuffle4,51008,0.8018904619915418,0.969939879759519,0.0,0.0
shuffle4,51227,0.7369616465923715,0.6733466933867736,0.0,0.0
shuffle4,51300,0.7325028525666387,0.6392785571142284,0.0,0.0
shuffle4,51380,0.7450574380590582,0.7254509018036072,0.0,0.0
shuffle4,51385,0.7590994830695844,0.8076152304609219,0.0,0.0
shuffle4,51436,0.7272704438878507,0.591182364729459,0.0,0.0
shuffle4,51517,0.6813140327093872,0.3306613226452906,0.0,0.0
shuffle4,51688,0.752588971307059,0.7715430861723447,0.0,0.0
shuffle4,51865,0.6824241748782498,0.3186372745490982,0.0,0.0
shuffle4,51943,0.7571578875494034,0.8156312625250501,0.0,0.0
shuffle4,51956,0.6019599832051437,0.0781563126252505,0.0,0.0
shuffle4,51990,0.604357308817187,0.08617234468937876,0.0,0.0
shuffle4,52228,0.5731104650002143,0.05410821643286573,0.0,0.0
shuffle4,52277,0.6757483078511941,0.3226452905811623,0.0,0.0
shuffle4,52729,0.6927844346705964,0.38276553106212424,0.0,0.0
shuffle4,52733,0.7483011726973612,0.7014028056112225,0.0,0.0
shuffle4,52803,0.7355190744330371,0.6492985971943888,0.0,0.0
shuffle4,52927,0.7636043670953256,0.811623246492986,0.0,0.0
shuffle4,53445,0.7219652772106187,0.6052104208416834,0.0,0.0
shuffle4,53659,0.7935679732928763,0.9539078156312625,0.0,0.0
shuffle4,53729,0.7032209698988144,0.4228456913827655,0.0,0.0
shuffle4,53974,0.6812664028028618,0.32064128256513025,0.0,0.0
shuffle4,54054,0.6607191724032004,0.22444889779559118,0.0,0.0
shuffle4,54099,0.7325912561684593,0.6352705410821643,0.0,0.0
shuffle4,54250,0.7919367987501934,0.9659318637274549,0.0,0.0
shuffle4,54336,0.6331799270728156,0.1903807615230461,0.0,0.0
shuffle4,54681,0.720965323682272,0.531062124248497,0.0,0.0
shuffle4,55202,0.7677448099074777,0.8496993987975952,0.0,0.0
shuffle4,55501,0.7668421492710368,0.8416833667334669,0.0,0.0
shuffle4,55597,0.7165727408181484,0.5490981963927856,0.0,0.0
shuffle4,55741,0.6862211708002395,0.33266533066132264,0.0,0.0
shuffle4,55808,0.7199338966361453,0.5751503006012024,0.0,0.0
shuffle4,55876,0.7761940548044741,0.905811623246493,0.0,0.0
shuffle4,55878,0.6741314566122916,0.30861723446893785,0.0,0.0
shuffle4,56047,0.6560876673269201,0.20040080160320642,0.0,0.0
shuffle4,56131,0.4585609159779275,0.004008016032064128,0.0,0.0
shuffle4,56162,0.6254179864012404,0.1282565130260521,0.0,0.0
shuffle4,56272,0.7034314631518597,0.44488977955911824,0.0,0.0
shuffle4,56496,0.5479790209461637,0.03006012024048096,0.0,0.0
shuffle4,56554,0.7490506673483943,0.717434869739479,0.0,0.0
shuffle4,56629,0.7123973068388432,0.5150300601202404,0.0,0.0
shuffle4,56651,0.708311236370802,0.47695390781563124,0.0,0.0
shuffle4,56698,0.4590617818865199,0.006012024048096192,0.0,0.0
shuffle4,56873,0.6528990237474119,0.21042084168336672,0.0,0.0
shuffle4,56963,0.7725551392724441,0.8557114228456913,0.0,0.0
shuffle4,57114,0.7712844472771765,0.8657314629258517,0.0,0.0
shuffle4,57244,0.7623265483624924,0.7975951903807615,0.0,0.0
shuffle4,57830,0.7698100097983287,0.8697394789579158,0.0,0.0
shuffle4,57994,0.7633405605830277,0.8557114228456913,0.0,0.0
shuffle4,58004,0.7934715330341257,0.9458917835671342,0.0,0.0
shuffle4,58157,0.5872531194795412,0.07014028056112225,0.0,0.0
shuffle4,58169,0.6680933691406409,0.2565130260521042,0.0,0.0
shuffle4,58252,0.7974374792955129,0.9639278557114228,0.0,0.0
shuffle4,58341,0.7821612035182124,0.9118236472945892,0.0,0.0
shuffle4,58458,0.6887757658578524,0.38877755511022044,0.0,0.0
shuffle4,58572,0.7941704227201491,0.9619238476953907,0.0,0.0
shuffle4,58835,0.7049444386179944,0.47695390781563124,0.0,0.0
shuffle4,58977,0.7604286914894336,0.7915831663326653,0.0,0.0
shuffle4,58988,0.7658422389504231,0.87374749498998,0.0,0.0
shuffle4,59101,0.7714971796553928,0.8496993987975952,0.0,0.0
shuffle4,59177,0.7659121396738877,0.8717434869739479,0.0,0.0
shuffle4,59183,0.7592124930710431,0.7755511022044088,0.0,0.0
shuffle4,59219,0.8203463393198835,0.9979959919839679,0.0,1.0
shuffle4,59293,0.7067551001641823,0.503006012024048,0.0,0.0
shuffle4,59464,0.6648549072388972,0.25250501002004005,0.0,0.0
shuffle4,59470,0.699599898109341,0.4288577154308617,0.0,0.0
shuffle4,59508,0.637361424959076,0.15831663326653306,0.0,0.0
shuffle4,59838,0.7941154394610616,0.9519038076152304,0.0,0.0
shuffle4,59905,0.7235763326961817,0.593186372745491,0.0,0.0
shuffle4,60063,0.7793381888845934,0.9078156312625251,0.0,0.0
shuffle4,60496,0.7319739758236475,0.6292585170340681,0.0,0.0
shuffle4,60707,0.6442419070747298,0.1743486973947896,0.0,0.0
shuffle4,60784,0.6818424016425724,0.3527054108216433,0.0,0.0
shuffle4,60932,0.7291879501642003,0.6032064128256514,0.0,0.0
shuffle4,61327,0.7319754557221867,0.6452905811623246,0.0,0.0
shuffle4,61653,0.7401156684173493,0.6813627254509018,0.0,0.0
shuffle4,61683,0.6930368841611305,0.3907815631262525,0.0,0.0
shuffle4,61701,0.6040636381258395,0.0841683366733467,0.0,0.0
shuffle4,61868,0.7507710704742685,0.7214428857715431,0.0,0.0
shuffle4,61878,0.7480847311379637,0.7394789579158316,0.0,0.0
shuffle4,62117,0.7009936324339758,0.46893787575150303,0.0,0.0
shuffle4,62587,0.7271686363633427,0.6212424849699398,0.0,0.0
shuffle4,62627,0.6716056229945635,0.2905811623246493,0.0,0.0
shuffle4,63062,0.7846276976066575,0.9238476953907816,0.0,0.0
shuffle4,63247,0.6942751906691065,0.41082164328657317,0.0,0.0
shuffle4,63837,0.6845932874429734,0.3406813627254509,0.0,0.0
shuffle4,63869,0.6856329773606693,0.36472945891783565,0.0,0.0
shuffle4,64050,0.8245686774002684,0.9959919839679359,0.0,1.0
shuffle4,64148,0.631230708856193,0.12625250501002003,0.0,0.0
shuffle4,64195,0.7814765551883689,0.9098196392785571,0.0,0.0
shuffle4,64262,0.7253724875373422,0.5831663326653307,0.0,0.0
shuffle4,64417,0.7333328428352506,0.749498997995992,0.0,0.0
shuffle4,64547,0.7321341515405442,0.6292585170340681,0.0,0.0
shuffle4,64783,0.5903415846360821,0.07014028056112225,0.0,0.0
shuffle4,64851,0.6689960574429834,0.27054108216432865,0.0,0.0
shuffle4,64925,0.7367787650014102,0.6693386773547094,0.0,0.0
shuffle4,65218,0.7937085514917576,0.9719438877755511,0.0,0.0
shuffle4,65340,0.499958080899229,0.008016032064128256,0.0,0.0
shuffle4,65348,0.6144795633622042,0.11222444889779559,0.0,0.0
shuffle4,65417,0.817416928041309,0.9979959919839679,0.0,1.0
shuffle4,65553,0.7675494994647445,0.8537074148296593,0.0,0.0
shuffle4,65609,0.77171211290667,0.8557114228456913,0.0,0.0
shuffle4,65690,0.7791564885033699,0.8917835671342685,0.0,0.0
shuffle4,65878,0.6998369484380469,0.42084168336673344,0.0,0.0
shuffle4,66058,0.7150581356690365,0.5210420841683366,0.0,0.0
shuffle4,66209,0.64790848201678,0.19438877755511022,0.0,0.0
shuffle4,66269,0.6134393153490352,0.09218436873747494,0.0,0.0
shuffle4,66437,0.7696575294401806,0.845691382765531,0.0,0.0
shuffle4,66512,0.6659061402869978,0.2685370741482966,0.0,0.0
shuffle4,66559,0.7309498319566641,0.6172344689378757,0.0,0.0
shuffle4,66875,0.6492536620191645,0.18637274549098196,0.0,0.0
shuffle4,67261,0.7322564215076898,0.6392785571142284,0.0,0.0
shuffle4,67281,0.7168789101738099,0.5110220440881763,0.0,0.0
shuffle4,67361,0.7049469602403048,0.45490981963927857,0.0,0.0
shuffle4,67444,0.6369307775686285,0.14428857715430862,0.0,0.0
shuffle4,67673,0.7041045190601873,0.44488977955911824,0.0,0.0
shuffle4,67708,0.7788324667539127,0.9258517034068137,0.0,0.0
shuffle4,67899,0.6636231397238912,0.24448897795591182,0.0,0.0
shuffle4,68121,0.7124275654224462,0.5130260521042084,0.0,0.0
shuffle4,68127,0.7096312085134295,0.4749498997995992,0.0,0.0
shuffle4,68173,0.7697342622198492,0.8496993987975952,0.0,0.0
shuffle4,68193,0.7491212822620708,0.7535070140280561,0.0,0.0
shuffle4,68287,0.6684407229319496,0.2965931863727455,0.0,0.0
shuffle4,68394,0.6266630428441898,0.13226452905811623,0.0,0.0
shuffle4,68473,0.6849100590950976,0.342685370741483,0.0,0.0
shuffle4,68532,0.6075521120709542,0.10020040080160321,0.0,0.0
shuffle4,68553,0.7466917892323325,0.7234468937875751,0.0,0.0
shuffle4,68819,0.7196522210965004,0.5811623246492986,0.0,0.0
shuffle4,69085,0.6610036911182788,0.23246492985971945,0.0,0.0
shuffle4,69087,0.6952372818057302,0.3807615230460922,0.0,0.0
shuffle4,69137,0.7130826639411468,0.49498997995991983,0.0,0.0
shuffle4,69462,0.7219153086916948,0.5831663326653307,0.0,0.0
shuffle4,69641,0.7227534794884632,0.5651302605210421,0.0,0.0
shuffle4,70279,0.621596221155572,0.11623246492985972,0.0,0.0
shuffle4,70372,0.8425038964871929,1.0,1.0,1.0
shuffle4,70496,0.6754077352779693,0.2965931863727455,0.0,0.0
shuffle4,70765,0.7225773317470705,0.5771543086172345,0.0,0.0
shuffle4,71264,0.6566040818751206,0.21643286573146292,0.0,0.0
shuffle4,71624,0.7046667845976377,0.4529058116232465,0.0,0.0
shuffle4,71735,0.7057085890107786,0.43887775551102204,0.0,0.0
shuffle4,72089,0.7414245697550021,0.7234468937875751,0.0,0.0
shuffle4,72151,0.7541655603301364,0.779559118236473,0.0,0.0
shuffle4,72389,0.6438541329372558,0.1843687374749499,0.0,0.0
shuffle4,72527,0.6039829552283176,0.08817635270541083,0.0,0.0
shuffle5,95,0.7326230822795028,0.8356713426853707,0.0,0.0
shuffle5,204,0.6089876723005152,0.17835671342685372,0.0,0.0
shuffle5,318,0.7297954993982783,0.7294589178356713,0.0,0.0
shuffle5,356,0.6239116264747182,0.23647294589178355,0.0,0.0
shuffle5,425,0.7610426827691661,0.9198396793587175,0.0,0.0
shuffle5,458,0.7680541963958896,0.9418837675350702,0.0,0.0
shuffle5,637,0.7355925128786083,0.7374749498997996,0.0,0.0
shuffle5,709,0.5780298116058027,0.07414829659318638,0.0,0.0
shuffle5,868,0.6586603302817191,0.3306613226452906,0.0,0.0
shuffle5,1015,0.7030589659511364,0.6132264529058116,0.0,0.0
shuffle5,1288,0.5467033422929447,0.04008016032064128,0.0,0.0
shuffle5,1589,0.7114589976176435,0.7194388777555111,0.0,0.0
shuffle5,1744,0.6732429802930089,0.46092184368737477,0.0,0.0
shuffle5,1818,0.7719392954666775,0.9338677354709419,0.0,0.0
shuffle5,2070,0.35979652729722794,0.0,0.0,0.0
shuffle5,2125,0.7263855163740893,0.6913827655310621,0.0,0.0
shuffle5,2327,0.7062049828326642,0.5771543086172345,0.0,0.0
shuffle5,2737,0.714459491229323,0.6372745490981964,0.0,0.0
shuffle5,2795,0.6956834165955388,0.4969939879759519,0.0,0.0
shuffle5,2980,0.7242561578660421,0.6973947895791583,0.0,0.0
shuffle5,3338,0.643001625265649,0.22244488977955912,0.0,0.0
shuffle5,3344,0.4622556820241185,0.008016032064128256,0.0,0.0
shuffle5,3368,0.6108379193755465,0.13627254509018036,0.0,0.0
shuffle5,3731,0.6520454953243775,0.24849699398797595,0.0,0.0
shuffle5,3803,0.6976575995585736,0.501002004008016,0.0,0.0
shuffle5,4292,0.6173076364618945,0.15430861723446893,0.0,0.0
shuffle5,4409,0.7343745656289643,0.7214428857715431,0.0,0.0
shuffle5,4476,0.7529429896646935,0.8196392785571143,0.0,0.0
shuffle5,4509,0.7219889894887529,0.6132264529058116,0.0,0.0
shuffle5,4927,0.633721298377909,0.3286573146292585,0.0,0.0
shuffle5,4967,0.7300299815717384,0.7354709418837675,0.0,0.0
shuffle5,5340,0.7121217454944451,0.6072144288577155,0.0,0.0
shuffle5,5582,0.7572370800084828,0.8557114228456913,0.0,0.0
shuffle5,5656,0.7388470430446733,0.8216432865731463,0.0,0.0
shuffle5,5683,0.7722154613315257,0.9539078156312625,0.0,0.0
shuffle5,5790,0.5863446154055536,0.08016032064128256,0.0,0.0
shuffle5,5929,0.5718754945731268,0.07214428857715431,0.0,0.0
shuffle5,6315,0.6727400306567484,0.44488977955911824,0.0,0.0
shuffle5,6360,0.5087823264566902,0.02004008016032064,0.0,0.0
shuffle5,6454,0.7507317134787161,0.8777555110220441,0.0,0.0
shuffle5,6603,0.7085813561921981,0.561122244488978,0.0,0.0
shuffle5,6750,0.6785054068770273,0.4909819639278557,0.0,0.0
shuffle5,6759,0.748853865485636,0.8236472945891784,0.0,0.0
shuffle5,6770,0.6120726326434363,0.12024048096192384,0.0,0.0
shuffle5,6991,0.6110976197136521,0.11222444889779559,0.0,0.0
shuffle5,7306,0.6995822347625307,0.5731462925851704,0.0,0.0
shuffle5,7355,0.7579831356171476,0.8937875751503006,0.0,0.0
shuffle5,7899,0.6463271197216671,0.2665330661322645,0.0,0.0
shuffle5,8061,0.5404924942427263,0.02004008016032064,0.0,0.0
shuffle5,8215,0.5430886287279258,0.036072144288577156,0.0,0.0
shuffle5,8234,0.7303499237604746,0.8156312625250501,0.0,0.0
shuffle5,8238,0.7153899352980702,0.6893787575150301,0.0,0.0
shuffle5,8275,0.6140324394330974,0.16432865731462926,0.0,0.0
shuffle5,8367,0.7569879945340494,0.905811623246493,0.0,0.0
shuffle5,8828,0.6600361300010054,0.3166332665330661,0.0,0.0
shuffle5,8862,0.7460910770706237,0.8877755511022044,0.0,0.0
shuffle5,8926,0.7535933003655513,0.8717434869739479,0.0,0.0
shuffle5,9188,0.8187329526830504,0.9979959919839679,0.0,1.0
shuffle5,9298,0.6342660733574743,0.18837675350701402,0.0,0.0
shuffle5,9376,0.696577502996792,0.5230460921843687,0.0,0.0
shuffle5,9712,0.7023990807245959,0.5210420841683366,0.0,0.0
shuffle5,9877,0.7019257251205002,0.5691382765531062,0.0,0.0
shuffle5,10115,0.5320206473629476,0.03206412825651302,0.0,0.0
shuffle5,10191,0.7644654116616623,0.9258517034068137,0.0,0.0
shuffle5,10361,0.6760177035634743,0.39879759519038077,0.0,0.0
shuffle5,10602,0.8141178673372133,1.0,1.0,1.0
shuffle5,10622,0.6746465855404016,0.39478957915831664,0.0,0.0
shuffle5,11050,0.6540561507187665,0.30060120240480964,0.0,0.0
shuffle5,11274,0.7917870468950732,0.9599198396793587,0.0,0.0
shuffle5,11493,0.7510764047915865,0.8537074148296593,0.0,0.0
shuffle5,11757,0.72147064247887,0.6893787575150301,0.0,0.0
shuffle5,11886,0.7447732250997943,0.781563126252505,0.0,0.0
shuffle5,12122,0.6011153440166848,0.12424849699398798,0.0,0.0
shuffle5,12225,0.6589091112942798,0.3106212424849699,0.0,0.0
shuffle5,12292,0.615279688398677,0.1402805611222445,0.0,0.0
shuffle5,12340,0.7217163267678135,0.6993987975951904,0.0,0.0
shuffle5,12386,0.6798479629251402,0.4789579158316633,0.0,0.0
shuffle5,12597,0.6023747915667912,0.12424849699398798,0.0,0.0
shuffle5,13041,0.7627826445941104,0.8937875751503006,0.0,0.0
shuffle5,13134,0.7003705917215904,0.5751503006012024,0.0,0.0
shuffle5,13223,0.6564986618922071,0.3026052104208417,0.0,0.0
shuffle5,13298,0.6804552510703941,0.3867735470941884,0.0,0.0
shuffle5,13587,0.6264520477215965,0.21042084168336672,0.0,0.0
shuffle5,13703,0.5334399388695714,0.03206412825651302,0.0,0.0
shuffle5,13741,0.5441477446126473,0.04008016032064128,0.0,0.0
shuffle5,13749,0.6201592968365985,0.1843687374749499,0.0,0.0
shuffle5,13826,0.7555506571676571,0.8657314629258517,0.0,0.0
shuffle5,13842,0.7419291272600346,0.8256513026052105,0.0,0.0
shuffle5,13879,0.6632261978585317,0.34468937875751504,0.0,0.0
shuffle5,13895,0.6753848794737507,0.3667334669338677,0.0,0.0
shuffle5,13938,0.6539417700099203,0.24048096192384769,0.0,0.0
shuffle5,14049,0.7106900347953478,0.625250501002004,0.0,0.0
shuffle5,14170,0.7248878441160501,0.6993987975951904,0.0,0.0
shuffle5,14245,0.73336939954961,0.7454909819639278,0.0,0.0
shuffle5,14274,0.6068966664951498,0.12024048096192384,0.0,0.0
shuffle5,14728,0.7517350430183061,0.8336673346693386,0.0,0.0
shuffle5,15068,0.7321033704647883,0.7374749498997996,0.0,0.0
shuffle5,15181,0.5301985639135305,0.02004008016032064,0.0,0.0
shuffle5,15182,0.5966909968408252,0.11022044088176353,0.0,0.0
shuffle5,15191,0.6648273933746366,0.30861723446893785,0.0,0.0
shuffle5,15274,0.7841381180757022,0.9739478957915831,0.0,0.0
shuffle5,15386,0.6317460025680263,0.20841683366733466,0.0,0.0
shuffle5,15438,0.5747134870286963,0.07014028056112225,0.0,0.0
shuffle5,15516,0.633470059840932,0.22244488977955912,0.0,0.0
shuffle5,15631,0.6875874649740148,0.4729458917835671,0.0,0.0
shuffle5,15632,0.7168563499991769,0.6332665330661322,0.0,0.0
shuffle5,15865,0.6732019736738626,0.4248496993987976,0.0,0.0
shuffle5,15898,0.6965508432584213,0.5871743486973948,0.0,0.0
shuffle5,15953,0.7096736558666947,0.5751503006012024,0.0,0.0
shuffle5,15985,0.7687540805759616,0.905811623246493,0.0,0.0
shuffle5,16251,0.7129112308612352,0.6092184368737475,0.0,0.0
shuffle5,16424,0.7847680682067988,0.9779559118236473,0.0,0.0
shuffle5,16525,0.6858524477900461,0.4649298597194389,0.0,0.0
shuffle5,16625,0.772615618095742,0.9318637274549099,0.0,0.0
shuffle5,16718,0.6513173509462796,0.2725450901803607,0.0,0.0
shuffle5,16800,0.7460719295674959,0.8697394789579158,0.0,0.0
shuffle5,17017,0.7242017409190138,0.7154308617234469,0.0,0.0
shuffle5,17605,0.6676195674619532,0.3226452905811623,0.0,0.0
shuffle5,17651,0.5503310408640575,0.04408817635270541,0.0,0.0
shuffle5,17795,0.6097327770910638,0.13827655310621242,0.0,0.0
shuffle5,17843,0.6469890172396031,0.2865731462925852,0.0,0.0
shuffle5,17865,0.758284564752446,0.8977955911823647,0.0,0.0
shuffle5,17946,0.6646500495542433,0.3246492985971944,0.0,0.0
shuffle5,17987,0.7289125372172924,0.7294589178356713,0.0,0.0
shuffle5,18115,0.5526695539395755,0.056112224448897796,0.0,0.0
shuffle5,18159,0.6340717523748318,0.25851703406813625,0.0,0.0
shuffle5,18170,0.7195025884116297,0.6813627254509018,0.0,0.0
shuffle5,18556,0.6738541356874886,0.3587174348697395,0.0,0.0
shuffle5,18888,0.709661935529112,0.6052104208416834,0.0,0.0
shuffle5,18960,0.6720308202954374,0.40681362725450904,0.0,0.0
shuffle5,19331,0.7085843669703316,0.5871743486973948,0.0,0.0
shuffle5,19471,0.697176570866921,0.5511022044088176,0.0,0.0
shuffle5,19593,0.5316157250505321,0.03206412825651302,0.0,0.0
shuffle5,19605,0.5608878062166592,0.06212424849699399,0.0,0.0
shuffle5,20013,0.5810490215941195,0.08817635270541083,0.0,0.0
shuffle5,20072,0.5898771636133472,0.10220440881763528,0.0,0.0
shuffle5,20317,0.6768629491702003,0.5050100200400801,0.0,0.0
shuffle5,20380,0.6321532507966905,0.17234468937875752,0.0,0.0
shuffle5,20520,0.661865739730165,0.374749498997996,0.0,0.0
shuffle5,20545,0.6147070898414161,0.15030060120240482,0.0,0.0
shuffle5,20863,0.6434075904208333,0.2905811623246493,0.0,0.0
shuffle5,20882,0.7267514034660061,0.6973947895791583,0.0,0.0
shuffle5,20904,0.7169349432334803,0.6132264529058116,0.0,0.0
shuffle5,21295,0.748451979890752,0.8316633266533067,0.0,0.0
shuffle5,21414,0.7058027063748722,0.6653306613226453,0.0,0.0
shuffle5,21436,0.6927616283170115,0.5130260521042084,0.0,0.0
shuffle5,21558,0.7213784575013777,0.717434869739479,0.0,0.0
shuffle5,21887,0.5541199187988465,0.05811623246492986,0.0,0.0
shuffle5,22215,0.70670226278451,0.5511022044088176,0.0,0.0
shuffle5,22299,0.6858633661081102,0.45490981963927857,0.0,0.0
shuffle5,22303,0.7614130111511019,0.8977955911823647,0.0,0.0
shuffle5,22452,0.5970114379775402,0.10220440881763528,0.0,0.0
shuffle5,22793,0.69160166342588,0.5771543086172345,0.0,0.0
shuffle5,22803,0.6706227826190432,0.3727454909819639,0.0,0.0
shuffle5,22924,0.6206656014841003,0.16633266533066132,0.0,0.0
shuffle5,23314,0.7501337010469604,0.905811623246493,0.0,0.0
shuffle5,23445,0.7329820580345445,0.751503006012024,0.0,0.0
shuffle5,23479,0.6033298175666753,0.14228456913827656,0.0,0.0
shuffle5,23623,0.6807953703351459,0.4028056112224449,0.0,0.0
shuffle5,23633,0.67112028629445,0.374749498997996,0.0,0.0
shuffle5,23642,0.7631654379594598,0.9198396793587175,0.0,0.0
shuffle5,23803,0.7342093737195702,0.8617234468937875,0.0,0.0
shuffle5,24062,0.6916796902060411,0.46693386773547096,0.0,0.0
shuffle5,24103,0.752395737361957,0.8577154308617234,0.0,0.0
shuffle5,24306,0.6703616070890492,0.35470941883767537,0.0,0.0
shuffle5,24700,0.7111214061027783,0.591182364729459,0.0,0.0
shuffle5,24790,0.5582731426135733,0.06212424849699399,0.0,0.0
shuffle5,25150,0.5973176290223302,0.08617234468937876,0.0,0.0
shuffle5,25166,0.6534792666160695,0.29458917835671344,0.0,0.0
shuffle5,25339,0.7315771849806784,0.7615230460921844,0.0,0.0
shuffle5,25360,0.7276119890542965,0.6452905811623246,0.0,0.0
shuffle5,25374,0.644790464520852,0.2625250501002004,0.0,0.0
shuffle5,25447,0.7231955162080301,0.6693386773547094,0.0,0.0
shuffle5,26070,0.683513382778363,0.46693386773547096,0.0,0.0
shuffle5,26146,0.670456709391726,0.33867735470941884,0.0,0.0
shuffle5,26419,0.6631641504339698,0.28256513026052105,0.0,0.0
shuffle5,26519,0.6270865809584556,0.20240480961923848,0.0,0.0
shuffle5,26535,0.6597132568776372,0.3046092184368738,0.0,0.0
shuffle5,26749,0.7429220165627919,0.8196392785571143,0.0,0.0
shuffle5,27131,0.6119102787219809,0.13026052104208416,0.0,0.0
shuffle5,27196,0.6623298761307663,0.3627254509018036,0.0,0.0
shuffle5,27240,0.7381467128634549,0.8637274549098196,0.0,0.0
shuffle5,27260,0.661175759578615,0.34468937875751504,0.0,0.0
shuffle5,27648,0.7335383060980794,0.6993987975951904,0.0,0.0
shuffle5,27688,0.7186403949024114,0.6813627254509018,0.0,0.0
shuffle5,27781,0.6630304007570865,0.3226452905811623,0.0,0.0
shuffle5,28157,0.7666804911210001,0.9599198396793587,0.0,0.0
shuffle5,28253,0.6682945401647231,0.36472945891783565,0.0,0.0
shuffle5,28276,0.7269414712608775,0.7414829659318637,0.0,0.0
shuffle5,28309,0.739236880534687,0.7835671342685371,0.0,0.0
shuffle5,28511,0.6077242217056374,0.11823647294589178,0.0,0.0
shuffle5,28548,0.7154722499416203,0.6372745490981964,0.0,0.0
shuffle5,28979,0.6044573102350438,0.1062124248496994,0.0,0.0
shuffle5,29018,0.6713555690753219,0.3807615230460922,0.0,0.0
shuffle5,29179,0.7243956502783411,0.7094188376753507,0.0,0.0
shuffle5,29221,0.7468115577555814,0.8537074148296593,0.0,0.0
shuffle5,29400,0.6001311001828367,0.12024048096192384,0.0,0.0
shuffle5,29511,0.6653546021029266,0.3166332665330661,0.0,0.0
shuffle5,29591,0.6792594156197556,0.4028056112224449,0.0,0.0
shuffle5,29610,0.6992838319208384,0.5551102204408818,0.0,0.0
shuffle5,29717,0.7436901203885702,0.781563126252505,0.0,0.0
shuffle5,29815,0.719002021938494,0.7094188376753507,0.0,0.0
shuffle5,29831,0.6343210827358945,0.20641282565130262,0.0,0.0
shuffle5,29903,0.7084371766793626,0.5951903807615231,0.0,0.0
shuffle5,29942,0.6448282561001308,0.27655310621242485,0.0,0.0
shuffle5,30016,0.5493570776291532,0.04408817635270541,0.0,0.0
shuffle5,30068,0.650824851754094,0.250501002004008,0.0,0.0
shuffle5,30077,0.7175809580874865,0.657314629258517,0.0,0.0
shuffle5,30139,0.7320694487327095,0.7154308617234469,0.0,0.0
shuffle5,30888,0.6989251056017485,0.5190380761523046,0.0,0.0
shuffle5,30961,0.7272996455533525,0.7374749498997996,0.0,0.0
shuffle5,31234,0.6051933327962095,0.20841683366733466,0.0,0.0
shuffle5,31244,0.6372967463051538,0.20440881763527055,0.0,0.0
shuffle5,31251,0.7028699634418266,0.6112224448897795,0.0,0.0
shuffle5,31280,0.564604771132298,0.050100200400801605,0.0,0.0
shuffle5,31503,0.7094767000844397,0.5851703406813628,0.0,0.0
shuffle5,31776,0.6523335522792877,0.3406813627254509,0.0,0.0
shuffle5,32051,0.7469432334576024,0.811623246492986,0.0,0.0
shuffle5,32062,0.6413276902233911,0.23847695390781562,0.0,0.0
shuffle5,32140,0.6717360271489545,0.35470941883767537,0.0,0.0
shuffle5,32365,0.7722130690218416,0.935871743486974,0.0,0.0
shuffle5,32427,0.6939056921026223,0.5170340681362725,0.0,0.0
shuffle5,32470,0.7511036707723764,0.8416833667334669,0.0,0.0
shuffle5,32532,0.5955540219392861,0.11422845691382766,0.0,0.0
shuffle5,32630,0.6607216468948517,0.27655310621242485,0.0,0.0
shuffle5,32680,0.7480638989404679,0.8557114228456913,0.0,0.0
shuffle5,32697,0.7705316736011596,0.9378757515030061,0.0,0.0
shuffle5,33057,0.7397333262685482,0.8717434869739479,0.0,0.0
shuffle5,33084,0.7385746333278187,0.8356713426853707,0.0,0.0
shuffle5,33123,0.7708300530247426,0.9218436873747495,0.0,0.0
shuffle5,33256,0.7247279406110803,0.6773547094188377,0.0,0.0
shuffle5,33264,0.7406068942248212,0.7675350701402806,0.0,0.0
shuffle5,33336,0.6465652303383902,0.3046092184368738,0.0,0.0
shuffle5,33342,0.755685010798666,0.9138276553106213,0.0,0.0
shuffle5,33512,0.6816647845400938,0.4408817635270541,0.0,0.0
shuffle5,33863,0.6605352643922286,0.3406813627254509,0.0,0.0
shuffle5,33990,0.7057638098725356,0.6412825651302605,0.0,0.0
shuffle5,34169,0.7410346699549268,0.7835671342685371,0.0,0.0
shuffle5,34198,0.7138626166087012,0.6432865731462926,0.0,0.0
shuffle5,34415,0.7367725444374518,0.7655310621242485,0.0,0.0
shuffle5,34509,0.7323620291707299,0.7294589178356713,0.0,0.0
shuffle5,34565,0.6164610526598924,0.13226452905811623,0.0,0.0
shuffle5,34854,0.6808786583938485,0.5230460921843687,0.0,0.0
shuffle5,34998,0.710526476347545,0.6372745490981964,0.0,0.0
shuffle5,35100,0.6195828608487148,0.16633266533066132,0.0,0.0
shuffle5,35119,0.7165308748879681,0.6072144288577155,0.0,0.0
shuffle5,35131,0.662582276631777,0.3186372745490982,0.0,0.0
shuffle5,35234,0.5336209330222467,0.028056112224448898,0.0,0.0
shuffle5,35269,0.7492511242124387,0.8517034068136272,0.0,0.0
shuffle5,35281,0.5782785630860082,0.08016032064128256,0.0,0.0
shuffle5,35475,0.523551756669411,0.018036072144288578,0.0,0.0
shuffle5,35600,0.741896956046005,0.7334669338677354,0.0,0.0
shuffle5,35613,0.6253758259698075,0.1963927855711423,0.0,0.0
shuffle5,35659,0.7132094568918873,0.625250501002004,0.0,0.0
shuffle5,35916,0.6633791164966312,0.342685370741483,0.0,0.0
shuffle5,35964,0.6895010501805097,0.5430861723446894,0.0,0.0
shuffle5,36198,0.6690303619086755,0.35470941883767537,0.0,0.0
shuffle5,36287,0.5622317295251958,0.04208416833667335,0.0,0.0
shuffle5,36543,0.6686484378774313,0.38276553106212424,0.0,0.0
shuffle5,36557,0.7893412216187705,0.9939879759519038,0.0,1.0
shuffle5,36992,0.7884799402263889,0.9919839679358717,0.0,1.0
shuffle5,37034,0.42770572097452264,0.002004008016032064,0.0,0.0
shuffle5,37053,0.7410731582500251,0.7875751503006012,0.0,0.0
shuffle5,37255,0.6438238607309852,0.24448897795591182,0.0,0.0
shuffle5,37362,0.6861004170790789,0.5150300601202404,0.0,0.0
shuffle5,37406,0.6358960956065591,0.22444889779559118,0.0,0.0
shuffle5,37505,0.7460777947541939,0.7935871743486974,0.0,0.0
shuffle5,37552,0.7069171352590771,0.627254509018036,0.0,0.0
shuffle5,37899,0.7743806772842547,0.9118236472945892,0.0,0.0
shuffle5,38091,0.6441393045795214,0.2605210420841683,0.0,0.0
shuffle5,38194,0.6519327750868815,0.30060120240480964,0.0,0.0
shuffle5,38375,0.5971388389445198,0.09819639278557114,0.0,0.0
shuffle5,38380,0.6919753952714456,0.5170340681362725,0.0,0.0
shuffle5,38833,0.6823757490146429,0.48697394789579157,0.0,0.0
shuffle5,38887,0.7422410833317512,0.8296593186372746,0.0,0.0
shuffle5,39183,0.5651322479618288,0.052104208416833664,0.0,0.0
shuffle5,39288,0.7234698941300991,0.7334669338677354,0.0,0.0
shuffle5,39384,0.6874058019274013,0.4649298597194389,0.0,0.0
shuffle5,39490,0.8103060410822485,0.9939879759519038,0.0,1.0
shuffle5,39557,0.7561748952064897,0.8777555110220441,0.0,0.0
shuffle5,39756,0.6315631692477315,0.2124248496993988,0.0,0.0
shuffle5,39793,0.6233214651793682,0.18036072144288579,0.0,0.0
shuffle5,39920,0.6314472124109745,0.19238476953907815,0.0,0.0
shuffle5,39986,0.693593131344135,0.531062124248497,0.0,0.0
shuffle5,40269,0.7461817544090683,0.7835671342685371,0.0,0.0
shuffle5,40756,0.7504272366376437,0.8136272545090181,0.0,0.0
shuffle5,40798,0.7853021658907138,0.9859719438877755,0.0,0.0
shuffle5,40819,0.7816827557500933,0.9599198396793587,0.0,0.0
shuffle5,40933,0.6420237261360824,0.20240480961923848,0.0,0.0
shuffle5,40990,0.6148583999395589,0.18637274549098196,0.0,0.0
shuffle5,41120,0.7150213157805803,0.6232464929859719,0.0,0.0
shuffle5,41402,0.651242784959618,0.2605210420841683,0.0,0.0
shuffle5,41540,0.6602564636030699,0.3246492985971944,0.0,0.0
shuffle5,41555,0.712616842715263,0.5771543086172345,0.0,0.0
shuffle5,41561,0.6152417057928166,0.156312625250501,0.0,0.0
shuffle5,41592,0.666085374317043,0.35470941883767537,0.0,0.0
shuffle5,41636,0.734734984310006,0.7555110220440882,0.0,0.0
shuffle5,41640,0.6832272074743885,0.4188376753507014,0.0,0.0
shuffle5,41924,0.763260114537808,0.9098196392785571,0.0,0.0
shuffle5,41976,0.5544770651000779,0.06412825651302605,0.0,0.0
shuffle5,42022,0.6455031727723644,0.24248496993987975,0.0,0.0
shuffle5,42251,0.7309078711960986,0.7695390781563126,0.0,0.0
shuffle5,42302,0.6099241080050735,0.1282565130260521,0.0,0.0
shuffle5,42466,0.6663062337393248,0.35470941883767537,0.0,0.0
shuffle5,42679,0.6904319856819852,0.5190380761523046,0.0,0.0
shuffle5,43065,0.6604801055767577,0.33867735470941884,0.0,0.0
shuffle5,43198,0.6913721121083123,0.4348697394789579,0.0,0.0
shuffle5,43211,0.715332890803375,0.5991983967935872,0.0,0.0
shuffle5,43332,0.5820955893796342,0.08216432865731463,0.0,0.0
shuffle5,43546,0.7516887832792221,0.8376753507014028,0.0,0.0
shuffle5,43584,0.6164775200533644,0.13026052104208416,0.0,0.0
shuffle5,44248,0.6907880609602087,0.45090180360721444,0.0,0.0
shuffle5,44279,0.7419811654541237,0.7895791583166333,0.0,0.0
shuffle5,44360,0.7587919276816897,0.8877755511022044,0.0,0.0
shuffle5,44413,0.6433593298892393,0.20040080160320642,0.0,0.0
shuffle5,44422,0.6926316948485324,0.5531062124248497,0.0,0.0
shuffle5,44903,0.5846021148407217,0.10821643286573146,0.0,0.0
shuffle5,44975,0.7154672099422976,0.6092184368737475,0.0,0.0
shuffle5,45377,0.7306479788057305,0.7334669338677354,0.0,0.0
shuffle5,45528,0.6976501615761157,0.5691382765531062,0.0,0.0
shuffle5,45699,0.5782273200658449,0.08216432865731463,0.0,0.0
shuffle5,45952,0.6645612397625464,0.36072144288577157,0.0,0.0
shuffle5,45987,0.6944966332867588,0.5070140280561122,0.0,0.0
shuffle5,46166,0.5212432307140786,0.01603206412825651,0.0,0.0
shuffle5,46276,0.736781686885991,0.8036072144288577,0.0,0.0
shuffle5,46403,0.7365177858709793,0.7595190380761523,0.0,0.0
shuffle5,46524,0.5529713610139823,0.04809619238476954,0.0,0.0
shuffle5,46653,0.6474234740342818,0.24248496993987975,0.0,0.0
shuffle5,47030,0.7026524421907312,0.5691382765531062,0.0,0.0
shuffle5,47086,0.6484155415193682,0.24248496993987975,0.0,0.0
shuffle5,47093,0.6865905900930889,0.48096192384769537,0.0,0.0
shuffle5,47122,0.773067701657341,0.9458917835671342,0.0,0.0
shuffle5,47125,0.6773826410690256,0.5190380761523046,0.0,0.0
shuffle5,47331,0.7997047079339157,0.9899799599198397,0.0,0.0
shuffle5,47471,0.6320900758596537,0.22645290581162325,0.0,0.0
shuffle5,47583,0.5396326854119564,0.03406813627254509,0.0,0.0
shuffle5,47744,0.689110500619638,0.5490981963927856,0.0,0.0
shuffle5,47907,0.5241643978842214,0.02004008016032064,0.0,0.0
shuffle5,48376,0.8166926184553738,0.9939879759519038,0.0,1.0
shuffle5,48655,0.7099616190229835,0.591182364729459,0.0,0.0
shuffle5,48911,0.7383085544172872,0.7875751503006012,0.0,0.0
shuffle5,49170,0.7100491829464528,0.5270541082164328,0.0,0.0
shuffle5,49195,0.7230153589059577,0.6813627254509018,0.0,0.0
shuffle5,49256,0.6572366034862849,0.28857715430861725,0.0,0.0
shuffle5,49315,0.7208706664757116,0.7014028056112225,0.0,0.0
shuffle5,49474,0.7503440584014777,0.8937875751503006,0.0,0.0
shuffle5,49475,0.7103806875173686,0.6913827655310621,0.0,0.0
shuffle5,49678,0.6290414545985404,0.19839679358717435,0.0,0.0
shuffle5,49702,0.7278469549229645,0.7134268537074149,0.0,0.0
shuffle5,49760,0.7546827817303705,0.843687374749499,0.0,0.0
shuffle5,50203,0.5661211841160668,0.06012024048096192,0.0,0.0
shuffle5,50210,0.5748061085197642,0.0841683366733467,0.0,0.0
shuffle5,50622,0.627734383096715,0.18637274549098196,0.0,0.0
shuffle5,50708,0.6884693150394018,0.4288577154308617,0.0,0.0
shuffle5,50739,0.6142724479387198,0.15831663326653306,0.0,0.0
shuffle5,50850,0.7027374543196812,0.5871743486973948,0.0,0.0
shuffle5,51008,0.7610927433723005,0.9118236472945892,0.0,0.0
shuffle5,51227,0.7144113377080195,0.627254509018036,0.0,0.0
shuffle5,51300,0.7050108820627949,0.6152304609218436,0.0,0.0
shuffle5,51380,0.7162299801573803,0.6492985971943888,0.0,0.0
shuffle5,51385,0.7048972032969287,0.6152304609218436,0.0,0.0
shuffle5,51436,0.7063679751280776,0.5791583166332666,0.0,0.0
shuffle5,51517,0.6648422465828282,0.3366733466933868,0.0,0.0
shuffle5,51688,0.7345808423587384,0.7474949899799599,0.0,0.0
shuffle5,51865,0.662578676265664,0.3106212424849699,0.0,0.0
shuffle5,51943,0.6993851316470688,0.533066132264529,0.0,0.0
shuffle5,51956,0.615306322948971,0.12625250501002003,0.0,0.0
shuffle5,51990,0.6132537339224525,0.13627254509018036,0.0,0.0
shuffle5,52228,0.5441523948576206,0.04809619238476954,0.0,0.0
shuffle5,52277,0.6985340139796077,0.47695390781563124,0.0,0.0
shuffle5,52729,0.6754179466407861,0.4348697394789579,0.0,0.0
shuffle5,52733,0.7394220509855671,0.8076152304609219,0.0,0.0
shuffle5,52803,0.6981817920387065,0.5170340681362725,0.0,0.0
shuffle5,52927,0.7445337113298791,0.8036072144288577,0.0,0.0
shuffle5,53445,0.6841618992745885,0.5851703406813628,0.0,0.0
shuffle5,53659,0.8023373219238229,0.9879759519038076,0.0,0.0
shuffle5,53729,0.6864154433680212,0.46292585170340683,0.0,0.0
shuffle5,53974,0.6838196930855229,0.43887775551102204,0.0,0.0
shuffle5,54054,0.6345202275430655,0.22444889779559118,0.0,0.0
shuffle5,54099,0.739974448161951,0.8176352705410822,0.0,0.0
shuffle5,54250,0.783895064111882,0.9759519038076152,0.0,0.0
shuffle5,54336,0.6742628063502207,0.39879759519038077,0.0,0.0
shuffle5,54681,0.7197691267064168,0.6673346693386774,0.0,0.0
shuffle5,55202,0.7209222114105519,0.7034068136272545,0.0,0.0
shuffle5,55501,0.7488563134245648,0.8096192384769539,0.0,0.0
shuffle5,55597,0.702939345764964,0.5490981963927856,0.0,0.0
shuffle5,55741,0.6767041425160403,0.33867735470941884,0.0,0.0
shuffle5,55808,0.7335802737234012,0.8016032064128257,0.0,0.0
shuffle5,55876,0.748973987573256,0.8416833667334669,0.0,0.0
shuffle5,55878,0.6731629765558418,0.35070140280561124,0.0,0.0
shuffle5,56047,0.6528133910362245,0.280561122244489,0.0,0.0
shuffle5,56131,0.4280151540354562,0.004008016032064128,0.0,0.0
shuffle5,56162,0.5951894627208469,0.10020040080160321,0.0,0.0
shuffle5,56272,0.6996099193598843,0.5871743486973948,0.0,0.0
shuffle5,56496,0.5702980049205809,0.06613226452905811,0.0,0.0
shuffle5,56554,0.7149325882680744,0.6112224448897795,0.0,0.0
shuffle5,56629,0.6953161953291699,0.5390781563126252,0.0,0.0
shuffle5,56651,0.6958324873000727,0.5851703406813628,0.0,0.0
shuffle5,56698,0.4606959668902746,0.006012024048096192,0.0,0.0
shuffle5,56873,0.6314349217400419,0.21643286573146292,0.0,0.0
shuffle5,56963,0.7537225359311441,0.8076152304609219,0.0,0.0
shuffle5,57114,0.7742297577859572,0.9478957915831663,0.0,0.0
shuffle5,57244,0.8048710100725365,0.9959919839679359,0.0,1.0
shuffle5,57830,0.7423448282428142,0.8276553106212425,0.0,0.0
shuffle5,57994,0.7669136986368481,0.9158316633266533,0.0,0.0
shuffle5,58004,0.7979124071621464,0.9819639278557114,0.0,0.0
shuffle5,58157,0.5804797946532876,0.07014028056112225,0.0,0.0
shuffle5,58169,0.6387458969255442,0.29458917835671344,0.0,0.0
shuffle5,58252,0.7797854102799797,0.9619238476953907,0.0,0.0
shuffle5,58341,0.7370735497849903,0.7615230460921844,0.0,0.0
shuffle5,58458,0.6963730350344854,0.5390781563126252,0.0,0.0
shuffle5,58572,0.7642715035203089,0.9098196392785571,0.0,0.0
shuffle5,58835,0.6922522022425341,0.48897795591182364,0.0,0.0
shuffle5,58977,0.716360464492015,0.6452905811623246,0.0,0.0
shuffle5,58988,0.7618677577828988,0.8797595190380761,0.0,0.0
shuffle5,59101,0.7471029859004199,0.7895791583166333,0.0,0.0
shuffle5,59177,0.7014674676038469,0.5490981963927856,0.0,0.0
shuffle5,59183,0.7740947757801001,0.9298597194388778,0.0,0.0
shuffle5,59219,0.7946667506342484,0.9979959919839679,0.0,1.0
shuffle5,59293,0.7522988924802898,0.8897795591182365,0.0,0.0
shuffle5,59464,0.6502232098320959,0.3106212424849699,0.0,0.0
shuffle5,59470,0.6379641342395697,0.2565130260521042,0.0,0.0
shuffle5,59508,0.6053131030440457,0.1282565130260521,0.0,0.0
shuffle5,59838,0.7971470755366177,0.9839679358717435,0.0,0.0
shuffle5,59905,0.6933268774491006,0.5470941883767535,0.0,0.0
shuffle5,60063,0.7313320611738989,0.8657314629258517,0.0,0.0
shuffle5,60496,0.6712400942850126,0.3727454909819639,0.0,0.0
shuffle5,60707,0.636975533974219,0.1843687374749499,0.0,0.0
shuffle5,60784,0.6749872334670048,0.46693386773547096,0.0,0.0
shuffle5,60932,0.691147147663,0.4849699398797595,0.0,0.0
shuffle5,61327,0.7569546688870081,0.8897795591182365,0.0,0.0
shuffle5,61653,0.7274784055726378,0.6973947895791583,0.0,0.0
shuffle5,61683,0.6928763291230517,0.45090180360721444,0.0,0.0
shuffle5,61701,0.5686424916339987,0.06813627254509018,0.0,0.0
shuffle5,61868,0.6967274213159466,0.5430861723446894,0.0,0.0
shuffle5,61878,0.7074215649771678,0.5370741482965932,0.0,0.0
shuffle5,62117,0.6765957932305477,0.43286573146292584,0.0,0.0
shuffle5,62587,0.757010632689634,0.8857715430861723,0.0,0.0
shuffle5,62627,0.6276724275077263,0.1903807615230461,0.0,0.0
shuffle5,63062,0.7695753807877537,0.9478957915831663,0.0,0.0
shuffle5,63247,0.6816184921508844,0.5410821643286573,0.0,0.0
shuffle5,63837,0.6601961676226584,0.32064128256513025,0.0,0.0
shuffle5,63869,0.6252414908442536,0.19238476953907815,0.0,0.0
shuffle5,64050,0.7799546154683142,0.9759519038076152,0.0,0.0
shuffle5,64148,0.6026065634309279,0.11623246492985972,0.0,0.0
shuffle5,64195,0.7350505740749704,0.8136272545090181,0.0,0.0
shuffle5,64262,0.69634831059512,0.5591182364729459,0.0,0.0
shuffle5,64417,0.6800014033232209,0.6372745490981964,0.0,0.0
shuffle5,64547,0.7419709552779521,0.8056112224448898,0.0,0.0
shuffle5,64783,0.5631358935374338,0.06012024048096192,0.0,0.0
shuffle5,64851,0.6586233125763588,0.3166332665330661,0.0,0.0
shuffle5,64925,0.7253623199138972,0.6472945891783567,0.0,0.0
shuffle5,65218,0.776165310882206,0.9759519038076152,0.0,0.0
shuffle5,65340,0.5017478588126217,0.01002004008016032,0.0,0.0
shuffle5,65348,0.620773733185304,0.1743486973947896,0.0,0.0
shuffle5,65417,0.7768365107015622,0.9659318637274549,0.0,0.0
shuffle5,65553,0.7697129872462298,0.9078156312625251,0.0,0.0
shuffle5,65609,0.7502531658300757,0.843687374749499,0.0,0.0
shuffle5,65690,0.7530076930695333,0.9138276553106213,0.0,0.0
shuffle5,65878,0.7133984991737246,0.655310621242485,0.0,0.0
shuffle5,66058,0.7179278540749552,0.7094188376753507,0.0,0.0
shuffle5,66209,0.6643475025342223,0.4228456913827655,0.0,0.0
shuffle5,66269,0.5892978652581025,0.08216432865731463,0.0,0.0
shuffle5,66437,0.7353880834438654,0.8597194388777555,0.0,0.0
shuffle5,66512,0.6826898424986054,0.43286573146292584,0.0,0.0
shuffle5,66559,0.7041215484386808,0.6072144288577155,0.0,0.0
shuffle5,66875,0.6669199436922042,0.37675350701402804,0.0,0.0
shuffle5,67261,0.7593805235956141,0.8817635270541082,0.0,0.0
shuffle5,67281,0.6685552150046569,0.3807615230460922,0.0,0.0
shuffle5,67361,0.7095747736135725,0.5831663326653307,0.0,0.0
shuffle5,67444,0.5784956329734028,0.0841683366733467,0.0,0.0
shuffle5,67673,0.6799769426562197,0.38877755511022044,0.0,0.0
shuffle5,67708,0.7500704672527867,0.9178356713426854,0.0,0.0
shuffle5,67899,0.6547585355830243,0.2925851703406814,0.0,0.0
shuffle5,68121,0.6694404182406922,0.4649298597194389,0.0,0.0
shuffle5,68127,0.6292127185549803,0.24448897795591182,0.0,0.0
shuffle5,68173,0.7113247581445641,0.6332665330661322,0.0,0.0
shuffle5,68193,0.7202977922637527,0.6653306613226453,0.0,0.0
shuffle5,68287,0.6858685885525189,0.43286573146292584,0.0,0.0
shuffle5,68394,0.5850045748680958,0.10020040080160321,0.0,0.0
shuffle5,68473,0.6467875570639701,0.23847695390781562,0.0,0.0
shuffle5,68532,0.5724040444424146,0.07414829659318638,0.0,0.0
shuffle5,68553,0.7387551066239637,0.7895791583166333,0.0,0.0
shuffle5,68819,0.6680867204596583,0.3787575150300601,0.0,0.0
shuffle5,69085,0.644179409732432,0.23847695390781562,0.0,0.0
shuffle5,69087,0.6698781981220121,0.4168336673346693,0.0,0.0
shuffle5,69137,0.7148808479438137,0.6713426853707415,0.0,0.0
shuffle5,69462,0.6978718538874484,0.5230460921843687,0.0,0.0
shuffle5,69641,0.7218304521353687,0.6673346693386774,0.0,0.0
shuffle5,70279,0.5899540552340781,0.09218436873747494,0.0,0.0
shuffle5,70372,0.8243650532419973,1.0,1.0,1.0
shuffle5,70496,0.6673725348102544,0.3847695390781563,0.0,0.0
shuffle5,70765,0.6854145848986045,0.4789579158316633,0.0,0.0
shuffle5,71264,0.6286358698442212,0.17234468937875752,0.0,0.0
shuffle5,71624,0.6675797580355054,0.3907815631262525,0.0,0.0
shuffle5,71735,0.6646651826354206,0.34468937875751504,0.0,0.0
shuffle5,72089,0.7203438400371933,0.6653306613226453,0.0,0.0
shuffle5,72151,0.7524790575507542,0.8537074148296593,0.0,0.0
shuffle5,72389,0.6586929193185036,0.33867735470941884,0.0,0.0
shuffle5,72527,0.645139649051564,0.30060120240480964,0.0,0.0
R,95,0.8246505724908241,0.9929859719438878,0.0,0.5
R,204,0.6526699058693015,0.9288577154308617,0.0,0.0
R,318,0.5668510008415555,0.8557114228456913,0.0,0.0
R,356,0.6105868176541633,0.9428857715430862,0.0,0.0
R,425,0.6423144707201818,0.9739478957915831,0.0,0.0
R,458,0.6477676018311518,0.9358717434869739,0.0,0.0
R,637,0.5073327301514128,0.9208416833667334,0.0,0.0
R,709,0.6783007560105705,0.9939879759519038,0.0,1.0
R,868,0.4611596266915896,0.469939879759519,0.0,0.0
R,1015,0.6786943489628758,0.9989979959919839,0.5,1.0
R,1288,0.6530999748623993,0.9829659318637274,0.0,0.5
R,1589,0.6017087492032261,0.8927855711422845,0.0,0.0
R,1744,0.6806706945364086,0.9869739478957915,0.0,0.0
R,1818,0.5681768806281735,0.9198396793587175,0.0,0.0
R,2070,0.3323626835891476,0.4789579158316633,0.0,0.0
R,2125,0.5328954529130119,0.7114228456913827,0.0,0.0
R,2327,0.5758135269037481,0.8567134268537074,0.0,0.0
R,2737,0.7313269757780567,0.9549098196392785,0.0,0.0
R,2795,0.7213498175827284,0.9659318637274549,0.0,0.0
R,2980,0.843628801792665,0.9809619238476954,0.0,0.5
R,3338,0.5092884836510927,0.33567134268537074,0.0,0.0
R,3344,0.345344880943784,0.04008016032064128,0.0,0.0
R,3368,0.625305683672821,0.8987975951903807,0.0,0.0
R,3731,0.5261616616898905,0.5961923847695391,0.0,0.0
R,3803,0.4808922637216742,0.8186372745490982,0.0,0.0
R,4292,0.55865329344904,0.9839679358717435,0.5,0.5
R,4409,0.6487513596975079,0.9929859719438878,0.5,0.5
R,4476,0.6293504850998815,0.9799599198396793,0.0,0.5
R,4509,0.6492265494848883,0.9458917835671343,0.0,0.5
R,4927,0.5486907164880495,0.8707414829659319,0.0,0.0
R,4967,0.7915889986391811,0.9749498997995991,0.0,0.5
R,5340,0.6574252992514458,0.965931863727455,0.0,0.5
R,5582,0.7607799963358203,0.9979959919839679,0.0,1.0
R,5656,0.6002452018615587,0.8056112224448898,0.0,0.0
R,5683,0.8031038367052079,0.9959919839679359,0.0,1.0
R,5790,0.5493675696989873,0.4779559118236473,0.0,0.0
R,5929,0.456634263658658,0.15731462925851702,0.0,0.0
R,6315,0.6857147452573836,0.9749498997995991,0.0,0.0
R,6360,0.45859954570016054,0.5470941883767535,0.0,0.0
R,6454,0.6233544489860093,0.969939879759519,0.0,0.0
R,6603,0.5393482412056787,0.7444889779559118,0.0,0.0
R,6750,0.5929964104345282,0.8106212424849699,0.0,0.0
R,6759,0.7933427540875786,0.9719438877755511,0.0,0.0
R,6770,0.7222910654430239,0.9839679358717435,0.0,0.0
R,6991,0.5441537349147293,0.6302605210420842,0.0,0.0
R,7306,0.516847627223866,0.685370741482966,0.0,0.0
R,7355,0.5435833116739762,0.7054108216432866,0.0,0.0
R,7899,0.5952616520687204,0.9949899799599198,0.0,1.0
R,8061,0.4054948163419777,0.685370741482966,0.0,0.0
R,8215,0.5039295667021416,0.7705410821643286,0.0,0.0
R,8234,0.6940089308260542,0.9579158316633267,0.0,0.0
R,8238,0.6795976339807626,0.9328657314629258,0.0,0.0
R,8275,0.5158444684527029,0.3466933867735471,0.0,0.0
R,8367,0.717572200937295,0.9939879759519038,0.0,1.0
R,8828,0.6556465484089989,0.9278557114228456,0.0,0.0
R,8862,0.7691098071091015,1.0,1.0,1.0
R,8926,0.572515216300064,0.9178356713426854,0.0,0.5
R,9188,0.8077205212695253,0.9899799599198397,0.0,0.5
R,9298,0.573998530644024,0.9609218436873748,0.0,0.0
R,9376,0.8289880019489951,0.9959919839679359,0.5,1.0
R,9712,0.45585331957647623,0.657314629258517,0.0,0.0
R,9877,0.713939584624175,0.9839679358717435,0.0,0.0
R,10115,0.419947348888286,0.17935871743486975,0.0,0.0
R,10191,0.8081075840472083,1.0,1.0,1.0
R,10361,0.5093208071105644,0.8186372745490982,0.0,0.0
R,10602,0.7045863131252403,0.9739478957915831,0.0,0.0
R,10622,0.6820673269951055,0.9639278557114228,0.0,0.5
R,11050,0.5734759062990531,0.970941883767535,0.0,0.0
R,11274,0.6959315782631728,0.9769539078156313,0.0,0.0
R,11493,0.6830605518455646,0.9839679358717435,0.5,0.5
R,11757,0.662278614793236,0.9869739478957915,0.0,0.5
R,11886,0.7035258161488851,0.9298597194388778,0.0,0.0
R,12122,0.6622004890248735,0.9959919839679359,0.0,1.0
R,12225,0.5598763299245806,0.5841683366733468,0.0,0.0
R,12292,0.4707910250404915,0.5430861723446894,0.0,0.0
R,12340,0.6667627224777606,0.9829659318637274,0.0,0.0
R,12386,0.6209539060114099,0.9569138276553106,0.0,0.0
R,12597,0.5157505927949695,0.9509018036072144,0.0,0.0
R,13041,0.664055545506715,0.9509018036072144,0.0,0.0
R,13134,0.5542045402488955,0.8797595190380761,0.0,0.0
R,13223,0.6017017193558483,0.9018036072144289,0.0,0.0
R,13298,0.5934975600828511,0.9168336673346693,0.0,0.0
R,13587,0.4943012361826901,0.5100200400801603,0.0,0.0
R,13703,0.4732692984221081,0.5551102204408818,0.0,0.0
R,13741,0.5688875682230423,0.7665330661322645,0.0,0.0
R,13749,0.4684374362925472,0.43186372745490986,0.0,0.0
R,13826,0.5743648227910629,0.9118236472945892,0.0,0.0
R,13842,0.7206841498196399,0.9338677354709419,0.0,0.0
R,13879,0.5111147561163288,0.7494989979959921,0.0,0.0
R,13895,0.5212580758419266,0.7164328657314629,0.0,0.0
R,13938,0.8315129464984901,0.9919839679358717,0.0,1.0
R,14049,0.70238932454707,0.9629258517034068,0.5,0.5
R,14170,0.7509188353194132,0.9498997995991983,0.0,0.0
R,14245,0.7721606882050115,0.9889779559118237,0.0,0.5
R,14274,0.4913409898499981,0.29158316633266534,0.0,0.0
R,14728,0.6229679121106486,0.9639278557114228,0.0,0.0
R,15068,0.8189983739582476,0.9799599198396793,0.0,0.5
R,15181,0.5973249688368146,0.9128256513026052,0.0,0.0
R,15182,0.5059788375981527,0.8907815631262526,0.0,0.0
R,15191,0.5578434931642073,0.8386773547094188,0.0,0.0
R,15274,0.6828231828596705,0.8777555110220441,0.0,0.0
R,15386,0.535251469049933,0.7655310621242486,0.0,0.0
R,15438,0.4893167812433294,0.5521042084168336,0.0,0.0
R,15516,0.5305772722833633,0.814629258517034,0.0,0.0
R,15631,0.6074250231554266,0.9188376753507015,0.0,0.0
R,15632,0.623691876744725,0.8496993987975952,0.5,0.5
R,15865,0.525853192975003,0.6482965931863728,0.0,0.0
R,15898,0.6828993021119194,0.9609218436873748,0.0,0.0
R,15953,0.580154338645235,0.8166332665330662,0.0,0.0
R,15985,0.7689102844972231,0.996993987975952,0.0,1.0
R,16251,0.7078438801003115,0.9889779559118237,0.0,0.5
R,16424,0.5797227765371795,0.8967935871743486,0.0,0.0
R,16525,0.6813211699157793,0.9919839679358717,0.0,0.5
R,16625,0.8802960147622607,0.9959919839679359,0.5,1.0
R,16718,0.5370656845984589,0.8476953907815632,0.0,0.0
R,16800,0.5889893406347237,0.9348697394789579,0.0,0.0
R,17017,0.5595068448118359,0.9909819639278556,0.0,0.5
R,17605,0.5644385970714979,0.7885771543086173,0.0,0.0
R,17651,0.5098258042107224,0.4188376753507014,0.0,0.0
R,17795,0.5160432416259529,0.5841683366733468,0.0,0.0
R,17843,0.581970676430335,0.9068136272545091,0.0,0.0
R,17865,0.7000609137854904,0.9909819639278556,0.0,0.5
R,17946,0.6562686655321468,0.9729458917835672,0.0,0.0
R,17987,0.5952411033265347,0.9569138276553106,0.0,0.0
R,18115,0.49563220442371914,0.7474949899799599,0.0,0.0
R,18159,0.595779432318313,0.8847695390781563,0.0,0.0
R,18170,0.5813086449355154,0.9919839679358717,0.0,1.0
R,18556,0.6522509641122803,0.8807615230460921,0.0,0.0
R,18888,0.7110076744353804,1.0,1.0,1.0
R,18960,0.7176434549757654,1.0,1.0,1.0
R,19331,0.6719794064544882,0.9168336673346693,0.0,0.0
R,19471,0.568845109911398,0.4779559118236473,0.0,0.0
R,19593,0.38799594311454955,0.3476953907815631,0.0,0.0
R,19605,0.4320828831520823,0.4408817635270541,0.0,0.0
R,20013,0.6299579424038659,0.970941883767535,0.0,0.0
R,20072,0.6413166255298132,0.9529058116232465,0.0,0.0
R,20317,0.6358152654712039,0.9378757515030061,0.0,0.0
R,20380,0.3501278794833703,0.36873747494989983,0.0,0.0
R,20520,0.7127604572663646,0.9849699398797596,0.0,0.5
R,20545,0.7588169684552007,0.996993987975952,0.0,1.0
R,20863,0.6540464333047123,0.9839679358717435,0.0,0.0
R,20882,0.8298424231213563,0.9959919839679359,0.0,1.0
R,20904,0.6997268487149919,0.9509018036072144,0.0,0.5
R,21295,0.7375820403063889,0.9629258517034067,0.0,0.0
R,21414,0.8274779346007437,0.9989979959919839,0.5,1.0
R,21436,0.6511845121235265,0.8807615230460921,0.0,0.0
R,21558,0.6571075447055947,0.9949899799599198,0.0,1.0
R,21887,0.4965859659931567,0.6312625250501002,0.0,0.0
R,22215,0.49212666277656947,0.4248496993987976,0.0,0.0
R,22299,0.6327065781843095,0.9258517034068137,0.0,0.5
R,22303,0.6488825012239788,0.9599198396793587,0.0,0.0
R,22452,0.568494295284836,0.8236472945891784,0.0,0.0
R,22793,0.6461600026346801,0.9659318637274549,0.0,0.0
R,22803,0.5581432191929958,0.8086172344689379,0.0,0.0
R,22924,0.6112254802876992,0.9549098196392786,0.0,0.5
R,23314,0.833955600385019,0.996993987975952,0.5,1.0
R,23445,0.7171223418886495,0.9458917835671343,0.0,0.0
R,23479,0.5625695673150096,0.9298597194388778,0.0,0.0
R,23623,0.46350383032111275,0.7975951903807615,0.0,0.0
R,23633,0.5356429250449954,0.6653306613226453,0.0,0.0
R,23642,0.5269503858149177,0.9138276553106213,0.0,0.5
R,23803,0.7976644253360463,0.9879759519038076,0.0,0.5
R,24062,0.5512896732377344,0.6132264529058116,0.0,0.0
R,24103,0.5950709514344181,0.8196392785571143,0.0,0.0
R,24306,0.7214376004859852,0.9989979959919839,0.5,1.0
R,24700,0.6572324026112019,0.9579158316633266,0.0,0.0
R,24790,0.5563353724071378,0.9789579158316633,0.0,0.0
R,25150,0.6671363884005199,0.9839679358717435,0.0,0.5
R,25166,0.5912986207861857,0.9529058116232465,0.0,0.0
R,25339,0.6636776213721431,0.9779559118236473,0.0,0.5
R,25360,0.6138852129710497,0.9018036072144289,0.0,0.0
R,25374,0.5642665661907313,0.7334669338677355,0.0,0.0
R,25447,0.6561229614127904,0.9879759519038076,0.0,0.5
R,26070,0.4798272832231783,0.5450901803607214,0.0,0.0
R,26146,0.7012753521952004,0.9849699398797596,0.0,0.5
R,26419,0.5794171672690656,0.8987975951903808,0.0,0.0
R,26519,0.4131092699959299,0.7024048096192386,0.0,0.0
R,26535,0.5739913572643899,0.938877755511022,0.0,0.0
R,26749,0.7796172429454867,0.996993987975952,0.0,1.0
R,27131,0.5598377133907992,0.5651302605210421,0.5,0.5
R,27196,0.5921903160355937,0.8577154308617234,0.0,0.0
R,27240,0.6749778702916163,0.9889779559118237,0.0,0.5
R,27260,0.63769772158933,0.9759519038076152,0.5,0.5
R,27648,0.7851427013359382,0.9949899799599198,0.0,1.0
R,27688,0.7000640893942773,0.9849699398797596,0.0,0.0
R,27781,0.5233083446897293,0.5531062124248497,0.0,0.0
R,28157,0.6894215773105399,0.9498997995991985,0.0,0.0
R,28253,0.5399679653411154,0.5711422845691383,0.0,0.0
R,28276,0.5800616841618613,0.8627254509018036,0.0,0.0
R,28309,0.7116240017018526,0.9859719438877755,0.5,0.5
R,28511,0.48136304486412057,0.18036072144288579,0.0,0.0
R,28548,0.780662645712614,0.9729458917835672,0.0,0.0
R,28979,0.5119469424290484,0.406813627254509,0.0,0.0
R,29018,0.609410065987753,0.9438877755511021,0.0,0.0
R,29179,0.8356760949188136,0.9949899799599198,0.0,1.0
R,29221,0.7954269259678483,0.9959919839679359,0.0,1.0
R,29400,0.6057579928876413,0.8867735470941884,0.0,0.0
R,29511,0.5389815010247418,0.43987975951903807,0.0,0.0
R,29591,0.49039055402939885,0.8366733466933868,0.0,0.0
R,29610,0.7089296156378158,0.9929859719438878,0.5,0.5
R,29717,0.7696454933993542,0.9719438877755511,0.0,0.0
R,29815,0.8010034075487131,0.9859719438877755,0.0,0.5
R,29831,0.6637641136985852,0.9649298597194389,0.0,0.0
R,29903,0.6688918302278661,0.9959919839679359,0.5,1.0
R,29942,0.5002413176462011,0.4659318637274549,0.0,0.0
R,30016,0.4698910246268077,0.4228456913827655,0.0,0.0
R,30068,0.6012579424096135,0.5771543086172345,0.5,0.5
R,30077,0.8034055549448647,0.9879759519038076,0.0,0.5
R,30139,0.6151852841416894,0.9789579158316633,0.0,0.0
R,30888,0.6292673889979432,0.9619238476953907,0.0,0.0
R,30961,0.7905663994013075,0.996993987975952,0.0,1.0
R,31234,0.6647422997289743,0.9839679358717435,0.0,0.5
R,31244,0.4710630572544389,0.3016032064128257,0.0,0.0
R,31251,0.5155951717265599,0.9408817635270541,0.0,0.0
R,31280,0.7137550125014005,0.9749498997995991,0.0,0.5
R,31503,0.6498845220843879,0.968937875751503,0.0,0.0
R,31776,0.5799208021624819,0.8687374749498997,0.0,0.5
R,32051,0.7159152981757528,0.9979959919839679,0.5,1.0
R,32062,0.5333662404763999,0.8436873747494991,0.0,0.0
R,32140,0.7760660234818629,0.9839679358717435,0.0,0.0
R,32365,0.6347043302976081,0.9118236472945891,0.0,0.0
R,32427,0.6106508263436312,0.8517034068136273,0.0,0.5
R,32470,0.6469695289985746,0.871743486973948,0.0,0.0
R,32532,0.4795325487199715,0.21042084168336675,0.0,0.0
R,32630,0.6842202215413357,0.9448897795591182,0.0,0.0
R,32680,0.7504367885454193,0.9949899799599198,0.0,1.0
R,32697,0.7913713934544644,0.9749498997995991,0.0,0.0
R,33057,0.6116234113927048,0.7895791583166333,0.0,0.0
R,33084,0.7729961107766966,0.9789579158316633,0.0,0.5
R,33123,0.7142324648272301,0.9989979959919839,0.5,1.0
R,33256,0.6800502735614694,0.9909819639278556,0.0,0.5
R,33264,0.7846523879820873,0.9989979959919839,0.5,1.0
R,33336,0.567575995884456,0.7414829659318638,0.0,0.0
R,33342,0.5430886679906235,0.842685370741483,0.0,0.0
R,33512,0.6141240344597154,0.9609218436873748,0.0,0.0
R,33863,0.58426610044489,0.8687374749498998,0.0,0.0
R,33990,0.7440192019229263,0.9749498997995991,0.0,0.0
R,34169,0.6074010078061223,0.9869739478957915,0.0,0.5
R,34198,0.6096069817533611,0.8697394789579158,0.0,0.0
R,34415,0.695751042855212,0.9919839679358717,0.0,0.5
R,34509,0.5669389921621555,0.5671342685370742,0.0,0.0
R,34565,0.6980107868414331,0.9899799599198397,0.0,0.0
R,34854,0.8787332457727952,0.9989979959919839,0.5,1.0
R,34998,0.6784042899132752,0.8867735470941884,0.0,0.5
R,35100,0.6690474222741523,0.9889779559118237,0.0,0.5
R,35119,0.5969962915743963,0.9769539078156313,0.0,0.0
R,35131,0.6469839337494317,0.874749498997996,0.5,0.5
R,35234,0.4029801747192376,0.06412825651302605,0.0,0.0
R,35269,0.5154852729626229,0.4939879759519038,0.0,0.0
R,35281,0.6519884972335004,0.9809619238476954,0.0,0.5
R,35475,0.40757685695714635,0.8286573146292586,0.0,0.0
R,35600,0.6871842513812012,0.9458917835671343,0.0,0.0
R,35613,0.6224700918927641,0.9228456913827655,0.0,0.0
R,35659,0.8391053693585815,0.9889779559118237,0.0,0.0
R,35916,0.6888240136199483,0.9849699398797596,0.0,0.5
R,35964,0.5752840845096235,0.8847695390781563,0.0,0.0
R,36198,0.5542392705341722,0.905811623246493,0.0,0.5
R,36287,0.507164225030728,0.627254509018036,0.0,0.0
R,36543,0.7777849690979899,0.9639278557114228,0.0,0.0
R,36557,0.7227826405418714,1.0,1.0,1.0
R,36992,0.6023296914211533,0.9869739478957915,0.0,0.5
R,37034,0.36203349075552443,0.008016032064128256,0.0,0.0
R,37053,0.7796981372764548,0.9809619238476954,0.5,0.5
R,37255,0.7474520610789026,0.9979959919839679,0.5,1.0
R,37362,0.6117122583212891,0.8136272545090181,0.0,0.0
R,37406,0.5457119007386371,0.7905811623246493,0.0,0.0
R,37505,0.624748151070216,0.9899799599198397,0.0,0.5
R,37552,0.7835268725863548,0.966933867735471,0.0,0.0
R,37899,0.823575611902158,0.9849699398797596,0.0,0.5
R,38091,0.41795690401315755,0.313627254509018,0.0,0.0
R,38194,0.6327073371324318,0.8787575150300602,0.0,0.0
R,38375,0.595634110502227,0.8486973947895792,0.0,0.0
R,38380,0.678432268485536,0.9238476953907815,0.0,0.5
R,38833,0.7068954430904721,0.9829659318637274,0.0,0.0
R,38887,0.7169350250921739,0.9869739478957915,0.0,0.0
R,39183,0.66617706679503,0.9789579158316633,0.0,0.0
R,39288,0.8226001020527776,0.9989979959919839,0.5,1.0
R,39384,0.547017184257657,0.8637274549098197,0.0,0.0
R,39490,0.7055153791194776,0.9939879759519038,0.0,0.5
R,39557,0.6572044879091217,0.9599198396793587,0.0,0.0
R,39756,0.4866371147826925,0.5060120240480962,0.0,0.0
R,39793,0.4958363565201568,0.6362725450901804,0.0,0.0
R,39920,0.6036532516725137,0.966933867735471,0.0,0.0
R,39986,0.5181076097455528,0.7144288577154309,0.0,0.0
R,40269,0.6394247143694258,0.9739478957915831,0.0,0.0
R,40756,0.6727315810260782,0.9829659318637274,0.0,0.5
R,40798,0.6258463211938514,0.9909819639278556,0.0,0.5
R,40819,0.7164254935657645,0.9759519038076152,0.0,0.0
R,40933,0.6703171370063328,0.9719438877755511,0.0,0.0
R,40990,0.5164741500130536,0.6643286573146292,0.0,0.0
R,41120,0.5664903411698375,0.7755511022044088,0.0,0.0
R,41402,0.614858037401794,0.9519038076152304,0.0,0.0
R,41540,0.5811907787506385,0.8256513026052104,0.0,0.0
R,41555,0.7805987279887205,0.9949899799599198,0.0,1.0
R,41561,0.553911248525416,0.7585170340681362,0.0,0.0
R,41592,0.6205476510878619,0.938877755511022,0.0,0.0
R,41636,0.7341671215551743,0.9899799599198397,0.0,0.5
R,41640,0.6296319180002465,0.9519038076152304,0.0,0.0
R,41924,0.8938639647384617,1.0,1.0,1.0
R,41976,0.7694098629390573,1.0,1.0,1.0
R,42022,0.5860592406290386,0.9919839679358717,0.0,0.5
R,42251,0.6697570120131692,0.9769539078156313,0.0,0.0
R,42302,0.5669949873326025,0.685370741482966,0.0,0.0
R,42466,0.665535311845761,0.9769539078156313,0.0,0.5
R,42679,0.49578801204692485,0.4759519038076152,0.0,0.0
R,43065,0.6294975259463694,0.9509018036072144,0.0,0.0
R,43198,0.588131194694867,0.9739478957915831,0.5,0.5
R,43211,0.7509394603110253,0.9869739478957915,0.0,0.5
R,43332,0.573894182783364,0.8376753507014028,0.0,0.0
R,43546,0.5361851140943732,0.9018036072144289,0.0,0.0
R,43584,0.5182897937097419,0.7555110220440882,0.0,0.0
R,44248,0.6111880701703999,0.8106212424849699,0.0,0.0
R,44279,0.6249074689880865,0.970941883767535,0.0,0.0
R,44360,0.6899601965471257,0.9899799599198397,0.5,0.5
R,44413,0.5665498276611136,0.5591182364729459,0.0,0.0
R,44422,0.6945755793886298,0.9879759519038076,0.0,0.5
R,44903,0.5192072835280843,0.48096192384769537,0.0,0.0
R,44975,0.6109912846116187,0.9418837675350702,0.0,0.0
R,45377,0.8618862619103966,0.9949899799599198,0.0,1.0
R,45528,0.6600061940908213,0.9949899799599198,0.0,1.0
R,45699,0.47410412892313764,0.375751503006012,0.0,0.0
R,45952,0.5660253502038761,0.7024048096192385,0.0,0.5
R,45987,0.6814025955389253,0.9919839679358717,0.0,0.5
R,46166,0.6293124153405892,0.9609218436873748,0.0,0.0
R,46276,0.569319826415934,0.9038076152304609,0.0,0.0
R,46403,0.7476491698542205,0.9979959919839679,0.5,1.0
R,46524,0.47198356693074206,0.2755511022044088,0.0,0.0
R,46653,0.5044135547494528,0.6022044088176353,0.0,0.0
R,47030,0.5916874756899387,0.8557114228456915,0.0,0.0
R,47086,0.5231169132660771,0.4619238476953908,0.0,0.0
R,47093,0.5446459993274284,0.9228456913827656,0.0,0.0
R,47122,0.9148451682991267,1.0,1.0,1.0
R,47125,0.4841125543410107,0.6332665330661322,0.0,0.0
R,47331,0.6816661836163557,0.9919839679358717,0.0,1.0
R,47471,0.7314995037179091,0.9539078156312625,0.0,0.0
R,47583,0.6679970846848561,0.8707414829659319,0.0,0.5
R,47744,0.7959994305378304,0.9959919839679359,0.0,1.0
R,47907,0.4509836032683984,0.22444889779559118,0.0,0.0
R,48376,0.9023324690136852,1.0,1.0,1.0
R,48655,0.5299836792349175,0.7454909819639279,0.0,0.0
R,48911,0.5429640483190445,0.7354709418837675,0.0,0.0
R,49170,0.8417396587282634,0.9949899799599198,0.0,1.0
R,49195,0.7018223670178465,0.9729458917835672,0.0,0.0
R,49256,0.5451236724007524,0.6452905811623246,0.0,0.0
R,49315,0.5478943831756211,0.7114228456913827,0.0,0.0
R,49474,0.8935716759055662,0.9989979959919839,0.5,1.0
R,49475,0.7483820786934129,0.9949899799599198,0.0,1.0
R,49678,0.6581667773902634,0.9919839679358717,0.0,0.5
R,49702,0.5989357915965152,0.7505010020040079,0.0,0.0
R,49760,0.6733370565248142,0.9308617234468938,0.0,0.5
R,50203,0.6089657924573192,0.9679358717434869,0.0,0.5
R,50210,0.5282851690792224,0.5160320641282565,0.0,0.0
R,50622,0.6833917192874186,0.996993987975952,0.5,1.0
R,50708,0.6181595620117959,0.8907815631262526,0.0,0.0
R,50739,0.540970425894548,0.7284569138276553,0.0,0.0
R,50850,0.7236787392000141,0.9909819639278556,0.0,0.5
R,51008,0.7585102786414475,0.9909819639278556,0.0,0.5
R,51227,0.7219991478828679,0.9749498997995991,0.0,0.0
R,51300,0.528280088512836,0.9098196392785571,0.0,0.0
R,51380,0.6946248603694127,0.9829659318637274,0.0,0.5
R,51385,0.7276836296118154,0.9579158316633267,0.0,0.0
R,51436,0.647634469952532,0.9679358717434869,0.0,0.5
R,51517,0.7486176089908926,0.9959919839679359,0.5,1.0
R,51688,0.6751427397667966,0.939879759519038,0.5,0.5
R,51865,0.6090537115824953,0.7855711422845691,0.0,0.0
R,51943,0.6940389903094901,0.9889779559118237,0.0,0.5
R,51956,0.5552955827863431,0.7464929859719439,0.0,0.0
R,51990,0.6333373749457025,0.8316633266533067,0.0,0.0
R,52228,0.6807057695868077,0.9919839679358717,0.0,0.5
R,52277,0.6108910944030858,0.9869739478957915,0.0,0.0
R,52729,0.5721201835651886,0.9048096192384769,0.0,0.0
R,52733,0.5899688413142113,0.8366733466933868,0.0,0.0
R,52803,0.5892648871436353,0.9408817635270541,0.0,0.0
R,52927,0.7978496682128967,0.9949899799599198,0.0,1.0
R,53445,0.7684914410664943,0.9939879759519038,0.0,0.5
R,53659,0.7549932484881587,0.9599198396793587,0.0,0.5
R,53729,0.76246561279531,0.9719438877755511,0.0,0.0
R,53974,0.691210594992326,0.9829659318637274,0.0,0.5
R,54054,0.46800181583134565,0.47995991983967934,0.0,0.0
R,54099,0.8345866278326736,0.9879759519038076,0.0,0.0
R,54250,0.8633450592674856,0.9959919839679359,0.0,1.0
R,54336,0.7143248895731187,0.9979959919839679,0.5,1.0
R,54681,0.7293181192065337,0.9879759519038076,0.0,0.0
R,55202,0.8013828880507454,0.9949899799599198,0.0,1.0
R,55501,0.6433980565265607,0.9078156312625251,0.0,0.0
R,55597,0.8166054666513225,0.9799599198396793,0.0,0.0
R,55741,0.5247553681324825,0.6302605210420842,0.0,0.0
R,55808,0.6287976317401884,0.9749498997995991,0.0,0.0
R,55876,0.5133990420581416,0.7645290581162325,0.0,0.0
R,55878,0.6733126417544208,0.9328657314629258,0.0,0.0
R,56047,0.6190723187290197,0.9939879759519038,0.0,1.0
R,56131,0.3053125236598444,0.12725450901803606,0.0,0.0
R,56162,0.5269398737972906,0.6923847695390781,0.0,0.0
R,56272,0.5103153048180591,0.7274549098196392,0.0,0.0
R,56496,0.5056357807337832,0.7314629258517034,0.0,0.0
R,56554,0.7763996180328354,0.9769539078156313,0.0,0.0
R,56629,0.5638387018081983,0.7755511022044088,0.0,0.0
R,56651,0.5881578690400632,0.8266533066132264,0.0,0.0
R,56698,0.633449274710795,0.9809619238476954,0.0,0.5
R,56873,0.4240866340543883,0.36272545090180364,0.0,0.0
R,56963,0.5559778054642923,0.7224448897795591,0.0,0.0
R,57114,0.6795405354251819,0.9549098196392786,0.0,0.0
R,57244,0.804300635469795,1.0,1.0,1.0
R,57830,0.6568799685592968,0.9278557114228457,0.0,0.0
R,57994,0.6845438299449736,0.9649298597194389,0.0,0.0
R,58004,0.8381447435489189,0.9979959919839679,0.5,1.0
R,58157,0.5957876814532357,0.9488977955911824,0.0,0.0
R,58169,0.6704131129161026,0.9669338677354709,0.0,0.0
R,58252,0.6605362457099848,0.9468937875751503,0.0,0.0
R,58341,0.5864336300528816,0.8857715430861723,0.0,0.0
R,58458,0.6058225920456731,0.8777555110220441,0.0,0.0
R,58572,0.6095875935296424,0.966933867735471,0.5,0.5
R,58835,0.6036819331503315,0.9188376753507014,0.0,0.0
R,58977,0.6885460852245149,0.9769539078156313,0.0,0.0
R,58988,0.6615762696119016,0.9509018036072144,0.0,0.0
R,59101,0.7385735842301762,0.9498997995991985,0.0,0.0
R,59177,0.6845592909086906,0.9529058116232465,0.0,0.0
R,59183,0.8345965241320811,0.9979959919839679,0.5,1.0
R,59219,0.6917077479833977,0.9989979959919839,0.5,1.0
R,59293,0.8552376456655119,0.9959919839679359,0.5,1.0
R,59464,0.49852023325110423,0.6733466933867736,0.0,0.0
R,59470,0.6889541756381324,0.9799599198396793,0.0,0.0
R,59508,0.6467422499212956,0.8947895791583167,0.0,0.0
R,59838,0.597018111104026,0.8877755511022044,0.0,0.0
R,59905,0.5266276057657738,0.9759519038076152,0.0,0.5
R,60063,0.7430872975820552,0.996993987975952,0.0,1.0
R,60496,0.5621183099210754,0.9148296593186372,0.0,0.0
R,60707,0.4940674609481459,0.6903807615230461,0.0,0.0
R,60784,0.6862585598793542,0.9779559118236473,0.0,0.0
R,60932,0.6966942286585026,0.9178356713426854,0.0,0.0
R,61327,0.7622541024486024,0.9599198396793587,0.0,0.0
R,61653,0.7651119810661042,0.9869739478957915,0.5,0.5
R,61683,0.7237576442399968,0.9859719438877755,0.0,0.5
R,61701,0.42538971645841805,0.15731462925851702,0.0,0.0
R,61868,0.7240501923554554,0.9679358717434869,0.0,0.0
R,61878,0.7238263816521447,0.9569138276553106,0.0,0.0
R,62117,0.5484351693104366,0.748496993987976,0.0,0.0
R,62587,0.6076877296157364,0.9639278557114228,0.5,0.5
R,62627,0.5714613295132673,0.8557114228456915,0.5,0.5
R,63062,0.5886368911288061,0.9929859719438878,0.5,0.5
R,63247,0.4463956162762821,0.6833667334669339,0.0,0.0
R,63837,0.44440964439724057,0.5230460921843687,0.0,0.0
R,63869,0.46844031866842006,0.49198396793587174,0.0,0.0
R,64050,0.721469427535115,0.9989979959919839,0.5,1.0
R,64148,0.45068924779929315,0.4529058116232465,0.0,0.0
R,64195,0.5288160739649475,0.7655310621242485,0.0,0.0
R,64262,0.5620995932654567,0.9188376753507014,0.0,0.0
R,64417,0.6987575335454907,0.9629258517034068,0.0,0.0
R,64547,0.6085280952239898,0.9609218436873748,0.5,0.5
R,64783,0.5050926011743719,0.36673346693386777,0.0,0.0
R,64851,0.5866053111987276,0.9068136272545091,0.0,0.0
R,64925,0.6317485342970639,0.9438877755511021,0.0,0.0
R,65218,0.5343149223466839,0.8537074148296593,0.0,0.0
R,65340,0.43733326197192113,0.19238476953907815,0.0,0.0
R,65348,0.5996071319674026,0.8206412825651302,0.0,0.0
R,65417,0.5713064562865837,0.8777555110220441,0.0,0.0
R,65553,0.5367013066566254,0.7895791583166333,0.0,0.0
R,65609,0.7849379683740807,0.9989979959919839,0.5,1.0
R,65690,0.47402886327921334,0.7895791583166333,0.0,0.5
R,65878,0.5730793802674186,0.8216432865731462,0.0,0.0
R,66058,0.6046857178704639,0.9108216432865731,0.0,0.0
R,66209,0.5034537886706287,0.35470941883767537,0.0,0.0
R,66269,0.4869593053104823,0.6132264529058116,0.0,0.0
R,66437,0.5886310486446749,0.8527054108216432,0.0,0.0
R,66512,0.5472011108828553,0.8557114228456915,0.0,0.0
R,66559,0.6450205057614529,0.9018036072144289,0.0,0.0
R,66875,0.6656387713576719,0.9799599198396793,0.0,0.0
R,67261,0.4292999741909369,0.8076152304609219,0.0,0.0
R,67281,0.6689751537258884,0.9218436873747495,0.0,0.0
R,67361,0.6271024746002007,0.9799599198396793,0.0,0.0
R,67444,0.6886490343222108,0.9879759519038076,0.0,0.0
R,67673,0.5818125681080955,0.9278557114228457,0.0,0.0
R,67708,0.6686826679805792,0.9889779559118237,0.0,0.5
R,67899,0.6360076115435331,0.9589178356713427,0.5,0.5
R,68121,0.5866304703278771,0.968937875751503,0.0,0.0
R,68127,0.7298228497104589,0.9869739478957915,0.0,0.0
R,68173,0.5968708505001877,0.8406813627254509,0.0,0.5
R,68193,0.5734859230119447,0.9438877755511021,0.0,0.0
R,68287,0.6079751435833063,0.9579158316633267,0.0,0.0
R,68394,0.5475279411078993,0.47995991983967934,0.0,0.0
R,68473,0.5669981066056129,0.9909819639278556,0.5,0.5
R,68532,0.39743389631278,0.20741482965931862,0.0,0.0
R,68553,0.6297300678618939,0.9899799599198397,0.0,0.5
R,68819,0.5814618182945348,0.905811623246493,0.0,0.0
R,69085,0.7709956785089038,0.9799599198396793,0.0,0.0
R,69087,0.6768243879324725,0.9959919839679359,0.5,1.0
R,69137,0.6059185283458215,0.9488977955911824,0.0,0.5
R,69462,0.6458281154384495,0.9649298597194389,0.0,0.0
R,69641,0.8711375933166285,0.9879759519038076,0.5,0.5
R,70279,0.5475332424983101,0.8757515030060121,0.0,0.0
R,70372,0.6151142439674983,0.9238476953907815,0.0,0.0
R,70496,0.6460885862494004,0.9018036072144289,0.5,0.5
R,70765,0.7010271541835207,0.9909819639278556,0.5,0.5
R,71264,0.5506883411503125,0.7585170340681363,0.0,0.0
R,71624,0.5335931411172543,0.8376753507014028,0.0,0.0
R,71735,0.806991890129843,0.9849699398797596,0.0,0.0
R,72089,0.6200623585166838,0.8597194388777555,0.0,0.0
R,72151,0.8367569175298233,0.9959919839679359,0.0,1.0
R,72389,0.5715364468912953,0.9178356713426854,0.0,0.0
R,72527,0.5847603036064621,0.8807615230460921,0.0,0.0
L5000,95,0.8238494867566964,0.9909819639278556,0.0,0.5
L5000,204,0.5593258734198208,0.7224448897795591,0.0,0.0
L5000,318,0.6146872749268835,0.8196392785571143,0.0,0.0
L5000,356,0.6219438521385534,0.939879759519038,0.0,0.5
L5000,425,0.6640930636272133,0.9609218436873748,0.0,0.0
L5000,458,0.6412761648797104,0.9078156312625251,0.0,0.0
L5000,637,0.5620945136894762,0.8196392785571143,0.0,0.0
L5000,709,0.6379711424390397,0.9839679358717435,0.0,0.5
L5000,868,0.3647100978452282,0.11723446893787576,0.0,0.0
L5000,1015,0.6987444519276031,0.9929859719438878,0.0,0.5
L5000,1288,0.6205060429749072,0.968937875751503,0.0,0.5
L5000,1589,0.6503248727930049,0.9769539078156313,0.0,0.5
L5000,1744,0.650156785130572,0.8927855711422845,0.0,0.0
L5000,1818,0.5433708973671741,0.9248496993987976,0.0,0.0
L5000,2070,0.3628053409720439,0.09018036072144289,0.0,0.0
L5000,2125,0.5683770253431797,0.7394789579158316,0.0,0.0
L5000,2327,0.5524972855810459,0.8006012024048097,0.0,0.0
L5000,2737,0.8091194315657454,0.9749498997995991,0.0,0.0
L5000,2795,0.6924487678277517,0.9729458917835672,0.0,0.0
L5000,2980,0.7798357442160475,0.9869739478957915,0.0,0.5
L5000,3338,0.5239029511296096,0.8617234468937875,0.0,0.0
L5000,3344,0.3178986250332968,0.04909819639278557,0.0,0.0
L5000,3368,0.5703607385455844,0.8667334669338678,0.0,0.0
L5000,3731,0.5588622167745337,0.8406813627254509,0.0,0.0
L5000,3803,0.5553301409093592,0.8897795591182365,0.0,0.0
L5000,4292,0.47956408936821454,0.845691382765531,0.5,0.5
L5000,4409,0.5884044045451903,0.902805611222445,0.0,0.0
L5000,4476,0.6709508515698196,0.996993987975952,0.5,1.0
L5000,4509,0.6572682959267783,0.9238476953907815,0.0,0.5
L5000,4927,0.4654424119559272,0.8577154308617234,0.0,0.0
L5000,4967,0.7716365766000213,0.9619238476953909,0.0,0.0
L5000,5340,0.6473795418062305,0.9719438877755511,0.0,0.5
L5000,5582,0.8585723764502673,0.9979959919839679,0.5,1.0
L5000,5656,0.5788959699050837,0.7715430861723447,0.0,0.0
L5000,5683,0.6656213363874941,0.9769539078156313,0.0,0.5
L5000,5790,0.5085286983547685,0.35370741482965934,0.0,0.0
L5000,5929,0.4560973572897278,0.18537074148296592,0.0,0.0
L5000,6315,0.6607936172358637,0.9569138276553106,0.0,0.0
L5000,6360,0.4054338601476577,0.20240480961923846,0.0,0.0
L5000,6454,0.7389886920164161,0.9939879759519038,0.0,1.0
L5000,6603,0.5134750527394963,0.6673346693386774,0.0,0.0
L5000,6750,0.5623815971857327,0.6943887775551102,0.0,0.0
L5000,6759,0.8050239135878857,0.9769539078156313,0.0,0.0
L5000,6770,0.7061708165043585,0.9799599198396793,0.0,0.5
L5000,6991,0.5777677699670218,0.9298597194388778,0.0,0.0
L5000,7306,0.5697355954134815,0.9198396793587174,0.0,0.0
L5000,7355,0.6103126109834108,0.9338677354709419,0.0,0.0
L5000,7899,0.5509660683286115,0.8937875751503006,0.0,0.0
L5000,8061,0.38901567062089987,0.06613226452905811,0.0,0.0
L5000,8215,0.5485013949379686,0.7064128256513026,0.0,0.0
L5000,8234,0.649382298315233,0.9168336673346693,0.0,0.0
L5000,8238,0.6427131652980878,0.8927855711422845,0.0,0.0
L5000,8275,0.5851337262561882,0.5871743486973948,0.0,0.0
L5000,8367,0.6986190924788038,0.9879759519038076,0.0,0.5
L5000,8828,0.665613386808932,0.9178356713426854,0.0,0.0
L5000,8862,0.7578084447181125,0.9949899799599198,0.5,0.5
L5000,8926,0.5933780452485818,0.9318637274549098,0.0,0.5
L5000,9188,0.8184551435775117,0.9859719438877755,0.0,0.0
L5000,9298,0.6238283521372214,0.9769539078156313,0.0,0.5
L5000,9376,0.7854521184050602,0.9849699398797596,0.0,0.0
L5000,9712,0.5068846141662738,0.6362725450901804,0.0,0.0
L5000,9877,0.7049484997017184,0.9809619238476954,0.0,0.0
L5000,10115,0.3778856411833257,0.18236472945891785,0.0,0.0
L5000,10191,0.8128654666206652,1.0,1.0,1.0
L5000,10361,0.546263640045657,0.7595190380761523,0.0,0.0
L5000,10602,0.7302745008363607,0.9809619238476954,0.0,0.5
L5000,10622,0.6757484854041585,0.9408817635270541,0.0,0.0
L5000,11050,0.5920436505544782,0.9739478957915831,0.0,0.0
L5000,11274,0.810182772194858,0.9929859719438878,0.0,1.0
L5000,11493,0.591204538821454,0.9619238476953907,0.0,0.0
L5000,11757,0.7039790860642298,0.9939879759519038,0.5,0.5
L5000,11886,0.6941111204973485,0.9288577154308617,0.0,0.0
L5000,12122,0.6605335360804928,0.9879759519038076,0.0,0.5
L5000,12225,0.5618779080991447,0.5130260521042085,0.0,0.0
L5000,12292,0.6355003471460551,0.8517034068136273,0.0,0.0
L5000,12340,0.6088278816412105,0.9839679358717435,0.0,0.5
L5000,12386,0.5929161195635386,0.969939879759519,0.0,0.0
L5000,12597,0.5476616222107711,0.9799599198396793,0.5,0.5
L5000,13041,0.6987793401819437,0.9729458917835672,0.0,0.0
L5000,13134,0.6554977426987783,0.9749498997995991,0.0,0.0
L5000,13223,0.5792929095456667,0.8857715430861723,0.0,0.0
L5000,13298,0.6617802724282331,0.9829659318637274,0.0,0.0
L5000,13587,0.46934130242209815,0.42184368737474953,0.0,0.0
L5000,13703,0.5335308110897483,0.5981963927855711,0.0,0.0
L5000,13741,0.6308565256188763,0.9198396793587174,0.0,0.0
L5000,13749,0.4370622934645774,0.40380761523046094,0.0,0.0
L5000,13826,0.6351886623827412,0.8667334669338678,0.0,0.0
L5000,13842,0.6757537885895429,0.9038076152304609,0.0,0.0
L5000,13879,0.460808202948962,0.7164328657314629,0.0,0.0
L5000,13895,0.6348829006373555,0.9428857715430862,0.0,0.0
L5000,13938,0.7970558157449952,0.9839679358717435,0.0,0.0
L5000,14049,0.6682735226148372,0.9128256513026052,0.0,0.0
L5000,14170,0.7470372369480857,0.9529058116232465,0.0,0.0
L5000,14245,0.8677460996601913,0.9959919839679359,0.0,1.0
L5000,14274,0.49658093203952614,0.40881763527054105,0.0,0.0
L5000,14728,0.6869851194944752,0.9308617234468938,0.0,0.0
L5000,15068,0.7847298950845372,0.9859719438877755,0.0,0.0
L5000,15181,0.4827578627371305,0.42384769539078154,0.0,0.0
L5000,15182,0.5832994644425715,0.9398797595190381,0.0,0.0
L5000,15191,0.5635735114347331,0.8066132264529058,0.0,0.0
L5000,15274,0.728879707675308,0.902805611222445,0.5,0.5
L5000,15386,0.5765213517898014,0.7925851703406814,0.0,0.0
L5000,15438,0.5476752479021934,0.7254509018036073,0.0,0.0
L5000,15516,0.553707818236355,0.7875751503006012,0.0,0.0
L5000,15631,0.6543375015143779,0.9298597194388778,0.0,0.0
L5000,15632,0.6468605780509049,0.939879759519038,0.5,0.5
L5000,15865,0.5137656277850104,0.5470941883767535,0.0,0.0
L5000,15898,0.6988655174277651,0.9599198396793587,0.0,0.0
L5000,15953,0.5439345159705617,0.6523046092184368,0.0,0.0
L5000,15985,0.7371542249246452,0.996993987975952,0.0,1.0
L5000,16251,0.6679989037811442,0.9829659318637274,0.0,0.0
L5000,16424,0.47616079339810663,0.8406813627254509,0.0,0.0
L5000,16525,0.6578631277973213,0.9879759519038076,0.0,0.5
L5000,16625,0.8882633299407612,0.9949899799599198,0.0,1.0
L5000,16718,0.608000432813546,0.9158316633266532,0.0,0.0
L5000,16800,0.6067921928558998,0.9659318637274549,0.0,0.0
L5000,17017,0.5698080616496485,0.9869739478957915,0.0,0.5
L5000,17605,0.6093213004970514,0.9719438877755511,0.0,0.5
L5000,17651,0.5124405940265255,0.657314629258517,0.0,0.0
L5000,17795,0.6106234338500498,0.93687374749499,0.5,0.5
L5000,17843,0.6463397058095528,0.9008016032064128,0.0,0.5
L5000,17865,0.7724310013554692,0.9949899799599198,0.0,1.0
L5000,17946,0.6327975253259202,0.9649298597194389,0.0,0.0
L5000,17987,0.6073502997596409,0.9288577154308617,0.0,0.0
L5000,18115,0.5106130688014034,0.48096192384769537,0.0,0.0
L5000,18159,0.6531298316754582,0.9358717434869739,0.0,0.0
L5000,18170,0.5915960262031841,0.9739478957915831,0.0,0.0
L5000,18556,0.626459950730852,0.7124248496993988,0.0,0.0
L5000,18888,0.5349836705413396,0.9869739478957915,0.0,0.5
L5000,18960,0.7070338129279874,0.9979959919839679,0.5,1.0
L5000,19331,0.6624769287241772,0.9008016032064128,0.0,0.0
L5000,19471,0.532801446383774,0.7414829659318638,0.0,0.0
L5000,19593,0.38377982255123566,0.19438877755511022,0.0,0.0
L5000,19605,0.40729187344363504,0.11122244488977956,0.0,0.0
L5000,20013,0.616989588554672,0.9779559118236473,0.0,0.0
L5000,20072,0.5935783081704249,0.9609218436873748,0.0,0.0
L5000,20317,0.6906000444066738,0.9749498997995991,0.0,0.0
L5000,20380,0.4328750623163028,0.7234468937875751,0.0,0.0
L5000,20520,0.7359923832870916,0.9889779559118237,0.0,0.5
L5000,20545,0.7495391410024348,0.9959919839679359,0.0,1.0
L5000,20863,0.6833483727261209,0.9799599198396793,0.0,0.0
L5000,20882,0.8022651529877083,0.9799599198396793,0.0,0.5
L5000,20904,0.601821528502954,0.8216432865731462,0.0,0.0
L5000,21295,0.709886031899725,0.9478957915831663,0.0,0.0
L5000,21414,0.8447476433312003,1.0,1.0,1.0
L5000,21436,0.6159468306554174,0.93687374749499,0.0,0.0
L5000,21558,0.6032158909450678,0.9048096192384769,0.0,0.5
L5000,21887,0.6718810094102513,0.8396793587174349,0.5,0.5
L5000,22215,0.5328092983111501,0.623246492985972,0.0,0.0
L5000,22299,0.6954185373859847,0.9939879759519038,0.0,1.0
L5000,22303,0.6225446146586665,0.9619238476953909,0.0,0.5
L5000,22452,0.6093423837012585,0.8507014028056112,0.0,0.5
L5000,22793,0.7556697276635012,0.9979959919839679,0.0,1.0
L5000,22803,0.5543077436512822,0.9018036072144289,0.0,0.0
L5000,22924,0.6194888019739386,0.8917835671342685,0.0,0.0
L5000,23314,0.766299285364912,1.0,1.0,1.0
L5000,23445,0.7277038507568441,0.9378757515030061,0.0,0.0
L5000,23479,0.6567524974436971,0.9629258517034067,0.0,0.0
L5000,23623,0.35219423000160255,0.7615230460921844,0.0,0.0
L5000,23633,0.5198176811498417,0.5741482965931863,0.0,0.0
L5000,23642,0.6153682103506135,0.966933867735471,0.0,0.5
L5000,23803,0.8482687232406003,0.9909819639278556,0.0,0.5
L5000,24062,0.6087307835854197,0.8186372745490982,0.0,0.0
L5000,24103,0.6143628872369515,0.8827655310621243,0.0,0.0
L5000,24306,0.7486202222540849,1.0,1.0,1.0
L5000,24700,0.6925565968393264,0.9829659318637274,0.0,0.5
L5000,24790,0.4831474028003354,0.902805611222445,0.0,0.0
L5000,25150,0.6343815373446525,0.9549098196392785,0.0,0.0
L5000,25166,0.5880337285509575,0.655310621242485,0.0,0.0
L5000,25339,0.7183173795839943,0.9889779559118237,0.0,0.0
L5000,25360,0.620515236114374,0.871743486973948,0.0,0.0
L5000,25374,0.5930910273921941,0.7434869739478958,0.0,0.0
L5000,25447,0.7102592995202694,0.9839679358717435,0.0,0.0
L5000,26070,0.427521070087867,0.30360721442885774,0.0,0.0
L5000,26146,0.7866071798170177,1.0,1.0,1.0
L5000,26419,0.5491229398075156,0.7084168336673347,0.0,0.0
L5000,26519,0.5024221911251796,0.6142284569138277,0.0,0.0
L5000,26535,0.6637426578870187,0.9749498997995991,0.0,0.0
L5000,26749,0.7562447371257555,0.996993987975952,0.0,1.0
L5000,27131,0.5589971914329461,0.6963927855711423,0.0,0.5
L5000,27196,0.5177178477192251,0.46092184368737477,0.0,0.0
L5000,27240,0.6424875335467549,0.9799599198396793,0.0,0.0
L5000,27260,0.5800301796142839,0.902805611222445,0.0,0.0
L5000,27648,0.74010901496201,0.9939879759519038,0.5,0.5
L5000,27688,0.7092923423343955,0.9949899799599198,0.0,1.0
L5000,27781,0.541833485584759,0.6633266533066132,0.0,0.0
L5000,28157,0.6788605203991347,0.9549098196392786,0.0,0.0
L5000,28253,0.586497714532969,0.8356713426853708,0.0,0.0
L5000,28276,0.5660490589317627,0.8617234468937875,0.0,0.0
L5000,28309,0.7125632614924711,0.9839679358717435,0.0,0.0
L5000,28511,0.5040652394589276,0.2835671342685371,0.0,0.0
L5000,28548,0.7413934907519768,0.969939879759519,0.0,0.0
L5000,28979,0.544063287688139,0.5480961923847696,0.0,0.0
L5000,29018,0.6568930144917999,0.8877755511022044,0.0,0.0
L5000,29179,0.8322936955463447,0.9939879759519038,0.0,1.0
L5000,29221,0.793413925394163,0.9939879759519038,0.0,0.5
L5000,29400,0.5358864209598959,0.6563126252505009,0.0,0.0
L5000,29511,0.579872666086319,0.47695390781563124,0.0,0.0
L5000,29591,0.52185979745295,0.6402805611222445,0.0,0.0
L5000,29610,0.7622836312914718,1.0,1.0,1.0
L5000,29717,0.7468232326140053,0.969939879759519,0.0,0.0
L5000,29815,0.8052160358607363,0.9819639278557114,0.0,0.0
L5000,29831,0.5777596118431985,0.7284569138276553,0.0,0.0
L5000,29903,0.5554947835261106,0.9809619238476954,0.0,0.5
L5000,29942,0.5689053043815225,0.8637274549098196,0.0,0.5
L5000,30016,0.4495188203001453,0.33867735470941884,0.0,0.0
L5000,30068,0.5828840220599913,0.8196392785571143,0.0,0.0
L5000,30077,0.6393085976027566,0.9529058116232465,0.0,0.0
L5000,30139,0.6759126461957834,0.9779559118236473,0.0,0.0
L5000,30888,0.7019215790497485,0.9829659318637274,0.0,0.0
L5000,30961,0.7466120696245725,0.9919839679358717,0.0,0.5
L5000,31234,0.6924492095369329,0.9849699398797596,0.0,0.0
L5000,31244,0.5296579112099513,0.5140280561122245,0.0,0.0
L5000,31251,0.5150753707495569,0.6342685370741483,0.0,0.0
L5000,31280,0.6319081331317937,0.9539078156312625,0.0,0.0
L5000,31503,0.622661783796097,0.875751503006012,0.0,0.0
L5000,31776,0.6616210593110581,0.9739478957915831,0.0,0.0
L5000,32051,0.6042523232494833,0.9298597194388778,0.0,0.0
L5000,32062,0.569860640917351,0.7364729458917836,0.0,0.0
L5000,32140,0.8212747550944601,0.9929859719438878,0.5,0.5
L5000,32365,0.6710330465248868,0.9979959919839679,0.0,1.0
L5000,32427,0.6379645143814338,0.9448897795591182,0.0,0.0
L5000,32470,0.5821999231992803,0.7955911823647295,0.0,0.0
L5000,32532,0.47575227241007956,0.11122244488977956,0.0,0.0
L5000,32630,0.6387701970420683,0.902805611222445,0.0,0.0
L5000,32680,0.7980735515700348,0.9939879759519038,0.0,0.5
L5000,32697,0.8044449853935585,0.9929859719438878,0.5,0.5
L5000,33057,0.5493854201145675,0.6933867735470942,0.0,0.0
L5000,33084,0.7871330843081517,0.9979959919839679,0.0,1.0
L5000,33123,0.6613373810504108,0.9929859719438878,0.0,1.0
L5000,33256,0.6463119408418951,0.9779559118236473,0.0,0.0
L5000,33264,0.7297055653563369,0.9929859719438878,0.0,0.5
L5000,33336,0.6089204711529798,0.934869739478958,0.0,0.0
L5000,33342,0.5848626877603496,0.9078156312625251,0.0,0.0
L5000,33512,0.6466146345405853,0.9679358717434869,0.0,0.0
L5000,33863,0.605152967138587,0.9258517034068137,0.0,0.0
L5000,33990,0.7264135339882418,0.9759519038076152,0.0,0.0
L5000,34169,0.638177993333839,0.9919839679358717,0.5,0.5
L5000,34198,0.5953468161838437,0.7735470941883767,0.0,0.0
L5000,34415,0.6799544275189059,0.9859719438877755,0.5,0.5
L5000,34509,0.5872571290588603,0.781563126252505,0.0,0.0
L5000,34565,0.6727822237418094,0.9589178356713427,0.0,0.0
L5000,34854,0.8618248256976675,0.9989979959919839,0.5,1.0
L5000,34998,0.7424531247711423,0.9929859719438878,0.5,0.5
L5000,35100,0.6760845192283187,0.9919839679358717,0.0,0.5
L5000,35119,0.5839110545394761,0.9098196392785571,0.0,0.0
L5000,35131,0.6305471343005293,0.8927855711422845,0.0,0.0
L5000,35234,0.5382119517037203,0.8346693386773547,0.0,0.0
L5000,35269,0.5200035383467322,0.5901803607214429,0.0,0.0
L5000,35281,0.5835961099073894,0.780561122244489,0.0,0.0
L5000,35475,0.38091224679929725,0.6422845691382766,0.0,0.0
L5000,35600,0.6824203501271944,0.9288577154308617,0.0,0.0
L5000,35613,0.5814788798379273,0.8396793587174349,0.0,0.0
L5000,35659,0.8437403016739093,0.9819639278557114,0.0,0.0
L5000,35916,0.770827081642226,0.9979959919839679,0.5,1.0
L5000,35964,0.5492873172321214,0.8476953907815632,0.0,0.0
L5000,36198,0.5845710420180634,0.9959919839679359,0.0,1.0
L5000,36287,0.6220560246010569,0.9549098196392786,0.0,0.0
L5000,36543,0.8128285453035546,0.9819639278557114,0.0,0.0
L5000,36557,0.7738521766579225,0.9909819639278556,0.5,0.5
L5000,36992,0.7756495899142744,0.9989979959919839,0.5,1.0
L5000,37034,0.3508782184831757,0.03206412825651302,0.0,0.0
L5000,37053,0.7724782857402066,0.9879759519038076,0.0,0.0
L5000,37255,0.4523983571538363,0.8266533066132264,0.0,0.0
L5000,37362,0.486209530143366,0.7164328657314629,0.0,0.0
L5000,37406,0.613476301261193,0.9599198396793587,0.0,0.0
L5000,37505,0.6345815107291137,0.996993987975952,0.5,1.0
L5000,37552,0.7439220907805315,0.9438877755511021,0.0,0.0
L5000,37899,0.8481143713693595,0.9949899799599198,0.0,1.0
L5000,38091,0.5459006548453331,0.655310621242485,0.0,0.0
L5000,38194,0.6499491829818116,0.905811623246493,0.0,0.0
L5000,38375,0.5801025013554562,0.8106212424849699,0.0,0.0
L5000,38380,0.6398142479577977,0.9378757515030061,0.0,0.5
L5000,38833,0.58660032524345,0.8386773547094188,0.0,0.0
L5000,38887,0.7660332828703076,1.0,1.0,1.0
L5000,39183,0.6177153948751524,0.9739478957915831,0.0,0.0
L5000,39288,0.8487017539709942,0.9949899799599198,0.5,0.5
L5000,39384,0.5409871170340798,0.718436873747495,0.0,0.0
L5000,39490,0.7039367061484805,0.9849699398797596,0.0,0.5
L5000,39557,0.6775307250055416,0.9589178356713427,0.0,0.0
L5000,39756,0.536386021919018,0.6162324649298597,0.0,0.0
L5000,39793,0.4801993348693489,0.4889779559118237,0.0,0.0
L5000,39920,0.6172329867644681,0.9599198396793587,0.0,0.0
L5000,39986,0.5738242890968612,0.965931863727455,0.5,0.5
L5000,40269,0.6823557733748711,0.9859719438877755,0.0,0.5
L5000,40756,0.7796396964236111,0.9989979959919839,0.5,1.0
L5000,40798,0.6473963169427097,0.9919839679358717,0.0,0.5
L5000,40819,0.8070875733967331,0.9959919839679359,0.0,1.0
L5000,40933,0.7098185919045974,0.9819639278557114,0.0,0.0
L5000,40990,0.5000754672569785,0.5571142284569138,0.0,0.0
L5000,41120,0.6365025589250535,0.9308617234468938,0.0,0.0
L5000,41402,0.6978453308842291,0.969939879759519,0.0,0.0
L5000,41540,0.6065335478144855,0.9609218436873748,0.0,0.0
L5000,41555,0.752151228903507,0.9879759519038076,0.0,0.5
L5000,41561,0.508675312850942,0.39579158316633267,0.0,0.0
L5000,41592,0.6099083141540742,0.9488977955911824,0.0,0.0
L5000,41636,0.5261122822393769,0.8937875751503006,0.0,0.0
L5000,41640,0.5550657133819663,0.7665330661322645,0.0,0.0
L5000,41924,0.891956520433784,1.0,1.0,1.0
L5000,41976,0.7500490711326159,0.996993987975952,0.5,1.0
L5000,42022,0.602012987683612,0.9228456913827655,0.5,0.5
L5000,42251,0.6026001161131156,0.9438877755511021,0.0,0.0
L5000,42302,0.6124937506256563,0.8517034068136273,0.0,0.5
L5000,42466,0.6118613911355888,0.8997995991983968,0.0,0.0
L5000,42679,0.6139431548728409,0.968937875751503,0.0,0.0
L5000,43065,0.642324829142421,0.9418837675350702,0.0,0.0
L5000,43198,0.48786283710316103,0.844689378757515,0.0,0.0
L5000,43211,0.6455750429413909,0.9448897795591182,0.0,0.0
L5000,43332,0.4781959142648716,0.18737474949899802,0.0,0.0
L5000,43546,0.5195871092503513,0.8366733466933868,0.0,0.0
L5000,43584,0.6371214673512218,0.9308617234468938,0.5,0.5
L5000,44248,0.6185689792986504,0.874749498997996,0.0,0.0
L5000,44279,0.628274591898518,0.9408817635270541,0.0,0.0
L5000,44360,0.6359430040742596,0.9649298597194389,0.0,0.5
L5000,44413,0.5353826142823056,0.6082164328657315,0.0,0.0
L5000,44422,0.7291260805582982,0.9939879759519038,0.0,0.5
L5000,44903,0.45585833542315213,0.14629258517034066,0.0,0.0
L5000,44975,0.6438534950362566,0.9428857715430862,0.0,0.5
L5000,45377,0.8779154631128198,0.9989979959919839,0.5,1.0
L5000,45528,0.7328616207098799,0.9939879759519038,0.0,0.5
L5000,45699,0.42445923344475167,0.26152304609218435,0.0,0.0
L5000,45952,0.6170900824736604,0.9599198396793587,0.0,0.5
L5000,45987,0.670963307699399,0.969939879759519,0.0,0.5
L5000,46166,0.6369065703487422,0.9829659318637274,0.0,0.0
L5000,46276,0.6382126962225292,0.9629258517034067,0.0,0.0
L5000,46403,0.6118055754958058,0.9509018036072144,0.0,0.0
L5000,46524,0.4301818006545518,0.10420841683366733,0.0,0.0
L5000,46653,0.5205580996453145,0.5,0.0,0.0
L5000,47030,0.6128652961417808,0.8296593186372745,0.0,0.0
L5000,47086,0.6309778710504679,0.9849699398797596,0.0,0.5
L5000,47093,0.5389006700457639,0.6663326653306614,0.0,0.0
L5000,47122,0.8633299309871427,1.0,1.0,1.0
L5000,47125,0.6074338051886334,0.9328657314629258,0.0,0.0
L5000,47331,0.6620958132426178,0.9599198396793587,0.0,0.0
L5000,47471,0.7272215942918108,0.9358717434869739,0.0,0.0
L5000,47583,0.5097954234675068,0.36472945891783565,0.0,0.0
L5000,47744,0.681440307846835,0.9879759519038076,0.5,0.5
L5000,47907,0.42702563419041106,0.07014028056112225,0.0,0.0
L5000,48376,0.8999961084919784,0.9989979959919839,0.5,1.0
L5000,48655,0.5663189926996286,0.8066132264529058,0.0,0.0
L5000,48911,0.6036698043834594,0.8617234468937875,0.0,0.0
L5000,49170,0.8755598529106747,0.996993987975952,0.5,1.0
L5000,49195,0.7365694578149351,0.9939879759519038,0.0,1.0
L5000,49256,0.35890470082445936,0.8757515030060121,0.0,0.0
L5000,49315,0.5053191940577503,0.5771543086172345,0.0,0.0
L5000,49474,0.8716256167416684,1.0,1.0,1.0
L5000,49475,0.7574460458691301,0.9949899799599198,0.0,1.0
L5000,49678,0.6641097923283474,0.9919839679358717,0.0,0.5
L5000,49702,0.5927360188883408,0.8196392785571143,0.0,0.0
L5000,49760,0.5961617899925878,0.874749498997996,0.0,0.0
L5000,50203,0.588617314882307,0.8917835671342685,0.0,0.0
L5000,50210,0.5692300671737585,0.7615230460921844,0.0,0.0
L5000,50622,0.6438854636596222,0.9759519038076152,0.0,0.0
L5000,50708,0.5849770124512176,0.8727454909819639,0.0,0.0
L5000,50739,0.5605170030962536,0.5701402805611222,0.0,0.0
L5000,50850,0.7414451499597247,0.9899799599198397,0.0,0.5
L5000,51008,0.6777246860916148,0.970941883767535,0.0,0.0
L5000,51227,0.6891999452634642,0.9549098196392786,0.0,0.0
L5000,51300,0.6223607997664167,0.9358717434869739,0.0,0.0
L5000,51380,0.6174583375825863,0.9539078156312625,0.0,0.0
L5000,51385,0.7291956782561352,0.9579158316633267,0.0,0.0
L5000,51436,0.639869063188127,0.9509018036072144,0.0,0.0
L5000,51517,0.7099674179501609,0.9979959919839679,0.5,1.0
L5000,51688,0.6938258366282415,0.9579158316633267,0.5,0.5
L5000,51865,0.598057543915024,0.6743486973947896,0.0,0.0
L5000,51943,0.6870202702255092,0.9899799599198397,0.0,0.5
L5000,51956,0.48471082594516035,0.3967935871743487,0.0,0.0
L5000,51990,0.6002335587467966,0.7905811623246493,0.0,0.0
L5000,52228,0.6488776731134439,0.9769539078156313,0.0,0.0
L5000,52277,0.6350808592939622,0.9819639278557114,0.0,0.0
L5000,52729,0.6679106982429912,0.9949899799599198,0.0,1.0
L5000,52733,0.566154991050107,0.9278557114228456,0.0,0.0
L5000,52803,0.6453409337569087,0.9619238476953909,0.5,0.5
L5000,52927,0.8091233753684751,0.9949899799599198,0.5,0.5
L5000,53445,0.7852069184548331,0.9949899799599198,0.0,1.0
L5000,53659,0.6487317048865775,0.9068136272545091,0.0,0.0
L5000,53729,0.7711053728076227,0.9759519038076152,0.0,0.0
L5000,53974,0.6033801631876861,0.9338677354709419,0.0,0.0
L5000,54054,0.4865789933234521,0.5951903807615231,0.0,0.0
L5000,54099,0.8329205661856766,0.9909819639278556,0.0,0.5
L5000,54250,0.8191028102790899,0.9909819639278556,0.0,0.5
L5000,54336,0.777763399627251,0.9989979959919839,0.5,1.0
L5000,54681,0.7250128175891839,0.9659318637274549,0.0,0.0
L5000,55202,0.8298103515322799,0.9979959919839679,0.5,1.0
L5000,55501,0.6634249196467257,0.905811623246493,0.0,0.0
L5000,55597,0.7957456182062059,0.9859719438877755,0.0,0.0
L5000,55741,0.5230439245635613,0.7885771543086173,0.0,0.0
L5000,55808,0.5950337395989629,0.9799599198396793,0.0,0.0
L5000,55876,0.46332032874304796,0.41082164328657317,0.0,0.0
L5000,55878,0.5826118640951761,0.8316633266533067,0.0,0.0
L5000,56047,0.6700341118238032,0.9959919839679359,0.0,1.0
L5000,56131,0.3480872326639242,0.12625250501002003,0.0,0.0
L5000,56162,0.6050931745229535,0.9438877755511021,0.0,0.0
L5000,56272,0.5755311476567235,0.9428857715430862,0.0,0.0
L5000,56496,0.47117972048727674,0.5390781563126252,0.0,0.0
L5000,56554,0.803818488896371,0.9779559118236473,0.0,0.0
L5000,56629,0.57092071925731,0.9679358717434869,0.0,0.0
L5000,56651,0.631098430070188,0.9579158316633266,0.0,0.0
L5000,56698,0.4668988409076582,0.36272545090180364,0.0,0.0
L5000,56873,0.4807107854900267,0.4118236472945892,0.0,0.0
L5000,56963,0.594685343396911,0.8286573146292585,0.0,0.0
L5000,57114,0.6038477698310396,0.9639278557114228,0.0,0.0
L5000,57244,0.8656589442681067,1.0,1.0,1.0
L5000,57830,0.7195573141647374,0.9839679358717435,0.0,0.5
L5000,57994,0.6863620452240401,0.9308617234468939,0.0,0.0
L5000,58004,0.7382271147068439,0.9889779559118237,0.0,0.5
L5000,58157,0.6651504287294203,0.9238476953907815,0.0,0.5
L5000,58169,0.6520310468469369,0.9028056112224448,0.0,0.0
L5000,58252,0.6407843498909431,0.9208416833667334,0.0,0.5
L5000,58341,0.6162100192751565,0.9358717434869739,0.0,0.0
L5000,58458,0.5502166920020666,0.8246492985971945,0.0,0.0
L5000,58572,0.6601087583005695,0.9549098196392786,0.5,0.5
L5000,58835,0.6420236853662782,0.9008016032064128,0.0,0.0
L5000,58977,0.713192305574305,0.9849699398797596,0.0,0.0
L5000,58988,0.6753818760418566,0.9839679358717435,0.5,0.5
L5000,59101,0.6646637021210693,0.9338677354709419,0.0,0.0
L5000,59177,0.6535539340999834,0.9318637274549098,0.0,0.0
L5000,59183,0.8995720562572129,0.9989979959919839,0.5,1.0
L5000,59219,0.7294258351619103,1.0,1.0,1.0
L5000,59293,0.8655155809162106,0.9979959919839679,0.5,1.0
L5000,59464,0.5438892511141817,0.7474949899799599,0.0,0.0
L5000,59470,0.6859487523968901,0.9749498997995991,0.0,0.0
L5000,59508,0.6785327620450816,0.9569138276553106,0.0,0.0
L5000,59838,0.5866928624433944,0.902805611222445,0.0,0.0
L5000,59905,0.6664276250556226,0.9979959919839679,0.5,1.0
L5000,60063,0.6865815328743785,0.9819639278557114,0.0,0.5
L5000,60496,0.6411519777741083,0.9238476953907815,0.0,0.0
L5000,60707,0.5175585055718281,0.970941883767535,0.0,0.0
L5000,60784,0.6447562370612828,0.9849699398797596,0.0,0.0
L5000,60932,0.695211829199003,0.9288577154308617,0.0,0.0
L5000,61327,0.7585010194238961,0.9579158316633267,0.0,0.0
L5000,61653,0.6413780649799281,0.9749498997995991,0.0,0.0
L5000,61683,0.7113913965387504,0.9759519038076152,0.0,0.5
L5000,61701,0.4226283950401505,0.08016032064128256,0.0,0.0
L5000,61868,0.734364842433059,0.9579158316633266,0.0,0.0
L5000,61878,0.716707403661804,0.969939879759519,0.0,0.0
L5000,62117,0.5601725849832764,0.8967935871743486,0.0,0.0
L5000,62587,0.6624005325081084,0.9809619238476954,0.5,0.5
L5000,62627,0.5254726592944701,0.624248496993988,0.0,0.0
L5000,63062,0.6167806864778502,0.9929859719438878,0.0,0.5
L5000,63247,0.5986618095194488,0.9188376753507014,0.0,0.5
L5000,63837,0.448679499906871,0.560120240480962,0.0,0.0
L5000,63869,0.5528453188121973,0.908817635270541,0.0,0.0
L5000,64050,0.6151481634638798,0.9428857715430863,0.0,0.0
L5000,64148,0.5875813494835154,0.811623246492986,0.0,0.0
L5000,64195,0.5557895939703096,0.813627254509018,0.0,0.0
L5000,64262,0.5958131956042816,0.9158316633266532,0.0,0.0
L5000,64417,0.6904308853287539,0.9529058116232465,0.0,0.0
L5000,64547,0.6585468262411296,0.9549098196392786,0.5,0.5
L5000,64783,0.5121809718184587,0.31462925851703405,0.0,0.0
L5000,64851,0.624711749848743,0.8567134268537074,0.0,0.0
L5000,64925,0.6417516530245295,0.9138276553106213,0.0,0.0
L5000,65218,0.6472880689688933,0.9529058116232465,0.0,0.0
L5000,65340,0.46038885090125947,0.21643286573146292,0.0,0.0
L5000,65348,0.6081886659273528,0.9669338677354709,0.0,0.0
L5000,65417,0.5660359247081197,0.9498997995991985,0.0,0.0
L5000,65553,0.6649625128682904,0.9258517034068137,0.0,0.5
L5000,65609,0.7523294733252348,0.9859719438877755,0.0,0.5
L5000,65690,0.6143405849227268,0.9448897795591182,0.0,0.0
L5000,65878,0.5301719701780374,0.5490981963927856,0.0,0.0
L5000,66058,0.6315006685341067,0.9458917835671343,0.0,0.0
L5000,66209,0.4719348607719585,0.2885771543086172,0.0,0.0
L5000,66269,0.5622303113420625,0.6923847695390781,0.0,0.0
L5000,66437,0.5762318193481424,0.9168336673346693,0.0,0.0
L5000,66512,0.5994054695143044,0.9809619238476954,0.0,0.0
L5000,66559,0.6115028728939106,0.968937875751503,0.0,0.0
L5000,66875,0.5741134285395546,0.9549098196392785,0.0,0.0
L5000,67261,0.5125249759139233,0.7494989979959921,0.0,0.0
L5000,67281,0.7347565881910743,0.9769539078156313,0.5,0.5
L5000,67361,0.6666102672513945,0.996993987975952,0.5,1.0
L5000,67444,0.7455200313155235,0.9919839679358717,0.0,1.0
L5000,67673,0.5963685071098442,0.9288577154308617,0.0,0.0
L5000,67708,0.7763768231641976,0.9939879759519038,0.5,0.5
L5000,67899,0.5717509147295263,0.7154308617234468,0.0,0.0
L5000,68121,0.6187679996662169,0.9749498997995991,0.0,0.5
L5000,68127,0.732995582700999,0.9829659318637274,0.0,0.0
L5000,68173,0.7523163742957293,0.9899799599198397,0.0,0.5
L5000,68193,0.7587691211061108,1.0,1.0,1.0
L5000,68287,0.631237057578377,0.9649298597194389,0.0,0.5
L5000,68394,0.561241786794247,0.6983967935871744,0.0,0.0
L5000,68473,0.6363384082576222,0.9819639278557114,0.0,0.5
L5000,68532,0.5228858186957754,0.5450901803607214,0.0,0.0
L5000,68553,0.7617051529380182,1.0,1.0,1.0
L5000,68819,0.6610817427410031,0.9839679358717435,0.0,0.0
L5000,69085,0.7778849809953853,0.9829659318637274,0.0,0.0
L5000,69087,0.7336155727150472,0.9959919839679359,0.0,1.0
L5000,69137,0.6291361862975519,0.9709418837675351,0.0,0.5
L5000,69462,0.6885405006141867,0.970941883767535,0.0,0.0
L5000,69641,0.8821124363501524,0.9919839679358717,0.5,0.5
L5000,70279,0.5628852583540132,0.8867735470941884,0.0,0.0
L5000,70372,0.6015752849467264,0.9789579158316633,0.0,0.0
L5000,70496,0.6632343922582404,1.0,1.0,1.0
L5000,70765,0.6486877281788268,0.9148296593186372,0.0,0.0
L5000,71264,0.5390131463839195,0.7555110220440882,0.0,0.0
L5000,71624,0.5760515085856726,0.8997995991983968,0.0,0.0
L5000,71735,0.8308092363662843,0.9949899799599198,0.5,0.5
L5000,72089,0.6181490423892633,0.8486973947895791,0.0,0.0
L5000,72151,0.7626772020315054,0.9909819639278556,0.0,0.5
L5000,72389,0.4381976493462223,0.3937875751503006,0.0,0.0
L5000,72527,0.5317823071238671,0.6452905811623246,0.0,0.0
