image_id,repeat_a,repeat_b,donor_image_id,donor_repeat_a,donor_repeat_b,target_session_a,target_session_b,matched_session_pair
13,0,1,64329,0,1,2,24,True
13,0,2,65409,0,1,2,24,True
13,1,2,10010,1,2,24,24,True
27,0,1,670,0,2,5,23,True
27,0,2,69101,0,2,5,37,True
27,1,2,37499,0,2,23,37,True
71,0,1,2272,0,1,3,4,True
71,0,2,206,0,2,3,11,True
71,1,2,68391,0,2,4,11,True
85,0,1,53166,0,1,28,34,True
85,0,2,54868,0,2,28,34,True
85,1,2,29512,0,1,34,34,True
88,0,1,71004,1,2,11,19,True
88,0,2,47558,0,2,11,25,True
88,1,2,40473,1,2,19,25,True
93,0,1,15040,1,2,3,17,True
93,0,2,71113,0,2,3,39,True
93,1,2,67412,0,2,17,39,True
95,0,1,59101,-1,2,11,31,False
95,0,2,30961,0,1,11,39,True
95,1,2,26070,1,2,31,39,True
99,0,1,42565,0,2,33,33,True
99,0,2,33293,1,2,33,40,True
99,1,2,34282,1,2,33,40,True
103,0,1,43667,1,2,5,5,True
103,0,2,25295,0,2,5,6,True
103,1,2,25295,1,2,5,6,True
110,0,1,61478,0,2,12,17,True
110,0,2,20382,0,2,12,31,True
110,1,2,32335,1,2,17,31,True
113,0,1,44173,0,1,8,8,True
113,0,2,45910,0,2,8,23,True
113,1,2,46599,0,1,8,23,True
119,0,1,27418,0,2,2,10,True
119,0,2,37775,1,2,2,10,True
119,1,2,52688,0,2,10,10,True
140,0,1,28322,1,2,12,13,True
140,0,2,32253,0,2,12,13,True
140,1,2,50259,0,1,13,13,True
144,0,1,52385,1,2,35,35,True
144,0,2,53671,1,2,35,35,True
144,1,2,53765,1,2,35,35,True
147,0,1,59904,1,2,19,19,True
147,0,2,60557,0,1,19,19,True
147,1,2,60557,0,2,19,19,True
154,0,1,69776,1,2,26,26,True
154,0,2,70131,1,2,26,26,True
154,1,2,70162,0,1,26,26,True
155,0,1,8734,0,1,1,3,True
155,0,2,60123,0,2,1,29,True
155,1,2,37675,0,1,3,29,True
156,0,1,63491,0,1,28,28,True
156,0,2,43324,0,2,28,40,True
156,1,2,52454,0,1,28,40,True
169,0,1,3477,1,2,37,37,True
169,0,2,3755,0,1,37,37,True
169,1,2,3755,0,2,37,37,True
176,0,1,52243,0,2,5,23,True
176,0,2,66195,0,1,5,25,True
176,1,2,18381,1,2,23,25,True
179,0,1,37259,1,2,21,28,True
179,0,2,53488,1,2,21,28,True
179,1,2,8196,0,2,28,28,True
189,0,1,72581,0,1,2,6,True
189,0,2,42991,1,2,2,24,True
189,1,2,52773,1,2,6,24,True
192,0,1,13773,0,1,12,13,True
192,0,2,56032,1,2,12,36,True
192,1,2,49943,0,2,13,36,True
194,0,1,62481,0,2,30,32,True
194,0,2,61569,0,1,30,33,True
194,1,2,61555,0,2,32,33,True
198,0,1,42121,0,1,15,17,True
198,0,2,53177,1,2,15,33,True
198,1,2,62153,1,2,17,33,True
200,0,1,3715,1,2,3,3,True
200,0,2,10255,1,2,3,31,True
200,1,2,14106,0,1,3,31,True
204,0,1,709,-1,0,1,16,False
204,0,2,32365,0,2,1,24,True
204,1,2,26419,-1,2,16,24,False
206,0,1,7748,0,1,3,3,True
206,0,2,70848,0,1,3,11,True
206,1,2,72828,0,1,3,11,True
214,0,1,19301,0,1,8,8,True
214,0,2,71205,0,2,8,25,True
214,1,2,1392,0,2,8,25,True
221,0,1,65532,0,2,2,19,True
221,0,2,67103,0,1,2,19,True
221,1,2,12742,0,1,19,19,True
222,0,1,11139,0,1,24,26,True
222,0,2,55579,1,2,24,27,True
222,1,2,69012,0,1,26,27,True
224,0,1,71006,0,1,14,17,True
224,0,2,22374,0,1,14,30,True
224,1,2,63450,0,1,17,30,True
228,0,1,19765,0,1,4,4,True
228,0,2,16318,0,2,4,19,True
228,1,2,16318,1,2,4,19,True
236,0,1,28743,1,2,30,30,True
236,0,2,57997,0,2,30,31,True
236,1,2,59983,1,2,30,31,True
239,0,1,36115,0,2,12,14,True
239,0,2,13545,1,2,12,20,True
239,1,2,71570,0,2,14,20,True
242,0,1,192,1,2,13,36,True
242,0,2,48356,1,2,13,39,True
242,1,2,38103,0,2,36,39,True
246,0,1,19572,1,2,30,38,True
246,0,2,20056,0,1,30,38,True
246,1,2,31895,1,2,38,38,True
251,0,1,51828,0,2,8,21,True
251,0,2,51749,0,2,8,23,True
251,1,2,5558,0,1,21,23,True
266,0,1,60746,0,2,1,25,True
266,0,2,19144,0,2,1,26,True
266,1,2,54029,0,2,25,26,True
269,0,1,12797,0,2,9,14,True
269,0,2,68862,0,1,9,15,True
269,1,2,27772,1,2,14,15,True
270,0,1,47286,0,2,28,29,True
270,0,2,48244,0,2,28,34,True
270,1,2,70440,1,2,29,34,True
295,0,1,44226,0,1,20,20,True
295,0,2,43167,0,2,20,31,True
295,1,2,46744,1,2,20,31,True
304,0,1,40061,0,1,13,13,True
304,0,2,40465,0,1,13,13,True
304,1,2,41006,0,1,13,13,True
317,0,1,62047,0,1,5,25,True
317,0,2,64523,0,2,5,25,True
317,1,2,33637,0,1,25,25,True
318,0,1,20013,0,2,31,36,True
318,0,2,20013,1,2,31,36,True
318,1,2,5683,1,2,36,36,True
322,0,1,6930,0,2,6,38,True
322,0,2,6930,1,2,6,38,True
322,1,2,63072,0,1,38,38,True
327,0,1,22209,0,1,6,7,True
327,0,2,5610,1,2,6,18,True
327,1,2,14729,0,1,7,18,True
330,0,1,56664,0,2,15,27,True
330,0,2,27494,1,2,15,33,True
330,1,2,46058,0,1,27,33,True
351,0,1,65896,1,2,35,35,True
351,0,2,66242,0,1,35,35,True
351,1,2,66242,0,2,35,35,True
356,0,1,67673,0,2,14,15,True
356,0,2,44422,1,2,14,15,True
356,1,2,54099,1,2,15,15,True
384,0,1,33360,1,2,12,13,True
384,0,2,33426,0,1,12,13,True
384,1,2,1204,0,2,13,13,True
392,0,1,36136,0,2,4,6,True
392,0,2,67908,0,2,4,13,True
392,1,2,57872,0,2,6,13,True
398,0,1,43854,0,2,5,13,True
398,0,2,59987,0,2,5,27,True
398,1,2,53084,1,2,13,27,True
402,0,1,39310,0,2,33,33,True
402,0,2,39310,1,2,33,33,True
402,1,2,39842,1,2,33,33,True
409,0,1,19378,0,1,1,21,True
409,0,2,21953,0,2,1,21,True
409,1,2,19451,1,2,21,21,True
418,0,1,20862,0,1,34,34,True
418,0,2,65147,0,2,34,40,True
418,1,2,5350,0,2,34,40,True
425,0,1,18115,-1,2,9,30,False
425,0,2,52729,0,2,9,34,True
425,1,2,42679,0,1,30,34,True
429,0,1,14631,0,1,7,7,True
429,0,2,14858,0,1,7,7,True
429,1,2,14858,0,2,7,7,True
443,0,1,8835,0,2,20,29,True
443,0,2,11330,0,1,20,29,True
443,1,2,52971,1,2,29,29,True
444,0,1,59170,0,2,6,36,True
444,0,2,61065,0,2,6,36,True
444,1,2,43013,0,1,36,36,True
452,0,1,36797,0,2,19,36,True
452,0,2,36054,0,2,19,37,True
452,1,2,67735,1,2,36,37,True
458,0,1,59464,0,2,33,34,True
458,0,2,67261,0,2,33,37,True
458,1,2,43332,1,2,34,37,True
459,0,1,66905,0,2,7,34,True
459,0,2,63994,0,2,7,39,True
459,1,2,63136,0,1,34,39,True
470,0,1,37594,0,1,2,12,True
470,0,2,30474,0,1,2,25,True
470,1,2,18381,0,2,12,25,True
477,0,1,8426,0,1,11,11,True
477,0,2,62247,0,2,11,12,True
477,1,2,62247,1,2,11,12,True
484,0,1,55095,1,2,10,10,True
484,0,2,71004,0,2,10,19,True
484,1,2,5904,0,2,10,19,True
485,0,1,9456,0,2,13,16,True
485,0,2,9456,1,2,13,16,True
485,1,2,42065,1,2,16,16,True
487,0,1,1726,0,2,19,40,True
487,0,2,2591,0,2,19,40,True
487,1,2,56578,1,2,40,40,True
488,0,1,37636,0,1,1,2,True
488,0,2,56548,0,2,1,30,True
488,1,2,17748,0,1,2,30,True
513,0,1,52918,0,1,5,5,True
513,0,2,45634,0,1,5,6,True
513,1,2,46847,0,1,5,6,True
523,0,1,45848,1,2,5,37,True
523,0,2,52067,1,2,5,37,True
523,1,2,15479,0,1,37,37,True
543,0,1,5157,0,1,23,24,True
543,0,2,1146,0,1,23,28,True
543,1,2,5524,1,2,24,28,True
552,0,1,30519,0,1,26,26,True
552,0,2,45298,0,1,26,29,True
552,1,2,45768,1,2,26,29,True
563,0,1,46777,0,1,25,25,True
563,0,2,65383,0,1,25,26,True
563,1,2,65854,1,2,25,26,True
571,0,1,27813,0,1,1,2,True
571,0,2,11880,0,2,1,40,True
571,1,2,64329,0,2,2,40,True
605,0,1,14267,0,2,14,22,True
605,0,2,32906,0,2,14,32,True
605,1,2,61928,1,2,22,32,True
608,0,1,26021,1,2,19,27,True
608,0,2,41455,0,1,19,34,True
608,1,2,69888,0,1,27,34,True
637,0,1,4476,1,2,2,4,True
637,0,2,67361,-1,0,2,26,False
637,1,2,67361,-1,1,4,26,False
639,0,1,56752,0,1,22,33,True
639,0,2,66351,0,2,22,33,True
639,1,2,5193,1,2,33,33,True
653,0,1,13198,0,2,5,26,True
653,0,2,43444,1,2,5,31,True
653,1,2,17426,1,2,26,31,True
670,0,1,33774,1,2,5,8,True
670,0,2,52243,1,2,5,23,True
670,1,2,54166,0,2,8,23,True
678,0,1,28835,0,2,12,21,True
678,0,2,65845,0,1,12,23,True
678,1,2,21922,0,1,21,23,True
682,0,1,61031,0,1,1,8,True
682,0,2,64712,0,1,1,8,True
682,1,2,113,0,1,8,8,True
683,0,1,16553,1,2,37,37,True
683,0,2,18056,0,1,37,37,True
683,1,2,18056,0,2,37,37,True
688,0,1,32025,1,2,14,15,True
688,0,2,60757,0,2,14,38,True
688,1,2,3301,1,2,15,38,True
709,0,1,27196,0,2,16,33,True
709,0,2,5582,1,2,16,40,True
709,1,2,10191,1,2,33,40,True
717,0,1,4953,0,2,15,39,True
717,0,2,6504,0,1,15,39,True
717,1,2,70112,1,2,39,39,True
718,0,1,13182,0,2,10,16,True
718,0,2,72125,0,2,10,40,True
718,1,2,971,0,2,16,40,True
731,0,1,29283,1,2,31,33,True
731,0,2,21255,0,1,31,34,True
731,1,2,32916,1,2,33,34,True
750,0,1,36626,0,1,3,14,True
750,0,2,61989,0,2,3,33,True
750,1,2,45793,1,2,14,33,True
758,0,1,62763,0,2,15,22,True
758,0,2,46137,0,2,15,26,True
758,1,2,4950,0,2,22,26,True
767,0,1,59570,0,1,7,7,True
767,0,2,2598,0,2,7,40,True
767,1,2,10913,0,2,7,40,True
769,0,1,38046,1,2,12,14,True
769,0,2,19767,1,2,12,32,True
769,1,2,1196,0,2,14,32,True
787,0,1,48289,1,2,32,36,True
787,0,2,57910,1,2,32,38,True
787,1,2,43179,1,2,36,38,True
811,0,1,7946,0,2,8,20,True
811,0,2,53796,0,2,8,35,True
811,1,2,25942,0,2,20,35,True
813,0,1,31938,0,2,18,39,True
813,0,2,55406,0,2,18,40,True
813,1,2,16727,1,2,39,40,True
824,0,1,22011,0,2,17,26,True
824,0,2,36792,0,1,17,28,True
824,1,2,30486,1,2,26,28,True
825,0,1,15653,0,2,8,31,True
825,0,2,44858,0,2,8,33,True
825,1,2,42309,0,1,31,33,True
826,0,1,16685,0,1,23,24,True
826,0,2,62951,0,1,23,25,True
826,1,2,43205,0,1,24,25,True
828,0,1,48566,0,2,1,15,True
828,0,2,40944,0,1,1,16,True
828,1,2,33255,1,2,15,16,True
837,0,1,22966,0,1,13,13,True
837,0,2,45461,0,1,13,14,True
837,1,2,45660,0,1,13,14,True
839,0,1,71406,0,1,10,18,True
839,0,2,1078,0,1,10,34,True
839,1,2,8280,0,2,18,34,True
845,0,1,59188,0,1,38,38,True
845,0,2,60887,0,1,38,38,True
845,1,2,60887,0,2,38,38,True
846,0,1,66579,0,1,12,12,True
846,0,2,67048,0,1,12,12,True
846,1,2,67952,0,1,12,12,True
867,0,1,8314,1,2,24,30,True
867,0,2,53323,0,2,24,31,True
867,1,2,5706,1,2,30,31,True
868,0,1,31234,0,2,33,35,True
868,0,2,31234,1,2,33,35,True
868,1,2,24103,1,2,35,35,True
876,0,1,44353,0,1,5,11,True
876,0,2,52455,0,1,5,11,True
876,1,2,50707,0,1,11,11,True
884,0,1,9793,1,2,6,8,True
884,0,2,17296,0,1,6,22,True
884,1,2,12655,0,2,8,22,True
908,0,1,66485,0,1,28,29,True
908,0,2,60981,1,2,28,37,True
908,1,2,22636,0,2,29,37,True
912,0,1,45573,0,1,6,22,True
912,0,2,49896,0,2,6,29,True
912,1,2,65997,0,1,22,29,True
932,0,1,29357,0,1,26,30,True
932,0,2,29357,0,2,26,30,True
932,1,2,30505,1,2,30,30,True
946,0,1,54675,0,1,38,39,True
946,0,2,54675,0,2,38,39,True
946,1,2,16073,1,2,39,39,True
953,0,1,52636,0,2,8,32,True
953,0,2,55896,0,1,8,32,True
953,1,2,20819,0,2,32,32,True
969,0,1,26002,0,1,4,4,True
969,0,2,69970,1,2,4,22,True
969,1,2,70890,0,2,4,22,True
971,0,1,68305,0,1,16,27,True
971,0,2,65653,0,2,16,40,True
971,1,2,4850,0,2,27,40,True
976,0,1,32227,1,2,21,21,True
976,0,2,32244,0,1,21,21,True
976,1,2,32577,0,1,21,21,True
985,0,1,154,0,2,26,26,True
985,0,2,72654,0,2,26,27,True
985,1,2,72654,1,2,26,27,True
989,0,1,33802,0,1,18,28,True
989,0,2,34704,1,2,18,32,True
989,1,2,11411,0,2,28,32,True
992,0,1,59644,1,2,21,22,True
992,0,2,60164,0,1,21,22,True
992,1,2,5260,0,1,22,22,True
994,0,1,11005,0,1,7,14,True
994,0,2,39007,0,1,7,19,True
994,1,2,51652,0,1,14,19,True
998,0,1,63472,1,2,7,14,True
998,0,2,67691,0,1,7,14,True
998,1,2,30181,0,1,14,14,True
1013,0,1,17075,0,1,2,15,True
1013,0,2,4910,0,2,2,27,True
1013,1,2,32522,0,2,15,27,True
1015,0,1,58988,1,2,28,28,True
1015,0,2,64547,-1,1,28,31,False
1015,1,2,64547,-1,2,28,31,False
1035,0,1,9010,0,2,15,15,True
1035,0,2,9010,1,2,15,15,True
1035,1,2,9268,1,2,15,15,True
1047,0,1,62662,0,1,13,20,True
1047,0,2,42216,0,2,13,36,True
1047,1,2,25730,0,1,20,36,True
1057,0,1,60529,0,1,10,11,True
1057,0,2,52474,0,1,10,31,True
1057,1,2,33284,0,1,11,31,True
1058,0,1,14451,0,1,15,15,True
1058,0,2,15095,0,2,15,17,True
1058,1,2,15095,1,2,15,17,True
1060,0,1,32878,1,2,19,39,True
1060,0,2,35774,1,2,19,39,True
1060,1,2,63329,1,2,39,39,True
1065,0,1,68622,0,2,4,4,True
1065,0,2,68622,1,2,4,4,True
1065,1,2,69800,1,2,4,4,True
1078,0,1,70440,0,2,10,34,True
1078,0,2,839,0,2,10,34,True
1078,1,2,3189,1,2,34,34,True
1082,0,1,16548,0,2,1,2,True
1082,0,2,10740,0,1,1,39,True
1082,1,2,12724,0,2,2,39,True
1083,0,1,2640,0,2,8,36,True
1083,0,2,5001,0,1,8,36,True
1083,1,2,27291,1,2,36,36,True
1107,0,1,14419,0,2,4,6,True
1107,0,2,43162,0,2,4,34,True
1107,1,2,50759,1,2,6,34,True
1128,0,1,44040,0,2,2,31,True
1128,0,2,38844,1,2,2,40,True
1128,1,2,49841,1,2,31,40,True
1136,0,1,44136,0,1,18,18,True
1136,0,2,44136,0,2,18,18,True
1136,1,2,44136,1,2,18,18,True
1138,0,1,53609,1,2,7,36,True
1138,0,2,63277,0,2,7,36,True
1138,1,2,46614,1,2,36,36,True
1146,0,1,58686,0,2,23,28,True
1146,0,2,58746,0,2,23,28,True
1146,1,2,44643,0,2,28,28,True
1159,0,1,16998,1,2,3,3,True
1159,0,2,51649,0,2,3,26,True
1159,1,2,51649,1,2,3,26,True
1162,0,1,7040,0,1,17,17,True
1162,0,2,67566,0,2,17,23,True
1162,1,2,67566,1,2,17,23,True
1174,0,1,20595,0,1,1,2,True
1174,0,2,15721,0,1,1,6,True
1174,1,2,65766,0,1,2,6,True
1181,0,1,21447,0,1,2,3,True
1181,0,2,33774,0,1,2,5,True
1181,1,2,52580,0,2,3,5,True
1187,0,1,25969,0,1,19,20,True
1187,0,2,69304,0,2,19,21,True
1187,1,2,22039,0,2,20,21,True
1192,0,1,34716,0,2,13,21,True
1192,0,2,27524,0,2,13,32,True
1192,1,2,47791,1,2,21,32,True
1196,0,1,40387,0,1,14,26,True
1196,0,2,27934,1,2,14,32,True
1196,1,2,44669,0,2,26,32,True
1197,0,1,35535,1,2,26,39,True
1197,0,2,43539,1,2,26,39,True
1197,1,2,55180,1,2,39,39,True
1204,0,1,23565,0,1,13,13,True
1204,0,2,23930,0,1,13,13,True
1204,1,2,26417,0,1,13,13,True
1233,0,1,10262,0,1,1,2,True
1233,0,2,10262,0,2,1,2,True
1233,1,2,9588,1,2,2,2,True
1243,0,1,49570,1,2,26,26,True
1243,0,2,32264,0,2,26,27,True
1243,1,2,35512,0,2,26,27,True
1247,0,1,32822,0,1,23,23,True
1247,0,2,2537,1,2,23,33,True
1247,1,2,13708,0,2,23,33,True
1249,0,1,24481,1,2,9,9,True
1249,0,2,25323,0,1,9,9,True
1249,1,2,25323,0,2,9,9,True
1273,0,1,61875,0,1,3,3,True
1273,0,2,58669,0,1,3,29,True
1273,1,2,62654,0,1,3,29,True
1274,0,1,12168,0,1,17,29,True
1274,0,2,18502,1,2,17,29,True
1274,1,2,50926,0,1,29,29,True
1275,0,1,45455,1,2,21,30,True
1275,0,2,57011,0,2,21,30,True
1275,1,2,30505,0,2,30,30,True
1278,0,1,70462,0,1,3,3,True
1278,0,2,70823,0,1,3,3,True
1278,1,2,72074,1,2,3,3,True
1288,0,1,3338,0,2,2,24,True
1288,0,2,71624,-1,0,2,25,False
1288,1,2,3344,0,1,24,25,True
1289,0,1,13000,0,1,1,7,True
1289,0,2,18741,0,1,1,7,True
1289,1,2,30740,1,2,7,7,True
1306,0,1,18952,1,2,2,25,True
1306,0,2,24684,0,1,2,25,True
1306,1,2,8048,0,1,25,25,True
1309,0,1,52549,0,1,28,35,True
1309,0,2,53166,0,2,28,35,True
1309,1,2,64670,1,2,35,35,True
1323,0,1,43053,0,1,7,7,True
1323,0,2,5516,0,2,7,34,True
1323,1,2,10913,0,1,7,34,True
1331,0,1,40061,0,2,13,14,True
1331,0,2,2549,1,2,13,35,True
1331,1,2,53671,0,1,14,35,True
1339,0,1,17060,0,1,21,26,True
1339,0,2,44991,0,2,21,31,True
1339,1,2,59550,0,2,26,31,True
1345,0,1,61283,0,1,8,8,True
1345,0,2,10839,0,1,8,17,True
1345,1,2,15779,0,1,8,17,True
1346,0,1,33585,0,1,8,17,True
1346,0,2,14674,0,1,8,18,True
1346,1,2,4140,0,1,17,18,True
1352,0,1,57702,0,1,12,12,True
1352,0,2,31881,0,2,12,21,True
1352,1,2,39635,0,1,12,21,True
1361,0,1,6308,0,2,3,9,True
1361,0,2,22120,0,2,3,35,True
1361,1,2,31865,0,2,9,35,True
1362,0,1,39822,0,2,7,8,True
1362,0,2,51769,1,2,7,29,True
1362,1,2,10216,0,2,8,29,True
1368,0,1,11499,1,2,35,35,True
1368,0,2,12143,1,2,35,35,True
1368,1,2,12151,0,1,35,35,True
1372,0,1,48363,1,2,32,32,True
1372,0,2,49275,1,2,32,32,True
1372,1,2,49714,0,1,32,32,True
1378,0,1,71161,0,1,8,10,True
1378,0,2,13942,0,1,8,32,True
1378,1,2,3184,0,1,10,32,True
1381,0,1,57184,1,2,15,24,True
1381,0,2,4396,0,2,15,26,True
1381,1,2,22109,0,2,24,26,True
1387,0,1,68122,0,2,7,7,True
1387,0,2,68122,1,2,7,7,True
1387,1,2,68527,0,1,7,7,True
1390,0,1,68862,0,1,9,15,True
1390,0,2,32282,0,2,9,30,True
1390,1,2,53259,0,1,15,30,True
1392,0,1,14859,0,1,8,18,True
1392,0,2,50827,1,2,8,25,True
1392,1,2,55807,0,1,18,25,True
1393,0,1,52220,0,1,14,27,True
1393,0,2,52220,0,2,14,27,True
1393,1,2,6900,1,2,27,27,True
1395,0,1,27144,1,2,19,19,True
1395,0,2,6876,0,2,19,29,True
1395,1,2,8790,0,2,19,29,True
1396,0,1,48069,0,2,11,15,True
1396,0,2,48069,1,2,11,15,True
1396,1,2,12887,1,2,15,15,True
1400,0,1,4265,0,1,1,5,True
1400,0,2,43078,0,1,1,8,True
1400,1,2,6938,0,2,5,8,True
1410,0,1,40914,0,1,8,24,True
1410,0,2,43078,1,2,8,30,True
1410,1,2,13595,1,2,24,30,True
1416,0,1,72581,1,2,6,18,True
1416,0,2,3503,1,2,6,19,True
1416,1,2,47101,0,2,18,19,True
1421,0,1,11393,0,1,7,7,True
1421,0,2,11699,0,1,7,7,True
1421,1,2,12085,0,1,7,7,True
1423,0,1,62825,0,2,25,34,True
1423,0,2,11790,0,1,25,37,True
1423,1,2,55484,0,2,34,37,True
1442,0,1,67111,1,2,14,14,True
1442,0,2,68102,1,2,14,14,True
1442,1,2,68340,0,1,14,14,True
1443,0,1,51834,0,1,13,14,True
1443,0,2,21069,0,1,13,27,True
1443,1,2,46931,1,2,14,27,True
1444,0,1,683,0,1,37,37,True
1444,0,2,683,0,2,37,37,True
1444,1,2,683,1,2,37,37,True
1449,0,1,30505,0,2,30,30,True
1449,0,2,5006,1,2,30,31,True
1449,1,2,5244,0,1,30,31,True
1450,0,1,35241,1,2,14,36,True
1450,0,2,49963,0,1,14,37,True
1450,1,2,31262,0,1,36,37,True
1462,0,1,21751,0,2,6,31,True
1462,0,2,42138,0,2,6,32,True
1462,1,2,12761,0,1,31,32,True
1465,0,1,27418,0,1,2,10,True
1465,0,2,5149,0,2,2,11,True
1465,1,2,67755,1,2,10,11,True
1466,0,1,35362,1,2,6,7,True
1466,0,2,36550,0,2,6,7,True
1466,1,2,23416,1,2,7,7,True
1469,0,1,69959,0,2,8,33,True
1469,0,2,26375,0,1,8,34,True
1469,1,2,10349,1,2,33,34,True
1473,0,1,5775,0,2,21,29,True
1473,0,2,9411,1,2,21,38,True
1473,1,2,17604,1,2,29,38,True
1487,0,1,33920,0,1,7,29,True
1487,0,2,35469,1,2,7,29,True
1487,1,2,66485,1,2,29,29,True
1488,0,1,39310,1,2,33,33,True
1488,0,2,39842,1,2,33,33,True
1488,1,2,42195,1,2,33,33,True
1493,0,1,59210,1,2,37,39,True
1493,0,2,42787,1,2,37,40,True
1493,1,2,20894,1,2,39,40,True
1500,0,1,4439,0,2,25,25,True
1500,0,2,4439,1,2,25,25,True
1500,1,2,4819,0,1,25,25,True
1510,0,1,67521,0,1,4,27,True
1510,0,2,47988,0,1,4,39,True
1510,1,2,31563,0,2,27,39,True
1512,0,1,22083,0,2,22,22,True
1512,0,2,22083,1,2,22,22,True
1512,1,2,22237,0,1,22,22,True
1515,0,1,22133,1,2,18,36,True
1515,0,2,23351,1,2,18,36,True
1515,1,2,65621,1,2,36,36,True
1517,0,1,43304,1,2,39,39,True
1517,0,2,45513,1,2,39,39,True
1517,1,2,45866,1,2,39,39,True
1519,0,1,40568,0,2,7,7,True
1519,0,2,33377,0,1,7,27,True
1519,1,2,33377,0,2,7,27,True
1521,0,1,1035,0,1,15,15,True
1521,0,2,1035,0,2,15,15,True
1521,1,2,1035,1,2,15,15,True
1556,0,1,2042,0,1,5,11,True
1556,0,2,15061,1,2,5,12,True
1556,1,2,35468,0,1,11,12,True
1584,0,1,813,0,1,18,39,True
1584,0,2,4711,0,2,18,39,True
1584,1,2,59906,0,2,39,39,True
1589,0,1,38194,0,1,10,11,True
1589,0,2,31776,0,2,10,11,True
1589,1,2,39288,0,2,11,11,True
1597,0,1,52069,0,2,24,33,True
1597,0,2,2591,1,2,24,40,True
1597,1,2,99,1,2,33,40,True
1604,0,1,35190,1,2,8,22,True
1604,0,2,16250,0,1,8,29,True
1604,1,2,49429,1,2,22,29,True
1632,0,1,52274,0,2,16,29,True
1632,0,2,971,0,2,16,40,True
1632,1,2,39528,1,2,29,40,True
1639,0,1,8227,0,1,2,20,True
1639,0,2,8227,0,2,2,20,True
1639,1,2,34623,1,2,20,20,True
1664,0,1,44058,0,1,9,20,True
1664,0,2,29812,0,2,9,28,True
1664,1,2,25536,0,1,20,28,True
1667,0,1,26693,0,1,21,22,True
1667,0,2,49282,0,2,21,24,True
1667,1,2,50207,0,1,22,24,True
1668,0,1,27049,0,2,16,19,True
1668,0,2,37050,0,1,16,20,True
1668,1,2,34827,1,2,19,20,True
1684,0,1,11858,0,1,17,26,True
1684,0,2,13474,1,2,17,26,True
1684,1,2,27554,1,2,26,26,True
1689,0,1,11478,1,2,16,28,True
1689,0,2,12774,0,1,16,28,True
1689,1,2,54868,0,1,28,28,True
1701,0,1,52865,0,1,1,1,True
1701,0,2,56830,0,2,1,29,True
1701,1,2,57549,0,2,1,29,True
1709,0,1,13708,0,1,23,23,True
1709,0,2,71283,0,2,23,30,True
1709,1,2,71283,1,2,23,30,True
1713,0,1,46053,0,2,11,19,True
1713,0,2,10664,0,1,11,24,True
1713,1,2,43169,1,2,19,24,True
1726,0,1,61737,0,2,19,40,True
1726,0,2,67463,1,2,19,40,True
1726,1,2,52454,1,2,40,40,True
1727,0,1,48344,1,2,32,32,True
1727,0,2,48363,1,2,32,32,True
1727,1,2,49275,1,2,32,32,True
1738,0,1,19954,0,2,8,13,True
1738,0,2,72373,0,2,8,29,True
1738,1,2,5801,1,2,13,29,True
1740,0,1,37083,0,1,12,13,True
1740,0,2,10915,1,2,12,33,True
1740,1,2,21883,0,2,13,33,True
1741,0,1,11369,0,2,8,8,True
1741,0,2,2640,0,1,8,36,True
1741,1,2,2640,0,2,8,36,True
1743,0,1,11004,0,1,18,23,True
1743,0,2,11004,0,2,18,23,True
1743,1,2,31807,0,1,23,23,True
1744,0,1,39756,0,1,6,7,True
1744,0,2,41540,0,2,6,18,True
1744,1,2,65417,-1,1,7,18,False
1745,0,1,59281,0,1,13,14,True
1745,0,2,58935,0,1,13,15,True
1745,1,2,35176,1,2,14,15,True
1767,0,1,12795,0,1,24,24,True
1767,0,2,51384,1,2,24,25,True
1767,1,2,51994,0,1,24,25,True
1774,0,1,60692,0,2,4,19,True
1774,0,2,67671,0,2,4,26,True
1774,1,2,51010,0,2,19,26,True
1785,0,1,9291,1,2,2,12,True
1785,0,2,9338,0,2,2,34,True
1785,1,2,41739,0,1,12,34,True
1786,0,1,20049,0,1,29,30,True
1786,0,2,32077,0,2,29,31,True
1786,1,2,57997,0,2,30,31,True
1818,0,1,68287,0,2,8,8,True
1818,0,2,70279,1,2,8,27,True
1818,1,2,9188,0,1,8,27,True
1820,0,1,68844,0,1,18,19,True
1820,0,2,48303,1,2,18,22,True
1820,1,2,63024,0,1,19,22,True
1839,0,1,15238,1,2,32,32,True
1839,0,2,43069,1,2,32,33,True
1839,1,2,44858,1,2,32,33,True
1844,0,1,10868,1,2,4,4,True
1844,0,2,37577,0,2,4,30,True
1844,1,2,37897,0,2,4,30,True
1851,0,1,15064,0,2,2,33,True
1851,0,2,20249,0,2,2,38,True
1851,1,2,49123,1,2,33,38,True
1853,0,1,25093,0,1,3,18,True
1853,0,2,47483,0,2,3,19,True
1853,1,2,35496,0,1,18,19,True
1877,0,1,40397,0,1,13,24,True
1877,0,2,48558,0,1,13,24,True
1877,1,2,60780,1,2,24,24,True
1886,0,1,2014,0,2,35,36,True
1886,0,2,2014,1,2,35,36,True
1886,1,2,5177,1,2,36,36,True
1897,0,1,29806,1,2,18,21,True
1897,0,2,35879,0,2,18,21,True
1897,1,2,32244,0,1,21,21,True
1913,0,1,19636,0,2,22,34,True
1913,0,2,17755,0,1,22,35,True
1913,1,2,71242,0,1,34,35,True
1914,0,1,60339,0,2,27,28,True
1914,0,2,60339,1,2,27,28,True
1914,1,2,8519,1,2,28,28,True
1917,0,1,59961,0,1,10,10,True
1917,0,2,70137,0,2,10,38,True
1917,1,2,70137,1,2,10,38,True
1943,0,1,8029,0,2,24,40,True
1943,0,2,10118,0,2,24,40,True
1943,1,2,70696,1,2,40,40,True
1948,0,1,60824,0,1,2,32,True
1948,0,2,18648,0,1,2,37,True
1948,1,2,68903,1,2,32,37,True
1949,0,1,65352,0,2,4,30,True
1949,0,2,9193,0,2,4,32,True
1949,1,2,49446,0,1,30,32,True
1965,0,1,22348,0,1,5,18,True
1965,0,2,61498,0,1,5,22,True
1965,1,2,32583,0,1,18,22,True
1991,0,1,61469,1,2,6,8,True
1991,0,2,47884,0,2,6,25,True
1991,1,2,21705,0,1,8,25,True
2007,0,1,43482,1,2,6,11,True
2007,0,2,28701,0,1,6,22,True
2007,1,2,12729,0,1,11,22,True
2014,0,1,30089,1,2,35,35,True
2014,0,2,32483,1,2,35,36,True
2014,1,2,33322,1,2,35,36,True
2019,0,1,70801,0,1,1,20,True
2019,0,2,59711,0,2,1,31,True
2019,1,2,32278,0,2,20,31,True
2023,0,1,56926,0,1,12,12,True
2023,0,2,56926,0,2,12,12,True
2023,1,2,56926,1,2,12,12,True
2039,0,1,54787,1,2,18,18,True
2039,0,2,55759,0,1,18,18,True
2039,1,2,55872,1,2,18,18,True
2042,0,1,17967,0,2,5,11,True
2042,0,2,23360,0,2,5,14,True
2042,1,2,26137,0,1,11,14,True
2044,0,1,65472,0,1,9,10,True
2044,0,2,30657,0,1,9,37,True
2044,1,2,36487,0,2,10,37,True
2047,0,1,71187,0,2,8,8,True
2047,0,2,4410,1,2,8,31,True
2047,1,2,5442,0,2,8,31,True
2048,0,1,31182,0,2,26,34,True
2048,0,2,31217,0,1,26,34,True
2048,1,2,27557,1,2,34,34,True
2049,0,1,22057,1,2,1,35,True
2049,0,2,31528,0,2,1,35,True
2049,1,2,46515,0,1,35,35,True
2066,0,1,22778,0,1,14,14,True
2066,0,2,22778,0,2,14,14,True
2066,1,2,22778,1,2,14,14,True
2070,0,1,49475,0,1,9,12,True
2070,0,2,51943,0,2,9,31,True
2070,1,2,64925,0,1,12,31,True
2077,0,1,45290,1,2,22,22,True
2077,0,2,66806,1,2,22,35,True
2077,1,2,1913,0,2,22,35,True
2091,0,1,28529,0,2,29,30,True
2091,0,2,28529,1,2,29,30,True
2091,1,2,14637,0,2,30,30,True
2113,0,1,41891,0,1,23,23,True
2113,0,2,43945,1,2,23,36,True
2113,1,2,49374,0,2,23,36,True
2114,0,1,6116,0,1,1,1,True
2114,0,2,13758,0,2,1,31,True
2114,1,2,16020,0,1,1,31,True
2125,0,1,59183,0,2,24,27,True
2125,0,2,57994,-1,2,24,35,False
2125,1,2,58977,-1,0,27,35,False
2135,0,1,43559,0,2,7,7,True
2135,0,2,58457,1,2,7,8,True
2135,1,2,59570,0,2,7,8,True
2169,0,1,40959,0,1,16,16,True
2169,0,2,41142,0,1,16,16,True
2169,1,2,41397,0,1,16,16,True
2182,0,1,3266,0,2,4,4,True
2182,0,2,72395,0,2,4,23,True
2182,1,2,11125,0,1,4,23,True
2185,0,1,27761,1,2,14,15,True
2185,0,2,27772,0,2,14,15,True
2185,1,2,53990,1,2,15,15,True
2186,0,1,29585,1,2,32,33,True
2186,0,2,32464,1,2,32,33,True
2186,1,2,69069,1,2,33,33,True
2202,0,1,64464,0,2,11,19,True
2202,0,2,40198,1,2,11,35,True
2202,1,2,60669,0,2,19,35,True
2204,0,1,63138,0,2,8,8,True
2204,0,2,40273,1,2,8,9,True
2204,1,2,41416,0,2,8,9,True
2223,0,1,53785,0,1,6,9,True
2223,0,2,64977,0,1,6,9,True
2223,1,2,56082,1,2,9,9,True
2228,0,1,55191,0,2,7,30,True
2228,0,2,62907,0,2,7,30,True
2228,1,2,69177,0,1,30,30,True
2235,0,1,61461,1,2,12,12,True
2235,0,2,53765,0,2,12,35,True
2235,1,2,62342,0,2,12,35,True
2244,0,1,8171,0,1,8,8,True
2244,0,2,49768,0,2,8,27,True
2244,1,2,52767,1,2,8,27,True
2259,0,1,52563,0,1,2,20,True
2259,0,2,33277,0,2,2,30,True
2259,1,2,7466,0,1,20,30,True
2264,0,1,45128,0,1,1,34,True
2264,0,2,69902,0,1,1,35,True
2264,1,2,29512,0,2,34,35,True
2271,0,1,52136,0,1,4,4,True
2271,0,2,52136,0,2,4,4,True
2271,1,2,52136,1,2,4,4,True
2272,0,1,71,0,1,3,4,True
2272,0,2,22497,0,1,3,16,True
2272,1,2,54552,1,2,4,16,True
2275,0,1,68764,0,1,11,37,True
2275,0,2,5121,1,2,11,39,True
2275,1,2,63994,1,2,37,39,True
2285,0,1,13451,0,2,3,19,True
2285,0,2,37872,0,2,3,37,True
2285,1,2,68517,1,2,19,37,True
2288,0,1,14578,1,2,16,26,True
2288,0,2,53705,0,1,16,27,True
2288,1,2,54194,1,2,26,27,True
2293,0,1,7142,0,1,1,1,True
2293,0,2,47923,0,1,1,30,True
2293,1,2,47923,0,2,1,30,True
2307,0,1,39455,0,2,14,25,True
2307,0,2,13712,0,2,14,26,True
2307,1,2,4222,0,2,25,26,True
2321,0,1,5631,1,2,10,30,True
2321,0,2,7518,0,1,10,36,True
2321,1,2,58710,1,2,30,36,True
2324,0,1,36261,0,2,27,28,True
2324,0,2,36589,0,1,27,28,True
2324,1,2,34626,1,2,28,28,True
2327,0,1,69087,0,1,23,24,True
2327,0,2,22803,-1,2,23,30,False
2327,1,2,44413,1,2,24,30,True
2337,0,1,32531,0,2,9,28,True
2337,0,2,70394,0,1,9,36,True
2337,1,2,72487,0,1,28,36,True
2340,0,1,13042,0,1,34,34,True
2340,0,2,14390,1,2,34,34,True
2340,1,2,14398,0,1,34,34,True
2341,0,1,57956,0,1,12,23,True
2341,0,2,31241,0,2,12,38,True
2341,1,2,42345,1,2,23,38,True
2347,0,1,32995,0,1,5,5,True
2347,0,2,32995,0,2,5,5,True
2347,1,2,32995,1,2,5,5,True
2361,0,1,40704,0,2,5,10,True
2361,0,2,68253,0,1,5,25,True
2361,1,2,5893,0,1,10,25,True
2367,0,1,6815,1,2,10,22,True
2367,0,2,50652,0,2,10,23,True
2367,1,2,3673,0,1,22,23,True
2376,0,1,10102,0,2,14,18,True
2376,0,2,63090,0,2,14,28,True
2376,1,2,61089,0,2,18,28,True
2401,0,1,7068,0,1,13,20,True
2401,0,2,5185,0,2,13,21,True
2401,1,2,69219,0,2,20,21,True
2413,0,1,48553,0,1,35,35,True
2413,0,2,48553,0,2,35,35,True
2413,1,2,48553,1,2,35,35,True
2415,0,1,46261,1,2,5,5,True
2415,0,2,22597,0,2,5,37,True
2415,1,2,23295,0,1,5,37,True
2422,0,1,63371,0,1,11,12,True
2422,0,2,33284,0,2,11,31,True
2422,1,2,26836,1,2,12,31,True
2429,0,1,57853,0,1,8,12,True
2429,0,2,811,0,1,8,20,True
2429,1,2,55839,0,1,12,20,True
2437,0,1,19626,0,1,7,26,True
2437,0,2,66289,1,2,7,28,True
2437,1,2,21670,1,2,26,28,True
2451,0,1,10349,0,2,16,34,True
2451,0,2,32868,0,2,16,35,True
2451,1,2,47196,0,2,34,35,True
2459,0,1,66508,0,1,3,13,True
2459,0,2,14180,1,2,3,25,True
2459,1,2,3203,0,1,13,25,True
2488,0,1,64878,1,2,36,37,True
2488,0,2,65519,0,1,36,37,True
2488,1,2,22636,1,2,37,37,True
2493,0,1,42756,0,2,7,39,True
2493,0,2,46443,1,2,7,39,True
2493,1,2,60543,1,2,39,39,True
2509,0,1,35275,0,2,15,16,True
2509,0,2,8398,1,2,15,35,True
2509,1,2,29217,0,2,16,35,True
2516,0,1,60159,0,1,21,24,True
2516,0,2,60159,0,2,21,24,True
2516,1,2,36900,1,2,24,24,True
2537,0,1,60881,1,2,22,23,True
2537,0,2,72255,0,1,22,33,True
2537,1,2,29556,0,2,23,33,True
2538,0,1,57519,0,1,5,29,True
2538,0,2,48851,0,2,5,33,True
2538,1,2,42467,1,2,29,33,True
2548,0,1,16302,0,1,1,10,True
2548,0,2,27605,0,2,1,27,True
2548,1,2,51630,1,2,10,27,True
2549,0,1,11503,0,1,10,13,True
2549,0,2,32992,0,2,10,35,True
2549,1,2,53590,0,2,13,35,True
2553,0,1,36734,0,1,13,13,True
2553,0,2,37056,1,2,13,13,True
2553,1,2,38153,0,1,13,13,True
2569,0,1,42596,0,1,16,26,True
2569,0,2,25047,0,1,16,32,True
2569,1,2,62528,1,2,26,32,True
2591,0,1,72807,0,1,19,24,True
2591,0,2,44614,1,2,19,40,True
2591,1,2,34493,1,2,24,40,True
2598,0,1,27084,0,1,7,8,True
2598,0,2,72745,0,2,7,40,True
2598,1,2,7079,0,1,8,40,True
2613,0,1,71373,1,2,9,10,True
2613,0,2,71976,0,2,9,10,True
2613,1,2,54020,0,1,10,10,True
2639,0,1,57282,1,2,32,33,True
2639,0,2,61555,0,1,32,33,True
2639,1,2,61796,1,2,33,33,True
2640,0,1,1083,0,1,8,36,True
2640,0,2,1083,0,2,8,36,True
2640,1,2,36342,1,2,36,36,True
2651,0,1,42294,0,1,10,11,True
2651,0,2,2668,0,2,10,12,True
2651,1,2,38046,0,1,11,12,True
2655,0,1,6877,1,2,40,40,True
2655,0,2,7079,1,2,40,40,True
2655,1,2,7160,1,2,40,40,True
2668,0,1,72919,0,2,10,10,True
2668,0,2,64373,0,1,10,12,True
2668,1,2,64373,0,2,10,12,True
2672,0,1,51256,0,2,18,25,True
2672,0,2,27300,0,1,18,33,True
2672,1,2,33414,1,2,25,33,True
2693,0,1,50809,0,1,3,3,True
2693,0,2,51302,0,1,3,3,True
2693,1,2,51649,0,1,3,3,True
2701,0,1,5149,0,1,2,11,True
2701,0,2,5149,0,2,2,11,True
2701,1,2,44092,0,2,11,11,True
2709,0,1,28240,1,2,25,30,True
2709,0,2,49063,1,2,25,38,True
2709,1,2,20056,0,1,30,38,True
2710,0,1,29251,0,1,23,23,True
2710,0,2,29556,0,1,23,23,True
2710,1,2,30245,1,2,23,23,True
2711,0,1,45577,0,1,3,3,True
2711,0,2,28928,1,2,3,24,True
2711,1,2,32344,0,2,3,24,True
2713,0,1,28525,0,1,40,40,True
2713,0,2,28525,0,2,40,40,True
2713,1,2,28525,1,2,40,40,True
2735,0,1,68527,0,2,7,20,True
2735,0,2,8414,0,1,7,21,True
2735,1,2,41977,0,1,20,21,True
2737,0,1,15274,-1,1,1,22,False
2737,0,2,55878,-1,1,1,26,False
2737,1,2,6770,0,1,22,26,True
2744,0,1,21937,0,1,13,15,True
2744,0,2,21723,0,2,13,26,True
2744,1,2,1381,0,2,15,26,True
2749,0,1,52353,1,2,17,17,True
2749,0,2,49828,0,1,17,22,True
2749,1,2,56164,0,1,17,22,True
2752,0,1,49175,0,2,17,35,True
2752,0,2,54211,0,2,17,35,True
2752,1,2,22093,1,2,35,35,True
2753,0,1,6002,0,2,5,18,True
2753,0,2,61498,0,2,5,40,True
2753,1,2,11551,1,2,18,40,True
2757,0,1,33721,1,2,35,36,True
2757,0,2,34961,0,1,35,36,True
2757,1,2,16779,1,2,36,36,True
2791,0,1,47092,0,1,10,24,True
2791,0,2,51384,0,1,10,24,True
2791,1,2,9243,0,1,24,24,True
2792,0,1,69027,0,1,1,1,True
2792,0,2,5594,0,2,1,2,True
2792,1,2,5594,1,2,1,2,True
2795,0,1,13587,0,1,29,29,True
2795,0,2,16800,0,1,29,29,True
2795,1,2,16800,0,2,29,29,True
2797,0,1,26104,0,1,8,8,True
2797,0,2,44965,0,1,8,14,True
2797,1,2,45073,0,1,8,14,True
2802,0,1,846,1,2,12,12,True
2802,0,2,32100,0,2,12,38,True
2802,1,2,36549,0,1,12,38,True
2803,0,1,51533,0,1,11,30,True
2803,0,2,51533,0,2,11,30,True
2803,1,2,25960,1,2,30,30,True
2805,0,1,44688,0,1,7,20,True
2805,0,2,49453,1,2,7,20,True
2805,1,2,32693,0,2,20,20,True
2813,0,1,682,0,2,1,8,True
2813,0,2,33208,0,2,1,28,True
2813,1,2,38129,1,2,8,28,True
2821,0,1,52719,0,1,17,18,True
2821,0,2,55579,0,1,17,24,True
2821,1,2,21690,1,2,18,24,True
2824,0,1,53911,0,1,7,11,True
2824,0,2,20263,0,2,7,28,True
2824,1,2,9609,0,1,11,28,True
2826,0,1,51338,1,2,11,21,True
2826,0,2,51533,0,2,11,30,True
2826,1,2,58499,1,2,21,30,True
2839,0,1,15522,0,2,1,1,True
2839,0,2,45557,1,2,1,2,True
2839,1,2,46133,0,2,1,2,True
2843,0,1,68729,1,2,16,16,True
2843,0,2,19701,0,2,16,39,True
2843,1,2,20141,0,2,16,39,True
2876,0,1,42819,0,1,28,28,True
2876,0,2,25942,1,2,28,35,True
2876,1,2,27582,1,2,28,35,True
2880,0,1,5791,0,2,2,16,True
2880,0,2,6555,0,2,2,25,True
2880,1,2,5274,0,2,16,25,True
2882,0,1,43934,1,2,15,31,True
2882,0,2,21825,1,2,15,32,True
2882,1,2,48506,0,2,31,32,True
2884,0,1,71276,0,2,1,19,True
2884,0,2,33138,1,2,1,33,True
2884,1,2,59205,0,1,19,33,True
2888,0,1,222,1,2,26,27,True
2888,0,2,985,0,2,26,27,True
2888,1,2,59619,0,1,27,27,True
2892,0,1,14825,1,2,13,13,True
2892,0,2,46296,1,2,13,15,True
2892,1,2,50786,0,1,13,15,True
2893,0,1,56407,0,1,22,23,True
2893,0,2,66175,1,2,22,32,True
2893,1,2,51240,1,2,23,32,True
2914,0,1,32063,0,2,35,36,True
2914,0,2,32134,0,1,35,36,True
2914,1,2,11423,0,1,36,36,True
2920,0,1,35468,1,2,12,24,True
2920,0,2,48191,1,2,12,38,True
2920,1,2,14635,1,2,24,38,True
2958,0,1,47130,0,2,30,39,True
2958,0,2,51028,0,2,30,39,True
2958,1,2,30233,1,2,39,39,True
2962,0,1,13182,0,1,10,15,True
2962,0,2,10456,1,2,10,16,True
2962,1,2,49104,0,1,15,16,True
2963,0,1,43253,0,1,36,36,True
2963,0,2,43253,0,2,36,36,True
2963,1,2,43253,1,2,36,36,True
2980,0,1,35964,1,2,16,22,True
2980,0,2,35964,1,2,16,22,True
2980,1,2,27240,0,2,22,22,True
2983,0,1,25015,0,1,12,12,True
2983,0,2,25823,0,1,12,12,True
2983,1,2,26584,1,2,12,12,True
2992,0,1,50327,0,2,35,35,True
2992,0,2,50327,1,2,35,35,True
2992,1,2,52385,1,2,35,35,True
2999,0,1,66941,0,1,4,16,True
2999,0,2,32778,0,2,4,38,True
2999,1,2,58873,0,2,16,38,True
3011,0,1,41517,1,2,31,32,True
3011,0,2,35025,1,2,31,36,True
3011,1,2,48289,1,2,32,36,True
3012,0,1,1306,1,2,25,25,True
3012,0,2,43455,1,2,25,26,True
3012,1,2,48028,1,2,25,26,True
3013,0,1,44010,0,2,14,39,True
3013,0,2,46748,1,2,14,39,True
3013,1,2,56075,1,2,39,39,True
3015,0,1,45478,0,1,2,13,True
3015,0,2,68102,0,1,2,14,True
3015,1,2,57806,0,1,13,14,True
3016,0,1,67073,0,2,38,38,True
3016,0,2,67073,1,2,38,38,True
3016,1,2,67921,0,1,38,38,True
3024,0,1,57602,1,2,39,40,True
3024,0,2,57900,1,2,39,40,True
3024,1,2,487,1,2,40,40,True
3029,0,1,21937,0,2,13,30,True
3029,0,2,13847,0,2,13,34,True
3029,1,2,60054,0,2,30,34,True
3033,0,1,69512,1,2,12,21,True
3033,0,2,54510,1,2,12,31,True
3033,1,2,50856,1,2,21,31,True
3034,0,1,61247,0,2,5,5,True
3034,0,2,59633,1,2,5,35,True
3034,1,2,64670,0,1,5,35,True
3055,0,1,42525,0,2,22,23,True
3055,0,2,40659,0,1,22,39,True
3055,1,2,72616,1,2,23,39,True
3060,0,1,65914,1,2,27,27,True
3060,0,2,51580,0,2,27,35,True
3060,1,2,52879,1,2,27,35,True
3082,0,1,8776,1,2,20,37,True
3082,0,2,10594,0,2,20,37,True
3082,1,2,683,1,2,37,37,True
3096,0,1,47239,0,1,3,12,True
3096,0,2,32377,0,1,3,32,True
3096,1,2,18476,0,2,12,32,True
3097,0,1,48256,0,1,23,26,True
3097,0,2,50973,1,2,23,29,True
3097,1,2,41819,0,1,26,29,True
3106,0,1,33277,1,2,19,30,True
3106,0,2,22060,0,1,19,31,True
3106,1,2,6768,0,2,30,31,True
3127,0,1,45910,0,1,8,14,True
3127,0,2,43083,0,2,8,34,True
3127,1,2,56355,0,2,14,34,True
3129,0,1,28334,0,2,13,13,True
3129,0,2,40465,1,2,13,18,True
3129,1,2,41393,0,2,13,18,True
3140,0,1,65532,1,2,12,19,True
3140,0,2,65814,0,1,12,19,True
3140,1,2,39201,1,2,19,19,True
3172,0,1,13176,0,1,16,17,True
3172,0,2,49654,0,2,16,36,True
3172,1,2,60104,0,2,17,36,True
3173,0,1,998,0,1,7,14,True
3173,0,2,459,0,1,7,34,True
3173,1,2,27553,0,2,14,34,True
3177,0,1,62330,1,2,13,13,True
3177,0,2,62863,0,1,13,13,True
3177,1,2,63344,0,1,13,13,True
3182,0,1,44948,0,1,1,27,True
3182,0,2,66266,0,2,1,36,True
3182,1,2,43744,0,2,27,36,True
3184,0,1,7919,0,2,10,32,True
3184,0,2,31675,0,2,10,33,True
3184,1,2,52577,0,2,32,33,True
3189,0,1,24245,1,2,28,34,True
3189,0,2,25843,1,2,28,34,True
3189,1,2,60279,1,2,34,34,True
3202,0,1,52663,1,2,7,13,True
3202,0,2,36327,0,2,7,19,True
3202,1,2,55119,1,2,13,19,True
3203,0,1,23565,1,2,13,25,True
3203,0,2,17429,1,2,13,30,True
3203,1,2,28240,1,2,25,30,True
3209,0,1,15474,0,1,15,24,True
3209,0,2,59085,1,2,15,39,True
3209,1,2,43335,1,2,24,39,True
3219,0,1,13829,0,1,11,12,True
3219,0,2,19977,0,2,11,25,True
3219,1,2,16176,0,1,12,25,True
3220,0,1,52447,0,1,2,2,True
3220,0,2,52447,0,2,2,2,True
3220,1,2,52447,1,2,2,2,True
3261,0,1,58391,1,2,28,30,True
3261,0,2,22784,0,1,28,34,True
3261,1,2,64551,0,2,30,34,True
3266,0,1,18413,0,1,4,4,True
3266,0,2,19765,0,1,4,4,True
3266,1,2,19765,0,2,4,4,True
3269,0,1,35607,0,2,4,37,True
3269,0,2,43891,1,2,4,38,True
3269,1,2,43258,1,2,37,38,True
3276,0,1,28208,0,2,6,15,True
3276,0,2,5066,1,2,6,39,True
3276,1,2,717,0,1,15,39,True
3277,0,1,1914,0,2,27,28,True
3277,0,2,6953,0,2,27,38,True
3277,1,2,33772,1,2,28,38,True
3301,0,1,54956,0,2,14,15,True
3301,0,2,19435,0,2,14,38,True
3301,1,2,55795,1,2,15,38,True
3330,0,1,70431,0,1,5,13,True
3330,0,2,39854,0,2,5,26,True
3330,1,2,39164,1,2,13,26,True
3336,0,1,45036,0,2,17,34,True
3336,0,2,36093,1,2,17,36,True
3336,1,2,37942,1,2,34,36,True
3338,0,1,65348,0,2,2,19,True
3338,0,2,44413,0,1,2,24,True
3338,1,2,26419,1,2,19,24,True
3344,0,1,69085,0,2,24,25,True
3344,0,2,64050,0,1,24,26,True
3344,1,2,71624,0,1,25,26,True
3355,0,1,28829,1,2,17,17,True
3355,0,2,4131,0,2,17,18,True
3355,1,2,4131,1,2,17,18,True
3368,0,1,29221,-1,1,24,34,False
3368,0,2,8862,-1,2,24,40,False
3368,1,2,59219,0,2,34,40,True
3371,0,1,16548,0,1,1,1,True
3371,0,2,64177,0,2,1,28,True
3371,1,2,66733,0,1,1,28,True
3372,0,1,54995,1,2,5,24,True
3372,0,2,64523,0,2,5,25,True
3372,1,2,52883,0,2,24,25,True
3390,0,1,1174,0,2,1,6,True
3390,0,2,36929,0,1,1,39,True
3390,1,2,10746,0,1,6,39,True
3402,0,1,33416,0,2,18,19,True
3402,0,2,33416,1,2,18,19,True
3402,1,2,67576,1,2,19,19,True
3413,0,1,43349,0,2,2,2,True
3413,0,2,44040,0,2,2,31,True
3413,1,2,54436,0,2,2,31,True
3416,0,1,65814,0,2,12,26,True
3416,0,2,69158,0,1,12,30,True
3416,1,2,932,0,2,26,30,True
3425,0,1,66561,0,1,5,5,True
3425,0,2,60598,0,2,5,39,True
3425,1,2,62846,0,2,5,39,True
3430,0,1,4426,0,1,16,16,True
3430,0,2,58921,0,1,16,17,True
3430,1,2,61362,1,2,16,17,True
3431,0,1,18506,1,2,32,32,True
3431,0,2,19137,1,2,32,32,True
3431,1,2,20034,1,2,32,32,True
3432,0,1,5156,0,1,21,21,True
3432,0,2,5156,0,2,21,21,True
3432,1,2,5156,1,2,21,21,True
3477,0,1,54415,1,2,24,37,True
3477,0,2,56225,1,2,24,37,True
3477,1,2,31616,1,2,37,37,True
3495,0,1,47078,0,2,7,34,True
3495,0,2,58300,0,2,7,34,True
3495,1,2,34584,1,2,34,34,True
3501,0,1,70826,0,1,6,14,True
3501,0,2,17047,1,2,6,15,True
3501,1,2,20094,0,2,14,15,True
3503,0,1,47004,0,1,6,6,True
3503,0,2,41999,0,1,6,19,True
3503,1,2,49933,0,1,6,19,True
3506,0,1,11072,0,2,3,18,True
3506,0,2,43923,0,2,3,21,True
3506,1,2,53752,1,2,18,21,True
3532,0,1,57653,1,2,30,30,True
3532,0,2,59185,0,1,30,30,True
3532,1,2,59185,0,2,30,30,True
3546,0,1,44858,1,2,32,33,True
3546,0,2,21945,0,2,32,34,True
3546,1,2,8522,0,1,33,34,True
3558,0,1,35283,0,2,4,20,True
3558,0,2,59586,0,1,4,33,True
3558,1,2,35233,1,2,20,33,True
3563,0,1,65967,0,2,9,31,True
3563,0,2,48539,0,1,9,37,True
3563,1,2,70241,1,2,31,37,True
3570,0,1,10824,0,1,4,9,True
3570,0,2,6679,1,2,4,31,True
3570,1,2,22946,0,1,9,31,True
3585,0,1,35803,0,1,1,1,True
3585,0,2,11782,0,1,1,23,True
3585,1,2,18492,0,2,1,23,True
3592,0,1,42757,0,1,3,3,True
3592,0,2,42764,0,1,3,3,True
3592,1,2,43824,0,1,3,3,True
3605,0,1,22763,1,2,6,9,True
3605,0,2,7838,0,2,6,18,True
3605,1,2,19980,0,1,9,18,True
3608,0,1,26077,1,2,11,21,True
3608,0,2,68621,0,2,11,38,True
3608,1,2,70364,1,2,21,38,True
3611,0,1,69890,1,2,15,27,True
3611,0,2,3943,0,1,15,32,True
3611,1,2,13421,1,2,27,32,True
3613,0,1,61766,1,2,21,21,True
3613,0,2,37243,0,2,21,27,True
3613,1,2,38143,1,2,21,27,True
3625,0,1,9007,0,1,16,16,True
3625,0,2,10234,0,2,16,21,True
3625,1,2,12840,0,2,16,21,True
3634,0,1,62281,0,2,13,35,True
3634,0,2,18239,0,2,13,36,True
3634,1,2,55847,1,2,35,36,True
3644,0,1,36612,0,1,9,31,True
3644,0,2,49144,0,2,9,33,True
3644,1,2,67958,1,2,31,33,True
3649,0,1,48182,0,2,3,5,True
3649,0,2,52580,0,2,3,5,True
3649,1,2,2347,0,2,5,5,True
3658,0,1,6761,0,1,15,16,True
3658,0,2,7789,1,2,15,16,True
3658,1,2,29380,0,1,16,16,True
3660,0,1,13925,0,1,6,12,True
3660,0,2,50515,0,2,6,26,True
3660,1,2,63184,0,1,12,26,True
3663,0,1,51967,1,2,16,18,True
3663,0,2,52710,1,2,16,18,True
3663,1,2,58535,1,2,18,18,True
3673,0,1,29249,0,2,22,23,True
3673,0,2,62372,0,2,22,37,True
3673,1,2,28874,0,2,23,37,True
3676,0,1,64669,1,2,23,31,True
3676,0,2,68648,0,2,23,31,True
3676,1,2,32833,1,2,31,31,True
3678,0,1,63120,1,2,20,28,True
3678,0,2,72219,1,2,20,30,True
3678,1,2,54374,0,1,28,30,True
3680,0,1,11638,0,2,3,29,True
3680,0,2,60393,0,2,3,30,True
3680,1,2,2091,0,2,29,30,True
3685,0,1,52474,0,2,10,31,True
3685,0,2,18195,0,2,10,32,True
3685,1,2,60359,0,1,31,32,True
3695,0,1,19615,1,2,2,6,True
3695,0,2,4019,0,1,2,17,True
3695,1,2,10383,0,2,6,17,True
3700,0,1,18677,1,2,27,30,True
3700,0,2,19411,0,1,27,30,True
3700,1,2,38738,0,1,30,30,True
3710,0,1,10672,0,1,2,4,True
3710,0,2,50817,0,2,2,21,True
3710,1,2,37143,0,1,4,21,True
3715,0,1,18764,0,1,3,3,True
3715,0,2,20194,0,1,3,3,True
3715,1,2,20626,0,1,3,3,True
3717,0,1,62203,0,1,5,18,True
3717,0,2,35354,0,1,5,20,True
3717,1,2,37958,0,1,18,20,True
3728,0,1,26393,0,1,27,27,True
3728,0,2,16999,0,1,27,38,True
3728,1,2,16999,0,2,27,38,True
3731,0,1,23633,-1,0,7,25,False
3731,0,2,24306,0,2,7,27,True
3731,1,2,11493,1,2,25,27,True
3733,0,1,45579,0,1,6,16,True
3733,0,2,46596,1,2,6,23,True
3733,1,2,48740,0,2,16,23,True
3740,0,1,47164,0,1,13,13,True
3740,0,2,6379,0,1,13,34,True
3740,1,2,6379,0,2,13,34,True
3747,0,1,21609,1,2,16,22,True
3747,0,2,25092,1,2,16,37,True
3747,1,2,3673,0,2,22,37,True
3755,0,1,31616,1,2,37,37,True
3755,0,2,32202,0,1,37,37,True
3755,1,2,32202,0,2,37,37,True
3775,0,1,72319,0,1,8,9,True
3775,0,2,46448,0,1,8,10,True
3775,1,2,38897,1,2,9,10,True
3776,0,1,21460,1,2,34,34,True
3776,0,2,21924,0,1,34,34,True
3776,1,2,21945,1,2,34,34,True
3803,0,1,14274,0,1,20,21,True
3803,0,2,4967,0,1,20,21,True
3803,1,2,6360,1,2,21,21,True
3808,0,1,88,0,2,11,25,True
3808,0,2,63723,1,2,11,27,True
3808,1,2,56366,1,2,25,27,True
3811,0,1,23470,0,1,6,13,True
3811,0,2,70826,0,2,6,14,True
3811,1,2,66520,0,1,13,14,True
3819,0,1,68699,1,2,9,9,True
3819,0,2,31873,1,2,9,25,True
3819,1,2,36235,1,2,9,25,True
3840,0,1,59602,1,2,36,36,True
3840,0,2,59768,1,2,36,36,True
3840,1,2,60104,1,2,36,36,True
3852,0,1,34716,0,2,13,21,True
3852,0,2,9449,0,1,13,29,True
3852,1,2,60258,1,2,21,29,True
3861,0,1,21982,0,1,9,18,True
3861,0,2,36093,0,2,9,36,True
3861,1,2,23728,1,2,18,36,True
3869,0,1,71130,0,2,11,24,True
3869,0,2,1713,0,2,11,24,True
3869,1,2,19832,1,2,24,24,True
3888,0,1,61719,1,2,10,10,True
3888,0,2,26334,0,2,10,32,True
3888,1,2,31012,0,2,10,32,True
3892,0,1,27378,0,1,5,13,True
3892,0,2,27378,0,2,5,13,True
3892,1,2,31044,1,2,13,13,True
3893,0,1,13386,1,2,11,15,True
3893,0,2,13807,0,2,11,15,True
3893,1,2,53990,0,1,15,15,True
3915,0,1,21341,0,1,4,5,True
3915,0,2,20132,0,1,4,27,True
3915,1,2,9578,0,2,5,27,True
3920,0,1,41006,0,1,13,13,True
3920,0,2,62863,1,2,13,24,True
3920,1,2,63426,1,2,13,24,True
3925,0,1,39854,0,2,5,26,True
3925,0,2,30026,0,1,5,27,True
3925,1,2,222,1,2,26,27,True
3927,0,1,11330,0,1,20,29,True
3927,0,2,61344,0,2,20,34,True
3927,1,2,4501,0,2,29,34,True
3932,0,1,45857,0,2,8,24,True
3932,0,2,53796,1,2,8,35,True
3932,1,2,24458,1,2,24,35,True
3935,0,1,43349,0,2,2,2,True
3935,0,2,63227,0,2,2,26,True
3935,1,2,64440,0,2,2,26,True
3943,0,1,24227,0,2,15,32,True
3943,0,2,37539,0,2,15,33,True
3943,1,2,2186,0,1,32,33,True
3959,0,1,2888,0,2,26,27,True
3959,0,2,3925,1,2,26,27,True
3959,1,2,57256,1,2,27,27,True
3973,0,1,42565,1,2,33,33,True
3973,0,2,44737,1,2,33,33,True
3973,1,2,45801,0,1,33,33,True
3982,0,1,25051,0,2,2,6,True
3982,0,2,50827,0,2,2,25,True
3982,1,2,27540,0,1,6,25,True
3983,0,1,15984,1,2,27,28,True
3983,0,2,12213,0,2,27,37,True
3983,1,2,55976,0,2,28,37,True
3986,0,1,5661,0,1,12,21,True
3986,0,2,6698,1,2,12,21,True
3986,1,2,65517,0,1,21,21,True
4017,0,1,28184,0,2,7,24,True
4017,0,2,56366,0,1,7,25,True
4017,1,2,60588,1,2,24,25,True
4019,0,1,5266,0,2,2,17,True
4019,0,2,41394,0,2,2,26,True
4019,1,2,36432,1,2,17,26,True
4021,0,1,33208,0,2,1,28,True
4021,0,2,66765,0,2,1,33,True
4021,1,2,20466,1,2,28,33,True
4033,0,1,8125,1,2,9,10,True
4033,0,2,19335,1,2,9,30,True
4033,1,2,61923,0,2,10,30,True
4037,0,1,48150,0,2,26,35,True
4037,0,2,51307,0,2,26,35,True
4037,1,2,1368,0,1,35,35,True
4060,0,1,42266,1,2,21,21,True
4060,0,2,43626,1,2,21,21,True
4060,1,2,43923,1,2,21,21,True
4064,0,1,57947,1,2,39,39,True
4064,0,2,58675,0,1,39,39,True
4064,1,2,58675,0,2,39,39,True
4067,0,1,39045,1,2,39,40,True
4067,0,2,40653,1,2,39,40,True
4067,1,2,65730,1,2,40,40,True
4075,0,1,53224,0,1,34,34,True
4075,0,2,12185,1,2,34,38,True
4075,1,2,15189,0,2,34,38,True
4081,0,1,47163,0,1,1,8,True
4081,0,2,5537,0,2,1,14,True
4081,1,2,70258,0,1,8,14,True
4083,0,1,56747,0,2,20,21,True
4083,0,2,58138,0,2,20,21,True
4083,1,2,33376,0,1,21,21,True
4106,0,1,42151,0,2,10,37,True
4106,0,2,33232,0,2,10,38,True
4106,1,2,52831,0,2,37,38,True
4108,0,1,38616,0,2,12,12,True
4108,0,2,15977,1,2,12,16,True
4108,1,2,17788,0,1,12,16,True
4119,0,1,65665,0,1,21,25,True
4119,0,2,57729,0,2,21,35,True
4119,1,2,54211,1,2,25,35,True
4127,0,1,9112,0,1,8,8,True
4127,0,2,37267,0,2,8,22,True
4127,1,2,42820,0,1,8,22,True
4131,0,1,6512,1,2,17,17,True
4131,0,2,72710,0,1,17,18,True
4131,1,2,72710,0,2,17,18,True
4140,0,1,30949,0,1,17,18,True
4140,0,2,8994,0,2,17,24,True
4140,1,2,19832,0,2,18,24,True
4153,0,1,16980,0,1,6,6,True
4153,0,2,56502,0,1,6,12,True
4153,1,2,65766,1,2,6,12,True
4162,0,1,5660,1,2,14,34,True
4162,0,2,70997,0,1,14,35,True
4162,1,2,4313,1,2,34,35,True
4163,0,1,61509,1,2,14,14,True
4163,0,2,61847,0,1,14,14,True
4163,1,2,62104,0,1,14,14,True
4167,0,1,41052,1,2,25,25,True
4167,0,2,41516,0,1,25,25,True
4167,1,2,41516,0,2,25,25,True
4168,0,1,42991,1,2,2,24,True
4168,0,2,52133,0,2,2,28,True
4168,1,2,54893,0,1,24,28,True
4187,0,1,23931,1,2,16,32,True
4187,0,2,21303,1,2,16,38,True
4187,1,2,47943,0,1,32,38,True
4200,0,1,28832,0,1,11,11,True
4200,0,2,43085,0,1,11,12,True
4200,1,2,43085,0,2,11,12,True
4201,0,1,64456,1,2,19,20,True
4201,0,2,452,0,2,19,37,True
4201,1,2,8776,1,2,20,37,True
4215,0,1,15652,0,1,7,25,True
4215,0,2,55106,0,2,7,38,True
4215,1,2,32426,1,2,25,38,True
4221,0,1,70453,0,1,15,16,True
4221,0,2,43580,1,2,15,25,True
4221,1,2,70706,0,1,16,25,True
4222,0,1,46969,0,2,25,25,True
4222,0,2,27540,1,2,25,26,True
4222,1,2,27832,0,1,25,26,True
4224,0,1,53861,1,2,39,39,True
4224,0,2,53976,1,2,39,39,True
4224,1,2,54145,1,2,39,39,True
4246,0,1,26297,1,2,23,23,True
4246,0,2,54978,0,2,23,24,True
4246,1,2,54978,1,2,23,24,True
4250,0,1,55304,0,1,6,6,True
4250,0,2,57663,0,2,6,30,True
4250,1,2,57663,1,2,6,30,True
4255,0,1,54096,1,2,9,9,True
4255,0,2,54687,1,2,9,9,True
4255,1,2,55138,0,1,9,9,True
4260,0,1,37842,0,2,3,20,True
4260,0,2,47560,1,2,3,38,True
4260,1,2,30121,0,1,20,38,True
4265,0,1,32021,0,1,1,5,True
4265,0,2,31528,0,1,1,8,True
4265,1,2,19224,0,1,5,8,True
4287,0,1,23773,0,2,12,29,True
4287,0,2,17386,0,2,12,37,True
4287,1,2,72049,0,2,29,37,True
4292,0,1,28276,0,2,10,23,True
4292,0,2,28276,0,2,10,23,True
4292,1,2,37255,0,1,23,23,True
4299,0,1,11477,0,1,8,9,True
4299,0,2,63739,0,1,8,17,True
4299,1,2,52400,0,1,9,17,True
4313,0,1,6379,1,2,34,34,True
4313,0,2,45006,0,2,34,35,True
4313,1,2,45006,1,2,34,35,True
4335,0,1,53329,0,2,18,23,True
4335,0,2,59125,0,1,18,23,True
4335,1,2,61256,1,2,23,23,True
4337,0,1,67611,1,2,18,18,True
4337,0,2,67620,0,1,18,18,True
4337,1,2,67720,0,1,18,18,True
4343,0,1,62272,0,2,21,21,True
4343,0,2,55769,0,1,21,25,True
4343,1,2,55769,0,2,21,25,True
4356,0,1,68806,1,2,29,29,True
4356,0,2,11341,0,1,29,30,True
4356,1,2,11341,0,2,29,30,True
4360,0,1,35810,0,1,9,34,True
4360,0,2,37573,0,2,9,34,True
4360,1,2,23117,0,1,34,34,True
4362,0,1,68359,1,2,16,16,True
4362,0,2,35826,1,2,16,18,True
4362,1,2,39999,0,1,16,18,True
4379,0,1,62268,1,2,10,24,True
4379,0,2,66608,0,2,10,24,True
4379,1,2,13232,0,1,24,24,True
4387,0,1,63513,0,2,5,16,True
4387,0,2,65732,0,2,5,16,True
4387,1,2,13075,1,2,16,16,True
4392,0,1,34867,0,2,12,16,True
4392,0,2,34867,1,2,12,16,True
4392,1,2,14799,1,2,16,16,True
4396,0,1,50569,0,1,15,15,True
4396,0,2,1381,0,2,15,26,True
4396,1,2,2744,1,2,15,26,True
4399,0,1,46445,0,2,2,39,True
4399,0,2,15955,0,2,2,40,True
4399,1,2,47988,1,2,39,40,True
4400,0,1,678,0,2,12,23,True
4400,0,2,2341,0,1,12,23,True
4400,1,2,14641,0,2,23,23,True
4409,0,1,33264,0,1,26,26,True
4409,0,2,28511,0,1,26,36,True
4409,1,2,28511,0,1,26,36,True
4410,0,1,53796,0,1,8,8,True
4410,0,2,44781,0,2,8,31,True
4410,1,2,44965,0,2,8,31,True
4426,0,1,29596,1,2,16,16,True
4426,0,2,5219,0,1,16,33,True
4426,1,2,5219,0,2,16,33,True
4427,0,1,14252,0,1,7,7,True
4427,0,2,14438,0,1,7,7,True
4427,1,2,14631,0,1,7,7,True
4429,0,1,27820,0,1,17,22,True
4429,0,2,47738,1,2,17,23,True
4429,1,2,50448,0,2,22,23,True
4439,0,1,60379,0,1,25,25,True
4439,0,2,60379,0,2,25,25,True
4439,1,2,60379,1,2,25,25,True
4444,0,1,41390,0,1,4,13,True
4444,0,2,43668,0,2,4,13,True
4444,1,2,22934,1,2,13,13,True
4456,0,1,36327,1,2,18,19,True
4456,0,2,36991,0,1,18,19,True
4456,1,2,35015,1,2,19,19,True
4457,0,1,36342,0,2,36,36,True
4457,0,2,36342,1,2,36,36,True
4457,1,2,37138,1,2,36,36,True
4470,0,1,6166,0,1,27,28,True
4470,0,2,7024,1,2,27,28,True
4470,1,2,60476,1,2,28,28,True
4476,0,1,62117,1,2,2,2,True
4476,0,2,637,0,1,2,4,True
4476,1,2,637,0,1,2,4,True
4496,0,1,4720,0,2,21,36,True
4496,0,2,38126,1,2,21,39,True
4496,1,2,47509,1,2,36,39,True
4501,0,1,3927,1,2,29,34,True
4501,0,2,11116,0,1,29,34,True
4501,1,2,9052,1,2,34,34,True
4509,0,1,67261,-1,0,5,33,False
4509,0,2,458,-1,0,5,33,False
4509,1,2,64195,1,2,33,33,True
4530,0,1,43259,1,2,31,32,True
4530,0,2,58129,1,2,31,39,True
4530,1,2,6915,1,2,32,39,True
4543,0,1,12947,0,1,18,35,True
4543,0,2,55402,0,2,18,37,True
4543,1,2,33930,1,2,35,37,True
4556,0,1,45180,1,2,15,15,True
4556,0,2,50717,0,2,15,37,True
4556,1,2,52738,0,2,15,37,True
4561,0,1,5537,0,1,1,14,True
4561,0,2,33242,0,1,1,15,True
4561,1,2,27772,0,2,14,15,True
4578,0,1,66689,0,2,9,14,True
4578,0,2,11654,0,1,9,27,True
4578,1,2,17080,0,2,14,27,True
4600,0,1,70997,1,2,35,35,True
4600,0,2,4720,1,2,35,36,True
4600,1,2,6299,0,1,35,36,True
4611,0,1,5215,0,1,9,10,True
4611,0,2,23462,0,2,9,18,True
4611,1,2,11551,0,1,10,18,True
4634,0,1,12231,0,2,25,36,True
4634,0,2,12231,1,2,25,36,True
4634,1,2,18436,0,2,36,36,True
4642,0,1,47164,1,2,13,13,True
4642,0,2,47700,0,1,13,13,True
4642,1,2,48126,0,1,13,13,True
4648,0,1,49934,0,1,2,9,True
4648,0,2,52022,0,1,2,23,True
4648,1,2,21133,0,2,9,23,True
4660,0,1,55506,1,2,4,4,True
4660,0,2,26125,0,2,4,37,True
4660,1,2,33930,0,2,4,37,True
4671,0,1,49424,0,2,19,20,True
4671,0,2,51002,0,1,19,20,True
4671,1,2,63868,1,2,20,20,True
4674,0,1,55088,1,2,14,19,True
4674,0,2,3013,0,1,14,39,True
4674,1,2,55299,0,1,19,39,True
4677,0,1,64583,0,2,16,16,True
4677,0,2,64583,1,2,16,16,True
4677,1,2,65076,0,1,16,16,True
4685,0,1,56424,1,2,24,30,True
4685,0,2,29505,1,2,24,39,True
4685,1,2,17748,1,2,30,39,True
4691,0,1,40387,0,1,14,26,True
4691,0,2,45035,1,2,14,26,True
4691,1,2,50974,1,2,26,26,True
4693,0,1,64640,1,2,8,9,True
4693,0,2,66226,0,1,8,21,True
4693,1,2,36575,0,2,9,21,True
4695,0,1,47400,0,2,1,40,True
4695,0,2,47674,0,2,1,40,True
4695,1,2,26472,1,2,40,40,True
4711,0,1,70414,0,2,18,35,True
4711,0,2,27371,1,2,18,39,True
4711,1,2,15830,0,1,35,39,True
4718,0,1,57355,0,2,13,13,True
4718,0,2,45734,1,2,13,37,True
4718,1,2,46131,0,1,13,37,True
4719,0,1,26113,0,1,4,4,True
4719,0,2,26113,0,2,4,4,True
4719,1,2,26113,1,2,4,4,True
4720,0,1,38150,0,2,21,35,True
4720,0,2,5558,0,2,21,36,True
4720,1,2,59269,0,1,35,36,True
4723,0,1,53239,0,1,36,36,True
4723,0,2,62221,0,2,36,37,True
4723,1,2,62221,1,2,36,37,True
4729,0,1,45577,0,2,3,30,True
4729,0,2,45577,1,2,3,30,True
4729,1,2,38323,0,1,30,30,True
4734,0,1,67735,0,2,36,37,True
4734,0,2,67735,1,2,36,37,True
4734,1,2,15347,1,2,37,37,True
4735,0,1,17471,0,2,38,38,True
4735,0,2,45980,1,2,38,39,True
4735,1,2,47943,1,2,38,39,True
4750,0,1,25809,0,2,6,40,True
4750,0,2,25809,1,2,6,40,True
4750,1,2,52259,0,2,40,40,True
4753,0,1,45344,1,2,3,19,True
4753,0,2,24422,0,2,3,32,True
4753,1,2,23137,0,2,19,32,True
4764,0,1,33013,0,1,25,29,True
4764,0,2,54149,0,2,25,30,True
4764,1,2,35020,1,2,29,30,True
4776,0,1,17681,0,1,1,1,True
4776,0,2,21690,0,2,1,24,True
4776,1,2,35803,0,2,1,24,True
4782,0,1,62299,0,2,5,33,True
4782,0,2,64065,0,1,5,33,True
4782,1,2,31412,1,2,33,33,True
4796,0,1,26796,0,2,9,29,True
4796,0,2,44774,0,2,9,31,True
4796,1,2,70129,1,2,29,31,True
4819,0,1,24094,0,2,25,25,True
4819,0,2,49292,0,1,25,26,True
4819,1,2,51074,0,2,25,26,True
4834,0,1,48380,1,2,24,39,True
4834,0,2,10118,0,2,24,40,True
4834,1,2,17059,0,2,39,40,True
4850,0,1,23039,1,2,27,40,True
4850,0,2,34817,1,2,27,40,True
4850,1,2,18240,1,2,40,40,True
4871,0,1,43637,1,2,35,35,True
4871,0,2,43671,0,1,35,35,True
4871,1,2,43671,0,2,35,35,True
4876,0,1,70218,0,1,19,29,True
4876,0,2,16851,0,2,19,30,True
4876,1,2,70759,0,1,29,30,True
4899,0,1,70120,1,2,25,39,True
4899,0,2,6903,1,2,25,40,True
4899,1,2,10739,1,2,39,40,True
4905,0,1,55384,1,2,4,17,True
4905,0,2,39208,1,2,4,27,True
4905,1,2,42200,0,1,17,27,True
4910,0,1,27106,0,1,2,14,True
4910,0,2,59108,1,2,2,27,True
4910,1,2,69090,0,2,14,27,True
4927,0,1,71264,1,2,39,39,True
4927,0,2,37362,1,2,39,40,True
4927,1,2,59219,1,2,39,40,True
4945,0,1,2066,0,1,14,14,True
4945,0,2,2066,0,2,14,14,True
4945,1,2,2066,1,2,14,14,True
4946,0,1,21245,0,2,3,34,True
4946,0,2,23679,0,2,3,34,True
4946,1,2,45006,0,1,34,34,True
4950,0,1,30455,0,1,22,23,True
4950,0,2,50852,1,2,22,26,True
4950,1,2,18040,0,1,23,26,True
4953,0,1,55180,0,2,15,39,True
4953,0,2,59085,1,2,15,39,True
4953,1,2,34700,1,2,39,39,True
4967,0,1,14274,0,1,20,21,True
4967,0,2,3803,0,1,20,21,True
4967,1,2,6360,1,2,21,21,True
4988,0,1,68253,0,1,5,25,True
4988,0,2,18156,1,2,5,34,True
4988,1,2,45481,1,2,25,34,True
4996,0,1,70954,0,2,1,5,True
4996,0,2,1400,0,1,1,5,True
4996,1,2,3034,0,1,5,5,True
5001,0,1,18163,0,2,8,36,True
5001,0,2,25853,0,2,8,37,True
5001,1,2,67735,0,2,36,37,True
5006,0,1,7239,0,2,18,30,True
5006,0,2,40158,1,2,18,31,True
5006,1,2,16224,0,1,30,31,True
5007,0,1,30583,0,1,17,18,True
5007,0,2,51665,1,2,17,25,True
5007,1,2,41052,0,2,18,25,True
5027,0,1,35466,0,1,1,17,True
5027,0,2,47287,0,2,1,31,True
5027,1,2,20477,1,2,17,31,True
5030,0,1,28280,0,2,4,11,True
5030,0,2,47988,0,1,4,39,True
5030,1,2,22135,0,2,11,39,True
5033,0,1,10262,0,2,1,2,True
5033,0,2,15761,1,2,1,40,True
5033,1,2,38844,1,2,2,40,True
5040,0,1,27984,0,1,10,11,True
5040,0,2,28806,1,2,10,11,True
5040,1,2,67740,0,1,11,11,True
5044,0,1,64029,0,1,19,19,True
5044,0,2,64203,0,1,19,19,True
5044,1,2,64456,0,1,19,19,True
5045,0,1,23029,1,2,31,34,True
5045,0,2,26431,1,2,31,35,True
5045,1,2,7699,1,2,34,35,True
5048,0,1,43986,0,2,9,26,True
5048,0,2,31661,1,2,9,33,True
5048,1,2,19896,1,2,26,33,True
5051,0,1,65402,1,2,11,30,True
5051,0,2,66699,0,2,11,38,True
5051,1,2,9111,1,2,30,38,True
5053,0,1,25740,1,2,5,10,True
5053,0,2,17116,0,1,5,34,True
5053,1,2,1078,0,1,10,34,True
5066,0,1,59793,0,2,1,6,True
5066,0,2,19010,0,1,1,39,True
5066,1,2,3276,0,2,6,39,True
5074,0,1,58767,1,2,18,18,True
5074,0,2,68531,0,1,18,22,True
5074,1,2,1820,0,2,18,22,True
5090,0,1,23216,0,1,9,9,True
5090,0,2,50614,0,1,9,17,True
5090,1,2,52400,0,1,9,17,True
5095,0,1,33282,0,1,28,29,True
5095,0,2,34569,0,2,28,29,True
5095,1,2,30780,0,1,29,29,True
5101,0,1,35852,0,1,1,1,True
5101,0,2,37015,0,1,1,1,True
5101,1,2,37020,0,1,1,1,True
5112,0,1,35877,1,2,10,11,True
5112,0,2,36893,0,2,10,11,True
5112,1,2,27288,1,2,11,11,True
5117,0,1,24067,1,2,15,15,True
5117,0,2,24231,0,1,15,15,True
5117,1,2,24231,0,2,15,15,True
5118,0,1,44085,0,1,1,1,True
5118,0,2,45318,0,1,1,1,True
5118,1,2,45557,0,1,1,1,True
5120,0,1,60850,0,1,11,19,True
5120,0,2,67333,0,2,11,28,True
5120,1,2,43722,1,2,19,28,True
5121,0,1,14135,0,1,6,11,True
5121,0,2,62271,1,2,6,39,True
5121,1,2,71781,0,2,11,39,True
5146,0,1,22430,0,1,18,18,True
5146,0,2,72625,1,2,18,38,True
5146,1,2,7163,1,2,18,38,True
5149,0,1,58911,0,1,2,11,True
5149,0,2,1465,0,2,2,11,True
5149,1,2,44092,0,2,11,11,True
5156,0,1,49712,1,2,21,21,True
5156,0,2,50178,1,2,21,21,True
5156,1,2,50265,0,1,21,21,True
5157,0,1,26735,0,1,23,24,True
5157,0,2,26701,0,2,23,36,True
5157,1,2,49374,1,2,24,36,True
5165,0,1,30583,0,1,17,18,True
5165,0,2,65703,1,2,17,33,True
5165,1,2,71679,0,2,18,33,True
5177,0,1,8596,1,2,22,36,True
5177,0,2,14766,1,2,22,36,True
5177,1,2,32744,0,1,36,36,True
5185,0,1,18402,0,1,13,13,True
5185,0,2,64284,1,2,13,21,True
5185,1,2,1192,0,1,13,21,True
5192,0,1,47964,0,1,21,27,True
5192,0,2,48228,0,1,21,27,True
5192,1,2,57695,0,1,27,27,True
5193,0,1,8278,1,2,24,33,True
5193,0,2,8798,1,2,24,33,True
5193,1,2,5219,1,2,33,33,True
5202,0,1,45030,0,1,21,21,True
5202,0,2,41082,0,2,21,26,True
5202,1,2,41082,1,2,21,26,True
5215,0,1,13555,0,1,9,10,True
5215,0,2,30657,0,1,9,37,True
5215,1,2,63815,1,2,10,37,True
5218,0,1,15591,1,2,1,32,True
5218,0,2,18656,0,1,1,32,True
5218,1,2,953,1,2,32,32,True
5219,0,1,64020,1,2,16,33,True
5219,0,2,65005,0,1,16,33,True
5219,1,2,16588,1,2,33,33,True
5220,0,1,41055,1,2,19,22,True
5220,0,2,26431,0,1,19,31,True
5220,1,2,12410,0,2,22,31,True
5230,0,1,59808,0,1,14,23,True
5230,0,2,68833,1,2,14,23,True
5230,1,2,11004,1,2,23,23,True
5233,0,1,30013,0,1,14,15,True
5233,0,2,30602,0,1,14,15,True
5233,1,2,44428,1,2,15,15,True
5237,0,1,13807,0,1,11,11,True
5237,0,2,9942,0,1,11,13,True
5237,1,2,11805,0,1,11,13,True
5244,0,1,72956,1,2,30,31,True
5244,0,2,25620,0,1,30,38,True
5244,1,2,53699,0,2,31,38,True
5260,0,1,62996,0,2,22,22,True
5260,0,2,63024,1,2,22,28,True
5260,1,2,68224,0,1,22,28,True
5266,0,1,32846,0,2,2,3,True
5266,0,2,6607,1,2,2,17,True
5266,1,2,27246,0,2,3,17,True
5274,0,1,18470,0,2,16,25,True
5274,0,2,24670,0,2,16,25,True
5274,1,2,38040,1,2,25,25,True
5278,0,1,409,1,2,21,21,True
5278,0,2,19999,0,2,21,22,True
5278,1,2,22373,0,2,21,22,True
5283,0,1,50974,1,2,26,26,True
5283,0,2,51021,0,1,26,26,True
5283,1,2,51021,0,2,26,26,True
5305,0,1,59729,0,1,2,2,True
5305,0,2,60839,0,1,2,2,True
5305,1,2,61422,0,1,2,2,True
5313,0,1,45344,1,2,3,19,True
5313,0,2,42823,0,1,3,36,True
5313,1,2,41822,0,2,19,36,True
5324,0,1,37314,0,2,11,31,True
5324,0,2,2275,0,2,11,39,True
5324,1,2,35070,1,2,31,39,True
5340,0,1,45952,0,1,6,6,True
5340,0,2,12122,1,2,6,34,True
5340,1,2,30068,0,2,6,34,True
5345,0,1,35146,1,2,7,7,True
5345,0,2,34973,0,1,7,8,True
5345,1,2,39818,1,2,7,8,True
5350,0,1,65467,1,2,34,34,True
5350,0,2,34918,1,2,34,40,True
5350,1,2,41380,1,2,34,40,True
5352,0,1,69408,0,1,5,5,True
5352,0,2,55545,0,2,5,34,True
5352,1,2,57976,0,2,5,34,True
5360,0,1,17636,0,2,14,15,True
5360,0,2,7815,0,2,14,28,True
5360,1,2,29667,0,2,15,28,True
5361,0,1,7838,0,2,6,18,True
5361,0,2,23414,0,2,6,40,True
5361,1,2,22016,1,2,18,40,True
5368,0,1,43753,0,2,18,19,True
5368,0,2,44515,1,2,18,19,True
5368,1,2,24122,1,2,19,19,True
5391,0,1,46104,0,2,12,17,True
5391,0,2,48177,0,2,12,17,True
5391,1,2,53144,0,2,17,17,True
5402,0,1,22591,1,2,31,33,True
5402,0,2,42795,0,1,31,34,True
5402,1,2,17101,1,2,33,34,True
5436,0,1,53796,0,1,8,8,True
5436,0,2,33786,1,2,8,9,True
5436,1,2,36235,0,1,8,9,True
5442,0,1,1738,0,2,8,29,True
5442,0,2,4410,0,2,8,31,True
5442,1,2,25777,1,2,29,31,True
5444,0,1,47503,0,2,30,32,True
5444,0,2,49446,0,1,30,32,True
5444,1,2,17936,1,2,32,32,True
5451,0,1,26613,0,2,2,27,True
5451,0,2,51803,0,1,2,30,True
5451,1,2,12213,0,1,27,30,True
5460,0,1,2549,0,2,10,35,True
5460,0,2,56892,0,2,10,40,True
5460,1,2,45187,1,2,35,40,True
5463,0,1,19260,0,1,2,8,True
5463,0,2,22062,0,1,2,8,True
5463,1,2,70281,1,2,8,8,True
5465,0,1,29044,0,1,12,23,True
5465,0,2,62157,0,2,12,29,True
5465,1,2,38891,0,2,23,29,True
5481,0,1,41319,0,2,13,27,True
5481,0,2,44332,0,2,13,27,True
5481,1,2,51590,1,2,27,27,True
5484,0,1,23978,0,1,4,4,True
5484,0,2,8239,0,1,4,40,True
5484,1,2,8239,0,2,4,40,True
5515,0,1,38834,1,2,33,33,True
5515,0,2,39310,0,1,33,33,True
5515,1,2,39310,0,2,33,33,True
5516,0,1,38563,0,2,7,17,True
5516,0,2,47078,0,2,7,34,True
5516,1,2,54976,0,2,17,34,True
5524,0,1,38338,0,1,22,24,True
5524,0,2,55286,1,2,22,28,True
5524,1,2,49727,0,2,24,28,True
5537,0,1,60789,0,1,1,14,True
5537,0,2,63472,0,2,1,14,True
5537,1,2,69279,1,2,14,14,True
5545,0,1,36111,0,1,19,19,True
5545,0,2,36381,0,1,19,19,True
5545,1,2,37062,0,1,19,19,True
5552,0,1,1442,0,2,14,14,True
5552,0,2,54936,0,1,14,34,True
5552,1,2,54936,0,2,14,34,True
5558,0,1,33969,0,1,21,23,True
5558,0,2,34521,0,1,21,36,True
5558,1,2,66035,0,1,23,36,True
5572,0,1,2039,0,2,18,18,True
5572,0,2,2039,1,2,18,18,True
5572,1,2,3663,1,2,18,18,True
5580,0,1,38897,0,2,9,10,True
5580,0,2,38897,1,2,9,10,True
5580,1,2,29979,0,1,10,10,True
5582,0,1,63837,0,1,15,16,True
5582,0,2,64148,0,2,15,40,True
5582,1,2,709,0,2,16,40,True
5594,0,1,70124,0,2,1,1,True
5594,0,2,17040,0,1,1,2,True
5594,1,2,20550,0,1,1,2,True
5610,0,1,7447,0,1,2,6,True
5610,0,2,7556,1,2,2,18,True
5610,1,2,67244,0,1,6,18,True
5615,0,1,53066,0,1,9,19,True
5615,0,2,9310,0,2,9,19,True
5615,1,2,40364,1,2,19,19,True
5629,0,1,49282,1,2,21,24,True
5629,0,2,56965,1,2,21,38,True
5629,1,2,65618,1,2,24,38,True
5631,0,1,11880,0,1,1,10,True
5631,0,2,47287,0,1,1,30,True
5631,1,2,42558,0,1,10,30,True
5643,0,1,48161,0,1,19,19,True
5643,0,2,50703,0,2,19,35,True
5643,1,2,52385,0,1,19,35,True
5646,0,1,60310,1,2,15,21,True
5646,0,2,72117,0,2,15,21,True
5646,1,2,3432,0,2,21,21,True
5649,0,1,912,0,2,6,29,True
5649,0,2,47661,0,2,6,37,True
5649,1,2,68013,1,2,29,37,True
5656,0,1,47744,-1,1,3,9,False
5656,0,2,48911,-1,1,3,9,False
5656,1,2,40990,0,1,9,9,True
5660,0,1,70654,0,2,1,14,True
5660,0,2,55712,0,2,1,34,True
5660,1,2,37139,1,2,14,34,True
5661,0,1,3033,0,1,12,21,True
5661,0,2,55282,1,2,12,22,True
5661,1,2,32577,0,2,21,22,True
5664,0,1,27075,0,1,7,14,True
5664,0,2,30748,1,2,7,14,True
5664,1,2,52060,0,1,14,14,True
5683,0,1,51865,1,2,34,36,True
5683,0,2,51865,1,2,34,36,True
5683,1,2,52803,1,2,36,36,True
5696,0,1,1465,1,2,10,11,True
5696,0,2,25501,0,1,10,26,True
5696,1,2,44072,1,2,11,26,True
5703,0,1,12729,0,2,11,35,True
5703,0,2,13829,0,2,11,35,True
5703,1,2,48553,1,2,35,35,True
5706,0,1,14637,1,2,30,30,True
5706,0,2,6768,1,2,30,31,True
5706,1,2,8696,0,2,30,31,True
5726,0,1,30497,0,2,26,26,True
5726,0,2,30497,1,2,26,26,True
5726,1,2,30519,0,1,26,26,True
5727,0,1,44540,1,2,24,25,True
5727,0,2,7727,1,2,24,27,True
5727,1,2,56174,0,1,25,27,True
5738,0,1,48634,0,2,12,27,True
5738,0,2,37807,1,2,12,37,True
5738,1,2,3983,0,2,27,37,True
5740,0,1,27761,0,1,14,14,True
5740,0,2,27772,0,1,14,14,True
5740,1,2,29017,0,1,14,14,True
5756,0,1,22959,0,1,1,2,True
5756,0,2,19144,0,1,1,9,True
5756,1,2,59792,0,1,2,9,True
5758,0,1,54057,0,1,18,19,True
5758,0,2,55993,0,2,18,19,True
5758,1,2,26940,0,1,19,19,True
5765,0,1,54049,0,1,13,15,True
5765,0,2,51224,1,2,13,22,True
5765,1,2,28473,0,1,15,22,True
5770,0,1,71713,0,1,19,20,True
5770,0,2,72109,0,2,19,20,True
5770,1,2,41185,1,2,20,20,True
5773,0,1,65518,1,2,4,4,True
5773,0,2,47974,0,1,4,8,True
5773,1,2,49575,1,2,4,8,True
5775,0,1,52857,0,2,21,21,True
5775,0,2,3852,1,2,21,29,True
5775,1,2,9982,0,2,21,29,True
5785,0,1,24984,0,1,4,4,True
5785,0,2,24984,0,2,4,4,True
5785,1,2,24984,1,2,4,4,True
5790,0,1,65878,0,2,22,33,True
5790,0,2,65878,0,2,22,33,True
5790,1,2,4509,1,2,33,33,True
5791,0,1,52196,1,2,2,13,True
5791,0,2,44809,0,1,2,16,True
5791,1,2,64708,0,2,13,16,True
5792,0,1,33918,0,2,2,8,True
5792,0,2,33918,1,2,2,8,True
5792,1,2,63138,0,1,8,8,True
5800,0,1,21643,0,1,27,27,True
5800,0,2,21643,0,2,27,27,True
5800,1,2,21643,1,2,27,27,True
5801,0,1,34144,0,2,13,13,True
5801,0,2,29489,0,2,13,29,True
5801,1,2,30571,0,1,13,29,True
5813,0,1,47369,1,2,4,7,True
5813,0,2,49717,0,1,4,7,True
5813,1,2,59255,1,2,7,7,True
5823,0,1,49717,1,2,7,8,True
5823,0,2,65024,0,2,7,30,True
5823,1,2,29084,0,1,8,30,True
5830,0,1,36418,0,2,3,3,True
5830,0,2,30187,0,2,3,8,True
5830,1,2,31417,0,1,3,8,True
5850,0,1,18034,0,1,33,33,True
5850,0,2,71224,1,2,33,34,True
5850,1,2,731,1,2,33,34,True
5868,0,1,64640,0,2,8,9,True
5868,0,2,47900,0,2,8,37,True
5868,1,2,40098,0,2,9,37,True
5877,0,1,10269,0,1,7,12,True
5877,0,2,26584,0,1,7,12,True
5877,1,2,47778,1,2,12,12,True
5884,0,1,37838,0,1,4,4,True
5884,0,2,38718,0,1,4,5,True
5884,1,2,40957,0,1,4,5,True
5892,0,1,18453,0,1,3,28,True
5892,0,2,12674,0,2,3,39,True
5892,1,2,72487,0,2,28,39,True
5893,0,1,45641,0,2,10,25,True
5893,0,2,17949,1,2,10,33,True
5893,1,2,57198,1,2,25,33,True
5904,0,1,18294,0,2,10,10,True
5904,0,2,484,1,2,10,19,True
5904,1,2,9310,1,2,10,19,True
5918,0,1,45450,0,1,11,11,True
5918,0,2,28939,0,1,11,23,True
5918,1,2,28939,0,2,11,23,True
5929,0,1,49256,0,1,4,4,True
5929,0,2,11050,0,1,4,13,True
5929,1,2,11050,0,1,4,13,True
5951,0,1,68402,0,2,6,36,True
5951,0,2,4750,0,1,6,40,True
5951,1,2,18067,1,2,36,40,True
5953,0,1,33205,0,1,4,5,True
5953,0,2,41390,0,2,4,36,True
5953,1,2,40530,0,2,5,36,True
5954,0,1,72255,0,2,22,36,True
5954,0,2,5177,0,1,22,36,True
5954,1,2,2757,1,2,36,36,True
5958,0,1,59136,1,2,8,8,True
5958,0,2,23667,0,2,8,23,True
5958,1,2,30245,0,1,8,23,True
5969,0,1,52509,0,1,9,9,True
5969,0,2,53394,0,1,9,9,True
5969,1,2,53394,0,2,9,9,True
5986,0,1,57519,1,2,29,30,True
5986,0,2,32077,0,2,29,31,True
5986,1,2,41838,0,2,30,31,True
5987,0,1,22120,0,1,3,3,True
5987,0,2,41528,0,2,3,4,True
5987,1,2,41528,1,2,3,4,True
6002,0,1,55024,0,1,5,18,True
6002,0,2,58861,0,2,5,18,True
6002,1,2,7507,1,2,18,18,True
6010,0,1,44385,0,2,26,39,True
6010,0,2,44385,1,2,26,39,True
6010,1,2,15743,1,2,39,39,True
6011,0,1,34317,0,2,5,39,True
6011,0,2,35535,0,2,5,39,True
6011,1,2,15830,1,2,39,39,True
6013,0,1,17600,1,2,25,25,True
6013,0,2,17714,0,1,25,25,True
6013,1,2,17867,0,1,25,25,True
6022,0,1,54846,0,2,11,12,True
6022,0,2,3608,0,2,11,38,True
6022,1,2,57424,0,2,12,38,True
6026,0,1,55738,1,2,7,31,True
6026,0,2,57563,0,2,7,31,True
6026,1,2,43768,0,2,31,31,True
6037,0,1,31220,0,1,1,11,True
6037,0,2,32142,0,1,1,36,True
6037,1,2,32483,0,2,11,36,True
6044,0,1,52524,0,2,8,8,True
6044,0,2,52524,1,2,8,8,True
6044,1,2,52792,0,1,8,8,True
6067,0,1,71742,1,2,5,5,True
6067,0,2,71798,0,1,5,5,True
6067,1,2,72164,0,1,5,5,True
6071,0,1,7395,0,1,3,15,True
6071,0,2,11205,0,1,3,28,True
6071,1,2,67333,1,2,15,28,True
6077,0,1,22790,1,2,25,33,True
6077,0,2,27539,0,2,25,33,True
6077,1,2,49975,0,1,33,33,True
6093,0,1,67525,0,2,18,35,True
6093,0,2,48192,0,2,18,39,True
6093,1,2,60061,1,2,35,39,True
6094,0,1,12655,0,2,8,22,True
6094,0,2,5868,0,2,8,37,True
6094,1,2,3747,1,2,22,37,True
6107,0,1,19868,1,2,20,20,True
6107,0,2,29667,1,2,20,28,True
6107,1,2,31709,1,2,20,28,True
6113,0,1,56641,0,2,8,29,True
6113,0,2,61031,1,2,8,30,True
6113,1,2,27274,0,1,29,30,True
6115,0,1,63472,0,2,1,14,True
6115,0,2,18573,0,1,1,38,True
6115,1,2,23114,1,2,14,38,True
6116,0,1,25260,0,1,1,1,True
6116,0,2,25389,0,1,1,1,True
6116,1,2,26185,0,1,1,1,True
6117,0,1,64679,0,1,6,16,True
6117,0,2,72443,1,2,6,25,True
6117,1,2,70706,0,1,16,25,True
6124,0,1,22460,0,1,1,37,True
6124,0,2,37529,0,2,1,37,True
6124,1,2,56166,1,2,37,37,True
6134,0,1,52950,0,2,2,32,True
6134,0,2,60824,0,1,2,32,True
6134,1,2,8917,0,2,32,32,True
6137,0,1,37592,1,2,23,23,True
6137,0,2,29251,1,2,23,40,True
6137,1,2,44545,0,2,23,40,True
6138,0,1,56281,0,1,20,20,True
6138,0,2,56281,0,2,20,20,True
6138,1,2,56281,1,2,20,20,True
6156,0,1,33255,0,1,15,15,True
6156,0,2,34452,0,1,15,15,True
6156,1,2,34592,0,1,15,15,True
6157,0,1,33083,1,2,19,19,True
6157,0,2,41743,0,1,19,27,True
6157,1,2,41743,0,2,19,27,True
6160,0,1,32464,1,2,32,33,True
6160,0,2,13057,0,2,32,38,True
6160,1,2,24277,0,2,33,38,True
6166,0,1,60339,0,2,27,28,True
6166,0,2,51580,0,2,27,35,True
6166,1,2,39101,0,2,28,35,True
6170,0,1,56414,0,1,14,22,True
6170,0,2,57740,0,1,14,22,True
6170,1,2,33747,0,2,22,22,True
6184,0,1,27993,0,1,3,9,True
6184,0,2,47475,0,2,3,29,True
6184,1,2,72981,0,1,9,29,True
6187,0,1,70420,0,2,3,33,True
6187,0,2,750,0,2,3,33,True
6187,1,2,26736,0,1,33,33,True
6196,0,1,13925,0,1,6,12,True
6196,0,2,14135,0,2,6,12,True
6196,1,2,34299,0,2,12,12,True
6223,0,1,59906,1,2,39,39,True
6223,0,2,60070,1,2,39,39,True
6223,1,2,60507,1,2,39,39,True
6246,0,1,64583,0,1,16,16,True
6246,0,2,9960,1,2,16,17,True
6246,1,2,11512,0,1,16,17,True
6253,0,1,7416,0,2,6,15,True
6253,0,2,67300,0,2,6,29,True
6253,1,2,71285,1,2,15,29,True
6265,0,1,48612,0,2,10,10,True
6265,0,2,48612,1,2,10,10,True
6265,1,2,49468,0,1,10,10,True
6269,0,1,66588,0,2,9,24,True
6269,0,2,58224,1,2,9,35,True
6269,1,2,20610,0,1,24,35,True
6274,0,1,27529,0,1,3,12,True
6274,0,2,27873,0,1,3,27,True
6274,1,2,37490,0,1,12,27,True
6275,0,1,34193,0,2,20,20,True
6275,0,2,34193,1,2,20,20,True
6275,1,2,34623,0,1,20,20,True
6279,0,1,54893,0,2,24,28,True
6279,0,2,55766,0,2,24,33,True
6279,1,2,34326,0,2,28,33,True
6282,0,1,6067,0,2,5,5,True
6282,0,2,6067,1,2,5,5,True
6282,1,2,6938,0,1,5,5,True
6299,0,1,56915,0,2,35,36,True
6299,0,2,56915,1,2,35,36,True
6299,1,2,3840,0,1,36,36,True
6308,0,1,7748,1,2,3,6,True
6308,0,2,40864,0,1,3,9,True
6308,1,2,50515,0,1,6,9,True
6315,0,1,64783,1,2,15,30,True
6315,0,2,65340,1,2,15,34,True
6315,1,2,42679,0,1,30,34,True
6321,0,1,17042,0,1,7,18,True
6321,0,2,20263,0,1,7,18,True
6321,1,2,67611,1,2,18,18,True
6326,0,1,23753,0,1,6,6,True
6326,0,2,22883,1,2,6,24,True
6326,1,2,24203,0,2,6,24,True
6329,0,1,71181,1,2,35,35,True
6329,0,2,6954,1,2,35,36,True
6329,1,2,8913,1,2,35,36,True
6330,0,1,36893,0,2,10,11,True
6330,0,2,20992,1,2,10,15,True
6330,1,2,7667,0,1,11,15,True
6332,0,1,38249,0,1,23,28,True
6332,0,2,68648,0,2,23,31,True
6332,1,2,54906,1,2,28,31,True
6338,0,1,35919,1,2,10,39,True
6338,0,2,40521,0,2,10,39,True
6338,1,2,1517,0,2,39,39,True
6340,0,1,47444,1,2,26,28,True
6340,0,2,72715,0,2,26,40,True
6340,1,2,53167,1,2,28,40,True
6360,0,1,69462,0,2,3,21,True
6360,0,2,69462,0,2,3,21,True
6360,1,2,17017,0,1,21,21,True
6362,0,1,24083,0,1,1,1,True
6362,0,2,8235,0,2,1,35,True
6362,1,2,16020,0,2,1,35,True
6372,0,1,12566,1,2,11,11,True
6372,0,2,13692,0,1,11,11,True
6372,1,2,13714,0,1,11,11,True
6373,0,1,6330,0,1,10,11,True
6373,0,2,59044,0,2,10,37,True
6373,1,2,11348,1,2,11,37,True
6375,0,1,224,0,2,14,30,True
6375,0,2,72863,0,2,14,33,True
6375,1,2,66351,1,2,30,33,True
6379,0,1,12349,0,1,13,34,True
6379,0,2,13847,0,2,13,34,True
6379,1,2,45128,1,2,34,34,True
6380,0,1,15423,0,2,11,22,True
6380,0,2,25384,0,2,11,32,True
6380,1,2,40430,0,2,22,32,True
6406,0,1,61103,0,1,11,11,True
6406,0,2,58188,0,2,11,26,True
6406,1,2,60116,0,2,11,26,True
6412,0,1,58494,0,2,6,6,True
6412,0,2,32740,0,1,6,7,True
6412,1,2,32740,0,2,6,7,True
6413,0,1,20217,0,2,7,8,True
6413,0,2,32283,0,2,7,35,True
6413,1,2,57497,1,2,8,35,True
6427,0,1,57702,0,1,12,12,True
6427,0,2,32100,0,1,12,18,True
6427,1,2,32919,0,2,12,18,True
6430,0,1,69363,0,1,34,34,True
6430,0,2,28238,1,2,34,36,True
6430,1,2,30375,1,2,34,36,True
6441,0,1,52380,0,1,4,18,True
6441,0,2,7296,0,2,4,39,True
6441,1,2,43075,0,2,18,39,True
6445,0,1,64643,1,2,17,20,True
6445,0,2,30714,1,2,17,38,True
6445,1,2,30121,0,2,20,38,True
6447,0,1,12989,0,1,31,31,True
6447,0,2,13570,1,2,31,31,True
6447,1,2,14106,1,2,31,31,True
6452,0,1,9964,0,1,22,22,True
6452,0,2,27971,0,2,22,35,True
6452,1,2,29614,0,2,22,35,True
6454,0,1,15898,-1,1,14,29,False
6454,0,2,29610,0,2,14,33,True
6454,1,2,56131,0,2,29,33,True
6458,0,1,48126,0,2,13,30,True
6458,0,2,58539,0,2,13,31,True
6458,1,2,5706,1,2,30,31,True
6461,0,1,27845,0,2,5,22,True
6461,0,2,59633,0,2,5,35,True
6461,1,2,6452,0,2,22,35,True
6466,0,1,25634,0,2,14,30,True
6466,0,2,72863,0,2,14,33,True
6466,1,2,49510,0,1,30,33,True
6483,0,1,7638,1,2,37,40,True
6483,0,2,9452,0,2,37,40,True
6483,1,2,28525,1,2,40,40,True
6501,0,1,2613,0,2,9,10,True
6501,0,2,3775,1,2,9,10,True
6501,1,2,46869,0,2,10,10,True
6504,0,1,43539,0,2,15,39,True
6504,0,2,50050,0,2,15,40,True
6504,1,2,4834,1,2,39,40,True
6505,0,1,21579,1,2,30,30,True
6505,0,2,22355,1,2,30,30,True
6505,1,2,23434,0,1,30,30,True
6507,0,1,34267,0,1,11,11,True
6507,0,2,22923,0,1,11,12,True
6507,1,2,24596,0,1,11,12,True
6512,0,1,69036,0,1,17,17,True
6512,0,2,69657,0,1,17,17,True
6512,1,2,69828,1,2,17,17,True
6515,0,1,23240,1,2,7,7,True
6515,0,2,23588,0,1,7,25,True
6515,1,2,41358,0,1,7,25,True
6522,0,1,40864,1,2,9,10,True
6522,0,2,55477,0,1,9,40,True
6522,1,2,68780,0,2,10,40,True
6555,0,1,11455,0,1,2,21,True
6555,0,2,3982,0,2,2,25,True
6555,1,2,28617,0,2,21,25,True
6557,0,1,72226,0,2,37,37,True
6557,0,2,72226,1,2,37,37,True
6557,1,2,72895,1,2,37,37,True
6559,0,1,16459,1,2,21,26,True
6559,0,2,11188,0,2,21,40,True
6559,1,2,46943,1,2,26,40,True
6579,0,1,15794,1,2,11,20,True
6579,0,2,19977,0,2,11,25,True
6579,1,2,24670,1,2,20,25,True
6603,0,1,69462,0,1,3,4,True
6603,0,2,69462,0,1,3,4,True
6603,1,2,52733,0,1,4,4,True
6607,0,1,70187,1,2,2,2,True
6607,0,2,18502,0,1,2,17,True
6607,1,2,27813,1,2,2,17,True
6611,0,1,39627,0,2,19,27,True
6611,0,2,31879,0,1,19,39,True
6611,1,2,28982,1,2,27,39,True
6626,0,1,52950,0,1,2,6,True
6626,0,2,21652,0,1,2,14,True
6626,1,2,52344,0,2,6,14,True
6653,0,1,56251,0,2,7,10,True
6653,0,2,56251,1,2,7,10,True
6653,1,2,32610,0,1,10,10,True
6657,0,1,31605,0,2,3,18,True
6657,0,2,57234,0,1,3,24,True
6657,1,2,49213,1,2,18,24,True
6659,0,1,36430,1,2,10,10,True
6659,0,2,11197,0,1,10,14,True
6659,1,2,13682,0,1,10,14,True
6679,0,1,66009,0,1,4,4,True
6679,0,2,47149,0,2,4,31,True
6679,1,2,47785,0,2,4,31,True
6682,0,1,48602,0,1,4,22,True
6682,0,2,49257,0,2,4,26,True
6682,1,2,36520,0,1,22,26,True
6696,0,1,49417,1,2,15,20,True
6696,0,2,36942,1,2,15,39,True
6696,1,2,51332,0,2,20,39,True
6697,0,1,53492,0,1,8,9,True
6697,0,2,53492,0,2,8,9,True
6697,1,2,40673,1,2,9,9,True
6698,0,1,61565,0,1,11,12,True
6698,0,2,13012,0,1,11,21,True
6698,1,2,11817,0,2,12,21,True
6709,0,1,60544,0,2,6,35,True
6709,0,2,5951,0,1,6,36,True
6709,1,2,57891,0,2,35,36,True
6710,0,1,59265,0,2,20,22,True
6710,0,2,62175,0,2,20,22,True
6710,1,2,49287,1,2,22,22,True
6712,0,1,19797,0,1,13,13,True
6712,0,2,19330,0,2,13,14,True
6712,1,2,19330,1,2,13,14,True
6736,0,1,27976,0,1,8,8,True
6736,0,2,34387,1,2,8,36,True
6736,1,2,37680,0,1,8,36,True
6745,0,1,51575,0,1,26,26,True
6745,0,2,51575,0,2,26,26,True
6745,1,2,51575,1,2,26,26,True
6750,0,1,2980,1,2,22,22,True
6750,0,2,15438,1,2,22,22,True
6750,1,2,20882,1,2,22,22,True
6752,0,1,55001,0,1,4,4,True
6752,0,2,55384,0,1,4,4,True
6752,1,2,55506,0,1,4,4,True
6754,0,1,60224,0,2,14,19,True
6754,0,2,35241,0,2,14,36,True
6754,1,2,25916,0,1,19,36,True
6759,0,1,70765,0,2,5,30,True
6759,0,2,70765,0,2,5,30,True
6759,1,2,68553,1,2,30,30,True
6761,0,1,58935,1,2,15,16,True
6761,0,2,7838,1,2,15,18,True
6761,1,2,4362,1,2,16,18,True
6764,0,1,42465,0,1,14,14,True
6764,0,2,35176,1,2,14,15,True
6764,1,2,36626,1,2,14,15,True
6768,0,1,28161,0,1,30,30,True
6768,0,2,42558,1,2,30,31,True
6768,1,2,43110,1,2,30,31,True
6770,0,1,15274,1,2,22,26,True
6770,0,2,15516,-1,1,22,31,False
6770,1,2,64050,1,2,26,31,True
6772,0,1,23236,0,2,9,13,True
6772,0,2,68859,1,2,9,38,True
6772,1,2,40682,1,2,13,38,True
6791,0,1,3869,1,2,24,24,True
6791,0,2,7417,0,1,24,25,True
6791,1,2,9673,0,1,24,25,True
6793,0,1,50852,0,1,9,22,True
6793,0,2,44569,0,2,9,40,True
6793,1,2,28990,0,2,22,40,True
6796,0,1,36346,0,2,38,39,True
6796,0,2,36383,1,2,38,39,True
6796,1,2,49431,0,1,39,39,True
6803,0,1,72373,1,2,29,29,True
6803,0,2,72894,1,2,29,29,True
6803,1,2,72981,1,2,29,29,True
6805,0,1,23666,0,2,11,32,True
6805,0,2,42787,0,2,11,40,True
6805,1,2,55922,0,1,32,40,True
6815,0,1,65999,0,2,2,10,True
6815,0,2,70729,1,2,2,22,True
6815,1,2,55425,1,2,10,22,True
6824,0,1,57863,0,1,40,40,True
6824,0,2,57863,0,2,40,40,True
6824,1,2,57863,1,2,40,40,True
6838,0,1,26796,0,1,9,9,True
6838,0,2,36430,0,2,9,10,True
6838,1,2,38330,0,1,9,10,True
6865,0,1,769,1,2,14,32,True
6865,0,2,30181,1,2,14,36,True
6865,1,2,787,0,1,32,36,True
6873,0,1,67455,0,2,6,23,True
6873,0,2,69551,0,2,6,23,True
6873,1,2,69432,0,1,23,23,True
6876,0,1,29036,1,2,19,29,True
6876,0,2,32049,1,2,19,29,True
6876,1,2,69362,0,2,29,29,True
6877,0,1,52806,0,2,4,40,True
6877,0,2,55001,0,2,4,40,True
6877,1,2,45372,1,2,40,40,True
6881,0,1,27466,1,2,25,26,True
6881,0,2,27539,0,1,25,26,True
6881,1,2,70162,0,2,26,26,True
6900,0,1,3613,0,2,21,27,True
6900,0,2,3613,1,2,21,27,True
6900,1,2,62946,0,1,27,27,True
6903,0,1,36205,0,2,5,25,True
6903,0,2,19229,0,1,5,40,True
6903,1,2,22131,0,2,25,40,True
6908,0,1,61931,0,1,18,37,True
6908,0,2,61931,0,2,18,37,True
6908,1,2,40599,0,1,37,37,True
6913,0,1,6427,0,2,12,18,True
6913,0,2,45140,0,2,12,32,True
6913,1,2,34704,1,2,18,32,True
6915,0,1,17970,0,2,7,32,True
6915,0,2,12085,0,2,7,39,True
6915,1,2,53810,1,2,32,39,True
6929,0,1,38253,0,1,15,22,True
6929,0,2,53569,0,2,15,31,True
6929,1,2,53939,0,2,22,31,True
6930,0,1,52668,0,2,6,6,True
6930,0,2,34511,0,2,6,38,True
6930,1,2,39378,0,1,6,38,True
6934,0,1,34583,1,2,7,15,True
6934,0,2,50539,0,1,7,28,True
6934,1,2,20773,0,1,15,28,True
6938,0,1,10450,0,1,5,5,True
6938,0,2,10355,0,1,5,8,True
6938,1,2,17598,0,1,5,8,True
6941,0,1,30321,1,2,9,9,True
6941,0,2,31389,0,1,9,9,True
6941,1,2,31661,0,1,9,9,True
6945,0,1,70441,0,2,17,27,True
6945,0,2,22480,0,2,17,39,True
6945,1,2,23534,0,2,27,39,True
6953,0,1,52349,1,2,27,37,True
6953,0,2,27656,1,2,27,38,True
6953,1,2,51340,1,2,37,38,True
6954,0,1,12151,0,1,35,35,True
6954,0,2,56915,0,2,35,36,True
6954,1,2,56915,1,2,35,36,True
6970,0,1,39768,1,2,31,32,True
6970,0,2,71181,0,2,31,35,True
6970,1,2,23671,0,2,32,35,True
6978,0,1,6803,0,2,29,29,True
6978,0,2,6803,1,2,29,29,True
6978,1,2,6876,1,2,29,29,True
6980,0,1,6022,0,1,11,12,True
6980,0,2,33765,0,2,11,37,True
6980,1,2,43966,1,2,12,37,True
6982,0,1,10456,0,1,8,10,True
6982,0,2,31023,0,2,8,18,True
6982,1,2,839,0,1,10,18,True
6984,0,1,26696,1,2,5,18,True
6984,0,2,53138,0,1,5,26,True
6984,1,2,20808,1,2,18,26,True
6990,0,1,50584,0,2,29,35,True
6990,0,2,51222,0,2,29,35,True
6990,1,2,27323,0,1,35,35,True
6991,0,1,49256,1,2,4,4,True
6991,0,2,50850,0,1,4,4,True
6991,1,2,52733,0,1,4,4,True
7000,0,1,52339,1,2,11,11,True
7000,0,2,30070,0,2,11,40,True
7000,1,2,33548,1,2,11,40,True
7002,0,1,36022,1,2,22,22,True
7002,0,2,9964,1,2,22,35,True
7002,1,2,12729,1,2,22,35,True
7005,0,1,33944,0,2,9,14,True
7005,0,2,24156,1,2,9,20,True
7005,1,2,51652,0,2,14,20,True
7024,0,1,44664,0,1,1,27,True
7024,0,2,7188,0,1,1,28,True
7024,1,2,36589,0,2,27,28,True
7034,0,1,4905,0,2,4,27,True
7034,0,2,43891,0,2,4,38,True
7034,1,2,21375,0,2,27,38,True
7040,0,1,20812,0,1,17,17,True
7040,0,2,20886,1,2,17,17,True
7040,1,2,21333,0,1,17,17,True
7041,0,1,5823,1,2,8,30,True
7041,0,2,6113,0,2,8,30,True
7041,1,2,67405,0,1,30,30,True
7060,0,1,47769,0,2,12,26,True
7060,0,2,66877,0,2,12,27,True
7060,1,2,52642,1,2,26,27,True
7062,0,1,33520,0,1,4,29,True
7062,0,2,33520,0,2,4,29,True
7062,1,2,6876,1,2,29,29,True
7068,0,1,54489,0,2,13,20,True
7068,0,2,71822,0,2,13,23,True
7068,1,2,58916,0,2,20,23,True
7079,0,1,48350,0,2,8,40,True
7079,0,2,50172,0,1,8,40,True
7079,1,2,57863,0,2,40,40,True
7095,0,1,66315,0,1,1,33,True
7095,0,2,64647,0,2,1,37,True
7095,1,2,60302,0,2,33,37,True
7108,0,1,26922,0,1,30,30,True
7108,0,2,4685,1,2,30,39,True
7108,1,2,7296,1,2,30,39,True
7130,0,1,22048,1,2,5,30,True
7130,0,2,36031,0,1,5,30,True
7130,1,2,33054,0,1,30,30,True
7138,0,1,36417,0,1,23,23,True
7138,0,2,20120,0,2,23,24,True
7138,1,2,20825,1,2,23,24,True
7142,0,1,17681,0,1,1,1,True
7142,0,2,17896,0,1,1,1,True
7142,1,2,18039,0,1,1,1,True
7153,0,1,64352,1,2,6,6,True
7153,0,2,18185,0,1,6,23,True
7153,1,2,25566,0,2,6,23,True
7159,0,1,65008,0,1,10,11,True
7159,0,2,39157,0,2,10,29,True
7159,1,2,15895,0,1,11,29,True
7160,0,1,35405,0,2,1,40,True
7160,0,2,36628,0,1,1,40,True
7160,1,2,17344,1,2,40,40,True
7163,0,1,44515,0,1,8,18,True
7163,0,2,45460,1,2,8,38,True
7163,1,2,55759,1,2,18,38,True
7177,0,1,5350,0,1,34,34,True
7177,0,2,27885,1,2,34,36,True
7177,1,2,28238,1,2,34,36,True
7188,0,1,66733,0,1,1,28,True
7188,0,2,41221,0,2,1,32,True
7188,1,2,25522,0,1,28,32,True
7189,0,1,57262,0,2,7,18,True
7189,0,2,57563,0,1,7,18,True
7189,1,2,62412,0,2,18,18,True
7193,0,1,40098,0,2,9,37,True
7193,0,2,61263,0,2,9,38,True
7193,1,2,68614,0,2,37,38,True
7223,0,1,66102,1,2,4,4,True
7223,0,2,48021,1,2,4,40,True
7223,1,2,48351,0,2,4,40,True
7228,0,1,24050,1,2,10,28,True
7228,0,2,24748,0,2,10,30,True
7228,1,2,21054,0,1,28,30,True
7239,0,1,24495,1,2,18,30,True
7239,0,2,28744,0,2,18,30,True
7239,1,2,7041,1,2,30,30,True
7245,0,1,23520,1,2,10,33,True
7245,0,2,27301,0,2,10,34,True
7245,1,2,10461,0,2,33,34,True
7260,0,1,15538,0,1,19,19,True
7260,0,2,47297,0,2,19,31,True
7260,1,2,50816,0,2,19,31,True
7263,0,1,6522,0,1,9,10,True
7263,0,2,64225,0,1,9,35,True
7263,1,2,9030,1,2,10,35,True
7264,0,1,37020,0,2,1,1,True
7264,0,2,55661,0,2,1,32,True
7264,1,2,55661,1,2,1,32,True
7265,0,1,42899,0,1,15,27,True
7265,0,2,69270,1,2,15,32,True
7265,1,2,13421,1,2,27,32,True
7274,0,1,20626,0,1,3,3,True
7274,0,2,42462,0,1,3,15,True
7274,1,2,42462,0,2,3,15,True
7290,0,1,60765,0,2,2,22,True
7290,0,2,27106,0,2,2,38,True
7290,1,2,33495,0,2,22,38,True
7296,0,1,28053,0,1,4,30,True
7296,0,2,62271,0,2,4,39,True
7296,1,2,4685,1,2,30,39,True
7297,0,1,28809,0,1,3,3,True
7297,0,2,21447,1,2,3,24,True
7297,1,2,22883,0,2,3,24,True
7303,0,1,53375,0,2,1,1,True
7303,0,2,64020,0,1,1,16,True
7303,1,2,66287,0,2,1,16,True
7306,0,1,25339,-1,1,10,18,False
7306,0,2,29400,-1,1,10,18,False
7306,1,2,13041,0,1,18,18,True
7315,0,1,44649,0,1,18,18,True
7315,0,2,30949,1,2,18,27,True
7315,1,2,33701,0,1,18,27,True
7316,0,1,61946,0,1,4,5,True
7316,0,2,11133,0,2,4,34,True
7316,1,2,18156,1,2,5,34,True
7323,0,1,61290,0,1,4,20,True
7323,0,2,56124,0,2,4,36,True
7323,1,2,16952,0,2,20,36,True
7354,0,1,29149,0,1,5,5,True
7354,0,2,7789,0,2,5,16,True
7354,1,2,10355,0,2,5,16,True
7355,0,1,11757,0,2,32,33,True
7355,0,2,58157,1,2,32,39,True
7355,1,2,18159,-1,2,33,39,False
7360,0,1,2983,0,2,12,12,True
7360,0,2,20670,0,1,12,16,True
7360,1,2,21025,0,1,12,16,True
7379,0,1,62418,0,1,3,3,True
7379,0,2,22483,0,2,3,37,True
7379,1,2,22583,0,2,3,37,True
7390,0,1,57814,1,2,14,35,True
7390,0,2,66046,0,2,14,38,True
7390,1,2,64636,1,2,35,38,True
7391,0,1,72233,1,2,19,20,True
7391,0,2,1187,0,1,19,20,True
7391,1,2,58883,1,2,20,20,True
7392,0,1,12887,0,1,4,15,True
7392,0,2,6682,0,1,4,22,True
7392,1,2,8824,0,1,15,22,True
7395,0,1,8837,0,1,3,15,True
7395,0,2,17303,1,2,3,15,True
7395,1,2,23260,0,1,15,15,True
7399,0,1,57759,0,2,6,6,True
7399,0,2,57759,1,2,6,6,True
7399,1,2,58494,0,1,6,6,True
7414,0,1,67148,1,2,22,22,True
7414,0,2,45255,0,2,22,27,True
7414,1,2,48634,1,2,22,27,True
7416,0,1,30584,0,1,6,6,True
7416,0,2,3501,0,2,6,15,True
7416,1,2,6253,0,1,6,15,True
7417,0,1,62997,0,1,24,25,True
7417,0,2,34934,1,2,24,33,True
7417,1,2,6077,0,2,25,33,True
7426,0,1,60326,1,2,18,21,True
7426,0,2,54609,0,1,18,22,True
7426,1,2,59644,1,2,21,22,True
7435,0,1,53605,0,2,2,9,True
7435,0,2,59848,0,1,2,21,True
7435,1,2,59963,0,2,9,21,True
7447,0,1,72581,0,1,2,6,True
7447,0,2,48173,0,1,2,12,True
7447,1,2,6196,0,1,6,12,True
7456,0,1,50349,0,1,11,11,True
7456,0,2,19234,0,1,11,23,True
7456,1,2,22923,0,2,11,23,True
7466,0,1,72219,1,2,20,30,True
7466,0,2,2259,1,2,20,30,True
7466,1,2,30505,0,1,30,30,True
7477,0,1,72164,0,1,5,5,True
7477,0,2,67508,0,2,5,40,True
7477,1,2,72483,0,2,5,40,True
7478,0,1,1289,1,2,7,7,True
7478,0,2,68884,0,2,7,32,True
7478,1,2,6915,0,1,7,32,True
7481,0,1,28846,0,1,6,18,True
7481,0,2,6326,1,2,6,24,True
7481,1,2,10494,0,1,18,24,True
7499,0,1,17006,0,2,16,24,True
7499,0,2,43773,0,2,16,34,True
7499,1,2,63687,0,2,24,34,True
7502,0,1,53785,0,1,6,9,True
7502,0,2,63642,1,2,6,17,True
7502,1,2,4299,1,2,9,17,True
7507,0,1,12237,1,2,18,18,True
7507,0,2,12741,0,1,18,18,True
7507,1,2,13102,0,1,18,18,True
7518,0,1,14472,1,2,10,36,True
7518,0,2,18238,1,2,10,36,True
7518,1,2,16846,1,2,36,36,True
7521,0,1,14135,0,1,6,11,True
7521,0,2,14973,0,2,6,11,True
7521,1,2,10769,0,1,11,11,True
7530,0,1,4064,0,2,39,39,True
7530,0,2,4064,1,2,39,39,True
7530,1,2,4224,0,1,39,39,True
7533,0,1,49226,0,1,15,24,True
7533,0,2,56788,1,2,15,24,True
7533,1,2,25487,1,2,24,24,True
7539,0,1,27014,0,1,6,16,True
7539,0,2,13849,0,2,6,39,True
7539,1,2,11134,0,2,16,39,True
7546,0,1,20812,1,2,17,34,True
7546,0,2,30134,0,1,17,34,True
7546,1,2,9113,0,2,34,34,True
7547,0,1,12085,1,2,7,39,True
7547,0,2,16760,0,1,7,39,True
7547,1,2,57947,1,2,39,39,True
7556,0,1,31245,0,1,2,2,True
7556,0,2,51011,0,2,2,18,True
7556,1,2,52285,0,1,2,18,True
7586,0,1,13545,0,1,11,12,True
7586,0,2,31368,0,2,11,14,True
7586,1,2,67860,1,2,12,14,True
7591,0,1,27360,0,1,29,33,True
7591,0,2,5649,1,2,29,37,True
7591,1,2,61980,1,2,33,37,True
7599,0,1,26620,0,1,13,13,True
7599,0,2,26667,0,1,13,13,True
7599,1,2,26667,0,2,13,13,True
7608,0,1,52353,0,2,5,17,True
7608,0,2,40530,1,2,5,36,True
7608,1,2,57426,0,1,17,36,True
7617,0,1,52253,0,1,22,22,True
7617,0,2,53145,1,2,22,22,True
7617,1,2,53546,0,1,22,22,True
7625,0,1,47362,0,2,6,6,True
7625,0,2,444,0,2,6,36,True
7625,1,2,5951,0,1,6,36,True
7627,0,1,64208,0,2,29,35,True
7627,0,2,64208,1,2,29,35,True
7627,1,2,50015,0,2,35,35,True
7634,0,1,46019,0,1,1,1,True
7634,0,2,35618,0,2,1,19,True
7634,1,2,38890,0,2,1,19,True
7638,0,1,31326,0,1,5,37,True
7638,0,2,7477,1,2,5,40,True
7638,1,2,11483,1,2,37,40,True
7651,0,1,24762,0,1,33,33,True
7651,0,2,25951,1,2,33,33,True
7651,1,2,25988,0,1,33,33,True
7665,0,1,28846,0,2,6,28,True
7665,0,2,5649,0,1,6,29,True
7665,1,2,18453,1,2,28,29,True
7667,0,1,70080,0,2,11,15,True
7667,0,2,1396,0,1,11,15,True
7667,1,2,60154,1,2,15,15,True
7674,0,1,10630,1,2,11,11,True
7674,0,2,7877,0,2,11,31,True
7674,1,2,9408,1,2,11,31,True
7699,0,1,1078,1,2,34,34,True
7699,0,2,37052,0,1,34,35,True
7699,1,2,37052,0,2,34,35,True
7705,0,1,29763,0,1,5,32,True
7705,0,2,52067,1,2,5,37,True
7705,1,2,1948,1,2,32,37,True
7709,0,1,62975,0,2,12,17,True
7709,0,2,31241,0,2,12,38,True
7709,1,2,58302,1,2,17,38,True
7727,0,1,65161,0,1,23,24,True
7727,0,2,17063,0,1,23,27,True
7727,1,2,5727,0,2,24,27,True
7728,0,1,28701,0,1,6,22,True
7728,0,2,23229,0,2,6,27,True
7728,1,2,12302,0,1,22,27,True
7730,0,1,14729,0,2,7,20,True
7730,0,2,19358,0,1,7,20,True
7730,1,2,41185,1,2,20,20,True
7731,0,1,53905,0,2,5,10,True
7731,0,2,65298,1,2,5,23,True
7731,1,2,25506,0,1,10,23,True
7748,0,1,61875,0,1,3,3,True
7748,0,2,16532,0,2,3,6,True
7748,1,2,18745,1,2,3,6,True
7750,0,1,47121,1,2,20,20,True
7750,0,2,55641,0,2,20,39,True
7750,1,2,59289,1,2,20,39,True
7774,0,1,71777,1,2,12,29,True
7774,0,2,42504,0,2,12,39,True
7774,1,2,67730,0,2,29,39,True
7789,0,1,39063,1,2,5,15,True
7789,0,2,35805,0,1,5,16,True
7789,1,2,35567,1,2,15,16,True
7792,0,1,28912,0,2,21,34,True
7792,0,2,52691,0,2,21,34,True
7792,1,2,34674,0,1,34,34,True
7812,0,1,41977,0,2,20,21,True
7812,0,2,45455,0,1,20,21,True
7812,1,2,66374,1,2,21,21,True
7813,0,1,10995,0,2,16,29,True
7813,0,2,8721,0,1,16,37,True
7813,1,2,9570,1,2,29,37,True
7815,0,1,32426,0,1,14,25,True
7815,0,2,61082,0,2,14,28,True
7815,1,2,43205,1,2,25,28,True
7831,0,1,30964,0,2,11,27,True
7831,0,2,33765,0,2,11,37,True
7831,1,2,52349,1,2,27,37,True
7838,0,1,34838,0,1,6,15,True
7838,0,2,327,0,2,6,18,True
7838,1,2,6761,0,2,15,18,True
7867,0,1,47369,0,2,4,7,True
7867,0,2,24514,0,2,4,39,True
7867,1,2,46443,1,2,7,39,True
7875,0,1,37542,0,2,22,23,True
7875,0,2,7290,1,2,22,38,True
7875,1,2,13440,1,2,23,38,True
7877,0,1,62247,1,2,11,12,True
7877,0,2,39768,0,1,11,31,True
7877,1,2,16176,0,2,12,31,True
7899,0,1,58988,0,2,28,28,True
7899,0,2,9877,0,1,28,34,True
7899,1,2,9877,0,2,28,34,True
7901,0,1,66941,0,1,4,16,True
7901,0,2,69970,1,2,4,22,True
7901,1,2,70563,0,1,16,22,True
7915,0,1,27071,0,2,21,22,True
7915,0,2,28617,0,1,21,22,True
7915,1,2,71761,0,2,22,22,True
7919,0,1,68987,0,2,10,20,True
7919,0,2,1378,1,2,10,32,True
7919,1,2,10606,0,2,20,32,True
7926,0,1,20423,1,2,10,16,True
7926,0,2,32754,0,2,10,23,True
7926,1,2,36804,0,1,16,23,True
7935,0,1,58591,0,2,3,31,True
7935,0,2,58689,0,2,3,34,True
7935,1,2,52091,0,2,31,34,True
7940,0,1,17303,0,1,1,3,True
7940,0,2,54123,0,1,1,9,True
7940,1,2,6308,0,2,3,9,True
7946,0,1,41416,1,2,8,9,True
7946,0,2,32746,1,2,8,20,True
7946,1,2,46744,0,1,9,20,True
7960,0,1,34918,0,1,18,34,True
7960,0,2,27371,0,2,18,39,True
7960,1,2,52221,0,2,34,39,True
7970,0,1,43575,0,2,16,17,True
7970,0,2,45384,1,2,16,17,True
7970,1,2,27671,1,2,17,17,True
7981,0,1,68715,1,2,1,26,True
7981,0,2,25389,0,2,1,34,True
7981,1,2,15684,0,1,26,34,True
8008,0,1,32715,0,2,34,35,True
8008,0,2,32715,1,2,34,35,True
8008,1,2,49449,1,2,35,35,True
8026,0,1,52169,0,1,17,17,True
8026,0,2,27224,1,2,17,31,True
8026,1,2,32024,0,1,17,31,True
8029,0,1,55068,0,2,24,32,True
8029,0,2,15309,0,2,24,40,True
8029,1,2,30484,1,2,32,40,True
8048,0,1,57261,0,1,25,25,True
8048,0,2,57261,0,2,25,25,True
8048,1,2,57261,1,2,25,25,True
8054,0,1,24943,0,1,7,8,True
8054,0,2,58930,0,1,7,9,True
8054,1,2,68699,0,2,8,9,True
8061,0,1,41120,0,1,20,20,True
8061,0,2,42466,1,2,20,20,True
8061,1,2,51990,0,1,20,20,True
8094,0,1,63138,1,2,8,8,True
8094,0,2,63430,0,1,8,8,True
8094,1,2,63430,0,2,8,8,True
8105,0,1,41726,0,1,7,19,True
8105,0,2,30485,1,2,7,33,True
8105,1,2,72184,1,2,19,33,True
8110,0,1,21914,0,1,6,6,True
8110,0,2,32364,0,1,6,40,True
8110,1,2,32364,0,2,6,40,True
8116,0,1,13738,0,1,1,2,True
8116,0,2,69581,0,2,1,37,True
8116,1,2,19260,0,2,2,37,True
8125,0,1,51914,1,2,9,9,True
8125,0,2,57071,1,2,9,10,True
8125,1,2,60547,0,1,9,10,True
8126,0,1,57706,1,2,19,19,True
8126,0,2,59205,0,2,19,38,True
8126,1,2,62722,0,2,19,38,True
8131,0,1,41152,0,1,15,15,True
8131,0,2,67333,1,2,15,28,True
8131,1,2,67743,1,2,15,28,True
8135,0,1,28206,0,1,13,19,True
8135,0,2,46445,1,2,13,39,True
8135,1,2,68482,0,2,19,39,True
8137,0,1,10813,0,1,19,25,True
8137,0,2,41536,0,1,19,27,True
8137,1,2,13106,0,2,25,27,True
8144,0,1,55282,1,2,12,22,True
8144,0,2,60765,1,2,12,22,True
8144,1,2,27871,1,2,22,22,True
8150,0,1,26696,1,2,5,18,True
8150,0,2,523,0,2,5,37,True
8150,1,2,6908,0,1,18,37,True
8159,0,1,64352,0,2,3,6,True
8159,0,2,49351,0,2,3,23,True
8159,1,2,62277,1,2,6,23,True
8171,0,1,53739,0,1,8,8,True
8171,0,2,8358,1,2,8,37,True
8171,1,2,10470,0,2,8,37,True
8196,0,1,69928,0,2,28,28,True
8196,0,2,69928,1,2,28,28,True
8196,1,2,70607,0,1,28,28,True
8213,0,1,16149,0,1,26,28,True
8213,0,2,39935,1,2,26,37,True
8213,1,2,24826,1,2,28,37,True
8215,0,1,35916,-1,1,9,29,False
8215,0,2,41402,-1,1,9,29,False
8215,1,2,2795,0,2,29,29,True
8223,0,1,61048,0,2,11,38,True
8223,0,2,66699,0,2,11,38,True
8223,1,2,38997,1,2,38,38,True
8227,0,1,57577,0,1,2,20,True
8227,0,2,59515,0,1,2,20,True
8227,1,2,71593,0,2,20,20,True
8234,0,1,8275,-1,0,2,5,False
8234,0,2,8275,-1,1,2,5,False
8234,1,2,32680,0,2,5,5,True
8235,0,1,52247,0,2,1,21,True
8235,0,2,6362,1,2,1,35,True
8235,1,2,17165,1,2,21,35,True
8238,0,1,72089,0,2,3,3,True
8238,0,2,55597,0,2,3,27,True
8238,1,2,55597,0,2,3,27,True
8239,0,1,7223,0,2,4,40,True
8239,0,2,7223,1,2,4,40,True
8239,1,2,20684,0,1,40,40,True
8255,0,1,35209,0,1,9,9,True
8255,0,2,60316,0,2,9,29,True
8255,1,2,60316,1,2,9,29,True
8275,0,1,35234,0,1,5,5,True
8275,0,2,50622,-1,1,5,17,False
8275,1,2,51385,-1,1,5,17,False
8278,0,1,50860,0,2,22,24,True
8278,0,2,72711,0,2,22,33,True
8278,1,2,6279,0,2,24,33,True
8280,0,1,23595,1,2,18,23,True
8280,0,2,34443,0,2,18,34,True
8280,1,2,40486,0,1,23,34,True
8286,0,1,36626,1,2,14,15,True
8286,0,2,36942,0,1,14,15,True
8286,1,2,35394,0,2,15,15,True
8304,0,1,23564,0,2,34,34,True
8304,0,2,12349,1,2,34,37,True
8304,1,2,15189,0,1,34,37,True
8314,0,1,60331,1,2,24,24,True
8314,0,2,26988,0,1,24,30,True
8314,1,2,26988,0,2,24,30,True
8335,0,1,23416,0,2,7,7,True
8335,0,2,66252,0,1,7,18,True
8335,1,2,70876,1,2,7,18,True
8340,0,1,69086,0,1,15,31,True
8340,0,2,39537,0,1,15,35,True
8340,1,2,24635,0,2,31,35,True
8352,0,1,43345,0,2,19,37,True
8352,0,2,43345,1,2,19,37,True
8352,1,2,37199,0,1,37,37,True
8358,0,1,27149,0,2,3,8,True
8358,0,2,45227,0,2,3,37,True
8358,1,2,5001,0,2,8,37,True
8362,0,1,31968,1,2,2,8,True
8362,0,2,23047,0,1,2,32,True
8362,1,2,39432,0,1,8,32,True
8363,0,1,16259,0,1,30,30,True
8363,0,2,16259,0,2,30,30,True
8363,1,2,16259,1,2,30,30,True
8367,0,1,4927,-1,0,2,39,False
8367,0,2,4927,-1,1,2,39,False
8367,1,2,55202,1,2,39,39,True
8369,0,1,25546,0,1,28,38,True
8369,0,2,27654,1,2,28,38,True
8369,1,2,23028,1,2,38,38,True
8375,0,1,47483,1,2,18,19,True
8375,0,2,48794,0,1,18,19,True
8375,1,2,5758,1,2,19,19,True
8383,0,1,31927,0,1,1,7,True
8383,0,2,14938,0,1,1,10,True
8383,1,2,12367,0,2,7,10,True
8389,0,1,37015,0,1,1,1,True
8389,0,2,37020,0,1,1,1,True
8389,1,2,37020,0,2,1,1,True
8391,0,1,6373,0,1,10,11,True
8391,0,2,7159,0,1,10,11,True
8391,1,2,61087,0,2,11,11,True
8398,0,1,38330,1,2,10,15,True
8398,0,2,70488,1,2,10,35,True
8398,1,2,22692,1,2,15,35,True
8414,0,1,67691,0,2,7,21,True
8414,0,2,25615,0,2,7,22,True
8414,1,2,32244,1,2,21,22,True
8424,0,1,38921,1,2,18,33,True
8424,0,2,44301,0,2,18,33,True
8424,1,2,46047,1,2,33,33,True
8426,0,1,6372,1,2,11,11,True
8426,0,2,47176,0,2,11,22,True
8426,1,2,49429,0,1,11,22,True
8444,0,1,53037,1,2,4,8,True
8444,0,2,53163,0,1,4,8,True
8444,1,2,27976,0,1,8,8,True
8447,0,1,22199,0,1,3,10,True
8447,0,2,22583,0,1,3,10,True
8447,1,2,37888,1,2,10,10,True
8450,0,1,9142,0,2,7,26,True
8450,0,2,11699,1,2,7,38,True
8450,1,2,47168,0,2,26,38,True
8470,0,1,25082,0,1,13,14,True
8470,0,2,31829,0,1,13,21,True
8470,1,2,53488,0,1,14,21,True
8481,0,1,63780,0,2,6,6,True
8481,0,2,63780,1,2,6,6,True
8481,1,2,63936,0,1,6,6,True
8486,0,1,4764,1,2,29,30,True
8486,0,2,27360,0,1,29,33,True
8486,1,2,49510,0,1,30,33,True
8489,0,1,17407,1,2,40,40,True
8489,0,2,17952,1,2,40,40,True
8489,1,2,17956,1,2,40,40,True
8503,0,1,54907,0,2,21,28,True
8503,0,2,54907,1,2,21,28,True
8503,1,2,15328,1,2,28,28,True
8519,0,1,57572,0,1,28,28,True
8519,0,2,58839,1,2,28,28,True
8519,1,2,59447,1,2,28,28,True
8522,0,1,14433,1,2,33,34,True
8522,0,2,14949,1,2,33,34,True
8522,1,2,44634,0,1,34,34,True
8557,0,1,44664,0,1,1,27,True
8557,0,2,68490,0,2,1,29,True
8557,1,2,46784,0,2,27,29,True
8575,0,1,64926,0,2,10,20,True
8575,0,2,26077,0,2,10,21,True
8575,1,2,41977,0,1,20,21,True
8582,0,1,2259,0,1,2,20,True
8582,0,2,51435,0,2,2,37,True
8582,1,2,56806,0,1,20,37,True
8584,0,1,27460,0,2,7,23,True
8584,0,2,57563,0,2,7,31,True
8584,1,2,63469,1,2,23,31,True
8593,0,1,10185,0,1,12,12,True
8593,0,2,45217,0,1,12,26,True
8593,1,2,46710,0,1,12,26,True
8596,0,1,19999,0,2,21,22,True
8596,0,2,23204,0,2,21,36,True
8596,1,2,36366,1,2,22,36,True
8604,0,1,20685,0,2,18,25,True
8604,0,2,44544,0,2,18,29,True
8604,1,2,52804,0,2,25,29,True
8610,0,1,53553,0,1,28,28,True
8610,0,2,21054,0,1,28,30,True
8610,1,2,25065,1,2,28,30,True
8621,0,1,53609,0,2,6,36,True
8621,0,2,11461,0,2,6,40,True
8621,1,2,70696,0,1,36,40,True
8625,0,1,12782,0,2,17,21,True
8625,0,2,16420,0,1,17,21,True
8625,1,2,31972,0,1,21,21,True
8627,0,1,31106,0,1,10,15,True
8627,0,2,61766,0,2,10,21,True
8627,1,2,32792,1,2,15,21,True
8630,0,1,40023,0,2,10,12,True
8630,0,2,45458,0,1,10,37,True
8630,1,2,69225,0,1,12,37,True
8640,0,1,1786,0,1,29,30,True
8640,0,2,64208,1,2,29,35,True
8640,1,2,12886,0,1,30,35,True
8660,0,1,23470,0,2,6,14,True
8660,0,2,21545,0,2,6,20,True
8660,1,2,69131,0,1,14,20,True
8667,0,1,63244,0,2,1,23,True
8667,0,2,47287,0,1,1,30,True
8667,1,2,71283,1,2,23,30,True
8696,0,1,39363,1,2,30,30,True
8696,0,2,26922,0,2,30,31,True
8696,1,2,26922,1,2,30,31,True
8699,0,1,37262,0,1,18,18,True
8699,0,2,61089,0,1,18,20,True
8699,1,2,61239,0,1,18,20,True
8707,0,1,68537,0,2,1,2,True
8707,0,2,61031,0,2,1,30,True
8707,1,2,54208,0,2,2,30,True
8711,0,1,37176,0,2,17,23,True
8711,0,2,43905,1,2,17,36,True
8711,1,2,5558,1,2,23,36,True
8718,0,1,70759,0,1,29,30,True
8718,0,2,70405,0,1,29,31,True
8718,1,2,28961,0,2,30,31,True
8721,0,1,53235,1,2,16,37,True
8721,0,2,63708,0,2,16,37,True
8721,1,2,59810,1,2,37,37,True
8732,0,1,55084,1,2,34,34,True
8732,0,2,63136,0,1,34,39,True
8732,1,2,63136,0,2,34,39,True
8734,0,1,67383,0,2,1,3,True
8734,0,2,66266,0,2,1,36,True
8734,1,2,56143,0,1,3,36,True
8737,0,1,9030,0,1,10,10,True
8737,0,2,60838,1,2,10,18,True
8737,1,2,71406,0,1,10,18,True
8743,0,1,35682,1,2,32,33,True
8743,0,2,36134,1,2,32,33,True
8743,1,2,49346,0,1,33,33,True
8757,0,1,10672,0,2,2,5,True
8757,0,2,68040,0,2,2,7,True
8757,1,2,64850,0,2,5,7,True
8758,0,1,60797,1,2,17,18,True
8758,0,2,70466,1,2,17,39,True
8758,1,2,27320,1,2,18,39,True
8774,0,1,51937,1,2,2,3,True
8774,0,2,69270,0,2,2,32,True
8774,1,2,66175,0,2,3,32,True
8776,0,1,70558,0,1,12,20,True
8776,0,2,17386,1,2,12,37,True
8776,1,2,3082,0,1,20,37,True
8790,0,1,24122,1,2,19,19,True
8790,0,2,4876,0,1,19,29,True
8790,1,2,6876,0,1,19,29,True
8796,0,1,41006,1,2,13,23,True
8796,0,2,55334,0,1,13,38,True
8796,1,2,51395,0,1,23,38,True
8798,0,1,38019,0,1,20,24,True
8798,0,2,8910,0,2,20,33,True
8798,1,2,67078,0,2,24,33,True
8801,0,1,9113,0,2,34,34,True
8801,0,2,34674,1,2,34,35,True
8801,1,2,35810,1,2,34,35,True
8824,0,1,17010,0,2,15,22,True
8824,0,2,23260,0,2,15,30,True
8824,1,2,28701,1,2,22,30,True
8828,0,1,47331,1,2,26,27,True
8828,0,2,21436,0,1,26,27,True
8828,1,2,65690,0,1,27,27,True
8835,0,1,52133,1,2,20,28,True
8835,0,2,64282,0,1,20,29,True
8835,1,2,47286,0,1,28,29,True
8837,0,1,44443,0,1,3,15,True
8837,0,2,50759,0,2,3,34,True
8837,1,2,34584,0,1,15,34,True
8856,0,1,4187,0,1,16,32,True
8856,0,2,8858,0,1,16,32,True
8856,1,2,14965,1,2,32,32,True
8858,0,1,8856,0,2,16,32,True
8858,0,2,12774,0,2,16,32,True
8858,1,2,15567,1,2,32,32,True
8862,0,1,27688,0,2,9,33,True
8862,0,2,35234,-1,2,9,40,False
8862,1,2,709,1,2,33,40,True
8886,0,1,41557,1,2,29,29,True
8886,0,2,41687,0,1,29,29,True
8886,1,2,44257,0,1,29,29,True
8887,0,1,59265,0,2,20,22,True
8887,0,2,28055,0,1,20,23,True
8887,1,2,49415,1,2,22,23,True
8888,0,1,25098,0,1,19,19,True
8888,0,2,25098,0,2,19,19,True
8888,1,2,25098,1,2,19,19,True
8890,0,1,27810,0,2,1,22,True
8890,0,2,31220,0,2,1,22,True
8890,1,2,63391,1,2,22,22,True
8902,0,1,23010,0,1,16,17,True
8902,0,2,23169,0,1,16,17,True
8902,1,2,69828,1,2,17,17,True
8910,0,1,3558,1,2,20,33,True
8910,0,2,8798,0,2,20,33,True
8910,1,2,55065,1,2,33,33,True
8913,0,1,37324,0,2,10,35,True
8913,0,2,14472,0,2,10,36,True
8913,1,2,21918,0,2,35,36,True
8916,0,1,6512,0,2,17,17,True
8916,0,2,19838,0,2,17,31,True
8916,1,2,20382,1,2,17,31,True
8917,0,1,9084,1,2,32,32,True
8917,0,2,10449,1,2,32,32,True
8917,1,2,10476,0,1,32,32,True
8921,0,1,51789,0,2,9,32,True
8921,0,2,72201,0,1,9,35,True
8921,1,2,65329,1,2,32,35,True
8926,0,1,63869,-1,0,1,13,False
8926,0,2,44360,0,1,1,19,True
8926,1,2,61878,0,2,13,19,True
8929,0,1,46233,0,2,8,38,True
8929,0,2,41062,0,2,8,40,True
8929,1,2,29558,1,2,38,40,True
8938,0,1,29044,0,2,12,24,True
8938,0,2,41380,0,1,12,34,True
8938,1,2,59944,1,2,24,34,True
8945,0,1,11120,0,1,14,21,True
8945,0,2,605,0,1,14,22,True
8945,1,2,52778,0,1,21,22,True
8956,0,1,49510,0,1,30,33,True
8956,0,2,57282,0,2,30,33,True
8956,1,2,2639,1,2,33,33,True
8960,0,1,63069,0,2,5,26,True
8960,0,2,68477,1,2,5,39,True
8960,1,2,66540,0,2,26,39,True
8970,0,1,71,1,2,4,11,True
8970,0,2,59586,0,1,4,33,True
8970,1,2,35314,0,2,11,33,True
8973,0,1,22934,0,2,2,13,True
8973,0,2,571,1,2,2,40,True
8973,1,2,51433,0,2,13,40,True
8983,0,1,8837,0,2,3,34,True
8983,0,2,10934,0,1,3,34,True
8983,1,2,9340,0,1,34,34,True
8994,0,1,42348,1,2,17,17,True
8994,0,2,65772,1,2,17,24,True
8994,1,2,68171,1,2,17,24,True
9007,0,1,65084,0,2,16,16,True
9007,0,2,65084,1,2,16,16,True
9007,1,2,66110,1,2,16,16,True
9010,0,1,24948,1,2,15,15,True
9010,0,2,25305,0,1,15,15,True
9010,1,2,25333,0,1,15,15,True
9015,0,1,62687,1,2,10,15,True
9015,0,2,28635,1,2,10,23,True
9015,1,2,10632,0,2,15,23,True
9030,0,1,55971,0,2,10,10,True
9030,0,2,15685,0,2,10,35,True
9030,1,2,15736,1,2,10,35,True
9052,0,1,40337,0,2,9,34,True
9052,0,2,60279,0,1,9,34,True
9052,1,2,38831,1,2,34,34,True
9065,0,1,61383,0,2,29,32,True
9065,0,2,62348,0,2,29,32,True
9065,1,2,23244,0,1,32,32,True
9073,0,1,1083,1,2,36,36,True
9073,0,2,1138,1,2,36,36,True
9073,1,2,1515,1,2,36,36,True
9077,0,1,68510,1,2,2,10,True
9077,0,2,22934,0,2,2,13,True
9077,1,2,39164,0,1,10,13,True
9084,0,1,53047,0,2,31,32,True
9084,0,2,54143,0,1,31,32,True
9084,1,2,27584,1,2,32,32,True
9092,0,1,24322,0,1,4,10,True
9092,0,2,39291,0,2,4,34,True
9092,1,2,27301,0,2,10,34,True
9095,0,1,20595,0,2,1,2,True
9095,0,2,54123,0,1,1,9,True
9095,1,2,50817,0,1,2,9,True
9097,0,1,63277,0,1,7,9,True
9097,0,2,28245,0,1,7,32,True
9097,1,2,23165,0,2,9,32,True
9105,0,1,9507,0,2,22,33,True
9105,0,2,9507,1,2,22,33,True
9105,1,2,402,0,1,33,33,True
9111,0,1,33946,1,2,10,30,True
9111,0,2,70137,0,2,10,38,True
9111,1,2,246,0,2,30,38,True
9112,0,1,64640,0,1,8,8,True
9112,0,2,65647,1,2,8,8,True
9112,1,2,65770,0,1,8,8,True
9113,0,1,29549,0,1,34,34,True
9113,0,2,30134,1,2,34,34,True
9113,1,2,31182,1,2,34,34,True
9142,0,1,34973,0,2,7,26,True
9142,0,2,40668,0,1,7,26,True
9142,1,2,56274,0,1,26,26,True
9144,0,1,19335,0,1,5,9,True
9144,0,2,53138,0,1,5,26,True
9144,1,2,29857,0,2,9,26,True
9150,0,1,17319,1,2,1,1,True
9150,0,2,42384,0,1,1,6,True
9150,1,2,46952,0,1,1,6,True
9160,0,1,38236,0,2,3,12,True
9160,0,2,27224,0,1,3,17,True
9160,1,2,66579,0,2,12,17,True
9162,0,1,44150,1,2,29,32,True
9162,0,2,38421,0,2,29,40,True
9162,1,2,57602,0,2,32,40,True
9163,0,1,33903,1,2,13,14,True
9163,0,2,3740,1,2,13,34,True
9163,1,2,5552,0,2,14,34,True
9169,0,1,22923,1,2,12,23,True
9169,0,2,41739,0,1,12,34,True
9169,1,2,59410,1,2,23,34,True
9177,0,1,40273,1,2,8,9,True
9177,0,2,41416,0,2,8,9,True
9177,1,2,55138,0,1,9,9,True
9183,0,1,24929,0,2,16,28,True
9183,0,2,28232,0,1,16,28,True
9183,1,2,10991,1,2,28,28,True
9188,0,1,1818,0,2,8,27,True
9188,0,2,1818,1,2,8,27,True
9188,1,2,65690,0,1,27,27,True
9192,0,1,61831,0,1,11,12,True
9192,0,2,62247,0,2,11,12,True
9192,1,2,43437,1,2,12,12,True
9193,0,1,61093,0,2,4,4,True
9193,0,2,16752,0,2,4,32,True
9193,1,2,19137,0,1,4,32,True
9199,0,1,64523,0,1,5,20,True
9199,0,2,24252,0,1,5,32,True
9199,1,2,10606,0,2,20,32,True
9202,0,1,53626,0,1,37,37,True
9202,0,2,27685,1,2,37,38,True
9202,1,2,28062,1,2,37,38,True
9217,0,1,15573,0,1,11,11,True
9217,0,2,66960,0,2,11,33,True
9217,1,2,70491,0,1,11,33,True
9224,0,1,7177,0,1,34,34,True
9224,0,2,7546,1,2,34,34,True
9224,1,2,7699,0,1,34,34,True
9227,0,1,61864,0,1,3,3,True
9227,0,2,27059,1,2,3,10,True
9227,1,2,29364,0,2,3,10,True
9228,0,1,49768,0,1,8,14,True
9228,0,2,33291,0,2,8,31,True
9228,1,2,48696,1,2,14,31,True
9243,0,1,56177,1,2,24,24,True
9243,0,2,58287,1,2,24,24,True
9243,1,2,58508,1,2,24,24,True
9255,0,1,58349,0,1,1,33,True
9255,0,2,64020,0,2,1,33,True
9255,1,2,70720,0,1,33,33,True
9267,0,1,65001,0,1,24,24,True
9267,0,2,65161,1,2,24,24,True
9267,1,2,65570,0,1,24,24,True
9268,0,1,18860,0,1,12,15,True
9268,0,2,21497,0,2,12,15,True
9268,1,2,18415,1,2,15,15,True
9277,0,1,18413,0,1,4,4,True
9277,0,2,21566,0,2,4,39,True
9277,1,2,24514,0,2,4,39,True
9283,0,1,59250,1,2,6,6,True
9283,0,2,55304,1,2,6,7,True
9283,1,2,58798,0,1,6,7,True
9291,0,1,27642,1,2,2,2,True
9291,0,2,41956,0,1,2,12,True
9291,1,2,48173,0,1,2,12,True
9296,0,1,28925,0,1,15,19,True
9296,0,2,42931,0,2,15,37,True
9296,1,2,36054,1,2,19,37,True
9298,0,1,36287,0,2,23,27,True
9298,0,2,36287,1,2,23,27,True
9298,1,2,58004,0,1,27,27,True
9300,0,1,70538,0,1,35,35,True
9300,0,2,70813,1,2,35,35,True
9300,1,2,70997,1,2,35,35,True
9310,0,1,2044,0,1,9,10,True
9310,0,2,5615,0,2,9,19,True
9310,1,2,5904,0,2,10,19,True
9338,0,1,22892,0,2,2,22,True
9338,0,2,40984,0,2,2,34,True
9338,1,2,60820,1,2,22,34,True
9340,0,1,54568,1,2,34,34,True
9340,0,2,54936,1,2,34,34,True
9340,1,2,55084,1,2,34,34,True
9347,0,1,31700,0,2,4,31,True
9347,0,2,67353,0,1,4,32,True
9347,1,2,43848,1,2,31,32,True
9354,0,1,27642,0,2,2,2,True
9354,0,2,27642,1,2,2,2,True
9354,1,2,29034,0,1,2,2,True
9355,0,1,53486,1,2,2,2,True
9355,0,2,39315,0,1,2,33,True
9355,1,2,39753,0,2,2,33,True
9373,0,1,50289,1,2,13,30,True
9373,0,2,1047,0,2,13,36,True
9373,1,2,20203,1,2,30,36,True
9374,0,1,20179,0,1,13,13,True
9374,0,2,53168,1,2,13,17,True
9374,1,2,55048,0,2,13,17,True
9376,0,1,31251,-1,0,1,10,False
9376,0,2,59293,-1,1,1,25,False
9376,1,2,44279,0,2,10,25,True
9384,0,1,22243,1,2,33,36,True
9384,0,2,59044,1,2,33,37,True
9384,1,2,31616,0,2,36,37,True
9408,0,1,13386,0,1,4,11,True
9408,0,2,6679,0,2,4,31,True
9408,1,2,31700,1,2,11,31,True
9411,0,1,58640,0,1,17,21,True
9411,0,2,37046,0,2,17,38,True
9411,1,2,16420,1,2,21,38,True
9423,0,1,59828,0,2,25,25,True
9423,0,2,13147,0,1,25,26,True
9423,1,2,13147,0,2,25,26,True
9440,0,1,9384,0,1,33,36,True
9440,0,2,49123,1,2,33,38,True
9440,1,2,11423,1,2,36,38,True
9449,0,1,46300,0,2,13,29,True
9449,0,2,64647,1,2,13,37,True
9449,1,2,45298,1,2,29,37,True
9452,0,1,21021,0,2,37,37,True
9452,0,2,7638,1,2,37,40,True
9452,1,2,11483,1,2,37,40,True
9456,0,1,52043,1,2,13,13,True
9456,0,2,64708,0,2,13,16,True
9456,1,2,64708,1,2,13,16,True
9458,0,1,60389,0,1,7,7,True
9458,0,2,46516,0,2,7,35,True
9458,1,2,48076,1,2,7,35,True
9478,0,1,42131,0,1,20,22,True
9478,0,2,6445,1,2,20,38,True
9478,1,2,68501,0,2,22,38,True
9481,0,1,47465,0,1,8,25,True
9481,0,2,53876,1,2,8,36,True
9481,1,2,37783,1,2,25,36,True
9495,0,1,11879,0,2,6,8,True
9495,0,2,41032,1,2,6,34,True
9495,1,2,58300,1,2,8,34,True
9507,0,1,47176,1,2,22,22,True
9507,0,2,32916,0,1,22,33,True
9507,1,2,36807,1,2,22,33,True
9529,0,1,55979,0,1,9,9,True
9529,0,2,18367,0,2,9,39,True
9529,1,2,18367,1,2,9,39,True
9562,0,1,10117,1,2,7,38,True
9562,0,2,11699,0,2,7,38,True
9562,1,2,66046,1,2,38,38,True
9563,0,1,67388,1,2,31,31,True
9563,0,2,68625,1,2,31,31,True
9563,1,2,68684,1,2,31,31,True
9570,0,1,63491,0,2,28,29,True
9570,0,2,55976,0,2,28,37,True
9570,1,2,5649,1,2,29,37,True
9578,0,1,21210,0,2,5,25,True
9578,0,2,59987,0,2,5,27,True
9578,1,2,13106,1,2,25,27,True
9588,0,1,52780,0,1,2,2,True
9588,0,2,53486,0,1,2,2,True
9588,1,2,53486,0,2,2,2,True
9603,0,1,44149,0,2,8,27,True
9603,0,2,23358,1,2,8,28,True
9603,1,2,34924,1,2,27,28,True
9604,0,1,2347,1,2,5,5,True
9604,0,2,33575,0,2,5,22,True
9604,1,2,33575,1,2,5,22,True
9609,0,1,31709,0,2,11,28,True
9609,0,2,22052,0,2,11,31,True
9609,1,2,60218,1,2,28,31,True
9668,0,1,31241,0,2,12,38,True
9668,0,2,58338,1,2,12,39,True
9668,1,2,15541,1,2,38,39,True
9673,0,1,38655,0,1,24,25,True
9673,0,2,28359,1,2,24,34,True
9673,1,2,15816,1,2,25,34,True
9679,0,1,67103,1,2,19,35,True
9679,0,2,2202,1,2,19,35,True
9679,1,2,27323,0,2,35,35,True
9683,0,1,37062,1,2,19,23,True
9683,0,2,35774,1,2,19,39,True
9683,1,2,41126,1,2,23,39,True
9699,0,1,16029,0,1,6,6,True
9699,0,2,23229,0,1,6,7,True
9699,1,2,23240,0,1,6,7,True
9702,0,1,22133,0,1,15,18,True
9702,0,2,23462,1,2,15,18,True
9702,1,2,11838,0,1,18,18,True
9712,0,1,66512,-1,0,17,37,False
9712,0,2,66512,-1,1,17,37,False
9712,1,2,59177,1,2,37,37,True
9737,0,1,25873,0,1,11,38,True
9737,0,2,44353,1,2,11,39,True
9737,1,2,13482,1,2,38,39,True
9738,0,1,36617,0,2,31,32,True
9738,0,2,33413,0,1,31,38,True
9738,1,2,6160,0,2,32,38,True
9754,0,1,52339,1,2,11,11,True
9754,0,2,35049,1,2,11,12,True
9754,1,2,35468,0,1,11,12,True
9758,0,1,28609,1,2,26,31,True
9758,0,2,29916,0,2,26,31,True
9758,1,2,29971,0,2,31,31,True
9771,0,1,60824,1,2,32,38,True
9771,0,2,19190,1,2,32,39,True
9771,1,2,45240,0,2,38,39,True
9774,0,1,63472,1,2,7,14,True
9774,0,2,2228,0,1,7,30,True
9774,1,2,6375,0,1,14,30,True
9786,0,1,64386,1,2,11,27,True
9786,0,2,40838,0,1,11,28,True
9786,1,2,25157,0,2,27,28,True
9792,0,1,29736,1,2,21,24,True
9792,0,2,38804,0,2,21,31,True
9792,1,2,60500,0,2,24,31,True
9793,0,1,13624,0,2,5,6,True
9793,0,2,38173,0,2,5,8,True
9793,1,2,35451,0,1,6,8,True
9794,0,1,1247,0,1,23,23,True
9794,0,2,1709,0,1,23,23,True
9794,1,2,1743,1,2,23,23,True
9799,0,1,3425,0,1,5,5,True
9799,0,2,66331,0,2,5,6,True
9799,1,2,66331,1,2,5,6,True
9860,0,1,35919,0,1,1,10,True
9860,0,2,19144,0,2,1,26,True
9860,1,2,71017,0,2,10,26,True
9877,0,1,20863,1,2,28,34,True
9877,0,2,40269,1,2,28,34,True
9877,1,2,21414,1,2,34,34,True
9882,0,1,7188,0,1,1,28,True
9882,0,2,10740,0,1,1,39,True
9882,1,2,72487,0,2,28,39,True
9886,0,1,4222,0,2,25,26,True
9886,0,2,4222,1,2,25,26,True
9886,1,2,28472,1,2,26,26,True
9891,0,1,3676,0,2,23,31,True
9891,0,2,6332,0,2,23,31,True
9891,1,2,22207,1,2,31,31,True
9918,0,1,20308,0,1,13,14,True
9918,0,2,20794,0,2,13,14,True
9918,1,2,51933,0,1,14,14,True
9942,0,1,16443,1,2,11,13,True
9942,0,2,17513,1,2,11,17,True
9942,1,2,49178,0,1,13,17,True
9960,0,1,69650,0,2,7,16,True
9960,0,2,63162,1,2,7,17,True
9960,1,2,72471,0,1,16,17,True
9964,0,1,29043,1,2,22,22,True
9964,0,2,66806,1,2,22,35,True
9964,1,2,1913,0,2,22,35,True
9971,0,1,46744,0,1,9,20,True
9971,0,2,49144,0,1,9,20,True
9971,1,2,67082,0,2,20,20,True
9982,0,1,60749,1,2,21,21,True
9982,0,2,31063,0,2,21,29,True
9982,1,2,32609,0,1,21,29,True
9989,0,1,6736,0,1,8,8,True
9989,0,2,8094,0,1,8,8,True
9989,1,2,8094,0,2,8,8,True
9996,0,1,30546,1,2,8,8,True
9996,0,2,64560,0,2,8,31,True
9996,1,2,71161,0,2,8,31,True
10010,0,1,39169,0,2,23,24,True
10010,0,2,39423,0,2,23,24,True
10010,1,2,40701,0,2,24,24,True
10011,0,1,22668,0,2,10,26,True
10011,0,2,22668,1,2,10,26,True
10011,1,2,5283,0,2,26,26,True
10013,0,1,4379,0,2,10,24,True
10013,0,2,5893,0,1,10,25,True
10013,1,2,54732,0,2,24,25,True
10019,0,1,67300,0,1,6,6,True
10019,0,2,41296,0,1,6,7,True
10019,1,2,42384,1,2,6,7,True
10027,0,1,4019,1,2,17,26,True
10027,0,2,11858,0,1,17,26,True
10027,1,2,14634,1,2,26,26,True
10054,0,1,53528,0,1,11,14,True
10054,0,2,14012,0,2,11,17,True
10054,1,2,30904,0,1,14,17,True
10063,0,1,63227,1,2,25,26,True
10063,0,2,65383,0,1,25,26,True
10063,1,2,30519,0,2,26,26,True
10098,0,1,8447,0,1,3,10,True
10098,0,2,21245,0,1,3,33,True
10098,1,2,28601,1,2,10,33,True
10102,0,1,50071,0,2,14,14,True
10102,0,2,31689,1,2,14,18,True
10102,1,2,35826,0,2,14,18,True
10106,0,1,14361,1,2,5,5,True
10106,0,2,14842,0,1,5,5,True
10106,1,2,14905,1,2,5,5,True
10113,0,1,44325,0,2,1,4,True
10113,0,2,18468,0,2,1,13,True
10113,1,2,68142,0,2,4,13,True
10115,0,1,42302,0,1,19,19,True
10115,0,2,56162,0,1,19,19,True
10115,1,2,56162,0,2,19,19,True
10117,0,1,45185,0,2,2,7,True
10117,0,2,23047,0,2,2,38,True
10117,1,2,54760,0,2,7,38,True
10118,0,1,18266,0,2,24,35,True
10118,0,2,48558,1,2,24,40,True
10118,1,2,55209,1,2,35,40,True
10121,0,1,54816,1,2,5,5,True
10121,0,2,51810,0,2,5,7,True
10121,1,2,63096,0,1,5,7,True
10126,0,1,50015,1,2,35,35,True
10126,0,2,71669,1,2,35,39,True
10126,1,2,4711,1,2,35,39,True
10134,0,1,67775,0,2,7,16,True
10134,0,2,50539,0,1,7,28,True
10134,1,2,10991,0,1,16,28,True
10185,0,1,19760,0,1,12,12,True
10185,0,2,2235,0,2,12,35,True
10185,1,2,2235,1,2,12,35,True
10191,0,1,56651,0,2,17,33,True
10191,0,2,13703,0,2,17,40,True
10191,1,2,8862,1,2,33,40,True
10192,0,1,2791,0,1,10,24,True
10192,0,2,61136,0,1,10,29,True
10192,1,2,22277,1,2,24,29,True
10209,0,1,7915,0,2,21,22,True
10209,0,2,8414,1,2,21,22,True
10209,1,2,62996,1,2,22,22,True
10214,0,1,40550,0,2,5,6,True
10214,0,2,68253,0,2,5,25,True
10214,1,2,25241,1,2,6,25,True
10216,0,1,59314,0,2,8,25,True
10216,0,2,60821,0,2,8,29,True
10216,1,2,33013,0,1,25,29,True
10227,0,1,68042,0,1,25,28,True
10227,0,2,22234,1,2,25,34,True
10227,1,2,68224,1,2,28,34,True
10234,0,1,31377,0,1,16,19,True
10234,0,2,17999,0,2,16,21,True
10234,1,2,13801,1,2,19,21,True
10243,0,1,20086,0,2,8,39,True
10243,0,2,20086,1,2,8,39,True
10243,1,2,53861,1,2,39,39,True
10255,0,1,38306,0,2,2,3,True
10255,0,2,19897,0,2,2,31,True
10255,1,2,22199,0,2,3,31,True
10262,0,1,71315,0,1,1,2,True
10262,0,2,71873,0,2,1,2,True
10262,1,2,72032,0,1,2,2,True
10269,0,1,57595,0,2,7,12,True
10269,0,2,10134,0,1,7,16,True
10269,1,2,4108,1,2,12,16,True
10277,0,1,61169,0,1,18,40,True
10277,0,2,61169,0,2,18,40,True
10277,1,2,56578,1,2,40,40,True
10298,0,1,41416,1,2,8,9,True
10298,0,2,49212,0,1,8,17,True
10298,1,2,61608,0,2,9,17,True
10313,0,1,40599,0,2,37,37,True
10313,0,2,28062,1,2,37,38,True
10313,1,2,29710,1,2,37,38,True
10314,0,1,54905,0,1,5,5,True
10314,0,2,44857,0,2,5,6,True
10314,1,2,44857,1,2,5,6,True
10319,0,1,103,1,2,5,6,True
10319,0,2,18867,1,2,5,22,True
10319,1,2,912,0,1,6,22,True
10327,0,1,40394,0,2,28,31,True
10327,0,2,15309,1,2,28,40,True
10327,1,2,46281,1,2,31,40,True
10344,0,1,69121,0,1,14,14,True
10344,0,2,47844,1,2,14,37,True
10344,1,2,49963,0,1,14,37,True
10349,0,1,37193,1,2,16,33,True
10349,0,2,27842,0,2,16,34,True
10349,1,2,27875,1,2,33,34,True
10355,0,1,62025,0,2,5,8,True
10355,0,2,63255,0,2,5,16,True
10355,1,2,66327,0,1,8,16,True
10361,0,1,1589,1,2,11,11,True
10361,0,2,4967,-1,1,11,21,False
10361,1,2,4967,-1,2,11,21,False
10364,0,1,10700,0,2,18,19,True
10364,0,2,13102,0,2,18,19,True
10364,1,2,40364,0,2,19,19,True
10375,0,1,69154,0,1,18,18,True
10375,0,2,16875,0,1,18,31,True
10375,1,2,19985,1,2,18,31,True
10383,0,1,70826,0,1,6,14,True
10383,0,2,3695,1,2,6,17,True
10383,1,2,30582,1,2,14,17,True
10400,0,1,93,0,2,3,39,True
10400,0,2,63026,0,2,3,40,True
10400,1,2,19350,1,2,39,40,True
10410,0,1,49717,0,1,4,7,True
10410,0,2,31700,0,2,4,31,True
10410,1,2,6026,0,1,7,31,True
10421,0,1,52773,1,2,6,24,True
10421,0,2,27540,0,1,6,25,True
10421,1,2,70461,1,2,24,25,True
10425,0,1,14751,0,1,22,22,True
10425,0,2,60666,0,2,22,23,True
10425,1,2,60666,1,2,22,23,True
10430,0,1,19229,1,2,40,40,True
10430,0,2,19804,1,2,40,40,True
10430,1,2,20040,0,1,40,40,True
10437,0,1,67661,1,2,27,35,True
10437,0,2,70813,0,1,27,35,True
10437,1,2,24635,1,2,35,35,True
10445,0,1,4299,0,2,8,17,True
10445,0,2,52777,1,2,8,23,True
10445,1,2,47738,0,2,17,23,True
10449,0,1,15591,0,2,1,32,True
10449,0,2,15591,1,2,1,32,True
10449,1,2,5218,1,2,32,32,True
10450,0,1,36157,1,2,5,5,True
10450,0,2,35322,0,2,5,6,True
10450,1,2,35322,1,2,5,6,True
10452,0,1,11676,1,2,31,31,True
10452,0,2,52091,0,2,31,34,True
10452,1,2,58740,0,2,31,34,True
10456,0,1,46448,0,1,8,10,True
10456,0,2,68765,0,1,8,16,True
10456,1,2,718,0,1,10,16,True
10459,0,1,23877,0,1,1,25,True
10459,0,2,33138,1,2,1,33,True
10459,1,2,63459,0,2,25,33,True
10461,0,1,42565,0,2,33,33,True
10461,0,2,42372,0,1,33,34,True
10461,1,2,45525,1,2,33,34,True
10464,0,1,27477,0,2,2,15,True
10464,0,2,6555,0,1,2,21,True
10464,1,2,37539,0,1,15,21,True
10470,0,1,27261,0,2,8,10,True
10470,0,2,72120,1,2,8,37,True
10470,1,2,6373,0,2,10,37,True
10476,0,1,14965,0,1,32,32,True
10476,0,2,30484,1,2,32,40,True
10476,1,2,34985,1,2,32,40,True
10479,0,1,56649,0,1,19,19,True
10479,0,2,56649,0,2,19,19,True
10479,1,2,56649,1,2,19,19,True
10494,0,1,51900,0,2,18,24,True
10494,0,2,52001,1,2,18,24,True
10494,1,2,28713,1,2,24,24,True
10508,0,1,13919,0,2,9,10,True
10508,0,2,35490,1,2,9,17,True
10508,1,2,37515,0,2,10,17,True
10517,0,1,71432,0,1,3,23,True
10517,0,2,72828,0,2,3,23,True
10517,1,2,42525,1,2,23,23,True
10542,0,1,63584,0,2,10,10,True
10542,0,2,63584,1,2,10,10,True
10542,1,2,63815,0,1,10,10,True
10546,0,1,60529,1,2,11,11,True
10546,0,2,61087,0,1,11,11,True
10546,1,2,61087,0,2,11,11,True
10560,0,1,42557,1,2,10,19,True
10560,0,2,4033,1,2,10,30,True
10560,1,2,13972,0,2,19,30,True
10562,0,1,2962,1,2,15,16,True
10562,0,2,21683,1,2,15,30,True
10562,1,2,35210,0,2,16,30,True
10576,0,1,11133,1,2,10,34,True
10576,0,2,45959,0,2,10,38,True
10576,1,2,65984,1,2,34,38,True
10589,0,1,66906,0,1,14,14,True
10589,0,2,67111,0,1,14,14,True
10589,1,2,67111,0,2,14,14,True
10590,0,1,51067,1,2,20,20,True
10590,0,2,51332,0,1,20,20,True
10590,1,2,52272,1,2,20,20,True
10594,0,1,11726,0,1,20,21,True
10594,0,2,40001,0,2,20,37,True
10594,1,2,44316,1,2,21,37,True
10601,0,1,70940,1,2,34,38,True
10601,0,2,48350,1,2,34,40,True
10601,1,2,12474,1,2,38,40,True
10602,0,1,17017,1,2,21,22,True
10602,0,2,15274,0,2,21,26,True
10602,1,2,15274,1,2,22,26,True
10606,0,1,10831,1,2,20,20,True
10606,0,2,24476,0,1,20,32,True
10606,1,2,24476,0,2,20,32,True
10622,0,1,30888,1,2,10,10,True
10622,0,2,31776,0,1,10,10,True
10622,1,2,33342,0,1,10,10,True
10630,0,1,5040,0,2,10,11,True
10630,0,2,5112,0,1,10,11,True
10630,1,2,31856,0,1,11,11,True
10631,0,1,66422,0,1,13,13,True
10631,0,2,21937,0,1,13,15,True
10631,1,2,26958,1,2,13,15,True
10632,0,1,26978,1,2,15,23,True
10632,0,2,27460,1,2,15,23,True
10632,1,2,27038,0,1,23,23,True
10634,0,1,27622,0,2,7,8,True
10634,0,2,20263,0,1,7,18,True
10634,1,2,32122,0,1,8,18,True
10639,0,1,37385,1,2,22,22,True
10639,0,2,19636,0,1,22,23,True
10639,1,2,20189,0,1,22,23,True
10659,0,1,21202,1,2,9,15,True
10659,0,2,60279,0,1,9,34,True
10659,1,2,11618,1,2,15,34,True
10664,0,1,35468,0,2,11,24,True
10664,0,2,54101,1,2,11,37,True
10664,1,2,39439,0,2,24,37,True
10672,0,1,31245,1,2,2,4,True
10672,0,2,23018,0,2,2,5,True
10672,1,2,65341,1,2,4,5,True
10674,0,1,71498,0,2,24,35,True
10674,0,2,3932,1,2,24,35,True
10674,1,2,41103,1,2,35,35,True
10687,0,1,51431,0,1,6,14,True
10687,0,2,5951,0,1,6,36,True
10687,1,2,35241,0,2,14,36,True
10697,0,1,33924,0,1,23,23,True
10697,0,2,33924,0,2,23,23,True
10697,1,2,33924,1,2,23,23,True
10700,0,1,47483,1,2,18,19,True
10700,0,2,48794,0,1,18,19,True
10700,1,2,26940,1,2,19,19,True
10702,0,1,17682,0,1,7,15,True
10702,0,2,42756,0,2,7,39,True
10702,1,2,39777,0,2,15,39,True
10715,0,1,63113,0,1,4,4,True
10715,0,2,64155,0,1,4,4,True
10715,1,2,64330,0,1,4,4,True
10721,0,1,6372,1,2,11,11,True
10721,0,2,50707,0,2,11,20,True
10721,1,2,50707,1,2,11,20,True
10737,0,1,59586,0,2,4,37,True
10737,0,2,62089,0,2,4,37,True
10737,1,2,18056,0,2,37,37,True
10739,0,1,44010,0,2,14,39,True
10739,0,2,32087,0,2,14,40,True
10739,1,2,20894,1,2,39,40,True
10740,0,1,15721,0,2,1,39,True
10740,0,2,19010,0,1,1,39,True
10740,1,2,29597,1,2,39,39,True
10746,0,1,3276,0,2,6,39,True
10746,0,2,3390,1,2,6,39,True
10746,1,2,34919,1,2,39,39,True
10768,0,1,43908,1,2,31,32,True
10768,0,2,46353,1,2,31,32,True
10768,1,2,55896,1,2,32,32,True
10769,0,1,25965,0,2,11,11,True
10769,0,2,62247,0,2,11,12,True
10769,1,2,62247,1,2,11,12,True
10771,0,1,45626,0,1,12,12,True
10771,0,2,48177,0,1,12,16,True
10771,1,2,53617,0,1,12,16,True
10780,0,1,13869,1,2,25,25,True
10780,0,2,28178,0,2,25,26,True
10780,1,2,28178,1,2,25,26,True
10784,0,1,41365,0,1,1,22,True
10784,0,2,50433,0,2,1,22,True
10784,1,2,27871,1,2,22,22,True
10791,0,1,62175,0,1,20,21,True
10791,0,2,63047,1,2,20,38,True
10791,1,2,16420,1,2,21,38,True
10793,0,1,2113,0,1,23,23,True
10793,0,2,2710,0,1,23,23,True
10793,1,2,2710,0,2,23,23,True
10797,0,1,22597,0,2,5,37,True
10797,0,2,70466,0,2,5,39,True
10797,1,2,22528,1,2,37,39,True
10813,0,1,8137,0,1,19,25,True
10813,0,2,71734,1,2,19,26,True
10813,1,2,38866,1,2,25,26,True
10818,0,1,67155,0,1,24,24,True
10818,0,2,67155,0,2,24,24,True
10818,1,2,67155,1,2,24,24,True
10824,0,1,20026,0,1,4,9,True
10824,0,2,53258,0,2,4,29,True
10824,1,2,54264,0,1,9,29,True
10825,0,1,1465,1,2,10,11,True
10825,0,2,2651,0,1,10,11,True
10825,1,2,53112,0,2,11,11,True
10831,0,1,63868,0,1,20,20,True
10831,0,2,63868,0,2,20,20,True
10831,1,2,63868,1,2,20,20,True
10839,0,1,15779,0,1,8,17,True
10839,0,2,48640,1,2,8,18,True
10839,1,2,21333,1,2,17,18,True
10868,0,1,54282,0,1,4,4,True
10868,0,2,55001,0,1,4,4,True
10868,1,2,55384,0,1,4,4,True
10913,0,1,27303,1,2,7,34,True
10913,0,2,33548,0,2,7,40,True
10913,1,2,45187,0,2,34,40,True
10915,0,1,33360,0,1,12,12,True
10915,0,2,39635,0,2,12,33,True
10915,1,2,49153,0,2,12,33,True
10917,0,1,67423,1,2,31,36,True
10917,0,2,70705,0,2,31,36,True
10917,1,2,16779,1,2,36,36,True
10929,0,1,3715,0,1,3,3,True
10929,0,2,55002,0,2,3,39,True
10929,1,2,55002,1,2,3,39,True
10933,0,1,14206,1,2,38,38,True
10933,0,2,15168,1,2,38,38,True
10933,1,2,15292,0,1,38,38,True
10934,0,1,41032,0,2,3,34,True
10934,0,2,41887,0,2,3,34,True
10934,1,2,5350,0,1,34,34,True
10939,0,1,42557,0,2,10,19,True
10939,0,2,60646,0,1,10,36,True
10939,1,2,36797,0,2,19,36,True
10950,0,1,17867,1,2,25,29,True
10950,0,2,18894,0,2,25,29,True
10950,1,2,23162,1,2,29,29,True
10988,0,1,34282,0,1,29,33,True
10988,0,2,35239,0,2,29,33,True
10988,1,2,99,0,1,33,33,True
10991,0,1,9183,0,1,16,28,True
10991,0,2,9183,0,2,16,28,True
10991,1,2,37750,0,2,28,28,True
10995,0,1,34045,0,2,16,28,True
10995,0,2,58641,1,2,16,29,True
10995,1,2,62260,1,2,28,29,True
11004,0,1,8280,0,1,18,23,True
11004,0,2,23595,1,2,18,23,True
11004,1,2,37501,0,2,23,23,True
11005,0,1,17242,0,1,7,14,True
11005,0,2,44688,0,1,7,20,True
11005,1,2,46915,0,2,14,20,True
11018,0,1,70124,0,1,1,1,True
11018,0,2,15664,0,2,1,17,True
11018,1,2,15664,1,2,1,17,True
11027,0,1,34644,1,2,4,5,True
11027,0,2,52670,0,2,4,30,True
11027,1,2,36031,0,1,5,30,True
11033,0,1,57750,0,2,1,1,True
11033,0,2,57750,1,2,1,1,True
11033,1,2,58405,0,1,1,1,True
11050,0,1,5929,0,2,4,13,True
11050,0,2,38375,1,2,4,16,True
11050,1,2,2980,-1,0,13,16,False
11062,0,1,46748,0,1,5,14,True
11062,0,2,58861,0,2,5,18,True
11062,1,2,39894,0,1,14,18,True
11068,0,1,70281,0,2,7,8,True
11068,0,2,56082,0,2,7,9,True
11068,1,2,58022,0,2,8,9,True
11070,0,1,43016,0,1,20,20,True
11070,0,2,19358,1,2,20,24,True
11070,1,2,19728,0,1,20,24,True
11072,0,1,61355,0,1,3,3,True
11072,0,2,36770,0,2,3,18,True
11072,1,2,36770,1,2,3,18,True
11094,0,1,57729,0,1,21,28,True
11094,0,2,30161,0,2,21,29,True
11094,1,2,60804,1,2,28,29,True
11098,0,1,32343,1,2,36,37,True
11098,0,2,32370,0,2,36,37,True
11098,1,2,34244,1,2,37,37,True
11103,0,1,8667,0,1,1,23,True
11103,0,2,55738,0,2,1,31,True
11103,1,2,49387,0,2,23,31,True
11106,0,1,5545,1,2,19,19,True
11106,0,2,5615,1,2,19,19,True
11106,1,2,5643,0,1,19,19,True
11116,0,1,63292,0,2,29,34,True
11116,0,2,65446,0,1,29,34,True
11116,1,2,7177,0,1,34,34,True
11117,0,1,40608,0,2,17,30,True
11117,0,2,64592,1,2,17,39,True
11117,1,2,17748,1,2,30,39,True
11118,0,1,70137,0,2,10,38,True
11118,0,2,70137,1,2,10,38,True
11118,1,2,38997,0,2,38,38,True
11120,0,1,44792,0,1,14,21,True
11120,0,2,2307,0,2,14,26,True
11120,1,2,41082,1,2,21,26,True
11123,0,1,70890,0,2,4,22,True
11123,0,2,969,0,2,4,22,True
11123,1,2,35465,0,1,22,22,True
11125,0,1,63707,1,2,4,23,True
11125,0,2,66423,0,1,4,23,True
11125,1,2,19489,0,1,23,23,True
11132,0,1,14766,0,1,3,22,True
11132,0,2,20194,0,2,3,22,True
11132,1,2,37385,1,2,22,22,True
11133,0,1,27102,0,1,4,10,True
11133,0,2,9092,0,2,4,34,True
11133,1,2,9092,1,2,10,34,True
11134,0,1,38366,1,2,16,38,True
11134,0,2,19701,0,2,16,39,True
11134,1,2,9668,1,2,38,39,True
11139,0,1,16680,0,1,24,26,True
11139,0,2,15718,0,2,24,37,True
11139,1,2,70347,1,2,26,37,True
11146,0,1,59473,0,1,30,30,True
11146,0,2,65653,1,2,30,40,True
11146,1,2,66717,0,1,30,40,True
11147,0,1,28933,0,2,10,10,True
11147,0,2,28933,1,2,10,10,True
11147,1,2,29813,0,1,10,10,True
11188,0,1,23970,1,2,21,27,True
11188,0,2,41248,0,2,21,40,True
11188,1,2,42200,1,2,27,40,True
11197,0,1,24748,0,1,10,14,True
11197,0,2,14538,0,1,10,16,True
11197,1,2,39105,0,1,14,16,True
11205,0,1,71330,0,2,3,28,True
11205,0,2,55016,0,1,3,29,True
11205,1,2,64114,1,2,28,29,True
11218,0,1,68527,0,2,7,20,True
11218,0,2,68527,1,2,7,20,True
11218,1,2,28051,0,1,20,20,True
11231,0,1,14257,0,1,5,9,True
11231,0,2,19335,0,1,5,9,True
11231,1,2,45065,0,1,9,9,True
11235,0,1,41268,0,1,5,15,True
11235,0,2,13721,0,1,5,21,True
11235,1,2,5646,0,1,15,21,True
11241,0,1,54559,0,1,3,3,True
11241,0,2,57184,0,2,3,24,True
11241,1,2,57234,0,1,3,24,True
11246,0,1,55843,0,1,13,14,True
11246,0,2,12787,0,2,13,29,True
11246,1,2,42108,1,2,14,29,True
11251,0,1,12713,1,2,35,35,True
11251,0,2,12886,1,2,35,35,True
11251,1,2,14565,1,2,35,35,True
11258,0,1,31472,0,1,12,12,True
11258,0,2,45670,0,1,12,13,True
11258,1,2,45762,0,1,12,13,True
11264,0,1,176,1,2,23,25,True
11264,0,2,18433,0,2,23,36,True
11264,1,2,51737,1,2,25,36,True
11270,0,1,2792,0,2,1,2,True
11270,0,2,47761,0,1,1,9,True
11270,1,2,49934,0,1,2,9,True
11274,0,1,15182,0,1,16,16,True
11274,0,2,16718,-1,1,16,26,False
11274,1,2,18115,-1,0,16,26,False
11305,0,1,59848,1,2,21,23,True
11305,0,2,58893,0,1,21,32,True
11305,1,2,63842,0,2,23,32,True
11330,0,1,25536,0,2,20,29,True
11330,0,2,49708,1,2,20,30,True
11330,1,2,38262,1,2,29,30,True
11336,0,1,68652,0,2,17,27,True
11336,0,2,69657,0,2,17,28,True
11336,1,2,71542,0,2,27,28,True
11340,0,1,15738,0,1,2,2,True
11340,0,2,8582,0,2,2,37,True
11340,1,2,15158,1,2,2,37,True
11341,0,1,34373,1,2,29,30,True
11341,0,2,35020,1,2,29,30,True
11341,1,2,67405,0,1,30,30,True
11348,0,1,37157,1,2,8,11,True
11348,0,2,56460,0,2,8,37,True
11348,1,2,32343,0,2,11,37,True
11367,0,1,72992,1,2,9,10,True
11367,0,2,21707,0,2,9,28,True
11367,1,2,56726,0,2,10,28,True
11369,0,1,20609,0,1,8,8,True
11369,0,2,22391,0,1,8,8,True
11369,1,2,22526,0,1,8,8,True
11376,0,1,15688,0,2,3,4,True
11376,0,2,68382,0,1,3,19,True
11376,1,2,1774,0,1,4,19,True
11389,0,1,35552,1,2,26,26,True
11389,0,2,56274,1,2,26,28,True
11389,1,2,60804,0,1,26,28,True
11393,0,1,31065,0,2,7,7,True
11393,0,2,71574,1,2,7,8,True
11393,1,2,72120,0,1,7,8,True
11397,0,1,21008,0,1,32,32,True
11397,0,2,69581,1,2,32,37,True
11397,1,2,70949,1,2,32,37,True
11411,0,1,60218,1,2,28,31,True
11411,0,2,53553,0,2,28,32,True
11411,1,2,68590,0,1,31,32,True
11423,0,1,13597,0,1,36,36,True
11423,0,2,34521,1,2,36,38,True
11423,1,2,35076,1,2,36,38,True
11431,0,1,25749,0,1,11,35,True
11431,0,2,25749,0,2,11,35,True
11431,1,2,37384,0,2,35,35,True
11432,0,1,2963,0,1,36,36,True
11432,0,2,2963,0,2,36,36,True
11432,1,2,2963,1,2,36,36,True
11455,0,1,19759,0,1,2,21,True
11455,0,2,70729,0,2,2,22,True
11455,1,2,24835,0,1,21,22,True
11461,0,1,58798,0,1,6,7,True
11461,0,2,25809,1,2,6,40,True
11461,1,2,30605,1,2,7,40,True
11477,0,1,51914,0,1,8,9,True
11477,0,2,6736,1,2,8,36,True
11477,1,2,35335,0,2,9,36,True
11478,0,1,33255,1,2,15,16,True
11478,0,2,8131,1,2,15,28,True
11478,1,2,53083,1,2,16,28,True
11483,0,1,7831,1,2,27,37,True
11483,0,2,971,1,2,27,40,True
11483,1,2,48351,1,2,37,40,True
11486,0,1,48385,1,2,12,12,True
11486,0,2,69523,1,2,12,36,True
11486,1,2,192,0,2,12,36,True
11490,0,1,7456,0,1,11,11,True
11490,0,2,28939,0,1,11,23,True
11490,1,2,28939,0,2,11,23,True
11493,0,1,14245,1,2,13,25,True
11493,0,2,67281,0,2,13,27,True
11493,1,2,3731,1,2,25,27,True
11499,0,1,32024,0,2,17,35,True
11499,0,2,39685,1,2,17,35,True
11499,1,2,68568,0,1,35,35,True
11503,0,1,51427,0,1,10,13,True
11503,0,2,22196,0,2,10,18,True
11503,1,2,65842,0,2,13,18,True
11511,0,1,70960,1,2,28,29,True
11511,0,2,71541,0,1,28,29,True
11511,1,2,41557,0,2,29,29,True
11512,0,1,11543,1,2,16,17,True
11512,0,2,53751,0,2,16,31,True
11512,1,2,53751,1,2,17,31,True
11517,0,1,64464,0,2,11,19,True
11517,0,2,68780,1,2,11,40,True
11517,1,2,34817,0,2,19,40,True
11530,0,1,6274,1,2,12,27,True
11530,0,2,7060,0,2,12,27,True
11530,1,2,66376,1,2,27,27,True
11537,0,1,3678,1,2,28,30,True
11537,0,2,11620,0,2,28,39,True
11537,1,2,61569,0,2,30,39,True
11543,0,1,18092,0,1,2,16,True
11543,0,2,32311,0,1,2,17,True
11543,1,2,37128,0,1,16,17,True
11548,0,1,55566,0,2,3,17,True
11548,0,2,55566,1,2,3,17,True
11548,1,2,1162,0,1,17,17,True
11551,0,1,19926,0,2,10,18,True
11551,0,2,24622,0,2,10,40,True
11551,1,2,10277,0,1,18,40,True
11571,0,1,14449,1,2,18,32,True
11571,0,2,16875,0,2,18,32,True
11571,1,2,20034,1,2,32,32,True
11611,0,1,59349,0,1,6,6,True
11611,0,2,25242,0,2,6,30,True
11611,1,2,27014,0,2,6,30,True
11616,0,1,60856,0,1,9,29,True
11616,0,2,35092,1,2,9,30,True
11616,1,2,12444,0,1,29,30,True
11618,0,1,69560,0,1,15,15,True
11618,0,2,47975,0,1,15,34,True
11618,1,2,8837,1,2,15,34,True
11620,0,1,5892,1,2,28,39,True
11620,0,2,9882,1,2,28,39,True
11620,1,2,15341,1,2,39,39,True
11628,0,1,41165,0,1,6,10,True
11628,0,2,65235,1,2,6,29,True
11628,1,2,48746,0,1,10,29,True
11630,0,1,69759,0,1,9,24,True
11630,0,2,18979,0,2,9,36,True
11630,1,2,29004,0,2,24,36,True
11633,0,1,30245,0,1,8,23,True
11633,0,2,25763,0,2,8,34,True
11633,1,2,59410,1,2,23,34,True
11637,0,1,48634,0,1,12,22,True
11637,0,2,2341,0,2,12,38,True
11637,1,2,7875,0,2,22,38,True
11638,0,1,67599,0,2,3,4,True
11638,0,2,11205,0,2,3,29,True
11638,1,2,50579,0,1,4,29,True
11654,0,1,33985,0,2,9,27,True
11654,0,2,54906,0,2,9,31,True
11654,1,2,63241,0,1,27,31,True
11655,0,1,42759,0,1,9,13,True
11655,0,2,31661,0,2,9,33,True
11655,1,2,69894,0,2,13,33,True
11656,0,1,45721,0,1,1,1,True
11656,0,2,55661,0,2,1,32,True
11656,1,2,55661,1,2,1,32,True
11661,0,1,40681,0,1,7,8,True
11661,0,2,30738,0,2,7,35,True
11661,1,2,14464,0,2,8,35,True
11664,0,1,4255,0,2,9,9,True
11664,0,2,5615,0,2,9,19,True
11664,1,2,9310,0,2,9,19,True
11668,0,1,33866,1,2,12,13,True
11668,0,2,35594,0,2,12,13,True
11668,1,2,26417,0,1,13,13,True
11676,0,1,50199,0,1,31,31,True
11676,0,2,50199,0,2,31,31,True
11676,1,2,50199,1,2,31,31,True
11687,0,1,15064,0,1,2,2,True
11687,0,2,37656,0,2,2,3,True
11687,1,2,38306,0,2,2,3,True
11688,0,1,37085,0,1,10,12,True
11688,0,2,37606,1,2,10,12,True
11688,1,2,63091,1,2,12,12,True
11691,0,1,71614,1,2,24,24,True
11691,0,2,71701,0,1,24,24,True
11691,1,2,72975,0,1,24,24,True
11696,0,1,30853,0,1,40,40,True
11696,0,2,30853,0,2,40,40,True
11696,1,2,30853,1,2,40,40,True
11699,0,1,67314,0,1,7,7,True
11699,0,2,33499,0,2,7,38,True
11699,1,2,37825,0,2,7,38,True
11718,0,1,21856,0,2,29,30,True
11718,0,2,21856,1,2,29,30,True
11718,1,2,8363,1,2,30,30,True
11724,0,1,71275,0,1,10,11,True
11724,0,2,20767,0,2,10,37,True
11724,1,2,61367,0,2,11,37,True
11726,0,1,54895,1,2,20,21,True
11726,0,2,29710,0,1,20,37,True
11726,1,2,38709,1,2,21,37,True
11757,0,1,51380,0,2,32,32,True
11757,0,2,29610,1,2,32,33,True
11757,1,2,66437,1,2,32,33,True
11767,0,1,53587,1,2,4,9,True
11767,0,2,24322,0,2,4,21,True
11767,1,2,32804,1,2,9,21,True
11778,0,1,20843,1,2,25,25,True
11778,0,2,20902,0,1,25,25,True
11778,1,2,20902,0,2,25,25,True
11779,0,1,72222,0,2,5,36,True
11779,0,2,7705,0,2,5,37,True
11779,1,2,22660,0,2,36,37,True
11782,0,1,3585,1,2,1,23,True
11782,0,2,9882,0,2,1,39,True
11782,1,2,32556,0,2,23,39,True
11787,0,1,62203,0,2,5,20,True
11787,0,2,62601,0,1,5,20,True
11787,1,2,17074,0,1,20,20,True
11788,0,1,46992,0,1,19,26,True
11788,0,2,48051,0,1,19,26,True
11788,1,2,65704,1,2,26,26,True
11790,0,1,68479,0,2,25,37,True
11790,0,2,4215,1,2,25,38,True
11790,1,2,18605,1,2,37,38,True
11805,0,1,25063,1,2,11,13,True
11805,0,2,23687,0,2,11,20,True
11805,1,2,32437,0,2,13,20,True
11817,0,1,57971,0,2,12,14,True
11817,0,2,69512,0,2,12,21,True
11817,1,2,43155,1,2,14,21,True
11830,0,1,63371,0,1,11,12,True
11830,0,2,44506,0,2,11,30,True
11830,1,2,42736,0,1,12,30,True
11835,0,1,42787,0,2,11,40,True
11835,0,2,49143,1,2,11,40,True
11835,1,2,32098,0,1,40,40,True
11838,0,1,3663,1,2,18,18,True
11838,0,2,4337,0,1,18,18,True
11838,1,2,4337,0,2,18,18,True
11843,0,1,10243,1,2,39,39,True
11843,0,2,10740,1,2,39,39,True
11843,1,2,10746,1,2,39,39,True
11846,0,1,24127,0,2,29,36,True
11846,0,2,63075,1,2,29,40,True
11846,1,2,70696,0,1,36,40,True
11847,0,1,36366,0,1,13,22,True
11847,0,2,21471,0,1,13,38,True
11847,1,2,45850,0,2,22,38,True
11851,0,1,26693,0,1,21,22,True
11851,0,2,26693,0,2,21,22,True
11851,1,2,59715,1,2,22,22,True
11858,0,1,47570,0,1,17,26,True
11858,0,2,57944,0,1,17,27,True
11858,1,2,985,1,2,26,27,True
11879,0,1,25241,0,1,6,6,True
11879,0,2,884,0,1,6,8,True
11879,1,2,1991,0,1,6,8,True
11880,0,1,55208,0,1,1,10,True
11880,0,2,47400,0,1,1,40,True
11880,1,2,6522,1,2,10,40,True
11886,0,1,63837,0,1,15,16,True
11886,0,2,69137,0,2,15,27,True
11886,1,2,3731,-1,2,16,27,False
11907,0,1,23666,0,1,11,32,True
11907,0,2,23666,0,2,11,32,True
11907,1,2,13467,0,1,32,32,True
11936,0,1,5193,0,1,24,33,True
11936,0,2,3477,0,2,24,37,True
11936,1,2,59586,1,2,33,37,True
11946,0,1,36115,0,2,12,14,True
11946,0,2,26478,0,2,12,21,True
11946,1,2,37621,1,2,14,21,True
11949,0,1,10697,1,2,23,23,True
11949,0,2,24232,0,2,23,24,True
11949,1,2,24232,1,2,23,24,True
11965,0,1,43807,1,2,24,24,True
11965,0,2,44632,0,1,24,24,True
11965,1,2,45056,0,1,24,24,True
11980,0,1,42348,0,2,17,17,True
11980,0,2,42348,1,2,17,17,True
11980,1,2,43575,1,2,17,17,True
11984,0,1,69704,1,2,16,17,True
11984,0,2,53705,0,1,16,27,True
11984,1,2,11858,0,2,17,27,True
11992,0,1,53144,0,1,17,17,True
11992,0,2,34934,0,2,17,33,True
11992,1,2,35575,1,2,17,33,True
12010,0,1,59250,0,2,6,6,True
12010,0,2,59250,1,2,6,6,True
12010,1,2,59349,0,1,6,6,True
12013,0,1,21825,0,1,15,15,True
12013,0,2,10562,0,1,15,16,True
12013,1,2,11478,0,1,15,16,True
12042,0,1,32531,1,2,28,28,True
12042,0,2,33201,0,1,28,28,True
12042,1,2,34569,0,1,28,28,True
12085,0,1,60389,0,2,7,7,True
12085,0,2,7867,1,2,7,39,True
12085,1,2,10702,0,2,7,39,True
12103,0,1,14257,0,1,5,9,True
12103,0,2,4988,0,2,5,34,True
12103,1,2,4360,0,1,9,34,True
12104,0,1,51979,0,1,9,12,True
12104,0,2,7005,0,1,9,14,True
12104,1,2,36115,0,1,12,14,True
12122,0,1,5340,0,1,6,6,True
12122,0,2,35475,0,2,6,34,True
12122,1,2,5340,0,2,6,34,True
12143,0,1,59882,0,2,16,35,True
12143,0,2,2451,0,2,16,35,True
12143,1,2,15665,1,2,35,35,True
12151,0,1,16810,1,2,35,35,True
12151,0,2,6709,1,2,35,36,True
12151,1,2,6954,0,2,35,36,True
12163,0,1,19565,0,1,20,27,True
12163,0,2,19430,0,2,20,31,True
12163,1,2,67862,0,2,27,31,True
12168,0,1,18502,1,2,17,29,True
12168,0,2,41532,1,2,17,32,True
12168,1,2,72105,1,2,29,32,True
12178,0,1,66748,1,2,31,40,True
12178,0,2,71575,1,2,31,40,True
12178,1,2,28525,0,2,40,40,True
12179,0,1,59200,0,1,17,17,True
12179,0,2,62551,1,2,17,30,True
12179,1,2,62609,0,2,17,30,True
12184,0,1,55921,0,2,15,32,True
12184,0,2,66388,1,2,15,32,True
12184,1,2,48289,0,1,32,32,True
12185,0,1,17441,0,2,26,34,True
12185,0,2,53968,0,2,26,38,True
12185,1,2,71013,0,2,34,38,True
12186,0,1,10314,0,1,5,5,True
12186,0,2,10450,0,1,5,5,True
12186,1,2,13137,0,1,5,5,True
12195,0,1,39186,0,1,1,2,True
12195,0,2,27810,0,2,1,22,True
12195,1,2,33449,0,2,2,22,True
12197,0,1,67566,0,1,17,17,True
12197,0,2,27512,1,2,17,35,True
12197,1,2,29217,1,2,17,35,True
12209,0,1,14149,1,2,6,33,True
12209,0,2,33564,0,2,6,40,True
12209,1,2,33293,1,2,33,40,True
12213,0,1,3700,0,1,27,30,True
12213,0,2,56647,0,2,27,37,True
12213,1,2,59353,1,2,30,37,True
12217,0,1,45086,0,1,5,6,True
12217,0,2,45634,0,1,5,6,True
12217,1,2,18835,0,1,6,6,True
12225,0,1,48655,0,1,8,8,True
12225,0,2,16251,1,2,8,11,True
12225,1,2,16251,1,2,8,11,True
12227,0,1,18858,0,2,10,21,True
12227,0,2,56892,0,1,10,40,True
12227,1,2,41248,0,2,21,40,True
12229,0,1,15004,0,2,11,12,True
12229,0,2,15004,1,2,11,12,True
12229,1,2,66579,0,1,12,12,True
12231,0,1,63912,1,2,25,25,True
12231,0,2,37783,0,2,25,36,True
12231,1,2,37783,1,2,25,36,True
12234,0,1,68263,0,1,11,11,True
12234,0,2,22923,0,1,11,12,True
12234,1,2,24596,0,1,11,12,True
12237,0,1,59940,0,2,9,18,True
12237,0,2,59940,1,2,9,18,True
12237,1,2,44136,0,2,18,18,True
12242,0,1,38405,1,2,8,8,True
12242,0,2,33786,1,2,8,9,True
12242,1,2,36235,0,1,8,9,True
12256,0,1,11068,0,1,7,8,True
12256,0,2,994,0,2,7,19,True
12256,1,2,15464,0,1,8,19,True
12258,0,1,55208,0,1,1,10,True
12258,0,2,38437,0,2,1,26,True
12258,1,2,65433,0,2,10,26,True
12264,0,1,27303,1,2,7,34,True
12264,0,2,28104,0,2,7,34,True
12264,1,2,33622,1,2,34,34,True
12270,0,1,29565,0,1,9,9,True
12270,0,2,30321,0,1,9,9,True
12270,1,2,30321,0,2,9,9,True
12276,0,1,10702,0,1,7,15,True
12276,0,2,10410,1,2,7,31,True
12276,1,2,17682,1,2,15,31,True
12292,0,1,57244,0,1,13,14,True
12292,0,2,42251,1,2,13,34,True
12292,1,2,43332,-1,1,14,34,False
12302,0,1,51753,0,2,22,27,True
12302,0,2,25277,1,2,22,40,True
12302,1,2,41243,0,2,27,40,True
12305,0,1,49768,0,2,8,27,True
12305,0,2,35682,0,2,8,33,True
12305,1,2,64800,0,1,27,33,True
12316,0,1,19384,0,1,21,23,True
12316,0,2,20562,0,2,21,23,True
12316,1,2,28959,0,1,23,23,True
12322,0,1,50759,0,1,3,6,True
12322,0,2,68285,0,2,3,33,True
12322,1,2,61090,0,2,6,33,True
12329,0,1,43898,1,2,17,40,True
12329,0,2,46656,0,2,17,40,True
12329,1,2,19804,1,2,40,40,True
12340,0,1,6454,0,2,14,33,True
12340,0,2,71264,-1,0,14,38,False
12340,1,2,14170,-1,0,33,38,False
12346,0,1,63125,0,2,30,35,True
12346,0,2,23434,0,2,30,37,True
12346,1,2,33930,1,2,35,37,True
12349,0,1,3740,0,2,13,34,True
12349,0,2,69391,0,2,13,37,True
12349,1,2,32381,0,2,34,37,True
12355,0,1,32794,0,1,15,16,True
12355,0,2,15095,1,2,15,17,True
12355,1,2,38234,1,2,16,17,True
12361,0,1,40098,0,1,9,17,True
12361,0,2,34811,1,2,9,39,True
12361,1,2,56546,0,2,17,39,True
12367,0,1,63396,0,1,7,10,True
12367,0,2,71034,0,1,7,10,True
12367,1,2,39157,0,1,10,10,True
12379,0,1,20649,1,2,3,13,True
12379,0,2,22451,0,2,3,14,True
12379,1,2,22767,0,2,13,14,True
12386,0,1,9877,-1,0,1,28,False
12386,0,2,18556,0,1,1,29,True
12386,1,2,62587,0,2,28,29,True
12410,0,1,19736,1,2,22,31,True
12410,0,2,28190,1,2,22,31,True
12410,1,2,47297,1,2,31,31,True
12444,0,1,33920,1,2,29,30,True
12444,0,2,58629,0,1,29,38,True
12444,1,2,2709,1,2,30,38,True
12460,0,1,65391,0,2,12,28,True
12460,0,2,769,0,2,12,32,True
12460,1,2,53553,0,2,28,32,True
12466,0,1,14641,0,2,23,23,True
12466,0,2,7727,0,1,23,24,True
12466,1,2,10010,0,1,23,24,True
12469,0,1,71317,1,2,1,15,True
12469,0,2,67142,0,1,1,40,True
12469,1,2,53022,1,2,15,40,True
12474,0,1,26645,0,2,11,38,True
12474,0,2,62341,1,2,11,40,True
12474,1,2,16727,0,2,38,40,True
12482,0,1,21537,0,2,1,1,True
12482,0,2,35852,0,2,1,22,True
12482,1,2,35852,1,2,1,22,True
12486,0,1,55825,0,1,6,6,True
12486,0,2,36685,0,1,6,33,True
12486,1,2,40842,0,2,6,33,True
12490,0,1,26656,0,1,13,14,True
12490,0,2,71513,0,1,13,17,True
12490,1,2,60757,0,1,14,17,True
12497,0,1,68102,0,2,2,14,True
12497,0,2,22959,1,2,2,18,True
12497,1,2,35826,0,2,14,18,True
12498,0,1,60929,1,2,20,20,True
12498,0,2,48515,1,2,20,27,True
12498,1,2,59623,0,1,20,27,True
12503,0,1,11188,0,2,21,40,True
12503,0,2,12227,1,2,21,40,True
12503,1,2,17956,1,2,40,40,True
12529,0,1,19320,0,1,4,6,True
12529,0,2,32168,0,1,4,6,True
12529,1,2,4153,0,1,6,6,True
12536,0,1,51803,0,1,2,30,True
12536,0,2,63194,0,2,2,35,True
12536,1,2,28161,0,2,30,35,True
12559,0,1,23183,0,2,11,21,True
12559,0,2,6980,0,2,11,37,True
12559,1,2,14765,0,1,21,37,True
12566,0,1,13807,0,1,11,11,True
12566,0,2,15004,0,1,11,11,True
12566,1,2,15573,0,1,11,11,True
12568,0,1,18367,0,1,9,9,True
12568,0,2,41363,1,2,9,10,True
12568,1,2,41804,0,2,9,10,True
12593,0,1,3592,1,2,3,3,True
12593,0,2,62418,0,2,3,30,True
12593,1,2,62418,1,2,3,30,True
12596,0,1,43280,1,2,3,13,True
12596,0,2,68382,0,1,3,19,True
12596,1,2,8135,0,1,13,19,True
12597,0,1,37406,-1,1,10,17,False
12597,0,2,51380,-1,2,10,32,False
12597,1,2,58157,0,1,17,32,True
12612,0,1,14629,0,1,4,19,True
12612,0,2,57366,0,1,4,37,True
12612,1,2,23415,1,2,19,37,True
12619,0,1,28943,0,2,5,27,True
12619,0,2,30026,0,1,5,27,True
12619,1,2,72751,0,1,27,27,True
12624,0,1,64248,1,2,22,27,True
12624,0,2,67923,0,2,22,27,True
12624,1,2,72945,0,2,27,27,True
12633,0,1,35152,1,2,2,31,True
12633,0,2,58361,1,2,2,36,True
12633,1,2,49958,1,2,31,36,True
12640,0,1,50887,0,1,13,24,True
12640,0,2,62863,0,2,13,24,True
12640,1,2,52968,0,1,24,24,True
12648,0,1,70080,1,2,15,15,True
12648,0,2,25305,0,2,15,37,True
12648,1,2,25305,1,2,15,37,True
12651,0,1,47265,1,2,20,20,True
12651,0,2,11070,1,2,20,24,True
12651,1,2,13595,0,1,20,24,True
12655,0,1,69178,0,2,8,13,True
12655,0,2,56460,0,1,8,22,True
12655,1,2,18562,1,2,13,22,True
12670,0,1,35795,0,1,11,17,True
12670,0,2,71569,0,1,11,19,True
12670,1,2,27618,0,1,17,19,True
12674,0,1,65312,1,2,3,39,True
12674,0,2,68477,0,2,3,39,True
12674,1,2,1517,1,2,39,39,True
12690,0,1,18415,1,2,15,15,True
12690,0,2,66388,1,2,15,32,True
12690,1,2,69270,1,2,15,32,True
12695,0,1,51789,0,2,9,32,True
12695,0,2,42245,0,2,9,37,True
12695,1,2,45166,0,2,32,37,True
12700,0,1,5773,0,2,4,8,True
12700,0,2,35343,0,2,4,26,True
12700,1,2,33003,0,2,8,26,True
12706,0,1,32021,0,2,1,5,True
12706,0,2,14697,0,1,1,21,True
12706,1,2,16094,0,1,5,21,True
12713,0,1,58778,1,2,13,35,True
12713,0,2,62281,0,2,13,35,True
12713,1,2,12151,0,1,35,35,True
12724,0,1,29935,0,2,2,36,True
12724,0,2,59729,1,2,2,39,True
12724,1,2,242,1,2,36,39,True
12725,0,1,72983,0,1,2,24,True
12725,0,2,1948,0,1,2,32,True
12725,1,2,18365,1,2,24,32,True
12729,0,1,49429,0,1,11,22,True
12729,0,2,34109,0,2,11,35,True
12729,1,2,23006,0,1,22,35,True
12732,0,1,48747,1,2,13,13,True
12732,0,2,48795,0,1,13,13,True
12732,1,2,48795,0,2,13,13,True
12741,0,1,34704,0,1,18,18,True
12741,0,2,59465,1,2,18,27,True
12741,1,2,71406,1,2,18,27,True
12742,0,1,5545,0,1,19,19,True
12742,0,2,15538,0,2,19,24,True
12742,1,2,15538,1,2,19,24,True
12750,0,1,64634,0,2,12,12,True
12750,0,2,34199,1,2,12,36,True
12750,1,2,37138,0,1,12,36,True
12761,0,1,17936,0,2,31,32,True
12761,0,2,18098,0,2,31,32,True
12761,1,2,61857,1,2,32,32,True
12774,0,1,53617,1,2,16,28,True
12774,0,2,61928,0,2,16,32,True
12774,1,2,51789,1,2,28,32,True
12782,0,1,21345,0,2,17,20,True
12782,0,2,68652,0,1,17,21,True
12782,1,2,10791,0,1,20,21,True
12783,0,1,14746,1,2,27,27,True
12783,0,2,15733,0,1,27,27,True
12783,1,2,15733,0,2,27,27,True
12787,0,1,69650,1,2,13,16,True
12787,0,2,17604,0,1,13,29,True
12787,1,2,41079,1,2,16,29,True
12795,0,1,32414,1,2,24,24,True
12795,0,2,32738,1,2,24,24,True
12795,1,2,33068,0,1,24,24,True
12797,0,1,44535,0,1,9,9,True
12797,0,2,269,0,1,9,14,True
12797,1,2,4578,0,1,9,14,True
12818,0,1,46522,1,2,2,2,True
12818,0,2,23230,1,2,2,34,True
12818,1,2,24872,0,2,2,34,True
12840,0,1,44485,1,2,16,16,True
12840,0,2,17999,0,1,16,21,True
12840,1,2,17999,0,2,16,21,True
12861,0,1,54438,0,1,2,2,True
12861,0,2,56573,0,1,2,2,True
12861,1,2,56573,0,2,2,2,True
12867,0,1,71586,0,2,24,24,True
12867,0,2,15474,1,2,24,40,True
12867,1,2,34493,1,2,24,40,True
12873,0,1,11830,0,1,11,12,True
12873,0,2,47155,0,2,11,24,True
12873,1,2,63192,1,2,12,24,True
12886,0,1,8640,1,2,30,35,True
12886,0,2,12346,0,1,30,35,True
12886,1,2,5703,1,2,35,35,True
12887,0,1,57125,0,2,4,15,True
12887,0,2,57125,1,2,4,15,True
12887,1,2,27785,0,2,15,15,True
12907,0,1,43205,0,1,24,25,True
12907,0,2,44540,1,2,24,25,True
12907,1,2,4167,1,2,25,25,True
12921,0,1,42764,1,2,3,4,True
12921,0,2,43769,0,1,3,4,True
12921,1,2,27278,0,1,4,4,True
12947,0,1,55807,0,2,18,35,True
12947,0,2,59850,1,2,18,39,True
12947,1,2,67741,1,2,35,39,True
12948,0,1,17497,1,2,25,25,True
12948,0,2,10227,0,1,25,28,True
12948,1,2,16782,0,1,25,28,True
12959,0,1,72895,1,2,37,37,True
12959,0,2,169,0,1,37,37,True
12959,1,2,169,0,2,37,37,True
12989,0,1,43768,1,2,31,31,True
12989,0,2,58943,1,2,31,32,True
12989,1,2,60359,0,1,31,32,True
12991,0,1,22405,1,2,12,12,True
12991,0,2,26678,1,2,12,34,True
12991,1,2,34254,0,2,12,34,True
12998,0,1,65777,1,2,13,22,True
12998,0,2,66520,0,2,13,22,True
12998,1,2,56113,1,2,22,22,True
13000,0,1,53540,0,2,1,7,True
13000,0,2,6124,0,2,1,37,True
13000,1,2,56842,0,2,7,37,True
13012,0,1,17223,1,2,11,21,True
13012,0,2,42507,0,1,11,22,True
13012,1,2,38051,0,2,21,22,True
13013,0,1,19639,0,1,28,28,True
13013,0,2,63852,1,2,28,29,True
13013,1,2,64114,0,2,28,29,True
13014,0,1,40662,1,2,13,26,True
13014,0,2,45660,0,2,13,31,True
13014,1,2,9758,0,1,26,31,True
13041,0,1,7306,1,2,18,18,True
13041,0,2,15632,0,1,18,29,True
13041,1,2,60063,1,2,18,29,True
13042,0,1,62998,0,2,34,34,True
13042,0,2,5350,1,2,34,40,True
13042,1,2,10601,0,2,34,40,True
13047,0,1,53962,0,2,3,4,True
13047,0,2,26362,0,1,3,6,True
13047,1,2,19320,0,1,4,6,True
13057,0,1,4187,1,2,32,38,True
13057,0,2,6160,0,2,32,38,True
13057,1,2,16999,1,2,38,38,True
13065,0,1,69012,0,1,26,27,True
13065,0,2,70572,0,1,26,27,True
13065,1,2,65758,0,1,27,27,True
13075,0,1,23155,0,1,13,16,True
13075,0,2,23155,0,2,13,16,True
13075,1,2,58784,1,2,16,16,True
13091,0,1,9177,1,2,9,9,True
13091,0,2,9529,0,1,9,9,True
13091,1,2,11231,1,2,9,9,True
13102,0,1,37774,0,2,18,18,True
13102,0,2,50012,0,1,18,19,True
13102,1,2,51900,0,1,18,19,True
13106,0,1,69666,1,2,25,25,True
13106,0,2,66376,0,1,25,27,True
13106,1,2,66376,0,2,25,27,True
13113,0,1,2813,0,1,1,8,True
13113,0,2,28472,0,2,1,26,True
13113,1,2,26788,0,2,8,26,True
13134,0,1,29400,1,2,18,18,True
13134,0,2,29831,0,1,18,18,True
13134,1,2,29942,0,1,18,18,True
13137,0,1,36157,0,2,5,5,True
13137,0,2,67046,0,1,5,24,True
13137,1,2,71860,0,2,5,24,True
13139,0,1,26295,1,2,2,3,True
13139,0,2,22564,1,2,2,33,True
13139,1,2,12322,0,2,3,33,True
13141,0,1,27537,0,2,8,9,True
13141,0,2,44087,0,1,8,15,True
13141,1,2,32025,0,2,9,15,True
13147,0,1,26788,1,2,25,26,True
13147,0,2,27051,0,1,25,26,True
13147,1,2,15918,1,2,26,26,True
13170,0,1,56271,1,2,22,22,True
13170,0,2,57740,1,2,22,22,True
13170,1,2,57811,1,2,22,22,True
13176,0,1,49020,0,1,16,17,True
13176,0,2,4221,1,2,16,25,True
13176,1,2,51665,1,2,17,25,True
13178,0,1,59597,0,1,1,13,True
13178,0,2,27358,0,2,1,30,True
13178,1,2,48480,1,2,13,30,True
13182,0,1,32792,0,1,10,15,True
13182,0,2,60420,0,2,10,16,True
13182,1,2,55921,0,1,15,16,True
13184,0,1,23416,1,2,7,7,True
13184,0,2,64040,0,2,7,23,True
13184,1,2,64040,1,2,7,23,True
13188,0,1,38234,0,1,11,16,True
13188,0,2,14012,0,1,11,17,True
13188,1,2,56216,0,1,16,17,True
13198,0,1,51609,1,2,5,25,True
13198,0,2,63069,0,2,5,26,True
13198,1,2,28178,1,2,25,26,True
13208,0,1,69970,0,1,4,4,True
13208,0,2,34199,0,2,4,36,True
13208,1,2,41390,0,2,4,36,True
13223,0,1,51227,0,1,1,1,True
13223,0,2,29815,0,1,1,2,True
13223,1,2,29815,0,2,1,2,True
13224,0,1,27084,1,2,8,9,True
13224,0,2,42429,0,1,8,12,True
13224,1,2,56877,1,2,9,12,True
13232,0,1,7533,1,2,24,24,True
13232,0,2,51362,1,2,24,25,True
13232,1,2,51384,1,2,24,25,True
13252,0,1,7153,0,1,6,6,True
13252,0,2,20472,0,2,6,16,True
13252,1,2,20472,1,2,6,16,True
13261,0,1,19765,0,2,4,4,True
13261,0,2,20026,0,2,4,18,True
13261,1,2,22352,0,2,4,18,True
13269,0,1,51302,0,1,3,3,True
13269,0,2,42764,0,2,3,4,True
13269,1,2,42764,1,2,3,4,True
13275,0,1,2538,1,2,29,33,True
13275,0,2,7591,0,1,29,33,True
13275,1,2,38652,0,1,33,33,True
13286,0,1,50071,0,2,14,14,True
13286,0,2,50071,1,2,14,14,True
13286,1,2,51834,1,2,14,14,True
13289,0,1,22373,0,2,21,22,True
13289,0,2,40399,1,2,21,31,True
13289,1,2,53939,0,2,22,31,True
13296,0,1,60389,0,1,7,7,True
13296,0,2,9960,0,2,7,17,True
13296,1,2,20886,0,1,7,17,True
13298,0,1,67281,0,2,13,27,True
13298,0,2,7355,-1,2,13,39,False
13298,1,2,8367,-1,1,27,39,False
13299,0,1,15555,0,2,1,36,True
13299,0,2,17952,0,2,1,40,True
13299,1,2,8621,1,2,36,40,True
13301,0,1,62688,0,2,7,37,True
13301,0,2,62688,1,2,7,37,True
13301,1,2,6557,0,2,37,37,True
13309,0,1,48344,0,1,14,32,True
13309,0,2,48344,0,2,14,32,True
13309,1,2,64780,0,1,32,32,True
13315,0,1,27621,0,1,8,11,True
13315,0,2,16250,0,2,8,39,True
13315,1,2,57291,0,1,11,39,True
13319,0,1,71920,0,2,11,29,True
13319,0,2,2803,0,2,11,30,True
13319,1,2,30311,1,2,29,30,True
13347,0,1,46683,0,1,6,6,True
13347,0,2,34511,0,2,6,38,True
13347,1,2,39378,0,1,6,38,True
13348,0,1,32370,0,1,36,36,True
13348,0,2,32744,0,1,36,36,True
13348,1,2,34961,1,2,36,36,True
13377,0,1,61042,0,2,4,35,True
13377,0,2,36495,0,2,4,37,True
13377,1,2,4543,1,2,35,37,True
13381,0,1,11879,0,2,6,8,True
13381,0,2,45634,1,2,6,9,True
13381,1,2,21202,0,1,8,9,True
13386,0,1,28806,0,2,4,11,True
13386,0,2,48754,0,2,4,15,True
13386,1,2,6330,1,2,11,15,True
13417,0,1,27671,1,2,17,17,True
13417,0,2,44378,1,2,17,33,True
13417,1,2,45347,0,2,17,33,True
13421,0,1,26626,0,2,26,27,True
13421,0,2,19428,1,2,26,32,True
13421,1,2,21641,0,1,27,32,True
13423,0,1,31905,0,1,30,32,True
13423,0,2,56124,1,2,30,36,True
13423,1,2,35335,1,2,32,36,True
13439,0,1,48795,0,1,13,13,True
13439,0,2,19736,0,1,13,22,True
13439,1,2,27040,0,1,13,22,True
13440,0,1,50448,0,2,22,23,True
13440,0,2,71039,0,1,22,38,True
13440,1,2,42345,0,2,23,38,True
13451,0,1,36770,0,2,3,18,True
13451,0,2,44555,0,2,3,19,True
13451,1,2,1820,0,1,18,19,True
13467,0,1,55725,0,2,32,32,True
13467,0,2,37499,1,2,32,37,True
13467,1,2,42749,0,2,32,37,True
13474,0,1,26545,0,1,16,17,True
13474,0,2,38584,0,1,16,26,True
13474,1,2,40301,0,1,17,26,True
13482,0,1,55990,0,2,6,38,True
13482,0,2,26154,0,2,6,39,True
13482,1,2,45240,1,2,38,39,True
13522,0,1,69657,0,1,17,17,True
13522,0,2,69828,1,2,17,17,True
13522,1,2,70136,1,2,17,17,True
13532,0,1,67333,0,2,11,28,True
13532,0,2,68256,0,1,11,28,True
13532,1,2,21017,1,2,28,28,True
13538,0,1,12648,0,1,15,15,True
13538,0,2,7392,1,2,15,22,True
13538,1,2,8824,0,1,15,22,True
13545,0,1,11830,0,1,11,12,True
13545,0,2,54528,0,1,11,20,True
13545,1,2,55839,0,1,12,20,True
13555,0,1,20096,0,2,9,10,True
13555,0,2,59963,0,1,9,21,True
13555,1,2,36696,0,1,10,21,True
13570,0,1,43110,1,2,30,31,True
13570,0,2,45127,1,2,30,31,True
13570,1,2,47297,1,2,31,31,True
13582,0,1,48146,0,1,21,21,True
13582,0,2,70625,0,2,21,33,True
13582,1,2,14697,1,2,21,33,True
13587,0,1,2795,1,2,29,29,True
13587,0,2,22793,1,2,29,30,True
13587,1,2,22803,1,2,29,30,True
13595,0,1,11070,1,2,20,24,True
13595,0,2,62609,1,2,20,30,True
13595,1,2,56424,1,2,24,30,True
13597,0,1,70825,0,2,36,36,True
13597,0,2,47509,1,2,36,39,True
13597,1,2,72487,1,2,36,39,True
13612,0,1,23843,0,2,2,14,True
13612,0,2,27106,0,1,2,14,True
13612,1,2,47154,0,1,14,14,True
13615,0,1,28990,0,1,22,40,True
13615,0,2,28990,0,2,22,40,True
13615,1,2,32098,0,1,40,40,True
13624,0,1,72530,0,1,5,5,True
13624,0,2,15840,0,2,5,6,True
13624,1,2,15974,0,2,5,6,True
13632,0,1,52857,1,2,21,21,True
13632,0,2,54255,0,1,21,21,True
13632,1,2,54255,0,2,21,21,True
13638,0,1,17220,0,2,20,22,True
13638,0,2,35837,0,1,20,22,True
13638,1,2,49287,0,1,22,22,True
13661,0,1,38669,0,1,4,5,True
13661,0,2,38718,0,1,4,5,True
13661,1,2,13137,0,1,5,5,True
13682,0,1,11197,0,1,10,14,True
13682,0,2,7228,0,2,10,30,True
13682,1,2,68392,1,2,14,30,True
13686,0,1,36375,0,1,37,37,True
13686,0,2,36375,0,2,37,37,True
13686,1,2,36375,1,2,37,37,True
13692,0,1,31856,0,1,11,11,True
13692,0,2,50737,0,1,11,28,True
13692,1,2,50737,0,2,11,28,True
13703,0,1,60063,0,2,17,29,True
13703,0,2,10191,0,2,17,40,True
13703,1,2,15898,1,2,29,40,True
13708,0,1,42153,1,2,23,23,True
13708,0,2,58171,1,2,23,33,True
13708,1,2,65798,1,2,23,33,True
13712,0,1,10344,0,1,14,14,True
13712,0,2,4691,0,2,14,26,True
13712,1,2,11120,0,2,14,26,True
13714,0,1,42231,0,1,11,11,True
13714,0,2,30522,1,2,11,37,True
13714,1,2,32343,0,2,11,37,True
13716,0,1,60017,0,1,4,28,True
13716,0,2,36192,0,1,4,37,True
13716,1,2,908,0,2,28,37,True
13721,0,1,31476,0,2,5,21,True
13721,0,2,22926,0,2,5,28,True
13721,1,2,8503,0,2,21,28,True
13725,0,1,61789,1,2,4,15,True
13725,0,2,20132,0,2,4,31,True
13725,1,2,30829,0,1,15,31,True
13738,0,1,5033,0,1,1,2,True
13738,0,2,67533,0,1,1,15,True
13738,1,2,27477,0,2,2,15,True
13739,0,1,3715,0,1,3,3,True
13739,0,2,3715,0,2,3,3,True
13739,1,2,3715,1,2,3,3,True
13740,0,1,28609,0,2,9,31,True
13740,0,2,35335,0,2,9,36,True
13740,1,2,35025,0,2,31,36,True
13741,0,1,24790,0,2,19,19,True
13741,0,2,32697,-1,1,19,23,False
13741,1,2,32697,-1,2,19,23,False
13749,0,1,44248,-1,0,11,29,False
13749,0,2,23642,-1,1,11,40,False
13749,1,2,15898,1,2,29,40,True
13758,0,1,8557,0,1,1,27,True
13758,0,2,16020,0,1,1,31,True
13758,1,2,37692,0,2,27,31,True
13766,0,1,60374,0,2,9,40,True
13766,0,2,63504,0,2,9,40,True
13766,1,2,22875,0,2,40,40,True
13773,0,1,56933,0,2,12,13,True
13773,0,2,36064,1,2,12,40,True
13773,1,2,51433,0,2,13,40,True
13776,0,1,5987,0,2,3,4,True
13776,0,2,10517,0,1,3,23,True
13776,1,2,20825,0,1,4,23,True
13801,0,1,42900,0,2,19,19,True
13801,0,2,44021,1,2,19,21,True
13801,1,2,44660,0,1,19,21,True
13805,0,1,50539,1,2,28,28,True
13805,0,2,50737,1,2,28,28,True
13805,1,2,50772,1,2,28,28,True
13807,0,1,15573,0,1,11,11,True
13807,0,2,39236,0,1,11,15,True
13807,1,2,40059,0,2,11,15,True
13808,0,1,21520,0,1,4,4,True
13808,0,2,43668,0,1,4,7,True
13808,1,2,44695,0,2,4,7,True
13826,0,1,62117,1,2,2,2,True
13826,0,2,53974,0,1,2,35,True
13826,1,2,53974,0,1,2,35,True
13829,0,1,43085,0,2,11,12,True
13829,0,2,70491,0,2,11,35,True
13829,1,2,36830,0,1,12,35,True
13835,0,1,670,1,2,8,23,True
13835,0,2,27584,0,2,8,32,True
13835,1,2,63842,0,2,23,32,True
13841,0,1,59571,0,2,7,21,True
13841,0,2,40081,0,2,7,31,True
13841,1,2,46281,0,1,21,31,True
13842,0,1,29831,-1,1,3,18,False
13842,0,2,22452,0,2,3,39,True
13842,1,2,17605,0,1,18,39,True
13847,0,1,59270,1,2,13,13,True
13847,0,2,41090,0,2,13,34,True
13847,1,2,53590,0,1,13,34,True
13849,0,1,62271,1,2,6,39,True
13849,0,2,70120,0,2,6,39,True
13849,1,2,49242,0,1,39,39,True
13857,0,1,44263,1,2,2,2,True
13857,0,2,59234,1,2,2,31,True
13857,1,2,61354,0,1,2,31,True
13869,0,1,58073,0,2,24,25,True
13869,0,2,58462,0,1,24,25,True
13869,1,2,35857,0,2,25,25,True
13873,0,1,17053,0,1,2,3,True
13873,0,2,40055,0,1,2,19,True
13873,1,2,64896,0,1,3,19,True
13879,0,1,11886,-1,1,5,16,False
13879,0,2,50210,-1,2,5,19,False
13879,1,2,50210,1,2,16,19,True
13895,0,1,33084,0,2,3,5,True
13895,0,2,47122,-1,0,3,23,False
13895,1,2,51956,0,2,5,23,True
13896,0,1,39252,0,1,11,36,True
13896,0,2,71071,0,2,11,39,True
13896,1,2,12724,1,2,36,39,True
13908,0,1,51737,0,1,4,25,True
13908,0,2,50822,0,2,4,26,True
13908,1,2,61947,1,2,25,26,True
13917,0,1,19478,0,2,10,10,True
13917,0,2,33946,1,2,10,30,True
13917,1,2,37577,1,2,10,30,True
13918,0,1,49429,1,2,22,29,True
13918,0,2,52778,1,2,22,39,True
13918,1,2,27841,1,2,29,39,True
13919,0,1,72911,1,2,9,9,True
13919,0,2,36430,0,2,9,10,True
13919,1,2,38330,0,1,9,10,True
13925,0,1,4153,1,2,6,12,True
13925,0,2,15541,0,2,6,39,True
13925,1,2,38382,0,2,12,39,True
13938,0,1,18556,-1,1,4,29,False
13938,0,2,39183,-1,2,4,32,False
13938,1,2,51380,-1,0,29,32,False
13942,0,1,49212,0,2,8,32,True
13942,0,2,69959,0,2,8,33,True
13942,1,2,1839,0,2,32,33,True
13945,0,1,7831,0,1,11,27,True
13945,0,2,31794,0,2,11,35,True
13945,1,2,67661,1,2,27,35,True
13948,0,1,13091,0,1,9,9,True
13948,0,2,61540,0,1,9,33,True
13948,1,2,3644,0,2,9,33,True
13955,0,1,59344,0,1,12,12,True
13955,0,2,36549,0,2,12,38,True
13955,1,2,38466,1,2,12,38,True
13962,0,1,13091,1,2,9,9,True
13962,0,2,13919,0,1,9,9,True
13962,1,2,13948,0,1,9,9,True
13972,0,1,39201,1,2,19,19,True
13972,0,2,44242,1,2,19,30,True
13972,1,2,44506,1,2,19,30,True
13975,0,1,20301,0,1,13,13,True
13975,0,2,20794,0,1,13,13,True
13975,1,2,21883,0,1,13,13,True
13980,0,1,55998,0,2,4,6,True
13980,0,2,62271,0,1,4,6,True
13980,1,2,11879,0,1,6,6,True
13986,0,1,24203,0,1,6,10,True
13986,0,2,19623,0,2,6,31,True
13986,1,2,1057,0,2,10,31,True
13993,0,1,54051,1,2,22,23,True
13993,0,2,36990,0,1,22,29,True
13993,1,2,40731,1,2,23,29,True
13997,0,1,41006,0,2,13,23,True
13997,0,2,62863,1,2,13,24,True
13997,1,2,40807,0,1,23,24,True
14004,0,1,28104,0,1,7,7,True
14004,0,2,6934,0,2,7,28,True
14004,1,2,10134,0,2,7,28,True
14012,0,1,24433,1,2,11,17,True
14012,0,2,28060,0,2,11,17,True
14012,1,2,68557,0,1,17,17,True
14014,0,1,2044,0,1,9,10,True
14014,0,2,54835,0,2,9,38,True
14014,1,2,18569,0,2,10,38,True
14031,0,1,9886,0,2,25,26,True
14031,0,2,19658,1,2,25,39,True
14031,1,2,44385,1,2,26,39,True
14035,0,1,31476,0,1,5,21,True
14035,0,2,54995,1,2,5,24,True
14035,1,2,66298,1,2,21,24,True
14036,0,1,11120,0,2,14,26,True
14036,0,2,48696,1,2,14,31,True
14036,1,2,66540,0,1,26,31,True
14049,0,1,37899,-1,2,23,40,False
14049,0,2,42022,-1,2,23,40,False
14049,1,2,51517,1,2,40,40,True
14055,0,1,41032,0,1,3,6,True
14055,0,2,28928,1,2,3,24,True
14055,1,2,67705,0,2,6,24,True
14069,0,1,9891,0,2,23,31,True
14069,0,2,21322,0,1,23,40,True
14069,1,2,32741,1,2,31,40,True
14076,0,1,49069,0,1,5,6,True
14076,0,2,28280,1,2,5,11,True
14076,1,2,30811,1,2,6,11,True
14083,0,1,65084,0,2,16,16,True
14083,0,2,65084,1,2,16,16,True
14083,1,2,66110,1,2,16,16,True
14089,0,1,26587,0,2,16,39,True
14089,0,2,29878,0,1,16,39,True
14089,1,2,63243,0,1,39,39,True
14099,0,1,70057,0,1,23,23,True
14099,0,2,70569,1,2,23,23,True
14099,1,2,70595,0,1,23,23,True
14106,0,1,19829,0,2,3,31,True
14106,0,2,19970,0,2,3,31,True
14106,1,2,28449,1,2,31,31,True
14128,0,1,10839,1,2,17,18,True
14128,0,2,14979,0,1,17,18,True
14128,1,2,27474,0,1,18,18,True
14135,0,1,47228,1,2,6,11,True
14135,0,2,45781,0,1,6,12,True
14135,1,2,12234,1,2,11,12,True
14149,0,1,45086,0,1,5,6,True
14149,0,2,68099,1,2,5,33,True
14149,1,2,35575,0,2,6,33,True
14163,0,1,16649,1,2,4,4,True
14163,0,2,57776,0,1,4,24,True
14163,1,2,66357,0,2,4,24,True
14170,0,1,39986,1,2,38,38,True
14170,0,2,39986,1,2,38,38,True
14170,1,2,39986,1,2,38,38,True
14172,0,1,48257,0,1,5,5,True
14172,0,2,49603,0,1,5,5,True
14172,1,2,49603,0,2,5,5,True
14180,0,1,63851,0,1,2,3,True
14180,0,2,18952,0,2,2,25,True
14180,1,2,30150,0,2,3,25,True
14206,0,1,41428,1,2,13,38,True
14206,0,2,46131,0,2,13,38,True
14206,1,2,41490,1,2,38,38,True
14223,0,1,16196,1,2,8,21,True
14223,0,2,43083,0,2,8,34,True
14223,1,2,22645,1,2,21,34,True
14245,0,1,56496,0,1,11,13,True
14245,0,2,68819,-1,2,11,25,False
14245,1,2,11493,0,1,13,25,True
14252,0,1,43197,0,1,7,7,True
14252,0,2,58372,0,2,7,22,True
14252,1,2,59441,0,1,7,22,True
14253,0,1,72117,1,2,20,21,True
14253,0,2,72531,0,1,20,21,True
14253,1,2,24143,0,1,21,21,True
14257,0,1,68859,0,1,5,9,True
14257,0,2,63513,0,2,5,16,True
14257,1,2,47232,0,2,9,16,True
14267,0,1,49512,0,1,14,21,True
14267,0,2,6170,0,2,14,22,True
14267,1,2,66226,1,2,21,22,True
14270,0,1,1877,1,2,24,24,True
14270,0,2,71103,0,2,24,25,True
14270,1,2,71205,1,2,24,25,True
14274,0,1,4967,0,1,20,21,True
14274,0,2,26749,-1,2,20,39,False
14274,1,2,28979,-1,2,21,39,False
14275,0,1,23575,1,2,21,21,True
14275,0,2,23970,0,1,21,21,True
14275,1,2,24143,0,1,21,21,True
14299,0,1,56491,0,1,13,37,True
14299,0,2,22828,1,2,13,38,True
14299,1,2,48922,0,1,37,38,True
14310,0,1,21534,1,2,29,29,True
14310,0,2,61383,0,1,29,32,True
14310,1,2,61383,0,2,29,32,True
14342,0,1,70949,1,2,32,37,True
14342,0,2,60824,1,2,32,38,True
14342,1,2,19435,1,2,37,38,True
14347,0,1,68874,0,2,10,31,True
14347,0,2,71161,1,2,10,31,True
14347,1,2,72082,0,1,31,31,True
14361,0,1,48182,1,2,5,5,True
14361,0,2,48257,0,1,5,5,True
14361,1,2,49603,0,1,5,5,True
14376,0,1,5463,1,2,8,8,True
14376,0,2,40611,0,1,8,10,True
14376,1,2,44781,0,1,8,10,True
14378,0,1,66189,0,2,13,23,True
14378,0,2,58539,0,2,13,31,True
14378,1,2,9891,0,1,23,31,True
14380,0,1,55054,0,1,32,32,True
14380,0,2,55054,0,2,32,32,True
14380,1,2,55054,1,2,32,32,True
14389,0,1,72222,0,1,5,10,True
14389,0,2,72933,0,2,5,10,True
14389,1,2,62657,0,1,10,10,True
14390,0,1,9169,0,2,12,34,True
14390,0,2,12991,0,2,12,34,True
14390,1,2,24832,0,1,34,34,True
14398,0,1,21945,1,2,34,34,True
14398,0,2,22711,1,2,34,34,True
14398,1,2,22784,1,2,34,34,True
14407,0,1,57631,0,1,18,18,True
14407,0,2,57631,0,2,18,18,True
14407,1,2,57631,1,2,18,18,True
14408,0,1,47465,1,2,25,25,True
14408,0,2,48706,1,2,25,25,True
14408,1,2,48826,0,1,25,25,True
14410,0,1,1664,0,2,9,28,True
14410,0,2,2337,0,1,9,28,True
14410,1,2,23860,0,2,28,28,True
14417,0,1,62271,0,1,4,6,True
14417,0,2,45185,1,2,4,7,True
14417,1,2,48858,0,1,6,7,True
14419,0,1,66357,0,1,4,5,True
14419,0,2,392,0,1,4,6,True
14419,1,2,15840,0,2,5,6,True
14429,0,1,71873,0,2,1,2,True
14429,0,2,1174,0,2,1,6,True
14429,1,2,25051,0,1,2,6,True
14433,0,1,61796,0,2,32,33,True
14433,0,2,45559,0,2,32,34,True
14433,1,2,28885,1,2,33,34,True
14438,0,1,36799,0,1,7,7,True
14438,0,2,11218,0,2,7,20,True
14438,1,2,14729,0,2,7,20,True
14444,0,1,27492,0,2,11,14,True
14444,0,2,27492,1,2,11,14,True
14444,1,2,5740,0,1,14,14,True
14449,0,1,7189,1,2,18,18,True
14449,0,2,11571,0,1,18,32,True
14449,1,2,11571,0,2,18,32,True
14451,0,1,37786,1,2,15,15,True
14451,0,2,12013,0,2,15,16,True
14451,1,2,12013,1,2,15,16,True
14457,0,1,5706,0,2,30,31,True
14457,0,2,27206,0,2,30,32,True
14457,1,2,6970,0,1,31,32,True
14464,0,1,11477,0,1,8,9,True
14464,0,2,27911,1,2,8,35,True
14464,1,2,72655,0,2,9,35,True
14470,0,1,70794,0,1,19,19,True
14470,0,2,70794,0,2,19,19,True
14470,1,2,70794,1,2,19,19,True
14472,0,1,27418,1,2,10,10,True
14472,0,2,22377,0,2,10,36,True
14472,1,2,31397,0,2,10,36,True
14475,0,1,17040,0,2,1,15,True
14475,0,2,60123,0,2,1,29,True
14475,1,2,61582,0,2,15,29,True
14499,0,1,64849,0,1,35,37,True
14499,0,2,61263,1,2,35,38,True
14499,1,2,26742,0,2,37,38,True
14517,0,1,65962,0,1,20,21,True
14517,0,2,18312,0,2,20,37,True
14517,1,2,31022,1,2,21,37,True
14538,0,1,68359,0,1,10,16,True
14538,0,2,68359,0,2,10,16,True
14538,1,2,40395,0,2,16,16,True
14553,0,1,71113,0,1,3,4,True
14553,0,2,48398,1,2,3,28,True
14553,1,2,58902,1,2,4,28,True
14565,0,1,32715,0,2,34,35,True
14565,0,2,32715,1,2,34,35,True
14565,1,2,66340,0,1,35,35,True
14577,0,1,17096,0,1,3,4,True
14577,0,2,18028,0,2,3,4,True
14577,1,2,42393,0,2,4,4,True
14578,0,1,54552,0,2,2,16,True
14578,0,2,35552,0,1,2,26,True
14578,1,2,2288,0,1,16,26,True
14620,0,1,39454,0,2,4,29,True
14620,0,2,45508,1,2,4,30,True
14620,1,2,49796,0,1,29,30,True
14626,0,1,27699,0,2,4,25,True
14626,0,2,28240,0,1,4,25,True
14626,1,2,4167,0,2,25,25,True
14629,0,1,16318,0,2,4,19,True
14629,0,2,969,0,2,4,22,True
14629,1,2,57952,1,2,19,22,True
14631,0,1,32501,1,2,7,7,True
14631,0,2,34973,0,2,7,26,True
14631,1,2,40668,0,1,7,26,True
14634,0,1,3012,0,2,25,26,True
14634,0,2,3012,1,2,25,26,True
14634,1,2,23093,1,2,26,26,True
14635,0,1,68714,0,2,14,24,True
14635,0,2,66046,0,2,14,38,True
14635,1,2,46301,0,1,24,38,True
14637,0,1,7041,1,2,30,30,True
14637,0,2,7108,0,1,30,30,True
14637,1,2,7130,1,2,30,30,True
14641,0,1,14099,1,2,23,23,True
14641,0,2,15710,1,2,23,23,True
14641,1,2,17850,1,2,23,23,True
14659,0,1,35879,1,2,18,21,True
14659,0,2,5006,0,2,18,31,True
14659,1,2,50487,1,2,21,31,True
14674,0,1,1346,0,2,8,18,True
14674,0,2,1469,0,1,8,33,True
14674,1,2,27300,0,2,18,33,True
14688,0,1,28816,0,1,2,13,True
14688,0,2,26473,0,1,2,23,True
14688,1,2,13997,0,1,13,23,True
14697,0,1,46019,1,2,1,21,True
14697,0,2,68099,0,2,1,33,True
14697,1,2,52364,0,2,21,33,True
14705,0,1,13047,0,1,3,4,True
14705,0,2,28809,1,2,3,24,True
14705,1,2,56225,0,1,4,24,True
14728,0,1,41636,1,2,22,29,True
14728,0,2,36543,1,2,22,39,True
14728,1,2,28979,0,2,29,39,True
14729,0,1,20263,0,1,7,18,True
14729,0,2,19358,0,1,7,20,True
14729,1,2,32604,0,2,18,20,True
14738,0,1,47512,0,1,3,3,True
14738,0,2,35521,1,2,3,38,True
14738,1,2,37536,0,1,3,38,True
14746,0,1,985,1,2,26,27,True
14746,0,2,1243,0,2,26,27,True
14746,1,2,59619,0,1,27,27,True
14751,0,1,39162,0,2,22,22,True
14751,0,2,39162,1,2,22,22,True
14751,1,2,39741,1,2,22,22,True
14758,0,1,21537,1,2,1,1,True
14758,0,2,45557,1,2,1,2,True
14758,1,2,46133,0,2,1,2,True
14765,0,1,12559,1,2,21,37,True
14765,0,2,1473,0,2,21,38,True
14765,1,2,66043,0,2,37,38,True
14766,0,1,21715,0,2,3,22,True
14766,0,2,44443,0,2,3,36,True
14766,1,2,5177,0,1,22,36,True
14781,0,1,4556,1,2,15,37,True
14781,0,2,9296,0,2,15,37,True
14781,1,2,16200,0,2,37,37,True
14782,0,1,37236,1,2,10,28,True
14782,0,2,70440,0,1,10,29,True
14782,1,2,67880,0,2,28,29,True
14799,0,1,69492,0,1,6,16,True
14799,0,2,3733,0,1,6,16,True
14799,1,2,65076,1,2,16,16,True
14804,0,1,13467,0,1,32,32,True
14804,0,2,14380,0,1,32,32,True
14804,1,2,14380,0,2,32,32,True
14815,0,1,51570,0,1,12,12,True
14815,0,2,26199,0,2,12,34,True
14815,1,2,26678,0,2,12,34,True
14818,0,1,61031,0,1,1,8,True
14818,0,2,67142,0,1,1,40,True
14818,1,2,2598,1,2,8,40,True
14825,0,1,65454,0,2,3,13,True
14825,0,2,66508,0,1,3,13,True
14825,1,2,1204,0,2,13,13,True
14841,0,1,34348,1,2,24,26,True
14841,0,2,34665,0,1,24,26,True
14841,1,2,40325,1,2,26,26,True
14842,0,1,29149,0,1,5,5,True
14842,0,2,52918,1,2,5,29,True
14842,1,2,57519,0,1,5,29,True
14856,0,1,15770,0,1,3,14,True
14856,0,2,72056,0,2,3,36,True
14856,1,2,18979,1,2,14,36,True
14858,0,1,26100,1,2,7,7,True
14858,0,2,26457,0,1,7,7,True
14858,1,2,26775,0,1,7,7,True
14859,0,1,31023,0,2,8,18,True
14859,0,2,15464,0,2,8,19,True
14859,1,2,41646,0,2,18,19,True
14867,0,1,11655,0,2,9,33,True
14867,0,2,13948,0,2,9,33,True
14867,1,2,49346,0,2,33,33,True
14873,0,1,24083,0,2,1,12,True
14873,0,2,24083,1,2,1,12,True
14873,1,2,846,0,1,12,12,True
14877,0,1,3033,0,2,12,31,True
14877,0,2,9668,0,1,12,38,True
14877,1,2,66866,1,2,31,38,True
14883,0,1,12529,1,2,6,6,True
14883,0,2,41165,0,1,6,10,True
14883,1,2,41165,0,2,6,10,True
14886,0,1,11478,0,1,15,16,True
14886,0,2,12013,0,2,15,16,True
14886,1,2,34190,0,1,16,16,True
14887,0,1,443,0,2,20,29,True
14887,0,2,43457,0,2,20,35,True
14887,1,2,59853,0,2,29,35,True
14905,0,1,48865,0,1,4,5,True
14905,0,2,49257,0,1,4,5,True
14905,1,2,51453,0,2,5,5,True
14920,0,1,3570,0,1,4,9,True
14920,0,2,65282,0,1,4,21,True
14920,1,2,49081,0,1,9,21,True
14938,0,1,16302,0,1,1,10,True
14938,0,2,35466,0,1,1,17,True
14938,1,2,57550,0,1,10,17,True
14940,0,1,61422,0,2,2,2,True
14940,0,2,61422,1,2,2,2,True
14940,1,2,61716,0,1,2,2,True
14949,0,1,64800,0,2,27,33,True
14949,0,2,42832,0,1,27,34,True
14949,1,2,15497,1,2,33,34,True
14955,0,1,5219,0,1,16,33,True
14955,0,2,5219,0,2,16,33,True
14955,1,2,18034,0,2,33,33,True
14958,0,1,21299,0,2,26,26,True
14958,0,2,29916,0,2,26,31,True
14958,1,2,31445,0,2,26,31,True
14965,0,1,6134,1,2,32,32,True
14965,0,2,8856,1,2,32,32,True
14965,1,2,8858,1,2,32,32,True
14973,0,1,49479,0,2,6,6,True
14973,0,2,37157,0,2,6,11,True
14973,1,2,40198,0,1,6,11,True
14974,0,1,60881,0,1,22,22,True
14974,0,2,62996,0,1,22,22,True
14974,1,2,62996,0,2,22,22,True
14979,0,1,44355,0,2,17,18,True
14979,0,2,33585,1,2,17,20,True
14979,1,2,21345,1,2,18,20,True
14986,0,1,34199,0,1,4,12,True
14986,0,2,66287,1,2,4,16,True
14986,1,2,20670,0,1,12,16,True
14987,0,1,45824,0,1,6,27,True
14987,0,2,38670,0,1,6,28,True
14987,1,2,62233,0,2,27,28,True
14992,0,1,4163,0,1,14,14,True
14992,0,2,53684,1,2,14,39,True
14992,1,2,55831,1,2,14,39,True
15004,0,1,6372,0,2,11,11,True
15004,0,2,62890,0,1,11,12,True
15004,1,2,62944,0,2,11,12,True
15009,0,1,72049,0,1,29,30,True
15009,0,2,1786,0,1,29,30,True
15009,1,2,21579,1,2,30,30,True
15017,0,1,28959,1,2,23,30,True
15017,0,2,48256,0,2,23,34,True
15017,1,2,49446,0,2,30,34,True
15040,0,1,17427,1,2,3,3,True
15040,0,2,17076,0,1,3,17,True
15040,1,2,25273,0,2,3,17,True
15052,0,1,3658,0,2,15,16,True
15052,0,2,30240,0,2,15,17,True
15052,1,2,57119,0,2,16,17,True
15061,0,1,13661,0,1,4,5,True
15061,0,2,37606,0,2,4,12,True
15061,1,2,61609,0,1,5,12,True
15062,0,1,3852,0,1,13,21,True
15062,0,2,62153,0,2,13,33,True
15062,1,2,14697,1,2,21,33,True
15064,0,1,40234,0,2,2,2,True
15064,0,2,35504,0,2,2,33,True
15064,1,2,35996,0,2,2,33,True
15068,0,1,5582,-1,0,10,15,False
15068,0,2,56651,-1,2,10,33,False
15068,1,2,59464,-1,0,15,33,False
15083,0,1,14825,1,2,13,13,True
15083,0,2,15093,0,1,13,13,True
15083,1,2,15472,0,1,13,13,True
15093,0,1,26667,0,2,13,13,True
15093,0,2,51451,1,2,13,18,True
15093,1,2,61882,1,2,13,18,True
15095,0,1,24067,0,1,15,15,True
15095,0,2,15052,0,2,15,17,True
15095,1,2,17787,0,1,15,17,True
15108,0,1,66847,1,2,5,17,True
15108,0,2,41806,0,1,5,27,True
15108,1,2,70441,0,2,17,27,True
15122,0,1,62835,1,2,7,7,True
15122,0,2,33885,0,2,7,8,True
15122,1,2,33885,1,2,7,8,True
15126,0,1,64850,1,2,7,7,True
15126,0,2,38727,0,1,7,19,True
15126,1,2,39007,0,1,7,19,True
15143,0,1,57388,0,2,26,36,True
15143,0,2,57388,1,2,26,36,True
15143,1,2,4457,0,2,36,36,True
15158,0,1,14429,0,1,1,2,True
15158,0,2,72895,0,2,1,37,True
15158,1,2,51803,0,2,2,37,True
15168,0,1,27654,1,2,28,38,True
15168,0,2,27961,0,2,28,38,True
15168,1,2,63655,0,2,38,38,True
15176,0,1,68780,0,2,10,40,True
15176,0,2,71575,0,2,10,40,True
15176,1,2,19229,1,2,40,40,True
15180,0,1,19269,0,2,9,18,True
15180,0,2,35209,1,2,9,21,True
15180,1,2,1897,0,2,18,21,True
15181,0,1,23803,0,1,7,7,True
15181,0,2,19593,0,2,7,32,True
15181,1,2,19593,0,2,7,32,True
15182,0,1,50210,0,1,16,16,True
15182,0,2,63837,1,2,16,16,True
15182,1,2,11274,0,1,16,16,True
15189,0,1,24999,0,2,34,37,True
15189,0,2,30722,0,1,34,38,True
15189,1,2,39517,0,2,37,38,True
15191,0,1,4476,0,1,2,2,True
15191,0,2,55741,0,1,2,16,True
15191,1,2,55741,0,1,2,16,True
15220,0,1,7499,0,1,16,24,True
15220,0,2,17006,0,2,16,24,True
15220,1,2,37982,0,1,24,24,True
15225,0,1,41873,0,1,30,30,True
15225,0,2,41873,0,2,30,30,True
15225,1,2,41873,1,2,30,30,True
15227,0,1,23843,0,2,2,14,True
15227,0,2,27106,0,1,2,14,True
15227,1,2,24454,0,2,14,14,True
15236,0,1,33194,1,2,5,6,True
15236,0,2,34274,0,2,5,6,True
15236,1,2,12010,1,2,6,6,True
15238,0,1,68135,0,2,1,32,True
15238,0,2,69581,0,1,1,32,True
15238,1,2,45559,0,1,32,32,True
15240,0,1,17427,0,1,3,3,True
15240,0,2,17427,0,2,3,3,True
15240,1,2,17427,1,2,3,3,True
15253,0,1,32483,0,2,11,36,True
15253,0,2,33322,0,2,11,36,True
15253,1,2,47337,0,1,36,36,True
15254,0,1,22120,0,1,3,3,True
15254,0,2,22214,0,1,3,3,True
15254,1,2,23556,1,2,3,3,True
15267,0,1,72937,1,2,23,26,True
15267,0,2,42345,1,2,23,38,True
15267,1,2,62423,0,2,26,38,True
15274,0,1,10602,0,1,21,22,True
15274,0,2,10602,0,2,21,26,True
15274,1,2,2737,1,2,22,26,True
15276,0,1,33364,0,2,1,10,True
15276,0,2,31220,0,2,1,22,True
15276,1,2,57534,0,2,10,22,True
15284,0,1,7160,0,1,1,40,True
15284,0,2,7160,0,2,1,40,True
15284,1,2,66767,1,2,40,40,True
15291,0,1,31629,0,1,15,15,True
15291,0,2,31621,0,1,15,22,True
15291,1,2,31666,0,1,15,22,True
15292,0,1,38997,0,2,38,38,True
15292,0,2,38997,1,2,38,38,True
15292,1,2,39378,1,2,38,38,True
15307,0,1,57087,0,1,1,26,True
15307,0,2,61031,0,2,1,30,True
15307,1,2,54149,1,2,26,30,True
15309,0,1,34626,0,1,24,28,True
15309,0,2,1943,0,1,24,40,True
15309,1,2,37145,1,2,28,40,True
15320,0,1,52773,0,2,5,24,True
15320,0,2,53899,0,2,5,24,True
15320,1,2,9243,0,1,24,24,True
15328,0,1,44643,1,2,28,28,True
15328,0,2,44887,0,1,28,28,True
15328,1,2,45310,1,2,28,28,True
15331,0,1,65896,1,2,35,35,True
15331,0,2,71242,1,2,35,36,True
15331,1,2,72201,1,2,35,36,True
15341,0,1,35456,1,2,24,39,True
15341,0,2,39045,0,1,24,39,True
15341,1,2,59906,1,2,39,39,True
15347,0,1,64315,0,2,37,37,True
15347,0,2,64315,1,2,37,37,True
15347,1,2,64572,1,2,37,37,True
15379,0,1,14538,0,2,10,16,True
15379,0,2,51841,0,2,10,17,True
15379,1,2,58921,0,1,16,17,True
15384,0,1,40965,0,1,29,40,True
15384,0,2,40965,0,2,29,40,True
15384,1,2,28607,1,2,40,40,True
15386,0,1,30888,1,2,10,10,True
15386,0,2,42251,-1,1,10,13,False
15386,1,2,50739,-1,0,10,13,False
15390,0,1,39741,0,2,7,22,True
15390,0,2,13184,0,2,7,23,True
15390,1,2,13440,0,1,22,23,True
15395,0,1,42445,0,2,2,30,True
15395,0,2,62933,0,1,2,35,True
15395,1,2,23077,0,2,30,35,True
15396,0,1,20712,1,2,25,25,True
15396,0,2,20843,0,1,25,25,True
15396,1,2,20843,0,2,25,25,True
15414,0,1,12991,1,2,12,34,True
15414,0,2,37340,0,1,12,40,True
15414,1,2,5350,0,2,34,40,True
15423,0,1,41446,1,2,11,12,True
15423,0,2,13012,0,2,11,22,True
15423,1,2,19064,1,2,12,22,True
15432,0,1,62212,0,2,6,11,True
15432,0,2,36685,0,2,6,34,True
15432,1,2,32306,1,2,11,34,True
15438,0,1,33863,0,2,21,22,True
15438,0,2,38833,0,2,21,22,True
15438,1,2,28253,1,2,22,22,True
15454,0,1,34633,0,2,2,3,True
15454,0,2,34633,1,2,2,3,True
15454,1,2,37808,0,1,3,3,True
15464,0,1,44515,0,2,8,19,True
15464,0,2,44590,0,2,8,19,True
15464,1,2,33083,0,2,19,19,True
15472,0,1,26667,0,1,13,13,True
15472,0,2,54489,0,2,13,20,True
15472,1,2,55840,0,1,13,20,True
15474,0,1,30602,1,2,15,24,True
15474,0,2,37061,0,1,15,40,True
15474,1,2,64329,1,2,24,40,True
15479,0,1,36375,0,2,37,37,True
15479,0,2,18569,1,2,37,38,True
15479,1,2,18605,0,2,37,38,True
15485,0,1,70558,0,2,12,32,True
15485,0,2,20548,0,2,12,33,True
15485,1,2,8743,0,1,32,33,True
15491,0,1,38924,1,2,1,1,True
15491,0,2,38936,0,1,1,1,True
15491,1,2,40068,0,1,1,1,True
15495,0,1,35877,0,1,5,10,True
15495,0,2,52353,0,2,5,17,True
15495,1,2,14938,1,2,10,17,True
15497,0,1,31661,1,2,9,33,True
15497,0,2,9052,0,2,9,34,True
15497,1,2,20689,0,1,33,34,True
15510,0,1,59471,1,2,25,25,True
15510,0,2,59828,0,1,25,25,True
15510,1,2,59828,0,2,25,25,True
15516,0,1,20013,0,1,31,31,True
15516,0,2,23633,-1,2,31,40,False
15516,1,2,23642,-1,1,31,40,False
15522,0,1,53375,0,1,1,1,True
15522,0,2,53375,0,2,1,1,True
15522,1,2,53375,1,2,1,1,True
15529,0,1,22083,0,1,22,22,True
15529,0,2,22083,0,2,22,22,True
15529,1,2,22083,1,2,22,22,True
15536,0,1,30617,0,2,1,16,True
15536,0,2,31060,0,2,1,16,True
15536,1,2,57293,0,2,16,16,True
15538,0,1,59904,0,2,19,19,True
15538,0,2,31170,0,2,19,24,True
15538,1,2,31170,1,2,19,24,True
15541,0,1,42985,0,2,6,38,True
15541,0,2,5066,1,2,6,39,True
15541,1,2,4735,1,2,38,39,True
15555,0,1,66691,0,2,1,1,True
15555,0,2,6037,0,2,1,36,True
15555,1,2,8734,0,2,1,36,True
15567,0,1,46225,1,2,30,32,True
15567,0,2,47503,0,1,30,32,True
15567,1,2,30275,0,1,32,32,True
15568,0,1,44309,0,2,36,36,True
15568,0,2,44309,1,2,36,36,True
15568,1,2,45500,0,1,36,36,True
15573,0,1,9217,0,1,11,11,True
15573,0,2,9754,0,1,11,11,True
15573,1,2,10546,0,1,11,11,True
15591,0,1,6116,0,2,1,1,True
15591,0,2,52707,0,1,1,32,True
15591,1,2,55661,0,2,1,32,True
15631,0,1,24700,0,2,2,17,True
15631,0,2,24700,0,1,2,17,True
15631,1,2,32427,1,2,17,17,True
15632,0,1,60063,1,2,18,29,True
15632,0,2,36992,0,1,18,30,True
15632,1,2,22793,1,2,29,30,True
15649,0,1,23588,0,2,7,35,True
15649,0,2,13301,0,2,7,37,True
15649,1,2,62089,1,2,35,37,True
15652,0,1,17970,0,1,7,25,True
15652,0,2,54595,0,2,7,38,True
15652,1,2,56174,0,2,25,38,True
15653,0,1,19764,0,2,8,31,True
15653,0,2,22213,0,1,8,31,True
15653,1,2,72082,0,2,31,31,True
15662,0,1,31298,0,2,9,27,True
15662,0,2,54810,0,2,9,37,True
15662,1,2,11483,0,1,27,37,True
15664,0,1,37020,0,2,1,1,True
15664,0,2,11018,1,2,1,17,True
15664,1,2,14938,0,2,1,17,True
15665,0,1,28084,0,2,35,35,True
15665,0,2,28084,1,2,35,35,True
15665,1,2,29253,1,2,35,35,True
15667,0,1,22591,0,2,15,33,True
15667,0,2,9296,0,2,15,37,True
15667,1,2,39939,0,2,33,37,True
15683,0,1,65967,0,1,9,31,True
15683,0,2,49844,0,2,9,32,True
15683,1,2,43848,1,2,31,32,True
15684,0,1,48256,1,2,26,34,True
15684,0,2,32895,1,2,26,39,True
15684,1,2,63136,0,1,34,39,True
15685,0,1,34754,0,2,10,35,True
15685,0,2,34754,1,2,10,35,True
15685,1,2,48553,0,1,35,35,True
15688,0,1,13047,0,1,3,4,True
15688,0,2,13269,0,2,3,4,True
15688,1,2,52025,0,1,4,4,True
15692,0,1,60393,0,1,3,3,True
15692,0,2,43958,0,1,3,8,True
15692,1,2,46059,1,2,3,8,True
15710,0,1,42525,0,1,22,23,True
15710,0,2,42525,0,2,22,23,True
15710,1,2,37542,1,2,23,23,True
15711,0,1,52274,0,1,16,16,True
15711,0,2,60949,0,1,16,23,True
15711,1,2,63469,0,1,16,23,True
15718,0,1,29004,0,2,24,36,True
15718,0,2,35148,0,1,24,37,True
15718,1,2,62741,1,2,36,37,True
15721,0,1,3390,0,1,1,6,True
15721,0,2,5066,0,2,1,39,True
15721,1,2,26154,0,2,6,39,True
15726,0,1,49951,0,2,11,13,True
15726,0,2,66960,0,2,11,33,True
15726,1,2,70077,0,2,13,33,True
15733,0,1,42899,1,2,27,27,True
15733,0,2,43636,1,2,27,27,True
15733,1,2,43801,1,2,27,27,True
15736,0,1,55137,0,1,6,10,True
15736,0,2,48076,0,2,6,35,True
15736,1,2,57852,1,2,10,35,True
15738,0,1,32897,0,2,2,2,True
15738,0,2,69270,0,1,2,15,True
15738,1,2,1013,0,1,2,15,True
15739,0,1,33929,1,2,20,32,True
15739,0,2,36134,0,1,20,32,True
15739,1,2,26504,0,2,32,32,True
15743,0,1,45963,0,1,9,39,True
15743,0,2,45963,0,2,9,39,True
15743,1,2,70993,1,2,39,39,True
15751,0,1,4691,1,2,26,26,True
15751,0,2,55406,1,2,26,40,True
15751,1,2,57833,0,2,26,40,True
15756,0,1,35210,0,1,16,17,True
15756,0,2,52710,1,2,16,18,True
15756,1,2,32926,0,1,17,18,True
15761,0,1,5118,0,1,1,1,True
15761,0,2,4695,0,2,1,40,True
15761,1,2,5033,0,2,1,40,True
15770,0,1,25162,0,1,3,14,True
15770,0,2,155,1,2,3,29,True
15770,1,2,20686,1,2,14,29,True
15779,0,1,1345,1,2,8,17,True
15779,0,2,68432,0,1,8,23,True
15779,1,2,22233,1,2,17,23,True
15794,0,1,1556,0,1,5,11,True
15794,0,2,11787,0,2,5,20,True
15794,1,2,54528,0,1,11,20,True
15797,0,1,53785,0,2,6,22,True
15797,0,2,52126,0,2,6,25,True
15797,1,2,33976,0,1,22,25,True
15816,0,1,38911,0,1,25,25,True
15816,0,2,45719,0,2,25,34,True
15816,1,2,54696,0,2,25,34,True
15830,0,1,39537,1,2,35,39,True
15830,0,2,57571,1,2,35,39,True
15830,1,2,43075,1,2,39,39,True
15835,0,1,69029,0,2,23,24,True
15835,0,2,69029,1,2,23,24,True
15835,1,2,2516,1,2,24,24,True
15840,0,1,31740,0,2,5,6,True
15840,0,2,32298,0,2,5,6,True
15840,1,2,36226,0,2,6,6,True
15865,0,1,21558,1,2,12,17,True
15865,0,2,58004,-1,1,12,27,False
15865,1,2,46166,0,1,17,27,True
15871,0,1,31908,1,2,16,20,True
15871,0,2,11512,0,2,16,31,True
15871,1,2,39126,0,1,20,31,True
15879,0,1,61305,0,1,3,3,True
15879,0,2,8159,0,2,3,23,True
15879,1,2,10517,0,1,3,23,True
15884,0,1,24630,0,2,17,17,True
15884,0,2,30134,0,2,17,34,True
15884,1,2,30618,0,2,17,34,True
15895,0,1,61844,1,2,11,29,True
15895,0,2,66960,0,1,11,32,True
15895,1,2,51442,0,1,29,32,True
15898,0,1,18556,-1,1,21,29,False
15898,0,2,44903,1,2,21,40,True
15898,1,2,13703,1,2,29,40,True
15912,0,1,30331,1,2,18,22,True
15912,0,2,7239,0,1,18,30,True
15912,1,2,25634,1,2,22,30,True
15918,0,1,22682,1,2,17,26,True
15918,0,2,23796,0,1,17,26,True
15918,1,2,5726,0,2,26,26,True
15925,0,1,30697,0,2,4,35,True
15925,0,2,33000,0,1,4,35,True
15925,1,2,70813,1,2,35,35,True
15953,0,1,45987,0,2,8,9,True
15953,0,2,46524,0,2,8,22,True
15953,1,2,24062,0,2,9,22,True
15955,0,1,56614,0,2,2,26,True
15955,0,2,44537,0,2,2,40,True
15955,1,2,57833,0,2,26,40,True
15974,0,1,14361,0,2,5,5,True
15974,0,2,13624,0,2,5,6,True
15974,1,2,13624,1,2,5,6,True
15977,0,1,28147,1,2,12,12,True
15977,0,2,4392,0,2,12,16,True
15977,1,2,7360,0,2,12,16,True
15984,0,1,60339,0,1,27,27,True
15984,0,2,57695,0,2,27,28,True
15984,1,2,57695,1,2,27,28,True
15985,0,1,53659,1,2,20,28,True
15985,0,2,53659,1,2,20,28,True
15985,1,2,61327,0,2,28,28,True
16009,0,1,18197,1,2,33,33,True
16009,0,2,19135,1,2,33,33,True
16009,1,2,21658,1,2,33,33,True
16020,0,1,43934,0,2,1,31,True
16020,0,2,71620,0,1,1,35,True
16020,1,2,71181,0,2,31,35,True
16029,0,1,46683,0,1,6,6,True
16029,0,2,47004,0,1,6,6,True
16029,1,2,47004,0,2,6,6,True
16073,0,1,61535,0,1,39,39,True
16073,0,2,61535,0,2,39,39,True
16073,1,2,61535,1,2,39,39,True
16084,0,1,18424,0,2,11,26,True
16084,0,2,68263,1,2,11,34,True
16084,1,2,2048,0,1,26,34,True
16087,0,1,64755,0,2,3,3,True
16087,0,2,64755,1,2,3,3,True
16087,1,2,65312,0,1,3,3,True
16094,0,1,31476,0,2,5,21,True
16094,0,2,17505,0,2,5,38,True
16094,1,2,59823,1,2,21,38,True
16095,0,1,64669,0,2,23,31,True
16095,0,2,64669,1,2,23,31,True
16095,1,2,6447,0,1,31,31,True
16107,0,1,40234,0,1,2,2,True
16107,0,2,31968,1,2,2,8,True
16107,1,2,32210,0,1,2,8,True
16110,0,1,51140,0,2,19,40,True
16110,0,2,52012,0,2,19,40,True
16110,1,2,32364,1,2,40,40,True
16133,0,1,15254,0,2,3,3,True
16133,0,2,50981,0,2,3,35,True
16133,1,2,55562,0,2,3,35,True
16135,0,1,54609,1,2,22,29,True
16135,0,2,38368,0,2,22,40,True
16135,1,2,63075,1,2,29,40,True
16148,0,1,17319,0,1,1,1,True
16148,0,2,33024,0,1,1,12,True
16148,1,2,33025,0,2,1,12,True
16149,0,1,71515,1,2,26,28,True
16149,0,2,552,1,2,26,29,True
16149,1,2,25536,1,2,28,29,True
16167,0,1,48606,1,2,27,35,True
16167,0,2,50415,1,2,27,35,True
16167,1,2,11499,1,2,35,35,True
16176,0,1,57424,0,1,12,25,True
16176,0,2,24499,0,2,12,31,True
16176,1,2,36305,0,2,25,31,True
16177,0,1,47121,0,2,20,20,True
16177,0,2,25730,0,2,20,36,True
16177,1,2,28354,1,2,20,36,True
16180,0,1,63460,0,1,17,20,True
16180,0,2,48532,0,1,17,24,True
16180,1,2,43335,0,1,20,24,True
16185,0,1,25386,1,2,34,34,True
16185,0,2,69170,1,2,34,35,True
16185,1,2,70487,1,2,34,35,True
16196,0,1,49577,0,1,8,8,True
16196,0,2,66226,0,1,8,21,True
16196,1,2,251,0,1,8,21,True
16197,0,1,51949,0,1,8,8,True
16197,0,2,9177,0,2,8,9,True
16197,1,2,10298,0,1,8,9,True
16200,0,1,15479,0,1,37,37,True
16200,0,2,16553,0,1,37,37,True
16200,1,2,16553,0,2,37,37,True
16224,0,1,43110,1,2,30,31,True
16224,0,2,22374,1,2,30,37,True
16224,1,2,22528,0,1,31,37,True
16250,0,1,41079,0,2,8,29,True
16250,0,2,59850,0,2,8,39,True
16250,1,2,27841,1,2,29,39,True
16251,0,1,70279,0,1,2,8,True
16251,0,2,95,-1,0,2,11,False
16251,1,2,12225,1,2,8,11,True
16259,0,1,47923,1,2,30,30,True
16259,0,2,48045,0,1,30,30,True
16259,1,2,48045,0,2,30,30,True
16288,0,1,32580,0,2,7,21,True
16288,0,2,17682,0,2,7,31,True
16288,1,2,19430,1,2,21,31,True
16302,0,1,8383,0,2,1,10,True
16302,0,2,9860,0,1,1,10,True
16302,1,2,48612,0,1,10,10,True
16307,0,1,53394,0,2,9,9,True
16307,0,2,6838,0,2,9,10,True
16307,1,2,6838,1,2,9,10,True
16310,0,1,19104,0,2,9,23,True
16310,0,2,47475,1,2,9,29,True
16310,1,2,55355,0,2,23,29,True
16318,0,1,9193,0,1,4,4,True
16318,0,2,70890,0,1,4,19,True
16318,1,2,228,0,2,4,19,True
16351,0,1,66314,0,2,11,23,True
16351,0,2,28607,0,1,11,40,True
16351,1,2,72483,1,2,23,40,True
16363,0,1,67721,0,1,11,11,True
16363,0,2,7586,0,1,11,12,True
16363,1,2,7877,0,1,11,12,True
16367,0,1,28809,0,1,3,3,True
16367,0,2,29936,1,2,3,3,True
16367,1,2,32075,0,1,3,3,True
16406,0,1,40198,0,2,6,35,True
16406,0,2,444,0,2,6,36,True
16406,1,2,35832,0,1,35,36,True
16411,0,1,27934,0,1,13,14,True
16411,0,2,34716,0,2,13,21,True
16411,1,2,16833,0,1,14,21,True
16420,0,1,67355,0,1,17,21,True
16420,0,2,30714,1,2,17,38,True
16420,1,2,1473,0,2,21,38,True
16424,0,1,53659,0,1,7,20,True
16424,0,2,68473,0,2,7,23,True
16424,1,2,27260,0,1,20,23,True
16434,0,1,54310,0,2,4,5,True
16434,0,2,51251,0,2,4,36,True
16434,1,2,7608,0,2,5,36,True
16443,0,1,28862,1,2,11,11,True
16443,0,2,41259,0,1,11,13,True
16443,1,2,46498,0,1,11,13,True
16448,0,1,41852,0,2,23,33,True
16448,0,2,59248,0,1,23,36,True
16448,1,2,42309,1,2,33,36,True
16457,0,1,69279,0,1,14,14,True
16457,0,2,69279,0,2,14,14,True
16457,1,2,69279,1,2,14,14,True
16459,0,1,8945,0,1,14,21,True
16459,0,2,40387,0,1,14,26,True
16459,1,2,45768,0,1,21,26,True
16470,0,1,59987,1,2,19,27,True
16470,0,2,1395,1,2,19,29,True
16470,1,2,69752,1,2,27,29,True
16498,0,1,27204,0,1,1,2,True
16498,0,2,21690,0,2,1,24,True
16498,1,2,44809,0,2,2,24,True
16515,0,1,42231,1,2,11,20,True
16515,0,2,35617,0,1,11,23,True
16515,1,2,51597,0,1,20,23,True
16525,0,1,36992,0,1,18,30,True
16525,0,2,56698,-1,1,18,37,False
16525,1,2,46653,1,2,30,37,True
16532,0,1,61875,1,2,3,4,True
16532,0,2,26362,0,1,3,6,True
16532,1,2,48811,0,1,4,6,True
16536,0,1,40750,1,2,28,28,True
16536,0,2,156,1,2,28,40,True
16536,1,2,6340,1,2,28,40,True
16539,0,1,35227,1,2,38,38,True
16539,0,2,36549,1,2,38,38,True
16539,1,2,37448,1,2,38,38,True
16548,0,1,40068,0,1,1,1,True
16548,0,2,11270,0,1,1,2,True
16548,1,2,12195,0,1,1,2,True
16553,0,1,30661,1,2,37,37,True
16553,0,2,31262,1,2,37,37,True
16553,1,2,31616,1,2,37,37,True
16567,0,1,31411,0,1,17,17,True
16567,0,2,42336,0,2,17,26,True
16567,1,2,42783,0,2,17,26,True
16572,0,1,19287,0,1,9,36,True
16572,0,2,40927,0,2,9,39,True
16572,1,2,46724,1,2,36,39,True
16584,0,1,16691,0,2,21,22,True
16584,0,2,16691,1,2,21,22,True
16584,1,2,40101,0,1,22,22,True
16587,0,1,6626,1,2,6,14,True
16587,0,2,23975,1,2,6,28,True
16587,1,2,39318,0,2,14,28,True
16588,0,1,402,1,2,33,33,True
16588,0,2,639,1,2,33,33,True
16588,1,2,1488,0,1,33,33,True
16598,0,1,71574,0,1,7,7,True
16598,0,2,72335,0,1,7,7,True
16598,1,2,429,0,1,7,7,True
16625,0,1,46276,0,1,1,1,True
16625,0,2,39183,-1,1,1,32,False
16625,1,2,39183,-1,2,1,32,False
16649,0,1,1065,0,1,4,4,True
16649,0,2,1065,0,2,4,4,True
16649,1,2,1065,1,2,4,4,True
16661,0,1,36220,1,2,32,32,True
16661,0,2,9771,0,2,32,39,True
16661,1,2,19190,1,2,32,39,True
16678,0,1,19996,0,1,38,38,True
16678,0,2,20036,0,1,38,38,True
16678,1,2,20036,0,2,38,38,True
16680,0,1,14841,0,1,24,26,True
16680,0,2,4685,0,2,24,39,True
16680,1,2,54368,0,2,26,39,True
16685,0,1,39169,0,2,23,24,True
16685,0,2,39423,0,2,23,24,True
16685,1,2,67155,0,2,24,24,True
16691,0,1,52139,1,2,21,21,True
16691,0,2,19999,0,2,21,22,True
16691,1,2,22373,0,2,21,22,True
16692,0,1,40864,0,2,3,10,True
16692,0,2,71432,0,2,3,29,True
16692,1,2,48746,0,1,10,29,True
16701,0,1,10494,1,2,24,24,True
16701,0,2,10818,0,1,24,24,True
16701,1,2,10818,0,2,24,24,True
16708,0,1,32374,0,2,28,29,True
16708,0,2,33224,1,2,28,29,True
16708,1,2,38496,1,2,29,29,True
16712,0,1,65854,0,2,19,26,True
16712,0,2,41536,0,1,19,27,True
16712,1,2,2288,1,2,26,27,True
16718,0,1,59905,-1,2,11,26,False
16718,0,2,56496,0,2,11,33,True
16718,1,2,4509,-1,2,26,33,False
16727,0,1,70792,1,2,38,39,True
16727,0,2,35405,1,2,38,40,True
16727,1,2,47988,1,2,39,40,True
16735,0,1,29549,0,1,34,34,True
16735,0,2,1423,1,2,34,37,True
16735,1,2,8304,0,2,34,37,True
16743,0,1,10456,0,1,8,10,True
16743,0,2,12700,1,2,8,26,True
16743,1,2,61336,0,2,10,26,True
16751,0,1,19064,1,2,12,22,True
16751,0,2,14815,1,2,12,34,True
16751,1,2,60820,1,2,22,34,True
16752,0,1,1510,0,1,4,27,True
16752,0,2,9347,0,2,4,32,True
16752,1,2,64110,1,2,27,32,True
16758,0,1,5801,0,1,13,13,True
16758,0,2,6712,0,1,13,13,True
16758,1,2,7599,0,1,13,13,True
16760,0,1,459,0,2,7,39,True
16760,0,2,2493,0,1,7,39,True
16760,1,2,53976,1,2,39,39,True
16763,0,1,58405,0,1,1,1,True
16763,0,2,61031,0,2,1,30,True
16763,1,2,63169,0,2,1,30,True
16779,0,1,33721,1,2,35,36,True
16779,0,2,34961,0,1,35,36,True
16779,1,2,46654,0,1,36,36,True
16782,0,1,40750,0,2,25,28,True
16782,0,2,43205,1,2,25,28,True
16782,1,2,1689,1,2,28,28,True
16800,0,1,8215,1,2,29,29,True
16800,0,2,13587,0,1,29,29,True
16800,1,2,32470,0,1,29,29,True
16810,0,1,30089,0,1,35,35,True
16810,0,2,30089,0,2,35,35,True
16810,1,2,30089,1,2,35,35,True
16827,0,1,59479,0,1,1,18,True
16827,0,2,39286,0,1,1,20,True
16827,1,2,62203,1,2,18,20,True
16830,0,1,51967,1,2,16,18,True
16830,0,2,52710,1,2,16,18,True
16830,1,2,47941,1,2,18,18,True
16833,0,1,30251,1,2,14,21,True
16833,0,2,22374,0,2,14,37,True
16833,1,2,50659,1,2,21,37,True
16836,0,1,39450,1,2,13,13,True
16836,0,2,18562,0,2,13,22,True
16836,1,2,18562,1,2,13,22,True
16846,0,1,43384,0,2,20,36,True
16846,0,2,43562,1,2,20,36,True
16846,1,2,4723,0,1,36,36,True
16851,0,1,61458,1,2,19,30,True
16851,0,2,64029,0,2,19,30,True
16851,1,2,70888,1,2,30,30,True
16852,0,1,71976,1,2,9,10,True
16852,0,2,57666,0,1,9,23,True
16852,1,2,40878,0,1,10,23,True
16862,0,1,55921,0,1,15,16,True
16862,0,2,58935,1,2,15,16,True
16862,1,2,55447,0,2,16,16,True
16875,0,1,63172,1,2,18,31,True
16875,0,2,6913,1,2,18,32,True
16875,1,2,48506,1,2,31,32,True
16893,0,1,35456,0,1,21,24,True
16893,0,2,36696,1,2,21,24,True
16893,1,2,10494,1,2,24,24,True
16927,0,1,10063,0,2,25,26,True
16927,0,2,10780,0,2,25,26,True
16927,1,2,22109,1,2,26,26,True
16929,0,1,54649,0,2,10,11,True
16929,0,2,51841,0,1,10,15,True
16929,1,2,42140,1,2,11,15,True
16933,0,1,1741,0,1,8,8,True
16933,0,2,56956,1,2,8,30,True
16933,1,2,59015,0,1,8,30,True
16934,0,1,62233,1,2,28,28,True
16934,0,2,69758,1,2,28,33,True
16934,1,2,4021,1,2,28,33,True
16940,0,1,66372,0,2,6,7,True
16940,0,2,69911,0,2,6,38,True
16940,1,2,19453,0,2,7,38,True
16952,0,1,61290,1,2,20,29,True
16952,0,2,43384,0,2,20,36,True
16952,1,2,37759,1,2,29,36,True
16962,0,1,20819,0,1,32,32,True
16962,0,2,20819,0,2,32,32,True
16962,1,2,20819,1,2,32,32,True
16980,0,1,63936,0,2,6,6,True
16980,0,2,63936,1,2,6,6,True
16980,1,2,64318,0,1,6,6,True
16983,0,1,26574,1,2,35,35,True
16983,0,2,26871,0,1,35,35,True
16983,1,2,26871,0,2,35,35,True
16998,0,1,26295,1,2,2,3,True
16998,0,2,26613,0,1,2,3,True
16998,1,2,63620,0,1,3,3,True
16999,0,1,47168,1,2,27,38,True
16999,0,2,47203,0,2,27,38,True
16999,1,2,69606,1,2,38,38,True
17006,0,1,39323,1,2,16,16,True
17006,0,2,37128,0,2,16,24,True
17006,1,2,37350,0,2,16,24,True
17009,0,1,62393,0,2,15,26,True
17009,0,2,758,0,2,15,26,True
17009,1,2,55073,0,2,26,26,True
17010,0,1,32792,1,2,15,21,True
17010,0,2,13538,1,2,15,22,True
17010,1,2,57811,0,1,21,22,True
17017,0,1,4967,1,2,21,21,True
17017,0,2,15274,0,1,21,22,True
17017,1,2,15438,0,1,21,22,True
17021,0,1,2753,1,2,18,40,True
17021,0,2,5361,1,2,18,40,True
17021,1,2,41688,1,2,40,40,True
17040,0,1,45557,0,2,1,2,True
17040,0,2,53423,0,1,1,15,True
17040,1,2,40766,0,1,2,15,True
17041,0,1,60310,0,2,2,21,True
17041,0,2,68007,0,1,2,21,True
17041,1,2,49712,0,2,21,21,True
17042,0,1,70876,1,2,7,18,True
17042,0,2,49143,0,2,7,40,True
17042,1,2,40422,1,2,18,40,True
17047,0,1,17279,1,2,6,6,True
17047,0,2,6253,0,1,6,15,True
17047,1,2,7416,0,2,6,15,True
17053,0,1,34487,0,1,2,3,True
17053,0,2,58361,1,2,2,36,True
17053,1,2,19370,0,1,3,36,True
17059,0,1,16760,1,2,39,39,True
17059,0,2,35453,1,2,39,40,True
17059,1,2,35939,0,1,39,40,True
17060,0,1,65282,1,2,21,26,True
17060,0,2,6900,0,2,21,27,True
17060,1,2,47168,0,1,26,27,True
17063,0,1,34425,1,2,23,27,True
17063,0,2,33793,0,2,23,38,True
17063,1,2,38021,0,2,27,38,True
17066,0,1,44887,0,1,28,28,True
17066,0,2,25942,1,2,28,35,True
17066,1,2,27582,1,2,28,35,True
17074,0,1,10831,0,2,20,20,True
17074,0,2,25536,0,2,20,29,True
17074,1,2,41425,0,1,20,29,True
17075,0,1,13738,1,2,2,15,True
17075,0,2,68013,0,1,2,29,True
17075,1,2,28925,0,2,15,29,True
17076,0,1,11548,0,2,3,17,True
17076,0,2,58591,0,1,3,24,True
17076,1,2,48532,0,1,17,24,True
17080,0,1,61847,1,2,14,24,True
17080,0,2,69870,0,2,14,27,True
17080,1,2,55579,1,2,24,27,True
17096,0,1,58403,0,2,3,4,True
17096,0,2,45227,0,2,3,37,True
17096,1,2,36495,0,2,4,37,True
17101,0,1,56102,1,2,24,33,True
17101,0,2,9673,0,2,24,34,True
17101,1,2,10349,1,2,33,34,True
17104,0,1,35490,0,1,9,9,True
17104,0,2,35592,0,1,9,9,True
17104,1,2,37868,0,1,9,9,True
17107,0,1,21366,0,1,25,25,True
17107,0,2,21366,0,2,25,25,True
17107,1,2,21366,1,2,25,25,True
17108,0,1,25441,0,2,19,20,True
17108,0,2,25441,1,2,19,20,True
17108,1,2,29923,0,2,20,20,True
17110,0,1,32049,1,2,19,29,True
17110,0,2,70283,0,2,19,30,True
17110,1,2,63595,0,1,29,30,True
17116,0,1,66127,1,2,5,34,True
17116,0,2,68199,0,2,5,34,True
17116,1,2,44634,1,2,34,34,True
17154,0,1,24529,0,1,28,28,True
17154,0,2,24529,0,2,28,28,True
17154,1,2,24529,1,2,28,28,True
17165,0,1,58422,1,2,1,21,True
17165,0,2,22057,0,2,1,35,True
17165,1,2,38150,0,2,21,35,True
17215,0,1,39450,0,2,13,13,True
17215,0,2,32308,0,1,13,14,True
17215,1,2,33903,1,2,13,14,True
17220,0,1,66374,0,2,20,21,True
17220,0,2,59265,0,2,20,22,True
17220,1,2,62175,1,2,21,22,True
17223,0,1,37157,0,2,6,11,True
17223,0,2,41826,0,2,6,21,True
17223,1,2,51338,0,2,11,21,True
17242,0,1,38875,0,2,7,14,True
17242,0,2,43046,0,1,7,14,True
17242,1,2,17410,1,2,14,14,True
17263,0,1,61766,1,2,21,21,True
17263,0,2,69610,1,2,21,22,True
17263,1,2,69908,1,2,21,22,True
17265,0,1,21394,0,1,3,3,True
17265,0,2,21715,0,1,3,3,True
17265,1,2,22120,0,1,3,3,True
17279,0,1,47671,0,2,6,6,True
17279,0,2,47671,1,2,6,6,True
17279,1,2,47884,0,1,6,6,True
17296,0,1,53145,0,2,6,22,True
17296,0,2,63480,0,2,6,29,True
17296,1,2,55854,0,2,22,29,True
17300,0,1,62548,0,2,4,12,True
17300,0,2,61946,0,2,4,36,True
17300,1,2,25823,0,2,12,36,True
17303,0,1,68383,0,1,1,3,True
17303,0,2,61881,0,2,1,15,True
17303,1,2,57184,0,1,3,15,True
17304,0,1,55930,0,2,1,6,True
17304,0,2,46857,0,1,1,11,True
17304,1,2,33445,0,2,6,11,True
17319,0,1,7142,0,1,1,1,True
17319,0,2,7142,0,2,1,1,True
17319,1,2,7142,1,2,1,1,True
17320,0,1,52248,0,2,24,29,True
17320,0,2,55125,0,2,24,29,True
17320,1,2,14310,0,1,29,29,True
17333,0,1,43637,0,1,25,35,True
17333,0,2,43637,0,2,25,35,True
17333,1,2,16810,0,2,35,35,True
17344,0,1,54272,1,2,39,40,True
17344,0,2,55299,1,2,39,40,True
17344,1,2,28990,1,2,40,40,True
17361,0,1,35584,0,2,10,20,True
17361,0,2,3685,0,2,10,32,True
17361,1,2,10606,1,2,20,32,True
17372,0,1,37769,0,2,33,34,True
17372,0,2,37769,1,2,33,34,True
17372,1,2,3776,1,2,34,34,True
17373,0,1,41052,1,2,25,25,True
17373,0,2,41516,0,1,25,25,True
17373,1,2,41516,0,2,25,25,True
17386,0,1,31646,1,2,12,12,True
17386,0,2,43966,1,2,12,37,True
17386,1,2,69225,0,1,12,37,True
17401,0,1,6881,1,2,26,26,True
17401,0,2,46943,1,2,26,40,True
17401,1,2,55406,1,2,26,40,True
17407,0,1,20635,1,2,7,40,True
17407,0,2,23123,0,1,7,40,True
17407,1,2,59393,1,2,40,40,True
17410,0,1,10589,1,2,14,14,True
17410,0,2,13286,0,1,14,14,True
17410,1,2,13286,0,2,14,14,True
17426,0,1,6406,1,2,11,26,True
17426,0,2,69463,1,2,11,31,True
17426,1,2,39391,1,2,26,31,True
17427,0,1,15879,0,1,3,3,True
17427,0,2,16087,0,1,3,3,True
17427,1,2,16087,0,2,3,3,True
17429,0,1,59672,0,2,2,13,True
17429,0,2,17748,0,1,2,30,True
17429,1,2,45461,0,2,13,30,True
17441,0,1,38891,1,2,26,29,True
17441,0,2,32931,1,2,26,34,True
17441,1,2,52313,1,2,29,34,True
17471,0,1,48461,1,2,38,38,True
17471,0,2,48701,1,2,38,38,True
17471,1,2,48922,1,2,38,38,True
17476,0,1,28454,0,2,8,8,True
17476,0,2,28454,1,2,8,8,True
17476,1,2,29192,0,1,8,8,True
17497,0,1,61947,0,1,1,25,True
17497,0,2,68135,0,1,1,25,True
17497,1,2,23072,0,1,25,25,True
17504,0,1,36480,1,2,4,26,True
17504,0,2,7223,1,2,4,40,True
17504,1,2,17401,1,2,26,40,True
17505,0,1,24689,0,1,5,7,True
17505,0,2,19128,0,2,5,38,True
17505,1,2,4215,0,2,7,38,True
17509,0,1,25972,0,1,10,20,True
17509,0,2,61766,0,1,10,21,True
17509,1,2,66374,0,1,20,21,True
17513,0,1,28832,1,2,11,11,True
17513,0,2,9942,0,2,11,17,True
17513,1,2,10054,0,2,11,17,True
17517,0,1,62331,1,2,20,35,True
17517,0,2,64282,0,2,20,36,True
17517,1,2,2914,0,1,35,36,True
17529,0,1,46569,0,1,6,7,True
17529,0,2,31365,0,2,6,21,True
17529,1,2,60322,0,2,7,21,True
17559,0,1,32754,0,1,10,18,True
17559,0,2,10576,0,2,10,38,True
17559,1,2,35636,0,2,18,38,True
17587,0,1,39766,0,1,12,12,True
17587,0,2,42504,0,1,12,36,True
17587,1,2,43822,0,2,12,36,True
17598,0,1,65647,0,2,5,8,True
17598,0,2,59917,0,2,5,12,True
17598,1,2,2429,0,1,8,12,True
17600,0,1,46969,0,1,25,25,True
17600,0,2,46969,0,2,25,25,True
17600,1,2,46969,1,2,25,25,True
17602,0,1,55758,0,1,21,21,True
17602,0,2,56668,0,1,21,21,True
17602,1,2,56747,1,2,21,21,True
17604,0,1,9449,0,1,13,29,True
17604,0,2,59018,0,2,13,38,True
17604,1,2,60856,1,2,29,38,True
17605,0,1,66209,0,1,18,39,True
17605,0,2,66209,0,2,18,39,True
17605,1,2,35600,1,2,39,39,True
17619,0,1,67573,1,2,4,5,True
17619,0,2,33930,0,1,4,35,True
17619,1,2,6461,0,2,5,35,True
17623,0,1,2882,1,2,31,32,True
17623,0,2,5402,0,2,31,34,True
17623,1,2,25047,1,2,32,34,True
17636,0,1,25032,1,2,14,14,True
17636,0,2,31017,0,2,14,15,True
17636,1,2,31017,1,2,14,15,True
17637,0,1,34443,1,2,34,34,True
17637,0,2,65147,0,1,34,40,True
17637,1,2,65147,0,2,34,40,True
17651,0,1,53445,0,1,13,13,True
17651,0,2,20380,1,2,13,28,True
17651,1,2,20380,1,2,13,28,True
17658,0,1,20086,0,1,8,8,True
17658,0,2,39591,0,2,8,16,True
17658,1,2,41079,0,1,8,16,True
17666,0,1,68515,0,2,10,39,True
17666,0,2,6338,0,1,10,39,True
17666,1,2,54145,1,2,39,39,True
17668,0,1,9095,0,2,1,9,True
17668,0,2,72443,0,2,1,25,True
17668,1,2,31389,0,2,9,25,True
17681,0,1,3585,0,1,1,1,True
17681,0,2,4695,0,2,1,40,True
17681,1,2,5033,0,2,1,40,True
17682,0,1,27460,0,1,7,15,True
17682,0,2,43469,1,2,7,31,True
17682,1,2,53569,0,2,15,31,True
17690,0,1,43559,1,2,7,7,True
17690,0,2,9774,0,2,7,30,True
17690,1,2,19602,0,2,7,30,True
17694,0,1,67568,1,2,15,18,True
17694,0,2,69890,1,2,15,27,True
17694,1,2,26021,0,2,18,27,True
17709,0,1,43241,0,2,17,36,True
17709,0,2,59292,1,2,17,37,True
17709,1,2,38107,0,2,36,37,True
17713,0,1,63964,0,2,11,12,True
17713,0,2,3869,0,2,11,24,True
17713,1,2,54935,0,1,12,24,True
17714,0,1,23072,0,1,25,25,True
17714,0,2,27832,0,2,25,26,True
17714,1,2,28178,0,2,25,26,True
17716,0,1,64244,0,2,10,15,True
17716,0,2,24050,1,2,10,28,True
17716,1,2,8131,0,2,15,28,True
17742,0,1,61273,0,1,10,11,True
17742,0,2,60991,0,2,10,37,True
17742,1,2,32343,0,2,11,37,True
17745,0,1,67531,0,2,15,36,True
17745,0,2,19040,0,2,15,36,True
17745,1,2,28146,0,1,36,36,True
17748,0,1,33277,0,2,2,30,True
17748,0,2,17947,0,2,2,39,True
17748,1,2,46669,1,2,30,39,True
17750,0,1,68590,0,2,31,32,True
17750,0,2,19135,0,2,31,33,True
17750,1,2,13942,1,2,32,33,True
17753,0,1,71034,0,1,7,10,True
17753,0,2,20532,1,2,7,31,True
17753,1,2,68874,0,2,10,31,True
17755,0,1,7002,1,2,22,35,True
17755,0,2,28990,0,1,22,40,True
17755,1,2,69418,0,1,35,40,True
17787,0,1,22233,0,1,15,17,True
17787,0,2,10659,1,2,15,34,True
17787,1,2,32388,0,2,17,34,True
17788,0,1,7360,0,2,12,16,True
17788,0,2,16751,0,1,12,22,True
17788,1,2,30331,0,2,16,22,True
17791,0,1,22753,0,1,9,9,True
17791,0,2,46818,0,2,9,36,True
17791,1,2,51312,0,2,9,36,True
17795,0,1,22452,-1,1,1,17,False
17795,0,2,40798,-1,2,1,35,False
17795,1,2,40990,-1,2,17,35,False
17799,0,1,44072,0,2,10,26,True
17799,0,2,38366,0,2,10,38,True
17799,1,2,65034,1,2,26,38,True
17815,0,1,40234,1,2,2,2,True
17815,0,2,41394,0,1,2,2,True
17815,1,2,43118,0,1,2,2,True
17825,0,1,44263,1,2,2,2,True
17825,0,2,45988,0,1,2,2,True
17825,1,2,45988,0,2,2,2,True
17841,0,1,72480,1,2,2,30,True
17841,0,2,21405,0,1,2,38,True
17841,1,2,25620,0,2,30,38,True
17843,0,1,45987,0,2,8,9,True
17843,0,2,41924,0,2,8,20,True
17843,1,2,55876,1,2,9,20,True
17850,0,1,35617,0,1,11,23,True
17850,0,2,35617,0,2,11,23,True
17850,1,2,24232,0,1,23,23,True
17864,0,1,68040,1,2,2,7,True
17864,0,2,20631,0,2,2,21,True
17864,1,2,34456,0,1,7,21,True
17865,0,1,39793,0,2,17,34,True
17865,0,2,39793,0,1,17,34,True
17865,1,2,70372,1,2,34,34,True
17867,0,1,9423,0,1,25,25,True
17867,0,2,19439,0,1,25,29,True
17867,1,2,19439,0,2,25,29,True
17873,0,1,20992,1,2,10,15,True
17873,0,2,61336,1,2,10,26,True
17873,1,2,46137,1,2,15,26,True
17877,0,1,69472,1,2,7,15,True
17877,0,2,71034,0,2,7,15,True
17877,1,2,41152,0,2,15,15,True
17896,0,1,16148,0,1,1,1,True
17896,0,2,72895,0,2,1,37,True
17896,1,2,6124,0,1,1,37,True
17912,0,1,13224,0,1,8,9,True
17912,0,2,19301,1,2,8,28,True
17912,1,2,54906,0,1,9,28,True
17936,0,1,68590,0,2,31,32,True
17936,0,2,69355,0,1,31,32,True
17936,1,2,44812,1,2,32,32,True
17946,0,1,28309,0,1,2,27,True
17946,0,2,58988,-1,1,2,28,False
17946,1,2,35613,0,1,27,28,True
17947,0,1,12861,1,2,2,2,True
17947,0,2,12724,0,2,2,39,True
17947,1,2,17748,0,2,2,39,True
17949,0,1,61719,0,2,10,10,True
17949,0,2,23520,0,2,10,33,True
17949,1,2,23520,1,2,10,33,True
17952,0,1,32142,0,2,1,40,True
17952,0,2,32188,0,2,1,40,True
17952,1,2,66345,1,2,40,40,True
17956,0,1,33748,0,1,1,40,True
17956,0,2,33748,0,2,1,40,True
17956,1,2,67035,0,2,40,40,True
17959,0,1,16685,1,2,24,24,True
17959,0,2,46301,0,1,24,38,True
17959,1,2,46301,0,2,24,38,True
17967,0,1,46261,1,2,5,5,True
17967,0,2,31000,0,1,5,11,True
17967,1,2,35877,0,2,5,11,True
17970,0,1,41358,0,1,7,25,True
17970,0,2,24422,1,2,7,32,True
17970,1,2,31012,1,2,25,32,True
17987,0,1,45987,0,1,8,8,True
17987,0,2,48655,0,1,8,8,True
17987,1,2,56629,0,1,8,8,True
17996,0,1,31245,0,1,2,2,True
17996,0,2,34633,1,2,2,3,True
17996,1,2,35521,0,1,2,3,True
17999,0,1,33491,0,1,16,21,True
17999,0,2,40959,0,2,16,21,True
17999,1,2,65169,1,2,21,21,True
18011,0,1,11461,0,1,6,7,True
18011,0,2,14417,1,2,6,7,True
18011,1,2,14858,1,2,7,7,True
18019,0,1,2821,0,1,17,18,True
18019,0,2,3355,0,2,17,18,True
18019,1,2,34704,0,1,18,18,True
18020,0,1,55029,1,2,11,21,True
18020,0,2,22052,1,2,11,31,True
18020,1,2,44991,0,2,21,31,True
18028,0,1,29936,1,2,3,3,True
18028,0,2,41528,1,2,3,4,True
18028,1,2,42764,0,2,3,4,True
18034,0,1,24441,0,2,33,33,True
18034,0,2,24441,1,2,33,33,True
18034,1,2,24762,0,1,33,33,True
18039,0,1,5594,0,1,1,1,True
18039,0,2,45842,0,1,1,26,True
18039,1,2,50282,0,2,1,26,True
18040,0,1,3097,0,1,23,26,True
18040,0,2,22788,1,2,23,28,True
18040,1,2,45842,1,2,26,28,True
18047,0,1,17841,0,1,2,30,True
18047,0,2,23401,0,2,2,30,True
18047,1,2,64956,1,2,30,30,True
18056,0,1,60302,1,2,37,37,True
18056,0,2,60579,0,1,37,37,True
18056,1,2,60579,0,2,37,37,True
18067,0,1,13299,0,1,1,36,True
18067,0,2,7160,0,2,1,40,True
18067,1,2,57578,1,2,36,40,True
18082,0,1,36430,0,2,9,10,True
18082,0,2,34695,1,2,9,21,True
18082,1,2,13555,1,2,10,21,True
18085,0,1,12732,0,1,13,13,True
18085,0,2,27934,0,1,13,14,True
18085,1,2,28193,0,1,13,14,True
18092,0,1,18427,0,2,2,16,True
18092,0,2,26331,0,2,2,16,True
18092,1,2,26131,0,2,16,16,True
18094,0,1,53740,1,2,15,33,True
18094,0,2,8837,1,2,15,34,True
18094,1,2,1469,1,2,33,34,True
18098,0,1,63014,0,2,31,31,True
18098,0,2,27206,1,2,31,32,True
18098,1,2,27524,1,2,31,32,True
18099,0,1,67046,0,2,5,32,True
18099,0,2,7705,0,1,5,32,True
18099,1,2,36220,1,2,32,32,True
18102,0,1,5727,1,2,25,27,True
18102,0,2,8137,1,2,25,27,True
18102,1,2,45255,1,2,27,27,True
18109,0,1,53546,0,2,22,22,True
18109,0,2,41103,0,2,22,35,True
18109,1,2,42096,0,1,22,35,True
18115,0,1,58252,0,2,26,26,True
18115,0,2,60707,-1,2,26,30,False
18115,1,2,61868,-1,1,26,30,False
18116,0,1,22842,0,2,35,35,True
18116,0,2,66266,1,2,35,36,True
18116,1,2,67026,1,2,35,36,True
18120,0,1,68884,0,1,7,32,True
18120,0,2,68884,0,2,7,32,True
18120,1,2,45970,0,1,32,32,True
18121,0,1,22310,1,2,13,13,True
18121,0,2,54049,0,2,13,25,True
18121,1,2,55843,0,2,13,25,True
18124,0,1,48076,0,2,6,35,True
18124,0,2,6709,0,2,6,36,True
18124,1,2,20988,0,1,35,36,True
18131,0,1,63055,0,1,17,17,True
18131,0,2,68234,1,2,17,19,True
18131,1,2,69254,0,1,17,19,True
18152,0,1,65352,0,1,4,21,True
18152,0,2,33520,0,2,4,29,True
18152,1,2,32609,0,1,21,29,True
18156,0,1,46211,0,1,5,5,True
18156,0,2,68199,0,2,5,34,True
18156,1,2,69170,0,1,5,34,True
18159,0,1,26749,0,1,39,39,True
18159,0,2,26749,0,2,39,39,True
18159,1,2,26749,1,2,39,39,True
18163,0,1,13141,0,1,8,9,True
18163,0,2,61843,0,1,8,36,True
18163,1,2,43095,1,2,9,36,True
18170,0,1,49475,0,2,9,23,True
18170,0,2,49475,0,2,9,23,True
18170,1,2,56873,0,1,23,23,True
18179,0,1,22450,0,1,14,14,True
18179,0,2,46353,0,2,14,32,True
18179,1,2,48344,0,1,14,32,True
18185,0,1,36918,0,2,6,23,True
18185,0,2,50473,1,2,6,24,True
18185,1,2,7727,0,1,23,24,True
18186,0,1,51384,0,2,10,25,True
18186,0,2,66644,1,2,10,40,True
18186,1,2,22131,0,1,25,40,True
18193,0,1,70124,0,1,1,1,True
18193,0,2,41708,0,1,1,16,True
18193,1,2,41708,0,2,1,16,True
18195,0,1,23100,1,2,10,10,True
18195,0,2,26334,0,2,10,32,True
18195,1,2,31012,0,2,10,32,True
18197,0,1,26200,0,2,33,33,True
18197,0,2,26200,1,2,33,33,True
18197,1,2,26736,0,1,33,33,True
18208,0,1,50541,1,2,18,18,True
18208,0,2,51011,1,2,18,18,True
18208,1,2,51166,0,1,18,18,True
18232,0,1,42547,1,2,8,34,True
18232,0,2,2640,0,2,8,36,True
18232,1,2,3336,1,2,34,36,True
18238,0,1,6501,0,2,9,10,True
18238,0,2,35335,0,2,9,36,True
18238,1,2,14472,1,2,10,36,True
18239,0,1,41611,1,2,13,36,True
18239,0,2,42216,0,1,13,36,True
18239,1,2,19974,0,2,36,36,True
18240,0,1,2598,1,2,8,40,True
18240,0,2,7079,0,1,8,40,True
18240,1,2,30883,0,2,40,40,True
18249,0,1,44555,1,2,5,19,True
18249,0,2,68297,1,2,5,22,True
18249,1,2,14629,1,2,19,22,True
18256,0,1,52169,0,1,17,17,True
18256,0,2,22790,0,2,17,33,True
18256,1,2,30186,0,1,17,33,True
18266,0,1,63687,1,2,24,34,True
18266,0,2,49175,1,2,24,35,True
18266,1,2,29614,1,2,34,35,True
18294,0,1,66644,0,1,10,10,True
18294,0,2,69507,1,2,10,10,True
18294,1,2,69559,0,1,10,10,True
18312,0,1,30107,0,2,20,27,True
18312,0,2,3082,0,2,20,37,True
18312,1,2,56647,0,2,27,37,True
18315,0,1,32385,0,2,14,32,True
18315,0,2,53671,0,1,14,35,True
18315,1,2,59392,1,2,32,35,True
18318,0,1,51937,0,2,2,3,True
18318,0,2,52563,0,1,2,20,True
18318,1,2,37842,0,2,3,20,True
18334,0,1,26359,1,2,27,30,True
18334,0,2,27041,0,1,27,30,True
18334,1,2,43712,1,2,30,30,True
18338,0,1,6838,0,2,9,10,True
18338,0,2,12797,0,2,9,14,True
18338,1,2,24288,1,2,10,14,True
18365,0,1,27809,0,2,8,24,True
18365,0,2,47163,1,2,8,32,True
18365,1,2,67046,1,2,24,32,True
18367,0,1,45065,0,1,9,9,True
18367,0,2,70112,0,1,9,39,True
18367,1,2,70112,0,2,9,39,True
18373,0,1,25172,0,2,19,36,True
18373,0,2,25916,0,1,19,36,True
18373,1,2,4457,0,2,36,36,True
18381,0,1,5465,0,1,12,23,True
18381,0,2,16176,0,1,12,25,True
18381,1,2,67919,1,2,23,25,True
18402,0,1,59672,1,2,13,13,True
18402,0,2,60626,0,1,13,13,True
18402,1,2,61880,0,1,13,13,True
18404,0,1,26900,1,2,27,36,True
18404,0,2,12213,0,2,27,37,True
18404,1,2,11098,0,2,36,37,True
18413,0,1,55384,0,1,4,4,True
18413,0,2,63034,0,1,4,30,True
18413,1,2,63034,0,2,4,30,True
18415,0,1,17636,0,2,14,15,True
18415,0,2,17636,1,2,14,15,True
18415,1,2,49911,1,2,15,15,True
18424,0,1,17850,0,2,11,23,True
18424,0,2,62879,0,2,11,26,True
18424,1,2,4950,1,2,23,26,True
18427,0,1,31245,0,2,2,4,True
18427,0,2,28816,0,2,2,16,True
18427,1,2,69704,0,1,4,16,True
18430,0,1,9942,0,2,11,17,True
18430,0,2,68263,1,2,11,34,True
18430,1,2,54976,0,2,17,34,True
18433,0,1,26701,0,1,23,36,True
18433,0,2,26701,0,2,23,36,True
18433,1,2,31569,1,2,36,36,True
18436,0,1,47509,0,1,36,36,True
18436,0,2,48656,0,1,36,36,True
18436,1,2,48656,0,2,36,36,True
18453,0,1,38715,0,1,3,28,True
18453,0,2,62654,0,1,3,29,True
18453,1,2,67880,0,1,28,29,True
18468,0,1,21981,0,2,1,13,True
18468,0,2,28710,0,2,1,13,True
18468,1,2,13975,0,1,13,13,True
18470,0,1,4221,1,2,16,25,True
18470,0,2,5274,0,1,16,25,True
18470,1,2,66673,0,1,25,25,True
18476,0,1,67388,0,1,12,31,True
18476,0,2,70558,0,2,12,32,True
18476,1,2,69355,0,2,31,32,True
18486,0,1,43929,0,1,27,35,True
18486,0,2,48606,1,2,27,35,True
18486,1,2,16810,1,2,35,35,True
18490,0,1,33466,1,2,6,6,True
18490,0,2,34368,0,1,6,6,True
18490,1,2,35362,0,1,6,6,True
18492,0,1,63727,0,2,1,16,True
18492,0,2,63244,0,2,1,23,True
18492,1,2,41397,1,2,16,23,True
18496,0,1,38738,1,2,30,30,True
18496,0,2,12346,0,1,30,35,True
18496,1,2,12536,1,2,30,35,True
18502,0,1,32311,0,1,2,17,True
18502,0,2,69752,0,2,2,29,True
18502,1,2,66928,0,1,17,29,True
18506,0,1,68590,1,2,32,32,True
18506,0,2,68884,1,2,32,32,True
18506,1,2,69355,1,2,32,32,True
18556,0,1,12386,0,2,1,29,True
18556,0,2,47125,1,2,1,31,True
18556,1,2,61868,-1,2,29,31,False
18562,0,1,47164,1,2,13,13,True
18562,0,2,47495,1,2,13,22,True
18562,1,2,51224,0,2,13,22,True
18569,0,1,20767,0,2,10,37,True
18569,0,2,11118,0,2,10,38,True
18569,1,2,43258,1,2,37,38,True
18573,0,1,22460,0,2,1,38,True
18573,0,2,31927,0,2,1,38,True
18573,1,2,49935,1,2,38,38,True
18587,0,1,61857,0,1,24,32,True
18587,0,2,49754,1,2,24,36,True
18587,1,2,22377,1,2,32,36,True
18590,0,1,28680,0,2,1,40,True
18590,0,2,30605,0,2,1,40,True
18590,1,2,28990,1,2,40,40,True
18601,0,1,23236,0,2,9,13,True
18601,0,2,24172,0,1,9,13,True
18601,1,2,63344,0,1,13,13,True
18605,0,1,59810,1,2,37,37,True
18605,0,2,31326,1,2,37,38,True
18605,1,2,31332,1,2,37,38,True
18648,0,1,1948,0,2,2,37,True
18648,0,2,7290,0,2,2,38,True
18648,1,2,48882,0,1,37,38,True
18649,0,1,15840,1,2,6,6,True
18649,0,2,47666,0,2,6,7,True
18649,1,2,47666,1,2,6,7,True
18656,0,1,10449,0,2,1,32,True
18656,0,2,22564,0,2,1,33,True
18656,1,2,46812,1,2,32,33,True
18677,0,1,28908,0,2,23,27,True
18677,0,2,69303,0,2,23,30,True
18677,1,2,12213,0,1,27,30,True
18698,0,1,43626,0,2,8,21,True
18698,0,2,49582,0,1,8,21,True
18698,1,2,54255,0,2,21,21,True
18699,0,1,5537,0,2,1,14,True
18699,0,2,6115,0,2,1,38,True
18699,1,2,34511,1,2,14,38,True
18712,0,1,71030,0,1,13,14,True
18712,0,2,50786,0,2,13,15,True
18712,1,2,2185,0,1,14,15,True
18736,0,1,56600,0,2,39,39,True
18736,0,2,56600,1,2,39,39,True
18736,1,2,57291,1,2,39,39,True
18738,0,1,25863,0,1,16,17,True
18738,0,2,26048,0,2,16,24,True
18738,1,2,58921,1,2,17,24,True
18740,0,1,26943,0,1,16,17,True
18740,0,2,37709,0,1,16,22,True
18740,1,2,56164,0,2,17,22,True
18741,0,1,63472,0,1,1,7,True
18741,0,2,70856,0,1,1,14,True
18741,1,2,58634,0,2,7,14,True
18745,0,1,63851,0,1,2,3,True
18745,0,2,34781,0,1,2,6,True
18745,1,2,41032,0,1,3,6,True
18763,0,1,418,0,1,34,34,True
18763,0,2,1078,1,2,34,34,True
18763,1,2,2048,1,2,34,34,True
18764,0,1,27059,0,1,3,3,True
18764,0,2,14106,0,2,3,31,True
18764,1,2,19829,0,2,3,31,True
18771,0,1,60420,1,2,11,16,True
18771,0,2,62879,0,1,11,16,True
18771,1,2,58362,0,1,16,16,True
18782,0,1,67893,0,2,28,29,True
18782,0,2,70960,1,2,28,29,True
18782,1,2,60790,0,2,29,29,True
18785,0,1,41427,0,1,14,14,True
18785,0,2,34931,0,1,14,21,True
18785,1,2,34931,0,2,14,21,True
18790,0,1,61011,1,2,9,12,True
18790,0,2,15497,0,1,9,33,True
18790,1,2,49153,0,2,12,33,True
18797,0,1,38889,1,2,30,34,True
18797,0,2,70759,1,2,30,37,True
18797,1,2,55484,0,2,34,37,True
18829,0,1,1515,0,1,18,36,True
18829,0,2,54415,0,2,18,37,True
18829,1,2,56166,0,2,36,37,True
18835,0,1,17047,0,1,6,6,True
18835,0,2,11461,0,1,6,7,True
18835,1,2,14417,1,2,6,7,True
18838,0,1,45307,0,1,5,22,True
18838,0,2,51609,0,2,5,25,True
18838,1,2,28617,1,2,22,25,True
18854,0,1,4470,0,1,27,28,True
18854,0,2,4470,0,2,27,28,True
18854,1,2,72733,1,2,28,28,True
18858,0,1,17509,0,1,10,20,True
18858,0,2,8627,0,2,10,21,True
18858,1,2,24046,1,2,20,21,True
18860,0,1,28410,0,1,12,15,True
18860,0,2,1352,0,2,12,21,True
18860,1,2,28582,1,2,15,21,True
18867,0,1,67573,1,2,4,5,True
18867,0,2,969,1,2,4,22,True
18867,1,2,63069,0,1,5,22,True
18887,0,1,63887,0,2,1,7,True
18887,0,2,38636,0,1,1,13,True
18887,1,2,26457,0,2,7,13,True
18888,0,1,19593,-1,2,3,32,False
18888,0,2,22215,0,2,3,37,True
18888,1,2,38887,1,2,32,37,True
18894,0,1,68042,0,1,25,28,True
18894,0,2,61885,1,2,25,29,True
18894,1,2,22159,1,2,28,29,True
18900,0,1,912,0,2,6,29,True
18900,0,2,4250,1,2,6,30,True
18900,1,2,15009,0,1,29,30,True
18912,0,1,69698,1,2,25,25,True
18912,0,2,4819,0,2,25,26,True
18912,1,2,4819,1,2,25,26,True
18918,0,1,21788,0,1,12,20,True
18918,0,2,71835,0,1,12,33,True
18918,1,2,59849,0,2,20,33,True
18930,0,1,40225,0,1,12,36,True
18930,0,2,41739,0,2,12,36,True
18930,1,2,24318,1,2,36,36,True
18938,0,1,52476,0,2,8,8,True
18938,0,2,58670,0,1,8,17,True
18938,1,2,58670,0,2,8,17,True
18951,0,1,56111,0,1,38,38,True
18951,0,2,50842,0,1,38,39,True
18951,1,2,51395,1,2,38,39,True
18952,0,1,66899,0,2,2,2,True
18952,0,2,50827,0,2,2,25,True
18952,1,2,57672,0,2,2,25,True
18960,0,1,59470,0,1,4,9,True
18960,0,2,33990,-1,2,4,14,False
18960,1,2,24062,0,1,9,14,True
18966,0,1,13,1,2,24,24,True
18966,0,2,17080,1,2,24,27,True
18966,1,2,25595,0,1,24,27,True
18978,0,1,50659,0,1,20,21,True
18978,0,2,51542,0,1,20,21,True
18978,1,2,20562,0,1,21,21,True
18979,0,1,66689,0,1,9,14,True
18979,0,2,2337,0,2,9,36,True
18979,1,2,57735,0,2,14,36,True
18989,0,1,42121,0,1,15,17,True
18989,0,2,30829,0,1,15,31,True
18989,1,2,32024,0,1,17,31,True
19007,0,1,8796,0,1,13,23,True
19007,0,2,398,1,2,13,27,True
19007,1,2,17063,0,1,23,27,True
19010,0,1,35919,0,2,1,39,True
19010,0,2,47674,0,2,1,40,True
19010,1,2,50842,1,2,39,40,True
19014,0,1,22199,0,1,3,10,True
19014,0,2,33946,0,2,3,30,True
19014,1,2,62647,1,2,10,30,True
19026,0,1,23530,0,1,22,22,True
19026,0,2,31666,1,2,22,23,True
19026,1,2,33495,0,1,22,23,True
19027,0,1,10314,0,2,5,6,True
19027,0,2,38047,0,2,5,17,True
19027,1,2,35575,0,1,6,17,True
19040,0,1,25874,0,2,15,15,True
19040,0,2,20596,1,2,15,36,True
19040,1,2,22133,0,2,15,36,True
19058,0,1,33918,1,2,2,8,True
19058,0,2,35152,1,2,2,31,True
19058,1,2,36841,1,2,8,31,True
19064,0,1,69512,0,1,12,12,True
19064,0,2,50719,0,1,12,22,True
19064,1,2,50719,0,2,12,22,True
19069,0,1,37920,0,2,25,26,True
19069,0,2,45719,0,1,25,34,True
19069,1,2,12185,0,1,26,34,True
19073,0,1,32501,0,1,7,7,True
19073,0,2,67691,0,1,7,14,True
19073,1,2,994,0,1,7,14,True
19079,0,1,51113,1,2,12,13,True
19079,0,2,58839,0,1,12,28,True
19079,1,2,21069,0,2,13,28,True
19091,0,1,44594,0,1,19,28,True
19091,0,2,5313,1,2,19,36,True
19091,1,2,70495,0,1,28,36,True
19092,0,1,16197,1,2,8,9,True
19092,0,2,27621,0,1,8,11,True
19092,1,2,71686,1,2,9,11,True
19104,0,1,26861,0,2,9,23,True
19104,0,2,26861,1,2,9,23,True
19104,1,2,50452,1,2,23,23,True
19113,0,1,4671,0,1,19,20,True
19113,0,2,47002,0,2,19,38,True
19113,1,2,29710,0,2,20,38,True
19125,0,1,19451,1,2,21,21,True
19125,0,2,19539,0,1,21,21,True
19125,1,2,19539,0,2,21,21,True
19128,0,1,64670,0,2,5,35,True
19128,0,2,31714,0,2,5,38,True
19128,1,2,54835,1,2,35,38,True
19135,0,1,825,1,2,31,33,True
19135,0,2,3644,1,2,31,33,True
19135,1,2,66315,1,2,33,33,True
19137,0,1,41870,1,2,4,32,True
19137,0,2,43848,0,2,4,32,True
19137,1,2,21008,1,2,32,32,True
19144,0,1,17668,0,1,1,9,True
19144,0,2,28472,0,1,1,26,True
19144,1,2,29857,0,2,9,26,True
19148,0,1,44063,0,1,12,14,True
19148,0,2,31790,1,2,12,33,True
19148,1,2,66762,0,2,14,33,True
19161,0,1,69660,0,2,22,28,True
19161,0,2,5260,0,2,22,28,True
19161,1,2,53553,0,1,28,28,True
19174,0,1,45683,0,1,12,12,True
19174,0,2,42196,0,1,12,13,True
19174,1,2,42794,0,2,12,13,True
19190,0,1,44858,0,1,8,32,True
19190,0,2,59850,0,2,8,39,True
19190,1,2,53536,1,2,32,39,True
19214,0,1,8888,0,2,19,19,True
19214,0,2,36797,0,1,19,28,True
19214,1,2,38727,1,2,19,28,True
19224,0,1,6938,1,2,5,8,True
19224,0,2,6461,0,1,5,22,True
19224,1,2,44087,0,2,8,22,True
19228,0,1,2509,0,1,15,16,True
19228,0,2,2962,1,2,15,16,True
19228,1,2,25254,0,1,16,16,True
19229,0,1,6903,0,2,5,40,True
19229,0,2,7477,0,2,5,40,True
19229,1,2,2713,0,2,40,40,True
19233,0,1,66485,1,2,29,29,True
19233,0,2,66737,0,1,29,29,True
19233,1,2,66737,0,2,29,29,True
19234,0,1,16515,0,2,11,23,True
19234,0,2,57984,0,1,11,27,True
19234,1,2,28908,0,1,23,27,True
19237,0,1,51675,0,2,21,21,True
19237,0,2,57560,1,2,21,37,True
19237,1,2,66685,1,2,21,37,True
19248,0,1,53508,0,1,28,29,True
19248,0,2,27291,0,2,28,36,True
19248,1,2,58102,0,2,29,36,True
19260,0,1,5463,0,1,2,8,True
19260,0,2,39539,0,1,2,37,True
19260,1,2,31332,0,1,8,37,True
19269,0,1,42759,0,1,9,13,True
19269,0,2,53013,0,1,9,18,True
19269,1,2,50780,0,1,13,18,True
19285,0,1,38370,0,1,25,25,True
19285,0,2,38370,0,2,25,25,True
19285,1,2,38370,1,2,25,25,True
19287,0,1,66291,0,2,9,36,True
19287,0,2,49935,0,1,9,38,True
19287,1,2,43179,1,2,36,38,True
19301,0,1,62054,1,2,8,8,True
19301,0,2,62693,0,2,8,28,True
19301,1,2,63739,0,2,8,28,True
19320,0,1,392,0,1,4,6,True
19320,0,2,5813,0,2,4,7,True
19320,1,2,18649,1,2,6,7,True
19330,0,1,48795,0,2,13,13,True
19330,0,2,21745,0,2,13,14,True
19330,1,2,22285,0,1,13,14,True
19331,0,1,71624,0,2,25,26,True
19331,0,2,13938,-1,2,25,32,False
19331,1,2,34169,1,2,26,32,True
19335,0,1,62497,0,2,5,9,True
19335,0,2,11027,1,2,5,30,True
19335,1,2,32282,0,2,9,30,True
19350,0,1,11117,1,2,30,39,True
19350,0,2,19878,1,2,30,40,True
19350,1,2,57900,1,2,39,40,True
19358,0,1,58173,1,2,7,20,True
19358,0,2,47088,0,2,7,24,True
19358,1,2,44540,0,1,20,24,True
19370,0,1,44443,0,2,3,36,True
19370,0,2,49259,0,2,3,36,True
19370,1,2,66832,0,1,36,36,True
19378,0,1,8235,0,1,1,21,True
19378,0,2,18067,0,2,1,40,True
19378,1,2,6559,0,2,21,40,True
19384,0,1,21922,0,1,21,23,True
19384,0,2,24709,1,2,21,33,True
19384,1,2,29556,0,2,23,33,True
19397,0,1,25065,1,2,28,30,True
19397,0,2,71156,1,2,28,37,True
19397,1,2,72049,1,2,30,37,True
19411,0,1,69453,1,2,27,30,True
19411,0,2,51996,0,2,27,37,True
19411,1,2,49510,0,2,30,37,True
19425,0,1,27049,1,2,19,19,True
19425,0,2,27111,1,2,19,19,True
19425,1,2,27144,1,2,19,19,True
19428,0,1,24447,1,2,25,26,True
19428,0,2,37132,1,2,25,32,True
19428,1,2,24662,1,2,26,32,True
19430,0,1,14253,0,1,20,21,True
19430,0,2,63671,0,2,20,31,True
19430,1,2,50856,1,2,21,31,True
19435,0,1,53712,0,1,14,37,True
19435,0,2,34511,1,2,14,38,True
19435,1,2,14765,1,2,37,38,True
19439,0,1,48697,1,2,25,29,True
19439,0,2,50323,0,1,25,29,True
19439,1,2,57342,1,2,29,29,True
19451,0,1,4060,0,2,21,21,True
19451,0,2,4060,1,2,21,21,True
19451,1,2,4083,1,2,21,21,True
19453,0,1,26457,0,1,7,7,True
19453,0,2,27236,0,1,7,38,True
19453,1,2,27236,0,2,7,38,True
19471,0,1,64417,0,1,25,25,True
19471,0,2,66269,0,1,25,25,True
19471,1,2,66269,0,2,25,25,True
19478,0,1,52688,0,1,10,10,True
19478,0,2,52688,0,2,10,10,True
19478,1,2,52688,1,2,10,10,True
19489,0,1,1709,0,1,23,23,True
19489,0,2,8796,1,2,23,38,True
19489,1,2,13440,1,2,23,38,True
19516,0,1,51967,1,2,16,18,True
19516,0,2,8858,0,2,16,32,True
19516,1,2,45635,0,2,18,32,True
19539,0,1,42266,0,2,21,21,True
19539,0,2,42266,1,2,21,21,True
19539,1,2,43626,1,2,21,21,True
19546,0,1,36160,1,2,17,17,True
19546,0,2,56164,0,1,17,22,True
19546,1,2,56164,0,2,17,22,True
19565,0,1,19775,0,2,20,27,True
19565,0,2,16952,0,2,20,36,True
19565,1,2,61171,1,2,27,36,True
19572,0,1,38262,1,2,29,30,True
19572,0,2,58629,0,1,29,38,True
19572,1,2,17841,1,2,30,38,True
19592,0,1,38173,1,2,8,8,True
19592,0,2,27584,0,1,8,32,True
19592,1,2,27584,0,2,8,32,True
19593,0,1,15182,-1,0,7,16,False
19593,0,2,15181,0,2,7,32,True
19593,1,2,58341,0,2,16,32,True
19595,0,1,29473,0,1,34,34,True
19595,0,2,10601,0,1,34,38,True
19595,1,2,12185,1,2,34,38,True
19596,0,1,54183,1,2,22,22,True
19596,0,2,51317,0,2,22,23,True
19596,1,2,51317,1,2,22,23,True
19602,0,1,4017,0,1,7,24,True
19602,0,2,9774,0,2,7,30,True
19602,1,2,8314,1,2,24,30,True
19605,0,1,55876,0,2,5,20,True
19605,0,2,47030,0,2,5,20,True
19605,1,2,51990,0,1,20,20,True
19615,0,1,52447,0,2,2,2,True
19615,0,2,55930,1,2,2,6,True
19615,1,2,58898,0,2,2,6,True
19623,0,1,47671,0,2,6,6,True
19623,0,2,1462,0,1,6,31,True
19623,1,2,13986,0,2,6,31,True
19624,0,1,13758,0,1,1,27,True
19624,0,2,23877,0,2,1,27,True
19624,1,2,40144,0,2,27,27,True
19626,0,1,41358,0,2,7,26,True
19626,0,2,31222,0,2,7,29,True
19626,1,2,45298,0,1,26,29,True
19635,0,1,17296,1,2,22,29,True
19635,0,2,28695,0,2,22,29,True
19635,1,2,66928,1,2,29,29,True
19636,0,1,54166,1,2,22,23,True
19636,0,2,16751,1,2,22,34,True
19636,1,2,48256,0,2,23,34,True
19639,0,1,36589,1,2,28,28,True
19639,0,2,8213,1,2,28,37,True
19639,1,2,9570,0,2,28,37,True
19648,0,1,44299,1,2,3,25,True
19648,0,2,62418,1,2,3,30,True
19648,1,2,4764,0,2,25,30,True
19653,0,1,28832,0,1,11,11,True
19653,0,2,68392,0,2,11,30,True
19653,1,2,70484,0,2,11,30,True
19658,0,1,27166,0,1,25,25,True
19658,0,2,24684,1,2,25,39,True
19658,1,2,30770,1,2,25,39,True
19682,0,1,24422,0,1,3,7,True
19682,0,2,57028,1,2,3,33,True
19682,1,2,54595,0,1,7,33,True
19687,0,1,12270,1,2,9,9,True
19687,0,2,14257,1,2,9,16,True
19687,1,2,38458,0,1,9,16,True
19701,0,1,53705,0,1,16,27,True
19701,0,2,14089,0,1,16,39,True
19701,1,2,31178,1,2,27,39,True
19703,0,1,20467,0,1,33,34,True
19703,0,2,20467,0,2,33,34,True
19703,1,2,4501,1,2,34,34,True
19728,0,1,44540,0,1,20,24,True
19728,0,2,64523,1,2,20,25,True
19728,1,2,53124,0,2,24,25,True
19736,0,1,37457,0,1,13,22,True
19736,0,2,47338,0,2,13,31,True
19736,1,2,72977,0,2,22,31,True
19745,0,1,71742,0,1,5,5,True
19745,0,2,71742,0,2,5,5,True
19745,1,2,71742,1,2,5,5,True
19759,0,1,7435,0,2,2,21,True
19759,0,2,10464,0,2,2,21,True
19759,1,2,44660,1,2,21,21,True
19760,0,1,22405,0,2,12,12,True
19760,0,2,22405,1,2,12,12,True
19760,1,2,22712,0,1,12,12,True
19761,0,1,20422,0,1,3,7,True
19761,0,2,33203,0,2,3,33,True
19761,1,2,70584,1,2,7,33,True
19763,0,1,44325,0,2,1,4,True
19763,0,2,19767,0,1,1,12,True
19763,1,2,37040,0,2,4,12,True
19764,0,1,57432,1,2,8,31,True
19764,0,2,64560,0,2,8,31,True
19764,1,2,29971,1,2,31,31,True
19765,0,1,29469,0,1,4,4,True
19765,0,2,29469,0,2,4,4,True
19765,1,2,29469,1,2,4,4,True
19767,0,1,24083,1,2,1,12,True
19767,0,2,55661,0,2,1,32,True
19767,1,2,70558,0,2,12,32,True
19775,0,1,48515,0,2,20,27,True
19775,0,2,48515,1,2,20,27,True
19775,1,2,39666,0,2,27,27,True
19797,0,1,12732,1,2,13,13,True
19797,0,2,69391,0,1,13,37,True
19797,1,2,69391,0,2,13,37,True
19804,0,1,4067,0,1,39,40,True
19804,0,2,4067,0,2,39,40,True
19804,1,2,18590,1,2,40,40,True
19818,0,1,20550,1,2,2,7,True
19818,0,2,43482,0,2,2,11,True
19818,1,2,53911,0,1,7,11,True
19829,0,1,45577,0,2,3,30,True
19829,0,2,18764,0,2,3,31,True
19829,1,2,41040,0,1,30,31,True
19832,0,1,25487,0,1,18,24,True
19832,0,2,25487,0,2,18,24,True
19832,1,2,72975,0,2,24,24,True
19833,0,1,7399,1,2,6,6,True
19833,0,2,7416,0,1,6,6,True
19833,1,2,7625,0,1,6,6,True
19834,0,1,70813,0,1,27,35,True
19834,0,2,70813,0,2,27,35,True
19834,1,2,17333,1,2,35,35,True
19838,0,1,48532,0,1,17,24,True
19838,0,2,68628,1,2,17,31,True
19838,1,2,867,0,2,24,31,True
19848,0,1,20097,1,2,19,31,True
19848,0,2,2202,1,2,19,35,True
19848,1,2,24635,0,2,31,35,True
19854,0,1,37789,0,1,2,20,True
19854,0,2,35996,1,2,2,33,True
19854,1,2,8798,0,2,20,33,True
19868,0,1,4201,0,1,19,20,True
19868,0,2,4671,0,1,19,20,True
19868,1,2,35584,1,2,20,20,True
19878,0,1,19829,0,1,3,30,True
19878,0,2,44255,0,2,3,40,True
19878,1,2,27745,1,2,30,40,True
19895,0,1,23248,0,2,4,9,True
19895,0,2,70653,0,1,4,18,True
19895,1,2,59940,0,2,9,18,True
19896,0,1,63508,0,1,5,26,True
19896,0,2,14149,0,2,5,33,True
19896,1,2,70230,0,2,26,33,True
19897,0,1,59234,0,2,2,31,True
19897,0,2,59234,1,2,2,31,True
19897,1,2,22213,1,2,31,31,True
19899,0,1,27785,0,1,15,15,True
19899,0,2,50569,1,2,15,16,True
19899,1,2,50658,1,2,15,16,True
19926,0,1,8627,0,1,10,15,True
19926,0,2,17559,0,1,10,18,True
19926,1,2,23462,1,2,15,18,True
19947,0,1,70654,0,1,1,1,True
19947,0,2,18193,1,2,1,16,True
19947,1,2,18492,0,1,1,16,True
19954,0,1,69178,0,2,8,13,True
19954,0,2,1738,0,1,8,13,True
19954,1,2,1204,0,1,13,13,True
19970,0,1,23599,0,2,3,26,True
19970,0,2,200,0,2,3,31,True
19970,1,2,59550,1,2,26,31,True
19974,0,1,62221,0,1,36,36,True
19974,0,2,64837,0,1,36,36,True
19974,1,2,64878,0,1,36,36,True
19977,0,1,60923,0,2,11,25,True
19977,0,2,61565,0,2,11,25,True
19977,1,2,66673,1,2,25,25,True
19978,0,1,37609,0,1,9,11,True
19978,0,2,21165,0,2,9,38,True
19978,1,2,33232,1,2,11,38,True
19980,0,1,15180,0,1,9,18,True
19980,0,2,35656,0,2,9,19,True
19980,1,2,67977,0,1,18,19,True
19985,0,1,21690,0,1,1,18,True
19985,0,2,70129,0,2,1,31,True
19985,1,2,40158,1,2,18,31,True
19989,0,1,62337,0,1,2,2,True
19989,0,2,68249,0,1,2,12,True
19989,1,2,68249,0,2,2,12,True
19990,0,1,66361,1,2,31,31,True
19990,0,2,36617,1,2,31,32,True
19990,1,2,37079,0,1,31,32,True
19996,0,1,40299,1,2,38,38,True
19996,0,2,59188,0,2,38,39,True
19996,1,2,59188,1,2,38,39,True
19999,0,1,992,0,2,21,22,True
19999,0,2,1667,0,1,21,22,True
19999,1,2,14974,1,2,22,22,True
20009,0,1,66711,1,2,33,37,True
20009,0,2,46130,0,1,33,39,True
20009,1,2,10797,1,2,37,39,True
20013,0,1,36557,1,2,31,31,True
20013,0,2,318,0,1,31,36,True
20013,1,2,318,0,2,31,36,True
20026,0,1,47559,0,1,4,9,True
20026,0,2,58407,0,1,4,18,True
20026,1,2,12237,0,1,9,18,True
20034,0,1,25131,0,1,6,32,True
20034,0,2,28669,0,2,6,32,True
20034,1,2,20819,1,2,32,32,True
20036,0,1,70464,0,1,38,38,True
20036,0,2,70464,0,2,38,38,True
20036,1,2,70464,1,2,38,38,True
20040,0,1,66345,1,2,40,40,True
20040,0,2,66717,1,2,40,40,True
20040,1,2,66767,1,2,40,40,True
20049,0,1,35753,1,2,29,30,True
20049,0,2,8486,0,2,29,33,True
20049,1,2,57509,1,2,30,33,True
20056,0,1,32071,1,2,30,38,True
20056,0,2,51028,1,2,30,39,True
20056,1,2,37522,1,2,38,39,True
20072,0,1,29903,-1,0,3,11,False
20072,0,2,41402,-1,0,3,12,False
20072,1,2,41976,-1,1,11,12,False
20086,0,1,30877,0,1,8,8,True
20086,0,2,20386,1,2,8,39,True
20086,1,2,24514,1,2,8,39,True
20089,0,1,72201,1,2,35,36,True
20089,0,2,1886,0,1,35,36,True
20089,1,2,13348,0,1,36,36,True
20090,0,1,61368,0,1,24,24,True
20090,0,2,61368,0,2,24,24,True
20090,1,2,61368,1,2,24,24,True
20094,0,1,8286,0,2,14,15,True
20094,0,2,17636,0,2,14,15,True
20094,1,2,39392,0,1,15,15,True
20096,0,1,40673,0,2,9,9,True
20096,0,2,10508,0,1,9,10,True
20096,1,2,11367,0,1,9,10,True
20097,0,1,40089,1,2,9,19,True
20097,0,2,58387,1,2,9,31,True
20097,1,2,35947,0,2,19,31,True
20098,0,1,70826,0,1,6,14,True
20098,0,2,70826,0,2,6,14,True
20098,1,2,53406,1,2,14,14,True
20100,0,1,37007,0,1,34,34,True
20100,0,2,38831,0,1,34,34,True
20100,1,2,38831,0,2,34,34,True
20112,0,1,39842,0,1,32,33,True
20112,0,2,55922,0,2,32,40,True
20112,1,2,12209,1,2,33,40,True
20116,0,1,13315,0,1,8,11,True
20116,0,2,70119,0,2,8,39,True
20116,1,2,57291,0,2,11,39,True
20120,0,1,7138,1,2,23,24,True
20120,0,2,7727,0,1,23,24,True
20120,1,2,52069,0,1,24,24,True
20132,0,1,63723,0,2,4,27,True
20132,0,2,6679,0,2,4,31,True
20132,1,2,49958,0,1,27,31,True
20139,0,1,1820,1,2,19,22,True
20139,0,2,49933,1,2,19,32,True
20139,1,2,72711,0,1,22,32,True
20141,0,1,24318,0,1,16,36,True
20141,0,2,11134,0,2,16,39,True
20141,1,2,4496,1,2,36,39,True
20164,0,1,27279,0,1,4,4,True
20164,0,2,20825,0,1,4,23,True
20164,1,2,25176,0,2,4,23,True
20171,0,1,30925,0,1,12,17,True
20171,0,2,34558,1,2,12,17,True
20171,1,2,24630,0,1,17,17,True
20178,0,1,23155,1,2,16,16,True
20178,0,2,66831,1,2,16,24,True
20178,1,2,7499,0,1,16,24,True
20179,0,1,13847,0,1,13,13,True
20179,0,2,24808,1,2,13,25,True
20179,1,2,25417,0,2,13,25,True
20184,0,1,828,0,1,1,15,True
20184,0,2,37592,0,1,1,23,True
20184,1,2,45216,0,2,15,23,True
20185,0,1,13808,0,2,4,7,True
20185,0,2,17300,0,2,4,36,True
20185,1,2,30174,0,2,7,36,True
20189,0,1,60666,1,2,22,23,True
20189,0,2,23222,1,2,22,40,True
20189,1,2,14069,0,2,23,40,True
20194,0,1,13739,0,1,3,3,True
20194,0,2,11132,0,2,3,22,True
20194,1,2,14766,0,1,3,22,True
20203,0,1,48811,0,2,4,30,True
20203,0,2,13208,0,2,4,36,True
20203,1,2,30653,1,2,30,36,True
20217,0,1,43053,1,2,7,8,True
20217,0,2,46667,0,1,7,8,True
20217,1,2,17476,1,2,8,8,True
20235,0,1,69103,0,1,23,23,True
20235,0,2,69103,0,2,23,23,True
20235,1,2,69103,1,2,23,23,True
20243,0,1,6372,0,1,11,11,True
20243,0,2,6372,0,2,11,11,True
20243,1,2,6372,1,2,11,11,True
20249,0,1,26295,0,1,2,2,True
20249,0,2,1851,0,2,2,38,True
20249,1,2,7290,0,2,2,38,True
20260,0,1,57593,0,2,5,29,True
20260,0,2,62047,0,2,5,29,True
20260,1,2,50926,1,2,29,29,True
20263,0,1,327,1,2,7,18,True
20263,0,2,14004,0,2,7,28,True
20263,1,2,26575,1,2,18,28,True
20282,0,1,23162,1,2,29,29,True
20282,0,2,23221,0,1,29,29,True
20282,1,2,23982,0,1,29,29,True
20284,0,1,37794,0,1,6,37,True
20284,0,2,37794,0,2,6,37,True
20284,1,2,14781,1,2,37,37,True
20287,0,1,57293,0,1,16,16,True
20287,0,2,55209,0,2,16,40,True
20287,1,2,61669,0,2,16,40,True
20291,0,1,71614,1,2,24,24,True
20291,0,2,71701,0,1,24,24,True
20291,1,2,72975,0,1,24,24,True
20292,0,1,65433,0,1,10,11,True
20292,0,2,484,1,2,10,19,True
20292,1,2,44242,0,1,11,19,True
20301,0,1,57873,1,2,13,13,True
20301,0,2,22285,0,1,13,14,True
20301,1,2,22573,0,1,13,14,True
20308,0,1,19330,0,2,13,14,True
20308,0,2,31415,0,2,13,26,True
20308,1,2,13712,1,2,14,26,True
20317,0,1,20904,-1,1,9,15,False
20317,0,2,23479,-1,0,9,15,False
20317,1,2,54099,0,2,15,15,True
20322,0,1,65871,1,2,14,14,True
20322,0,2,14036,0,2,14,31,True
20322,1,2,21751,1,2,14,31,True
20323,0,1,30448,0,2,7,34,True
20323,0,2,60070,0,1,7,39,True
20323,1,2,60507,0,2,34,39,True
20347,0,1,38663,0,2,17,18,True
20347,0,2,71199,1,2,17,32,True
20347,1,2,67720,1,2,18,32,True
20371,0,1,67705,0,2,6,24,True
20371,0,2,36205,1,2,6,25,True
20371,1,2,62997,0,1,24,25,True
20380,0,1,14245,0,1,11,13,True
20380,0,2,63062,1,2,11,28,True
20380,1,2,17651,0,2,13,28,True
20382,0,1,62975,0,2,12,17,True
20382,0,2,29858,1,2,12,31,True
20382,1,2,8916,0,2,17,31,True
20383,0,1,59085,0,1,6,15,True
20383,0,2,40292,1,2,6,20,True
20383,1,2,59060,0,1,15,20,True
20386,0,1,16197,0,1,8,8,True
20386,0,2,20116,0,2,8,39,True
20386,1,2,24514,1,2,8,39,True
20389,0,1,60709,1,2,28,28,True
20389,0,2,64874,0,1,28,29,True
20389,1,2,64874,0,2,28,29,True
20397,0,1,70584,0,1,7,7,True
20397,0,2,71574,0,1,7,7,True
20397,1,2,72335,0,1,7,7,True
20422,0,1,44230,0,1,3,7,True
20422,0,2,30564,0,2,3,27,True
20422,1,2,1519,0,2,7,27,True
20423,0,1,55971,1,2,10,10,True
20423,0,2,11197,0,2,10,16,True
20423,1,2,13182,0,2,10,16,True
20453,0,1,41143,1,2,27,28,True
20453,0,2,63093,0,1,27,35,True
20453,1,2,50703,1,2,28,35,True
20466,0,1,22914,1,2,21,28,True
20466,0,2,70625,0,2,21,33,True
20466,1,2,33201,1,2,28,33,True
20467,0,1,21245,1,2,33,34,True
20467,0,2,22500,1,2,33,34,True
20467,1,2,21945,1,2,34,34,True
20472,0,1,25809,0,1,6,6,True
20472,0,2,45579,0,1,6,16,True
20472,1,2,45579,0,2,6,16,True
20477,0,1,55048,1,2,13,17,True
20477,0,2,50046,1,2,13,31,True
20477,1,2,68628,1,2,17,31,True
20493,0,1,31814,0,1,9,19,True
20493,0,2,35656,0,1,9,19,True
20493,1,2,65629,0,1,19,19,True
20496,0,1,63713,0,1,4,16,True
20496,0,2,64110,0,2,4,32,True
20496,1,2,25047,0,1,16,32,True
20520,0,1,36992,1,2,30,31,True
20520,0,2,61868,1,2,30,31,True
20520,1,2,26070,0,1,31,31,True
20532,0,1,14417,1,2,6,7,True
20532,0,2,21751,0,2,6,31,True
20532,1,2,53029,0,2,7,31,True
20541,0,1,61518,0,2,30,30,True
20541,0,2,61518,1,2,30,30,True
20541,1,2,61543,0,1,30,30,True
20545,0,1,66437,0,2,24,33,True
20545,0,2,66437,0,2,24,33,True
20545,1,2,31234,0,1,33,33,True
20548,0,1,61180,0,1,12,30,True
20548,0,2,31790,1,2,12,33,True
20548,1,2,57462,1,2,30,33,True
20550,0,1,34722,0,1,1,2,True
20550,0,2,31927,0,1,1,7,True
20550,1,2,17864,0,1,2,7,True
20559,0,1,64523,0,1,5,20,True
20559,0,2,39698,0,2,5,27,True
20559,1,2,12498,0,2,20,27,True
20562,0,1,72531,1,2,21,21,True
20562,0,2,35530,0,2,21,23,True
20562,1,2,54085,0,1,21,23,True
20595,0,1,54232,0,1,1,2,True
20595,0,2,54236,0,1,1,2,True
20595,1,2,26295,0,1,2,2,True
20596,0,1,34592,0,1,15,15,True
20596,0,2,17745,0,2,15,36,True
20596,1,2,19040,0,2,15,36,True
20609,0,1,34387,0,1,8,8,True
20609,0,2,50291,0,2,8,40,True
20609,1,2,59015,0,2,8,40,True
20610,0,1,29004,0,1,24,35,True
20610,0,2,32283,1,2,24,35,True
20610,1,2,22842,0,2,35,35,True
20620,0,1,68359,0,1,10,16,True
20620,0,2,68515,0,2,10,39,True
20620,1,2,2843,0,2,16,39,True
20626,0,1,33188,0,2,3,3,True
20626,0,2,25093,0,2,3,25,True
20626,1,2,30150,0,2,3,25,True
20631,0,1,40234,0,1,2,2,True
20631,0,2,6555,0,1,2,21,True
20631,1,2,7435,0,2,2,21,True
20635,0,1,14438,0,1,7,7,True
20635,0,2,59545,0,2,7,40,True
20635,1,2,63308,0,2,7,40,True
20649,0,1,40876,0,1,3,3,True
20649,0,2,43280,1,2,3,13,True
20649,1,2,43385,0,1,3,13,True
20670,0,1,4108,0,2,12,16,True
20670,0,2,61478,0,2,12,17,True
20670,1,2,15052,1,2,16,17,True
20679,0,1,15347,1,2,37,37,True
20679,0,2,15479,0,1,37,37,True
20679,1,2,16200,0,1,37,37,True
20684,0,1,32988,1,2,40,40,True
20684,0,2,33442,1,2,40,40,True
20684,1,2,33748,1,2,40,40,True
20685,0,1,55807,0,1,18,25,True
20685,0,2,66572,0,2,18,25,True
20685,1,2,17373,0,2,25,25,True
20686,0,1,51828,0,1,8,14,True
20686,0,2,22896,0,2,8,29,True
20686,1,2,23162,0,1,14,29,True
20689,0,1,48244,1,2,33,34,True
20689,0,2,38469,0,2,33,35,True
20689,1,2,45187,0,1,34,35,True
20712,0,1,47349,1,2,24,25,True
20712,0,2,48162,0,2,24,25,True
20712,1,2,22271,0,1,25,25,True
20746,0,1,71179,0,1,5,23,True
20746,0,2,72483,0,1,5,23,True
20746,1,2,36918,1,2,23,23,True
20756,0,1,9699,1,2,6,7,True
20756,0,2,47228,1,2,6,11,True
20756,1,2,53911,0,1,7,11,True
20767,0,1,51435,1,2,10,37,True
20767,0,2,54101,0,2,10,37,True
20767,1,2,13686,0,1,37,37,True
20773,0,1,67333,1,2,15,28,True
20773,0,2,29934,1,2,15,29,True
20773,1,2,49531,1,2,28,29,True
20794,0,1,26667,1,2,13,13,True
20794,0,2,23843,1,2,13,14,True
20794,1,2,23930,0,2,13,14,True
20796,0,1,52663,1,2,7,13,True
20796,0,2,66289,0,2,7,28,True
20796,1,2,29489,0,1,13,28,True
20805,0,1,36111,0,1,19,19,True
20805,0,2,29764,0,1,19,22,True
20805,1,2,36807,0,1,19,22,True
20808,0,1,65842,0,2,13,18,True
20808,0,2,31415,0,2,13,26,True
20808,1,2,71734,0,2,18,26,True
20810,0,1,17021,1,2,40,40,True
20810,0,2,17344,1,2,40,40,True
20810,1,2,17407,1,2,40,40,True
20812,0,1,12197,0,1,17,17,True
20812,0,2,7546,0,1,17,34,True
20812,1,2,7546,0,2,17,34,True
20819,0,1,68187,1,2,32,32,True
20819,0,2,68590,1,2,32,32,True
20819,1,2,68884,1,2,32,32,True
20825,0,1,45467,1,2,4,23,True
20825,0,2,49413,1,2,4,24,True
20825,1,2,35909,0,1,23,24,True
20827,0,1,9097,0,1,7,9,True
20827,0,2,43197,1,2,7,26,True
20827,1,2,43986,1,2,9,26,True
20843,0,1,60512,0,1,25,25,True
20843,0,2,60816,0,1,25,25,True
20843,1,2,60923,1,2,25,25,True
20862,0,1,35970,0,1,34,34,True
20862,0,2,7699,0,2,34,35,True
20862,1,2,7699,1,2,34,35,True
20863,0,1,63062,1,2,11,28,True
20863,0,2,29221,-1,1,11,34,False
20863,1,2,9877,0,2,28,34,True
20882,0,1,17017,0,2,21,22,True
20882,0,2,17017,1,2,21,22,True
20882,1,2,15438,1,2,22,22,True
20886,0,1,38563,0,1,7,17,True
20886,0,2,38563,0,2,7,17,True
20886,1,2,47160,0,1,17,17,True
20894,0,1,39549,0,1,39,39,True
20894,0,2,38401,1,2,39,40,True
20894,1,2,38918,1,2,39,40,True
20902,0,1,12907,1,2,25,25,True
20902,0,2,12948,0,1,25,25,True
20902,1,2,13106,0,1,25,25,True
20904,0,1,54099,0,2,15,15,True
20904,0,2,23479,0,2,15,17,True
20904,1,2,64148,0,1,15,17,True
20908,0,1,61352,0,1,8,20,True
20908,0,2,61352,0,2,8,20,True
20908,1,2,56451,1,2,20,20,True
20935,0,1,60363,0,1,5,14,True
20935,0,2,52353,0,2,5,17,True
20935,1,2,60757,0,1,14,17,True
20951,0,1,41838,1,2,31,31,True
20951,0,2,42676,0,1,31,31,True
20951,1,2,42676,0,2,31,31,True
20988,0,1,67026,1,2,35,36,True
20988,0,2,67557,1,2,35,36,True
20988,1,2,34961,1,2,36,36,True
20992,0,1,12367,0,2,7,10,True
20992,0,2,49397,1,2,7,15,True
20992,1,2,64244,1,2,10,15,True
21005,0,1,66361,1,2,31,31,True
21005,0,2,26082,1,2,31,36,True
21005,1,2,35025,0,2,31,36,True
21008,0,1,1727,0,1,32,32,True
21008,0,2,1727,0,2,32,32,True
21008,1,2,1727,1,2,32,32,True
21017,0,1,43870,0,1,12,28,True
21017,0,2,46710,0,2,12,28,True
21017,1,2,35839,0,1,28,28,True
21021,0,1,28508,1,2,37,37,True
21021,0,2,28874,1,2,37,37,True
21021,1,2,29340,0,1,37,37,True
21025,0,1,4108,0,2,12,16,True
21025,0,2,4108,1,2,12,16,True
21025,1,2,51027,0,1,16,16,True
21031,0,1,42383,0,1,1,35,True
21031,0,2,42383,0,2,1,35,True
21031,1,2,37384,0,2,35,35,True
21048,0,1,26648,0,1,11,11,True
21048,0,2,26770,1,2,11,11,True
21048,1,2,27288,0,1,11,11,True
21052,0,1,7395,1,2,15,15,True
21052,0,2,40795,1,2,15,37,True
21052,1,2,42931,0,2,15,37,True
21054,0,1,54374,0,1,28,30,True
21054,0,2,49797,0,2,28,32,True
21054,1,2,194,0,1,30,32,True
21058,0,1,69758,0,2,28,33,True
21058,0,2,24245,1,2,28,34,True
21058,1,2,30990,1,2,33,34,True
21064,0,1,62240,1,2,16,16,True
21064,0,2,13474,0,2,16,26,True
21064,1,2,14578,1,2,16,26,True
21066,0,1,43352,0,2,3,16,True
21066,0,2,23375,0,2,3,32,True
21066,1,2,20496,1,2,16,32,True
21069,0,1,66422,1,2,13,27,True
21069,0,2,49440,0,1,13,28,True
21069,1,2,34924,1,2,27,28,True
21071,0,1,37535,1,2,7,9,True
21071,0,2,19073,1,2,7,14,True
21071,1,2,7005,0,1,9,14,True
21107,0,1,56011,0,1,5,19,True
21107,0,2,67046,0,2,5,32,True
21107,1,2,24216,0,2,19,32,True
21120,0,1,26224,0,2,3,3,True
21120,0,2,26224,1,2,3,3,True
21120,1,2,27059,0,1,3,3,True
21123,0,1,12237,0,1,9,18,True
21123,0,2,12237,0,2,9,18,True
21123,1,2,2039,1,2,18,18,True
21133,0,1,46390,1,2,9,10,True
21133,0,2,66588,0,1,9,23,True
21133,1,2,32610,1,2,10,23,True
21147,0,1,7315,0,2,18,27,True
21147,0,2,67720,0,2,18,32,True
21147,1,2,13421,1,2,27,32,True
21155,0,1,72340,1,2,2,3,True
21155,0,2,1181,0,1,2,3,True
21155,1,2,22120,0,1,3,3,True
21165,0,1,54810,0,2,9,37,True
21165,0,2,56910,0,2,9,38,True
21165,1,2,18605,0,2,37,38,True
21186,0,1,2271,1,2,4,4,True
21186,0,2,33903,0,1,4,13,True
21186,1,2,35343,0,1,4,13,True
21193,0,1,3915,0,2,4,27,True
21193,0,2,43162,0,2,4,34,True
21193,1,2,60459,0,1,27,34,True
21196,0,1,22213,1,2,31,31,True
21196,0,2,24267,0,1,31,31,True
21196,1,2,24329,0,1,31,31,True
21202,0,1,25705,0,1,8,9,True
21202,0,2,43083,0,1,8,15,True
21202,1,2,23462,0,1,9,15,True
21210,0,1,32298,1,2,5,6,True
21210,0,2,66195,0,1,5,25,True
21210,1,2,33642,0,1,6,25,True
21245,0,1,49123,0,1,3,33,True
21245,0,2,41032,0,2,3,34,True
21245,1,2,68633,1,2,33,34,True
21255,0,1,7935,1,2,31,34,True
21255,0,2,39640,1,2,31,40,True
21255,1,2,10913,1,2,34,40,True
21283,0,1,28206,0,1,13,19,True
21283,0,2,55427,0,2,13,33,True
21283,1,2,8105,1,2,19,33,True
21295,0,1,15953,0,1,8,9,True
21295,0,2,35613,-1,1,8,28,False
21295,1,2,35613,-1,2,9,28,False
21299,0,1,38140,0,1,26,26,True
21299,0,2,38140,0,2,26,26,True
21299,1,2,38140,1,2,26,26,True
21303,0,1,38234,0,1,11,16,True
21303,0,2,9737,0,1,11,38,True
21303,1,2,58873,0,2,16,38,True
21322,0,1,70074,1,2,23,40,True
21322,0,2,72483,1,2,23,40,True
21322,1,2,59393,0,2,40,40,True
21325,0,1,60363,0,1,5,14,True
21325,0,2,63069,0,2,5,26,True
21325,1,2,70126,0,2,14,26,True
21333,0,1,26463,0,1,17,17,True
21333,0,2,34861,0,2,17,18,True
21333,1,2,38176,0,1,17,18,True
21338,0,1,22430,0,1,18,18,True
21338,0,2,41646,0,1,18,19,True
21338,1,2,41646,0,2,18,19,True
21341,0,1,50992,0,1,4,5,True
21341,0,2,20496,0,1,4,16,True
21341,1,2,7354,1,2,5,16,True
21345,0,1,18019,0,1,17,18,True
21345,0,2,6445,0,1,17,20,True
21345,1,2,62203,1,2,18,20,True
21366,0,1,20843,1,2,25,25,True
21366,0,2,20902,0,1,25,25,True
21366,1,2,20902,0,2,25,25,True
21375,0,1,47203,1,2,27,38,True
21375,0,2,48701,0,1,27,38,True
21375,1,2,15292,0,1,38,38,True
21385,0,1,35512,0,2,26,27,True
21385,0,2,35512,1,2,26,27,True
21385,1,2,66310,0,1,27,27,True
21387,0,1,26807,1,2,9,11,True
21387,0,2,31865,0,1,9,11,True
21387,1,2,55835,0,1,11,11,True
21394,0,1,43824,0,1,3,3,True
21394,0,2,21715,0,2,3,22,True
21394,1,2,21715,1,2,3,22,True
21405,0,1,63851,0,2,2,38,True
21405,0,2,65652,0,2,2,38,True
21405,1,2,25620,1,2,38,38,True
21414,0,1,30139,0,1,34,34,True
21414,0,2,39793,1,2,34,34,True
21414,1,2,47907,0,1,34,34,True
21422,0,1,30949,1,2,18,27,True
21422,0,2,38176,1,2,18,36,True
21422,1,2,72795,0,2,27,36,True
21436,0,1,8828,0,2,26,27,True
21436,0,2,47331,1,2,26,27,True
21436,1,2,65690,0,1,27,27,True
21447,0,1,31625,0,2,2,3,True
21447,0,2,42991,1,2,2,24,True
21447,1,2,61840,0,1,3,24,True
21453,0,1,36054,0,2,19,37,True
21453,0,2,36054,1,2,19,37,True
21453,1,2,30415,0,1,37,37,True
21460,0,1,40984,1,2,32,34,True
21460,0,2,42849,0,1,32,34,True
21460,1,2,67424,0,1,34,34,True
21471,0,1,50887,0,2,13,38,True
21471,0,2,52933,0,2,13,38,True
21471,1,2,51014,1,2,38,38,True
21486,0,1,71261,0,1,1,28,True
21486,0,2,22460,0,2,1,38,True
21486,1,2,21649,0,1,28,38,True
21497,0,1,49988,1,2,12,14,True
21497,0,2,24499,0,1,12,15,True
21497,1,2,30013,0,1,14,15,True
21520,0,1,65518,1,2,4,4,True
21520,0,2,7316,0,2,4,34,True
21520,1,2,9092,0,2,4,34,True
21534,0,1,45768,1,2,26,29,True
21534,0,2,51007,0,1,26,29,True
21534,1,2,23162,1,2,29,29,True
21537,0,1,37015,0,1,1,1,True
21537,0,2,37020,0,1,1,1,True
21537,1,2,37020,0,2,1,1,True
21541,0,1,32906,0,1,14,14,True
21541,0,2,49768,1,2,14,27,True
21541,1,2,52220,0,1,14,27,True
21542,0,1,44594,1,2,28,38,True
21542,0,2,11620,0,1,28,39,True
21542,1,2,56244,0,1,38,39,True
21545,0,1,25241,0,1,6,6,True
21545,0,2,8660,0,2,6,20,True
21545,1,2,20383,0,2,6,20,True
21558,0,1,51436,0,2,12,12,True
21558,0,2,50622,0,1,12,17,True
21558,1,2,15865,0,1,12,17,True
21566,0,1,5030,0,2,4,39,True
21566,0,2,6441,0,2,4,39,True
21566,1,2,10243,1,2,39,39,True
21567,0,1,8131,0,1,15,15,True
21567,0,2,63730,0,1,15,29,True
21567,1,2,71285,1,2,15,29,True
21570,0,1,4021,1,2,28,33,True
21570,0,2,19091,1,2,28,36,True
21570,1,2,45250,1,2,33,36,True
21573,0,1,17753,0,2,7,31,True
21573,0,2,34456,0,2,7,32,True
21573,1,2,66329,1,2,31,32,True
21579,0,1,64956,1,2,30,30,True
21579,0,2,65676,1,2,30,30,True
21579,1,2,67405,0,1,30,30,True
21584,0,1,46301,1,2,38,38,True
21584,0,2,46941,0,1,38,38,True
21584,1,2,46941,0,2,38,38,True
21605,0,1,64227,0,2,15,25,True
21605,0,2,23260,1,2,15,30,True
21605,1,2,31221,0,2,25,30,True
21609,0,1,54558,0,2,16,16,True
21609,0,2,57701,0,1,16,22,True
21609,1,2,61928,0,1,16,22,True
21615,0,1,69650,0,2,7,16,True
21615,0,2,44578,0,1,7,30,True
21615,1,2,65653,0,1,16,30,True
21622,0,1,67111,0,2,14,14,True
21622,0,2,32426,0,1,14,25,True
21622,1,2,39414,0,2,14,25,True
21623,0,1,36927,0,1,9,22,True
21623,0,2,36927,0,2,9,22,True
21623,1,2,7414,0,1,22,22,True
21635,0,1,24890,0,2,2,2,True
21635,0,2,31655,0,1,2,28,True
21635,1,2,33208,1,2,2,28,True
21641,0,1,7265,1,2,27,32,True
21641,0,2,13421,1,2,27,32,True
21641,1,2,16661,0,1,32,32,True
21643,0,1,37490,1,2,27,27,True
21643,0,2,38021,0,1,27,27,True
21643,1,2,39190,1,2,27,27,True
21649,0,1,8369,0,1,28,38,True
21649,0,2,8369,0,2,28,38,True
21649,1,2,48922,1,2,38,38,True
21651,0,1,13440,1,2,23,38,True
21651,0,2,15267,0,2,23,38,True
21651,1,2,50154,1,2,38,38,True
21652,0,1,31689,0,1,2,14,True
21652,0,2,33453,0,2,2,14,True
21652,1,2,4163,1,2,14,14,True
21658,0,1,30186,0,2,17,33,True
21658,0,2,30583,0,2,17,33,True
21658,1,2,70720,0,1,33,33,True
21661,0,1,22083,0,1,22,22,True
21661,0,2,50448,0,2,22,23,True
21661,1,2,50448,1,2,22,23,True
21670,0,1,13474,1,2,17,26,True
21670,0,2,71515,0,2,17,28,True
21670,1,2,46710,1,2,26,28,True
21683,0,1,61881,0,2,1,15,True
21683,0,2,5631,0,2,1,30,True
21683,1,2,23260,0,2,15,30,True
21690,0,1,55208,0,2,1,18,True
21690,0,2,49754,0,1,1,24,True
21690,1,2,2821,1,2,18,24,True
21701,0,1,846,0,2,12,12,True
21701,0,2,46877,0,1,12,13,True
21701,1,2,47495,0,1,12,13,True
21704,0,1,50466,0,1,7,17,True
21704,0,2,53029,0,1,7,18,True
21704,1,2,55872,0,1,17,18,True
21705,0,1,59314,1,2,8,25,True
21705,0,2,69287,0,1,8,25,True
21705,1,2,69698,1,2,25,25,True
21707,0,1,43518,0,2,9,28,True
21707,0,2,50772,0,1,9,28,True
21707,1,2,35789,1,2,28,28,True
21715,0,1,23988,0,1,3,3,True
21715,0,2,20194,1,2,3,22,True
21715,1,2,21394,0,2,3,22,True
21723,0,1,29105,0,1,13,26,True
21723,0,2,29957,0,2,13,26,True
21723,1,2,36739,1,2,26,26,True
21745,0,1,17215,0,2,13,14,True
21745,0,2,17215,1,2,13,14,True
21745,1,2,41769,0,2,14,14,True
21751,0,1,48918,1,2,6,14,True
21751,0,2,55867,1,2,6,31,True
21751,1,2,54413,1,2,14,31,True
21755,0,1,41517,1,2,31,32,True
21755,0,2,63026,1,2,31,40,True
21755,1,2,34985,1,2,32,40,True
21776,0,1,34239,0,1,15,16,True
21776,0,2,43083,1,2,15,34,True
21776,1,2,33994,1,2,16,34,True
21788,0,1,18918,0,1,12,20,True
21788,0,2,65814,0,2,12,26,True
21788,1,2,23319,1,2,20,26,True
21800,0,1,45801,0,1,33,33,True
21800,0,2,45801,0,2,33,33,True
21800,1,2,45801,1,2,33,33,True
21802,0,1,44512,0,2,12,32,True
21802,0,2,45140,0,2,12,32,True
21802,1,2,11397,0,1,32,32,True
21807,0,1,58494,1,2,6,6,True
21807,0,2,55137,0,1,6,10,True
21807,1,2,60007,0,1,6,10,True
21822,0,1,71873,1,2,1,2,True
21822,0,2,59711,0,2,1,31,True
21822,1,2,13857,0,2,2,31,True
21825,0,1,44704,0,2,15,15,True
21825,0,2,3943,0,1,15,32,True
21825,1,2,7265,0,2,15,32,True
21855,0,1,228,0,2,4,19,True
21855,0,2,228,1,2,4,19,True
21855,1,2,4456,1,2,19,19,True
21856,0,1,10950,1,2,29,29,True
21856,0,2,39948,1,2,29,30,True
21856,1,2,41687,0,2,29,30,True
21883,0,1,10631,0,1,13,13,True
21883,0,2,15062,0,2,13,33,True
21883,1,2,15726,1,2,13,33,True
21887,0,1,39756,1,2,7,7,True
21887,0,2,23803,0,2,7,8,True
21887,1,2,23803,1,2,7,8,True
21914,0,1,29720,1,2,6,6,True
21914,0,2,392,1,2,6,13,True
21914,1,2,3811,0,1,6,13,True
21918,0,1,9300,0,1,35,35,True
21918,0,2,16779,0,1,35,36,True
21918,1,2,16779,0,2,35,36,True
21922,0,1,64694,0,2,21,23,True
21922,0,2,60159,0,1,21,24,True
21922,1,2,45375,1,2,23,24,True
21924,0,1,29473,1,2,34,34,True
21924,0,2,7960,1,2,34,39,True
21924,1,2,8732,0,2,34,39,True
21932,0,1,5305,1,2,2,2,True
21932,0,2,23047,0,2,2,38,True
21932,1,2,27106,0,2,2,38,True
21937,0,1,57507,0,1,13,15,True
21937,0,2,6458,0,1,13,30,True
21937,1,2,72219,0,2,15,30,True
21945,0,1,42849,0,1,32,34,True
21945,0,2,45559,0,2,32,34,True
21945,1,2,43647,1,2,34,34,True
21953,0,1,27204,0,2,1,4,True
21953,0,2,8235,0,1,1,21,True
21953,1,2,41861,0,2,4,21,True
21958,0,1,55282,0,2,9,22,True
21958,0,2,71068,0,2,9,30,True
21958,1,2,69199,0,1,22,30,True
21969,0,1,12322,1,2,6,33,True
21969,0,2,12486,0,2,6,33,True
21969,1,2,69894,1,2,33,33,True
21971,0,1,43110,0,2,11,31,True
21971,0,2,46721,0,2,11,31,True
21971,1,2,42676,1,2,31,31,True
21981,0,1,33025,0,2,1,12,True
21981,0,2,64647,0,1,1,13,True
21981,1,2,32253,1,2,12,13,True
21982,0,1,19895,1,2,9,18,True
21982,0,2,37573,0,2,9,34,True
21982,1,2,29369,0,2,18,34,True
22002,0,1,65536,0,1,5,27,True
22002,0,2,39833,0,2,5,28,True
22002,1,2,18854,0,2,27,28,True
22011,0,1,31375,1,2,17,17,True
22011,0,2,10027,0,1,17,26,True
22011,1,2,10027,0,2,17,26,True
22012,0,1,7193,0,1,9,37,True
22012,0,2,12361,0,2,9,39,True
22012,1,2,63994,1,2,37,39,True
22014,0,1,7499,1,2,24,34,True
22014,0,2,62442,0,2,24,35,True
22014,1,2,16185,1,2,34,35,True
22016,0,1,51967,1,2,16,18,True
22016,0,2,971,0,2,16,40,True
22016,1,2,32741,0,2,18,40,True
22039,0,1,8575,1,2,20,21,True
22039,0,2,10594,0,1,20,21,True
22039,1,2,5278,0,1,21,21,True
22048,0,1,52869,0,2,4,5,True
22048,0,2,20203,0,1,4,30,True
22048,1,2,7130,0,1,5,30,True
22052,0,1,9217,0,1,11,11,True
22052,0,2,39236,0,2,11,31,True
22052,1,2,39768,0,1,11,31,True
22057,0,1,4776,0,1,1,1,True
22057,0,2,71620,0,1,1,35,True
22057,1,2,71620,0,2,1,35,True
22060,0,1,35532,0,1,19,31,True
22060,0,2,35532,0,2,19,31,True
22060,1,2,19764,1,2,31,31,True
22062,0,1,33774,0,2,2,8,True
22062,0,2,57577,0,2,2,23,True
22062,1,2,46599,0,1,8,23,True
22083,0,1,38051,1,2,22,22,True
22083,0,2,38219,0,1,22,22,True
22083,1,2,39162,0,1,22,22,True
22087,0,1,72807,0,2,19,25,True
22087,0,2,88,1,2,19,25,True
22087,1,2,54732,1,2,25,25,True
22093,0,1,4037,0,2,26,35,True
22093,0,2,27316,1,2,26,35,True
22093,1,2,2752,1,2,35,35,True
22109,0,1,56706,0,2,24,26,True
22109,0,2,62289,0,1,24,26,True
22109,1,2,59550,0,1,26,26,True
22119,0,1,55903,0,2,26,33,True
22119,0,2,55903,1,2,26,33,True
22119,1,2,66438,1,2,33,33,True
22120,0,1,38753,0,1,3,3,True
22120,0,2,55562,1,2,3,35,True
22120,1,2,57497,0,2,3,35,True
22131,0,1,46525,1,2,25,40,True
22131,0,2,49723,0,2,25,40,True
22131,1,2,22875,0,1,40,40,True
22133,0,1,69881,0,2,15,18,True
22133,0,2,57377,0,2,15,36,True
22133,1,2,1515,0,1,18,36,True
22135,0,1,3608,0,2,11,38,True
22135,0,2,39252,0,2,11,39,True
22135,1,2,20056,1,2,38,39,True
22136,0,1,33046,0,1,13,13,True
22136,0,2,19797,0,2,13,37,True
22136,1,2,19797,1,2,13,37,True
22153,0,1,44299,1,2,3,25,True
22153,0,2,35521,1,2,3,38,True
22153,1,2,68042,0,2,25,38,True
22159,0,1,8610,0,1,28,28,True
22159,0,2,30161,1,2,28,29,True
22159,1,2,32374,0,1,28,29,True
22164,0,1,48162,0,2,24,25,True
22164,0,2,1597,0,1,24,33,True
22164,1,2,57198,0,2,25,33,True
22168,0,1,43812,0,2,7,10,True
22168,0,2,43812,1,2,7,10,True
22168,1,2,46990,0,2,10,10,True
22196,0,1,54649,0,1,10,10,True
22196,0,2,6982,1,2,10,18,True
22196,1,2,8737,0,2,10,18,True
22199,0,1,8447,0,2,3,10,True
22199,0,2,10255,1,2,3,31,True
22199,1,2,68874,0,2,10,31,True
22207,0,1,47338,0,1,13,31,True
22207,0,2,47338,0,2,13,31,True
22207,1,2,19990,0,1,31,31,True
22209,0,1,18649,0,2,6,7,True
22209,0,2,28669,0,1,6,14,True
22209,1,2,11005,0,1,7,14,True
22213,0,1,4410,1,2,8,31,True
22213,0,2,5442,0,2,8,31,True
22213,1,2,21196,0,2,31,31,True
22214,0,1,3715,0,1,3,3,True
22214,0,2,27736,0,1,3,4,True
22214,1,2,28170,0,1,3,4,True
22215,0,1,60496,1,2,3,36,True
22215,0,2,18888,0,2,3,37,True
22215,1,2,54681,1,2,36,37,True
22233,0,1,47372,0,1,15,17,True
22233,0,2,45216,1,2,15,23,True
22233,1,2,71006,1,2,17,23,True
22234,0,1,68033,0,2,10,25,True
22234,0,2,5053,1,2,10,34,True
22234,1,2,19069,0,2,25,34,True
22236,0,1,12316,0,1,21,23,True
22236,0,2,16893,0,2,21,24,True
22236,1,2,10010,0,1,23,24,True
22237,0,1,54219,0,1,22,22,True
22237,0,2,64223,0,2,22,35,True
22237,1,2,64223,1,2,22,35,True
22243,0,1,46058,1,2,33,33,True
22243,0,2,67108,1,2,33,36,True
22243,1,2,67428,0,1,33,36,True
22268,0,1,40944,0,2,1,16,True
22268,0,2,62325,0,2,1,17,True
22268,1,2,68628,0,1,16,17,True
22271,0,1,38911,0,1,25,25,True
22271,0,2,41052,1,2,25,25,True
22271,1,2,41516,0,1,25,25,True
22277,0,1,40533,0,2,23,24,True
22277,0,2,61687,1,2,23,29,True
22277,1,2,26509,0,2,24,29,True
22283,0,1,32244,0,1,21,21,True
22283,0,2,48228,0,2,21,36,True
22283,1,2,49905,0,2,21,36,True
22285,0,1,23930,0,2,13,14,True
22285,0,2,69650,1,2,13,16,True
22285,1,2,11197,1,2,14,16,True
22293,0,1,28885,0,2,20,34,True
22293,0,2,49913,0,1,20,37,True
22293,1,2,24999,0,2,34,37,True
22294,0,1,39079,0,2,18,29,True
22294,0,2,48363,0,2,18,32,True
22294,1,2,62348,1,2,29,32,True
22299,0,1,51436,1,2,12,12,True
22299,0,2,41976,1,2,12,13,True
22299,1,2,56047,0,1,12,13,True
22303,0,1,57994,0,2,28,35,True
22303,0,2,49760,1,2,28,40,True
22303,1,2,3368,-1,2,35,40,False
22310,0,1,46647,0,2,13,13,True
22310,0,2,46647,1,2,13,13,True
22310,1,2,47164,0,1,13,13,True
22348,0,1,55024,0,1,5,18,True
22348,0,2,60598,0,1,5,39,True
22348,1,2,813,0,1,18,39,True
22352,0,1,69704,0,2,4,17,True
22352,0,2,70653,0,1,4,18,True
22352,1,2,71559,1,2,17,18,True
22355,0,1,43712,0,2,1,30,True
22355,0,2,44664,0,2,1,30,True
22355,1,2,70888,1,2,30,30,True
22371,0,1,22277,1,2,24,29,True
22371,0,2,11936,0,2,24,37,True
22371,1,2,72049,0,2,29,37,True
22373,0,1,66075,0,1,21,21,True
22373,0,2,32577,1,2,21,22,True
22373,1,2,33376,0,2,21,22,True
22374,0,1,6466,0,1,14,30,True
22374,0,2,10344,0,2,14,37,True
22374,1,2,68369,0,2,30,37,True
22375,0,1,4222,0,1,25,25,True
22375,0,2,4439,0,1,25,25,True
22375,1,2,4439,0,2,25,25,True
22377,0,1,65764,0,2,10,32,True
22377,0,2,10939,0,2,10,36,True
22377,1,2,62741,0,1,32,36,True
22381,0,1,2553,0,1,13,13,True
22381,0,2,2553,0,2,13,13,True
22381,1,2,2553,1,2,13,13,True
22391,0,1,65770,1,2,8,8,True
22391,0,2,2797,0,2,8,14,True
22391,1,2,2797,1,2,8,14,True
22393,0,1,28449,0,2,30,31,True
22393,0,2,51803,1,2,30,37,True
22393,1,2,55610,0,2,31,37,True
22401,0,1,27813,0,1,1,2,True
22401,0,2,31968,0,1,1,2,True
22401,1,2,53486,0,1,2,2,True
22405,0,1,41462,0,1,12,12,True
22405,0,2,42794,0,1,12,12,True
22405,1,2,42829,0,1,12,12,True
22424,0,1,11393,0,1,7,7,True
22424,0,2,11699,0,1,7,7,True
22424,1,2,12085,0,1,7,7,True
22430,0,1,67609,1,2,18,18,True
22430,0,2,67611,0,1,18,18,True
22430,1,2,67611,0,2,18,18,True
22450,0,1,26277,0,1,14,14,True
22450,0,2,49963,0,2,14,37,True
22450,1,2,53712,0,1,14,37,True
22451,0,1,750,0,1,3,14,True
22451,0,2,12379,0,2,3,14,True
22451,1,2,27612,1,2,14,14,True
22452,0,1,53729,-1,0,3,17,False
22452,0,2,13842,0,2,3,39,True
22452,1,2,50203,0,2,17,39,True
22460,0,1,6124,0,1,1,37,True
22460,0,2,55939,0,2,1,38,True
22460,1,2,35148,1,2,37,38,True
22478,0,1,36307,0,2,3,25,True
22478,0,2,44230,0,2,3,40,True
22478,1,2,53167,0,2,25,40,True
22480,0,1,16420,0,2,17,38,True
22480,0,2,67412,0,2,17,39,True
22480,1,2,16727,0,1,38,39,True
22483,0,1,8358,0,2,3,37,True
22483,0,2,17096,0,2,3,37,True
22483,1,2,52831,0,1,37,37,True
22497,0,1,21066,0,1,3,16,True
22497,0,2,24157,0,2,3,32,True
22497,1,2,70563,0,2,16,32,True
22500,0,1,5048,1,2,26,33,True
22500,0,2,31217,0,1,26,34,True
22500,1,2,18094,1,2,33,34,True
22508,0,1,48162,1,2,24,25,True
22508,0,2,48222,0,1,24,25,True
22508,1,2,52721,0,1,25,25,True
22526,0,1,51949,1,2,8,8,True
22526,0,2,50172,0,1,8,40,True
22526,1,2,50172,0,2,8,40,True
22528,0,1,3563,1,2,31,37,True
22528,0,2,47130,1,2,31,39,True
22528,1,2,28581,1,2,37,39,True
22531,0,1,32298,0,1,5,5,True
22531,0,2,39833,0,2,5,28,True
22531,1,2,41892,0,2,5,28,True
22555,0,1,12861,0,1,2,2,True
22555,0,2,12861,0,2,2,2,True
22555,1,2,12861,1,2,2,2,True
22564,0,1,22959,0,1,1,2,True
22564,0,2,55065,0,2,1,33,True
22564,1,2,55277,0,1,2,33,True
22573,0,1,22767,0,2,13,14,True
22573,0,2,40662,1,2,13,26,True
22573,1,2,70126,0,2,14,26,True
22577,0,1,26515,0,1,14,27,True
22577,0,2,23162,0,1,14,29,True
22577,1,2,37759,0,1,27,29,True
22583,0,1,29364,0,2,3,10,True
22583,0,2,37872,0,2,3,37,True
22583,1,2,59044,0,2,10,37,True
22588,0,1,51570,1,2,12,24,True
22588,0,2,53854,0,2,12,24,True
22588,1,2,61631,0,1,24,24,True
22591,0,1,2882,0,1,15,31,True
22591,0,2,24709,0,2,15,33,True
22591,1,2,3644,1,2,31,33,True
22597,0,1,29283,0,1,5,31,True
22597,0,2,8150,0,2,5,37,True
22597,1,2,28508,0,2,31,37,True
22603,0,1,37138,1,2,36,36,True
22603,0,2,37680,1,2,36,36,True
22603,1,2,38103,0,1,36,36,True
22636,0,1,70759,0,2,29,37,True
22636,0,2,72049,0,2,29,37,True
22636,1,2,48539,1,2,37,37,True
22640,0,1,56990,1,2,14,14,True
22640,0,2,57814,0,1,14,14,True
22640,1,2,57971,1,2,14,14,True
22645,0,1,10234,1,2,19,21,True
22645,0,2,56975,1,2,19,34,True
22645,1,2,68161,0,2,21,34,True
22660,0,1,19370,1,2,36,36,True
22660,0,2,4723,1,2,36,37,True
22660,1,2,4734,0,1,36,37,True
22668,0,1,28933,1,2,10,10,True
22668,0,2,44072,0,2,10,26,True
22668,1,2,45035,0,2,10,26,True
22682,0,1,37176,0,1,17,17,True
22682,0,2,4019,1,2,17,26,True
22682,1,2,10027,0,1,17,26,True
22692,0,1,6764,1,2,14,15,True
22692,0,2,70997,0,1,14,35,True
22692,1,2,51824,1,2,15,35,True
22697,0,1,45035,0,1,10,14,True
22697,0,2,40611,1,2,10,18,True
22697,1,2,10102,0,2,14,18,True
22711,0,1,29764,0,2,19,34,True
22711,0,2,34135,0,2,19,34,True
22711,1,2,65467,1,2,34,34,True
22712,0,1,62293,0,1,12,12,True
22712,0,2,20670,0,1,12,16,True
22712,1,2,21025,0,1,12,16,True
22748,0,1,23666,1,2,32,32,True
22748,0,2,57602,0,1,32,39,True
22748,1,2,4530,1,2,32,39,True
22753,0,1,55979,0,1,9,9,True
22753,0,2,15662,0,1,9,27,True
22753,1,2,28510,0,1,9,27,True
22763,0,1,40292,0,1,5,6,True
22763,0,2,14257,0,1,5,9,True
22763,1,2,52507,0,1,6,9,True
22767,0,1,51433,0,1,13,14,True
22767,0,2,51834,0,1,13,14,True
22767,1,2,5552,0,1,14,14,True
22778,0,1,36115,1,2,14,14,True
22778,0,2,37511,0,1,14,14,True
22778,1,2,37511,0,2,14,14,True
22780,0,1,37564,0,1,18,18,True
22780,0,2,14449,1,2,18,32,True
22780,1,2,16875,0,2,18,32,True
22784,0,1,33622,0,1,28,34,True
22784,0,2,33622,0,2,28,34,True
22784,1,2,18763,0,2,34,34,True
22788,0,1,15390,0,2,7,23,True
22788,0,2,27582,0,1,7,28,True
22788,1,2,45310,0,2,23,28,True
22790,0,1,50905,0,2,17,25,True
22790,0,2,30186,0,2,17,33,True
22790,1,2,59655,1,2,25,33,True
22793,0,1,49315,-1,0,25,29,False
22793,0,2,68553,0,1,25,30,True
22793,1,2,22803,1,2,29,30,True
22802,0,1,8917,1,2,32,32,True
22802,0,2,9065,1,2,32,32,True
22802,1,2,9084,1,2,32,32,True
22803,0,1,6454,-1,1,3,29,False
22803,0,2,6759,-1,2,3,30,False
22803,1,2,32470,1,2,29,30,True
22806,0,1,59250,0,1,6,6,True
22806,0,2,59250,0,2,6,6,True
22806,1,2,59250,1,2,6,6,True
22815,0,1,71406,0,1,10,18,True
22815,0,2,839,0,1,10,18,True
22815,1,2,49458,1,2,18,18,True
22828,0,1,7599,0,1,13,13,True
22828,0,2,62002,0,2,13,38,True
22828,1,2,6772,1,2,13,38,True
22834,0,1,51810,0,1,5,7,True
22834,0,2,24808,0,1,5,13,True
22834,1,2,72335,0,2,7,13,True
22836,0,1,35209,0,2,9,21,True
22836,0,2,32440,0,2,9,32,True
22836,1,2,45588,1,2,21,32,True
22842,0,1,12143,1,2,35,35,True
22842,0,2,12151,0,1,35,35,True
22842,1,2,12713,1,2,35,35,True
22860,0,1,52668,0,1,6,6,True
22860,0,2,28792,0,2,6,11,True
22860,1,2,28792,1,2,6,11,True
22875,0,1,72142,1,2,40,40,True
22875,0,2,72551,1,2,40,40,True
22875,1,2,72645,1,2,40,40,True
22883,0,1,7748,0,2,3,6,True
22883,0,2,11241,1,2,3,24,True
22883,1,2,14055,1,2,6,24,True
22892,0,1,50139,0,2,2,22,True
22892,0,2,60765,0,2,2,22,True
22892,1,2,53546,0,2,22,22,True
22896,0,1,40273,1,2,8,9,True
22896,0,2,60821,0,2,8,29,True
22896,1,2,60316,0,2,9,29,True
22897,0,1,41731,0,1,5,5,True
22897,0,2,42591,0,1,5,5,True
22897,1,2,42907,0,1,5,5,True
22900,0,1,68166,0,1,8,24,True
22900,0,2,71205,0,1,8,24,True
22900,1,2,49072,1,2,24,24,True
22912,0,1,41516,0,1,25,25,True
22912,0,2,41516,0,2,25,25,True
22912,1,2,41516,1,2,25,25,True
22914,0,1,66374,0,2,20,21,True
22914,0,2,52133,1,2,20,28,True
22914,1,2,60476,0,2,21,28,True
22923,0,1,66794,1,2,11,12,True
22923,0,2,30063,0,1,11,23,True
22923,1,2,36896,0,1,12,23,True
22924,0,1,36543,-1,2,1,39,False
22924,0,2,51517,0,2,1,40,True
22924,1,2,4927,0,2,39,40,True
22926,0,1,30748,0,1,5,7,True
22926,0,2,67743,0,2,5,28,True
22926,1,2,22788,0,2,7,28,True
22934,0,1,52196,0,2,2,13,True
22934,0,2,52196,1,2,2,13,True
22934,1,2,48747,0,1,13,13,True
22938,0,1,24171,0,2,15,27,True
22938,0,2,27494,0,2,15,33,True
22938,1,2,43744,0,1,27,33,True
22939,0,1,55506,0,1,4,4,True
22939,0,2,34824,0,1,4,18,True
22939,1,2,38669,0,2,4,18,True
22946,0,1,46744,0,2,9,31,True
22946,0,2,39681,0,2,9,36,True
22946,1,2,63772,1,2,31,36,True
22959,0,1,64331,0,2,1,2,True
22959,0,2,16827,0,1,1,18,True
22959,1,2,51011,0,1,2,18,True
22963,0,1,19833,0,2,6,6,True
22963,0,2,17529,0,1,6,7,True
22963,1,2,18011,0,1,6,7,True
22966,0,1,59018,0,1,13,13,True
22966,0,2,56487,0,2,13,14,True
22966,1,2,57806,0,1,13,14,True
23006,0,1,6461,1,2,22,35,True
23006,0,2,7002,0,2,22,35,True
23006,1,2,65197,0,1,35,35,True
23010,0,1,7970,0,2,16,17,True
23010,0,2,19516,0,2,16,32,True
23010,1,2,25085,0,2,17,32,True
23018,0,1,58898,0,1,2,5,True
23018,0,2,65303,0,1,2,5,True
23018,1,2,70854,0,2,5,5,True
23024,0,1,1423,0,2,25,37,True
23024,0,2,15652,1,2,25,38,True
23024,1,2,4106,1,2,37,38,True
23026,0,1,11133,0,1,4,10,True
23026,0,2,35283,0,1,4,12,True
23026,1,2,37606,1,2,10,12,True
23028,0,1,65684,0,2,28,38,True
23028,0,2,66642,1,2,28,38,True
23028,1,2,21584,1,2,38,38,True
23029,0,1,57997,0,1,30,31,True
23029,0,2,15017,1,2,30,34,True
23029,1,2,66905,1,2,31,34,True
23033,0,1,42345,1,2,23,38,True
23033,0,2,44545,0,1,23,38,True
23033,1,2,24894,1,2,38,38,True
23039,0,1,51590,1,2,27,27,True
23039,0,2,12302,1,2,27,40,True
23039,1,2,34817,1,2,27,40,True
23047,0,1,41532,0,2,2,32,True
23047,0,2,18648,0,2,2,38,True
23047,1,2,23244,1,2,32,38,True
23057,0,1,40301,1,2,26,28,True
23057,0,2,38834,0,1,26,33,True
23057,1,2,52459,0,2,28,33,True
23072,0,1,20902,0,2,25,25,True
23072,0,2,20902,1,2,25,25,True
23072,1,2,21366,0,1,25,25,True
23077,0,1,60079,0,2,30,34,True
23077,0,2,12536,1,2,30,35,True
23077,1,2,37052,0,2,34,35,True
23093,0,1,48083,0,1,26,26,True
23093,0,2,48083,0,2,26,26,True
23093,1,2,48083,1,2,26,26,True
23099,0,1,8286,0,2,14,15,True
23099,0,2,224,0,1,14,17,True
23099,1,2,22233,0,1,15,17,True
23100,0,1,7263,0,1,9,10,True
23100,0,2,8125,0,2,9,10,True
23100,1,2,60547,1,2,10,10,True
23114,0,1,63951,0,2,13,14,True
23114,0,2,49178,0,2,13,38,True
23114,1,2,55795,0,2,14,38,True
23117,0,1,43647,1,2,34,34,True
23117,0,2,43773,1,2,34,34,True
23117,1,2,44634,0,1,34,34,True
23120,0,1,34082,0,2,1,18,True
23120,0,2,38890,0,1,1,18,True
23120,1,2,34457,0,1,18,18,True
23123,0,1,26116,1,2,7,40,True
23123,0,2,30605,1,2,7,40,True
23123,1,2,69968,1,2,40,40,True
23137,0,1,40636,0,1,19,32,True
23137,0,2,40636,0,2,19,32,True
23137,1,2,36220,0,1,32,32,True
23155,0,1,39591,1,2,13,16,True
23155,0,2,39653,0,1,13,16,True
23155,1,2,64583,0,2,16,16,True
23162,0,1,20686,1,2,14,29,True
23162,0,2,22577,0,2,14,29,True
23162,1,2,66737,1,2,29,29,True
23165,0,1,66217,0,2,9,25,True
23165,0,2,51099,0,1,9,32,True
23165,1,2,55147,1,2,25,32,True
23169,0,1,6246,0,2,16,17,True
23169,0,2,20141,0,2,16,39,True
23169,1,2,22480,0,2,17,39,True
23183,0,1,69603,0,2,11,21,True
23183,0,2,2826,0,1,11,21,True
23183,1,2,31476,1,2,21,21,True
23184,0,1,32926,0,1,17,18,True
23184,0,2,68029,1,2,17,39,True
23184,1,2,27371,0,2,18,39,True
23185,0,1,24032,0,1,7,8,True
23185,0,2,20756,1,2,7,11,True
23185,1,2,66736,0,2,8,11,True
23204,0,1,31772,0,1,21,24,True
23204,0,2,22283,1,2,21,36,True
23204,1,2,29004,0,2,24,36,True
23211,0,1,60393,0,2,3,30,True
23211,0,2,32464,0,2,3,33,True
23211,1,2,59473,1,2,30,33,True
23213,0,1,52476,0,2,8,8,True
23213,0,2,10298,0,2,8,17,True
23213,1,2,10445,0,1,8,17,True
23216,0,1,34695,0,1,9,9,True
23216,0,2,61148,0,2,9,14,True
23216,1,2,66689,0,1,9,14,True
23221,0,1,24629,1,2,29,29,True
23221,0,2,61383,0,2,29,32,True
23221,1,2,62348,0,2,29,32,True
23222,0,1,2007,0,2,6,22,True
23222,0,2,32168,1,2,6,40,True
23222,1,2,65292,0,2,22,40,True
23229,0,1,46569,0,1,6,7,True
23229,0,2,35590,0,2,6,27,True
23229,1,2,69513,0,2,7,27,True
23230,0,1,35779,0,1,2,2,True
23230,0,2,55093,0,2,2,34,True
23230,1,2,56521,1,2,2,34,True
23236,0,1,61011,1,2,9,12,True
23236,0,2,65454,1,2,9,13,True
23236,1,2,67375,0,1,12,13,True
23237,0,1,35064,1,2,23,25,True
23237,0,2,52022,1,2,23,29,True
23237,1,2,50323,0,1,25,29,True
23240,0,1,62843,0,1,6,7,True
23240,0,2,66372,0,1,6,7,True
23240,1,2,1466,1,2,7,7,True
23244,0,1,11397,0,1,32,32,True
23244,0,2,13057,0,2,32,38,True
23244,1,2,14342,0,2,32,38,True
23248,0,1,7316,0,1,4,5,True
23248,0,2,70864,0,1,4,9,True
23248,1,2,45634,0,2,5,9,True
23249,0,1,55084,0,2,23,34,True
23249,0,2,61684,1,2,23,35,True
23249,1,2,45187,0,1,34,35,True
23260,0,1,1396,1,2,15,15,True
23260,0,2,21937,1,2,15,30,True
23260,1,2,38253,0,2,15,30,True
23295,0,1,10797,0,1,5,37,True
23295,0,2,17505,0,2,5,38,True
23295,1,2,44132,0,1,37,38,True
23308,0,1,14859,0,2,8,19,True
23308,0,2,34973,1,2,8,26,True
23308,1,2,1774,1,2,19,26,True
23311,0,1,23811,1,2,17,37,True
23311,0,2,35287,0,2,17,40,True
23311,1,2,7638,1,2,37,40,True
23314,0,1,42302,0,1,19,19,True
23314,0,2,54054,-1,1,19,29,False
23314,1,2,56131,-1,0,19,29,False
23319,0,1,71570,1,2,20,20,True
23319,0,2,21788,1,2,20,26,True
23319,1,2,38217,0,1,20,26,True
23320,0,1,71502,1,2,8,8,True
23320,0,2,71571,1,2,8,8,True
23320,1,2,113,0,1,8,8,True
23326,0,1,61746,0,1,27,33,True
23326,0,2,26515,1,2,27,34,True
23326,1,2,70720,1,2,33,34,True
23351,0,1,43241,0,1,17,18,True
23351,0,2,43905,1,2,17,36,True
23351,1,2,3861,1,2,18,36,True
23358,0,1,14818,0,1,1,8,True
23358,0,2,3371,0,2,1,28,True
23358,1,2,26575,0,2,8,28,True
23360,0,1,25295,0,2,5,6,True
23360,0,2,39040,1,2,5,14,True
23360,1,2,43887,0,2,6,14,True
23375,0,1,23538,0,1,3,13,True
23375,0,2,21066,0,2,3,32,True
23375,1,2,25082,0,2,13,32,True
23381,0,1,35190,1,2,8,22,True
23381,0,2,43083,0,2,8,34,True
23381,1,2,33014,0,1,22,34,True
23392,0,1,67609,1,2,18,18,True
23392,0,2,39079,1,2,18,29,True
23392,1,2,44395,1,2,18,29,True
23401,0,1,34690,0,1,2,2,True
23401,0,2,17841,0,1,2,30,True
23401,1,2,18047,0,1,2,30,True
23414,0,1,4750,0,1,6,40,True
23414,0,2,4750,0,2,6,40,True
23414,1,2,34699,1,2,40,40,True
23415,0,1,40055,0,1,2,19,True
23415,0,2,51803,0,2,2,37,True
23415,1,2,24809,0,1,19,37,True
23416,0,1,4427,0,2,7,7,True
23416,0,2,4427,1,2,7,7,True
23416,1,2,5345,0,1,7,7,True
23428,0,1,11805,1,2,13,20,True
23428,0,2,60744,0,2,13,36,True
23428,1,2,25730,0,2,20,36,True
23434,0,1,18496,0,1,30,30,True
23434,0,2,27294,0,1,30,37,True
23434,1,2,34052,0,1,30,37,True
23440,0,1,60212,0,2,6,28,True
23440,0,2,10746,0,1,6,39,True
23440,1,2,61235,1,2,28,39,True
23443,0,1,46261,0,1,4,5,True
23443,0,2,55384,0,2,4,17,True
23443,1,2,15495,0,2,5,17,True
23445,0,1,1288,1,2,24,25,True
23445,0,2,3344,0,2,24,26,True
23445,1,2,71624,0,2,25,26,True
23448,0,1,7815,0,2,14,28,True
23448,0,2,16587,1,2,14,28,True
23448,1,2,37750,1,2,28,28,True
23454,0,1,4287,0,1,12,29,True
23454,0,2,36830,0,2,12,40,True
23454,1,2,61589,0,2,29,40,True
23462,0,1,30392,1,2,9,15,True
23462,0,2,41969,0,2,9,18,True
23462,1,2,6761,0,2,15,18,True
23470,0,1,65468,0,1,6,13,True
23470,0,2,10383,0,1,6,14,True
23470,1,2,34023,1,2,13,14,True
23479,0,1,20904,1,2,15,17,True
23479,0,2,64148,0,1,15,17,True
23479,1,2,38380,0,1,17,17,True
23496,0,1,17303,0,2,1,15,True
23496,0,2,11018,0,2,1,17,True
23496,1,2,47372,0,1,15,17,True
23520,0,1,13917,0,1,10,10,True
23520,0,2,47092,0,2,10,33,True
23520,1,2,48819,0,2,10,33,True
23525,0,1,24929,1,2,18,28,True
23525,0,2,26575,1,2,18,28,True
23525,1,2,72733,1,2,28,28,True
23527,0,1,35456,0,2,21,39,True
23527,0,2,38126,1,2,21,39,True
23527,1,2,71071,1,2,39,39,True
23528,0,1,70937,0,2,12,18,True
23528,0,2,44722,0,2,12,27,True
23528,1,2,26091,0,2,18,27,True
23530,0,1,45424,1,2,22,22,True
23530,0,2,2077,1,2,22,35,True
23530,1,2,6452,0,2,22,35,True
23534,0,1,18334,0,2,27,30,True
23534,0,2,72435,1,2,27,39,True
23534,1,2,51028,0,2,30,39,True
23537,0,1,45180,1,2,15,15,True
23537,0,2,53022,1,2,15,40,True
23537,1,2,54562,1,2,15,40,True
23538,0,1,33628,0,2,3,13,True
23538,0,2,22120,0,2,3,35,True
23538,1,2,58778,0,2,13,35,True
23549,0,1,22896,0,1,8,9,True
23549,0,2,27261,0,2,8,10,True
23549,1,2,18338,0,1,9,10,True
23555,0,1,23872,1,2,20,20,True
23555,0,2,62609,1,2,20,30,True
23555,1,2,65024,1,2,20,30,True
23556,0,1,23652,1,2,2,3,True
23556,0,2,26295,0,2,2,3,True
23556,1,2,21120,0,2,3,3,True
23564,0,1,7792,1,2,34,34,True
23564,0,2,8304,0,1,34,34,True
23564,1,2,8522,1,2,34,34,True
23565,0,1,837,0,1,13,13,True
23565,0,2,20179,0,2,13,25,True
23565,1,2,20179,1,2,13,25,True
23575,0,1,29833,1,2,20,21,True
23575,0,2,34030,0,2,20,21,True
23575,1,2,41977,1,2,21,21,True
23588,0,1,51203,0,2,7,25,True
23588,0,2,32283,0,2,7,35,True
23588,1,2,39345,1,2,25,35,True
23595,0,1,41393,0,2,13,18,True
23595,0,2,7068,0,2,13,23,True
23595,1,2,49422,0,1,18,23,True
23599,0,1,67318,0,1,3,9,True
23599,0,2,1159,0,2,3,26,True
23599,1,2,9144,1,2,9,26,True
23613,0,1,57742,0,1,14,18,True
23613,0,2,17080,0,1,14,24,True
23613,1,2,25487,0,1,18,24,True
23617,0,1,4399,0,1,2,39,True
23617,0,2,12724,0,2,2,39,True
23617,1,2,45866,1,2,39,39,True
23623,0,1,61653,1,2,5,6,True
23623,0,2,68394,0,1,5,6,True
23623,1,2,54336,0,2,6,6,True
23633,0,1,19471,0,2,25,25,True
23633,0,2,8862,-1,2,25,40,False
23633,1,2,10191,-1,2,25,40,False
23641,0,1,6116,0,2,1,1,True
23641,0,2,19947,0,2,1,16,True
23641,1,2,19947,1,2,1,16,True
23642,0,1,23633,-1,2,37,40,False
23642,0,2,28511,-1,2,37,40,False
23642,1,2,28548,1,2,40,40,True
23644,0,1,10013,1,2,24,25,True
23644,0,2,10421,1,2,24,25,True
23644,1,2,70809,1,2,25,25,True
23646,0,1,23710,1,2,28,28,True
23646,0,2,23731,0,1,28,28,True
23646,1,2,23860,0,1,28,28,True
23652,0,1,67638,0,1,2,2,True
23652,0,2,34487,0,1,2,3,True
23652,1,2,34633,0,2,2,3,True
23660,0,1,13522,0,2,17,17,True
23660,0,2,13522,1,2,17,17,True
23660,1,2,14012,1,2,17,17,True
23666,0,1,11907,0,1,11,32,True
23666,0,2,11907,0,2,11,32,True
23666,1,2,29763,1,2,32,32,True
23667,0,1,54687,0,2,8,9,True
23667,0,2,13835,0,1,8,23,True
23667,1,2,16852,0,2,9,23,True
23671,0,1,23696,1,2,32,33,True
23671,0,2,59392,1,2,32,35,True
23671,1,2,34837,0,2,33,35,True
23679,0,1,38715,0,1,3,28,True
23679,0,2,33470,0,1,3,34,True
23679,1,2,54868,1,2,28,34,True
23687,0,1,71130,0,1,11,19,True
23687,0,2,40789,1,2,11,20,True
23687,1,2,52012,0,1,19,20,True
23688,0,1,47262,1,2,11,28,True
23688,0,2,34668,0,2,11,29,True
23688,1,2,22159,0,2,28,29,True
23696,0,1,65725,0,1,8,32,True
23696,0,2,13942,0,2,8,33,True
23696,1,2,52577,0,1,32,33,True
23707,0,1,44704,1,2,15,15,True
23707,0,2,45216,0,2,15,23,True
23707,1,2,45216,1,2,15,23,True
23710,0,1,45947,0,1,28,28,True
23710,0,2,45947,0,2,28,28,True
23710,1,2,45947,1,2,28,28,True
23728,0,1,35045,0,1,5,18,True
23728,0,2,68058,0,2,5,36,True
23728,1,2,68844,0,2,18,36,True
23731,0,1,16536,0,1,28,28,True
23731,0,2,70960,1,2,28,29,True
23731,1,2,71541,0,1,28,29,True
23739,0,1,32306,0,1,3,11,True
23739,0,2,49713,1,2,3,20,True
23739,1,2,44776,0,1,11,20,True
23748,0,1,52731,0,1,1,1,True
23748,0,2,26185,1,2,1,11,True
23748,1,2,31220,0,1,1,11,True
23753,0,1,52360,0,1,6,6,True
23753,0,2,36064,0,2,6,40,True
23753,1,2,41296,0,2,6,40,True
23773,0,1,64373,1,2,12,12,True
23773,0,2,58093,0,2,12,29,True
23773,1,2,60258,0,2,12,29,True
23775,0,1,14799,1,2,16,16,True
23775,0,2,33040,0,1,16,38,True
23775,1,2,38366,1,2,16,38,True
23783,0,1,15692,0,2,3,8,True
23783,0,2,43385,0,2,3,14,True
23783,1,2,66053,0,2,8,14,True
23784,0,1,51074,0,2,25,26,True
23784,0,2,37919,0,2,25,30,True
23784,1,2,15307,1,2,26,30,True
23796,0,1,22682,1,2,17,26,True
23796,0,2,36093,1,2,17,36,True
23796,1,2,71062,0,1,26,36,True
23803,0,1,21887,0,1,7,7,True
23803,0,2,68473,0,1,7,8,True
23803,1,2,21887,0,2,7,8,True
23811,0,1,46807,0,1,7,17,True
23811,0,2,29792,0,2,7,37,True
23811,1,2,50717,1,2,17,37,True
23813,0,1,48656,0,1,36,36,True
23813,0,2,48656,0,2,36,36,True
23813,1,2,48656,1,2,36,36,True
23815,0,1,33205,0,1,4,5,True
23815,0,2,13261,1,2,4,18,True
23815,1,2,35045,0,2,5,18,True
23843,0,1,25063,0,2,2,13,True
23843,0,2,13612,0,1,2,14,True
23843,1,2,22285,0,1,13,14,True
23860,0,1,37750,0,1,28,28,True
23860,0,2,37750,0,2,28,28,True
23860,1,2,37750,1,2,28,28,True
23865,0,1,11098,0,1,36,37,True
23865,0,2,52696,1,2,36,40,True
23865,1,2,6483,0,2,37,40,True
23872,0,1,39290,0,2,1,20,True
23872,0,2,43562,0,1,1,20,True
23872,1,2,62745,0,1,20,20,True
23877,0,1,61947,0,1,1,25,True
23877,0,2,3182,0,1,1,27,True
23877,1,2,67021,1,2,25,27,True
23913,0,1,32778,0,1,4,8,True
23913,0,2,58671,0,2,4,20,True
23913,1,2,41081,0,2,8,20,True
23921,0,1,5756,1,2,2,9,True
23921,0,2,57577,0,2,2,23,True
23921,1,2,19104,0,1,9,23,True
23930,0,1,66316,1,2,13,13,True
23930,0,2,51433,0,1,13,14,True
23930,1,2,51834,0,1,13,14,True
23931,0,1,48533,0,2,4,16,True
23931,0,2,20496,0,2,4,32,True
23931,1,2,57228,0,2,16,32,True
23956,0,1,63383,0,2,11,33,True
23956,0,2,11835,0,2,11,40,True
23956,1,2,33293,1,2,33,40,True
23968,0,1,37750,0,2,28,28,True
23968,0,2,24629,0,2,28,29,True
23968,1,2,25429,1,2,28,29,True
23970,0,1,51675,1,2,21,21,True
23970,0,2,65385,1,2,21,27,True
23970,1,2,67021,0,2,21,27,True
23975,0,1,63936,1,2,6,6,True
23975,0,2,35451,0,2,6,28,True
23975,1,2,38670,0,1,6,28,True
23978,0,1,68622,1,2,4,4,True
23978,0,2,69800,1,2,4,4,True
23978,1,2,69872,0,1,4,4,True
23980,0,1,35018,0,1,4,4,True
23980,0,2,26125,0,2,4,37,True
23980,1,2,33930,0,2,4,37,True
23982,0,1,58152,0,1,29,29,True
23982,0,2,27274,0,2,29,39,True
23982,1,2,27841,1,2,29,39,True
23984,0,1,24415,0,2,5,19,True
23984,0,2,9199,0,1,5,20,True
23984,1,2,42649,0,2,19,20,True
23988,0,1,47512,0,1,3,3,True
23988,0,2,32377,0,1,3,32,True
23988,1,2,32377,0,2,3,32,True
23996,0,1,21497,0,1,12,14,True
23996,0,2,26910,0,2,12,19,True
23996,1,2,63574,0,1,14,19,True
24007,0,1,4127,0,1,8,8,True
24007,0,2,4410,0,1,8,8,True
24007,1,2,5436,0,1,8,8,True
24010,0,1,59395,0,1,12,26,True
24010,0,2,41739,0,2,12,36,True
24010,1,2,57388,0,2,26,36,True
24019,0,1,66609,0,1,10,10,True
24019,0,2,24415,1,2,10,19,True
24019,1,2,29279,1,2,10,19,True
24020,0,1,57470,0,1,7,14,True
24020,0,2,33920,0,1,7,29,True
24020,1,2,70035,1,2,14,29,True
24031,0,1,55595,0,2,2,27,True
24031,0,2,59108,0,2,2,27,True
24031,1,2,5800,1,2,27,27,True
24032,0,1,8054,0,1,7,8,True
24032,0,2,28184,0,2,7,24,True
24032,1,2,68166,0,1,8,24,True
24038,0,1,23921,0,2,2,23,True
24038,0,2,51435,0,2,2,37,True
24038,1,2,36804,1,2,23,37,True
24041,0,1,35994,0,1,18,22,True
24041,0,2,36991,0,2,18,22,True
24041,1,2,50719,1,2,22,22,True
24046,0,1,56451,1,2,20,20,True
24046,0,2,72531,0,2,20,21,True
24046,1,2,1187,1,2,20,21,True
24050,0,1,10098,0,1,3,10,True
24050,0,2,6071,0,2,3,28,True
24050,1,2,65680,0,2,10,28,True
24062,0,1,18960,1,2,9,14,True
24062,0,2,15953,1,2,9,22,True
24062,1,2,60784,-1,2,14,22,False
24067,0,1,31106,1,2,15,15,True
24067,0,2,31629,0,1,15,15,True
24067,1,2,32953,0,1,15,15,True
24070,0,1,67638,1,2,2,2,True
24070,0,2,68040,0,1,2,2,True
24070,1,2,68537,1,2,2,2,True
24083,0,1,45721,1,2,1,1,True
24083,0,2,14873,0,1,1,12,True
24083,1,2,14873,0,2,1,12,True
24094,0,1,11778,0,2,25,25,True
24094,0,2,11778,1,2,25,25,True
24094,1,2,12231,0,1,25,25,True
24103,0,1,25374,1,2,34,35,True
24103,0,2,30139,0,2,34,35,True
24103,1,2,58977,0,2,35,35,True
24122,0,1,26940,0,1,19,19,True
24122,0,2,26940,0,2,19,19,True
24122,1,2,26940,1,2,19,19,True
24125,0,1,70794,0,2,19,19,True
24125,0,2,31170,0,2,19,24,True
24125,1,2,31170,1,2,19,24,True
24127,0,1,51222,0,1,29,29,True
24127,0,2,46660,0,2,29,36,True
24127,1,2,49905,1,2,29,36,True
24129,0,1,14886,0,2,15,16,True
24129,0,2,7265,0,2,15,32,True
24129,1,2,23010,0,2,16,32,True
24143,0,1,50178,1,2,21,21,True
24143,0,2,5661,1,2,21,22,True
24143,1,2,7426,1,2,21,22,True
24149,0,1,46628,1,2,34,38,True
24149,0,2,57457,1,2,34,39,True
24149,1,2,946,0,2,38,39,True
24155,0,1,31155,1,2,30,30,True
24155,0,2,8696,1,2,30,31,True
24155,1,2,8718,1,2,30,31,True
24156,0,1,40273,1,2,8,9,True
24156,0,2,2429,0,2,8,20,True
24156,1,2,7946,1,2,9,20,True
24157,0,1,47512,1,2,3,22,True
24157,0,2,24422,0,2,3,32,True
24157,1,2,20139,1,2,22,32,True
24158,0,1,9310,0,2,9,19,True
24158,0,2,11664,0,2,9,19,True
24158,1,2,10700,1,2,19,19,True
24164,0,1,59339,0,2,36,37,True
24164,0,2,24277,1,2,36,38,True
24164,1,2,18569,1,2,37,38,True
24171,0,1,32522,0,2,15,27,True
24171,0,2,33641,0,2,15,27,True
24171,1,2,72751,1,2,27,27,True
24172,0,1,64367,0,1,9,13,True
24172,0,2,15180,0,2,9,21,True
24172,1,2,38153,1,2,13,21,True
24203,0,1,14883,1,2,6,10,True
24203,0,2,10421,0,1,6,24,True
24203,1,2,66608,0,2,10,24,True
24216,0,1,30596,0,2,19,32,True
24216,0,2,40636,0,1,19,32,True
24216,1,2,33744,1,2,32,32,True
24220,0,1,64089,0,1,20,20,True
24220,0,2,65263,0,1,20,20,True
24220,1,2,65936,0,1,20,20,True
24227,0,1,24950,0,1,15,16,True
24227,0,2,21825,1,2,15,32,True
24227,1,2,4187,0,1,16,32,True
24231,0,1,28118,1,2,15,15,True
24231,0,2,28582,0,1,15,15,True
24231,1,2,28983,1,2,15,15,True
24232,0,1,19489,0,1,23,23,True
24232,0,2,22277,0,1,23,24,True
24232,1,2,26735,0,1,23,24,True
24245,0,1,6279,0,1,24,28,True
24245,0,2,7499,1,2,24,34,True
24245,1,2,3261,0,2,28,34,True
24252,0,1,62299,0,1,5,32,True
24252,0,2,34156,1,2,5,33,True
24252,1,2,20112,0,1,32,33,True
24267,0,1,32833,0,2,31,31,True
24267,0,2,17750,0,2,31,33,True
24267,1,2,19135,0,1,31,33,True
24268,0,1,10933,1,2,38,38,True
24268,0,2,54675,0,2,38,39,True
24268,1,2,56111,0,2,38,39,True
24277,0,1,68008,1,2,33,36,True
24277,0,2,9440,0,2,33,38,True
24277,1,2,70495,1,2,36,38,True
24288,0,1,62663,0,1,9,10,True
24288,0,2,18979,0,1,9,14,True
24288,1,2,33139,0,1,10,14,True
24289,0,1,47425,0,1,1,6,True
24289,0,2,23358,0,1,1,8,True
24289,1,2,57642,1,2,6,8,True
24304,0,1,9030,0,1,10,10,True
24304,0,2,10542,0,1,10,10,True
24304,1,2,10542,0,2,10,10,True
24306,0,1,17651,-1,1,7,13,False
24306,0,2,3731,0,2,7,27,True
24306,1,2,11493,0,2,13,27,True
24308,0,1,37179,0,1,32,32,True
24308,0,2,37179,0,2,32,32,True
24308,1,2,37179,1,2,32,32,True
24318,0,1,3172,0,2,16,36,True
24318,0,2,20141,0,1,16,36,True
24318,1,2,2963,1,2,36,36,True
24322,0,1,28806,0,1,4,10,True
24322,0,2,65352,0,1,4,21,True
24322,1,2,18858,0,2,10,21,True
24329,0,1,15653,1,2,31,31,True
24329,0,2,16095,1,2,31,31,True
24329,1,2,18098,0,1,31,31,True
24339,0,1,23236,0,1,9,12,True
24339,0,2,19269,0,1,9,13,True
24339,1,2,192,0,1,12,13,True
24345,0,1,22209,0,2,6,14,True
24345,0,2,33224,0,1,6,28,True
24345,1,2,30833,0,2,14,28,True
24348,0,1,46758,1,2,17,17,True
24348,0,2,14979,0,1,17,18,True
24348,1,2,15756,1,2,17,18,True
24378,0,1,57571,0,1,25,35,True
24378,0,2,70120,1,2,25,39,True
24378,1,2,10126,0,2,35,39,True
24384,0,1,44569,0,2,9,40,True
24384,0,2,49436,0,2,9,40,True
24384,1,2,487,1,2,40,40,True
24390,0,1,65468,1,2,13,14,True
24390,0,2,28816,1,2,13,16,True
24390,1,2,58019,1,2,14,16,True
24402,0,1,59571,0,1,7,7,True
24402,0,2,9562,0,2,7,38,True
24402,1,2,10117,1,2,7,38,True
24415,0,1,72222,0,1,5,10,True
24415,0,2,18249,0,1,5,19,True
24415,1,2,5904,0,2,10,19,True
24422,0,1,44230,0,1,3,7,True
24422,0,2,3096,0,2,3,32,True
24422,1,2,68884,0,1,7,32,True
24427,0,1,8699,0,2,18,20,True
24427,0,2,7239,0,1,18,30,True
24427,1,2,42945,0,2,20,30,True
24433,0,1,45450,1,2,11,11,True
24433,0,2,18430,0,1,11,17,True
24433,1,2,28060,0,2,11,17,True
24441,0,1,47180,0,2,33,33,True
24441,0,2,47180,1,2,33,33,True
24441,1,2,49346,0,1,33,33,True
24447,0,1,6555,1,2,21,25,True
24447,0,2,70177,1,2,21,26,True
24447,1,2,40325,0,1,25,26,True
24454,0,1,52060,0,2,14,14,True
24454,0,2,52060,1,2,14,14,True
24454,1,2,52593,0,1,14,14,True
24458,0,1,45140,0,1,12,24,True
24458,0,2,39821,1,2,12,35,True
24458,1,2,64843,0,2,24,35,True
24476,0,1,15739,0,1,20,32,True
24476,0,2,15739,0,2,20,32,True
24476,1,2,72624,0,1,32,32,True
24481,0,1,29451,1,2,9,9,True
24481,0,2,29565,0,1,9,9,True
24481,1,2,30321,0,1,9,9,True
24495,0,1,4131,1,2,17,18,True
24495,0,2,11117,0,1,17,30,True
24495,1,2,28744,0,2,18,30,True
24499,0,1,26478,0,1,12,15,True
24499,0,2,110,0,2,12,31,True
24499,1,2,30829,0,2,15,31,True
24514,0,1,38129,0,1,4,8,True
24514,0,2,53976,0,2,4,39,True
24514,1,2,20386,1,2,8,39,True
24529,0,1,34941,0,1,28,28,True
24529,0,2,35750,0,1,28,28,True
24529,1,2,35750,0,2,28,28,True
24532,0,1,9160,1,2,12,17,True
24532,0,2,20171,0,1,12,17,True
24532,1,2,53144,1,2,17,17,True
24541,0,1,45577,0,1,3,3,True
24541,0,2,45054,0,2,3,12,True
24541,1,2,47239,0,1,3,12,True
24562,0,1,53726,1,2,20,20,True
24562,0,2,54068,0,1,20,20,True
24562,1,2,54068,0,2,20,20,True
24566,0,1,72164,0,2,5,5,True
24566,0,2,39302,1,2,5,33,True
24566,1,2,40345,0,2,5,33,True
24581,0,1,28529,0,1,29,29,True
24581,0,2,51468,1,2,29,40,True
24581,1,2,51531,1,2,29,40,True
24596,0,1,62944,1,2,11,12,True
24596,0,2,67721,1,2,11,27,True
24596,1,2,7060,0,2,12,27,True
24605,0,1,32344,0,1,3,3,True
24605,0,2,32509,0,1,3,3,True
24605,1,2,32509,0,2,3,3,True
24607,0,1,60316,1,2,9,29,True
24607,0,2,39681,0,1,9,32,True
24607,1,2,62654,1,2,29,32,True
24618,0,1,64049,0,1,7,7,True
24618,0,2,55191,0,1,7,30,True
24618,1,2,55191,0,2,7,30,True
24622,0,1,6330,0,2,10,15,True
24622,0,2,72125,0,2,10,40,True
24622,1,2,25333,0,2,15,40,True
24623,0,1,11661,1,2,8,35,True
24623,0,2,11477,0,2,8,36,True
24623,1,2,35832,0,1,35,36,True
24629,0,1,63852,1,2,28,29,True
24629,0,2,64114,0,2,28,29,True
24629,1,2,51222,0,1,29,29,True
24630,0,1,11980,0,1,17,17,True
24630,0,2,11980,0,2,17,17,True
24630,1,2,11980,1,2,17,17,True
24635,0,1,59853,1,2,31,35,True
24635,0,2,61354,1,2,31,35,True
24635,1,2,18116,0,1,35,35,True
24647,0,1,10715,0,2,4,4,True
24647,0,2,44869,0,2,4,37,True
24647,1,2,44869,1,2,4,37,True
24653,0,1,9989,1,2,8,8,True
24653,0,2,4299,0,1,8,9,True
24653,1,2,4693,0,1,8,9,True
24657,0,1,15052,1,2,16,17,True
24657,0,2,15379,1,2,16,17,True
24657,1,2,36160,0,1,17,17,True
24662,0,1,30519,1,2,26,26,True
24662,0,2,44669,0,2,26,32,True
24662,1,2,49059,1,2,26,32,True
24670,0,1,63713,1,2,16,20,True
24670,0,2,70706,0,1,16,25,True
24670,1,2,28055,0,2,20,25,True
24684,0,1,30474,0,1,2,25,True
24684,0,2,17947,0,2,2,39,True
24684,1,2,39777,1,2,25,39,True
24685,0,1,4168,1,2,24,28,True
24685,0,2,5524,1,2,24,28,True
24685,1,2,49229,1,2,28,28,True
24687,0,1,54020,0,1,10,10,True
24687,0,2,28601,1,2,10,33,True
24687,1,2,31675,0,2,10,33,True
24689,0,1,34583,0,1,5,7,True
24689,0,2,38718,1,2,5,40,True
24689,1,2,41296,1,2,7,40,True
24700,0,1,15631,0,1,2,17,True
24700,0,2,15631,0,2,2,17,True
24700,1,2,49474,0,1,17,17,True
24709,0,1,28582,0,2,15,21,True
24709,0,2,27494,0,2,15,33,True
24709,1,2,48851,1,2,21,33,True
24711,0,1,56031,0,1,14,25,True
24711,0,2,16459,0,2,14,26,True
24711,1,2,27466,0,2,25,26,True
24726,0,1,56747,0,2,20,21,True
24726,0,2,25942,0,1,20,28,True
24726,1,2,30161,0,1,21,28,True
24748,0,1,43155,0,1,10,14,True
24748,0,2,19014,1,2,10,30,True
24748,1,2,45461,1,2,14,30,True
24762,0,1,49975,0,1,33,33,True
24762,0,2,58537,0,2,33,34,True
24762,1,2,58740,1,2,33,34,True
24790,0,1,60707,0,1,19,19,True
24790,0,2,65218,0,1,19,19,True
24790,1,2,65218,0,2,19,19,True
24791,0,1,47212,1,2,29,29,True
24791,0,2,57519,1,2,29,30,True
24791,1,2,57653,0,1,29,30,True
24807,0,1,40364,1,2,19,19,True
24807,0,2,36797,0,1,19,28,True
24807,1,2,38727,1,2,19,28,True
24808,0,1,27378,0,1,5,13,True
24808,0,2,4988,0,1,5,25,True
24808,1,2,45820,0,1,13,25,True
24809,0,1,21453,0,2,19,37,True
24809,0,2,23415,1,2,19,37,True
24809,1,2,9452,0,1,37,37,True
24826,0,1,3277,0,1,27,28,True
24826,0,2,18312,1,2,27,37,True
24826,1,2,55976,0,2,28,37,True
24832,0,1,18763,0,1,34,34,True
24832,0,2,18763,0,2,34,34,True
24832,1,2,18763,1,2,34,34,True
24835,0,1,66226,1,2,21,22,True
24835,0,2,67276,0,1,21,22,True
24835,1,2,40430,0,1,22,22,True
24845,0,1,35837,1,2,22,22,True
24845,0,2,36022,1,2,22,22,True
24845,1,2,36613,0,1,22,22,True
24852,0,1,68765,1,2,16,28,True
24852,0,2,53235,1,2,16,37,True
24852,1,2,8213,1,2,28,37,True
24856,0,1,45454,0,2,25,25,True
24856,0,2,8604,1,2,25,29,True
24856,1,2,10216,1,2,25,29,True
24867,0,1,38235,0,1,30,31,True
24867,0,2,38804,1,2,30,31,True
24867,1,2,41040,1,2,31,31,True
24872,0,1,40984,0,1,2,32,True
24872,0,2,12818,0,2,2,34,True
24872,1,2,40984,1,2,32,34,True
24875,0,1,34142,0,2,16,20,True
24875,0,2,17999,0,2,16,21,True
24875,1,2,59265,0,1,20,21,True
24890,0,1,51937,0,1,2,2,True
24890,0,2,52196,0,1,2,2,True
24890,1,2,52447,0,1,2,2,True
24893,0,1,61804,0,1,9,12,True
24893,0,2,24937,0,1,9,23,True
24893,1,2,22923,1,2,12,23,True
24894,0,1,30722,0,1,34,38,True
24894,0,2,30722,0,2,34,38,True
24894,1,2,44404,1,2,38,38,True
24907,0,1,8627,0,2,10,21,True
24907,0,2,18186,0,1,10,25,True
24907,1,2,65665,0,1,21,25,True
24921,0,1,68638,0,1,1,4,True
24921,0,2,1701,1,2,1,29,True
24921,1,2,53258,0,2,4,29,True
24923,0,1,25013,1,2,20,34,True
24923,0,2,47561,1,2,20,35,True
24923,1,2,40844,1,2,34,35,True
24929,0,1,22016,0,1,16,18,True
24929,0,2,11478,1,2,16,28,True
24929,1,2,37145,0,1,18,28,True
24934,0,1,17361,0,2,10,32,True
24934,0,2,18195,0,2,10,32,True
24934,1,2,32823,1,2,32,32,True
24937,0,1,21133,0,2,9,23,True
24937,0,2,49935,0,1,9,38,True
24937,1,2,33793,0,2,23,38,True
24943,0,1,71571,0,1,7,8,True
24943,0,2,71571,0,2,7,8,True
24943,1,2,62694,0,1,8,8,True
24948,0,1,44704,0,1,15,15,True
24948,0,2,44704,0,2,15,15,True
24948,1,2,44704,1,2,15,15,True
24950,0,1,35567,0,2,15,16,True
24950,0,2,13725,1,2,15,31,True
24950,1,2,53569,1,2,16,31,True
24984,0,1,43891,0,1,4,4,True
24984,0,2,44464,0,1,4,4,True
24984,1,2,44464,0,2,4,4,True
24999,0,1,37052,0,2,34,35,True
24999,0,2,32381,1,2,34,37,True
24999,1,2,62089,1,2,35,37,True
25002,0,1,392,0,2,4,13,True
25002,0,2,65352,0,1,4,21,True
25002,1,2,5185,1,2,13,21,True
25007,0,1,8707,0,1,1,2,True
25007,0,2,23748,1,2,1,11,True
25007,1,2,25063,0,1,2,11,True
25013,0,1,54068,0,1,20,20,True
25013,0,2,24923,0,1,20,34,True
25013,1,2,25763,1,2,20,34,True
25015,0,1,70029,0,1,12,12,True
25015,0,2,34558,1,2,12,17,True
25015,1,2,35325,1,2,12,17,True
25029,0,1,70281,0,1,7,8,True
25029,0,2,33499,0,1,7,38,True
25029,1,2,52604,0,2,8,38,True
25032,0,1,33205,0,2,4,14,True
25032,0,2,33903,0,2,4,14,True
25032,1,2,24454,0,1,14,14,True
25047,0,1,55921,1,2,16,32,True
25047,0,2,10349,0,2,16,34,True
25047,1,2,17623,1,2,32,34,True
25051,0,1,52950,0,1,2,6,True
25051,0,2,55930,1,2,2,6,True
25051,1,2,64352,1,2,6,6,True
25053,0,1,27836,0,2,22,23,True
25053,0,2,9338,1,2,22,34,True
25053,1,2,59410,1,2,23,34,True
25063,0,1,19818,0,2,2,11,True
25063,0,2,43280,0,2,2,13,True
25063,1,2,15726,0,1,11,13,True
25065,0,1,60218,0,1,27,28,True
25065,0,2,67834,0,1,27,30,True
25065,1,2,21054,0,1,28,30,True
25070,0,1,61469,1,2,6,8,True
25070,0,2,71618,0,1,6,13,True
25070,1,2,66243,1,2,8,13,True
25076,0,1,69551,0,1,6,7,True
25076,0,2,15432,0,1,6,11,True
25076,1,2,32194,0,2,7,11,True
25080,0,1,59112,0,1,2,2,True
25080,0,2,59234,0,1,2,2,True
25080,1,2,59480,0,1,2,2,True
25082,0,1,71030,0,1,13,14,True
25082,0,2,26620,0,2,13,32,True
25082,1,2,13309,0,1,14,32,True
25084,0,1,3390,1,2,6,39,True
25084,0,2,5066,1,2,6,39,True
25084,1,2,53861,0,2,39,39,True
25085,0,1,49212,1,2,17,32,True
25085,0,2,57910,0,1,17,32,True
25085,1,2,23137,1,2,32,32,True
25086,0,1,12529,1,2,6,6,True
25086,0,2,31450,0,2,6,7,True
25086,1,2,32740,0,1,6,7,True
25089,0,1,44781,1,2,10,31,True
25089,0,2,45171,0,1,10,31,True
25089,1,2,9563,0,2,31,31,True
25092,0,1,12355,0,1,15,16,True
25092,0,2,52738,0,2,15,37,True
25092,1,2,24852,0,2,16,37,True
25093,0,1,39810,0,1,3,18,True
25093,0,2,48028,0,1,3,25,True
25093,1,2,66572,0,2,18,25,True
25098,0,1,36381,0,1,19,19,True
25098,0,2,37062,0,1,19,19,True
25098,1,2,38811,0,1,19,19,True
25131,0,1,20034,0,1,6,32,True
25131,0,2,32072,0,2,6,37,True
25131,1,2,62741,0,2,32,37,True
25141,0,1,63172,0,1,15,18,True
25141,0,2,53022,0,2,15,40,True
25141,1,2,17021,0,1,18,40,True
25144,0,1,57622,0,1,3,5,True
25144,0,2,12596,0,2,3,19,True
25144,1,2,23984,0,1,5,19,True
25150,0,1,68193,0,2,37,37,True
25150,0,2,39986,0,1,37,38,True
25150,1,2,39986,0,2,37,38,True
25157,0,1,51913,1,2,27,28,True
25157,0,2,53705,1,2,27,28,True
25157,1,2,32531,1,2,28,28,True
25162,0,1,22451,0,1,3,14,True
25162,0,2,14106,0,2,3,31,True
25162,1,2,34473,0,1,14,31,True
25166,0,1,22299,0,1,12,12,True
25166,0,2,72151,0,2,12,22,True
25166,1,2,35964,0,2,12,22,True
25167,0,1,39455,0,1,14,14,True
25167,0,2,41339,0,1,14,14,True
25167,1,2,41427,0,1,14,14,True
25172,0,1,61413,0,2,19,27,True
25172,0,2,54057,1,2,19,36,True
25172,1,2,72795,0,2,27,36,True
25176,0,1,2999,0,1,4,16,True
25176,0,2,28635,0,2,4,23,True
25176,1,2,15711,1,2,16,23,True
25223,0,1,48865,0,1,4,5,True
25223,0,2,49257,0,1,4,5,True
25223,1,2,33575,0,1,5,5,True
25233,0,1,27323,0,2,35,35,True
25233,0,2,26702,1,2,35,40,True
25233,1,2,28336,0,1,35,40,True
25241,0,1,4250,0,1,6,6,True
25241,0,2,36284,0,2,6,25,True
25241,1,2,36284,1,2,6,25,True
25242,0,1,64977,0,2,6,28,True
25242,0,2,11611,1,2,6,30,True
25242,1,2,7228,1,2,28,30,True
25254,0,1,31940,1,2,16,16,True
25254,0,2,33827,0,1,16,16,True
25254,1,2,33827,0,2,16,16,True
25260,0,1,22057,0,1,1,1,True
25260,0,2,18741,0,2,1,14,True
25260,1,2,28127,0,2,1,14,True
25273,0,1,40013,0,1,3,3,True
25273,0,2,27993,0,2,3,17,True
25273,1,2,30538,1,2,3,17,True
25277,0,1,70856,0,2,1,22,True
25277,0,2,11880,0,2,1,40,True
25277,1,2,54219,1,2,22,40,True
25279,0,1,25007,0,2,1,11,True
25279,0,2,2019,0,1,1,20,True
25279,1,2,16515,0,1,11,20,True
25295,0,1,57444,1,2,5,5,True
25295,0,2,53899,0,1,5,6,True
25295,1,2,58898,1,2,5,6,True
25305,0,1,71148,0,2,15,15,True
25305,0,2,14781,0,2,15,37,True
25305,1,2,15667,0,2,15,37,True
25322,0,1,68013,0,1,2,29,True
25322,0,2,2259,0,2,2,30,True
25322,1,2,33920,1,2,29,30,True
25323,0,1,17104,1,2,9,9,True
25323,0,2,17791,0,1,9,9,True
25323,1,2,18367,0,1,9,9,True
25333,0,1,9010,1,2,15,15,True
25333,0,2,37061,0,1,15,40,True
25333,1,2,37061,0,2,15,40,True
25339,0,1,71735,1,2,4,18,True
25339,0,2,868,-1,1,4,35,False
25339,1,2,29942,1,2,18,35,True
25360,0,1,34415,1,2,26,37,True
25360,0,2,34415,1,2,26,37,True
25360,1,2,59177,1,2,37,37,True
25368,0,1,13917,0,1,10,10,True
25368,0,2,14389,1,2,10,10,True
25368,1,2,14472,0,1,10,10,True
25374,0,1,30139,0,1,34,34,True
25374,0,2,35269,0,1,34,35,True
25374,1,2,42679,1,2,34,35,True
25384,0,1,62247,0,1,11,11,True
25384,0,2,58823,0,2,11,32,True
25384,1,2,61831,0,2,11,32,True
25386,0,1,10934,0,1,3,34,True
25386,0,2,10934,0,2,3,34,True
25386,1,2,61356,1,2,34,34,True
25389,0,1,5594,0,1,1,1,True
25389,0,2,47272,0,2,1,34,True
25389,1,2,47272,1,2,1,34,True
25406,0,1,1082,0,1,1,2,True
25406,0,2,1174,0,1,1,2,True
25406,1,2,3413,0,1,2,2,True
25413,0,1,24934,0,1,10,32,True
25413,0,2,24934,0,2,10,32,True
25413,1,2,14804,0,2,32,32,True
25417,0,1,22966,0,2,13,14,True
25417,0,2,18121,1,2,13,25,True
25417,1,2,70126,0,1,14,25,True
25429,0,1,13532,0,1,11,28,True
25429,0,2,42467,0,1,11,29,True
25429,1,2,24629,0,1,28,29,True
25441,0,1,66945,0,1,19,19,True
25441,0,2,39932,0,1,19,20,True
25441,1,2,41203,1,2,19,20,True
25443,0,1,51652,0,2,14,20,True
25443,0,2,48743,1,2,14,27,True
25443,1,2,19775,0,1,20,27,True
25447,0,1,63837,0,2,15,16,True
25447,0,2,57114,-1,2,15,36,False
25447,1,2,58004,-1,2,16,36,False
25455,0,1,46113,0,1,4,4,True
25455,0,2,49717,0,2,4,8,True
25455,1,2,52025,0,2,4,8,True
25471,0,1,69559,0,2,10,11,True
25471,0,2,69559,1,2,10,11,True
25471,1,2,31856,0,1,11,11,True
25487,0,1,49213,1,2,18,24,True
25487,0,2,51900,0,2,18,24,True
25487,1,2,37982,0,2,24,24,True
25501,0,1,61336,1,2,10,26,True
25501,0,2,62875,1,2,10,26,True
25501,1,2,40325,1,2,26,26,True
25506,0,1,28635,1,2,10,23,True
25506,0,2,32610,0,2,10,23,True
25506,1,2,62180,0,2,23,23,True
25512,0,1,5823,0,1,7,8,True
25512,0,2,43812,1,2,7,10,True
25512,1,2,40611,0,1,8,10,True
25522,0,1,989,1,2,28,32,True
25522,0,2,7188,1,2,28,32,True
25522,1,2,55054,1,2,32,32,True
25527,0,1,43259,0,1,27,31,True
25527,0,2,49958,0,1,27,31,True
25527,1,2,9891,1,2,31,31,True
25536,0,1,56726,1,2,20,28,True
25536,0,2,57422,0,2,20,29,True
25536,1,2,29454,0,1,28,29,True
25544,0,1,14758,1,2,1,2,True
25544,0,2,66315,0,1,1,33,True
25544,1,2,15064,0,2,2,33,True
25546,0,1,52756,1,2,28,38,True
25546,0,2,11537,0,2,28,39,True
25546,1,2,72547,0,2,38,39,True
25566,0,1,63047,0,1,6,20,True
25566,0,2,36706,0,2,6,23,True
25566,1,2,51597,0,1,20,23,True
25595,0,1,66877,1,2,24,27,True
25595,0,2,65409,1,2,24,39,True
25595,1,2,52011,0,2,27,39,True
25596,0,1,194,0,1,30,32,True
25596,0,2,1949,1,2,30,32,True
25596,1,2,14965,0,2,32,32,True
25615,0,1,43046,0,2,7,15,True
25615,0,2,54305,0,2,7,22,True
25615,1,2,13538,0,2,15,22,True
25620,0,1,5244,0,2,30,38,True
25620,0,2,9111,1,2,30,38,True
25620,1,2,45351,0,1,38,38,True
25632,0,1,29490,0,2,17,17,True
25632,0,2,12179,1,2,17,30,True
25632,1,2,24495,0,2,17,30,True
25634,0,1,605,0,1,14,22,True
25634,0,2,68392,1,2,14,30,True
25634,1,2,8824,1,2,22,30,True
25642,0,1,24288,0,2,9,14,True
25642,0,2,65967,0,2,9,31,True
25642,1,2,46353,0,1,14,31,True
25651,0,1,8796,0,2,13,38,True
25651,0,2,11847,0,2,13,38,True
25651,1,2,60887,0,1,38,38,True
25653,0,1,31655,0,1,2,28,True
25653,0,2,33208,1,2,2,28,True
25653,1,2,23710,1,2,28,28,True
25681,0,1,48853,1,2,22,22,True
25681,0,2,36574,0,2,22,37,True
25681,1,2,41714,1,2,22,37,True
25704,0,1,32253,1,2,12,13,True
25704,0,2,5738,0,2,12,37,True
25704,1,2,51797,0,2,13,37,True
25705,0,1,53492,0,2,8,9,True
25705,0,2,54452,0,2,8,9,True
25705,1,2,54096,1,2,9,9,True
25717,0,1,44027,0,2,7,7,True
25717,0,2,44027,1,2,7,7,True
25717,1,2,45300,0,1,7,7,True
25725,0,1,47495,0,1,12,13,True
25725,0,2,18476,0,2,12,32,True
25725,1,2,71090,0,1,13,32,True
25730,0,1,16846,0,1,20,36,True
25730,0,2,16846,0,2,20,36,True
25730,1,2,23813,1,2,36,36,True
25740,0,1,6067,0,2,5,5,True
25740,0,2,37557,0,1,5,10,True
25740,1,2,38728,0,2,5,10,True
25749,0,1,70757,0,2,11,35,True
25749,0,2,2202,0,2,11,35,True
25749,1,2,4871,1,2,35,35,True
25763,0,1,23913,1,2,8,20,True
25763,0,2,1469,0,2,8,34,True
25763,1,2,28885,0,2,20,34,True
25774,0,1,45450,1,2,11,11,True
25774,0,2,46721,0,1,11,11,True
25774,1,2,47902,1,2,11,11,True
25777,0,1,10192,0,2,10,29,True
25777,0,2,40194,0,1,10,31,True
25777,1,2,70405,0,1,29,31,True
25787,0,1,62981,1,2,23,34,True
25787,0,2,8280,1,2,23,34,True
25787,1,2,4313,0,1,34,34,True
25788,0,1,67808,0,2,1,26,True
25788,0,2,3182,0,1,1,27,True
25788,1,2,70572,0,2,26,27,True
25809,0,1,15840,1,2,6,6,True
25809,0,2,8110,0,2,6,40,True
25809,1,2,8110,1,2,6,40,True
25819,0,1,15918,0,2,17,26,True
25819,0,2,41197,1,2,17,37,True
25819,1,2,50599,1,2,26,37,True
25823,0,1,45626,1,2,12,12,True
25823,0,2,192,0,2,12,36,True
25823,1,2,11486,0,2,12,36,True
25835,0,1,41145,0,2,11,18,True
25835,0,2,33322,0,2,11,36,True
25835,1,2,66738,0,2,18,36,True
25843,0,1,6279,0,1,24,28,True
25843,0,2,63687,1,2,24,34,True
25843,1,2,47491,1,2,28,34,True
25853,0,1,72056,1,2,8,36,True
25853,0,2,8171,1,2,8,37,True
25853,1,2,59339,1,2,36,37,True
25855,0,1,57998,0,2,1,2,True
25855,0,2,17952,0,2,1,40,True
25855,1,2,64329,0,2,2,40,True
25863,0,1,23010,0,1,16,17,True
25863,0,2,12840,1,2,16,21,True
25863,1,2,52139,0,1,17,21,True
25873,0,1,53911,1,2,11,38,True
25873,0,2,72435,0,2,11,39,True
25873,1,2,45980,1,2,38,39,True
25874,0,1,6156,0,2,15,15,True
25874,0,2,6156,1,2,15,15,True
25874,1,2,7395,1,2,15,15,True
25889,0,1,71895,0,1,16,21,True
25889,0,2,61112,0,2,16,30,True
25889,1,2,58640,1,2,21,30,True
25893,0,1,3266,0,1,4,4,True
25893,0,2,12887,0,1,4,15,True
25893,1,2,12887,0,2,4,15,True
25916,0,1,28238,0,2,19,36,True
25916,0,2,54272,0,1,19,39,True
25916,1,2,47509,1,2,36,39,True
25928,0,1,8444,0,2,4,8,True
25928,0,2,32945,0,1,4,12,True
25928,1,2,46231,0,2,8,12,True
25933,0,1,66361,0,1,31,31,True
25933,0,2,70408,1,2,31,34,True
25933,1,2,731,0,2,31,34,True
25934,0,1,39405,0,1,6,6,True
25934,0,2,40550,1,2,6,6,True
25934,1,2,41826,0,1,6,6,True
25942,0,1,6107,0,2,20,28,True
25942,0,2,43457,0,2,20,35,True
25942,1,2,2876,0,2,28,35,True
25951,0,1,72863,1,2,19,33,True
25951,0,2,2884,1,2,19,33,True
25951,1,2,19135,1,2,33,33,True
25960,0,1,52851,0,1,30,30,True
25960,0,2,53259,1,2,30,30,True
25960,1,2,53819,0,1,30,30,True
25965,0,1,67740,0,1,11,11,True
25965,0,2,68263,0,1,11,11,True
25965,1,2,69463,0,1,11,11,True
25969,0,1,71713,0,1,19,20,True
25969,0,2,59987,1,2,19,27,True
25969,1,2,30107,0,1,20,27,True
25972,0,1,54682,1,2,10,20,True
25972,0,2,58645,1,2,10,38,True
25972,1,2,19113,1,2,20,38,True
25988,0,1,46047,1,2,33,33,True
25988,0,2,46058,1,2,33,33,True
25988,1,2,47180,0,1,33,33,True
25999,0,1,21649,1,2,38,38,True
25999,0,2,21651,1,2,38,38,True
25999,1,2,23028,1,2,38,38,True
26002,0,1,18413,0,1,4,4,True
26002,0,2,19765,0,1,4,4,True
26002,1,2,19765,0,2,4,4,True
26011,0,1,8094,0,1,8,8,True
26011,0,2,33498,1,2,8,26,True
26011,1,2,34973,1,2,8,26,True
26020,0,1,24164,0,1,36,37,True
26020,0,2,61843,1,2,36,40,True
26020,1,2,52581,1,2,37,40,True
26021,0,1,33416,1,2,18,19,True
26021,0,2,39810,1,2,18,27,True
26021,1,2,66945,0,2,19,27,True
26048,0,1,33017,0,1,16,20,True
26048,0,2,37350,0,2,16,24,True
26048,1,2,43369,0,2,20,24,True
26070,0,1,36557,1,2,31,31,True
26070,0,2,33123,1,2,31,39,True
26070,1,2,64925,1,2,31,39,True
26077,0,1,10630,0,2,10,11,True
26077,0,2,61766,0,1,10,21,True
26077,1,2,40593,0,1,11,21,True
26078,0,1,32583,0,1,18,22,True
26078,0,2,60166,0,2,18,23,True
26078,1,2,42872,0,2,22,23,True
26082,0,1,63469,1,2,23,31,True
26082,0,2,11264,0,2,23,36,True
26082,1,2,10917,0,2,31,36,True
26089,0,1,65896,0,1,19,35,True
26089,0,2,65896,0,2,19,35,True
26089,1,2,66518,0,2,35,35,True
26091,0,1,14659,0,1,18,21,True
26091,0,2,21147,0,1,18,27,True
26091,1,2,37243,0,2,21,27,True
26100,0,1,327,0,1,6,7,True
26100,0,2,1466,0,1,6,7,True
26100,1,2,19453,0,1,7,7,True
26104,0,1,31417,1,2,8,8,True
26104,0,2,32281,0,1,8,8,True
26104,1,2,33003,0,1,8,8,True
26113,0,1,64330,1,2,4,4,True
26113,0,2,65341,0,1,4,4,True
26113,1,2,65518,1,2,4,4,True
26116,0,1,47369,0,2,4,7,True
26116,0,2,55001,0,2,4,40,True
26116,1,2,49143,0,2,7,40,True
26125,0,1,7062,0,1,4,29,True
26125,0,2,52067,0,2,4,37,True
26125,1,2,45298,1,2,29,37,True
26131,0,1,72122,0,1,16,16,True
26131,0,2,485,1,2,16,16,True
26131,1,2,2169,0,1,16,16,True
26137,0,1,68392,0,1,11,14,True
26137,0,2,44506,0,2,11,30,True
26137,1,2,33258,1,2,14,30,True
26146,0,1,50850,0,2,4,5,True
26146,0,2,50850,1,2,4,5,True
26146,1,2,8234,1,2,5,5,True
26154,0,1,11879,0,1,6,6,True
26154,0,2,34304,0,2,6,39,True
26154,1,2,38543,0,2,6,39,True
26185,0,1,46116,0,1,1,1,True
26185,0,2,31220,0,1,1,11,True
26185,1,2,32701,0,2,1,11,True
26199,0,1,46510,1,2,12,34,True
26199,0,2,61782,0,2,12,34,True
26199,1,2,23117,0,1,34,34,True
26200,0,1,1488,0,1,33,33,True
26200,0,2,1488,0,2,33,33,True
26200,1,2,1488,1,2,33,33,True
26214,0,1,48222,0,2,24,29,True
26214,0,2,52248,0,2,24,29,True
26214,1,2,6876,1,2,29,29,True
26224,0,1,17427,0,2,3,3,True
26224,0,2,17427,1,2,3,3,True
26224,1,2,18028,0,1,3,3,True
26260,0,1,31384,0,2,11,32,True
26260,0,2,53071,1,2,11,33,True
26260,1,2,63459,1,2,32,33,True
26262,0,1,10915,1,2,12,33,True
26262,0,2,61948,0,1,12,39,True
26262,1,2,29374,1,2,33,39,True
26274,0,1,60839,1,2,2,35,True
26274,0,2,62916,0,2,2,36,True
26274,1,2,32483,1,2,35,36,True
26277,0,1,4163,0,1,14,14,True
26277,0,2,69567,0,2,14,39,True
26277,1,2,72616,0,2,14,39,True
26295,0,1,11687,0,1,2,2,True
26295,0,2,49713,0,1,2,3,True
26295,1,2,51937,0,2,2,3,True
26297,0,1,71432,0,1,3,23,True
26297,0,2,72828,0,2,3,23,True
26297,1,2,39420,0,1,23,23,True
26322,0,1,52670,1,2,7,30,True
26322,0,2,55191,0,1,7,30,True
26322,1,2,3532,0,2,30,30,True
26325,0,1,70607,0,2,28,28,True
26325,0,2,70607,1,2,28,28,True
26325,1,2,71261,1,2,28,28,True
26331,0,1,24070,0,2,2,2,True
26331,0,2,54552,0,2,2,16,True
26331,1,2,58019,0,2,2,16,True
26334,0,1,1378,1,2,10,32,True
26334,0,2,3184,0,1,10,32,True
26334,1,2,20819,0,2,32,32,True
26358,0,1,57666,1,2,23,23,True
26358,0,2,58002,1,2,23,23,True
26358,1,2,58155,1,2,23,23,True
26359,0,1,63380,0,2,20,27,True
26359,0,2,2259,1,2,20,30,True
26359,1,2,12213,0,1,27,30,True
26362,0,1,36171,0,1,3,6,True
26362,0,2,8358,0,1,3,8,True
26362,1,2,35451,0,1,6,8,True
26375,0,1,18232,0,1,8,34,True
26375,0,2,23381,0,2,8,34,True
26375,1,2,21945,1,2,34,34,True
26379,0,1,1785,0,1,2,12,True
26379,0,2,12633,0,2,2,36,True
26379,1,2,33904,0,2,12,36,True
26387,0,1,35458,0,1,14,29,True
26387,0,2,13682,1,2,14,30,True
26387,1,2,61217,0,2,29,30,True
26393,0,1,37445,0,2,27,27,True
26393,0,2,37759,0,1,27,29,True
26393,1,2,38155,1,2,27,29,True
26417,0,1,1204,0,2,13,13,True
26417,0,2,26762,0,2,13,31,True
26417,1,2,26762,1,2,13,31,True
26419,0,1,29511,1,2,4,19,True
26419,0,2,52277,0,1,4,24,True
26419,1,2,3338,1,2,19,24,True
26431,0,1,30844,0,1,19,31,True
26431,0,2,19848,0,2,19,35,True
26431,1,2,57258,1,2,31,35,True
26457,0,1,68818,1,2,7,7,True
26457,0,2,72335,0,2,7,13,True
26457,1,2,72335,1,2,7,13,True
26463,0,1,29509,1,2,17,17,True
26463,0,2,31201,0,1,17,17,True
26463,1,2,31314,0,1,17,17,True
26470,0,1,38496,1,2,29,29,True
26470,0,2,39097,0,1,29,29,True
26470,1,2,39097,0,2,29,29,True
26472,0,1,28336,1,2,40,40,True
26472,0,2,28525,0,1,40,40,True
26472,1,2,28525,0,2,40,40,True
26473,0,1,52022,0,1,2,23,True
26473,0,2,4168,0,2,2,28,True
26473,1,2,31585,0,1,23,28,True
26478,0,1,21497,0,2,12,15,True
26478,0,2,5661,0,1,12,21,True
26478,1,2,37539,0,1,15,21,True
26479,0,1,21520,0,1,4,4,True
26479,0,2,13377,0,1,4,35,True
26479,1,2,15925,0,1,4,35,True
26480,0,1,19926,0,2,10,18,True
26480,0,2,45641,1,2,10,25,True
26480,1,2,5007,1,2,18,25,True
26481,0,1,29514,0,2,19,19,True
26481,0,2,68482,0,1,19,20,True
26481,1,2,71713,0,1,19,20,True
26504,0,1,61383,1,2,32,32,True
26504,0,2,61857,1,2,32,32,True
26504,1,2,62481,1,2,32,32,True
26509,0,1,22371,0,1,24,29,True
26509,0,2,26214,0,1,24,29,True
26509,1,2,60790,0,1,29,29,True
26515,0,1,59281,1,2,14,27,True
26515,0,2,4162,0,1,14,34,True
26515,1,2,65984,0,1,27,34,True
26519,0,1,36287,0,1,23,23,True
26519,0,2,37255,0,1,23,23,True
26519,1,2,38091,0,1,23,23,True
26535,0,1,29815,1,2,2,2,True
26535,0,2,58835,0,2,2,37,True
26535,1,2,58835,0,2,2,37,True
26536,0,1,49822,0,2,15,32,True
26536,0,2,65703,0,2,15,33,True
26536,1,2,40729,0,1,32,33,True
26545,0,1,52086,0,1,16,17,True
26545,0,2,16830,0,1,16,18,True
26545,1,2,3355,1,2,17,18,True
26574,0,1,59633,0,2,5,35,True
26574,0,2,59633,1,2,5,35,True
26574,1,2,27323,0,1,35,35,True
26575,0,1,59850,0,1,8,18,True
26575,0,2,62693,0,2,8,28,True
26575,1,2,60709,0,2,18,28,True
26584,0,1,57595,0,1,7,12,True
26584,0,2,57595,0,2,7,12,True
26584,1,2,68431,0,1,12,12,True
26587,0,1,20141,0,2,16,39,True
26587,0,2,20620,1,2,16,39,True
26587,1,2,66328,0,2,39,39,True
26613,0,1,46059,0,1,2,3,True
26613,0,2,24031,0,1,2,27,True
26613,1,2,39810,0,2,3,27,True
26614,0,1,37958,0,2,18,22,True
26614,0,2,66572,0,2,18,25,True
26614,1,2,45573,1,2,22,25,True
26620,0,1,4444,1,2,13,13,True
26620,0,2,23375,1,2,13,32,True
26620,1,2,25082,0,2,13,32,True
26626,0,1,32148,0,2,26,27,True
26626,0,2,32264,0,1,26,27,True
26626,1,2,69924,0,2,27,27,True
26645,0,1,19653,1,2,11,30,True
26645,0,2,21303,0,2,11,38,True
26645,1,2,19572,1,2,30,38,True
26648,0,1,10721,0,1,11,11,True
26648,0,2,62446,1,2,11,27,True
26648,1,2,63723,1,2,11,27,True
26656,0,1,837,0,2,13,14,True
26656,0,2,26737,0,2,13,40,True
26656,1,2,56031,0,2,14,40,True
26659,0,1,50926,0,2,29,29,True
26659,0,2,50926,1,2,29,29,True
26659,1,2,51222,0,1,29,29,True
26667,0,1,57873,1,2,13,13,True
26667,0,2,58778,0,1,13,13,True
26667,1,2,58885,0,1,13,13,True
26678,0,1,36009,1,2,12,12,True
26678,0,2,41739,0,1,12,34,True
26678,1,2,42429,1,2,12,34,True
26684,0,1,71708,0,2,16,19,True
26684,0,2,53705,0,1,16,27,True
26684,1,2,39627,0,2,19,27,True
26693,0,1,19999,0,2,21,22,True
26693,0,2,22373,0,2,21,22,True
26693,1,2,56113,1,2,22,22,True
26695,0,1,36725,0,1,22,25,True
26695,0,2,39414,1,2,22,25,True
26695,1,2,15396,0,2,25,25,True
26696,0,1,68638,0,2,1,5,True
26696,0,2,51146,0,2,1,18,True
26696,1,2,35045,0,1,5,18,True
26701,0,1,2113,1,2,23,36,True
26701,0,2,5157,0,2,23,36,True
26701,1,2,3840,1,2,36,36,True
26702,0,1,67103,1,2,19,35,True
26702,0,2,51140,0,2,19,40,True
26702,1,2,55209,1,2,35,40,True
26735,0,1,7138,0,2,23,24,True
26735,0,2,23033,0,2,23,38,True
26735,1,2,50887,1,2,24,38,True
26736,0,1,18197,0,2,33,33,True
26736,0,2,58349,1,2,33,34,True
26736,1,2,58537,0,1,33,34,True
26737,0,1,47338,0,2,13,31,True
26737,0,2,55742,0,2,13,40,True
26737,1,2,12178,0,2,31,40,True
26742,0,1,28062,1,2,37,38,True
26742,0,2,29710,1,2,37,38,True
26742,1,2,61332,1,2,38,38,True
26745,0,1,22645,0,1,19,21,True
26745,0,2,50452,0,2,19,23,True
26745,1,2,20562,0,2,21,23,True
26749,0,1,8367,1,2,39,39,True
26749,0,2,17605,1,2,39,39,True
26749,1,2,18159,0,1,39,39,True
26751,0,1,30032,1,2,16,16,True
26751,0,2,30617,1,2,16,16,True
26751,1,2,31094,0,1,16,16,True
26762,0,1,58778,0,1,13,13,True
26762,0,2,30571,0,2,13,31,True
26762,1,2,32335,0,2,13,31,True
26770,0,1,47902,0,2,10,11,True
26770,0,2,50553,0,2,10,11,True
26770,1,2,72095,0,1,11,11,True
26775,0,1,64237,1,2,7,7,True
26775,0,2,64850,1,2,7,7,True
26775,1,2,64948,0,1,7,7,True
26788,0,1,50291,0,1,8,25,True
26788,0,2,54982,0,2,8,26,True
26788,1,2,4222,0,2,25,26,True
26793,0,1,22062,0,1,2,8,True
26793,0,2,17947,0,2,2,39,True
26793,1,2,70119,0,2,8,39,True
26796,0,1,1249,0,1,9,9,True
26796,0,2,45065,1,2,9,29,True
26796,1,2,47475,1,2,9,29,True
26807,0,1,5969,1,2,9,9,True
26807,0,2,34793,0,1,9,11,True
26807,1,2,34793,0,2,9,11,True
26816,0,1,27504,0,2,29,30,True
26816,0,2,27504,1,2,29,30,True
26816,1,2,64551,0,1,30,30,True
26836,0,1,31646,1,2,12,12,True
26836,0,2,29588,0,2,12,31,True
26836,1,2,29858,1,2,12,31,True
26861,0,1,31661,0,1,9,9,True
26861,0,2,4648,1,2,9,23,True
26861,1,2,16310,0,1,9,23,True
26864,0,1,36093,0,1,9,17,True
26864,0,2,39363,0,1,9,30,True
26864,1,2,12179,0,2,17,30,True
26866,0,1,46601,1,2,40,40,True
26866,0,2,46621,1,2,40,40,True
26866,1,2,47400,1,2,40,40,True
26871,0,1,27817,0,1,35,35,True
26871,0,2,27817,0,2,35,35,True
26871,1,2,27817,1,2,35,35,True
26890,0,1,59112,0,2,2,10,True
26890,0,2,49531,0,2,2,29,True
26890,1,2,48004,0,2,10,29,True
26900,0,1,22002,0,1,5,27,True
26900,0,2,67423,0,2,5,36,True
26900,1,2,19565,1,2,27,36,True
26904,0,1,5703,1,2,35,35,True
26904,0,2,4600,0,2,35,36,True
26904,1,2,4600,1,2,35,36,True
26910,0,1,72412,1,2,12,19,True
26910,0,2,3140,0,1,12,19,True
26910,1,2,42900,1,2,19,19,True
26915,0,1,12322,0,1,3,6,True
26915,0,2,39818,0,1,3,7,True
26915,1,2,16940,0,1,6,7,True
26922,0,1,38738,0,1,30,30,True
26922,0,2,53819,0,2,30,31,True
26922,1,2,53819,1,2,30,31,True
26933,0,1,3888,0,1,10,10,True
26933,0,2,5580,1,2,10,10,True
26933,1,2,5904,0,1,10,10,True
26940,0,1,25098,0,2,19,19,True
26940,0,2,25098,1,2,19,19,True
26940,1,2,25441,0,1,19,19,True
26943,0,1,54468,1,2,16,17,True
26943,0,2,54477,0,1,16,17,True
26943,1,2,26463,0,2,17,17,True
26946,0,1,7591,0,2,29,37,True
26946,0,2,7813,1,2,29,37,True
26946,1,2,21021,0,1,37,37,True
26953,0,1,44798,0,2,1,34,True
26953,0,2,52651,0,2,1,40,True
26953,1,2,34918,1,2,34,40,True
26958,0,1,46296,0,1,9,13,True
26958,0,2,71068,0,1,9,15,True
26958,1,2,5765,0,1,13,15,True
26978,0,1,53022,0,1,15,15,True
26978,0,2,27460,1,2,15,23,True
26978,1,2,28473,0,2,15,23,True
26988,0,1,8314,0,2,24,30,True
26988,0,2,8314,1,2,24,30,True
26988,1,2,64551,0,1,30,30,True
27003,0,1,53962,0,2,3,4,True
27003,0,2,53962,1,2,3,4,True
27003,1,2,12921,1,2,4,4,True
27014,0,1,6117,0,1,6,16,True
27014,0,2,57663,0,2,6,30,True
27014,1,2,56424,0,2,16,30,True
27038,0,1,70569,1,2,23,23,True
27038,0,2,61707,1,2,23,24,True
27038,1,2,62644,1,2,23,24,True
27040,0,1,36022,0,2,13,22,True
27040,0,2,36366,0,1,13,22,True
27040,1,2,63391,1,2,22,22,True
27041,0,1,12213,0,1,27,30,True
27041,0,2,18334,0,1,27,30,True
27041,1,2,16851,1,2,30,30,True
27049,0,1,10234,0,1,16,19,True
27049,0,2,26684,0,1,16,19,True
27049,1,2,29514,0,2,19,19,True
27051,0,1,51074,0,2,25,26,True
27051,0,2,51074,1,2,25,26,True
27051,1,2,70131,1,2,26,26,True
27059,0,1,16367,1,2,3,3,True
27059,0,2,33946,0,1,3,10,True
27059,1,2,34172,0,1,3,10,True
27071,0,1,5278,0,2,21,22,True
27071,0,2,5278,1,2,21,22,True
27071,1,2,7617,1,2,22,22,True
27075,0,1,17242,0,2,7,14,True
27075,0,2,27236,0,2,7,38,True
27075,1,2,27106,1,2,14,38,True
27084,0,1,20217,0,2,7,8,True
27084,0,2,56082,0,2,7,9,True
27084,1,2,27537,1,2,8,9,True
27094,0,1,20139,0,1,19,22,True
27094,0,2,36054,0,2,19,37,True
27094,1,2,6094,1,2,22,37,True
27099,0,1,13224,1,2,9,12,True
27099,0,2,18790,0,1,9,12,True
27099,1,2,64634,1,2,12,12,True
27102,0,1,53358,0,1,4,10,True
27102,0,2,54682,0,1,4,10,True
27102,1,2,25368,0,2,10,10,True
27106,0,1,15227,0,1,2,14,True
27106,0,2,17841,0,2,2,38,True
27106,1,2,62002,1,2,14,38,True
27111,0,1,1416,0,2,6,19,True
27111,0,2,3503,0,2,6,19,True
27111,1,2,48161,0,1,19,19,True
27131,0,1,58341,1,2,32,32,True
27131,0,2,11757,0,1,32,32,True
27131,1,2,39183,1,2,32,32,True
27132,0,1,52857,1,2,21,21,True
27132,0,2,54255,0,1,21,21,True
27132,1,2,54255,0,2,21,21,True
27141,0,1,19897,0,2,2,31,True
27141,0,2,68013,0,2,2,37,True
27141,1,2,28508,0,2,31,37,True
27144,0,1,67977,0,1,18,19,True
27144,0,2,67977,0,2,18,19,True
27144,1,2,65705,0,1,19,19,True
27149,0,1,28170,0,1,3,4,True
27149,0,2,26362,0,2,3,8,True
27149,1,2,5773,1,2,4,8,True
27166,0,1,38370,0,1,25,25,True
27166,0,2,38370,0,2,25,25,True
27166,1,2,38370,1,2,25,25,True
27180,0,1,15835,1,2,24,24,True
27180,0,2,1410,1,2,24,30,True
27180,1,2,4685,0,1,24,30,True
27184,0,1,228,0,2,4,19,True
27184,0,2,41870,1,2,4,32,True
27184,1,2,21107,1,2,19,32,True
27188,0,1,12651,0,1,20,20,True
27188,0,2,16177,0,1,20,20,True
27188,1,2,17074,0,1,20,20,True
27196,0,1,32427,0,1,16,17,True
27196,0,2,709,0,1,16,33,True
27196,1,2,56651,0,1,17,33,True
27204,0,1,5594,1,2,1,2,True
27204,0,2,32701,0,1,1,4,True
27204,1,2,31245,1,2,2,4,True
27206,0,1,26922,1,2,30,31,True
27206,0,2,49446,0,1,30,32,True
27206,1,2,12989,1,2,31,32,True
27224,0,1,27246,0,2,3,17,True
27224,0,2,19970,0,2,3,31,True
27224,1,2,11512,1,2,17,31,True
27234,0,1,50515,0,2,6,26,True
27234,0,2,57663,0,2,6,30,True
27234,1,2,3416,1,2,26,30,True
27236,0,1,61734,0,1,7,38,True
27236,0,2,61734,0,2,7,38,True
27236,1,2,41490,0,1,38,38,True
27240,0,1,2980,1,2,22,22,True
27240,0,2,6750,0,1,22,22,True
27240,1,2,6750,0,2,22,22,True
27246,0,1,17265,0,1,3,3,True
27246,0,2,27224,0,1,3,17,True
27246,1,2,27993,0,2,3,17,True
27260,0,1,16424,1,2,20,23,True
27260,0,2,41120,1,2,20,24,True
27260,1,2,59838,0,2,23,24,True
27261,0,1,46448,0,1,8,10,True
27261,0,2,67755,0,1,8,10,True
27261,1,2,18195,0,1,10,10,True
27274,0,1,67876,0,2,29,30,True
27274,0,2,42674,0,1,29,39,True
27274,1,2,34304,1,2,30,39,True
27278,0,1,53037,0,1,4,4,True
27278,0,2,72930,0,2,4,20,True
27278,1,2,3558,0,1,4,20,True
27279,0,1,53554,0,1,4,4,True
27279,0,2,28053,0,1,4,30,True
27279,1,2,28240,0,2,4,30,True
27288,0,1,49924,0,1,11,11,True
27288,0,2,49951,0,1,11,11,True
27288,1,2,50349,0,1,11,11,True
27291,0,1,31320,0,1,28,36,True
27291,0,2,33282,0,2,28,36,True
27291,1,2,37138,1,2,36,36,True
27294,0,1,51803,1,2,30,37,True
27294,0,2,25620,0,1,30,38,True
27294,1,2,69318,0,1,37,38,True
27300,0,1,14674,1,2,18,33,True
27300,0,2,30583,1,2,18,33,True
27300,1,2,66438,1,2,33,33,True
27301,0,1,60007,1,2,10,33,True
27301,0,2,1078,0,2,10,34,True
27301,1,2,37769,0,2,33,34,True
27303,0,1,14858,0,1,7,7,True
27303,0,2,1323,1,2,7,34,True
27303,1,2,3173,0,2,7,34,True
27316,0,1,56706,0,2,24,26,True
27316,0,2,62439,1,2,24,35,True
27316,1,2,34064,0,2,26,35,True
27320,0,1,32100,0,1,12,18,True
27320,0,2,7774,0,2,12,39,True
27320,1,2,59289,0,2,18,39,True
27323,0,1,57891,0,1,35,35,True
27323,0,2,60669,1,2,35,35,True
27323,1,2,61618,1,2,35,35,True
27354,0,1,25242,0,1,6,28,True
27354,0,2,28846,0,2,6,28,True
27354,1,2,13532,1,2,28,28,True
27358,0,1,21537,0,2,1,1,True
27358,0,2,72480,0,2,1,30,True
27358,1,2,488,0,2,1,30,True
27360,0,1,2538,1,2,29,33,True
27360,0,2,7591,0,1,29,33,True
27360,1,2,18034,1,2,33,33,True
27371,0,1,42615,0,2,18,18,True
27371,0,2,31938,0,2,18,39,True
27371,1,2,33319,1,2,18,39,True
27378,0,1,3892,0,1,5,13,True
27378,0,2,3892,0,2,5,13,True
27378,1,2,4444,1,2,13,13,True
27418,0,1,119,0,2,2,10,True
27418,0,2,1465,0,1,2,10,True
27418,1,2,6265,0,1,10,10,True
27421,0,1,3431,0,2,32,32,True
27421,0,2,3431,1,2,32,32,True
27421,1,2,5218,1,2,32,32,True
27423,0,1,68729,0,2,3,16,True
27423,0,2,54559,0,2,3,22,True
27423,1,2,44284,1,2,16,22,True
27429,0,1,62657,0,1,10,10,True
27429,0,2,62657,0,2,10,10,True
27429,1,2,62657,1,2,10,10,True
27448,0,1,22963,0,1,6,6,True
27448,0,2,25241,1,2,6,25,True
27448,1,2,27540,0,1,6,25,True
27460,0,1,39852,0,1,7,15,True
27460,0,2,62644,0,1,7,23,True
27460,1,2,9015,1,2,15,23,True
27462,0,1,31856,0,1,11,11,True
27462,0,2,51971,0,1,11,18,True
27462,1,2,51971,0,2,11,18,True
27466,0,1,54920,0,2,25,25,True
27466,0,2,9423,0,2,25,26,True
27466,1,2,9423,1,2,25,26,True
27474,0,1,67609,0,1,18,18,True
27474,0,2,67609,0,2,18,18,True
27474,1,2,67609,1,2,18,18,True
27477,0,1,68102,0,2,2,14,True
27477,0,2,34513,0,1,2,15,True
27477,1,2,20094,0,1,14,15,True
27481,0,1,44515,1,2,18,19,True
27481,0,2,29806,1,2,18,21,True
27481,1,2,44021,1,2,19,21,True
27492,0,1,45450,0,2,11,11,True
27492,0,2,2042,1,2,11,14,True
27492,1,2,7586,0,2,11,14,True
27494,0,1,53990,0,2,15,15,True
27494,0,2,65703,0,2,15,33,True
27494,1,2,67167,0,1,15,33,True
27504,0,1,56863,0,1,29,29,True
27504,0,2,11330,1,2,29,30,True
27504,1,2,11341,0,1,29,30,True
27512,0,1,30369,0,2,10,17,True
27512,0,2,37324,0,2,10,35,True
27512,1,2,12197,0,2,17,35,True
27513,0,1,14035,0,1,5,21,True
27513,0,2,48065,0,1,5,23,True
27513,1,2,57605,0,1,21,23,True
27514,0,1,33920,0,1,7,29,True
27514,0,2,35469,1,2,7,29,True
27514,1,2,60123,1,2,29,29,True
27524,0,1,20477,0,2,13,31,True
27524,0,2,64746,0,2,13,32,True
27524,1,2,4530,0,1,31,32,True
27529,0,1,36996,1,2,3,12,True
27529,0,2,33203,0,1,3,19,True
27529,1,2,58093,0,1,12,19,True
27537,0,1,2204,0,1,8,8,True
27537,0,2,58022,0,2,8,9,True
27537,1,2,58022,1,2,8,9,True
27538,0,1,40789,1,2,11,20,True
27538,0,2,31252,0,1,11,21,True
27538,1,2,18978,0,2,20,21,True
27539,0,1,60512,1,2,25,26,True
27539,0,2,45250,0,1,25,33,True
27539,1,2,55903,0,2,26,33,True
27540,0,1,45573,0,2,6,25,True
27540,0,2,40662,0,2,6,26,True
27540,1,2,61947,1,2,25,26,True
27553,0,1,68833,1,2,14,23,True
27553,0,2,55550,0,2,14,34,True
27553,1,2,41887,1,2,23,34,True
27554,0,1,6745,0,1,26,26,True
27554,0,2,6745,0,2,26,26,True
27554,1,2,6745,1,2,26,26,True
27557,0,1,47833,0,1,34,34,True
27557,0,2,49019,0,1,34,34,True
27557,1,2,49019,0,2,34,34,True
27582,0,1,6934,0,2,7,28,True
27582,0,2,50415,0,2,7,35,True
27582,1,2,31655,1,2,28,35,True
27584,0,1,19592,0,2,8,32,True
27584,0,2,19592,1,2,8,32,True
27584,1,2,16962,1,2,32,32,True
27605,0,1,28278,0,2,1,20,True
27605,0,2,44948,0,2,1,27,True
27605,1,2,20559,1,2,20,27,True
27611,0,1,2182,1,2,4,23,True
27611,0,2,61946,0,2,4,36,True
27611,1,2,2113,1,2,23,36,True
27612,0,1,68102,1,2,14,14,True
27612,0,2,68340,0,1,14,14,True
27612,1,2,68340,0,2,14,14,True
27618,0,1,67463,0,1,17,19,True
27618,0,2,52257,1,2,17,25,True
27618,1,2,65854,0,1,19,25,True
27621,0,1,11348,0,1,8,11,True
27621,0,2,33585,0,2,8,20,True
27621,1,2,57557,0,1,11,20,True
27622,0,1,58457,0,2,7,8,True
27622,0,2,58457,1,2,7,8,True
27622,1,2,36542,0,1,8,8,True
27639,0,1,70440,1,2,29,34,True
27639,0,2,270,1,2,29,34,True
27639,1,2,24832,1,2,34,34,True
27642,0,1,51937,0,1,2,2,True
27642,0,2,52196,0,1,2,2,True
27642,1,2,52447,0,1,2,2,True
27648,0,1,34509,0,2,6,30,True
27648,0,2,318,-1,2,6,36,False
27648,1,2,68127,0,1,30,36,True
27653,0,1,45866,1,2,39,39,True
27653,0,2,45963,1,2,39,39,True
27653,1,2,46468,1,2,39,39,True
27654,0,1,68212,1,2,27,28,True
27654,0,2,47203,1,2,27,38,True
27654,1,2,23028,0,2,28,38,True
27656,0,1,47964,0,1,21,27,True
27656,0,2,30480,0,1,21,38,True
27656,1,2,52107,1,2,27,38,True
27671,0,1,62153,0,1,13,17,True
27671,0,2,63866,1,2,13,17,True
27671,1,2,53599,1,2,17,17,True
27685,0,1,19237,1,2,21,37,True
27685,0,2,56668,1,2,21,38,True
27685,1,2,14765,1,2,37,38,True
27688,0,1,19331,-1,2,9,32,False
27688,0,2,55501,0,2,9,33,True
27688,1,2,7355,0,1,32,33,True
27699,0,1,34620,0,2,4,11,True
27699,0,2,13908,0,1,4,25,True
27699,1,2,19977,0,2,11,25,True
27736,0,1,47621,1,2,3,4,True
27736,0,2,47483,0,1,3,18,True
27736,1,2,34824,0,1,4,18,True
27745,0,1,49204,0,1,1,30,True
27745,0,2,36929,0,2,1,40,True
27745,1,2,57833,1,2,30,40,True
27761,0,1,4945,0,2,14,14,True
27761,0,2,1745,1,2,14,15,True
27761,1,2,2185,0,1,14,15,True
27772,0,1,10344,0,1,14,14,True
27772,0,2,8286,0,1,14,15,True
27772,1,2,8286,0,2,14,15,True
27773,0,1,52777,0,1,7,8,True
27773,0,2,56903,0,1,7,8,True
27773,1,2,29192,0,1,8,8,True
27781,0,1,54099,1,2,15,15,True
27781,0,2,67673,1,2,15,15,True
27781,1,2,356,1,2,15,15,True
27785,0,1,31106,1,2,15,15,True
27785,0,2,31629,0,1,15,15,True
27785,1,2,32953,0,1,15,15,True
27809,0,1,1392,0,1,8,18,True
27809,0,2,40914,0,1,8,24,True
27809,1,2,7481,1,2,18,24,True
27810,0,1,35618,0,1,1,8,True
27810,0,2,10784,0,2,1,22,True
27810,1,2,35190,1,2,8,22,True
27812,0,1,32746,0,1,4,8,True
27812,0,2,65674,0,1,4,33,True
27812,1,2,30117,0,2,8,33,True
27813,0,1,1233,0,2,1,2,True
27813,0,2,70136,0,1,1,17,True
27813,1,2,41444,0,1,2,17,True
27814,0,1,6709,1,2,35,36,True
27814,0,2,6954,0,2,35,36,True
27814,1,2,43013,0,1,36,36,True
27817,0,1,26871,0,1,35,35,True
27817,0,2,26871,0,2,35,35,True
27817,1,2,26871,1,2,35,35,True
27820,0,1,4429,0,1,17,22,True
27820,0,2,30714,1,2,17,38,True
27820,1,2,49063,0,2,22,38,True
27832,0,1,66087,0,2,25,26,True
27832,0,2,70126,1,2,25,26,True
27832,1,2,55073,0,1,26,26,True
27836,0,1,25053,0,1,22,23,True
27836,0,2,26078,1,2,22,23,True
27836,1,2,49530,1,2,23,23,True
27841,0,1,55156,1,2,14,29,True
27841,0,2,53684,0,2,14,39,True
27841,1,2,16250,1,2,29,39,True
27842,0,1,24227,1,2,16,32,True
27842,0,2,56975,0,2,16,34,True
27842,1,2,45559,1,2,32,34,True
27845,0,1,40292,0,1,5,6,True
27845,0,2,28563,0,2,5,22,True
27845,1,2,23222,0,1,6,22,True
27862,0,1,17074,0,1,20,20,True
27862,0,2,25566,1,2,20,23,True
27862,1,2,28055,0,1,20,23,True
27863,0,1,18338,0,1,9,10,True
27863,0,2,34811,1,2,9,39,True
27863,1,2,28581,0,2,10,39,True
27871,0,1,14629,0,2,4,22,True
27871,0,2,18867,0,2,4,22,True
27871,1,2,66806,0,1,22,22,True
27873,0,1,20422,0,2,3,27,True
27873,0,2,26613,1,2,3,27,True
27873,1,2,2888,1,2,27,27,True
27875,0,1,38349,0,2,33,33,True
27875,0,2,55545,1,2,33,34,True
27875,1,2,58349,1,2,33,34,True
27883,0,1,49436,0,2,9,40,True
27883,0,2,49436,1,2,9,40,True
27883,1,2,46621,1,2,40,40,True
27885,0,1,10461,1,2,33,34,True
27885,0,2,24277,0,1,33,36,True
27885,1,2,18232,1,2,34,36,True
27901,0,1,7024,0,2,1,28,True
27901,0,2,33748,0,2,1,40,True
27901,1,2,10327,0,2,28,40,True
27911,0,1,62907,0,1,7,8,True
27911,0,2,48859,0,2,7,35,True
27911,1,2,53796,1,2,8,35,True
27928,0,1,33609,0,1,8,9,True
27928,0,2,33786,0,2,8,9,True
27928,1,2,42288,0,1,9,9,True
27931,0,1,9015,0,1,10,15,True
27931,0,2,10470,1,2,10,37,True
27931,1,2,12648,0,2,15,37,True
27933,0,1,31332,0,2,8,38,True
27933,0,2,19190,0,2,8,39,True
27933,1,2,6796,0,2,38,39,True
27934,0,1,1745,0,1,13,14,True
27934,0,2,71090,0,1,13,32,True
27934,1,2,48344,0,2,14,32,True
27941,0,1,42757,1,2,3,39,True
27941,0,2,43180,0,2,3,39,True
27941,1,2,34919,1,2,39,39,True
27954,0,1,35947,1,2,19,31,True
27954,0,2,42931,1,2,19,37,True
27954,1,2,22597,1,2,31,37,True
27961,0,1,38249,1,2,28,35,True
27961,0,2,65684,0,2,28,38,True
27961,1,2,50918,1,2,35,38,True
27969,0,1,46145,0,1,30,30,True
27969,0,2,15395,1,2,30,35,True
27969,1,2,18496,0,2,30,35,True
27971,0,1,72006,1,2,22,34,True
27971,0,2,33110,1,2,22,35,True
27971,1,2,47196,0,2,34,35,True
27976,0,1,36542,0,1,8,8,True
27976,0,2,36841,0,1,8,8,True
27976,1,2,37924,0,1,8,8,True
27984,0,1,54649,0,2,10,11,True
27984,0,2,10192,0,2,10,29,True
27984,1,2,32267,0,2,11,29,True
27993,0,1,54096,0,1,3,9,True
27993,0,2,27224,0,1,3,17,True
27993,1,2,61608,0,1,9,17,True
27995,0,1,31976,1,2,3,22,True
27995,0,2,32075,1,2,3,33,True
27995,1,2,70625,1,2,22,33,True
28003,0,1,22381,0,1,13,13,True
28003,0,2,70824,1,2,13,25,True
28003,1,2,71618,1,2,13,25,True
28051,0,1,10831,1,2,20,20,True
28051,0,2,25942,0,1,20,28,True
28051,1,2,29667,1,2,20,28,True
28053,0,1,66009,1,2,4,30,True
28053,0,2,47149,0,2,4,31,True
28053,1,2,13570,0,2,30,31,True
28055,0,1,72583,0,1,20,23,True
28055,0,2,44540,0,2,20,25,True
28055,1,2,58746,0,1,23,25,True
28060,0,1,25965,1,2,11,11,True
28060,0,2,65772,0,1,11,17,True
28060,1,2,9942,0,2,11,17,True
28062,0,1,59586,1,2,33,37,True
28062,0,2,54760,1,2,33,38,True
28062,1,2,15479,0,2,37,38,True
28069,0,1,28442,1,2,3,16,True
28069,0,2,27873,0,1,3,27,True
28069,1,2,19701,0,1,16,27,True
28084,0,1,60669,1,2,35,35,True
28084,0,2,61618,1,2,35,35,True
28084,1,2,62442,1,2,35,35,True
28103,0,1,27685,0,2,21,38,True
28103,0,2,30480,0,1,21,38,True
28103,1,2,25620,1,2,38,38,True
28104,0,1,12085,0,1,7,7,True
28104,0,2,27303,0,2,7,34,True
28104,1,2,27303,1,2,7,34,True
28112,0,1,46442,1,2,28,29,True
28112,0,2,54868,0,2,28,34,True
28112,1,2,61782,1,2,29,34,True
28118,0,1,31017,1,2,14,15,True
28118,0,2,32025,1,2,14,15,True
28118,1,2,34592,0,1,15,15,True
28122,0,1,12774,0,2,16,32,True
28122,0,2,5219,0,2,16,33,True
28122,1,2,23671,0,1,32,33,True
28127,0,1,53375,0,1,1,1,True
28127,0,2,71758,0,2,1,14,True
28127,1,2,4081,0,2,1,14,True
28138,0,1,47495,0,2,12,22,True
28138,0,2,48634,0,1,12,22,True
28138,1,2,42147,0,2,22,22,True
28146,0,1,36342,1,2,36,36,True
28146,0,2,37138,1,2,36,36,True
28146,1,2,37680,1,2,36,36,True
28147,0,1,56926,0,2,12,12,True
28147,0,2,56926,1,2,12,12,True
28147,1,2,56933,0,1,12,12,True
28149,0,1,70954,0,1,1,4,True
28149,0,2,39461,0,2,1,34,True
28149,1,2,9092,0,2,4,34,True
28157,0,1,56651,-1,1,28,33,False
28157,0,2,56651,-1,2,28,33,False
28157,1,2,64195,1,2,33,33,True
28161,0,1,55113,0,1,30,30,True
28161,0,2,27969,1,2,30,35,True
28161,1,2,29084,1,2,30,35,True
28170,0,1,30187,0,1,3,4,True
28170,0,2,30479,0,1,3,4,True
28170,1,2,46226,0,2,4,4,True
28173,0,1,41195,0,2,21,21,True
28173,0,2,41195,1,2,21,21,True
28173,1,2,41248,0,1,21,21,True
28178,0,1,4439,1,2,25,25,True
28178,0,2,37920,0,1,25,26,True
28178,1,2,37920,0,2,25,26,True
28184,0,1,56903,0,2,7,19,True
28184,0,2,66298,0,2,7,24,True
28184,1,2,62005,1,2,19,24,True
28190,0,1,17788,0,2,12,22,True
28190,0,2,40081,1,2,12,31,True
28190,1,2,56158,1,2,22,31,True
28193,0,1,46498,1,2,13,14,True
28193,0,2,57507,0,2,13,15,True
28193,1,2,4561,1,2,14,15,True
28201,0,1,22914,0,1,20,21,True
28201,0,2,72583,0,1,20,23,True
28201,1,2,20562,0,2,21,23,True
28206,0,1,43666,0,2,13,19,True
28206,0,2,59018,0,2,13,38,True
28206,1,2,8126,0,2,19,38,True
28208,0,1,70826,0,1,6,14,True
28208,0,2,42232,0,2,6,15,True
28208,1,2,21497,1,2,14,15,True
28210,0,1,26297,0,2,3,23,True
28210,0,2,24157,0,2,3,32,True
28210,1,2,13835,1,2,23,32,True
28232,0,1,33017,0,2,16,28,True
28232,0,2,53235,1,2,16,37,True
28232,1,2,908,0,2,28,37,True
28238,0,1,39692,0,2,19,34,True
28238,0,2,6754,1,2,19,36,True
28238,1,2,71242,0,2,34,36,True
28240,0,1,13908,0,1,4,25,True
28240,0,2,1844,0,2,4,30,True
28240,1,2,4764,0,2,25,30,True
28245,0,1,9097,0,2,7,32,True
28245,0,2,29792,0,1,7,33,True
28245,1,2,72371,1,2,32,33,True
28252,0,1,28806,0,1,4,10,True
28252,0,2,45671,0,1,4,14,True
28252,1,2,6659,1,2,10,14,True
28253,0,1,55597,0,1,3,22,True
28253,0,2,43211,0,1,3,22,True
28253,1,2,27240,0,2,22,22,True
28276,0,1,21558,-1,1,10,12,False
28276,0,2,4292,0,2,10,23,True
28276,1,2,49475,1,2,12,23,True
28278,0,1,44085,0,1,1,1,True
28278,0,2,39286,0,1,1,20,True
28278,1,2,39290,0,2,1,20,True
28280,0,1,46261,0,2,4,5,True
28280,0,2,28806,0,2,4,11,True
28280,1,2,41974,0,2,5,11,True
28294,0,1,57695,0,1,27,27,True
28294,0,2,25157,0,1,27,28,True
28294,1,2,25157,0,2,27,28,True
28300,0,1,43532,0,2,19,20,True
28300,0,2,43532,1,2,19,20,True
28300,1,2,37050,1,2,20,20,True
28309,0,1,70279,0,2,2,27,True
28309,0,2,58835,0,1,2,32,True
28309,1,2,52228,-1,2,27,32,False
28322,0,1,64131,1,2,12,12,True
28322,0,2,384,0,1,12,13,True
28322,1,2,384,0,2,12,13,True
28334,0,1,48747,0,1,13,13,True
28334,0,2,48747,0,2,13,13,True
28334,1,2,48747,1,2,13,13,True
28336,0,1,5460,1,2,35,40,True
28336,0,2,10118,1,2,35,40,True
28336,1,2,13615,1,2,40,40,True
28338,0,1,51416,0,1,30,30,True
28338,0,2,51533,1,2,30,30,True
28338,1,2,52851,0,1,30,30,True
28343,0,1,58127,1,2,29,29,True
28343,0,2,58152,0,1,29,29,True
28343,1,2,58152,0,2,29,29,True
28354,0,1,42649,0,2,19,20,True
28354,0,2,68844,1,2,19,36,True
28354,1,2,57339,1,2,20,36,True
28359,0,1,72975,0,1,24,24,True
28359,0,2,18266,0,1,24,34,True
28359,1,2,22014,0,1,24,34,True
28363,0,1,33663,1,2,19,24,True
28363,0,2,19848,0,2,19,35,True
28363,1,2,71498,0,2,24,35,True
28365,0,1,25098,0,1,19,19,True
28365,0,2,34827,0,2,19,20,True
28365,1,2,34827,1,2,19,20,True
28399,0,1,17668,0,2,1,25,True
28399,0,2,40422,0,2,1,40,True
28399,1,2,50291,1,2,25,40,True
28410,0,1,9268,0,1,12,15,True
28410,0,2,8776,0,2,12,37,True
28410,1,2,59165,1,2,15,37,True
28414,0,1,19233,0,1,29,29,True
28414,0,2,9162,0,1,29,32,True
28414,1,2,12168,1,2,29,32,True
28417,0,1,66327,0,1,8,16,True
28417,0,2,44542,0,2,8,37,True
28417,1,2,7813,0,2,16,37,True
28429,0,1,21969,0,1,6,33,True
28429,0,2,1107,1,2,6,34,True
28429,1,2,18094,1,2,33,34,True
28432,0,1,41188,1,2,18,36,True
28432,0,2,43241,1,2,18,36,True
28432,1,2,18373,1,2,36,36,True
28440,0,1,2367,1,2,22,23,True
28440,0,2,2537,0,1,22,23,True
28440,1,2,26358,1,2,23,23,True
28442,0,1,53252,0,1,3,3,True
28442,0,2,27423,0,1,3,16,True
28442,1,2,28069,0,1,3,16,True
28449,0,1,51416,0,2,30,31,True
28449,0,2,51416,1,2,30,31,True
28449,1,2,21196,1,2,31,31,True
28450,0,1,53396,1,2,17,18,True
28450,0,2,55872,0,1,17,18,True
28450,1,2,51166,0,1,18,18,True
28454,0,1,26104,0,1,8,8,True
28454,0,2,26104,0,2,8,8,True
28454,1,2,26104,1,2,8,8,True
28472,0,1,68383,0,2,1,26,True
28472,0,2,68715,0,2,1,26,True
28472,1,2,51021,0,1,26,26,True
28473,0,1,31621,0,1,15,22,True
28473,0,2,9015,1,2,15,23,True
28473,1,2,67181,1,2,22,23,True
28477,0,1,45185,0,2,2,7,True
28477,0,2,6134,0,2,2,32,True
28477,1,2,9097,0,2,7,32,True
28508,0,1,35958,0,2,31,37,True
28508,0,2,43634,0,2,31,37,True
28508,1,2,72226,1,2,37,37,True
28510,0,1,42245,0,1,9,27,True
28510,0,2,32531,0,2,9,28,True
28510,1,2,39670,0,1,27,28,True
28511,0,1,4409,1,2,26,36,True
28511,0,2,33264,0,2,26,40,True
28511,1,2,33512,1,2,36,40,True
28525,0,1,4850,1,2,40,40,True
28525,0,2,6483,1,2,40,40,True
28525,1,2,6824,0,1,40,40,True
28529,0,1,60790,1,2,29,29,True
28529,0,2,8640,0,1,29,30,True
28529,1,2,8718,0,1,29,30,True
28540,0,1,36047,0,1,2,5,True
28540,0,2,15395,0,2,2,35,True
28540,1,2,17619,1,2,5,35,True
28541,0,1,72472,0,1,12,12,True
28541,0,2,72472,0,2,12,12,True
28541,1,2,72472,1,2,12,12,True
28548,0,1,37899,0,2,2,40,True
28548,0,2,37899,0,2,2,40,True
28548,1,2,51517,1,2,40,40,True
28563,0,1,58440,1,2,5,5,True
28563,0,2,36356,0,2,5,22,True
28563,1,2,41268,0,2,5,22,True
28575,0,1,10227,0,1,25,28,True
28575,0,2,12948,0,2,25,28,True
28575,1,2,16934,0,1,28,28,True
28581,0,1,36487,0,2,10,37,True
28581,0,2,35919,1,2,10,39,True
28581,1,2,34875,0,2,37,39,True
28582,0,1,9010,1,2,15,15,True
28582,0,2,24709,0,1,15,21,True
28582,1,2,26478,1,2,15,21,True
28585,0,1,35455,1,2,17,39,True
28585,0,2,52073,0,2,17,39,True
28585,1,2,68380,1,2,39,39,True
28588,0,1,30085,0,2,5,16,True
28588,0,2,63069,0,2,5,26,True
28588,1,2,32931,0,1,16,26,True
28601,0,1,52688,0,2,10,10,True
28601,0,2,3184,0,2,10,33,True
28601,1,2,5893,0,2,10,33,True
28607,0,1,62341,1,2,11,40,True
28607,0,2,65918,0,2,11,40,True
28607,1,2,52881,1,2,40,40,True
28608,0,1,103,0,1,5,5,True
28608,0,2,62497,0,2,5,9,True
28608,1,2,67534,0,1,5,9,True
28609,0,1,43986,1,2,9,26,True
28609,0,2,65967,0,2,9,31,True
28609,1,2,59550,0,2,26,31,True
28611,0,1,44428,0,2,5,15,True
28611,0,2,68058,0,2,5,36,True
28611,1,2,50095,1,2,15,36,True
28617,0,1,35530,0,1,21,22,True
28617,0,2,67021,0,1,21,25,True
28617,1,2,36725,0,1,22,25,True
28635,0,1,9092,0,1,4,10,True
28635,0,2,46967,0,2,4,23,True
28635,1,2,48074,0,1,10,23,True
28652,0,1,5830,0,2,3,8,True
28652,0,2,28983,0,2,3,15,True
28652,1,2,67762,0,1,8,15,True
28669,0,1,52344,0,2,6,14,True
28669,0,2,52950,1,2,6,32,True
28669,1,2,13309,0,2,14,32,True
28676,0,1,10542,0,2,10,10,True
28676,0,2,10470,1,2,10,37,True
28676,1,2,11724,0,2,10,37,True
28677,0,1,43626,1,2,21,21,True
28677,0,2,69908,1,2,21,22,True
28677,1,2,70062,1,2,21,22,True
28680,0,1,35405,0,2,1,40,True
28680,0,2,36628,0,1,1,40,True
28680,1,2,8489,1,2,40,40,True
28690,0,1,63806,0,1,1,1,True
28690,0,2,63814,0,1,1,1,True
28690,1,2,64919,0,1,1,1,True
28695,0,1,55286,1,2,22,28,True
28695,0,2,60699,0,2,22,29,True
28695,1,2,25429,1,2,28,29,True
28700,0,1,14634,1,2,26,26,True
28700,0,2,14841,1,2,26,26,True
28700,1,2,14958,0,1,26,26,True
28701,0,1,912,0,1,6,22,True
28701,0,2,11611,0,2,6,30,True
28701,1,2,41365,1,2,22,30,True
28710,0,1,5101,1,2,1,1,True
28710,0,2,13178,0,1,1,13,True
28710,1,2,18468,0,1,1,13,True
28713,0,1,47092,0,1,10,24,True
28713,0,2,51384,0,1,10,24,True
28713,1,2,3869,1,2,24,24,True
28743,0,1,7296,0,1,4,30,True
28743,0,2,11027,0,2,4,30,True
28743,1,2,7466,1,2,30,30,True
28744,0,1,53329,0,2,18,23,True
28744,0,2,7239,0,2,18,30,True
28744,1,2,71283,1,2,23,30,True
28747,0,1,10769,0,2,11,12,True
28747,0,2,18020,0,2,11,31,True
28747,1,2,35778,0,2,12,31,True
28761,0,1,52992,1,2,38,38,True
28761,0,2,55176,1,2,38,38,True
28761,1,2,55334,1,2,38,38,True
28770,0,1,27040,1,2,22,22,True
28770,0,2,63528,0,1,22,37,True
28770,1,2,68501,0,1,22,37,True
28792,0,1,59250,0,1,6,6,True
28792,0,2,40198,0,1,6,11,True
28792,1,2,40842,0,1,6,11,True
28806,0,1,28252,0,1,4,10,True
28806,0,2,31700,0,1,4,11,True
28806,1,2,71004,0,1,10,11,True
28809,0,1,51302,0,1,3,3,True
28809,0,2,21447,1,2,3,24,True
28809,1,2,22883,0,2,3,24,True
28816,0,1,14688,0,1,2,13,True
28816,0,2,53561,0,1,2,16,True
28816,1,2,69650,1,2,13,16,True
28829,0,1,61478,1,2,17,17,True
28829,0,2,61608,1,2,17,17,True
28829,1,2,62551,0,1,17,17,True
28832,0,1,66794,0,1,11,11,True
28832,0,2,67721,0,1,11,11,True
28832,1,2,67740,0,1,11,11,True
28835,0,1,29238,1,2,12,18,True
28835,0,2,64457,0,1,12,21,True
28835,1,2,57030,1,2,18,21,True
28836,0,1,55766,0,1,24,24,True
28836,0,2,16680,0,1,24,26,True
28836,1,2,22109,0,1,24,26,True
28846,0,1,72581,1,2,6,18,True
28846,0,2,70434,1,2,6,28,True
28846,1,2,32122,1,2,18,28,True
28862,0,1,20292,0,1,10,11,True
28862,0,2,25471,0,1,10,11,True
28862,1,2,43724,1,2,11,11,True
28863,0,1,61239,1,2,20,20,True
28863,0,2,61344,0,1,20,20,True
28863,1,2,61352,1,2,20,20,True
28874,0,1,68923,1,2,23,37,True
28874,0,2,27,1,2,23,37,True
28874,1,2,15479,0,1,37,37,True
28885,0,1,19854,1,2,20,33,True
28885,0,2,25013,1,2,20,34,True
28885,1,2,14433,1,2,33,34,True
28895,0,1,42931,0,1,15,19,True
28895,0,2,49708,0,1,15,20,True
28895,1,2,41922,0,2,19,20,True
28902,0,1,37179,0,1,32,32,True
28902,0,2,35682,1,2,32,33,True
28902,1,2,36134,1,2,32,33,True
28908,0,1,19007,1,2,23,27,True
28908,0,2,19234,1,2,23,27,True
28908,1,2,57695,0,1,27,27,True
28912,0,1,31406,0,1,21,22,True
28912,0,2,57605,0,2,21,34,True
28912,1,2,68224,0,2,22,34,True
28925,0,1,9296,0,1,15,19,True
28925,0,2,63730,0,1,15,29,True
28925,1,2,1395,1,2,19,29,True
28928,0,1,37656,0,1,2,3,True
28928,0,2,4168,0,1,2,24,True
28928,1,2,14055,0,2,3,24,True
28929,0,1,26751,1,2,16,16,True
28929,0,2,27842,0,2,16,34,True
28929,1,2,32931,0,2,16,34,True
28933,0,1,34200,1,2,10,10,True
28933,0,2,34754,0,1,10,10,True
28933,1,2,36430,1,2,10,10,True
28939,0,1,35617,0,2,11,23,True
28939,0,2,35795,0,2,11,23,True
28939,1,2,24232,0,1,23,23,True
28943,0,1,12619,0,2,5,27,True
28943,0,2,15108,0,2,5,27,True
28943,1,2,72751,0,1,27,27,True
28951,0,1,23183,0,1,11,21,True
28951,0,2,11907,0,1,11,32,True
28951,1,2,31111,0,1,21,32,True
28959,0,1,31396,0,2,23,23,True
28959,0,2,1709,0,2,23,30,True
28959,1,2,1709,1,2,23,30,True
28961,0,1,28743,1,2,30,30,True
28961,0,2,52851,1,2,30,31,True
28961,1,2,53819,0,2,30,31,True
28979,0,1,35600,-1,0,29,38,False
28979,0,2,14728,1,2,29,39,True
28979,1,2,35600,0,1,38,39,True
28982,0,1,26613,0,2,2,27,True
28982,0,2,24684,0,2,2,39,True
28982,1,2,31563,0,2,27,39,True
28983,0,1,28652,0,2,3,15,True
28983,0,2,32611,0,2,3,15,True
28983,1,2,37737,0,1,15,15,True
28990,0,1,38368,0,1,22,40,True
28990,0,2,38368,0,2,22,40,True
28990,1,2,66767,1,2,40,40,True
29004,0,1,41362,0,2,24,35,True
29004,0,2,36120,1,2,24,36,True
29004,1,2,26904,0,2,35,36,True
29007,0,1,5283,0,2,26,26,True
29007,0,2,5283,1,2,26,26,True
29007,1,2,5726,0,1,26,26,True
29017,0,1,65871,1,2,14,14,True
29017,0,2,20322,0,2,14,31,True
29017,1,2,20322,1,2,14,31,True
29018,0,1,69087,0,2,23,32,True
29018,0,2,29221,0,1,23,34,True
29018,1,2,30068,-1,2,32,34,False
29024,0,1,32283,0,1,7,24,True
29024,0,2,44677,0,1,7,24,True
29024,1,2,61368,1,2,24,24,True
29034,0,1,61422,0,2,2,2,True
29034,0,2,72581,0,2,2,18,True
29034,1,2,5610,0,2,2,18,True
29035,0,1,34827,0,1,19,19,True
29035,0,2,35015,0,1,19,19,True
29035,1,2,35015,0,2,19,19,True
29036,0,1,42194,0,1,1,19,True
29036,0,2,63191,0,2,1,29,True
29036,1,2,6876,0,2,19,29,True
29043,0,1,35530,0,1,21,22,True
29043,0,2,37267,1,2,21,22,True
29043,1,2,5260,0,1,22,22,True
29044,0,1,24893,1,2,12,23,True
29044,0,2,37570,0,1,12,24,True
29044,1,2,54978,1,2,23,24,True
29055,0,1,57047,0,1,25,26,True
29055,0,2,60512,0,2,25,26,True
29055,1,2,15751,0,1,26,26,True
29084,0,1,48563,0,2,8,30,True
29084,0,2,24623,0,1,8,35,True
29084,1,2,63125,0,2,30,35,True
29105,0,1,21723,0,1,13,26,True
29105,0,2,37083,1,2,13,37,True
29105,1,2,11139,1,2,26,37,True
29149,0,1,36157,0,2,5,5,True
29149,0,2,36157,1,2,5,5,True
29149,1,2,37748,0,1,5,5,True
29179,0,1,56047,0,1,12,13,True
29179,0,2,37053,0,2,12,20,True
29179,1,2,44975,-1,0,13,20,False
29192,0,1,52159,0,1,8,8,True
29192,0,2,52476,0,1,8,8,True
29192,1,2,52476,0,2,8,8,True
29196,0,1,12921,0,1,3,4,True
29196,0,2,12921,0,2,3,4,True
29196,1,2,23978,1,2,4,4,True
29217,0,1,49131,1,2,16,17,True
29217,0,2,55209,0,1,16,35,True
29217,1,2,2752,0,2,17,35,True
29221,0,1,43332,0,1,23,34,True
29221,0,2,29018,0,2,23,34,True
29221,1,2,21414,0,2,34,34,True
29225,0,1,66899,0,1,2,2,True
29225,0,2,66899,0,2,2,2,True
29225,1,2,66899,1,2,2,2,True
29226,0,1,12085,0,1,7,7,True
29226,0,2,13184,0,1,7,7,True
29226,1,2,13296,0,1,7,7,True
29238,0,1,4200,0,2,11,12,True
29238,0,2,49213,0,1,11,18,True
29238,1,2,31023,1,2,12,18,True
29249,0,1,71969,1,2,22,23,True
29249,0,2,2367,1,2,22,23,True
29249,1,2,10697,0,1,23,23,True
29251,0,1,10697,0,1,23,23,True
29251,0,2,53780,1,2,23,40,True
29251,1,2,68301,0,2,23,40,True
29253,0,1,18124,0,1,6,35,True
29253,0,2,40198,0,2,6,35,True
29253,1,2,23006,1,2,35,35,True
29261,0,1,22285,1,2,14,16,True
29261,0,2,22374,0,1,14,30,True
29261,1,2,35210,0,2,16,30,True
29267,0,1,39767,0,2,4,27,True
29267,0,2,41537,0,2,4,35,True
29267,1,2,54360,0,2,27,35,True
29279,0,1,56251,1,2,7,10,True
29279,0,2,28184,0,1,7,19,True
29279,1,2,5904,0,2,10,19,True
29282,0,1,61716,1,2,2,3,True
29282,0,2,42036,1,2,2,27,True
29282,1,2,39810,0,2,3,27,True
29283,0,1,36031,0,2,5,31,True
29283,0,2,62299,0,2,5,33,True
29283,1,2,19135,0,2,31,33,True
29303,0,1,69134,1,2,3,18,True
29303,0,2,40024,0,2,3,35,True
29303,1,2,49422,0,2,18,35,True
29317,0,1,14631,1,2,7,26,True
29317,0,2,57635,0,2,7,29,True
29317,1,2,16149,0,2,26,29,True
29323,0,1,54995,0,1,5,5,True
29323,0,2,16094,0,1,5,21,True
29323,1,2,27513,0,1,5,21,True
29325,0,1,31000,0,1,5,11,True
29325,0,2,3372,0,1,5,24,True
29325,1,2,71130,0,2,11,24,True
29340,0,1,22483,1,2,37,37,True
29340,0,2,22636,1,2,37,37,True
29340,1,2,24809,1,2,37,37,True
29349,0,1,50577,0,1,9,9,True
29349,0,2,7263,0,2,9,35,True
29349,1,2,8921,0,2,9,35,True
29351,0,1,67300,0,1,6,6,True
29351,0,2,5951,0,1,6,36,True
29351,1,2,6709,0,2,6,36,True
29357,0,1,68306,0,1,26,30,True
29357,0,2,68306,0,2,26,30,True
29357,1,2,51028,0,1,30,30,True
29361,0,1,46971,0,2,6,24,True
29361,0,2,36205,1,2,6,25,True
29361,1,2,51994,0,1,24,25,True
29364,0,1,23599,0,1,3,9,True
29364,0,2,54256,0,2,3,10,True
29364,1,2,47273,0,2,9,10,True
29369,0,1,8280,0,2,18,34,True
29369,0,2,21982,1,2,18,34,True
29369,1,2,4501,1,2,34,34,True
29374,0,1,5219,1,2,33,33,True
29374,0,2,71835,1,2,33,39,True
29374,1,2,20009,0,2,33,39,True
29378,0,1,66388,0,1,2,15,True
29378,0,2,69270,0,1,2,15,True
29378,1,2,58654,0,2,15,15,True
29380,0,1,29481,0,2,16,16,True
29380,0,2,29481,1,2,16,16,True
29380,1,2,29596,1,2,16,16,True
29400,0,1,43198,-1,0,1,18,False
29400,0,2,47331,-1,0,1,18,False
29400,1,2,39557,0,1,18,18,True
29418,0,1,7316,0,1,4,5,True
29418,0,2,10672,1,2,4,5,True
29418,1,2,18156,0,1,5,5,True
29451,0,1,17104,1,2,9,9,True
29451,0,2,17791,0,1,9,9,True
29451,1,2,18367,0,1,9,9,True
29454,0,1,58127,0,1,28,29,True
29454,0,2,59659,1,2,28,36,True
29454,1,2,58102,0,2,29,36,True
29455,0,1,55506,0,1,4,4,True
29455,0,2,49988,0,1,4,12,True
29455,1,2,53554,0,2,4,12,True
29469,0,1,46113,0,1,4,4,True
29469,0,2,46226,0,1,4,4,True
29469,1,2,46226,0,2,4,4,True
29473,0,1,32715,0,1,34,34,True
29473,0,2,33622,1,2,34,34,True
29473,1,2,34443,1,2,34,34,True
29481,0,1,58784,0,1,16,16,True
29481,0,2,58784,0,2,16,16,True
29481,1,2,58784,1,2,16,16,True
29489,0,1,65391,1,2,13,28,True
29489,0,2,45820,0,2,13,29,True
29489,1,2,13013,1,2,28,29,True
29490,0,1,67566,0,1,17,17,True
29490,0,2,68029,0,1,17,17,True
29490,1,2,68557,0,1,17,17,True
29491,0,1,37344,0,1,30,30,True
29491,0,2,37344,0,2,30,30,True
29491,1,2,37344,1,2,30,30,True
29492,0,1,29867,0,1,12,35,True
29492,0,2,45725,0,2,12,36,True
29492,1,2,18116,1,2,35,36,True
29500,0,1,61201,0,2,4,4,True
29500,0,2,61201,1,2,4,4,True
29500,1,2,61361,0,1,4,4,True
29505,0,1,64804,0,1,23,24,True
29505,0,2,41126,0,2,23,39,True
29505,1,2,34413,0,2,24,39,True
29509,0,1,5027,0,1,1,17,True
29509,0,2,11018,0,2,1,17,True
29509,1,2,60800,1,2,17,17,True
29511,0,1,71735,0,1,4,4,True
29511,0,2,26419,0,1,4,19,True
29511,1,2,26419,0,1,4,19,True
29512,0,1,64856,0,1,34,34,True
29512,0,2,41832,0,2,34,35,True
29512,1,2,42372,1,2,34,35,True
29514,0,1,72109,0,1,19,19,True
29514,0,2,72233,0,1,19,19,True
29514,1,2,147,0,1,19,19,True
29549,0,1,4360,1,2,34,34,True
29549,0,2,35970,1,2,34,39,True
29549,1,2,41455,1,2,34,39,True
29554,0,1,47212,0,1,28,29,True
29554,0,2,47212,0,2,28,29,True
29554,1,2,68806,1,2,29,29,True
29556,0,1,69943,0,1,23,23,True
29556,0,2,16448,0,1,23,33,True
29556,1,2,19384,1,2,23,33,True
29558,0,1,25972,0,2,10,38,True
29558,0,2,64169,0,2,10,40,True
29558,1,2,29901,0,1,38,40,True
29565,0,1,65480,0,1,9,9,True
29565,0,2,60838,0,1,9,10,True
29565,1,2,61197,0,2,9,10,True
29578,0,1,1345,0,2,8,17,True
29578,0,2,2640,0,2,8,36,True
29578,1,2,3172,1,2,17,36,True
29585,0,1,57228,0,2,16,32,True
29585,0,2,14955,0,2,16,33,True
29585,1,2,26260,1,2,32,33,True
29588,0,1,34014,0,2,12,20,True
29588,0,2,35778,0,2,12,31,True
29588,1,2,32278,0,2,20,31,True
29591,0,1,23445,-1,1,5,25,False
29591,0,2,32630,0,1,5,38,True
29591,1,2,37552,-1,2,25,38,False
29596,0,1,14886,0,1,15,16,True
29596,0,2,14886,0,2,15,16,True
29596,1,2,57293,0,2,16,16,True
29597,0,1,30233,1,2,39,39,True
29597,0,2,31715,1,2,39,39,True
29597,1,2,31879,1,2,39,39,True
29599,0,1,71276,0,2,1,19,True
29599,0,2,409,0,1,1,21,True
29599,1,2,22645,0,1,19,21,True
29610,0,1,27131,-1,0,14,32,False
29610,0,2,12340,0,1,14,33,True
29610,1,2,11757,1,2,32,33,True
29614,0,1,23381,1,2,22,34,True
29614,0,2,2077,0,2,22,35,True
29614,1,2,16185,1,2,34,35,True
29667,0,1,55385,0,2,15,20,True
29667,0,2,67333,1,2,15,28,True
29667,1,2,28051,0,2,20,28,True
29695,0,1,27836,0,2,22,23,True
29695,0,2,22237,0,2,22,35,True
29695,1,2,67741,0,1,23,35,True
29699,0,1,52731,0,2,1,1,True
29699,0,2,9150,1,2,1,6,True
29699,1,2,14429,0,2,1,6,True
29703,0,1,16893,0,2,21,24,True
29703,0,2,21922,0,2,21,24,True
29703,1,2,55724,1,2,24,24,True
29710,0,1,56806,0,1,20,37,True
29710,0,2,10791,0,2,20,38,True
29710,1,2,14765,1,2,37,38,True
29717,0,1,51943,0,1,9,21,True
29717,0,2,51943,0,1,9,21,True
29717,1,2,57830,0,2,21,21,True
29718,0,1,29017,0,1,14,14,True
29718,0,2,30181,0,1,14,14,True
29718,1,2,30213,0,1,14,14,True
29719,0,1,49352,0,1,37,37,True
29719,0,2,49352,0,2,37,37,True
29719,1,2,49352,1,2,37,37,True
29720,0,1,63780,0,1,6,6,True
29720,0,2,63780,0,2,6,6,True
29720,1,2,63780,1,2,6,6,True
29731,0,1,23644,0,1,24,25,True
29731,0,2,11936,0,2,24,37,True
29731,1,2,33642,1,2,25,37,True
29736,0,1,44792,0,1,14,21,True
29736,0,2,30213,0,2,14,24,True
29736,1,2,21922,0,2,21,24,True
29738,0,1,63098,1,2,30,30,True
29738,0,2,18496,0,2,30,35,True
29738,1,2,18496,1,2,30,35,True
29763,0,1,18099,0,2,5,32,True
29763,0,2,21107,0,2,5,32,True
29763,1,2,22802,0,2,32,32,True
29764,0,1,27094,0,1,19,22,True
29764,0,2,34135,0,2,19,34,True
29764,1,2,32916,0,2,22,34,True
29770,0,1,9183,1,2,28,28,True
29770,0,2,10991,1,2,28,28,True
29770,1,2,12042,0,1,28,28,True
29771,0,1,30213,0,2,14,24,True
29771,0,2,72859,0,1,14,25,True
29771,1,2,60588,1,2,24,25,True
29785,0,1,64948,0,2,7,33,True
29785,0,2,33499,0,1,7,38,True
29785,1,2,59205,1,2,33,38,True
29792,0,1,19761,1,2,7,33,True
29792,0,2,13301,0,1,7,37,True
29792,1,2,40516,0,2,33,37,True
29806,0,1,60838,1,2,10,18,True
29806,0,2,24907,0,1,10,21,True
29806,1,2,60326,1,2,18,21,True
29812,0,1,11367,0,2,9,28,True
29812,0,2,14410,0,1,9,28,True
29812,1,2,24529,0,2,28,28,True
29813,0,1,39157,0,1,10,10,True
29813,0,2,51841,0,1,10,15,True
29813,1,2,62687,0,2,10,15,True
29815,0,1,13223,1,2,1,2,True
29815,0,2,13223,0,2,1,2,True
29815,1,2,56272,0,1,2,2,True
29831,0,1,29400,1,2,18,18,True
29831,0,2,49475,-1,2,18,23,False
29831,1,2,51956,-1,2,18,23,False
29833,0,1,24562,0,1,20,20,True
29833,0,2,24046,0,2,20,21,True
29833,1,2,24046,1,2,20,21,True
29852,0,1,52780,1,2,2,29,True
29852,0,2,56606,0,2,2,29,True
29852,1,2,55600,1,2,29,29,True
29857,0,1,43986,1,2,9,26,True
29857,0,2,50515,1,2,9,26,True
29857,1,2,5726,0,1,26,26,True
29858,0,1,17300,0,1,4,12,True
29858,0,2,43848,0,1,4,31,True
29858,1,2,16176,0,2,12,31,True
29862,0,1,8340,1,2,31,35,True
29862,0,2,16020,1,2,31,35,True
29862,1,2,37384,0,1,35,35,True
29867,0,1,53765,0,1,12,35,True
29867,0,2,53765,0,2,12,35,True
29867,1,2,38560,0,1,35,35,True
29878,0,1,58615,1,2,16,39,True
29878,0,2,51297,1,2,16,40,True
29878,1,2,67508,1,2,39,40,True
29881,0,1,36171,0,1,3,6,True
29881,0,2,60268,1,2,3,21,True
29881,1,2,55386,0,1,6,21,True
29892,0,1,9971,1,2,20,20,True
29892,0,2,10590,0,1,20,20,True
29892,1,2,10590,0,2,20,20,True
29901,0,1,50842,0,2,38,40,True
29901,0,2,71039,1,2,38,40,True
29901,1,2,72791,1,2,40,40,True
29903,0,1,63247,0,1,11,11,True
29903,0,2,63247,0,2,11,11,True
29903,1,2,63247,1,2,11,11,True
29916,0,1,41819,0,1,26,29,True
29916,0,2,1339,1,2,26,31,True
29916,1,2,70129,1,2,29,31,True
29923,0,1,27188,1,2,20,20,True
29923,0,2,27862,0,1,20,20,True
29923,1,2,28051,0,1,20,20,True
29934,0,1,35176,0,2,14,15,True
29934,0,2,33355,1,2,14,29,True
29934,1,2,6253,1,2,15,29,True
29935,0,1,47939,0,1,2,3,True
29935,0,2,65096,0,1,2,36,True
29935,1,2,5313,0,2,3,36,True
29936,0,1,13139,0,1,2,3,True
29936,0,2,13873,0,1,2,3,True
29936,1,2,60431,0,1,3,3,True
29940,0,1,58019,1,2,14,16,True
29940,0,2,71570,0,2,14,20,True
29940,1,2,37050,0,2,16,20,True
29942,0,1,39557,0,1,18,18,True
29942,0,2,25339,1,2,18,35,True
29942,1,2,25339,1,2,18,35,True
29944,0,1,19763,0,2,1,12,True
29944,0,2,19767,0,1,1,12,True
29944,1,2,10915,0,1,12,12,True
29957,0,1,55840,0,2,13,21,True
29957,0,2,55236,1,2,13,26,True
29957,1,2,41082,1,2,21,26,True
29971,0,1,45171,1,2,31,31,True
29971,0,2,47297,1,2,31,31,True
29971,1,2,47338,1,2,31,31,True
29979,0,1,28601,0,1,10,10,True
29979,0,2,28676,0,1,10,10,True
29979,1,2,28933,0,1,10,10,True
30013,0,1,32385,0,1,14,15,True
30013,0,2,51431,1,2,14,23,True
30013,1,2,9015,1,2,15,23,True
30014,0,1,17529,0,1,6,7,True
30014,0,2,18011,0,1,6,7,True
30014,1,2,44027,1,2,7,7,True
30016,0,1,58977,1,2,35,35,True
30016,0,2,46403,1,2,35,36,True
30016,1,2,44975,1,2,35,36,True
30026,0,1,3925,0,2,5,27,True
30026,0,2,39302,1,2,5,33,True
30026,1,2,45525,0,1,27,33,True
30032,0,1,7303,1,2,1,16,True
30032,0,2,15536,0,1,1,16,True
30032,1,2,4677,1,2,16,16,True
30048,0,1,57071,1,2,9,10,True
30048,0,2,60547,0,1,9,10,True
30048,1,2,61647,0,2,10,10,True
30063,0,1,47714,0,2,11,23,True
30063,0,2,1713,0,2,11,24,True
30063,1,2,7138,0,2,23,24,True
30068,0,1,41976,0,1,6,12,True
30068,0,2,35475,0,2,6,34,True
30068,1,2,52729,1,2,12,34,True
30069,0,1,51665,1,2,17,25,True
30069,0,2,69657,1,2,17,28,True
30069,1,2,67232,1,2,25,28,True
30070,0,1,42467,0,1,11,29,True
30070,0,2,70848,1,2,11,40,True
30070,1,2,38421,0,1,29,40,True
30077,0,1,32680,1,2,5,5,True
30077,0,2,17651,-1,1,5,13,False
30077,1,2,20380,-1,1,5,13,False
30085,0,1,53336,0,1,5,5,True
30085,0,2,35805,0,1,5,16,True
30085,1,2,37645,1,2,5,16,True
30089,0,1,22842,0,2,35,35,True
30089,0,2,22842,1,2,35,35,True
30089,1,2,23006,1,2,35,35,True
30107,0,1,27605,1,2,20,27,True
30107,0,2,30564,1,2,20,27,True
30107,1,2,42899,1,2,27,27,True
30117,0,1,20908,0,1,8,20,True
30117,0,2,825,0,2,8,33,True
30117,1,2,18918,1,2,20,33,True
30121,0,1,4260,1,2,20,38,True
30121,0,2,6445,1,2,20,38,True
30121,1,2,37536,1,2,38,38,True
30134,0,1,70940,0,1,17,34,True
30134,0,2,3336,0,1,17,34,True
30134,1,2,21945,1,2,34,34,True
30139,0,1,39793,1,2,34,34,True
30139,0,2,70496,1,2,34,35,True
30139,1,2,24103,0,1,34,35,True
30140,0,1,72565,0,2,5,5,True
30140,0,2,6903,0,2,5,40,True
30140,1,2,7477,0,2,5,40,True
30150,0,1,69162,0,1,3,20,True
30150,0,2,14180,1,2,3,25,True
30150,1,2,24670,1,2,20,25,True
30161,0,1,179,0,2,21,28,True
30161,0,2,5775,0,2,21,29,True
30161,1,2,53508,0,2,28,29,True
30165,0,1,18838,0,1,5,22,True
30165,0,2,39985,1,2,5,35,True
30165,1,2,9964,1,2,22,35,True
30167,0,1,36070,0,2,22,23,True
30167,0,2,42131,1,2,22,36,True
30167,1,2,26082,0,2,23,36,True
30174,0,1,48702,0,1,7,9,True
30174,0,2,20185,1,2,7,36,True
30174,1,2,43095,0,2,9,36,True
30181,0,1,13286,0,1,14,14,True
30181,0,2,53014,0,1,14,36,True
30181,1,2,57735,0,2,14,36,True
30186,0,1,49153,1,2,17,33,True
30186,0,2,54976,0,1,17,33,True
30186,1,2,18034,1,2,33,33,True
30187,0,1,14553,0,1,3,4,True
30187,0,2,72056,0,1,3,8,True
30187,1,2,38129,0,1,4,8,True
30213,0,1,22778,1,2,14,14,True
30213,0,2,36125,0,1,14,24,True
30213,1,2,36125,0,2,14,24,True
30233,0,1,38543,0,2,6,39,True
30233,0,2,51581,0,2,6,39,True
30233,1,2,2493,1,2,39,39,True
30238,0,1,56945,0,2,18,18,True
30238,0,2,56945,1,2,18,18,True
30238,1,2,57262,1,2,18,18,True
30240,0,1,47715,0,2,15,16,True
30240,0,2,56226,0,1,15,17,True
30240,1,2,26545,0,1,16,17,True
30245,0,1,53163,1,2,8,23,True
30245,0,2,54166,0,2,8,23,True
30245,1,2,4246,0,1,23,23,True
30251,0,1,46498,1,2,13,14,True
30251,0,2,34716,0,2,13,21,True
30251,1,2,43155,1,2,14,21,True
30253,0,1,23416,0,1,7,7,True
30253,0,2,23416,0,2,7,7,True
30253,1,2,23416,1,2,7,7,True
30257,0,1,72109,0,2,19,20,True
30257,0,2,72109,1,2,19,20,True
30257,1,2,36265,0,1,20,20,True
30272,0,1,4729,0,2,3,30,True
30272,0,2,12593,0,2,3,30,True
30272,1,2,1275,1,2,30,30,True
30275,0,1,8858,1,2,32,32,True
30275,0,2,8917,0,1,32,32,True
30275,1,2,8917,0,2,32,32,True
30311,0,1,37513,0,1,29,29,True
30311,0,2,41687,1,2,29,30,True
30311,1,2,42380,0,1,29,30,True
30321,0,1,25323,0,1,9,9,True
30321,0,2,25323,0,2,9,9,True
30321,1,2,25323,1,2,9,9,True
30327,0,1,25157,0,2,27,28,True
30327,0,2,608,1,2,27,34,True
30327,1,2,24245,1,2,28,34,True
30331,0,1,26545,0,2,16,18,True
30331,0,2,44284,1,2,16,22,True
30331,1,2,26614,0,1,18,22,True
30336,0,1,2361,1,2,10,25,True
30336,0,2,5893,0,1,10,25,True
30336,1,2,10780,0,1,25,25,True
30358,0,1,58684,0,2,15,35,True
30358,0,2,63730,0,2,15,35,True
30358,1,2,5703,1,2,35,35,True
30369,0,1,10456,1,2,10,16,True
30369,0,2,15379,0,2,10,17,True
30369,1,2,69704,1,2,16,17,True
30375,0,1,28885,1,2,33,34,True
30375,0,2,67428,0,1,33,36,True
30375,1,2,46614,0,2,34,36,True
30392,0,1,49934,0,1,2,9,True
30392,0,2,17075,0,1,2,15,True
30392,1,2,48369,0,1,9,15,True
30415,0,1,49352,0,1,37,37,True
30415,0,2,6953,1,2,37,38,True
30415,1,2,7193,1,2,37,38,True
30448,0,1,56251,0,1,7,7,True
30448,0,2,1323,0,2,7,34,True
30448,1,2,1323,1,2,7,34,True
30455,0,1,49415,0,2,22,23,True
30455,0,2,68008,0,1,22,33,True
30455,1,2,44301,1,2,23,33,True
30457,0,1,9563,1,2,31,31,True
30457,0,2,71181,0,1,31,35,True
30457,1,2,71181,0,2,31,35,True
30474,0,1,2880,0,2,2,25,True
30474,0,2,15395,0,1,2,30,True
30474,1,2,41333,1,2,25,30,True
30479,0,1,18028,0,2,3,4,True
30479,0,2,1853,0,2,3,19,True
30479,1,2,228,1,2,4,19,True
30480,0,1,28103,0,1,21,38,True
30480,0,2,28103,0,2,21,38,True
30480,1,2,36549,1,2,38,38,True
30484,0,1,40430,0,2,22,32,True
30484,0,2,20189,0,2,22,40,True
30484,1,2,21755,1,2,32,40,True
30485,0,1,67314,0,1,7,7,True
30485,0,2,29792,0,1,7,33,True
30485,1,2,44688,0,2,7,33,True
30486,0,1,20808,1,2,18,26,True
30486,0,2,28846,1,2,18,28,True
30486,1,2,46710,1,2,26,28,True
30497,0,1,23093,1,2,26,26,True
30497,0,2,24662,0,1,26,26,True
30497,1,2,25501,1,2,26,26,True
30505,0,1,31198,0,2,30,30,True
30505,0,2,31198,1,2,30,30,True
30505,1,2,31232,1,2,30,30,True
30507,0,1,30238,1,2,18,18,True
30507,0,2,31605,1,2,18,18,True
30507,1,2,31820,1,2,18,18,True
30517,0,1,32738,0,1,5,24,True
30517,0,2,32738,0,2,5,24,True
30517,1,2,32414,1,2,24,24,True
30519,0,1,31558,1,2,26,26,True
30519,0,2,33612,1,2,26,26,True
30519,1,2,33720,1,2,26,26,True
30522,0,1,52339,0,1,8,11,True
30522,0,2,25853,0,2,8,37,True
30522,1,2,7831,0,2,11,37,True
30538,0,1,70984,0,2,2,3,True
30538,0,2,11543,0,2,2,17,True
30538,1,2,11548,0,2,3,17,True
30546,0,1,52476,0,2,8,8,True
30546,0,2,52476,1,2,8,8,True
30546,1,2,52524,0,1,8,8,True
30557,0,1,44428,0,1,5,15,True
30557,0,2,44428,0,2,5,15,True
30557,1,2,50569,0,1,15,15,True
30564,0,1,58883,0,2,3,20,True
30564,0,2,68959,0,2,3,27,True
30564,1,2,19775,0,2,20,27,True
30571,0,1,47835,0,2,13,29,True
30571,0,2,27524,0,1,13,31,True
30571,1,2,53340,0,1,29,31,True
30582,0,1,23783,0,2,3,14,True
30582,0,2,11548,0,1,3,17,True
30582,1,2,71006,0,1,14,17,True
30583,0,1,10839,1,2,17,18,True
30583,0,2,37704,1,2,17,33,True
30583,1,2,8424,0,1,18,33,True
30584,0,1,57663,0,1,6,6,True
30584,0,2,57759,0,1,6,6,True
30584,1,2,57759,0,2,6,6,True
30587,0,1,66075,0,2,21,22,True
30587,0,2,27513,1,2,21,23,True
30587,1,2,13440,0,1,22,23,True
30596,0,1,39715,0,1,19,23,True
30596,0,2,24216,0,1,19,32,True
30596,1,2,70057,0,2,23,32,True
30602,0,1,57735,0,1,14,15,True
30602,0,2,29736,0,2,14,24,True
30602,1,2,1381,0,1,15,24,True
30605,0,1,18887,0,1,1,7,True
30605,0,2,63121,0,2,1,40,True
30605,1,2,17407,0,2,7,40,True
30617,0,1,31060,0,2,1,16,True
30617,0,2,32696,0,1,1,16,True
30617,1,2,16862,1,2,16,16,True
30618,0,1,37704,1,2,17,33,True
30618,0,2,52073,0,1,17,34,True
30618,1,2,42372,0,1,33,34,True
30653,0,1,63034,0,1,4,30,True
30653,0,2,51737,0,2,4,36,True
30653,1,2,9373,1,2,30,36,True
30657,0,1,54810,0,2,9,37,True
30657,0,2,64225,0,2,9,37,True
30657,1,2,16200,0,1,37,37,True
30661,0,1,40353,0,1,37,37,True
30661,0,2,40516,1,2,37,37,True
30661,1,2,40527,1,2,37,37,True
30697,0,1,49988,0,2,4,14,True
30697,0,2,53358,0,2,4,35,True
30697,1,2,70487,0,2,14,35,True
30711,0,1,1709,0,1,23,23,True
30711,0,2,1743,1,2,23,23,True
30711,1,2,2113,0,1,23,23,True
30714,0,1,45671,0,2,4,17,True
30714,0,2,72134,0,2,4,38,True
30714,1,2,56141,0,1,17,38,True
30722,0,1,71013,0,2,34,38,True
30722,0,2,4075,0,2,34,38,True
30722,1,2,60996,1,2,38,38,True
30735,0,1,4578,1,2,14,27,True
30735,0,2,42816,0,2,14,38,True
30735,1,2,48701,0,2,27,38,True
30738,0,1,14858,0,2,7,7,True
30738,0,2,46516,0,2,7,35,True
30738,1,2,48076,1,2,7,35,True
30740,0,1,52663,0,1,7,7,True
30740,0,2,52993,0,1,7,7,True
30740,1,2,52993,0,2,7,7,True
30748,0,1,33532,1,2,5,7,True
30748,0,2,68492,1,2,5,14,True
30748,1,2,38875,0,2,7,14,True
30751,0,1,11676,0,1,31,31,True
30751,0,2,9084,0,2,31,32,True
30751,1,2,9347,1,2,31,32,True
30770,0,1,6579,1,2,20,25,True
30770,0,2,51332,0,2,20,39,True
30770,1,2,19658,0,2,25,39,True
30780,0,1,37513,0,2,29,29,True
30780,0,2,37513,1,2,29,29,True
30780,1,2,38128,1,2,29,29,True
30797,0,1,3740,0,1,13,13,True
30797,0,2,1443,0,2,13,27,True
30797,1,2,5481,0,1,13,27,True
30811,0,1,12010,1,2,6,6,True
30811,0,2,43391,0,2,6,11,True
30811,1,2,43391,1,2,6,11,True
30829,0,1,53569,0,2,15,31,True
30829,0,2,55257,0,2,15,31,True
30829,1,2,48524,1,2,31,31,True
30833,0,1,61082,0,2,14,28,True
30833,0,2,63090,0,2,14,28,True
30833,1,2,21017,1,2,28,28,True
30840,0,1,26274,0,2,2,36,True
30840,0,2,26379,0,2,2,36,True
30840,1,2,30865,0,1,36,36,True
30844,0,1,3106,0,2,19,31,True
30844,0,2,59205,0,2,19,38,True
30844,1,2,37448,0,1,31,38,True
30853,0,1,20040,1,2,40,40,True
30853,0,2,20684,0,1,40,40,True
30853,1,2,20684,0,2,40,40,True
30865,0,1,46654,1,2,36,36,True
30865,0,2,46993,0,1,36,36,True
30865,1,2,47337,0,1,36,36,True
30877,0,1,37924,1,2,8,8,True
30877,0,2,42429,0,1,8,12,True
30877,1,2,46231,0,2,8,12,True
30881,0,1,43518,0,2,9,28,True
30881,0,2,50772,0,1,9,28,True
30881,1,2,36261,1,2,28,28,True
30883,0,1,30853,0,1,40,40,True
30883,0,2,30853,0,2,40,40,True
30883,1,2,30853,1,2,40,40,True
30888,0,1,31776,0,1,10,10,True
30888,0,2,33342,0,1,10,10,True
30888,1,2,52927,0,1,10,10,True
30904,0,1,20935,1,2,14,17,True
30904,0,2,70997,0,2,14,35,True
30904,1,2,32024,0,2,17,35,True
30925,0,1,25015,0,2,12,17,True
30925,0,2,58767,0,2,12,18,True
30925,1,2,32926,0,2,17,18,True
30944,0,1,21745,1,2,14,14,True
30944,0,2,57800,1,2,14,15,True
30944,1,2,57806,1,2,14,15,True
30949,0,1,55872,0,1,17,18,True
30949,0,2,57944,0,2,17,27,True
30949,1,2,7315,0,2,18,27,True
30961,0,1,41555,0,2,11,39,True
30961,0,2,95,0,2,11,39,True
30961,1,2,35600,1,2,39,39,True
30964,0,1,12873,0,2,11,24,True
30964,0,2,24596,0,2,11,27,True
30964,1,2,33746,0,2,24,27,True
30990,0,1,35575,1,2,17,33,True
30990,0,2,45481,0,2,17,34,True
30990,1,2,30375,0,1,33,34,True
31000,0,1,14076,0,2,5,11,True
31000,0,2,26574,0,1,5,35,True
31000,1,2,31794,0,2,11,35,True
31008,0,1,20120,1,2,24,24,True
31008,0,2,20291,0,1,24,24,True
31008,1,2,20291,0,2,24,24,True
31012,0,1,22234,0,1,10,25,True
31012,0,2,25413,0,2,10,32,True
31012,1,2,59392,0,1,25,32,True
31015,0,1,53406,1,2,14,14,True
31015,0,2,27841,0,2,14,39,True
31015,1,2,32308,1,2,14,39,True
31017,0,1,53684,0,1,14,14,True
31017,0,2,49417,0,1,14,15,True
31017,1,2,49508,0,1,14,15,True
31022,0,1,68285,0,1,3,21,True
31022,0,2,58396,0,2,3,37,True
31022,1,2,19237,1,2,21,37,True
31023,0,1,64769,0,1,8,12,True
31023,0,2,10634,1,2,8,18,True
31023,1,2,63362,1,2,12,18,True
31041,0,1,65705,1,2,19,31,True
31041,0,2,19113,0,2,19,38,True
31041,1,2,38235,1,2,31,38,True
31044,0,1,4718,0,1,13,13,True
31044,0,2,5185,0,1,13,13,True
31044,1,2,5801,0,1,13,13,True
31060,0,1,29699,1,2,1,6,True
31060,0,2,23641,0,2,1,16,True
31060,1,2,13252,0,2,6,16,True
31063,0,1,60258,1,2,21,29,True
31063,0,2,67355,1,2,21,29,True
31063,1,2,67876,0,1,29,29,True
31065,0,1,26775,1,2,7,7,True
31065,0,2,27303,0,1,7,7,True
31065,1,2,28104,0,1,7,7,True
31082,0,1,55641,0,1,20,24,True
31082,0,2,65618,0,1,20,24,True
31082,1,2,52069,0,1,24,24,True
31094,0,1,49131,0,1,16,16,True
31094,0,2,49131,0,2,16,17,True
31094,1,2,49131,1,2,16,17,True
31098,0,1,54694,0,2,21,21,True
31098,0,2,54694,1,2,21,21,True
31098,1,2,54907,0,1,21,21,True
31106,0,1,64244,1,2,10,15,True
31106,0,2,71034,1,2,10,15,True
31106,1,2,67762,1,2,15,15,True
31111,0,1,11305,0,2,21,32,True
31111,0,2,41181,0,2,21,36,True
31111,1,2,53629,1,2,32,36,True
31127,0,1,18082,1,2,10,21,True
31127,0,2,24203,1,2,10,24,True
31127,1,2,49282,1,2,21,24,True
31155,0,1,44506,1,2,19,30,True
31155,0,2,60769,0,1,19,30,True
31155,1,2,8696,0,1,30,30,True
31170,0,1,5044,1,2,19,19,True
31170,0,2,37695,1,2,19,24,True
31170,1,2,39715,0,2,19,24,True
31178,0,1,40871,0,1,27,27,True
31178,0,2,48192,1,2,27,39,True
31178,1,2,48925,1,2,27,39,True
31182,0,1,7981,1,2,26,34,True
31182,0,2,12185,0,1,26,34,True
31182,1,2,9340,1,2,34,34,True
31184,0,1,30240,0,1,15,16,True
31184,0,2,55385,0,2,15,20,True
31184,1,2,34142,0,1,16,20,True
31198,0,1,38738,0,1,30,30,True
31198,0,2,38738,0,2,30,30,True
31198,1,2,38738,1,2,30,30,True
31201,0,1,11548,1,2,17,17,True
31201,0,2,12168,0,1,17,29,True
31201,1,2,18502,1,2,17,29,True
31202,0,1,6413,1,2,8,35,True
31202,0,2,11348,0,2,8,37,True
31202,1,2,55976,1,2,35,37,True
31212,0,1,28700,1,2,26,26,True
31212,0,2,11139,1,2,26,37,True
31212,1,2,25819,1,2,26,37,True
31217,0,1,48256,1,2,26,34,True
31217,0,2,51307,0,1,26,34,True
31217,1,2,24832,0,1,34,34,True
31220,0,1,25279,0,1,1,11,True
31220,0,2,10784,0,2,1,22,True
31220,1,2,45261,1,2,11,22,True
31221,0,1,17373,0,1,25,25,True
31221,0,2,30474,1,2,25,30,True
31221,1,2,37919,0,2,25,30,True
31222,0,1,43559,0,1,7,7,True
31222,0,2,46516,0,1,7,29,True
31222,1,2,51769,1,2,7,29,True
31232,0,1,15395,0,1,2,30,True
31232,0,2,17429,0,2,2,30,True
31232,1,2,42736,1,2,30,30,True
31234,0,1,20545,1,2,33,33,True
31234,0,2,868,0,2,33,35,True
31234,1,2,868,0,1,33,35,True
31241,0,1,62890,1,2,12,18,True
31241,0,2,2802,1,2,12,38,True
31241,1,2,50780,1,2,18,38,True
31244,0,1,13895,1,2,5,23,True
31244,0,2,34415,0,1,5,26,True
31244,1,2,47122,0,1,23,26,True
31245,0,1,40234,0,1,2,2,True
31245,0,2,47542,0,2,2,4,True
31245,1,2,54552,0,1,2,4,True
31251,0,1,11274,-1,0,10,16,False
31251,0,2,51008,-1,2,10,34,False
31251,1,2,35100,1,2,16,34,True
31252,0,1,13012,0,1,11,21,True
31252,0,2,18424,0,2,11,26,True
31252,1,2,66747,0,1,21,26,True
31262,0,1,38107,0,2,36,37,True
31262,0,2,38107,1,2,36,37,True
31262,1,2,72226,1,2,37,37,True
31280,0,1,36557,1,2,31,31,True
31280,0,2,52228,0,1,31,31,True
31280,1,2,64547,1,2,31,31,True
31298,0,1,55624,0,1,9,27,True
31298,0,2,55624,0,2,9,27,True
31298,1,2,28943,1,2,27,27,True
31314,0,1,11980,0,2,17,17,True
31314,0,2,11980,1,2,17,17,True
31314,1,2,11992,0,1,17,17,True
31320,0,1,2337,1,2,28,36,True
31320,0,2,24852,1,2,28,37,True
31320,1,2,64878,1,2,36,37,True
31326,0,1,7705,0,2,5,37,True
31326,0,2,43622,0,2,5,38,True
31326,1,2,50154,0,1,37,38,True
31332,0,1,8171,1,2,8,37,True
31332,0,2,8929,0,1,8,38,True
31332,1,2,52831,1,2,37,38,True
31344,0,1,22763,1,2,6,9,True
31344,0,2,15797,0,1,6,22,True
31344,1,2,55425,0,2,9,22,True
31346,0,1,72471,0,1,16,17,True
31346,0,2,16830,0,2,16,18,True
31346,1,2,57738,0,1,17,18,True
31350,0,1,7060,1,2,26,27,True
31350,0,2,66119,1,2,26,29,True
31350,1,2,22577,1,2,27,29,True
31365,0,1,17047,0,1,6,6,True
31365,0,2,64439,0,2,6,21,True
31365,1,2,66957,0,2,6,21,True
31368,0,1,4200,0,1,11,11,True
31368,0,2,2042,1,2,11,14,True
31368,1,2,7586,0,2,11,14,True
31375,0,1,42046,1,2,17,17,True
31375,0,2,42348,0,1,17,17,True
31375,1,2,42348,0,2,17,17,True
31377,0,1,68517,0,1,16,19,True
31377,0,2,35020,0,2,16,30,True
31377,1,2,38343,1,2,19,30,True
31384,0,1,35455,0,1,11,17,True
31384,0,2,28951,0,2,11,32,True
31384,1,2,70949,0,1,17,32,True
31387,0,1,30480,1,2,38,38,True
31387,0,2,30722,1,2,38,38,True
31387,1,2,31844,1,2,38,38,True
31389,0,1,32804,0,1,9,9,True
31389,0,2,66217,0,1,9,25,True
31389,1,2,66217,0,2,9,25,True
31394,0,1,44749,1,2,27,27,True
31394,0,2,44948,1,2,27,27,True
31394,1,2,45255,1,2,27,27,True
31396,0,1,10793,0,1,23,23,True
31396,0,2,10793,0,2,23,23,True
31396,1,2,10793,1,2,23,23,True
31397,0,1,25777,0,1,10,29,True
31397,0,2,14472,1,2,10,36,True
31397,1,2,24127,1,2,29,36,True
31405,0,1,5274,1,2,25,25,True
31405,0,2,54696,0,2,25,34,True
31405,1,2,57976,1,2,25,34,True
31406,0,1,67276,0,1,21,22,True
31406,0,2,44316,1,2,21,37,True
31406,1,2,56407,0,2,22,37,True
31411,0,1,53599,0,2,17,17,True
31411,0,2,53599,1,2,17,17,True
31411,1,2,53895,0,1,17,17,True
31412,0,1,45801,1,2,33,33,True
31412,0,2,46047,1,2,33,33,True
31412,1,2,46058,1,2,33,33,True
31415,0,1,34716,0,1,13,19,True
31415,0,2,50784,1,2,13,26,True
31415,1,2,10813,0,2,19,26,True
31417,0,1,5830,1,2,3,8,True
31417,0,2,8358,0,1,3,8,True
31417,1,2,52159,0,1,8,8,True
31445,0,1,55226,1,2,26,26,True
31445,0,2,39391,1,2,26,31,True
31445,1,2,43908,0,1,26,31,True
31450,0,1,22963,0,2,6,7,True
31450,0,2,22963,1,2,6,7,True
31450,1,2,52663,0,1,7,7,True
31459,0,1,5121,0,1,6,11,True
31459,0,2,7521,0,1,6,11,True
31459,1,2,42140,0,1,11,11,True
31460,0,1,31394,1,2,27,27,True
31460,0,2,7265,1,2,27,32,True
31460,1,2,13421,1,2,27,32,True
31465,0,1,62282,1,2,21,21,True
31465,0,2,33376,1,2,21,22,True
31465,1,2,35530,0,1,21,22,True
31472,0,1,68431,0,1,12,12,True
31472,0,2,68431,0,2,12,12,True
31472,1,2,68431,1,2,12,12,True
31476,0,1,53336,1,2,5,21,True
31476,0,2,63361,0,2,5,21,True
31476,1,2,67146,1,2,21,21,True
31497,0,1,40959,0,1,16,16,True
31497,0,2,41142,0,1,16,16,True
31497,1,2,41397,0,1,16,16,True
31503,0,1,17017,0,1,21,21,True
31503,0,2,53729,1,2,21,33,True
31503,1,2,59508,0,2,21,33,True
31528,0,1,14818,0,1,1,8,True
31528,0,2,21031,0,1,1,35,True
31528,1,2,39685,0,2,8,35,True
31538,0,1,20249,0,1,2,2,True
31538,0,2,40055,0,1,2,19,True
31538,1,2,40055,0,2,2,19,True
31558,0,1,10011,0,1,10,26,True
31558,0,2,10011,0,2,10,26,True
31558,1,2,35512,0,1,26,26,True
31560,0,1,31972,0,2,21,21,True
31560,0,2,31465,1,2,21,22,True
31560,1,2,32244,0,2,21,22,True
31563,0,1,17063,1,2,27,38,True
31563,0,2,52011,0,1,27,39,True
31563,1,2,69877,0,1,38,39,True
31569,0,1,42013,0,2,15,36,True
31569,0,2,44443,1,2,15,36,True
31569,1,2,46654,0,1,36,36,True
31570,0,1,1393,1,2,27,27,True
31570,0,2,43259,0,2,27,32,True
31570,1,2,46883,0,1,27,32,True
31574,0,1,11668,1,2,13,13,True
31574,0,2,21283,0,1,13,19,True
31574,1,2,28206,0,1,13,19,True
31580,0,1,56032,0,1,8,12,True
31580,0,2,59314,1,2,8,25,True
31580,1,2,16176,0,1,12,25,True
31585,0,1,1146,0,1,23,28,True
31585,0,2,1146,0,2,23,28,True
31585,1,2,40750,1,2,28,28,True
31593,0,1,6653,0,2,7,10,True
31593,0,2,20185,1,2,7,36,True
31593,1,2,14472,0,2,10,36,True
31605,0,1,11072,0,2,3,18,True
31605,0,2,11072,1,2,3,18,True
31605,1,2,45936,0,1,18,18,True
31616,0,1,452,1,2,36,37,True
31616,0,2,1450,1,2,36,37,True
31616,1,2,11098,1,2,37,37,True
31621,0,1,13538,0,2,15,22,True
31621,0,2,33814,0,1,15,35,True
31621,1,2,6452,0,2,22,35,True
31625,0,1,53486,0,1,2,2,True
31625,0,2,49713,0,1,2,3,True
31625,1,2,51937,0,2,2,3,True
31629,0,1,70080,1,2,15,15,True
31629,0,2,61458,0,1,15,19,True
31629,1,2,63846,0,1,15,19,True
31646,0,1,12229,0,2,11,12,True
31646,0,2,12234,0,2,11,12,True
31646,1,2,64373,1,2,12,12,True
31655,0,1,21635,0,2,2,28,True
31655,0,2,62933,0,1,2,35,True
31655,1,2,2876,1,2,28,35,True
31661,0,1,70951,1,2,9,9,True
31661,0,2,49144,0,2,9,33,True
31661,1,2,57462,0,2,9,33,True
31666,0,1,31621,0,1,15,22,True
31666,0,2,52737,1,2,15,23,True
31666,1,2,2367,1,2,22,23,True
31675,0,1,69507,1,2,10,10,True
31675,0,2,48819,0,2,10,33,True
31675,1,2,59044,0,1,10,33,True
31689,0,1,21652,0,2,2,14,True
31689,0,2,36762,1,2,2,18,True
31689,1,2,39476,0,2,14,18,True
31700,0,1,27699,0,1,4,11,True
31700,0,2,10410,0,2,4,31,True
31700,1,2,7877,0,2,11,31,True
31707,0,1,59445,0,1,26,27,True
31707,0,2,66119,1,2,26,29,True
31707,1,2,69012,1,2,27,29,True
31709,0,1,25279,1,2,11,20,True
31709,0,2,32463,0,1,11,28,True
31709,1,2,29667,1,2,20,28,True
31714,0,1,51810,0,1,5,7,True
31714,0,2,34970,0,2,5,38,True
31714,1,2,39007,0,2,7,38,True
31715,0,1,38965,1,2,19,39,True
31715,0,2,40521,1,2,19,39,True
31715,1,2,16073,0,1,39,39,True
31724,0,1,839,1,2,18,34,True
31724,0,2,67620,0,2,18,35,True
31724,1,2,41832,0,1,34,35,True
31735,0,1,41804,0,1,9,9,True
31735,0,2,42288,0,1,9,9,True
31735,1,2,42392,1,2,9,9,True
31740,0,1,40550,0,1,5,6,True
31740,0,2,40550,0,2,5,6,True
31740,1,2,22806,1,2,6,6,True
31749,0,1,46971,1,2,24,24,True
31749,0,2,47349,0,1,24,24,True
31749,1,2,48162,0,1,24,24,True
31772,0,1,49282,0,2,21,24,True
31772,0,2,49282,1,2,21,24,True
31772,1,2,49072,0,1,24,24,True
31776,0,1,30888,1,2,10,10,True
31776,0,2,1589,0,2,10,11,True
31776,1,2,38194,0,1,10,11,True
31790,0,1,51570,0,1,12,12,True
31790,0,2,18790,1,2,12,33,True
31790,1,2,18918,0,2,12,33,True
31794,0,1,51338,1,2,11,21,True
31794,0,2,67661,0,2,11,35,True
31794,1,2,62439,0,2,21,35,True
31807,0,1,42525,1,2,23,23,True
31807,0,2,42872,1,2,23,23,True
31807,1,2,44365,0,1,23,23,True
31814,0,1,20493,0,2,9,19,True
31814,0,2,27883,0,1,9,40,True
31814,1,2,26702,0,2,19,40,True
31818,0,1,60387,1,2,17,17,True
31818,0,2,61885,0,2,17,29,True
31818,1,2,66928,0,1,17,29,True
31820,0,1,71559,0,2,17,18,True
31820,0,2,71559,1,2,17,18,True
31820,1,2,57631,0,2,18,18,True
31829,0,1,25002,1,2,13,21,True
31829,0,2,8973,1,2,13,40,True
31829,1,2,42950,0,2,21,40,True
31843,0,1,62180,0,1,23,23,True
31843,0,2,62180,0,2,23,23,True
31843,1,2,62180,1,2,23,23,True
31844,0,1,36383,0,1,8,38,True
31844,0,2,45460,0,2,8,38,True
31844,1,2,70464,1,2,38,38,True
31856,0,1,69463,0,1,11,11,True
31856,0,2,69648,0,1,11,11,True
31856,1,2,72095,0,1,11,11,True
31865,0,1,21387,0,1,9,11,True
31865,0,2,51824,0,2,9,35,True
31865,1,2,35434,0,2,11,35,True
31873,0,1,48413,0,1,5,9,True
31873,0,2,71798,0,2,5,25,True
31873,1,2,66217,0,2,9,25,True
31879,0,1,8135,1,2,19,39,True
31879,0,2,9683,0,2,19,39,True
31879,1,2,7530,0,1,39,39,True
31881,0,1,7360,1,2,12,16,True
31881,0,2,3986,0,1,12,21,True
31881,1,2,25863,0,2,16,21,True
31895,0,1,56836,0,2,22,38,True
31895,0,2,63528,0,2,22,38,True
31895,1,2,21584,0,1,38,38,True
31905,0,1,49446,0,1,30,32,True
31905,0,2,49822,1,2,30,32,True
31905,1,2,17936,1,2,32,32,True
31908,0,1,66941,1,2,16,16,True
31908,0,2,33929,0,1,16,20,True
31908,1,2,34142,0,1,16,20,True
31927,0,1,30605,0,1,1,7,True
31927,0,2,35405,0,1,1,38,True
31927,1,2,53911,0,2,7,38,True
31938,0,1,13102,1,2,18,19,True
31938,0,2,33319,1,2,18,39,True
31938,1,2,35774,1,2,19,39,True
31940,0,1,12013,1,2,15,16,True
31940,0,2,12355,0,1,15,16,True
31940,1,2,14083,0,2,16,16,True
31968,0,1,14758,1,2,1,2,True
31968,0,2,31528,0,1,1,8,True
31968,1,2,5792,0,1,2,8,True
31972,0,1,48146,0,1,21,21,True
31972,0,2,49282,0,1,21,21,True
31972,1,2,49712,0,1,21,21,True
31976,0,1,23556,0,1,2,3,True
31976,0,2,6815,0,2,2,22,True
31976,1,2,27423,0,2,3,22,True
31982,0,1,6873,0,2,6,23,True
31982,0,2,45824,0,1,6,27,True
31982,1,2,7727,0,2,23,27,True
32021,0,1,39063,0,1,1,5,True
32021,0,2,39418,0,2,1,5,True
32021,1,2,60362,0,2,5,5,True
32024,0,1,8916,0,2,17,31,True
32024,0,2,29217,1,2,17,35,True
32024,1,2,6970,0,2,31,35,True
32025,0,1,23216,1,2,9,14,True
32025,0,2,48369,0,1,9,15,True
32025,1,2,28193,1,2,14,15,True
32042,0,1,18121,1,2,13,25,True
32042,0,2,56063,0,2,13,33,True
32042,1,2,7417,1,2,25,33,True
32046,0,1,2749,0,2,17,22,True
32046,0,2,56141,0,2,17,38,True
32046,1,2,51014,0,2,22,38,True
32049,0,1,52197,0,1,16,19,True
32049,0,2,42596,0,2,16,29,True
32049,1,2,39603,1,2,19,29,True
32051,0,1,33336,0,1,3,3,True
32051,0,2,43211,0,2,3,38,True
32051,1,2,43211,0,2,3,38,True
32060,0,1,44058,0,2,9,24,True
32060,0,2,64977,1,2,9,28,True
32060,1,2,543,1,2,24,28,True
32062,0,1,35600,0,2,38,39,True
32062,0,2,42022,1,2,38,40,True
32062,1,2,4927,0,2,39,40,True
32063,0,1,1886,0,2,35,36,True
32063,0,2,2014,0,2,35,36,True
32063,1,2,42216,1,2,36,36,True
32071,0,1,26988,0,1,24,30,True
32071,0,2,46301,0,2,24,38,True
32071,1,2,25620,0,2,30,38,True
32072,0,1,45573,0,1,6,22,True
32072,0,2,20284,0,2,6,37,True
32072,1,2,52275,1,2,22,37,True
32075,0,1,23556,1,2,3,3,True
32075,0,2,49123,0,1,3,33,True
32075,1,2,53071,0,2,3,33,True
32076,0,1,9423,0,2,25,26,True
32076,0,2,54696,0,1,25,33,True
32076,1,2,22119,0,2,26,33,True
32077,0,1,70058,0,2,29,30,True
32077,0,2,70129,1,2,29,31,True
32077,1,2,236,1,2,30,31,True
32084,0,1,40353,0,2,37,38,True
32084,0,2,40353,1,2,37,38,True
32084,1,2,24894,1,2,38,38,True
32087,0,1,66748,0,2,14,40,True
32087,0,2,10739,0,2,14,40,True
32087,1,2,19229,1,2,40,40,True
32098,0,1,23414,1,2,40,40,True
32098,0,2,24384,1,2,40,40,True
32098,1,2,26472,0,1,40,40,True
32100,0,1,41462,0,2,12,18,True
32100,0,2,2920,0,2,12,38,True
32100,1,2,5146,0,2,18,38,True
32102,0,1,39016,1,2,14,14,True
32102,0,2,22692,0,1,14,15,True
32102,1,2,23099,0,1,14,15,True
32115,0,1,6579,0,2,11,25,True
32115,0,2,13829,0,2,11,35,True
32115,1,2,37324,1,2,25,35,True
32122,0,1,6982,0,2,8,18,True
32122,0,2,35451,1,2,8,28,True
32122,1,2,23525,0,2,18,28,True
32134,0,1,59082,0,1,35,36,True
32134,0,2,59269,0,1,35,36,True
32134,1,2,2757,1,2,36,36,True
32139,0,1,34970,0,1,5,5,True
32139,0,2,35190,0,1,5,8,True
32139,1,2,38173,0,1,5,8,True
32140,0,1,47583,0,1,2,9,True
32140,0,2,48911,0,2,2,10,True
32140,1,2,48911,1,2,9,10,True
32141,0,1,58405,0,1,1,1,True
32141,0,2,58422,0,1,1,1,True
32141,1,2,60177,0,1,1,1,True
32142,0,1,63772,0,2,1,36,True
32142,0,2,58816,0,2,1,40,True
32142,1,2,57578,1,2,36,40,True
32148,0,1,222,1,2,26,27,True
32148,0,2,985,0,2,26,27,True
32148,1,2,59619,0,1,27,27,True
32168,0,1,14419,0,2,4,6,True
32168,0,2,69034,1,2,4,40,True
32168,1,2,23414,0,1,6,40,True
32188,0,1,39286,0,1,1,20,True
32188,0,2,28680,0,2,1,40,True
32188,1,2,33023,0,2,20,40,True
32194,0,1,30174,0,1,7,9,True
32194,0,2,51498,1,2,7,11,True
32194,1,2,37609,0,2,9,11,True
32202,0,1,16200,0,2,37,37,True
32202,0,2,16200,1,2,37,37,True
32202,1,2,16553,0,1,37,37,True
32210,0,1,19260,0,1,2,8,True
32210,0,2,66303,0,2,2,25,True
32210,1,2,35313,0,2,8,25,True
32227,0,1,3432,1,2,21,21,True
32227,0,2,3613,0,1,21,21,True
32227,1,2,3986,1,2,21,21,True
32231,0,1,27492,0,1,11,11,True
32231,0,2,28060,0,1,11,11,True
32231,1,2,28832,0,1,11,11,True
32244,0,1,14275,0,1,21,21,True
32244,0,2,17263,0,2,21,22,True
32244,1,2,17263,1,2,21,22,True
32253,0,1,28147,1,2,12,12,True
32253,0,2,40682,0,1,12,13,True
32253,1,2,42196,0,1,12,13,True
32264,0,1,45217,1,2,26,27,True
32264,0,2,45958,0,2,26,27,True
32264,1,2,43636,1,2,27,27,True
32267,0,1,63362,0,2,11,18,True
32267,0,2,34668,0,1,11,29,True
32267,1,2,58311,0,1,18,29,True
32278,0,1,15871,1,2,20,31,True
32278,0,2,19430,0,2,20,31,True
32278,1,2,48506,0,1,31,31,True
32281,0,1,52792,0,1,8,8,True
32281,0,2,3775,0,2,8,10,True
32281,1,2,6982,0,1,8,10,True
32282,0,1,72981,0,1,9,29,True
32282,0,2,39363,0,1,9,30,True
32282,1,2,33920,1,2,29,30,True
32283,0,1,47088,0,2,7,24,True
32283,0,2,15649,0,1,7,35,True
32283,1,2,62442,0,2,24,35,True
32298,0,1,15974,0,1,5,5,True
32298,0,2,68744,0,1,5,6,True
32298,1,2,103,0,2,5,6,True
32306,0,1,206,1,2,3,11,True
32306,0,2,23679,0,2,3,34,True
32306,1,2,68263,0,2,11,34,True
32308,0,1,46300,0,1,13,14,True
32308,0,2,48356,0,2,13,39,True
32308,1,2,31015,1,2,14,39,True
32311,0,1,49934,0,2,2,17,True
32311,0,2,7556,1,2,2,18,True
32311,1,2,3355,0,2,17,18,True
32332,0,1,34172,0,1,3,10,True
32332,0,2,3680,0,2,3,30,True
32332,1,2,56548,1,2,10,30,True
32335,0,1,46104,1,2,13,17,True
32335,0,2,47338,0,1,13,31,True
32335,1,2,59351,0,2,17,31,True
32336,0,1,25384,1,2,11,32,True
32336,0,2,26260,0,1,11,32,True
32336,1,2,44812,1,2,32,32,True
32338,0,1,72002,1,2,4,38,True
32338,0,2,71113,1,2,4,39,True
32338,1,2,946,0,1,38,39,True
32343,0,1,15253,0,2,11,36,True
32343,0,2,11724,1,2,11,37,True
32343,1,2,52581,0,1,36,37,True
32344,0,1,61305,0,1,3,3,True
32344,0,2,11241,0,2,3,24,True
32344,1,2,11241,1,2,3,24,True
32346,0,1,12774,0,2,16,32,True
32346,0,2,19516,0,2,16,32,True
32346,1,2,48363,1,2,32,32,True
32364,0,1,5951,0,2,6,40,True
32364,0,2,8110,0,2,6,40,True
32364,1,2,61589,1,2,40,40,True
32365,0,1,6360,-1,2,1,21,False
32365,0,2,204,0,2,1,24,True
32365,1,2,58458,0,2,21,24,True
32370,0,1,28146,1,2,36,36,True
32370,0,2,59810,0,2,36,37,True
32370,1,2,62221,0,2,36,37,True
32374,0,1,38496,0,2,28,29,True
32374,0,2,39825,0,2,28,29,True
32374,1,2,56863,0,1,29,29,True
32377,0,1,62654,0,2,3,32,True
32377,0,2,66175,0,2,3,32,True
32377,1,2,60031,0,1,32,32,True
32381,0,1,67424,0,1,34,34,True
32381,0,2,59783,1,2,34,37,True
32381,1,2,60459,1,2,34,37,True
32385,0,1,57800,1,2,14,15,True
32385,0,2,1196,0,2,14,32,True
32385,1,2,7265,0,2,15,32,True
32388,0,1,36792,0,1,17,28,True
32388,0,2,15884,1,2,17,34,True
32388,1,2,53166,0,1,28,34,True
32414,0,1,28928,1,2,3,24,True
32414,0,2,32344,0,2,3,24,True
32414,1,2,22588,1,2,24,24,True
32426,0,1,64324,0,1,14,25,True
32426,0,2,7390,0,2,14,38,True
32426,1,2,49063,1,2,25,38,True
32427,0,1,27196,0,1,16,17,True
32427,0,2,51385,0,1,16,17,True
32427,1,2,38380,1,2,17,17,True
32429,0,1,48513,1,2,27,27,True
32429,0,2,69888,0,1,27,34,True
32429,1,2,69888,0,2,27,34,True
32435,0,1,71742,1,2,5,5,True
32435,0,2,30140,0,2,5,40,True
32435,1,2,30140,1,2,5,40,True
32437,0,1,47918,0,1,13,20,True
32437,0,2,53726,0,1,13,20,True
32437,1,2,44226,0,1,20,20,True
32440,0,1,21958,0,2,9,30,True
32440,0,2,23165,0,2,9,32,True
32440,1,2,47503,0,2,30,32,True
32463,0,1,47262,1,2,11,28,True
32463,0,2,34267,0,2,11,32,True
32463,1,2,21054,0,2,28,32,True
32464,0,1,66175,0,2,3,32,True
32464,0,2,36332,0,2,3,33,True
32464,1,2,63105,1,2,32,33,True
32470,0,1,44248,0,2,29,29,True
32470,0,2,49315,0,2,29,30,True
32470,1,2,49315,1,2,29,30,True
32483,0,1,25749,0,2,11,35,True
32483,0,2,25835,0,2,11,36,True
32483,1,2,20089,0,2,35,36,True
32496,0,1,13113,0,1,1,8,True
32496,0,2,6037,0,2,1,36,True
32496,1,2,11477,0,2,8,36,True
32501,0,1,40463,1,2,7,7,True
32501,0,2,40568,0,1,7,7,True
32501,1,2,40568,0,2,7,7,True
32509,0,1,45227,0,1,3,3,True
32509,0,2,45577,0,1,3,3,True
32509,1,2,46180,0,1,3,3,True
32522,0,1,21605,0,1,15,25,True
32522,0,2,43042,0,1,15,27,True
32522,1,2,13106,0,2,25,27,True
32531,0,1,43518,0,2,9,28,True
32531,0,2,50772,0,1,9,28,True
32531,1,2,8196,0,2,28,28,True
32532,0,1,40819,0,1,7,10,True
32532,0,2,17017,-1,1,7,21,False
32532,1,2,20882,-1,0,10,21,False
32541,0,1,62548,1,2,4,12,True
32541,0,2,14705,1,2,4,24,True
32541,1,2,29044,0,2,12,24,True
32555,0,1,64330,0,1,4,4,True
32555,0,2,64330,0,2,4,4,True
32555,1,2,64330,1,2,4,4,True
32556,0,1,39391,0,2,23,31,True
32556,0,2,51395,0,2,23,39,True
32556,1,2,68954,1,2,31,39,True
32570,0,1,14634,0,1,25,26,True
32570,0,2,52187,0,1,25,37,True
32570,1,2,53968,0,1,26,37,True
32577,0,1,72985,1,2,21,21,True
32577,0,2,35530,0,1,21,22,True
32577,1,2,37267,1,2,21,22,True
32580,0,1,20756,1,2,7,11,True
32580,0,2,66298,0,1,7,21,True
32580,1,2,38320,0,2,11,21,True
32583,0,1,5074,1,2,18,22,True
32583,0,2,7426,0,2,18,22,True
32583,1,2,38051,1,2,22,22,True
32604,0,1,22430,0,2,18,18,True
32604,0,2,62203,1,2,18,20,True
32604,1,2,3717,1,2,18,20,True
32609,0,1,3852,1,2,21,29,True
32609,0,2,41248,1,2,21,40,True
32609,1,2,9162,0,2,29,40,True
32610,0,1,20423,0,1,10,10,True
32610,0,2,40878,0,1,10,23,True
32610,1,2,40878,0,2,10,23,True
32611,0,1,22214,0,2,3,4,True
32611,0,2,17303,1,2,3,15,True
32611,1,2,47908,0,2,4,15,True
32630,0,1,29591,0,2,5,38,True
32630,0,2,35234,1,2,5,40,True
32630,1,2,32062,0,2,38,40,True
32651,0,1,45573,1,2,22,25,True
32651,0,2,605,1,2,22,32,True
32651,1,2,64677,0,2,25,32,True
32654,0,1,20843,0,2,25,25,True
32654,0,2,20843,1,2,25,25,True
32654,1,2,20902,0,1,25,25,True
32680,0,1,8234,1,2,5,5,True
32680,0,2,8275,0,1,5,5,True
32680,1,2,26146,1,2,5,5,True
32692,0,1,67167,1,2,33,33,True
32692,0,2,68315,1,2,33,33,True
32692,1,2,68633,0,1,33,33,True
32693,0,1,46032,0,1,20,20,True
32693,0,2,47121,0,1,20,20,True
32693,1,2,47121,0,2,20,20,True
32696,0,1,66287,0,2,1,16,True
32696,0,2,56548,0,2,1,30,True
32696,1,2,61112,0,2,16,30,True
32697,0,1,48376,0,1,22,23,True
32697,0,2,48376,0,2,22,23,True
32697,1,2,54250,1,2,23,23,True
32701,0,1,19763,0,1,1,4,True
32701,0,2,23748,0,2,1,11,True
32701,1,2,9408,0,1,4,11,True
32715,0,1,53224,0,1,34,34,True
32715,0,2,8008,0,2,34,35,True
32715,1,2,8801,0,2,34,35,True
32725,0,1,36305,0,1,25,31,True
32725,0,2,38655,1,2,25,37,True
32725,1,2,28508,0,1,31,37,True
32738,0,1,30517,0,2,5,24,True
32738,0,2,33663,0,2,5,24,True
32738,1,2,12795,0,1,24,24,True
32740,0,1,35362,0,2,6,7,True
32740,0,2,35362,1,2,6,7,True
32740,1,2,5345,0,1,7,7,True
32741,0,1,10375,0,2,18,31,True
32741,0,2,10277,0,1,18,40,True
32741,1,2,26737,1,2,31,40,True
32744,0,1,41960,1,2,36,36,True
32744,0,2,13597,0,2,36,39,True
32744,1,2,13597,1,2,36,39,True
32746,0,1,53037,1,2,4,8,True
32746,0,2,35283,0,2,4,20,True
32746,1,2,24156,0,2,8,20,True
32750,0,1,38560,0,2,35,35,True
32750,0,2,69902,1,2,35,40,True
32750,1,2,5460,1,2,35,40,True
32754,0,1,40611,1,2,10,18,True
32754,0,2,50652,0,2,10,23,True
32754,1,2,59125,0,1,18,23,True
32778,0,1,8444,0,2,4,8,True
32778,0,2,43362,0,2,4,38,True
32778,1,2,31844,0,2,8,38,True
32792,0,1,51153,1,2,10,15,True
32792,0,2,36696,0,1,10,21,True
32792,1,2,5646,0,2,15,21,True
32794,0,1,48714,0,1,15,16,True
32794,0,2,45513,0,1,15,39,True
32794,1,2,46669,0,2,16,39,True
32804,0,1,43095,0,1,9,9,True
32804,0,2,22836,0,1,9,21,True
32804,1,2,24172,0,2,9,21,True
32822,0,1,30711,1,2,23,23,True
32822,0,2,61707,0,2,23,24,True
32822,1,2,61707,1,2,23,24,True
32823,0,1,69355,0,2,31,32,True
32823,0,2,70405,1,2,31,32,True
32823,1,2,22802,0,2,32,32,True
32833,0,1,47338,1,2,31,31,True
32833,0,2,48202,1,2,31,31,True
32833,1,2,48506,0,1,31,31,True
32839,0,1,36929,1,2,39,40,True
32839,0,2,38401,0,2,39,40,True
32839,1,2,32087,1,2,40,40,True
32846,0,1,38306,1,2,2,3,True
32846,0,2,43280,0,1,2,3,True
32846,1,2,37808,1,2,3,3,True
32868,0,1,1632,0,1,16,29,True
32868,0,2,2509,1,2,16,35,True
32868,1,2,6990,0,1,29,35,True
32878,0,1,34716,0,1,13,19,True
32878,0,2,58773,0,1,13,39,True
32878,1,2,38965,1,2,19,39,True
32895,0,1,56415,0,2,9,26,True
32895,0,2,18367,0,2,9,39,True
32895,1,2,44385,1,2,26,39,True
32897,0,1,20595,1,2,2,2,True
32897,0,2,20631,0,1,2,2,True
32897,1,2,21635,0,1,2,2,True
32906,0,1,67111,0,1,14,14,True
32906,0,2,605,0,2,14,32,True
32906,1,2,769,1,2,14,32,True
32916,0,1,68008,0,1,22,33,True
32916,0,2,33014,0,1,22,34,True
32916,1,2,30618,1,2,33,34,True
32919,0,1,10185,0,1,12,12,True
32919,0,2,32100,0,1,12,18,True
32919,1,2,36715,0,2,12,18,True
32920,0,1,43887,0,1,6,13,True
32920,0,2,42232,0,2,6,15,True
32920,1,2,26958,1,2,13,15,True
32924,0,1,42931,0,1,15,19,True
32924,0,2,55799,1,2,15,19,True
32924,1,2,25098,0,2,19,19,True
32926,0,1,10839,1,2,17,18,True
32926,0,2,14128,0,1,17,18,True
32926,1,2,6321,1,2,18,18,True
32931,0,1,34640,0,2,16,26,True
32931,0,2,25047,0,2,16,34,True
32931,1,2,16084,1,2,26,34,True
32937,0,1,1421,1,2,7,7,True
32937,0,2,59570,1,2,7,8,True
32937,1,2,60016,0,1,7,8,True
32945,0,1,49988,0,1,4,12,True
32945,0,2,58319,1,2,4,26,True
32945,1,2,3660,1,2,12,26,True
32953,0,1,50569,0,1,15,15,True
32953,0,2,28925,0,1,15,19,True
32953,1,2,31629,0,2,15,19,True
32988,0,1,57602,1,2,39,40,True
32988,0,2,57900,1,2,39,40,True
32988,1,2,21322,1,2,40,40,True
32992,0,1,25413,0,1,10,32,True
32992,0,2,37324,0,2,10,35,True
32992,1,2,64636,0,1,32,35,True
32995,0,1,52538,1,2,5,5,True
32995,0,2,52869,1,2,5,5,True
32995,1,2,52918,0,1,5,5,True
33000,0,1,17619,0,2,4,35,True
33000,0,2,48351,0,2,4,40,True
33000,1,2,17755,1,2,35,40,True
33003,0,1,113,0,1,8,8,True
33003,0,2,26011,0,2,8,26,True
33003,1,2,26011,1,2,8,26,True
33012,0,1,8159,0,2,3,23,True
33012,0,2,4946,0,2,3,34,True
33012,1,2,48256,0,2,23,34,True
33013,0,1,52804,0,2,25,29,True
33013,0,2,52804,1,2,25,29,True
33013,1,2,39948,0,1,29,29,True
33014,0,1,16751,1,2,22,34,True
33014,0,2,51014,0,1,22,38,True
33014,1,2,61675,0,1,34,38,True
33017,0,1,40258,0,2,16,20,True
33017,0,2,10134,1,2,16,28,True
33017,1,2,71713,1,2,20,28,True
33023,0,1,7750,0,2,20,39,True
33023,0,2,52651,1,2,20,40,True
33023,1,2,62278,1,2,39,40,True
33024,0,1,19763,0,2,1,12,True
33024,0,2,15307,0,1,1,26,True
33024,1,2,8593,1,2,12,26,True
33025,0,1,46857,0,1,1,11,True
33025,0,2,21981,0,1,1,12,True
33025,1,2,9192,0,1,11,12,True
33029,0,1,37157,1,2,8,11,True
33029,0,2,39685,0,2,8,35,True
33029,1,2,31794,0,2,11,35,True
33040,0,1,38584,0,2,16,38,True
33040,0,2,20620,1,2,16,39,True
33040,1,2,4735,0,2,38,39,True
33046,0,1,65777,0,1,13,13,True
33046,0,2,38382,1,2,13,39,True
33046,1,2,46445,1,2,13,39,True
33054,0,1,14637,0,2,30,30,True
33054,0,2,65031,0,1,30,31,True
33054,1,2,65031,0,2,30,31,True
33057,0,1,31244,1,2,23,26,True
33057,0,2,47122,0,1,23,26,True
33057,1,2,4409,0,1,26,26,True
33066,0,1,24415,0,1,5,10,True
33066,0,2,70431,0,2,5,19,True
33066,1,2,24019,0,2,10,19,True
33068,0,1,7533,1,2,24,24,True
33068,0,2,71103,0,2,24,25,True
33068,1,2,71205,1,2,24,25,True
33083,0,1,70794,0,2,19,19,True
33083,0,2,70794,1,2,19,19,True
33083,1,2,71708,1,2,19,19,True
33084,0,1,13895,0,1,3,5,True
33084,0,2,13895,0,1,3,5,True
33084,1,2,26146,1,2,5,5,True
33085,0,1,5185,0,1,13,13,True
33085,0,2,53726,0,1,13,20,True
33085,1,2,53726,0,2,13,20,True
33087,0,1,30321,0,2,9,9,True
33087,0,2,30321,1,2,9,9,True
33087,1,2,31389,0,1,9,9,True
33093,0,1,12921,0,2,3,4,True
33093,0,2,49259,0,2,3,36,True
33093,1,2,71462,0,2,4,36,True
33110,0,1,45290,0,1,2,22,True
33110,0,2,59792,0,2,2,35,True
33110,1,2,64223,0,2,22,35,True
33123,0,1,18556,-1,2,5,31,False
33123,0,2,8367,-1,1,5,39,False
33123,1,2,26070,0,2,31,39,True
33124,0,1,35385,1,2,31,31,True
33124,0,2,47130,1,2,31,39,True
33124,1,2,55468,1,2,31,39,True
33138,0,1,24083,0,1,1,1,True
33138,0,2,66315,0,1,1,33,True
33138,1,2,66315,0,2,1,33,True
33139,0,1,13682,0,1,10,14,True
33139,0,2,54850,0,2,10,37,True
33139,1,2,16833,0,2,14,37,True
33174,0,1,9942,0,2,11,17,True
33174,0,2,10054,0,2,11,17,True
33174,1,2,7970,1,2,17,17,True
33188,0,1,21155,1,2,3,3,True
33188,0,2,21394,0,1,3,3,True
33188,1,2,21715,0,1,3,3,True
33191,0,1,57740,0,2,14,22,True
33191,0,2,3127,1,2,14,34,True
33191,1,2,38889,0,2,22,34,True
33194,0,1,69408,1,2,5,5,True
33194,0,2,46847,0,1,5,6,True
33194,1,2,48362,0,1,5,6,True
33201,0,1,69660,1,2,28,28,True
33201,0,2,66711,0,1,28,33,True
33201,1,2,69758,0,2,28,33,True
33203,0,1,5313,0,1,3,19,True
33203,0,2,70420,0,2,3,33,True
33203,1,2,25951,0,2,19,33,True
33205,0,1,54816,0,1,4,5,True
33205,0,2,55831,0,1,4,14,True
33205,1,2,65421,0,1,5,14,True
33208,0,1,20595,0,2,1,2,True
33208,0,2,23358,0,2,1,28,True
33208,1,2,21635,1,2,2,28,True
33224,0,1,27354,0,1,6,28,True
33224,0,2,7665,0,2,6,29,True
33224,1,2,57572,1,2,28,29,True
33232,0,1,1057,0,1,10,11,True
33232,0,2,25972,0,2,10,38,True
33232,1,2,8223,0,1,11,38,True
33242,0,1,21683,0,1,1,15,True
33242,0,2,18193,1,2,1,16,True
33242,1,2,52710,0,1,15,16,True
33255,0,1,35394,1,2,15,15,True
33255,0,2,19228,0,2,15,16,True
33255,1,2,19899,0,2,15,16,True
33256,0,1,1818,1,2,8,27,True
33256,0,2,28979,-1,1,8,38,False
33256,1,2,34198,1,2,27,38,True
33258,0,1,60789,0,1,1,14,True
33258,0,2,60454,0,1,1,30,True
33258,1,2,26137,1,2,14,30,True
33264,0,1,67361,1,2,26,26,True
33264,0,2,55878,1,2,26,40,True
33264,1,2,28511,0,2,26,40,True
33277,0,1,43169,0,1,2,19,True
33277,0,2,30474,0,2,2,30,True
33277,1,2,60769,0,1,19,30,True
33282,0,1,23731,1,2,28,29,True
33282,0,2,70495,0,1,28,36,True
33282,1,2,68373,1,2,29,36,True
33284,0,1,46721,0,2,11,31,True
33284,0,2,46721,1,2,11,31,True
33284,1,2,43058,1,2,31,31,True
33291,0,1,46362,0,1,8,8,True
33291,0,2,56441,0,2,8,31,True
33291,1,2,57432,0,2,8,31,True
33293,0,1,42195,0,1,19,33,True
33293,0,2,1726,0,1,19,40,True
33293,1,2,35899,0,2,33,40,True
33297,0,1,33085,0,2,13,20,True
33297,0,2,33085,1,2,13,20,True
33297,1,2,67268,0,1,20,20,True
33319,0,1,17559,0,1,10,18,True
33319,0,2,6338,0,1,10,39,True
33319,1,2,56546,1,2,18,39,True
33322,0,1,34109,0,2,11,35,True
33322,0,2,15253,0,2,11,36,True
33322,1,2,27814,0,1,35,36,True
33333,0,1,19104,0,1,9,23,True
33333,0,2,19104,0,2,9,23,True
33333,1,2,31843,1,2,23,23,True
33336,0,1,59101,0,1,3,3,True
33336,0,2,25374,-1,1,3,34,False
33336,1,2,29018,-1,2,3,34,False
33342,0,1,30888,1,2,10,10,True
33342,0,2,28979,-1,0,10,29,False
33342,1,2,32470,-1,0,10,29,False
33355,0,1,22767,1,2,14,14,True
33355,0,2,65694,1,2,14,29,True
33355,1,2,70035,0,2,14,29,True
33360,0,1,48385,0,2,12,12,True
33360,0,2,140,0,2,12,13,True
33360,1,2,192,0,1,12,13,True
33364,0,1,47272,0,1,1,1,True
33364,0,2,12258,0,1,1,10,True
33364,1,2,14938,0,1,1,10,True
33376,0,1,31098,1,2,21,21,True
33376,0,2,31406,0,1,21,22,True
33376,1,2,31465,0,2,21,22,True
33377,0,1,43606,0,1,7,27,True
33377,0,2,48925,0,1,7,27,True
33377,1,2,59180,0,1,27,27,True
33408,0,1,59662,1,2,26,35,True
33408,0,2,34652,0,2,26,36,True
33408,1,2,29492,1,2,35,36,True
33412,0,1,44464,1,2,4,4,True
33412,0,2,58584,0,2,4,27,True
33412,1,2,58584,1,2,4,27,True
33413,0,1,38235,1,2,31,38,True
33413,0,2,60543,0,1,31,39,True
33413,1,2,25873,1,2,38,39,True
33414,0,1,32210,1,2,8,25,True
33414,0,2,70658,0,2,8,33,True
33414,1,2,27539,0,2,25,33,True
33416,0,1,62412,1,2,18,18,True
33416,0,2,43753,0,1,18,19,True
33416,1,2,43753,0,2,18,19,True
33426,0,1,11258,0,2,12,13,True
33426,0,2,11258,1,2,12,13,True
33426,1,2,66316,0,1,13,13,True
33442,0,1,4695,0,2,1,40,True
33442,0,2,5033,0,2,1,40,True
33442,1,2,67035,0,2,40,40,True
33445,0,1,59061,1,2,6,6,True
33445,0,2,25076,0,2,6,11,True
33445,1,2,28792,0,2,6,11,True
33449,0,1,39745,0,2,2,12,True
33449,0,2,45290,0,1,2,22,True
33449,1,2,48634,0,1,12,22,True
33453,0,1,2701,0,2,2,11,True
33453,0,2,52391,0,1,2,14,True
33453,1,2,53528,0,2,11,14,True
33466,0,1,1174,0,2,1,6,True
33466,0,2,3390,0,1,1,6,True
33466,1,2,67300,0,1,6,6,True
33470,0,1,44497,0,2,3,34,True
33470,0,2,60312,1,2,3,35,True
33470,1,2,32715,1,2,34,35,True
33483,0,1,38924,1,2,1,1,True
33483,0,2,38936,0,1,1,1,True
33483,1,2,40068,0,1,1,1,True
33491,0,1,40959,0,2,16,21,True
33491,0,2,971,0,1,16,27,True
33491,1,2,6900,0,2,21,27,True
33495,0,1,7875,0,1,22,23,True
33495,0,2,41364,1,2,22,38,True
33495,1,2,50918,0,2,23,38,True
33498,0,1,63138,1,2,8,8,True
33498,0,2,53342,0,2,8,26,True
33498,1,2,54982,0,2,8,26,True
33499,0,1,31714,1,2,7,38,True
33499,0,2,31927,1,2,7,38,True
33499,1,2,13057,1,2,38,38,True
33501,0,1,22168,1,2,10,10,True
33501,0,2,9077,1,2,10,13,True
33501,1,2,11503,0,1,10,13,True
33507,0,1,11571,0,2,18,32,True
33507,0,2,14449,0,2,18,32,True
33507,1,2,13309,1,2,32,32,True
33508,0,1,33924,0,2,23,23,True
33508,0,2,39715,1,2,23,24,True
33508,1,2,40533,0,2,23,24,True
33512,0,1,57114,-1,2,10,36,False
33512,0,2,35234,-1,2,10,40,False
33512,1,2,28511,1,2,36,40,True
33520,0,1,14620,0,1,4,29,True
33520,0,2,18152,0,2,4,29,True
33520,1,2,41557,1,2,29,29,True
33532,0,1,68142,0,1,4,5,True
33532,0,2,52670,0,1,4,7,True
33532,1,2,51810,0,1,5,7,True
33548,0,1,25076,1,2,7,11,True
33548,0,2,72745,0,2,7,40,True
33548,1,2,68780,1,2,11,40,True
33555,0,1,31972,0,2,21,21,True
33555,0,2,31972,1,2,21,21,True
33555,1,2,32227,0,1,21,21,True
33564,0,1,34304,0,2,6,39,True
33564,0,2,23753,1,2,6,40,True
33564,1,2,72715,1,2,39,40,True
33575,0,1,69239,0,1,5,5,True
33575,0,2,28563,0,2,5,22,True
33575,1,2,28563,1,2,5,22,True
33585,0,1,10445,0,1,8,17,True
33585,0,2,61352,0,1,8,20,True
33585,1,2,63460,0,1,17,20,True
33609,0,1,6697,0,2,8,9,True
33609,0,2,51749,0,2,8,23,True
33609,1,2,24893,0,2,9,23,True
33612,0,1,44072,1,2,11,26,True
33612,0,2,50282,1,2,11,26,True
33612,1,2,70162,0,1,26,26,True
33622,0,1,48244,0,2,28,34,True
33622,0,2,52313,0,2,28,34,True
33622,1,2,62508,0,2,34,34,True
33628,0,1,40876,1,2,3,13,True
33628,0,2,41428,0,1,3,13,True
33628,1,2,140,1,2,13,13,True
33637,0,1,66673,0,2,25,25,True
33637,0,2,66673,1,2,25,25,True
33637,1,2,66716,0,1,25,25,True
33641,0,1,21776,0,1,15,16,True
33641,0,2,42899,0,2,15,27,True
33641,1,2,41143,0,1,16,27,True
33642,0,1,6117,0,2,6,25,True
33642,0,2,69911,0,1,6,37,True
33642,1,2,57047,0,2,25,37,True
33656,0,1,29225,1,2,2,2,True
33656,0,2,54438,1,2,2,35,True
33656,1,2,58520,1,2,2,35,True
33663,0,1,44555,1,2,5,19,True
33663,0,2,67046,0,1,5,24,True
33663,1,2,2591,0,1,19,24,True
33682,0,1,48826,0,2,25,25,True
33682,0,2,43030,0,1,25,27,True
33682,1,2,45430,0,2,25,27,True
33694,0,1,7547,1,2,39,39,True
33694,0,2,36814,0,1,39,40,True
33694,1,2,36814,0,2,39,40,True
33701,0,1,46699,1,2,18,27,True
33701,0,2,1584,0,2,18,39,True
33701,1,2,31178,0,2,27,39,True
33720,0,1,34640,1,2,16,26,True
33720,0,2,38584,0,1,16,26,True
33720,1,2,51021,0,1,26,26,True
33721,0,1,43105,1,2,35,35,True
33721,0,2,12151,0,2,35,36,True
33721,1,2,12151,1,2,35,36,True
33738,0,1,31098,0,1,21,21,True
33738,0,2,71774,1,2,21,32,True
33738,1,2,1192,1,2,21,32,True
33744,0,1,46812,0,1,6,32,True
33744,0,2,49933,0,2,6,32,True
33744,1,2,27421,1,2,32,32,True
33746,0,1,68166,1,2,24,27,True
33746,0,2,69724,1,2,24,27,True
33746,1,2,15984,0,1,27,27,True
33747,0,1,6170,1,2,22,22,True
33747,0,2,6452,0,1,22,22,True
33747,1,2,6710,1,2,22,22,True
33748,0,1,63121,0,2,1,40,True
33748,0,2,63121,1,2,1,40,True
33748,1,2,37846,0,2,40,40,True
33765,0,1,27984,1,2,11,29,True
33765,0,2,6980,0,2,11,37,True
33765,1,2,68013,1,2,29,37,True
33772,0,1,32122,0,2,8,28,True
33772,0,2,31844,0,1,8,38,True
33772,1,2,23028,0,2,28,38,True
33774,0,1,23018,0,2,2,5,True
33774,0,2,19058,0,1,2,8,True
33774,1,2,62025,1,2,5,8,True
33786,0,1,38405,0,1,8,8,True
33786,0,2,5436,1,2,8,9,True
33786,1,2,5868,0,1,8,9,True
33793,0,1,11004,1,2,23,23,True
33793,0,2,8796,1,2,23,38,True
33793,1,2,13440,1,2,23,38,True
33802,0,1,20263,1,2,18,28,True
33802,0,2,6093,0,1,18,35,True
33802,1,2,25942,1,2,28,35,True
33814,0,1,58684,0,2,15,35,True
33814,0,2,63730,0,2,15,35,True
33814,1,2,5703,1,2,35,35,True
33820,0,1,60596,0,2,8,11,True
33820,0,2,1083,0,1,8,36,True
33820,1,2,65194,0,2,11,36,True
33827,0,1,66831,0,1,16,16,True
33827,0,2,66941,1,2,16,16,True
33827,1,2,67098,0,1,16,16,True
33863,0,1,45528,0,2,21,22,True
33863,0,2,72151,1,2,21,22,True
33863,1,2,6750,0,1,22,22,True
33866,0,1,42794,0,1,12,12,True
33866,0,2,33426,0,1,12,13,True
33866,1,2,33426,0,2,12,13,True
33885,0,1,57051,0,2,7,7,True
33885,0,2,5823,0,1,7,8,True
33885,1,2,6413,0,1,7,8,True
33894,0,1,38669,1,2,5,18,True
33894,0,2,49535,0,1,5,31,True
33894,1,2,68684,0,1,18,31,True
33903,0,1,43668,0,2,4,13,True
33903,0,2,28252,0,2,4,14,True
33903,1,2,71188,0,2,13,14,True
33904,0,1,57702,1,2,12,12,True
33904,0,2,37138,0,2,12,36,True
33904,1,2,40225,0,1,12,36,True
33918,0,1,67638,0,1,2,2,True
33918,0,2,8362,0,1,2,8,True
33918,1,2,16107,0,2,2,8,True
33920,0,1,31222,0,2,7,29,True
33920,0,2,55191,0,2,7,30,True
33920,1,2,2091,0,2,29,30,True
33924,0,1,30711,0,1,23,23,True
33924,0,2,30711,0,2,23,23,True
33924,1,2,30711,1,2,23,23,True
33927,0,1,10185,0,1,12,12,True
33927,0,2,10771,0,1,12,12,True
33927,1,2,10915,0,1,12,12,True
33929,0,1,40258,0,2,16,20,True
33929,0,2,29585,0,1,16,32,True
33929,1,2,45141,0,1,20,32,True
33930,0,1,61042,0,2,4,35,True
33930,0,2,36495,0,2,4,37,True
33930,1,2,4543,1,2,35,37,True
33935,0,1,61882,1,2,13,18,True
33935,0,2,65165,1,2,13,18,True
33935,1,2,58535,1,2,18,18,True
33944,0,1,23100,0,2,9,10,True
33944,0,2,24288,0,2,9,14,True
33944,1,2,53406,0,1,10,14,True
33945,0,1,70414,0,1,18,24,True
33945,0,2,59882,1,2,18,35,True
33945,1,2,62439,1,2,24,35,True
33946,0,1,8447,0,1,3,10,True
33946,0,2,4729,0,2,3,30,True
33946,1,2,13917,1,2,10,30,True
33966,0,1,27761,1,2,14,15,True
33966,0,2,5230,0,2,14,23,True
33966,1,2,53870,0,2,15,23,True
33969,0,1,11305,0,1,21,23,True
33969,0,2,12316,0,1,21,23,True
33969,1,2,14641,0,2,23,23,True
33972,0,1,11070,0,2,20,24,True
33972,0,2,28055,0,2,20,25,True
33972,1,2,4017,1,2,24,25,True
33974,0,1,70954,0,1,1,4,True
33974,0,2,33442,0,1,1,40,True
33974,1,2,35229,1,2,4,40,True
33976,0,1,42820,1,2,22,25,True
33976,0,2,69660,0,2,22,28,True
33976,1,2,40750,0,1,25,28,True
33985,0,1,26861,0,1,9,9,True
33985,0,2,15662,0,1,9,27,True
33985,1,2,22753,0,2,9,27,True
33990,0,1,39920,-1,1,2,14,False
33990,0,2,41555,-1,1,2,14,False
33990,1,2,57244,1,2,14,14,True
33994,0,1,47695,0,1,2,16,True
33994,0,2,23230,0,2,2,34,True
33994,1,2,25047,0,2,16,34,True
33998,0,1,64456,0,1,19,19,True
33998,0,2,64648,1,2,19,19,True
33998,1,2,65287,0,1,19,19,True
34000,0,1,17319,0,2,1,1,True
34000,0,2,33466,0,2,1,6,True
34000,1,2,42205,0,1,1,6,True
34003,0,1,10780,1,2,25,26,True
34003,0,2,11790,0,2,25,38,True
34003,1,2,47168,0,2,26,38,True
34011,0,1,23641,0,1,1,1,True
34011,0,2,61881,1,2,1,15,True
34011,1,2,67533,0,1,1,15,True
34014,0,1,62451,0,1,12,19,True
34014,0,2,55839,0,1,12,20,True
34014,1,2,7391,0,2,19,20,True
34023,0,1,28710,1,2,1,13,True
34023,0,2,48918,0,2,1,14,True
34023,1,2,18085,0,2,13,14,True
34030,0,1,54068,0,2,20,20,True
34030,0,2,55638,0,2,20,21,True
34030,1,2,55839,1,2,20,21,True
34045,0,1,23169,0,1,16,17,True
34045,0,2,28232,0,1,16,28,True
34045,1,2,36792,0,1,17,28,True
34051,0,1,17040,0,2,1,15,True
34051,0,2,28680,0,2,1,40,True
34051,1,2,53022,1,2,15,40,True
34052,0,1,19397,1,2,30,37,True
34052,0,2,19411,1,2,30,37,True
34052,1,2,13686,0,2,37,37,True
34064,0,1,49667,0,2,26,33,True
34064,0,2,33408,0,1,26,35,True
34064,1,2,23671,1,2,33,35,True
34082,0,1,11018,1,2,1,17,True
34082,0,2,22959,0,2,1,18,True
34082,1,2,31820,0,1,17,18,True
34083,0,1,7940,1,2,3,9,True
34083,0,2,4753,0,2,3,32,True
34083,1,2,8921,0,1,9,32,True
34094,0,1,22778,0,1,14,14,True
34094,0,2,22778,0,2,14,14,True
34094,1,2,22778,1,2,14,14,True
34106,0,1,3220,0,2,2,2,True
34106,0,2,8227,0,1,2,20,True
34106,1,2,8227,0,2,2,20,True
34109,0,1,25429,0,1,11,28,True
34109,0,2,70491,0,2,11,35,True
34109,1,2,27582,1,2,28,35,True
34130,0,1,31829,1,2,21,40,True
34130,0,2,32609,0,2,21,40,True
34130,1,2,56892,1,2,40,40,True
34135,0,1,48051,0,1,19,26,True
34135,0,2,56975,1,2,19,34,True
34135,1,2,31217,0,2,26,34,True
34137,0,1,1689,0,2,16,28,True
34137,0,2,70261,0,2,16,33,True
34137,1,2,69758,1,2,28,33,True
34140,0,1,48191,0,1,10,12,True
34140,0,2,64373,0,1,10,12,True
34140,1,2,8593,0,1,12,12,True
34142,0,1,33929,0,1,16,20,True
34142,0,2,36020,1,2,16,20,True
34142,1,2,24220,1,2,20,20,True
34144,0,1,40061,0,1,13,13,True
34144,0,2,40465,0,1,13,13,True
34144,1,2,41006,0,1,13,13,True
34156,0,1,68142,0,1,4,5,True
34156,0,2,57192,0,1,4,33,True
34156,1,2,64065,0,2,5,33,True
34169,0,1,56047,0,2,12,26,True
34169,0,2,58341,-1,1,12,32,False
34169,1,2,19331,1,2,26,32,True
34172,0,1,19014,0,1,3,10,True
34172,0,2,14856,0,2,3,36,True
34172,1,2,31593,1,2,10,36,True
34190,0,1,62240,1,2,16,16,True
34190,0,2,63513,1,2,16,16,True
34190,1,2,64583,0,1,16,16,True
34193,0,1,28051,0,1,20,20,True
34193,0,2,28300,1,2,20,20,True
34193,1,2,28863,0,1,20,20,True
34195,0,1,19854,0,1,2,20,True
34195,0,2,64181,0,2,2,37,True
34195,1,2,22293,0,2,20,37,True
34198,0,1,55597,1,2,22,27,True
34198,0,2,43211,1,2,22,38,True
34198,1,2,33256,1,2,27,38,True
34199,0,1,72300,1,2,4,12,True
34199,0,2,44718,0,2,4,36,True
34199,1,2,26379,1,2,12,36,True
34200,0,1,41363,1,2,9,10,True
34200,0,2,41804,0,2,9,10,True
34200,1,2,14472,0,1,10,10,True
34233,0,1,9007,0,2,16,16,True
34233,0,2,9007,1,2,16,16,True
34233,1,2,12840,0,1,16,16,True
34235,0,1,38405,0,1,8,8,True
34235,0,2,38405,0,2,8,8,True
34235,1,2,38405,1,2,8,8,True
34239,0,1,39852,1,2,15,16,True
34239,0,2,42065,0,1,15,16,True
34239,1,2,25254,0,1,16,16,True
34244,0,1,683,0,1,37,37,True
34244,0,2,683,0,2,37,37,True
34244,1,2,683,1,2,37,37,True
34254,0,1,72494,0,2,12,32,True
34254,0,2,14815,1,2,12,34,True
34254,1,2,27842,1,2,32,34,True
34267,0,1,69463,0,1,11,11,True
34267,0,2,66960,0,1,11,32,True
34267,1,2,68256,0,2,11,32,True
34274,0,1,40890,0,1,5,5,True
34274,0,2,68744,0,1,5,6,True
34274,1,2,103,0,2,5,6,True
34282,0,1,35239,0,2,29,33,True
34282,0,2,60365,0,2,29,40,True
34282,1,2,46130,0,2,33,40,True
34283,0,1,44590,1,2,8,19,True
34283,0,2,35313,0,2,8,25,True
34283,1,2,8137,0,1,19,25,True
34289,0,1,29514,1,2,19,19,True
34289,0,2,31170,0,1,19,19,True
34289,1,2,32924,1,2,19,19,True
34290,0,1,31344,0,2,6,22,True
34290,0,2,63047,0,2,6,38,True
34290,1,2,51014,0,2,22,38,True
34298,0,1,43391,0,2,6,11,True
34298,0,2,24345,0,1,6,14,True
34298,1,2,2042,1,2,11,14,True
34299,0,1,25015,0,1,12,12,True
34299,0,2,25823,0,1,12,12,True
34299,1,2,26584,1,2,12,12,True
34304,0,1,18900,0,2,6,30,True
34304,0,2,10746,0,1,6,39,True
34304,1,2,20056,0,2,30,39,True
34317,0,1,65647,0,1,5,8,True
34317,0,2,3425,1,2,5,39,True
34317,1,2,20086,0,2,8,39,True
34318,0,1,25653,0,2,2,28,True
34318,0,2,23230,1,2,2,34,True
34318,1,2,3189,0,1,28,34,True
34326,0,1,54202,0,2,28,33,True
34326,0,2,55248,1,2,28,33,True
34326,1,2,45801,0,1,33,33,True
34347,0,1,51028,0,1,30,30,True
34347,0,2,5244,0,1,30,31,True
34347,1,2,5706,0,2,30,31,True
34348,0,1,12725,0,1,2,24,True
34348,0,2,49570,0,2,2,26,True
34348,1,2,28836,1,2,24,26,True
34368,0,1,3503,0,1,6,6,True
34368,0,2,35575,0,1,6,17,True
34368,1,2,35727,0,2,6,17,True
34373,0,1,61582,1,2,23,29,True
34373,0,2,1709,0,2,23,30,True
34373,1,2,41687,0,2,29,30,True
34381,0,1,70275,0,1,19,19,True
34381,0,2,42649,1,2,19,20,True
34381,1,2,43532,0,2,19,20,True
34387,0,1,6044,0,2,8,8,True
34387,0,2,6736,1,2,8,36,True
34387,1,2,9481,0,2,8,36,True
34388,0,1,70131,0,2,22,26,True
34388,0,2,70347,0,1,22,26,True
34388,1,2,54368,0,1,26,26,True
34397,0,1,70173,0,1,16,17,True
34397,0,2,70173,0,2,16,17,True
34397,1,2,40477,1,2,17,17,True
34413,0,1,60331,0,2,24,24,True
34413,0,2,16680,0,2,24,39,True
34413,1,2,25595,0,2,24,39,True
34415,0,1,31244,0,2,5,26,True
34415,0,2,47744,0,2,5,37,True
34415,1,2,25360,0,2,26,37,True
34425,0,1,28201,1,2,21,23,True
34425,0,2,5192,0,1,21,27,True
34425,1,2,63929,0,2,23,27,True
34443,0,1,31724,0,1,18,34,True
34443,0,2,34918,0,1,18,34,True
34443,1,2,25787,1,2,34,34,True
34450,0,1,37920,0,2,25,26,True
34450,0,2,37941,0,1,25,26,True
34450,1,2,5726,0,2,26,26,True
34452,0,1,35394,1,2,15,15,True
34452,0,2,3611,0,2,15,32,True
34452,1,2,3943,0,1,15,32,True
34456,0,1,59571,0,2,7,21,True
34456,0,2,18120,0,1,7,32,True
34456,1,2,28951,1,2,21,32,True
34457,0,1,2039,1,2,18,18,True
34457,0,2,3663,1,2,18,18,True
34457,1,2,4337,0,1,18,18,True
34464,0,1,42549,0,2,7,15,True
34464,0,2,19358,0,1,7,20,True
34464,1,2,63482,1,2,15,20,True
34468,0,1,57119,0,2,16,17,True
34468,0,2,57119,1,2,16,17,True
34468,1,2,65222,0,2,17,17,True
34473,0,1,20322,1,2,14,31,True
34473,0,2,21751,1,2,14,31,True
34473,1,2,56441,1,2,31,31,True
34476,0,1,12861,0,2,2,2,True
34476,0,2,4019,0,1,2,17,True
34476,1,2,5266,0,2,2,17,True
34487,0,1,36321,0,1,2,3,True
34487,0,2,60824,0,2,2,38,True
34487,1,2,52756,0,2,3,38,True
34493,0,1,70437,1,2,19,24,True
34493,0,2,61737,0,2,19,40,True
34493,1,2,39754,0,2,24,40,True
34509,0,1,23623,1,2,6,6,True
34509,0,2,27648,0,1,6,30,True
34509,1,2,27648,0,1,6,30,True
34511,0,1,20098,0,2,6,14,True
34511,0,2,322,0,1,6,38,True
34511,1,2,30735,0,2,14,38,True
34513,0,1,30392,0,2,2,15,True
34513,0,2,72581,0,2,2,18,True
34513,1,2,19926,1,2,15,18,True
34521,0,1,41181,1,2,21,36,True
34521,0,2,70364,1,2,21,38,True
34521,1,2,11423,1,2,36,38,True
34558,0,1,64373,0,1,10,12,True
34558,0,2,30369,0,2,10,17,True
34558,1,2,60797,0,1,12,17,True
34565,0,1,38887,-1,0,10,31,False
34565,0,2,46403,-1,1,10,35,False
34565,1,2,47093,-1,1,31,35,False
34569,0,1,57572,0,1,28,28,True
34569,0,2,23688,1,2,28,29,True
34569,1,2,23731,0,2,28,29,True
34583,0,1,17505,0,1,5,7,True
34583,0,2,30557,0,2,5,15,True
34583,1,2,39852,0,1,7,15,True
34584,0,1,17787,0,2,15,34,True
34584,0,2,18094,0,2,15,34,True
34584,1,2,10934,1,2,34,34,True
34591,0,1,15292,0,2,38,38,True
34591,0,2,24268,1,2,38,39,True
34591,1,2,25546,1,2,38,39,True
34592,0,1,24067,1,2,15,15,True
34592,0,2,43537,1,2,15,20,True
34592,1,2,49417,1,2,15,20,True
34610,0,1,13721,0,1,5,21,True
34610,0,2,24252,0,1,5,32,True
34610,1,2,34456,1,2,21,32,True
34620,0,1,9092,0,1,4,10,True
34620,0,2,5030,0,1,4,11,True
34620,1,2,55137,1,2,10,11,True
34623,0,1,42942,0,1,20,20,True
34623,0,2,43016,0,1,20,20,True
34623,1,2,43016,0,2,20,20,True
34626,0,1,32060,1,2,24,28,True
34626,0,2,38019,1,2,24,28,True
34626,1,2,15328,0,2,28,28,True
34633,0,1,5305,0,2,2,2,True
34633,0,2,29935,0,1,2,3,True
34633,1,2,29936,0,1,2,3,True
34640,0,1,31094,0,1,16,16,True
34640,0,2,42596,0,1,16,26,True
34640,1,2,47695,1,2,16,26,True
34644,0,1,27278,0,1,4,4,True
34644,0,2,68355,0,2,4,5,True
34644,1,2,68638,1,2,4,5,True
34652,0,1,27832,1,2,26,26,True
34652,0,2,67026,0,2,26,36,True
34652,1,2,71062,0,1,26,36,True
34665,0,1,11139,0,1,24,26,True
34665,0,2,26735,1,2,24,38,True
34665,1,2,43622,1,2,26,38,True
34668,0,1,53258,1,2,11,29,True
34668,0,2,61844,0,2,11,29,True
34668,1,2,32374,1,2,29,29,True
34674,0,1,49019,1,2,34,34,True
34674,0,2,70535,0,2,34,35,True
34674,1,2,71242,0,1,34,35,True
34690,0,1,25080,1,2,2,2,True
34690,0,2,71315,1,2,2,19,True
34690,1,2,221,0,1,2,19,True
34695,0,1,31735,1,2,9,9,True
34695,0,2,35209,1,2,9,21,True
34695,1,2,36575,0,1,9,21,True
34699,0,1,49838,0,2,39,40,True
34699,0,2,50842,1,2,39,40,True
34699,1,2,71510,0,1,40,40,True
34700,0,1,67730,1,2,38,39,True
34700,0,2,68515,1,2,38,39,True
34700,1,2,58675,1,2,39,39,True
34704,0,1,14407,0,1,18,18,True
34704,0,2,6913,1,2,18,32,True
34704,1,2,11571,0,1,18,32,True
34716,0,1,21283,0,1,13,19,True
34716,0,2,55840,0,2,13,21,True
34716,1,2,22645,0,1,19,21,True
34722,0,1,2839,1,2,1,2,True
34722,0,2,5033,0,1,1,2,True
34722,1,2,39753,0,1,2,2,True
34745,0,1,21058,0,1,28,33,True
34745,0,2,57900,0,2,28,40,True
34745,1,2,65791,1,2,33,40,True
34754,0,1,24304,0,2,10,10,True
34754,0,2,8913,0,1,10,35,True
34754,1,2,9030,0,2,10,35,True
34781,0,1,25051,0,1,2,6,True
34781,0,2,39186,1,2,2,19,True
34781,1,2,70703,0,2,6,19,True
34793,0,1,71686,1,2,9,11,True
34793,0,2,19092,1,2,9,11,True
34793,1,2,27288,0,1,11,11,True
34799,0,1,37737,0,1,15,15,True
34799,0,2,828,1,2,15,16,True
34799,1,2,2509,0,1,15,16,True
34801,0,1,4642,0,1,13,13,True
34801,0,2,4642,0,2,13,13,True
34801,1,2,4642,1,2,13,13,True
34802,0,1,6466,0,1,14,30,True
34802,0,2,9774,1,2,14,30,True
34802,1,2,27969,0,1,30,30,True
34811,0,1,5969,1,2,9,9,True
34811,0,2,22012,0,2,9,39,True
34811,1,2,27863,0,2,9,39,True
34817,0,1,46992,0,2,19,27,True
34817,0,2,44319,0,2,19,40,True
34817,1,2,23039,1,2,27,40,True
34824,0,1,58535,0,1,4,18,True
34824,0,2,21855,0,2,4,19,True
34824,1,2,13102,1,2,18,19,True
34826,0,1,60454,1,2,30,36,True
34826,0,2,11146,1,2,30,40,True
34826,1,2,13299,1,2,36,40,True
34827,0,1,25098,1,2,19,19,True
34827,0,2,28365,0,2,19,20,True
34827,1,2,28365,1,2,19,20,True
34837,0,1,40729,1,2,33,35,True
34837,0,2,42372,0,2,33,35,True
34837,1,2,28084,0,1,35,35,True
34838,0,1,20383,0,1,6,15,True
34838,0,2,28208,0,2,6,15,True
34838,1,2,51830,0,1,15,15,True
34847,0,1,11369,1,2,8,8,True
34847,0,2,12242,0,1,8,8,True
34847,1,2,14376,0,1,8,8,True
34854,0,1,7899,0,1,28,28,True
34854,0,2,15985,1,2,28,28,True
34854,1,2,35613,1,2,28,28,True
34861,0,1,69881,1,2,17,18,True
34861,0,2,71559,0,2,17,18,True
34861,1,2,6002,1,2,18,18,True
34867,0,1,22405,1,2,12,12,True
34867,0,2,31881,0,1,12,16,True
34867,1,2,43501,0,1,12,16,True
34875,0,1,16553,0,2,37,37,True
34875,0,2,57894,1,2,37,39,True
34875,1,2,59210,1,2,37,39,True
34879,0,1,69463,0,1,11,11,True
34879,0,2,10769,1,2,11,12,True
34879,1,2,11830,0,1,11,12,True
34892,0,1,43671,0,1,35,35,True
34892,0,2,43671,0,2,35,35,True
34892,1,2,43671,1,2,35,35,True
34918,0,1,8280,0,2,18,34,True
34918,0,2,58311,0,2,18,40,True
34918,1,2,48350,1,2,34,40,True
34919,0,1,69288,0,1,17,39,True
34919,0,2,69288,0,2,17,39,True
34919,1,2,68380,0,2,39,39,True
34924,0,1,15662,0,1,9,27,True
34924,0,2,30881,0,1,9,28,True
34924,1,2,25157,0,2,27,28,True
34931,0,1,16411,1,2,14,21,True
34931,0,2,16459,0,1,14,21,True
34931,1,2,66383,0,1,21,21,True
34934,0,1,65772,1,2,17,24,True
34934,0,2,36851,0,2,17,33,True
34934,1,2,70631,0,2,24,33,True
34941,0,1,72001,1,2,28,28,True
34941,0,2,63165,0,2,28,40,True
34941,1,2,68301,1,2,28,40,True
34944,0,1,50102,0,1,1,1,True
34944,0,2,10740,0,1,1,39,True
34944,1,2,10740,0,2,1,39,True
34961,0,1,18116,1,2,35,36,True
34961,0,2,18124,1,2,35,36,True
34961,1,2,44309,0,1,36,36,True
34962,0,1,40174,1,2,31,31,True
34962,0,2,40194,1,2,31,31,True
34962,1,2,41040,1,2,31,31,True
34970,0,1,10314,0,1,5,5,True
34970,0,2,68859,0,2,5,38,True
34970,1,2,16094,0,2,5,38,True
34973,0,1,27773,0,2,7,8,True
34973,0,2,57626,0,1,7,26,True
34973,1,2,52604,0,1,8,26,True
34976,0,1,4362,0,1,16,16,True
34976,0,2,4387,1,2,16,16,True
34976,1,2,4392,1,2,16,16,True
34981,0,1,32483,1,2,35,36,True
34981,0,2,33322,1,2,35,36,True
34981,1,2,53239,0,1,36,36,True
34985,0,1,21054,0,2,28,32,True
34985,0,2,37145,1,2,28,40,True
34985,1,2,30484,1,2,32,40,True
34991,0,1,54920,0,2,25,25,True
34991,0,2,18912,0,2,25,26,True
34991,1,2,18912,1,2,25,26,True
34998,0,1,61878,0,1,13,13,True
34998,0,2,63869,0,1,13,13,True
34998,1,2,67281,0,1,13,13,True
35002,0,1,16708,0,1,28,29,True
35002,0,2,10327,0,1,28,31,True
35002,1,2,8718,0,2,29,31,True
35004,0,1,2272,0,1,3,4,True
35004,0,2,57497,0,2,3,35,True
35004,1,2,17619,0,2,4,35,True
35013,0,1,18239,0,2,13,36,True
35013,0,2,23428,0,2,13,36,True
35013,1,2,67983,1,2,36,36,True
35015,0,1,20805,0,1,19,19,True
35015,0,2,21855,1,2,19,19,True
35015,1,2,24122,0,1,19,19,True
35018,0,1,46113,0,1,4,4,True
35018,0,2,46226,0,1,4,4,True
35018,1,2,46226,0,2,4,4,True
35020,0,1,42596,0,2,16,29,True
35020,0,2,61112,0,2,16,30,True
35020,1,2,49796,0,1,29,30,True
35023,0,1,25323,0,1,9,9,True
35023,0,2,5580,0,1,9,10,True
35023,1,2,5580,0,2,9,10,True
35025,0,1,43058,0,2,31,31,True
35025,0,2,21005,1,2,31,36,True
35025,1,2,22946,1,2,31,36,True
35045,0,1,55024,0,1,5,18,True
35045,0,2,58861,0,2,5,18,True
35045,1,2,9702,1,2,18,18,True
35049,0,1,6406,0,1,11,11,True
35049,0,2,12234,0,2,11,12,True
35049,1,2,12234,1,2,11,12,True
35064,0,1,27836,0,2,22,23,True
35064,0,2,45573,1,2,22,25,True
35064,1,2,60746,1,2,23,25,True
35070,0,1,65330,0,1,10,31,True
35070,0,2,6338,0,2,10,39,True
35070,1,2,59408,0,1,31,39,True
35075,0,1,13106,0,1,25,25,True
35075,0,2,13147,0,1,25,26,True
35075,1,2,13147,0,2,25,26,True
35076,0,1,49754,1,2,24,36,True
35076,0,2,14635,1,2,24,38,True
35076,1,2,70394,1,2,36,38,True
35092,0,1,53587,0,2,3,9,True
35092,0,2,4729,0,1,3,30,True
35092,1,2,40344,0,1,9,30,True
35100,0,1,11274,0,1,16,16,True
35100,0,2,31251,1,2,16,34,True
35100,1,2,31251,1,2,16,34,True
35119,0,1,37034,-1,1,21,27,False
35119,0,2,40756,-1,0,21,27,False
35119,1,2,9188,1,2,27,27,True
35131,0,1,39756,1,2,7,7,True
35131,0,2,15181,0,1,7,7,True
35131,1,2,21887,0,1,7,7,True
35146,0,1,56251,0,1,7,7,True
35146,0,2,56842,0,1,7,7,True
35146,1,2,57051,0,1,7,7,True
35148,0,1,40881,0,2,24,37,True
35148,0,2,26735,1,2,24,38,True
35148,1,2,48882,0,1,37,38,True
35152,0,1,3413,0,1,2,2,True
35152,0,2,44040,0,1,2,31,True
35152,1,2,44040,0,2,2,31,True
35176,0,1,13286,0,1,14,14,True
35176,0,2,47908,1,2,14,15,True
35176,1,2,49417,0,1,14,15,True
35190,0,1,32139,1,2,5,8,True
35190,0,2,28563,0,2,5,22,True
35190,1,2,67148,0,1,8,22,True
35196,0,1,26131,1,2,16,16,True
35196,0,2,53569,1,2,16,31,True
35196,1,2,53751,0,2,16,31,True
35197,0,1,26751,0,1,16,16,True
35197,0,2,55209,0,1,16,35,True
35197,1,2,59882,0,2,16,35,True
35209,0,1,29565,0,1,9,9,True
35209,0,2,59963,0,2,9,21,True
35209,1,2,65472,0,2,9,21,True
35210,0,1,49131,0,2,16,17,True
35210,0,2,72471,0,2,16,30,True
35210,1,2,72471,1,2,17,30,True
35224,0,1,44309,0,2,36,36,True
35224,0,2,44309,1,2,36,36,True
35224,1,2,45500,0,1,36,36,True
35227,0,1,63072,1,2,38,38,True
35227,0,2,63655,0,1,38,38,True
35227,1,2,63655,0,2,38,38,True
35229,0,1,14577,0,1,3,4,True
35229,0,2,44255,0,2,3,40,True
35229,1,2,8239,0,2,4,40,True
35233,0,1,43196,1,2,9,20,True
35233,0,2,11655,0,2,9,33,True
35233,1,2,36134,0,2,20,33,True
35234,0,1,26146,1,2,5,5,True
35234,0,2,32630,0,2,5,40,True
35234,1,2,32630,0,2,5,40,True
35239,0,1,43800,1,2,29,32,True
35239,0,2,27360,0,1,29,33,True
35239,1,2,63459,1,2,32,33,True
35241,0,1,37511,1,2,14,14,True
35241,0,2,66538,1,2,14,36,True
35241,1,2,1450,0,1,14,36,True
35243,0,1,33575,0,2,5,22,True
35243,0,2,33575,1,2,5,22,True
35243,1,2,45424,1,2,22,22,True
35246,0,1,969,1,2,4,22,True
35246,0,2,11125,0,2,4,23,True
35246,1,2,28440,0,2,22,23,True
35269,0,1,70496,1,2,34,35,True
35269,0,2,59219,0,1,34,39,True
35269,1,2,58157,-1,2,35,39,False
35273,0,1,42649,0,1,19,19,True
35273,0,2,42900,0,1,19,19,True
35273,1,2,42900,0,2,19,19,True
35275,0,1,33641,0,1,15,16,True
35275,0,2,34239,0,1,15,16,True
35275,1,2,51027,0,1,16,16,True
35279,0,1,49346,0,2,33,33,True
35279,0,2,7095,1,2,33,37,True
35279,1,2,7591,1,2,33,37,True
35281,0,1,709,-1,1,4,33,False
35281,0,2,70372,0,1,4,34,True
35281,1,2,458,0,1,33,34,True
35283,0,1,19763,1,2,4,12,True
35283,0,2,48631,0,2,4,20,True
35283,1,2,21788,0,1,12,20,True
35287,0,1,25085,0,2,17,32,True
35287,0,2,51531,0,2,17,40,True
35287,1,2,40717,1,2,32,40,True
35304,0,1,68625,1,2,31,31,True
35304,0,2,68684,1,2,31,31,True
35304,1,2,68954,0,1,31,31,True
35313,0,1,21202,0,2,8,15,True
35313,0,2,21705,0,1,8,25,True
35313,1,2,43580,1,2,15,25,True
35314,0,1,58559,0,1,11,11,True
35314,0,2,63383,0,2,11,33,True
35314,1,2,66516,0,1,11,33,True
35322,0,1,72530,1,2,5,5,True
35322,0,2,46847,0,1,5,6,True
35322,1,2,48362,0,1,5,6,True
35323,0,1,67720,0,2,18,32,True
35323,0,2,71679,0,1,18,33,True
35323,1,2,67353,1,2,32,33,True
35325,0,1,45054,0,2,3,12,True
35325,0,2,38768,0,1,3,17,True
35325,1,2,20171,0,1,12,17,True
35335,0,1,39681,0,1,9,32,True
35335,0,2,11477,1,2,9,36,True
35335,1,2,62871,0,2,32,36,True
35343,0,1,43668,0,2,4,13,True
35343,0,2,57953,1,2,4,26,True
35343,1,2,21723,0,1,13,26,True
35354,0,1,57339,0,1,5,20,True
35354,0,2,19896,0,2,5,33,True
35354,1,2,69069,0,1,20,33,True
35362,0,1,43391,0,1,6,6,True
35362,0,2,31450,0,1,6,7,True
35362,1,2,31450,0,2,6,7,True
35365,0,1,12725,1,2,24,32,True
35365,0,2,67078,0,1,24,33,True
35365,1,2,38724,1,2,32,33,True
35380,0,1,38844,0,2,2,40,True
35380,0,2,38844,1,2,2,40,True
35380,1,2,57863,0,1,40,40,True
35385,0,1,15653,0,1,8,31,True
35385,0,2,15653,0,2,8,31,True
35385,1,2,9563,1,2,31,31,True
35394,0,1,31629,0,1,15,15,True
35394,0,2,32953,0,1,15,15,True
35394,1,2,33255,0,1,15,15,True
35405,0,1,38507,0,2,1,38,True
35405,0,2,14818,0,2,1,40,True
35405,1,2,10601,1,2,38,40,True
35410,0,1,33827,0,1,16,16,True
35410,0,2,33827,0,2,16,16,True
35410,1,2,33827,1,2,16,16,True
35419,0,1,62348,0,1,29,29,True
35419,0,2,21856,0,2,29,30,True
35419,1,2,21856,1,2,29,30,True
35434,0,1,37706,1,2,11,11,True
35434,0,2,31000,1,2,11,35,True
35434,1,2,31794,0,2,11,35,True
35451,0,1,9793,1,2,6,8,True
35451,0,2,23975,0,2,6,28,True
35451,1,2,33772,0,1,8,28,True
35453,0,1,5324,0,2,11,39,True
35453,0,2,12474,0,2,11,40,True
35453,1,2,16727,1,2,39,40,True
35455,0,1,10054,0,2,11,17,True
35455,0,2,13896,0,2,11,39,True
35455,1,2,68029,1,2,17,39,True
35456,0,1,62439,0,1,21,24,True
35456,0,2,23527,0,2,21,39,True
35456,1,2,71701,0,2,24,39,True
35458,0,1,70035,1,2,14,29,True
35458,0,2,72859,0,2,14,29,True
35458,1,2,7062,1,2,29,29,True
35465,0,1,67713,1,2,22,22,True
35465,0,2,4950,0,1,22,23,True
35465,1,2,7875,0,1,22,23,True
35466,0,1,53510,0,2,1,17,True
35466,0,2,12258,0,2,1,26,True
35466,1,2,1684,0,1,17,26,True
35468,0,1,10769,1,2,11,12,True
35468,0,2,65772,0,2,11,24,True
35468,1,2,63192,0,2,12,24,True
35469,0,1,59268,0,2,2,7,True
35469,0,2,69752,0,2,2,29,True
35469,1,2,36215,0,2,7,29,True
35475,0,1,66559,1,2,6,7,True
35475,0,2,5340,1,2,6,34,True
35475,1,2,72527,-1,2,7,34,False
35481,0,1,27234,0,1,6,26,True
35481,0,2,27540,0,2,6,26,True
35481,1,2,30497,0,2,26,26,True
35490,0,1,71373,0,1,9,9,True
35490,0,2,41969,0,1,9,17,True
35490,1,2,49934,1,2,9,17,True
35496,0,1,3402,0,2,18,19,True
35496,0,2,60709,0,2,18,28,True
35496,1,2,19214,0,2,19,28,True
35502,0,1,39177,0,2,7,13,True
35502,0,2,43668,1,2,7,13,True
35502,1,2,58885,0,2,13,13,True
35504,0,1,51243,0,2,2,33,True
35504,0,2,55277,0,1,2,33,True
35504,1,2,7651,1,2,33,33,True
35506,0,1,51451,0,1,3,13,True
35506,0,2,55002,0,2,3,39,True
35506,1,2,62846,1,2,13,39,True
35512,0,1,44385,0,1,26,26,True
35512,0,2,21385,0,2,26,27,True
35512,1,2,25788,1,2,26,27,True
35521,0,1,72074,0,2,2,3,True
35521,0,2,45880,0,2,2,38,True
35521,1,2,70462,1,2,3,38,True
35530,0,1,24835,0,1,21,22,True
35530,0,2,67034,0,1,21,23,True
35530,1,2,35246,1,2,22,23,True
35532,0,1,3106,0,2,19,31,True
35532,0,2,5220,0,2,19,31,True
35532,1,2,9891,1,2,31,31,True
35535,0,1,6984,0,2,5,26,True
35535,0,2,8960,0,2,5,39,True
35535,1,2,14031,1,2,26,39,True
35552,0,1,49570,0,1,2,26,True
35552,0,2,49570,0,2,2,26,True
35552,1,2,58188,1,2,26,26,True
35567,0,1,72417,0,1,15,15,True
35567,0,2,58935,1,2,15,16,True
35567,1,2,61362,0,1,15,16,True
35575,0,1,35727,1,2,6,17,True
35575,0,2,47116,0,2,6,33,True
35575,1,2,30583,0,2,17,33,True
35578,0,1,61631,1,2,24,31,True
35578,0,2,59944,0,2,24,34,True
35578,1,2,17623,0,2,31,34,True
35579,0,1,44485,0,1,14,16,True
35579,0,2,44485,0,2,14,16,True
35579,1,2,29380,0,1,16,16,True
35584,0,1,67076,0,1,10,20,True
35584,0,2,68874,0,1,10,20,True
35584,1,2,49424,1,2,20,20,True
35590,0,1,55689,0,2,6,27,True
35590,0,2,61060,0,2,6,27,True
35590,1,2,14746,1,2,27,27,True
35592,0,1,44774,0,1,9,9,True
35592,0,2,26864,0,1,9,17,True
35592,1,2,27993,1,2,9,17,True
35594,0,1,33927,0,1,12,12,True
35594,0,2,21701,1,2,12,13,True
35594,1,2,21981,1,2,12,13,True
35600,0,1,51688,1,2,38,39,True
35600,0,2,65553,1,2,38,39,True
35600,1,2,4927,0,1,39,39,True
35605,0,1,34274,0,1,5,5,True
35605,0,2,34970,0,1,5,5,True
35605,1,2,35322,0,1,5,5,True
35607,0,1,44695,0,1,4,5,True
35607,0,2,44869,1,2,4,37,True
35607,1,2,66561,1,2,5,37,True
35613,0,1,17946,1,2,27,28,True
35613,0,2,17946,1,2,27,28,True
35613,1,2,34854,1,2,28,28,True
35617,0,1,5918,1,2,11,23,True
35617,0,2,7456,0,2,11,23,True
35617,1,2,2113,0,1,23,23,True
35618,0,1,31968,0,2,1,8,True
35618,0,2,71315,0,2,1,19,True
35618,1,2,34283,0,1,8,19,True
35625,0,1,22207,0,1,13,31,True
35625,0,2,21471,0,1,13,38,True
35625,1,2,14877,1,2,31,38,True
35636,0,1,40247,0,2,18,18,True
35636,0,2,31241,1,2,18,38,True
35636,1,2,32100,1,2,18,38,True
35656,0,1,50953,0,2,9,19,True
35656,0,2,53066,0,1,9,19,True
35656,1,2,45568,1,2,19,19,True
35659,0,1,57114,0,2,12,36,True
35659,0,2,57114,0,1,12,36,True
35659,1,2,5683,1,2,36,36,True
35677,0,1,7638,0,1,5,37,True
35677,0,2,7705,0,2,5,37,True
35677,1,2,15347,1,2,37,37,True
35682,0,1,19190,0,1,8,32,True
35682,0,2,72184,0,2,8,33,True
35682,1,2,64780,0,2,32,33,True
35727,0,1,47362,0,1,6,6,True
35727,0,2,63642,0,2,6,17,True
35727,1,2,63642,1,2,6,17,True
35750,0,1,8503,1,2,28,28,True
35750,0,2,8519,0,1,28,28,True
35750,1,2,8519,0,2,28,28,True
35753,0,1,32868,0,1,16,29,True
35753,0,2,46669,0,1,16,30,True
35753,1,2,67876,1,2,29,30,True
35774,0,1,42006,0,1,9,19,True
35774,0,2,32895,0,2,9,39,True
35774,1,2,1060,0,1,19,39,True
35778,0,1,36009,1,2,12,12,True
35778,0,2,28190,0,2,12,31,True
35778,1,2,28747,1,2,12,31,True
35779,0,1,44263,0,1,2,2,True
35779,0,2,51803,0,2,2,37,True
35779,1,2,54236,1,2,2,37,True
35783,0,1,71062,1,2,36,36,True
35783,0,2,444,1,2,36,36,True
35783,1,2,1083,1,2,36,36,True
35789,0,1,23710,0,2,28,28,True
35789,0,2,23710,1,2,28,28,True
35789,1,2,23731,0,1,28,28,True
35795,0,1,65772,0,1,11,17,True
35795,0,2,18424,0,1,11,23,True
35795,1,2,67566,0,2,17,23,True
35803,0,1,44085,0,1,1,1,True
35803,0,2,60377,0,2,1,24,True
35803,1,2,60419,0,1,1,24,True
35805,0,1,10355,0,2,5,16,True
35805,0,2,65235,0,2,5,29,True
35805,1,2,32868,0,1,16,29,True
35810,0,1,12103,1,2,9,34,True
35810,0,2,1361,1,2,9,35,True
35810,1,2,47196,0,1,34,35,True
35815,0,1,37236,0,2,10,28,True
35815,0,2,37236,1,2,10,28,True
35815,1,2,2876,0,1,28,28,True
35826,0,1,44010,0,1,14,16,True
35826,0,2,31689,1,2,14,18,True
35826,1,2,19516,0,1,16,18,True
35832,0,1,38621,0,2,35,36,True
35832,0,2,10118,1,2,35,40,True
35832,1,2,37555,1,2,36,40,True
35837,0,1,6710,0,2,20,22,True
35837,0,2,8887,0,1,20,22,True
35837,1,2,14974,0,1,22,22,True
35839,0,1,41091,0,1,28,28,True
35839,0,2,41091,0,2,28,28,True
35839,1,2,41091,1,2,28,28,True
35852,0,1,65972,0,2,1,1,True
35852,0,2,12482,1,2,1,22,True
35852,1,2,15276,0,2,1,22,True
35857,0,1,21705,1,2,25,25,True
35857,0,2,22087,1,2,25,25,True
35857,1,2,22271,0,1,25,25,True
35872,0,1,867,1,2,30,31,True
35872,0,2,1449,0,2,30,31,True
35872,1,2,34962,0,2,31,31,True
35877,0,1,14389,0,2,5,10,True
35877,0,2,31000,0,1,5,11,True
35877,1,2,37557,1,2,10,11,True
35879,0,1,62412,0,2,18,18,True
35879,0,2,26091,0,1,18,21,True
35879,1,2,27481,0,2,18,21,True
35887,0,1,224,0,2,14,30,True
35887,0,2,55550,0,2,14,34,True
35887,1,2,67405,1,2,30,34,True
35899,0,1,46130,0,2,33,40,True
35899,0,2,55142,1,2,33,40,True
35899,1,2,52259,0,1,40,40,True
35909,0,1,39169,0,2,23,24,True
35909,0,2,39423,0,2,23,24,True
35909,1,2,31749,0,2,24,24,True
35911,0,1,53332,0,1,20,23,True
35911,0,2,57577,1,2,20,23,True
35911,1,2,53386,1,2,23,23,True
35916,0,1,56131,-1,0,15,29,False
35916,0,2,59177,-1,2,15,37,False
35916,1,2,64262,-1,2,29,37,False
35919,0,1,16302,0,2,1,10,True
35919,0,2,1082,0,2,1,39,True
35919,1,2,54020,0,2,10,39,True
35923,0,1,44660,1,2,21,21,True
35923,0,2,45030,0,1,21,21,True
35923,1,2,45030,0,2,21,21,True
35939,0,1,36814,0,1,39,40,True
35939,0,2,36814,0,2,39,40,True
35939,1,2,69968,1,2,40,40,True
35947,0,1,14470,0,1,19,19,True
35947,0,2,50816,0,2,19,31,True
35947,1,2,50816,1,2,19,31,True
35958,0,1,25933,1,2,31,34,True
35958,0,2,28508,0,1,31,37,True
35958,1,2,16735,0,2,34,37,True
35964,0,1,51385,-1,0,12,16,False
35964,0,2,25166,1,2,12,22,True
35964,1,2,2980,0,1,16,22,True
35970,0,1,70795,0,2,34,34,True
35970,0,2,56875,0,2,34,39,True
35970,1,2,56875,1,2,34,39,True
35978,0,1,43169,1,2,19,24,True
35978,0,2,44319,0,1,19,24,True
35978,1,2,60331,1,2,24,24,True
35994,0,1,26078,0,1,18,22,True
35994,0,2,7481,1,2,18,24,True
35994,1,2,38338,0,1,22,24,True
35996,0,1,61716,0,1,2,2,True
35996,0,2,13139,0,2,2,33,True
35996,1,2,15064,0,2,2,33,True
36000,0,1,758,0,2,15,26,True
36000,0,2,56664,0,1,15,27,True
36000,1,2,45958,1,2,26,27,True
36009,0,1,63371,0,2,11,12,True
36009,0,2,63964,0,1,11,12,True
36009,1,2,61965,0,1,12,12,True
36020,0,1,58019,1,2,14,16,True
36020,0,2,46915,0,2,14,20,True
36020,1,2,63713,1,2,16,20,True
36022,0,1,51224,1,2,13,22,True
36022,0,2,51427,1,2,13,22,True
36022,1,2,24835,1,2,22,22,True
36031,0,1,11027,1,2,5,30,True
36031,0,2,51328,0,1,5,31,True
36031,1,2,72999,1,2,30,31,True
36039,0,1,16434,1,2,5,36,True
36039,0,2,23728,0,2,5,36,True
36039,1,2,1083,1,2,36,36,True
36043,0,1,47700,0,1,13,13,True
36043,0,2,33046,0,2,13,39,True
36043,1,2,33046,1,2,13,39,True
36047,0,1,1181,0,2,2,5,True
36047,0,2,221,0,2,2,19,True
36047,1,2,70431,0,2,5,19,True
36054,0,1,57706,0,1,19,19,True
36054,0,2,64768,1,2,19,37,True
36054,1,2,68517,1,2,19,37,True
36064,0,1,14135,0,2,6,12,True
36064,0,2,32364,0,1,6,40,True
36064,1,2,42829,1,2,12,40,True
36070,0,1,54166,1,2,22,23,True
36070,0,2,56407,0,1,22,23,True
36070,1,2,49600,0,2,23,23,True
36093,0,1,5090,0,2,9,17,True
36093,0,2,17791,0,2,9,36,True
36093,1,2,23351,0,2,17,36,True
36095,0,1,51697,1,2,7,7,True
36095,0,2,58930,0,2,7,9,True
36095,1,2,63277,0,1,7,9,True
36111,0,1,5368,1,2,19,19,True
36111,0,2,39007,1,2,19,38,True
36111,1,2,44594,0,2,19,38,True
36115,0,1,45350,1,2,12,14,True
36115,0,2,49988,1,2,12,14,True
36115,1,2,18179,0,1,14,14,True
36120,0,1,46791,0,1,24,24,True
36120,0,2,64886,0,1,24,36,True
36120,1,2,64886,0,2,24,36,True
36125,0,1,68445,1,2,14,24,True
36125,0,2,68714,0,2,14,24,True
36125,1,2,49927,1,2,24,24,True
36134,0,1,52563,1,2,20,32,True
36134,0,2,69069,0,1,20,33,True
36134,1,2,1839,0,2,32,33,True
36136,0,1,70468,1,2,4,6,True
36136,0,2,71462,0,1,4,6,True
36136,1,2,61469,0,1,6,6,True
36157,0,1,28563,0,1,5,5,True
36157,0,2,28608,0,1,5,5,True
36157,1,2,29149,0,1,5,5,True
36160,0,1,60800,0,1,17,17,True
36160,0,2,60800,0,2,17,17,True
36160,1,2,60800,1,2,17,17,True
36161,0,1,20179,0,1,13,13,True
36161,0,2,20301,0,1,13,13,True
36161,1,2,20794,0,1,13,13,True
36162,0,1,18197,1,2,33,33,True
36162,0,2,19135,1,2,33,33,True
36162,1,2,21658,1,2,33,33,True
36171,0,1,29881,0,1,3,6,True
36171,0,2,53587,0,2,3,9,True
36171,1,2,50537,0,1,6,9,True
36185,0,1,37056,0,2,11,13,True
36185,0,2,15726,0,2,11,33,True
36185,1,2,69894,0,2,13,33,True
36192,0,1,24647,1,2,4,37,True
36192,0,2,26125,0,2,4,37,True
36192,1,2,29340,1,2,37,37,True
36198,0,1,66437,-1,0,7,24,False
36198,0,2,41640,0,2,7,38,True
36198,1,2,56698,0,2,24,38,True
36205,0,1,13624,0,2,5,6,True
36205,0,2,36876,1,2,5,25,True
36205,1,2,36284,0,2,6,25,True
36215,0,1,50539,0,1,7,28,True
36215,0,2,1362,0,2,7,29,True
36215,1,2,10995,1,2,28,29,True
36220,0,1,27421,1,2,32,32,True
36220,0,2,27584,1,2,32,32,True
36220,1,2,28902,0,1,32,32,True
36226,0,1,50257,0,2,6,6,True
36226,0,2,50257,1,2,6,6,True
36226,1,2,50604,0,1,6,6,True
36235,0,1,23667,0,1,8,9,True
36235,0,2,9481,0,1,8,25,True
36235,1,2,31873,1,2,9,25,True
36260,0,1,59659,0,1,17,28,True
36260,0,2,1274,0,2,17,29,True
36260,1,2,38128,0,1,28,29,True
36261,0,1,60218,0,1,27,28,True
36261,0,2,60339,0,2,27,28,True
36261,1,2,41768,0,2,28,28,True
36263,0,1,44325,0,2,1,4,True
36263,0,2,48202,0,2,1,31,True
36263,1,2,10410,0,2,4,31,True
36265,0,1,69246,1,2,20,20,True
36265,0,2,69521,0,1,20,20,True
36265,1,2,69521,0,2,20,20,True
36284,0,1,52371,1,2,6,6,True
36284,0,2,70676,0,2,6,25,True
36284,1,2,71618,0,2,6,25,True
36287,0,1,61701,1,2,23,23,True
36287,0,2,9298,0,1,23,27,True
36287,1,2,9298,0,2,23,27,True
36289,0,1,14407,0,2,18,18,True
36289,0,2,59479,1,2,18,20,True
36289,1,2,61089,0,1,18,20,True
36305,0,1,50828,1,2,25,31,True
36305,0,2,58918,0,1,25,31,True
36305,1,2,34473,1,2,31,31,True
36307,0,1,11241,1,2,3,24,True
36307,0,2,30150,0,2,3,25,True
36307,1,2,48706,0,2,24,25,True
36318,0,1,23549,0,1,8,9,True
36318,0,2,6113,0,2,8,30,True
36318,1,2,57462,0,1,9,30,True
36321,0,1,70984,1,2,2,3,True
36321,0,2,72074,0,1,2,3,True
36321,1,2,21120,0,2,3,3,True
36327,0,1,20263,0,1,7,18,True
36327,0,2,70437,0,1,7,19,True
36327,1,2,1820,0,1,18,19,True
36332,0,1,63620,0,2,3,18,True
36332,0,2,61864,1,2,3,33,True
36332,1,2,27300,0,1,18,33,True
36339,0,1,26751,1,2,16,16,True
36339,0,2,66327,1,2,16,19,True
36339,1,2,68517,0,1,16,19,True
36342,0,1,20089,1,2,36,36,True
36342,0,2,20988,1,2,36,36,True
36342,1,2,22603,0,1,36,36,True
36346,0,1,56111,1,2,38,39,True
36346,0,2,56244,0,1,38,39,True
36346,1,2,61620,0,1,39,39,True
36353,0,1,39591,0,2,8,16,True
36353,0,2,41079,0,1,8,16,True
36353,1,2,31940,1,2,16,16,True
36356,0,1,15794,0,1,5,11,True
36356,0,2,35190,0,2,5,22,True
36356,1,2,47176,0,2,11,22,True
36366,0,1,51224,1,2,13,22,True
36366,0,2,242,0,1,13,36,True
36366,1,2,5177,0,1,22,36,True
36374,0,1,38469,0,1,33,34,True
36374,0,2,39315,1,2,33,34,True
36374,1,2,10934,1,2,34,34,True
36375,0,1,20767,1,2,37,37,True
36375,0,2,21021,0,1,37,37,True
36375,1,2,21021,0,2,37,37,True
36381,0,1,35273,0,2,19,19,True
36381,0,2,44319,0,1,19,24,True
36381,1,2,45857,1,2,19,24,True
36383,0,1,46233,0,2,8,38,True
36383,0,2,27933,0,2,8,39,True
36383,1,2,56244,0,2,38,39,True
36417,0,1,53386,1,2,23,23,True
36417,0,2,16685,0,1,23,24,True
36417,1,2,16685,0,2,23,24,True
36418,0,1,206,0,1,3,3,True
36418,0,2,1159,0,1,3,3,True
36418,1,2,1273,0,1,3,3,True
36430,0,1,41363,0,2,9,10,True
36430,0,2,41363,1,2,9,10,True
36430,1,2,52688,0,1,10,10,True
36432,0,1,4905,0,1,4,17,True
36432,0,2,6682,0,2,4,26,True
36432,1,2,16567,0,2,17,26,True
36480,0,1,42393,0,2,4,4,True
36480,0,2,13908,0,2,4,26,True
36480,1,2,17504,0,1,4,26,True
36487,0,1,33501,0,2,10,13,True
36487,0,2,11724,0,2,10,37,True
36487,1,2,37083,1,2,13,37,True
36495,0,1,67573,1,2,4,5,True
36495,0,2,23980,0,2,4,37,True
36495,1,2,35677,0,2,5,37,True
36520,0,1,6682,1,2,22,26,True
36520,0,2,34388,0,1,22,26,True
36520,1,2,54368,0,1,26,26,True
36542,0,1,46362,1,2,8,8,True
36542,0,2,1345,1,2,8,17,True
36542,1,2,1346,0,1,8,17,True
36543,0,1,60784,0,2,19,22,True
36543,0,2,42302,0,2,19,39,True
36543,1,2,14728,0,2,22,39,True
36548,0,1,72934,0,1,3,30,True
36548,0,2,19970,0,2,3,31,True
36548,1,2,236,0,2,30,31,True
36549,0,1,13955,1,2,12,38,True
36549,0,2,14877,0,2,12,38,True
36549,1,2,70464,0,2,38,38,True
36550,0,1,16029,0,1,6,6,True
36550,0,2,22963,1,2,6,7,True
36550,1,2,23229,0,1,6,7,True
36557,0,1,64050,0,2,24,31,True
36557,0,2,64050,0,2,24,31,True
36557,1,2,20013,0,1,31,31,True
36574,0,1,71560,0,2,22,36,True
36574,0,2,27094,1,2,22,37,True
36574,1,2,56166,0,2,36,37,True
36575,0,1,15180,0,2,9,21,True
36575,0,2,18082,0,2,9,21,True
36575,1,2,72057,1,2,21,21,True
36583,0,1,1078,0,1,10,34,True
36583,0,2,1078,0,2,10,34,True
36583,1,2,23117,1,2,34,34,True
36584,0,1,33520,1,2,29,29,True
36584,0,2,34668,1,2,29,29,True
36584,1,2,35419,0,1,29,29,True
36589,0,1,7024,1,2,27,28,True
36589,0,2,9603,1,2,27,28,True
36589,1,2,35839,0,2,28,28,True
36612,0,1,11654,0,2,9,31,True
36612,0,2,13740,0,1,9,31,True
36612,1,2,41040,1,2,31,31,True
36613,0,1,48143,0,1,22,22,True
36613,0,2,48143,0,2,22,22,True
36613,1,2,48143,1,2,22,22,True
36617,0,1,42676,0,2,31,31,True
36617,0,2,17936,0,2,31,32,True
36617,1,2,18098,0,2,31,32,True
36626,0,1,14856,0,1,3,14,True
36626,0,2,28983,0,2,3,15,True
36626,1,2,17636,1,2,14,15,True
36628,0,1,63121,0,2,1,40,True
36628,0,2,63121,1,2,1,40,True
36628,1,2,57863,1,2,40,40,True
36676,0,1,43455,0,1,25,25,True
36676,0,2,17333,0,2,25,35,True
36676,1,2,23588,1,2,25,35,True
36685,0,1,61090,0,2,6,33,True
36685,0,2,41032,1,2,6,34,True
36685,1,2,27885,0,1,33,34,True
36696,0,1,26077,0,2,10,21,True
36696,0,2,4379,0,2,10,24,True
36696,1,2,21922,0,2,21,24,True
36706,0,1,18185,0,1,6,23,True
36706,0,2,25566,0,2,6,23,True
36706,1,2,36918,1,2,23,23,True
36715,0,1,63091,1,2,12,12,True
36715,0,2,63970,1,2,12,18,True
36715,1,2,65165,0,2,12,18,True
36725,0,1,28617,1,2,22,25,True
36725,0,2,68224,0,2,22,34,True
36725,1,2,1423,0,1,25,34,True
36734,0,1,19954,1,2,13,13,True
36734,0,2,51433,0,1,13,14,True
36734,1,2,51834,0,1,13,14,True
36739,0,1,57388,0,1,26,26,True
36739,0,2,58188,1,2,26,26,True
36739,1,2,58475,0,1,26,26,True
36762,0,1,21932,0,1,2,2,True
36762,0,2,72581,0,2,2,18,True
36762,1,2,5610,0,2,2,18,True
36765,0,1,429,0,2,7,7,True
36765,0,2,7189,0,2,7,18,True
36765,1,2,8335,0,2,7,18,True
36767,0,1,57733,0,1,2,13,True
36767,0,2,18648,0,2,2,38,True
36767,1,2,14206,0,1,13,38,True
36770,0,1,54256,0,1,3,3,True
36770,0,2,48640,0,2,3,18,True
36770,1,2,51451,0,2,3,18,True
36792,0,1,59447,0,2,17,28,True
36792,0,2,59659,0,1,17,28,True
36792,1,2,47491,0,1,28,28,True
36795,0,1,51571,0,1,15,15,True
36795,0,2,51571,0,2,15,15,True
36795,1,2,51571,1,2,15,15,True
36797,0,1,24807,1,2,19,28,True
36797,0,2,28354,0,2,19,36,True
36797,1,2,27291,0,1,28,36,True
36799,0,1,72335,0,1,7,7,True
36799,0,2,429,0,1,7,7,True
36799,1,2,429,0,2,7,7,True
36804,0,1,7926,1,2,16,23,True
36804,0,2,8721,0,1,16,37,True
36804,1,2,24038,1,2,23,37,True
36805,0,1,72975,0,1,24,24,True
36805,0,2,72975,0,2,24,24,True
36805,1,2,72975,1,2,24,24,True
36807,0,1,57952,1,2,19,22,True
36807,0,2,25951,0,1,19,33,True
36807,1,2,30455,0,2,22,33,True
36814,0,1,54272,1,2,39,40,True
36814,0,2,55299,1,2,39,40,True
36814,1,2,61589,1,2,40,40,True
36830,0,1,29867,0,1,12,35,True
36830,0,2,36064,1,2,12,40,True
36830,1,2,55209,1,2,35,40,True
36834,0,1,7274,0,1,3,3,True
36834,0,2,36332,0,2,3,33,True
36834,1,2,49123,0,1,3,33,True
36841,0,1,29192,1,2,8,8,True
36841,0,2,22213,0,1,8,31,True
36841,1,2,22213,0,2,8,31,True
36844,0,1,28943,1,2,27,27,True
36844,0,2,21641,0,1,27,32,True
36844,1,2,21641,0,2,27,32,True
36851,0,1,43588,0,1,17,32,True
36851,0,2,62153,1,2,17,33,True
36851,1,2,64780,1,2,32,33,True
36876,0,1,48182,0,2,3,5,True
36876,0,2,25093,0,2,3,25,True
36876,1,2,18838,0,2,5,25,True
36879,0,1,32042,0,2,13,33,True
36879,0,2,35013,0,1,13,36,True
36879,1,2,9440,0,1,33,36,True
36893,0,1,25368,0,1,10,10,True
36893,0,2,1057,0,1,10,11,True
36893,1,2,1465,1,2,10,11,True
36896,0,1,18381,0,1,12,23,True
36896,0,2,70960,0,2,12,29,True
36896,1,2,5465,1,2,23,29,True
36899,0,1,27102,1,2,10,10,True
36899,0,2,24050,1,2,10,28,True
36899,1,2,35815,0,1,10,28,True
36900,0,1,40701,0,2,24,24,True
36900,0,2,40701,1,2,24,24,True
36900,1,2,40710,1,2,24,24,True
36918,0,1,51431,0,2,6,23,True
36918,0,2,58171,0,1,6,23,True
36918,1,2,53386,0,2,23,23,True
36927,0,1,49081,0,2,9,22,True
36927,0,2,50433,1,2,9,22,True
36927,1,2,57811,1,2,22,22,True
36929,0,1,34944,0,2,1,39,True
36929,0,2,64919,1,2,1,40,True
36929,1,2,17059,1,2,39,40,True
36942,0,1,3501,1,2,14,15,True
36942,0,2,53684,1,2,14,39,True
36942,1,2,6504,0,1,15,39,True
36990,0,1,56641,1,2,22,29,True
36990,0,2,56830,1,2,22,29,True
36990,1,2,21856,0,1,29,29,True
36991,0,1,51900,0,1,18,19,True
36991,0,2,68531,0,1,18,22,True
36991,1,2,41055,1,2,19,22,True
36992,0,1,15632,0,2,18,30,True
36992,0,2,318,-1,0,18,31,False
36992,1,2,66875,1,2,30,31,True
36996,0,1,70308,1,2,3,3,True
36996,0,2,55172,0,2,3,12,True
36996,1,2,57354,0,2,3,12,True
37007,0,1,52568,1,2,34,34,True
37007,0,2,35810,1,2,34,35,True
37007,1,2,37052,0,1,34,35,True
37015,0,1,37020,1,2,1,1,True
37015,0,2,36263,0,1,1,4,True
37015,1,2,38936,0,2,1,4,True
37020,0,1,71317,0,1,1,1,True
37020,0,2,71873,0,1,1,1,True
37020,1,2,1701,0,1,1,1,True
37034,0,1,58004,-1,1,4,27,False
37034,0,2,68193,-1,1,4,37,False
37034,1,2,68193,-1,2,27,37,False
37039,0,1,67831,1,2,39,39,True
37039,0,2,68380,0,1,39,39,True
37039,1,2,68380,0,2,39,39,True
37040,0,1,32945,0,1,4,12,True
37040,0,2,34199,0,1,4,12,True
37040,1,2,51961,0,2,12,12,True
37045,0,1,55685,1,2,21,27,True
37045,0,2,65385,1,2,21,27,True
37045,1,2,46784,0,1,27,27,True
37046,0,1,18131,1,2,17,19,True
37046,0,2,58302,1,2,17,38,True
37046,1,2,39007,1,2,19,38,True
37050,0,1,55385,1,2,16,20,True
37050,0,2,63713,1,2,16,20,True
37050,1,2,6138,1,2,20,20,True
37052,0,1,2264,1,2,34,35,True
37052,0,2,2451,1,2,34,35,True
37052,1,2,71929,1,2,35,35,True
37053,0,1,65417,0,2,12,19,True
37053,0,2,29179,0,2,12,20,True
37053,1,2,42466,0,2,19,20,True
37056,0,1,49951,0,2,11,13,True
37056,0,2,49951,1,2,11,13,True
37056,1,2,1204,1,2,13,13,True
37061,0,1,53022,0,2,15,40,True
37061,0,2,53022,1,2,15,40,True
37061,1,2,15284,1,2,40,40,True
37062,0,1,5545,0,1,19,19,True
37062,0,2,67919,0,1,19,23,True
37062,1,2,70283,0,1,19,23,True
37064,0,1,54853,1,2,27,27,True
37064,0,2,60188,0,1,27,30,True
37064,1,2,67834,0,1,27,30,True
37072,0,1,58893,1,2,32,34,True
37072,0,2,25131,1,2,32,37,True
37072,1,2,55484,0,2,34,37,True
37079,0,1,58034,0,2,31,32,True
37079,0,2,57258,1,2,31,35,True
37079,1,2,32992,1,2,32,35,True
37083,0,1,65165,0,1,12,13,True
37083,0,2,25704,0,2,12,37,True
37083,1,2,25704,1,2,13,37,True
37085,0,1,34140,0,2,10,12,True
37085,0,2,17799,0,1,10,26,True
37085,1,2,72620,1,2,12,26,True
37109,0,1,6094,0,2,8,37,True
37109,0,2,8171,0,2,8,37,True
37109,1,2,3755,0,1,37,37,True
37128,0,1,26943,0,1,16,17,True
37128,0,2,15220,0,1,16,24,True
37128,1,2,34934,0,1,17,24,True
37132,0,1,39777,0,1,15,25,True
37132,0,2,24227,0,2,15,32,True
37132,1,2,59392,0,1,25,32,True
37138,0,1,40225,0,1,12,36,True
37138,0,2,41739,0,2,12,36,True
37138,1,2,32744,0,1,36,36,True
37139,0,1,71188,0,2,13,14,True
37139,0,2,12349,0,1,13,34,True
37139,1,2,26515,0,2,14,34,True
37143,0,1,69872,0,2,4,21,True
37143,0,2,57953,1,2,4,26,True
37143,1,2,1339,0,1,21,26,True
37145,0,1,24929,1,2,18,28,True
37145,0,2,61169,0,1,18,40,True
37145,1,2,63165,0,1,28,40,True
37157,0,1,25070,0,1,6,8,True
37157,0,2,14973,0,2,6,11,True
37157,1,2,33029,0,1,8,11,True
37176,0,1,26463,1,2,17,17,True
37176,0,2,47738,1,2,17,23,True
37176,1,2,61837,0,2,17,23,True
37178,0,1,61949,0,1,26,27,True
37178,0,2,15143,0,1,26,36,True
37178,1,2,26900,1,2,27,36,True
37179,0,1,59884,0,2,32,32,True
37179,0,2,59884,1,2,32,32,True
37179,1,2,60031,0,1,32,32,True
37181,0,1,14697,0,2,1,33,True
37181,0,2,44798,0,1,1,34,True
37181,1,2,67821,0,1,33,34,True
37193,0,1,47715,1,2,15,16,True
37193,0,2,15667,0,1,15,33,True
37193,1,2,65005,0,1,16,33,True
37199,0,1,32202,0,1,37,37,True
37199,0,2,32202,0,2,37,37,True
37199,1,2,32202,1,2,37,37,True
37236,0,1,19478,0,2,10,10,True
37236,0,2,35815,0,1,10,28,True
37236,1,2,35815,0,2,10,28,True
37243,0,1,17060,0,1,21,26,True
37243,0,2,33491,1,2,21,27,True
37243,1,2,52107,0,1,26,27,True
37255,0,1,38091,0,1,23,23,True
37255,0,2,57994,-1,1,23,28,False
37255,1,2,58988,-1,0,23,28,False
37259,0,1,66226,0,1,8,21,True
37259,0,2,2813,1,2,8,28,True
37259,1,2,179,0,2,21,28,True
37262,0,1,54787,0,2,18,18,True
37262,0,2,39079,0,2,18,29,True
37262,1,2,39079,1,2,18,29,True
37267,0,1,37259,0,1,8,21,True
37267,0,2,56460,0,1,8,22,True
37267,1,2,27071,0,2,21,22,True
37278,0,1,49406,0,1,22,23,True
37278,0,2,60588,0,1,22,24,True
37278,1,2,20120,0,1,23,24,True
37314,0,1,68392,0,2,11,30,True
37314,0,2,46721,0,2,11,31,True
37314,1,2,67834,1,2,30,31,True
37324,0,1,31012,0,1,10,25,True
37324,0,2,9030,0,2,10,35,True
37324,1,2,57571,0,1,25,35,True
37327,0,1,23667,0,1,8,9,True
37327,0,2,65725,0,2,8,33,True
37327,1,2,5048,0,2,9,33,True
37335,0,1,27873,0,1,3,27,True
37335,0,2,71432,0,2,3,29,True
37335,1,2,22577,1,2,27,29,True
37340,0,1,13773,0,2,12,40,True
37340,0,2,15414,0,2,12,40,True
37340,1,2,57863,1,2,40,40,True
37344,0,1,48563,1,2,30,30,True
37344,0,2,49204,1,2,30,30,True
37344,1,2,49796,1,2,30,30,True
37350,0,1,44485,1,2,16,16,True
37350,0,2,44809,1,2,16,24,True
37350,1,2,52715,0,1,16,24,True
37362,0,1,35600,1,2,39,39,True
37362,0,2,32062,1,2,39,40,True
37362,1,2,59219,1,2,39,40,True
37367,0,1,64735,1,2,27,27,True
37367,0,2,64786,1,2,27,27,True
37367,1,2,65758,0,1,27,27,True
37371,0,1,54895,0,1,20,20,True
37371,0,2,56281,0,1,20,20,True
37371,1,2,56281,0,2,20,20,True
37375,0,1,57695,0,2,27,28,True
37375,0,2,57695,1,2,27,28,True
37375,1,2,8196,0,2,28,28,True
37384,0,1,52385,1,2,35,35,True
37384,0,2,53671,1,2,35,35,True
37384,1,2,53765,1,2,35,35,True
37385,0,1,25681,0,1,22,22,True
37385,0,2,26693,1,2,22,22,True
37385,1,2,27040,1,2,22,22,True
37387,0,1,69472,0,1,6,7,True
37387,0,2,45824,0,2,6,34,True
37387,1,2,28104,1,2,7,34,True
37398,0,1,20550,0,2,1,7,True
37398,0,2,54123,0,1,1,9,True
37398,1,2,39177,0,1,7,9,True
37406,0,1,23479,-1,2,9,17,False
37406,0,2,55876,1,2,9,20,True
37406,1,2,55876,-1,2,17,20,False
37412,0,1,56806,1,2,37,37,True
37412,0,2,57668,1,2,37,37,True
37412,1,2,57894,0,1,37,37,True
37445,0,1,36844,0,1,27,27,True
37445,0,2,37045,1,2,27,27,True
37445,1,2,37064,0,1,27,27,True
37448,0,1,66866,0,2,31,38,True
37448,0,2,66866,1,2,31,38,True
37448,1,2,69590,0,2,38,38,True
37457,0,1,59614,0,1,13,22,True
37457,0,2,55236,1,2,13,26,True
37457,1,2,70347,0,1,22,26,True
37472,0,1,58816,1,2,19,40,True
37472,0,2,60769,0,2,19,40,True
37472,1,2,32839,1,2,40,40,True
37490,0,1,23528,0,2,12,27,True
37490,0,2,24596,1,2,12,27,True
37490,1,2,40871,0,1,27,27,True
37496,0,1,47412,0,1,16,35,True
37496,0,2,55209,0,1,16,35,True
37496,1,2,16983,0,2,35,35,True
37499,0,1,70057,1,2,23,32,True
37499,0,2,27,1,2,23,37,True
37499,1,2,57636,1,2,32,37,True
37501,0,1,69103,1,2,23,23,True
37501,0,2,69303,0,1,23,23,True
37501,1,2,69432,0,1,23,23,True
37505,0,1,13134,0,1,18,18,True
37505,0,2,65417,1,2,18,19,True
37505,1,2,65417,1,2,18,19,True
37511,0,1,70362,1,2,14,14,True
37511,0,2,70826,1,2,14,14,True
37511,1,2,71030,1,2,14,14,True
37513,0,1,72373,1,2,29,29,True
37513,0,2,72894,1,2,29,29,True
37513,1,2,72981,1,2,29,29,True
37515,0,1,59455,0,2,10,10,True
37515,0,2,57550,0,2,10,17,True
37515,1,2,60991,0,1,10,17,True
37522,0,1,26742,1,2,38,38,True
37522,0,2,59188,0,2,38,39,True
37522,1,2,59188,1,2,38,39,True
37529,0,1,50433,0,1,1,9,True
37529,0,2,41853,1,2,1,37,True
37529,1,2,7193,0,1,9,37,True
37535,0,1,59835,1,2,7,7,True
37535,0,2,39177,0,1,7,9,True
37535,1,2,40089,0,1,7,9,True
37536,0,1,4260,0,2,3,38,True
37536,0,2,14738,0,2,3,38,True
37536,1,2,34591,0,1,38,38,True
37539,0,1,10464,1,2,15,21,True
37539,0,2,18094,0,1,15,33,True
37539,1,2,20466,0,2,21,33,True
37542,0,1,10639,1,2,22,23,True
37542,0,2,13440,0,1,22,23,True
37542,1,2,35617,1,2,23,23,True
37552,0,1,54336,1,2,6,6,True
37552,0,2,41640,-1,2,6,38,False
37552,1,2,42022,-1,1,6,38,False
37555,0,1,30181,1,2,14,36,True
37555,0,2,66748,0,2,14,40,True
37555,1,2,32142,1,2,36,40,True
37557,0,1,7731,0,1,5,10,True
37557,0,2,31000,0,1,5,11,True
37557,1,2,44072,0,1,10,11,True
37564,0,1,37262,0,1,18,18,True
37564,0,2,64648,0,1,18,19,True
37564,1,2,64648,0,2,18,19,True
37567,0,1,54305,0,1,7,22,True
37567,0,2,58155,0,1,7,23,True
37567,1,2,60666,0,2,22,23,True
37570,0,1,45140,0,1,12,24,True
37570,0,2,47769,0,1,12,24,True
37570,1,2,69759,1,2,24,24,True
37573,0,1,23165,0,1,9,25,True
37573,0,2,72655,0,1,9,34,True
37573,1,2,45481,1,2,25,34,True
37577,0,1,23026,0,1,4,10,True
37577,0,2,18413,0,2,4,30,True
37577,1,2,70888,0,2,10,30,True
37592,0,1,48304,0,2,1,23,True
37592,0,2,54111,0,1,1,23,True
37592,1,2,54978,0,1,23,23,True
37594,0,1,65532,0,1,2,12,True
37594,0,2,43169,0,2,2,24,True
37594,1,2,55092,0,2,12,24,True
37606,0,1,11133,0,1,4,10,True
37606,0,2,72300,1,2,4,12,True
37606,1,2,11688,0,1,10,12,True
37609,0,1,32194,1,2,9,11,True
37609,0,2,34793,0,1,9,11,True
37609,1,2,58559,1,2,11,11,True
37612,0,1,22778,0,2,14,14,True
37612,0,2,39476,0,1,14,18,True
37612,1,2,39476,0,2,14,18,True
37621,0,1,67691,0,1,7,14,True
37621,0,2,13841,0,1,7,21,True
37621,1,2,8945,0,1,14,21,True
37632,0,1,68263,0,1,11,11,True
37632,0,2,18424,0,2,11,26,True
37632,1,2,31252,0,2,11,26,True
37636,0,1,40189,0,1,1,2,True
37636,0,2,42036,0,1,1,2,True
37636,1,2,23401,0,1,2,2,True
37645,0,1,52538,0,1,4,5,True
37645,0,2,23931,0,1,4,16,True
37645,1,2,21341,1,2,5,16,True
37656,0,1,21155,0,1,2,3,True
37656,0,2,21155,0,2,2,3,True
37656,1,2,37808,1,2,3,3,True
37675,0,1,1273,0,2,3,29,True
37675,0,2,39789,1,2,3,40,True
37675,1,2,63075,1,2,29,40,True
37680,0,1,1083,0,1,8,36,True
37680,0,2,1083,0,2,8,36,True
37680,1,2,44190,1,2,36,36,True
37692,0,1,39640,0,1,27,31,True
37692,0,2,43259,0,1,27,31,True
37692,1,2,72082,0,1,31,31,True
37695,0,1,62337,1,2,2,19,True
37695,0,2,12725,0,1,2,24,True
37695,1,2,2591,0,1,19,24,True
37704,0,1,9160,1,2,12,17,True
37704,0,2,18918,0,2,12,33,True
37704,1,2,198,1,2,17,33,True
37706,0,1,48069,0,1,11,11,True
37706,0,2,49924,0,1,11,11,True
37706,1,2,49951,0,1,11,11,True
37709,0,1,62763,1,2,16,22,True
37709,0,2,10134,1,2,16,28,True
37709,1,2,55286,1,2,22,28,True
37718,0,1,27261,1,2,10,10,True
37718,0,2,27418,1,2,10,10,True
37718,1,2,27429,0,1,10,10,True
37737,0,1,48754,1,2,15,15,True
37737,0,2,56226,0,2,15,38,True
37737,1,2,56965,0,2,15,38,True
37748,0,1,53033,0,1,5,5,True
37748,0,2,53033,0,2,5,5,True
37748,1,2,53033,1,2,5,5,True
37750,0,1,50865,1,2,28,28,True
37750,0,2,53553,0,1,28,28,True
37750,1,2,54868,0,1,28,28,True
37754,0,1,40611,0,1,8,10,True
37754,0,2,66053,0,1,8,13,True
37754,1,2,57873,0,2,10,13,True
37759,0,1,31707,1,2,27,29,True
37759,0,2,44190,0,1,27,36,True
37759,1,2,24127,0,2,29,36,True
37769,0,1,38652,0,1,33,33,True
37769,0,2,71224,0,2,33,34,True
37769,1,2,71224,1,2,33,34,True
37774,0,1,6321,1,2,18,18,True
37774,0,2,7189,1,2,18,18,True
37774,1,2,7315,0,1,18,18,True
37775,0,1,14758,0,2,1,2,True
37775,0,2,62949,0,2,1,10,True
37775,1,2,68510,1,2,2,10,True
37783,0,1,54029,0,1,25,25,True
37783,0,2,63089,0,2,25,36,True
37783,1,2,63089,1,2,25,36,True
37786,0,1,40059,1,2,11,15,True
37786,0,2,41259,0,2,11,15,True
37786,1,2,71148,0,2,15,15,True
37788,0,1,11503,0,1,10,13,True
37788,0,2,22815,0,2,10,18,True
37788,1,2,40465,1,2,13,18,True
37789,0,1,52563,0,1,2,20,True
37789,0,2,58520,1,2,2,35,True
37789,1,2,43384,0,1,20,35,True
37794,0,1,43127,0,2,6,37,True
37794,0,2,47661,0,2,6,37,True
37794,1,2,18605,0,1,37,37,True
37807,0,1,2235,0,1,12,12,True
37807,0,2,4287,0,2,12,37,True
37807,1,2,5738,0,2,12,37,True
37808,0,1,39645,1,2,3,3,True
37808,0,2,40013,0,1,3,3,True
37808,1,2,40876,0,1,3,3,True
37825,0,1,36765,0,2,7,18,True
37825,0,2,42024,0,1,7,38,True
37825,1,2,72625,1,2,18,38,True
37832,0,1,11033,1,2,1,1,True
37832,0,2,70856,0,1,1,14,True
37832,1,2,71758,0,2,1,14,True
37838,0,1,26113,0,2,4,4,True
37838,0,2,26113,1,2,4,4,True
37838,1,2,26479,0,1,4,4,True
37842,0,1,72002,0,1,3,4,True
37842,0,2,61059,0,2,3,20,True
37842,1,2,23913,0,2,4,20,True
37846,0,1,2713,0,1,40,40,True
37846,0,2,2713,0,2,40,40,True
37846,1,2,2713,1,2,40,40,True
37847,0,1,25893,0,2,4,15,True
37847,0,2,25893,1,2,4,15,True
37847,1,2,25333,0,1,15,15,True
37868,0,1,13091,0,1,9,9,True
37868,0,2,13091,0,2,9,9,True
37868,1,2,13091,1,2,9,9,True
37872,0,1,1181,1,2,3,5,True
37872,0,2,53288,0,1,3,37,True
37872,1,2,27,0,2,5,37,True
37888,0,1,25368,0,2,10,10,True
37888,0,2,25368,1,2,10,10,True
37888,1,2,26933,0,1,10,10,True
37889,0,1,53486,0,1,2,2,True
37889,0,2,30474,0,1,2,25,True
37889,1,2,32210,0,2,2,25,True
37897,0,1,3915,0,2,4,27,True
37897,0,2,30653,0,1,4,30,True
37897,1,2,60188,0,1,27,30,True
37899,0,1,39756,-1,2,2,7,False
37899,0,2,28548,0,1,2,40,True
37899,1,2,37362,-1,2,7,40,False
37905,0,1,57165,0,2,29,30,True
37905,0,2,57519,1,2,29,30,True
37905,1,2,29357,1,2,30,30,True
37919,0,1,22375,0,2,25,25,True
37919,0,2,2709,0,1,25,30,True
37919,1,2,3203,1,2,25,30,True
37920,0,1,9886,0,2,25,26,True
37920,0,2,10063,0,1,25,26,True
37920,1,2,22109,1,2,26,26,True
37924,0,1,27976,0,1,8,8,True
37924,0,2,27976,0,2,8,8,True
37924,1,2,27976,1,2,8,8,True
37941,0,1,13147,0,1,25,26,True
37941,0,2,66376,0,2,25,27,True
37941,1,2,57626,1,2,26,27,True
37942,0,1,55712,1,2,1,34,True
37942,0,2,32142,0,1,1,36,True
37942,1,2,3336,1,2,34,36,True
37954,0,1,5360,1,2,15,28,True
37954,0,2,6071,1,2,15,28,True
37954,1,2,29770,0,2,28,28,True
37958,0,1,61089,0,1,18,20,True
37958,0,2,48303,1,2,18,22,True
37958,1,2,63380,0,1,20,22,True
37982,0,1,61631,0,1,24,24,True
37982,0,2,61840,1,2,24,24,True
37982,1,2,62195,1,2,24,24,True
37998,0,1,69092,0,2,24,24,True
37998,0,2,69092,1,2,24,24,True
37998,1,2,69759,1,2,24,24,True
38019,0,1,8798,0,1,20,24,True
38019,0,2,1664,1,2,20,28,True
38019,1,2,32060,1,2,24,28,True
38020,0,1,27836,1,2,23,23,True
38020,0,2,42236,0,2,23,35,True
38020,1,2,42236,1,2,23,35,True
38021,0,1,67862,0,1,27,27,True
38021,0,2,16999,0,2,27,38,True
38021,1,2,17063,1,2,27,38,True
38031,0,1,35481,0,2,6,26,True
38031,0,2,55377,0,2,6,27,True
38031,1,2,70572,0,2,26,27,True
38040,0,1,17497,0,1,1,25,True
38040,0,2,17497,0,2,1,25,True
38040,1,2,68479,0,1,25,25,True
38046,0,1,69648,0,2,11,12,True
38046,0,2,27492,1,2,11,14,True
38046,1,2,19148,0,1,12,14,True
38047,0,1,21341,1,2,5,16,True
38047,0,2,15495,0,2,5,17,True
38047,1,2,52515,1,2,16,17,True
38051,0,1,56113,0,1,21,22,True
38051,0,2,56113,0,2,21,22,True
38051,1,2,48143,0,1,22,22,True
38073,0,1,40395,0,1,16,16,True
38073,0,2,40395,0,2,16,16,True
38073,1,2,40395,1,2,16,16,True
38091,0,1,61701,0,1,23,23,True
38091,0,2,61701,0,2,23,23,True
38091,1,2,61701,1,2,23,23,True
38095,0,1,48443,1,2,16,16,True
38095,0,2,48714,1,2,16,16,True
38095,1,2,49104,1,2,16,16,True
38103,0,1,9073,0,1,36,36,True
38103,0,2,20141,1,2,36,39,True
38103,1,2,25916,1,2,36,39,True
38107,0,1,11423,0,1,36,36,True
38107,0,2,32343,1,2,36,37,True
38107,1,2,32370,0,2,36,37,True
38126,0,1,60268,0,2,3,21,True
38126,0,2,46468,0,1,3,39,True
38126,1,2,72137,0,2,21,39,True
38128,0,1,36215,1,2,28,29,True
38128,0,2,36260,1,2,28,29,True
38128,1,2,71457,0,1,29,29,True
38129,0,1,12700,0,1,4,8,True
38129,0,2,58902,0,2,4,28,True
38129,1,2,9603,0,2,8,28,True
38140,0,1,34450,1,2,26,26,True
38140,0,2,34652,0,1,26,26,True
38140,1,2,35481,1,2,26,26,True
38143,0,1,60268,0,2,3,21,True
38143,0,2,52767,0,2,3,27,True
38143,1,2,5192,0,2,21,27,True
38150,0,1,14697,1,2,21,33,True
38150,0,2,4119,0,2,21,35,True
38150,1,2,42372,0,2,33,35,True
38153,0,1,55465,0,1,13,13,True
38153,0,2,3852,0,1,13,21,True
38153,1,2,5185,0,2,13,21,True
38155,0,1,12619,0,1,5,27,True
38155,0,2,62047,0,2,5,29,True
38155,1,2,31350,1,2,27,29,True
38156,0,1,60774,0,2,10,10,True
38156,0,2,60774,1,2,10,10,True
38156,1,2,61336,0,1,10,10,True
38170,0,1,1786,1,2,30,31,True
38170,0,2,3106,1,2,30,31,True
38170,1,2,24329,0,1,31,31,True
38173,0,1,4265,1,2,5,8,True
38173,0,2,6938,0,2,5,8,True
38173,1,2,17658,0,1,8,8,True
38176,0,1,21333,1,2,17,18,True
38176,0,2,52750,0,1,17,36,True
38176,1,2,23728,1,2,18,36,True
38194,0,1,31776,0,2,10,11,True
38194,0,2,13587,-1,2,10,30,False
38194,1,2,46653,0,1,11,30,True
38212,0,1,56570,1,2,38,39,True
38212,0,2,59188,0,2,38,39,True
38212,1,2,6338,1,2,39,39,True
38217,0,1,42945,0,1,20,26,True
38217,0,2,65263,1,2,20,40,True
38217,1,2,72715,0,2,26,40,True
38218,0,1,28127,0,1,1,1,True
38218,0,2,51992,0,2,1,40,True
38218,1,2,51992,1,2,1,40,True
38219,0,1,48143,0,2,22,22,True
38219,0,2,24157,1,2,22,32,True
38219,1,2,30484,0,1,22,32,True
38222,0,1,7239,0,2,18,30,True
38222,0,2,59850,1,2,18,39,True
38222,1,2,51028,0,2,30,39,True
38234,0,1,68565,0,2,11,16,True
38234,0,2,17513,1,2,11,17,True
38234,1,2,6246,1,2,16,17,True
38235,0,1,41040,0,1,30,31,True
38235,0,2,5051,1,2,30,38,True
38235,1,2,14877,1,2,31,38,True
38236,0,1,49705,0,1,3,3,True
38236,0,2,57354,0,2,3,12,True
38236,1,2,66838,0,2,3,12,True
38244,0,1,62863,1,2,13,24,True
38244,0,2,17429,1,2,13,30,True
38244,1,2,19602,1,2,24,30,True
38249,0,1,71179,1,2,23,28,True
38249,0,2,23249,0,2,23,35,True
38249,1,2,1309,0,2,28,35,True
38253,0,1,13538,1,2,15,22,True
38253,0,2,58710,0,1,15,30,True
38253,1,2,38262,0,2,22,30,True
38254,0,1,26807,0,2,9,11,True
38254,0,2,26807,1,2,9,11,True
38254,1,2,5149,1,2,11,11,True
38262,0,1,13993,0,2,22,29,True
38262,0,2,69199,0,1,22,30,True
38262,1,2,17110,1,2,29,30,True
38306,0,1,13857,0,1,2,2,True
38306,0,2,17053,0,1,2,3,True
38306,1,2,17996,0,2,2,3,True
38315,0,1,60790,1,2,29,29,True
38315,0,2,61217,0,1,29,29,True
38315,1,2,62348,0,1,29,29,True
38318,0,1,4162,1,2,34,35,True
38318,0,2,4313,0,2,34,35,True
38318,1,2,38953,0,1,35,35,True
38320,0,1,2202,0,1,11,19,True
38320,0,2,51338,0,2,11,21,True
38320,1,2,22645,0,1,19,21,True
38323,0,1,30505,0,1,30,30,True
38323,0,2,30505,0,2,30,30,True
38323,1,2,30505,1,2,30,30,True
38330,0,1,6838,0,2,9,10,True
38330,0,2,51824,0,1,9,15,True
38330,1,2,51841,0,1,10,15,True
38338,0,1,8278,0,1,22,24,True
38338,0,2,48634,1,2,22,27,True
38338,1,2,69724,1,2,24,27,True
38343,0,1,5313,0,1,3,19,True
38343,0,2,65102,0,2,3,30,True
38343,1,2,64029,0,2,19,30,True
38349,0,1,26200,0,1,33,33,True
38349,0,2,26200,0,2,33,33,True
38349,1,2,26200,1,2,33,33,True
38366,0,1,68359,0,2,10,16,True
38366,0,2,1917,0,2,10,38,True
38366,1,2,23775,1,2,16,38,True
38368,0,1,25277,1,2,22,40,True
38368,0,2,28990,0,1,22,40,True
38368,1,2,35380,1,2,40,40,True
38370,0,1,13106,0,1,25,25,True
38370,0,2,13869,1,2,25,25,True
38370,1,2,14408,0,1,25,25,True
38375,0,1,6603,1,2,4,4,True
38375,0,2,11050,0,2,4,16,True
38375,1,2,11050,0,2,4,16,True
38380,0,1,15631,1,2,17,17,True
38380,0,2,23479,1,2,17,17,True
38380,1,2,24700,1,2,17,17,True
38382,0,1,19174,1,2,12,13,True
38382,0,2,62293,1,2,12,39,True
38382,1,2,60520,0,2,13,39,True
38401,0,1,10243,1,2,39,39,True
38401,0,2,59209,1,2,39,40,True
38401,1,2,59710,0,1,39,40,True
38402,0,1,46915,0,1,14,14,True
38402,0,2,2185,0,1,14,15,True
38402,1,2,2185,0,2,14,15,True
38405,0,1,17658,0,1,8,8,True
38405,0,2,18938,0,1,8,8,True
38405,1,2,19301,0,1,8,8,True
38421,0,1,61589,0,2,29,40,True
38421,0,2,63075,1,2,29,40,True
38421,1,2,65730,1,2,40,40,True
38437,0,1,46116,1,2,1,1,True
38437,0,2,35466,0,2,1,26,True
38437,1,2,44417,0,2,1,26,True
38458,0,1,19687,0,2,9,16,True
38458,0,2,47475,1,2,9,29,True
38458,1,2,52274,0,2,16,29,True
38466,0,1,38236,1,2,3,12,True
38466,0,2,63851,1,2,3,38,True
38466,1,2,32100,0,2,12,38,True
38469,0,1,37769,0,2,33,34,True
38469,0,2,50584,1,2,33,35,True
38469,1,2,69170,1,2,34,35,True
38491,0,1,6044,0,2,8,8,True
38491,0,2,22213,0,1,8,31,True
38491,1,2,22213,0,2,8,31,True
38496,0,1,16149,1,2,28,29,True
38496,0,2,16708,0,1,28,29,True
38496,1,2,19635,1,2,29,29,True
38507,0,1,8667,0,1,1,23,True
38507,0,2,49758,0,1,1,38,True
38507,1,2,21651,0,2,23,38,True
38527,0,1,25988,0,2,33,33,True
38527,0,2,99,0,2,33,40,True
38527,1,2,99,1,2,33,40,True
38543,0,1,34838,0,1,6,15,True
38543,0,2,26154,0,2,6,39,True
38543,1,2,717,0,2,15,39,True
38551,0,1,23114,0,1,13,14,True
38551,0,2,8135,0,1,13,19,True
38551,1,2,64464,1,2,14,19,True
38554,0,1,69225,1,2,37,37,True
38554,0,2,69391,1,2,37,37,True
38554,1,2,72226,0,1,37,37,True
38560,0,1,70538,0,1,35,35,True
38560,0,2,70813,1,2,35,35,True
38560,1,2,70997,1,2,35,35,True
38561,0,1,22271,0,2,25,25,True
38561,0,2,60816,0,2,25,31,True
38561,1,2,60816,1,2,25,31,True
38563,0,1,13296,1,2,7,17,True
38563,0,2,20886,0,1,7,17,True
38563,1,2,53895,0,2,17,17,True
38584,0,1,34640,0,2,16,26,True
38584,0,2,4187,0,2,16,38,True
38584,1,2,52604,1,2,26,38,True
38609,0,1,4671,1,2,20,20,True
38609,0,2,5770,1,2,20,20,True
38609,1,2,6107,0,1,20,20,True
38616,0,1,19760,0,2,12,12,True
38616,0,2,19760,1,2,12,12,True
38616,1,2,21701,0,1,12,12,True
38621,0,1,72201,1,2,35,36,True
38621,0,2,1886,0,1,35,36,True
38621,1,2,13348,1,2,36,36,True
38634,0,1,4255,0,2,9,9,True
38634,0,2,32060,0,1,9,24,True
38634,1,2,44058,0,2,9,24,True
38636,0,1,61882,0,1,1,13,True
38636,0,2,60177,0,2,1,34,True
38636,1,2,41090,0,1,13,34,True
38652,0,1,24441,0,2,33,33,True
38652,0,2,24441,1,2,33,33,True
38652,1,2,24762,0,1,33,33,True
38655,0,1,22164,0,1,24,25,True
38655,0,2,3477,0,1,24,37,True
38655,1,2,11790,0,1,25,37,True
38663,0,1,49458,0,2,17,18,True
38663,0,2,52001,0,1,17,18,True
38663,1,2,52380,1,2,18,18,True
38669,0,1,57909,0,1,4,5,True
38669,0,2,22939,0,2,4,18,True
38669,1,2,46899,0,2,5,18,True
38670,0,1,24345,0,2,6,28,True
38670,0,2,9495,0,2,6,34,True
38670,1,2,32388,1,2,28,34,True
38675,0,1,48380,0,1,5,24,True
38675,0,2,22002,0,2,5,28,True
38675,1,2,52248,0,1,24,28,True
38677,0,1,37748,0,2,5,5,True
38677,0,2,64595,0,1,5,6,True
38677,1,2,65235,0,1,5,6,True
38688,0,1,25928,1,2,8,12,True
38688,0,2,30877,0,2,8,12,True
38688,1,2,6427,0,1,12,12,True
38700,0,1,35176,0,1,14,14,True
38700,0,2,35241,0,1,14,14,True
38700,1,2,36115,1,2,14,14,True
38707,0,1,63090,0,1,14,15,True
38707,0,2,51431,1,2,14,23,True
38707,1,2,9015,1,2,15,23,True
38709,0,1,8625,0,1,17,21,True
38709,0,2,59292,1,2,17,37,True
38709,1,2,27685,0,1,21,37,True
38715,0,1,6071,0,2,3,28,True
38715,0,2,65102,0,2,3,30,True
38715,1,2,21054,0,1,28,30,True
38718,0,1,34644,1,2,4,5,True
38718,0,2,56972,0,2,4,40,True
38718,1,2,32435,1,2,5,40,True
38723,0,1,61247,1,2,5,5,True
38723,0,2,62025,0,1,5,5,True
38723,1,2,63523,0,1,5,5,True
38724,0,1,8029,0,1,24,32,True
38724,0,2,8798,1,2,24,33,True
38724,1,2,39432,1,2,32,33,True
38727,0,1,3202,0,2,7,19,True
38727,0,2,22788,0,2,7,28,True
38727,1,2,44594,0,1,19,28,True
38728,0,1,66331,1,2,5,6,True
38728,0,2,42907,1,2,5,10,True
38728,1,2,42232,0,1,6,10,True
38730,0,1,56859,0,2,11,25,True
38730,0,2,26645,0,1,11,30,True
38730,1,2,41333,1,2,25,30,True
38738,0,1,62137,1,2,30,30,True
38738,0,2,63034,1,2,30,30,True
38738,1,2,63098,0,1,30,30,True
38751,0,1,34867,0,1,12,12,True
38751,0,2,61223,1,2,12,19,True
38751,1,2,61609,1,2,12,19,True
38753,0,1,32509,0,2,3,3,True
38753,0,2,67803,0,2,3,23,True
38753,1,2,69732,0,2,3,23,True
38759,0,1,71772,0,1,30,30,True
38759,0,2,236,0,1,30,30,True
38759,1,2,932,1,2,30,30,True
38768,0,1,11548,0,2,3,17,True
38768,0,2,36307,0,2,3,25,True
38768,1,2,50905,1,2,17,25,True
38778,0,1,70258,0,2,8,14,True
38778,0,2,13835,0,2,8,32,True
38778,1,2,46353,0,2,14,32,True
38804,0,1,72137,0,1,21,30,True
38804,0,2,18020,1,2,21,31,True
38804,1,2,14457,0,1,30,31,True
38811,0,1,24122,1,2,19,19,True
38811,0,2,32878,1,2,19,39,True
38811,1,2,35774,1,2,19,39,True
38831,0,1,23117,0,2,34,34,True
38831,0,2,23117,1,2,34,34,True
38831,1,2,23564,0,1,34,34,True
38833,0,1,4967,1,2,21,21,True
38833,0,2,15438,0,2,21,22,True
38833,1,2,17017,0,2,21,22,True
38834,0,1,22119,0,1,26,33,True
38834,0,2,22119,0,2,26,33,True
38834,1,2,24441,0,2,33,33,True
38844,0,1,19615,0,1,2,2,True
38844,0,2,1128,0,2,2,40,True
38844,1,2,4399,0,2,2,40,True
38866,0,1,20371,0,2,6,25,True
38866,0,2,35481,0,2,6,26,True
38866,1,2,61464,0,2,25,26,True
38875,0,1,40081,0,1,7,12,True
38875,0,2,9774,0,1,7,14,True
38875,1,2,21497,0,1,12,14,True
38882,0,1,43934,0,2,1,31,True
38882,0,2,25389,0,2,1,34,True
38882,1,2,25933,1,2,31,34,True
38887,0,1,52228,1,2,31,32,True
38887,0,2,9712,-1,1,31,37,False
38887,1,2,58835,1,2,32,37,True
38889,0,1,65102,1,2,22,30,True
38889,0,2,69234,1,2,22,34,True
38889,1,2,67405,1,2,30,34,True
38890,0,1,55208,0,2,1,18,True
38890,0,2,42194,0,2,1,19,True
38890,1,2,53193,0,1,18,19,True
38891,0,1,48256,0,1,23,26,True
38891,0,2,3097,0,2,23,29,True
38891,1,2,552,1,2,26,29,True
38897,0,1,44535,0,1,9,9,True
38897,0,2,2613,0,1,9,10,True
38897,1,2,2613,0,2,9,10,True
38898,0,1,37808,0,1,3,3,True
38898,0,2,37808,0,2,3,3,True
38898,1,2,37808,1,2,3,3,True
38906,0,1,24657,0,1,16,17,True
38906,0,2,28122,0,2,16,33,True
38906,1,2,30186,0,2,17,33,True
38911,0,1,70809,1,2,25,25,True
38911,0,2,56835,0,2,25,28,True
38911,1,2,56835,1,2,25,28,True
38918,0,1,54123,0,2,1,39,True
38918,0,2,33748,0,2,1,40,True
38918,1,2,60374,1,2,39,40,True
38921,0,1,51800,1,2,4,18,True
38921,0,2,57192,0,2,4,33,True
38921,1,2,44301,0,2,18,33,True
38924,0,1,71873,0,1,1,1,True
38924,0,2,1701,0,1,1,1,True
38924,1,2,2114,0,1,1,1,True
38936,0,1,35803,0,1,1,1,True
38936,0,2,37015,0,2,1,4,True
38936,1,2,37015,1,2,1,4,True
38942,0,1,70275,0,2,19,19,True
38942,0,2,53193,1,2,19,34,True
38942,1,2,56975,1,2,19,34,True
38953,0,1,351,0,1,35,35,True
38953,0,2,351,0,2,35,35,True
38953,1,2,351,1,2,35,35,True
38965,0,1,5615,1,2,19,19,True
38965,0,2,40521,1,2,19,39,True
38965,1,2,40927,1,2,19,39,True
38995,0,1,10262,1,2,2,2,True
38995,0,2,46153,0,2,2,36,True
38995,1,2,46368,0,2,2,36,True
38997,0,1,67921,0,1,38,38,True
38997,0,2,67921,0,2,38,38,True
38997,1,2,67921,1,2,38,38,True
39007,0,1,38727,0,1,7,19,True
39007,0,2,27236,0,2,7,38,True
39007,1,2,8126,1,2,19,38,True
39016,0,1,15770,0,1,3,14,True
39016,0,2,22451,0,1,3,14,True
39016,1,2,68714,0,1,14,14,True
39021,0,1,34172,0,1,3,10,True
39021,0,2,25093,0,2,3,25,True
39021,1,2,30336,0,2,10,25,True
39025,0,1,27144,0,1,18,19,True
39025,0,2,27144,0,2,18,19,True
39025,1,2,33083,0,2,19,19,True
39038,0,1,66217,0,2,9,25,True
39038,0,2,61540,0,1,9,33,True
39038,1,2,59655,1,2,25,33,True
39040,0,1,57622,0,1,3,5,True
39040,0,2,36626,0,1,3,14,True
39040,1,2,65421,0,1,5,14,True
39045,0,1,16680,0,2,24,39,True
39045,0,2,12867,0,2,24,40,True
39045,1,2,54272,1,2,39,40,True
39063,0,1,4996,0,2,1,5,True
39063,0,2,4561,0,2,1,15,True
39063,1,2,34583,0,2,5,15,True
39079,0,1,4337,0,1,18,18,True
39079,0,2,23392,0,2,18,29,True
39079,1,2,23392,1,2,18,29,True
39097,0,1,41557,0,2,29,29,True
39097,0,2,41557,1,2,29,29,True
39097,1,2,41687,0,1,29,29,True
39101,0,1,23679,1,2,28,34,True
39101,0,2,2876,0,2,28,35,True
39101,1,2,63194,1,2,34,35,True
39105,0,1,42437,1,2,14,16,True
39105,0,2,44010,0,1,14,16,True
39105,1,2,58784,1,2,16,16,True
39109,0,1,61059,0,2,3,20,True
39109,0,2,64001,0,1,3,20,True
39109,1,2,47265,1,2,20,20,True
39126,0,1,19430,0,2,20,31,True
39126,0,2,24476,0,1,20,32,True
39126,1,2,58943,1,2,31,32,True
39157,0,1,72919,0,1,10,10,True
39157,0,2,48004,1,2,10,29,True
39157,1,2,48746,0,1,10,29,True
39162,0,1,19026,0,1,22,22,True
39162,0,2,19596,0,1,22,22,True
39162,1,2,19999,1,2,22,22,True
39164,0,1,37754,1,2,10,13,True
39164,0,2,71017,0,1,10,26,True
39164,1,2,21723,0,2,13,26,True
39169,0,1,10010,0,2,23,24,True
39169,0,2,11949,0,2,23,24,True
39169,1,2,11691,0,1,24,24,True
39177,0,1,58930,0,1,7,9,True
39177,0,2,3202,0,1,7,13,True
39177,1,2,44752,0,2,9,13,True
39183,0,1,63869,1,2,13,32,True
39183,0,2,63869,0,2,13,32,True
39183,1,2,27131,0,1,32,32,True
39186,0,1,16498,0,1,1,2,True
39186,0,2,35618,0,2,1,19,True
39186,1,2,34781,0,2,2,19,True
39190,0,1,42899,0,2,15,27,True
39190,0,2,43042,0,1,15,27,True
39190,1,2,41536,1,2,27,27,True
39201,0,1,4674,0,1,14,19,True
39201,0,2,6754,0,1,14,19,True
39201,1,2,26940,1,2,19,19,True
39208,0,1,15688,0,1,3,4,True
39208,0,2,30564,0,2,3,27,True
39208,1,2,58584,0,2,4,27,True
39236,0,1,13807,0,2,11,15,True
39236,0,2,1057,1,2,11,31,True
39236,1,2,12276,1,2,15,31,True
39252,0,1,50673,0,1,11,36,True
39252,0,2,5324,0,2,11,39,True
39252,1,2,46724,1,2,36,39,True
39256,0,1,15240,1,2,3,3,True
39256,0,2,32414,0,1,3,24,True
39256,1,2,32414,0,2,3,24,True
39286,0,1,28278,0,2,1,20,True
39286,0,2,15721,0,2,1,39,True
39286,1,2,64001,1,2,20,39,True
39288,0,1,63247,1,2,11,11,True
39288,0,2,66058,0,1,11,11,True
39288,1,2,66058,0,2,11,11,True
39290,0,1,5537,0,1,1,14,True
39290,0,2,43858,0,1,1,20,True
39290,1,2,239,1,2,14,20,True
39291,0,1,13908,0,2,4,26,True
39291,0,2,1107,0,2,4,34,True
39291,1,2,7981,1,2,26,34,True
39302,0,1,53905,0,1,5,5,True
39302,0,2,56102,0,2,5,33,True
39302,1,2,56727,0,2,5,33,True
39310,0,1,42195,1,2,33,33,True
39310,0,2,42565,0,1,33,33,True
39310,1,2,42565,0,2,33,33,True
39315,0,1,9355,0,2,2,33,True
39315,0,2,23230,1,2,2,34,True
39315,1,2,37769,1,2,33,34,True
39318,0,1,30833,0,1,14,28,True
39318,0,2,30833,0,2,14,28,True
39318,1,2,23710,0,1,28,28,True
39322,0,1,72032,0,1,2,2,True
39322,0,2,14578,0,2,2,26,True
39322,1,2,15955,0,1,2,26,True
39323,0,1,41191,1,2,3,16,True
39323,0,2,43352,0,2,3,16,True
39323,1,2,68928,0,2,16,16,True
39345,0,1,42904,0,2,13,25,True
39345,0,2,62281,0,2,13,35,True
39345,1,2,43637,0,1,25,35,True
39363,0,1,35092,1,2,9,30,True
39363,0,2,36318,1,2,9,30,True
39363,1,2,62137,0,2,30,30,True
39378,0,1,6930,0,2,6,38,True
39378,0,2,6930,1,2,6,38,True
39378,1,2,46100,0,2,38,38,True
39384,0,1,44279,-1,1,12,24,False
39384,0,2,42679,-1,0,12,30,False
39384,1,2,2327,1,2,24,30,True
39386,0,1,14475,0,1,1,15,True
39386,0,2,18590,0,1,1,40,True
39386,1,2,25333,1,2,15,40,True
39390,0,1,8557,0,2,1,29,True
39390,0,2,14475,0,2,1,29,True
39390,1,2,39097,0,1,29,29,True
39391,0,1,3097,0,1,23,26,True
39391,0,2,14378,1,2,23,31,True
39391,1,2,653,1,2,26,31,True
39392,0,1,26978,0,1,15,15,True
39392,0,2,22133,0,2,15,36,True
39392,1,2,28611,1,2,15,36,True
39405,0,1,12486,0,1,6,6,True
39405,0,2,38866,0,2,6,26,True
39405,1,2,40662,0,2,6,26,True
39408,0,1,7547,1,2,39,39,True
39408,0,2,10243,1,2,39,39,True
39408,1,2,10740,1,2,39,39,True
39414,0,1,14267,0,2,14,22,True
39414,0,2,39455,1,2,14,25,True
39414,1,2,42820,1,2,22,25,True
39418,0,1,50610,0,2,1,3,True
39418,0,2,70954,0,2,1,5,True
39418,1,2,1181,1,2,3,5,True
39420,0,1,44967,1,2,23,23,True
39420,0,2,63145,1,2,23,35,True
39420,1,2,67741,0,1,23,35,True
39421,0,1,50154,0,2,37,38,True
39421,0,2,51340,1,2,37,38,True
39421,1,2,63655,0,1,38,38,True
39423,0,1,47714,1,2,23,23,True
39423,0,2,70320,1,2,23,24,True
39423,1,2,71151,0,2,23,24,True
39428,0,1,55786,0,2,16,28,True
39428,0,2,58362,0,2,16,28,True
39428,1,2,69758,0,1,28,28,True
39432,0,1,19190,0,1,8,32,True
39432,0,2,35682,0,2,8,33,True
39432,1,2,14433,0,1,32,33,True
39439,0,1,11936,0,2,24,37,True
39439,0,2,15718,0,2,24,37,True
39439,1,2,30661,0,2,37,37,True
39450,0,1,57733,1,2,13,13,True
39450,0,2,57873,1,2,13,13,True
39450,1,2,58778,0,1,13,13,True
39454,0,1,32541,0,2,4,24,True
39454,0,2,44150,0,1,4,29,True
39454,1,2,10192,1,2,24,29,True
39455,0,1,22450,0,1,14,14,True
39455,0,2,2307,0,1,14,25,True
39455,1,2,7815,0,1,14,25,True
39459,0,1,48746,0,2,10,29,True
39459,0,2,58641,0,2,10,29,True
39459,1,2,66928,1,2,29,29,True
39461,0,1,22959,0,1,1,2,True
39461,0,2,44798,0,1,1,34,True
39461,1,2,1785,0,2,2,34,True
39476,0,1,10102,1,2,14,18,True
39476,0,2,11062,1,2,14,18,True
39476,1,2,28450,1,2,18,18,True
39479,0,1,62348,0,1,29,29,True
39479,0,2,64208,0,1,29,29,True
39479,1,2,64874,1,2,29,29,True
39490,0,1,51385,1,2,17,21,True
39490,0,2,50203,0,1,17,36,True
39490,1,2,318,-1,1,21,36,False
39517,0,1,4106,1,2,37,38,True
39517,0,2,6953,1,2,37,38,True
39517,1,2,30121,1,2,38,38,True
39528,0,1,26509,0,2,24,29,True
39528,0,2,12867,0,2,24,40,True
39528,1,2,51468,1,2,29,40,True
39535,0,1,69327,1,2,15,15,True
39535,0,2,69560,0,1,15,15,True
39535,1,2,69560,0,2,15,15,True
39537,0,1,30358,0,1,15,35,True
39537,0,2,4953,0,1,15,39,True
39537,1,2,70993,0,1,35,39,True
39539,0,1,34195,0,2,2,37,True
39539,0,2,18648,0,2,2,38,True
39539,1,2,18569,1,2,37,38,True
39549,0,1,69288,1,2,39,39,True
39549,0,2,69877,1,2,39,39,True
39549,1,2,69967,0,1,39,39,True
39557,0,1,13134,0,1,18,18,True
39557,0,2,43198,0,2,18,33,True
39557,1,2,43198,0,2,18,33,True
39562,0,1,16587,0,1,6,14,True
39562,0,2,48304,1,2,6,23,True
39562,1,2,5230,0,1,14,23,True
39564,0,1,2367,0,2,10,23,True
39564,0,2,7518,0,1,10,36,True
39564,1,2,59768,0,2,23,36,True
39591,0,1,69178,0,2,8,13,True
39591,0,2,10355,1,2,8,16,True
39591,1,2,23155,0,2,13,16,True
39603,0,1,11376,1,2,4,19,True
39603,0,2,33520,0,1,4,29,True
39603,1,2,8790,0,2,19,29,True
39621,0,1,37179,1,2,32,32,True
39621,0,2,40015,1,2,32,32,True
39621,1,2,40636,1,2,32,32,True
39627,0,1,1820,1,2,19,22,True
39627,0,2,6611,0,1,19,27,True
39627,1,2,12624,0,2,22,27,True
39632,0,1,36734,0,1,13,13,True
39632,0,2,40061,1,2,13,14,True
39632,1,2,42108,0,1,13,14,True
39635,0,1,5661,0,1,12,21,True
39635,0,2,60453,0,2,12,33,True
39635,1,2,48851,1,2,21,33,True
39640,0,1,52263,0,2,27,31,True
39640,0,2,12302,1,2,27,40,True
39640,1,2,49841,1,2,31,40,True
39643,0,1,59136,0,1,8,8,True
39643,0,2,52159,0,2,8,29,True
39643,1,2,52159,1,2,8,29,True
39645,0,1,43824,0,1,3,3,True
39645,0,2,45227,0,1,3,3,True
39645,1,2,45577,0,1,3,3,True
39653,0,1,485,0,2,13,16,True
39653,0,2,40662,1,2,13,26,True
39653,1,2,2569,0,1,16,26,True
39666,0,1,72751,0,2,27,27,True
39666,0,2,72751,1,2,27,27,True
39666,1,2,72873,0,1,27,27,True
39670,0,1,44126,0,2,27,28,True
39670,0,2,72873,1,2,27,40,True
39670,1,2,63165,0,1,28,40,True
39681,0,1,15683,0,2,9,32,True
39681,0,2,17791,0,2,9,36,True
39681,1,2,62741,0,1,32,36,True
39685,0,1,23213,0,2,8,17,True
39685,0,2,27911,1,2,8,35,True
39685,1,2,54211,0,2,17,35,True
39692,0,1,66525,0,2,19,30,True
39692,0,2,22711,0,2,19,34,True
39692,1,2,18797,0,1,30,34,True
39696,0,1,50658,0,2,2,16,True
39696,0,2,33208,1,2,2,28,True
39696,1,2,46249,0,2,16,28,True
39698,0,1,44428,0,1,5,15,True
39698,0,2,26900,0,1,5,27,True
39698,1,2,64735,0,1,15,27,True
39699,0,1,12256,0,2,7,19,True
39699,0,2,15126,0,2,7,19,True
39699,1,2,70275,0,1,19,19,True
39702,0,1,53854,1,2,17,24,True
39702,0,2,55579,0,1,17,24,True
39702,1,2,13232,0,1,24,24,True
39715,0,1,37062,0,2,19,23,True
39715,0,2,15538,0,2,19,24,True
39715,1,2,24232,1,2,23,24,True
39727,0,1,71618,0,1,6,13,True
39727,0,2,58287,0,2,6,24,True
39727,1,2,3920,1,2,13,24,True
39741,0,1,59441,0,1,7,22,True
39741,0,2,64751,0,2,7,22,True
39741,1,2,60881,0,1,22,22,True
39745,0,1,29225,0,2,2,2,True
39745,0,2,61461,0,1,2,12,True
39745,1,2,61461,0,2,2,12,True
39748,0,1,25172,1,2,27,36,True
39748,0,2,26900,1,2,27,36,True
39748,1,2,59329,1,2,36,36,True
39753,0,1,33656,0,1,2,2,True
39753,0,2,9355,0,2,2,33,True
39753,1,2,9355,1,2,2,33,True
39754,0,1,36900,0,2,24,24,True
39754,0,2,44319,1,2,24,40,True
39754,1,2,46323,1,2,24,40,True
39756,0,1,1744,0,1,6,7,True
39756,0,2,35475,0,1,6,7,True
39756,1,2,23803,0,1,7,7,True
39766,0,1,22405,0,2,12,12,True
39766,0,2,45683,1,2,12,27,True
39766,1,2,46256,0,2,12,27,True
39767,0,1,53037,0,1,4,4,True
39767,0,2,3915,0,2,4,27,True
39767,1,2,4905,0,2,4,27,True
39768,0,1,18020,0,2,11,31,True
39768,0,2,61831,0,2,11,32,True
39768,1,2,36617,1,2,31,32,True
39777,0,1,60180,0,2,15,25,True
39777,0,2,3209,0,2,15,39,True
39777,1,2,70120,1,2,25,39,True
39783,0,1,14361,1,2,5,5,True
39783,0,2,32298,1,2,5,6,True
39783,1,2,33194,0,2,5,6,True
39789,0,1,7940,0,1,1,3,True
39789,0,2,17956,0,2,1,40,True
39789,1,2,49841,0,2,3,40,True
39793,0,1,17865,0,2,17,34,True
39793,0,2,17865,0,1,17,34,True
39793,1,2,21414,0,2,34,34,True
39810,0,1,48640,0,2,3,18,True
39810,0,2,58692,0,2,3,27,True
39810,1,2,23528,1,2,18,27,True
39818,0,1,59255,0,1,3,7,True
39818,0,2,8358,0,1,3,8,True
39818,1,2,40681,0,2,7,8,True
39821,0,1,45626,0,1,12,12,True
39821,0,2,10185,0,2,12,35,True
39821,1,2,10185,1,2,12,35,True
39822,0,1,13296,0,1,7,7,True
39822,0,2,12256,0,1,7,8,True
39822,1,2,15122,0,2,7,8,True
39825,0,1,17154,0,2,28,28,True
39825,0,2,23968,1,2,28,29,True
39825,1,2,24629,0,1,28,29,True
39826,0,1,5904,0,2,10,19,True
39826,0,2,15685,0,1,10,35,True
39826,1,2,52385,0,2,19,35,True
39833,0,1,22002,0,1,5,27,True
39833,0,2,22531,1,2,5,28,True
39833,1,2,21069,1,2,27,28,True
39835,0,1,48385,0,2,12,12,True
39835,0,2,28410,0,1,12,15,True
39835,1,2,41956,1,2,12,15,True
39842,0,1,28902,0,2,32,33,True
39842,0,2,28902,1,2,32,33,True
39842,1,2,59006,0,1,33,33,True
39852,0,1,12276,0,1,7,15,True
39852,0,2,10269,0,2,7,16,True
39852,1,2,62763,0,1,15,16,True
39854,0,1,53336,1,2,5,21,True
39854,0,2,6984,0,2,5,26,True
39854,1,2,66747,0,1,21,26,True
39894,0,1,23613,0,1,14,18,True
39894,0,2,34802,0,2,14,30,True
39894,1,2,67244,1,2,18,30,True
39916,0,1,27462,1,2,11,18,True
39916,0,2,65772,0,2,11,24,True
39916,1,2,25487,0,1,18,24,True
39920,0,1,57244,-1,2,1,14,False
39920,0,2,44975,-1,0,1,20,False
39920,1,2,46403,-1,0,14,20,False
39925,0,1,14799,1,2,16,16,True
39925,0,2,63713,1,2,16,20,True
39925,1,2,64926,1,2,16,20,True
39932,0,1,72109,0,2,19,20,True
39932,0,2,41999,1,2,19,28,True
39932,1,2,38019,0,2,20,28,True
39935,0,1,71132,1,2,25,26,True
39935,0,2,1423,0,2,25,37,True
39935,1,2,62749,0,1,26,37,True
39939,0,1,72795,1,2,33,36,True
39939,0,2,29792,1,2,33,37,True
39939,1,2,36574,1,2,36,37,True
39948,0,1,60123,1,2,29,29,True
39948,0,2,41687,0,2,29,30,True
39948,1,2,41687,1,2,29,30,True
39951,0,1,39696,0,1,2,16,True
39951,0,2,21822,1,2,2,31,True
39951,1,2,15871,0,2,16,31,True
39966,0,1,1689,1,2,28,28,True
39966,0,2,19639,1,2,28,37,True
39966,1,2,24826,1,2,28,37,True
39970,0,1,34824,0,1,4,18,True
39970,0,2,14553,1,2,4,28,True
39970,1,2,37145,0,1,18,28,True
39972,0,1,34233,0,1,16,16,True
39972,0,2,8856,0,2,16,32,True
39972,1,2,8858,0,1,16,32,True
39985,0,1,22897,0,1,5,5,True
39985,0,2,26574,0,2,5,35,True
39985,1,2,28540,1,2,5,35,True
39986,0,1,55808,1,2,37,38,True
39986,0,2,56698,1,2,37,38,True
39986,1,2,14170,0,2,38,38,True
39994,0,1,69086,0,1,15,31,True
39994,0,2,69567,1,2,15,39,True
39994,1,2,66540,1,2,31,39,True
39999,0,1,60191,0,1,16,18,True
39999,0,2,8858,0,1,16,32,True
39999,1,2,6913,1,2,18,32,True
40001,0,1,72117,1,2,20,21,True
40001,0,2,64572,0,1,20,37,True
40001,1,2,57560,1,2,21,37,True
40013,0,1,17265,1,2,3,3,True
40013,0,2,49259,0,1,3,31,True
40013,1,2,49841,0,1,3,31,True
40015,0,1,68903,0,1,22,32,True
40015,0,2,70563,1,2,22,32,True
40015,1,2,20819,1,2,32,32,True
40023,0,1,26770,0,1,10,11,True
40023,0,2,23026,1,2,10,12,True
40023,1,2,31646,0,2,11,12,True
40024,0,1,58689,0,2,3,34,True
40024,0,2,48606,0,2,3,35,True
40024,1,2,27971,1,2,34,35,True
40027,0,1,5726,0,1,26,26,True
40027,0,2,65628,0,2,26,33,True
40027,1,2,67958,0,2,26,33,True
40055,0,1,51221,0,1,2,19,True
40055,0,2,51221,0,2,2,19,True
40055,1,2,62722,0,1,19,19,True
40059,0,1,58559,1,2,11,11,True
40059,0,2,48069,0,2,11,15,True
40059,1,2,48069,1,2,11,15,True
40061,0,1,57873,1,2,13,13,True
40061,0,2,837,1,2,13,14,True
40061,1,2,1331,0,1,13,14,True
40068,0,1,70124,0,1,1,1,True
40068,0,2,19985,0,2,1,31,True
40068,1,2,21822,0,2,1,31,True
40081,0,1,5877,0,2,7,12,True
40081,0,2,43147,0,1,7,31,True
40081,1,2,24499,0,2,12,31,True
40089,0,1,63277,0,1,7,9,True
40089,0,2,15126,0,2,7,19,True
40089,1,2,5615,0,2,9,19,True
40098,0,1,5090,1,2,9,17,True
40098,0,2,30657,0,2,9,37,True
40098,1,2,41197,1,2,17,37,True
40101,0,1,6170,1,2,22,22,True
40101,0,2,52253,1,2,22,26,True
40101,1,2,55226,0,1,22,26,True
40144,0,1,12783,1,2,27,27,True
40144,0,2,13065,1,2,27,27,True
40144,1,2,14746,1,2,27,27,True
40146,0,1,53423,1,2,15,15,True
40146,0,2,67167,0,2,15,33,True
40146,1,2,69086,0,2,15,33,True
40158,0,1,36715,0,2,12,18,True
40158,0,2,29858,1,2,12,31,True
40158,1,2,5006,0,2,18,31,True
40174,0,1,71575,0,1,10,31,True
40174,0,2,1057,0,2,10,31,True
40174,1,2,11676,0,1,31,31,True
40189,0,1,46522,0,2,1,2,True
40189,0,2,50005,0,1,1,4,True
40189,1,2,61789,0,1,2,4,True
40194,0,1,54818,1,2,10,31,True
40194,0,2,61136,0,2,10,31,True
40194,1,2,21196,1,2,31,31,True
40198,0,1,60730,0,2,6,11,True
40198,0,2,29253,0,2,6,35,True
40198,1,2,11431,0,2,11,35,True
40225,0,1,68058,1,2,12,36,True
40225,0,2,14877,0,2,12,38,True
40225,1,2,34521,1,2,36,38,True
40234,0,1,66899,0,2,2,2,True
40234,0,2,66899,1,2,2,2,True
40234,1,2,67638,0,1,2,2,True
40240,0,1,19682,0,1,3,7,True
40240,0,2,14766,0,2,3,36,True
40240,1,2,31593,0,2,7,36,True
40247,0,1,27474,1,2,18,18,True
40247,0,2,28450,1,2,18,18,True
40247,1,2,30238,0,1,18,18,True
40258,0,1,3430,0,2,16,17,True
40258,0,2,34142,0,1,16,20,True
40258,1,2,67898,0,2,17,20,True
40269,0,1,72527,0,1,5,28,True
40269,0,2,72527,0,2,5,34,True
40269,1,2,72527,1,2,28,34,True
40273,0,1,34235,0,2,8,8,True
40273,0,2,13141,0,1,8,9,True
40273,1,2,13224,0,1,8,9,True
40292,0,1,15236,0,2,5,6,True
40292,0,2,20559,0,1,5,20,True
40292,1,2,25566,0,1,6,20,True
40299,0,1,16539,1,2,38,38,True
40299,0,2,16678,0,1,38,38,True
40299,1,2,16678,0,2,38,38,True
40301,0,1,36432,1,2,17,26,True
40301,0,2,30069,0,2,17,28,True
40301,1,2,11389,0,2,26,28,True
40325,0,1,27540,1,2,25,26,True
40325,0,2,27832,0,1,25,26,True
40325,1,2,66087,1,2,26,26,True
40337,0,1,71068,0,2,9,30,True
40337,0,2,9052,0,2,9,34,True
40337,1,2,15017,1,2,30,34,True
40344,0,1,32282,0,2,9,30,True
40344,0,2,4796,0,2,9,31,True
40344,1,2,6458,1,2,30,31,True
40345,0,1,10121,0,1,5,5,True
40345,0,2,68099,1,2,5,33,True
40345,1,2,68191,0,2,5,33,True
40353,0,1,3755,1,2,37,37,True
40353,0,2,23295,1,2,37,38,True
40353,1,2,24164,1,2,37,38,True
40364,0,1,48161,0,2,19,19,True
40364,0,2,48161,1,2,19,19,True
40364,1,2,48794,1,2,19,19,True
40387,0,1,4691,0,2,14,26,True
40387,0,2,26515,0,1,14,27,True
40387,1,2,45217,1,2,26,27,True
40394,0,1,5095,0,1,28,29,True
40394,0,2,11411,0,1,28,31,True
40394,1,2,59853,0,1,29,31,True
40395,0,1,63513,1,2,16,16,True
40395,0,2,64583,0,1,16,16,True
40395,1,2,64583,0,2,16,16,True
40397,0,1,12640,0,2,13,24,True
40397,0,2,28003,0,2,13,25,True
40397,1,2,29731,0,1,24,25,True
40399,0,1,53336,0,2,5,21,True
40399,0,2,51328,0,1,5,31,True
40399,1,2,18020,1,2,21,31,True
40421,0,1,36996,0,2,3,12,True
40421,0,2,35506,0,1,3,13,True
40421,1,2,45762,0,1,12,13,True
40422,0,1,26696,0,2,1,18,True
40422,0,2,7160,0,1,1,40,True
40422,1,2,65791,0,2,18,40,True
40430,0,1,5260,0,1,22,22,True
40430,0,2,30484,0,1,22,32,True
40430,1,2,32651,0,2,22,32,True
40463,0,1,26775,0,1,7,7,True
40463,0,2,26775,0,2,7,7,True
40463,1,2,26775,1,2,7,7,True
40465,0,1,71348,0,2,13,13,True
40465,0,2,20808,0,1,13,18,True
40465,1,2,23595,0,1,13,18,True
40473,0,1,55119,0,2,8,19,True
40473,0,2,36235,0,2,8,25,True
40473,1,2,72807,0,2,19,25,True
40474,0,1,70281,0,2,7,8,True
40474,0,2,27460,0,2,7,23,True
40474,1,2,52777,1,2,8,23,True
40477,0,1,62325,0,2,1,17,True
40477,0,2,70136,0,1,1,17,True
40477,1,2,28829,0,1,17,17,True
40483,0,1,6915,0,2,7,39,True
40483,0,2,7547,0,1,7,39,True
40483,1,2,56600,0,2,39,39,True
40486,0,1,25053,1,2,23,34,True
40486,0,2,68923,1,2,23,37,True
40486,1,2,32381,1,2,34,37,True
40512,0,1,1159,0,2,3,26,True
40512,0,2,62647,0,2,3,30,True
40512,1,2,15307,1,2,26,30,True
40516,0,1,7095,1,2,33,37,True
40516,0,2,7591,1,2,33,37,True
40516,1,2,6557,0,1,37,37,True
40521,0,1,39826,0,1,10,19,True
40521,0,2,28581,0,2,10,39,True
40521,1,2,38811,1,2,19,39,True
40527,0,1,62688,1,2,7,37,True
40527,0,2,63994,0,1,7,37,True
40527,1,2,12959,0,1,37,37,True
40530,0,1,7354,0,1,5,5,True
40530,0,2,61946,1,2,5,36,True
40530,1,2,66809,0,1,5,36,True
40533,0,1,24232,0,1,23,23,True
40533,0,2,35909,0,2,23,24,True
40533,1,2,36417,0,2,23,24,True
40542,0,1,43532,0,1,19,19,True
40542,0,2,43753,1,2,19,19,True
40542,1,2,44021,0,1,19,19,True
40550,0,1,35322,1,2,5,6,True
40550,0,2,36205,0,1,5,6,True
40550,1,2,42205,1,2,6,6,True
40568,0,1,61024,0,1,7,7,True
40568,0,2,62688,0,1,7,7,True
40568,1,2,62835,0,1,7,7,True
40593,0,1,65971,1,2,11,21,True
40593,0,2,69603,0,2,11,21,True
40593,1,2,3986,1,2,21,21,True
40599,0,1,49352,0,1,37,37,True
40599,0,2,49352,0,2,37,37,True
40599,1,2,49352,1,2,37,37,True
40608,0,1,55579,0,2,17,27,True
40608,0,2,62551,0,2,17,30,True
40608,1,2,37897,1,2,27,30,True
40611,0,1,27261,0,2,8,10,True
40611,0,2,1346,0,2,8,18,True
40611,1,2,11503,0,2,10,18,True
40628,0,1,41103,1,2,35,35,True
40628,0,2,26904,0,2,35,36,True
40628,1,2,26904,1,2,35,36,True
40634,0,1,7728,1,2,22,27,True
40634,0,2,6461,1,2,22,35,True
40634,1,2,50415,1,2,27,35,True
40636,0,1,20139,0,2,19,32,True
40636,0,2,21107,1,2,19,32,True
40636,1,2,54143,1,2,32,32,True
40653,0,1,5324,0,2,11,39,True
40653,0,2,68780,1,2,11,40,True
40653,1,2,54272,1,2,39,40,True
40659,0,1,52778,1,2,22,39,True
40659,0,2,3055,0,2,22,39,True
40659,1,2,56075,0,1,39,39,True
40662,0,1,32920,0,1,6,13,True
40662,0,2,39405,0,2,6,26,True
40662,1,2,20808,0,2,13,26,True
40668,0,1,43197,1,2,7,26,True
40668,0,2,52586,0,2,7,40,True
40668,1,2,6340,0,2,26,40,True
40673,0,1,37868,0,1,9,9,True
40673,0,2,37868,0,2,9,9,True
40673,1,2,37868,1,2,9,9,True
40681,0,1,27084,0,1,7,8,True
40681,0,2,27622,0,1,7,8,True
40681,1,2,63430,1,2,8,8,True
40682,0,1,65165,0,1,12,13,True
40682,0,2,7709,0,2,12,38,True
40682,1,2,25651,0,1,13,38,True
40694,0,1,53336,1,2,5,21,True
40694,0,2,15108,0,2,5,27,True
40694,1,2,11188,0,1,21,27,True
40701,0,1,51362,0,1,24,24,True
40701,0,2,52069,0,1,24,24,True
40701,1,2,52883,0,1,24,24,True
40704,0,1,22834,0,1,5,7,True
40704,0,2,53905,1,2,5,10,True
40704,1,2,20992,0,1,7,10,True
40710,0,1,56788,1,2,15,24,True
40710,0,2,57184,1,2,15,24,True
40710,1,2,71701,0,1,24,24,True
40716,0,1,43559,0,1,7,7,True
40716,0,2,42549,0,2,7,15,True
40716,1,2,43046,0,2,7,15,True
40717,0,1,12168,0,2,17,32,True
40717,0,2,23311,0,2,17,40,True
40717,1,2,35287,1,2,32,40,True
40729,0,1,72371,0,2,32,33,True
40729,0,2,65329,1,2,32,35,True
40729,1,2,38469,0,2,33,35,True
40731,0,1,33793,0,1,23,23,True
40731,0,2,53332,1,2,23,29,True
40731,1,2,53627,0,2,23,29,True
40746,0,1,37748,1,2,5,5,True
40746,0,2,38677,0,1,5,5,True
40746,1,2,38723,0,1,5,5,True
40750,0,1,28575,0,2,25,28,True
40750,0,2,30069,1,2,25,28,True
40750,1,2,37954,1,2,28,28,True
40756,0,1,58004,0,2,27,36,True
40756,0,2,58004,1,2,27,36,True
40756,1,2,56963,1,2,36,36,True
40766,0,1,17040,1,2,2,15,True
40766,0,2,7290,0,1,2,22,True
40766,1,2,31666,0,1,15,22,True
40789,0,1,37706,0,2,11,11,True
40789,0,2,42231,1,2,11,20,True
40789,1,2,44776,0,1,11,20,True
40790,0,1,53402,1,2,11,13,True
40790,0,2,32115,0,1,11,25,True
40790,1,2,39345,0,1,13,25,True
40795,0,1,42462,0,1,3,15,True
40795,0,2,45227,1,2,3,37,True
40795,1,2,42931,0,2,15,37,True
40798,0,1,4292,-1,2,15,23,False
40798,0,2,53974,-1,1,15,35,False
40798,1,2,47093,0,1,23,35,True
40807,0,1,39423,0,2,23,24,True
40807,0,2,39423,1,2,23,24,True
40807,1,2,39754,0,1,24,24,True
40819,0,1,32532,0,1,7,10,True
40819,0,2,56162,-1,1,7,19,False
40819,1,2,56162,-1,2,10,19,False
40838,0,1,47262,1,2,11,28,True
40838,0,2,42787,0,1,11,37,True
40838,1,2,24852,1,2,28,37,True
40842,0,1,60212,0,1,6,11,True
40842,0,2,36685,0,1,6,33,True
40842,1,2,70491,0,1,11,33,True
40844,0,1,33622,0,2,28,34,True
40844,0,2,31655,1,2,28,35,True
40844,1,2,41832,0,1,34,35,True
40864,0,1,23599,0,1,3,9,True
40864,0,2,27059,1,2,3,10,True
40864,1,2,2044,0,1,9,10,True
40871,0,1,37445,1,2,27,27,True
40871,0,2,15984,0,2,27,28,True
40871,1,2,15984,1,2,27,28,True
40876,0,1,69134,0,1,3,3,True
40876,0,2,12379,0,1,3,13,True
40876,1,2,12596,0,1,3,13,True
40878,0,1,70569,0,1,10,23,True
40878,0,2,70569,0,2,10,23,True
40878,1,2,29249,1,2,23,23,True
40881,0,1,22371,0,2,24,37,True
40881,0,2,29731,0,2,24,37,True
40881,1,2,21453,1,2,37,37,True
40890,0,1,72530,1,2,5,5,True
40890,0,2,23295,0,1,5,37,True
40890,1,2,31326,0,1,5,37,True
40914,0,1,24032,1,2,8,24,True
40914,0,2,27809,0,2,8,24,True
40914,1,2,11965,1,2,24,24,True
40927,0,1,5615,0,2,9,19,True
40927,0,2,34811,0,2,9,39,True
40927,1,2,9683,0,2,19,39,True
40933,0,1,45699,0,1,1,5,True
40933,0,2,58169,0,2,1,38,True
40933,1,2,32630,0,1,5,38,True
40944,0,1,41708,0,1,1,16,True
40944,0,2,41708,0,2,1,16,True
40944,1,2,39105,1,2,16,16,True
40953,0,1,61258,1,2,18,19,True
40953,0,2,8280,0,1,18,23,True
40953,1,2,56448,1,2,19,23,True
40957,0,1,13661,0,1,4,5,True
40957,0,2,70468,1,2,4,6,True
40957,1,2,65235,0,1,5,6,True
40959,0,1,43310,1,2,16,16,True
40959,0,2,31881,1,2,16,21,True
40959,1,2,33491,0,1,16,21,True
40962,0,1,11336,1,2,27,28,True
40962,0,2,72795,0,1,27,33,True
40962,1,2,46047,0,1,28,33,True
40965,0,1,41716,0,2,29,40,True
40965,0,2,46001,0,2,29,40,True
40965,1,2,10430,0,2,40,40,True
40977,0,1,54552,1,2,4,16,True
40977,0,2,65674,0,2,4,33,True
40977,1,2,70261,1,2,16,33,True
40984,0,1,52232,1,2,2,32,True
40984,0,2,12818,0,2,2,34,True
40984,1,2,3546,0,2,32,34,True
40990,0,1,69641,0,2,9,9,True
40990,0,2,24103,-1,1,9,35,False
40990,1,2,24103,-1,2,9,35,False
40996,0,1,46323,0,1,5,24,True
40996,0,2,56102,0,2,5,33,True
40996,1,2,52069,0,2,24,33,True
41006,0,1,56435,0,1,13,13,True
41006,0,2,71969,0,2,13,23,True
41006,1,2,7068,0,2,13,23,True
41015,0,1,4337,0,1,18,18,True
41015,0,2,39810,1,2,18,27,True
41015,1,2,46699,1,2,18,27,True
41032,0,1,26915,0,1,3,6,True
41032,0,2,67485,0,2,3,34,True
41032,1,2,36685,0,2,6,34,True
41040,0,1,60632,1,2,30,31,True
41040,0,2,60843,0,1,30,31,True
41040,1,2,9563,1,2,31,31,True
41052,0,1,51256,1,2,18,25,True
41052,0,2,55807,0,1,18,25,True
41052,1,2,69053,0,2,25,25,True
41055,0,1,5615,1,2,19,19,True
41055,0,2,64896,1,2,19,22,True
41055,1,2,67181,0,1,19,22,True
41062,0,1,8171,0,1,8,8,True
41062,0,2,14818,1,2,8,40,True
41062,1,2,18240,0,1,8,40,True
41064,0,1,34023,0,1,1,13,True
41064,0,2,33208,0,2,1,28,True
41064,1,2,21069,0,2,13,28,True
41073,0,1,68476,0,2,3,8,True
41073,0,2,68476,1,2,3,8,True
41073,1,2,14376,0,1,8,8,True
41079,0,1,17658,1,2,8,16,True
41079,0,2,1362,1,2,8,29,True
41079,1,2,32868,0,1,16,29,True
41081,0,1,17476,1,2,8,8,True
41081,0,2,32746,1,2,8,20,True
41081,1,2,33585,0,2,8,20,True
41082,0,1,52857,0,1,21,21,True
41082,0,2,31252,1,2,21,26,True
41082,1,2,37143,1,2,21,26,True
41090,0,1,3740,0,2,13,34,True
41090,0,2,3740,1,2,13,34,True
41090,1,2,36583,1,2,34,34,True
41091,0,1,23710,1,2,28,28,True
41091,0,2,23731,0,1,28,28,True
41091,1,2,23860,0,1,28,28,True
41103,0,1,23530,0,2,22,35,True
41103,0,2,23530,1,2,22,35,True
41103,1,2,2992,0,2,35,35,True
41120,0,1,8061,1,2,20,20,True
41120,0,2,27260,0,2,20,24,True
41120,1,2,27260,0,2,20,24,True
41126,0,1,58155,1,2,23,23,True
41126,0,2,51395,0,2,23,39,True
41126,1,2,67741,0,2,23,39,True
41142,0,1,40395,1,2,16,16,True
41142,0,2,27014,1,2,16,30,True
41142,1,2,29261,1,2,16,30,True
41143,0,1,33641,1,2,16,27,True
41143,0,2,10134,1,2,16,28,True
41143,1,2,4470,0,1,27,28,True
41145,0,1,62944,0,1,11,11,True
41145,0,2,27462,0,2,11,18,True
41145,1,2,27462,1,2,11,18,True
41152,0,1,36795,0,2,15,15,True
41152,0,2,36795,1,2,15,15,True
41152,1,2,37737,0,1,15,15,True
41165,0,1,47528,0,2,6,10,True
41165,0,2,48233,0,2,6,10,True
41165,1,2,25368,1,2,10,10,True
41181,0,1,19539,0,1,21,21,True
41181,0,2,31111,0,2,21,36,True
41181,1,2,34521,0,1,21,36,True
41185,0,1,29892,1,2,20,20,True
41185,0,2,29923,0,1,20,20,True
41185,1,2,29923,0,2,20,20,True
41188,0,1,57262,0,2,7,18,True
41188,0,2,40240,1,2,7,36,True
41188,1,2,68446,0,2,18,36,True
41191,0,1,45577,0,1,3,3,True
41191,0,2,22497,0,1,3,16,True
41191,1,2,27423,0,1,3,16,True
41195,0,1,62272,0,2,21,21,True
41195,0,2,62272,1,2,21,21,True
41195,1,2,62282,0,1,21,21,True
41197,0,1,38047,0,2,5,17,True
41197,0,2,40890,0,2,5,37,True
41197,1,2,59292,0,2,17,37,True
41202,0,1,12670,1,2,17,19,True
41202,0,2,49669,0,1,17,27,True
41202,1,2,8137,0,2,19,27,True
41203,0,1,3140,0,2,12,19,True
41203,0,2,8776,0,1,12,20,True
41203,1,2,28300,0,1,19,20,True
41221,0,1,1701,0,2,1,29,True
41221,0,2,58273,0,2,1,32,True
41221,1,2,43800,1,2,29,32,True
41225,0,1,4427,1,2,7,7,True
41225,0,2,12367,0,1,7,10,True
41225,1,2,12367,0,2,7,10,True
41243,0,1,61949,1,2,27,27,True
41243,0,2,4850,0,2,27,40,True
41243,1,2,11188,1,2,27,40,True
41248,0,1,49712,0,1,21,21,True
41248,0,2,6559,0,2,21,40,True
41248,1,2,11188,0,2,21,40,True
41259,0,1,37056,0,2,11,13,True
41259,0,2,42052,0,1,11,15,True
41259,1,2,70077,0,1,13,15,True
41268,0,1,60154,0,1,5,15,True
41268,0,2,33575,0,2,5,22,True
41268,1,2,6929,0,1,15,22,True
41296,0,1,23240,0,1,6,7,True
41296,0,2,32364,0,1,6,40,True
41296,1,2,72745,0,1,7,40,True
41319,0,1,45670,1,2,13,27,True
41319,0,2,48743,0,2,13,27,True
41319,1,2,32429,0,1,27,27,True
41333,0,1,27699,0,2,4,25,True
41333,0,2,27279,1,2,4,30,True
41333,1,2,30474,1,2,25,30,True
41339,0,1,34094,0,1,14,14,True
41339,0,2,62975,1,2,14,17,True
41339,1,2,71006,0,1,14,17,True
41348,0,1,70564,0,1,9,10,True
41348,0,2,26807,1,2,9,11,True
41348,1,2,8391,0,1,10,11,True
41358,0,1,23588,0,1,7,25,True
41358,0,2,71048,0,2,7,26,True
41358,1,2,56415,1,2,25,26,True
41361,0,1,49287,0,2,22,22,True
41361,0,2,20189,0,2,22,40,True
41361,1,2,23222,1,2,22,40,True
41362,0,1,49727,0,2,24,28,True
41362,0,2,65570,1,2,24,35,True
41362,1,2,49449,0,2,28,35,True
41363,0,1,53394,0,2,9,9,True
41363,0,2,29565,1,2,9,10,True
41363,1,2,30048,0,1,9,10,True
41364,0,1,1965,1,2,18,22,True
41364,0,2,50780,1,2,18,38,True
41364,1,2,27820,1,2,22,38,True
41365,0,1,12482,0,2,1,22,True
41365,0,2,33258,0,2,1,30,True
41365,1,2,38262,0,2,22,30,True
41373,0,1,18433,1,2,36,36,True
41373,0,2,18436,0,1,36,36,True
41373,1,2,18436,0,2,36,36,True
41377,0,1,27875,0,2,33,34,True
41377,0,2,27875,1,2,33,34,True
41377,1,2,9113,0,1,34,34,True
41380,0,1,12991,0,2,12,34,True
41380,0,2,52811,0,2,12,40,True
41380,1,2,26953,1,2,34,40,True
41390,0,1,35343,0,1,4,13,True
41390,0,2,5953,0,2,4,36,True
41390,1,2,36366,0,2,13,36,True
41393,0,1,58885,0,1,13,13,True
41393,0,2,51451,1,2,13,18,True
41393,1,2,61882,1,2,13,18,True
41394,0,1,64331,1,2,2,2,True
41394,0,2,56614,0,2,2,26,True
41394,1,2,63227,0,2,2,26,True
41397,0,1,64583,0,2,16,16,True
41397,0,2,60949,0,1,16,23,True
41397,1,2,63469,0,1,16,23,True
41400,0,1,60887,0,1,38,38,True
41400,0,2,29901,0,2,38,40,True
41400,1,2,35405,1,2,38,40,True
41402,0,1,2795,-1,2,12,29,False
41402,0,2,64925,0,2,12,39,True
41402,1,2,28979,0,2,29,39,True
41408,0,1,39190,1,2,27,27,True
41408,0,2,39666,0,1,27,27,True
41408,1,2,39666,0,2,27,27,True
41416,0,1,12242,0,1,8,8,True
41416,0,2,2204,0,2,8,9,True
41416,1,2,2204,1,2,8,9,True
41425,0,1,17074,0,2,20,29,True
41425,0,2,56998,1,2,20,40,True
41425,1,2,63075,1,2,29,40,True
41427,0,1,69279,0,1,14,14,True
41427,0,2,59754,1,2,14,15,True
41427,1,2,63090,0,1,14,15,True
41428,0,1,20649,0,2,3,13,True
41428,0,2,34487,1,2,3,38,True
41428,1,2,28206,0,2,13,38,True
41436,0,1,1181,1,2,3,5,True
41436,0,2,206,0,2,3,11,True
41436,1,2,15794,0,1,5,11,True
41440,0,1,47372,0,1,15,17,True
41440,0,2,50717,0,1,15,17,True
41440,1,2,14012,1,2,17,17,True
41444,0,1,6607,1,2,2,17,True
41444,0,2,51243,0,1,2,32,True
41444,1,2,36851,0,1,17,32,True
41446,0,1,47902,0,1,10,11,True
41446,0,2,2668,0,2,10,12,True
41446,1,2,22923,0,1,11,12,True
41454,0,1,20098,0,1,6,14,True
41454,0,2,15541,0,1,6,38,True
41454,1,2,6115,1,2,14,38,True
41455,0,1,53193,1,2,19,34,True
41455,0,2,32878,1,2,19,39,True
41455,1,2,52221,0,2,34,39,True
41462,0,1,68431,0,2,12,12,True
41462,0,2,23528,0,1,12,18,True
41462,1,2,27320,0,1,12,18,True
41471,0,1,26100,1,2,7,7,True
41471,0,2,2228,0,1,7,30,True
41471,1,2,2228,0,2,7,30,True
41475,0,1,41935,0,1,19,19,True
41475,0,2,42194,1,2,19,19,True
41475,1,2,42649,0,1,19,19,True
41476,0,1,13423,0,1,30,32,True
41476,0,2,14457,0,2,30,32,True
41476,1,2,25522,1,2,32,32,True
41490,0,1,63072,0,1,38,38,True
41490,0,2,63072,0,2,38,38,True
41490,1,2,63072,1,2,38,38,True
41516,0,1,66217,1,2,25,25,True
41516,0,2,66673,0,1,25,25,True
41516,1,2,66673,0,2,25,25,True
41517,0,1,61136,1,2,29,31,True
41517,0,2,14310,0,2,29,32,True
41517,1,2,6970,0,1,31,32,True
41521,0,1,6107,0,1,20,20,True
41521,0,2,6138,0,1,20,20,True
41521,1,2,6138,0,2,20,20,True
41528,0,1,32509,0,2,3,3,True
41528,0,2,17096,0,1,3,4,True
41528,1,2,18028,0,2,3,4,True
41532,0,1,30538,0,2,2,17,True
41532,0,2,60824,0,1,2,32,True
41532,1,2,12168,0,2,17,32,True
41536,0,1,46992,0,2,19,27,True
41536,0,2,57256,0,1,19,27,True
41536,1,2,57695,0,1,27,27,True
41537,0,1,15925,0,1,4,35,True
41537,0,2,15925,0,2,4,35,True
41537,1,2,22093,1,2,35,35,True
41540,0,1,15631,-1,2,6,17,False
41540,0,2,1744,0,2,6,18,True
41540,1,2,50622,1,2,17,18,True
41555,0,1,72389,0,1,11,14,True
41555,0,2,95,0,2,11,39,True
41555,1,2,55202,-1,1,14,39,False
41557,0,1,30311,0,1,29,29,True
41557,0,2,30780,0,1,29,29,True
41557,1,2,30780,0,2,29,29,True
41561,0,1,34509,0,1,6,6,True
41561,0,2,41976,0,2,6,13,True
41561,1,2,41976,0,2,6,13,True
41563,0,1,64456,1,2,19,20,True
41563,0,2,9679,0,1,19,35,True
41563,1,2,811,1,2,20,35,True
41578,0,1,66520,1,2,14,22,True
41578,0,2,17080,0,2,14,27,True
41578,1,2,49828,1,2,22,27,True
41592,0,1,55878,0,1,3,26,True
41592,0,2,55878,0,1,3,26,True
41592,1,2,58252,1,2,26,26,True
41611,0,1,19954,0,2,8,13,True
41611,0,2,11477,0,2,8,36,True
41611,1,2,36879,0,2,13,36,True
41613,0,1,67803,1,2,19,23,True
41613,0,2,35532,0,1,19,31,True
41613,1,2,69432,1,2,23,31,True
41627,0,1,18771,0,2,11,16,True
41627,0,2,35314,0,2,11,33,True
41627,1,2,34137,0,2,16,33,True
41636,0,1,15438,-1,2,5,22,False
41636,0,2,56131,-1,1,5,29,False
41636,1,2,14728,0,1,22,29,True
41640,0,1,56554,1,2,7,36,True
41640,0,2,36198,0,2,7,38,True
41640,1,2,68127,1,2,36,38,True
41646,0,1,19980,1,2,18,19,True
41646,0,2,21338,0,2,18,19,True
41646,1,2,14470,0,2,19,19,True
41687,0,1,19233,0,2,29,29,True
41687,0,2,39948,1,2,29,30,True
41687,1,2,42380,0,1,29,30,True
41688,0,1,29558,1,2,38,40,True
41688,0,2,29901,0,1,38,40,True
41688,1,2,15176,1,2,40,40,True
41708,0,1,15536,0,2,1,16,True
41708,0,2,18193,0,2,1,16,True
41708,1,2,40395,0,1,16,16,True
41714,0,1,35837,0,2,20,22,True
41714,0,2,22293,0,2,20,37,True
41714,1,2,62372,0,2,22,37,True
41716,0,1,46634,1,2,29,34,True
41716,0,2,40965,0,2,29,40,True
41716,1,2,26953,1,2,34,40,True
41726,0,1,56903,0,2,7,19,True
41726,0,2,70437,0,1,7,19,True
41726,1,2,42194,1,2,19,19,True
41731,0,1,32139,0,1,5,5,True
41731,0,2,36356,0,1,5,11,True
41731,1,2,37557,0,2,5,11,True
41739,0,1,42429,1,2,12,34,True
41739,0,2,56032,1,2,12,36,True
41739,1,2,71253,1,2,34,36,True
41743,0,1,25172,0,1,19,27,True
41743,0,2,25969,0,2,19,27,True
41743,1,2,11530,1,2,27,27,True
41760,0,1,13776,1,2,4,23,True
41760,0,2,14163,1,2,4,24,True
41760,1,2,4246,0,2,23,24,True
41768,0,1,23448,1,2,28,28,True
41768,0,2,23525,1,2,28,28,True
41768,1,2,23646,0,1,28,28,True
41769,0,1,20322,0,1,14,14,True
41769,0,2,21541,0,1,14,14,True
41769,1,2,21622,0,1,14,14,True
41789,0,1,39378,1,2,38,38,True
41789,0,2,39421,1,2,38,38,True
41789,1,2,39517,1,2,38,38,True
41793,0,1,25889,0,2,16,30,True
41793,0,2,68517,0,2,16,37,True
41793,1,2,59353,1,2,30,37,True
41804,0,1,22753,0,1,9,9,True
41804,0,2,72293,1,2,9,10,True
41804,1,2,72992,1,2,9,10,True
41806,0,1,70952,0,1,5,27,True
41806,0,2,70952,0,2,5,27,True
41806,1,2,41408,0,1,27,27,True
41819,0,1,29317,1,2,26,29,True
41819,0,2,65628,0,1,26,33,True
41819,1,2,50584,0,1,29,33,True
41822,0,1,67919,0,1,19,23,True
41822,0,2,10939,1,2,19,36,True
41822,1,2,49374,0,2,23,36,True
41826,0,1,50257,0,1,6,6,True
41826,0,2,55386,0,1,6,21,True
41826,1,2,61572,0,2,6,21,True
41832,0,1,38318,0,1,34,35,True
41832,0,2,38318,0,2,34,35,True
41832,1,2,66518,0,1,35,35,True
41838,0,1,13570,0,1,30,31,True
41838,0,2,13570,0,2,30,31,True
41838,1,2,43058,0,2,31,31,True
41852,0,1,4246,0,2,23,24,True
41852,0,2,65845,1,2,23,33,True
41852,1,2,7417,0,2,24,33,True
41853,0,1,9150,0,1,1,1,True
41853,0,2,69581,0,2,1,37,True
41853,1,2,72895,0,1,1,37,True
41861,0,1,24322,0,2,4,21,True
41861,0,2,25002,0,2,4,21,True
41861,1,2,976,1,2,21,21,True
41870,0,1,24647,0,1,4,4,True
41870,0,2,61042,0,1,4,32,True
41870,1,2,61113,0,1,4,32,True
41873,0,1,25960,0,2,30,30,True
41873,0,2,25960,1,2,30,30,True
41873,1,2,26322,1,2,30,30,True
41875,0,1,2569,1,2,26,32,True
41875,0,2,13421,0,2,26,32,True
41875,1,2,44669,1,2,32,32,True
41887,0,1,53500,0,2,3,23,True
41887,0,2,33470,0,1,3,34,True
41887,1,2,9169,1,2,23,34,True
41891,0,1,30245,1,2,23,23,True
41891,0,2,30711,0,1,23,23,True
41891,1,2,30711,0,2,23,23,True
41892,0,1,33663,0,2,5,24,True
41892,0,2,38675,0,2,5,28,True
41892,1,2,24685,0,1,24,28,True
41896,0,1,7416,0,1,6,6,True
41896,0,2,68402,0,2,6,36,True
41896,1,2,69492,0,2,6,36,True
41922,0,1,39932,0,1,19,20,True
41922,0,2,41203,1,2,19,20,True
41922,1,2,67725,1,2,20,20,True
41924,0,1,48655,0,2,8,16,True
41924,0,2,17843,0,2,8,20,True
41924,1,2,41120,-1,0,16,20,False
41935,0,1,48161,1,2,19,19,True
41935,0,2,47434,1,2,19,20,True
41935,1,2,47561,0,1,19,20,True
41956,0,1,7447,0,2,2,12,True
41956,0,2,69270,0,1,2,15,True
41956,1,2,21497,0,2,12,15,True
41960,0,1,52138,1,2,36,36,True
41960,0,2,52696,0,1,36,36,True
41960,1,2,52750,1,2,36,36,True
41969,0,1,70864,1,2,9,17,True
41969,0,2,53013,0,1,9,18,True
41969,1,2,22352,1,2,17,18,True
41974,0,1,10314,1,2,5,6,True
41974,0,2,44353,0,1,5,11,True
41974,1,2,15432,0,1,6,11,True
41976,0,1,30068,0,1,6,12,True
41976,0,2,41561,1,2,6,13,True
41976,1,2,29179,0,1,12,13,True
41977,0,1,2401,1,2,20,21,True
41977,0,2,2735,1,2,20,21,True
41977,1,2,50178,1,2,21,21,True
41984,0,1,71348,0,1,13,13,True
41984,0,2,23155,0,1,13,16,True
41984,1,2,23155,0,2,13,16,True
41999,0,1,70703,0,2,6,19,True
41999,0,2,7665,0,1,6,28,True
41999,1,2,36797,0,1,19,28,True
42006,0,1,40927,0,1,9,19,True
42006,0,2,22836,0,1,9,21,True
42006,1,2,10234,1,2,19,21,True
42013,0,1,34452,1,2,15,32,True
42013,0,2,57377,0,2,15,36,True
42013,1,2,62871,0,2,32,36,True
42014,0,1,37774,1,2,18,18,True
42014,0,2,38663,1,2,18,18,True
42014,1,2,39079,0,1,18,18,True
42022,0,1,34198,0,2,22,38,True
42022,0,2,64148,-1,2,22,40,False
42022,1,2,32062,0,2,38,40,True
42024,0,1,39007,0,2,7,38,True
42024,0,2,42756,0,1,7,38,True
42024,1,2,19996,0,1,38,38,True
42036,0,1,46522,0,1,1,2,True
42036,0,2,54926,0,2,1,27,True
42036,1,2,59108,0,2,2,27,True
42046,0,1,38234,1,2,16,17,True
42046,0,2,38906,0,1,16,17,True
42046,1,2,60387,1,2,17,17,True
42052,0,1,39236,0,1,11,15,True
42052,0,2,40059,0,2,11,15,True
42052,1,2,68192,0,1,15,15,True
42065,0,1,34799,1,2,15,16,True
42065,0,2,35275,0,1,15,16,True
42065,1,2,34976,0,1,16,16,True
42068,0,1,23240,1,2,7,7,True
42068,0,2,27622,0,2,7,8,True
42068,1,2,27773,0,1,7,8,True
42076,0,1,4410,0,1,8,8,True
42076,0,2,56903,1,2,8,19,True
42076,1,2,66327,0,2,8,19,True
42096,0,1,29614,0,2,22,35,True
42096,0,2,29695,0,2,22,35,True
42096,1,2,15665,1,2,35,35,True
42108,0,1,46300,0,1,13,14,True
42108,0,2,3852,0,2,13,29,True
42108,1,2,23162,0,2,14,29,True
42113,0,1,64595,0,1,5,6,True
42113,0,2,14842,1,2,5,29,True
42113,1,2,49896,0,2,6,29,True
42121,0,1,18989,0,1,15,17,True
42121,0,2,28925,0,1,15,19,True
42121,1,2,68234,1,2,17,19,True
42131,0,1,45324,1,2,20,22,True
42131,0,2,28354,1,2,20,36,True
42131,1,2,14766,1,2,22,36,True
42138,0,1,33744,0,1,6,32,True
42138,0,2,33744,0,2,6,32,True
42138,1,2,9084,1,2,32,32,True
42140,0,1,27288,0,2,11,11,True
42140,0,2,53177,0,1,11,15,True
42140,1,2,67333,0,1,11,15,True
42147,0,1,42583,1,2,22,22,True
42147,0,2,43524,0,1,22,22,True
42147,1,2,45290,1,2,22,22,True
42151,0,1,30369,0,2,10,17,True
42151,0,2,28676,1,2,10,37,True
42151,1,2,25819,0,2,17,37,True
42153,0,1,49422,0,1,18,23,True
42153,0,2,53329,0,1,18,23,True
42153,1,2,69432,0,1,23,23,True
42169,0,1,70598,1,2,4,4,True
42169,0,2,64592,0,1,4,17,True
42169,1,2,65803,0,1,4,17,True
42184,0,1,53671,0,1,14,35,True
42184,0,2,10739,0,2,14,40,True
42184,1,2,60866,0,1,35,40,True
42193,0,1,58861,0,2,5,18,True
42193,0,2,38718,1,2,5,40,True
42193,1,2,17021,0,1,18,40,True
42194,0,1,7634,1,2,1,19,True
42194,0,2,29036,0,1,1,19,True
42194,1,2,5643,0,1,19,19,True
42195,0,1,25951,0,1,19,33,True
42195,0,2,25951,0,2,19,33,True
42195,1,2,55277,1,2,33,33,True
42196,0,1,50046,0,1,12,13,True
42196,0,2,69908,0,2,12,22,True
42196,1,2,12998,0,2,13,22,True
42200,0,1,62690,1,2,17,27,True
42200,0,2,52400,1,2,17,40,True
42200,1,2,39670,0,2,27,40,True
42205,0,1,29699,1,2,1,6,True
42205,0,2,31060,0,1,1,6,True
42205,1,2,57663,0,1,6,6,True
42216,0,1,18239,0,2,13,36,True
42216,0,2,23428,0,2,13,36,True
42216,1,2,22603,1,2,36,36,True
42231,0,1,4200,0,1,11,11,True
42231,0,2,44776,0,2,11,20,True
42231,1,2,46857,1,2,11,20,True
42232,0,1,47528,0,2,6,10,True
42232,0,2,59085,0,1,6,15,True
42232,1,2,20992,1,2,10,15,True
42236,0,1,31807,1,2,23,23,True
42236,0,2,63145,1,2,23,35,True
42236,1,2,67741,0,1,23,35,True
42245,0,1,33985,0,2,9,27,True
42245,0,2,48539,0,1,9,37,True
42245,1,2,18312,1,2,27,37,True
42249,0,1,38254,0,1,9,11,True
42249,0,2,6772,0,2,9,38,True
42249,1,2,53911,1,2,11,38,True
42251,0,1,17651,0,1,13,13,True
42251,0,2,12292,0,2,13,34,True
42251,1,2,12292,0,2,13,34,True
42266,0,1,57560,0,1,21,21,True
42266,0,2,59644,0,1,21,21,True
42266,1,2,59963,1,2,21,21,True
42288,0,1,4255,0,2,9,9,True
42288,0,2,7193,0,2,9,38,True
42288,1,2,14014,0,2,9,38,True
42294,0,1,11724,0,1,10,11,True
42294,0,2,51630,0,2,10,27,True
42294,1,2,30964,0,2,11,27,True
42302,0,1,24790,0,2,19,19,True
42302,0,2,36543,0,2,19,39,True
42302,1,2,36543,0,2,19,39,True
42309,0,1,58740,0,1,31,33,True
42309,0,2,63772,1,2,31,36,True
42309,1,2,43744,1,2,33,36,True
42336,0,1,2749,0,2,17,22,True
42336,0,2,47570,0,1,17,26,True
42336,1,2,70131,0,2,22,26,True
42338,0,1,38040,0,2,1,25,True
42338,0,2,38636,0,2,1,34,True
42338,1,2,31405,0,2,25,34,True
42345,0,1,4400,1,2,23,23,True
42345,0,2,23033,0,1,23,38,True
42345,1,2,23033,0,2,23,38,True
42348,0,1,58670,1,2,17,17,True
42348,0,2,59200,0,1,17,17,True
42348,1,2,59292,0,1,17,17,True
42372,0,1,20467,0,2,33,34,True
42372,0,2,70491,1,2,33,35,True
42372,1,2,47833,0,2,34,35,True
42380,0,1,27274,0,1,29,30,True
42380,0,2,27504,0,2,29,30,True
42380,1,2,29491,1,2,30,30,True
42383,0,1,6362,0,2,1,35,True
42383,0,2,6362,1,2,1,35,True
42383,1,2,50327,1,2,35,35,True
42384,0,1,55930,0,2,1,6,True
42384,0,2,1289,0,2,1,7,True
42384,1,2,48574,0,1,6,7,True
42392,0,1,54687,0,2,8,9,True
42392,0,2,56803,0,1,8,9,True
42392,1,2,49972,0,2,9,9,True
42393,0,1,62584,0,2,4,4,True
42393,0,2,62584,1,2,4,4,True
42393,1,2,62909,0,1,4,4,True
42421,0,1,6929,1,2,22,31,True
42421,0,2,2537,0,2,22,33,True
42421,1,2,58740,0,1,31,33,True
42429,0,1,57853,0,1,8,12,True
42429,0,2,11633,0,2,8,34,True
42429,1,2,46510,0,2,12,34,True
42437,0,1,68392,0,1,11,14,True
42437,0,2,21303,0,1,11,16,True
42437,1,2,44485,0,1,14,16,True
42439,0,1,18039,0,1,1,1,True
42439,0,2,18193,0,1,1,1,True
42439,1,2,19947,0,1,1,1,True
42445,0,1,60514,0,1,2,7,True
42445,0,2,17841,0,1,2,30,True
42445,1,2,62907,0,2,7,30,True
42462,0,1,50095,0,1,3,15,True
42462,0,2,57184,0,1,3,15,True
42462,1,2,24948,1,2,15,15,True
42465,0,1,41339,0,1,14,14,True
42465,0,2,31015,1,2,14,39,True
42465,1,2,32308,1,2,14,39,True
42466,0,1,37053,1,2,19,20,True
42466,0,2,37053,1,2,19,20,True
42466,1,2,8061,0,1,20,20,True
42467,0,1,32267,0,2,11,29,True
42467,0,2,35314,0,2,11,33,True
42467,1,2,13275,0,1,29,33,True
42504,0,1,192,0,2,12,36,True
42504,0,2,9668,0,2,12,39,True
42504,1,2,25916,1,2,36,39,True
42507,0,1,47176,0,2,11,22,True
42507,0,2,49429,0,1,11,22,True
42507,1,2,48143,0,2,22,22,True
42525,0,1,35530,1,2,22,23,True
42525,0,2,36070,0,1,22,23,True
42525,1,2,10793,0,2,23,23,True
42538,0,1,49667,0,1,26,26,True
42538,0,2,50599,0,1,26,26,True
42538,1,2,50822,1,2,26,26,True
42547,0,1,56956,0,1,8,8,True
42547,0,2,48350,0,1,8,34,True
42547,1,2,58300,1,2,8,34,True
42549,0,1,69472,1,2,7,15,True
42549,0,2,71034,0,2,7,15,True
42549,1,2,59056,1,2,15,15,True
42557,0,1,8737,0,1,10,10,True
42557,0,2,10939,0,1,10,19,True
42557,1,2,20292,0,2,10,19,True
42558,0,1,70888,0,1,10,30,True
42558,0,2,68874,0,2,10,31,True
42558,1,2,65031,0,1,30,31,True
42565,0,1,39310,0,2,33,33,True
42565,0,2,39310,1,2,33,33,True
42565,1,2,39842,1,2,33,33,True
42580,0,1,51021,1,2,26,26,True
42580,0,2,2048,0,2,26,34,True
42580,1,2,7981,1,2,26,34,True
42583,0,1,16584,1,2,22,22,True
42583,0,2,18109,0,1,22,22,True
42583,1,2,19026,0,1,22,22,True
42591,0,1,66127,0,1,5,5,True
42591,0,2,27845,0,1,5,6,True
42591,1,2,31740,0,1,5,6,True
42594,0,1,20178,0,1,16,16,True
42594,0,2,41397,0,2,16,23,True
42594,1,2,41397,1,2,16,23,True
42596,0,1,33720,0,1,16,26,True
42596,0,2,38458,1,2,16,29,True
42596,1,2,31350,0,2,26,29,True
42613,0,1,33946,0,2,3,30,True
42613,0,2,35092,0,2,3,30,True
42613,1,2,56259,1,2,30,30,True
42615,0,1,67611,0,1,18,18,True
42615,0,2,67611,0,2,18,18,True
42615,1,2,67611,1,2,18,18,True
42649,0,1,35015,1,2,19,19,True
42649,0,2,67875,0,2,19,20,True
42649,1,2,67875,1,2,19,20,True
42674,0,1,23982,1,2,29,39,True
42674,0,2,27274,0,2,29,39,True
42674,1,2,60507,1,2,39,39,True
42676,0,1,35304,0,1,31,31,True
42676,0,2,35304,0,2,31,31,True
42676,1,2,35304,1,2,31,31,True
42679,0,1,6315,1,2,30,34,True
42679,0,2,34565,-1,2,30,35,False
42679,1,2,24103,0,2,34,35,True
42725,0,1,49754,0,1,1,24,True
42725,0,2,33748,0,2,1,40,True
42725,1,2,39528,0,2,24,40,True
42736,0,1,49485,0,2,12,30,True
42736,0,2,49485,1,2,12,30,True
42736,1,2,34347,0,1,30,30,True
42749,0,1,29763,1,2,32,32,True
42749,0,2,37499,1,2,32,37,True
42749,1,2,42926,1,2,32,37,True
42756,0,1,55106,0,2,7,38,True
42756,0,2,2493,0,1,7,39,True
42756,1,2,59188,1,2,38,39,True
42757,0,1,7748,0,1,3,3,True
42757,0,2,35506,0,2,3,39,True
42757,1,2,38126,0,2,3,39,True
42759,0,1,19269,0,1,9,13,True
42759,0,2,23236,0,2,9,13,True
42759,1,2,2553,1,2,13,13,True
42764,0,1,13739,0,1,3,3,True
42764,0,2,70598,0,1,3,4,True
42764,1,2,70598,0,2,3,4,True
42783,0,1,69254,0,2,17,19,True
42783,0,2,15918,0,2,17,26,True
42783,1,2,45977,1,2,19,26,True
42787,0,1,12559,0,2,11,37,True
42787,0,2,65918,0,2,11,40,True
42787,1,2,26020,1,2,37,40,True
42794,0,1,43437,1,2,12,12,True
42794,0,2,21701,1,2,12,13,True
42794,1,2,21981,1,2,12,13,True
42795,0,1,66905,1,2,31,34,True
42795,0,2,70408,0,2,31,34,True
42795,1,2,4946,1,2,34,34,True
42816,0,1,34473,0,1,14,31,True
42816,0,2,66046,0,1,14,38,True
42816,1,2,37448,0,2,31,38,True
42819,0,1,35839,0,2,28,28,True
42819,0,2,54374,0,1,28,30,True
42819,1,2,58391,1,2,28,30,True
42820,0,1,1604,0,1,8,22,True
42820,0,2,31580,0,2,8,25,True
42820,1,2,64725,1,2,22,25,True
42823,0,1,5313,0,2,3,36,True
42823,0,2,7379,0,2,3,37,True
42823,1,2,62741,1,2,36,37,True
42829,0,1,57702,1,2,12,12,True
42829,0,2,13773,0,2,12,40,True
42829,1,2,15414,0,2,12,40,True
42832,0,1,608,1,2,27,34,True
42832,0,2,14949,0,2,27,34,True
42832,1,2,18763,0,2,34,34,True
42849,0,1,3546,0,2,32,34,True
42849,0,2,40717,1,2,32,40,True
42849,1,2,21255,1,2,34,40,True
42872,0,1,28473,1,2,22,23,True
42872,0,2,29249,0,1,22,23,True
42872,1,2,14641,0,1,23,23,True
42889,0,1,44879,0,1,4,4,True
42889,0,2,44879,0,2,4,4,True
42889,1,2,44879,1,2,4,4,True
42899,0,1,64735,0,1,15,27,True
42899,0,2,64735,0,2,15,27,True
42899,1,2,48513,1,2,27,27,True
42900,0,1,13972,0,1,19,19,True
42900,0,2,14470,0,1,19,19,True
42900,1,2,14470,0,2,19,19,True
42904,0,1,5185,1,2,13,21,True
42904,0,2,28003,0,2,13,25,True
42904,1,2,58156,1,2,21,25,True
42907,0,1,39302,0,1,5,5,True
42907,0,2,38728,0,2,5,10,True
42907,1,2,40704,0,2,5,10,True
42923,0,1,59644,0,2,21,22,True
42923,0,2,45768,0,2,21,29,True
42923,1,2,60699,0,2,22,29,True
42926,0,1,6134,0,2,2,32,True
42926,0,2,51435,0,2,2,37,True
42926,1,2,12695,1,2,32,37,True
42931,0,1,32924,0,1,15,19,True
42931,0,2,21052,0,2,15,37,True
42931,1,2,24809,0,2,19,37,True
42941,0,1,45886,0,1,4,5,True
42941,0,2,6441,0,2,4,39,True
42941,1,2,48380,0,2,5,39,True
42942,0,1,10590,0,2,20,20,True
42942,0,2,45522,1,2,20,40,True
42942,1,2,51542,0,2,20,40,True
42945,0,1,46032,1,2,20,26,True
42945,0,2,23555,0,2,20,30,True
42945,1,2,27234,1,2,26,30,True
42950,0,1,52778,0,2,21,39,True
42950,0,2,41248,1,2,21,40,True
42950,1,2,4067,0,2,39,40,True
42985,0,1,72894,0,1,6,29,True
42985,0,2,6930,0,2,6,38,True
42985,1,2,67730,0,1,29,38,True
42991,0,1,34722,0,1,1,2,True
42991,0,2,4776,1,2,1,24,True
42991,1,2,37594,0,2,2,24,True
42997,0,1,37350,0,2,16,24,True
42997,0,2,5274,0,1,16,25,True
42997,1,2,20712,0,2,24,25,True
43013,0,1,2640,1,2,36,36,True
43013,0,2,2757,1,2,36,36,True
43013,1,2,2914,1,2,36,36,True
43016,0,1,59958,0,1,20,20,True
43016,0,2,59958,0,2,20,20,True
43016,1,2,59958,1,2,20,20,True
43030,0,1,66376,0,2,25,27,True
43030,0,2,52187,0,2,25,38,True
43030,1,2,57898,1,2,27,38,True
43042,0,1,24171,0,1,15,27,True
43042,0,2,27494,1,2,15,33,True
43042,1,2,46058,0,1,27,33,True
43046,0,1,27075,0,1,7,14,True
43046,0,2,69472,1,2,7,15,True
43046,1,2,30944,0,2,14,15,True
43053,0,1,13184,0,1,7,7,True
43053,0,2,11393,0,2,7,8,True
43053,1,2,11393,1,2,7,8,True
43058,0,1,12989,0,1,31,31,True
43058,0,2,13570,1,2,31,31,True
43058,1,2,14106,1,2,31,31,True
43064,0,1,46301,1,2,38,38,True
43064,0,2,46941,0,1,38,38,True
43064,1,2,46941,0,2,38,38,True
43065,0,1,47331,0,2,18,27,True
43065,0,2,36992,0,1,18,30,True
43065,1,2,70765,1,2,27,30,True
43069,0,1,18120,1,2,32,32,True
43069,0,2,14433,0,1,32,33,True
43069,1,2,15485,1,2,32,33,True
43075,0,1,55024,1,2,18,39,True
43075,0,2,56546,1,2,18,39,True
43075,1,2,71071,1,2,39,39,True
43078,0,1,4265,0,2,1,8,True
43078,0,2,27358,1,2,1,30,True
43078,1,2,5823,1,2,8,30,True
43083,0,1,57800,0,2,8,15,True
43083,0,2,42547,0,2,8,34,True
43083,1,2,47372,0,2,15,34,True
43085,0,1,6022,0,1,11,12,True
43085,0,2,6507,0,2,11,12,True
43085,1,2,19760,0,2,12,12,True
43095,0,1,50577,0,1,9,9,True
43095,0,2,66291,1,2,9,36,True
43095,1,2,68402,1,2,9,36,True
43105,0,1,20453,1,2,28,35,True
43105,0,2,25942,1,2,28,35,True
43105,1,2,33814,1,2,35,35,True
43110,0,1,70484,0,2,11,30,True
43110,0,2,33284,0,2,11,31,True
43110,1,2,24155,1,2,30,31,True
43118,0,1,50694,0,1,2,2,True
43118,0,2,50694,0,2,2,2,True
43118,1,2,50694,1,2,2,2,True
43126,0,1,41126,1,2,23,39,True
43126,0,2,51395,0,2,23,39,True
43126,1,2,18736,1,2,39,39,True
43127,0,1,70703,0,1,6,12,True
43127,0,2,37794,0,2,6,37,True
43127,1,2,4287,0,2,12,37,True
43147,0,1,59711,1,2,7,31,True
43147,0,2,27236,0,1,7,38,True
43147,1,2,38235,1,2,31,38,True
43150,0,1,4250,1,2,6,30,True
43150,0,2,11611,0,2,6,30,True
43150,1,2,63098,0,1,30,30,True
43155,0,1,24288,1,2,10,14,True
43155,0,2,8627,0,2,10,21,True
43155,1,2,63574,0,2,14,21,True
43162,0,1,28635,0,1,4,10,True
43162,0,2,57776,0,2,4,34,True
43162,1,2,1078,0,2,10,34,True
43167,0,1,8835,0,2,20,29,True
43167,0,2,295,0,2,20,31,True
43167,1,2,35002,1,2,29,31,True
43169,0,1,51221,0,2,2,19,True
43169,0,2,21447,0,2,2,24,True
43169,1,2,12742,1,2,19,24,True
43179,0,1,15253,0,2,11,36,True
43179,0,2,33232,1,2,11,38,True
43179,1,2,9440,1,2,36,38,True
43180,0,1,35521,1,2,3,38,True
43180,0,2,43304,0,1,3,39,True
43180,1,2,61657,0,2,38,39,True
43196,0,1,22753,0,1,9,9,True
43196,0,2,1664,0,1,9,20,True
43196,1,2,7005,0,2,9,20,True
43197,0,1,62688,0,1,7,7,True
43197,0,2,57626,0,1,7,26,True
43197,1,2,71048,0,2,7,26,True
43198,0,1,36992,0,1,18,30,True
43198,0,2,39557,1,2,18,33,True
43198,1,2,31503,-1,2,30,33,False
43203,0,1,33376,1,2,21,22,True
43203,0,2,37539,1,2,21,33,True
43203,1,2,9105,0,2,22,33,True
43205,0,1,62997,0,2,24,25,True
43205,0,2,60458,0,2,24,28,True
43205,1,2,28575,0,1,25,28,True
43211,0,1,55597,0,1,3,22,True
43211,0,2,32051,0,2,3,38,True
43211,1,2,42022,0,1,22,38,True
43241,0,1,26545,1,2,17,18,True
43241,0,2,43905,1,2,17,36,True
43241,1,2,68844,0,2,18,36,True
43253,0,1,32063,1,2,36,36,True
43253,0,2,32134,1,2,36,36,True
43253,1,2,32370,0,1,36,36,True
43258,0,1,683,0,1,37,37,True
43258,0,2,39539,1,2,37,38,True
43258,1,2,40353,0,2,37,38,True
43259,0,1,63241,0,2,27,31,True
43259,0,2,3611,1,2,27,32,True
43259,1,2,27206,1,2,31,32,True
43280,0,1,32846,0,1,2,3,True
43280,0,2,3015,0,1,2,13,True
43280,1,2,63426,0,1,3,13,True
43304,0,1,69635,0,2,3,39,True
43304,0,2,71113,0,2,3,39,True
43304,1,2,17666,1,2,39,39,True
43310,0,1,55921,0,1,15,16,True
43310,0,2,58935,1,2,15,16,True
43310,1,2,68359,1,2,16,16,True
43324,0,1,15309,1,2,28,40,True
43324,0,2,16536,0,2,28,40,True
43324,1,2,26866,0,2,40,40,True
43332,0,1,29018,0,2,23,34,True
43332,0,2,23642,-1,0,23,37,False
43332,1,2,47907,1,2,34,37,True
43335,0,1,12651,0,2,20,24,True
43335,0,2,67268,0,2,20,39,True
43335,1,2,68408,0,2,24,39,True
43345,0,1,8888,1,2,19,19,True
43345,0,2,4201,0,2,19,37,True
43345,1,2,8352,0,1,19,37,True
43349,0,1,3935,0,1,2,2,True
43349,0,2,5305,0,1,2,2,True
43349,1,2,5305,0,2,2,2,True
43352,0,1,58692,0,1,3,11,True
43352,0,2,41191,0,2,3,16,True
43352,1,2,38234,0,1,11,16,True
43362,0,1,42889,0,2,4,4,True
43362,0,2,57366,0,2,4,38,True
43362,1,2,62198,0,1,4,38,True
43369,0,1,28863,1,2,20,20,True
43369,0,2,19728,0,1,20,24,True
43369,1,2,26048,1,2,20,24,True
43376,0,1,60451,0,2,8,20,True
43376,0,2,71852,0,1,8,26,True
43376,1,2,46602,0,1,20,26,True
43384,0,1,25942,0,2,20,35,True
43384,0,2,16846,0,2,20,36,True
43384,1,2,38621,0,2,35,36,True
43385,0,1,23375,0,1,3,13,True
43385,0,2,750,0,1,3,14,True
43385,1,2,51834,0,1,13,14,True
43391,0,1,28792,0,1,6,6,True
43391,0,2,14973,0,2,6,11,True
43391,1,2,14973,1,2,6,11,True
43412,0,1,36332,0,1,3,18,True
43412,0,2,36770,0,2,3,18,True
43412,1,2,51166,1,2,18,18,True
43437,0,1,37040,0,1,4,12,True
43437,0,2,37040,0,2,4,12,True
43437,1,2,21701,0,1,12,12,True
43444,0,1,23018,1,2,5,5,True
43444,0,2,49535,0,1,5,31,True
43444,1,2,51328,0,1,5,31,True
43455,0,1,11778,0,2,25,25,True
43455,0,2,27051,0,2,25,26,True
43455,1,2,27466,0,2,25,26,True
43457,0,1,14887,0,2,20,35,True
43457,0,2,17517,0,1,20,35,True
43457,1,2,22093,1,2,35,35,True
43461,0,1,50905,1,2,17,25,True
43461,0,2,51665,1,2,17,25,True
43461,1,2,14408,0,2,25,25,True
43469,0,1,16598,0,2,7,7,True
43469,0,2,6026,0,1,7,31,True
43469,1,2,6026,0,2,7,31,True
43482,0,1,19615,1,2,2,6,True
43482,0,2,1465,0,2,2,11,True
43482,1,2,20756,0,2,6,11,True
43495,0,1,20843,0,2,25,25,True
43495,0,2,71751,1,2,25,29,True
43495,1,2,72859,1,2,25,29,True
43501,0,1,4392,0,2,12,16,True
43501,0,2,67388,0,2,12,31,True
43501,1,2,72956,0,2,16,31,True
43518,0,1,33985,0,2,9,27,True
43518,0,2,14410,0,1,9,28,True
43518,1,2,54360,0,1,27,28,True
43524,0,1,55286,0,1,22,22,True
43524,0,2,42872,0,2,22,23,True
43524,1,2,45850,0,1,22,23,True
43526,0,1,63480,0,2,6,29,True
43526,0,2,27234,0,2,6,30,True
43526,1,2,5986,0,1,29,30,True
43532,0,1,8790,0,1,19,19,True
43532,0,2,30257,0,2,19,20,True
43532,1,2,34014,1,2,19,20,True
43537,0,1,15738,1,2,2,15,True
43537,0,2,1639,0,1,2,20,True
43537,1,2,20383,1,2,15,20,True
43539,0,1,46137,0,2,15,26,True
43539,0,2,3209,0,2,15,39,True
43539,1,2,72715,0,1,26,39,True
43546,0,1,17843,0,1,8,9,True
43546,0,2,59508,-1,2,8,33,False
43546,1,2,8862,0,1,9,33,True
43559,0,1,59570,0,1,7,7,True
43559,0,2,59571,0,1,7,7,True
43559,1,2,59835,0,1,7,7,True
43562,0,1,23872,0,1,1,20,True
43562,0,2,49754,0,2,1,36,True
43562,1,2,16846,0,1,20,36,True
43575,0,1,49131,0,2,16,17,True
43575,0,2,49131,1,2,16,17,True
43575,1,2,11980,0,1,17,17,True
43580,0,1,60748,1,2,15,15,True
43580,0,2,60180,0,2,15,25,True
43580,1,2,64227,0,2,15,25,True
43584,0,1,44975,0,2,20,36,True
43584,0,2,68193,-1,2,20,37,False
43584,1,2,22215,1,2,36,37,True
43588,0,1,41532,1,2,17,32,True
43588,0,2,49212,1,2,17,32,True
43588,1,2,13467,0,1,32,32,True
43594,0,1,39653,0,2,13,26,True
43594,0,2,71090,0,1,13,32,True
43594,1,2,57289,1,2,26,32,True
43606,0,1,68212,0,1,7,27,True
43606,0,2,21615,0,2,7,30,True
43606,1,2,3700,0,1,27,30,True
43622,0,1,52366,0,1,5,26,True
43622,0,2,23295,0,2,5,38,True
43622,1,2,52764,0,2,26,38,True
43626,0,1,14223,0,1,8,21,True
43626,0,2,16196,0,2,8,21,True
43626,1,2,52354,0,1,21,21,True
43634,0,1,29283,1,2,31,33,True
43634,0,2,22528,0,1,31,37,True
43634,1,2,60302,0,1,33,37,True
43636,0,1,11858,1,2,26,27,True
43636,0,2,13065,0,1,26,27,True
43636,1,2,37367,0,1,27,27,True
43637,0,1,54211,1,2,25,35,True
43637,0,2,55807,1,2,25,35,True
43637,1,2,16810,0,2,35,35,True
43647,0,1,66905,0,2,7,34,True
43647,0,2,459,0,1,7,34,True
43647,1,2,62508,1,2,34,34,True
43666,0,1,56435,0,1,13,13,True
43666,0,2,70431,1,2,13,19,True
43666,1,2,3202,1,2,13,19,True
43667,0,1,13661,0,2,4,5,True
43667,0,2,14419,0,1,4,5,True
43667,1,2,37748,0,2,5,5,True
43668,0,1,26116,0,1,4,7,True
43668,0,2,4444,0,1,4,13,True
43668,1,2,39177,0,2,7,13,True
43671,0,1,65896,1,2,35,35,True
43671,0,2,66242,0,1,35,35,True
43671,1,2,66242,0,2,35,35,True
43712,0,1,488,0,2,1,30,True
43712,0,2,2293,0,2,1,30,True
43712,1,2,11146,0,1,30,30,True
43722,0,1,21338,0,2,18,19,True
43722,0,2,23525,0,1,18,28,True
43722,1,2,19214,0,2,19,28,True
43724,0,1,35049,0,1,11,11,True
43724,0,2,35314,0,1,11,11,True
43724,1,2,35434,0,1,11,11,True
43744,0,1,40962,0,2,27,33,True
43744,0,2,66715,1,2,27,36,True
43744,1,2,24277,0,1,33,36,True
43753,0,1,31938,0,1,18,19,True
43753,0,2,33416,0,2,18,19,True
43753,1,2,25098,0,1,19,19,True
43768,0,1,10452,0,1,31,31,True
43768,0,2,11676,0,1,31,31,True
43768,1,2,11676,0,2,31,31,True
43769,0,1,30479,0,1,3,4,True
43769,0,2,2459,0,2,3,25,True
43769,1,2,14626,0,1,4,25,True
43773,0,1,10349,0,2,16,34,True
43773,0,2,21776,1,2,16,34,True
43773,1,2,35970,0,1,34,34,True
43787,0,1,70676,0,2,6,25,True
43787,0,2,46812,0,1,6,32,True
43787,1,2,32651,1,2,25,32,True
43798,0,1,10839,0,1,8,17,True
43798,0,2,53876,1,2,8,36,True
43798,1,2,3172,1,2,17,36,True
43800,0,1,46300,1,2,14,29,True
43800,0,2,72639,0,2,14,32,True
43800,1,2,24607,1,2,29,32,True
43801,0,1,24171,0,2,15,27,True
43801,0,2,32522,0,2,15,27,True
43801,1,2,39666,1,2,27,27,True
43807,0,1,45140,0,1,12,24,True
43807,0,2,47769,0,1,12,24,True
43807,1,2,60331,0,2,24,24,True
43812,0,1,65709,0,1,7,7,True
43812,0,2,22168,0,1,7,10,True
43812,1,2,22168,0,2,7,10,True
43822,0,1,29867,0,1,12,35,True
43822,0,2,69523,1,2,12,36,True
43822,1,2,1886,0,1,35,36,True
43823,0,1,39562,0,2,6,23,True
43823,0,2,36685,0,2,6,34,True
43823,1,2,9169,1,2,23,34,True
43824,0,1,62418,0,1,3,3,True
43824,0,2,68477,0,1,3,5,True
43824,1,2,1181,1,2,3,5,True
43848,0,1,3570,0,2,4,31,True
43848,0,2,67521,0,2,4,32,True
43848,1,2,18476,1,2,31,32,True
43854,0,1,35605,0,1,5,5,True
43854,0,2,71238,0,1,5,13,True
43854,1,2,398,0,1,5,13,True
43858,0,1,28278,0,2,1,20,True
43858,0,2,28278,1,2,1,20,True
43858,1,2,61059,1,2,20,20,True
43870,0,1,71598,0,2,12,28,True
43870,0,2,23773,1,2,12,29,True
43870,1,2,13013,0,2,28,29,True
43887,0,1,71618,0,1,6,13,True
43887,0,2,51431,0,1,6,14,True
43887,1,2,63951,0,1,13,14,True
43891,0,1,35018,0,1,4,4,True
43891,0,2,32338,0,1,4,38,True
43891,1,2,32778,0,2,4,38,True
43896,0,1,45073,0,2,8,15,True
43896,0,2,46613,0,1,8,15,True
43896,1,2,50632,1,2,15,15,True
43898,0,1,11018,1,2,1,17,True
43898,0,2,67142,0,2,1,40,True
43898,1,2,69968,0,1,17,40,True
43905,0,1,8994,0,1,17,17,True
43905,0,2,3172,1,2,17,36,True
43905,1,2,3336,0,2,17,36,True
43908,0,1,14958,0,2,26,31,True
43908,0,2,62528,1,2,26,32,True
43908,1,2,17623,0,1,31,32,True
43923,0,1,38126,0,1,3,21,True
43923,0,2,38143,0,1,3,21,True
43923,1,2,27132,1,2,21,21,True
43929,0,1,18486,0,2,27,35,True
43929,0,2,39670,0,2,27,40,True
43929,1,2,35832,0,2,35,40,True
43934,0,1,71317,1,2,1,15,True
43934,0,2,13758,0,2,1,31,True
43934,1,2,24499,1,2,15,31,True
43945,0,1,678,0,2,12,23,True
43945,0,2,43822,0,2,12,36,True
43945,1,2,18433,0,1,23,36,True
43958,0,1,57497,0,1,3,8,True
43958,0,2,43412,0,1,3,18,True
43958,1,2,10634,1,2,8,18,True
43966,0,1,38236,1,2,3,12,True
43966,0,2,22483,0,1,3,37,True
43966,1,2,17386,1,2,12,37,True
43968,0,1,4648,0,1,2,9,True
43968,0,2,21932,0,2,2,38,True
43968,1,2,61540,0,2,9,38,True
43986,0,1,56803,1,2,9,9,True
43986,0,2,19144,1,2,9,26,True
43986,1,2,20827,1,2,9,26,True
44010,0,1,35579,0,2,14,16,True
44010,0,2,32308,1,2,14,39,True
44010,1,2,60858,1,2,16,39,True
44021,0,1,47434,0,1,19,19,True
44021,0,2,27481,1,2,19,21,True
44021,1,2,29599,1,2,19,21,True
44027,0,1,13184,0,1,7,7,True
44027,0,2,13296,0,1,7,7,True
44027,1,2,14004,0,1,7,7,True
44040,0,1,1128,0,1,2,31,True
44040,0,2,3413,0,2,2,31,True
44040,1,2,55383,0,1,31,31,True
44058,0,1,52272,0,1,9,20,True
44058,0,2,38634,0,2,9,24,True
44058,1,2,43369,0,2,20,24,True
44063,0,1,65778,0,1,12,14,True
44063,0,2,67860,1,2,12,14,True
44063,1,2,16457,0,2,14,14,True
44072,0,1,60529,0,2,10,11,True
44072,0,2,22668,1,2,10,26,True
44072,1,2,37632,1,2,11,26,True
44085,0,1,68508,0,1,1,1,True
44085,0,2,11782,0,2,1,39,True
44085,1,2,15721,0,2,1,39,True
44087,0,1,45073,0,2,8,15,True
44087,0,2,35190,1,2,8,22,True
44087,1,2,17010,0,2,15,22,True
44092,0,1,477,0,1,11,11,True
44092,0,2,876,1,2,11,11,True
44092,1,2,2701,1,2,11,11,True
44126,0,1,43801,1,2,27,27,True
44126,0,2,51580,0,1,27,28,True
44126,1,2,51913,0,2,27,28,True
44132,0,1,27294,1,2,37,38,True
44132,0,2,27685,1,2,37,38,True
44132,1,2,66043,1,2,38,38,True
44136,0,1,51166,0,1,18,18,True
44136,0,2,51166,0,2,18,18,True
44136,1,2,51166,1,2,18,18,True
44149,0,1,11369,0,1,8,8,True
44149,0,2,52767,1,2,8,27,True
44149,1,2,60821,0,1,8,27,True
44150,0,1,50579,0,2,4,29,True
44150,0,2,9193,0,2,4,32,True
44150,1,2,53629,0,1,29,32,True
44173,0,1,23320,1,2,8,8,True
44173,0,2,64440,1,2,8,26,True
44173,1,2,71852,0,1,8,26,True
44190,0,1,37178,1,2,27,36,True
44190,0,2,37759,0,2,27,36,True
44190,1,2,66832,0,1,36,36,True
44226,0,1,71549,1,2,20,20,True
44226,0,2,71570,1,2,20,20,True
44226,1,2,71593,0,1,20,20,True
44230,0,1,40240,0,1,3,7,True
44230,0,2,63026,0,2,3,40,True
44230,1,2,17407,0,2,7,40,True
44242,0,1,56448,0,1,11,19,True
44242,0,2,38730,0,2,11,30,True
44242,1,2,38343,1,2,19,30,True
44248,0,1,16800,0,2,29,29,True
44248,0,2,16800,1,2,29,29,True
44248,1,2,32470,0,1,29,29,True
44255,0,1,55172,0,1,3,9,True
44255,0,2,39789,1,2,3,40,True
44255,1,2,24384,0,2,9,40,True
44257,0,1,51222,0,1,29,29,True
44257,0,2,51812,0,1,29,29,True
44257,1,2,51812,0,2,29,29,True
44263,0,1,24890,0,1,2,2,True
44263,0,2,24890,0,2,2,2,True
44263,1,2,24890,1,2,2,2,True
44265,0,1,67819,1,2,15,15,True
44265,0,2,68192,0,1,15,15,True
44265,1,2,69327,1,2,15,15,True
44267,0,1,69254,0,2,17,19,True
44267,0,2,198,1,2,17,33,True
44267,1,2,8105,1,2,19,33,True
44269,0,1,70572,0,1,26,27,True
44269,0,2,53138,1,2,26,38,True
44269,1,2,6953,0,2,27,38,True
44279,0,1,60932,-1,1,10,24,False
44279,0,2,9376,1,2,10,25,True
44279,1,2,3344,0,1,24,25,True
44284,0,1,10269,1,2,12,16,True
44284,0,2,19064,0,2,12,22,True
44284,1,2,67713,0,2,16,22,True
44299,0,1,52727,0,2,2,3,True
44299,0,2,32210,0,2,2,25,True
44299,1,2,22478,0,1,3,25,True
44301,0,1,42153,0,1,18,23,True
44301,0,2,2672,0,2,18,33,True
44301,1,2,1247,1,2,23,33,True
44309,0,1,48656,0,1,36,36,True
44309,0,2,48656,0,2,36,36,True
44309,1,2,48656,1,2,36,36,True
44316,0,1,68722,0,1,4,21,True
44316,0,2,36495,0,2,4,37,True
44316,1,2,27685,0,1,21,37,True
44319,0,1,72807,0,1,19,24,True
44319,0,2,58816,1,2,19,40,True
44319,1,2,34493,1,2,24,40,True
44325,0,1,7940,0,1,1,3,True
44325,0,2,19763,0,1,1,4,True
44325,1,2,22214,1,2,3,4,True
44332,0,1,22966,1,2,13,14,True
44332,0,2,21069,0,1,13,27,True
44332,1,2,4910,1,2,14,27,True
44351,0,1,63162,1,2,7,17,True
44351,0,2,5516,0,1,7,17,True
44351,1,2,58670,1,2,17,17,True
44353,0,1,876,0,2,5,11,True
44353,0,2,60598,0,1,5,39,True
44353,1,2,13315,1,2,11,39,True
44355,0,1,46699,0,1,17,18,True
44355,0,2,49458,0,1,17,18,True
44355,1,2,2039,1,2,18,18,True
44360,0,1,8926,0,2,1,19,True
44360,0,2,51227,1,2,1,30,True
44360,1,2,60707,0,2,19,30,True
44365,0,1,7138,0,1,23,23,True
44365,0,2,69432,1,2,23,31,True
44365,1,2,3676,0,1,23,31,True
44366,0,1,61082,0,1,14,19,True
44366,0,2,59808,0,2,14,37,True
44366,1,2,42931,1,2,19,37,True
44376,0,1,67111,0,1,14,14,True
44376,0,2,11120,0,1,14,21,True
44376,1,2,11817,1,2,14,21,True
44378,0,1,23213,1,2,8,17,True
44378,0,2,23696,0,2,8,33,True
44378,1,2,22790,0,2,17,33,True
44385,0,1,51575,0,1,26,26,True
44385,0,2,72715,0,1,26,39,True
44385,1,2,1197,0,1,26,39,True
44395,0,1,53013,0,1,9,18,True
44395,0,2,48369,0,2,9,29,True
44395,1,2,23392,1,2,18,29,True
44404,0,1,44269,0,2,26,38,True
44404,0,2,45880,1,2,26,38,True
44404,1,2,30121,1,2,38,38,True
44413,0,1,3338,0,2,2,24,True
44413,0,2,64783,-1,2,2,30,False
44413,1,2,39384,1,2,24,30,True
44417,0,1,60312,0,1,1,3,True
44417,0,2,28472,0,1,1,26,True
44417,1,2,23599,0,2,3,26,True
44422,0,1,68394,1,2,6,14,True
44422,0,2,356,-1,1,6,15,False
44422,1,2,356,0,1,14,15,True
44428,0,1,39698,0,1,5,15,True
44428,0,2,41268,0,1,5,15,True
44428,1,2,59056,0,1,15,15,True
44443,0,1,8837,0,1,3,15,True
44443,0,2,19370,0,2,3,36,True
44443,1,2,20596,1,2,15,36,True
44464,0,1,27003,1,2,4,4,True
44464,0,2,27278,0,1,4,4,True
44464,1,2,27279,0,1,4,4,True
44485,0,1,35826,0,1,14,16,True
44485,0,2,36020,0,1,14,16,True
44485,1,2,15536,1,2,16,16,True
44497,0,1,43966,0,1,3,12,True
44497,0,2,67485,0,2,3,34,True
44497,1,2,41739,0,1,12,34,True
44506,0,1,1713,0,1,11,19,True
44506,0,2,26645,0,1,11,30,True
44506,1,2,38343,1,2,19,30,True
44512,0,1,769,0,2,12,32,True
44512,0,2,3096,1,2,12,32,True
44512,1,2,20034,1,2,32,32,True
44515,0,1,27809,0,1,8,18,True
44515,0,2,44590,0,2,8,19,True
44515,1,2,54018,0,2,18,19,True
44520,0,1,18562,0,1,13,13,True
44520,0,2,242,0,1,13,36,True
44520,1,2,1047,0,2,13,36,True
44535,0,1,68699,1,2,9,9,True
44535,0,2,6838,1,2,9,10,True
44535,1,2,7263,0,1,9,10,True
44537,0,1,43280,0,1,2,3,True
44537,0,2,8973,0,2,2,40,True
44537,1,2,70848,0,2,3,40,True
44540,0,1,33972,0,1,20,24,True
44540,0,2,19728,0,2,20,25,True
44540,1,2,58462,0,1,24,25,True
44542,0,1,5868,0,2,8,37,True
44542,0,2,6094,0,2,8,37,True
44542,1,2,69225,1,2,37,37,True
44544,0,1,6321,1,2,18,18,True
44544,0,2,39079,0,2,18,29,True
44544,1,2,39079,1,2,18,29,True
44545,0,1,45850,1,2,23,38,True
44545,0,2,29251,1,2,23,40,True
44545,1,2,49758,1,2,38,40,True
44555,0,1,37872,0,1,3,5,True
44555,0,2,67803,0,1,3,19,True
44555,1,2,56011,0,1,5,19,True
44569,0,1,7005,0,2,9,20,True
44569,0,2,65238,0,1,9,40,True
44569,1,2,45522,1,2,20,40,True
44578,0,1,9774,0,2,7,30,True
44578,0,2,46502,0,1,7,36,True
44578,1,2,20203,1,2,30,36,True
44590,0,1,52524,0,1,8,8,True
44590,0,2,72184,0,1,8,19,True
44590,1,2,12256,1,2,8,19,True
44593,0,1,53990,0,1,15,15,True
44593,0,2,39852,1,2,15,16,True
44593,1,2,42065,0,1,15,16,True
44594,0,1,38727,1,2,19,28,True
44594,0,2,28206,1,2,19,38,True
44594,1,2,72134,1,2,28,38,True
44614,0,1,61820,0,1,19,19,True
44614,0,2,34493,0,2,19,40,True
44614,1,2,34817,0,2,19,40,True
44632,0,1,37998,0,1,24,24,True
44632,0,2,60419,1,2,24,27,True
44632,1,2,66877,1,2,24,27,True
44634,0,1,9113,0,1,34,34,True
44634,0,2,9113,0,2,34,34,True
44634,1,2,9113,1,2,34,34,True
44643,0,1,8519,0,1,28,28,True
44643,0,2,8519,0,2,28,28,True
44643,1,2,8519,1,2,28,28,True
44649,0,1,47317,0,1,18,18,True
44649,0,2,47317,0,2,18,18,True
44649,1,2,47317,1,2,18,18,True
44660,0,1,22645,0,1,19,21,True
44660,0,2,26745,0,1,19,21,True
44660,1,2,31476,1,2,21,21,True
44664,0,1,60419,0,2,1,27,True
44664,0,2,32696,0,2,1,30,True
44664,1,2,3700,0,1,27,30,True
44669,0,1,13421,0,2,26,32,True
44669,0,2,19428,1,2,26,32,True
44669,1,2,14380,0,1,32,32,True
44677,0,1,19358,0,2,7,24,True
44677,0,2,66289,1,2,7,28,True
44677,1,2,6279,0,1,24,28,True
44688,0,1,68527,1,2,7,20,True
44688,0,2,64948,0,2,7,33,True
44688,1,2,8910,0,1,20,33,True
44695,0,1,5884,0,2,4,5,True
44695,0,2,20185,0,1,4,7,True
44695,1,2,63162,0,1,5,7,True
44704,0,1,37786,1,2,15,15,True
44704,0,2,37847,1,2,15,15,True
44704,1,2,39392,0,1,15,15,True
44706,0,1,65139,0,1,14,15,True
44706,0,2,68833,1,2,14,23,True
44706,1,2,52737,1,2,15,23,True
44718,0,1,33000,0,1,4,35,True
44718,0,2,33093,1,2,4,36,True
44718,1,2,52549,1,2,35,36,True
44722,0,1,45683,0,2,12,27,True
44722,0,2,45683,1,2,12,27,True
44722,1,2,39190,1,2,27,27,True
44737,0,1,54760,0,1,7,33,True
44737,0,2,57470,0,2,7,33,True
44737,1,2,70720,0,1,33,33,True
44749,0,1,48865,0,2,4,27,True
44749,0,2,50992,0,2,4,27,True
44749,1,2,49821,0,1,27,27,True
44752,0,1,24339,0,1,9,12,True
44752,0,2,23236,0,2,9,13,True
44752,1,2,45762,0,1,12,13,True
44774,0,1,27928,1,2,9,9,True
44774,0,2,13740,0,1,9,31,True
44774,1,2,15683,0,1,9,31,True
44776,0,1,42231,1,2,11,20,True
44776,0,2,46857,1,2,11,20,True
44776,1,2,41521,0,1,20,20,True
44781,0,1,3775,0,2,8,10,True
44781,0,2,4410,1,2,8,31,True
44781,1,2,40174,0,1,10,31,True
44792,0,1,51828,1,2,14,21,True
44792,0,2,39414,0,1,14,22,True
44792,1,2,11851,0,2,21,22,True
44798,0,1,56521,0,2,1,34,True
44798,0,2,57087,0,2,1,34,True
44798,1,2,17372,1,2,34,34,True
44809,0,1,28816,0,2,2,16,True
44809,0,2,34348,0,1,2,24,True
44809,1,2,60657,0,1,16,24,True
44812,0,1,72105,1,2,29,32,True
44812,0,2,72494,1,2,29,32,True
44812,1,2,68590,1,2,32,32,True
44857,0,1,50674,1,2,5,5,True
44857,0,2,14149,0,1,5,6,True
44857,1,2,14419,1,2,5,6,True
44858,0,1,19592,0,2,8,32,True
44858,0,2,1469,0,1,8,33,True
44858,1,2,39842,0,1,32,33,True
44869,0,1,65518,1,2,4,4,True
44869,0,2,45734,0,2,4,37,True
44869,1,2,45848,0,2,4,37,True
44879,0,1,55001,0,1,4,4,True
44879,0,2,55384,0,1,4,4,True
44879,1,2,55506,0,1,4,4,True
44887,0,1,35750,0,1,28,28,True
44887,0,2,32374,0,1,28,29,True
44887,1,2,32374,0,2,28,29,True
44903,0,1,51385,0,2,16,21,True
44903,0,2,709,0,2,16,40,True
44903,1,2,15898,0,2,21,40,True
44948,0,1,25788,0,2,1,27,True
44948,0,2,27605,0,2,1,27,True
44948,1,2,66376,1,2,27,27,True
44965,0,1,45910,0,1,8,14,True
44965,0,2,35385,0,1,8,31,True
44965,1,2,46353,0,1,14,31,True
44967,0,1,68432,1,2,23,23,True
44967,0,2,69029,0,1,23,23,True
44967,1,2,69103,0,1,23,23,True
44975,0,1,64851,1,2,20,35,True
44975,0,2,43584,0,1,20,36,True
44975,1,2,30016,1,2,35,36,True
44991,0,1,8414,1,2,21,22,True
44991,0,2,1339,0,2,21,31,True
44991,1,2,57701,1,2,22,31,True
45006,0,1,25787,1,2,34,34,True
45006,0,2,53166,1,2,34,35,True
45006,1,2,53590,1,2,34,35,True
45030,0,1,14275,0,1,21,21,True
45030,0,2,14275,0,2,21,21,True
45030,1,2,14275,1,2,21,21,True
45035,0,1,22697,0,1,10,14,True
45035,0,2,31558,0,1,10,26,True
45035,1,2,40387,0,1,14,26,True
45036,0,1,71515,0,1,17,26,True
45036,0,2,7546,0,2,17,34,True
45036,1,2,34135,1,2,26,34,True
45054,0,1,38236,0,2,3,12,True
45054,0,2,38236,1,2,3,12,True
45054,1,2,37040,1,2,12,12,True
45056,0,1,71586,0,1,24,24,True
45056,0,2,51362,1,2,24,25,True
45056,1,2,51384,1,2,24,25,True
45065,0,1,72911,1,2,9,9,True
45065,0,2,8255,1,2,9,29,True
45065,1,2,10824,1,2,9,29,True
45071,0,1,72807,0,2,19,25,True
45071,0,2,38811,0,2,19,39,True
45071,1,2,19658,1,2,25,39,True
45073,0,1,20686,0,1,8,14,True
45073,0,2,28652,1,2,8,15,True
45073,1,2,31017,0,2,14,15,True
45078,0,1,70129,1,2,29,31,True
45078,0,2,13918,1,2,29,39,True
45078,1,2,4530,0,2,31,39,True
45086,0,1,35322,0,2,5,6,True
45086,0,2,65536,0,1,5,27,True
45086,1,2,55377,0,2,6,27,True
45109,0,1,27102,1,2,10,10,True
45109,0,2,27261,1,2,10,10,True
45109,1,2,27418,1,2,10,10,True
45111,0,1,31375,0,2,17,17,True
45111,0,2,52139,0,2,17,21,True
45111,1,2,58640,0,1,17,21,True
45127,0,1,50207,0,2,22,30,True
45127,0,2,44991,1,2,22,31,True
45127,1,2,53819,1,2,30,31,True
45128,0,1,25389,1,2,1,34,True
45128,0,2,26953,0,1,1,34,True
45128,1,2,7699,0,1,34,34,True
45140,0,1,22588,0,1,12,24,True
45140,0,2,19767,1,2,12,32,True
45140,1,2,55068,0,1,24,32,True
45141,0,1,54131,0,2,20,32,True
45141,0,2,55147,0,2,20,32,True
45141,1,2,55054,0,2,32,32,True
45149,0,1,68479,1,2,25,37,True
45149,0,2,1423,0,2,25,37,True
45149,1,2,45682,0,2,37,37,True
45166,0,1,64636,0,1,32,35,True
45166,0,2,62741,0,2,32,37,True
45166,1,2,64849,0,2,35,37,True
45171,0,1,65330,0,1,10,31,True
45171,0,2,68874,0,2,10,31,True
45171,1,2,42676,0,2,31,31,True
45180,0,1,40716,0,2,7,15,True
45180,0,2,40716,1,2,7,15,True
45180,1,2,19040,0,1,15,15,True
45185,0,1,47542,0,1,2,4,True
45185,0,2,35469,0,1,2,7,True
45185,1,2,51498,0,1,4,7,True
45187,0,1,65782,1,2,34,35,True
45187,0,2,47975,1,2,34,40,True
45187,1,2,69418,0,1,35,40,True
45193,0,1,10456,0,2,8,16,True
45193,0,2,1392,0,2,8,25,True
45193,1,2,5274,0,2,16,25,True
45216,0,1,31106,1,2,15,15,True
45216,0,2,26978,0,2,15,23,True
45216,1,2,26978,1,2,15,23,True
45217,0,1,70212,0,1,12,26,True
45217,0,2,37490,0,2,12,27,True
45217,1,2,21385,0,1,26,27,True
45227,0,1,32509,0,1,3,3,True
45227,0,2,43966,0,2,3,37,True
45227,1,2,53288,0,1,3,37,True
45240,0,1,70464,1,2,38,38,True
45240,0,2,50842,0,1,38,39,True
45240,1,2,51395,1,2,38,39,True
45250,0,1,32076,0,2,25,33,True
45250,0,2,65665,1,2,25,36,True
45250,1,2,43744,1,2,33,36,True
45255,0,1,59441,1,2,22,27,True
45255,0,2,60115,0,1,22,27,True
45255,1,2,66310,0,1,27,27,True
45261,0,1,25063,0,1,2,11,True
45261,0,2,33110,0,1,2,22,True
45261,1,2,42507,0,1,11,22,True
45266,0,1,57293,0,2,16,16,True
45266,0,2,57293,1,2,16,16,True
45266,1,2,57460,0,1,16,16,True
45284,0,1,63497,0,2,12,15,True
45284,0,2,70960,0,2,12,29,True
45284,1,2,28925,0,2,15,29,True
45290,0,1,40766,0,2,2,22,True
45290,0,2,45261,0,2,2,22,True
45290,1,2,38219,0,1,22,22,True
45298,0,1,552,1,2,26,29,True
45298,0,2,57047,1,2,26,37,True
45298,1,2,5649,1,2,29,37,True
45300,0,1,23240,1,2,7,7,True
45300,0,2,12367,0,2,7,10,True
45300,1,2,17753,0,1,7,10,True
45307,0,1,6461,0,1,5,22,True
45307,0,2,6011,0,1,5,39,True
45307,1,2,52778,1,2,22,39,True
45310,0,1,68301,0,1,23,28,True
45310,0,2,71179,1,2,23,28,True
45310,1,2,69758,0,1,28,28,True
45318,0,1,70124,0,1,1,1,True
45318,0,2,37398,0,1,1,7,True
45318,1,2,42384,0,2,1,7,True
45324,0,1,5770,0,2,19,20,True
45324,0,2,27094,0,1,19,22,True
45324,1,2,8887,0,1,20,22,True
45344,0,1,26295,1,2,2,3,True
45344,0,2,52701,0,1,2,19,True
45344,1,2,13451,0,2,3,19,True
45347,0,1,60041,1,2,17,17,True
45347,0,2,18256,0,2,17,33,True
45347,1,2,18256,1,2,17,33,True
45350,0,1,5877,0,1,7,12,True
45350,0,2,11005,0,1,7,14,True
45350,1,2,62975,0,1,12,14,True
45351,0,1,45240,0,1,38,38,True
45351,0,2,48882,1,2,38,40,True
45351,1,2,49758,1,2,38,40,True
45352,0,1,31625,0,2,2,3,True
45352,0,2,37789,0,1,2,20,True
45352,1,2,18318,1,2,3,20,True
45372,0,1,15761,0,2,1,40,True
45372,0,2,15761,1,2,1,40,True
45372,1,2,69418,1,2,40,40,True
45375,0,1,9794,0,2,23,23,True
45375,0,2,64804,0,2,23,24,True
45375,1,2,65161,0,1,23,24,True
45377,0,1,51300,1,2,28,35,True
45377,0,2,47093,-1,2,28,38,False
45377,1,2,53974,1,2,35,38,True
45384,0,1,7789,0,2,5,16,True
45384,0,2,66847,1,2,5,17,True
45384,1,2,24657,0,1,16,17,True
45410,0,1,1249,1,2,9,9,True
45410,0,2,2223,1,2,9,9,True
45410,1,2,3819,0,1,9,9,True
45413,0,1,40189,0,2,1,4,True
45413,0,2,21486,0,1,1,28,True
45413,1,2,72134,0,1,4,28,True
45424,0,1,49287,1,2,22,22,True
45424,0,2,49415,0,1,22,22,True
45424,1,2,49664,0,1,22,22,True
45430,0,1,20843,0,2,25,25,True
45430,0,2,18102,0,1,25,27,True
45430,1,2,18102,0,2,25,27,True
45450,0,1,72811,0,1,11,11,True
45450,0,2,477,0,1,11,11,True
45450,1,2,876,1,2,11,11,True
45454,0,1,23072,0,1,25,25,True
45454,0,2,23072,0,2,25,25,True
45454,1,2,23072,1,2,25,25,True
45455,0,1,55839,1,2,20,21,True
45455,0,2,62609,1,2,20,30,True
45455,1,2,65352,1,2,21,30,True
45456,0,1,15083,1,2,13,13,True
45456,0,2,41319,0,2,13,27,True
45456,1,2,44332,0,2,13,27,True
45458,0,1,28676,0,2,10,37,True
45458,0,2,28676,1,2,10,37,True
45458,1,2,38554,0,1,37,37,True
45460,0,1,59314,0,1,8,8,True
45460,0,2,7163,0,2,8,38,True
45460,1,2,8929,0,1,8,38,True
45461,0,1,65694,0,1,13,14,True
45461,0,2,21937,0,2,13,30,True
45461,1,2,22374,0,1,14,30,True
45467,0,1,12921,1,2,4,4,True
45467,0,2,11125,0,2,4,23,True
45467,1,2,13776,1,2,4,23,True
45472,0,1,66331,0,1,5,5,True
45472,0,2,49069,0,2,5,35,True
45472,1,2,59633,0,2,5,35,True
45478,0,1,46153,0,1,2,13,True
45478,0,2,26473,0,1,2,23,True
45478,1,2,19007,0,1,13,23,True
45481,0,1,61885,0,1,17,25,True
45481,0,2,20812,0,2,17,34,True
45481,1,2,57976,1,2,25,34,True
45500,0,1,59396,1,2,36,36,True
45500,0,2,59450,0,1,36,36,True
45500,1,2,59450,0,2,36,36,True
45508,0,1,29455,0,1,4,4,True
45508,0,2,70775,1,2,4,30,True
45508,1,2,1844,0,2,4,30,True
45513,0,1,6504,0,1,15,39,True
45513,0,2,6696,0,2,15,39,True
45513,1,2,40659,1,2,39,39,True
45522,0,1,61290,0,1,4,20,True
45522,0,2,56972,0,2,4,40,True
45522,1,2,69162,1,2,20,40,True
45525,0,1,12305,1,2,27,33,True
45525,0,2,608,1,2,27,34,True
45525,1,2,19703,0,2,33,34,True
45528,0,1,15438,0,1,21,22,True
45528,0,2,15438,0,2,21,22,True
45528,1,2,6750,0,2,22,22,True
45548,0,1,19451,1,2,21,21,True
45548,0,2,31252,1,2,21,26,True
45548,1,2,37143,1,2,21,26,True
45557,0,1,21537,0,1,1,1,True
45557,0,2,46133,0,2,1,2,True
45557,1,2,46133,1,2,1,2,True
45559,0,1,9065,1,2,32,32,True
45559,0,2,71175,0,1,32,34,True
45559,1,2,71175,0,2,32,34,True
45568,0,1,43722,0,1,18,19,True
45568,0,2,43753,0,1,18,19,True
45568,1,2,64456,0,1,19,19,True
45573,0,1,48362,1,2,6,22,True
45573,0,2,36205,1,2,6,25,True
45573,1,2,64725,0,2,22,25,True
45577,0,1,21715,0,1,3,3,True
45577,0,2,19878,0,1,3,30,True
45577,1,2,23211,0,1,3,30,True
45579,0,1,60105,0,1,6,16,True
45579,0,2,61962,0,2,6,16,True
45579,1,2,65076,1,2,16,16,True
45588,0,1,31365,1,2,6,21,True
45588,0,2,33744,0,1,6,32,True
45588,1,2,33738,0,2,21,32,True
45609,0,1,46898,1,2,34,34,True
45609,0,2,47078,1,2,34,34,True
45609,1,2,47833,0,1,34,34,True
45620,0,1,50265,0,1,21,21,True
45620,0,2,49081,1,2,21,22,True
45620,1,2,50139,1,2,21,22,True
45626,0,1,57702,1,2,12,12,True
45626,0,2,59344,0,1,12,12,True
45626,1,2,59917,1,2,12,12,True
45634,0,1,40550,0,1,5,6,True
45634,0,2,62497,0,2,5,9,True
45634,1,2,22763,1,2,6,9,True
45635,0,1,59626,0,1,18,28,True
45635,0,2,22780,0,2,18,32,True
45635,1,2,25522,0,2,28,32,True
45641,0,1,34754,0,1,10,10,True
45641,0,2,37324,0,1,10,25,True
45641,1,2,39021,1,2,10,25,True
45644,0,1,55595,0,1,2,9,True
45644,0,2,20249,0,2,2,38,True
45644,1,2,62565,0,1,9,38,True
45660,0,1,70362,0,1,13,14,True
45660,0,2,13014,0,2,13,31,True
45660,1,2,25162,1,2,14,31,True
45670,0,1,46104,0,1,12,13,True
45670,0,2,66877,0,2,12,27,True
45670,1,2,398,1,2,13,27,True
45671,0,1,65387,0,2,4,14,True
45671,0,2,42169,1,2,4,17,True
45671,1,2,62975,1,2,14,17,True
45672,0,1,34861,0,2,17,18,True
45672,0,2,38176,0,1,17,18,True
45672,1,2,42014,1,2,18,18,True
45682,0,1,34052,1,2,37,37,True
45682,0,2,34244,0,1,37,37,True
45682,1,2,34244,0,2,37,37,True
45683,0,1,2802,0,1,12,12,True
45683,0,2,39766,0,2,12,27,True
45683,1,2,39766,1,2,12,27,True
45698,0,1,70268,0,2,22,22,True
45698,0,2,13615,0,2,22,40,True
45698,1,2,16135,0,2,22,40,True
45699,0,1,40933,0,1,1,5,True
45699,0,2,56554,0,2,1,36,True
45699,1,2,41640,-1,1,5,36,False
45712,0,1,56074,0,1,9,9,True
45712,0,2,56074,0,2,9,9,True
45712,1,2,56074,1,2,9,9,True
45719,0,1,66770,1,2,25,34,True
45719,0,2,1423,0,1,25,34,True
45719,1,2,25386,1,2,34,34,True
45721,0,1,17319,0,1,1,1,True
45721,0,2,17319,0,2,1,1,True
45721,1,2,17319,1,2,1,1,True
45725,0,1,27099,1,2,12,12,True
45725,0,2,68058,1,2,12,36,True
45725,1,2,69523,1,2,12,36,True
45734,0,1,59462,1,2,4,13,True
45734,0,2,23980,1,2,4,37,True
45734,1,2,37083,1,2,13,37,True
45762,0,1,19174,0,2,12,13,True
45762,0,2,42736,0,1,12,30,True
45762,1,2,13178,1,2,13,30,True
45768,0,1,67034,0,2,21,26,True
45768,0,2,31063,0,1,21,29,True
45768,1,2,31707,0,2,26,29,True
45781,0,1,3660,0,1,6,12,True
45781,0,2,62277,0,2,6,23,True
45781,1,2,4400,0,1,12,23,True
45793,0,1,20794,0,2,13,14,True
45793,0,2,56727,1,2,13,33,True
45793,1,2,6375,0,2,14,33,True
45801,0,1,32692,0,1,33,33,True
45801,0,2,32692,0,2,33,33,True
45801,1,2,32692,1,2,33,33,True
45802,0,1,57550,0,1,10,17,True
45802,0,2,22697,0,2,10,18,True
45802,1,2,57009,1,2,17,18,True
45820,0,1,20179,0,2,13,25,True
45820,0,2,61880,0,2,13,29,True
45820,1,2,10950,0,1,25,29,True
45824,0,1,23229,0,2,6,27,True
45824,0,2,37387,0,2,6,34,True
45824,1,2,46883,0,2,27,34,True
45842,0,1,13113,0,2,1,26,True
45842,0,2,41064,0,2,1,28,True
45842,1,2,60804,0,1,26,28,True
45848,0,1,61946,0,1,4,5,True
45848,0,2,3269,0,1,4,37,True
45848,1,2,523,0,1,5,37,True
45850,0,1,60666,0,2,22,23,True
45850,0,2,11637,1,2,22,38,True
45850,1,2,8796,1,2,23,38,True
45857,0,1,42076,0,2,8,19,True
45857,0,2,27809,0,2,8,24,True
45857,1,2,12742,1,2,19,24,True
45866,0,1,8732,0,2,34,39,True
45866,0,2,8732,1,2,34,39,True
45866,1,2,38212,1,2,39,39,True
45877,0,1,59884,0,2,32,32,True
45877,0,2,47943,0,1,32,38,True
45877,1,2,57910,1,2,32,38,True
45880,0,1,56614,0,2,2,26,True
45880,0,2,43968,0,2,2,38,True
45880,1,2,62423,0,2,26,38,True
45886,0,1,68355,0,1,4,5,True
45886,0,2,68355,0,2,4,5,True
45886,1,2,103,0,1,5,5,True
45910,0,1,22391,0,2,8,14,True
45910,0,2,53163,1,2,8,23,True
45910,1,2,59808,0,1,14,23,True
45915,0,1,6326,0,2,6,24,True
45915,0,2,444,0,1,6,36,True
45915,1,2,67108,0,2,24,36,True
45935,0,1,53671,1,2,35,35,True
45935,0,2,53765,1,2,35,35,True
45935,1,2,56915,0,1,35,35,True
45936,0,1,1136,0,1,18,18,True
45936,0,2,63172,1,2,18,31,True
45936,1,2,68684,0,1,18,31,True
45947,0,1,49229,1,2,28,28,True
45947,0,2,49337,0,1,28,28,True
45947,1,2,49337,0,2,28,28,True
45952,0,1,41561,0,1,6,6,True
45952,0,2,66559,1,2,6,7,True
45952,1,2,1744,0,1,6,7,True
45958,0,1,22109,1,2,26,26,True
45958,0,2,52879,0,1,26,27,True
45958,1,2,54194,1,2,26,27,True
45959,0,1,57550,0,2,10,17,True
45959,0,2,29558,0,1,10,38,True
45959,1,2,6445,0,2,17,38,True
45963,0,1,16572,0,2,9,39,True
45963,0,2,18367,0,2,9,39,True
45963,1,2,69877,1,2,39,39,True
45965,0,1,58798,0,1,6,7,True
45965,0,2,24345,0,2,6,28,True
45965,1,2,20796,0,2,7,28,True
45970,0,1,16962,1,2,32,32,True
45970,0,2,17936,1,2,32,32,True
45970,1,2,18099,1,2,32,32,True
45977,0,1,71276,1,2,18,19,True
45977,0,2,30486,0,1,18,26,True
45977,1,2,48051,0,1,19,26,True
45980,0,1,15168,0,1,28,38,True
45980,0,2,23440,1,2,28,39,True
45980,1,2,61657,0,2,38,39,True
45987,0,1,56629,0,1,8,8,True
45987,0,2,15953,0,1,8,9,True
45987,1,2,17843,0,1,8,9,True
45988,0,1,25080,1,2,2,2,True
45988,0,2,25406,1,2,2,2,True
45988,1,2,26295,0,1,2,2,True
45994,0,1,53765,0,2,12,35,True
45994,0,2,62342,0,2,12,35,True
45994,1,2,37496,1,2,35,35,True
46001,0,1,50644,1,2,29,36,True
46001,0,2,37675,1,2,29,40,True
46001,1,2,13299,1,2,36,40,True
46019,0,1,70124,0,2,1,1,True
46019,0,2,409,0,1,1,21,True
46019,1,2,409,0,2,1,21,True
46027,0,1,11098,0,2,36,37,True
46027,0,2,11779,1,2,36,37,True
46027,1,2,6908,1,2,37,37,True
46032,0,1,65936,0,1,20,20,True
46032,0,2,23319,0,2,20,26,True
46032,1,2,23319,1,2,20,26,True
46042,0,1,32953,0,1,15,15,True
46042,0,2,33255,0,1,15,15,True
46042,1,2,34452,0,1,15,15,True
46047,0,1,65684,0,1,28,33,True
46047,0,2,66669,0,1,28,33,True
46047,1,2,19135,1,2,33,33,True
46053,0,1,23687,0,1,11,19,True
46053,0,2,38320,0,1,11,19,True
46053,1,2,32924,1,2,19,19,True
46058,0,1,64800,0,2,27,33,True
46058,0,2,66762,1,2,27,33,True
46058,1,2,24762,0,1,33,33,True
46059,0,1,70984,0,2,2,3,True
46059,0,2,50827,0,1,2,8,True
46059,1,2,30187,0,2,3,8,True
46097,0,1,21945,0,1,32,34,True
46097,0,2,787,0,2,32,38,True
46097,1,2,24894,0,1,34,38,True
46098,0,1,61631,1,2,24,31,True
46098,0,2,11630,1,2,24,36,True
46098,1,2,21005,0,2,31,36,True
46100,0,1,43064,0,2,38,38,True
46100,0,2,43064,1,2,38,38,True
46100,1,2,44132,1,2,38,38,True
46104,0,1,56933,1,2,12,13,True
46104,0,2,62975,0,2,12,17,True
46104,1,2,49178,0,1,13,17,True
46107,0,1,15652,1,2,25,38,True
46107,0,2,22153,1,2,25,38,True
46107,1,2,60996,1,2,38,38,True
46113,0,1,58584,0,1,4,4,True
46113,0,2,39970,0,2,4,28,True
46113,1,2,45413,1,2,4,28,True
46116,0,1,38936,0,1,1,1,True
46116,0,2,40068,0,1,1,1,True
46116,1,2,41853,0,1,1,1,True
46130,0,1,61569,1,2,33,39,True
46130,0,2,35899,0,2,33,40,True
46130,1,2,35939,0,2,39,40,True
46131,0,1,56491,0,1,13,37,True
46131,0,2,14206,0,2,13,38,True
46131,1,2,11790,1,2,37,38,True
46133,0,1,45721,0,2,1,1,True
46133,0,2,14758,1,2,1,2,True
46133,1,2,15158,0,1,1,2,True
46137,0,1,58654,0,1,15,15,True
46137,0,2,36000,0,1,15,26,True
46137,1,2,43539,0,1,15,26,True
46145,0,1,30505,1,2,30,30,True
46145,0,2,31155,1,2,30,30,True
46145,1,2,31198,0,1,30,30,True
46147,0,1,31023,0,2,8,18,True
46147,0,2,32122,0,1,8,18,True
46147,1,2,18019,1,2,18,18,True
46153,0,1,52196,1,2,2,13,True
46153,0,2,58361,1,2,2,36,True
46153,1,2,60744,0,2,13,36,True
46166,0,1,15865,1,2,17,27,True
46166,0,2,65553,-1,1,17,38,False
46166,1,2,33256,1,2,27,38,True
46180,0,1,40876,0,1,3,3,True
46180,0,2,43923,0,1,3,21,True
46180,1,2,43923,0,2,3,21,True
46211,0,1,14905,1,2,5,5,True
46211,0,2,15974,0,1,5,5,True
46211,1,2,17967,0,1,5,5,True
46217,0,1,20422,0,1,3,7,True
46217,0,2,24422,0,1,3,7,True
46217,1,2,59835,0,1,7,7,True
46225,0,1,12593,1,2,3,30,True
46225,0,2,23375,0,2,3,32,True
46225,1,2,69302,1,2,30,32,True
46226,0,1,16649,0,1,4,4,True
46226,0,2,16649,0,2,4,4,True
46226,1,2,16649,1,2,4,4,True
46231,0,1,33029,0,1,8,11,True
46231,0,2,38688,0,1,8,12,True
46231,1,2,16363,0,2,11,12,True
46233,0,1,26104,0,2,8,8,True
46233,0,2,31844,0,2,8,38,True
46233,1,2,32778,1,2,8,38,True
46249,0,1,27049,0,2,16,19,True
46249,0,2,24852,0,1,16,28,True
46249,1,2,39932,0,2,19,28,True
46256,0,1,56502,1,2,12,15,True
46256,0,2,45217,0,2,12,27,True
46256,1,2,3611,0,1,15,27,True
46261,0,1,61946,0,1,4,5,True
46261,0,2,63113,0,2,4,5,True
46261,1,2,72164,1,2,5,5,True
46276,0,1,13223,0,1,1,1,True
46276,0,2,10361,-1,0,1,11,False
46276,1,2,10361,-1,1,1,11,False
46281,0,1,60164,0,2,21,31,True
46281,0,2,12227,1,2,21,40,True
46281,1,2,50747,1,2,31,40,True
46296,0,1,6772,0,1,9,13,True
46296,0,2,38330,0,2,9,15,True
46296,1,2,70077,0,1,13,15,True
46300,0,1,25417,0,1,13,14,True
46300,0,2,47835,0,2,13,29,True
46300,1,2,70035,0,2,14,29,True
46301,0,1,58873,1,2,24,38,True
46301,0,2,61202,0,2,24,38,True
46301,1,2,63655,1,2,38,38,True
46310,0,1,29491,1,2,30,30,True
46310,0,2,29738,0,1,30,30,True
46310,1,2,30272,1,2,30,30,True
46323,0,1,32738,0,1,5,24,True
46323,0,2,7477,0,2,5,40,True
46323,1,2,64329,1,2,24,40,True
46353,0,1,44965,1,2,14,31,True
46353,0,2,605,0,2,14,32,True
46353,1,2,17936,0,2,31,32,True
46362,0,1,24007,0,1,8,8,True
46362,0,2,24007,0,2,8,8,True
46362,1,2,24007,1,2,8,8,True
46368,0,1,34476,0,1,2,2,True
46368,0,2,38995,1,2,2,36,True
46368,1,2,46153,0,2,2,36,True
46390,0,1,47273,0,1,9,9,True
46390,0,2,14014,0,1,9,10,True
46390,1,2,16307,0,2,9,10,True
46395,0,1,11949,0,1,23,23,True
46395,0,2,826,0,2,23,25,True
46395,1,2,11264,0,1,23,25,True
46403,0,1,64851,1,2,20,35,True
46403,0,2,43584,0,1,20,36,True
46403,1,2,30016,1,2,35,36,True
46417,0,1,8757,1,2,5,7,True
46417,0,2,10121,0,2,5,7,True
46417,1,2,59570,0,1,7,7,True
46442,0,1,19161,0,2,22,28,True
46442,0,2,13993,0,2,22,29,True
46442,1,2,24629,0,2,28,29,True
46443,0,1,13000,0,1,1,7,True
46443,0,2,10740,0,1,1,39,True
46443,1,2,40483,0,2,7,39,True
46445,0,1,46153,0,1,2,13,True
46445,0,2,28982,0,2,2,39,True
46445,1,2,59597,1,2,13,39,True
46448,0,1,23549,0,2,8,10,True
46448,0,2,67148,0,2,8,22,True
46448,1,2,6815,1,2,10,22,True
46468,0,1,72934,0,2,3,39,True
46468,0,2,93,0,2,3,39,True
46468,1,2,59474,0,1,39,39,True
46469,0,1,29226,0,2,7,7,True
46469,0,2,29226,1,2,7,7,True
46469,1,2,30014,1,2,7,7,True
46498,0,1,16443,0,2,11,13,True
46498,0,2,68833,0,1,11,14,True
46498,1,2,30251,0,1,13,14,True
46502,0,1,20185,1,2,7,36,True
46502,0,2,30174,0,2,7,36,True
46502,1,2,37138,1,2,36,36,True
46510,0,1,61461,1,2,12,12,True
46510,0,2,12991,0,2,12,34,True
46510,1,2,12991,1,2,12,34,True
46511,0,1,22815,1,2,18,18,True
46511,0,2,4543,0,2,18,37,True
46511,1,2,6908,0,1,18,37,True
46514,0,1,23739,0,2,3,20,True
46514,0,2,38126,0,1,3,21,True
46514,1,2,17220,0,1,20,21,True
46515,0,1,61618,1,2,35,35,True
46515,0,2,62442,1,2,35,35,True
46515,1,2,64670,1,2,35,35,True
46516,0,1,24020,0,2,7,29,True
46516,0,2,9458,1,2,7,35,True
46516,1,2,32868,1,2,29,35,True
46522,0,1,54236,0,1,1,2,True
46522,0,2,55930,0,1,1,2,True
46522,1,2,26295,0,1,2,2,True
46524,0,1,38194,-1,0,8,10,False
46524,0,2,15953,0,2,8,22,True
46524,1,2,25166,-1,2,10,22,False
46525,0,1,54935,0,2,12,25,True
46525,0,2,41380,0,2,12,40,True
46525,1,2,22478,1,2,25,40,True
46552,0,1,48146,0,1,21,21,True
46552,0,2,49282,0,1,21,21,True
46552,1,2,49712,0,1,21,21,True
46569,0,1,68044,0,1,6,7,True
46569,0,2,69472,0,1,6,7,True
46569,1,2,42068,0,1,7,7,True
46596,0,1,21914,0,1,6,6,True
46596,0,2,62277,1,2,6,23,True
46596,1,2,67455,0,2,6,23,True
46599,0,1,11633,0,1,8,23,True
46599,0,2,42547,1,2,8,34,True
46599,1,2,23249,0,1,23,34,True
46601,0,1,48021,0,2,3,40,True
46601,0,2,49841,0,2,3,40,True
46601,1,2,59710,1,2,40,40,True
46602,0,1,21788,1,2,20,26,True
46602,0,2,64001,1,2,20,39,True
46602,1,2,6010,0,1,26,39,True
46613,0,1,43896,0,1,8,15,True
46613,0,2,54166,0,2,8,23,True
46613,1,2,45216,1,2,15,23,True
46614,0,1,3336,1,2,34,36,True
46614,0,2,6430,0,2,34,36,True
46614,1,2,15253,1,2,36,36,True
46621,0,1,718,0,2,10,40,True
46621,0,2,5460,0,2,10,40,True
46621,1,2,70696,1,2,40,40,True
46628,0,1,29512,0,1,34,34,True
46628,0,2,24894,0,1,34,38,True
46628,1,2,24894,0,2,34,38,True
46634,0,1,57519,0,1,5,29,True
46634,0,2,7316,1,2,5,34,True
46634,1,2,61782,1,2,29,34,True
46647,0,1,4642,1,2,13,13,True
46647,0,2,4718,0,1,13,13,True
46647,1,2,5185,0,1,13,13,True
46653,0,1,38194,1,2,11,30,True
46653,0,2,68193,-1,0,11,37,False
46653,1,2,16525,1,2,30,37,True
46654,0,1,45500,0,2,36,36,True
46654,0,2,45500,1,2,36,36,True
46654,1,2,46502,1,2,36,36,True
46656,0,1,55592,1,2,17,17,True
46656,0,2,54077,0,2,17,40,True
46656,1,2,56951,0,2,17,40,True
46660,0,1,13319,1,2,29,30,True
46660,0,2,68373,1,2,29,36,True
46660,1,2,34826,0,1,30,36,True
46667,0,1,25029,0,1,7,8,True
46667,0,2,51401,0,2,7,30,True
46667,1,2,6113,0,2,8,30,True
46669,0,1,25889,0,2,16,30,True
46669,0,2,20620,1,2,16,39,True
46669,1,2,47130,0,2,30,39,True
46683,0,1,57759,0,1,6,6,True
46683,0,2,11879,0,2,6,8,True
46683,1,2,11879,1,2,6,8,True
46696,0,1,51099,0,2,9,37,True
46696,0,2,54810,0,2,9,37,True
46696,1,2,16200,0,2,37,37,True
46699,0,1,10839,1,2,17,18,True
46699,0,2,49669,0,1,17,27,True
46699,1,2,71406,1,2,18,27,True
46710,0,1,33024,1,2,12,26,True
46710,0,2,58391,0,1,12,28,True
46710,1,2,30486,1,2,26,28,True
46721,0,1,25774,0,1,11,11,True
46721,0,2,37314,0,2,11,31,True
46721,1,2,39236,0,2,11,31,True
46724,0,1,26379,0,2,2,36,True
46724,0,2,17947,0,2,2,39,True
46724,1,2,47509,1,2,36,39,True
46744,0,1,66697,0,2,9,20,True
46744,0,2,25642,0,2,9,31,True
46744,1,2,29588,1,2,20,31,True
46748,0,1,58817,0,1,5,14,True
46748,0,2,47042,0,2,5,39,True
46748,1,2,3013,0,1,14,39,True
46758,0,1,60993,1,2,17,17,True
46758,0,2,61478,1,2,17,17,True
46758,1,2,61608,1,2,17,17,True
46777,0,1,45430,0,1,25,25,True
46777,0,2,45454,0,1,25,25,True
46777,1,2,45454,0,2,25,25,True
46784,0,1,60339,0,1,27,27,True
46784,0,2,26393,0,2,27,29,True
46784,1,2,26393,1,2,27,29,True
46791,0,1,69092,0,1,24,24,True
46791,0,2,55641,1,2,24,39,True
46791,1,2,65409,1,2,24,39,True
46798,0,1,11980,0,1,17,17,True
46798,0,2,11980,0,2,17,17,True
46798,1,2,11980,1,2,17,17,True
46807,0,1,21704,0,1,7,17,True
46807,0,2,44677,0,1,7,24,True
46807,1,2,16180,0,2,17,24,True
46812,0,1,45588,0,2,6,32,True
46812,0,2,47116,0,2,6,33,True
46812,1,2,24252,1,2,32,33,True
46815,0,1,26861,0,2,9,23,True
46815,0,2,56910,0,2,9,38,True
46815,1,2,38507,1,2,23,38,True
46818,0,1,15662,0,1,9,27,True
46818,0,2,51312,0,2,9,36,True
46818,1,2,66715,1,2,27,36,True
46845,0,1,17604,0,1,13,29,True
46845,0,2,55986,0,1,13,30,True
46845,1,2,35020,1,2,29,30,True
46847,0,1,25295,1,2,5,6,True
46847,0,2,23295,0,2,5,38,True
46847,1,2,322,0,2,6,38,True
46857,0,1,54482,0,1,1,11,True
46857,0,2,59479,0,2,1,20,True
46857,1,2,25279,1,2,11,20,True
46869,0,1,27102,1,2,10,10,True
46869,0,2,27261,1,2,10,10,True
46869,1,2,27418,1,2,10,10,True
46870,0,1,7040,1,2,17,17,True
46870,0,2,71515,0,1,17,26,True
46870,1,2,824,0,1,17,26,True
46877,0,1,33866,0,2,12,13,True
46877,0,2,4108,0,2,12,16,True
46877,1,2,12787,0,1,13,16,True
46883,0,1,36844,0,2,27,32,True
46883,0,2,69888,0,1,27,34,True
46883,1,2,37072,0,1,32,34,True
46890,0,1,21953,1,2,4,21,True
46890,0,2,14626,0,1,4,25,True
46890,1,2,4343,1,2,21,25,True
46898,0,1,65993,1,2,29,34,True
46898,0,2,70440,1,2,29,34,True
46898,1,2,1078,1,2,34,34,True
46899,0,1,8150,0,1,5,18,True
46899,0,2,11062,0,2,5,18,True
46899,1,2,40247,0,2,18,18,True
46915,0,1,48696,0,1,14,14,True
46915,0,2,8660,1,2,14,20,True
46915,1,2,11005,1,2,14,20,True
46931,0,1,54956,0,1,14,14,True
46931,0,2,21541,1,2,14,27,True
46931,1,2,22577,0,1,14,27,True
46941,0,1,21584,1,2,38,38,True
46941,0,2,21649,1,2,38,38,True
46941,1,2,21651,1,2,38,38,True
46943,0,1,34388,0,1,22,26,True
46943,0,2,61498,1,2,22,40,True
46943,1,2,15751,1,2,26,40,True
46952,0,1,5066,0,1,1,6,True
46952,0,2,38882,0,1,1,31,True
46952,1,2,13986,0,2,6,31,True
46967,0,1,70890,0,2,4,22,True
46967,0,2,72395,0,1,4,23,True
46967,1,2,13440,0,1,22,23,True
46969,0,1,34991,0,1,25,25,True
46969,0,2,35075,0,1,25,25,True
46969,1,2,35857,0,1,25,25,True
46971,0,1,53899,1,2,6,24,True
46971,0,2,58287,0,1,6,24,True
46971,1,2,71614,0,1,24,24,True
46990,0,1,72919,0,2,10,10,True
46990,0,2,72919,1,2,10,10,True
46990,1,2,119,1,2,10,10,True
46992,0,1,53560,0,2,19,26,True
46992,0,2,57256,0,1,19,27,True
46992,1,2,26626,0,2,26,27,True
46993,0,1,30865,0,1,36,36,True
46993,0,2,11846,1,2,36,40,True
46993,1,2,13299,1,2,36,40,True
47002,0,1,47265,0,1,19,20,True
47002,0,2,57485,0,1,19,38,True
47002,1,2,29710,0,2,20,38,True
47004,0,1,42205,1,2,6,6,True
47004,0,2,43391,0,1,6,6,True
47004,1,2,46596,0,1,6,6,True
47017,0,1,7435,1,2,9,21,True
47017,0,2,60856,0,2,9,38,True
47017,1,2,16420,1,2,21,38,True
47030,0,1,6315,-1,0,5,15,False
47030,0,2,19605,0,1,5,20,True
47030,1,2,44975,-1,0,15,20,False
47042,0,1,11787,0,1,5,20,True
47042,0,2,42941,1,2,5,39,True
47042,1,2,6696,1,2,20,39,True
47044,0,1,11197,0,2,10,16,True
47044,0,2,13182,0,2,10,16,True
47044,1,2,47218,0,1,16,16,True
47051,0,1,47116,0,2,6,33,True
47051,0,2,29253,0,2,6,35,True
47051,1,2,70491,1,2,33,35,True
47078,0,1,58300,0,2,7,34,True
47078,0,2,66905,0,2,7,34,True
47078,1,2,2048,1,2,34,34,True
47086,0,1,62587,0,2,28,29,True
47086,0,2,71264,-1,2,28,39,False
47086,1,2,14728,1,2,29,39,True
47088,0,1,52777,0,1,7,8,True
47088,0,2,19358,0,2,7,24,True
47088,1,2,18365,0,1,8,24,True
47092,0,1,36696,0,2,10,24,True
47092,0,2,28601,0,2,10,33,True
47092,1,2,8278,1,2,24,33,True
47093,0,1,40798,1,2,23,35,True
47093,0,2,25150,-1,2,23,38,False
47093,1,2,53974,1,2,35,38,True
47095,0,1,25295,0,1,5,5,True
47095,0,2,62195,0,2,5,24,True
47095,1,2,66357,1,2,5,24,True
47101,0,1,1820,0,1,18,19,True
47101,0,2,1853,1,2,18,19,True
47101,1,2,67576,0,2,19,19,True
47116,0,1,46683,1,2,6,8,True
47116,0,2,40842,0,2,6,33,True
47116,1,2,65725,0,2,8,33,True
47121,0,1,67268,0,1,20,20,True
47121,0,2,67725,1,2,20,20,True
47121,1,2,67898,1,2,20,20,True
47122,0,1,33057,0,1,23,26,True
47122,0,2,33057,0,2,23,26,True
47122,1,2,71624,1,2,26,26,True
47125,0,1,16625,0,1,1,1,True
47125,0,2,18556,0,2,1,31,True
47125,1,2,18556,0,2,1,31,True
47128,0,1,36899,1,2,10,28,True
47128,0,2,37236,0,2,10,28,True
47128,1,2,31585,1,2,28,28,True
47130,0,1,867,1,2,30,31,True
47130,0,2,61569,0,2,30,39,True
47130,1,2,59408,0,1,31,39,True
47149,0,1,45522,0,1,4,20,True
47149,0,2,43848,0,1,4,31,True
47149,1,2,50487,0,2,20,31,True
47154,0,1,68102,1,2,14,14,True
47154,0,2,57742,0,1,14,18,True
47154,1,2,60224,0,1,14,18,True
47155,0,1,12670,0,2,11,19,True
47155,0,2,12873,0,2,11,24,True
47155,1,2,44319,0,1,19,24,True
47160,0,1,59292,0,1,17,17,True
47160,0,2,29578,1,2,17,36,True
47160,1,2,36093,1,2,17,36,True
47163,0,1,4265,0,2,1,8,True
47163,0,2,19767,0,2,1,32,True
47163,1,2,39432,0,1,8,32,True
47164,0,1,59018,0,1,13,13,True
47164,0,2,59270,1,2,13,13,True
47164,1,2,59672,1,2,13,13,True
47167,0,1,45866,1,2,39,39,True
47167,0,2,45963,1,2,39,39,True
47167,1,2,46468,1,2,39,39,True
47168,0,1,45958,1,2,26,27,True
47168,0,2,53968,0,2,26,38,True
47168,1,2,47203,0,2,27,38,True
47174,0,1,29935,0,1,2,3,True
47174,0,2,49507,0,1,2,16,True
47174,1,2,39323,0,2,3,16,True
47176,0,1,36356,1,2,11,22,True
47176,0,2,42507,0,1,11,22,True
47176,1,2,66806,0,1,22,22,True
47180,0,1,25951,1,2,33,33,True
47180,0,2,25988,0,1,33,33,True
47180,1,2,25988,0,2,33,33,True
47196,0,1,33470,1,2,34,35,True
47196,0,2,34674,0,2,34,35,True
47196,1,2,62442,1,2,35,35,True
47203,0,1,41806,1,2,27,27,True
47203,0,2,21375,0,1,27,38,True
47203,1,2,21375,0,2,27,38,True
47212,0,1,32374,0,2,28,29,True
47212,0,2,33224,1,2,28,29,True
47212,1,2,6803,0,2,29,29,True
47218,0,1,17006,0,1,16,16,True
47218,0,2,18092,1,2,16,16,True
47218,1,2,18771,1,2,16,16,True
47228,0,1,59061,1,2,6,6,True
47228,0,2,33445,0,2,6,11,True
47228,1,2,33445,1,2,6,11,True
47232,0,1,35209,0,1,9,9,True
47232,0,2,19687,0,2,9,16,True
47232,1,2,19687,1,2,9,16,True
47239,0,1,27529,0,1,3,12,True
47239,0,2,27941,0,2,3,39,True
47239,1,2,61554,0,2,12,39,True
47262,0,1,63396,0,2,7,11,True
47262,0,2,10134,0,2,7,28,True
47262,1,2,50737,0,1,11,28,True
47265,0,1,63846,1,2,19,20,True
47265,0,2,64456,0,2,19,20,True
47265,1,2,17108,1,2,20,20,True
47266,0,1,23984,0,1,5,19,True
47266,0,2,7477,0,2,5,40,True
47266,1,2,2591,0,2,19,40,True
47272,0,1,7264,0,1,1,1,True
47272,0,2,25389,0,2,1,34,True
47272,1,2,25389,1,2,1,34,True
47273,0,1,51747,0,2,9,9,True
47273,0,2,23100,0,1,9,10,True
47273,1,2,23100,0,2,9,10,True
47286,0,1,18453,1,2,28,29,True
47286,0,2,18782,0,1,28,29,True
47286,1,2,39097,0,1,29,29,True
47287,0,1,65402,0,2,1,30,True
47287,0,2,2019,0,2,1,31,True
47287,1,2,63318,1,2,30,31,True
47297,0,1,20097,1,2,19,31,True
47297,0,2,22060,0,1,19,31,True
47297,1,2,21196,0,1,31,31,True
47317,0,1,67720,0,1,18,18,True
47317,0,2,69028,0,1,18,18,True
47317,1,2,69154,0,1,18,18,True
47331,0,1,58252,-1,0,18,26,False
47331,0,2,43065,0,1,18,27,True
47331,1,2,8828,0,2,26,27,True
47337,0,1,32063,1,2,36,36,True
47337,0,2,40225,1,2,36,38,True
47337,1,2,43179,1,2,36,38,True
47338,0,1,26737,0,1,13,31,True
47338,0,2,26762,0,2,13,31,True
47338,1,2,36617,0,1,31,31,True
47349,0,1,11691,0,1,24,24,True
47349,0,2,4017,1,2,24,25,True
47349,1,2,5727,0,1,24,25,True
47362,0,1,47004,0,1,6,6,True
47362,0,2,47004,0,2,6,6,True
47362,1,2,47004,1,2,6,6,True
47369,0,1,53037,0,1,4,4,True
47369,0,2,33532,0,2,4,7,True
47369,1,2,43668,0,1,4,7,True
47372,0,1,42121,0,1,15,17,True
47372,0,2,34584,0,1,15,34,True
47372,1,2,20812,0,2,17,34,True
47400,0,1,33974,0,2,1,40,True
47400,0,2,34051,0,2,1,40,True
47400,1,2,20684,0,1,40,40,True
47412,0,1,2451,0,2,16,35,True
47412,0,2,22016,0,2,16,40,True
47412,1,2,43929,1,2,35,40,True
47425,0,1,59793,0,1,1,6,True
47425,0,2,8734,0,2,1,36,True
47425,1,2,6709,0,2,6,36,True
47434,0,1,43345,0,1,19,19,True
47434,0,2,4671,0,1,19,20,True
47434,1,2,4671,0,2,19,20,True
47444,0,1,9144,0,2,5,26,True
47444,0,2,69239,1,2,5,28,True
47444,1,2,8213,0,1,26,28,True
47460,0,1,51215,1,2,10,10,True
47460,0,2,51630,0,1,10,10,True
47460,1,2,52688,0,1,10,10,True
47465,0,1,71205,0,2,8,25,True
47465,0,2,214,0,2,8,25,True
47465,1,2,56835,0,1,25,25,True
47470,0,1,22011,0,1,17,17,True
47470,0,2,22682,0,1,17,17,True
47470,1,2,23660,0,1,17,17,True
47471,0,1,32051,0,1,3,3,True
47471,0,2,29610,-1,0,3,14,False
47471,1,2,33990,-1,1,3,14,False
47475,0,1,55172,0,1,3,9,True
47475,0,2,62654,0,1,3,29,True
47475,1,2,50200,0,2,9,29,True
47483,0,1,36332,0,1,3,18,True
47483,0,2,11376,0,2,3,19,True
47483,1,2,55993,1,2,18,19,True
47491,0,1,35839,1,2,28,28,True
47491,0,2,270,0,2,28,34,True
47491,1,2,3189,0,1,28,34,True
47495,0,1,42196,0,1,12,13,True
47495,0,2,55282,1,2,12,22,True
47495,1,2,71969,0,1,13,22,True
47503,0,1,25596,0,2,30,32,True
47503,0,2,27206,0,2,30,32,True
47503,1,2,62871,0,1,32,32,True
47509,0,1,32370,0,1,36,36,True
47509,0,2,38103,1,2,36,39,True
47509,1,2,39252,1,2,36,39,True
47512,0,1,60393,0,1,3,3,True
47512,0,2,63391,0,2,3,22,True
47512,1,2,64896,0,2,3,22,True
47528,0,1,41165,0,1,6,10,True
47528,0,2,41165,0,2,6,10,True
47528,1,2,2668,0,1,10,10,True
47540,0,1,64212,0,1,14,15,True
47540,0,2,16833,0,2,14,37,True
47540,1,2,52738,0,2,15,37,True
47542,0,1,10672,0,1,2,4,True
47542,0,2,18427,0,1,2,4,True
47542,1,2,51251,0,1,4,4,True
47558,0,1,50349,0,2,11,16,True
47558,0,2,32115,0,1,11,25,True
47558,1,2,6117,1,2,16,25,True
47559,0,1,70864,0,1,4,9,True
47559,0,2,7392,0,2,4,22,True
47559,1,2,56271,0,1,9,22,True
47560,0,1,3715,0,2,3,3,True
47560,0,2,64141,0,1,3,38,True
47560,1,2,64141,0,2,3,38,True
47561,0,1,57328,0,1,19,20,True
47561,0,2,65896,0,2,19,35,True
47561,1,2,67649,0,2,20,35,True
47570,0,1,16567,0,2,17,26,True
47570,0,2,57426,0,2,17,36,True
47570,1,2,34652,1,2,26,36,True
47583,0,1,32140,0,1,2,9,True
47583,0,2,48911,0,1,2,9,True
47583,1,2,69641,1,2,9,9,True
47621,0,1,25273,0,1,3,3,True
47621,0,2,22214,0,2,3,4,True
47621,1,2,22214,1,2,3,4,True
47639,0,1,39766,0,2,12,27,True
47639,0,2,58839,0,1,12,28,True
47639,1,2,14987,1,2,27,28,True
47658,0,1,39916,0,2,11,24,True
47658,0,2,22052,0,2,11,31,True
47658,1,2,867,0,2,24,31,True
47661,0,1,18649,0,1,6,6,True
47661,0,2,60981,0,2,6,37,True
47661,1,2,69911,0,1,6,37,True
47666,0,1,19833,1,2,6,6,True
47666,0,2,35362,0,2,6,7,True
47666,1,2,35362,1,2,6,7,True
47671,0,1,22806,0,2,6,6,True
47671,0,2,22806,1,2,6,6,True
47671,1,2,22860,0,1,6,6,True
47674,0,1,13758,0,1,1,27,True
47674,0,2,38218,1,2,1,40,True
47674,1,2,41243,1,2,27,40,True
47681,0,1,28863,1,2,20,20,True
47681,0,2,27605,1,2,20,27,True
47681,1,2,30107,0,1,20,27,True
47695,0,1,49507,0,1,2,16,True
47695,0,2,34348,0,2,2,26,True
47695,1,2,57289,0,1,16,26,True
47700,0,1,2553,0,2,13,13,True
47700,0,2,47918,0,1,13,20,True
47700,1,2,53726,0,1,13,20,True
47714,0,1,7456,0,2,11,23,True
47714,0,2,7456,1,2,11,23,True
47714,1,2,2710,0,1,23,23,True
47715,0,1,1521,0,2,15,15,True
47715,0,2,33641,0,1,15,16,True
47715,1,2,34239,0,1,15,16,True
47738,0,1,27671,1,2,17,17,True
47738,0,2,67566,0,2,17,23,True
47738,1,2,67566,1,2,17,23,True
47744,0,1,55876,0,1,5,9,True
47744,0,2,64262,0,2,5,37,True
47744,1,2,39986,-1,0,9,37,False
47761,0,1,54123,0,1,1,9,True
47761,0,2,5066,0,2,1,39,True
47761,1,2,45963,0,1,9,39,True
47769,0,1,8938,0,1,12,24,True
47769,0,2,8593,1,2,12,26,True
47769,1,2,1381,1,2,24,26,True
47778,0,1,14873,1,2,12,12,True
47778,0,2,15977,0,1,12,12,True
47778,1,2,17386,0,1,12,12,True
47785,0,1,2182,1,2,4,23,True
47785,0,2,9408,0,2,4,31,True
47785,1,2,8584,1,2,23,31,True
47791,0,1,55839,1,2,20,21,True
47791,0,2,45141,0,1,20,32,True
47791,1,2,28951,1,2,21,32,True
47792,0,1,23248,1,2,5,9,True
47792,0,2,28608,0,2,5,9,True
47792,1,2,51747,0,1,9,9,True
47800,0,1,994,1,2,14,19,True
47800,0,2,4674,0,1,14,19,True
47800,1,2,41055,0,1,19,19,True
47815,0,1,33866,0,1,12,12,True
47815,0,2,33904,0,1,12,12,True
47815,1,2,33927,0,1,12,12,True
47833,0,1,11116,1,2,34,34,True
47833,0,2,37052,0,1,34,35,True
47833,1,2,37052,0,2,34,35,True
47835,0,1,58539,0,1,13,16,True
47835,0,2,29489,0,2,13,29,True
47835,1,2,42596,0,2,16,29,True
47844,0,1,5664,0,1,7,14,True
47844,0,2,29792,0,2,7,37,True
47844,1,2,10344,1,2,14,37,True
47884,0,1,36226,0,2,6,6,True
47884,0,2,15797,0,2,6,25,True
47884,1,2,20371,0,2,6,25,True
47900,0,1,8094,0,2,8,8,True
47900,0,2,5001,0,2,8,37,True
47900,1,2,5868,0,2,8,37,True
47902,0,1,60529,0,2,10,11,True
47902,0,2,61273,0,1,10,11,True
47902,1,2,7456,0,1,11,11,True
47907,0,1,21414,0,2,34,34,True
47907,0,2,43332,1,2,34,37,True
47907,1,2,67708,0,1,34,37,True
47908,0,1,30697,0,1,4,14,True
47908,0,2,57125,0,2,4,15,True
47908,1,2,31017,0,2,14,15,True
47918,0,1,54489,0,2,13,20,True
47918,0,2,64284,1,2,13,21,True
47918,1,2,29833,0,2,20,21,True
47923,0,1,43078,0,2,1,30,True
47923,0,2,43712,0,1,1,30,True
47923,1,2,46310,0,1,30,30,True
47939,0,1,38306,1,2,2,3,True
47939,0,2,21447,0,2,2,24,True
47939,1,2,32344,0,2,3,24,True
47941,0,1,42615,0,1,18,18,True
47941,0,2,42615,0,2,18,18,True
47941,1,2,42615,1,2,18,18,True
47943,0,1,23244,0,2,32,38,True
47943,0,2,22748,0,2,32,39,True
47943,1,2,69877,0,1,38,39,True
47955,0,1,20096,1,2,9,10,True
47955,0,2,19269,0,1,9,13,True
47955,1,2,37788,0,1,10,13,True
47956,0,1,5953,1,2,5,36,True
47956,0,2,7477,0,2,5,40,True
47956,1,2,34826,1,2,36,40,True
47961,0,1,23843,1,2,13,14,True
47961,0,2,71238,1,2,13,39,True
47961,1,2,42465,0,2,14,39,True
47964,0,1,49512,1,2,21,27,True
47964,0,2,19378,1,2,21,40,True
47964,1,2,43929,0,2,27,40,True
47974,0,1,69481,0,1,4,8,True
47974,0,2,37897,0,2,4,30,True
47974,1,2,71297,0,1,8,30,True
47975,0,1,17787,0,2,15,34,True
47975,0,2,52055,0,2,15,40,True
47975,1,2,34918,1,2,34,40,True
47976,0,1,40878,1,2,23,23,True
47976,0,2,7138,1,2,23,24,True
47976,1,2,7727,0,1,23,24,True
47988,0,1,21566,0,2,4,39,True
47988,0,2,69034,1,2,4,40,True
47988,1,2,19350,1,2,39,40,True
48004,0,1,52688,1,2,10,10,True
48004,0,2,16692,1,2,10,29,True
48004,1,2,25777,0,1,10,29,True
48012,0,1,70258,0,2,8,14,True
48012,0,2,1469,0,2,8,34,True
48012,1,2,27553,0,2,14,34,True
48021,0,1,27003,0,2,3,4,True
48021,0,2,63026,0,2,3,40,True
48021,1,2,6877,0,2,4,40,True
48028,0,1,43769,0,2,3,25,True
48028,0,2,70177,0,2,3,26,True
48028,1,2,17714,0,2,25,26,True
48045,0,1,43712,1,2,30,30,True
48045,0,2,46145,0,1,30,30,True
48045,1,2,46145,0,2,30,30,True
48051,0,1,51010,0,2,19,26,True
48051,0,2,51010,1,2,19,26,True
48051,1,2,154,0,2,26,26,True
48065,0,1,20746,0,1,5,23,True
48065,0,2,47095,0,2,5,24,True
48065,1,2,7727,0,1,23,24,True
48069,0,1,10769,0,1,11,11,True
48069,0,2,16929,1,2,11,15,True
48069,1,2,37786,0,1,11,15,True
48074,0,1,21133,1,2,10,23,True
48074,0,2,39826,0,2,10,35,True
48074,1,2,23249,0,2,23,35,True
48076,0,1,36550,0,2,6,7,True
48076,0,2,47051,0,2,6,35,True
48076,1,2,11661,0,2,7,35,True
48083,0,1,58475,1,2,26,26,True
48083,0,2,58875,0,1,26,26,True
48083,1,2,59550,0,1,26,26,True
48103,0,1,45988,1,2,2,2,True
48103,0,2,46368,0,1,2,2,True
48103,1,2,46522,1,2,2,2,True
48126,0,1,18402,0,1,13,13,True
48126,0,2,38244,0,2,13,30,True
48126,1,2,45461,0,2,13,30,True
48143,0,1,25681,0,1,22,22,True
48143,0,2,26693,1,2,22,22,True
48143,1,2,27040,1,2,22,22,True
48146,0,1,41248,0,1,21,21,True
48146,0,2,50139,1,2,21,22,True
48146,1,2,52778,0,1,21,22,True
48150,0,1,5048,1,2,26,33,True
48150,0,2,67026,0,1,26,35,True
48150,1,2,34064,1,2,33,35,True
48161,0,1,11106,1,2,19,19,True
48161,0,2,12742,0,1,19,19,True
48161,1,2,13801,0,1,19,19,True
48162,0,1,60500,0,1,24,24,True
48162,0,2,40397,1,2,24,25,True
48162,1,2,42997,1,2,24,25,True
48164,0,1,46027,0,1,36,37,True
48164,0,2,46027,0,2,36,37,True
48164,1,2,20679,0,1,37,37,True
48171,0,1,69303,0,2,23,30,True
48171,0,2,69303,1,2,23,30,True
48171,1,2,6505,0,1,30,30,True
48173,0,1,68249,0,2,2,12,True
48173,0,2,470,0,1,2,12,True
48173,1,2,27099,1,2,12,12,True
48177,0,1,58615,0,1,12,16,True
48177,0,2,24532,0,1,12,17,True
48177,1,2,54477,0,1,16,17,True
48182,0,1,36876,0,1,3,5,True
48182,0,2,37872,0,1,3,5,True
48182,1,2,72530,0,1,5,5,True
48191,0,1,41446,0,2,10,12,True
48191,0,2,68515,0,1,10,38,True
48191,1,2,36549,0,1,12,38,True
48192,0,1,26021,0,2,18,27,True
48192,0,2,43075,0,1,18,39,True
48192,1,2,6945,1,2,27,39,True
48202,0,1,2019,0,2,1,31,True
48202,0,2,2114,0,2,1,31,True
48202,1,2,35304,1,2,31,31,True
48222,0,1,33068,0,2,24,25,True
48222,0,2,68806,0,2,24,29,True
48222,1,2,10216,1,2,25,29,True
48224,0,1,54682,0,1,4,10,True
48224,0,2,9277,0,2,4,39,True
48224,1,2,40521,0,2,10,39,True
48228,0,1,68652,1,2,21,27,True
48228,0,2,22283,1,2,21,36,True
48228,1,2,26900,1,2,27,36,True
48233,0,1,50537,0,1,6,9,True
48233,0,2,52097,0,2,6,10,True
48233,1,2,11367,0,1,9,10,True
48244,0,1,20466,1,2,28,33,True
48244,0,2,22784,0,2,28,34,True
48244,1,2,36685,1,2,33,34,True
48256,0,1,72937,1,2,23,26,True
48256,0,2,40486,0,1,23,34,True
48256,1,2,2048,0,1,26,34,True
48257,0,1,30140,0,1,5,5,True
48257,0,2,3925,0,1,5,26,True
48257,1,2,6984,0,2,5,26,True
48281,0,1,66691,1,2,1,1,True
48281,0,2,65255,1,2,1,33,True
48281,1,2,66315,0,1,1,33,True
48289,0,1,18120,1,2,32,32,True
48289,0,2,49654,1,2,32,36,True
48289,1,2,53629,1,2,32,36,True
48303,0,1,12237,0,1,9,18,True
48303,0,2,31344,1,2,9,22,True
48303,1,2,24041,0,2,18,22,True
48304,0,1,9150,1,2,1,6,True
48304,0,2,37592,0,2,1,23,True
48304,1,2,67455,0,2,6,23,True
48344,0,1,1196,0,2,14,32,True
48344,0,2,6865,0,1,14,32,True
48344,1,2,39621,0,1,32,32,True
48350,0,1,46599,0,2,8,34,True
48350,0,2,41062,0,2,8,40,True
48350,1,2,17637,1,2,34,40,True
48351,0,1,45734,0,2,4,37,True
48351,0,2,57578,0,2,4,40,True
48351,1,2,23865,1,2,37,40,True
48356,0,1,31574,0,1,13,13,True
48356,0,2,62846,1,2,13,39,True
48356,1,2,71238,1,2,13,39,True
48362,0,1,9799,1,2,5,6,True
48362,0,2,18838,0,1,5,22,True
48362,1,2,10319,1,2,6,22,True
48363,0,1,11571,0,2,18,32,True
48363,0,2,14449,0,2,18,32,True
48363,1,2,45970,1,2,32,32,True
48369,0,1,1390,0,1,9,15,True
48369,0,2,45065,0,2,9,29,True
48369,1,2,20773,0,2,15,29,True
48376,0,1,32697,0,2,22,23,True
48376,0,2,65878,0,1,22,23,True
48376,1,2,38091,1,2,23,23,True
48380,0,1,50473,0,2,5,24,True
48380,0,2,68477,1,2,5,39,True
48380,1,2,4834,0,1,24,39,True
48385,0,1,54846,1,2,12,12,True
48385,0,2,55092,0,1,12,12,True
48385,1,2,56926,0,1,12,12,True
48398,0,1,15454,0,1,2,3,True
48398,0,2,21635,0,2,2,28,True
48398,1,2,6071,0,2,3,28,True
48413,0,1,47792,0,2,5,9,True
48413,0,2,31000,0,2,5,35,True
48413,1,2,1361,1,2,9,35,True
48443,0,1,51027,1,2,16,16,True
48443,0,2,51967,0,1,16,16,True
48443,1,2,52274,0,1,16,16,True
48453,0,1,11205,0,1,3,28,True
48453,0,2,15770,0,2,3,29,True
48453,1,2,8835,1,2,28,29,True
48461,0,1,23775,1,2,16,38,True
48461,0,2,33040,0,1,16,38,True
48461,1,2,61048,1,2,38,38,True
48480,0,1,24172,0,1,9,13,True
48480,0,2,32440,0,1,9,30,True
48480,1,2,6458,0,1,13,30,True
48495,0,1,62054,0,1,7,8,True
48495,0,2,62054,0,2,7,8,True
48495,1,2,39643,0,1,8,8,True
48506,0,1,41838,1,2,31,31,True
48506,0,2,14457,1,2,31,32,True
48506,1,2,15683,1,2,31,32,True
48513,0,1,31350,0,1,26,27,True
48513,0,2,31707,0,1,26,27,True
48513,1,2,5192,1,2,27,27,True
48515,0,1,44776,1,2,20,20,True
48515,0,2,25969,1,2,20,27,True
48515,1,2,26359,0,1,20,27,True
48524,0,1,18476,0,1,12,31,True
48524,0,2,20382,0,2,12,31,True
48524,1,2,50199,0,2,31,31,True
48532,0,1,8994,0,2,17,24,True
48532,0,2,60104,0,1,17,36,True
48532,1,2,35076,0,1,24,36,True
48533,0,1,6752,0,2,4,4,True
48533,0,2,21341,0,2,4,16,True
48533,1,2,23931,0,1,4,16,True
48539,0,1,64367,0,2,9,37,True
48539,0,2,2044,0,2,9,37,True
48539,1,2,39439,1,2,37,37,True
48553,0,1,34892,1,2,35,35,True
48553,0,2,37052,1,2,35,35,True
48553,1,2,37384,0,1,35,35,True
48558,0,1,62863,1,2,13,24,True
48558,0,2,31829,0,2,13,40,True
48558,1,2,12867,1,2,24,40,True
48563,0,1,43078,1,2,8,30,True
48563,0,2,46667,1,2,8,30,True
48563,1,2,28161,0,1,30,30,True
48566,0,1,64331,0,1,1,2,True
48566,0,2,61881,1,2,1,15,True
48566,1,2,57672,0,1,2,15,True
48574,0,1,10019,1,2,6,7,True
48574,0,2,72653,0,2,6,38,True
48574,1,2,54595,0,2,7,38,True
48602,0,1,969,0,2,4,22,True
48602,0,2,21520,0,2,4,34,True
48602,1,2,32916,0,2,22,34,True
48606,0,1,27873,0,1,3,27,True
48606,0,2,60312,1,2,3,35,True
48606,1,2,18486,0,1,27,35,True
48608,0,1,8447,1,2,10,10,True
48608,0,2,42151,0,1,10,17,True
48608,1,2,45802,0,1,10,17,True
48612,0,1,20423,0,1,10,10,True
48612,0,2,22168,1,2,10,10,True
48612,1,2,22196,0,1,10,10,True
48631,0,1,40977,0,1,4,16,True
48631,0,2,58671,0,2,4,20,True
48631,1,2,33017,0,1,16,20,True
48634,0,1,44284,0,2,12,22,True
48634,0,2,45683,0,2,12,27,True
48634,1,2,49828,1,2,22,27,True
48640,0,1,27149,0,2,3,8,True
48640,0,2,43958,0,2,3,18,True
48640,1,2,1346,0,2,8,18,True
48655,0,1,67444,1,2,8,8,True
48655,0,2,41924,0,1,8,16,True
48655,1,2,41924,0,1,8,16,True
48656,0,1,41960,0,2,36,36,True
48656,0,2,41960,1,2,36,36,True
48656,1,2,42216,1,2,36,36,True
48696,0,1,17636,0,1,14,14,True
48696,0,2,29017,0,2,14,31,True
48696,1,2,29017,1,2,14,31,True
48697,0,1,52257,0,2,15,25,True
48697,0,2,49810,0,1,15,29,True
48697,1,2,48222,1,2,25,29,True
48701,0,1,47203,1,2,27,38,True
48701,0,2,52107,1,2,27,38,True
48701,1,2,10933,1,2,38,38,True
48702,0,1,11068,0,2,7,9,True
48702,0,2,20827,0,1,7,9,True
48702,1,2,65098,0,1,9,9,True
48706,0,1,33972,1,2,24,25,True
48706,0,2,36307,1,2,24,25,True
48706,1,2,38370,0,1,25,25,True
48714,0,1,68862,1,2,15,16,True
48714,0,2,69195,0,1,15,16,True
48714,1,2,34640,0,1,16,16,True
48729,0,1,28701,0,1,6,22,True
48729,0,2,20532,0,2,6,31,True
48729,1,2,53939,0,2,22,31,True
48740,0,1,58452,1,2,16,23,True
48740,0,2,60105,1,2,16,23,True
48740,1,2,10793,0,1,23,23,True
48743,0,1,23114,0,1,13,14,True
48743,0,2,398,1,2,13,27,True
48743,1,2,59281,1,2,14,27,True
48746,0,1,39157,0,2,10,29,True
48746,0,2,39157,1,2,10,29,True
48746,1,2,20282,0,1,29,29,True
48747,0,1,18121,0,1,13,13,True
48747,0,2,18402,0,1,13,13,True
48747,1,2,18402,0,2,13,13,True
48754,0,1,52806,0,1,4,15,True
48754,0,2,57125,0,2,4,15,True
48754,1,2,8131,0,1,15,15,True
48783,0,1,36520,1,2,26,26,True
48783,0,2,44404,0,2,26,38,True
48783,1,2,45880,1,2,26,38,True
48791,0,1,68033,1,2,17,25,True
48791,0,2,40301,0,2,17,28,True
48791,1,2,16782,0,1,25,28,True
48794,0,1,43753,0,1,18,19,True
48794,0,2,43753,0,2,18,19,True
48794,1,2,61820,1,2,19,19,True
48795,0,1,34144,1,2,13,13,True
48795,0,2,34801,0,1,13,13,True
48795,1,2,34801,0,2,13,13,True
48811,0,1,32168,0,1,4,6,True
48811,0,2,37897,0,2,4,30,True
48811,1,2,51372,0,2,6,30,True
48819,0,1,57550,0,2,10,17,True
48819,0,2,24687,1,2,10,33,True
48819,1,2,64987,0,1,17,33,True
48826,0,1,17497,1,2,25,25,True
48826,0,2,17600,0,1,25,25,True
48826,1,2,17600,0,2,25,25,True
48851,0,1,27513,0,1,5,21,True
48851,0,2,40996,0,2,5,33,True
48851,1,2,52364,1,2,21,33,True
48853,0,1,49081,1,2,21,22,True
48853,0,2,50139,1,2,21,22,True
48853,1,2,8144,1,2,22,22,True
48858,0,1,26100,0,1,6,7,True
48858,0,2,26100,0,2,6,7,True
48858,1,2,64850,1,2,7,7,True
48859,0,1,41358,0,1,7,25,True
48859,0,2,23588,0,2,7,35,True
48859,1,2,36676,1,2,25,35,True
48865,0,1,42941,0,1,4,5,True
48865,0,2,4905,0,2,4,27,True
48865,1,2,65536,0,1,5,27,True
48882,0,1,52187,1,2,37,38,True
48882,0,2,53626,0,2,37,40,True
48882,1,2,45351,1,2,38,40,True
48911,0,1,65348,0,1,2,9,True
48911,0,2,32140,0,2,2,10,True
48911,1,2,32140,1,2,9,10,True
48918,0,1,42384,0,1,1,6,True
48918,0,2,18741,0,2,1,14,True
48918,1,2,6626,1,2,6,14,True
48922,0,1,11790,1,2,37,38,True
48922,0,2,14299,1,2,37,38,True
48922,1,2,25999,1,2,38,38,True
48925,0,1,57626,0,2,7,27,True
48925,0,2,60070,0,1,7,39,True
48925,1,2,72435,1,2,27,39,True
48937,0,1,15529,0,1,22,22,True
48937,0,2,15529,0,2,22,22,True
48937,1,2,15529,1,2,22,22,True
48992,0,1,29283,1,2,31,33,True
48992,0,2,70408,1,2,31,34,True
48992,1,2,20467,0,2,33,34,True
49019,0,1,70795,0,1,34,34,True
49019,0,2,70795,0,2,34,34,True
49019,1,2,70795,1,2,34,34,True
49020,0,1,53751,0,1,16,17,True
49020,0,2,54212,0,1,16,17,True
49020,1,2,11980,0,1,17,17,True
49059,0,1,9142,0,2,7,26,True
49059,0,2,28477,1,2,7,32,True
49059,1,2,2569,1,2,26,32,True
49063,0,1,18838,1,2,22,25,True
49063,0,2,11847,1,2,22,38,True
49063,1,2,68042,0,2,25,38,True
49069,0,1,15236,0,1,5,6,True
49069,0,2,48413,0,2,5,35,True
49069,1,2,6709,0,1,6,35,True
49072,0,1,22588,1,2,24,24,True
49072,0,2,22900,1,2,24,24,True
49072,1,2,25487,1,2,24,24,True
49081,0,1,7435,1,2,9,21,True
49081,0,2,36927,0,1,9,22,True
49081,1,2,16584,0,2,21,22,True
49104,0,1,32794,0,1,15,16,True
49104,0,2,33242,1,2,15,16,True
49104,1,2,35579,1,2,16,16,True
49123,0,1,61989,0,2,3,33,True
49123,0,2,72002,0,2,3,38,True
49123,1,2,67428,0,2,33,38,True
49131,0,1,44485,1,2,16,16,True
49131,0,2,11984,0,1,16,17,True
49131,1,2,12355,1,2,16,17,True
49143,0,1,23185,0,2,7,11,True
49143,0,2,52586,0,2,7,40,True
49143,1,2,56578,0,1,11,40,True
49144,0,1,9971,0,2,9,20,True
49144,0,2,31661,0,2,9,33,True
49144,1,2,56869,1,2,20,33,True
49146,0,1,57872,0,2,6,13,True
49146,0,2,63047,0,2,6,38,True
49146,1,2,25651,0,2,13,38,True
49153,0,1,66579,0,2,12,17,True
49153,0,2,59344,1,2,12,33,True
49153,1,2,48819,1,2,17,33,True
49170,0,1,58169,0,1,1,4,True
49170,0,2,58169,0,1,1,4,True
49170,1,2,6991,1,2,4,4,True
49175,0,1,4140,0,2,17,24,True
49175,0,2,30904,1,2,17,35,True
49175,1,2,28363,1,2,24,35,True
49178,0,1,9942,1,2,13,17,True
49178,0,2,25651,0,2,13,38,True
49178,1,2,37046,0,2,17,38,True
49195,0,1,34509,0,1,6,6,True
49195,0,2,6750,-1,0,6,22,False
49195,1,2,6750,-1,1,6,22,False
49204,0,1,43712,0,1,1,30,True
49204,0,2,43712,0,2,1,30,True
49204,1,2,6505,0,2,30,30,True
49212,0,1,36542,1,2,8,17,True
49212,0,2,35682,0,1,8,32,True
49212,1,2,25085,0,2,17,32,True
49213,0,1,29238,0,2,11,18,True
49213,0,2,66699,0,1,11,24,True
49213,1,2,4140,1,2,18,24,True
49226,0,1,7533,0,1,15,24,True
49226,0,2,7265,0,1,15,27,True
49226,1,2,33746,0,1,24,27,True
49229,0,1,62260,0,1,28,28,True
49229,0,2,62607,1,2,28,28,True
49229,1,2,63491,0,1,28,28,True
49232,0,1,3506,0,2,3,21,True
49232,0,2,38466,0,2,3,38,True
49232,1,2,34521,0,2,21,38,True
49242,0,1,4953,1,2,39,39,True
49242,0,2,6010,1,2,39,39,True
49242,1,2,6011,1,2,39,39,True
49256,0,1,50850,0,1,4,4,True
49256,0,2,52733,0,1,4,4,True
49256,1,2,65609,0,1,4,4,True
49257,0,1,43667,0,2,4,5,True
49257,0,2,37143,0,2,4,26,True
49257,1,2,39854,0,2,5,26,True
49258,0,1,50452,0,2,19,23,True
49258,0,2,31170,1,2,19,24,True
49258,1,2,27038,1,2,23,24,True
49259,0,1,40013,0,2,3,31,True
49259,0,2,42823,0,1,3,36,True
49259,1,2,63772,1,2,31,36,True
49275,0,1,9347,0,2,4,32,True
49275,0,2,16752,0,2,4,32,True
49275,1,2,54138,1,2,32,32,True
49282,0,1,54907,0,1,21,21,True
49282,0,2,29703,0,2,21,24,True
49282,1,2,29736,1,2,21,24,True
49287,0,1,27071,1,2,22,22,True
49287,0,2,27871,1,2,22,22,True
49287,1,2,28138,1,2,22,22,True
49292,0,1,27539,0,1,25,26,True
49292,0,2,66376,0,1,25,27,True
49292,1,2,13065,0,2,26,27,True
49313,0,1,6137,0,1,23,23,True
49313,0,2,6873,1,2,23,23,True
49313,1,2,7138,0,1,23,23,True
49315,0,1,16800,0,2,29,29,True
49315,0,2,13587,1,2,29,30,True
49315,1,2,15632,1,2,29,30,True
49337,0,1,35839,1,2,28,28,True
49337,0,2,36261,1,2,28,28,True
49337,1,2,36589,1,2,28,28,True
49346,0,1,24441,0,1,33,33,True
49346,0,2,24441,0,2,33,33,True
49346,1,2,24441,1,2,33,33,True
49348,0,1,25717,1,2,7,7,True
49348,0,2,70281,0,2,7,8,True
49348,1,2,71502,0,1,7,8,True
49351,0,1,53071,0,1,3,11,True
49351,0,2,10517,0,2,3,23,True
49351,1,2,66314,0,2,11,23,True
49352,0,1,30415,0,1,37,37,True
49352,0,2,30657,1,2,37,37,True
49352,1,2,30661,0,1,37,37,True
49374,0,1,45375,0,2,23,24,True
49374,0,2,2113,1,2,23,36,True
49374,1,2,15718,0,1,24,36,True
49375,0,1,61948,1,2,39,39,True
49375,0,2,63136,1,2,39,39,True
49375,1,2,63243,0,1,39,39,True
49387,0,1,62951,0,1,23,25,True
49387,0,2,64669,1,2,23,31,True
49387,1,2,60816,1,2,25,31,True
49394,0,1,39591,0,2,8,16,True
49394,0,2,41079,0,1,8,16,True
49394,1,2,68928,1,2,16,16,True
49397,0,1,18887,0,1,1,7,True
49397,0,2,34011,0,2,1,15,True
49397,1,2,71285,0,1,7,15,True
49406,0,1,71063,0,2,22,23,True
49406,0,2,71063,1,2,22,23,True
49406,1,2,9794,1,2,23,23,True
49413,0,1,70775,0,1,3,4,True
49413,0,2,2711,0,2,3,24,True
49413,1,2,39454,0,1,4,24,True
49415,0,1,37385,1,2,22,22,True
49415,0,2,4950,0,1,22,23,True
49415,1,2,7875,0,1,22,23,True
49417,0,1,4561,1,2,14,15,True
49417,0,2,36020,0,2,14,20,True
49417,1,2,34592,1,2,15,20,True
49422,0,1,28744,0,1,18,23,True
49422,0,2,29303,1,2,18,35,True
49422,1,2,39420,0,2,23,35,True
49424,0,1,65629,0,2,19,20,True
49424,0,2,65629,1,2,19,20,True
49424,1,2,23319,0,1,20,20,True
49429,0,1,42507,0,2,11,22,True
49429,0,2,34668,0,2,11,29,True
49429,1,2,60699,0,1,22,29,True
49431,0,1,6010,1,2,39,39,True
49431,0,2,67508,1,2,39,40,True
49431,1,2,72715,1,2,39,40,True
49436,0,1,9529,0,1,9,9,True
49436,0,2,13766,0,2,9,40,True
49436,1,2,24384,0,1,9,40,True
49440,0,1,19079,1,2,13,28,True
49440,0,2,17604,0,1,13,29,True
49440,1,2,54202,0,1,28,29,True
49446,0,1,62481,0,2,30,32,True
49446,0,2,40337,1,2,30,34,True
49446,1,2,71175,0,1,32,34,True
49449,0,1,39101,0,2,28,35,True
49449,0,2,40844,0,2,28,35,True
49449,1,2,37384,1,2,35,35,True
49453,0,1,46443,0,1,1,7,True
49453,0,2,46857,0,2,1,20,True
49453,1,2,11005,0,2,7,20,True
49458,0,1,4140,0,1,17,18,True
49458,0,2,5007,0,1,17,18,True
49458,1,2,2039,0,2,18,18,True
49468,0,1,63815,0,1,10,10,True
49468,0,2,51153,1,2,10,15,True
49468,1,2,51841,0,1,10,15,True
49474,0,1,38380,0,2,17,17,True
49474,0,2,60063,0,1,17,18,True
49474,1,2,41540,1,2,17,18,True
49475,0,1,55501,0,1,9,12,True
49475,0,2,18170,0,1,9,23,True
49475,1,2,28276,1,2,12,23,True
49479,0,1,40550,1,2,6,6,True
49479,0,2,41826,0,1,6,6,True
49479,1,2,41896,0,1,6,6,True
49485,0,1,61461,1,2,12,12,True
49485,0,2,69158,0,1,12,30,True
49485,1,2,69158,0,2,12,30,True
49507,0,1,26331,0,2,2,16,True
49507,0,2,57577,0,2,2,23,True
49507,1,2,58452,0,2,16,23,True
49508,0,1,18415,0,1,14,15,True
49508,0,2,46915,1,2,14,20,True
49508,1,2,49708,0,1,15,20,True
49510,0,1,57462,1,2,30,33,True
49510,0,2,34052,0,1,30,37,True
49510,1,2,35279,1,2,33,37,True
49512,0,1,16833,0,1,14,21,True
49512,0,2,25443,0,2,14,27,True
49512,1,2,26091,1,2,21,27,True
49530,0,1,51597,0,1,20,23,True
49530,0,2,53332,0,1,20,23,True
49530,1,2,62180,0,2,23,23,True
49531,0,1,72983,0,2,2,28,True
49531,0,2,72105,0,1,2,29,True
49531,1,2,46442,1,2,28,29,True
49535,0,1,67423,0,1,5,31,True
49535,0,2,16434,1,2,5,36,True
49535,1,2,70705,0,2,31,36,True
49570,0,1,41394,0,2,2,26,True
49570,0,2,41394,1,2,2,26,True
49570,1,2,27051,1,2,26,26,True
49575,0,1,15688,0,2,3,4,True
49575,0,2,43958,0,1,3,8,True
49575,1,2,8444,0,1,4,8,True
49576,0,1,53340,1,2,31,31,True
49576,0,2,53380,0,1,31,31,True
49576,1,2,53380,0,2,31,31,True
49577,0,1,65647,1,2,8,8,True
49577,0,2,48563,0,1,8,30,True
49577,1,2,48563,0,2,8,30,True
49582,0,1,37259,0,1,8,21,True
49582,0,2,56368,0,1,8,25,True
49582,1,2,58156,1,2,21,25,True
49600,0,1,58155,1,2,23,23,True
49600,0,2,61256,0,1,23,23,True
49600,1,2,61256,0,2,23,23,True
49603,0,1,6067,1,2,5,5,True
49603,0,2,6282,0,1,5,5,True
49603,1,2,6282,0,2,5,5,True
49616,0,1,4427,0,2,7,7,True
49616,0,2,4427,1,2,7,7,True
49616,1,2,5345,0,1,7,7,True
49654,0,1,22497,1,2,16,32,True
49654,0,2,59396,0,1,16,36,True
49654,1,2,53629,1,2,32,36,True
49664,0,1,49287,0,2,22,22,True
49664,0,2,49287,1,2,22,22,True
49664,1,2,49415,0,1,22,22,True
49667,0,1,62370,0,2,26,26,True
49667,0,2,40027,1,2,26,33,True
49667,1,2,41819,0,2,26,33,True
49669,0,1,59465,0,2,17,27,True
49669,0,2,61768,0,2,17,27,True
49669,1,2,44126,0,1,27,27,True
49678,0,1,72089,0,2,3,3,True
49678,0,2,72089,1,2,3,3,True
49678,1,2,8238,0,1,3,3,True
49700,0,1,19899,0,2,15,16,True
49700,0,2,19899,1,2,15,16,True
49700,1,2,45266,0,1,16,16,True
49702,0,1,68553,0,1,25,30,True
49702,0,2,68553,0,2,25,30,True
49702,1,2,6759,1,2,30,30,True
49705,0,1,39645,0,2,3,3,True
49705,0,2,39645,1,2,3,3,True
49705,1,2,40013,0,1,3,3,True
49708,0,1,49508,1,2,15,20,True
49708,0,2,49822,0,1,15,30,True
49708,1,2,42945,0,2,20,30,True
49712,0,1,14275,1,2,21,21,True
49712,0,2,16691,0,1,21,21,True
49712,1,2,17041,1,2,21,21,True
49713,0,1,72074,0,1,2,3,True
49713,0,2,56053,1,2,2,20,True
49713,1,2,58883,0,1,3,20,True
49714,0,1,18506,1,2,32,32,True
49714,0,2,19137,1,2,32,32,True
49714,1,2,20034,1,2,32,32,True
49717,0,1,33532,0,2,4,7,True
49717,0,2,52025,0,2,4,8,True
49717,1,2,33885,0,2,7,8,True
49723,0,1,19285,0,2,25,25,True
49723,0,2,70706,1,2,25,40,True
49723,1,2,4899,0,2,25,40,True
49724,0,1,28710,0,1,1,1,True
49724,0,2,29699,0,1,1,1,True
49724,1,2,32141,0,1,1,1,True
49727,0,1,65001,0,2,24,28,True
49727,0,2,65001,1,2,24,28,True
49727,1,2,34626,1,2,28,28,True
49748,0,1,28399,0,1,1,25,True
49748,0,2,38040,0,1,1,25,True
49748,1,2,23072,0,1,25,25,True
49754,0,1,21690,0,2,1,24,True
49754,0,2,47425,0,2,1,36,True
49754,1,2,23204,1,2,24,36,True
49758,0,1,22460,0,2,1,38,True
49758,0,2,25277,0,2,1,40,True
49758,1,2,41400,0,2,38,40,True
49760,0,1,57994,-1,0,15,28,False
49760,0,2,64148,0,2,15,40,True
49760,1,2,22303,0,2,28,40,True
49767,0,1,14361,1,2,5,5,True
49767,0,2,8960,0,2,5,39,True
49767,1,2,10797,0,2,5,39,True
49768,0,1,22391,1,2,8,14,True
49768,0,2,69959,0,1,8,27,True
49768,1,2,21541,0,2,14,27,True
49777,0,1,67950,0,1,18,25,True
49777,0,2,69698,0,1,18,25,True
49777,1,2,36676,0,1,25,25,True
49793,0,1,30596,0,2,19,32,True
49793,0,2,40636,0,1,19,32,True
49793,1,2,43069,0,1,32,32,True
49796,0,1,19572,0,1,29,30,True
49796,0,2,20049,0,1,29,30,True
49796,1,2,38323,1,2,30,30,True
49797,0,1,6332,1,2,28,31,True
49797,0,2,53553,1,2,28,32,True
49797,1,2,32823,0,1,31,32,True
49810,0,1,48697,0,2,15,29,True
49810,0,2,52738,0,1,15,29,True
49810,1,2,39459,1,2,29,29,True
49821,0,1,41806,1,2,27,27,True
49821,0,2,69959,1,2,27,33,True
49821,1,2,72795,0,1,27,33,True
49822,0,1,10562,0,2,15,30,True
49822,0,2,12184,0,2,15,32,True
49822,1,2,31905,0,1,30,32,True
49824,0,1,25305,1,2,15,37,True
49824,0,2,45513,0,2,15,39,True
49824,1,2,63994,1,2,37,39,True
49828,0,1,4429,0,1,17,22,True
49828,0,2,49669,0,1,17,27,True
49828,1,2,38338,0,2,22,27,True
49838,0,1,4899,1,2,39,40,True
49838,0,2,6504,1,2,39,40,True
49838,1,2,487,1,2,40,40,True
49839,0,1,25141,0,2,15,40,True
49839,0,2,25333,0,2,15,40,True
49839,1,2,1726,1,2,40,40,True
49841,0,1,19829,0,2,3,31,True
49841,0,2,69162,0,2,3,40,True
49841,1,2,12178,0,2,31,40,True
49844,0,1,35592,0,1,9,9,True
49844,0,2,23165,0,2,9,32,True
49844,1,2,24607,0,2,9,32,True
49856,0,1,71593,1,2,20,20,True
49856,0,2,72930,1,2,20,20,True
49856,1,2,295,0,1,20,20,True
49896,0,1,3605,0,2,6,18,True
49896,0,2,5649,0,1,6,29,True
49896,1,2,23392,0,2,18,29,True
49902,0,1,43335,0,2,20,39,True
49902,0,2,46602,0,2,20,39,True
49902,1,2,58675,0,1,39,39,True
49905,0,1,3852,1,2,21,29,True
49905,0,2,5558,0,2,21,36,True
49905,1,2,50644,1,2,29,36,True
49911,0,1,24948,1,2,15,15,True
49911,0,2,25305,0,1,15,15,True
49911,1,2,25333,0,1,15,15,True
49913,0,1,41714,0,2,20,37,True
49913,0,2,50659,0,2,20,37,True
49913,1,2,6557,0,2,37,37,True
49924,0,1,20243,0,2,11,11,True
49924,0,2,62446,1,2,11,27,True
49924,1,2,63723,1,2,11,27,True
49925,0,1,46469,0,1,7,7,True
49925,0,2,46469,0,2,7,7,True
49925,1,2,46469,1,2,7,7,True
49927,0,1,71151,0,2,23,24,True
49927,0,2,71151,1,2,23,24,True
49927,1,2,71586,0,2,24,24,True
49933,0,1,34781,1,2,6,19,True
49933,0,2,45588,0,2,6,32,True
49933,1,2,69302,0,2,19,32,True
49934,0,1,59792,0,1,2,9,True
49934,0,2,34476,1,2,2,17,True
49934,1,2,35592,1,2,9,17,True
49935,0,1,56910,0,2,9,38,True
49935,0,2,56910,1,2,9,38,True
49935,1,2,69318,1,2,38,38,True
49943,0,1,71669,0,1,13,35,True
49943,0,2,9373,0,2,13,36,True
49943,1,2,40628,1,2,35,36,True
49951,0,1,28862,1,2,11,11,True
49951,0,2,9942,0,1,11,13,True
49951,1,2,11805,0,1,11,13,True
49958,0,1,13758,1,2,27,31,True
49958,0,2,39748,0,2,27,36,True
49958,1,2,10917,0,1,31,36,True
49963,0,1,1450,0,2,14,37,True
49963,0,2,10344,0,2,14,37,True
49963,1,2,29719,0,1,37,37,True
49972,0,1,42392,1,2,9,9,True
49972,0,2,43095,0,1,9,9,True
49972,1,2,43196,0,1,9,9,True
49975,0,1,26200,0,2,33,33,True
49975,0,2,26200,1,2,33,33,True
49975,1,2,26736,0,1,33,33,True
49988,0,1,62548,0,2,4,12,True
49988,0,2,33903,0,2,4,14,True
49988,1,2,38046,1,2,12,14,True
49998,0,1,71181,0,1,31,35,True
49998,0,2,71181,0,2,31,35,True
49998,1,2,26904,0,1,35,35,True
50002,0,1,30321,1,2,9,9,True
50002,0,2,70488,0,2,9,35,True
50002,1,2,72201,0,1,9,35,True
50005,0,1,28149,0,1,1,4,True
50005,0,2,27901,0,2,1,40,True
50005,1,2,72791,0,2,4,40,True
50012,0,1,3402,0,2,18,19,True
50012,0,2,33507,0,1,18,32,True
50012,1,2,53822,1,2,19,32,True
50015,0,1,12886,1,2,35,35,True
50015,0,2,14565,1,2,35,35,True
50015,1,2,15331,0,1,35,35,True
50046,0,1,33360,1,2,12,13,True
50046,0,2,67388,0,2,12,31,True
50046,1,2,26417,1,2,13,31,True
50050,0,1,8627,1,2,15,21,True
50050,0,2,12469,1,2,15,40,True
50050,1,2,42950,0,2,21,40,True
50071,0,1,51834,1,2,14,14,True
50071,0,2,51933,0,1,14,14,True
50071,1,2,52060,0,1,14,14,True
50095,0,1,42462,0,1,3,15,True
50095,0,2,53876,0,2,3,36,True
50095,1,2,58710,0,2,15,36,True
50102,0,1,17681,0,1,1,1,True
50102,0,2,9860,0,1,1,10,True
50102,1,2,11880,0,1,1,10,True
50113,0,1,11018,0,2,1,17,True
50113,0,2,63772,0,1,1,31,True
50113,1,2,57097,0,2,17,31,True
50139,0,1,10464,0,2,2,21,True
50139,0,2,31976,0,2,2,22,True
50139,1,2,37267,1,2,21,22,True
50152,0,1,56102,0,1,5,24,True
50152,0,2,39302,0,2,5,33,True
50152,1,2,67078,0,2,24,33,True
50154,0,1,52187,1,2,37,38,True
50154,0,2,52831,0,2,37,38,True
50154,1,2,15292,0,1,38,38,True
50172,0,1,41062,1,2,8,40,True
50172,0,2,48350,0,2,8,40,True
50172,1,2,66767,1,2,40,40,True
50177,0,1,17372,0,2,33,34,True
50177,0,2,18094,1,2,33,34,True
50177,1,2,20100,1,2,34,34,True
50178,0,1,51026,0,2,2,21,True
50178,0,2,51026,1,2,2,21,True
50178,1,2,52354,0,1,21,21,True
50182,0,1,11147,1,2,10,10,True
50182,0,2,12367,1,2,10,10,True
50182,1,2,13917,0,1,10,10,True
50199,0,1,9563,0,2,31,31,True
50199,0,2,9563,1,2,31,31,True
50199,1,2,9758,1,2,31,31,True
50200,0,1,21387,0,1,9,11,True
50200,0,2,63542,0,2,9,29,True
50200,1,2,15895,0,1,11,29,True
50203,0,1,39490,0,2,17,36,True
50203,0,2,22452,1,2,17,39,True
50203,1,2,66209,-1,2,36,39,False
50207,0,1,60588,0,1,22,24,True
50207,0,2,38889,0,1,22,30,True
50207,1,2,1410,1,2,24,30,True
50210,0,1,15182,0,2,16,16,True
50210,0,2,13879,1,2,16,19,True
50210,1,2,13879,1,2,16,19,True
50229,0,1,47362,1,2,6,6,True
50229,0,2,60544,0,1,6,17,True
50229,1,2,61090,0,1,6,17,True
50257,0,1,63936,1,2,6,6,True
50257,0,2,64318,0,1,6,6,True
50257,1,2,64318,0,2,6,6,True
50259,0,1,33426,1,2,13,13,True
50259,0,2,17604,0,1,13,29,True
50259,1,2,29489,0,2,13,29,True
50265,0,1,19237,0,1,21,21,True
50265,0,2,19451,0,1,21,21,True
50265,1,2,19451,0,2,21,21,True
50282,0,1,23748,0,2,1,11,True
50282,0,2,68715,1,2,1,26,True
50282,1,2,17426,0,1,11,26,True
50289,0,1,12655,0,1,8,13,True
50289,0,2,48563,0,1,8,30,True
50289,1,2,9373,0,1,13,30,True
50291,0,1,1991,1,2,8,25,True
50291,0,2,41062,1,2,8,40,True
50291,1,2,22478,1,2,25,40,True
50323,0,1,61885,1,2,25,29,True
50323,0,2,32570,0,2,25,37,True
50323,1,2,26946,0,1,29,37,True
50327,0,1,66340,1,2,35,35,True
50327,0,2,66518,0,1,35,35,True
50327,1,2,66518,0,2,35,35,True
50330,0,1,40881,1,2,37,37,True
50330,0,2,57894,0,2,37,39,True
50330,1,2,57894,1,2,37,39,True
50349,0,1,6406,0,1,11,11,True
50349,0,2,42437,0,2,11,16,True
50349,1,2,43352,1,2,11,16,True
50365,0,1,35490,0,1,9,9,True
50365,0,2,13919,0,2,9,10,True
50365,1,2,13919,1,2,9,10,True
50385,0,1,32501,0,2,7,7,True
50385,0,2,37535,0,2,7,9,True
50385,1,2,37535,1,2,7,9,True
50415,0,1,59441,0,2,7,27,True
50415,0,2,9458,0,2,7,35,True
50415,1,2,51580,0,2,27,35,True
50433,0,1,53510,0,1,1,9,True
50433,0,2,31220,0,2,1,22,True
50433,1,2,55425,0,2,9,22,True
50448,0,1,53546,0,1,22,22,True
50448,0,2,37542,0,1,22,23,True
50448,1,2,37542,0,2,22,23,True
50452,0,1,41613,0,1,19,23,True
50452,0,2,41822,0,1,19,23,True
50452,1,2,28939,1,2,23,23,True
50459,0,1,71860,0,1,5,21,True
50459,0,2,11235,0,2,5,21,True
50459,1,2,19451,0,2,21,21,True
50466,0,1,44351,0,1,7,17,True
50466,0,2,15649,0,2,7,37,True
50466,1,2,50717,1,2,17,37,True
50473,0,1,33194,1,2,5,6,True
50473,0,2,29325,0,2,5,24,True
50473,1,2,20371,0,1,6,24,True
50474,0,1,9267,0,2,24,24,True
50474,0,2,54536,1,2,24,31,True
50474,1,2,58591,1,2,24,31,True
50487,0,1,51542,0,1,20,21,True
50487,0,2,19430,0,2,20,31,True
50487,1,2,16288,1,2,21,31,True
50507,0,1,72074,1,2,3,3,True
50507,0,2,200,0,1,3,3,True
50507,1,2,206,0,1,3,3,True
50515,0,1,31344,0,1,6,9,True
50515,0,2,35481,0,2,6,26,True
50515,1,2,69776,0,1,9,26,True
50520,0,1,38129,0,2,4,28,True
50520,0,2,39970,0,2,4,28,True
50520,1,2,2876,0,1,28,28,True
50537,0,1,53785,0,1,6,9,True
50537,0,2,64977,0,1,6,9,True
50537,1,2,35490,0,1,9,9,True
50539,0,1,68212,0,2,7,28,True
50539,0,2,2437,0,2,7,28,True
50539,1,2,13805,1,2,28,28,True
50541,0,1,59940,0,2,9,18,True
50541,0,2,59940,1,2,9,18,True
50541,1,2,14128,1,2,18,18,True
50549,0,1,30085,0,2,5,16,True
50549,0,2,18838,0,1,5,22,True
50549,1,2,57701,0,1,16,22,True
50553,0,1,484,0,1,10,10,True
50553,0,2,71004,0,1,10,11,True
50553,1,2,71275,0,1,10,11,True
50569,0,1,51571,0,1,15,15,True
50569,0,2,19899,0,2,15,16,True
50569,1,2,19899,1,2,15,16,True
50577,0,1,50537,1,2,9,9,True
50577,0,2,21123,0,1,9,18,True
50577,1,2,21123,0,2,9,18,True
50579,0,1,71015,1,2,4,29,True
50579,0,2,7062,0,1,4,29,True
50579,1,2,8886,0,1,29,29,True
50584,0,1,27360,0,1,29,33,True
50584,0,2,46516,1,2,29,35,True
50584,1,2,38469,0,2,33,35,True
50593,0,1,409,0,2,1,21,True
50593,0,2,58405,1,2,1,37,True
50593,1,2,19237,0,2,21,37,True
50599,0,1,42538,1,2,26,26,True
50599,0,2,45298,0,2,26,37,True
50599,1,2,53968,0,1,26,37,True
50604,0,1,52371,1,2,6,6,True
50604,0,2,65468,0,2,6,14,True
50604,1,2,67860,0,2,6,14,True
50610,0,1,7940,0,1,1,3,True
50610,0,2,8734,0,1,1,3,True
50610,1,2,38898,0,1,3,3,True
50614,0,1,52921,0,1,9,17,True
50614,0,2,56415,0,2,9,26,True
50614,1,2,16567,1,2,17,26,True
50616,0,1,32148,0,1,26,27,True
50616,0,2,59550,1,2,26,31,True
50616,1,2,63241,0,1,27,31,True
50622,0,1,15865,0,1,12,17,True
50622,0,2,65417,0,1,12,18,True
50622,1,2,41540,1,2,17,18,True
50632,0,1,12887,0,1,4,15,True
50632,0,2,12887,0,2,4,15,True
50632,1,2,6156,1,2,15,15,True
50644,0,1,14475,0,2,1,29,True
50644,0,2,15555,1,2,1,36,True
50644,1,2,58102,1,2,29,36,True
50652,0,1,39564,0,1,10,23,True
50652,0,2,40878,0,1,10,23,True
50652,1,2,37501,0,1,23,23,True
50656,0,1,66138,0,1,2,10,True
50656,0,2,51026,1,2,2,21,True
50656,1,2,18858,0,2,10,21,True
50658,0,1,17075,0,1,2,15,True
50658,0,2,58019,0,2,2,16,True
50658,1,2,48714,0,2,15,16,True
50659,0,1,72117,1,2,20,21,True
50659,0,2,18312,0,2,20,37,True
50659,1,2,31022,1,2,21,37,True
50673,0,1,33322,0,2,11,36,True
50673,0,2,11348,1,2,11,37,True
50673,1,2,52581,0,1,36,37,True
50674,0,1,54310,1,2,5,5,True
50674,0,2,54816,1,2,5,5,True
50674,1,2,54905,0,1,5,5,True
50694,0,1,52447,1,2,2,2,True
50694,0,2,52727,0,1,2,2,True
50694,1,2,52780,0,1,2,2,True
50703,0,1,63024,0,2,19,28,True
50703,0,2,41563,0,2,19,35,True
50703,1,2,31655,1,2,28,35,True
50707,0,1,27288,0,1,11,11,True
50707,0,2,54528,0,1,11,20,True
50707,1,2,56869,0,1,11,20,True
50708,0,1,15191,0,1,2,2,True
50708,0,2,26535,0,1,2,2,True
50708,1,2,29815,1,2,2,2,True
50717,0,1,1058,1,2,15,17,True
50717,0,2,12648,0,2,15,37,True
50717,1,2,38709,0,2,17,37,True
50719,0,1,55282,1,2,12,22,True
50719,0,2,60765,1,2,12,22,True
50719,1,2,32583,1,2,22,22,True
50737,0,1,5120,0,2,11,28,True
50737,0,2,9609,0,1,11,28,True
50737,1,2,23710,0,2,28,28,True
50739,0,1,61878,0,1,13,13,True
50739,0,2,63869,0,1,13,13,True
50739,1,2,67281,0,1,13,13,True
50747,0,1,33894,1,2,18,31,True
50747,0,2,34918,0,2,18,40,True
50747,1,2,63662,1,2,31,40,True
50759,0,1,41032,0,1,3,6,True
50759,0,2,8837,0,2,3,34,True
50759,1,2,9495,0,2,6,34,True
50772,0,1,51789,0,1,9,28,True
50772,0,2,54906,0,1,9,28,True
50772,1,2,35789,1,2,28,28,True
50780,0,1,11503,1,2,13,18,True
50780,0,2,14206,0,1,13,38,True
50780,1,2,31241,1,2,18,38,True
50784,0,1,39591,0,1,8,13,True
50784,0,2,13113,1,2,8,26,True
50784,1,2,21723,0,2,13,26,True
50786,0,1,28193,0,2,13,15,True
50786,0,2,32920,1,2,13,15,True
50786,1,2,1035,0,2,15,15,True
50802,0,1,4996,0,1,1,5,True
50802,0,2,68715,1,2,1,26,True
50802,1,2,52366,0,1,5,26,True
50809,0,1,42764,0,1,3,3,True
50809,0,2,65091,0,1,3,4,True
50809,1,2,66102,0,1,3,4,True
50816,0,1,34827,0,1,19,19,True
50816,0,2,47297,0,2,19,31,True
50816,1,2,65705,0,2,19,31,True
50817,0,1,5756,1,2,2,9,True
50817,0,2,20631,0,2,2,21,True
50817,1,2,34695,0,2,9,21,True
50822,0,1,57953,1,2,4,26,True
50822,0,2,58319,0,2,4,26,True
50822,1,2,66119,0,1,26,26,True
50827,0,1,33774,0,2,2,8,True
50827,0,2,18952,1,2,2,25,True
50827,1,2,31580,0,2,8,25,True
50828,0,1,26788,0,1,8,25,True
50828,0,2,71161,0,2,8,31,True
50828,1,2,66716,0,2,25,31,True
50842,0,1,24268,0,2,38,39,True
50842,0,2,41688,0,2,38,40,True
50842,1,2,59710,0,1,39,40,True
50850,0,1,6991,0,1,4,4,True
50850,0,2,26146,0,2,4,5,True
50850,1,2,26146,0,1,4,5,True
50852,0,1,51979,0,2,9,22,True
50852,0,2,53066,0,2,9,26,True
50852,1,2,55226,0,1,22,26,True
50856,0,1,32227,0,2,21,21,True
50856,0,2,18020,1,2,21,31,True
50856,1,2,19430,1,2,21,31,True
50860,0,1,66314,1,2,22,23,True
50860,0,2,38338,0,1,22,24,True
50860,1,2,12466,0,2,23,24,True
50865,0,1,34626,1,2,28,28,True
50865,0,2,34941,0,1,28,28,True
50865,1,2,35750,0,1,28,28,True
50887,0,1,1877,0,2,13,24,True
50887,0,2,40682,1,2,13,38,True
50887,1,2,58462,0,2,24,38,True
50905,0,1,42348,1,2,17,17,True
50905,0,2,22790,0,1,17,25,True
50905,1,2,27618,0,2,17,25,True
50918,0,1,38020,1,2,23,35,True
50918,0,2,42345,1,2,23,38,True
50918,1,2,61263,1,2,35,38,True
50922,0,1,985,1,2,26,27,True
50922,0,2,1243,0,2,26,27,True
50922,1,2,54853,1,2,27,27,True
50926,0,1,60123,1,2,29,29,True
50926,0,2,60365,0,1,29,29,True
50926,1,2,60699,1,2,29,29,True
50953,0,1,71373,0,2,9,10,True
50953,0,2,40089,1,2,9,19,True
50953,1,2,42557,1,2,10,19,True
50963,0,1,58403,0,2,3,4,True
50963,0,2,69162,0,2,3,40,True
50963,1,2,7223,1,2,4,40,True
50973,0,1,31843,0,1,23,23,True
50973,0,2,55355,0,1,23,29,True
50973,1,2,55355,0,2,23,29,True
50974,0,1,51857,0,1,26,26,True
50974,0,2,52366,1,2,26,26,True
50974,1,2,52764,0,1,26,26,True
50981,0,1,72056,0,1,3,8,True
50981,0,2,29303,0,2,3,35,True
50981,1,2,11661,1,2,8,35,True
50992,0,1,57444,0,2,4,5,True
50992,0,2,53084,0,2,4,27,True
50992,1,2,41806,0,2,5,27,True
51002,0,1,65629,0,2,19,20,True
51002,0,2,10939,1,2,19,36,True
51002,1,2,16846,0,1,20,36,True
51007,0,1,66119,1,2,26,29,True
51007,0,2,54368,0,2,26,39,True
51007,1,2,16250,1,2,29,39,True
51008,0,1,29221,-1,2,25,34,False
51008,0,2,30068,-1,2,25,34,False
51008,1,2,59464,1,2,34,34,True
51010,0,1,35273,0,1,19,19,True
51010,0,2,48051,0,1,19,26,True
51010,1,2,48051,0,2,19,26,True
51011,0,1,34513,0,2,2,18,True
51011,0,2,36762,0,2,2,18,True
51011,1,2,62204,1,2,18,18,True
51014,0,1,13440,0,2,22,38,True
51014,0,2,27820,1,2,22,38,True
51014,1,2,67073,1,2,38,38,True
51021,0,1,69676,1,2,26,26,True
51021,0,2,69776,1,2,26,26,True
51021,1,2,70131,1,2,26,26,True
51026,0,1,20249,0,1,2,2,True
51026,0,2,50178,0,1,2,21,True
51026,1,2,50178,0,2,2,21,True
51027,0,1,34976,1,2,16,16,True
51027,0,2,35196,0,1,16,16,True
51027,1,2,35197,0,1,16,16,True
51028,0,1,48171,1,2,30,30,True
51028,0,2,46669,1,2,30,39,True
51028,1,2,47130,0,2,30,39,True
51054,0,1,45056,1,2,24,25,True
51054,0,2,47349,0,2,24,25,True
51054,1,2,31405,0,1,25,25,True
51067,0,1,27188,0,1,20,20,True
51067,0,2,27188,0,2,20,20,True
51067,1,2,27188,1,2,20,20,True
51074,0,1,38370,0,2,25,25,True
51074,0,2,35075,1,2,25,26,True
51074,1,2,37920,0,1,25,26,True
51099,0,1,65098,0,2,9,32,True
51099,0,2,21165,0,1,9,37,True
51099,1,2,25131,1,2,32,37,True
51101,0,1,28933,0,1,10,10,True
51101,0,2,28933,0,2,10,10,True
51101,1,2,28933,1,2,10,10,True
51113,0,1,5877,1,2,12,12,True
51113,0,2,64769,1,2,12,13,True
51113,1,2,65165,0,1,12,13,True
51137,0,1,15710,0,2,22,23,True
51137,0,2,19026,0,2,22,23,True
51137,1,2,31807,0,2,23,23,True
51140,0,1,1726,0,1,19,40,True
51140,0,2,1726,0,2,19,40,True
51140,1,2,20684,1,2,40,40,True
51146,0,1,61031,0,1,1,8,True
51146,0,2,59479,0,1,1,18,True
51146,1,2,57030,0,1,8,18,True
51153,0,1,29979,1,2,10,10,True
51153,0,2,64244,1,2,10,15,True
51153,1,2,71034,1,2,10,15,True
51166,0,1,5074,0,1,18,18,True
51166,0,2,5146,0,1,18,18,True
51166,1,2,5572,0,1,18,18,True
51203,0,1,17682,0,1,7,15,True
51203,0,2,4017,0,2,7,25,True
51203,1,2,21605,0,1,15,25,True
51215,0,1,14389,0,1,5,10,True
51215,0,2,14389,0,2,5,10,True
51215,1,2,55971,1,2,10,10,True
51221,0,1,34781,0,2,2,19,True
51221,0,2,36047,0,2,2,19,True
51221,1,2,41475,0,1,19,19,True
51222,0,1,67792,0,1,29,29,True
51222,0,2,64208,0,2,29,35,True
51222,1,2,64208,1,2,29,35,True
51224,0,1,38153,0,1,13,13,True
51224,0,2,18562,0,2,13,22,True
51224,1,2,18562,1,2,13,22,True
51227,0,1,47125,0,1,1,1,True
51227,0,2,44360,0,2,1,30,True
51227,1,2,44360,0,2,1,30,True
51240,0,1,52737,1,2,15,23,True
51240,0,2,66388,1,2,15,32,True
51240,1,2,13835,1,2,23,32,True
51243,0,1,8362,0,2,2,32,True
51243,0,2,19854,0,2,2,33,True
51243,1,2,72946,1,2,32,33,True
51251,0,1,9193,0,1,4,4,True
51251,0,2,41390,0,2,4,36,True
51251,1,2,44718,0,2,4,36,True
51256,0,1,18208,1,2,18,18,True
51256,0,2,66572,0,2,18,25,True
51256,1,2,66572,1,2,18,25,True
51297,0,1,63255,1,2,14,16,True
51297,0,2,10739,0,2,14,40,True
51297,1,2,20287,0,2,16,40,True
51300,0,1,1015,0,1,28,28,True
51300,0,2,45377,0,1,28,35,True
51300,1,2,57994,0,2,28,35,True
51302,0,1,18028,0,1,3,3,True
51302,0,2,47512,0,2,3,22,True
51302,1,2,47512,1,2,3,22,True
51307,0,1,15684,0,1,26,34,True
51307,0,2,59662,0,2,26,35,True
51307,1,2,29614,1,2,34,35,True
51308,0,1,49935,1,2,38,38,True
51308,0,2,50154,1,2,38,38,True
51308,1,2,51014,1,2,38,38,True
51312,0,1,38458,0,1,9,16,True
51312,0,2,36093,0,2,9,36,True
51312,1,2,49654,0,2,16,36,True
51317,0,1,1512,0,2,22,22,True
51317,0,2,19026,0,2,22,23,True
51317,1,2,19026,1,2,22,23,True
51328,0,1,29283,0,1,5,31,True
51328,0,2,33894,0,2,5,31,True
51328,1,2,3676,1,2,31,31,True
51332,0,1,67725,1,2,20,20,True
51332,0,2,67268,0,2,20,39,True
51332,1,2,67268,1,2,20,39,True
51338,0,1,34793,1,2,11,11,True
51338,0,2,12559,0,1,11,21,True
51338,1,2,13012,0,1,11,21,True
51340,0,1,4543,1,2,35,37,True
51340,0,2,62933,1,2,35,38,True
51340,1,2,39517,0,2,37,38,True
51362,0,1,13232,0,1,24,24,True
51362,0,2,43205,0,1,24,25,True
51362,1,2,44540,1,2,24,25,True
51372,0,1,62277,0,2,6,23,True
51372,0,2,48811,1,2,6,30,True
51372,1,2,1709,0,2,23,30,True
51380,0,1,27131,0,2,32,32,True
51380,0,2,27131,1,2,32,32,True
51380,1,2,39183,1,2,32,32,True
51384,0,1,10013,0,1,10,24,True
51384,0,2,39021,1,2,10,25,True
51384,1,2,38655,0,1,24,25,True
51385,0,1,32427,0,1,16,17,True
51385,0,2,44903,0,1,16,21,True
51385,1,2,53729,0,1,17,21,True
51395,0,1,44545,0,1,23,38,True
51395,0,2,32556,0,2,23,39,True
51395,1,2,20056,1,2,38,39,True
51401,0,1,64751,0,1,7,20,True
51401,0,2,5823,0,2,7,30,True
51401,1,2,7466,0,2,20,30,True
51406,0,1,14135,1,2,11,12,True
51406,0,2,15004,0,2,11,12,True
51406,1,2,60945,0,2,12,12,True
51416,0,1,64956,0,2,30,30,True
51416,0,2,67834,1,2,30,31,True
51416,1,2,68369,0,1,30,31,True
51425,0,1,42266,0,1,21,21,True
51425,0,2,8235,1,2,21,35,True
51425,1,2,17165,1,2,21,35,True
51427,0,1,36487,0,1,10,13,True
51427,0,2,15276,1,2,10,22,True
51427,1,2,51224,1,2,13,22,True
51431,0,1,6626,1,2,6,14,True
51431,0,2,7153,1,2,6,23,True
51431,1,2,44706,0,2,14,23,True
51433,0,1,63344,0,2,13,14,True
51433,0,2,72551,0,2,13,40,True
51433,1,2,52391,1,2,14,40,True
51435,0,1,65999,0,2,2,10,True
51435,0,2,11340,1,2,2,37,True
51435,1,2,45458,0,2,10,37,True
51436,0,1,22299,0,1,12,12,True
51436,0,2,25166,0,1,12,12,True
51436,1,2,21558,0,1,12,12,True
51442,0,1,9065,0,1,29,32,True
51442,0,2,10988,0,1,29,33,True
51442,1,2,61796,0,2,32,33,True
51451,0,1,2459,0,1,3,13,True
51451,0,2,63620,0,2,3,18,True
51451,1,2,15093,0,2,13,18,True
51453,0,1,61247,1,2,5,5,True
51453,0,2,62025,0,1,5,5,True
51453,1,2,63523,0,1,5,5,True
51468,0,1,19635,0,1,22,29,True
51468,0,2,65292,0,1,22,40,True
51468,1,2,46001,0,2,29,40,True
51498,0,1,14417,0,2,4,7,True
51498,0,2,13386,0,1,4,11,True
51498,1,2,47262,0,1,7,11,True
51517,0,1,22924,0,2,1,40,True
51517,0,2,22924,0,2,1,40,True
51517,1,2,14049,1,2,40,40,True
51531,0,1,66928,0,2,17,29,True
51531,0,2,69968,0,1,17,40,True
51531,1,2,60365,0,2,29,40,True
51533,0,1,70484,0,2,11,30,True
51533,0,2,2803,0,1,11,30,True
51533,1,2,46145,0,2,30,30,True
51542,0,1,4083,0,2,20,21,True
51542,0,2,41425,0,2,20,40,True
51542,1,2,12503,0,2,21,40,True
51554,0,1,563,1,2,25,26,True
51554,0,2,67950,1,2,25,35,True
51554,1,2,59662,1,2,26,35,True
51570,0,1,54846,1,2,12,12,True
51570,0,2,8938,0,1,12,24,True
51570,1,2,12873,1,2,12,24,True
51571,0,1,9268,1,2,15,15,True
51571,0,2,11618,0,1,15,15,True
51571,1,2,12013,0,1,15,15,True
51575,0,1,30497,0,2,26,26,True
51575,0,2,30497,1,2,26,26,True
51575,1,2,30519,0,1,26,26,True
51580,0,1,47639,1,2,27,28,True
51580,0,2,19834,0,2,27,35,True
51580,1,2,6166,1,2,28,35,True
51581,0,1,13347,1,2,6,38,True
51581,0,2,10746,0,2,6,39,True
51581,1,2,67730,1,2,38,39,True
51590,0,1,1519,1,2,7,27,True
51590,0,2,20422,1,2,7,27,True
51590,1,2,3060,0,1,27,27,True
51594,0,1,15664,1,2,1,17,True
51594,0,2,22268,0,2,1,17,True
51594,1,2,53599,0,1,17,17,True
51597,0,1,7068,1,2,20,23,True
51597,0,2,26048,1,2,20,24,True
51597,1,2,27038,0,2,23,24,True
51609,0,1,61247,0,1,5,5,True
51609,0,2,18838,0,2,5,25,True
51609,1,2,21210,0,2,5,25,True
51630,0,1,6265,1,2,10,10,True
51630,0,2,42294,0,2,10,27,True
51630,1,2,63252,0,1,10,27,True
51649,0,1,15240,0,1,3,3,True
51649,0,2,44417,1,2,3,26,True
51649,1,2,48028,0,2,3,26,True
51652,0,1,60224,0,2,14,19,True
51652,0,2,71549,0,2,14,20,True
51652,1,2,25969,0,1,19,20,True
51665,0,1,42169,0,2,4,17,True
51665,0,2,43769,1,2,4,25,True
51665,1,2,43461,0,1,17,25,True
51675,0,1,5156,0,1,21,21,True
51675,0,2,5156,0,2,21,21,True
51675,1,2,5156,1,2,21,21,True
51688,0,1,32062,-1,0,15,38,False
51688,0,2,59219,-1,1,15,39,False
51688,1,2,35600,0,1,38,39,True
51697,0,1,36799,0,1,7,7,True
51697,0,2,36799,0,2,7,7,True
51697,1,2,36799,1,2,7,7,True
51732,0,1,27094,1,2,22,37,True
51732,0,2,33495,0,2,22,38,True
51732,1,2,52831,1,2,37,38,True
51737,0,1,46890,0,2,4,25,True
51737,0,2,51251,1,2,4,36,True
51737,1,2,68373,0,2,25,36,True
51747,0,1,60416,1,2,9,9,True
51747,0,2,61011,0,1,9,9,True
51747,1,2,61197,0,1,9,9,True
51749,0,1,60596,1,2,8,11,True
51749,0,2,22062,1,2,8,23,True
51749,1,2,30063,0,1,11,23,True
51753,0,1,12302,0,1,22,27,True
51753,0,2,12624,0,1,22,27,True
51753,1,2,11530,1,2,27,27,True
51769,0,1,16940,0,1,6,7,True
51769,0,2,17296,0,2,6,29,True
51769,1,2,19626,0,2,7,29,True
51789,0,1,34924,0,2,9,28,True
51789,0,2,34083,1,2,9,32,True
51789,1,2,49797,0,2,28,32,True
51797,0,1,25704,1,2,13,37,True
51797,0,2,29105,0,2,13,37,True
51797,1,2,48539,1,2,37,37,True
51800,0,1,10868,0,2,4,4,True
51800,0,2,27736,1,2,4,18,True
51800,1,2,34824,0,1,4,18,True
51803,0,1,31232,0,1,2,30,True
51803,0,2,35779,0,2,2,37,True
51803,1,2,19411,1,2,30,37,True
51810,0,1,63162,0,1,5,7,True
51810,0,2,64850,0,1,5,7,True
51810,1,2,37535,0,1,7,7,True
51812,0,1,17320,1,2,29,29,True
51812,0,2,18782,1,2,29,29,True
51812,1,2,19233,0,1,29,29,True
51824,0,1,269,0,2,9,15,True
51824,0,2,29349,1,2,9,35,True
51824,1,2,33814,0,2,15,35,True
51828,0,1,57800,0,1,8,14,True
51828,0,2,16196,1,2,8,21,True
51828,1,2,30251,1,2,14,21,True
51830,0,1,6156,0,2,15,15,True
51830,0,2,72219,0,2,15,30,True
51830,1,2,1390,1,2,15,30,True
51834,0,1,22966,1,2,13,14,True
51834,0,2,23114,0,1,13,14,True
51834,1,2,16457,1,2,14,14,True
51841,0,1,38330,1,2,10,15,True
51841,0,2,68033,0,1,10,17,True
51841,1,2,1058,0,2,15,17,True
51854,0,1,57316,1,2,39,39,True
51854,0,2,57947,0,1,39,39,True
51854,1,2,57947,0,2,39,39,True
51857,0,1,17401,0,1,26,26,True
51857,0,2,31707,0,1,26,27,True
51857,1,2,32148,0,1,26,27,True
51865,0,1,30139,-1,1,20,34,False
51865,0,2,46403,0,2,20,36,True
51865,1,2,5683,0,2,34,36,True
51869,0,1,26693,1,2,22,22,True
51869,0,2,5177,0,1,22,36,True
51869,1,2,5177,0,2,22,36,True
51900,0,1,64768,0,1,18,19,True
51900,0,2,7481,1,2,18,24,True
51900,1,2,71130,1,2,19,24,True
51913,0,1,12783,0,2,27,27,True
51913,0,2,22002,1,2,27,28,True
51913,1,2,24826,0,1,27,28,True
51914,0,1,27537,1,2,8,9,True
51914,0,2,27928,0,1,8,9,True
51914,1,2,30321,1,2,9,9,True
51933,0,1,56990,1,2,14,14,True
51933,0,2,30833,0,1,14,28,True
51933,1,2,30833,0,2,14,28,True
51937,0,1,34633,0,1,2,2,True
51937,0,2,29936,0,2,2,3,True
51937,1,2,30538,0,1,2,3,True
51938,0,1,11393,0,1,7,7,True
51938,0,2,40681,0,2,7,8,True
51938,1,2,42068,0,2,7,8,True
51941,0,1,25333,0,1,15,15,True
51941,0,2,25874,0,1,15,15,True
51941,1,2,25874,0,2,15,15,True
51943,0,1,29717,0,2,9,21,True
51943,0,2,2070,0,2,9,31,True
51943,1,2,59101,-1,2,21,31,False
51949,0,1,27622,1,2,8,8,True
51949,0,2,27773,1,2,8,8,True
51949,1,2,27976,0,1,8,8,True
51956,0,1,68394,0,2,5,14,True
51956,0,2,31244,0,1,5,23,True
51956,1,2,36287,-1,1,14,23,False
51958,0,1,2204,0,2,8,9,True
51958,0,2,2204,1,2,8,9,True
51958,1,2,47792,1,2,9,9,True
51961,0,1,31472,1,2,12,12,True
51961,0,2,31646,1,2,12,12,True
51961,1,2,31790,0,1,12,12,True
51967,0,1,39323,1,2,16,16,True
51967,0,2,4362,1,2,16,18,True
51967,1,2,6761,1,2,16,18,True
51971,0,1,63362,0,2,11,18,True
51971,0,2,63383,0,1,11,18,True
51971,1,2,27474,1,2,18,18,True
51979,0,1,56877,0,2,9,12,True
51979,0,2,36927,0,1,9,22,True
51979,1,2,19064,0,2,12,22,True
51990,0,1,8061,0,1,20,20,True
51990,0,2,28979,-1,1,20,38,False
51990,1,2,29591,-1,2,20,38,False
51992,0,1,6116,1,2,1,1,True
51992,0,2,64919,0,2,1,40,True
51992,1,2,64919,1,2,1,40,True
51994,0,1,48162,1,2,24,25,True
51994,0,2,48222,0,1,24,25,True
51994,1,2,60379,0,1,25,25,True
51996,0,1,52349,1,2,27,37,True
51996,0,2,56647,0,2,27,37,True
51996,1,2,72226,0,1,37,37,True
52001,0,1,21333,1,2,17,18,True
52001,0,2,70320,0,2,17,24,True
52001,1,2,51900,0,2,18,24,True
52011,0,1,28982,1,2,27,39,True
52011,0,2,31178,0,2,27,39,True
52011,1,2,31715,1,2,39,39,True
52012,0,1,63120,0,1,19,20,True
52012,0,2,44614,1,2,19,40,True
52012,1,2,52651,1,2,20,40,True
52022,0,1,23921,0,2,2,23,True
52022,0,2,18502,0,2,2,29,True
52022,1,2,36896,1,2,23,29,True
52025,0,1,29469,0,1,4,4,True
52025,0,2,49717,0,2,4,8,True
52025,1,2,53037,0,2,4,8,True
52043,0,1,57355,0,1,13,13,True
52043,0,2,57355,0,2,13,13,True
52043,1,2,57355,1,2,13,13,True
52055,0,1,35567,0,2,15,16,True
52055,0,2,23537,1,2,15,40,True
52055,1,2,55209,0,2,16,40,True
52060,0,1,35241,0,1,14,14,True
52060,0,2,36115,1,2,14,14,True
52060,1,2,37511,0,1,14,14,True
52067,0,1,45848,0,1,4,5,True
52067,0,2,44316,0,2,4,37,True
52067,1,2,35677,0,1,5,37,True
52069,0,1,18966,0,1,24,24,True
52069,0,2,57234,1,2,24,33,True
52069,1,2,59655,0,2,24,33,True
52073,0,1,70940,0,1,17,34,True
52073,0,2,69651,0,2,17,39,True
52073,1,2,56875,0,2,34,39,True
52086,0,1,6246,0,2,16,17,True
52086,0,2,61112,0,2,16,30,True
52086,1,2,62609,0,2,17,30,True
52091,0,1,35578,1,2,31,34,True
52091,0,2,35958,0,1,31,34,True
52091,1,2,2340,0,1,34,34,True
52097,0,1,7399,0,2,6,6,True
52097,0,2,11628,0,1,6,10,True
52097,1,2,13986,0,1,6,10,True
52107,0,1,52642,1,2,26,27,True
52107,0,2,48783,0,2,26,38,True
52107,1,2,3728,0,2,27,38,True
52126,0,1,16980,0,1,6,6,True
52126,0,2,43787,0,1,6,25,True
52126,1,2,45573,0,2,6,25,True
52133,0,1,52563,0,1,2,20,True
52133,0,2,53561,0,2,2,28,True
52133,1,2,39932,1,2,20,28,True
52136,0,1,18413,0,1,4,4,True
52136,0,2,19765,0,1,4,4,True
52136,1,2,19765,0,2,4,4,True
52138,0,1,61843,0,1,8,36,True
52138,0,2,72056,1,2,8,36,True
52138,1,2,46502,1,2,36,36,True
52139,0,1,59200,1,2,17,21,True
52139,0,2,60326,0,2,17,21,True
52139,1,2,35923,0,2,21,21,True
52144,0,1,33029,0,1,8,11,True
52144,0,2,13315,0,2,8,39,True
52144,1,2,71071,0,1,11,39,True
52159,0,1,1741,0,1,8,8,True
52159,0,2,10216,0,2,8,29,True
52159,1,2,16250,0,1,8,29,True
52169,0,1,7040,0,2,17,17,True
52169,0,2,7040,1,2,17,17,True
52169,1,2,7970,1,2,17,17,True
52179,0,1,16587,0,1,6,14,True
52179,0,2,23975,0,2,6,28,True
52179,1,2,5360,0,2,14,28,True
52186,0,1,42429,0,1,8,12,True
52186,0,2,57432,1,2,8,31,True
52186,1,2,7877,1,2,12,31,True
52187,0,1,50323,0,2,25,37,True
52187,0,2,32426,1,2,25,38,True
52187,1,2,60211,1,2,37,38,True
52196,0,1,70729,0,1,2,2,True
52196,0,2,57733,0,2,2,13,True
52196,1,2,59672,0,1,2,13,True
52197,0,1,68517,0,1,16,19,True
52197,0,2,21609,1,2,16,22,True
52197,1,2,45324,0,2,19,22,True
52208,0,1,36162,1,2,33,33,True
52208,0,2,59044,1,2,33,37,True
52208,1,2,59586,1,2,33,37,True
52220,0,1,59281,1,2,14,27,True
52220,0,2,60789,1,2,14,27,True
52220,1,2,12783,1,2,27,27,True
52221,0,1,52568,0,2,34,34,True
52221,0,2,8732,0,2,34,39,True
52221,1,2,8732,1,2,34,39,True
52228,0,1,20013,0,1,31,31,True
52228,0,2,38887,0,1,31,32,True
52228,1,2,38887,0,1,31,32,True
52232,0,1,34722,0,2,1,2,True
52232,0,2,11656,1,2,1,32,True
52232,1,2,24872,0,1,2,32,True
52243,0,1,7477,0,1,5,5,True
52243,0,2,65298,0,2,5,23,True
52243,1,2,65298,1,2,5,23,True
52247,0,1,71758,0,2,1,14,True
52247,0,2,29599,0,2,1,21,True
52247,1,2,37621,1,2,14,21,True
52248,0,1,58686,1,2,24,28,True
52248,0,2,39454,1,2,24,29,True
52248,1,2,22159,0,2,28,29,True
52253,0,1,49287,1,2,22,22,True
52253,0,2,34388,0,2,22,26,True
52253,1,2,36520,0,1,22,26,True
52257,0,1,1058,0,2,15,17,True
52257,0,2,4221,0,2,15,25,True
52257,1,2,48791,0,1,17,25,True
52259,0,1,70696,1,2,40,40,True
52259,0,2,71250,0,1,40,40,True
52259,1,2,71250,0,2,40,40,True
52263,0,1,37367,0,2,27,27,True
52263,0,2,57183,0,2,27,31,True
52263,1,2,57183,1,2,27,31,True
52272,0,1,55621,1,2,9,20,True
52272,0,2,66697,0,2,9,20,True
52272,1,2,57328,1,2,20,20,True
52274,0,1,14538,1,2,16,16,True
52274,0,2,1632,0,1,16,29,True
52274,1,2,7813,0,1,16,29,True
52275,0,1,11123,0,2,4,22,True
52275,0,2,23980,1,2,4,37,True
52275,1,2,68903,0,2,22,37,True
52277,0,1,60932,0,2,4,24,True
52277,0,2,26419,0,2,4,24,True
52277,1,2,59838,1,2,24,24,True
52285,0,1,36762,0,2,2,18,True
52285,0,2,50178,0,2,2,21,True
52285,1,2,67419,1,2,18,21,True
52287,0,1,70495,1,2,36,38,True
52287,0,2,787,1,2,36,38,True
52287,1,2,68896,1,2,38,38,True
52313,0,1,64114,1,2,28,29,True
52313,0,2,33622,0,2,28,34,True
52313,1,2,11116,0,1,29,34,True
52319,0,1,69758,1,2,28,33,True
52319,0,2,47491,1,2,28,34,True
52319,1,2,30375,0,1,33,34,True
52339,0,1,13315,0,1,8,11,True
52339,0,2,19092,0,2,8,11,True
52339,1,2,7456,0,1,11,11,True
52344,0,1,4153,0,2,6,12,True
52344,0,2,34511,0,1,6,14,True
52344,1,2,67860,1,2,12,14,True
52349,0,1,33377,0,2,7,27,True
52349,0,2,63994,0,1,7,37,True
52349,1,2,42245,1,2,27,37,True
52353,0,1,15108,0,1,5,17,True
52353,0,2,15495,0,2,5,17,True
52353,1,2,26463,0,2,17,17,True
52354,0,1,50178,1,2,21,21,True
52354,0,2,23204,0,1,21,24,True
52354,1,2,29703,0,1,21,24,True
52360,0,1,36226,1,2,6,6,True
52360,0,2,13849,0,1,6,39,True
52360,1,2,13849,0,2,6,39,True
52364,0,1,52139,1,2,21,21,True
52364,0,2,67276,0,2,21,33,True
52364,1,2,68285,1,2,21,33,True
52366,0,1,3925,0,1,5,26,True
52366,0,2,6984,0,2,5,26,True
52366,1,2,28700,1,2,26,26,True
52371,0,1,62325,0,1,1,6,True
52371,0,2,70468,0,2,1,6,True
52371,1,2,47004,1,2,6,6,True
52377,0,1,53705,0,1,16,27,True
52377,0,2,57701,0,2,16,31,True
52377,1,2,39640,0,1,27,31,True
52380,0,1,54282,0,2,4,18,True
52380,0,2,54282,1,2,4,18,True
52380,1,2,47317,1,2,18,18,True
52385,0,1,9679,0,1,19,35,True
52385,0,2,9679,0,2,19,35,True
52385,1,2,65896,1,2,35,35,True
52391,0,1,27106,0,1,2,14,True
52391,0,2,8973,0,2,2,40,True
52391,1,2,32087,0,2,14,40,True
52400,0,1,35592,1,2,9,17,True
52400,0,2,27883,0,2,9,40,True
52400,1,2,40717,0,2,17,40,True
52415,0,1,64361,0,2,7,25,True
52415,0,2,1519,0,2,7,27,True
52415,1,2,5727,1,2,25,27,True
52445,0,1,11637,0,1,12,22,True
52445,0,2,62157,0,2,12,29,True
52445,1,2,46442,0,2,22,29,True
52447,0,1,66899,1,2,2,2,True
52447,0,2,67638,0,1,2,2,True
52447,1,2,67638,0,2,2,2,True
52454,0,1,43324,0,1,28,40,True
52454,0,2,43324,0,2,28,40,True
52454,1,2,52259,0,1,40,40,True
52455,0,1,44353,0,1,5,11,True
52455,0,2,67423,0,2,5,36,True
52455,1,2,69523,0,2,11,36,True
52459,0,1,69758,0,2,28,33,True
52459,0,2,69758,1,2,28,33,True
52459,1,2,7651,0,2,33,33,True
52474,0,1,71575,0,1,10,31,True
52474,0,2,1057,0,2,10,31,True
52474,1,2,70408,0,1,31,31,True
52476,0,1,33786,0,1,8,8,True
52476,0,2,34235,0,1,8,8,True
52476,1,2,34235,0,2,8,8,True
52484,0,1,18771,1,2,16,16,True
52484,0,2,19228,1,2,16,16,True
52484,1,2,20178,0,1,16,16,True
52507,0,1,2223,0,2,6,9,True
52507,0,2,14135,0,1,6,11,True
52507,1,2,38254,0,1,9,11,True
52509,0,1,56074,0,2,9,9,True
52509,0,2,46296,0,2,9,15,True
52509,1,2,48369,0,1,9,15,True
52515,0,1,34239,1,2,16,16,True
52515,0,2,31094,1,2,16,17,True
52515,1,2,31346,0,1,16,17,True
52524,0,1,54452,0,1,8,8,True
52524,0,2,54982,0,1,8,8,True
52524,1,2,56003,1,2,8,8,True
52538,0,1,29418,0,1,4,5,True
52538,0,2,29418,0,2,4,5,True
52538,1,2,51453,0,2,5,5,True
52549,0,1,43105,0,2,28,35,True
52549,0,2,27291,0,2,28,36,True
52549,1,2,6299,0,1,35,36,True
52563,0,1,8582,0,1,2,20,True
52563,0,2,6134,0,1,2,32,True
52563,1,2,15739,0,2,20,32,True
52568,0,1,72606,1,2,34,34,True
52568,0,2,85,1,2,34,34,True
52568,1,2,418,0,1,34,34,True
52577,0,1,18656,1,2,32,33,True
52577,0,2,20112,0,1,32,33,True
52577,1,2,66438,1,2,33,33,True
52580,0,1,15454,1,2,3,3,True
52580,0,2,1181,1,2,3,5,True
52580,1,2,3649,0,1,3,5,True
52581,0,1,66832,0,2,36,37,True
52581,0,2,32142,1,2,36,40,True
52581,1,2,23865,1,2,37,40,True
52586,0,1,60322,0,2,7,21,True
52586,0,2,24689,1,2,7,40,True
52586,1,2,34130,0,1,21,40,True
52593,0,1,22640,0,2,14,14,True
52593,0,2,45671,1,2,14,17,True
52593,1,2,60757,0,1,14,17,True
52603,0,1,42439,1,2,1,1,True
52603,0,2,57549,0,2,1,29,True
52603,1,2,57549,1,2,1,29,True
52604,0,1,23308,0,2,8,26,True
52604,0,2,32778,1,2,8,38,True
52604,1,2,34665,1,2,26,38,True
52636,0,1,4693,0,2,8,21,True
52636,0,2,27584,0,2,8,32,True
52636,1,2,28951,1,2,21,32,True
52637,0,1,57750,1,2,1,1,True
52637,0,2,60789,0,2,1,27,True
52637,1,2,63191,0,1,1,27,True
52642,0,1,19970,0,1,3,26,True
52642,0,2,39810,0,2,3,27,True
52642,1,2,51857,0,2,26,27,True
52651,0,1,43562,0,1,1,20,True
52651,0,2,4695,0,2,1,40,True
52651,1,2,41425,0,2,20,40,True
52662,0,1,56451,1,2,20,20,True
52662,0,2,47791,0,2,20,32,True
52662,1,2,52563,1,2,20,32,True
52663,0,1,52993,0,1,7,7,True
52663,0,2,69513,0,1,7,13,True
52663,1,2,69650,0,1,7,13,True
52668,0,1,42205,1,2,6,6,True
52668,0,2,43391,0,1,6,6,True
52668,1,2,46596,0,1,6,6,True
52670,0,1,7867,0,1,4,7,True
52670,0,2,1949,0,1,4,30,True
52670,1,2,62907,0,2,7,30,True
52688,0,1,29813,0,1,10,10,True
52688,0,2,29979,0,1,10,10,True
52688,1,2,29979,0,2,10,10,True
52691,0,1,38150,0,1,21,33,True
52691,0,2,14223,1,2,21,34,True
52691,1,2,21245,1,2,33,34,True
52696,0,1,70825,0,1,36,36,True
52696,0,2,56143,1,2,36,40,True
52696,1,2,57578,1,2,36,40,True
52701,0,1,31538,1,2,2,19,True
52701,0,2,33277,0,1,2,19,True
52701,1,2,29514,1,2,19,19,True
52707,0,1,11656,0,2,1,32,True
52707,0,2,47674,0,2,1,40,True
52707,1,2,57602,0,2,32,40,True
52710,0,1,72417,0,2,15,16,True
52710,0,2,7838,1,2,15,18,True
52710,1,2,30331,0,1,16,18,True
52714,0,1,41400,0,1,38,38,True
52714,0,2,41490,0,1,38,38,True
52714,1,2,41490,0,2,38,38,True
52715,0,1,18738,0,2,16,24,True
52715,0,2,60657,0,2,16,31,True
52715,1,2,61631,0,2,24,31,True
52719,0,1,64034,1,2,17,18,True
52719,0,2,65803,1,2,17,18,True
52719,1,2,44136,1,2,18,18,True
52721,0,1,35075,0,1,25,25,True
52721,0,2,35857,0,1,25,25,True
52721,1,2,35857,0,2,25,25,True
52727,0,1,3935,0,1,2,2,True
52727,0,2,8774,0,1,2,3,True
52727,1,2,10255,0,1,2,3,True
52729,0,1,49475,0,1,9,12,True
52729,0,2,425,0,2,9,34,True
52729,1,2,70496,0,1,12,34,True
52731,0,1,60985,0,1,1,1,True
52731,0,2,61881,0,1,1,1,True
52731,1,2,63121,0,1,1,1,True
52733,0,1,49256,0,2,4,4,True
52733,0,2,1818,-1,0,4,8,False
52733,1,2,1818,-1,1,4,8,False
52737,0,1,21202,0,2,8,15,True
52737,0,2,22062,1,2,8,23,True
52737,1,2,9015,1,2,15,23,True
52738,0,1,17075,1,2,15,29,True
52738,0,2,21052,0,2,15,37,True
52738,1,2,9570,1,2,29,37,True
52750,0,1,66583,0,1,17,36,True
52750,0,2,3172,1,2,17,36,True
52750,1,2,19974,0,2,36,36,True
52755,0,1,53895,0,2,17,17,True
52755,0,2,60757,1,2,17,38,True
52755,1,2,70940,0,2,17,38,True
52756,0,1,11205,0,1,3,28,True
52756,0,2,37536,0,2,3,38,True
52756,1,2,68042,1,2,28,38,True
52764,0,1,55073,1,2,26,26,True
52764,0,2,44404,0,1,26,38,True
52764,1,2,44404,0,2,26,38,True
52767,0,1,46059,1,2,3,8,True
52767,0,2,6274,0,2,3,27,True
52767,1,2,69959,0,1,8,27,True
52773,0,1,22763,0,1,5,6,True
52773,0,2,38675,0,1,5,24,True
52773,1,2,58812,0,2,6,24,True
52777,0,1,48495,0,2,7,8,True
52777,0,2,58155,0,1,7,23,True
52777,1,2,68432,0,2,8,23,True
52778,0,1,29043,0,1,21,22,True
52778,0,2,72137,0,2,21,39,True
52778,1,2,3055,0,2,22,39,True
52780,0,1,24070,1,2,2,2,True
52780,0,2,29852,0,2,2,29,True
52780,1,2,35469,0,2,2,29,True
52792,0,1,51949,0,1,8,8,True
52792,0,2,43798,0,2,8,36,True
52792,1,2,52138,0,1,8,36,True
52803,0,1,40756,1,2,36,36,True
52803,0,2,56963,0,1,36,36,True
52803,1,2,56963,0,2,36,36,True
52804,0,1,43495,0,1,25,25,True
52804,0,2,72859,1,2,25,29,True
52804,1,2,4764,0,1,25,29,True
52806,0,1,25893,1,2,4,15,True
52806,0,2,72791,0,2,4,40,True
52806,1,2,25333,1,2,15,40,True
52811,0,1,67952,0,2,12,39,True
52811,0,2,15414,0,2,12,40,True
52811,1,2,19010,1,2,39,40,True
52831,0,1,6557,0,2,37,37,True
52831,0,2,69318,0,1,37,38,True
52831,1,2,69318,0,2,37,38,True
52851,0,1,21579,0,2,30,30,True
52851,0,2,57997,0,2,30,31,True
52851,1,2,59983,1,2,30,31,True
52857,0,1,49712,0,1,21,21,True
52857,0,2,49712,0,2,21,21,True
52857,1,2,49712,1,2,21,21,True
52865,0,1,6116,0,1,1,1,True
52865,0,2,58816,0,2,1,40,True
52865,1,2,62341,0,2,1,40,True
52869,0,1,49257,0,1,4,5,True
52869,0,2,50992,0,1,4,5,True
52869,1,2,32995,0,2,5,5,True
52879,0,1,54194,1,2,26,27,True
52879,0,2,51554,1,2,26,35,True
52879,1,2,60188,0,2,27,35,True
52881,0,1,28990,1,2,40,40,True
52881,0,2,29901,1,2,40,40,True
52881,1,2,30853,0,1,40,40,True
52883,0,1,69092,1,2,24,24,True
52883,0,2,826,1,2,24,25,True
52883,1,2,1767,0,2,24,25,True
52884,0,1,55084,1,2,34,34,True
52884,0,2,55093,1,2,34,34,True
52884,1,2,56875,0,1,34,34,True
52896,0,1,4578,0,2,9,27,True
52896,0,2,63504,0,1,9,39,True
52896,1,2,6945,1,2,27,39,True
52918,0,1,49603,1,2,5,5,True
52918,0,2,65536,0,2,5,29,True
52918,1,2,2538,0,1,5,29,True
52921,0,1,5090,0,2,9,17,True
52921,0,2,5090,1,2,9,17,True
52921,1,2,54898,1,2,17,17,True
52927,0,1,31776,0,1,10,10,True
52927,0,2,9298,-1,1,10,27,False
52927,1,2,9298,-1,2,10,27,False
52933,0,1,11246,0,1,13,14,True
52933,0,2,40682,1,2,13,38,True
52933,1,2,53014,0,2,14,38,True
52950,0,1,58898,0,2,2,6,True
52950,0,2,41444,0,2,2,32,True
52950,1,2,28669,0,2,6,32,True
52968,0,1,33068,0,1,24,24,True
52968,0,2,15309,0,1,24,28,True
52968,1,2,24245,0,1,24,28,True
52971,0,1,11511,1,2,29,29,True
52971,0,2,14310,0,1,29,29,True
52971,1,2,16708,1,2,29,29,True
52992,0,1,54760,0,2,7,38,True
52992,0,2,55106,0,2,7,38,True
52992,1,2,62565,1,2,38,38,True
52993,0,1,68818,0,1,7,7,True
52993,0,2,68818,0,2,7,7,True
52993,1,2,68818,1,2,7,7,True
53013,0,1,59940,0,2,9,18,True
53013,0,2,59940,1,2,9,18,True
53013,1,2,18208,0,2,18,18,True
53014,0,1,37555,0,1,14,36,True
53014,0,2,32426,0,2,14,38,True
53014,1,2,64837,1,2,36,38,True
53022,0,1,5117,0,1,15,15,True
53022,0,2,54562,1,2,15,40,True
53022,1,2,56998,0,2,15,40,True
53029,0,1,36765,1,2,7,18,True
53029,0,2,6026,0,2,7,31,True
53029,1,2,50747,0,1,18,31,True
53033,0,1,10106,0,2,5,5,True
53033,0,2,10106,1,2,5,5,True
53033,1,2,10121,0,1,5,5,True
53037,0,1,1065,1,2,4,4,True
53037,0,2,64888,0,1,4,8,True
53037,1,2,69481,0,1,4,8,True
53042,0,1,9456,0,1,13,13,True
53042,0,2,21069,0,1,13,27,True
53042,1,2,30797,0,2,13,27,True
53047,0,1,9084,0,2,31,32,True
53047,0,2,9347,1,2,31,32,True
53047,1,2,48363,1,2,32,32,True
53066,0,1,50953,0,2,9,19,True
53066,0,2,29857,0,2,9,26,True
53066,1,2,10813,0,2,19,26,True
53071,0,1,49351,0,1,3,11,True
53071,0,2,6187,0,2,3,33,True
53071,1,2,35314,0,2,11,33,True
53083,0,1,34233,0,2,16,16,True
53083,0,2,41143,0,2,16,28,True
53083,1,2,46249,0,2,16,28,True
53084,0,1,4444,0,2,4,13,True
53084,0,2,64110,0,1,4,27,True
53084,1,2,69513,1,2,13,27,True
53112,0,1,49924,0,1,11,11,True
53112,0,2,49951,0,1,11,11,True
53112,1,2,50349,0,1,11,11,True
53124,0,1,6791,0,2,24,25,True
53124,0,2,6791,1,2,24,25,True
53124,1,2,8048,1,2,25,25,True
53138,0,1,3925,0,1,5,26,True
53138,0,2,46847,0,2,5,38,True
53138,1,2,44404,0,2,26,38,True
53144,0,1,6512,0,2,17,17,True
53144,0,2,6512,1,2,17,17,True
53144,1,2,7040,0,1,17,17,True
53145,0,1,2007,0,2,6,22,True
53145,0,2,7728,0,1,6,22,True
53145,1,2,9507,0,1,22,22,True
53163,0,1,32746,0,1,4,8,True
53163,0,2,41760,0,1,4,23,True
53163,1,2,52777,1,2,8,23,True
53166,0,1,85,0,2,28,34,True
53166,0,2,54360,1,2,28,35,True
53166,1,2,41832,0,2,34,35,True
53167,0,1,16782,0,1,25,28,True
53167,0,2,50291,1,2,25,40,True
53167,1,2,56565,1,2,28,40,True
53168,0,1,51427,0,1,10,13,True
53168,0,2,71199,0,1,10,17,True
53168,1,2,68234,0,1,13,17,True
53177,0,1,7667,0,1,11,15,True
53177,0,2,35314,0,2,11,33,True
53177,1,2,15667,0,1,15,33,True
53193,0,1,65339,0,1,18,19,True
53193,0,2,34443,0,2,18,34,True
53193,1,2,29764,0,2,19,34,True
53224,0,1,20862,0,1,34,34,True
53224,0,2,63136,0,1,34,39,True
53224,1,2,63136,0,2,34,39,True
53235,0,1,20287,0,1,16,16,True
53235,0,2,24852,0,2,16,37,True
53235,1,2,25092,1,2,16,37,True
53238,0,1,53042,1,2,13,27,True
53238,0,2,53084,1,2,13,27,True
53238,1,2,57183,0,1,27,27,True
53239,0,1,11432,0,2,36,36,True
53239,0,2,64878,1,2,36,37,True
53239,1,2,65519,0,1,36,37,True
53252,0,1,61355,0,1,3,3,True
53252,0,2,54468,0,2,3,17,True
53252,1,2,55566,0,2,3,17,True
53258,0,1,31700,0,1,4,11,True
53258,0,2,10824,0,2,4,29,True
53258,1,2,7159,1,2,11,29,True
53259,0,1,10562,0,2,15,30,True
53259,0,2,21605,0,2,15,30,True
53259,1,2,48045,0,1,30,30,True
53288,0,1,40795,0,2,3,37,True
53288,0,2,35506,0,2,3,39,True
53288,1,2,57894,0,2,37,39,True
53323,0,1,33746,0,2,24,27,True
53323,0,2,46098,0,1,24,31,True
53323,1,2,50616,1,2,27,31,True
53329,0,1,28744,0,1,18,23,True
53329,0,2,32754,1,2,18,23,True
53329,1,2,33793,0,1,23,23,True
53332,0,1,57577,1,2,20,23,True
53332,0,2,72271,1,2,20,29,True
53332,1,2,55355,0,1,23,29,True
53336,0,1,60362,1,2,5,5,True
53336,0,2,63361,0,2,5,21,True
53336,1,2,65385,0,1,5,21,True
53340,0,1,30571,1,2,29,31,True
53340,0,2,32077,0,2,29,31,True
53340,1,2,67388,1,2,31,31,True
53342,0,1,3775,0,1,8,9,True
53342,0,2,26788,0,2,8,26,True
53342,1,2,23599,1,2,9,26,True
53358,0,1,24322,0,1,4,10,True
53358,0,2,44718,0,1,4,35,True
53358,1,2,2549,0,2,10,35,True
53375,0,1,37020,1,2,1,1,True
53375,0,2,37832,0,1,1,1,True
53375,1,2,38218,0,1,1,1,True
53380,0,1,25089,1,2,31,31,True
53380,0,2,25527,1,2,31,31,True
53380,1,2,25933,0,1,31,31,True
53386,0,1,41891,1,2,23,23,True
53386,0,2,42153,1,2,23,23,True
53386,1,2,42236,0,1,23,23,True
53394,0,1,33985,0,1,9,9,True
53394,0,2,34695,0,1,9,9,True
53394,1,2,34811,0,1,9,9,True
53396,0,1,47470,0,2,17,17,True
53396,0,2,38663,0,2,17,18,True
53396,1,2,41969,1,2,17,18,True
53402,0,1,5112,1,2,11,11,True
53402,0,2,49951,1,2,11,13,True
53402,1,2,57872,1,2,11,13,True
53406,0,1,6659,0,2,10,14,True
53406,0,2,6659,1,2,10,14,True
53406,1,2,56130,0,1,14,14,True
53423,0,1,71317,1,2,1,15,True
53423,0,2,828,0,1,1,15,True
53423,1,2,31629,0,1,15,15,True
53445,0,1,50739,1,2,13,13,True
53445,0,2,42679,-1,0,13,30,False
53445,1,2,43065,-1,2,13,30,False
53486,0,1,70187,0,2,2,2,True
53486,0,2,70187,1,2,2,2,True
53486,1,2,70729,0,1,2,2,True
53488,0,1,16411,1,2,14,21,True
53488,0,2,39318,0,1,14,28,True
53488,1,2,37259,1,2,21,28,True
53492,0,1,27928,0,1,8,9,True
53492,0,2,27928,0,2,8,9,True
53492,1,2,34811,0,1,9,9,True
53500,0,1,15240,0,2,3,3,True
53500,0,2,10517,0,1,3,23,True
53500,1,2,10517,0,2,3,23,True
53508,0,1,60804,1,2,28,29,True
53508,0,2,62157,1,2,28,29,True
53508,1,2,39479,0,2,29,29,True
53510,0,1,37398,0,2,1,9,True
53510,0,2,43898,0,1,1,17,True
53510,1,2,10298,1,2,9,17,True
53528,0,1,26137,0,1,11,14,True
53528,0,2,27492,0,2,11,14,True
53528,1,2,25167,1,2,14,14,True
53536,0,1,41870,1,2,4,32,True
53536,0,2,62271,0,2,4,39,True
53536,1,2,6915,1,2,32,39,True
53540,0,1,60985,1,2,1,7,True
53540,0,2,63472,0,1,1,7,True
53540,1,2,1466,1,2,7,7,True
53546,0,1,38219,0,1,22,22,True
53546,0,2,39162,0,1,22,22,True
53546,1,2,39162,0,2,22,22,True
53553,0,1,37750,1,2,28,28,True
53553,0,2,12774,1,2,28,32,True
53553,1,2,21054,0,2,28,32,True
53554,0,1,64330,0,2,4,4,True
53554,0,2,34199,0,1,4,12,True
53554,1,2,35283,0,1,4,12,True
53560,0,1,49424,0,1,19,20,True
53560,0,2,48051,0,1,19,26,True
53560,1,2,38217,0,1,20,26,True
53561,0,1,5791,0,2,2,16,True
53561,0,2,52133,0,2,2,28,True
53561,1,2,33017,0,2,16,28,True
53569,0,1,50569,0,2,15,16,True
53569,0,2,24950,0,2,15,31,True
53569,1,2,35196,0,2,16,31,True
53587,0,1,50963,0,1,3,4,True
53587,0,2,35092,0,1,3,9,True
53587,1,2,70864,0,1,4,9,True
53590,0,1,6379,0,2,13,34,True
53590,0,2,71669,0,1,13,35,True
53590,1,2,70487,1,2,34,35,True
53599,0,1,60041,1,2,17,17,True
53599,0,2,60387,1,2,17,17,True
53599,1,2,60800,0,1,17,17,True
53605,0,1,50817,0,1,2,9,True
53605,0,2,55595,0,1,2,9,True
53605,1,2,6941,0,2,9,9,True
53609,0,1,23240,0,2,6,7,True
53609,0,2,69492,0,2,6,36,True
53609,1,2,46502,0,1,7,36,True
53617,0,1,7360,1,2,12,16,True
53617,0,2,21017,0,1,12,28,True
53617,1,2,1689,0,2,16,28,True
53618,0,1,53124,1,2,25,25,True
53618,0,2,54029,0,1,25,25,True
53618,1,2,54732,1,2,25,25,True
53626,0,1,683,0,1,37,37,True
53626,0,2,23311,1,2,37,40,True
53626,1,2,23865,1,2,37,40,True
53627,0,1,63929,0,2,23,27,True
53627,0,2,55355,0,1,23,29,True
53627,1,2,46784,1,2,27,29,True
53629,0,1,28414,0,2,29,32,True
53629,0,2,59329,0,2,29,36,True
53629,1,2,70514,1,2,32,36,True
53652,0,1,45915,0,2,6,36,True
53652,0,2,20284,0,2,6,37,True
53652,1,2,32370,0,2,36,37,True
53659,0,1,16424,0,1,7,20,True
53659,0,2,59177,-1,0,7,28,False
53659,1,2,15985,0,2,20,28,True
53671,0,1,42184,0,1,14,35,True
53671,0,2,56130,0,2,14,35,True
53671,1,2,37384,0,1,35,35,True
53684,0,1,16457,0,1,14,14,True
53684,0,2,66906,1,2,14,39,True
53684,1,2,69567,0,2,14,39,True
53686,0,1,42504,0,1,12,36,True
53686,0,2,43822,0,2,12,36,True
53686,1,2,59248,1,2,36,36,True
53699,0,1,30751,0,1,31,31,True
53699,0,2,42816,1,2,31,38,True
53699,1,2,43147,1,2,31,38,True
53705,0,1,28069,1,2,16,27,True
53705,0,2,41143,0,2,16,28,True
53705,1,2,36261,0,1,27,28,True
53712,0,1,44366,0,2,14,37,True
53712,0,2,47540,0,2,14,37,True
53712,1,2,37109,1,2,37,37,True
53726,0,1,47700,1,2,13,20,True
53726,0,2,47918,0,1,13,20,True
53726,1,2,11070,0,1,20,20,True
53729,0,1,51385,1,2,17,21,True
53729,0,2,56651,0,1,17,33,True
53729,1,2,31503,1,2,21,33,True
53739,0,1,19592,0,1,8,8,True
53739,0,2,1392,0,1,8,18,True
53739,1,2,6982,0,2,8,18,True
53740,0,1,59165,0,1,8,15,True
53740,0,2,69959,0,2,8,33,True
53740,1,2,40146,1,2,15,33,True
53751,0,1,40258,0,1,16,17,True
53751,0,2,52715,0,2,16,31,True
53751,1,2,32335,1,2,17,31,True
53752,0,1,70937,0,1,12,18,True
53752,0,2,1352,1,2,12,21,True
53752,1,2,7426,0,1,18,21,True
53765,0,1,70757,1,2,12,35,True
53765,0,2,71905,0,2,12,35,True
53765,1,2,1368,0,1,35,35,True
53780,0,1,23667,1,2,9,23,True
53780,0,2,27883,0,2,9,40,True
53780,1,2,6137,1,2,23,40,True
53785,0,1,2223,0,2,6,9,True
53785,0,2,17296,0,1,6,22,True
53785,1,2,36927,0,2,9,22,True
53796,0,1,38405,1,2,8,8,True
53796,0,2,31202,0,1,8,35,True
53796,1,2,31528,1,2,8,35,True
53799,0,1,67300,1,2,6,29,True
53799,0,2,8621,0,1,6,36,True
53799,1,2,68373,1,2,29,36,True
53810,0,1,55819,0,1,30,32,True
53810,0,2,7108,0,2,30,39,True
53810,1,2,4530,1,2,32,39,True
53819,0,1,63125,0,1,30,30,True
53819,0,2,8696,0,2,30,31,True
53819,1,2,8696,1,2,30,31,True
53822,0,1,72863,0,1,14,19,True
53822,0,2,28669,1,2,14,32,True
53822,1,2,4753,1,2,19,32,True
53854,0,1,5391,0,1,12,17,True
53854,0,2,37570,0,2,12,24,True
53854,1,2,48532,0,1,17,24,True
53861,0,1,66328,0,2,39,39,True
53861,0,2,66328,1,2,39,39,True
53861,1,2,67831,0,1,39,39,True
53870,0,1,14451,0,2,15,16,True
53870,0,2,23707,0,2,15,23,True
53870,1,2,41397,0,2,16,23,True
53876,0,1,57497,0,1,3,8,True
53876,0,2,17053,1,2,3,36,True
53876,1,2,1083,0,1,8,36,True
53895,0,1,50905,0,1,17,17,True
53895,0,2,51594,1,2,17,17,True
53895,1,2,52169,0,1,17,17,True
53899,0,1,68744,0,1,5,6,True
53899,0,2,52773,0,2,5,24,True
53899,1,2,6326,0,2,6,24,True
53905,0,1,58440,0,1,5,5,True
53905,0,2,24415,0,1,5,10,True
53905,1,2,25740,0,2,5,10,True
53911,0,1,63096,1,2,7,11,True
53911,0,2,61734,0,2,7,38,True
53911,1,2,25873,0,1,11,38,True
53918,0,1,51665,0,2,4,25,True
53918,0,2,57953,0,2,4,26,True
53918,1,2,38866,1,2,25,26,True
53939,0,1,72977,0,2,22,31,True
53939,0,2,72999,0,2,22,31,True
53939,1,2,6026,1,2,31,31,True
53962,0,1,49705,0,1,3,3,True
53962,0,2,67599,0,1,3,4,True
53962,1,2,67599,0,2,3,4,True
53968,0,1,31212,0,2,26,37,True
53968,0,2,45880,1,2,26,38,True
53968,1,2,40353,1,2,37,38,True
53974,0,1,13826,0,2,2,35,True
53974,0,2,40933,-1,2,2,38,False
53974,1,2,45377,1,2,35,38,True
53976,0,1,62271,0,2,4,39,True
53976,0,2,64592,0,2,4,39,True
53976,1,2,15743,1,2,39,39,True
53990,0,1,34838,1,2,15,15,True
53990,0,2,35394,0,1,15,15,True
53990,1,2,35394,0,2,15,15,True
53999,0,1,72863,1,2,19,33,True
53999,0,2,2884,1,2,19,33,True
53999,1,2,70658,1,2,33,33,True
54018,0,1,67611,0,2,18,18,True
54018,0,2,13451,1,2,18,19,True
54018,1,2,14859,1,2,18,19,True
54020,0,1,38156,0,2,10,10,True
54020,0,2,28581,0,2,10,39,True
54020,1,2,33319,0,2,10,39,True
54026,0,1,2066,1,2,14,14,True
54026,0,2,5230,0,2,14,23,True
54026,1,2,27553,0,1,14,23,True
54029,0,1,20843,0,1,25,25,True
54029,0,2,43455,1,2,25,26,True
54029,1,2,48028,1,2,25,26,True
54049,0,1,70077,0,1,13,15,True
54049,0,2,2459,1,2,13,25,True
54049,1,2,48697,0,1,15,25,True
54051,0,1,60820,0,1,13,22,True
54051,0,2,45478,1,2,13,23,True
54051,1,2,71969,1,2,22,23,True
54054,0,1,15632,-1,1,16,29,False
54054,0,2,34565,-1,2,16,35,False
54054,1,2,35269,-1,1,29,35,False
54057,0,1,19980,1,2,18,19,True
54057,0,2,18829,0,1,18,36,True
54057,1,2,68844,1,2,19,36,True
54062,0,1,7354,0,2,5,16,True
54062,0,2,64523,0,1,5,20,True
54062,1,2,39925,0,2,16,20,True
54064,0,1,55724,0,2,24,24,True
54064,0,2,54536,0,2,24,31,True
54064,1,2,54536,1,2,24,31,True
54068,0,1,57328,1,2,20,20,True
54068,0,2,57557,1,2,20,20,True
54068,1,2,58138,0,1,20,20,True
54077,0,1,48532,0,2,17,36,True
54077,0,2,43898,1,2,17,40,True
54077,1,2,18067,1,2,36,40,True
54085,0,1,34425,0,1,21,23,True
54085,0,2,62439,0,1,21,24,True
54085,1,2,70320,1,2,23,24,True
54096,0,1,7940,1,2,3,9,True
54096,0,2,23599,0,1,3,9,True
54096,1,2,65098,0,1,9,9,True
54099,0,1,27781,0,1,15,15,True
54099,0,2,27781,0,2,15,15,True
54099,1,2,27781,1,2,15,15,True
54101,0,1,35877,1,2,10,11,True
54101,0,2,36487,0,2,10,37,True
54101,1,2,12559,0,2,11,37,True
54111,0,1,3585,0,2,1,23,True
54111,0,2,55712,1,2,1,34,True
54111,1,2,48256,0,2,23,34,True
54123,0,1,11270,0,2,1,9,True
54123,0,2,10740,0,1,1,39,True
54123,1,2,18367,0,2,9,39,True
54131,0,1,19728,0,2,20,25,True
54131,0,2,45141,0,1,20,32,True
54131,1,2,64677,0,2,25,32,True
54138,0,1,11907,1,2,32,32,True
54138,0,2,12184,1,2,32,32,True
54138,1,2,12761,1,2,32,32,True
54143,0,1,69355,0,2,31,32,True
54143,0,2,70405,1,2,31,32,True
54143,1,2,55068,1,2,32,32,True
54145,0,1,5030,1,2,11,39,True
54145,0,2,5121,1,2,11,39,True
54145,1,2,7547,1,2,39,39,True
54149,0,1,3012,1,2,25,26,True
54149,0,2,28240,1,2,25,30,True
54149,1,2,29357,0,1,26,30,True
54159,0,1,28700,0,2,26,26,True
54159,0,2,28700,1,2,26,26,True
54159,1,2,29007,0,1,26,26,True
54166,0,1,23381,0,1,8,22,True
54166,0,2,15779,0,2,8,23,True
54166,1,2,20189,0,1,22,23,True
54178,0,1,14172,0,1,5,5,True
54178,0,2,22531,1,2,5,28,True
54178,1,2,22926,0,2,5,28,True
54183,0,1,10784,0,2,1,22,True
54183,0,2,12195,0,2,1,22,True
54183,1,2,29043,1,2,22,22,True
54194,0,1,24010,0,1,12,26,True
54194,0,2,39766,0,2,12,27,True
54194,1,2,61949,0,2,26,27,True
54202,0,1,29489,1,2,28,29,True
54202,0,2,63401,0,1,28,33,True
54202,1,2,41819,1,2,29,33,True
54208,0,1,35552,0,2,2,26,True
54208,0,2,2259,0,2,2,30,True
54208,1,2,68306,0,1,26,30,True
54211,0,1,30069,0,1,17,25,True
54211,0,2,12197,0,2,17,35,True
54211,1,2,23588,1,2,25,35,True
54212,0,1,43575,0,2,16,17,True
54212,0,2,45384,1,2,16,17,True
54212,1,2,46758,1,2,17,17,True
54219,0,1,45424,0,1,22,22,True
54219,0,2,38368,0,1,22,40,True
54219,1,2,38368,0,2,22,40,True
54232,0,1,14758,1,2,1,2,True
54232,0,2,58816,0,1,1,19,True
54232,1,2,31538,0,2,2,19,True
54236,0,1,16548,1,2,1,2,True
54236,0,2,69581,0,2,1,37,True
54236,1,2,68013,0,2,2,37,True
54250,0,1,29221,-1,0,13,23,False
54250,0,2,29831,-1,2,13,23,False
54250,1,2,56873,0,1,23,23,True
54255,0,1,31972,0,2,21,21,True
54255,0,2,31972,1,2,21,21,True
54255,1,2,32227,0,1,21,21,True
54256,0,1,17265,0,1,3,3,True
54256,0,2,33946,0,1,3,10,True
54256,1,2,34172,0,1,3,10,True
54264,0,1,60316,0,2,9,29,True
54264,0,2,60316,1,2,9,29,True
54264,1,2,1487,1,2,29,29,True
54272,0,1,31879,0,2,19,39,True
54272,0,2,31814,1,2,19,40,True
54272,1,2,4067,0,1,39,40,True
54282,0,1,66009,0,1,4,4,True
54282,0,2,58535,0,2,4,18,True
54282,1,2,65803,0,2,4,18,True
54305,0,1,59441,0,1,7,22,True
54305,0,2,64751,0,2,7,22,True
54305,1,2,10784,1,2,22,22,True
54310,0,1,29418,0,2,4,5,True
54310,0,2,33205,0,1,4,5,True
54310,1,2,69408,0,1,5,5,True
54336,0,1,34509,0,1,6,6,True
54336,0,2,37552,0,1,6,6,True
54336,1,2,41561,0,1,6,6,True
54346,0,1,40081,0,1,7,12,True
54346,0,2,59493,0,1,7,17,True
54346,1,2,5391,0,2,12,17,True
54360,0,1,60218,0,1,27,28,True
54360,0,2,3060,1,2,27,35,True
54360,1,2,66733,1,2,28,35,True
54368,0,1,40325,1,2,26,26,True
54368,0,2,6010,0,2,26,39,True
54368,1,2,8960,1,2,26,39,True
54374,0,1,42819,1,2,28,30,True
54374,0,2,49797,0,1,28,31,True
54374,1,2,23029,0,1,30,31,True
54413,0,1,10589,0,1,14,14,True
54413,0,2,9228,1,2,14,31,True
54413,1,2,14036,0,2,14,31,True
54415,0,1,23613,1,2,18,24,True
54415,0,2,64768,0,2,18,37,True
54415,1,2,3477,0,2,24,37,True
54436,0,1,60839,0,1,2,2,True
54436,0,2,59234,0,2,2,31,True
54436,1,2,59234,1,2,2,31,True
54438,0,1,61422,0,2,2,2,True
54438,0,2,31655,0,2,2,35,True
54438,1,2,33110,0,2,2,35,True
54452,0,1,29192,0,1,8,8,True
54452,0,2,5436,0,2,8,9,True
54452,1,2,5436,1,2,8,9,True
54468,0,1,28069,0,1,3,16,True
54468,0,2,53252,1,2,3,17,True
54468,1,2,34045,0,1,16,17,True
54477,0,1,38047,1,2,16,17,True
54477,0,2,63713,1,2,16,20,True
54477,1,2,63460,0,2,17,20,True
54482,0,1,23748,0,2,1,11,True
54482,0,2,40422,0,2,1,40,True
54482,1,2,11835,0,1,11,40,True
54489,0,1,33085,0,2,13,20,True
54489,0,2,33085,1,2,13,20,True
54489,1,2,4671,1,2,20,20,True
54503,0,1,29554,1,2,29,29,True
54503,0,2,29852,1,2,29,29,True
54503,1,2,30311,0,1,29,29,True
54510,0,1,38616,1,2,12,12,True
54510,0,2,26836,0,2,12,31,True
54510,1,2,26836,1,2,12,31,True
54520,0,1,18506,1,2,32,32,True
54520,0,2,19137,1,2,32,32,True
54520,1,2,20034,1,2,32,32,True
54528,0,1,11805,0,2,11,20,True
54528,0,2,13945,0,2,11,35,True
54528,1,2,37789,1,2,20,35,True
54536,0,1,35909,1,2,24,24,True
54536,0,2,50474,1,2,24,31,True
54536,1,2,52715,1,2,24,31,True
54552,0,1,47542,0,1,2,4,True
54552,0,2,44809,0,1,2,16,True
54552,1,2,20496,0,1,4,16,True
54554,0,1,54255,0,1,21,21,True
54554,0,2,50659,1,2,21,37,True
54554,1,2,55402,1,2,21,37,True
54558,0,1,21609,0,1,16,16,True
54558,0,2,23155,1,2,16,16,True
54558,1,2,23775,0,1,16,16,True
54559,0,1,64755,1,2,3,3,True
54559,0,2,20194,1,2,3,22,True
54559,1,2,21394,0,2,3,22,True
54562,0,1,10631,1,2,13,15,True
54562,0,2,55742,0,2,13,40,True
54562,1,2,23537,1,2,15,40,True
54568,0,1,54111,0,2,1,34,True
54568,0,2,55712,0,2,1,34,True
54568,1,2,62998,0,2,34,34,True
54575,0,1,65704,0,2,26,26,True
54575,0,2,65704,1,2,26,26,True
54575,1,2,66087,1,2,26,26,True
54578,0,1,42437,0,2,11,16,True
54578,0,2,43352,1,2,11,16,True
54578,1,2,28929,0,1,16,16,True
54595,0,1,19682,1,2,7,33,True
54595,0,2,42024,0,1,7,38,True
54595,1,2,65684,1,2,33,38,True
54609,0,1,5074,1,2,18,22,True
54609,0,2,44544,0,2,18,29,True
54609,1,2,55854,0,1,22,29,True
54613,0,1,27785,0,1,15,15,True
54613,0,2,758,0,2,15,26,True
54613,1,2,1381,0,2,15,26,True
54646,0,1,27772,0,1,14,14,True
54646,0,2,16587,1,2,14,28,True
54646,1,2,23448,0,1,14,28,True
54649,0,1,2613,1,2,10,10,True
54649,0,2,2651,0,1,10,11,True
54649,1,2,5040,0,1,10,11,True
54658,0,1,48747,0,2,13,13,True
54658,0,2,48747,1,2,13,13,True
54658,1,2,48795,0,1,13,13,True
54661,0,1,50922,1,2,27,27,True
54661,0,2,51590,1,2,27,27,True
54661,1,2,51753,1,2,27,27,True
54675,0,1,31563,1,2,38,39,True
54675,0,2,32338,1,2,38,39,True
54675,1,2,4224,0,2,39,39,True
54681,0,1,58004,-1,2,13,36,False
54681,0,2,67708,-1,1,13,37,False
54681,1,2,43584,1,2,36,37,True
54682,0,1,28635,0,1,4,10,True
54682,0,2,54993,0,2,4,20,True
54682,1,2,61923,0,1,10,20,True
54687,0,1,66811,1,2,8,9,True
54687,0,2,68699,0,1,8,9,True
54687,1,2,26796,0,1,9,9,True
54694,0,1,62272,0,1,21,21,True
54694,0,2,62272,0,2,21,21,True
54694,1,2,62272,1,2,21,21,True
54696,0,1,2672,1,2,25,33,True
54696,0,2,45719,0,2,25,34,True
54696,1,2,24762,0,2,33,34,True
54732,0,1,51384,1,2,24,25,True
54732,0,2,51994,0,1,24,25,True
54732,1,2,41516,0,1,25,25,True
54760,0,1,29785,0,1,7,33,True
54760,0,2,42024,0,2,7,38,True
54760,1,2,57705,1,2,33,38,True
54765,0,1,62348,0,2,29,32,True
54765,0,2,22636,0,1,29,37,True
54765,1,2,70949,1,2,32,37,True
54767,0,1,58508,1,2,24,24,True
54767,0,2,38338,1,2,24,27,True
54767,1,2,44632,0,2,24,27,True
54787,0,1,64053,0,1,18,18,True
54787,0,2,64053,0,2,18,18,True
54787,1,2,64053,1,2,18,18,True
54788,0,1,39405,0,1,6,6,True
54788,0,2,40550,1,2,6,6,True
54788,1,2,41826,0,1,6,6,True
54810,0,1,16310,0,1,9,23,True
54810,0,2,3563,0,2,9,37,True
54810,1,2,56407,1,2,23,37,True
54816,0,1,68142,0,1,4,5,True
54816,0,2,68297,0,1,4,5,True
54816,1,2,40746,1,2,5,5,True
54818,0,1,23100,0,2,9,10,True
54818,0,2,28609,0,2,9,31,True
54818,1,2,40174,0,2,10,31,True
54835,0,1,8921,0,2,9,35,True
54835,0,2,45644,1,2,9,38,True
54835,1,2,64636,1,2,35,38,True
54846,0,1,62944,0,2,11,12,True
54846,0,2,62944,1,2,11,12,True
54846,1,2,34299,0,1,12,12,True
54850,0,1,50553,1,2,10,11,True
54850,0,2,27931,0,2,10,37,True
54850,1,2,61367,1,2,11,37,True
54852,0,1,19014,0,1,3,10,True
54852,0,2,59975,1,2,3,21,True
54852,1,2,12227,0,1,10,21,True
54853,0,1,66310,0,1,27,27,True
54853,0,2,66376,1,2,27,27,True
54853,1,2,67862,0,1,27,27,True
54868,0,1,15328,0,1,28,28,True
54868,0,2,68224,1,2,28,34,True
54868,1,2,85,0,1,28,34,True
54871,0,1,2516,1,2,24,24,True
54871,0,2,2791,1,2,24,24,True
54871,1,2,3869,1,2,24,24,True
54872,0,1,67388,0,1,12,31,True
54872,0,2,67388,0,2,12,31,True
54872,1,2,35304,1,2,31,31,True
54893,0,1,41362,0,1,24,28,True
54893,0,2,41892,1,2,24,28,True
54893,1,2,23860,0,2,28,28,True
54895,0,1,8227,1,2,20,20,True
54895,0,2,29833,0,2,20,21,True
54895,1,2,29833,1,2,20,21,True
54897,0,1,51215,0,2,5,10,True
54897,0,2,53905,0,2,5,10,True
54897,1,2,36893,0,1,10,10,True
54898,0,1,15379,1,2,16,17,True
54898,0,2,15756,0,1,16,17,True
54898,1,2,53895,0,1,17,17,True
54905,0,1,72530,0,2,5,5,True
54905,0,2,60598,0,2,5,39,True
54905,1,2,62846,0,2,5,39,True
54906,0,1,17912,1,2,9,28,True
54906,0,2,15683,0,1,9,31,True
54906,1,2,60218,1,2,28,31,True
54907,0,1,50856,0,1,21,21,True
54907,0,2,72001,0,1,21,28,True
54907,1,2,72001,0,2,21,28,True
54920,0,1,60379,0,1,25,25,True
54920,0,2,60379,0,2,25,25,True
54920,1,2,60379,1,2,25,25,True
54926,0,1,65972,0,1,1,1,True
54926,0,2,23877,0,2,1,27,True
54926,1,2,25788,0,2,1,27,True
54935,0,1,68445,0,2,12,24,True
54935,0,2,57424,0,1,12,25,True
54935,1,2,33068,0,2,24,25,True
54936,0,1,33191,0,2,14,34,True
54936,0,2,35887,0,2,14,34,True
54936,1,2,67821,1,2,34,34,True
54956,0,1,4945,0,2,14,14,True
54956,0,2,70738,0,1,14,15,True
54956,1,2,70738,0,2,14,15,True
54963,0,1,20260,1,2,29,29,True
54963,0,2,22371,1,2,29,37,True
54963,1,2,22636,0,1,29,37,True
54976,0,1,65703,1,2,17,33,True
54976,0,2,70940,0,1,17,34,True
54976,1,2,731,1,2,33,34,True
54978,0,1,20235,0,2,23,23,True
54978,0,2,55577,0,1,23,24,True
54978,1,2,55577,0,2,23,24,True
54982,0,1,34847,0,1,8,8,True
54982,0,2,26011,1,2,8,26,True
54982,1,2,26788,0,2,8,26,True
54993,0,1,228,1,2,4,19,True
54993,0,2,72930,0,2,4,20,True
54993,1,2,5770,0,1,19,20,True
54995,0,1,36157,1,2,5,5,True
54995,0,2,29325,0,2,5,24,True
54995,1,2,30517,0,1,5,24,True
54998,0,1,20292,0,1,10,11,True
54998,0,2,25471,0,1,10,11,True
54998,1,2,28862,1,2,11,11,True
55000,0,1,38073,0,1,16,16,True
55000,0,2,27842,0,1,16,32,True
55000,1,2,28122,0,1,16,32,True
55001,0,1,64330,0,1,4,4,True
55001,0,2,6877,0,2,4,40,True
55001,1,2,7223,0,2,4,40,True
55002,0,1,18028,0,1,3,3,True
55002,0,2,35506,0,2,3,39,True
55002,1,2,38126,0,2,3,39,True
55016,0,1,67090,0,2,3,29,True
55016,0,2,67090,1,2,3,29,True
55016,1,2,39097,1,2,29,29,True
55024,0,1,3717,0,1,5,18,True
55024,0,2,71238,0,2,5,39,True
55024,1,2,1584,0,1,18,39,True
55029,0,1,44092,0,1,11,11,True
55029,0,2,32580,1,2,11,21,True
55029,1,2,38320,0,2,11,21,True
55048,0,1,48747,0,2,13,13,True
55048,0,2,12490,0,2,13,17,True
55048,1,2,20477,0,1,13,17,True
55054,0,1,18506,1,2,32,32,True
55054,0,2,19137,1,2,32,32,True
55054,1,2,20034,1,2,32,32,True
55065,0,1,25544,0,2,1,33,True
55065,0,2,33138,0,2,1,33,True
55065,1,2,52208,0,1,33,33,True
55068,0,1,8029,0,1,24,32,True
55068,0,2,12725,1,2,24,32,True
55068,1,2,64677,1,2,32,32,True
55073,0,1,70131,1,2,26,26,True
55073,0,2,70162,0,1,26,26,True
55073,1,2,70162,0,2,26,26,True
55084,0,1,9169,1,2,23,34,True
55084,0,2,11633,1,2,23,34,True
55084,1,2,52568,0,2,34,34,True
55088,0,1,62104,1,2,14,14,True
55088,0,2,47800,0,2,14,19,True
55088,1,2,51652,0,1,14,19,True
55092,0,1,63371,1,2,12,12,True
55092,0,2,43807,0,1,12,24,True
55092,1,2,43807,0,2,12,24,True
55093,0,1,59783,0,1,2,34,True
55093,0,2,63194,0,1,2,34,True
55093,1,2,56875,0,1,34,34,True
55095,0,1,5904,0,1,10,10,True
55095,0,2,6265,0,1,10,10,True
55095,1,2,6265,0,2,10,10,True
55106,0,1,59571,0,1,7,7,True
55106,0,2,42756,0,1,7,38,True
55106,1,2,43147,0,2,7,38,True
55113,0,1,15225,0,1,30,30,True
55113,0,2,15225,0,2,30,30,True
55113,1,2,15225,1,2,30,30,True
55119,0,1,12655,0,1,8,13,True
55119,0,2,35618,1,2,8,19,True
55119,1,2,12596,1,2,13,19,True
55125,0,1,61368,0,2,24,24,True
55125,0,2,17320,0,1,24,29,True
55125,1,2,17320,0,2,24,29,True
55137,0,1,60007,0,1,6,10,True
55137,0,2,22860,0,2,6,11,True
55137,1,2,71004,0,1,10,11,True
55138,0,1,63946,0,1,9,9,True
55138,0,2,44752,0,1,9,12,True
55138,1,2,51979,0,1,9,12,True
55142,0,1,39302,1,2,5,33,True
55142,0,2,38718,1,2,5,40,True
55142,1,2,46130,0,2,33,40,True
55147,0,1,44540,0,2,20,25,True
55147,0,2,24476,0,2,20,32,True
55147,1,2,59392,0,1,25,32,True
55156,0,1,66689,0,2,9,14,True
55156,0,2,63542,0,2,9,29,True
55156,1,2,35458,0,1,14,29,True
55172,0,1,47475,0,1,3,9,True
55172,0,2,66838,0,2,3,12,True
55172,1,2,24339,0,1,9,12,True
55176,0,1,19128,1,2,35,38,True
55176,0,2,27961,1,2,35,38,True
55176,1,2,67073,0,2,38,38,True
55180,0,1,39777,0,2,15,39,True
55180,0,2,39994,0,2,15,39,True
55180,1,2,65788,0,1,39,39,True
55191,0,1,42445,1,2,7,30,True
55191,0,2,43606,0,2,7,30,True
55191,1,2,63098,0,2,30,30,True
55202,0,1,32062,-1,1,37,39,False
55202,0,2,33123,-1,2,37,39,False
55202,1,2,17605,1,2,39,39,True
55208,0,1,68510,0,2,1,10,True
55208,0,2,40422,0,1,1,18,True
55208,1,2,22196,1,2,10,18,True
55209,0,1,37496,0,2,16,35,True
55209,0,2,61669,0,2,16,40,True
55209,1,2,35832,0,2,35,40,True
55223,0,1,51453,0,1,5,5,True
55223,0,2,51453,0,2,5,5,True
55223,1,2,51453,1,2,5,5,True
55226,0,1,50852,1,2,22,26,True
55226,0,2,52253,0,2,22,26,True
55226,1,2,56274,0,1,26,26,True
55236,0,1,48356,0,1,13,13,True
55236,0,2,20808,0,2,13,26,True
55236,1,2,21723,0,1,13,26,True
55248,0,1,69657,0,2,17,28,True
55248,0,2,68191,1,2,17,33,True
55248,1,2,52459,0,2,28,33,True
55257,0,1,69881,0,2,15,18,True
55257,0,2,18989,0,2,15,31,True
55257,1,2,69028,1,2,18,31,True
55277,0,1,15064,1,2,2,33,True
55277,0,2,19854,0,2,2,33,True
55277,1,2,5219,1,2,33,33,True
55282,0,1,24339,0,1,9,12,True
55282,0,2,50852,0,1,9,22,True
55282,1,2,19064,1,2,12,22,True
55285,0,1,67743,1,2,15,28,True
55285,0,2,5360,1,2,15,28,True
55285,1,2,39825,0,1,28,28,True
55286,0,1,7617,0,1,22,22,True
55286,0,2,69660,0,1,22,28,True
55286,1,2,69660,0,2,22,28,True
55299,0,1,56011,1,2,19,39,True
55299,0,2,487,0,1,19,40,True
55299,1,2,32988,0,1,39,40,True
55304,0,1,64352,1,2,6,6,True
55304,0,2,25076,0,1,6,7,True
55304,1,2,25086,0,2,6,7,True
55334,0,1,28206,0,2,13,38,True
55334,0,2,35625,0,2,13,38,True
55334,1,2,59188,0,1,38,38,True
55355,0,1,53627,0,2,23,29,True
55355,0,2,61582,1,2,23,29,True
55355,1,2,39479,0,1,29,29,True
55370,0,1,11367,1,2,10,28,True
55370,0,2,32992,0,2,10,35,True
55370,1,2,49449,0,1,28,35,True
55377,0,1,25241,0,1,6,6,True
55377,0,2,66480,0,1,6,27,True
55377,1,2,68044,0,2,6,27,True
55383,0,1,25527,1,2,31,31,True
55383,0,2,25933,0,1,31,31,True
55383,1,2,28449,1,2,31,31,True
55384,0,1,71168,0,1,4,4,True
55384,0,2,71270,0,2,4,17,True
55384,1,2,4905,0,1,4,17,True
55385,0,1,31184,0,1,15,16,True
55385,0,2,56998,0,1,15,20,True
55385,1,2,48631,1,2,16,20,True
55386,0,1,29881,1,2,6,21,True
55386,0,2,70676,0,2,6,25,True
55386,1,2,4343,1,2,21,25,True
55396,0,1,70607,1,2,28,28,True
55396,0,2,71261,1,2,28,28,True
55396,1,2,71935,1,2,28,28,True
55402,0,1,67419,0,2,18,21,True
55402,0,2,61931,0,2,18,37,True
55402,1,2,19237,0,2,21,37,True
55406,0,1,20808,1,2,18,26,True
55406,0,2,22016,1,2,18,40,True
55406,1,2,46943,1,2,26,40,True
55425,0,1,40864,1,2,9,10,True
55425,0,2,47559,1,2,9,22,True
55425,1,2,57534,0,2,10,22,True
55427,0,1,41006,0,2,13,23,True
55427,0,2,45793,0,2,13,33,True
55427,1,2,30455,1,2,23,33,True
55443,0,1,63121,0,1,1,1,True
55443,0,2,12195,0,2,1,22,True
55443,1,2,12482,0,2,1,22,True
55447,0,1,66831,0,1,16,16,True
55447,0,2,66941,1,2,16,16,True
55447,1,2,67098,0,1,16,16,True
55465,0,1,837,0,1,13,13,True
55465,0,2,1204,0,1,13,13,True
55465,1,2,1204,0,2,13,13,True
55468,0,1,22213,0,1,8,31,True
55468,0,2,20386,0,2,8,39,True
55468,1,2,47130,1,2,31,39,True
55477,0,1,58107,1,2,9,40,True
55477,0,2,60374,0,2,9,40,True
55477,1,2,49839,1,2,40,40,True
55484,0,1,30375,1,2,34,36,True
55484,0,2,40486,1,2,34,37,True
55484,1,2,52581,0,1,36,37,True
55501,0,1,49475,0,1,9,12,True
55501,0,2,43546,1,2,9,33,True
55501,1,2,29610,-1,2,12,33,False
55506,0,1,4719,1,2,4,4,True
55506,0,2,5484,0,1,4,4,True
55506,1,2,5773,0,1,4,4,True
55525,0,1,49723,0,1,25,25,True
55525,0,2,49748,1,2,25,25,True
55525,1,2,49777,1,2,25,25,True
55545,0,1,34156,1,2,5,33,True
55545,0,2,17116,0,2,5,34,True
55545,1,2,26736,0,2,33,34,True
55550,0,1,239,1,2,14,20,True
55550,0,2,5552,0,2,14,34,True
55550,1,2,3927,0,2,20,34,True
55562,0,1,21120,0,1,3,3,True
55562,0,2,22120,0,2,3,35,True
55562,1,2,22120,1,2,3,35,True
55566,0,1,21394,0,1,3,3,True
55566,0,2,5266,1,2,3,17,True
55566,1,2,9160,0,2,3,17,True
55577,0,1,36417,1,2,23,24,True
55577,0,2,37278,1,2,23,24,True
55577,1,2,34413,0,1,24,24,True
55579,0,1,39702,0,2,17,24,True
55579,0,2,49669,0,2,17,27,True
55579,1,2,49226,1,2,24,27,True
55592,0,1,7040,0,2,17,17,True
55592,0,2,7040,1,2,17,17,True
55592,1,2,7970,1,2,17,17,True
55595,0,1,53605,0,1,2,9,True
55595,0,2,42036,1,2,2,27,True
55595,1,2,22753,0,2,9,27,True
55597,0,1,28253,0,2,3,22,True
55597,0,2,8238,0,2,3,27,True
55597,1,2,34198,0,1,22,27,True
55600,0,1,41079,1,2,16,29,True
55600,0,2,42596,0,2,16,29,True
55600,1,2,71457,0,1,29,29,True
55610,0,1,66765,1,2,31,33,True
55610,0,2,43634,0,2,31,37,True
55610,1,2,59586,1,2,33,37,True
55621,0,1,50002,0,1,9,9,True
55621,0,2,66697,0,2,9,20,True
55621,1,2,66697,1,2,9,20,True
55624,0,1,22753,1,2,9,27,True
55624,0,2,28510,0,1,9,27,True
55624,1,2,24171,1,2,27,27,True
55638,0,1,58480,1,2,20,21,True
55638,0,2,58499,0,1,20,21,True
55638,1,2,52139,1,2,21,21,True
55641,0,1,12651,1,2,20,24,True
55641,0,2,49902,0,2,20,39,True
55641,1,2,15341,0,1,24,39,True
55661,0,1,5118,0,1,1,1,True
55661,0,2,10449,0,2,1,32,True
55661,1,2,11656,0,2,1,32,True
55685,0,1,28582,1,2,15,21,True
55685,0,2,56664,0,2,15,27,True
55685,1,2,49512,1,2,21,27,True
55689,0,1,39405,0,2,6,26,True
55689,0,2,66480,0,1,6,27,True
55689,1,2,21385,0,1,26,27,True
55712,0,1,23748,0,1,1,1,True
55712,0,2,25389,1,2,1,34,True
55712,1,2,26953,0,1,1,34,True
55724,0,1,71701,0,1,24,24,True
55724,0,2,72975,0,1,24,24,True
55724,1,2,72975,0,2,24,24,True
55725,0,1,5218,1,2,32,32,True
55725,0,2,5444,1,2,32,32,True
55725,1,2,6134,1,2,32,32,True
55738,0,1,42384,0,2,1,7,True
55738,0,2,38882,0,1,1,31,True
55738,1,2,43469,0,2,7,31,True
55741,0,1,15191,1,2,2,16,True
55741,0,2,31280,-1,2,2,31,False
55741,1,2,33123,-1,1,16,31,False
55742,0,1,56435,0,2,13,40,True
55742,0,2,56435,1,2,13,40,True
55742,1,2,11696,0,2,40,40,True
55758,0,1,28173,1,2,21,21,True
55758,0,2,7915,0,1,21,22,True
55758,1,2,7915,0,2,21,22,True
55759,0,1,57631,1,2,18,18,True
55759,0,2,17559,1,2,18,38,True
55759,1,2,31241,1,2,18,38,True
55766,0,1,37982,0,2,24,24,True
55766,0,2,67108,0,1,24,33,True
55766,1,2,70631,0,1,24,33,True
55769,0,1,49582,1,2,21,25,True
55769,0,2,55386,1,2,21,25,True
55769,1,2,23072,0,2,25,25,True
55786,0,1,37709,0,2,16,28,True
55786,0,2,39428,0,1,16,28,True
55786,1,2,35750,1,2,28,28,True
55795,0,1,57806,1,2,14,15,True
55795,0,2,66046,0,2,14,38,True
55795,1,2,37737,1,2,15,38,True
55799,0,1,2744,0,1,13,15,True
55799,0,2,64273,0,2,13,19,True
55799,1,2,32924,0,1,15,19,True
55807,0,1,26480,1,2,18,25,True
55807,0,2,31724,0,2,18,35,True
55807,1,2,51554,0,2,25,35,True
55808,0,1,34415,-1,2,19,37,False
55808,0,2,39986,-1,1,19,38,False
55808,1,2,39986,0,1,37,38,True
55819,0,1,25596,0,2,30,32,True
55819,0,2,27206,0,2,30,32,True
55819,1,2,10449,1,2,32,32,True
55825,0,1,25934,1,2,6,6,True
55825,0,2,26154,0,1,6,6,True
55825,1,2,27448,0,1,6,6,True
55831,0,1,45671,0,1,4,14,True
55831,0,2,47988,0,1,4,39,True
55831,1,2,27841,0,2,14,39,True
55835,0,1,66736,1,2,11,11,True
55835,0,2,34109,0,1,11,28,True
55835,1,2,40838,0,1,11,28,True
55839,0,1,34014,0,2,12,20,True
55839,0,2,69512,0,2,12,21,True
55839,1,2,71739,1,2,20,21,True
55840,0,1,47918,0,1,13,20,True
55840,0,2,2401,0,2,13,21,True
55840,1,2,72117,1,2,20,21,True
55843,0,1,63344,0,2,13,14,True
55843,0,2,2459,1,2,13,25,True
55843,1,2,24711,0,1,14,25,True
55847,0,1,18315,1,2,32,35,True
55847,0,2,42013,1,2,32,36,True
55847,1,2,59082,0,1,35,36,True
55854,0,1,19635,0,1,22,29,True
55854,0,2,19635,0,2,22,29,True
55854,1,2,39097,0,1,29,29,True
55866,0,1,25969,0,1,19,20,True
55866,0,2,16110,0,2,19,40,True
55866,1,2,51542,0,2,20,40,True
55867,0,1,11611,0,1,6,6,True
55867,0,2,20532,0,2,6,31,True
55867,1,2,21751,0,2,6,31,True
55872,0,1,23351,0,1,17,18,True
55872,0,2,24348,0,2,17,18,True
55872,1,2,39079,0,1,18,18,True
55876,0,1,47744,0,1,5,9,True
55876,0,2,47030,0,2,5,20,True
55876,1,2,17843,1,2,9,20,True
55878,0,1,41592,0,1,3,26,True
55878,0,2,28511,-1,2,3,40,False
55878,1,2,33264,1,2,26,40,True
55885,0,1,56706,1,2,26,26,True
55885,0,2,24662,1,2,26,32,True
55885,1,2,41875,0,1,26,32,True
55896,0,1,953,0,1,8,32,True
55896,0,2,953,0,2,8,32,True
55896,1,2,33507,1,2,32,32,True
55903,0,1,65692,0,1,26,26,True
55903,0,2,34064,0,1,26,33,True
55903,1,2,38834,0,1,26,33,True
55916,0,1,67740,0,2,11,26,True
55916,0,2,58911,1,2,11,33,True
55916,1,2,55903,1,2,26,33,True
55921,0,1,34239,0,1,15,16,True
55921,0,2,21825,1,2,15,32,True
55921,1,2,25047,0,1,16,32,True
55922,0,1,21755,1,2,32,40,True
55922,0,2,30484,1,2,32,40,True
55922,1,2,11835,1,2,40,40,True
55930,0,1,37636,0,2,1,2,True
55930,0,2,31060,0,1,1,6,True
55930,1,2,52950,0,1,2,6,True
55939,0,1,49758,0,1,1,38,True
55939,0,2,6115,0,2,1,38,True
55939,1,2,10933,0,1,38,38,True
55971,0,1,2613,1,2,10,10,True
55971,0,2,2668,0,1,10,10,True
55971,1,2,3888,0,1,10,10,True
55976,0,1,33802,1,2,28,35,True
55976,0,2,9570,0,2,28,37,True
55976,1,2,64225,1,2,35,37,True
55979,0,1,53394,0,1,9,9,True
55979,0,2,6793,0,1,9,22,True
55979,1,2,21623,0,1,9,22,True
55986,0,1,6458,0,1,13,30,True
55986,0,2,49943,0,2,13,36,True
55986,1,2,59602,0,1,30,36,True
55990,0,1,43150,0,1,6,30,True
55990,0,2,72653,0,2,6,38,True
55990,1,2,25620,0,2,30,38,True
55993,0,1,11838,0,1,18,18,True
55993,0,2,43753,0,1,18,19,True
55993,1,2,43753,0,2,18,19,True
55998,0,1,13980,0,1,4,6,True
55998,0,2,13980,0,2,4,6,True
55998,1,2,59250,0,1,6,6,True
56003,0,1,15692,0,2,3,8,True
56003,0,2,15692,1,2,3,8,True
56003,1,2,34235,0,2,8,8,True
56011,0,1,60692,1,2,5,19,True
56011,0,2,48380,0,2,5,39,True
56011,1,2,31879,0,1,19,39,True
56031,0,1,2307,0,1,14,25,True
56031,0,2,32087,0,1,14,40,True
56031,1,2,22478,1,2,25,40,True
56032,0,1,2429,0,1,8,12,True
56032,0,2,32496,1,2,8,36,True
56032,1,2,192,0,2,12,36,True
56047,0,1,41976,1,2,12,13,True
56047,0,2,34169,0,1,12,26,True
56047,1,2,33057,-1,2,13,26,False
56051,0,1,9702,1,2,18,18,True
56051,0,2,10375,0,1,18,18,True
56051,1,2,11838,0,1,18,18,True
56053,0,1,71873,0,2,1,2,True
56053,0,2,46857,0,2,1,20,True
56053,1,2,66707,0,2,2,20,True
56063,0,1,55048,0,2,13,17,True
56063,0,2,36185,1,2,13,33,True
56063,1,2,68191,1,2,17,33,True
56072,0,1,16760,1,2,39,39,True
56072,0,2,17059,0,1,39,39,True
56072,1,2,17666,1,2,39,39,True
56074,0,1,1249,1,2,9,9,True
56074,0,2,2223,1,2,9,9,True
56074,1,2,3819,0,1,9,9,True
56075,0,1,18736,0,1,39,39,True
56075,0,2,18736,0,2,39,39,True
56075,1,2,18736,1,2,39,39,True
56082,0,1,32194,0,1,7,9,True
56082,0,2,36095,0,2,7,9,True
56082,1,2,27928,1,2,9,9,True
56102,0,1,53899,0,2,5,24,True
56102,0,2,48851,0,2,5,33,True
56102,1,2,63715,0,2,24,33,True
56111,0,1,322,1,2,38,38,True
56111,0,2,19996,0,2,38,39,True
56111,1,2,19996,1,2,38,39,True
56113,0,1,35530,0,1,21,22,True
56113,0,2,37267,1,2,21,22,True
56113,1,2,8144,1,2,22,22,True
56124,0,1,28743,0,1,4,30,True
56124,0,2,44718,0,2,4,36,True
56124,1,2,34826,0,1,30,36,True
56130,0,1,29718,1,2,14,14,True
56130,0,2,18315,0,2,14,35,True
56130,1,2,22692,0,2,14,35,True
56131,0,1,44248,0,2,29,29,True
56131,0,2,6454,1,2,29,33,True
56131,1,2,6454,1,2,29,33,True
56141,0,1,70940,0,2,17,38,True
56141,0,2,6445,0,2,17,38,True
56141,1,2,18951,0,1,38,38,True
56143,0,1,34172,0,2,3,36,True
56143,0,2,46601,0,2,3,40,True
56143,1,2,59082,1,2,36,40,True
56158,0,1,35530,0,1,21,22,True
56158,0,2,50856,0,2,21,31,True
56158,1,2,5220,1,2,22,31,True
56162,0,1,10115,1,2,19,19,True
56162,0,2,13741,0,1,19,19,True
56162,1,2,23314,0,1,19,19,True
56164,0,1,19546,0,2,17,22,True
56164,0,2,19546,1,2,17,22,True
56164,1,2,32583,1,2,22,22,True
56166,0,1,48164,0,1,36,37,True
56166,0,2,48164,0,2,36,37,True
56166,1,2,45682,0,2,37,37,True
56174,0,1,45430,0,2,25,27,True
56174,0,2,68042,0,2,25,38,True
56174,1,2,21375,0,1,27,38,True
56177,0,1,47349,0,1,24,24,True
56177,0,2,48162,0,1,24,24,True
56177,1,2,49072,0,1,24,24,True
56216,0,1,3430,1,2,16,17,True
56216,0,2,7499,0,1,16,24,True
56216,1,2,18738,1,2,17,24,True
56225,0,1,39454,0,1,4,24,True
56225,0,2,45848,0,2,4,37,True
56225,1,2,11139,0,2,24,37,True
56226,0,1,41440,0,2,15,17,True
56226,0,2,3301,1,2,15,38,True
56226,1,2,32046,0,2,17,38,True
56244,0,1,11134,1,2,38,39,True
56244,0,2,13482,1,2,38,39,True
56244,1,2,59474,1,2,39,39,True
56246,0,1,52257,0,2,15,25,True
56246,0,2,54613,0,2,15,26,True
56246,1,2,62951,1,2,25,26,True
56251,0,1,36095,0,1,7,7,True
56251,0,2,41225,1,2,7,10,True
56251,1,2,43812,0,2,7,10,True
56259,0,1,64956,1,2,30,30,True
56259,0,2,65676,1,2,30,30,True
56259,1,2,67405,0,1,30,30,True
56271,0,1,50852,0,1,9,22,True
56271,0,2,51979,0,2,9,22,True
56271,1,2,6710,1,2,22,22,True
56272,0,1,50708,1,2,2,2,True
56272,0,2,58835,0,1,2,32,True
56272,1,2,28309,0,2,2,32,True
56274,0,1,10063,1,2,26,26,True
56274,0,2,18040,1,2,26,28,True
56274,1,2,21670,1,2,26,28,True
56280,0,1,31178,0,1,27,27,True
56280,0,2,31298,1,2,27,27,True
56280,1,2,31394,0,1,27,27,True
56281,0,1,10831,0,1,20,20,True
56281,0,2,10831,0,2,20,20,True
56281,1,2,10831,1,2,20,20,True
56355,0,1,51834,1,2,14,14,True
56355,0,2,3173,1,2,14,34,True
56355,1,2,4162,0,1,14,34,True
56366,0,1,6515,0,2,7,25,True
56366,0,2,59441,0,2,7,27,True
56366,1,2,49292,0,2,25,27,True
56368,0,1,9481,0,1,8,25,True
56368,0,2,31528,1,2,8,35,True
56368,1,2,17333,0,2,25,35,True
56389,0,1,56281,1,2,20,20,True
56389,0,2,56451,0,1,20,20,True
56389,1,2,56451,0,2,20,20,True
56407,0,1,60666,1,2,22,23,True
56407,0,2,51732,0,1,22,37,True
56407,1,2,57636,0,2,23,37,True
56414,0,1,41578,0,1,14,22,True
56414,0,2,30013,0,2,14,23,True
56414,1,2,71063,0,2,22,23,True
56415,0,1,37573,0,1,9,25,True
56415,0,2,67534,1,2,9,26,True
56415,1,2,39935,0,1,25,26,True
56424,0,1,60657,0,1,16,24,True
56424,0,2,32696,1,2,16,30,True
56424,1,2,27180,1,2,24,30,True
56435,0,1,837,0,1,13,13,True
56435,0,2,26656,0,2,13,40,True
56435,1,2,26737,0,2,13,40,True
56441,0,1,19058,1,2,8,31,True
56441,0,2,19764,0,1,8,31,True
56441,1,2,24329,0,2,31,31,True
56448,0,1,20292,1,2,11,19,True
56448,0,2,30063,0,1,11,23,True
56448,1,2,30596,0,1,19,23,True
56451,0,1,71593,0,2,20,20,True
56451,0,2,71593,1,2,20,20,True
56451,1,2,72930,1,2,20,20,True
56460,0,1,44087,0,2,8,22,True
56460,0,2,25853,0,2,8,37,True
56460,1,2,68538,1,2,22,37,True
56487,0,1,22767,0,1,13,14,True
56487,0,2,22767,0,2,13,14,True
56487,1,2,25167,0,2,14,14,True
56491,0,1,59353,0,2,13,37,True
56491,0,2,64367,1,2,13,37,True
56491,1,2,45682,1,2,37,37,True
56496,0,1,14245,0,1,11,13,True
56496,0,2,16718,0,2,11,33,True
56496,1,2,7355,-1,1,13,33,False
56502,0,1,52344,0,1,6,12,True
56502,0,2,59349,0,2,6,15,True
56502,1,2,63497,0,2,12,15,True
56521,0,1,15158,0,1,1,2,True
56521,0,2,7981,0,2,1,34,True
56521,1,2,66778,0,1,2,34,True
56522,0,1,61414,1,2,3,3,True
56522,0,2,61863,0,1,3,3,True
56522,1,2,61864,0,1,3,3,True
56546,0,1,55872,0,1,17,18,True
56546,0,2,70466,1,2,17,39,True
56546,1,2,59850,1,2,18,39,True
56548,0,1,55208,0,1,1,10,True
56548,0,2,43712,0,1,1,30,True
56548,1,2,24748,0,2,10,30,True
56554,0,1,36198,-1,0,1,7,False
56554,0,2,60496,0,2,1,36,True
56554,1,2,41640,0,1,7,36,True
56565,0,1,71935,1,2,28,28,True
56565,0,2,63165,0,2,28,40,True
56565,1,2,68301,1,2,28,40,True
56570,0,1,55334,0,2,13,38,True
56570,0,2,62846,1,2,13,39,True
56570,1,2,16727,0,1,38,39,True
56573,0,1,66899,0,1,2,2,True
56573,0,2,66899,0,2,2,2,True
56573,1,2,66899,1,2,2,2,True
56578,0,1,68780,1,2,11,40,True
56578,0,2,70848,1,2,11,40,True
56578,1,2,66345,1,2,40,40,True
56600,0,1,12674,1,2,39,39,True
56600,0,2,13849,1,2,39,39,True
56600,1,2,14089,1,2,39,39,True
56606,0,1,67103,0,1,2,19,True
56606,0,2,35469,0,2,2,29,True
56606,1,2,70218,0,1,19,29,True
56614,0,1,57027,1,2,2,5,True
56614,0,2,66807,1,2,2,26,True
56614,1,2,63508,0,1,5,26,True
56625,0,1,36289,0,1,18,18,True
56625,0,2,37262,0,1,18,18,True
56625,1,2,37564,0,1,18,18,True
56629,0,1,12225,0,1,8,8,True
56629,0,2,17987,0,1,8,8,True
56629,1,2,17987,0,2,8,8,True
56641,0,1,6094,0,1,8,22,True
56641,0,2,1738,0,2,8,29,True
56641,1,2,67553,1,2,22,29,True
56647,0,1,9603,1,2,27,28,True
56647,0,2,18404,0,2,27,37,True
56647,1,2,28232,1,2,28,37,True
56649,0,1,26940,0,1,19,19,True
56649,0,2,26940,0,2,19,19,True
56649,1,2,26940,1,2,19,19,True
56651,0,1,53729,0,2,17,33,True
56651,0,2,10191,0,1,17,33,True
56651,1,2,64195,0,1,33,33,True
56664,0,1,43801,0,2,15,27,True
56664,0,2,46256,1,2,15,27,True
56664,1,2,72751,0,2,27,27,True
56668,0,1,28173,1,2,21,21,True
56668,0,2,68007,1,2,21,38,True
56668,1,2,70364,0,2,21,38,True
56698,0,1,64262,1,2,24,37,True
56698,0,2,36198,1,2,24,38,True
56698,1,2,55808,1,2,37,38,True
56706,0,1,11139,0,1,24,26,True
56706,0,2,14841,0,1,24,26,True
56706,1,2,57353,1,2,26,26,True
56726,0,1,67076,0,1,10,20,True
56726,0,2,65680,1,2,10,28,True
56726,1,2,25942,0,1,20,28,True
56727,0,1,70431,0,1,5,13,True
56727,0,2,19896,0,2,5,33,True
56727,1,2,57705,0,1,13,33,True
56747,0,1,12782,1,2,20,21,True
56747,0,2,14253,0,1,20,21,True
56747,1,2,57011,0,1,21,21,True
56749,0,1,44226,0,2,20,20,True
56749,0,2,44226,1,2,20,20,True
56749,1,2,44776,1,2,20,20,True
56750,0,1,7399,0,1,6,6,True
56750,0,2,444,0,2,6,36,True
56750,1,2,5951,0,1,6,36,True
56752,0,1,42421,0,2,22,33,True
56752,0,2,6793,1,2,22,40,True
56752,1,2,34745,1,2,33,40,True
56788,0,1,4561,1,2,14,15,True
56788,0,2,36125,0,2,14,24,True
56788,1,2,40710,0,1,15,24,True
56803,0,1,23667,0,1,8,9,True
56803,0,2,24156,0,1,8,9,True
56803,1,2,37868,0,1,9,9,True
56806,0,1,11726,0,2,20,37,True
56806,0,2,14517,0,2,20,37,True
56806,1,2,40599,0,2,37,37,True
56813,0,1,17223,1,2,11,21,True
56813,0,2,47262,1,2,11,28,True
56813,1,2,60476,0,1,21,28,True
56830,0,1,12195,0,2,1,22,True
56830,0,2,52603,0,2,1,29,True
56830,1,2,67553,1,2,22,29,True
56835,0,1,22271,0,1,25,25,True
56835,0,2,7815,1,2,25,28,True
56835,1,2,10227,0,1,25,28,True
56836,0,1,25681,0,2,22,37,True
56836,0,2,33495,0,2,22,38,True
56836,1,2,59093,1,2,37,38,True
56842,0,1,30740,1,2,7,7,True
56842,0,2,47844,0,2,7,37,True
56842,1,2,50466,0,2,7,37,True
56859,0,1,41145,0,1,11,11,True
56859,0,2,47558,0,2,11,25,True
56859,1,2,60923,0,1,11,25,True
56863,0,1,38496,1,2,29,29,True
56863,0,2,7627,0,1,29,35,True
56863,1,2,7627,0,2,29,35,True
56869,0,1,46857,1,2,11,20,True
56869,0,2,9217,1,2,11,33,True
56869,1,2,18918,1,2,20,33,True
56873,0,1,38091,0,2,23,23,True
56873,0,2,69087,0,1,23,24,True
56873,1,2,2327,0,1,23,24,True
56875,0,1,52568,0,1,34,34,True
56875,0,2,24149,0,2,34,39,True
56875,1,2,29549,0,2,34,39,True
56877,0,1,63464,1,2,9,9,True
56877,0,2,55282,0,1,9,12,True
56877,1,2,61011,0,2,9,12,True
56892,0,1,59854,0,2,10,40,True
56892,0,2,64169,0,2,10,40,True
56892,1,2,38421,1,2,40,40,True
56898,0,1,1249,0,1,9,9,True
56898,0,2,41363,0,2,9,10,True
56898,1,2,41363,1,2,9,10,True
56901,0,1,37656,0,2,2,3,True
56901,0,2,35504,0,2,2,33,True
56901,1,2,13139,1,2,3,33,True
56903,0,1,40681,0,2,7,8,True
56903,0,2,15126,1,2,7,19,True
56903,1,2,35618,1,2,8,19,True
56910,0,1,6697,1,2,9,9,True
56910,0,2,42249,0,2,9,38,True
56910,1,2,42288,0,2,9,38,True
56912,0,1,55971,0,1,10,10,True
56912,0,2,60646,0,2,10,36,True
56912,1,2,65330,0,2,10,36,True
56915,0,1,27323,1,2,35,35,True
56915,0,2,3634,1,2,35,36,True
56915,1,2,4600,0,2,35,36,True
56926,0,1,2983,0,1,12,12,True
56926,0,2,2983,0,2,12,12,True
56926,1,2,2983,1,2,12,12,True
56933,0,1,29944,1,2,12,12,True
56933,0,2,64769,1,2,12,13,True
56933,1,2,65165,0,1,12,13,True
56944,0,1,61171,1,2,27,36,True
56944,0,2,61746,0,2,27,36,True
56944,1,2,70825,0,1,36,36,True
56945,0,1,22815,1,2,18,18,True
56945,0,2,23120,1,2,18,18,True
56945,1,2,23392,0,1,18,18,True
56950,0,1,65339,0,2,18,30,True
56950,0,2,67244,1,2,18,30,True
56950,1,2,7239,1,2,30,30,True
56951,0,1,71515,0,2,17,28,True
56951,0,2,12329,0,1,17,40,True
56951,1,2,10327,0,2,28,40,True
56956,0,1,5792,1,2,8,8,True
56956,0,2,71297,0,2,8,30,True
56956,1,2,1410,0,2,8,30,True
56963,0,1,40756,1,2,36,36,True
56963,0,2,52803,0,1,36,36,True
56963,1,2,52803,0,2,36,36,True
56965,0,1,60310,1,2,15,21,True
56965,0,2,37737,0,2,15,38,True
56965,1,2,59823,1,2,21,38,True
56972,0,1,24322,0,2,4,21,True
56972,0,2,52806,0,2,4,40,True
56972,1,2,47964,0,2,21,40,True
56975,0,1,31377,0,1,16,19,True
56975,0,2,43773,0,1,16,34,True
56975,1,2,38942,0,2,19,34,True
56990,0,1,30213,0,1,14,14,True
56990,0,2,30944,0,1,14,14,True
56990,1,2,31015,0,1,14,14,True
56998,0,1,68192,0,2,15,20,True
56998,0,2,53022,0,2,15,40,True
56998,1,2,32188,1,2,20,40,True
57009,0,1,30714,0,1,4,17,True
57009,0,2,39970,0,1,4,18,True
57009,1,2,45802,1,2,17,18,True
57011,0,1,19237,0,1,21,21,True
57011,0,2,1275,0,1,21,30,True
57011,1,2,1275,0,2,21,30,True
57027,0,1,1174,0,1,1,2,True
57027,0,2,39063,0,1,1,5,True
57027,1,2,28540,0,1,2,5,True
57028,0,1,16367,0,2,3,3,True
57028,0,2,57234,0,2,3,33,True
57028,1,2,58396,0,1,3,33,True
57030,0,1,14674,0,1,8,18,True
57030,0,2,4693,0,2,8,21,True
57030,1,2,53752,1,2,18,21,True
57047,0,1,13198,1,2,25,26,True
57047,0,2,39935,0,2,25,37,True
57047,1,2,39935,1,2,26,37,True
57051,0,1,22424,1,2,7,7,True
57051,0,2,23240,1,2,7,7,True
57051,1,2,23416,0,1,7,7,True
57071,0,1,72911,1,2,9,9,True
57071,0,2,23100,0,2,9,10,True
57071,1,2,23549,1,2,9,10,True
57081,0,1,16983,0,1,35,35,True
57081,0,2,50918,1,2,35,38,True
57081,1,2,51340,0,2,35,38,True
57087,0,1,45842,0,1,1,26,True
57087,0,2,60177,1,2,1,34,True
57087,1,2,31217,0,1,26,34,True
57097,0,1,6512,1,2,17,17,True
57097,0,2,8026,1,2,17,31,True
57097,1,2,8916,0,2,17,31,True
57114,0,1,35659,0,1,12,36,True
57114,0,2,35659,0,2,12,36,True
57114,1,2,52803,1,2,36,36,True
57119,0,1,47218,1,2,16,16,True
57119,0,2,3172,0,1,16,17,True
57119,1,2,3430,0,2,16,17,True
57125,0,1,44869,0,1,4,4,True
57125,0,2,25893,1,2,4,15,True
57125,1,2,32611,1,2,4,15,True
57165,0,1,35419,0,2,29,30,True
57165,0,2,35419,1,2,29,30,True
57165,1,2,28338,0,2,30,30,True
57168,0,1,37176,0,1,17,17,True
57168,0,2,62551,0,2,17,30,True
57168,1,2,62551,1,2,17,30,True
57183,0,1,32429,0,1,27,27,True
57183,0,2,37692,0,1,27,31,True
57183,1,2,37692,0,2,27,31,True
57184,0,1,42462,0,1,3,15,True
57184,0,2,39256,1,2,3,24,True
57184,1,2,62454,0,1,15,24,True
57192,0,1,34156,0,2,4,33,True
57192,0,2,38921,0,2,4,33,True
57192,1,2,18197,0,2,33,33,True
57198,0,1,4167,0,2,25,25,True
57198,0,2,72750,0,2,25,33,True
57198,1,2,72750,1,2,25,33,True
57200,0,1,487,1,2,40,40,True
57200,0,2,1726,1,2,40,40,True
57200,1,2,1943,1,2,40,40,True
57228,0,1,8856,0,2,16,32,True
57228,0,2,8858,0,1,16,32,True
57228,1,2,64677,1,2,32,32,True
57234,0,1,14705,0,2,3,24,True
57234,0,2,49123,0,1,3,33,True
57234,1,2,34934,1,2,24,33,True
57237,0,1,15331,0,1,35,35,True
57237,0,2,15665,0,1,35,35,True
57237,1,2,15665,0,2,35,35,True
57244,0,1,12292,0,1,13,14,True
57244,0,2,12292,0,1,13,14,True
57244,1,2,33990,1,2,14,14,True
57256,0,1,41743,0,1,19,27,True
57256,0,2,41743,0,2,19,27,True
57256,1,2,61413,1,2,27,27,True
57258,0,1,69028,0,2,18,31,True
57258,0,2,59882,1,2,18,35,True
57258,1,2,49998,0,1,31,35,True
57261,0,1,59828,1,2,25,25,True
57261,0,2,60180,1,2,25,25,True
57261,1,2,60379,0,1,25,25,True
57262,0,1,57563,0,1,7,18,True
57262,0,2,63659,0,1,7,18,True
57262,1,2,32926,1,2,18,18,True
57282,0,1,53810,0,1,30,32,True
57282,0,2,8486,1,2,30,33,True
57282,1,2,61796,0,2,32,33,True
57289,0,1,39653,1,2,16,26,True
57289,0,2,24227,1,2,16,32,True
57289,1,2,19428,1,2,26,32,True
57291,0,1,5324,0,2,11,39,True
57291,0,2,9737,0,2,11,39,True
57291,1,2,49242,0,2,39,39,True
57293,0,1,54558,1,2,16,16,True
57293,0,2,54578,1,2,16,16,True
57293,1,2,55000,0,1,16,16,True
57316,0,1,5892,1,2,28,39,True
57316,0,2,9882,1,2,28,39,True
57316,1,2,56600,0,1,39,39,True
57328,0,1,41935,1,2,19,20,True
57328,0,2,42649,0,2,19,20,True
57328,1,2,43369,0,1,20,20,True
57339,0,1,61049,0,1,5,20,True
57339,0,2,68058,0,2,5,36,True
57339,1,2,7323,1,2,20,36,True
57342,0,1,64972,0,2,2,29,True
57342,0,2,68013,0,1,2,29,True
57342,1,2,29852,1,2,29,29,True
57353,0,1,1243,0,1,26,26,True
57353,0,2,1684,1,2,26,26,True
57353,1,2,4691,1,2,26,26,True
57354,0,1,39040,0,1,3,5,True
57354,0,2,6274,0,1,3,12,True
57354,1,2,68058,0,1,5,12,True
57355,0,1,3177,0,2,13,13,True
57355,0,2,3177,1,2,13,13,True
57355,1,2,3740,0,1,13,13,True
57366,0,1,36192,0,1,4,37,True
57366,0,2,43891,1,2,4,38,True
57366,1,2,68501,1,2,37,38,True
57377,0,1,33814,0,2,15,35,True
57377,0,2,67531,0,1,15,36,True
57377,1,2,16779,0,2,35,36,True
57388,0,1,67808,1,2,26,26,True
57388,0,2,67026,0,2,26,36,True
57388,1,2,71062,0,1,26,36,True
57422,0,1,61290,1,2,20,29,True
57422,0,2,63613,0,2,20,29,True
57422,1,2,60790,0,2,29,29,True
57424,0,1,31580,1,2,12,25,True
57424,0,2,7709,0,2,12,38,True
57424,1,2,32426,1,2,25,38,True
57426,0,1,23796,0,2,17,36,True
57426,0,2,29578,1,2,17,36,True
57426,1,2,59248,1,2,36,36,True
57432,0,1,60596,0,1,8,8,True
57432,0,2,19764,0,2,8,31,True
57432,1,2,22213,0,1,8,31,True
57444,0,1,5884,1,2,4,5,True
57444,0,2,5953,0,1,4,5,True
57444,1,2,14361,0,2,5,5,True
57457,0,1,38942,0,2,19,34,True
57457,0,2,56011,1,2,19,39,True
57457,1,2,29549,1,2,34,39,True
57460,0,1,48443,0,1,16,16,True
57460,0,2,48443,0,2,16,16,True
57460,1,2,48443,1,2,16,16,True
57462,0,1,32282,0,2,9,30,True
57462,0,2,15497,0,1,9,33,True
57462,1,2,8956,0,1,30,33,True
57470,0,1,18741,1,2,7,14,True
57470,0,2,69713,0,1,7,33,True
57470,1,2,6466,0,2,14,33,True
57485,0,1,31041,0,2,19,38,True
57485,0,2,36111,0,2,19,38,True
57485,1,2,46941,1,2,38,38,True
57497,0,1,50981,0,1,3,8,True
57497,0,2,48606,0,2,3,35,True
57497,1,2,71989,0,2,8,35,True
57507,0,1,70077,0,1,13,15,True
57507,0,2,1745,0,2,13,15,True
57507,1,2,24231,1,2,15,15,True
57509,0,1,26359,0,2,20,30,True
57509,0,2,69069,0,1,20,33,True
57509,1,2,57462,1,2,30,33,True
57519,0,1,65536,0,2,5,29,True
57519,0,2,7130,0,2,5,30,True
57519,1,2,2091,0,1,29,30,True
57534,0,1,50656,1,2,10,21,True
57534,0,2,69167,1,2,10,22,True
57534,1,2,7915,0,2,21,22,True
57549,0,1,64919,0,1,1,1,True
57549,0,2,70129,0,1,1,29,True
57549,1,2,155,0,2,1,29,True
57550,0,1,10508,1,2,10,17,True
57550,0,2,14938,1,2,10,17,True
57550,1,2,58046,1,2,17,17,True
57557,0,1,15794,1,2,11,20,True
57557,0,2,16515,0,1,11,20,True
57557,1,2,56389,0,2,20,20,True
57560,0,1,19451,1,2,21,21,True
57560,0,2,11726,1,2,21,37,True
57560,1,2,12559,1,2,21,37,True
57563,0,1,53029,0,1,7,18,True
57563,0,2,43469,0,2,7,31,True
57563,1,2,19985,1,2,18,31,True
57567,0,1,46395,0,1,23,23,True
57567,0,2,1247,0,2,23,33,True
57567,1,2,1247,1,2,23,33,True
57571,0,1,36676,1,2,25,35,True
57571,0,2,19658,0,2,25,39,True
57571,1,2,62278,0,1,35,39,True
57572,0,1,54893,1,2,28,28,True
57572,0,2,5095,0,2,28,29,True
57572,1,2,7665,1,2,28,29,True
57577,0,1,8227,0,1,2,20,True
57577,0,2,24038,0,1,2,23,True
57577,1,2,68303,0,1,20,23,True
57578,0,1,56124,0,2,4,36,True
57578,0,2,33000,0,2,4,40,True
57578,1,2,23865,0,2,36,40,True
57589,0,1,1362,1,2,8,29,True
57589,0,2,1604,0,2,8,29,True
57589,1,2,60790,0,1,29,29,True
57593,0,1,69239,0,2,5,28,True
57593,0,2,52918,1,2,5,29,True
57593,1,2,47286,0,2,28,29,True
57595,0,1,26584,0,2,7,12,True
57595,0,2,38875,0,1,7,12,True
57595,1,2,11258,0,1,12,12,True
57602,0,1,22748,0,2,32,39,True
57602,0,2,10476,0,2,32,40,True
57602,1,2,49838,0,2,39,40,True
57605,0,1,21922,0,1,21,23,True
57605,0,2,72006,0,2,21,34,True
57605,1,2,40486,0,1,23,34,True
57622,0,1,36876,0,1,3,5,True
57622,0,2,70462,1,2,3,38,True
57622,1,2,46847,0,2,5,38,True
57626,0,1,40668,0,1,7,26,True
57626,0,2,23229,1,2,7,27,True
57626,1,2,35512,1,2,26,27,True
57631,0,1,18019,1,2,18,18,True
57631,0,2,18208,0,1,18,18,True
57631,1,2,18208,0,2,18,18,True
57635,0,1,56082,0,1,7,9,True
57635,0,2,1362,0,2,7,29,True
57635,1,2,44395,0,2,9,29,True
57636,0,1,51240,1,2,23,32,True
57636,0,2,3673,1,2,23,37,True
57636,1,2,45166,0,2,32,37,True
57642,0,1,6412,0,1,6,6,True
57642,0,2,9793,1,2,6,8,True
57642,1,2,11879,0,2,6,8,True
57653,0,1,46845,1,2,29,30,True
57653,0,2,49796,0,1,29,30,True
57653,1,2,15225,1,2,30,30,True
57663,0,1,12486,0,1,6,6,True
57663,0,2,67244,0,2,6,30,True
57663,1,2,4250,0,2,6,30,True
57665,0,1,9679,0,1,19,35,True
57665,0,2,9679,0,2,19,35,True
57665,1,2,22093,1,2,35,35,True
57666,0,1,19104,0,2,9,23,True
57666,0,2,21133,0,2,9,23,True
57666,1,2,20746,1,2,23,23,True
57668,0,1,7831,1,2,27,37,True
57668,0,2,11483,0,1,27,37,True
57668,1,2,72226,1,2,37,37,True
57672,0,1,17075,0,1,2,15,True
57672,0,2,18952,0,2,2,25,True
57672,1,2,52257,0,2,15,25,True
57689,0,1,34690,1,2,2,19,True
57689,0,2,19854,0,2,2,33,True
57689,1,2,44267,1,2,19,33,True
57695,0,1,53238,1,2,27,27,True
57695,0,2,37375,0,2,27,28,True
57695,1,2,39670,0,1,27,28,True
57701,0,1,70453,1,2,16,22,True
57701,0,2,43501,1,2,16,31,True
57701,1,2,12410,0,2,22,31,True
57702,0,1,42829,0,1,12,12,True
57702,0,2,43085,1,2,12,12,True
57702,1,2,43437,1,2,12,12,True
57705,0,1,70420,1,2,13,33,True
57705,0,2,35625,0,2,13,38,True
57705,1,2,67428,0,2,33,38,True
57706,0,1,69304,0,1,19,19,True
57706,0,2,70275,0,1,19,19,True
57706,1,2,70275,0,2,19,19,True
57729,0,1,30161,0,1,21,28,True
57729,0,2,31794,1,2,21,35,True
57729,1,2,72098,1,2,28,35,True
57733,0,1,45478,0,1,2,13,True
57733,0,2,46153,0,1,2,13,True
57733,1,2,58885,1,2,13,13,True
57735,0,1,54956,1,2,14,15,True
57735,0,2,1450,0,1,14,36,True
57735,1,2,58710,0,2,15,36,True
57738,0,1,21333,0,2,17,18,True
57738,0,2,21333,1,2,17,18,True
57738,1,2,5572,0,1,18,18,True
57740,0,1,39414,0,1,14,22,True
57740,0,2,41578,0,1,14,22,True
57740,1,2,70268,0,1,22,22,True
57742,0,1,60224,0,1,14,18,True
57742,0,2,61847,0,2,14,24,True
57742,1,2,49213,1,2,18,24,True
57750,0,1,63121,0,1,1,1,True
57750,0,2,63441,0,1,1,1,True
57750,1,2,63441,0,2,1,1,True
57759,0,1,22806,0,1,6,6,True
57759,0,2,22806,0,2,6,6,True
57759,1,2,22806,1,2,6,6,True
57776,0,1,41760,0,2,4,24,True
57776,0,2,21520,0,2,4,34,True
57776,1,2,68408,0,1,24,34,True
57800,0,1,3127,0,1,8,14,True
57800,0,2,46613,0,1,8,15,True
57800,1,2,36942,0,1,14,15,True
57806,0,1,63951,0,2,13,14,True
57806,0,2,21937,0,1,13,15,True
57806,1,2,43046,1,2,14,15,True
57811,0,1,27071,0,2,21,22,True
57811,0,2,28617,0,1,21,22,True
57811,1,2,28138,1,2,22,22,True
57814,0,1,38402,0,1,14,14,True
57814,0,2,42184,0,1,14,35,True
57814,1,2,53671,0,1,14,35,True
57830,0,1,3803,1,2,21,21,True
57830,0,2,4967,1,2,21,21,True
57830,1,2,6360,1,2,21,21,True
57833,0,1,70484,1,2,26,30,True
57833,0,2,6340,0,2,26,40,True
57833,1,2,65653,1,2,30,40,True
57852,0,1,33946,0,1,3,10,True
57852,0,2,55562,1,2,3,35,True
57852,1,2,37324,0,2,10,35,True
57853,0,1,56032,0,1,8,12,True
57853,0,2,70119,0,2,8,39,True
57853,1,2,7774,0,2,12,39,True
57863,0,1,56892,1,2,40,40,True
57863,0,2,57200,0,1,40,40,True
57863,1,2,57200,0,2,40,40,True
57872,0,1,60730,1,2,6,11,True
57872,0,2,3811,0,1,6,13,True
57872,1,2,5237,0,2,11,13,True
57873,0,1,51427,0,1,10,13,True
57873,0,2,53168,0,1,10,13,True
57873,1,2,39450,0,1,13,13,True
57891,0,1,33814,1,2,35,35,True
57891,0,2,1886,0,1,35,36,True
57891,1,2,1886,0,2,35,36,True
57894,0,1,22483,1,2,37,37,True
57894,0,2,34875,0,2,37,39,True
57894,1,2,34875,1,2,37,39,True
57898,0,1,30964,1,2,24,27,True
57898,0,2,35076,0,2,24,38,True
57898,1,2,56174,1,2,27,38,True
57900,0,1,5892,1,2,28,39,True
57900,0,2,156,1,2,28,40,True
57900,1,2,17059,1,2,39,40,True
57908,0,1,40716,0,1,7,7,True
57908,0,2,41225,0,1,7,7,True
57908,1,2,41471,0,1,7,7,True
57909,0,1,10672,1,2,4,5,True
57909,0,2,11027,0,1,4,5,True
57909,1,2,49767,0,1,5,5,True
57910,0,1,70949,0,1,17,32,True
57910,0,2,70940,0,2,17,38,True
57910,1,2,13057,0,2,32,38,True
57944,0,1,63651,0,1,17,27,True
57944,0,2,68652,0,2,17,27,True
57944,1,2,31394,0,1,27,27,True
57947,0,1,58773,1,2,39,39,True
57947,0,2,59408,1,2,39,39,True
57947,1,2,59474,0,1,39,39,True
57952,0,1,42121,1,2,17,19,True
57952,0,2,32046,0,1,17,22,True
57952,1,2,52197,1,2,19,22,True
57953,0,1,10868,0,1,4,4,True
57953,0,2,58319,1,2,4,26,True
57953,1,2,62528,0,1,4,26,True
57956,0,1,4400,0,2,12,23,True
57956,0,2,13955,1,2,12,38,True
57956,1,2,21651,0,1,23,38,True
57971,0,1,769,0,1,12,14,True
57971,0,2,7586,1,2,12,14,True
57971,1,2,27612,0,2,14,14,True
57976,0,1,68253,0,1,5,25,True
57976,0,2,17116,0,2,5,34,True
57976,1,2,31405,1,2,25,34,True
57984,0,1,7831,0,1,11,27,True
57984,0,2,9786,0,1,11,27,True
57984,1,2,43801,1,2,27,27,True
57994,0,1,34854,0,2,28,28,True
57994,0,2,51300,1,2,28,35,True
57994,1,2,22303,0,1,28,35,True
57997,0,1,24867,0,1,30,31,True
57997,0,2,24867,0,2,30,31,True
57997,1,2,72977,1,2,31,31,True
57998,0,1,42991,0,1,1,2,True
57998,0,2,45557,0,2,1,2,True
57998,1,2,24070,1,2,2,2,True
58002,0,1,35246,1,2,22,23,True
58002,0,2,35465,0,2,22,23,True
58002,1,2,20746,1,2,23,23,True
58004,0,1,35119,1,2,27,27,True
58004,0,2,40756,0,2,27,36,True
58004,1,2,40756,0,1,27,36,True
58019,0,1,72032,1,2,2,14,True
58019,0,2,2880,0,1,2,16,True
58019,1,2,44485,0,2,14,16,True
58022,0,1,23320,0,1,8,8,True
58022,0,2,5436,1,2,8,9,True
58022,1,2,5868,0,1,8,9,True
58034,0,1,22207,1,2,31,31,True
58034,0,2,58943,1,2,31,32,True
58034,1,2,60359,0,1,31,32,True
58046,0,1,11980,0,2,17,17,True
58046,0,2,11980,1,2,17,17,True
58046,1,2,11992,0,1,17,17,True
58073,0,1,45056,0,2,24,25,True
58073,0,2,45056,1,2,24,25,True
58073,1,2,11778,0,2,25,25,True
58093,0,1,38751,0,2,12,19,True
58093,0,2,45284,0,2,12,29,True
58093,1,2,28925,1,2,19,29,True
58102,0,1,65576,0,1,29,29,True
58102,0,2,24127,0,2,29,36,True
58102,1,2,24127,1,2,29,36,True
58107,0,1,53605,0,1,2,9,True
58107,0,2,35380,0,2,2,40,True
58107,1,2,49436,0,2,9,40,True
58111,0,1,44798,1,2,34,34,True
58111,0,2,41832,0,1,34,35,True
58111,1,2,41832,0,2,34,35,True
58127,0,1,36260,1,2,28,29,True
58127,0,2,38128,0,1,28,29,True
58127,1,2,1274,1,2,29,29,True
58129,0,1,200,1,2,3,31,True
58129,0,2,47239,0,2,3,39,True
58129,1,2,55468,1,2,31,39,True
58138,0,1,54068,0,1,20,20,True
58138,0,2,34030,1,2,20,21,True
58138,1,2,40001,0,1,20,21,True
58152,0,1,28343,1,2,29,29,True
58152,0,2,28414,0,1,29,29,True
58152,1,2,28529,0,1,29,29,True
58155,0,1,69551,1,2,7,23,True
58155,0,2,8584,0,1,7,23,True
58155,1,2,12466,0,1,23,23,True
58156,0,1,42904,0,1,13,21,True
58156,0,2,39345,0,1,13,25,True
58156,1,2,4119,0,1,21,25,True
58157,0,1,12597,1,2,17,32,True
58157,0,2,22452,1,2,17,39,True
58157,1,2,7355,0,2,32,39,True
58169,0,1,49170,0,2,1,4,True
58169,0,2,40933,0,2,1,38,True
58169,1,2,67708,-1,2,4,38,False
58171,0,1,36706,0,1,6,23,True
58171,0,2,60649,1,2,6,33,True
58171,1,2,65845,1,2,23,33,True
58173,0,1,65091,0,2,3,7,True
58173,0,2,64001,0,1,3,20,True
58173,1,2,14438,0,2,7,20,True
58182,0,1,32388,0,2,17,34,True
58182,0,2,69288,0,2,17,39,True
58182,1,2,29549,1,2,34,39,True
58188,0,1,70484,0,1,11,26,True
58188,0,2,71569,0,2,11,26,True
58188,1,2,58875,0,1,26,26,True
58198,0,1,68135,0,2,1,32,True
58198,0,2,69581,0,1,1,32,True
58198,1,2,21008,1,2,32,32,True
58224,0,1,47792,1,2,9,9,True
58224,0,2,54835,0,1,9,35,True
58224,1,2,59792,1,2,9,35,True
58252,0,1,67361,0,2,26,26,True
58252,0,2,67361,1,2,26,26,True
58252,1,2,68173,1,2,26,26,True
58273,0,1,55443,0,2,1,22,True
58273,0,2,69581,0,1,1,32,True
58273,1,2,40015,0,1,22,32,True
58279,0,1,327,0,2,6,18,True
58279,0,2,16406,0,1,6,35,True
58279,1,2,49422,0,2,18,35,True
58287,0,1,45915,0,1,6,24,True
58287,0,2,46971,0,1,6,24,True
58287,1,2,72975,1,2,24,24,True
58300,0,1,33885,1,2,7,8,True
58300,0,2,43647,0,2,7,34,True
58300,1,2,42429,0,2,8,34,True
58302,0,1,54212,0,1,16,17,True
58302,0,2,58873,0,2,16,38,True
58302,1,2,52755,1,2,17,38,True
58311,0,1,22294,0,1,18,29,True
58311,0,2,50747,0,2,18,40,True
58311,1,2,60365,0,2,29,40,True
58319,0,1,13208,0,1,4,4,True
58319,0,2,53918,0,2,4,26,True
58319,1,2,57953,0,2,4,26,True
58338,0,1,33025,1,2,11,12,True
58338,0,2,44353,1,2,11,39,True
58338,1,2,13925,1,2,12,39,True
58341,0,1,19593,1,2,16,32,True
58341,0,2,19593,1,2,16,32,True
58341,1,2,51380,1,2,32,32,True
58349,0,1,70801,0,2,1,33,True
58349,0,2,2264,0,1,1,34,True
58349,1,2,55545,1,2,33,34,True
58361,0,1,29034,0,1,2,2,True
58361,0,2,46724,0,1,2,36,True
58361,1,2,62916,0,2,2,36,True
58362,0,1,18771,1,2,16,16,True
58362,0,2,39696,1,2,16,28,True
58362,1,2,41143,0,2,16,28,True
58372,0,1,44351,0,2,7,17,True
58372,0,2,37567,0,1,7,22,True
58372,1,2,42336,0,1,17,22,True
58384,0,1,23213,0,2,8,17,True
58384,0,2,20086,0,2,8,39,True
58384,1,2,64592,1,2,17,39,True
58387,0,1,44774,0,1,9,9,True
58387,0,2,3563,0,1,9,31,True
58387,1,2,3570,1,2,9,31,True
58391,0,1,53617,0,2,12,28,True
58391,0,2,61180,0,2,12,30,True
58391,1,2,54374,0,1,28,30,True
58392,0,1,14223,1,2,21,34,True
58392,0,2,22645,1,2,21,34,True
58392,1,2,11116,1,2,34,34,True
58396,0,1,53071,0,2,3,33,True
58396,0,2,7379,1,2,3,37,True
58396,1,2,60302,0,2,33,37,True
58403,0,1,49705,0,2,3,3,True
58403,0,2,27003,0,1,3,4,True
58403,1,2,27003,0,2,3,4,True
58405,0,1,53375,1,2,1,1,True
58405,0,2,6124,0,1,1,37,True
58405,1,2,6124,0,2,1,37,True
58407,0,1,22939,0,2,4,18,True
58407,0,2,44718,0,1,4,35,True
58407,1,2,12947,0,1,18,35,True
58415,0,1,67792,0,2,29,29,True
58415,0,2,67792,1,2,29,29,True
58415,1,2,67876,0,1,29,29,True
58422,0,1,63806,0,1,1,1,True
58422,0,2,58480,0,2,1,21,True
58422,1,2,64284,0,2,1,21,True
58440,0,1,46211,0,2,5,5,True
58440,0,2,46211,1,2,5,5,True
58440,1,2,46261,1,2,5,5,True
58448,0,1,50415,0,1,7,27,True
58448,0,2,39007,0,2,7,38,True
58448,1,2,38021,0,2,27,38,True
58452,0,1,48443,1,2,16,16,True
58452,0,2,41397,0,2,16,23,True
58452,1,2,41397,1,2,16,23,True
58457,0,1,30740,0,2,7,7,True
58457,0,2,15122,0,2,7,8,True
58457,1,2,15122,1,2,7,8,True
58458,0,1,32365,1,2,21,24,True
58458,0,2,32365,1,2,21,24,True
58458,1,2,60932,1,2,24,24,True
58462,0,1,1767,1,2,24,25,True
58462,0,2,65652,1,2,24,38,True
58462,1,2,2709,0,2,25,38,True
58468,0,1,63497,0,1,12,15,True
58468,0,2,45725,1,2,12,36,True
58468,1,2,39392,0,2,15,36,True
58475,0,1,70131,1,2,26,26,True
58475,0,2,70162,0,1,26,26,True
58475,1,2,70162,0,2,26,26,True
58480,0,1,2019,0,1,1,20,True
58480,0,2,409,0,2,1,21,True
58480,1,2,10791,0,1,20,21,True
58494,0,1,33445,0,1,6,6,True
58494,0,2,33466,1,2,6,6,True
58494,1,2,34368,0,1,6,6,True
58499,0,1,24046,0,2,20,21,True
58499,0,2,2259,1,2,20,30,True
58499,1,2,1275,0,2,21,30,True
58506,0,1,16133,0,1,3,3,True
58506,0,2,51649,0,2,3,26,True
58506,1,2,51649,1,2,3,26,True
58508,0,1,14705,0,2,3,24,True
58508,0,2,17076,0,2,3,24,True
58508,1,2,20090,0,2,24,24,True
58520,0,1,488,0,1,1,2,True
58520,0,2,60312,0,2,1,35,True
58520,1,2,26274,0,1,2,35,True
58535,0,1,27736,1,2,4,18,True
58535,0,2,34824,0,1,4,18,True
58535,1,2,46147,1,2,18,18,True
58537,0,1,17372,0,2,33,34,True
58537,0,2,18094,1,2,33,34,True
58537,1,2,2340,1,2,34,34,True
58539,0,1,9456,1,2,13,16,True
58539,0,2,6458,0,2,13,31,True
58539,1,2,63469,0,2,16,31,True
58559,0,1,55029,0,1,11,11,True
58559,0,2,55835,0,1,11,11,True
58559,1,2,56859,0,1,11,11,True
58572,0,1,30888,-1,1,4,10,False
58572,0,2,18159,-1,1,4,39,False
58572,1,2,18159,-1,2,10,39,False
58584,0,1,47542,1,2,4,4,True
58584,0,2,16752,0,1,4,27,True
58584,1,2,20132,0,1,4,27,True
58591,0,1,2711,1,2,3,24,True
58591,0,2,7935,0,1,3,31,True
58591,1,2,54536,1,2,24,31,True
58615,0,1,15977,1,2,12,16,True
58615,0,2,38382,0,2,12,39,True
58615,1,2,19701,0,2,16,39,True
58629,0,1,67730,0,1,29,38,True
58629,0,2,1473,1,2,29,38,True
58629,1,2,69606,1,2,38,38,True
58634,0,1,3202,0,1,7,13,True
58634,0,2,5664,0,2,7,14,True
58634,1,2,22573,0,1,13,14,True
58640,0,1,45111,0,2,17,21,True
58640,0,2,62551,0,2,17,30,True
58640,1,2,72137,0,1,21,30,True
58641,0,1,20423,0,2,10,16,True
58641,0,2,39157,1,2,10,29,True
58641,1,2,67553,0,2,16,29,True
58645,0,1,37888,0,2,10,10,True
58645,0,2,11118,0,2,10,38,True
58645,1,2,14014,1,2,10,38,True
58654,0,1,4556,0,1,15,15,True
58654,0,2,5117,0,1,15,15,True
58654,1,2,5117,0,2,15,15,True
58669,0,1,62654,0,1,3,29,True
58669,0,2,49841,0,1,3,31,True
58669,1,2,41517,0,1,29,31,True
58670,0,1,44378,0,1,8,17,True
58670,0,2,49212,0,1,8,17,True
58670,1,2,46798,1,2,17,17,True
58671,0,1,41390,0,1,4,13,True
58671,0,2,32746,0,2,4,20,True
58671,1,2,72876,0,2,13,20,True
58675,0,1,61535,0,1,39,39,True
58675,0,2,61535,0,2,39,39,True
58675,1,2,61535,1,2,39,39,True
58684,0,1,64735,0,1,15,27,True
58684,0,2,22692,1,2,15,35,True
58684,1,2,16167,0,1,27,35,True
58686,0,1,7138,1,2,23,24,True
58686,0,2,6332,0,1,23,28,True
58686,1,2,15309,0,1,24,28,True
58689,0,1,46225,0,2,3,32,True
58689,0,2,41032,0,2,3,34,True
58689,1,2,49446,1,2,32,34,True
58692,0,1,71,0,2,3,11,True
58692,0,2,38143,0,2,3,27,True
58692,1,2,60498,0,2,11,27,True
58702,0,1,66736,0,2,8,11,True
58702,0,2,67755,0,2,8,11,True
58702,1,2,45450,0,1,11,11,True
58707,0,1,33191,1,2,22,34,True
58707,0,2,8596,1,2,22,36,True
58707,1,2,46614,0,1,34,36,True
58710,0,1,49822,0,1,15,30,True
58710,0,2,39392,1,2,15,36,True
58710,1,2,30653,1,2,30,36,True
58713,0,1,49616,1,2,7,7,True
58713,0,2,63731,0,2,7,32,True
58713,1,2,66252,0,2,7,32,True
58717,0,1,27814,1,2,36,36,True
58717,0,2,32370,1,2,36,37,True
58717,1,2,36574,1,2,36,37,True
58740,0,1,42309,0,1,31,33,True
58740,0,2,5045,0,1,31,34,True
58740,1,2,64987,1,2,33,34,True
58746,0,1,60746,1,2,23,25,True
58746,0,2,58686,0,2,23,28,True
58746,1,2,71424,0,2,25,28,True
58767,0,1,65165,0,2,12,18,True
58767,0,2,70937,0,1,12,18,True
58767,1,2,67611,0,1,18,18,True
58773,0,1,48356,1,2,13,39,True
58773,0,2,56570,0,2,13,39,True
58773,1,2,58675,0,2,39,39,True
58778,0,1,21883,0,1,13,13,True
58778,0,2,39345,0,2,13,35,True
58778,1,2,49943,0,1,13,35,True
58784,0,1,51027,0,1,16,16,True
58784,0,2,51027,0,2,16,16,True
58784,1,2,51027,1,2,16,16,True
58798,0,1,69572,0,2,6,7,True
58798,0,2,70876,0,1,6,7,True
58798,1,2,5345,0,1,7,7,True
58812,0,1,61060,0,1,6,7,True
58812,0,2,20371,0,1,6,24,True
58812,1,2,44677,0,1,7,24,True
58816,0,1,29599,0,1,1,19,True
58816,0,2,15284,0,2,1,40,True
58816,1,2,47266,1,2,19,40,True
58817,0,1,21325,0,1,5,14,True
58817,0,2,23360,0,2,5,14,True
58817,1,2,69279,1,2,14,14,True
58823,0,1,72762,1,2,11,32,True
58823,0,2,6380,0,2,11,32,True
58823,1,2,55054,1,2,32,32,True
58835,0,1,56272,1,2,2,32,True
58835,0,2,26535,0,2,2,37,True
58835,1,2,38887,1,2,32,37,True
58839,0,1,62157,0,1,12,28,True
58839,0,2,62693,1,2,12,28,True
58839,1,2,13013,0,1,28,28,True
58861,0,1,54897,0,1,5,10,True
58861,0,2,33894,0,1,5,18,True
58861,1,2,29806,0,1,10,18,True
58873,0,1,37350,0,2,16,24,True
58873,0,2,48461,0,2,16,38,True
58873,1,2,65375,0,2,24,38,True
58875,0,1,72654,0,1,26,26,True
58875,0,2,55885,0,2,26,32,True
58875,1,2,55885,1,2,26,32,True
58881,0,1,3927,1,2,29,34,True
58881,0,2,4501,0,1,29,34,True
58881,1,2,70795,1,2,34,34,True
58883,0,1,37842,0,2,3,20,True
58883,0,2,39109,0,1,3,20,True
58883,1,2,38609,1,2,20,20,True
58885,0,1,13975,0,2,13,13,True
58885,0,2,13975,1,2,13,13,True
58885,1,2,14825,1,2,13,13,True
58893,0,1,28951,1,2,21,32,True
58893,0,2,7792,0,1,21,34,True
58893,1,2,45559,1,2,32,34,True
58898,0,1,23018,0,2,2,5,True
58898,0,2,72581,0,1,2,6,True
58898,1,2,65235,0,1,5,6,True
58902,0,1,29455,0,1,4,4,True
58902,0,2,13716,0,1,4,28,True
58902,1,2,14553,1,2,4,28,True
58911,0,1,25007,1,2,2,11,True
58911,0,2,55277,0,2,2,33,True
58911,1,2,36185,0,2,11,33,True
58916,0,1,8887,0,1,20,22,True
58916,0,2,51597,0,1,20,23,True
58916,1,2,35064,0,1,22,23,True
58918,0,1,66716,0,2,25,31,True
58918,0,2,68135,1,2,25,32,True
58918,1,2,48506,1,2,31,32,True
58921,0,1,30369,1,2,16,17,True
58921,0,2,58873,0,1,16,24,True
58921,1,2,65772,1,2,17,24,True
58930,0,1,27084,0,2,7,9,True
58930,0,2,30174,0,1,7,9,True
58930,1,2,51747,0,2,9,9,True
58935,0,1,26958,1,2,13,15,True
58935,0,2,23155,0,2,13,16,True
58935,1,2,50569,0,2,15,16,True
58943,0,1,9758,0,1,26,31,True
58943,0,2,41875,0,1,26,32,True
58943,1,2,9084,0,2,31,32,True
58977,0,1,24103,1,2,35,35,True
58977,0,2,30016,0,1,35,35,True
58977,1,2,67899,1,2,35,35,True
58988,0,1,51300,0,1,28,28,True
58988,0,2,57994,0,1,28,28,True
58988,1,2,61327,0,1,28,28,True
59006,0,1,46047,1,2,33,33,True
59006,0,2,46058,1,2,33,33,True
59006,1,2,47180,0,1,33,33,True
59015,0,1,62907,1,2,8,30,True
59015,0,2,50291,0,2,8,40,True
59015,1,2,19350,0,2,30,40,True
59018,0,1,39632,0,1,13,13,True
59018,0,2,22828,0,2,13,38,True
59018,1,2,22828,1,2,13,38,True
59044,0,1,28601,0,2,10,33,True
59044,0,2,4106,0,1,10,37,True
59044,1,2,9384,0,2,33,37,True
59056,0,1,33255,0,1,15,15,True
59056,0,2,34452,0,1,15,15,True
59056,1,2,34592,0,1,15,15,True
59060,0,1,55385,0,2,15,20,True
59060,0,2,52737,1,2,15,23,True
59060,1,2,49530,0,1,20,23,True
59061,0,1,50257,0,1,6,6,True
59061,0,2,50257,0,2,6,6,True
59061,1,2,50257,1,2,6,6,True
59082,0,1,56915,0,2,35,36,True
59082,0,2,60866,0,2,35,40,True
59082,1,2,35832,1,2,36,40,True
59085,0,1,42232,0,2,6,15,True
59085,0,2,10746,0,2,6,39,True
59085,1,2,45513,0,2,15,39,True
59093,0,1,7379,0,2,3,37,True
59093,0,2,64141,0,2,3,38,True
59093,1,2,68614,0,2,37,38,True
59101,0,1,32051,0,1,3,3,True
59101,0,2,20520,-1,1,3,31,False
59101,1,2,20520,-1,2,3,31,False
59104,0,1,52883,1,2,24,25,True
59104,0,2,53124,0,1,24,25,True
59104,1,2,66217,1,2,25,25,True
59108,0,1,50694,0,2,2,2,True
59108,0,2,55595,0,2,2,27,True
59108,1,2,66715,0,1,2,27,True
59112,0,1,52196,0,1,2,2,True
59112,0,2,9077,0,1,2,10,True
59112,1,2,26890,0,1,2,10,True
59125,0,1,32754,1,2,18,23,True
59125,0,2,59465,1,2,18,27,True
59125,1,2,31982,1,2,23,27,True
59136,0,1,64640,0,1,8,8,True
59136,0,2,65647,1,2,8,8,True
59136,1,2,65770,0,1,8,8,True
59149,0,1,39315,0,1,2,33,True
59149,0,2,17748,0,2,2,39,True
59149,1,2,29374,1,2,33,39,True
59165,0,1,64560,0,1,8,15,True
59165,0,2,19260,1,2,8,37,True
59165,1,2,25092,0,2,15,37,True
59170,0,1,8660,0,2,6,20,True
59170,0,2,61065,0,2,6,36,True
59170,1,2,28354,1,2,20,36,True
59174,0,1,42549,0,1,7,15,True
59174,0,2,42549,0,2,7,15,True
59174,1,2,4396,0,1,15,15,True
59177,0,1,66512,-1,1,28,37,False
59177,0,2,67261,-1,1,28,37,False
59177,1,2,66512,0,1,37,37,True
59180,0,1,35590,1,2,27,27,True
59180,0,2,36844,0,1,27,27,True
59180,1,2,37045,1,2,27,27,True
59183,0,1,2125,0,1,24,27,True
59183,0,2,2125,0,1,24,27,True
59183,1,2,9188,1,2,27,27,True
59185,0,1,8696,0,1,30,30,True
59185,0,2,11146,0,1,30,30,True
59185,1,2,11341,1,2,30,30,True
59188,0,1,322,1,2,38,38,True
59188,0,2,56244,0,2,38,39,True
59188,1,2,56570,1,2,38,39,True
59200,0,1,57550,1,2,17,17,True
59200,0,2,8625,0,2,17,21,True
59200,1,2,9411,0,1,17,21,True
59205,0,1,53999,0,1,19,33,True
59205,0,2,36111,0,2,19,38,True
59205,1,2,6160,1,2,33,38,True
59209,0,1,31015,0,2,14,39,True
59209,0,2,52391,1,2,14,40,True
59209,1,2,49838,0,1,39,40,True
59210,0,1,13714,0,2,11,37,True
59210,0,2,35455,0,2,11,39,True
59210,1,2,2275,1,2,37,39,True
59219,0,1,35269,0,2,34,39,True
59219,0,2,3368,1,2,34,40,True
59219,1,2,4927,1,2,39,40,True
59234,0,1,29225,1,2,2,2,True
59234,0,2,44040,0,1,2,31,True
59234,1,2,44040,0,2,2,31,True
59248,0,1,66694,0,2,23,36,True
59248,0,2,71560,1,2,23,36,True
59248,1,2,36039,1,2,36,36,True
59250,0,1,54788,0,2,6,6,True
59250,0,2,54788,1,2,6,6,True
59250,1,2,55304,0,1,6,6,True
59255,0,1,39818,0,1,3,7,True
59255,0,2,40240,0,1,3,7,True
59255,1,2,30014,1,2,7,7,True
59265,0,1,64439,1,2,20,21,True
59265,0,2,41714,0,1,20,22,True
59265,1,2,5661,1,2,21,22,True
59268,0,1,35469,0,1,2,7,True
59268,0,2,42445,0,1,2,7,True
59268,1,2,31222,0,1,7,7,True
59269,0,1,44718,1,2,35,36,True
59269,0,2,49943,1,2,35,36,True
59269,1,2,43253,0,2,36,36,True
59270,0,1,27378,0,1,5,13,True
59270,0,2,27378,0,2,5,13,True
59270,1,2,70583,0,1,13,13,True
59281,0,1,66520,0,1,13,14,True
59281,0,2,5481,0,1,13,27,True
59281,1,2,4578,1,2,14,27,True
59289,0,1,61239,0,1,18,20,True
59289,0,2,33319,1,2,18,39,True
59289,1,2,51332,0,2,20,39,True
59292,0,1,29490,0,1,17,17,True
59292,0,2,25819,0,2,17,37,True
59292,1,2,38709,0,2,17,37,True
59293,0,1,23633,-1,1,19,25,False
59293,0,2,17795,-1,2,19,35,False
59293,1,2,22303,-1,1,25,35,False
59314,0,1,61283,0,1,8,8,True
59314,0,2,50828,0,1,8,25,True
59314,1,2,56368,0,1,8,25,True
59329,0,1,46001,0,1,29,36,True
59329,0,2,46660,0,2,29,36,True
59329,1,2,1083,1,2,36,36,True
59339,0,1,2963,0,2,36,36,True
59339,0,2,11779,1,2,36,37,True
59339,1,2,15718,1,2,36,37,True
59344,0,1,10185,0,1,12,12,True
59344,0,2,26262,0,1,12,33,True
59344,1,2,31790,0,2,12,33,True
59349,0,1,43391,0,1,6,6,True
59349,0,2,7416,1,2,6,15,True
59349,1,2,7838,0,1,6,15,True
59351,0,1,53396,0,1,17,17,True
59351,0,2,53751,1,2,17,31,True
59351,1,2,57097,0,2,17,31,True
59353,0,1,45762,1,2,13,30,True
59353,0,2,46131,0,1,13,37,True
59353,1,2,51803,1,2,30,37,True
59392,0,1,54131,1,2,25,32,True
59392,0,2,39345,1,2,25,35,True
59392,1,2,61042,1,2,32,35,True
59393,0,1,28990,1,2,40,40,True
59393,0,2,29901,1,2,40,40,True
59393,1,2,30853,0,1,40,40,True
59395,0,1,3660,1,2,12,26,True
59395,0,2,2422,1,2,12,31,True
59395,1,2,64383,1,2,26,31,True
59396,0,1,51312,1,2,16,36,True
59396,0,2,60191,0,2,16,36,True
59396,1,2,28146,0,1,36,36,True
59399,0,1,72946,0,1,32,32,True
59399,0,2,55847,0,1,32,35,True
59399,1,2,59392,1,2,32,35,True
59408,0,1,60543,0,2,31,39,True
59408,0,2,66540,1,2,31,39,True
59408,1,2,16073,0,1,39,39,True
59410,0,1,60746,0,1,1,23,True
59410,0,2,39461,0,2,1,34,True
59410,1,2,41887,1,2,23,34,True
59441,0,1,37567,0,1,7,22,True
59441,0,2,61060,1,2,7,27,True
59441,1,2,63380,1,2,22,27,True
59445,0,1,985,0,2,26,27,True
59445,0,2,50599,1,2,26,37,True
59445,1,2,18312,1,2,27,37,True
59447,0,1,36792,0,1,17,28,True
59447,0,2,36792,0,2,17,28,True
59447,1,2,44643,0,1,28,28,True
59450,0,1,60104,1,2,36,36,True
59450,0,2,60646,1,2,36,36,True
59450,1,2,60744,1,2,36,36,True
59455,0,1,61647,0,1,10,10,True
59455,0,2,61647,0,2,10,10,True
59455,1,2,61647,1,2,10,10,True
59462,0,1,37838,0,2,4,4,True
59462,0,2,67908,0,2,4,13,True
59462,1,2,67908,1,2,4,13,True
59464,0,1,458,0,1,33,34,True
59464,0,2,35281,1,2,33,34,True
59464,1,2,29221,1,2,34,34,True
59465,0,1,52719,0,1,17,18,True
59465,0,2,49669,0,1,17,27,True
59465,1,2,48192,0,1,18,27,True
59470,0,1,18960,0,1,4,9,True
59470,0,2,18960,0,1,4,9,True
59470,1,2,5656,1,2,9,9,True
59471,0,1,17107,0,2,25,25,True
59471,0,2,17107,1,2,25,25,True
59471,1,2,17373,0,1,25,25,True
59473,0,1,56950,1,2,30,30,True
59473,0,2,8956,0,1,30,33,True
59473,1,2,8956,0,2,30,33,True
59474,0,1,17059,0,1,39,39,True
59474,0,2,17666,1,2,39,39,True
59474,1,2,18736,0,1,39,39,True
59479,0,1,34082,0,2,1,18,True
59479,0,2,2019,0,1,1,20,True
59479,1,2,32604,1,2,18,20,True
59480,0,1,57998,1,2,2,2,True
59480,0,2,58361,0,1,2,2,True
59480,1,2,59108,0,1,2,2,True
59493,0,1,44351,0,1,7,17,True
59493,0,2,15649,0,1,7,35,True
59493,1,2,32024,0,2,17,35,True
59508,0,1,59293,-1,1,21,25,False
59508,0,2,31503,1,2,21,33,True
59508,1,2,64195,-1,2,25,33,False
59515,0,1,1639,0,2,2,20,True
59515,0,2,2259,0,1,2,20,True
59515,1,2,56281,1,2,20,20,True
59545,0,1,767,1,2,7,40,True
59545,0,2,2598,0,2,7,40,True
59545,1,2,32988,1,2,40,40,True
59550,0,1,9142,1,2,26,26,True
59550,0,2,29916,0,2,26,31,True
59550,1,2,31445,0,2,26,31,True
59565,0,1,62325,1,2,6,17,True
59565,0,2,45588,0,2,6,32,True
59565,1,2,23010,1,2,17,32,True
59570,0,1,65709,1,2,7,7,True
59570,0,2,49348,0,2,7,8,True
59570,1,2,49348,1,2,7,8,True
59571,0,1,66289,0,1,7,7,True
59571,0,2,59931,0,2,7,21,True
59571,1,2,60322,0,1,7,21,True
59576,0,1,71570,0,2,14,20,True
59576,0,2,239,1,2,14,20,True
59576,1,2,71549,1,2,20,20,True
59582,0,1,28700,0,1,26,26,True
59582,0,2,58943,0,1,26,31,True
59582,1,2,59395,1,2,26,31,True
59586,0,1,57192,0,1,4,33,True
59586,0,2,12612,0,2,4,37,True
59586,1,2,60917,1,2,33,37,True
59597,0,1,64284,0,1,1,13,True
59597,0,2,47761,0,2,1,39,True
59597,1,2,8135,0,2,13,39,True
59602,0,1,58710,1,2,30,36,True
59602,0,2,60454,1,2,30,36,True
59602,1,2,41960,0,2,36,36,True
59614,0,1,36366,0,1,13,22,True
59614,0,2,37457,0,1,13,22,True
59614,1,2,22892,1,2,22,22,True
59619,0,1,27873,1,2,27,27,True
59619,0,2,28294,0,1,27,27,True
59619,1,2,28908,1,2,27,27,True
59623,0,1,18312,0,1,20,27,True
59623,0,2,67649,0,1,20,34,True
59623,1,2,32429,0,2,27,34,True
59624,0,1,21147,1,2,27,32,True
59624,0,2,21641,0,1,27,32,True
59624,1,2,16962,1,2,32,32,True
59626,0,1,26575,1,2,18,28,True
59626,0,2,35323,0,2,18,33,True
59626,1,2,52319,0,1,28,33,True
59633,0,1,47095,0,1,5,5,True
59633,0,2,48413,0,2,5,35,True
59633,1,2,49069,0,2,5,35,True
59634,0,1,62949,0,1,1,5,True
59634,0,2,67573,0,2,1,5,True
59634,1,2,49603,0,1,5,5,True
59640,0,1,72531,0,2,20,21,True
59640,0,2,8887,0,2,20,23,True
59640,1,2,5558,0,1,21,23,True
59644,0,1,52139,1,2,21,21,True
59644,0,2,32577,1,2,21,22,True
59644,1,2,33376,0,2,21,22,True
59655,0,1,10013,1,2,24,25,True
59655,0,2,38724,0,2,24,33,True
59655,1,2,61829,0,1,25,33,True
59659,0,1,69657,1,2,17,28,True
59659,0,2,54077,0,1,17,36,True
59659,1,2,29454,0,2,28,36,True
59662,0,1,57388,0,1,26,26,True
59662,0,2,67026,0,1,26,35,True
59662,1,2,4037,0,1,26,35,True
59672,0,1,43280,0,2,2,13,True
59672,0,2,45478,0,1,2,13,True
59672,1,2,3177,0,1,13,13,True
59710,0,1,46130,1,2,39,40,True
59710,0,2,47988,1,2,39,40,True
59710,1,2,29901,1,2,40,40,True
59711,0,1,63887,0,2,1,7,True
59711,0,2,11103,0,2,1,31,True
59711,1,2,53029,0,2,7,31,True
59715,0,1,24845,1,2,22,22,True
59715,0,2,25681,0,1,22,22,True
59715,1,2,26693,1,2,22,22,True
59729,0,1,21635,0,1,2,2,True
59729,0,2,23617,0,1,2,39,True
59729,1,2,23617,0,2,2,39,True
59734,0,1,57027,0,1,1,2,True
59734,0,2,33364,1,2,1,10,True
59734,1,2,66138,0,1,2,10,True
59754,0,1,71188,1,2,14,14,True
59754,0,2,65139,0,2,14,15,True
59754,1,2,69567,0,1,14,15,True
59768,0,1,59248,0,1,23,36,True
59768,0,2,59248,0,2,23,36,True
59768,1,2,41373,0,1,36,36,True
59783,0,1,39315,0,2,2,34,True
59783,0,2,1948,0,2,2,37,True
59783,1,2,37072,1,2,34,37,True
59792,0,1,4648,0,1,2,9,True
59792,0,2,60839,0,2,2,35,True
59792,1,2,59861,1,2,9,35,True
59793,0,1,52371,0,2,1,6,True
59793,0,2,55930,0,2,1,6,True
59793,1,2,7399,1,2,6,6,True
59808,0,1,56414,0,2,14,23,True
59808,0,2,49963,0,2,14,37,True
59808,1,2,24038,1,2,23,37,True
59810,0,1,39939,1,2,36,37,True
59810,0,2,42823,1,2,36,37,True
59810,1,2,13686,0,2,37,37,True
59823,0,1,50656,0,2,2,21,True
59823,0,2,39539,0,2,2,38,True
59823,1,2,5629,0,2,21,38,True
59828,0,1,63089,0,1,25,25,True
59828,0,2,63912,1,2,25,25,True
59828,1,2,64039,0,1,25,25,True
59835,0,1,14858,1,2,7,7,True
59835,0,2,15122,0,1,7,7,True
59835,1,2,15126,0,1,7,7,True
59838,0,1,56873,1,2,23,24,True
59838,0,2,69087,0,1,23,24,True
59838,1,2,60932,1,2,24,24,True
59848,0,1,50817,0,2,2,21,True
59848,0,2,57577,0,2,2,23,True
59848,1,2,30587,0,2,21,23,True
59849,0,1,70801,1,2,20,33,True
59849,0,2,3558,1,2,20,33,True
59849,1,2,14867,1,2,33,33,True
59850,0,1,31023,0,2,8,18,True
59850,0,2,10243,0,2,8,39,True
59850,1,2,1584,0,2,18,39,True
59853,0,1,45078,0,1,29,31,True
59853,0,2,8640,0,2,29,35,True
59853,1,2,24635,0,1,31,35,True
59854,0,1,18338,1,2,10,14,True
59854,0,2,72125,0,2,10,40,True
59854,1,2,37555,0,2,14,40,True
59861,0,1,4255,0,1,9,9,True
59861,0,2,1361,1,2,9,35,True
59861,1,2,6269,0,2,9,35,True
59872,0,1,54057,0,1,18,19,True
59872,0,2,71679,0,2,18,33,True
59872,1,2,2884,1,2,19,33,True
59882,0,1,4362,0,2,16,18,True
59882,0,2,12143,0,2,16,35,True
59882,1,2,67620,1,2,18,35,True
59884,0,1,25085,1,2,32,32,True
59884,0,2,25413,1,2,32,32,True
59884,1,2,25522,1,2,32,32,True
59904,0,1,42649,0,1,19,19,True
59904,0,2,42900,0,1,19,19,True
59904,1,2,42900,0,2,19,19,True
59905,0,1,65218,0,2,19,19,True
59905,0,2,10602,-1,2,19,26,False
59905,1,2,11274,-1,2,19,26,False
59906,0,1,56075,1,2,39,39,True
59906,0,2,56244,1,2,39,39,True
59906,1,2,56600,0,1,39,39,True
59917,0,1,61609,0,1,5,12,True
59917,0,2,64557,0,1,5,12,True
59917,1,2,33927,0,1,12,12,True
59931,0,1,58173,1,2,7,20,True
59931,0,2,32580,0,2,7,21,True
59931,1,2,1187,1,2,20,21,True
59940,0,1,38634,0,1,9,9,True
59940,0,2,23462,0,2,9,18,True
59940,1,2,41969,0,2,9,18,True
59944,0,1,37998,0,1,24,24,True
59944,0,2,17101,0,2,24,34,True
59944,1,2,18266,0,1,24,34,True
59958,0,1,7391,1,2,20,20,True
59958,0,2,7730,1,2,20,20,True
59958,1,2,7750,0,1,20,20,True
59961,0,1,52688,0,1,10,10,True
59961,0,2,52688,0,2,10,10,True
59961,1,2,52688,1,2,10,10,True
59963,0,1,11767,1,2,9,21,True
59963,0,2,13555,0,2,9,21,True
59963,1,2,34931,1,2,21,21,True
59969,0,1,64248,0,1,22,22,True
59969,0,2,64725,0,1,22,22,True
59969,1,2,65372,1,2,22,22,True
59975,0,1,43280,0,1,2,3,True
59975,0,2,3710,0,2,2,21,True
59975,1,2,29881,0,2,3,21,True
59983,0,1,29357,0,2,26,30,True
59983,0,2,58943,0,1,26,31,True
59983,1,2,35872,0,2,30,31,True
59987,0,1,60692,1,2,5,19,True
59987,0,2,50992,1,2,5,27,True
59987,1,2,41536,0,1,19,27,True
59990,0,1,25013,0,1,20,20,True
59990,0,2,27188,0,1,20,20,True
59990,1,2,27188,0,2,20,20,True
60001,0,1,69752,1,2,27,29,True
60001,0,2,21641,0,1,27,32,True
60001,1,2,62654,1,2,29,32,True
60007,0,1,24203,0,1,6,10,True
60007,0,2,60649,1,2,6,33,True
60007,1,2,23520,1,2,10,33,True
60016,0,1,33885,1,2,7,8,True
60016,0,2,27514,0,1,7,29,True
60016,1,2,72373,0,1,8,29,True
60017,0,1,58902,0,2,4,28,True
60017,0,2,58902,1,2,4,28,True
60017,1,2,69928,0,2,28,28,True
60031,0,1,30275,0,2,32,32,True
60031,0,2,6970,1,2,32,35,True
60031,1,2,8921,1,2,32,35,True
60041,0,1,52921,0,2,9,17,True
60041,0,2,53510,1,2,9,17,True
60041,1,2,64034,0,1,17,17,True
60054,0,1,59473,1,2,30,33,True
60054,0,2,64551,1,2,30,34,True
60054,1,2,70720,0,2,33,34,True
60061,0,1,15395,0,2,2,35,True
60061,0,2,17748,0,2,2,39,True
60061,1,2,10126,0,2,35,39,True
60063,0,1,50622,1,2,17,18,True
60063,0,2,13703,0,1,17,29,True
60063,1,2,15632,0,1,18,29,True
60070,0,1,16760,0,1,7,39,True
60070,0,2,16760,0,2,7,39,True
60070,1,2,65802,1,2,39,39,True
60079,0,1,24155,0,1,30,30,True
60079,0,2,64551,1,2,30,34,True
60079,1,2,67405,0,2,30,34,True
60104,0,1,47570,0,2,17,36,True
60104,0,2,48532,0,2,17,36,True
60104,1,2,38103,0,1,36,36,True
60105,0,1,31060,1,2,6,16,True
60105,0,2,51431,0,2,6,23,True
60105,1,2,42594,1,2,16,23,True
60115,0,1,59441,1,2,22,27,True
60115,0,2,61768,1,2,22,27,True
60115,1,2,37367,0,2,27,27,True
60116,0,1,62446,0,1,11,11,True
60116,0,2,65433,1,2,11,26,True
60116,1,2,67740,0,2,11,26,True
60123,0,1,39390,0,1,1,29,True
60123,0,2,39390,0,2,1,29,True
60123,1,2,66928,1,2,29,29,True
60126,0,1,31625,0,2,2,3,True
60126,0,2,61789,0,1,2,4,True
60126,1,2,66102,0,1,3,4,True
60154,0,1,30557,0,1,5,15,True
60154,0,2,30557,0,2,5,15,True
60154,1,2,53990,0,2,15,15,True
60159,0,1,29736,1,2,21,24,True
60159,0,2,31127,1,2,21,24,True
60159,1,2,58287,1,2,24,24,True
60164,0,1,62175,1,2,21,22,True
60164,0,2,44991,0,2,21,31,True
60164,1,2,28190,1,2,22,31,True
60166,0,1,52285,1,2,18,21,True
60166,0,2,4335,0,1,18,23,True
60166,1,2,64457,1,2,21,23,True
60170,0,1,51146,0,2,1,18,True
60170,0,2,41853,1,2,1,37,True
60170,1,2,55402,0,2,18,37,True
60177,0,1,65972,0,2,1,1,True
60177,0,2,25389,0,2,1,34,True
60177,1,2,25389,1,2,1,34,True
60180,0,1,37132,0,1,15,25,True
60180,0,2,39777,0,1,15,25,True
60180,1,2,66673,0,1,25,25,True
60188,0,1,68143,1,2,27,30,True
60188,0,2,18486,0,2,27,35,True
60188,1,2,63125,0,2,30,35,True
60191,0,1,26545,0,2,16,18,True
60191,0,2,24318,0,1,16,36,True
60191,1,2,1515,0,2,18,36,True
60211,0,1,8150,0,2,5,37,True
60211,0,2,19128,0,2,5,38,True
60211,1,2,57366,1,2,37,38,True
60212,0,1,22860,0,2,6,11,True
60212,0,2,68744,1,2,6,28,True
60212,1,2,47262,1,2,11,28,True
60218,0,1,57695,0,2,27,28,True
60218,0,2,25527,0,2,27,31,True
60218,1,2,9609,1,2,28,31,True
60224,0,1,47154,0,2,14,18,True
60224,0,2,64464,1,2,14,19,True
60224,1,2,36991,0,1,18,19,True
60257,0,1,44634,0,2,34,34,True
60257,0,2,58111,0,2,34,35,True
60257,1,2,58111,1,2,34,35,True
60258,0,1,69603,1,2,12,21,True
60258,0,2,65602,0,2,12,29,True
60258,1,2,9982,0,2,21,29,True
60268,0,1,55002,0,1,3,3,True
60268,0,2,68285,0,1,3,21,True
60268,1,2,70177,0,1,3,21,True
60279,0,1,37573,0,2,9,34,True
60279,0,2,40337,0,2,9,34,True
60279,1,2,52884,1,2,34,34,True
60302,0,1,58396,1,2,33,37,True
60302,0,2,59044,1,2,33,37,True
60302,1,2,15479,0,1,37,37,True
60310,0,1,66388,0,1,2,15,True
60310,0,2,68007,0,1,2,21,True
60310,1,2,50050,0,1,15,21,True
60312,0,1,155,0,1,1,3,True
60312,0,2,2049,0,2,1,35,True
60312,1,2,48606,0,2,3,35,True
60316,0,1,49972,0,1,9,9,True
60316,0,2,72981,0,2,9,29,True
60316,1,2,4796,0,1,9,29,True
60322,0,1,17529,1,2,7,21,True
60322,0,2,17864,1,2,7,21,True
60322,1,2,33376,0,1,21,21,True
60326,0,1,44355,0,2,17,18,True
60326,0,2,58640,0,1,17,21,True
60326,1,2,7426,0,1,18,21,True
60331,0,1,58287,1,2,24,24,True
60331,0,2,58508,1,2,24,24,True
60331,1,2,59944,0,1,24,24,True
60339,0,1,61949,1,2,27,27,True
60339,0,2,15984,0,2,27,28,True
60339,1,2,15984,1,2,27,28,True
60359,0,1,37079,0,1,31,32,True
60359,0,2,39126,1,2,31,32,True
60359,1,2,21641,1,2,32,32,True
60362,0,1,53033,0,2,5,5,True
60362,0,2,53033,1,2,5,5,True
60362,1,2,53336,0,1,5,5,True
60363,0,1,21325,0,1,5,14,True
60363,0,2,52366,0,2,5,26,True
60363,1,2,40387,0,1,14,26,True
60365,0,1,28414,0,1,29,29,True
60365,0,2,40965,0,2,29,40,True
60365,1,2,41425,1,2,29,40,True
60374,0,1,70112,0,2,9,39,True
60374,0,2,6522,0,2,9,40,True
60374,1,2,6504,1,2,39,40,True
60377,0,1,35803,1,2,1,24,True
60377,0,2,42725,0,1,1,24,True
60377,1,2,1767,0,1,24,24,True
60379,0,1,31221,0,1,25,25,True
60379,0,2,31405,0,1,25,25,True
60379,1,2,32654,0,1,25,25,True
60387,0,1,35466,0,1,1,17,True
60387,0,2,40477,0,1,1,17,True
60387,1,2,71559,0,1,17,17,True
60389,0,1,68527,0,1,7,7,True
60389,0,2,68777,0,1,7,7,True
60389,1,2,68777,0,2,7,7,True
60393,0,1,28809,0,1,3,3,True
60393,0,2,12593,1,2,3,30,True
60393,1,2,19014,0,2,3,30,True
60416,0,1,68699,0,2,8,9,True
60416,0,2,69481,1,2,8,9,True
60416,1,2,17791,0,1,9,9,True
60419,0,1,49754,0,1,1,24,True
60419,0,2,8557,0,1,1,27,True
60419,1,2,222,0,2,24,27,True
60420,0,1,60529,0,2,10,11,True
60420,0,2,11197,0,2,10,16,True
60420,1,2,18771,0,2,11,16,True
60431,0,1,45227,0,1,3,3,True
60431,0,2,43180,0,2,3,39,True
60431,1,2,43304,0,1,3,39,True
60451,0,1,34235,0,2,8,8,True
60451,0,2,811,0,1,8,20,True
60451,1,2,2429,0,2,8,20,True
60453,0,1,59344,0,2,12,33,True
60453,0,2,59344,1,2,12,33,True
60453,1,2,3973,0,1,33,33,True
60454,0,1,65402,0,2,1,30,True
60454,0,2,32142,0,1,1,36,True
60454,1,2,44578,1,2,30,36,True
60458,0,1,5524,1,2,24,28,True
60458,0,2,6279,0,1,24,28,True
60458,1,2,35789,0,1,28,28,True
60459,0,1,32429,1,2,27,34,True
60459,0,2,3983,0,2,27,37,True
60459,1,2,24999,0,2,34,37,True
60476,0,1,72001,0,2,21,28,True
60476,0,2,179,0,1,21,28,True
60476,1,2,39966,0,1,28,28,True
60496,0,1,22452,-1,0,1,3,False
60496,0,2,56554,0,2,1,36,True
60496,1,2,22215,0,1,3,36,True
60498,0,1,9754,1,2,11,12,True
60498,0,2,67661,0,1,11,27,True
60498,1,2,5738,0,1,12,27,True
60500,0,1,55125,0,1,24,24,True
60500,0,2,47658,1,2,24,31,True
60500,1,2,50474,0,2,24,31,True
60507,0,1,68408,1,2,34,39,True
60507,0,2,459,1,2,34,39,True
60507,1,2,25084,1,2,39,39,True
60512,0,1,27466,0,1,25,25,True
60512,0,2,70126,1,2,25,26,True
60512,1,2,71132,1,2,25,26,True
60514,0,1,35469,0,1,2,7,True
60514,0,2,42445,0,1,2,7,True
60514,1,2,43812,0,1,7,7,True
60520,0,1,55840,0,1,13,20,True
60520,0,2,71669,0,2,13,39,True
60520,1,2,46602,0,2,20,39,True
60529,0,1,5696,0,1,10,11,True
60529,0,2,6330,0,1,10,11,True
60529,1,2,41145,0,1,11,11,True
60543,0,1,45078,1,2,31,39,True
60543,0,2,47130,1,2,31,39,True
60543,1,2,45963,1,2,39,39,True
60544,0,1,3695,1,2,6,17,True
60544,0,2,15736,0,2,6,35,True
60544,1,2,39685,1,2,17,35,True
60547,0,1,11367,0,1,9,10,True
60547,0,2,12568,0,2,9,10,True
60547,1,2,18195,0,1,10,10,True
60557,0,1,8375,1,2,19,19,True
60557,0,2,8790,0,1,19,19,True
60557,1,2,8888,0,1,19,19,True
60579,0,1,37794,1,2,37,37,True
60579,0,2,38554,0,1,37,37,True
60579,1,2,38554,0,2,37,37,True
60588,0,1,37278,0,2,22,24,True
60588,0,2,18838,1,2,22,25,True
60588,1,2,71103,0,2,24,25,True
60596,0,1,26104,0,1,8,8,True
60596,0,2,62212,1,2,8,11,True
60596,1,2,62354,1,2,8,11,True
60598,0,1,54905,1,2,5,39,True
60598,0,2,55024,0,2,5,39,True
60598,1,2,61535,1,2,39,39,True
60626,0,1,3177,1,2,13,13,True
60626,0,2,21283,0,1,13,19,True
60626,1,2,28206,0,1,13,19,True
60632,0,1,38323,0,1,30,30,True
60632,0,2,24867,0,2,30,31,True
60632,1,2,26922,0,2,30,31,True
60646,0,1,18238,1,2,10,36,True
60646,0,2,22377,0,2,10,36,True
60646,1,2,48656,0,1,36,36,True
60649,0,1,40550,0,1,5,6,True
60649,0,2,35354,0,2,5,33,True
60649,1,2,47051,0,1,6,33,True
60657,0,1,37128,0,2,16,24,True
60657,0,2,24950,1,2,16,31,True
60657,1,2,68648,1,2,24,31,True
60666,0,1,49287,0,1,22,22,True
60666,0,2,7875,0,1,22,23,True
60666,1,2,8887,1,2,22,23,True
60669,0,1,52385,0,1,19,35,True
60669,0,2,52385,0,2,19,35,True
60669,1,2,72515,1,2,35,35,True
60692,0,1,13661,0,2,4,5,True
60692,0,2,14629,0,1,4,19,True
60692,1,2,25144,1,2,5,19,True
60699,0,1,51468,0,1,22,29,True
60699,0,2,52445,1,2,22,29,True
60699,1,2,28414,0,1,29,29,True
60707,0,1,10115,0,1,19,19,True
60707,0,2,44360,1,2,19,30,True
60707,1,2,44360,1,2,19,30,True
60709,0,1,23525,0,2,18,28,True
60709,0,2,24929,1,2,18,28,True
60709,1,2,69928,0,2,28,28,True
60730,0,1,19623,0,1,6,6,True
60730,0,2,68464,0,1,6,11,True
60730,1,2,2007,0,1,6,11,True
60744,0,1,41390,1,2,13,36,True
60744,0,2,41611,1,2,13,36,True
60744,1,2,22603,0,1,36,36,True
60746,0,1,18492,0,2,1,23,True
60746,0,2,61947,0,1,1,25,True
60746,1,2,63842,0,1,23,25,True
60748,0,1,57125,0,2,4,15,True
60748,0,2,57125,1,2,4,15,True
60748,1,2,23260,0,1,15,15,True
60749,0,1,35923,0,2,21,21,True
60749,0,2,35923,1,2,21,21,True
60749,1,2,36575,1,2,21,21,True
60757,0,1,30904,0,1,14,17,True
60757,0,2,18699,1,2,14,38,True
60757,1,2,57910,0,2,17,38,True
60765,0,1,1785,0,1,2,12,True
60765,0,2,33110,0,1,2,22,True
60765,1,2,16751,0,1,12,22,True
60769,0,1,4876,0,2,19,30,True
60769,0,2,33293,0,2,19,40,True
60769,1,2,59015,1,2,30,40,True
60774,0,1,27261,1,2,10,10,True
60774,0,2,27418,1,2,10,10,True
60774,1,2,27429,0,1,10,10,True
60780,0,1,69029,0,2,23,24,True
60780,0,2,69029,1,2,23,24,True
60780,1,2,28359,0,1,24,24,True
60784,0,1,36543,0,1,19,22,True
60784,0,2,36543,0,1,19,22,True
60784,1,2,27240,0,1,22,22,True
60789,0,1,70654,1,2,1,14,True
60789,0,2,52637,1,2,1,27,True
60789,1,2,4578,1,2,14,27,True
60790,0,1,23221,0,1,29,29,True
60790,0,2,23982,0,1,29,29,True
60790,1,2,24127,0,1,29,29,True
60797,0,1,30925,0,1,12,17,True
60797,0,2,30925,0,2,12,18,True
60797,1,2,44355,0,1,17,18,True
60800,0,1,2749,0,1,17,17,True
60800,0,2,3355,0,1,17,17,True
60800,1,2,4131,0,1,17,17,True
60804,0,1,11389,0,2,26,28,True
60804,0,2,31350,0,2,26,29,True
60804,1,2,14782,1,2,28,29,True
60816,0,1,60923,1,2,25,25,True
60816,0,2,66716,0,2,25,31,True
60816,1,2,66716,1,2,25,31,True
60820,0,1,65372,0,2,13,22,True
60820,0,2,71090,0,2,13,34,True
60820,1,2,27971,0,1,22,34,True
60821,0,1,2244,1,2,8,27,True
60821,0,2,1738,0,2,8,29,True
60821,1,2,26393,1,2,27,29,True
60824,0,1,28477,0,2,2,32,True
60824,0,2,21932,0,2,2,38,True
60824,1,2,9771,0,1,32,38,True
60838,0,1,60547,0,1,9,10,True
60838,0,2,41969,0,2,9,18,True
60838,1,2,839,0,1,10,18,True
60839,0,1,45988,0,1,2,2,True
60839,0,2,26274,0,1,2,35,True
60839,1,2,28540,0,2,2,35,True
60843,0,1,57997,0,1,30,31,True
60843,0,2,57997,0,2,30,31,True
60843,1,2,48202,1,2,31,31,True
60850,0,1,71569,0,1,11,19,True
60850,0,2,72351,0,1,11,19,True
60850,1,2,24125,0,1,19,19,True
60856,0,1,38458,0,2,9,29,True
60856,0,2,42249,0,2,9,38,True
60856,1,2,58629,0,2,29,38,True
60858,0,1,41191,1,2,3,16,True
60858,0,2,65312,1,2,3,39,True
60858,1,2,7539,1,2,16,39,True
60866,0,1,32750,0,2,35,40,True
60866,0,2,32750,1,2,35,40,True
60866,1,2,71510,0,2,40,40,True
60881,0,1,71761,0,1,22,22,True
60881,0,2,35246,1,2,22,23,True
60881,1,2,35465,0,2,22,23,True
60887,0,1,16678,1,2,38,38,True
60887,0,2,16999,1,2,38,38,True
60887,1,2,17471,0,1,38,38,True
60917,0,1,5193,0,2,24,33,True
60917,0,2,22371,0,2,24,37,True
60917,1,2,59044,1,2,33,37,True
60923,0,1,38730,0,1,11,25,True
60923,0,2,40790,0,2,11,25,True
60923,1,2,22375,1,2,25,25,True
60929,0,1,28300,0,2,19,20,True
60929,0,2,28354,0,1,19,20,True
60929,1,2,66707,1,2,20,20,True
60932,0,1,52277,0,2,4,24,True
60932,0,2,26419,0,2,4,24,True
60932,1,2,58458,1,2,24,24,True
60942,0,1,43905,1,2,17,36,True
60942,0,2,47160,0,2,17,36,True
60942,1,2,35224,0,1,36,36,True
60945,0,1,26836,0,1,12,12,True
60945,0,2,27099,1,2,12,12,True
60945,1,2,28147,0,1,12,12,True
60949,0,1,58452,1,2,16,23,True
60949,0,2,11984,0,2,16,27,True
60949,1,2,31982,1,2,23,27,True
60981,0,1,68744,1,2,6,28,True
60981,0,2,69911,0,1,6,37,True
60981,1,2,39966,0,2,28,37,True
60985,0,1,34944,0,1,1,1,True
60985,0,2,46443,0,1,1,7,True
60985,1,2,49397,0,1,1,7,True
60991,0,1,63866,0,2,10,17,True
60991,0,2,10470,1,2,10,37,True
60991,1,2,25819,0,2,17,37,True
60993,0,1,57550,0,2,10,17,True
60993,0,2,60991,0,1,10,17,True
60993,1,2,52353,1,2,17,17,True
60996,0,1,4260,1,2,20,38,True
60996,0,2,6445,1,2,20,38,True
60996,1,2,322,1,2,38,38,True
61011,0,1,49844,0,1,9,9,True
61011,0,2,61804,0,1,9,12,True
61011,1,2,12104,0,1,9,12,True
61024,0,1,6515,0,1,7,7,True
61024,0,2,43606,0,1,7,27,True
61024,1,2,48925,0,1,7,27,True
61031,0,1,2813,0,1,1,8,True
61031,0,2,27745,0,1,1,30,True
61031,1,2,49577,0,2,8,30,True
61042,0,1,61113,0,1,4,32,True
61042,0,2,44718,0,1,4,35,True
61042,1,2,64636,0,1,32,35,True
61048,0,1,25873,0,1,11,38,True
61048,0,2,26645,0,2,11,38,True
61048,1,2,25999,0,2,38,38,True
61049,0,1,64523,0,1,5,20,True
61049,0,2,3717,0,2,5,20,True
61049,1,2,43016,0,1,20,20,True
61059,0,1,30150,0,1,3,20,True
61059,0,2,30564,0,1,3,20,True
61059,1,2,47121,0,1,20,20,True
61060,0,1,25086,1,2,6,7,True
61060,0,2,45086,1,2,6,27,True
61060,1,2,43606,0,1,7,27,True
61065,0,1,12529,1,2,6,6,True
61065,0,2,53609,0,2,6,36,True
61065,1,2,53652,0,1,6,36,True
61078,0,1,32754,1,2,18,23,True
61078,0,2,43241,1,2,18,36,True
61078,1,2,16448,0,2,23,36,True
61082,0,1,60224,0,2,14,19,True
61082,0,2,16587,1,2,14,28,True
61082,1,2,41999,1,2,19,28,True
61087,0,1,34793,1,2,11,11,True
61087,0,2,34879,0,1,11,11,True
61087,1,2,35049,0,1,11,11,True
61089,0,1,61239,0,1,18,20,True
61089,0,2,33802,0,1,18,28,True
61089,1,2,29667,1,2,20,28,True
61090,0,1,10383,0,2,6,17,True
61090,0,2,40842,0,2,6,33,True
61090,1,2,55248,0,2,17,33,True
61093,0,1,22939,0,1,4,4,True
61093,0,2,23978,0,1,4,4,True
61093,1,2,23978,0,2,4,4,True
61103,0,1,43724,0,1,11,11,True
61103,0,2,43724,0,2,11,11,True
61103,1,2,43724,1,2,11,11,True
61112,0,1,48443,1,2,16,16,True
61112,0,2,65653,0,1,16,30,True
61112,1,2,72471,0,2,16,30,True
61113,0,1,27184,0,2,4,32,True
61113,0,2,41870,0,2,4,32,True
61113,1,2,32346,1,2,32,32,True
61136,0,1,31397,0,1,10,29,True
61136,0,2,40174,0,1,10,31,True
61136,1,2,70129,1,2,29,31,True
61148,0,1,7005,0,1,9,14,True
61148,0,2,12104,0,2,9,14,True
61148,1,2,41339,0,1,14,14,True
61169,0,1,22016,1,2,18,40,True
61169,0,2,25141,1,2,18,40,True
61169,1,2,46601,1,2,40,40,True
61171,0,1,36000,1,2,26,27,True
61171,0,2,34652,1,2,26,36,True
61171,1,2,68305,1,2,27,36,True
61180,0,1,42736,0,2,12,30,True
61180,0,2,45762,0,2,12,30,True
61180,1,2,51533,1,2,30,30,True
61196,0,1,64181,0,2,2,37,True
61196,0,2,65409,0,2,2,39,True
61196,1,2,59210,1,2,37,39,True
61197,0,1,51958,1,2,9,9,True
61197,0,2,70488,0,1,9,10,True
61197,1,2,70564,0,1,9,10,True
61201,0,1,66102,1,2,4,4,True
61201,0,2,67599,1,2,4,4,True
61201,1,2,67779,0,1,4,4,True
61202,0,1,55068,0,2,24,32,True
61202,0,2,2920,1,2,24,38,True
61202,1,2,9771,0,1,32,38,True
61204,0,1,26626,0,2,26,27,True
61204,0,2,31350,0,1,26,27,True
61204,1,2,40144,0,1,27,27,True
61217,0,1,34668,1,2,29,29,True
61217,0,2,65997,1,2,29,30,True
61217,1,2,67876,0,2,29,30,True
61223,0,1,63371,0,2,11,12,True
61223,0,2,71569,0,1,11,19,True
61223,1,2,38751,0,2,12,19,True
61235,0,1,71261,1,2,28,28,True
61235,0,2,5892,1,2,28,39,True
61235,1,2,9882,1,2,28,39,True
61239,0,1,16827,1,2,18,20,True
61239,0,2,21345,1,2,18,20,True
61239,1,2,41185,1,2,20,20,True
61241,0,1,39201,0,1,14,19,True
61241,0,2,22450,0,2,14,37,True
61241,1,2,43345,0,2,19,37,True
61247,0,1,32139,0,1,5,5,True
61247,0,2,32298,0,1,5,5,True
61247,1,2,32435,0,1,5,5,True
61256,0,1,1743,1,2,23,23,True
61256,0,2,2113,0,1,23,23,True
61256,1,2,2710,0,1,23,23,True
61258,0,1,5074,0,1,18,18,True
61258,0,2,54018,1,2,18,19,True
61258,1,2,54057,0,1,18,19,True
61263,0,1,58224,0,2,9,35,True
61263,0,2,49935,0,1,9,38,True
61263,1,2,51340,0,2,35,38,True
61273,0,1,26770,0,2,10,11,True
61273,0,2,27984,0,1,10,11,True
61273,1,2,31459,1,2,11,11,True
61283,0,1,27537,0,1,8,8,True
61283,0,2,31528,1,2,8,35,True
61283,1,2,33029,0,2,8,35,True
61290,0,1,32746,0,2,4,20,True
61290,0,2,66776,0,1,4,29,True
61290,1,2,3927,0,1,20,29,True
61305,0,1,200,0,1,3,3,True
61305,0,2,206,0,1,3,3,True
61305,1,2,1159,0,1,3,3,True
61327,0,1,35613,1,2,28,28,True
61327,0,2,51300,0,1,28,28,True
61327,1,2,57994,0,1,28,28,True
61332,0,1,17604,1,2,29,38,True
61332,0,2,19572,0,2,29,38,True
61332,1,2,67921,0,1,38,38,True
61336,0,1,47528,1,2,10,10,True
61336,0,2,65433,0,2,10,26,True
61336,1,2,71017,0,1,10,26,True
61337,0,1,35456,0,1,21,24,True
61337,0,2,41181,1,2,21,36,True
61337,1,2,49754,1,2,24,36,True
61344,0,1,71593,0,1,20,20,True
61344,0,2,67649,0,1,20,34,True
61344,1,2,71253,0,1,20,34,True
61352,0,1,60451,1,2,8,20,True
61352,0,2,811,0,1,8,20,True
61352,1,2,6138,0,1,20,20,True
61354,0,1,35152,1,2,2,31,True
61354,0,2,60839,1,2,2,35,True
61354,1,2,49998,0,2,31,35,True
61355,0,1,43824,0,1,3,3,True
61355,0,2,58689,0,1,3,32,True
61355,1,2,62654,0,2,3,32,True
61356,0,1,34918,0,1,18,34,True
61356,0,2,53193,0,2,18,34,True
61356,1,2,54936,1,2,34,34,True
61361,0,1,1065,0,1,4,4,True
61361,0,2,61113,0,1,4,32,True
61361,1,2,61113,0,2,4,32,True
61362,0,1,24129,0,1,15,16,True
61362,0,2,69881,0,1,15,17,True
61362,1,2,38906,0,1,16,17,True
61367,0,1,7000,0,1,11,11,True
61367,0,2,17742,1,2,11,37,True
61367,1,2,30522,1,2,11,37,True
61368,0,1,60331,0,2,24,24,True
61368,0,2,60331,1,2,24,24,True
61368,1,2,60377,1,2,24,24,True
61383,0,1,12168,1,2,29,32,True
61383,0,2,14310,0,2,29,32,True
61383,1,2,1727,0,2,32,32,True
61405,0,1,23028,1,2,38,38,True
61405,0,2,69877,0,2,38,39,True
61405,1,2,70792,1,2,38,39,True
61413,0,1,59987,1,2,19,27,True
61413,0,2,66945,0,2,19,27,True
61413,1,2,60339,0,1,27,27,True
61414,0,1,38898,1,2,3,3,True
61414,0,2,39256,0,1,3,3,True
61414,1,2,39645,0,1,3,3,True
61417,0,1,64779,0,2,7,24,True
61417,0,2,66298,0,2,7,24,True
61417,1,2,72975,0,1,24,24,True
61422,0,1,9588,1,2,2,2,True
61422,0,2,10262,1,2,2,2,True
61422,1,2,11340,0,1,2,2,True
61442,0,1,23860,0,1,28,28,True
61442,0,2,23860,0,2,28,28,True
61442,1,2,23860,1,2,28,28,True
61458,0,1,32953,0,2,15,19,True
61458,0,2,72219,0,2,15,30,True
61458,1,2,66525,0,2,19,30,True
61461,0,1,60765,0,1,2,12,True
61461,0,2,63248,0,1,2,12,True
61461,1,2,19760,1,2,12,12,True
61464,0,1,62997,1,2,25,25,True
61464,0,2,266,1,2,25,26,True
61464,1,2,563,0,2,25,26,True
61469,0,1,27448,0,1,6,6,True
61469,0,2,35451,0,1,6,8,True
61469,1,2,37157,0,1,6,8,True
61478,0,1,48177,0,2,12,17,True
61478,0,2,49153,0,1,12,17,True
61478,1,2,47470,0,1,17,17,True
61482,0,1,20217,0,2,7,8,True
61482,0,2,64040,1,2,7,23,True
61482,1,2,52737,0,2,8,23,True
61498,0,1,41268,0,2,5,22,True
61498,0,2,66809,0,2,5,40,True
61498,1,2,54219,0,2,22,40,True
61509,0,1,13682,0,1,10,14,True
61509,0,2,18338,1,2,10,14,True
61509,1,2,37511,0,2,14,14,True
61518,0,1,62137,1,2,30,30,True
61518,0,2,63034,1,2,30,30,True
61518,1,2,63098,0,1,30,30,True
61535,0,1,59906,0,1,39,39,True
61535,0,2,59906,0,2,39,39,True
61535,1,2,59906,1,2,39,39,True
61540,0,1,13948,1,2,9,33,True
61540,0,2,54835,0,2,9,38,True
61540,1,2,67070,1,2,33,38,True
61543,0,1,1449,0,1,30,30,True
61543,0,2,2091,1,2,30,30,True
61543,1,2,2228,1,2,30,30,True
61554,0,1,62293,0,2,12,39,True
61554,0,2,62293,1,2,12,39,True
61554,1,2,4224,1,2,39,39,True
61555,0,1,72371,0,2,32,33,True
61555,0,2,72371,1,2,32,33,True
61555,1,2,4782,1,2,33,33,True
61565,0,1,69603,0,1,11,12,True
61565,0,2,60923,0,2,11,25,True
61565,1,2,57424,0,1,12,25,True
61569,0,1,49510,0,1,30,33,True
61569,0,2,20056,0,2,30,39,True
61569,1,2,29374,0,2,33,39,True
61572,0,1,14417,1,2,6,7,True
61572,0,2,17529,0,2,6,21,True
61572,1,2,60322,0,2,7,21,True
61582,0,1,30013,1,2,15,23,True
61582,0,2,71285,1,2,15,29,True
61582,1,2,50973,1,2,23,29,True
61584,0,1,61609,0,1,5,12,True
61584,0,2,11062,0,2,5,18,True
61584,1,2,58767,0,2,12,18,True
61589,0,1,51531,1,2,29,40,True
61589,0,2,58311,1,2,29,40,True
61589,1,2,2655,0,1,40,40,True
61608,0,1,53510,1,2,9,17,True
61608,0,2,60041,0,1,9,17,True
61608,1,2,31375,0,1,17,17,True
61609,0,1,59917,0,1,5,12,True
61609,0,2,56011,0,1,5,19,True
61609,1,2,70703,1,2,12,19,True
61618,0,1,60188,0,2,27,35,True
61618,0,2,63093,0,1,27,35,True
61618,1,2,69820,1,2,35,35,True
61620,0,1,16073,1,2,39,39,True
61620,0,2,16760,1,2,39,39,True
61620,1,2,17059,0,1,39,39,True
61631,0,1,15320,1,2,24,24,True
61631,0,2,60500,0,2,24,31,True
61631,1,2,60500,1,2,24,31,True
61634,0,1,58784,1,2,16,16,True
61634,0,2,61112,0,1,16,16,True
61634,1,2,62240,0,1,16,16,True
61647,0,1,25368,0,1,10,10,True
61647,0,2,25368,0,2,10,10,True
61647,1,2,25368,1,2,10,10,True
61653,0,1,61683,0,1,5,5,True
61653,0,2,23623,0,2,5,6,True
61653,1,2,68394,0,1,5,6,True
61657,0,1,38212,0,1,38,39,True
61657,0,2,38212,0,2,38,39,True
61657,1,2,56075,0,2,39,39,True
61669,0,1,25863,0,1,16,17,True
61669,0,2,29878,0,2,16,40,True
61669,1,2,35287,0,2,17,40,True
61675,0,1,71013,0,1,34,38,True
61675,0,2,71013,0,2,34,38,True
61675,1,2,61048,1,2,38,38,True
61683,0,1,30077,0,1,5,5,True
61683,0,2,32680,0,1,5,5,True
61683,1,2,32680,0,2,5,5,True
61684,0,1,5918,1,2,11,23,True
61684,0,2,32115,0,2,11,35,True
61684,1,2,49422,1,2,23,35,True
61687,0,1,32610,1,2,10,23,True
61687,0,2,31397,0,1,10,29,True
61687,1,2,50973,1,2,23,29,True
61701,0,1,26519,0,2,23,23,True
61701,0,2,26519,1,2,23,23,True
61701,1,2,32697,1,2,23,23,True
61707,0,1,27038,0,1,23,23,True
61707,0,2,29044,1,2,23,24,True
61707,1,2,29505,0,1,23,24,True
61716,0,1,48103,1,2,2,2,True
61716,0,2,45352,0,1,2,3,True
61716,1,2,46059,0,1,2,3,True
61719,0,1,51215,1,2,10,10,True
61719,0,2,51630,0,1,10,10,True
61719,1,2,52688,0,1,10,10,True
61731,0,1,9960,1,2,16,17,True
61731,0,2,10562,1,2,16,30,True
61731,1,2,11117,0,1,17,30,True
61734,0,1,25029,0,2,7,38,True
61734,0,2,27075,0,2,7,38,True
61734,1,2,11118,1,2,38,38,True
61737,0,1,28363,0,1,19,24,True
61737,0,2,60769,0,2,19,40,True
61737,1,2,64329,1,2,24,40,True
61746,0,1,64800,0,2,27,33,True
61746,0,2,67983,0,2,27,36,True
61746,1,2,30375,0,2,33,36,True
61766,0,1,18858,0,2,10,21,True
61766,0,2,24322,1,2,10,21,True
61766,1,2,31098,1,2,21,21,True
61768,0,1,2749,0,2,17,22,True
61768,0,2,55579,0,2,17,27,True
61768,1,2,60115,0,2,22,27,True
61770,0,1,58173,1,2,7,20,True
61770,0,2,59931,0,1,7,20,True
61770,1,2,19868,1,2,20,20,True
61782,0,1,36896,0,2,12,29,True
61782,0,2,14390,0,1,12,34,True
61782,1,2,4501,0,1,29,34,True
61789,0,1,45185,0,1,2,4,True
61789,0,2,29378,0,1,2,15,True
61789,1,2,52806,0,1,4,15,True
61796,0,1,23696,1,2,32,33,True
61796,0,2,24252,1,2,32,33,True
61796,1,2,39842,1,2,33,33,True
61804,0,1,55138,0,2,9,12,True
61804,0,2,42759,0,2,9,13,True
61804,1,2,19174,1,2,12,13,True
61819,0,1,19763,0,2,1,12,True
61819,0,2,61882,0,1,1,13,True
61819,1,2,33426,0,2,12,13,True
61820,0,1,64029,0,1,19,19,True
61820,0,2,64203,0,1,19,19,True
61820,1,2,64456,0,1,19,19,True
61829,0,1,10459,1,2,25,33,True
61829,0,2,22164,1,2,25,33,True
61829,1,2,61796,1,2,33,33,True
61831,0,1,4200,1,2,11,12,True
61831,0,2,25384,0,2,11,32,True
61831,1,2,15485,0,1,12,32,True
61837,0,1,45111,1,2,17,21,True
61837,0,2,37176,1,2,17,23,True
61837,1,2,33969,0,1,21,23,True
61840,0,1,21447,1,2,3,24,True
61840,0,2,22883,0,2,3,24,True
61840,1,2,33068,0,1,24,24,True
61843,0,1,56032,0,2,8,36,True
61843,0,2,14818,1,2,8,40,True
61843,1,2,57578,1,2,36,40,True
61844,0,1,12566,0,2,11,11,True
61844,0,2,7159,1,2,11,29,True
61844,1,2,13319,0,1,11,29,True
61847,0,1,22778,0,2,14,14,True
61847,0,2,36125,0,1,14,24,True
61847,1,2,36125,0,2,14,24,True
61855,0,1,17333,0,1,25,35,True
61855,0,2,1423,0,2,25,37,True
61855,1,2,62089,1,2,35,37,True
61857,0,1,18587,0,1,24,32,True
61857,0,2,35365,0,1,24,32,True
61857,1,2,44812,1,2,32,32,True
61863,0,1,24605,0,1,3,3,True
61863,0,2,18453,0,1,3,28,True
61863,1,2,23679,0,1,3,28,True
61864,0,1,24605,0,2,3,3,True
61864,0,2,32464,0,2,3,33,True
61864,1,2,33203,0,2,3,33,True
61868,0,1,6759,-1,2,7,30,False
61868,0,2,47125,-1,2,7,31,False
61868,1,2,20520,0,1,30,31,True
61875,0,1,32075,0,1,3,3,True
61875,0,2,70598,0,2,3,4,True
61875,1,2,70775,0,1,3,4,True
61878,0,1,34998,1,2,13,13,True
61878,0,2,8926,1,2,13,19,True
61878,1,2,8926,1,2,13,19,True
61880,0,1,46647,1,2,13,13,True
61880,0,2,49440,0,2,13,29,True
61880,1,2,50259,0,2,13,29,True
61881,0,1,45557,0,1,1,1,True
61881,0,2,12469,0,1,1,15,True
61881,1,2,13738,0,2,1,15,True
61882,0,1,41064,0,1,1,13,True
61882,0,2,55208,0,2,1,18,True
61882,1,2,65842,0,2,13,18,True
61885,0,1,22790,0,1,17,25,True
61885,0,2,31818,0,2,17,29,True
61885,1,2,10950,0,1,25,29,True
61923,0,1,17509,0,1,10,20,True
61923,0,2,9111,0,1,10,30,True
61923,1,2,13595,0,2,20,30,True
61928,0,1,30331,0,2,16,22,True
61928,0,2,21066,1,2,16,32,True
61928,1,2,40015,0,2,22,32,True
61931,0,1,70653,1,2,18,37,True
61931,0,2,4543,0,2,18,37,True
61931,1,2,18056,1,2,37,37,True
61946,0,1,17619,0,1,4,5,True
61946,0,2,57578,0,1,4,36,True
61946,1,2,36039,0,2,5,36,True
61947,0,1,60746,0,2,1,25,True
61947,0,2,44417,0,2,1,26,True
61947,1,2,16927,0,2,25,26,True
61948,0,1,52811,0,1,12,39,True
61948,0,2,57853,1,2,12,39,True
61948,1,2,18736,0,1,39,39,True
61949,0,1,3959,0,1,26,27,True
61949,0,2,3959,0,2,26,27,True
61949,1,2,31394,0,2,27,27,True
61962,0,1,14883,0,2,6,10,True
61962,0,2,69063,0,2,6,16,True
61962,1,2,47044,0,1,10,16,True
61965,0,1,6427,0,1,12,12,True
61965,0,2,48634,0,1,12,22,True
61965,1,2,50719,0,1,12,22,True
61980,0,1,55277,1,2,33,33,True
61980,0,2,55610,1,2,33,37,True
61980,1,2,58396,1,2,33,37,True
61989,0,1,14825,0,2,3,13,True
61989,0,2,36834,1,2,3,33,True
61989,1,2,63105,0,2,13,33,True
62002,0,1,45793,0,1,13,14,True
62002,0,2,14206,0,1,13,38,True
62002,1,2,34511,1,2,14,38,True
62005,0,1,69254,0,2,17,19,True
62005,0,2,68171,1,2,17,24,True
62005,1,2,47155,1,2,19,24,True
62025,0,1,4996,1,2,5,5,True
62025,0,2,32139,1,2,5,8,True
62025,1,2,33774,1,2,5,8,True
62030,0,1,56441,1,2,31,31,True
62030,0,2,57997,1,2,31,31,True
62030,1,2,58034,0,1,31,31,True
62042,0,1,42014,1,2,18,18,True
62042,0,2,45977,0,2,18,26,True
62042,1,2,55406,0,1,18,26,True
62047,0,1,21210,0,2,5,25,True
62047,0,2,2538,0,1,5,29,True
62047,1,2,10950,0,1,25,29,True
62054,0,1,70281,0,2,7,8,True
62054,0,2,71502,0,1,7,8,True
62054,1,2,63430,0,1,8,8,True
62057,0,1,34064,1,2,33,35,True
62057,0,2,29374,1,2,33,39,True
62057,1,2,57571,1,2,35,39,True
62089,0,1,26479,1,2,4,35,True
62089,0,2,57366,0,1,4,37,True
62089,1,2,33930,1,2,35,37,True
62097,0,1,38675,1,2,24,28,True
62097,0,2,27316,0,2,24,35,True
62097,1,2,39101,0,2,28,35,True
62104,0,1,27612,0,1,14,14,True
62104,0,2,27612,0,2,14,14,True
62104,1,2,27612,1,2,14,14,True
62117,0,1,56272,0,1,2,2,True
62117,0,2,4476,0,1,2,2,True
62117,1,2,13826,0,1,2,2,True
62137,0,1,37905,1,2,30,30,True
62137,0,2,38323,0,1,30,30,True
62137,1,2,38323,0,2,30,30,True
62143,0,1,26946,1,2,37,37,True
62143,0,2,28508,1,2,37,37,True
62143,1,2,28874,1,2,37,37,True
62153,0,1,71513,0,1,13,17,True
62153,0,2,21283,0,2,13,33,True
62153,1,2,11992,1,2,17,33,True
62157,0,1,70960,0,1,12,28,True
62157,0,2,23773,0,2,12,29,True
62157,1,2,29554,0,1,28,29,True
62175,0,1,56747,0,1,20,21,True
62175,0,2,13638,0,1,20,22,True
62175,1,2,37267,1,2,21,22,True
62180,0,1,40878,1,2,23,23,True
62180,0,2,41126,0,1,23,23,True
62180,1,2,41891,0,1,23,23,True
62195,0,1,15320,0,2,5,24,True
62195,0,2,29325,0,2,5,24,True
62195,1,2,36805,0,2,24,24,True
62198,0,1,43362,0,2,4,38,True
62198,0,2,43362,1,2,4,38,True
62198,1,2,51308,0,1,38,38,True
62203,0,1,23728,0,1,5,18,True
62203,0,2,61049,0,1,5,20,True
62203,1,2,61089,0,1,18,20,True
62204,0,1,36715,1,2,12,18,True
62204,0,2,40158,0,1,12,18,True
62204,1,2,37774,0,1,18,18,True
62212,0,1,35451,0,1,6,8,True
62212,0,2,57872,0,1,6,11,True
62212,1,2,30522,0,1,8,11,True
62221,0,1,1083,1,2,36,36,True
62221,0,2,17709,1,2,36,37,True
62221,1,2,18404,1,2,36,37,True
62233,0,1,51580,0,1,27,28,True
62233,0,2,51913,0,2,27,28,True
62233,1,2,50539,1,2,28,28,True
62240,0,1,4677,0,1,16,16,True
62240,0,2,4677,0,2,16,16,True
62240,1,2,4677,1,2,16,16,True
62247,0,1,60116,0,1,11,11,True
62247,0,2,72096,0,1,11,12,True
62247,1,2,72096,0,2,11,12,True
62260,0,1,61442,1,2,28,28,True
62260,0,2,32374,0,2,28,29,True
62260,1,2,33224,1,2,28,29,True
62268,0,1,38728,1,2,6,10,True
62268,0,2,24203,0,2,6,24,True
62268,1,2,51384,0,1,10,24,True
62271,0,1,32168,0,1,4,6,True
62271,0,2,47988,0,1,4,39,True
62271,1,2,3390,1,2,6,39,True
62272,0,1,67146,1,2,21,21,True
62272,0,2,69610,0,1,21,21,True
62272,1,2,70364,0,1,21,21,True
62277,0,1,63780,0,2,6,6,True
62277,0,2,7153,0,2,6,23,True
62277,1,2,7153,1,2,6,23,True
62278,0,1,24378,1,2,35,39,True
62278,0,2,69902,1,2,35,40,True
62278,1,2,36814,0,1,39,40,True
62281,0,1,70420,1,2,13,33,True
62281,0,2,3634,0,1,13,35,True
62281,1,2,34837,0,1,33,35,True
62282,0,1,976,0,2,21,21,True
62282,0,2,976,1,2,21,21,True
62282,1,2,1897,1,2,21,21,True
62289,0,1,1381,1,2,24,26,True
62289,0,2,35365,0,1,24,32,True
62289,1,2,43908,0,2,26,32,True
62293,0,1,71905,0,1,12,12,True
62293,0,2,61948,0,1,12,39,True
62293,1,2,61948,0,2,12,39,True
62299,0,1,29763,0,1,5,32,True
62299,0,2,29283,0,2,5,33,True
62299,1,2,35365,1,2,32,33,True
62316,0,1,31106,1,2,15,15,True
62316,0,2,21776,0,1,15,16,True
62316,1,2,24129,0,1,15,16,True
62321,0,1,8824,0,2,15,30,True
62321,0,2,43042,0,2,15,33,True
62321,1,2,8486,1,2,30,33,True
62325,0,1,34000,1,2,1,6,True
62325,0,2,70136,0,1,1,17,True
62325,1,2,35727,0,2,6,17,True
62330,0,1,56933,1,2,12,13,True
62330,0,2,61804,1,2,12,13,True
62330,1,2,2892,0,1,13,13,True
62331,0,1,4671,1,2,20,20,True
62331,0,2,25942,0,2,20,35,True
62331,1,2,37789,1,2,20,35,True
62337,0,1,20595,1,2,2,2,True
62337,0,2,36047,0,2,2,19,True
62337,1,2,37695,0,1,2,19,True
62341,0,1,17304,0,2,1,11,True
62341,0,2,43898,0,2,1,40,True
62341,1,2,42787,0,2,11,40,True
62342,0,1,4400,0,2,12,23,True
62342,0,2,45994,0,1,12,35,True
62342,1,2,39420,0,2,23,35,True
62348,0,1,17320,1,2,29,29,True
62348,0,2,28414,1,2,29,32,True
62348,1,2,35239,0,1,29,32,True
62354,0,1,11879,1,2,6,8,True
62354,0,2,14135,0,1,6,11,True
62354,1,2,52339,0,1,8,11,True
62370,0,1,154,0,1,26,26,True
62370,0,2,154,0,2,26,26,True
62370,1,2,154,1,2,26,26,True
62372,0,1,6094,1,2,22,37,True
62372,0,2,25681,0,2,22,37,True
62372,1,2,683,0,1,37,37,True
62393,0,1,2509,0,1,15,16,True
62393,0,2,43539,0,1,15,26,True
62393,1,2,32931,0,1,16,26,True
62405,0,1,16498,0,1,1,2,True
62405,0,2,16548,0,2,1,2,True
62405,1,2,45988,1,2,2,2,True
62412,0,1,51256,0,1,18,18,True
62412,0,2,51971,1,2,18,18,True
62412,1,2,52380,1,2,18,18,True
62418,0,1,24605,0,1,3,3,True
62418,0,2,42613,0,1,3,30,True
62418,1,2,42613,0,2,3,30,True
62423,0,1,51021,0,1,26,26,True
62423,0,2,44404,0,2,26,38,True
62423,1,2,45880,1,2,26,38,True
62428,0,1,50433,0,2,1,22,True
62428,0,2,60177,1,2,1,34,True
62428,1,2,68224,0,2,22,34,True
62439,0,1,22236,0,2,21,24,True
62439,0,2,51425,1,2,21,35,True
62439,1,2,41362,0,2,24,35,True
62442,0,1,62097,0,2,24,35,True
62442,0,2,62439,1,2,24,35,True
62442,1,2,12713,1,2,35,35,True
62446,0,1,10546,0,1,11,11,True
62446,0,2,9786,0,1,11,27,True
62446,1,2,13945,0,1,11,27,True
62451,0,1,41203,0,1,12,19,True
62451,0,2,70558,0,1,12,20,True
62451,1,2,49424,0,2,19,20,True
62454,0,1,1381,0,1,15,24,True
62454,0,2,58710,0,1,15,30,True
62454,1,2,26988,0,2,24,30,True
62481,0,1,5444,0,2,30,32,True
62481,0,2,13423,0,1,30,32,True
62481,1,2,10768,1,2,32,32,True
62497,0,1,22763,0,2,5,9,True
62497,0,2,23248,1,2,5,9,True
62497,1,2,13962,0,1,9,9,True
62508,0,1,8801,0,1,34,34,True
62508,0,2,8983,1,2,34,34,True
62508,1,2,9052,1,2,34,34,True
62528,0,1,36480,0,2,4,26,True
62528,0,2,16752,0,2,4,32,True
62528,1,2,41875,0,1,26,32,True
62548,0,1,42889,0,2,4,4,True
62548,0,2,35283,0,1,4,12,True
62548,1,2,37040,0,1,4,12,True
62551,0,1,11548,1,2,17,17,True
62551,0,2,25632,1,2,17,30,True
62551,1,2,26864,1,2,17,30,True
62565,0,1,61540,0,2,9,38,True
62565,0,2,68859,1,2,9,38,True
62565,1,2,52714,0,2,38,38,True
62584,0,1,44879,1,2,4,4,True
62584,0,2,45467,0,1,4,4,True
62584,1,2,45508,0,1,4,4,True
62587,0,1,51300,0,1,28,28,True
62587,0,2,12386,1,2,28,29,True
62587,1,2,47086,0,1,28,29,True
62601,0,1,47042,0,1,5,20,True
62601,0,2,34970,1,2,5,38,True
62601,1,2,47002,1,2,20,38,True
62607,0,1,10991,0,2,16,28,True
62607,0,2,10995,0,1,16,28,True
62607,1,2,63491,0,1,28,28,True
62609,0,1,12782,0,1,17,20,True
62609,0,2,24495,0,2,17,30,True
62609,1,2,45455,0,2,20,30,True
62619,0,1,17867,0,1,25,25,True
62619,0,2,64843,1,2,25,35,True
62619,1,2,66195,1,2,25,35,True
62627,0,1,57830,0,1,21,21,True
62627,0,2,57830,0,2,21,21,True
62627,1,2,57830,1,2,21,21,True
62630,0,1,38306,1,2,2,3,True
62630,0,2,43968,0,1,2,9,True
62630,1,2,47475,0,1,3,9,True
62644,0,1,22788,0,1,7,23,True
62644,0,2,29024,0,1,7,24,True
62644,1,2,7138,1,2,23,24,True
62647,0,1,32332,0,1,3,10,True
62647,0,2,65102,0,2,3,30,True
62647,1,2,19014,1,2,10,30,True
62654,0,1,37675,0,1,3,29,True
62654,0,2,32377,0,2,3,32,True
62654,1,2,64164,1,2,29,32,True
62657,0,1,484,0,1,10,10,True
62657,0,2,1917,0,1,10,10,True
62657,1,2,2613,1,2,10,10,True
62662,0,1,33297,0,2,13,20,True
62662,0,2,11847,0,1,13,22,True
62662,1,2,17220,0,2,20,22,True
62663,0,1,2613,0,1,9,10,True
62663,0,2,2613,0,2,9,10,True
62663,1,2,6265,0,2,10,10,True
62679,0,1,61947,1,2,25,26,True
62679,0,2,57198,1,2,25,33,True
62679,1,2,27539,1,2,26,33,True
62687,0,1,18294,0,2,10,10,True
62687,0,2,51841,0,1,10,15,True
62687,1,2,64244,0,2,10,15,True
62688,0,1,29226,0,1,7,7,True
62688,0,2,23811,0,2,7,37,True
62688,1,2,29792,0,2,7,37,True
62690,0,1,63162,0,2,5,17,True
62690,0,2,65536,0,1,5,27,True
62690,1,2,59465,0,2,17,27,True
62693,0,1,30877,1,2,8,12,True
62693,0,2,35451,1,2,8,28,True
62693,1,2,53617,0,2,12,28,True
62694,0,1,41073,1,2,8,8,True
62694,0,2,53342,0,2,8,26,True
62694,1,2,54982,0,2,8,26,True
62722,0,1,8790,0,1,19,19,True
62722,0,2,37046,1,2,19,38,True
62722,1,2,39007,1,2,19,38,True
62741,0,1,55847,0,2,32,36,True
62741,0,2,51099,1,2,32,37,True
62741,1,2,22660,1,2,36,37,True
62745,0,1,38609,0,1,20,20,True
62745,0,2,38609,0,2,20,20,True
62745,1,2,38609,1,2,20,20,True
62749,0,1,25819,1,2,26,37,True
62749,0,2,29105,1,2,26,37,True
62749,1,2,21021,0,2,37,37,True
62763,0,1,16862,0,1,15,16,True
62763,0,2,15291,0,2,15,22,True
62763,1,2,37709,0,1,16,22,True
62825,0,1,59655,1,2,25,33,True
62825,0,2,42338,1,2,25,34,True
62825,1,2,68633,1,2,33,34,True
62835,0,1,14858,1,2,7,7,True
62835,0,2,15122,0,1,7,7,True
62835,1,2,15126,0,1,7,7,True
62843,0,1,66372,0,1,6,7,True
62843,0,2,65285,0,1,6,13,True
62843,1,2,58634,0,1,7,13,True
62846,0,1,68142,1,2,5,13,True
62846,0,2,54905,1,2,5,39,True
62846,1,2,58773,0,2,13,39,True
62863,0,1,58778,0,1,13,13,True
62863,0,2,68171,0,2,13,24,True
62863,1,2,69724,0,1,13,24,True
62871,0,1,18506,0,2,32,32,True
62871,0,2,49654,1,2,32,36,True
62871,1,2,53629,1,2,32,36,True
62875,0,1,14389,0,1,5,10,True
62875,0,2,53138,0,1,5,26,True
62875,1,2,71017,0,1,10,26,True
62879,0,1,68565,0,2,11,16,True
62879,0,2,5696,1,2,11,26,True
62879,1,2,32931,0,1,16,26,True
62890,0,1,54846,0,1,11,12,True
62890,0,2,29238,0,2,11,18,True
62890,1,2,62204,0,2,12,18,True
62896,0,1,54956,0,1,14,14,True
62896,0,2,55088,0,1,14,14,True
62896,1,2,56130,0,1,14,14,True
62907,0,1,40474,0,1,7,8,True
62907,0,2,24618,0,2,7,30,True
62907,1,2,7041,0,2,8,30,True
62909,0,1,29469,1,2,4,4,True
62909,0,2,29500,0,1,4,4,True
62909,1,2,29500,0,2,4,4,True
62916,0,1,43169,0,1,2,19,True
62916,0,2,65096,0,2,2,36,True
62916,1,2,5313,1,2,19,36,True
62923,0,1,58319,1,2,4,26,True
62923,0,2,50520,0,2,4,28,True
62923,1,2,56274,1,2,26,28,True
62933,0,1,60061,0,1,2,35,True
62933,0,2,45644,0,2,2,38,True
62933,1,2,57081,1,2,35,38,True
62944,0,1,25965,1,2,11,11,True
62944,0,2,15004,1,2,11,12,True
62944,1,2,15423,0,1,11,12,True
62946,0,1,14746,1,2,27,27,True
62946,0,2,15733,0,1,27,27,True
62946,1,2,15733,0,2,27,27,True
62949,0,1,39418,0,2,1,5,True
62949,0,2,37775,0,2,1,10,True
62949,1,2,54897,0,2,5,10,True
62951,0,1,46395,0,2,23,25,True
62951,0,2,72937,1,2,23,26,True
62951,1,2,51074,0,2,25,26,True
62975,0,1,769,0,1,12,14,True
62975,0,2,46104,0,2,12,17,True
62975,1,2,30904,0,1,14,17,True
62981,0,1,68432,1,2,23,23,True
62981,0,2,15017,0,2,23,34,True
62981,1,2,19636,1,2,23,34,True
62996,0,1,37385,0,1,22,22,True
62996,0,2,37385,0,2,22,22,True
62996,1,2,37385,1,2,22,22,True
62997,0,1,51054,0,2,24,25,True
62997,0,2,51362,0,2,24,25,True
62997,1,2,1500,0,2,25,25,True
62998,0,1,69363,0,1,34,34,True
62998,0,2,69363,0,2,34,34,True
62998,1,2,69363,1,2,34,34,True
63014,0,1,49576,0,2,31,31,True
63014,0,2,49576,1,2,31,31,True
63014,1,2,50199,0,1,31,31,True
63019,0,1,6501,1,2,10,10,True
63019,0,2,6653,1,2,10,10,True
63019,1,2,6659,0,1,10,10,True
63023,0,1,27772,0,1,14,14,True
63023,0,2,29017,0,1,14,14,True
63023,1,2,29718,0,1,14,14,True
63024,0,1,18249,1,2,19,22,True
63024,0,2,36797,0,1,19,28,True
63024,1,2,69660,0,1,22,28,True
63026,0,1,14106,0,2,3,31,True
63026,0,2,44537,1,2,3,40,True
63026,1,2,14069,1,2,31,40,True
63034,0,1,11027,0,2,4,30,True
63034,0,2,14620,0,2,4,30,True
63034,1,2,37344,0,1,30,30,True
63047,0,1,63902,0,1,6,20,True
63047,0,2,322,0,1,6,38,True
63047,1,2,30121,0,1,20,38,True
63055,0,1,13522,0,2,17,17,True
63055,0,2,23010,1,2,17,32,True
63055,1,2,25085,0,1,17,32,True
63062,0,1,63247,-1,0,4,11,False
63062,0,2,12386,-1,1,4,28,False
63062,1,2,20380,0,2,11,28,True
63069,0,1,64595,0,2,5,22,True
63069,0,2,63508,0,2,5,26,True
63069,1,2,46943,0,1,22,26,True
63072,0,1,31387,0,1,38,38,True
63072,0,2,31387,0,2,38,38,True
63072,1,2,31387,1,2,38,38,True
63075,0,1,51769,0,2,6,29,True
63075,0,2,8110,0,2,6,40,True
63075,1,2,40965,0,2,29,40,True
63089,0,1,27166,0,1,25,25,True
63089,0,2,37783,0,2,25,36,True
63089,1,2,37783,1,2,25,36,True
63090,0,1,63319,0,2,14,15,True
63090,0,2,51933,0,2,14,28,True
63090,1,2,6934,1,2,15,28,True
63091,0,1,51961,1,2,12,12,True
63091,0,2,54510,0,1,12,12,True
63091,1,2,54846,1,2,12,12,True
63093,0,1,10437,0,1,27,35,True
63093,0,2,52349,1,2,27,37,True
63093,1,2,45166,1,2,35,37,True
63096,0,1,51810,0,2,5,7,True
63096,0,2,37557,0,2,5,11,True
63096,1,2,2824,0,1,7,11,True
63098,0,1,11718,1,2,30,30,True
63098,0,2,14637,0,1,30,30,True
63098,1,2,14637,0,2,30,30,True
63105,0,1,64746,0,2,13,32,True
63105,0,2,45793,0,2,13,33,True
63105,1,2,36851,1,2,32,33,True
63113,0,1,52025,0,1,4,4,True
63113,0,2,52538,0,2,4,5,True
63113,1,2,52869,0,1,4,5,True
63120,0,1,25969,0,1,19,20,True
63120,0,2,46249,1,2,19,28,True
63120,1,2,6107,0,2,20,28,True
63121,0,1,51992,0,1,1,1,True
63121,0,2,4695,0,2,1,40,True
63121,1,2,5033,0,2,1,40,True
63125,0,1,932,1,2,30,30,True
63125,0,2,15395,1,2,30,35,True
63125,1,2,18496,0,2,30,35,True
63136,0,1,58182,1,2,34,39,True
63136,0,2,60507,0,1,34,39,True
63136,1,2,61620,0,2,39,39,True
63138,0,1,38405,0,2,8,8,True
63138,0,2,38405,1,2,8,8,True
63138,1,2,38491,0,1,8,8,True
63145,0,1,64669,0,1,23,23,True
63145,0,2,49422,1,2,23,35,True
63145,1,2,50918,0,1,23,35,True
63162,0,1,10121,1,2,5,7,True
63162,0,2,45384,0,2,5,17,True
63162,1,2,38563,0,2,7,17,True
63165,0,1,56951,1,2,28,40,True
63165,0,2,57900,0,2,28,40,True
63165,1,2,66717,1,2,40,40,True
63169,0,1,30617,0,2,1,16,True
63169,0,2,16763,0,2,1,30,True
63169,1,2,46669,0,1,16,30,True
63172,0,1,17694,0,1,15,18,True
63172,0,2,64560,1,2,15,31,True
63172,1,2,57258,0,1,18,31,True
63184,0,1,37085,1,2,12,26,True
63184,0,2,45762,0,2,12,30,True
63184,1,2,68306,0,1,26,30,True
63191,0,1,7024,0,1,1,27,True
63191,0,2,52603,1,2,1,29,True
63191,1,2,69752,1,2,27,29,True
63192,0,1,8593,0,1,12,12,True
63192,0,2,43807,0,1,12,24,True
63192,1,2,43807,0,2,12,24,True
63194,0,1,1785,0,2,2,34,True
63194,0,2,60839,1,2,2,35,True
63194,1,2,71498,1,2,34,35,True
63227,0,1,66138,0,2,2,25,True
63227,0,2,64440,0,2,2,26,True
63227,1,2,37920,0,1,25,26,True
63237,0,1,24348,0,1,17,17,True
63237,0,2,52086,1,2,17,30,True
63237,1,2,57168,0,2,17,30,True
63241,0,1,52263,1,2,27,31,True
63241,0,2,52377,1,2,27,31,True
63241,1,2,19897,1,2,31,31,True
63243,0,1,26587,1,2,39,39,True
63243,0,2,27653,0,1,39,39,True
63243,1,2,27653,0,2,39,39,True
63244,0,1,59410,0,1,1,23,True
63244,0,2,60746,0,1,1,23,True
63244,1,2,33924,1,2,23,23,True
63247,0,1,66058,0,1,11,11,True
63247,0,2,66058,0,2,11,11,True
63247,1,2,66058,1,2,11,11,True
63248,0,1,68249,0,1,2,12,True
63248,0,2,66778,0,1,2,34,True
63248,1,2,1785,1,2,12,34,True
63252,0,1,2548,1,2,10,27,True
63252,0,2,48004,0,2,10,29,True
63252,1,2,26393,0,2,27,29,True
63255,0,1,2042,0,2,5,14,True
63255,0,2,54062,0,1,5,16,True
63255,1,2,35579,0,2,14,16,True
63277,0,1,56082,0,1,7,9,True
63277,0,2,41188,0,2,7,36,True
63277,1,2,66291,0,2,9,36,True
63283,0,1,5117,0,2,15,15,True
63283,0,2,1381,0,1,15,24,True
63283,1,2,3209,0,1,15,24,True
63289,0,1,35567,0,1,15,15,True
63289,0,2,36795,0,1,15,15,True
63289,1,2,36795,0,2,15,15,True
63292,0,1,8718,0,1,29,30,True
63292,0,2,70440,1,2,29,34,True
63292,1,2,23077,0,1,30,34,True
63308,0,1,49348,0,2,7,8,True
63308,0,2,20635,1,2,7,40,True
63308,1,2,22526,1,2,8,40,True
63318,0,1,8363,0,1,30,30,True
63318,0,2,69177,0,2,30,31,True
63318,1,2,69177,1,2,30,31,True
63319,0,1,31017,0,2,14,15,True
63319,0,2,31017,1,2,14,15,True
63319,1,2,24231,0,1,15,15,True
63329,0,1,23169,0,2,16,39,True
63329,0,2,26587,0,1,16,39,True
63329,1,2,66328,0,1,39,39,True
63344,0,1,22381,0,2,13,13,True
63344,0,2,1745,0,1,13,14,True
63344,1,2,3015,1,2,13,14,True
63361,0,1,58898,1,2,5,6,True
63361,0,2,27513,0,1,5,21,True
63361,1,2,70676,0,1,6,21,True
63362,0,1,12873,0,1,11,12,True
63362,0,2,68464,1,2,11,18,True
63362,1,2,6427,0,2,12,18,True
63371,0,1,33025,1,2,11,12,True
63371,0,2,34879,0,2,11,12,True
63371,1,2,11486,0,1,12,12,True
63373,0,1,57258,1,2,31,35,True
63373,0,2,65330,1,2,31,36,True
63373,1,2,32063,0,2,35,36,True
63380,0,1,8887,0,1,20,22,True
63380,0,2,12498,0,2,20,27,True
63380,1,2,67923,0,2,22,27,True
63383,0,1,39916,0,1,11,18,True
63383,0,2,35314,0,2,11,33,True
63383,1,2,36332,1,2,18,33,True
63391,0,1,20194,0,2,3,22,True
63391,0,2,20194,1,2,3,22,True
63391,1,2,14751,1,2,22,22,True
63396,0,1,41225,1,2,7,10,True
63396,0,2,32194,0,2,7,11,True
63396,1,2,10825,0,2,10,11,True
63401,0,1,23057,1,2,28,33,True
63401,0,2,33201,0,2,28,33,True
63401,1,2,61980,0,1,33,33,True
63426,0,1,41428,0,1,3,13,True
63426,0,2,2711,1,2,3,24,True
63426,1,2,64779,1,2,13,24,True
63430,0,1,23320,1,2,8,8,True
63430,0,2,24007,0,1,8,8,True
63430,1,2,24007,0,2,8,8,True
63441,0,1,52637,0,1,1,1,True
63441,0,2,52731,0,1,1,1,True
63441,1,2,52731,0,2,1,1,True
63450,0,1,12179,0,2,17,30,True
63450,0,2,12179,1,2,17,30,True
63450,1,2,63125,0,1,30,30,True
63459,0,1,58918,0,2,25,32,True
63459,0,2,7417,1,2,25,33,True
63459,1,2,28122,1,2,32,33,True
63460,0,1,21345,0,2,17,20,True
63460,0,2,33585,1,2,17,20,True
63460,1,2,61239,1,2,20,20,True
63464,0,1,42392,0,1,8,9,True
63464,0,2,42392,0,2,8,9,True
63464,1,2,54096,1,2,9,9,True
63469,0,1,42594,0,2,16,23,True
63469,0,2,68628,0,2,16,31,True
63469,1,2,44365,0,2,23,31,True
63472,0,1,53540,0,1,1,7,True
63472,0,2,48918,0,2,1,14,True
63472,1,2,17242,0,1,7,14,True
63480,0,1,47671,1,2,6,6,True
63480,0,2,5649,0,1,6,29,True
63480,1,2,6253,0,2,6,29,True
63482,0,1,47908,1,2,14,15,True
63482,0,2,55550,0,1,14,20,True
63482,1,2,59060,0,1,15,20,True
63491,0,1,156,0,1,28,28,True
63491,0,2,47212,0,1,28,29,True
63491,1,2,47212,0,2,28,29,True
63497,0,1,39835,0,2,12,15,True
63497,0,2,39835,1,2,12,15,True
63497,1,2,25333,0,1,15,15,True
63504,0,1,9529,1,2,9,39,True
63504,0,2,13766,0,1,9,40,True
63504,1,2,57900,1,2,39,40,True
63508,0,1,49257,1,2,5,26,True
63508,0,2,50802,1,2,5,26,True
63508,1,2,24662,0,1,26,26,True
63509,0,1,35504,1,2,33,33,True
63509,0,2,28062,0,1,33,37,True
63509,1,2,29792,1,2,33,37,True
63513,0,1,50549,0,1,5,16,True
63513,0,2,54062,0,1,5,16,True
63513,1,2,29481,0,2,16,16,True
63523,0,1,67062,0,2,5,5,True
63523,0,2,50473,0,1,5,6,True
63523,1,2,52773,0,1,5,6,True
63526,0,1,9588,0,1,2,2,True
63526,0,2,51937,0,2,2,3,True
63526,1,2,51937,1,2,2,3,True
63528,0,1,6094,1,2,22,37,True
63528,0,2,49063,0,2,22,38,True
63528,1,2,9202,1,2,37,38,True
63542,0,1,34924,0,2,9,28,True
63542,0,2,32282,0,1,9,29,True
63542,1,2,71541,0,1,28,29,True
63562,0,1,22588,1,2,24,24,True
63562,0,2,24245,0,1,24,28,True
63562,1,2,24685,0,1,24,28,True
63574,0,1,44366,0,1,14,19,True
63574,0,2,14267,0,1,14,21,True
63574,1,2,44660,0,1,19,21,True
63584,0,1,25368,0,2,10,10,True
63584,0,2,25368,1,2,10,10,True
63584,1,2,26933,0,1,10,10,True
63595,0,1,67876,1,2,29,30,True
63595,0,2,58629,0,1,29,38,True
63595,1,2,246,0,1,30,38,True
63613,0,1,27862,0,2,20,23,True
63613,0,2,3927,0,1,20,29,True
63613,1,2,34373,0,1,23,29,True
63620,0,1,62418,0,1,3,3,True
63620,0,2,11072,0,2,3,18,True
63620,1,2,11072,1,2,3,18,True
63642,0,1,41826,0,1,6,6,True
63642,0,2,61090,0,1,6,17,True
63642,1,2,62325,1,2,6,17,True
63651,0,1,46699,0,2,17,27,True
63651,0,2,57426,0,2,17,36,True
63651,1,2,21422,1,2,27,36,True
63655,0,1,46941,1,2,38,38,True
63655,0,2,48461,1,2,38,38,True
63655,1,2,48701,1,2,38,38,True
63659,0,1,57262,0,1,7,18,True
63659,0,2,26322,0,1,7,30,True
63659,1,2,5006,0,1,18,30,True
63662,0,1,59983,0,2,26,31,True
63662,0,2,17401,0,2,26,40,True
63662,1,2,1128,1,2,31,40,True
63671,0,1,65263,0,1,20,20,True
63671,0,2,29588,1,2,20,31,True
63671,1,2,32278,0,1,20,31,True
63687,0,1,2516,1,2,24,24,True
63687,0,2,24245,0,2,24,34,True
63687,1,2,25843,0,2,24,34,True
63696,0,1,59624,1,2,32,32,True
63696,0,2,57282,1,2,32,33,True
63696,1,2,61555,0,1,32,33,True
63707,0,1,33974,0,1,1,4,True
63707,0,2,38507,0,1,1,23,True
63707,1,2,66423,0,2,4,23,True
63708,0,1,29585,0,2,16,33,True
63708,0,2,41793,0,2,16,37,True
63708,1,2,63509,0,2,33,37,True
63713,0,1,21341,0,2,4,16,True
63713,0,2,72930,0,1,4,20,True
63713,1,2,48631,1,2,16,20,True
63715,0,1,67078,0,1,24,33,True
63715,0,2,67078,0,2,24,33,True
63715,1,2,61980,0,1,33,33,True
63723,0,1,9408,0,1,4,11,True
63723,0,2,16752,0,1,4,27,True
63723,1,2,24596,0,2,11,27,True
63727,0,1,30605,0,1,1,7,True
63727,0,2,19947,0,2,1,16,True
63727,1,2,10134,0,1,7,16,True
63730,0,1,17075,1,2,15,29,True
63730,0,2,30358,0,2,15,35,True
63730,1,2,32868,1,2,29,35,True
63731,0,1,23185,0,2,7,11,True
63731,0,2,49059,0,2,7,32,True
63731,1,2,25384,1,2,11,32,True
63739,0,1,10839,0,1,8,17,True
63739,0,2,23358,1,2,8,28,True
63739,1,2,36260,0,1,17,28,True
63772,0,1,48202,0,1,1,31,True
63772,0,2,50644,0,2,1,36,True
63772,1,2,67423,1,2,31,36,True
63780,0,1,22860,0,1,6,6,True
63780,0,2,22963,0,1,6,6,True
63780,1,2,23753,0,1,6,6,True
63806,0,1,45557,0,1,1,1,True
63806,0,2,38218,1,2,1,40,True
63806,1,2,38918,0,2,1,40,True
63814,0,1,46133,0,1,1,1,True
63814,0,2,27813,0,1,1,2,True
63814,1,2,31968,0,1,1,2,True
63815,0,1,45109,0,1,10,10,True
63815,0,2,8630,0,2,10,37,True
63815,1,2,10470,1,2,10,37,True
63826,0,1,36220,1,2,32,32,True
63826,0,2,37179,0,1,32,32,True
63826,1,2,37179,0,2,32,32,True
63837,0,1,5582,0,1,15,16,True
63837,0,2,11886,0,1,15,16,True
63837,1,2,50210,0,1,16,16,True
63842,0,1,11264,0,1,23,25,True
63842,0,2,28210,1,2,23,32,True
63842,1,2,32651,1,2,25,32,True
63846,0,1,31629,0,2,15,19,True
63846,0,2,29667,0,1,15,20,True
63846,1,2,43532,1,2,19,20,True
63851,0,1,23652,1,2,2,3,True
63851,0,2,27106,0,2,2,38,True
63851,1,2,22153,0,2,3,38,True
63852,0,1,9609,0,1,11,28,True
63852,0,2,50200,1,2,11,29,True
63852,1,2,5095,0,1,28,29,True
63866,0,1,57873,0,1,10,13,True
63866,0,2,45959,0,1,10,17,True
63866,1,2,20477,0,1,13,17,True
63868,0,1,24562,0,2,20,20,True
63868,0,2,24562,1,2,20,20,True
63868,1,2,25013,0,1,20,20,True
63869,0,1,34998,1,2,13,13,True
63869,0,2,39183,0,1,13,32,True
63869,1,2,39183,0,2,13,32,True
63887,0,1,39789,0,1,1,3,True
63887,0,2,1289,0,1,1,7,True
63887,1,2,19761,0,1,3,7,True
63902,0,1,21545,0,2,6,20,True
63902,0,2,45588,0,1,6,21,True
63902,1,2,24875,1,2,20,21,True
63912,0,1,49582,1,2,21,25,True
63912,0,2,55386,1,2,21,25,True
63912,1,2,19285,1,2,25,25,True
63929,0,1,49387,0,1,23,25,True
63929,0,2,59125,1,2,23,27,True
63929,1,2,56366,1,2,25,27,True
63936,0,1,16980,1,2,6,6,True
63936,0,2,17047,0,1,6,6,True
63936,1,2,17279,0,1,6,6,True
63946,0,1,55979,0,1,9,9,True
63946,0,2,56074,0,1,9,9,True
63946,1,2,56074,0,2,9,9,True
63951,0,1,20794,1,2,13,14,True
63951,0,2,21745,0,1,13,14,True
63951,1,2,55088,0,1,14,14,True
63964,0,1,43085,0,2,11,12,True
63964,0,2,46231,1,2,11,12,True
63964,1,2,41462,0,1,12,12,True
63970,0,1,43437,1,2,12,12,True
63970,0,2,32919,0,2,12,18,True
63970,1,2,32919,1,2,12,18,True
63994,0,1,52349,0,2,7,37,True
63994,0,2,12085,0,2,7,39,True
63994,1,2,34875,1,2,37,39,True
64001,0,1,46514,0,1,3,20,True
64001,0,2,10400,0,1,3,39,True
64001,1,2,51332,0,2,20,39,True
64020,0,1,15536,0,1,1,16,True
64020,0,2,66315,0,2,1,33,True
64020,1,2,5219,0,1,16,33,True
64029,0,1,72233,0,1,19,19,True
64029,0,2,69302,0,1,19,30,True
64029,1,2,70283,0,2,19,30,True
64034,0,1,8916,0,1,17,17,True
64034,0,2,71559,1,2,17,18,True
64034,1,2,72710,0,1,17,18,True
64039,0,1,46969,1,2,25,25,True
64039,0,2,47465,1,2,25,25,True
64039,1,2,48706,1,2,25,25,True
64040,0,1,1387,0,1,7,7,True
64040,0,2,27460,0,2,7,23,True
64040,1,2,37567,0,2,7,23,True
64049,0,1,4427,0,1,7,7,True
64049,0,2,19453,0,2,7,38,True
64049,1,2,19453,1,2,7,38,True
64050,0,1,3344,0,2,24,26,True
64050,0,2,36557,0,2,24,31,True
64050,1,2,6770,1,2,26,31,True
64053,0,1,7507,1,2,18,18,True
64053,0,2,8699,0,1,18,18,True
64053,1,2,9702,1,2,18,18,True
64065,0,1,4782,0,1,5,33,True
64065,0,2,4782,0,2,5,33,True
64065,1,2,3973,0,2,33,33,True
64089,0,1,71593,0,2,20,20,True
64089,0,2,3927,0,2,20,34,True
64089,1,2,22293,0,1,20,34,True
64110,0,1,21193,0,1,4,27,True
64110,0,2,41870,1,2,4,32,True
64110,1,2,68187,0,2,27,32,True
64114,0,1,41091,0,2,28,28,True
64114,0,2,60804,1,2,28,29,True
64114,1,2,62157,1,2,28,29,True
64131,0,1,54846,1,2,12,12,True
64131,0,2,55092,0,1,12,12,True
64131,1,2,56926,0,1,12,12,True
64141,0,1,49123,0,2,3,38,True
64141,0,2,49232,0,2,3,38,True
64141,1,2,32084,1,2,38,38,True
64148,0,1,20904,0,2,15,17,True
64148,0,2,49760,0,2,15,40,True
64148,1,2,10191,0,2,17,40,True
64155,0,1,29500,0,1,4,4,True
64155,0,2,12887,0,1,4,15,True
64155,1,2,12887,0,2,4,15,True
64164,0,1,20260,0,2,5,29,True
64164,0,2,18099,0,1,5,32,True
64164,1,2,23221,0,2,29,32,True
64169,0,1,41165,1,2,10,10,True
64169,0,2,718,0,2,10,40,True
64169,1,2,5460,0,2,10,40,True
64173,0,1,10494,1,2,24,24,True
64173,0,2,10818,0,1,24,24,True
64173,1,2,10818,0,2,24,24,True
64177,0,1,8667,0,1,1,23,True
64177,0,2,4021,0,1,1,28,True
64177,1,2,18040,0,2,23,28,True
64181,0,1,15395,0,2,2,35,True
64181,0,2,18648,0,1,2,37,True
64181,1,2,45166,1,2,35,37,True
64195,0,1,5790,1,2,33,33,True
64195,0,2,20545,1,2,33,33,True
64195,1,2,28157,1,2,33,33,True
64203,0,1,67576,0,2,19,19,True
64203,0,2,39603,1,2,19,29,True
64203,1,2,56606,1,2,19,29,True
64208,0,1,21856,0,1,29,29,True
64208,0,2,7627,0,2,29,35,True
64208,1,2,8640,0,2,29,35,True
64212,0,1,49417,0,1,14,15,True
64212,0,2,29771,0,1,14,24,True
64212,1,2,57184,1,2,15,24,True
64217,0,1,57811,0,2,21,22,True
64217,0,2,59265,1,2,21,22,True
64217,1,2,14974,0,1,22,22,True
64223,0,1,15529,0,2,22,22,True
64223,0,2,7002,0,2,22,35,True
64223,1,2,7002,1,2,22,35,True
64225,0,1,48413,1,2,9,35,True
64225,0,2,22012,0,1,9,37,True
64225,1,2,12346,1,2,35,37,True
64227,0,1,43896,1,2,15,15,True
64227,0,2,37132,0,1,15,25,True
64227,1,2,39777,0,1,15,25,True
64237,0,1,51498,0,1,4,7,True
64237,0,2,52670,0,1,4,7,True
64237,1,2,767,0,1,7,7,True
64244,0,1,64169,0,1,10,10,True
64244,0,2,29813,0,2,10,15,True
64244,1,2,29813,1,2,10,15,True
64248,0,1,28138,1,2,22,22,True
64248,0,2,45255,0,1,22,27,True
64248,1,2,45255,0,2,22,27,True
64262,0,1,32365,-1,2,5,24,False
64262,0,2,47744,0,2,5,37,True
64262,1,2,56698,0,1,24,37,True
64273,0,1,63344,1,2,13,14,True
64273,0,2,60626,1,2,13,19,True
64273,1,2,61082,0,1,14,19,True
64282,0,1,11330,0,1,20,29,True
64282,0,2,16177,1,2,20,36,True
64282,1,2,24127,0,2,29,36,True
64284,0,1,61819,0,2,1,13,True
64284,0,2,58422,0,2,1,21,True
64284,1,2,15062,0,1,13,21,True
64307,0,1,34558,1,2,12,17,True
64307,0,2,43945,0,2,12,36,True
64307,1,2,52750,0,2,17,36,True
64315,0,1,69391,1,2,37,37,True
64315,0,2,72226,0,1,37,37,True
64315,1,2,72226,0,2,37,37,True
64318,0,1,25809,0,1,6,6,True
64318,0,2,25934,0,1,6,6,True
64318,1,2,25934,0,2,6,6,True
64322,0,1,50365,0,1,9,9,True
64322,0,2,21982,0,2,9,34,True
64322,1,2,35810,0,1,9,34,True
64324,0,1,39455,0,2,14,25,True
64324,0,2,26656,1,2,14,40,True
64324,1,2,50291,1,2,25,40,True
64329,0,1,65409,0,1,2,24,True
64329,0,2,571,1,2,2,40,True
64329,1,2,12867,1,2,24,40,True
64330,0,1,26113,0,2,4,4,True
64330,0,2,26113,1,2,4,4,True
64330,1,2,26479,0,1,4,4,True
64331,0,1,25007,0,1,1,2,True
64331,0,2,25406,0,1,1,2,True
64331,1,2,52447,0,1,2,2,True
64352,0,1,6308,0,1,3,6,True
64352,0,2,7748,0,2,3,6,True
64352,1,2,36284,0,1,6,6,True
64361,0,1,37535,0,2,7,9,True
64361,0,2,23588,0,1,7,25,True
64361,1,2,3819,0,2,9,25,True
64367,0,1,65454,1,2,9,13,True
64367,0,2,5868,1,2,9,37,True
64367,1,2,51797,0,1,13,37,True
64373,0,1,11688,0,2,10,12,True
64373,0,2,23026,1,2,10,12,True
64373,1,2,64634,0,2,12,12,True
64383,0,1,58188,0,2,11,26,True
64383,0,2,7674,1,2,11,31,True
64383,1,2,58943,0,1,26,31,True
64386,0,1,43352,0,1,3,11,True
64386,0,2,37335,0,1,3,27,True
64386,1,2,67721,0,2,11,27,True
64417,0,1,19471,0,2,25,25,True
64417,0,2,15985,-1,2,25,28,False
64417,1,2,17651,-1,2,25,28,False
64439,0,1,71425,0,2,6,20,True
64439,0,2,66957,0,2,6,21,True
64439,1,2,58138,1,2,20,21,True
64440,0,1,5463,0,1,2,8,True
64440,0,2,47695,0,2,2,26,True
64440,1,2,54982,1,2,8,26,True
64456,0,1,20493,1,2,19,19,True
64456,0,2,7391,0,2,19,20,True
64456,1,2,17108,0,1,19,20,True
64457,0,1,26478,0,2,12,21,True
64457,0,2,43945,0,1,12,23,True
64457,1,2,11305,0,1,21,23,True
64464,0,1,14444,0,2,11,14,True
64464,0,2,71004,1,2,11,19,True
64464,1,2,63574,0,1,14,19,True
64523,0,1,57339,0,1,5,20,True
64523,0,2,57976,0,1,5,25,True
64523,1,2,30770,0,1,20,25,True
64547,0,1,66875,-1,2,25,31,False
64547,0,2,95,-1,1,25,31,False
64547,1,2,20013,0,1,31,31,True
64551,0,1,24155,0,1,30,30,True
64551,0,2,23029,0,2,30,34,True
64551,1,2,23077,0,1,30,34,True
64557,0,1,1556,0,2,5,12,True
64557,0,2,43854,1,2,5,13,True
64557,1,2,28322,0,2,12,13,True
64560,0,1,13141,0,2,8,15,True
64560,0,2,56441,0,1,8,31,True
64560,1,2,2882,0,1,15,31,True
64567,0,1,28138,0,1,12,22,True
64567,0,2,59395,0,2,12,31,True
64567,1,2,45127,0,2,22,31,True
64572,0,1,40001,0,2,20,37,True
64572,0,2,41714,0,2,20,37,True
64572,1,2,37412,1,2,37,37,True
64583,0,1,39972,0,1,16,16,True
64583,0,2,40395,0,1,16,16,True
64583,1,2,40395,0,2,16,16,True
64592,0,1,51665,0,1,4,17,True
64592,0,2,48224,0,2,4,39,True
64592,1,2,34919,0,1,17,39,True
64595,0,1,63361,0,1,5,6,True
64595,0,2,30165,0,1,5,22,True
64595,1,2,53145,0,2,6,22,True
64603,0,1,63526,0,2,2,3,True
64603,0,2,63526,1,2,2,3,True
64603,1,2,15454,1,2,3,3,True
64613,0,1,32464,1,2,32,33,True
64613,0,2,35239,1,2,32,33,True
64613,1,2,38349,1,2,33,33,True
64634,0,1,47778,1,2,12,12,True
64634,0,2,47815,0,1,12,12,True
64634,1,2,47815,0,2,12,12,True
64636,0,1,18315,1,2,32,35,True
64636,0,2,61202,1,2,32,38,True
64636,1,2,27961,1,2,35,38,True
64640,0,1,682,1,2,8,8,True
64640,0,2,58022,0,2,8,9,True
64640,1,2,58022,1,2,8,9,True
64643,0,1,5391,0,2,12,17,True
64643,0,2,29588,0,1,12,20,True
64643,1,2,63460,0,1,17,20,True
64647,0,1,28710,1,2,1,13,True
64647,0,2,22460,0,1,1,37,True
64647,1,2,59353,0,2,13,37,True
64648,0,1,71734,0,1,18,19,True
64648,0,2,72425,0,1,18,19,True
64648,1,2,24122,0,2,19,19,True
64655,0,1,68033,1,2,17,25,True
64655,0,2,5007,0,2,17,25,True
64655,1,2,53618,0,2,25,25,True
64669,0,1,70057,0,1,23,23,True
64669,0,2,47785,1,2,23,31,True
64669,1,2,49387,0,2,23,31,True
64670,0,1,39985,0,2,5,35,True
64670,0,2,39985,1,2,5,35,True
64670,1,2,65197,0,1,35,35,True
64677,0,1,63459,0,1,25,32,True
64677,0,2,63842,1,2,25,32,True
64677,1,2,21008,0,2,32,32,True
64679,0,1,45579,0,1,6,16,True
64679,0,2,4250,0,2,6,30,True
64679,1,2,31377,0,2,16,30,True
64693,0,1,67181,1,2,22,23,True
64693,0,2,36725,0,1,22,25,True
64693,1,2,46395,0,2,23,25,True
64694,0,1,5558,0,1,21,23,True
64694,0,2,11305,0,1,21,23,True
64694,1,2,9794,1,2,23,23,True
64708,0,1,36043,0,1,13,13,True
64708,0,2,13075,0,2,13,16,True
64708,1,2,22285,0,2,13,16,True
64712,0,1,51146,0,1,1,8,True
64712,0,2,64919,1,2,1,40,True
64712,1,2,50172,0,1,8,40,True
64725,0,1,21623,1,2,22,22,True
64725,0,2,32651,0,1,22,25,True
64725,1,2,33976,0,1,22,25,True
64735,0,1,43042,0,1,15,27,True
64735,0,2,43801,0,1,15,27,True
64735,1,2,37367,0,2,27,27,True
64746,0,1,1738,1,2,13,29,True
64746,0,2,27934,0,2,13,32,True
64746,1,2,28414,1,2,29,32,True
64751,0,1,11218,0,1,7,20,True
64751,0,2,8414,0,2,7,22,True
64751,1,2,35837,0,1,20,22,True
64755,0,1,61305,0,2,3,3,True
64755,0,2,61305,1,2,3,3,True
64755,1,2,61355,0,1,3,3,True
64768,0,1,10700,0,2,18,19,True
64768,0,2,8150,1,2,18,37,True
64768,1,2,4201,0,2,19,37,True
64769,0,1,13224,0,2,8,12,True
64769,0,2,39591,0,1,8,13,True
64769,1,2,56933,1,2,12,13,True
64779,0,1,39177,0,2,7,13,True
64779,0,2,67705,1,2,7,24,True
64779,1,2,69724,0,1,13,24,True
64780,0,1,60031,0,1,32,32,True
64780,0,2,61796,0,2,32,33,True
64780,1,2,62299,1,2,32,33,True
64783,0,1,63837,-1,0,11,15,False
64783,0,2,72389,0,2,11,30,True
64783,1,2,6315,0,1,15,30,True
64786,0,1,17063,0,1,23,27,True
64786,0,2,18677,0,1,23,27,True
64786,1,2,56280,0,2,27,27,True
64800,0,1,330,1,2,27,33,True
64800,0,2,12305,1,2,27,33,True
64800,1,2,52459,1,2,33,33,True
64804,0,1,12466,0,2,23,24,True
64804,0,2,12466,1,2,23,24,True
64804,1,2,36805,0,1,24,24,True
64819,0,1,14389,0,2,5,10,True
64819,0,2,7638,0,1,5,37,True
64819,1,2,11724,0,2,10,37,True
64837,0,1,27814,1,2,36,36,True
64837,0,2,43179,1,2,36,38,True
64837,1,2,47337,0,2,36,38,True
64843,0,1,54935,1,2,24,25,True
64843,0,2,3932,1,2,24,35,True
64843,1,2,17333,0,1,25,35,True
64849,0,1,12346,1,2,35,37,True
64849,0,2,13377,1,2,35,37,True
64849,1,2,20284,1,2,37,37,True
64850,0,1,17505,0,1,5,7,True
64850,0,2,22834,0,1,5,7,True
64850,1,2,1421,0,2,7,7,True
64851,0,1,43584,-1,0,3,20,False
64851,0,2,67899,-1,1,3,35,False
64851,1,2,46403,0,1,20,35,True
64856,0,1,20100,0,2,34,34,True
64856,0,2,72515,0,2,34,35,True
64856,1,2,72655,1,2,34,35,True
64874,0,1,23968,1,2,28,29,True
64874,0,2,24629,0,1,28,29,True
64874,1,2,20282,0,1,29,29,True
64878,0,1,43013,0,2,36,36,True
64878,0,2,56166,0,2,36,37,True
64878,1,2,58717,0,2,36,37,True
64886,0,1,61337,1,2,24,36,True
64886,0,2,66738,1,2,24,36,True
64886,1,2,45500,0,2,36,36,True
64888,0,1,32746,0,1,4,8,True
64888,0,2,40977,0,2,4,33,True
64888,1,2,44378,0,2,8,33,True
64896,0,1,67803,0,1,3,19,True
64896,0,2,11132,0,2,3,22,True
64896,1,2,29764,0,1,19,22,True
64919,0,1,70124,0,2,1,1,True
64919,0,2,33974,0,2,1,40,True
64919,1,2,34051,0,2,1,40,True
64925,0,1,2070,1,2,12,31,True
64925,0,2,41402,0,2,12,39,True
64925,1,2,33123,1,2,31,39,True
64926,0,1,47044,0,2,10,16,True
64926,0,2,35584,0,2,10,20,True
64926,1,2,31908,1,2,16,20,True
64948,0,1,40568,0,2,7,7,True
64948,0,2,44737,0,1,7,33,True
64948,1,2,44737,0,2,7,33,True
64956,0,1,6768,0,1,30,30,True
64956,0,2,7041,1,2,30,30,True
64956,1,2,7108,0,1,30,30,True
64972,0,1,42445,0,1,2,7,True
64972,0,2,57342,0,1,2,29,True
64972,1,2,36215,0,2,7,29,True
64977,0,1,53785,0,1,6,9,True
64977,0,2,28846,0,2,6,28,True
64977,1,2,14410,0,2,9,28,True
64987,0,1,30583,0,2,17,33,True
64987,0,2,3336,0,1,17,34,True
64987,1,2,1469,1,2,33,34,True
65001,0,1,40914,1,2,24,24,True
65001,0,2,58686,1,2,24,28,True
65001,1,2,60458,0,1,24,28,True
65005,0,1,14955,0,1,16,33,True
65005,0,2,66113,1,2,16,40,True
65005,1,2,65791,1,2,33,40,True
65008,0,1,16929,0,1,10,11,True
65008,0,2,24415,1,2,10,19,True
65008,1,2,46053,0,2,11,19,True
65024,0,1,7730,0,1,7,20,True
65024,0,2,2228,0,1,7,30,True
65024,1,2,23555,0,2,20,30,True
65025,0,1,19539,1,2,21,21,True
65025,0,2,34130,0,1,21,40,True
65025,1,2,34130,0,2,21,40,True
65031,0,1,3106,1,2,30,31,True
65031,0,2,5006,1,2,30,31,True
65031,1,2,40174,1,2,31,31,True
65034,0,1,28836,0,2,24,26,True
65034,0,2,58462,0,2,24,38,True
65034,1,2,52107,0,2,26,38,True
65060,0,1,8383,0,2,1,10,True
65060,0,2,17956,0,1,1,40,True
65060,1,2,72125,0,1,10,40,True
65076,0,1,15711,0,1,16,16,True
65076,0,2,16862,1,2,16,16,True
65076,1,2,17006,0,1,16,16,True
65084,0,1,21025,1,2,16,16,True
65084,0,2,21064,0,1,16,16,True
65084,1,2,21609,0,1,16,16,True
65091,0,1,53962,0,2,3,4,True
65091,0,2,26915,0,2,3,7,True
65091,1,2,47369,0,2,4,7,True
65096,0,1,17053,0,2,2,36,True
65096,0,2,26274,0,2,2,36,True
65096,1,2,66035,1,2,36,36,True
65098,0,1,11664,0,1,9,9,True
65098,0,2,49844,0,2,9,32,True
65098,1,2,49844,1,2,9,32,True
65102,0,1,47512,1,2,3,22,True
65102,0,2,12593,0,2,3,30,True
65102,1,2,65997,0,2,22,30,True
65116,0,1,66138,0,1,2,10,True
65116,0,2,52022,0,1,2,23,True
65116,1,2,61687,0,1,10,23,True
65139,0,1,18712,1,2,14,15,True
65139,0,2,20094,0,1,14,15,True
65139,1,2,69560,0,1,15,15,True
65147,0,1,13042,1,2,34,40,True
65147,0,2,15414,1,2,34,40,True
65147,1,2,1726,1,2,40,40,True
65161,0,1,12466,1,2,23,24,True
65161,0,2,13997,1,2,23,24,True
65161,1,2,37982,1,2,24,24,True
65165,0,1,23236,1,2,12,13,True
65165,0,2,27320,0,1,12,18,True
65165,1,2,15093,1,2,13,18,True
65169,0,1,3986,1,2,21,21,True
65169,0,2,4060,0,1,21,21,True
65169,1,2,4060,0,2,21,21,True
65181,0,1,60945,0,1,12,12,True
65181,0,2,60945,0,2,12,12,True
65181,1,2,60945,1,2,12,12,True
65194,0,1,31865,1,2,11,35,True
65194,0,2,50673,0,1,11,36,True
65194,1,2,27814,0,1,35,36,True
65197,0,1,6990,1,2,35,35,True
65197,0,2,7627,1,2,35,35,True
65197,1,2,8008,1,2,35,35,True
65218,0,1,60707,0,1,19,19,True
65218,0,2,68532,1,2,19,19,True
65218,1,2,10115,0,1,19,19,True
65222,0,1,12197,0,1,17,17,True
65222,0,2,13417,0,1,17,17,True
65222,1,2,13522,0,1,17,17,True
65235,0,1,13624,1,2,5,6,True
65235,0,2,20260,0,2,5,29,True
65235,1,2,49896,0,2,6,29,True
65238,0,1,31814,0,2,9,40,True
65238,0,2,44255,1,2,9,40,True
65238,1,2,32098,1,2,40,40,True
65255,0,1,66691,0,2,1,1,True
65255,0,2,2884,0,2,1,33,True
65255,1,2,4021,0,2,1,33,True
65263,0,1,71570,1,2,20,20,True
65263,0,2,52651,1,2,20,40,True
65263,1,2,55866,1,2,20,40,True
65282,0,1,14920,0,2,4,21,True
65282,0,2,13908,0,2,4,26,True
65282,1,2,37143,1,2,21,26,True
65285,0,1,25070,0,2,6,13,True
65285,0,2,32920,0,1,6,13,True
65285,1,2,39450,1,2,13,13,True
65287,0,1,24122,1,2,19,19,True
65287,0,2,24125,0,1,19,19,True
65287,1,2,24158,1,2,19,19,True
65292,0,1,68379,0,1,22,40,True
65292,0,2,68379,0,2,22,40,True
65292,1,2,59710,1,2,40,40,True
65298,0,1,7354,0,1,5,5,True
65298,0,2,48065,0,1,5,23,True
65298,1,2,52243,0,2,5,23,True
65303,0,1,36047,0,1,2,5,True
65303,0,2,1948,0,2,2,37,True
65303,1,2,66561,1,2,5,37,True
65312,0,1,2693,0,1,3,3,True
65312,0,2,68477,0,2,3,39,True
65312,1,2,69635,0,2,3,39,True
65329,0,1,38724,0,1,24,32,True
65329,0,2,62439,1,2,24,35,True
65329,1,2,6970,1,2,32,35,True
65330,0,1,45171,0,2,10,31,True
65330,0,2,31397,0,2,10,36,True
65330,1,2,10917,0,1,31,36,True
65339,0,1,50012,0,1,18,19,True
65339,0,2,7239,0,2,18,30,True
65339,1,2,39692,0,1,19,30,True
65340,0,1,54099,-1,2,1,15,False
65340,0,2,458,-1,1,1,34,False
65340,1,2,6315,0,2,15,34,True
65341,0,1,228,0,1,4,4,True
65341,0,2,48865,0,1,4,5,True
65341,1,2,49257,0,1,4,5,True
65348,0,1,32140,0,1,2,9,True
65348,0,2,3338,0,1,2,19,True
65348,1,2,68532,0,1,9,19,True
65352,0,1,21953,1,2,4,21,True
65352,0,2,14620,0,2,4,30,True
65352,1,2,25889,1,2,21,30,True
65372,0,1,71969,0,1,13,22,True
65372,0,2,5765,0,2,13,22,True
65372,1,2,14974,0,1,22,22,True
65375,0,1,57898,0,2,24,38,True
65375,0,2,58462,0,2,24,38,True
65375,1,2,20036,0,2,38,38,True
65383,0,1,4222,1,2,25,26,True
65383,0,2,23877,1,2,25,27,True
65383,1,2,11858,1,2,26,27,True
65385,0,1,40399,0,1,5,21,True
65385,0,2,45086,0,2,5,27,True
65385,1,2,67021,0,2,21,27,True
65387,0,1,47908,0,1,4,14,True
65387,0,2,49988,0,2,4,14,True
65387,1,2,34094,0,1,14,14,True
65391,0,1,72534,0,2,12,13,True
65391,0,2,12460,0,1,12,28,True
65391,1,2,49440,0,1,13,28,True
65402,0,1,23748,0,2,1,11,True
65402,0,2,61031,0,2,1,30,True
65402,1,2,19653,0,2,11,30,True
65409,0,1,64329,0,1,2,24,True
65409,0,2,46724,0,2,2,39,True
65409,1,2,39045,0,1,24,39,True
65417,0,1,50622,0,2,12,18,True
65417,0,2,37053,0,1,12,19,True
65417,1,2,37505,1,2,18,19,True
65421,0,1,33205,1,2,5,14,True
65421,0,2,6903,0,1,5,25,True
65421,1,2,29771,0,2,14,25,True
65433,0,1,47902,0,1,10,11,True
65433,0,2,25501,0,1,10,26,True
65433,1,2,44072,1,2,11,26,True
65446,0,1,41716,0,1,29,34,True
65446,0,2,56863,0,2,29,35,True
65446,1,2,7699,1,2,34,35,True
65454,0,1,54096,0,1,3,9,True
65454,0,2,63426,0,1,3,13,True
65454,1,2,26958,0,1,9,13,True
65467,0,1,62998,0,1,34,34,True
65467,0,2,62998,0,2,34,34,True
65467,1,2,62998,1,2,34,34,True
65468,0,1,62843,0,2,6,13,True
65468,0,2,69063,0,1,6,14,True
65468,1,2,3811,1,2,13,14,True
65472,0,1,5580,0,2,9,10,True
65472,0,2,7435,1,2,9,21,True
65472,1,2,57534,0,1,10,21,True
65480,0,1,27928,1,2,9,9,True
65480,0,2,5215,0,1,9,10,True
65480,1,2,5580,0,1,9,10,True
65517,0,1,72985,0,1,21,21,True
65517,0,2,72985,0,2,21,21,True
65517,1,2,72985,1,2,21,21,True
65518,0,1,70468,0,1,1,4,True
65518,0,2,70954,0,1,1,4,True
65518,1,2,71168,0,1,4,4,True
65519,0,1,56166,0,2,36,37,True
65519,0,2,58717,0,2,36,37,True
65519,1,2,30657,1,2,37,37,True
65532,0,1,61461,0,1,2,12,True
65532,0,2,56606,0,1,2,19,True
65532,1,2,65814,0,1,12,19,True
65536,0,1,20559,0,2,5,27,True
65536,0,2,14842,0,2,5,29,True
65536,1,2,37335,1,2,27,29,True
65553,0,1,14170,-1,0,16,38,False
65553,0,2,42302,-1,2,16,39,False
65553,1,2,28979,1,2,38,39,True
65570,0,1,61840,1,2,24,24,True
65570,0,2,64843,0,2,24,35,True
65570,1,2,65329,0,2,24,35,True
65576,0,1,6803,0,2,29,29,True
65576,0,2,6803,1,2,29,29,True
65576,1,2,6876,1,2,29,29,True
65598,0,1,41731,0,2,5,11,True
65598,0,2,43444,1,2,5,31,True
65598,1,2,5324,0,1,11,31,True
65602,0,1,64634,1,2,12,12,True
65602,0,2,4287,0,1,12,29,True
65602,1,2,5465,0,2,12,29,True
65609,0,1,29511,0,1,4,4,True
65609,0,2,27781,-1,2,4,15,False
65609,1,2,35916,-1,0,4,15,False
65618,0,1,68413,0,2,20,24,True
65618,0,2,6445,1,2,20,38,True
65618,1,2,5629,1,2,24,38,True
65621,0,1,34652,0,2,26,36,True
65621,0,2,34652,1,2,26,36,True
65621,1,2,1515,1,2,36,36,True
65628,0,1,40027,1,2,26,33,True
65628,0,2,41819,0,2,26,33,True
65628,1,2,639,1,2,33,33,True
65629,0,1,33998,0,1,19,19,True
65629,0,2,28895,1,2,19,20,True
65629,1,2,30257,0,1,19,20,True
65647,0,1,4265,1,2,5,8,True
65647,0,2,6938,0,2,5,8,True
65647,1,2,63430,0,2,8,8,True
65652,0,1,21447,0,2,2,24,True
65652,0,2,60824,0,2,2,38,True
65652,1,2,50887,1,2,24,38,True
65653,0,1,41142,1,2,16,30,True
65653,0,2,29878,0,2,16,40,True
65653,1,2,59015,1,2,30,40,True
65665,0,1,4343,0,2,21,25,True
65665,0,2,5558,0,2,21,36,True
65665,1,2,12231,0,2,25,36,True
65674,0,1,38921,0,2,4,33,True
65674,0,2,40977,0,2,4,33,True
65674,1,2,21800,0,1,33,33,True
65676,0,1,28240,1,2,25,30,True
65676,0,2,30474,1,2,25,30,True
65676,1,2,61543,0,1,30,30,True
65680,0,1,72919,0,2,10,10,True
65680,0,2,11367,1,2,10,28,True
65680,1,2,14782,0,1,10,28,True
65684,0,1,40962,1,2,28,33,True
65684,0,2,68194,1,2,28,38,True
65684,1,2,67070,1,2,33,38,True
65690,0,1,9298,1,2,27,27,True
65690,0,2,33336,-1,2,27,34,False
65690,1,2,35100,-1,2,27,34,False
65692,0,1,48083,0,1,26,26,True
65692,0,2,31212,1,2,26,37,True
65692,1,2,32570,1,2,26,37,True
65694,0,1,22767,0,2,13,14,True
65694,0,2,5801,1,2,13,29,True
65694,1,2,27841,0,1,14,29,True
65703,0,1,42121,0,1,15,17,True
65703,0,2,53177,1,2,15,33,True
65703,1,2,35575,1,2,17,33,True
65704,0,1,48083,1,2,26,26,True
65704,0,2,48783,0,1,26,26,True
65704,1,2,49570,1,2,26,26,True
65705,0,1,61820,0,1,19,19,True
65705,0,2,47297,0,2,19,31,True
65705,1,2,50816,0,2,19,31,True
65709,0,1,41225,0,1,7,7,True
65709,0,2,41471,0,1,7,7,True
65709,1,2,42068,0,1,7,7,True
65725,0,1,953,0,1,8,32,True
65725,0,2,44378,0,2,8,33,True
65725,1,2,28902,1,2,32,33,True
65730,0,1,47956,0,2,5,40,True
65730,0,2,55142,0,2,5,40,True
65730,1,2,19804,1,2,40,40,True
65732,0,1,28611,0,1,5,15,True
65732,0,2,38047,0,1,5,16,True
65732,1,2,72417,0,2,15,16,True
65758,0,1,51590,1,2,27,27,True
65758,0,2,51753,1,2,27,27,True
65758,1,2,51913,0,1,27,27,True
65764,0,1,16692,1,2,10,29,True
65764,0,2,7919,0,2,10,32,True
65764,1,2,24607,1,2,29,32,True
65766,0,1,14429,1,2,2,6,True
65766,0,2,37594,0,1,2,12,True
65766,1,2,56502,0,1,6,12,True
65770,0,1,9989,1,2,8,8,True
65770,0,2,9996,0,1,8,8,True
65770,1,2,11369,0,1,8,8,True
65772,0,1,31384,0,1,11,17,True
65772,0,2,49213,0,2,11,24,True
65772,1,2,55579,0,1,17,24,True
65777,0,1,12732,1,2,13,13,True
65777,0,2,18562,0,2,13,22,True
65777,1,2,18562,1,2,13,22,True
65778,0,1,67860,1,2,12,14,True
65778,0,2,71905,1,2,12,35,True
65778,1,2,42184,0,1,14,35,True
65782,0,1,14223,0,2,8,34,True
65782,0,2,11661,1,2,8,35,True
65782,1,2,24923,1,2,34,35,True
65788,0,1,42674,1,2,39,39,True
65788,0,2,52811,1,2,39,40,True
65788,1,2,54272,1,2,39,40,True
65791,0,1,5165,1,2,18,33,True
65791,0,2,61169,0,2,18,40,True
65791,1,2,12209,1,2,33,40,True
65798,0,1,24893,1,2,12,23,True
65798,0,2,71835,0,1,12,33,True
65798,1,2,41852,0,2,23,33,True
65802,0,1,53861,0,2,39,39,True
65802,0,2,53861,1,2,39,39,True
65802,1,2,53976,1,2,39,39,True
65803,0,1,66847,0,2,4,17,True
65803,0,2,22352,0,2,4,18,True
65803,1,2,72710,0,1,17,18,True
65813,0,1,51933,0,1,14,14,True
65813,0,2,52060,0,1,14,14,True
65813,1,2,52060,0,2,14,14,True
65814,0,1,34014,0,1,12,19,True
65814,0,2,72620,1,2,12,26,True
65814,1,2,11788,0,1,19,26,True
65842,0,1,34144,0,2,13,13,True
65842,0,2,15093,0,2,13,18,True
65842,1,2,15093,1,2,13,18,True
65845,0,1,5465,0,1,12,23,True
65845,0,2,19148,0,2,12,33,True
65845,1,2,19384,1,2,23,33,True
65854,0,1,71029,1,2,19,25,True
65854,0,2,71734,1,2,19,26,True
65854,1,2,266,1,2,25,26,True
65871,0,1,69347,0,2,14,14,True
65871,0,2,69347,1,2,14,14,True
65871,1,2,70035,0,1,14,14,True
65878,0,1,48376,0,1,22,23,True
65878,0,2,5790,0,2,22,33,True
65878,1,2,31503,-1,2,23,33,False
65896,0,1,26089,0,1,19,35,True
65896,0,2,26089,0,2,19,35,True
65896,1,2,12143,1,2,35,35,True
65914,0,1,61060,1,2,7,27,True
65914,0,2,68044,1,2,7,27,True
65914,1,2,3959,1,2,27,27,True
65918,0,1,58702,1,2,11,11,True
65918,0,2,7000,0,2,11,40,True
65918,1,2,7000,1,2,11,40,True
65936,0,1,67082,0,1,20,20,True
65936,0,2,67082,0,2,20,20,True
65936,1,2,67082,1,2,20,20,True
65962,0,1,50487,0,1,20,21,True
65962,0,2,63671,0,2,20,31,True
65962,1,2,50856,1,2,21,31,True
65966,0,1,23595,0,2,13,23,True
65966,0,2,22573,0,2,13,26,True
65966,1,2,4950,1,2,23,26,True
65967,0,1,36612,0,1,9,31,True
65967,0,2,36612,0,2,9,31,True
65967,1,2,72082,0,1,31,31,True
65971,0,1,50553,0,2,10,11,True
65971,0,2,31127,0,1,10,21,True
65971,1,2,55029,1,2,11,21,True
65972,0,1,21537,1,2,1,1,True
65972,0,2,22057,0,1,1,1,True
65972,1,2,23641,0,1,1,1,True
65984,0,1,32429,1,2,27,34,True
65984,0,2,44269,1,2,27,38,True
65984,1,2,24149,0,1,34,38,True
65993,0,1,58641,0,2,10,29,True
65993,0,2,43162,1,2,10,34,True
65993,1,2,46898,0,2,29,34,True
65997,0,1,36990,0,1,22,29,True
65997,0,2,28701,1,2,22,30,True
65997,1,2,72049,0,1,29,30,True
65999,0,1,59112,1,2,2,10,True
65999,0,2,59734,1,2,2,10,True
65999,1,2,60547,1,2,10,10,True
66009,0,1,52025,0,1,4,4,True
66009,0,2,27279,0,2,4,30,True
66009,1,2,27279,1,2,4,30,True
66035,0,1,26701,0,1,23,36,True
66035,0,2,26701,0,2,23,36,True
66035,1,2,32063,1,2,36,36,True
66043,0,1,31332,1,2,37,38,True
66043,0,2,32084,0,1,37,38,True
66043,1,2,68896,1,2,38,38,True
66046,0,1,19435,0,2,14,38,True
66046,0,2,23114,1,2,14,38,True
66046,1,2,69590,0,2,38,38,True
66053,0,1,12655,0,1,8,13,True
66053,0,2,44965,0,1,8,14,True
66053,1,2,1443,0,1,13,14,True
66058,0,1,29903,0,2,11,11,True
66058,0,2,29903,1,2,11,11,True
66058,1,2,39288,0,1,11,11,True
66075,0,1,3986,1,2,21,21,True
66075,0,2,16691,0,2,21,22,True
66075,1,2,16691,1,2,21,22,True
66083,0,1,25863,0,2,16,21,True
66083,0,2,39999,0,2,16,32,True
66083,1,2,47791,1,2,21,32,True
66087,0,1,37920,0,2,25,26,True
66087,0,2,37941,0,1,25,26,True
66087,1,2,70230,0,1,26,26,True
66102,0,1,22214,0,2,3,4,True
66102,0,2,22214,1,2,3,4,True
66102,1,2,13808,0,1,4,4,True
66110,0,1,62316,1,2,15,16,True
66110,0,2,62393,0,1,15,16,True
66110,1,2,68359,1,2,16,16,True
66113,0,1,68729,1,2,16,16,True
66113,0,2,52055,1,2,16,40,True
66113,1,2,55209,0,2,16,40,True
66119,0,1,14841,1,2,26,26,True
66119,0,2,552,0,2,26,29,True
66119,1,2,552,1,2,26,29,True
66127,0,1,35605,0,2,5,5,True
66127,0,2,4988,0,2,5,34,True
66127,1,2,5053,0,2,5,34,True
66135,0,1,40673,0,2,9,9,True
66135,0,2,40673,1,2,9,9,True
66135,1,2,41363,0,1,9,9,True
66138,0,1,69507,0,1,2,10,True
66138,0,2,30474,0,1,2,25,True
66138,1,2,37324,0,1,10,25,True
66175,0,1,21715,0,2,3,22,True
66175,0,2,23375,0,2,3,32,True
66175,1,2,40015,0,1,22,32,True
66185,0,1,68402,0,1,6,9,True
66185,0,2,27014,0,2,6,30,True
66185,1,2,4033,0,2,9,30,True
66189,0,1,71822,0,2,13,23,True
66189,0,2,71822,1,2,13,23,True
66189,1,2,72395,1,2,23,23,True
66195,0,1,71798,1,2,5,25,True
66195,0,2,19128,0,1,5,35,True
66195,1,2,17333,0,1,25,35,True
66206,0,1,33333,0,1,9,23,True
66206,0,2,19335,1,2,9,30,True
66206,1,2,48171,0,2,23,30,True
66209,0,1,17605,0,2,18,39,True
66209,0,2,13842,1,2,18,39,True
66209,1,2,18159,1,2,39,39,True
66217,0,1,3819,1,2,9,25,True
66217,0,2,17668,1,2,9,25,True
66217,1,2,72750,0,1,25,25,True
66226,0,1,4693,0,2,8,21,True
66226,0,2,54166,0,1,8,22,True
66226,1,2,22373,0,2,21,22,True
66242,0,1,43105,1,2,35,35,True
66242,0,2,43457,1,2,35,35,True
66242,1,2,43637,1,2,35,35,True
66243,0,1,24943,0,1,7,8,True
66243,0,2,52663,0,2,7,13,True
66243,1,2,64769,0,2,8,13,True
66252,0,1,36327,0,1,7,18,True
66252,0,2,58713,0,2,7,32,True
66252,1,2,14449,0,2,18,32,True
66266,0,1,22057,1,2,1,35,True
66266,0,2,47425,0,2,1,36,True
66266,1,2,20988,0,2,35,36,True
66269,0,1,69085,1,2,25,25,True
66269,0,2,19471,0,1,25,25,True
66269,1,2,19471,0,2,25,25,True
66287,0,1,38936,1,2,1,4,True
66287,0,2,15536,0,1,1,16,True
66287,1,2,66941,0,2,4,16,True
66289,0,1,14858,0,1,7,7,True
66289,0,2,68212,0,2,7,28,True
66289,1,2,2437,0,2,7,28,True
66291,0,1,72293,0,1,9,9,True
66291,0,2,43095,0,2,9,36,True
66291,1,2,43095,1,2,9,36,True
66298,0,1,34456,0,1,7,21,True
66298,0,2,29024,0,1,7,24,True
66298,1,2,1667,0,2,21,24,True
66303,0,1,6607,0,1,2,2,True
66303,0,2,3982,0,2,2,25,True
66303,1,2,6555,0,2,2,25,True
66310,0,1,48513,1,2,27,27,True
66310,0,2,50415,1,2,27,35,True
66310,1,2,51580,0,2,27,35,True
66314,0,1,49429,0,1,11,22,True
66314,0,2,49351,1,2,11,23,True
66314,1,2,51137,0,2,22,23,True
66315,0,1,9255,0,1,1,33,True
66315,0,2,9255,0,2,1,33,True
66315,1,2,25988,1,2,33,33,True
66316,0,1,48795,0,1,13,13,True
66316,0,2,48795,0,2,13,13,True
66316,1,2,48795,1,2,13,13,True
66327,0,1,45193,0,1,8,16,True
66327,0,2,44590,0,2,8,19,True
66327,1,2,71708,0,2,16,19,True
66328,0,1,49242,1,2,39,39,True
66328,0,2,49375,0,1,39,39,True
66328,1,2,49375,0,2,39,39,True
66329,0,1,1339,0,2,21,31,True
66329,0,2,1192,1,2,21,32,True
66329,1,2,2882,1,2,31,32,True
66331,0,1,39302,0,1,5,5,True
66331,0,2,45634,0,1,5,6,True
66331,1,2,46847,0,1,5,6,True
66340,0,1,9300,0,1,35,35,True
66340,0,2,9300,0,2,35,35,True
66340,1,2,9300,1,2,35,35,True
66345,0,1,72551,0,2,13,40,True
66345,0,2,8973,1,2,13,40,True
66345,1,2,55477,1,2,40,40,True
66351,0,1,8824,1,2,22,30,True
66351,0,2,42421,0,2,22,33,True
66351,1,2,59473,0,2,30,33,True
66357,0,1,54816,0,2,4,5,True
66357,0,2,56225,0,1,4,24,True
66357,1,2,48380,0,1,5,24,True
66361,0,1,9891,1,2,31,31,True
66361,0,2,10452,0,1,31,31,True
66361,1,2,11676,0,1,31,31,True
66372,0,1,69572,0,1,6,7,True
66372,0,2,69572,0,2,6,7,True
66372,1,2,43812,0,1,7,7,True
66374,0,1,63902,1,2,20,21,True
66374,0,2,64439,1,2,20,21,True
66374,1,2,51675,0,2,21,21,True
66376,0,1,65383,0,2,25,27,True
66376,0,2,67021,1,2,25,27,True
66376,1,2,3959,1,2,27,27,True
66383,0,1,52857,1,2,21,21,True
66383,0,2,1275,0,1,21,30,True
66383,1,2,1275,0,2,21,30,True
66388,0,1,27477,0,2,2,15,True
66388,0,2,28477,0,2,2,32,True
66388,1,2,26536,0,1,15,32,True
66402,0,1,56975,1,2,19,34,True
66402,0,2,5313,1,2,19,36,True
66402,1,2,6430,1,2,34,36,True
66422,0,1,36734,0,1,13,13,True
66422,0,2,69724,0,2,13,27,True
66422,1,2,398,1,2,13,27,True
66423,0,1,2182,0,2,4,23,True
66423,0,2,2182,1,2,4,23,True
66423,1,2,31396,1,2,23,23,True
66429,0,1,27111,1,2,19,19,True
66429,0,2,27144,1,2,19,19,True
66429,1,2,28365,0,1,19,19,True
66437,0,1,69087,1,2,24,32,True
66437,0,2,20545,0,1,24,33,True
66437,1,2,29610,1,2,32,33,True
66438,0,1,62299,1,2,32,33,True
66438,0,2,63105,1,2,32,33,True
66438,1,2,9105,1,2,33,33,True
66480,0,1,45824,0,1,6,27,True
66480,0,2,14987,0,2,6,28,True
66480,1,2,18854,0,2,27,28,True
66485,0,1,22159,1,2,28,29,True
66485,0,2,23688,1,2,28,29,True
66485,1,2,58152,0,1,29,29,True
66508,0,1,41428,0,1,3,13,True
66508,0,2,8774,1,2,3,32,True
66508,1,2,27524,0,2,13,32,True
66512,0,1,9712,1,2,37,37,True
66512,0,2,67708,1,2,37,38,True
66512,1,2,25150,0,2,37,38,True
66516,0,1,58911,1,2,11,33,True
66516,0,2,63383,0,2,11,33,True
66516,1,2,46058,1,2,33,33,True
66518,0,1,2992,1,2,35,35,True
66518,0,2,4037,1,2,35,35,True
66518,1,2,4600,0,1,35,35,True
66520,0,1,56487,0,1,13,14,True
66520,0,2,37457,0,1,13,22,True
66520,1,2,41578,0,1,14,22,True
66525,0,1,8888,1,2,19,19,True
66525,0,2,31377,1,2,19,30,True
66525,1,2,33277,1,2,19,30,True
66538,0,1,53684,0,1,14,14,True
66538,0,2,18979,1,2,14,36,True
66538,1,2,30181,0,2,14,36,True
66540,0,1,31445,0,2,26,31,True
66540,0,2,46602,1,2,26,39,True
66540,1,2,22528,0,2,31,39,True
66559,0,1,54336,0,2,6,6,True
66559,0,2,39756,0,1,6,7,True
66559,1,2,39756,0,2,6,7,True
66560,0,1,37143,1,2,21,26,True
66560,0,2,37243,0,1,21,26,True
66560,1,2,62423,0,1,26,26,True
66561,0,1,52869,1,2,5,5,True
66561,0,2,7705,0,2,5,37,True
66561,1,2,8150,0,2,5,37,True
66572,0,1,22430,0,2,18,18,True
66572,0,2,67950,0,1,18,25,True
66572,1,2,69698,0,1,18,25,True
66579,0,1,36009,1,2,12,12,True
66579,0,2,61478,0,2,12,17,True
66579,1,2,62975,0,2,12,17,True
66583,0,1,43905,1,2,17,36,True
66583,0,2,70949,0,2,17,37,True
66583,1,2,31320,1,2,36,37,True
66588,0,1,19104,0,1,9,23,True
66588,0,2,44058,0,2,9,24,True
66588,1,2,68303,1,2,23,24,True
66608,0,1,2668,1,2,10,12,True
66608,0,2,47092,0,1,10,24,True
66608,1,2,67375,0,2,12,24,True
66609,0,1,22168,1,2,10,10,True
66609,0,2,45802,0,1,10,17,True
66609,1,2,45959,0,1,10,17,True
66642,0,1,60981,0,1,6,28,True
66642,0,2,55990,0,2,6,38,True
66642,1,2,27961,0,2,28,38,True
66644,0,1,34200,1,2,10,10,True
66644,0,2,56892,0,2,10,40,True
66644,1,2,59854,0,2,10,40,True
66669,0,1,33201,1,2,28,33,True
66669,0,2,52549,0,2,28,36,True
66669,1,2,42309,1,2,33,36,True
66673,0,1,1500,0,2,25,25,True
66673,0,2,1500,1,2,25,25,True
66673,1,2,3012,0,1,25,25,True
66685,0,1,40001,0,1,20,21,True
66685,0,2,34195,1,2,20,37,True
66685,1,2,40001,1,2,21,37,True
66689,0,1,61148,0,2,9,14,True
66689,0,2,269,0,1,9,14,True
66689,1,2,37511,0,2,14,14,True
66691,0,1,35803,0,1,1,1,True
66691,0,2,35852,0,1,1,1,True
66691,1,2,37015,0,1,1,1,True
66694,0,1,6332,0,1,23,28,True
66694,0,2,11264,0,2,23,36,True
66694,1,2,29454,0,2,28,36,True
66697,0,1,26861,0,1,9,9,True
66697,0,2,43196,0,2,9,20,True
66697,1,2,43196,1,2,9,20,True
66699,0,1,47155,0,2,11,24,True
66699,0,2,25873,0,1,11,38,True
66699,1,2,5629,1,2,24,38,True
66707,0,1,37789,0,1,2,20,True
66707,0,2,43537,0,2,2,20,True
66707,1,2,34193,0,1,20,20,True
66711,0,1,54202,0,2,28,33,True
66711,0,2,9570,0,2,28,37,True
66711,1,2,43634,1,2,33,37,True
66715,0,1,69752,0,1,2,27,True
66715,0,2,62916,0,2,2,36,True
66715,1,2,56944,0,2,27,36,True
66716,0,1,20843,1,2,25,25,True
66716,0,2,36305,0,1,25,31,True
66716,1,2,36305,0,2,25,31,True
66717,0,1,59015,1,2,30,40,True
66717,0,2,60769,1,2,30,40,True
66717,1,2,60866,1,2,40,40,True
66733,0,1,23358,0,2,1,28,True
66733,0,2,66266,0,1,1,35,True
66733,1,2,55370,1,2,28,35,True
66736,0,1,62354,1,2,8,11,True
66736,0,2,67755,0,2,8,11,True
66736,1,2,12234,0,1,11,11,True
66737,0,1,6803,0,1,29,29,True
66737,0,2,6803,0,2,29,29,True
66737,1,2,6803,1,2,29,29,True
66738,0,1,27809,1,2,18,24,True
66738,0,2,38176,1,2,18,36,True
66738,1,2,61337,1,2,24,36,True
66747,0,1,5202,0,2,21,26,True
66747,0,2,49905,0,2,21,36,True
66747,1,2,37178,0,2,26,36,True
66748,0,1,14036,0,2,14,31,True
66748,0,2,51433,1,2,14,40,True
66748,1,2,63662,1,2,31,40,True
66762,0,1,52220,0,1,14,27,True
66762,0,2,45793,1,2,14,33,True
66762,1,2,69959,1,2,27,33,True
66765,0,1,55738,0,2,1,31,True
66765,0,2,55065,0,2,1,33,True
66765,1,2,825,1,2,31,33,True
66767,0,1,46656,1,2,17,40,True
66767,0,2,51531,0,2,17,40,True
66767,1,2,7079,1,2,40,40,True
66770,0,1,3808,0,1,11,25,True
66770,0,2,32306,1,2,11,34,True
66770,1,2,19069,0,2,25,34,True
66776,0,1,39454,0,2,4,29,True
66776,0,2,57578,0,1,4,36,True
66776,1,2,64282,1,2,29,36,True
66778,0,1,63194,0,1,2,34,True
66778,0,2,63248,0,2,2,34,True
66778,1,2,4313,0,1,34,34,True
66787,0,1,36342,0,1,36,36,True
66787,0,2,36342,0,2,36,36,True
66787,1,2,36342,1,2,36,36,True
66794,0,1,35314,0,1,11,11,True
66794,0,2,61565,0,1,11,12,True
66794,1,2,61831,0,1,11,12,True
66806,0,1,62996,0,2,22,22,True
66806,0,2,22237,1,2,22,35,True
66806,1,2,23006,0,1,22,35,True
66807,0,1,68040,0,1,2,2,True
66807,0,2,39322,0,2,2,26,True
66807,1,2,39322,1,2,2,26,True
66809,0,1,26900,0,2,5,36,True
66809,0,2,61498,0,2,5,40,True
66809,1,2,46001,1,2,36,40,True
66810,0,1,17279,1,2,6,6,True
66810,0,2,47228,0,2,6,11,True
66810,1,2,47228,1,2,6,11,True
66811,0,1,57497,0,1,3,8,True
66811,0,2,47475,0,1,3,9,True
66811,1,2,24653,0,2,8,9,True
66831,0,1,54558,1,2,16,16,True
66831,0,2,42997,0,1,16,24,True
66831,1,2,44809,1,2,16,24,True
66832,0,1,7518,1,2,36,36,True
66832,0,2,22660,0,2,36,37,True
66832,1,2,22660,1,2,36,37,True
66838,0,1,17265,1,2,3,3,True
66838,0,2,47239,0,1,3,12,True
66838,1,2,55172,0,2,3,12,True
66847,0,1,5884,0,2,4,5,True
66847,0,2,69704,0,2,4,17,True
66847,1,2,23443,1,2,5,17,True
66866,0,1,18098,0,1,31,31,True
66866,0,2,30844,1,2,31,38,True
66866,1,2,31041,1,2,31,38,True
66875,0,1,68553,1,2,30,30,True
66875,0,2,20520,0,1,30,31,True
66875,1,2,20520,0,2,30,31,True
66877,0,1,43807,0,1,12,24,True
66877,0,2,54194,0,2,12,27,True
66877,1,2,57898,0,1,24,27,True
66880,0,1,57228,0,2,16,32,True
66880,0,2,57289,0,2,16,32,True
66880,1,2,36220,1,2,32,32,True
66899,0,1,68040,0,1,2,2,True
66899,0,2,68537,1,2,2,2,True
66899,1,2,70187,0,1,2,2,True
66905,0,1,16288,0,2,7,31,True
66905,0,2,58300,0,2,7,34,True
66905,1,2,10452,1,2,31,34,True
66906,0,1,53406,1,2,14,14,True
66906,0,2,53684,1,2,14,39,True
66906,1,2,55831,1,2,14,39,True
66914,0,1,60547,0,1,9,10,True
66914,0,2,55624,0,1,9,27,True
66914,1,2,51630,1,2,10,27,True
66928,0,1,31201,0,2,17,29,True
66928,0,2,31201,1,2,17,29,True
66928,1,2,35419,0,1,29,29,True
66941,0,1,69704,0,1,4,16,True
66941,0,2,2272,1,2,4,16,True
66941,1,2,31497,1,2,16,16,True
66945,0,1,27111,1,2,19,19,True
66945,0,2,26684,1,2,19,27,True
66945,1,2,34817,0,1,19,27,True
66957,0,1,52344,0,1,6,12,True
66957,0,2,63361,1,2,6,21,True
66957,1,2,5661,0,1,12,21,True
66960,0,1,28951,0,2,11,32,True
66960,0,2,53177,0,2,11,33,True
66960,1,2,24252,1,2,32,33,True
67021,0,1,42904,1,2,21,25,True
67021,0,2,48228,0,1,21,27,True
67021,1,2,45430,1,2,25,27,True
67026,0,1,59662,0,2,26,35,True
67026,0,2,65621,0,2,26,36,True
67026,1,2,32134,0,1,35,36,True
67034,0,1,5558,0,1,21,23,True
67034,0,2,41082,0,2,21,26,True
67034,1,2,15267,0,1,23,26,True
67035,0,1,66345,1,2,40,40,True
67035,0,2,66717,1,2,40,40,True
67035,1,2,66767,1,2,40,40,True
67046,0,1,54995,0,2,5,24,True
67046,0,2,18099,0,1,5,32,True
67046,1,2,18365,1,2,24,32,True
67048,0,1,11486,0,1,12,12,True
67048,0,2,2422,1,2,12,31,True
67048,1,2,3033,0,2,12,31,True
67062,0,1,72530,0,1,5,5,True
67062,0,2,72530,0,2,5,5,True
67062,1,2,72530,1,2,5,5,True
67070,0,1,56727,0,2,5,33,True
67070,0,2,34970,0,2,5,38,True
67070,1,2,65684,1,2,33,38,True
67073,0,1,55939,1,2,38,38,True
67073,0,2,56111,0,1,38,38,True
67073,1,2,56141,1,2,38,38,True
67076,0,1,64926,0,2,10,20,True
67076,0,2,62647,1,2,10,30,True
67076,1,2,65024,1,2,20,30,True
67078,0,1,70631,0,1,24,33,True
67078,0,2,70631,0,2,24,33,True
67078,1,2,16588,1,2,33,33,True
67082,0,1,61049,1,2,20,20,True
67082,0,2,61059,1,2,20,20,True
67082,1,2,61239,1,2,20,20,True
67090,0,1,43824,0,1,3,3,True
67090,0,2,37675,0,1,3,29,True
67090,1,2,47475,0,2,3,29,True
67098,0,1,65076,0,1,16,16,True
67098,0,2,65076,0,2,16,16,True
67098,1,2,65076,1,2,16,16,True
67099,0,1,63806,0,1,1,1,True
67099,0,2,63814,0,1,1,1,True
67099,1,2,64919,0,1,1,1,True
67103,0,1,62916,0,1,2,19,True
67103,0,2,31655,0,2,2,35,True
67103,1,2,50703,0,2,19,35,True
67108,0,1,60917,0,1,24,33,True
67108,0,2,29004,0,2,24,36,True
67108,1,2,39939,0,1,33,36,True
67111,0,1,56990,0,2,14,14,True
67111,0,2,56990,1,2,14,14,True
67111,1,2,57814,0,1,14,14,True
67142,0,1,18590,0,2,1,40,True
67142,0,2,19010,0,2,1,40,True
67142,1,2,15176,1,2,40,40,True
67146,0,1,3432,0,2,21,21,True
67146,0,2,3432,1,2,21,21,True
67146,1,2,3613,0,1,21,21,True
67148,0,1,27810,1,2,8,22,True
67148,0,2,35190,1,2,8,22,True
67148,1,2,71063,0,1,22,22,True
67155,0,1,35978,1,2,24,24,True
67155,0,2,36120,0,1,24,24,True
67155,1,2,36125,1,2,24,24,True
67167,0,1,330,0,2,15,33,True
67167,0,2,3943,0,2,15,33,True
67167,1,2,61796,1,2,33,33,True
67181,0,1,14629,1,2,19,22,True
67181,0,2,67919,0,1,19,23,True
67181,1,2,21661,1,2,22,23,True
67191,0,1,30538,0,1,2,3,True
67191,0,2,31625,0,2,2,3,True
67191,1,2,15254,0,2,3,3,True
67208,0,1,58475,0,1,26,26,True
67208,0,2,31350,0,1,26,27,True
67208,1,2,31707,0,1,26,27,True
67232,0,1,50905,0,2,17,25,True
67232,0,2,56951,0,1,17,28,True
67232,1,2,16782,0,1,25,28,True
67244,0,1,49896,0,1,6,18,True
67244,0,2,25242,0,2,6,30,True
67244,1,2,56950,0,2,18,30,True
67261,0,1,458,0,2,33,37,True
67261,0,2,458,0,2,33,37,True
67261,1,2,68193,1,2,37,37,True
67268,0,1,24220,1,2,20,20,True
67268,0,2,30770,0,2,20,39,True
67268,1,2,33023,0,1,20,39,True
67276,0,1,35530,0,1,21,22,True
67276,0,2,38150,0,1,21,33,True
67276,1,2,72255,0,1,22,33,True
67281,0,1,50739,0,1,13,13,True
67281,0,2,13298,0,1,13,27,True
67281,1,2,24306,1,2,13,27,True
67300,0,1,68802,0,1,6,6,True
67300,0,2,5649,0,1,6,29,True
67300,1,2,6253,0,2,6,29,True
67314,0,1,43469,0,1,7,7,True
67314,0,2,43559,0,1,7,7,True
67314,1,2,43559,0,2,7,7,True
67318,0,1,65454,0,1,3,9,True
67318,0,2,66175,0,1,3,22,True
67318,1,2,55425,0,2,9,22,True
67333,0,1,48069,0,2,11,15,True
67333,0,2,25429,0,1,11,28,True
67333,1,2,5360,1,2,15,28,True
67343,0,1,56956,0,1,8,8,True
67343,0,2,953,0,1,8,32,True
67343,1,2,953,0,2,8,32,True
67353,0,1,9347,0,2,4,32,True
67353,0,2,65674,0,1,4,33,True
67353,1,2,57282,1,2,32,33,True
67355,0,1,8625,0,2,17,21,True
67355,0,2,12168,0,1,17,29,True
67355,1,2,45768,0,2,21,29,True
67361,0,1,58252,1,2,26,26,True
67361,0,2,68173,1,2,26,26,True
67361,1,2,71624,1,2,26,26,True
67375,0,1,35594,0,2,12,13,True
67375,0,2,32541,1,2,12,24,True
67375,1,2,3920,1,2,13,24,True
67383,0,1,39418,0,1,1,3,True
67383,0,2,39789,0,1,1,3,True
67383,1,2,16087,1,2,3,3,True
67388,0,1,110,0,2,12,31,True
67388,0,2,2422,1,2,12,31,True
67388,1,2,55383,1,2,31,31,True
67405,0,1,63098,0,1,30,30,True
67405,0,2,63292,1,2,30,34,True
67405,1,2,64551,0,2,30,34,True
67412,0,1,21670,0,2,17,28,True
67412,0,2,69288,0,2,17,39,True
67412,1,2,11620,0,2,28,39,True
67419,0,1,5146,0,1,18,18,True
67419,0,2,35879,0,2,18,21,True
67419,1,2,35879,1,2,18,21,True
67423,0,1,43444,1,2,5,31,True
67423,0,2,49535,0,2,5,36,True
67423,1,2,49958,1,2,31,36,True
67424,0,1,69363,0,2,34,34,True
67424,0,2,69363,1,2,34,34,True
67424,1,2,69888,1,2,34,34,True
67428,0,1,30375,0,2,33,36,True
67428,0,2,29785,1,2,33,38,True
67428,1,2,43179,1,2,36,38,True
67444,0,1,48655,-1,0,1,8,False
67444,0,2,48655,-1,1,1,8,False
67444,1,2,17987,0,1,8,8,True
67455,0,1,48729,0,1,6,22,True
67455,0,2,36918,0,2,6,23,True
67455,1,2,25053,0,1,22,23,True
67463,0,1,68234,1,2,17,19,True
67463,0,2,12329,0,1,17,40,True
67463,1,2,37472,0,1,19,40,True
67485,0,1,8358,0,1,3,8,True
67485,0,2,33012,0,2,3,34,True
67485,1,2,65782,0,1,8,34,True
67508,0,1,35535,0,2,5,39,True
67508,0,2,7638,0,2,5,40,True
67508,1,2,38401,1,2,39,40,True
67521,0,1,33412,1,2,4,27,True
67521,0,2,62528,0,2,4,32,True
67521,1,2,31460,1,2,27,32,True
67525,0,1,24929,1,2,18,28,True
67525,0,2,4543,0,1,18,35,True
67525,1,2,2876,1,2,28,35,True
67531,0,1,20596,1,2,15,36,True
67531,0,2,22133,0,2,15,36,True
67531,1,2,18239,1,2,36,36,True
67533,0,1,67819,0,2,1,15,True
67533,0,2,71317,0,2,1,15,True
67533,1,2,69560,0,1,15,15,True
67534,0,1,48413,0,1,5,9,True
67534,0,2,21325,0,2,5,26,True
67534,1,2,56415,0,2,9,26,True
67553,0,1,37709,0,1,16,22,True
67553,0,2,1632,0,1,16,29,True
67553,1,2,1604,1,2,22,29,True
67557,0,1,65329,1,2,32,35,True
67557,0,2,3011,1,2,32,36,True
67557,1,2,67026,1,2,35,36,True
67566,0,1,41440,1,2,17,17,True
67566,0,2,71006,1,2,17,23,True
67566,1,2,1162,0,2,17,23,True
67568,0,1,71317,0,2,1,15,True
67568,0,2,19985,0,1,1,18,True
67568,1,2,22133,0,1,15,18,True
67573,0,1,70468,0,1,1,4,True
67573,0,2,62949,0,1,1,5,True
67573,1,2,33532,0,1,4,5,True
67576,0,1,34289,1,2,19,19,True
67576,0,2,34381,0,1,19,19,True
67576,1,2,34827,0,1,19,19,True
67599,0,1,49413,0,1,3,4,True
67599,0,2,49575,0,1,3,4,True
67599,1,2,34644,0,1,4,4,True
67609,0,1,44136,1,2,18,18,True
67609,0,2,44355,1,2,18,18,True
67609,1,2,44544,0,1,18,18,True
67611,0,1,44544,0,1,18,18,True
67611,0,2,44649,0,1,18,18,True
67611,1,2,44649,0,2,18,18,True
67620,0,1,16830,1,2,18,18,True
67620,0,2,59882,1,2,18,35,True
67620,1,2,67525,0,2,18,35,True
67631,0,1,35815,0,1,10,28,True
67631,0,2,7159,0,2,10,29,True
67631,1,2,10995,1,2,28,29,True
67638,0,1,19615,0,1,2,2,True
67638,0,2,19989,0,1,2,2,True
67638,1,2,20249,0,1,2,2,True
67649,0,1,22293,0,1,20,34,True
67649,0,2,811,1,2,20,35,True
67649,1,2,45006,1,2,34,35,True
67661,0,1,24596,0,2,11,27,True
67661,0,2,31000,1,2,11,35,True
67661,1,2,29267,1,2,27,35,True
67671,0,1,32945,0,2,4,26,True
67671,0,2,35343,0,2,4,26,True
67671,1,2,51021,1,2,26,26,True
67673,0,1,44422,1,2,14,15,True
67673,0,2,356,0,1,14,15,True
67673,1,2,27781,0,2,15,15,True
67691,0,1,21071,0,2,7,14,True
67691,0,2,60322,0,2,7,21,True
67691,1,2,37621,1,2,14,21,True
67700,0,1,36612,0,1,9,31,True
67700,0,2,32440,0,2,9,32,True
67700,1,2,54143,0,1,31,32,True
67705,0,1,61060,0,1,6,7,True
67705,0,2,45915,0,1,6,24,True
67705,1,2,46807,0,2,7,24,True
67708,0,1,458,1,2,34,37,True
67708,0,2,39986,-1,1,34,38,False
67708,1,2,66512,0,2,37,38,True
67713,0,1,67553,0,1,16,22,True
67713,0,2,70453,1,2,16,22,True
67713,1,2,29043,1,2,22,22,True
67720,0,1,56625,0,2,18,18,True
67720,0,2,35323,0,1,18,32,True
67720,1,2,39999,1,2,18,32,True
67721,0,1,40789,0,1,11,11,True
67721,0,2,49924,0,2,11,27,True
67721,1,2,49924,1,2,11,27,True
67725,0,1,6696,0,1,15,20,True
67725,0,2,20383,1,2,15,20,True
67725,1,2,47121,1,2,20,20,True
67730,0,1,19572,0,2,29,38,True
67730,0,2,23982,1,2,29,39,True
67730,1,2,42756,1,2,38,39,True
67735,0,1,30865,1,2,36,36,True
67735,0,2,31262,0,2,36,37,True
67735,1,2,31320,1,2,36,37,True
67740,0,1,50707,0,1,11,11,True
67740,0,2,31252,0,2,11,26,True
67740,1,2,33612,0,1,11,26,True
67741,0,1,62342,1,2,23,35,True
67741,0,2,32556,0,2,23,39,True
67741,1,2,70993,0,2,35,39,True
67743,0,1,60154,0,1,5,15,True
67743,0,2,71179,0,2,5,28,True
67743,1,2,11478,0,2,15,28,True
67755,0,1,40611,0,1,8,10,True
67755,0,2,52339,0,1,8,11,True
67755,1,2,20292,0,1,10,11,True
67762,0,1,44087,0,1,8,15,True
67762,0,2,45073,0,2,8,15,True
67762,1,2,24067,0,1,15,15,True
67775,0,1,71502,0,1,7,8,True
67775,0,2,10269,0,2,7,16,True
67775,1,2,17658,1,2,8,16,True
67779,0,1,46226,0,1,4,4,True
67779,0,2,46226,0,2,4,4,True
67779,1,2,46226,1,2,4,4,True
67792,0,1,33520,1,2,29,29,True
67792,0,2,34668,1,2,29,29,True
67792,1,2,35419,0,1,29,29,True
67796,0,1,60547,0,1,9,10,True
67796,0,2,28510,0,1,9,27,True
67796,1,2,51630,1,2,10,27,True
67803,0,1,5313,0,1,3,19,True
67803,0,2,69732,0,2,3,23,True
67803,1,2,67181,0,2,19,23,True
67808,0,1,19144,0,2,1,26,True
67808,0,2,25788,0,1,1,26,True
67808,1,2,36739,1,2,26,26,True
67819,0,1,13738,0,2,1,15,True
67819,0,2,14475,0,1,1,15,True
67819,1,2,44265,1,2,15,15,True
67821,0,1,24762,1,2,33,34,True
67821,0,2,26736,0,2,33,34,True
67821,1,2,66778,1,2,34,34,True
67831,0,1,69288,1,2,39,39,True
67831,0,2,69877,1,2,39,39,True
67831,1,2,69967,0,1,39,39,True
67834,0,1,19411,0,1,27,30,True
67834,0,2,39640,0,1,27,31,True
67834,1,2,57997,0,1,30,31,True
67860,0,1,65766,1,2,6,12,True
67860,0,2,6626,1,2,6,14,True
67860,1,2,38875,1,2,12,14,True
67862,0,1,54661,1,2,27,27,True
67862,0,2,53323,1,2,27,31,True
67862,1,2,57183,0,2,27,31,True
67875,0,1,19425,1,2,19,19,True
67875,0,2,41935,0,2,19,20,True
67875,1,2,41935,1,2,19,20,True
67876,0,1,5095,1,2,29,29,True
67876,0,2,11616,1,2,29,30,True
67876,1,2,11718,0,1,29,30,True
67880,0,1,11094,1,2,28,29,True
67880,0,2,11205,1,2,28,29,True
67880,1,2,6978,0,2,29,29,True
67893,0,1,18894,1,2,28,29,True
67893,0,2,19248,0,1,28,29,True
67893,1,2,19233,0,2,29,29,True
67898,0,1,14979,0,2,17,20,True
67898,0,2,16180,0,1,17,20,True
67898,1,2,38609,0,2,20,20,True
67899,0,1,25374,1,2,34,35,True
67899,0,2,30139,0,2,34,35,True
67899,1,2,58977,1,2,35,35,True
67908,0,1,10868,0,1,4,4,True
67908,0,2,45734,0,1,4,13,True
67908,1,2,53084,0,1,4,13,True
67919,0,1,70283,0,1,19,23,True
67919,0,2,88,1,2,19,25,True
67919,1,2,826,0,2,23,25,True
67921,0,1,38997,0,2,38,38,True
67921,0,2,38997,1,2,38,38,True
67921,1,2,39378,1,2,38,38,True
67923,0,1,48937,0,1,22,22,True
67923,0,2,12624,0,2,22,27,True
67923,1,2,38338,0,2,22,27,True
67950,0,1,41052,0,2,18,25,True
67950,0,2,33945,0,2,18,35,True
67950,1,2,54211,1,2,25,35,True
67952,0,1,28147,0,2,12,12,True
67952,0,2,61554,0,2,12,39,True
67952,1,2,61948,0,1,12,39,True
67958,0,1,66540,0,1,26,31,True
67958,0,2,38834,0,1,26,33,True
67958,1,2,58740,0,1,31,33,True
67977,0,1,27481,0,1,18,19,True
67977,0,2,31938,0,1,18,19,True
67977,1,2,59904,0,2,19,19,True
67983,0,1,49958,0,2,27,36,True
67983,0,2,56944,0,1,27,36,True
67983,1,2,64878,0,1,36,36,True
68007,0,1,50656,0,2,2,21,True
68007,0,2,65652,0,2,2,38,True
68007,1,2,70364,0,2,21,38,True
68008,0,1,27995,1,2,22,33,True
68008,0,2,42131,1,2,22,36,True
68008,1,2,39939,0,1,33,36,True
68013,0,1,57342,0,1,2,29,True
68013,0,2,65303,0,2,2,37,True
68013,1,2,33765,1,2,29,37,True
68016,0,1,70794,1,2,19,19,True
68016,0,2,12742,1,2,19,24,True
68016,1,2,15538,0,2,19,24,True
68029,0,1,26463,0,1,17,17,True
68029,0,2,22480,0,2,17,39,True
68029,1,2,23169,1,2,17,39,True
68033,0,1,57550,0,1,10,17,True
68033,0,2,2361,1,2,10,25,True
68033,1,2,61885,0,1,17,25,True
68040,0,1,5305,0,1,2,2,True
68040,0,2,10117,0,1,2,7,True
68040,1,2,17864,0,1,2,7,True
68042,0,1,12948,0,2,25,28,True
68042,0,2,15652,1,2,25,38,True
68042,1,2,23028,0,2,28,38,True
68044,0,1,22209,0,1,6,7,True
68044,0,2,35590,0,2,6,27,True
68044,1,2,43606,0,1,7,27,True
68058,0,1,1556,0,2,5,12,True
68058,0,2,7608,0,2,5,36,True
68058,1,2,29492,0,2,12,36,True
68099,0,1,70954,0,2,1,5,True
68099,0,2,2884,0,2,1,33,True
68099,1,2,30026,0,2,5,33,True
68102,0,1,15227,0,1,2,14,True
68102,0,2,15227,0,2,2,14,True
68102,1,2,10589,0,2,14,14,True
68121,0,1,53445,-1,1,2,13,False
68121,0,2,15274,-1,1,2,22,False
68121,1,2,15438,-1,1,13,22,False
68122,0,1,45300,0,1,7,7,True
68122,0,2,46217,1,2,7,7,True
68122,1,2,46417,1,2,7,7,True
68127,0,1,27648,1,2,30,36,True
68127,0,2,53974,-1,2,30,38,False
68127,1,2,41640,1,2,36,38,True
68135,0,1,23877,0,1,1,25,True
68135,0,2,15591,0,2,1,32,True
68135,1,2,54131,1,2,25,32,True
68142,0,1,50992,0,1,4,5,True
68142,0,2,58671,0,1,4,13,True
68142,1,2,43854,0,2,5,13,True
68143,0,1,55579,1,2,24,27,True
68143,0,2,867,0,1,24,30,True
68143,1,2,60188,0,1,27,30,True
68161,0,1,2516,0,1,21,24,True
68161,0,2,57605,0,2,21,34,True
68161,1,2,63687,1,2,24,34,True
68166,0,1,27809,0,2,8,24,True
68166,0,2,52767,1,2,8,27,True
68166,1,2,60419,1,2,24,27,True
68171,0,1,27671,0,1,13,17,True
68171,0,2,13997,0,2,13,24,True
68171,1,2,4140,0,2,17,24,True
68173,0,1,10602,-1,2,8,26,False
68173,0,2,11274,-1,2,8,26,False
68173,1,2,33264,0,1,26,26,True
68187,0,1,31460,0,2,27,32,True
68187,0,2,31460,1,2,27,32,True
68187,1,2,55725,1,2,32,32,True
68191,0,1,20935,0,2,5,17,True
68191,0,2,39302,1,2,5,33,True
68191,1,2,45347,0,2,17,33,True
68192,0,1,53990,0,1,15,15,True
68192,0,2,34592,0,2,15,20,True
68192,1,2,34592,1,2,15,20,True
68193,0,1,59177,1,2,37,37,True
68193,0,2,66512,0,1,37,37,True
68193,1,2,67261,1,2,37,37,True
68194,0,1,54893,0,2,24,28,True
68194,0,2,2920,1,2,24,38,True
68194,1,2,8369,0,1,28,38,True
68199,0,1,67743,0,2,5,28,True
68199,0,2,66127,0,2,5,34,True
68199,1,2,85,0,2,28,34,True
68212,0,1,33377,0,1,7,27,True
68212,0,2,44677,0,2,7,28,True
68212,1,2,51913,0,2,27,28,True
68213,0,1,62293,0,1,12,12,True
68213,0,2,9668,0,1,12,38,True
68213,1,2,11637,0,2,12,38,True
68224,0,1,5524,0,2,22,28,True
68224,0,2,60820,1,2,22,34,True
68224,1,2,52319,0,2,28,34,True
68234,0,1,62153,0,1,13,17,True
68234,0,2,31574,0,2,13,19,True
68234,1,2,12670,1,2,17,19,True
68249,0,1,65766,0,2,2,12,True
68249,0,2,470,0,1,2,12,True
68249,1,2,846,0,2,12,12,True
68253,0,1,2361,0,2,5,25,True
68253,0,2,3372,0,2,5,25,True
68253,1,2,31221,0,1,25,25,True
68254,0,1,27845,0,1,5,6,True
68254,0,2,38173,0,2,5,8,True
68254,1,2,13381,0,1,6,8,True
68256,0,1,13692,0,2,11,28,True
68256,0,2,25384,0,2,11,32,True
68256,1,2,32463,1,2,28,32,True
68263,0,1,10630,1,2,11,11,True
68263,0,2,66770,0,2,11,34,True
68263,1,2,15432,1,2,11,34,True
68285,0,1,60268,0,2,3,21,True
68285,0,2,56901,1,2,3,33,True
68285,1,2,67276,0,2,21,33,True
68287,0,1,67444,1,2,8,8,True
68287,0,2,1818,0,1,8,8,True
68287,1,2,12225,0,1,8,8,True
68297,0,1,49257,0,1,4,5,True
68297,0,2,46967,0,1,4,22,True
68297,1,2,35243,0,1,5,22,True
68301,0,1,58686,0,2,23,28,True
68301,0,2,6137,0,2,23,40,True
68301,1,2,10327,0,2,28,40,True
68303,0,1,49530,0,2,20,23,True
68303,0,2,44058,1,2,20,24,True
68303,1,2,69943,0,2,23,24,True
68305,0,1,2288,0,2,16,27,True
68305,0,2,59396,0,1,16,36,True
68305,1,2,37759,0,2,27,36,True
68306,0,1,3416,1,2,26,30,True
68306,0,2,15307,1,2,26,30,True
68306,1,2,8363,1,2,30,30,True
68315,0,1,37193,1,2,16,33,True
68315,0,2,38906,0,2,16,33,True
68315,1,2,7651,0,1,33,33,True
68340,0,1,32102,0,1,14,14,True
68340,0,2,32906,0,1,14,14,True
68340,1,2,33355,0,1,14,14,True
68355,0,1,54816,0,1,4,5,True
68355,0,2,54816,0,2,4,5,True
68355,1,2,2415,0,1,5,5,True
68359,0,1,64926,0,1,10,16,True
68359,0,2,718,0,1,10,16,True
68359,1,2,57460,0,1,16,16,True
68369,0,1,72999,1,2,30,31,True
68369,0,2,27294,0,1,30,37,True
68369,1,2,22528,0,1,31,37,True
68373,0,1,19439,0,2,25,29,True
68373,0,2,37783,1,2,25,36,True
68373,1,2,66776,1,2,29,36,True
68379,0,1,13615,0,2,22,40,True
68379,0,2,16135,0,2,22,40,True
68379,1,2,11696,0,1,40,40,True
68380,0,1,1060,1,2,39,39,True
68380,0,2,1197,1,2,39,39,True
68380,1,2,1517,0,1,39,39,True
68382,0,1,2285,0,1,3,19,True
68382,0,2,4753,0,1,3,19,True
68382,1,2,67576,0,2,19,19,True
68383,0,1,44417,0,1,1,3,True
68383,0,2,13113,0,2,1,26,True
68383,1,2,1159,1,2,3,26,True
68391,0,1,62909,0,1,4,4,True
68391,0,2,8970,0,1,4,11,True
68391,1,2,9408,0,1,4,11,True
68392,0,1,38046,0,2,11,14,True
68392,0,2,43110,0,1,11,30,True
68392,1,2,9774,1,2,14,30,True
68394,0,1,61653,0,2,5,6,True
68394,0,2,51956,0,1,5,14,True
68394,1,2,44422,0,1,6,14,True
68402,0,1,3605,0,1,6,9,True
68402,0,2,61065,1,2,6,36,True
68402,1,2,70394,0,1,9,36,True
68408,0,1,28359,0,2,24,34,True
68408,0,2,34413,1,2,24,39,True
68408,1,2,63136,0,2,34,39,True
68413,0,1,59060,1,2,20,23,True
68413,0,2,33972,0,1,20,24,True
68413,1,2,15835,0,1,23,24,True
68431,0,1,45054,1,2,12,12,True
68431,0,2,45626,0,1,12,12,True
68431,1,2,45626,0,2,12,12,True
68432,0,1,11633,0,1,8,23,True
68432,0,2,13835,0,1,8,23,True
68432,1,2,29556,0,1,23,23,True
68445,0,1,62975,0,1,12,14,True
68445,0,2,43807,0,2,12,24,True
68445,1,2,30213,0,2,14,24,True
68446,0,1,839,1,2,18,34,True
68446,0,2,28432,0,1,18,36,True
68446,1,2,46614,0,2,34,36,True
68464,0,1,15432,0,1,6,11,True
68464,0,2,28846,0,1,6,18,True
68464,1,2,41145,0,2,11,18,True
68473,0,1,21887,1,2,7,8,True
68473,0,2,16424,0,2,7,23,True
68473,1,2,61701,-1,1,8,23,False
68476,0,1,11241,0,1,3,3,True
68476,0,2,48640,0,1,3,8,True
68476,1,2,49575,0,2,3,8,True
68477,0,1,37872,0,1,3,5,True
68477,0,2,71113,0,2,3,39,True
68477,1,2,34317,0,2,5,39,True
68479,0,1,34991,0,1,25,25,True
68479,0,2,32725,0,2,25,37,True
68479,1,2,33642,1,2,25,37,True
68482,0,1,72233,0,2,19,20,True
68482,0,2,57457,0,2,19,39,True
68482,1,2,47042,1,2,20,39,True
68490,0,1,16498,0,1,1,2,True
68490,0,2,52603,0,2,1,29,True
68490,1,2,69752,0,2,2,29,True
68492,0,1,54995,0,1,5,5,True
68492,0,2,30748,0,2,5,14,True
68492,1,2,33205,1,2,5,14,True
68501,0,1,28770,1,2,22,37,True
68501,0,2,51014,0,1,22,38,True
68501,1,2,27294,1,2,37,38,True
68508,0,1,1701,0,1,1,1,True
68508,0,2,2114,0,1,1,1,True
68508,1,2,2293,0,1,1,1,True
68510,0,1,33208,0,1,1,2,True
68510,0,2,16302,0,2,1,10,True
68510,1,2,59112,1,2,2,10,True
68515,0,1,33232,0,2,10,38,True
68515,0,2,6338,0,1,10,39,True
68515,1,2,56570,1,2,38,39,True
68517,0,1,66327,1,2,16,19,True
68517,0,2,36804,0,2,16,37,True
68517,1,2,24809,0,2,19,37,True
68527,0,1,22424,0,1,7,7,True
68527,0,2,64751,0,1,7,20,True
68527,1,2,65024,0,1,7,20,True
68531,0,1,48303,1,2,18,22,True
68531,0,2,28744,0,1,18,23,True
68531,1,2,10425,1,2,22,23,True
68532,0,1,65348,1,2,9,19,True
68532,0,2,65348,1,2,9,19,True
68532,1,2,24790,1,2,19,19,True
68537,0,1,56053,0,1,1,2,True
68537,0,2,56521,0,1,1,2,True
68537,1,2,64331,1,2,2,2,True
68538,0,1,46448,1,2,10,22,True
68538,0,2,27931,0,2,10,37,True
68538,1,2,3673,0,2,22,37,True
68553,0,1,22793,0,2,25,30,True
68553,0,2,49702,0,1,25,30,True
68553,1,2,66875,0,1,30,30,True
68557,0,1,46798,1,2,17,17,True
68557,0,2,46870,0,1,17,17,True
68557,1,2,47160,0,1,17,17,True
68565,0,1,26137,0,1,11,14,True
68565,0,2,18771,0,1,11,16,True
68565,1,2,51297,0,1,14,16,True
68568,0,1,66340,0,1,35,35,True
68568,0,2,66340,0,2,35,35,True
68568,1,2,66340,1,2,35,35,True
68590,0,1,12989,0,2,31,32,True
68590,0,2,12989,1,2,31,32,True
68590,1,2,5444,1,2,32,32,True
68614,0,1,18569,1,2,37,38,True
68614,0,2,18605,0,2,37,38,True
68614,1,2,14206,1,2,38,38,True
68621,0,1,24596,0,2,11,27,True
68621,0,2,42249,1,2,11,38,True
68621,1,2,52107,1,2,27,38,True
68622,0,1,26002,0,1,4,4,True
68622,0,2,26002,0,2,4,4,True
68622,1,2,26002,1,2,4,4,True
68625,0,1,29588,0,2,12,31,True
68625,0,2,29858,1,2,12,31,True
68625,1,2,25527,1,2,31,31,True
68628,0,1,18740,0,1,16,17,True
68628,0,2,39951,1,2,16,31,True
68628,1,2,20477,1,2,17,31,True
68633,0,1,7651,1,2,33,33,True
68633,0,2,7245,1,2,33,34,True
68633,1,2,8522,0,1,33,34,True
68638,0,1,40189,0,2,1,4,True
68638,0,2,70954,0,2,1,5,True
68638,1,2,3915,0,1,4,5,True
68648,0,1,55577,0,1,23,24,True
68648,0,2,16095,0,1,23,31,True
68648,1,2,54064,0,2,24,31,True
68652,0,1,38709,0,1,17,21,True
68652,0,2,70441,0,1,17,27,True
68652,1,2,37045,0,1,21,27,True
68656,0,1,4313,1,2,34,35,True
68656,0,2,5045,1,2,34,35,True
68656,1,2,38953,0,2,35,35,True
68684,0,1,69028,1,2,18,31,True
68684,0,2,5006,0,2,18,31,True
68684,1,2,53340,1,2,31,31,True
68699,0,1,53342,0,1,8,9,True
68699,0,2,53492,0,1,8,9,True
68699,1,2,58387,0,1,9,9,True
68714,0,1,31015,0,1,14,14,True
68714,0,2,57742,0,2,14,24,True
68714,1,2,61847,0,2,14,24,True
68715,0,1,47272,0,1,1,1,True
68715,0,2,44417,0,2,1,26,True
68715,1,2,45842,0,1,1,26,True
68722,0,1,41861,0,1,4,21,True
68722,0,2,39208,1,2,4,27,True
68722,1,2,11188,0,1,21,27,True
68729,0,1,60858,0,1,3,16,True
68729,0,2,2272,0,2,3,16,True
68729,1,2,54558,1,2,16,16,True
68744,0,1,45634,0,1,5,6,True
68744,0,2,69239,0,2,5,28,True
68744,1,2,28846,0,2,6,28,True
68746,0,1,25389,0,1,1,1,True
68746,0,2,26185,0,1,1,1,True
68746,1,2,27358,0,1,1,1,True
68764,0,1,40838,0,2,11,37,True
68764,0,2,42787,0,1,11,37,True
68764,1,2,31616,1,2,37,37,True
68765,0,1,49394,0,2,8,16,True
68765,0,2,26575,0,2,8,28,True
68765,1,2,39696,1,2,16,28,True
68777,0,1,64049,0,1,7,7,True
68777,0,2,64237,1,2,7,7,True
68777,1,2,64850,1,2,7,7,True
68780,0,1,41446,0,1,10,11,True
68780,0,2,71575,0,2,10,40,True
68780,1,2,65918,1,2,11,40,True
68802,0,1,52360,0,1,6,6,True
68802,0,2,52371,1,2,6,6,True
68802,1,2,52668,0,1,6,6,True
68806,0,1,17320,0,1,24,29,True
68806,0,2,17320,0,2,24,29,True
68806,1,2,47212,1,2,29,29,True
68818,0,1,5345,0,1,7,7,True
68818,0,2,5813,1,2,7,7,True
68818,1,2,6515,0,1,7,7,True
68819,0,1,51385,0,1,16,17,True
68819,0,2,1288,-1,2,16,25,False
68819,1,2,3344,-1,1,17,25,False
68833,0,1,42437,0,1,11,14,True
68833,0,2,35617,0,2,11,23,True
68833,1,2,30013,0,2,14,23,True
68844,0,1,60224,1,2,18,19,True
68844,0,2,25835,1,2,18,36,True
68844,1,2,51002,0,2,19,36,True
68859,0,1,70951,0,2,5,9,True
68859,0,2,53138,0,2,5,38,True
68859,1,2,45644,1,2,9,38,True
68862,0,1,52509,1,2,9,15,True
68862,0,2,47232,0,2,9,16,True
68862,1,2,35567,1,2,15,16,True
68874,0,1,56726,0,1,10,20,True
68874,0,2,3685,0,1,10,31,True
68874,1,2,295,1,2,20,31,True
68880,0,1,17841,0,2,2,38,True
68880,0,2,18648,0,2,2,38,True
68880,1,2,45351,0,1,38,38,True
68884,0,1,6915,0,1,7,32,True
68884,0,2,7478,0,2,7,32,True
68884,1,2,47503,1,2,32,32,True
68896,0,1,57622,0,2,3,38,True
68896,0,2,59093,0,2,3,38,True
68896,1,2,51308,0,2,38,38,True
68900,0,1,64640,0,1,8,8,True
68900,0,2,1604,0,1,8,22,True
68900,1,2,4127,0,2,8,22,True
68903,0,1,72711,0,1,22,32,True
68903,0,2,63528,0,1,22,37,True
68903,1,2,12695,1,2,32,37,True
68923,0,1,15779,1,2,17,23,True
68923,0,2,70949,0,2,17,37,True
68923,1,2,56407,1,2,23,37,True
68928,0,1,48443,0,1,16,16,True
68928,0,2,48443,0,2,16,16,True
68928,1,2,48443,1,2,16,16,True
68954,0,1,42676,1,2,31,31,True
68954,0,2,33124,0,2,31,39,True
68954,1,2,33124,1,2,31,39,True
68957,0,1,68656,1,2,35,35,True
68957,0,2,69820,1,2,35,35,True
68957,1,2,70535,1,2,35,35,True
68959,0,1,72937,0,2,3,26,True
68959,0,2,37335,0,1,3,27,True
68959,1,2,47168,0,1,26,27,True
68987,0,1,56726,0,1,10,20,True
68987,0,2,61923,0,1,10,20,True
68987,1,2,71593,0,2,20,20,True
69012,0,1,21385,0,1,26,27,True
69012,0,2,21534,0,2,26,29,True
69012,1,2,31707,1,2,27,29,True
69027,0,1,32141,1,2,1,1,True
69027,0,2,4265,0,1,1,5,True
69027,1,2,4996,0,1,1,5,True
69028,0,1,16830,1,2,18,18,True
69028,0,2,10375,1,2,18,31,True
69028,1,2,14659,0,2,18,31,True
69029,0,1,66423,1,2,23,23,True
69029,0,2,45375,1,2,23,24,True
69029,1,2,47976,0,2,23,24,True
69034,0,1,37015,0,2,1,4,True
69034,0,2,19010,0,2,1,40,True
69034,1,2,47988,0,2,4,40,True
69036,0,1,31375,0,2,17,17,True
69036,0,2,5007,0,1,17,18,True
69036,1,2,5165,0,1,17,18,True
69053,0,1,15510,1,2,25,25,True
69053,0,2,15816,0,1,25,25,True
69053,1,2,17107,0,1,25,25,True
69063,0,1,52344,0,2,6,14,True
69063,0,2,31060,1,2,6,16,True
69063,1,2,11197,1,2,14,16,True
69069,0,1,8910,0,2,20,33,True
69069,0,2,18918,1,2,20,33,True
69069,1,2,69894,1,2,33,33,True
69085,0,1,3344,0,1,24,25,True
69085,0,2,23445,0,1,24,25,True
69085,1,2,66269,1,2,25,25,True
69086,0,1,8340,0,1,15,31,True
69086,0,2,62321,0,2,15,33,True
69086,1,2,17750,0,2,31,33,True
69087,0,1,56873,1,2,23,24,True
69087,0,2,29018,0,1,23,32,True
69087,1,2,66437,0,1,24,32,True
69090,0,1,39562,1,2,14,23,True
69090,0,2,25443,0,2,14,27,True
69090,1,2,19234,1,2,23,27,True
69092,0,1,54871,0,2,24,24,True
69092,0,2,54871,1,2,24,24,True
69092,1,2,55125,0,1,24,24,True
69101,0,1,65303,1,2,5,37,True
69101,0,2,66561,0,2,5,37,True
69101,1,2,36375,1,2,37,37,True
69103,0,1,26297,1,2,23,23,True
69103,0,2,26358,0,1,23,23,True
69103,1,2,26358,0,2,23,23,True
69121,0,1,56355,0,1,14,14,True
69121,0,2,56487,1,2,14,14,True
69121,1,2,56990,0,1,14,14,True
69131,0,1,71570,0,2,14,20,True
69131,0,2,239,1,2,14,20,True
69131,1,2,58138,0,1,20,20,True
69134,0,1,49705,1,2,3,3,True
69134,0,2,51451,0,2,3,18,True
69134,1,2,63620,0,2,3,18,True
69137,0,1,11886,0,2,15,27,True
69137,0,2,11886,0,2,15,27,True
69137,1,2,21436,1,2,27,27,True
69154,0,1,37262,0,1,18,18,True
69154,0,2,37564,0,1,18,18,True
69154,1,2,37774,0,1,18,18,True
69158,0,1,20548,0,1,12,30,True
69158,0,2,42736,0,1,12,30,True
69158,1,2,6768,0,1,30,30,True
69162,0,1,23739,0,2,3,20,True
69162,0,2,44255,0,2,3,40,True
69162,1,2,65263,1,2,20,40,True
69167,0,1,7731,0,1,5,10,True
69167,0,2,48362,0,2,5,22,True
69167,1,2,51427,0,2,10,22,True
69170,0,1,66127,1,2,5,34,True
69170,0,2,64670,0,1,5,35,True
69170,1,2,45187,0,1,34,35,True
69177,0,1,15225,0,1,30,30,True
69177,0,2,60843,0,1,30,31,True
69177,1,2,60843,0,2,30,31,True
69178,0,1,23185,1,2,8,11,True
69178,0,2,37754,0,2,8,13,True
69178,1,2,5237,1,2,11,13,True
69195,0,1,29596,0,1,15,16,True
69195,0,2,29596,0,2,15,16,True
69195,1,2,21064,0,1,16,16,True
69199,0,1,72999,0,1,22,30,True
69199,0,2,8824,1,2,22,30,True
69199,1,2,26922,0,1,30,30,True
69219,0,1,17108,1,2,20,20,True
69219,0,2,24726,0,1,20,21,True
69219,1,2,24875,1,2,20,21,True
69225,0,1,37083,0,2,12,37,True
69225,0,2,37807,0,2,12,37,True
69225,1,2,20679,0,2,37,37,True
69234,0,1,18562,1,2,13,22,True
69234,0,2,13847,0,2,13,34,True
69234,1,2,72006,1,2,22,34,True
69239,0,1,49767,0,1,5,5,True
69239,0,2,47444,0,2,5,28,True
69239,1,2,54178,0,2,5,28,True
69246,0,1,69521,0,1,20,20,True
69246,0,2,69521,0,2,20,20,True
69246,1,2,69521,1,2,20,20,True
69254,0,1,27618,0,1,17,19,True
69254,0,2,37046,0,1,17,19,True
69254,1,2,36111,0,1,19,19,True
69270,0,1,40766,0,1,2,15,True
69270,0,2,51243,0,1,2,32,True
69270,1,2,51240,0,2,15,32,True
69279,0,1,42465,0,1,14,14,True
69279,0,2,44063,1,2,14,14,True
69279,1,2,44376,0,1,14,14,True
69287,0,1,40473,0,2,8,25,True
69287,0,2,19301,0,2,8,28,True
69287,1,2,28575,0,1,25,28,True
69288,0,1,52073,0,2,17,39,True
69288,0,2,56546,0,2,17,39,True
69288,1,2,61554,1,2,39,39,True
69302,0,1,44242,1,2,19,30,True
69302,0,2,27184,1,2,19,32,True
69302,1,2,13423,0,1,30,32,True
69303,0,1,37501,0,2,23,23,True
69303,0,2,34373,0,2,23,30,True
69303,1,2,48171,0,1,23,30,True
69304,0,1,56649,1,2,19,19,True
69304,0,2,38320,1,2,19,21,True
69304,1,2,42006,1,2,19,21,True
69318,0,1,50154,0,1,37,38,True
69318,0,2,50154,0,2,37,38,True
69318,1,2,71105,1,2,38,38,True
69327,0,1,42052,0,2,11,15,True
69327,0,2,42140,0,2,11,15,True
69327,1,2,32953,0,1,15,15,True
69347,0,1,69279,0,1,14,14,True
69347,0,2,69279,0,2,14,14,True
69347,1,2,69279,1,2,14,14,True
69355,0,1,1462,1,2,31,32,True
69355,0,2,2882,1,2,31,32,True
69355,1,2,20819,1,2,32,32,True
69362,0,1,62348,0,1,29,29,True
69362,0,2,64208,0,1,29,29,True
69362,1,2,64874,1,2,29,29,True
69363,0,1,62998,1,2,34,34,True
69363,0,2,64856,0,1,34,34,True
69363,1,2,65467,0,1,34,34,True
69365,0,1,67191,0,2,2,3,True
69365,0,2,70984,0,2,2,3,True
69365,1,2,69134,0,1,3,3,True
69391,0,1,12349,0,2,13,37,True
69391,0,2,14299,0,1,13,37,True
69391,1,2,21021,0,2,37,37,True
69392,0,1,24143,0,2,21,22,True
69392,0,2,4720,0,2,21,36,True
69392,1,2,5954,0,1,22,36,True
69408,0,1,28608,0,1,5,5,True
69408,0,2,29149,0,1,5,5,True
69408,1,2,29149,0,2,5,5,True
69418,0,1,25233,1,2,35,40,True
69418,0,2,26702,1,2,35,40,True
69418,1,2,487,1,2,40,40,True
69432,0,1,26358,0,1,23,23,True
69432,0,2,63469,1,2,23,31,True
69432,1,2,64669,0,2,23,31,True
69453,0,1,72945,1,2,27,27,True
69453,0,2,3700,0,1,27,30,True
69453,1,2,3700,0,2,27,30,True
69462,0,1,6603,0,1,3,4,True
69462,0,2,6360,0,2,3,21,True
69462,1,2,38833,-1,1,4,21,False
69463,0,1,876,1,2,11,11,True
69463,0,2,47658,0,2,11,31,True
69463,1,2,64383,0,2,11,31,True
69472,0,1,9699,1,2,6,7,True
69472,0,2,28208,0,2,6,15,True
69472,1,2,71285,0,1,7,15,True
69481,0,1,24514,0,1,4,8,True
69481,0,2,11767,0,1,4,9,True
69481,1,2,11068,1,2,8,9,True
69492,0,1,60105,0,1,6,16,True
69492,0,2,59170,0,2,6,36,True
69492,1,2,49654,0,2,16,36,True
69507,0,1,26890,0,1,2,10,True
69507,0,2,27418,0,1,2,10,True
69507,1,2,41165,1,2,10,10,True
69512,0,1,19760,0,2,12,12,True
69512,0,2,53752,0,2,12,21,True
69512,1,2,55839,0,2,12,21,True
69513,0,1,52663,1,2,7,13,True
69513,0,2,51590,0,2,7,27,True
69513,1,2,45456,0,2,13,27,True
69521,0,1,34193,0,1,20,20,True
69521,0,2,34193,0,2,20,20,True
69521,1,2,34193,1,2,20,20,True
69523,0,1,46231,1,2,11,12,True
69523,0,2,6037,1,2,11,36,True
69523,1,2,53686,0,1,12,36,True
69551,0,1,11461,0,1,6,7,True
69551,0,2,6873,0,2,6,23,True
69551,1,2,64040,0,2,7,23,True
69559,0,1,59961,0,2,10,10,True
69559,0,2,68780,0,1,10,11,True
69559,1,2,70564,1,2,10,11,True
69560,0,1,43580,0,1,15,15,True
69560,0,2,43896,1,2,15,15,True
69560,1,2,44265,0,1,15,15,True
69567,0,1,59754,0,2,14,15,True
69567,0,2,53684,0,2,14,39,True
69567,1,2,4953,0,2,15,39,True
69572,0,1,41296,0,1,6,7,True
69572,0,2,42384,1,2,6,7,True
69572,1,2,32501,0,1,7,7,True
69581,0,1,10449,0,2,1,32,True
69581,0,2,7095,0,2,1,37,True
69581,1,2,37499,1,2,32,37,True
69590,0,1,61332,1,2,38,38,True
69590,0,2,61405,0,1,38,38,True
69590,1,2,61675,1,2,38,38,True
69603,0,1,40023,1,2,11,12,True
69603,0,2,13012,0,1,11,21,True
69603,1,2,6698,1,2,12,21,True
69606,0,1,67073,0,1,38,38,True
69606,0,2,67073,0,2,38,38,True
69606,1,2,67073,1,2,38,38,True
69610,0,1,33738,0,1,21,21,True
69610,0,2,16691,0,2,21,22,True
69610,1,2,16691,1,2,21,22,True
69635,0,1,27529,0,1,3,12,True
69635,0,2,10929,1,2,3,39,True
69635,1,2,9668,0,2,12,39,True
69641,0,1,40990,0,1,9,9,True
69641,0,2,47583,1,2,9,9,True
69641,1,2,59470,1,2,9,9,True
69648,0,1,12566,1,2,11,11,True
69648,0,2,6980,0,1,11,12,True
69648,1,2,7586,0,1,11,12,True
69650,0,1,66243,0,2,7,13,True
69650,0,2,10134,0,1,7,16,True
69650,1,2,22285,0,2,13,16,True
69651,0,1,26864,1,2,17,30,True
69651,0,2,70833,0,1,17,39,True
69651,1,2,7296,1,2,30,39,True
69657,0,1,14012,1,2,17,17,True
69657,0,2,67412,0,1,17,28,True
69657,1,2,71515,0,2,17,28,True
69660,0,1,33976,0,2,22,28,True
69660,0,2,37709,1,2,22,28,True
69660,1,2,45947,0,2,28,28,True
69666,0,1,29771,0,2,14,25,True
69666,0,2,32426,0,1,14,25,True
69666,1,2,4167,0,2,25,25,True
69676,0,1,6745,1,2,26,26,True
69676,0,2,6881,1,2,26,26,True
69676,1,2,9142,1,2,26,26,True
69698,0,1,25093,1,2,18,25,True
69698,0,2,26480,1,2,18,25,True
69698,1,2,15510,0,2,25,25,True
69704,0,1,48533,1,2,4,16,True
69704,0,2,55384,0,2,4,17,True
69704,1,2,38234,1,2,16,17,True
69713,0,1,70584,1,2,7,33,True
69713,0,2,42756,0,2,7,39,True
69713,1,2,26262,1,2,33,39,True
69724,0,1,48558,0,1,13,24,True
69724,0,2,21069,0,1,13,27,True
69724,1,2,49226,1,2,24,27,True
69732,0,1,66838,0,1,3,3,True
69732,0,2,49351,0,2,3,23,True
69732,1,2,53500,0,2,3,23,True
69752,0,1,29282,0,2,2,27,True
69752,0,2,29852,0,1,2,29,True
69752,1,2,31350,1,2,27,29,True
69758,0,1,19639,0,1,28,28,True
69758,0,2,40962,1,2,28,33,True
69758,1,2,46047,0,1,28,33,True
69759,0,1,38634,1,2,9,24,True
69759,0,2,44058,0,2,9,24,True
69759,1,2,69092,0,2,24,24,True
69776,0,1,32895,0,1,9,26,True
69776,0,2,43986,0,2,9,26,True
69776,1,2,36739,1,2,26,26,True
69800,0,1,27204,1,2,2,4,True
69800,0,2,31245,0,2,2,4,True
69800,1,2,46226,0,1,4,4,True
69820,0,1,45994,0,2,12,35,True
69820,0,2,53765,0,1,12,35,True
69820,1,2,43671,0,2,35,35,True
69828,0,1,20935,0,2,5,17,True
69828,0,2,23443,1,2,5,17,True
69828,1,2,20886,1,2,17,17,True
69870,0,1,56414,0,2,14,23,True
69870,0,2,25443,0,2,14,27,True
69870,1,2,7727,0,2,23,27,True
69872,0,1,2182,0,1,4,4,True
69872,0,2,11767,0,2,4,21,True
69872,1,2,14920,0,2,4,21,True
69877,0,1,51395,1,2,38,39,True
69877,0,2,51581,1,2,38,39,True
69877,1,2,4064,1,2,39,39,True
69881,0,1,17787,0,1,15,17,True
69881,0,2,25141,0,1,15,18,True
69881,1,2,43241,0,1,17,18,True
69888,0,1,608,1,2,27,34,True
69888,0,2,14949,0,2,27,34,True
69888,1,2,27557,0,1,34,34,True
69890,0,1,50569,0,1,15,15,True
69890,0,2,42899,0,2,15,27,True
69890,1,2,43042,0,1,15,27,True
69894,0,1,21883,1,2,13,33,True
69894,0,2,32042,0,2,13,33,True
69894,1,2,10461,0,1,33,33,True
69902,0,1,42383,0,2,1,35,True
69902,0,2,571,0,2,1,40,True
69902,1,2,47412,1,2,35,40,True
69908,0,1,26478,0,2,12,21,True
69908,0,2,55282,1,2,12,22,True
69908,1,2,28617,0,1,21,22,True
69911,0,1,47661,1,2,6,37,True
69911,0,2,322,0,1,6,38,True
69911,1,2,15189,1,2,37,38,True
69924,0,1,3959,1,2,27,27,True
69924,0,2,5192,1,2,27,27,True
69924,1,2,5481,1,2,27,27,True
69928,0,1,69758,0,1,28,28,True
69928,0,2,70607,0,1,28,28,True
69928,1,2,70607,0,2,28,28,True
69943,0,1,28959,0,1,23,23,True
69943,0,2,65161,0,2,23,24,True
69943,1,2,66588,1,2,23,24,True
69949,0,1,37236,0,1,10,10,True
69949,0,2,37515,0,1,10,10,True
69949,1,2,37718,0,1,10,10,True
69950,0,1,22271,0,1,25,25,True
69950,0,2,56174,0,2,25,38,True
69950,1,2,57424,1,2,25,38,True
69959,0,1,68166,0,2,8,27,True
69959,0,2,825,0,2,8,33,True
69959,1,2,22938,1,2,27,33,True
69967,0,1,63243,1,2,39,39,True
69967,0,2,63329,1,2,39,39,True
69967,1,2,65788,0,1,39,39,True
69968,0,1,61669,1,2,17,40,True
69968,0,2,66767,0,1,17,40,True
69968,1,2,6824,0,2,40,40,True
69970,0,1,42889,1,2,4,4,True
69970,0,2,11123,0,1,4,22,True
69970,1,2,11123,0,2,4,22,True
69992,0,1,67620,0,2,18,35,True
69992,0,2,43075,0,1,18,39,True
69992,1,2,15830,0,1,35,39,True
70029,0,1,14815,0,1,12,12,True
70029,0,2,69225,0,1,12,37,True
70029,1,2,69225,0,2,12,37,True
70035,0,1,42465,0,1,14,14,True
70035,0,2,46300,1,2,14,29,True
70035,1,2,55156,1,2,14,29,True
70046,0,1,44355,1,2,18,18,True
70046,0,2,44544,0,1,18,18,True
70046,1,2,44649,0,1,18,18,True
70057,0,1,1709,0,1,23,23,True
70057,0,2,13835,1,2,23,32,True
70057,1,2,28210,1,2,23,32,True
70058,0,1,49796,0,2,29,30,True
70058,0,2,57165,0,1,29,30,True
70058,1,2,26816,1,2,30,30,True
70061,0,1,22697,0,1,10,14,True
70061,0,2,24288,1,2,10,14,True
70061,1,2,56990,0,2,14,14,True
70062,0,1,18082,0,2,9,21,True
70062,0,2,47559,1,2,9,22,True
70062,1,2,66226,1,2,21,22,True
70070,0,1,6522,0,2,9,40,True
70070,0,2,6793,0,2,9,40,True
70070,1,2,46621,1,2,40,40,True
70074,0,1,3673,0,1,22,23,True
70074,0,2,30484,0,2,22,40,True
70074,1,2,21322,0,2,23,40,True
70077,0,1,57507,0,1,13,15,True
70077,0,2,36185,1,2,13,33,True
70077,1,2,67167,0,2,15,33,True
70080,0,1,40059,1,2,11,15,True
70080,0,2,41259,0,2,11,15,True
70080,1,2,59056,0,2,15,15,True
70112,0,1,60374,0,1,9,39,True
70112,0,2,63504,0,1,9,39,True
70112,1,2,31879,1,2,39,39,True
70119,0,1,59850,0,2,8,39,True
70119,0,2,10243,0,1,8,39,True
70119,1,2,37039,1,2,39,39,True
70120,0,1,71618,0,2,6,25,True
70120,0,2,13849,0,2,6,39,True
70120,1,2,19658,0,2,25,39,True
70124,0,1,21537,1,2,1,1,True
70124,0,2,22057,0,1,1,1,True
70124,1,2,23641,0,1,1,1,True
70126,0,1,69666,0,2,14,25,True
70126,0,2,60363,1,2,14,26,True
70126,1,2,28178,0,2,25,26,True
70129,0,1,41221,0,1,1,29,True
70129,0,2,5027,0,2,1,31,True
70129,1,2,41517,0,1,29,31,True
70131,0,1,6682,1,2,22,26,True
70131,0,2,34388,0,1,22,26,True
70131,1,2,51021,1,2,26,26,True
70136,0,1,29509,0,1,1,17,True
70136,0,2,29509,0,2,1,17,True
70136,1,2,8902,1,2,17,17,True
70137,0,1,3888,0,1,10,10,True
70137,0,2,58645,1,2,10,38,True
70137,1,2,68515,0,1,10,38,True
70162,0,1,6745,1,2,26,26,True
70162,0,2,6881,1,2,26,26,True
70162,1,2,9142,1,2,26,26,True
70173,0,1,12355,1,2,16,17,True
70173,0,2,13176,0,1,16,17,True
70173,1,2,26463,0,2,17,17,True
70177,0,1,29881,0,2,3,21,True
70177,0,2,19970,0,1,3,26,True
70177,1,2,17060,0,1,21,26,True
70187,0,1,9291,0,1,2,2,True
70187,0,2,9354,0,1,2,2,True
70187,1,2,9354,0,2,2,2,True
70212,0,1,32945,1,2,12,26,True
70212,0,2,12460,0,2,12,32,True
70212,1,2,49059,1,2,26,32,True
70218,0,1,17110,0,1,19,29,True
70218,0,2,28925,1,2,19,29,True
70218,1,2,71920,1,2,29,29,True
70230,0,1,22109,1,2,26,26,True
70230,0,2,32076,1,2,26,33,True
70230,1,2,34064,0,1,26,33,True
70241,0,1,53819,0,2,30,31,True
70241,0,2,16224,0,2,30,37,True
70241,1,2,22528,0,1,31,37,True
70258,0,1,9228,0,1,8,14,True
70258,0,2,20686,0,1,8,14,True
70258,1,2,62896,0,1,14,14,True
70261,0,1,57460,0,1,16,16,True
70261,0,2,4426,0,2,16,33,True
70261,1,2,4426,1,2,16,33,True
70268,0,1,8144,1,2,22,22,True
70268,0,2,8890,1,2,22,22,True
70268,1,2,9507,0,1,22,22,True
70275,0,1,60557,0,1,19,19,True
70275,0,2,60557,0,2,19,19,True
70275,1,2,60557,1,2,19,19,True
70279,0,1,16251,0,1,2,8,True
70279,0,2,17946,0,1,2,27,True
70279,1,2,1818,1,2,8,27,True
70281,0,1,58300,0,1,7,8,True
70281,0,2,58457,0,2,7,8,True
70281,1,2,682,1,2,8,8,True
70283,0,1,50452,0,2,19,23,True
70283,0,2,38343,1,2,19,30,True
70283,1,2,28959,1,2,23,30,True
70308,0,1,15240,1,2,3,3,True
70308,0,2,15254,0,1,3,3,True
70308,1,2,15254,0,2,3,3,True
70320,0,1,37176,0,2,17,23,True
70320,0,2,39702,0,1,17,24,True
70320,1,2,29505,0,1,23,24,True
70327,0,1,65972,0,1,1,1,True
70327,0,2,49754,0,1,1,24,True
70327,1,2,60377,0,1,1,24,True
70347,0,1,37457,1,2,22,26,True
70347,0,2,56407,0,2,22,37,True
70347,1,2,31212,1,2,26,37,True
70362,0,1,23114,0,1,13,14,True
70362,0,2,23470,1,2,13,14,True
70362,1,2,25167,0,2,14,14,True
70364,0,1,46552,0,1,21,21,True
70364,0,2,27685,0,2,21,38,True
70364,1,2,28103,0,1,21,38,True
70372,0,1,35281,0,2,4,34,True
70372,0,2,35281,0,2,4,34,True
70372,1,2,29221,1,2,34,34,True
70394,0,1,22946,0,2,9,36,True
70394,0,2,61263,0,2,9,38,True
70394,1,2,64837,0,2,36,38,True
70405,0,1,25777,1,2,29,31,True
70405,0,2,62348,0,2,29,32,True
70405,1,2,53047,0,2,31,32,True
70408,0,1,43768,0,1,31,31,True
70408,0,2,52091,0,1,31,34,True
70408,1,2,52091,0,2,31,34,True
70414,0,1,35994,0,2,18,24,True
70414,0,2,4711,0,1,18,35,True
70414,1,2,22014,0,2,24,35,True
70420,0,1,43385,0,1,3,13,True
70420,0,2,23211,0,2,3,33,True
70420,1,2,1740,1,2,13,33,True
70426,0,1,54096,1,2,9,9,True
70426,0,2,38458,0,1,9,16,True
70426,1,2,47232,0,2,9,16,True
70431,0,1,398,0,1,5,13,True
70431,0,2,60692,1,2,5,19,True
70431,1,2,3202,1,2,13,19,True
70434,0,1,35362,0,1,6,6,True
70434,0,2,27354,0,2,6,28,True
70434,1,2,28846,0,2,6,28,True
70437,0,1,28184,0,1,7,19,True
70437,0,2,28184,0,2,7,24,True
70437,1,2,24125,1,2,19,24,True
70440,0,1,7159,0,2,10,29,True
70440,0,2,11133,1,2,10,34,True
70440,1,2,27639,0,2,29,34,True
70441,0,1,62690,1,2,17,27,True
70441,0,2,63651,0,1,17,27,True
70441,1,2,39666,0,1,27,27,True
70453,0,1,43310,0,1,15,16,True
70453,0,2,6929,0,1,15,22,True
70453,1,2,18740,0,2,16,22,True
70461,0,1,71586,0,2,24,24,True
70461,0,2,23644,0,2,24,25,True
70461,1,2,29361,1,2,24,25,True
70462,0,1,61863,0,1,3,3,True
70462,0,2,72002,0,2,3,38,True
70462,1,2,4260,0,2,3,38,True
70464,0,1,51308,0,1,38,38,True
70464,0,2,51308,0,2,38,38,True
70464,1,2,51308,1,2,38,38,True
70466,0,1,15108,0,1,5,17,True
70466,0,2,67508,0,1,5,39,True
70466,1,2,28585,0,1,17,39,True
70468,0,1,65518,0,1,1,4,True
70468,0,2,72443,0,1,1,6,True
70468,1,2,19320,0,1,4,6,True
70484,0,1,65433,1,2,11,26,True
70484,0,2,44506,0,2,11,30,True
70484,1,2,23784,1,2,26,30,True
70487,0,1,56355,1,2,14,34,True
70487,0,2,30904,0,2,14,35,True
70487,1,2,8008,0,1,34,35,True
70488,0,1,16307,0,2,9,10,True
70488,0,2,59861,0,2,9,35,True
70488,1,2,27512,0,2,10,35,True
70491,0,1,56869,0,2,11,33,True
70491,0,2,13829,0,2,11,35,True
70491,1,2,42372,0,2,33,35,True
70495,0,1,52549,0,2,28,36,True
70495,0,2,8369,0,1,28,38,True
70495,1,2,64837,1,2,36,38,True
70496,0,1,30068,1,2,12,34,True
70496,0,2,24103,-1,2,12,35,False
70496,1,2,67899,0,1,34,35,True
70514,0,1,60824,0,1,2,32,True
70514,0,2,58361,1,2,2,36,True
70514,1,2,72624,0,2,32,36,True
70535,0,1,65446,1,2,34,35,True
70535,0,2,65782,1,2,34,35,True
70535,1,2,25233,0,1,35,35,True
70538,0,1,25749,1,2,35,35,True
70538,0,2,55176,0,1,35,38,True
70538,1,2,55176,0,2,35,38,True
70558,0,1,64643,0,2,12,20,True
70558,0,2,25725,0,2,12,32,True
70558,1,2,7919,1,2,20,32,True
70563,0,1,67713,0,1,16,22,True
70563,0,2,8858,0,1,16,32,True
70563,1,2,30484,0,1,22,32,True
70564,0,1,4033,0,1,9,10,True
70564,0,2,71686,1,2,9,11,True
70564,1,2,10825,0,1,10,11,True
70569,0,1,32610,0,2,10,23,True
70569,0,2,32610,1,2,10,23,True
70569,1,2,6137,0,1,23,23,True
70572,0,1,45958,1,2,26,27,True
70572,0,2,46992,1,2,26,27,True
70572,1,2,31394,0,1,27,27,True
70583,0,1,31044,0,1,13,13,True
70583,0,2,3029,0,2,13,34,True
70583,1,2,3740,0,2,13,34,True
70584,0,1,32501,0,1,7,7,True
70584,0,2,19682,1,2,7,33,True
70584,1,2,19761,1,2,7,33,True
70595,0,1,24232,0,1,23,23,True
70595,0,2,25506,1,2,23,23,True
70595,1,2,26297,1,2,23,23,True
70598,0,1,37842,0,1,3,4,True
70598,0,2,39208,0,1,3,4,True
70598,1,2,3266,0,1,4,4,True
70607,0,1,62260,0,1,28,28,True
70607,0,2,62607,1,2,28,28,True
70607,1,2,63491,0,1,28,28,True
70615,0,1,41490,0,1,38,38,True
70615,0,2,41490,0,2,38,38,True
70615,1,2,41490,1,2,38,38,True
70625,0,1,28677,0,2,21,22,True
70625,0,2,38150,0,1,21,33,True
70625,1,2,9507,1,2,22,33,True
70627,0,1,17748,0,1,2,30,True
70627,0,2,17947,1,2,2,39,True
70627,1,2,69651,1,2,30,39,True
70631,0,1,35365,0,2,24,33,True
70631,0,2,38724,0,2,24,33,True
70631,1,2,65674,1,2,33,33,True
70653,0,1,58407,0,1,4,18,True
70653,0,2,12612,0,2,4,37,True
70653,1,2,4543,0,2,18,37,True
70654,0,1,53375,0,2,1,1,True
70654,0,2,71758,0,2,1,14,True
70654,1,2,4081,0,2,1,14,True
70658,0,1,47116,1,2,8,33,True
70658,0,2,53740,0,2,8,33,True
70658,1,2,3973,0,1,33,33,True
70675,0,1,19635,0,2,22,29,True
70675,0,2,28695,0,2,22,29,True
70675,1,2,55016,1,2,29,29,True
70676,0,1,31365,1,2,6,21,True
70676,0,2,10421,0,2,6,25,True
70676,1,2,55386,1,2,21,25,True
70696,0,1,52696,0,2,36,40,True
70696,0,2,52696,1,2,36,40,True
70696,1,2,11835,1,2,40,40,True
70703,0,1,3660,0,1,6,12,True
70703,0,2,1416,0,2,6,19,True
70703,1,2,3140,0,2,12,19,True
70705,0,1,48202,1,2,31,31,True
70705,0,2,21005,1,2,31,36,True
70705,1,2,22946,1,2,31,36,True
70706,0,1,5274,0,1,16,25,True
70706,0,2,20287,0,2,16,40,True
70706,1,2,49723,0,2,25,40,True
70720,0,1,27875,0,1,33,33,True
70720,0,2,32916,1,2,33,34,True
70720,1,2,36374,0,1,33,34,True
70729,0,1,34633,0,1,2,2,True
70729,0,2,40766,0,2,2,22,True
70729,1,2,45261,0,2,2,22,True
70738,0,1,18415,0,2,14,15,True
70738,0,2,18712,1,2,14,15,True
70738,1,2,47715,0,1,15,15,True
70757,0,1,14135,1,2,11,12,True
70757,0,2,31865,1,2,11,35,True
70757,1,2,39821,1,2,12,35,True
70759,0,1,28529,0,2,29,30,True
70759,0,2,22636,0,1,29,37,True
70759,1,2,12346,0,2,30,37,True
70765,0,1,65690,-1,1,5,27,False
70765,0,2,6759,0,1,5,30,True
70765,1,2,43065,1,2,27,30,True
70775,0,1,60126,1,2,3,4,True
70775,0,2,12593,0,2,3,30,True
70775,1,2,11027,0,2,4,30,True
70792,0,1,38366,1,2,16,38,True
70792,0,2,7539,1,2,16,39,True
70792,1,2,25546,1,2,38,39,True
70794,0,1,40364,0,1,19,19,True
70794,0,2,40364,0,2,19,19,True
70794,1,2,40364,1,2,19,19,True
70795,0,1,71764,0,2,34,34,True
70795,0,2,71764,1,2,34,34,True
70795,1,2,72606,0,1,34,34,True
70801,0,1,16827,0,2,1,20,True
70801,0,2,7095,0,1,1,33,True
70801,1,2,35354,1,2,20,33,True
70809,0,1,26695,1,2,25,25,True
70809,0,2,27166,0,1,25,25,True
70809,1,2,27166,0,2,25,25,True
70813,0,1,61618,0,2,27,35,True
70813,0,2,63093,0,1,27,35,True
70813,1,2,62442,1,2,35,35,True
70823,0,1,60393,0,1,3,3,True
70823,0,2,46217,0,2,3,7,True
70823,1,2,58173,0,1,3,7,True
70824,0,1,51224,0,1,13,13,True
70824,0,2,23565,1,2,13,25,True
70824,1,2,24808,1,2,13,25,True
70825,0,1,38107,0,1,36,36,True
70825,0,2,38621,1,2,36,36,True
70825,1,2,39748,1,2,36,36,True
70826,0,1,52344,0,2,6,14,True
70826,0,2,65468,0,2,6,14,True
70826,1,2,65871,1,2,14,14,True
70833,0,1,28585,0,1,17,39,True
70833,0,2,28585,0,2,17,39,True
70833,1,2,29597,1,2,39,39,True
70848,0,1,71,0,2,3,11,True
70848,0,2,46601,0,2,3,40,True
70848,1,2,7000,1,2,11,40,True
70854,0,1,71466,1,2,5,5,True
70854,0,2,71742,0,1,5,5,True
70854,1,2,71742,0,2,5,5,True
70856,0,1,25260,0,2,1,14,True
70856,0,2,55443,0,2,1,22,True
70856,1,2,14267,0,2,14,22,True
70864,0,1,19895,0,1,4,9,True
70864,0,2,71270,0,2,4,17,True
70864,1,2,71203,0,1,9,17,True
70876,0,1,36550,0,2,6,7,True
70876,0,2,1416,0,1,6,18,True
70876,1,2,37825,0,1,7,18,True
70888,0,1,67076,0,2,10,30,True
70888,0,2,2321,0,1,10,30,True
70888,1,2,11146,0,1,30,30,True
70890,0,1,27184,0,1,4,19,True
70890,0,2,6682,0,1,4,22,True
70890,1,2,63024,0,1,19,22,True
70937,0,1,41462,1,2,12,18,True
70937,0,2,53752,0,1,12,18,True
70937,1,2,5146,0,1,18,18,True
70940,0,1,30618,0,2,17,34,True
70940,0,2,56141,0,2,17,38,True
70940,1,2,46097,1,2,34,38,True
70949,0,1,25085,0,1,17,32,True
70949,0,2,17709,0,2,17,37,True
70949,1,2,42926,1,2,32,37,True
70951,0,1,19335,0,1,5,9,True
70951,0,2,22763,0,2,5,9,True
70951,1,2,56074,0,1,9,9,True
70952,0,1,65385,0,2,5,27,True
70952,0,2,65536,0,1,5,27,True
70952,1,2,57944,1,2,27,27,True
70954,0,1,27204,0,2,1,4,True
70954,0,2,67573,0,2,1,5,True
70954,1,2,54310,0,1,4,5,True
70960,0,1,12460,0,1,12,28,True
70960,0,2,23773,1,2,12,29,True
70960,1,2,52313,0,1,28,29,True
70984,0,1,68040,0,1,2,2,True
70984,0,2,47174,0,1,2,3,True
70984,1,2,47939,0,1,2,3,True
70993,0,1,6093,1,2,35,39,True
70993,0,2,10126,0,2,35,39,True
70993,1,2,16073,0,2,39,39,True
70997,0,1,30697,1,2,14,35,True
70997,0,2,30904,0,2,14,35,True
70997,1,2,57081,0,1,35,35,True
71004,0,1,55137,1,2,10,11,True
71004,0,2,5904,0,2,10,19,True
71004,1,2,12670,0,2,11,19,True
71006,0,1,52593,0,2,14,17,True
71006,0,2,69090,0,1,14,23,True
71006,1,2,70320,0,1,17,23,True
71013,0,1,30722,0,2,34,38,True
71013,0,2,33014,1,2,34,38,True
71013,1,2,30722,1,2,38,38,True
71015,0,1,25455,0,1,4,4,True
71015,0,2,24921,1,2,4,29,True
71015,1,2,26125,0,1,4,29,True
71017,0,1,44072,0,2,10,26,True
71017,0,2,45035,0,2,10,26,True
71017,1,2,4691,1,2,26,26,True
71029,0,1,44366,0,1,14,19,True
71029,0,2,39414,0,2,14,25,True
71029,1,2,22087,0,1,19,25,True
71030,0,1,20308,0,1,13,14,True
71030,0,2,20794,0,2,13,14,True
71030,1,2,69347,0,2,14,14,True
71034,0,1,45300,1,2,7,10,True
71034,0,2,34583,1,2,7,15,True
71034,1,2,31106,0,1,10,15,True
71039,0,1,7875,0,2,22,38,True
71039,0,2,51468,0,2,22,40,True
71039,1,2,45351,0,2,38,40,True
71048,0,1,48702,0,2,7,9,True
71048,0,2,34973,0,2,7,26,True
71048,1,2,43986,1,2,9,26,True
71062,0,1,34652,1,2,26,36,True
71062,0,2,37178,0,2,26,36,True
71062,1,2,1886,1,2,36,36,True
71063,0,1,49287,1,2,22,22,True
71063,0,2,42872,0,1,22,23,True
71063,1,2,42872,0,2,22,23,True
71068,0,1,51824,0,1,9,15,True
71068,0,2,26864,0,2,9,30,True
71068,1,2,49822,0,1,15,30,True
71071,0,1,20116,1,2,11,39,True
71071,0,2,22135,0,2,11,39,True
71071,1,2,56244,1,2,39,39,True
71090,0,1,25082,0,2,13,32,True
71090,0,2,37139,0,2,13,34,True
71090,1,2,71175,0,2,32,34,True
71103,0,1,48162,0,2,24,25,True
71103,0,2,48162,1,2,24,25,True
71103,1,2,53124,1,2,25,25,True
71105,0,1,21584,0,2,38,38,True
71105,0,2,21584,1,2,38,38,True
71105,1,2,21649,1,2,38,38,True
71113,0,1,42764,0,2,3,4,True
71113,0,2,38126,0,2,3,39,True
71113,1,2,53976,0,1,4,39,True
71130,0,1,56448,0,1,11,19,True
71130,0,2,47155,0,2,11,24,True
71130,1,2,68016,0,2,19,24,True
71132,0,1,22234,0,1,10,25,True
71132,0,2,65433,0,2,10,26,True
71132,1,2,66087,0,2,25,26,True
71148,0,1,72417,0,1,15,15,True
71148,0,2,1035,0,1,15,15,True
71148,1,2,1035,0,2,15,15,True
71151,0,1,37501,0,2,23,23,True
71151,0,2,36417,1,2,23,24,True
71151,1,2,37278,1,2,23,24,True
71156,0,1,54646,1,2,14,28,True
71156,0,2,16833,0,2,14,37,True
71156,1,2,9570,0,2,28,37,True
71161,0,1,3775,0,2,8,10,True
71161,0,2,825,0,1,8,31,True
71161,1,2,3685,0,1,10,31,True
71168,0,1,10868,1,2,4,4,True
71168,0,2,22939,1,2,4,18,True
71168,1,2,23815,0,2,4,18,True
71175,0,1,21945,0,1,32,34,True
71175,0,2,21945,0,2,32,34,True
71175,1,2,44634,1,2,34,34,True
71179,0,1,20746,0,1,5,23,True
71179,0,2,22002,0,2,5,28,True
71179,1,2,1146,0,2,23,28,True
71181,0,1,6970,0,2,31,35,True
71181,0,2,8340,1,2,31,35,True
71181,1,2,50015,1,2,35,35,True
71187,0,1,16933,0,1,8,8,True
71187,0,2,17476,0,1,8,8,True
71187,1,2,17476,0,2,8,8,True
71188,0,1,65468,1,2,13,14,True
71188,0,2,65694,0,1,13,14,True
71188,1,2,63023,1,2,14,14,True
71193,0,1,46515,0,2,35,35,True
71193,0,2,46515,1,2,35,35,True
71193,1,2,47196,1,2,35,35,True
71199,0,1,45959,0,1,10,17,True
71199,0,2,1378,1,2,10,32,True
71199,1,2,40717,0,1,17,32,True
71203,0,1,10298,1,2,9,17,True
71203,0,2,10508,0,2,9,17,True
71203,1,2,45347,0,1,17,17,True
71205,0,1,45857,0,2,8,24,True
71205,0,2,1392,0,2,8,25,True
71205,1,2,23644,0,2,24,25,True
71224,0,1,45801,0,1,33,33,True
71224,0,2,14949,1,2,33,34,True
71224,1,2,15497,1,2,33,34,True
71233,0,1,2802,0,1,12,12,True
71233,0,2,61565,1,2,12,25,True
71233,1,2,470,1,2,12,25,True
71238,0,1,43854,0,2,5,13,True
71238,0,2,47042,0,2,5,39,True
71238,1,2,36043,1,2,13,39,True
71242,0,1,38318,0,2,34,35,True
71242,0,2,71253,1,2,34,36,True
71242,1,2,18124,1,2,35,36,True
71250,0,1,59710,1,2,40,40,True
71250,0,2,60866,1,2,40,40,True
71250,1,2,61169,1,2,40,40,True
71253,0,1,55550,1,2,20,34,True
71253,0,2,43384,0,2,20,36,True
71253,1,2,46614,0,1,34,36,True
71254,0,1,38889,0,1,22,30,True
71254,0,2,60164,1,2,22,31,True
71254,1,2,38170,0,2,30,31,True
71261,0,1,45842,0,2,1,28,True
71261,0,2,64177,0,2,1,28,True
71261,1,2,69758,0,1,28,28,True
71264,0,1,35600,0,1,38,39,True
71264,0,2,35600,0,2,38,39,True
71264,1,2,26749,0,1,39,39,True
71270,0,1,42169,1,2,4,17,True
71270,0,2,45671,0,2,4,17,True
71270,1,2,68557,1,2,17,17,True
71275,0,1,60529,0,2,10,11,True
71275,0,2,55425,1,2,10,22,True
71275,1,2,47176,0,2,11,22,True
71276,0,1,59479,0,1,1,18,True
71276,0,2,58816,0,1,1,19,True
71276,1,2,61258,1,2,18,19,True
71283,0,1,27038,0,1,23,23,True
71283,0,2,18677,0,2,23,30,True
71283,1,2,28744,1,2,23,30,True
71285,0,1,34583,1,2,7,15,True
71285,0,2,27514,0,2,7,29,True
71285,1,2,29934,1,2,15,29,True
71297,0,1,56956,0,2,8,30,True
71297,0,2,56956,1,2,8,30,True
71297,1,2,38738,0,1,30,30,True
71315,0,1,22401,0,2,1,2,True
71315,0,2,58816,0,1,1,19,True
71315,1,2,33277,0,1,2,19,True
71317,0,1,37832,0,1,1,1,True
71317,0,2,12469,0,1,1,15,True
71317,1,2,13738,0,2,1,15,True
71330,0,1,750,0,1,3,14,True
71330,0,2,5892,0,1,3,28,True
71330,1,2,51933,1,2,14,28,True
71348,0,1,31574,0,1,13,13,True
71348,0,2,33046,0,1,13,13,True
71348,1,2,33085,0,1,13,13,True
71373,0,1,13962,0,1,9,9,True
71373,0,2,60547,0,2,9,10,True
71373,1,2,60838,0,1,9,10,True
71406,0,1,11551,0,1,10,18,True
71406,0,2,2548,1,2,10,27,True
71406,1,2,21422,0,1,18,27,True
71409,0,1,10590,0,1,20,20,True
71409,0,2,10590,0,2,20,20,True
71409,1,2,10590,1,2,20,20,True
71424,0,1,17107,0,2,25,25,True
71424,0,2,12948,1,2,25,28,True
71424,1,2,16782,0,1,25,28,True
71425,0,1,36064,0,1,6,12,True
71425,0,2,59170,0,1,6,20,True
71425,1,2,70558,0,1,12,20,True
71432,0,1,38753,1,2,3,23,True
71432,0,2,47475,0,2,3,29,True
71432,1,2,52022,1,2,23,29,True
71446,0,1,47338,1,2,31,31,True
71446,0,2,48202,1,2,31,31,True
71446,1,2,48506,0,1,31,31,True
71457,0,1,30311,0,1,29,29,True
71457,0,2,64208,1,2,29,35,True
71457,1,2,65446,0,2,29,35,True
71462,0,1,12529,0,1,4,6,True
71462,0,2,5953,0,2,4,36,True
71462,1,2,53609,0,2,6,36,True
71466,0,1,10314,0,1,5,5,True
71466,0,2,10450,0,1,5,5,True
71466,1,2,12186,0,1,5,5,True
71468,0,1,65770,0,2,8,8,True
71468,0,2,66736,0,1,8,11,True
71468,1,2,66736,0,2,8,11,True
71498,0,1,9673,0,2,24,34,True
71498,0,2,70414,1,2,24,35,True
71498,1,2,58111,0,2,34,35,True
71502,0,1,46667,0,1,7,8,True
71502,0,2,47088,0,1,7,8,True
71502,1,2,9112,1,2,8,8,True
71510,0,1,20684,0,1,40,40,True
71510,0,2,20684,0,2,40,40,True
71510,1,2,20684,1,2,40,40,True
71513,0,1,68234,0,1,13,17,True
71513,0,2,47835,0,2,13,29,True
71513,1,2,18502,1,2,17,29,True
71515,0,1,1684,0,1,17,26,True
71515,0,2,55248,0,1,17,28,True
71515,1,2,2437,1,2,26,28,True
71541,0,1,24629,0,1,28,29,True
71541,0,2,24629,0,2,28,29,True
71541,1,2,65576,0,1,29,29,True
71542,0,1,44948,1,2,27,27,True
71542,0,2,60339,1,2,27,28,True
71542,1,2,62233,0,1,27,28,True
71549,0,1,8660,1,2,14,20,True
71549,0,2,11005,1,2,14,20,True
71549,1,2,6275,1,2,20,20,True
71559,0,1,53144,0,2,17,17,True
71559,0,2,31346,1,2,17,18,True
71559,1,2,31820,0,1,17,18,True
71560,0,1,29249,0,2,22,23,True
71560,0,2,42131,1,2,22,36,True
71560,1,2,26701,0,1,23,36,True
71569,0,1,60850,0,2,11,19,True
71569,0,2,6406,1,2,11,26,True
71569,1,2,11788,0,2,19,26,True
71570,0,1,8660,1,2,14,20,True
71570,0,2,11005,1,2,14,20,True
71570,1,2,19868,1,2,20,20,True
71571,0,1,39822,1,2,7,8,True
71571,0,2,40474,0,1,7,8,True
71571,1,2,36841,0,1,8,8,True
71574,0,1,27303,0,1,7,7,True
71574,0,2,42068,0,2,7,8,True
71574,1,2,42068,1,2,7,8,True
71575,0,1,65330,0,1,10,31,True
71575,0,2,18186,0,2,10,40,True
71575,1,2,39640,1,2,31,40,True
71586,0,1,15220,1,2,24,24,True
71586,0,2,15320,1,2,24,24,True
71586,1,2,15835,1,2,24,24,True
71593,0,1,6138,0,2,20,20,True
71593,0,2,6138,1,2,20,20,True
71593,1,2,6275,0,1,20,20,True
71598,0,1,11486,0,1,12,12,True
71598,0,2,43870,0,1,12,28,True
71598,1,2,46710,0,2,12,28,True
71614,0,1,31008,0,1,24,24,True
71614,0,2,31008,0,2,24,24,True
71614,1,2,31008,1,2,24,24,True
71618,0,1,21914,0,2,6,13,True
71618,0,2,38866,0,1,6,25,True
71618,1,2,70824,0,2,13,25,True
71620,0,1,2049,0,1,1,35,True
71620,0,2,2049,0,2,1,35,True
71620,1,2,1309,1,2,35,35,True
71624,0,1,23445,1,2,25,26,True
71624,0,2,3344,1,2,25,26,True
71624,1,2,67361,0,1,26,26,True
71634,0,1,45344,1,2,3,19,True
71634,0,2,23599,0,2,3,26,True
71634,1,2,23308,1,2,19,26,True
71669,0,1,23538,1,2,13,35,True
71669,0,2,60520,0,2,13,39,True
71669,1,2,70993,0,2,35,39,True
71679,0,1,65791,0,1,18,33,True
71679,0,2,2672,0,2,18,33,True
71679,1,2,38527,0,1,33,33,True
71686,0,1,24653,1,2,8,9,True
71686,0,2,19092,0,2,8,11,True
71686,1,2,19978,0,1,9,11,True
71701,0,1,9267,0,1,24,24,True
71701,0,2,48380,1,2,24,39,True
71701,1,2,55641,1,2,24,39,True
71708,0,1,1668,0,1,16,19,True
71708,0,2,10234,0,1,16,19,True
71708,1,2,33998,0,2,19,19,True
71713,0,1,34381,1,2,19,20,True
71713,0,2,19214,0,2,19,28,True
71713,1,2,39932,1,2,20,28,True
71734,0,1,61258,1,2,18,19,True
71734,0,2,62042,1,2,18,26,True
71734,1,2,1774,1,2,19,26,True
71735,0,1,65609,0,1,4,4,True
71735,0,2,25339,0,1,4,18,True
71735,1,2,25339,0,1,4,18,True
71737,0,1,49576,0,2,31,31,True
71737,0,2,49576,1,2,31,31,True
71737,1,2,50199,0,1,31,31,True
71739,0,1,61059,0,1,3,20,True
71739,0,2,3506,0,2,3,21,True
71739,1,2,58138,1,2,20,21,True
71742,0,1,46261,1,2,5,5,True
71742,0,2,47095,0,1,5,5,True
71742,1,2,48182,1,2,5,5,True
71751,0,1,50827,0,2,2,25,True
71751,0,2,52022,0,2,2,29,True
71751,1,2,33013,0,2,25,29,True
71758,0,1,64284,0,1,1,13,True
71758,0,2,70856,0,1,1,14,True
71758,1,2,20301,0,2,13,14,True
71761,0,1,18109,0,1,22,22,True
71761,0,2,19026,0,1,22,22,True
71761,1,2,19596,0,1,22,22,True
71764,0,1,26375,1,2,34,34,True
71764,0,2,27557,0,1,34,34,True
71764,1,2,27557,0,2,34,34,True
71772,0,1,21579,1,2,30,30,True
71772,0,2,57282,0,2,30,33,True
71772,1,2,57462,1,2,30,33,True
71774,0,1,34931,0,2,14,21,True
71774,0,2,28669,1,2,14,32,True
71774,1,2,11305,0,2,21,32,True
71777,0,1,31646,0,2,11,12,True
71777,0,2,71920,0,1,11,29,True
71777,1,2,62157,0,2,12,29,True
71781,0,1,9408,1,2,11,31,True
71781,0,2,20116,1,2,11,39,True
71781,1,2,32556,1,2,31,39,True
71798,0,1,72164,0,2,5,5,True
71798,0,2,68253,0,2,5,25,True
71798,1,2,176,0,2,5,25,True
71822,0,1,304,0,2,13,13,True
71822,0,2,71969,0,2,13,23,True
71822,1,2,7068,0,2,13,23,True
71831,0,1,57071,0,1,9,9,True
71831,0,2,16852,0,2,9,23,True
71831,1,2,19104,0,1,9,23,True
71835,0,1,59344,1,2,12,33,True
71835,0,2,62293,0,2,12,39,True
71835,1,2,69713,1,2,33,39,True
71850,0,1,24934,0,1,10,32,True
71850,0,2,28601,1,2,10,33,True
71850,1,2,23696,1,2,32,33,True
71852,0,1,12700,1,2,8,26,True
71852,0,2,8362,1,2,8,32,True
71852,1,2,13421,0,2,26,32,True
71860,0,1,63361,0,2,5,21,True
71860,0,2,14035,0,2,5,24,True
71860,1,2,29703,0,2,21,24,True
71873,0,1,52637,0,1,1,1,True
71873,0,2,5594,1,2,1,2,True
71873,1,2,5756,0,1,1,2,True
71895,0,1,3625,0,2,16,21,True
71895,0,2,41143,0,2,16,28,True
71895,1,2,60476,0,2,21,28,True
71905,0,1,65181,1,2,12,12,True
71905,0,2,39821,0,2,12,35,True
71905,1,2,39821,1,2,12,35,True
71920,0,1,27984,1,2,11,29,True
71920,0,2,30070,0,1,11,29,True
71920,1,2,14310,0,1,29,29,True
71929,0,1,24378,0,1,25,35,True
71929,0,2,32115,1,2,25,35,True
71929,1,2,43457,1,2,35,35,True
71935,0,1,56835,1,2,25,28,True
71935,0,2,58746,1,2,25,28,True
71935,1,2,56565,0,1,28,28,True
71969,0,1,59614,0,2,13,22,True
71969,0,2,45478,1,2,13,23,True
71969,1,2,60881,1,2,22,23,True
71976,0,1,49972,1,2,9,9,True
71976,0,2,3775,1,2,9,10,True
71976,1,2,4033,0,1,9,10,True
71989,0,1,23696,0,2,8,33,True
71989,0,2,33029,0,2,8,35,True
71989,1,2,38469,0,2,33,35,True
72001,0,1,37259,1,2,21,28,True
72001,0,2,53488,1,2,21,28,True
72001,1,2,17154,0,2,28,28,True
72002,0,1,13047,0,1,3,4,True
72002,0,2,22153,0,2,3,38,True
72002,1,2,7034,0,2,4,38,True
72006,0,1,69610,1,2,21,22,True
72006,0,2,7792,0,2,21,34,True
72006,1,2,69234,1,2,22,34,True
72032,0,1,70187,1,2,2,2,True
72032,0,2,13612,0,1,2,14,True
72032,1,2,13612,0,2,2,14,True
72049,0,1,35419,1,2,29,30,True
72049,0,2,908,1,2,29,37,True
72049,1,2,34052,0,1,30,37,True
72056,0,1,52767,0,1,3,8,True
72056,0,2,42823,0,1,3,36,True
72056,1,2,25853,0,1,8,36,True
72057,0,1,16288,0,1,7,21,True
72057,0,2,17529,1,2,7,21,True
72057,1,2,65517,1,2,21,21,True
72074,0,1,70984,0,2,2,3,True
72074,0,2,70984,1,2,2,3,True
72074,1,2,39645,0,1,3,3,True
72082,0,1,10452,0,1,31,31,True
72082,0,2,11676,0,1,31,31,True
72082,1,2,11676,0,2,31,31,True
72089,0,1,32051,0,1,3,3,True
72089,0,2,33336,0,1,3,3,True
72089,1,2,47471,0,1,3,3,True
72095,0,1,12566,0,2,11,11,True
72095,0,2,61684,0,1,11,23,True
72095,1,2,66314,0,2,11,23,True
72096,0,1,41446,1,2,11,12,True
72096,0,2,43085,0,1,11,12,True
72096,1,2,72472,1,2,12,12,True
72098,0,1,50772,1,2,28,28,True
72098,0,2,55370,1,2,28,35,True
72098,1,2,55976,0,1,28,35,True
72105,0,1,17075,0,2,2,29,True
72105,0,2,51243,0,1,2,32,True
72105,1,2,62348,1,2,29,32,True
72109,0,1,38811,0,1,19,19,True
72109,0,2,41922,0,2,19,20,True
72109,1,2,41935,0,2,19,20,True
72117,0,1,20383,1,2,15,20,True
72117,0,2,11235,1,2,15,21,True
72117,1,2,69219,0,2,20,21,True
72120,0,1,48495,0,1,7,8,True
72120,0,2,50466,0,2,7,37,True
72120,1,2,10470,0,2,8,37,True
72122,0,1,45266,0,1,16,16,True
72122,0,2,56975,0,2,16,34,True
72122,1,2,2451,0,1,16,34,True
72125,0,1,66644,1,2,10,40,True
72125,0,2,68780,0,2,10,40,True
72125,1,2,13766,1,2,40,40,True
72134,0,1,46113,1,2,4,28,True
72134,0,2,43362,1,2,4,38,True
72134,1,2,21649,0,2,28,38,True
72137,0,1,1275,0,1,21,30,True
72137,0,2,35456,0,2,21,39,True
72137,1,2,53810,0,2,30,39,True
72141,0,1,17263,1,2,21,22,True
72141,0,2,19999,0,1,21,22,True
72141,1,2,15529,0,2,22,22,True
72142,0,1,25809,0,2,6,40,True
72142,0,2,25809,1,2,6,40,True
72142,1,2,20684,0,1,40,40,True
72151,0,1,57830,-1,0,12,21,False
72151,0,2,35964,0,2,12,22,True
72151,1,2,38833,1,2,21,22,True
72159,0,1,37243,1,2,26,27,True
72159,0,2,37941,1,2,26,27,True
72159,1,2,47203,0,1,27,27,True
72164,0,1,61247,0,1,5,5,True
72164,0,2,61247,0,2,5,5,True
72164,1,2,61247,1,2,5,5,True
72184,0,1,15464,0,1,8,19,True
72184,0,2,13942,0,2,8,33,True
72184,1,2,25951,0,2,19,33,True
72199,0,1,71446,0,1,31,31,True
72199,0,2,27141,1,2,31,37,True
72199,1,2,27954,1,2,31,37,True
72201,0,1,14464,1,2,9,35,True
72201,0,2,2337,0,2,9,36,True
72201,1,2,59269,0,2,35,36,True
72219,0,1,63482,1,2,15,20,True
72219,0,2,1390,1,2,15,30,True
72219,1,2,3678,0,2,20,30,True
72222,0,1,38728,0,2,5,10,True
72222,0,2,23728,0,2,5,36,True
72222,1,2,22377,0,2,10,36,True
72226,0,1,29340,0,1,37,37,True
72226,0,2,29340,0,2,37,37,True
72226,1,2,29340,1,2,37,37,True
72233,0,1,11106,1,2,19,19,True
72233,0,2,7391,0,2,19,20,True
72233,1,2,17108,0,1,19,20,True
72255,0,1,66351,0,2,22,33,True
72255,0,2,5177,0,1,22,36,True
72255,1,2,67428,0,1,33,36,True
72265,0,1,28959,0,1,23,23,True
72265,0,2,29249,1,2,23,23,True
72265,1,2,29251,0,1,23,23,True
72271,0,1,61059,0,1,3,20,True
72271,0,2,37675,0,1,3,29,True
72271,1,2,8835,0,2,20,29,True
72275,0,1,18197,0,1,33,33,True
72275,0,2,18197,0,2,33,33,True
72275,1,2,18197,1,2,33,33,True
72290,0,1,2019,1,2,20,31,True
72290,0,2,12163,0,2,20,31,True
72290,1,2,43058,1,2,31,31,True
72293,0,1,37868,1,2,9,9,True
72293,0,2,18082,0,1,9,10,True
72293,1,2,18238,0,1,9,10,True
72300,0,1,29500,0,1,4,4,True
72300,0,2,35283,0,1,4,12,True
72300,1,2,37040,0,1,4,12,True
72319,0,1,18163,0,1,8,9,True
72319,0,2,19092,0,1,8,9,True
72319,1,2,49844,0,1,9,9,True
72335,0,1,5813,1,2,7,7,True
72335,0,2,58634,0,1,7,13,True
72335,1,2,62843,1,2,7,13,True
72340,0,1,52727,0,1,2,2,True
72340,0,2,18745,0,1,2,3,True
72340,1,2,21155,0,1,2,3,True
72351,0,1,60850,0,2,11,19,True
72351,0,2,2007,1,2,11,22,True
72351,1,2,29764,0,1,19,22,True
72371,0,1,5218,1,2,32,32,True
72371,0,2,8743,0,2,32,33,True
72371,1,2,13942,1,2,32,33,True
72373,0,1,1738,0,2,8,29,True
72373,0,2,5442,0,1,8,29,True
72373,1,2,60699,1,2,29,29,True
72389,0,1,41555,0,1,11,14,True
72389,0,2,38194,1,2,11,30,True
72389,1,2,2327,-1,2,14,30,False
72395,0,1,25176,0,2,4,23,True
72395,0,2,27611,0,1,4,23,True
72395,1,2,69943,0,1,23,23,True
72398,0,1,39539,0,1,2,37,True
72398,0,2,45880,0,2,2,38,True
72398,1,2,24164,1,2,37,38,True
72404,0,1,19335,0,2,5,30,True
72404,0,2,5352,0,2,5,34,True
72404,1,2,64551,1,2,30,34,True
72412,0,1,61965,0,1,12,12,True
72412,0,2,58093,0,1,12,19,True
72412,1,2,61223,1,2,12,19,True
72417,0,1,36795,0,1,15,15,True
72417,0,2,31940,0,1,15,16,True
72417,1,2,31940,0,2,15,16,True
72425,0,1,68844,0,1,18,19,True
72425,0,2,29369,0,1,18,34,True
72425,1,2,38942,0,2,19,34,True
72435,0,1,13945,0,1,11,27,True
72435,0,2,35455,0,2,11,39,True
72435,1,2,25595,1,2,27,39,True
72443,0,1,52371,0,1,1,6,True
72443,0,2,42338,0,1,1,25,True
72443,1,2,10214,1,2,6,25,True
72471,0,1,49131,0,2,16,17,True
72471,0,2,72956,0,1,16,30,True
72471,1,2,224,1,2,17,30,True
72472,0,1,67048,0,1,12,12,True
72472,0,2,67952,0,1,12,12,True
72472,1,2,68213,0,1,12,12,True
72480,0,1,42991,0,1,1,2,True
72480,0,2,27358,0,2,1,30,True
72480,1,2,30474,0,2,2,30,True
72483,0,1,52243,0,2,5,23,True
72483,0,2,32435,1,2,5,40,True
72483,1,2,53780,1,2,23,40,True
72487,0,1,31320,0,1,28,36,True
72487,0,2,45980,0,2,28,39,True
72487,1,2,13597,0,2,36,39,True
72494,0,1,45284,0,2,12,29,True
72494,0,2,21802,0,1,12,32,True
72494,1,2,23221,0,2,29,32,True
72515,0,1,69170,1,2,34,35,True
72515,0,2,70487,1,2,34,35,True
72515,1,2,46515,0,2,35,35,True
72527,0,1,40269,0,1,5,28,True
72527,0,2,40269,0,2,5,34,True
72527,1,2,7899,1,2,28,34,True
72530,0,1,54995,0,1,5,5,True
72530,0,2,55223,0,1,5,5,True
72530,1,2,55223,0,2,5,5,True
72531,0,1,24046,1,2,20,21,True
72531,0,2,24726,0,1,20,21,True
72531,1,2,41195,1,2,21,21,True
72534,0,1,62330,0,2,12,13,True
72534,0,2,64557,1,2,12,13,True
72534,1,2,52043,0,2,13,13,True
72547,0,1,63655,0,1,38,38,True
72547,0,2,33040,1,2,38,39,True
72547,1,2,33413,1,2,38,39,True
72551,0,1,26737,0,2,13,40,True
72551,0,2,31829,0,2,13,40,True
72551,1,2,37472,1,2,40,40,True
72565,0,1,71466,0,1,5,5,True
72565,0,2,71466,0,2,5,5,True
72565,1,2,71466,1,2,5,5,True
72581,0,1,1174,1,2,2,6,True
72581,0,2,51011,0,1,2,18,True
72581,1,2,5610,1,2,6,18,True
72583,0,1,28201,0,2,20,23,True
72583,0,2,67649,0,2,20,35,True
72583,1,2,61684,1,2,23,35,True
72606,0,1,9340,0,1,34,34,True
72606,0,2,9340,0,2,34,34,True
72606,1,2,9340,1,2,34,34,True
72616,0,1,33966,0,2,14,23,True
72616,0,2,47961,1,2,14,39,True
72616,1,2,43126,0,1,23,39,True
72620,0,1,72096,1,2,12,12,True
72620,0,2,37085,1,2,12,26,True
72620,1,2,45217,0,1,12,26,True
72624,0,1,27421,0,1,32,32,True
72624,0,2,22377,1,2,32,36,True
72624,1,2,31111,1,2,32,36,True
72625,0,1,47941,1,2,18,18,True
72625,0,2,37825,1,2,18,38,True
72625,1,2,41364,0,2,18,38,True
72639,0,1,54956,1,2,14,15,True
72639,0,2,48344,0,1,14,32,True
72639,1,2,12690,1,2,15,32,True
72645,0,1,1632,1,2,29,40,True
72645,0,2,9162,0,2,29,40,True
72645,1,2,8489,0,2,40,40,True
72653,0,1,55990,0,2,6,38,True
72653,0,2,63047,0,2,6,38,True
72653,1,2,35227,1,2,38,38,True
72654,0,1,154,1,2,26,26,True
72654,0,2,72159,0,2,26,27,True
72654,1,2,222,1,2,26,27,True
72655,0,1,40337,0,2,9,34,True
72655,0,2,72201,0,1,9,35,True
72655,1,2,18266,1,2,34,35,True
72710,0,1,15756,1,2,17,18,True
72710,0,2,18019,0,1,17,18,True
72710,1,2,10375,0,1,18,18,True
72711,0,1,40015,0,1,22,32,True
72711,0,2,42421,0,2,22,33,True
72711,1,2,2639,0,1,32,33,True
72715,0,1,46602,1,2,26,39,True
72715,0,2,6340,0,2,26,40,True
72715,1,2,20894,1,2,39,40,True
72733,0,1,24529,0,2,28,28,True
72733,0,2,24529,1,2,28,28,True
72733,1,2,24685,1,2,28,28,True
72745,0,1,767,1,2,7,40,True
72745,0,2,2598,0,2,7,40,True
72745,1,2,51140,1,2,40,40,True
72750,0,1,22375,1,2,25,25,True
72750,0,2,6077,0,1,25,33,True
72750,1,2,6077,0,2,25,33,True
72751,0,1,51753,1,2,27,27,True
72751,0,2,51913,0,1,27,27,True
72751,1,2,52220,1,2,27,27,True
72753,0,1,63113,1,2,4,5,True
72753,0,2,65341,0,2,4,5,True
72753,1,2,71742,0,2,5,5,True
72762,0,1,35434,0,1,11,11,True
72762,0,2,58823,0,2,11,32,True
72762,1,2,61831,0,2,11,32,True
72791,0,1,69034,1,2,4,40,True
72791,0,2,5484,0,2,4,40,True
72791,1,2,71250,1,2,40,40,True
72795,0,1,40962,0,2,27,33,True
72795,0,2,66715,1,2,27,36,True
72795,1,2,67428,0,1,33,36,True
72807,0,1,24125,1,2,19,24,True
72807,0,2,22087,0,2,19,25,True
72807,1,2,51054,0,1,24,25,True
72811,0,1,61103,1,2,11,11,True
72811,0,2,60212,1,2,11,28,True
72811,1,2,63852,0,1,11,28,True
72828,0,1,71,0,2,3,11,True
72828,0,2,10517,0,1,3,23,True
72828,1,2,19234,0,1,11,23,True
72859,0,1,64324,0,1,14,25,True
72859,0,2,33355,1,2,14,29,True
72859,1,2,43495,0,2,25,29,True
72863,0,1,60224,0,2,14,19,True
72863,0,2,6375,0,2,14,33,True
72863,1,2,25951,0,1,19,33,True
72873,0,1,24031,1,2,27,27,True
72873,0,2,41243,1,2,27,40,True
72873,1,2,42200,1,2,27,40,True
72876,0,1,34801,1,2,13,13,True
72876,0,2,47700,0,2,13,20,True
72876,1,2,47700,1,2,13,20,True
72894,0,1,63075,0,1,6,29,True
72894,0,2,63480,0,2,6,29,True
72894,1,2,67792,0,2,29,29,True
72895,0,1,41853,1,2,1,37,True
72895,0,2,50593,0,2,1,37,True
72895,1,2,72226,0,1,37,37,True
72911,0,1,27084,1,2,8,9,True
72911,0,2,27537,0,2,8,9,True
72911,1,2,4255,1,2,9,9,True
72919,0,1,27418,1,2,10,10,True
72919,0,2,27429,0,1,10,10,True
72919,1,2,27429,0,2,10,10,True
72930,0,1,23913,0,2,4,20,True
72930,0,2,27278,0,2,4,20,True
72930,1,2,10606,0,1,20,20,True
72933,0,1,67062,1,2,5,5,True
72933,0,2,58861,0,1,5,10,True
72933,1,2,62875,0,1,5,10,True
72934,0,1,45577,1,2,3,30,True
72934,0,2,27941,0,1,3,39,True
72934,1,2,2958,0,1,30,39,True
72937,0,1,15879,0,2,3,23,True
72937,0,2,58506,0,2,3,26,True
72937,1,2,65966,1,2,23,26,True
72945,0,1,66376,1,2,27,27,True
72945,0,2,67862,0,1,27,27,True
72945,1,2,69453,0,1,27,27,True
72946,0,1,16962,1,2,32,32,True
72946,0,2,8743,0,1,32,33,True
72946,1,2,8743,0,2,32,33,True
72952,0,1,23930,0,2,13,14,True
72952,0,2,65842,1,2,13,18,True
72952,1,2,2376,0,1,14,18,True
72956,0,1,10562,1,2,16,30,True
72956,0,2,60657,0,2,16,31,True
72956,1,2,26922,1,2,30,31,True
72975,0,1,20090,1,2,24,24,True
72975,0,2,20120,1,2,24,24,True
72975,1,2,20291,0,1,24,24,True
72977,0,1,71254,0,2,22,31,True
72977,0,2,72999,0,2,22,31,True
72977,1,2,28449,1,2,31,31,True
72981,0,1,4796,0,1,9,29,True
72981,0,2,6184,1,2,9,29,True
72981,1,2,36990,1,2,29,29,True
72983,0,1,42991,1,2,2,24,True
72983,0,2,21635,1,2,2,28,True
72983,1,2,52968,0,2,24,28,True
72985,0,1,33555,1,2,21,21,True
72985,0,2,33738,0,1,21,21,True
72985,1,2,34931,1,2,21,21,True
72992,0,1,72319,0,1,8,9,True
72992,0,2,32281,1,2,8,10,True
72992,1,2,61197,1,2,9,10,True
72999,0,1,15912,1,2,22,30,True
72999,0,2,5220,1,2,22,31,True
72999,1,2,60843,0,1,30,31,True
