label,split,image_id,donor_id,condition,candidate,path,sha256,noise_sha256,guidance,clip,pixcorr,ssim,model_sha256
B0,train,16584,40682,correct,0,correct/16584-0.png,19bc326ef142e8c85125b42275e1bd793360a8072afe5c6053b60b671f2a13c4,a7a40302f6fddd927f6db9d528b67f03df45ce3933ba39d58a055f027930964d,4,0.48975300788879395,-0.07437416955280647,0.0744970745137313,
B0,train,16584,40682,correct,1,correct/16584-1.png,5d710ce5f1be07d38d25d012f25eb0fff35b418ff5564238b082eedbd62fa928,a7a40302f6fddd927f6db9d528b67f03df45ce3933ba39d58a055f027930964d,4,0.6127543449401855,0.05717396643328076,0.0874373901529082,
B0,train,16584,40682,wrong,0,wrong/16584-0.png,95039914ad1be56cd5f858ac255e8c17defee598f21be89e1195865cd25a47a1,a7a40302f6fddd927f6db9d528b67f03df45ce3933ba39d58a055f027930964d,4,0.4806344509124756,0.17483668621552156,0.10106989365748574,
B0,train,16584,40682,wrong,1,wrong/16584-1.png,a1ac27f76132c4d0d3f1a29fb16bd7eb9d4247b451d14fd83bf536696c937385,a7a40302f6fddd927f6db9d528b67f03df45ce3933ba39d58a055f027930964d,4,0.5390230417251587,0.19920423424515943,0.10315757428368419,
B0,train,40682,38942,correct,0,correct/40682-0.png,43c0d048ed629688addbad308ee85949d18c3ab1e03d7ef98af940e5fd996aa6,6490897e817774a341cca2ee5aba081e04f285f50e6f0a1474fc3ccbd4a33f68,4,0.7503196001052856,0.604899150994992,0.4436832138423772,
B0,train,40682,38942,correct,1,correct/40682-1.png,4496b1059d35804581002c2cbb70aae034c5e80a58546eb83b615f0c15a6938a,6490897e817774a341cca2ee5aba081e04f285f50e6f0a1474fc3ccbd4a33f68,4,0.8065781593322754,0.594969960849506,0.44635258398800765,
B0,train,40682,38942,wrong,0,wrong/40682-0.png,c116b2e01729d2a7503fc2501ddcad4755735decbab7a3bd1cf1286d418b4034,6490897e817774a341cca2ee5aba081e04f285f50e6f0a1474fc3ccbd4a33f68,4,0.46775805950164795,0.035956529610471945,0.38161437401886583,
B0,train,40682,38942,wrong,1,wrong/40682-1.png,90e8481998d3aea5a2d9a4820e5ef41c3e08dcc4ef78b829cf1c032988b61d7d,6490897e817774a341cca2ee5aba081e04f285f50e6f0a1474fc3ccbd4a33f68,4,0.4324677586555481,-0.01581882677696624,0.4523493133364857,
B0,train,38942,4905,correct,0,correct/38942-0.png,e7c13a6e08b7931301cb6af088344ce68d1ff6ab9530ea6bff368d8b318cb002,6756f9274e866ca54bb80f773b9ae5ebe24c536f1c5877b0f8c954379b24bd06,4,0.7237704992294312,0.10783353979460807,0.4178451563504504,
B0,train,38942,4905,correct,1,correct/38942-1.png,332dda8e7738e1713fbc8a3c3c3808b6531af57338e91019c8968650dc8cab8e,6756f9274e866ca54bb80f773b9ae5ebe24c536f1c5877b0f8c954379b24bd06,4,0.6714237928390503,0.10842407214717059,0.339437661073291,
B0,train,38942,4905,wrong,0,wrong/38942-0.png,88c49e5303f50b104c2ce0f96b145db74c1e78632d9b164edffdac5c86b3cb79,6756f9274e866ca54bb80f773b9ae5ebe24c536f1c5877b0f8c954379b24bd06,4,0.5254460573196411,0.03750522770706019,0.4012725668661994,
B0,train,38942,4905,wrong,1,wrong/38942-1.png,28fc2fe573b2adec805ddc8f8bea1dafcc1b839aab9817c8f86f67a92b23900a,6756f9274e866ca54bb80f773b9ae5ebe24c536f1c5877b0f8c954379b24bd06,4,0.5915606021881104,0.09131744616655413,0.2514700589766607,
B0,train,4905,17344,correct,0,correct/4905-0.png,7979443c631381f8fe7633c6202cab1e8c57d0c246118e7d88ce5fb7c1e65f7f,232ae311abc85f162496cc1486aef8d8928ea428f00d77ec4e79c0b70f3aac41,4,0.6137586236000061,0.04447149544432766,0.24035533363149467,
B0,train,4905,17344,correct,1,correct/4905-1.png,46a6b53b272680646456308d9a11acc980311065bcc41d03bf2d6073fd7b5f84,232ae311abc85f162496cc1486aef8d8928ea428f00d77ec4e79c0b70f3aac41,4,0.745769202709198,-0.007065390332049137,0.2590187265972949,
B0,train,4905,17344,wrong,0,wrong/4905-0.png,39c558e5c81f490984029caf62fee3a20e4a8fd0a23d536d6e2392b0ab67e638,232ae311abc85f162496cc1486aef8d8928ea428f00d77ec4e79c0b70f3aac41,4,0.3992193043231964,-0.0018389689172615801,0.3529073160492385,
B0,train,4905,17344,wrong,1,wrong/4905-1.png,18439bf22df59aa763ac311b9b8b2b748540cd514a9e0f0eea0a6cd234104b6b,232ae311abc85f162496cc1486aef8d8928ea428f00d77ec4e79c0b70f3aac41,4,0.5184952616691589,0.07259006420840472,0.3783219856348236,
B0,train,17344,32725,correct,0,correct/17344-0.png,d4728b81f2d0eb1a2901b8a6750f55aa114028531092c9ac49a3df37171c10a6,d75f90f3c918af7779f08413e1b2dfa9f0b7ab7532546f74ce58b50b36b8817d,4,0.6902438402175903,0.15678543709154807,0.21961800319531666,
B0,train,17344,32725,correct,1,correct/17344-1.png,02a79e71fbb1cea6c4838c9c6dfe576efc80906cef28d42be51610f9d804eed5,d75f90f3c918af7779f08413e1b2dfa9f0b7ab7532546f74ce58b50b36b8817d,4,0.5375503897666931,0.005118340232294565,0.1609041607386539,
B0,train,17344,32725,wrong,0,wrong/17344-0.png,e6f2cdc61380df1d0a6ff34ddc0fd2b56d4e34324238c46bae2b4d175c692660,d75f90f3c918af7779f08413e1b2dfa9f0b7ab7532546f74ce58b50b36b8817d,4,0.5399429798126221,-0.04011945733220371,0.12545720361069013,
B0,train,17344,32725,wrong,1,wrong/17344-1.png,b3a7cff5456813a5fbc8f51caccfe44f6efc62788e0e2b36ef4dbd78a2ca656d,d75f90f3c918af7779f08413e1b2dfa9f0b7ab7532546f74ce58b50b36b8817d,4,0.4652801752090454,0.049171438253022906,0.09040380091634469,
B0,train,32725,28449,correct,0,correct/32725-0.png,3173239a460ebd9eee68bb1a1bdaa0a1b5b2d6d762d6438c854f254ebea3bc16,30cb1309cb356060719cfdd1a31df932276e218be091252aa0a0840e43a975a0,4,0.8379642963409424,0.4481025446898564,0.16594947285414502,
B0,train,32725,28449,correct,1,correct/32725-1.png,f1d06f0c9450cbdaa98d563e6aee5646d453d3de308a4893e584bb1474ab78d5,30cb1309cb356060719cfdd1a31df932276e218be091252aa0a0840e43a975a0,4,0.8049273490905762,0.3221057082425239,0.15325515188040578,
B0,train,32725,28449,wrong,0,wrong/32725-0.png,7a7646ed146e8a966299e52b9f9ece4e48ef66827ae3d57c181d2ad22ae4b972,30cb1309cb356060719cfdd1a31df932276e218be091252aa0a0840e43a975a0,4,0.6356120109558105,0.1374368525347436,0.18922880746335982,
B0,train,32725,28449,wrong,1,wrong/32725-1.png,3db866e902fdc7c7f0369eb1a6b9dd7cae6770d130f82409bc83d5d1a3ab696a,30cb1309cb356060719cfdd1a31df932276e218be091252aa0a0840e43a975a0,4,0.5513570308685303,-0.033219175560984124,0.19129803491191869,
B0,train,28449,4723,correct,0,correct/28449-0.png,c2c3febcbae195a58088e918946fa5eb3707e37e99c79e03e4c3e34590221d73,90d88f3ceba98dfa2fef3ccc0ef7371f2f798a6d92f3a246b5683fc6f9692144,4,0.5490641593933105,-0.18517466804887825,0.4676054656171757,
B0,train,28449,4723,correct,1,correct/28449-1.png,ed063e3ec9c95e9fbf3a08948e808d69693074d60a939b90c5f5ce4300f1733e,90d88f3ceba98dfa2fef3ccc0ef7371f2f798a6d92f3a246b5683fc6f9692144,4,0.6068927645683289,-0.388188501959989,0.4356644617384782,
B0,train,28449,4723,wrong,0,wrong/28449-0.png,60060b84b1302fbe41630f42ac18696c6d27be087cc39a2a3b5599d1cca331dd,90d88f3ceba98dfa2fef3ccc0ef7371f2f798a6d92f3a246b5683fc6f9692144,4,0.49632489681243896,-0.05357347863917835,0.3172886992274375,
B0,train,28449,4723,wrong,1,wrong/28449-1.png,9a2103fe82ff929a8c0d9924a03310cc9662ec6e426a3cce720b97fd4305146b,90d88f3ceba98dfa2fef3ccc0ef7371f2f798a6d92f3a246b5683fc6f9692144,4,0.5008411407470703,-0.16624376819340358,0.3417763076871722,
B0,train,4723,70126,correct,0,correct/4723-0.png,a7c4a7ac1bf8914f5b10c8c838d34ef611c0b01f154f871f829ea747d663dcee,9b2d92a8a3a0047433a0e8cca9e67818d62ddbeef410226b718fcc0322330a93,4,0.5301289558410645,0.1231879663221742,0.3101833250960541,
B0,train,4723,70126,correct,1,correct/4723-1.png,8014c1f4c93e3668d57fd980e41148666462305d628e0e0289e74a39f39e9809,9b2d92a8a3a0047433a0e8cca9e67818d62ddbeef410226b718fcc0322330a93,4,0.5975537300109863,-0.04547873904127467,0.2954626251625158,
B0,train,4723,70126,wrong,0,wrong/4723-0.png,f72ad4eddfe20fb4d353b895075a5678d75a67efd8c676240e0c82d9dff6b77e,9b2d92a8a3a0047433a0e8cca9e67818d62ddbeef410226b718fcc0322330a93,4,0.4879809617996216,0.08622425774884022,0.4078123478864414,
B0,train,4723,70126,wrong,1,wrong/4723-1.png,5327b84b06ba8c0a16317c4fbe4693987cf3eddbb92a0608f8e684564a56dffd,9b2d92a8a3a0047433a0e8cca9e67818d62ddbeef410226b718fcc0322330a93,4,0.5381977558135986,-0.06222867670455046,0.32388720788089054,
B0,train,70126,26393,correct,0,correct/70126-0.png,4b0f228a03efa57d9565b7ea50dab76f237eaa1d74f037a90c6bdc718d5e66f1,771c06d63c9d651090499055b39e8c422b32ab0e89b8878983be0d8b35226c9d,4,0.6169348955154419,0.0450971280762278,0.288388230738124,
B0,train,70126,26393,correct,1,correct/70126-1.png,06910c9377c44b2063492ab40d086f7210c5402a24008a6f7b2fd864734a5d8a,771c06d63c9d651090499055b39e8c422b32ab0e89b8878983be0d8b35226c9d,4,0.6448840498924255,-0.15148553949786153,0.2868280717168906,
B0,train,70126,26393,wrong,0,wrong/70126-0.png,29cc2454f711e11e3319e08f06e05b303cf5699e82b1d84978ffce1e596432dc,771c06d63c9d651090499055b39e8c422b32ab0e89b8878983be0d8b35226c9d,4,0.45929083228111267,-0.16601878035255715,0.27993036583025604,
B0,train,70126,26393,wrong,1,wrong/70126-1.png,d81416b68c3adeb6b3e8288c26d9ec83ee2504323035f4bab077e6444cd3d556,771c06d63c9d651090499055b39e8c422b32ab0e89b8878983be0d8b35226c9d,4,0.49236440658569336,-0.0666535194600796,0.33966175236711094,
B0,train,26393,33748,correct,0,correct/26393-0.png,2cd277acda48173693b59ae30296d331a923764c138c9e0a17e9d6dcc93e400d,0019d2d1ccc1627f42428b0f1cd396e261b1006a37d9c6990b31189dc07e534f,4,0.6969687342643738,-0.07819174036916059,0.5822608378817589,
B0,train,26393,33748,correct,1,correct/26393-1.png,f78c1d0cfa5af8ccbd76621242b70b1acaeb7877453d2f29493c60920da4a568,0019d2d1ccc1627f42428b0f1cd396e261b1006a37d9c6990b31189dc07e534f,4,0.7676721811294556,0.05983868793578514,0.5211342586876165,
B0,train,26393,33748,wrong,0,wrong/26393-0.png,f1226c0583d0c6d8d577258995cc6b106af11b49b352e1511dcbcc36dbbe8479,0019d2d1ccc1627f42428b0f1cd396e261b1006a37d9c6990b31189dc07e534f,4,0.5413045883178711,0.30471897080868277,0.41929251873149326,
B0,train,26393,33748,wrong,1,wrong/26393-1.png,5c5e36cd877f8dcea8d66e273599a9bb3a156e5cff7d922789c92941b05a9db7,0019d2d1ccc1627f42428b0f1cd396e261b1006a37d9c6990b31189dc07e534f,4,0.5564442276954651,0.23850991806433985,0.3432291345396223,
B0,train,33748,57293,correct,0,correct/33748-0.png,6e0eb860a65328fa7d443eff7b090fcc5744be7a9ed61663de6d79b7ab38e854,ea12a6e5334d683616001b6e1d93e997a3eb53d67412edf2f0a4c6526ff5b880,4,0.9189062118530273,0.5019966615126599,0.27016185320946,
B0,train,33748,57293,correct,1,correct/33748-1.png,e33c9b65f335cdb6b5fb64dcfdc877675c686af53fff3fcab6105ff2555d8ade,ea12a6e5334d683616001b6e1d93e997a3eb53d67412edf2f0a4c6526ff5b880,4,0.8873807787895203,0.5855560932510201,0.33781032140227063,
B0,train,33748,57293,wrong,0,wrong/33748-0.png,dd2480b44bf3fb84d8765aea046710885ec11298d5a09b8878d77832cf5faada,ea12a6e5334d683616001b6e1d93e997a3eb53d67412edf2f0a4c6526ff5b880,4,0.5639992952346802,0.07740285706242296,0.16219795159129924,
B0,train,33748,57293,wrong,1,wrong/33748-1.png,2845dc8ad12d0c7a2b13391041d39dd4c204efd61dd881ce13fd991f91bf1e88,ea12a6e5334d683616001b6e1d93e997a3eb53d67412edf2f0a4c6526ff5b880,4,0.4991111159324646,0.15229781971995843,0.2343992903870877,
B0,train,57293,20217,correct,0,correct/57293-0.png,82ca23809ae10c6fdff751778e3b3d50876c07a172350f9fff0b76281cf4e44f,2ce3fbbaf3262abce9abef7120e90ccb53908017cf443112e22b9f7e8cb94ef1,4,0.6191468238830566,0.21019235322447222,0.22586350270839328,
B0,train,57293,20217,correct,1,correct/57293-1.png,f052c505c3ae70111ef7ad00aae6667af25ccfa8b493be6aa0e5358c54d021fd,2ce3fbbaf3262abce9abef7120e90ccb53908017cf443112e22b9f7e8cb94ef1,4,0.8785696029663086,-0.08275275036424704,0.20634804321138178,
B0,train,57293,20217,wrong,0,wrong/57293-0.png,2f3ec3616c20d05072116e840b71895f5e9b9e2a5b7f3945e5285597da403d3b,2ce3fbbaf3262abce9abef7120e90ccb53908017cf443112e22b9f7e8cb94ef1,4,0.5832105875015259,-0.11239491519463211,0.22836795460737477,
B0,train,57293,20217,wrong,1,wrong/57293-1.png,7dab9ac9c0e6251cb68c18696ce6b68b6ad30706c36bba98bce7edb8a8054c5e,2ce3fbbaf3262abce9abef7120e90ccb53908017cf443112e22b9f7e8cb94ef1,4,0.545799732208252,-0.30871660879645296,0.19287068737304422,
B0,train,20217,15879,correct,0,correct/20217-0.png,beb090ed22dd902794f05932335ca4aa1e0d9dfa4c2d35731e0d35b4a73728c3,9bb0eb851e424337b776988233bca0f9b0b9703bdb62158841eefc42f9e34149,4,0.6116247773170471,0.12644643607717987,0.3104160189418076,
B0,train,20217,15879,correct,1,correct/20217-1.png,b151df3ee35b42492aeec7613f833cdfebdc0d5780cb2c30f70383fc6b6813dd,9bb0eb851e424337b776988233bca0f9b0b9703bdb62158841eefc42f9e34149,4,0.7781047224998474,0.016425064040145876,0.24383110140084943,
B0,train,20217,15879,wrong,0,wrong/20217-0.png,c2bdc48b0fd0397c550691f7c5ea0fcfca6140363c92c535cf40367474499327,9bb0eb851e424337b776988233bca0f9b0b9703bdb62158841eefc42f9e34149,4,0.571107029914856,0.2203883400822611,0.2817961377561004,
B0,train,20217,15879,wrong,1,wrong/20217-1.png,fff04326b0072ead90087bd125dc3566b1a81ec58e50b620197f6d0d5a7c6fae,9bb0eb851e424337b776988233bca0f9b0b9703bdb62158841eefc42f9e34149,4,0.6486403942108154,-0.09427765420312187,0.3212983072676026,
B0,train,15879,69036,correct,0,correct/15879-0.png,eeaab8a826d3caa9d51c6ee049d47e43d8d525c78e57afd8cb6cb78d441a6c4e,4f7529cc349f0c11166395691ea3a37adcf291e281069f184da9b7340fc99034,4,0.7581928968429565,0.143032008664927,0.2014223135636288,
B0,train,15879,69036,correct,1,correct/15879-1.png,da1a2bad09bae9cd0cc9892f4cdd4a3248c5d242884e27ed1f35ed2a47aa120e,4f7529cc349f0c11166395691ea3a37adcf291e281069f184da9b7340fc99034,4,0.6183736324310303,0.08402013140939256,0.1955958074794303,
B0,train,15879,69036,wrong,0,wrong/15879-0.png,b00b8fea40cbaa549dde106b5de12abe1c33b664865026899db80fb6b9a95dd5,4f7529cc349f0c11166395691ea3a37adcf291e281069f184da9b7340fc99034,4,0.49565181136131287,0.23839389495160426,0.1864617870806542,
B0,train,15879,69036,wrong,1,wrong/15879-1.png,db70e04e9ad915dcae63f8c43707034973c5c504abeb50a7a5398c13b4c36f2e,4f7529cc349f0c11166395691ea3a37adcf291e281069f184da9b7340fc99034,4,0.503215491771698,0.15769495996494742,0.1398166190101942,
B0,train,69036,3625,correct,0,correct/69036-0.png,a5f85146be5df79da780df1af8f4377b8e62d4cc22d9d3077ad639d120de82ca,1acec16aba650738ce719ea1e3bbdffbf0ec38d66415cd99991204bc1cc04fb5,4,0.9376550912857056,0.46202809822082885,0.31987219243110665,
B0,train,69036,3625,correct,1,correct/69036-1.png,5478be048fb5cf3c75f7f8ad534477a95c8d198cf80b1d0946d9c5e1322c2e21,1acec16aba650738ce719ea1e3bbdffbf0ec38d66415cd99991204bc1cc04fb5,4,0.9221459031105042,0.5557208594335218,0.3582775577049757,
B0,train,69036,3625,wrong,0,wrong/69036-0.png,0e3e675227471f2843c4ca9abdf0260807702b25fd21a8369c6daa45956be4be,1acec16aba650738ce719ea1e3bbdffbf0ec38d66415cd99991204bc1cc04fb5,4,0.5383715033531189,-0.1353257779674084,0.19038902613428788,
B0,train,69036,3625,wrong,1,wrong/69036-1.png,b992a9a0953ab6d787b45ac1b86c352a98bf939189f023ce3a06731794bdca22,1acec16aba650738ce719ea1e3bbdffbf0ec38d66415cd99991204bc1cc04fb5,4,0.478464275598526,-0.04067680743822828,0.19901092392259262,
B0,train,3625,23696,correct,0,correct/3625-0.png,a443e37084075051695a3d3a92a9e80d1e7d5ba556885b5223f37ef738d6af92,d9a5c95b29350d57eb94358eb9a21cd680af72d44f9a1759000eaf57a7e92392,4,0.7484337091445923,-0.08575727877374661,0.1883123534138552,
B0,train,3625,23696,correct,1,correct/3625-1.png,41dac9939d828b21c0dd5da90ede4a308d183f8585db5947267ea3d57c4bfd6c,d9a5c95b29350d57eb94358eb9a21cd680af72d44f9a1759000eaf57a7e92392,4,0.759975016117096,-0.10140662548198535,0.15498954656282563,
B0,train,3625,23696,wrong,0,wrong/3625-0.png,761b36e563e01bdf8e7533117714074e81547e0d7fa96b9527b22170cefb57d6,d9a5c95b29350d57eb94358eb9a21cd680af72d44f9a1759000eaf57a7e92392,4,0.4899371266365051,-0.20942959747905968,0.27302550496064937,
B0,train,3625,23696,wrong,1,wrong/3625-1.png,0ff7d2ef2cd891d40635a239a3c943064b770e4d46a6d16534da25e335880a72,d9a5c95b29350d57eb94358eb9a21cd680af72d44f9a1759000eaf57a7e92392,4,0.5837570428848267,-0.09719834203295198,0.2704718658152982,
B0,train,23696,44010,correct,0,correct/23696-0.png,0a28a7ba7c4ecd5ee9137e155daa2541441a983a464f163e63c1c6100824f54c,2fd882d695c4a24c1f03243124fd54f215d1c687123a46ba99d6ef66f4bf0827,4,0.5506626963615417,-0.4508153919932204,0.5392895178379088,
B0,train,23696,44010,correct,1,correct/23696-1.png,adb6ea5d0d3d1f9250fa6d78cb74c6334b55db638018293b3d480af6bbd7b57b,2fd882d695c4a24c1f03243124fd54f215d1c687123a46ba99d6ef66f4bf0827,4,0.5803325772285461,0.27130171236297573,0.5836639354693417,
B0,train,23696,44010,wrong,0,wrong/23696-0.png,1441fddc1fd2f9ad7b14e272312b48085ad64b26d2afd9bc228716bda1568ffc,2fd882d695c4a24c1f03243124fd54f215d1c687123a46ba99d6ef66f4bf0827,4,0.5399353504180908,-0.504242180619231,0.38338720266490245,
B0,train,23696,44010,wrong,1,wrong/23696-1.png,e42aa72d35f41697189adcbdb12031422f9a5ae13246298c532dfea0e504fb05,2fd882d695c4a24c1f03243124fd54f215d1c687123a46ba99d6ef66f4bf0827,4,0.5265292525291443,0.4086212663548349,0.543164122767528,
B0,train,44010,21652,correct,0,correct/44010-0.png,decff7cd9af44691cf1cb97f08a6e9582f6daf94b70df5d56661fd5c10f67848,35aa86981174181a98b4ce51d8b65a8bd0f95c2ceec4818494682c0873f3225b,4,0.8013577461242676,0.062319299767649064,0.36036585051247666,
B0,train,44010,21652,correct,1,correct/44010-1.png,8fca0ec1fdc62e88282a41281aaa45a05c24eaa287a89f391576eaaa2ddf3f9a,35aa86981174181a98b4ce51d8b65a8bd0f95c2ceec4818494682c0873f3225b,4,0.829953670501709,0.15645076732247276,0.395594490771417,
B0,train,44010,21652,wrong,0,wrong/44010-0.png,0c7bd0bc6d640cb0dfbfdaefdb8202dd445d21d5c3640e2b9f579ce95a303e9e,35aa86981174181a98b4ce51d8b65a8bd0f95c2ceec4818494682c0873f3225b,4,0.5869365334510803,0.1473676777638237,0.3763182636175376,
B0,train,44010,21652,wrong,1,wrong/44010-1.png,23d4546a35c196ffca06464b884a06066a43311cdaf435473749d7017eee09ca,35aa86981174181a98b4ce51d8b65a8bd0f95c2ceec4818494682c0873f3225b,4,0.6978008151054382,0.0577613637406844,0.25905540565835855,
B0,train,21652,6970,correct,0,correct/21652-0.png,20a04f07f89789e6527293355b013995e486a136fc1146a84c4f0265676bf860,deca6335f8f41d705a173f0a516e337acfc6c53d86d5870f07649aa25f90a597,4,0.7746637463569641,0.1587544367348438,0.27243771789917454,
B0,train,21652,6970,correct,1,correct/21652-1.png,bd75fe4a28d3e7c07be9d33b467543528d0a5bab73781ef84d8f31c8e6bbf5b5,deca6335f8f41d705a173f0a516e337acfc6c53d86d5870f07649aa25f90a597,4,0.7325140237808228,0.2206999658677084,0.2949022151959032,
B0,train,21652,6970,wrong,0,wrong/21652-0.png,c13ac044a313198fa6c03ed01fa446e0242a9138355fd0ba54bac3f459f54fcd,deca6335f8f41d705a173f0a516e337acfc6c53d86d5870f07649aa25f90a597,4,0.5877081155776978,0.006294075836292391,0.30861224899716017,
B0,train,21652,6970,wrong,1,wrong/21652-1.png,31e542a59a1355f5cdf904d5bfaddee10463e950ee130fa9f06e64200fd9e36c,deca6335f8f41d705a173f0a516e337acfc6c53d86d5870f07649aa25f90a597,4,0.6008426547050476,0.22559263171739952,0.3120376099375369,
B0,train,6970,35190,correct,0,correct/6970-0.png,2e2d94faf5b8ffe62beaac31ec89074e2056503dc50dc79d9c80d2355791a752,7b6545b71671e9b1cdbb3e8f1f39d98a09c15c1547791b5eb984bee429ac7e4c,4,0.6018047332763672,-0.5854413918108244,0.5763328016541245,
B0,train,6970,35190,correct,1,correct/6970-1.png,b3db3a993ab70e371f1ee808bfd0727f28d040d37779128ccbf910cf008eaea8,7b6545b71671e9b1cdbb3e8f1f39d98a09c15c1547791b5eb984bee429ac7e4c,4,0.705832302570343,-0.008567839751191396,0.5845994673068443,
B0,train,6970,35190,wrong,0,wrong/6970-0.png,c5df98cba74c9f9f54ac9eedce6bfc6b556836cdc9a2e9d6ce53c91ef0ad7aca,7b6545b71671e9b1cdbb3e8f1f39d98a09c15c1547791b5eb984bee429ac7e4c,4,0.49591439962387085,-0.12133315835133492,0.5384656788503357,
B0,train,6970,35190,wrong,1,wrong/6970-1.png,ef39c0c5acfc7ca7645bafb268f0f86a1c2b90853cb3faf4fc378974e7c17f76,7b6545b71671e9b1cdbb3e8f1f39d98a09c15c1547791b5eb984bee429ac7e4c,4,0.48753923177719116,-0.17519840983696333,0.483915483254799,
B0,train,35190,50780,correct,0,correct/35190-0.png,0967ffcb4a3240fe3960336dc7e20dad4e7df316f6921a00a335c9a94770cd80,af8e89553ecca28153a718e9873c66236d4964e90116ec65807e8436d27a2c9a,4,0.5380263924598694,0.037618735085504486,0.17091822294109607,
B0,train,35190,50780,correct,1,correct/35190-1.png,15dadcacaf75ca53c80c560e13e3e22774c9cd9469f8b645c9fbcb72512e76e9,af8e89553ecca28153a718e9873c66236d4964e90116ec65807e8436d27a2c9a,4,0.8087909817695618,-0.04734116171255778,0.19651615646476828,
B0,train,35190,50780,wrong,0,wrong/35190-0.png,1214724822f953641cbc1cd13d503a5c015beeec58f66b09473efd9f83d26251,af8e89553ecca28153a718e9873c66236d4964e90116ec65807e8436d27a2c9a,4,0.4468136131763458,0.1670384896962258,0.20022193904582744,
B0,train,35190,50780,wrong,1,wrong/35190-1.png,0d4cef65faae20c3bb01291443ac71e53935c1f25c9fae902613bcd4cc1d00ef,af8e89553ecca28153a718e9873c66236d4964e90116ec65807e8436d27a2c9a,4,0.4419372081756592,0.015283330969378861,0.19246476206887494,
B0,train,50780,45620,correct,0,correct/50780-0.png,2d16f0e146135c19786c8faf8c9ea6b488483f0a616ba55cd68b1d1da8ff0f13,3800def8e5bed900fc332f8ffc34dbd027ba1e4cb2ec365891217aeeffe7820e,4,0.6882784962654114,0.49463164996250264,0.45843410846936355,
B0,train,50780,45620,correct,1,correct/50780-1.png,0f32deea2c7dfdc962770d5a9d9ad20f365cb4cf261004153262cedbf8364841,3800def8e5bed900fc332f8ffc34dbd027ba1e4cb2ec365891217aeeffe7820e,4,0.763266384601593,0.09072385338310626,0.4366094866681224,
B0,train,50780,45620,wrong,0,wrong/50780-0.png,284f8584ac05bdcb9e07c9a8b12ff4a22e4bdb5d49798789ac03c3184352bfc7,3800def8e5bed900fc332f8ffc34dbd027ba1e4cb2ec365891217aeeffe7820e,4,0.49237534403800964,0.06588397506671131,0.3399680354357494,
B0,train,50780,45620,wrong,1,wrong/50780-1.png,af2edd8cdb4154dc6dc4f458f175f0eb990db99e6a5162196102c6d471e2a5ec,3800def8e5bed900fc332f8ffc34dbd027ba1e4cb2ec365891217aeeffe7820e,4,0.5208278298377991,-0.12676319802040814,0.30658944766044477,
B0,train,45620,27323,correct,0,correct/45620-0.png,a3173d8e35a2dd7072d0754408abb195b47a7e419274c0c16c715ee930517f46,cfb5d1c1124c830ac684d4a9eb24f448e9e3feb4d28302f59cd353c4d54b08f5,4,0.8617305159568787,0.2980088664504853,0.33042419854792104,
B0,train,45620,27323,correct,1,correct/45620-1.png,1b3c57e5105895ebdc66bb29bfbdcb4392b2c713709deb3378253f5286871f8f,cfb5d1c1124c830ac684d4a9eb24f448e9e3feb4d28302f59cd353c4d54b08f5,4,0.8787589073181152,0.1168659263652556,0.3121385063853148,
B0,train,45620,27323,wrong,0,wrong/45620-0.png,fff3b693dbc25c28db7780f4c06605622d7277405b5f302b51b329fe18628e55,cfb5d1c1124c830ac684d4a9eb24f448e9e3feb4d28302f59cd353c4d54b08f5,4,0.6652790307998657,0.09486671574905371,0.32112742648163356,
B0,train,45620,27323,wrong,1,wrong/45620-1.png,54bc7202bd07fbe423b05706c0b1549d13770b6b5c3c6603038dc77fefb9d399,cfb5d1c1124c830ac684d4a9eb24f448e9e3feb4d28302f59cd353c4d54b08f5,4,0.47170060873031616,-0.15870298685506717,0.28243944771775603,
B0,train,27323,51581,correct,0,correct/27323-0.png,28e56e5a79989389d246b1d7b3a022d9b7ef346975e09cbbaacc762ffaaaff97,250f095a178dc365e3b06928d3751554e4b9fcf734e8d3febc3dc4b1ed354d81,4,0.5969705581665039,0.13930092756957624,0.3408744765123608,
B0,train,27323,51581,correct,1,correct/27323-1.png,4231e2fdff2c543029fe7cc4c5c13c1792b37bf66b88ff6cf311a61d332ce4d5,250f095a178dc365e3b06928d3751554e4b9fcf734e8d3febc3dc4b1ed354d81,4,0.6253322958946228,0.24668992612886587,0.34633214555003744,
B0,train,27323,51581,wrong,0,wrong/27323-0.png,7dfb77ed1113333e36fd898eb49ccae6347838749f7c5e9d20e692528b8b2dea,250f095a178dc365e3b06928d3751554e4b9fcf734e8d3febc3dc4b1ed354d81,4,0.6036376953125,0.000732652364966613,0.33047136142880135,
B0,train,27323,51581,wrong,1,wrong/27323-1.png,5c2d2e1199f42a9f9b0de0a5657343ba550be64484f28803e2d3970d51622d95,250f095a178dc365e3b06928d3751554e4b9fcf734e8d3febc3dc4b1ed354d81,4,0.5606412887573242,-0.04091851048978906,0.42475492304373363,
B0,train,51581,7163,correct,0,correct/51581-0.png,9745340b3b5c31379325005c8975815e5dc8cf8cfaaaae7589c59c244bf106c9,59fe651ba15a38d4aa5b9170e24c4cea5800db389b7e7827656ae888d3e80997,4,0.6237596273422241,0.11318615716775167,0.40367823305283695,
B0,train,51581,7163,correct,1,correct/51581-1.png,af27dec8b1e638bcaa7af12f25b7d3f063da0768bbbf0cac8c41d8446e7520bd,59fe651ba15a38d4aa5b9170e24c4cea5800db389b7e7827656ae888d3e80997,4,0.6263617277145386,-0.18170954698741584,0.3387748671361158,
B0,train,51581,7163,wrong,0,wrong/51581-0.png,70b0490a61036b3af0b8c4be30889bbf5ef61ef2fe923bf1e49a257405b6cac3,59fe651ba15a38d4aa5b9170e24c4cea5800db389b7e7827656ae888d3e80997,4,0.5100322365760803,-0.0907948910380579,0.2885073902622299,
B0,train,51581,7163,wrong,1,wrong/51581-1.png,511bfaacc9cc7a796a9e14f24e36af44656a5f685fef2bf24489e749d539a9ad,59fe651ba15a38d4aa5b9170e24c4cea5800db389b7e7827656ae888d3e80997,4,0.4901299476623535,-0.10859455352640338,0.23278548792766798,
B0,train,7163,50828,correct,0,correct/7163-0.png,cfb2fa05c2c929832161ea22b2c1cbc83bf0ec164921202f5cb96c754fc7f0c5,659e03fd2f5364391e8656e2b6780af8470d98817eeb4e595832d969088031ca,4,0.6982375383377075,0.020927794190773615,0.3040703469512828,
B0,train,7163,50828,correct,1,correct/7163-1.png,61d005d108c2a8fb98ee46472440687e3710aef8ce8dd2773fd7e23785bc683e,659e03fd2f5364391e8656e2b6780af8470d98817eeb4e595832d969088031ca,4,0.6935592293739319,-0.034461137745737454,0.3396630810683043,
B0,train,7163,50828,wrong,0,wrong/7163-0.png,8ac1f78a3b07110e87ed80ad683653c69fff149adf2ad7243e696cc9b0bdf490,659e03fd2f5364391e8656e2b6780af8470d98817eeb4e595832d969088031ca,4,0.46608710289001465,-0.11269826700760029,0.31986749928118663,
B0,train,7163,50828,wrong,1,wrong/7163-1.png,92bb775ca3c8c52459d355284200291268a2ac037efc858282c5c423fd74d0bb,659e03fd2f5364391e8656e2b6780af8470d98817eeb4e595832d969088031ca,4,0.417874276638031,-0.020279467277990407,0.3415941311046607,
B0,train,50828,53785,correct,0,correct/50828-0.png,1073bcfc6a746581d9a6033d19004072ddade4a2e3b367b3866a0a7544257271,8a06d6161798ccc7ac94de944423be5b2f20143c1f68d159adfe6c325e55c945,4,0.7355058193206787,-0.1412795672908184,0.432101440618687,
B0,train,50828,53785,correct,1,correct/50828-1.png,11e5a8a066d3d6a253164982875d89a5d143e09dd67fc38fc679448566afbd92,8a06d6161798ccc7ac94de944423be5b2f20143c1f68d159adfe6c325e55c945,4,0.7969887852668762,0.08792980317899703,0.515423692137826,
B0,train,50828,53785,wrong,0,wrong/50828-0.png,1303e45f3fc2409df5a2d102e4597c6a8344ef4321b0e5f8e59e15ccdd52545b,8a06d6161798ccc7ac94de944423be5b2f20143c1f68d159adfe6c325e55c945,4,0.5433098077774048,0.0638029354171754,0.30917019037933674,
B0,train,50828,53785,wrong,1,wrong/50828-1.png,ccfad093d9b85e9679c8c5cbe9125f90b6d7009a083fb0c62142d835e00ff5b5,8a06d6161798ccc7ac94de944423be5b2f20143c1f68d159adfe6c325e55c945,4,0.5346570014953613,-0.04902343965998327,0.31548462073907313,
B0,train,53785,1851,correct,0,correct/53785-0.png,8043e12d5a0c96c0206f080a1e1a988ded3210a1998f83a3c2e1fd266a2bc275,64721bcb46da572d03f6a59b25eceafa5c909eee9cbbd60b1f8c77637995962c,4,0.6287391781806946,0.25140028207406373,0.32086239643067443,
B0,train,53785,1851,correct,1,correct/53785-1.png,a88a36697d071e782b4229b0927696d639a7ba8928d58212c22e8ffb063fdf0d,64721bcb46da572d03f6a59b25eceafa5c909eee9cbbd60b1f8c77637995962c,4,0.5831677913665771,-0.06853868957758597,0.2625860208070581,
B0,train,53785,1851,wrong,0,wrong/53785-0.png,8e29101e54a7d3baf0b56a1d3f227c0c56dd47a446301a4c3d35ae5552f6d55d,64721bcb46da572d03f6a59b25eceafa5c909eee9cbbd60b1f8c77637995962c,4,0.49294593930244446,-0.44160800596320926,0.2357823829634497,
B0,train,53785,1851,wrong,1,wrong/53785-1.png,d690a80c037583a534a8abe95c820a8f1029ea25d14a972114de3b1ac16b48e9,64721bcb46da572d03f6a59b25eceafa5c909eee9cbbd60b1f8c77637995962c,4,0.5146192312240601,-0.06865302624575068,0.2637499518280769,
B0,train,1851,29558,correct,0,correct/1851-0.png,128b21964666fb3de57141a57ee5cce383982e062b172e449e1fd8ef094473d0,188190da525817dc8acf5860f4796bdff87d788d696db8860e4484b87b0d49e3,4,0.7417600154876709,0.2359850037145115,0.28574857444000834,
B0,train,1851,29558,correct,1,correct/1851-1.png,6b2075805056426c2b2769dee4abcaafe3835727a2875cb3898be9adf40f98dc,188190da525817dc8acf5860f4796bdff87d788d696db8860e4484b87b0d49e3,4,0.7406575679779053,-0.13355404572178778,0.25802353842202375,
B0,train,1851,29558,wrong,0,wrong/1851-0.png,ef7ea83e6849f7bf884d5077177ecced379ef11337c9618b8eb66a25e6b1daa2,188190da525817dc8acf5860f4796bdff87d788d696db8860e4484b87b0d49e3,4,0.5739917159080505,0.07613095337031223,0.2066039629010895,
B0,train,1851,29558,wrong,1,wrong/1851-1.png,abedcc8f79bae40a777dad78ddd82bbcb572357ab1dd57ae480691c9d99f3990,188190da525817dc8acf5860f4796bdff87d788d696db8860e4484b87b0d49e3,4,0.6031632423400879,-0.06750107412337888,0.2283724563299886,
B0,train,29558,59471,correct,0,correct/29558-0.png,c159c627cfcd86f9d99ba63f019215f0eef67ec5502991d6d610a5aac43c4257,d4f50b468f1dc8f7d4702325ac959d4156f0c8bf16b62bf4a9358e56b8e5fd95,4,0.6003029346466064,0.32523113885416405,0.17868326047863292,
B0,train,29558,59471,correct,1,correct/29558-1.png,32ea68ef476cd0fe3b32b5f8b5e3ecd59f6e5abd4f444252e25f2f7db7a07728,d4f50b468f1dc8f7d4702325ac959d4156f0c8bf16b62bf4a9358e56b8e5fd95,4,0.6798782348632812,-0.11943544207711405,0.14201980579853485,
B0,train,29558,59471,wrong,0,wrong/29558-0.png,318527de38de58d52e4c8bc1f833f5676c1b660fc7fa1bb889b2805bbd4ffdea,d4f50b468f1dc8f7d4702325ac959d4156f0c8bf16b62bf4a9358e56b8e5fd95,4,0.5929485559463501,0.20293122751302545,0.19173782910761616,
B0,train,29558,59471,wrong,1,wrong/29558-1.png,ba308f41625e2a11e5cda7cc7f13494c18716fb58f6e35a9655ed6580a7a9631,d4f50b468f1dc8f7d4702325ac959d4156f0c8bf16b62bf4a9358e56b8e5fd95,4,0.5573688745498657,-0.09453962536012382,0.1943489077943735,
B0,train,59471,59462,correct,0,correct/59471-0.png,c063ca6f725d09954bfa2c5c47bde16128162332a8ca691c384d86439145e8fa,b4fa87514dd7153326432d061052bad5be5bf519dd3bde07fb0c25a365f3c72f,4,0.46635568141937256,0.0055679024776142515,0.2636348118939313,
B0,train,59471,59462,correct,1,correct/59471-1.png,8ccf4895dd0581cf2b944a8f9378a8b3d22c1962a9505c4cca1a4c1bb6bf7e97,b4fa87514dd7153326432d061052bad5be5bf519dd3bde07fb0c25a365f3c72f,4,0.7024903297424316,0.22251903520526986,0.3013997785803824,
B0,train,59471,59462,wrong,0,wrong/59471-0.png,9023c9f7d739e212508f9da39e413795ae0ddf01f4eba880307f909272876e57,b4fa87514dd7153326432d061052bad5be5bf519dd3bde07fb0c25a365f3c72f,4,0.4368707835674286,-0.06254482670672575,0.2471732692833997,
B0,train,59471,59462,wrong,1,wrong/59471-1.png,e29bd2c8caffa2997cbacb93e692d120859e3d0c994070f6f4d3c787c51c4980,b4fa87514dd7153326432d061052bad5be5bf519dd3bde07fb0c25a365f3c72f,4,0.4427117109298706,0.023186625714996842,0.3131505078459299,
B0,train,59462,16584,correct,0,correct/59462-0.png,d60efb9992db4d31ebf91b5b7a067a02e262545102d6922dcd7047a5fb5b4f06,3b132841b0fe38b219783249fe32270846c6578311c1dd2c29efe92e602aeeca,4,0.8387112617492676,-0.17872649399826485,0.21481117287945567,
B0,train,59462,16584,correct,1,correct/59462-1.png,0a1fe010a4fa2a94e9d7ecd5e1016f78f13c5819f5ae46a8c2cef9dbaf2155bd,3b132841b0fe38b219783249fe32270846c6578311c1dd2c29efe92e602aeeca,4,0.7487119436264038,0.13621515707655998,0.2794582138499351,
B0,train,59462,16584,wrong,0,wrong/59462-0.png,5123c44bbba6a129cb76ecddd547824b8adc96bbab03d02d51bee531063f4242,3b132841b0fe38b219783249fe32270846c6578311c1dd2c29efe92e602aeeca,4,0.58878493309021,0.02220189666048067,0.16896239388238282,
B0,train,59462,16584,wrong,1,wrong/59462-1.png,10ea8a4550374f09dea651c3038871fd45afda9d1195ba7d589028959329b3e1,3b132841b0fe38b219783249fe32270846c6578311c1dd2c29efe92e602aeeca,4,0.5723341703414917,-0.09591205382187526,0.13137028376714882,
H1000,train,16584,40682,correct,0,correct/16584-0.png,dcdc3d4e855a9c5182e6cf8542f3c6adb799b145fd82cf363a663087ed098549,a7a40302f6fddd927f6db9d528b67f03df45ce3933ba39d58a055f027930964d,,0.5680031180381775,-0.11076651000009102,0.08220056573287711,557c77b4627d0c86adac8d32b1178e589f70d2e49e01b8ca541afad3712df394
H1000,train,16584,40682,correct,1,correct/16584-1.png,be15e1d95d16c0d82615984e4c3bb0a8b9526bab9fa2fc2654b9eebbdee54f8c,a7a40302f6fddd927f6db9d528b67f03df45ce3933ba39d58a055f027930964d,,0.6310474872589111,0.09153682387694254,0.08327358803112166,557c77b4627d0c86adac8d32b1178e589f70d2e49e01b8ca541afad3712df394
H1000,train,40682,38942,correct,0,correct/40682-0.png,b6c9133c53b99ae48f33c557d8a3cfe4b95520e91efd8ec8b363bfad0a1608bf,6490897e817774a341cca2ee5aba081e04f285f50e6f0a1474fc3ccbd4a33f68,,0.7126593589782715,0.530156110712208,0.42581212573668387,557c77b4627d0c86adac8d32b1178e589f70d2e49e01b8ca541afad3712df394
H1000,train,40682,38942,correct,1,correct/40682-1.png,482ef682d0026734d222e325c40add69b7f8d6a9fb6c322cbc661dbb27ad065b,6490897e817774a341cca2ee5aba081e04f285f50e6f0a1474fc3ccbd4a33f68,,0.8369143009185791,0.5973685776934826,0.4509471083271746,557c77b4627d0c86adac8d32b1178e589f70d2e49e01b8ca541afad3712df394
H1000,train,38942,4905,correct,0,correct/38942-0.png,466850472a237f8df2f3f55550b17c2e6a9a47fb468d9238789c81cbaa829c11,6756f9274e866ca54bb80f773b9ae5ebe24c536f1c5877b0f8c954379b24bd06,,0.7161580324172974,0.10110467793740656,0.4163806228638098,557c77b4627d0c86adac8d32b1178e589f70d2e49e01b8ca541afad3712df394
H1000,train,38942,4905,correct,1,correct/38942-1.png,96f01e0381a3503227c348d1fd235c15598a5153d8025d0f6b69866d0258261b,6756f9274e866ca54bb80f773b9ae5ebe24c536f1c5877b0f8c954379b24bd06,,0.6691523790359497,0.10543775152927858,0.36280704266787245,557c77b4627d0c86adac8d32b1178e589f70d2e49e01b8ca541afad3712df394
H1000,train,4905,17344,correct,0,correct/4905-0.png,0c4d528a72a9847fdf734a8f9e47632ec83ea83f93e15442e55c2e4fe0f6a7da,232ae311abc85f162496cc1486aef8d8928ea428f00d77ec4e79c0b70f3aac41,,0.5718970894813538,0.05454198117032976,0.29409619096053613,557c77b4627d0c86adac8d32b1178e589f70d2e49e01b8ca541afad3712df394
H1000,train,4905,17344,correct,1,correct/4905-1.png,0740599ef9bc8d4d62b91fd91858b7e13dc26ed2227a0b3a0b11e5e6476831c2,232ae311abc85f162496cc1486aef8d8928ea428f00d77ec4e79c0b70f3aac41,,0.5812914371490479,0.0296459278587321,0.28159484981337407,557c77b4627d0c86adac8d32b1178e589f70d2e49e01b8ca541afad3712df394
H1000,train,17344,32725,correct,0,correct/17344-0.png,8e48f572ee330401ea841288881058b6d77b75cea7966f4389f9af564ae8f7c1,d75f90f3c918af7779f08413e1b2dfa9f0b7ab7532546f74ce58b50b36b8817d,,0.668415904045105,0.11540091818916252,0.21608004924056312,557c77b4627d0c86adac8d32b1178e589f70d2e49e01b8ca541afad3712df394
H1000,train,17344,32725,correct,1,correct/17344-1.png,d1bd14ad10ef109da2aed7559abf1409c107ac3b44e7372ec04b425e2ccf5a19,d75f90f3c918af7779f08413e1b2dfa9f0b7ab7532546f74ce58b50b36b8817d,,0.5679951310157776,0.08933931349930584,0.16697452743869645,557c77b4627d0c86adac8d32b1178e589f70d2e49e01b8ca541afad3712df394
H1000,train,32725,28449,correct,0,correct/32725-0.png,57762edc5168da1d6f7231e843a931147270f1ee3d127d261dbb277604bb374c,30cb1309cb356060719cfdd1a31df932276e218be091252aa0a0840e43a975a0,,0.8238801956176758,0.5016846002203371,0.17641995319322287,557c77b4627d0c86adac8d32b1178e589f70d2e49e01b8ca541afad3712df394
H1000,train,32725,28449,correct,1,correct/32725-1.png,de8d8adabd73d99c24585505f1fd534429515c249a29029c6a9cf5698525cf04,30cb1309cb356060719cfdd1a31df932276e218be091252aa0a0840e43a975a0,,0.8071466684341431,0.09337746029596702,0.16154291354424377,557c77b4627d0c86adac8d32b1178e589f70d2e49e01b8ca541afad3712df394
H1000,train,28449,4723,correct,0,correct/28449-0.png,c173e9f5742a9a50f49fc04812fb39f1a5817874d52261dec33fca203689f7b0,90d88f3ceba98dfa2fef3ccc0ef7371f2f798a6d92f3a246b5683fc6f9692144,,0.5621885061264038,-0.266282611547723,0.45749934899758105,557c77b4627d0c86adac8d32b1178e589f70d2e49e01b8ca541afad3712df394
H1000,train,28449,4723,correct,1,correct/28449-1.png,459d5129fe50dbdf5eb48a67bcd1353c60ccc6d770dd89ed1e4ce1f8d07dfc37,90d88f3ceba98dfa2fef3ccc0ef7371f2f798a6d92f3a246b5683fc6f9692144,,0.5842175483703613,-0.003554941297059256,0.434814877701373,557c77b4627d0c86adac8d32b1178e589f70d2e49e01b8ca541afad3712df394
H1000,train,4723,70126,correct,0,correct/4723-0.png,db93641e6c17d46820a61653e08e665b257ce42aa63a1f482392cfaaa9776a09,9b2d92a8a3a0047433a0e8cca9e67818d62ddbeef410226b718fcc0322330a93,,0.5461609363555908,0.09752800949404151,0.29770569271015657,557c77b4627d0c86adac8d32b1178e589f70d2e49e01b8ca541afad3712df394
H1000,train,4723,70126,correct,1,correct/4723-1.png,6017bcf9e0cae9a5203062021a5296fbb46bb5ce252a17bc2a945bdf429d7a25,9b2d92a8a3a0047433a0e8cca9e67818d62ddbeef410226b718fcc0322330a93,,0.5652201175689697,-0.018990090515047704,0.2772620879519221,557c77b4627d0c86adac8d32b1178e589f70d2e49e01b8ca541afad3712df394
H1000,train,70126,26393,correct,0,correct/70126-0.png,bcb238b81d745765325196c1564230d1e5f0a193b7efa815993a578ac9b9eeff,771c06d63c9d651090499055b39e8c422b32ab0e89b8878983be0d8b35226c9d,,0.6785978674888611,-0.005297482068647816,0.3080323821028162,557c77b4627d0c86adac8d32b1178e589f70d2e49e01b8ca541afad3712df394
H1000,train,70126,26393,correct,1,correct/70126-1.png,fb6d4fff44bac6e0209a041127fb5512d715f3ae05e7f0d24a35ae4ba930d761,771c06d63c9d651090499055b39e8c422b32ab0e89b8878983be0d8b35226c9d,,0.6706886291503906,-0.14213722304457055,0.24171806072290017,557c77b4627d0c86adac8d32b1178e589f70d2e49e01b8ca541afad3712df394
H1000,train,26393,33748,correct,0,correct/26393-0.png,5e6f4caf5042a826e9e300162ed826a4a62e82f446232ae626b3b767464bafae,0019d2d1ccc1627f42428b0f1cd396e261b1006a37d9c6990b31189dc07e534f,,0.7136197090148926,-0.07316157100898188,0.5602222558953073,557c77b4627d0c86adac8d32b1178e589f70d2e49e01b8ca541afad3712df394
H1000,train,26393,33748,correct,1,correct/26393-1.png,ba0ed8f91911e1f7ad9aa0f64b565fe460aef4da91ff640e6ef1b3fa8d2be817,0019d2d1ccc1627f42428b0f1cd396e261b1006a37d9c6990b31189dc07e534f,,0.7633078098297119,-0.006916586212058745,0.4805870844376434,557c77b4627d0c86adac8d32b1178e589f70d2e49e01b8ca541afad3712df394
H1000,train,33748,57293,correct,0,correct/33748-0.png,1579175ce0a689716941232c6509c49f074dba357d44155ce617d861af732992,ea12a6e5334d683616001b6e1d93e997a3eb53d67412edf2f0a4c6526ff5b880,,0.8455920219421387,0.5711010866978917,0.29986428373106944,557c77b4627d0c86adac8d32b1178e589f70d2e49e01b8ca541afad3712df394
H1000,train,33748,57293,correct,1,correct/33748-1.png,cff1b88c198ea585ec31a0db041997a9b3ef76aa81feb5315fb9e5dd4e624276,ea12a6e5334d683616001b6e1d93e997a3eb53d67412edf2f0a4c6526ff5b880,,0.8807930946350098,0.5436639332429297,0.3105978259920392,557c77b4627d0c86adac8d32b1178e589f70d2e49e01b8ca541afad3712df394
H1000,train,57293,20217,correct,0,correct/57293-0.png,2d34665adb2e6898315d681c14dde4aa1b3026232d19c5e570f6c7b1baed0b66,2ce3fbbaf3262abce9abef7120e90ccb53908017cf443112e22b9f7e8cb94ef1,,0.6346073746681213,0.17129525985513855,0.2296200268843371,557c77b4627d0c86adac8d32b1178e589f70d2e49e01b8ca541afad3712df394
H1000,train,57293,20217,correct,1,correct/57293-1.png,ef7e680ce8a217ccb55fbe175b72ad107d2333c49569055d198b09d60322402a,2ce3fbbaf3262abce9abef7120e90ccb53908017cf443112e22b9f7e8cb94ef1,,0.8752226829528809,-0.20721872178450845,0.16714052172579463,557c77b4627d0c86adac8d32b1178e589f70d2e49e01b8ca541afad3712df394
H1000,train,20217,15879,correct,0,correct/20217-0.png,8c56d5780807c0f622e0e40ec41726ebf2d50483bd8b7fc311b1098d965dc8ca,9bb0eb851e424337b776988233bca0f9b0b9703bdb62158841eefc42f9e34149,,0.6150676012039185,0.08810243359788417,0.33366239033542927,557c77b4627d0c86adac8d32b1178e589f70d2e49e01b8ca541afad3712df394
H1000,train,20217,15879,correct,1,correct/20217-1.png,10d5bcaaac25ece8df820d8084922ff4497149e7a2bb24b42ba7aad02d484b50,9bb0eb851e424337b776988233bca0f9b0b9703bdb62158841eefc42f9e34149,,0.7047736048698425,0.051107102964677194,0.2563618104061074,557c77b4627d0c86adac8d32b1178e589f70d2e49e01b8ca541afad3712df394
H1000,train,15879,69036,correct,0,correct/15879-0.png,55b1964f7288ce4be28f01047010395af32c6beaec50e48c66f9e0d98fca38e5,4f7529cc349f0c11166395691ea3a37adcf291e281069f184da9b7340fc99034,,0.6907486319541931,0.18857975295022508,0.23617929372717156,557c77b4627d0c86adac8d32b1178e589f70d2e49e01b8ca541afad3712df394
H1000,train,15879,69036,correct,1,correct/15879-1.png,ef56bb5401246b207eca97519b6a47fca1177295f0e8c765170768d758a7a167,4f7529cc349f0c11166395691ea3a37adcf291e281069f184da9b7340fc99034,,0.7334954738616943,0.14061725619427992,0.2332500170585348,557c77b4627d0c86adac8d32b1178e589f70d2e49e01b8ca541afad3712df394
H1000,train,69036,3625,correct,0,correct/69036-0.png,a7c604c91aaa4b9c0c25e07c3ad179c341126b883a679d5fb8a5de805a456b38,1acec16aba650738ce719ea1e3bbdffbf0ec38d66415cd99991204bc1cc04fb5,,0.9319677948951721,0.5185319351673999,0.33413945590555805,557c77b4627d0c86adac8d32b1178e589f70d2e49e01b8ca541afad3712df394
H1000,train,69036,3625,correct,1,correct/69036-1.png,dcbc02ba48f073839a49ee24b12439f0e53a47e568326cc81c011d4b69d59d9f,1acec16aba650738ce719ea1e3bbdffbf0ec38d66415cd99991204bc1cc04fb5,,0.8894095420837402,0.589460881258448,0.3791727230592781,557c77b4627d0c86adac8d32b1178e589f70d2e49e01b8ca541afad3712df394
H1000,train,3625,23696,correct,0,correct/3625-0.png,34e023d6f11bd8f0d3dedac9bff87abbac5a0f4ac141667fa4cf2b09c0729bda,d9a5c95b29350d57eb94358eb9a21cd680af72d44f9a1759000eaf57a7e92392,,0.680618166923523,-0.08971697064461095,0.16742296489782688,557c77b4627d0c86adac8d32b1178e589f70d2e49e01b8ca541afad3712df394
H1000,train,3625,23696,correct,1,correct/3625-1.png,e220028e7cdff2000c4555925bf642016c70a01d27330bca07057e7f8bb73e8a,d9a5c95b29350d57eb94358eb9a21cd680af72d44f9a1759000eaf57a7e92392,,0.7819336652755737,-0.08602245720249772,0.16853102255180089,557c77b4627d0c86adac8d32b1178e589f70d2e49e01b8ca541afad3712df394
H1000,train,23696,44010,correct,0,correct/23696-0.png,360f0a5f37d7d92e505c20fdbc1709396fadebd7b1e204a22d7a84e0ba4f640b,2fd882d695c4a24c1f03243124fd54f215d1c687123a46ba99d6ef66f4bf0827,,0.5956073999404907,-0.5430853196747263,0.5097821059226892,557c77b4627d0c86adac8d32b1178e589f70d2e49e01b8ca541afad3712df394
H1000,train,23696,44010,correct,1,correct/23696-1.png,e17ffe714e058abcb9a9e7682f683360256f2aab03046d4685081518a5e2cba5,2fd882d695c4a24c1f03243124fd54f215d1c687123a46ba99d6ef66f4bf0827,,0.5789328217506409,0.23096961797167548,0.5774164704538686,557c77b4627d0c86adac8d32b1178e589f70d2e49e01b8ca541afad3712df394
H1000,train,44010,21652,correct,0,correct/44010-0.png,860adb9b45ffce01ee650cd20b01919c4d3cce3f87360854b13d479dc645f273,35aa86981174181a98b4ce51d8b65a8bd0f95c2ceec4818494682c0873f3225b,,0.7330684065818787,0.19105580872861833,0.4067221453065129,557c77b4627d0c86adac8d32b1178e589f70d2e49e01b8ca541afad3712df394
H1000,train,44010,21652,correct,1,correct/44010-1.png,d1fe6d0f5cce4c62b0abffc552748aa8e309420c395a6d27c5e7b1823cfcd7ac,35aa86981174181a98b4ce51d8b65a8bd0f95c2ceec4818494682c0873f3225b,,0.6951855421066284,0.16726205620546133,0.3919754887448019,557c77b4627d0c86adac8d32b1178e589f70d2e49e01b8ca541afad3712df394
H1000,train,21652,6970,correct,0,correct/21652-0.png,88376b39838fbc8736d96cc51cbdf6ee7d526429a9b8602c89637fe962b6e93c,deca6335f8f41d705a173f0a516e337acfc6c53d86d5870f07649aa25f90a597,,0.7014000415802002,0.135456806561207,0.3070567981380375,557c77b4627d0c86adac8d32b1178e589f70d2e49e01b8ca541afad3712df394
H1000,train,21652,6970,correct,1,correct/21652-1.png,a416f8ce8820bc995b537465a5fc7370f77718a3303fa89222ea0d576b208905,deca6335f8f41d705a173f0a516e337acfc6c53d86d5870f07649aa25f90a597,,0.6049869060516357,0.1893519506313977,0.31935914213747746,557c77b4627d0c86adac8d32b1178e589f70d2e49e01b8ca541afad3712df394
H1000,train,6970,35190,correct,0,correct/6970-0.png,257c5499f30f8a723e4d4911eaa2f021792f4d2ba3c0880df7c562cfe44dd36e,7b6545b71671e9b1cdbb3e8f1f39d98a09c15c1547791b5eb984bee429ac7e4c,,0.5574014782905579,-0.5120583454496747,0.5555975978391778,557c77b4627d0c86adac8d32b1178e589f70d2e49e01b8ca541afad3712df394
H1000,train,6970,35190,correct,1,correct/6970-1.png,0b1c6f57e773339355150ab4172828a04c65868fc9f145c32a3610c531d3a687,7b6545b71671e9b1cdbb3e8f1f39d98a09c15c1547791b5eb984bee429ac7e4c,,0.5684641599655151,0.003890786016261712,0.46218096035007694,557c77b4627d0c86adac8d32b1178e589f70d2e49e01b8ca541afad3712df394
H1000,train,35190,50780,correct,0,correct/35190-0.png,2b8ef5044b34db169cbcbe51a4367a8a412e14d8f9f59df222072bae49e846e5,af8e89553ecca28153a718e9873c66236d4964e90116ec65807e8436d27a2c9a,,0.5494364500045776,0.020504241375233403,0.18752861230070922,557c77b4627d0c86adac8d32b1178e589f70d2e49e01b8ca541afad3712df394
H1000,train,35190,50780,correct,1,correct/35190-1.png,01ab56a0a2d032bd352b7e4127af625b6b29cdd7bf0dffa4ae74224ec638f526,af8e89553ecca28153a718e9873c66236d4964e90116ec65807e8436d27a2c9a,,0.726230263710022,-0.1335677988666506,0.18208124243922683,557c77b4627d0c86adac8d32b1178e589f70d2e49e01b8ca541afad3712df394
H1000,train,50780,45620,correct,0,correct/50780-0.png,9582d6bf43bf97151575453f19ea1585a95bf3df380daa4d9e891571e9514011,3800def8e5bed900fc332f8ffc34dbd027ba1e4cb2ec365891217aeeffe7820e,,0.7953025698661804,0.3788452360189805,0.4292855701054832,557c77b4627d0c86adac8d32b1178e589f70d2e49e01b8ca541afad3712df394
H1000,train,50780,45620,correct,1,correct/50780-1.png,4bbd04780d20b7d33a9476e64c0ecdb8ca24bc06cce7f2df6a1537f406f6ae31,3800def8e5bed900fc332f8ffc34dbd027ba1e4cb2ec365891217aeeffe7820e,,0.7249678373336792,0.3155584239492245,0.42936413957444125,557c77b4627d0c86adac8d32b1178e589f70d2e49e01b8ca541afad3712df394
H1000,train,45620,27323,correct,0,correct/45620-0.png,60dd5c0afca8c7f9beb27d6b95733083b63a5687ec617b6a3b16e7cad7c44382,cfb5d1c1124c830ac684d4a9eb24f448e9e3feb4d28302f59cd353c4d54b08f5,,0.9189206957817078,0.21165030092969805,0.31351663707688615,557c77b4627d0c86adac8d32b1178e589f70d2e49e01b8ca541afad3712df394
H1000,train,45620,27323,correct,1,correct/45620-1.png,3b531ff6f9dfbc88bfb726a71b342252a1e6764266b5801b2e81950f2481fd28,cfb5d1c1124c830ac684d4a9eb24f448e9e3feb4d28302f59cd353c4d54b08f5,,0.8710854053497314,0.09263127454096981,0.28745487903029,557c77b4627d0c86adac8d32b1178e589f70d2e49e01b8ca541afad3712df394
H1000,train,27323,51581,correct,0,correct/27323-0.png,9a890b6712dd5245bdcd5b14d382cc9f8e3c1fd683dbcde5dcd8a70216d480a1,250f095a178dc365e3b06928d3751554e4b9fcf734e8d3febc3dc4b1ed354d81,,0.6566094160079956,0.13029243763962006,0.318039407316458,557c77b4627d0c86adac8d32b1178e589f70d2e49e01b8ca541afad3712df394
H1000,train,27323,51581,correct,1,correct/27323-1.png,67400bebe5d0fb25a8862166074346a94ffbca63e2a6db0a44b50447652d42c9,250f095a178dc365e3b06928d3751554e4b9fcf734e8d3febc3dc4b1ed354d81,,0.6493499875068665,0.10674673876924563,0.33567925558320144,557c77b4627d0c86adac8d32b1178e589f70d2e49e01b8ca541afad3712df394
H1000,train,51581,7163,correct,0,correct/51581-0.png,5651e6d0e0b7d271d5007485dbb151459c7b37c3be6ae86bc6a0c54d11bc15b0,59fe651ba15a38d4aa5b9170e24c4cea5800db389b7e7827656ae888d3e80997,,0.6322001814842224,0.11610350197267423,0.40917550146424914,557c77b4627d0c86adac8d32b1178e589f70d2e49e01b8ca541afad3712df394
H1000,train,51581,7163,correct,1,correct/51581-1.png,751597a64e5b69ab8f183bc263836cdd8f0f12cc539048c12964dd8645e7b772,59fe651ba15a38d4aa5b9170e24c4cea5800db389b7e7827656ae888d3e80997,,0.6967710256576538,-0.12186974707861885,0.3775310266755504,557c77b4627d0c86adac8d32b1178e589f70d2e49e01b8ca541afad3712df394
H1000,train,7163,50828,correct,0,correct/7163-0.png,3fc424f3cc97af32fe607eb5cb24df52c7c25cef3aea12a1871a876f06f79e10,659e03fd2f5364391e8656e2b6780af8470d98817eeb4e595832d969088031ca,,0.6907994747161865,0.04836235475821427,0.3023650953351168,557c77b4627d0c86adac8d32b1178e589f70d2e49e01b8ca541afad3712df394
H1000,train,7163,50828,correct,1,correct/7163-1.png,01bc83456733c28b6b63629141b043e302be6ba31a2972e9e6608fbd9123b34a,659e03fd2f5364391e8656e2b6780af8470d98817eeb4e595832d969088031ca,,0.577322781085968,-0.02391073496027765,0.3275359443762227,557c77b4627d0c86adac8d32b1178e589f70d2e49e01b8ca541afad3712df394
H1000,train,50828,53785,correct,0,correct/50828-0.png,2f7f9bdf6812e9078374fa23db35b98fea9e4bf1515b241dc05fb13e18548b83,8a06d6161798ccc7ac94de944423be5b2f20143c1f68d159adfe6c325e55c945,,0.8007073402404785,-0.11639430634215422,0.36191310467590243,557c77b4627d0c86adac8d32b1178e589f70d2e49e01b8ca541afad3712df394
H1000,train,50828,53785,correct,1,correct/50828-1.png,fdeed234895409012fac1a188cf1536d71fcd06b3641c429c5c2e42d760cae8d,8a06d6161798ccc7ac94de944423be5b2f20143c1f68d159adfe6c325e55c945,,0.8080025911331177,0.04606340910277957,0.4889191857853395,557c77b4627d0c86adac8d32b1178e589f70d2e49e01b8ca541afad3712df394
H1000,train,53785,1851,correct,0,correct/53785-0.png,fc8520556cc1f1f0584749b5a14a2f0d99c8affc4ec09308bf5fc01a3cc798ce,64721bcb46da572d03f6a59b25eceafa5c909eee9cbbd60b1f8c77637995962c,,0.620916485786438,0.13365521500190516,0.3342553587652411,557c77b4627d0c86adac8d32b1178e589f70d2e49e01b8ca541afad3712df394
H1000,train,53785,1851,correct,1,correct/53785-1.png,9a8a3125eb4421e82a0ed5786667020e27b9936f5be020df77f1a00ea2117a8a,64721bcb46da572d03f6a59b25eceafa5c909eee9cbbd60b1f8c77637995962c,,0.6129465103149414,-0.07574624516985934,0.26717114009642806,557c77b4627d0c86adac8d32b1178e589f70d2e49e01b8ca541afad3712df394
H1000,train,1851,29558,correct,0,correct/1851-0.png,204801df5ab34e7bb5b2706a578291b3d84d56463d5f1eea5d010e0cca55e6ad,188190da525817dc8acf5860f4796bdff87d788d696db8860e4484b87b0d49e3,,0.8168179988861084,0.27902955184790096,0.3088383566407188,557c77b4627d0c86adac8d32b1178e589f70d2e49e01b8ca541afad3712df394
H1000,train,1851,29558,correct,1,correct/1851-1.png,98733d3347f25d096b41e901c60addf32c3e0639a0e000236c9c3945c070cd2b,188190da525817dc8acf5860f4796bdff87d788d696db8860e4484b87b0d49e3,,0.7960404753684998,-0.1354024026675906,0.23115587158784365,557c77b4627d0c86adac8d32b1178e589f70d2e49e01b8ca541afad3712df394
H1000,train,29558,59471,correct,0,correct/29558-0.png,945e645c5464818b11511c9713d53995ab19e45682c6fd6cf8a55e3396da05c0,d4f50b468f1dc8f7d4702325ac959d4156f0c8bf16b62bf4a9358e56b8e5fd95,,0.6876413822174072,0.3244603446434508,0.19339588285694867,557c77b4627d0c86adac8d32b1178e589f70d2e49e01b8ca541afad3712df394
H1000,train,29558,59471,correct,1,correct/29558-1.png,9cd0492a033748ecc311c78a6e35c261c2d37e32b2c1ae4c2cbf828bd6c0e03b,d4f50b468f1dc8f7d4702325ac959d4156f0c8bf16b62bf4a9358e56b8e5fd95,,0.6174163818359375,0.02758238657479564,0.2114521361710909,557c77b4627d0c86adac8d32b1178e589f70d2e49e01b8ca541afad3712df394
H1000,train,59471,59462,correct,0,correct/59471-0.png,ad1de5332dbb5be253d5c8223c130b5b3d1426d36228e136d4a531d68d0e894c,b4fa87514dd7153326432d061052bad5be5bf519dd3bde07fb0c25a365f3c72f,,0.6644899845123291,0.2887914875206098,0.31153083376293667,557c77b4627d0c86adac8d32b1178e589f70d2e49e01b8ca541afad3712df394
H1000,train,59471,59462,correct,1,correct/59471-1.png,65e400a565ea3a2a7aae53e3e6fb023e435f8c6d445aea9c6163b4c47f7302b8,b4fa87514dd7153326432d061052bad5be5bf519dd3bde07fb0c25a365f3c72f,,0.6573859453201294,0.16155363819702023,0.30119935524275737,557c77b4627d0c86adac8d32b1178e589f70d2e49e01b8ca541afad3712df394
H1000,train,59462,16584,correct,0,correct/59462-0.png,dd8bc478fd2aa903427585d28e0c9e1cffde711570f411c39aba3079f4742533,3b132841b0fe38b219783249fe32270846c6578311c1dd2c29efe92e602aeeca,,0.7661000490188599,-0.19117578512015018,0.1958828279750874,557c77b4627d0c86adac8d32b1178e589f70d2e49e01b8ca541afad3712df394
H1000,train,59462,16584,correct,1,correct/59462-1.png,837aadde9167fc1a5ab439d02b4d7c29c45f7aa30566997446dc72d12e4a8eb0,3b132841b0fe38b219783249fe32270846c6578311c1dd2c29efe92e602aeeca,,0.7973945140838623,0.14828419681157343,0.28079654941508,557c77b4627d0c86adac8d32b1178e589f70d2e49e01b8ca541afad3712df394
L1000,train,16584,40682,correct,0,correct/16584-0.png,a42b71f27e0c6dc4732eb44d4ebcf6fc2d13e0b897bdaac3d4057dbfe49878fd,a7a40302f6fddd927f6db9d528b67f03df45ce3933ba39d58a055f027930964d,,0.46192529797554016,-0.07490696213508839,0.07196500358696091,a9830ad2980810194db10a0c5a38bd2cdeee024fc46ac72a4bc497f56a4935b5
L1000,train,16584,40682,correct,1,correct/16584-1.png,0d79d59a04b9d85a4bba806677903b225b35b17159946b44ef356750d4e6432d,a7a40302f6fddd927f6db9d528b67f03df45ce3933ba39d58a055f027930964d,,0.6058251261711121,0.06441965166663524,0.08805641982897368,a9830ad2980810194db10a0c5a38bd2cdeee024fc46ac72a4bc497f56a4935b5
L1000,train,40682,38942,correct,0,correct/40682-0.png,84fa750bd70cdd1738bcbb445cdd36f579adbfa56f3b47f378a440bfa2ad0bbe,6490897e817774a341cca2ee5aba081e04f285f50e6f0a1474fc3ccbd4a33f68,,0.754234254360199,0.6142330131286766,0.4464484533703095,a9830ad2980810194db10a0c5a38bd2cdeee024fc46ac72a4bc497f56a4935b5
L1000,train,40682,38942,correct,1,correct/40682-1.png,21647934144b8e5faf2c6f2b028ee00ea262d11df17d186ff18ecb1f1d49f72a,6490897e817774a341cca2ee5aba081e04f285f50e6f0a1474fc3ccbd4a33f68,,0.8134905695915222,0.5850855537542619,0.4493863369513444,a9830ad2980810194db10a0c5a38bd2cdeee024fc46ac72a4bc497f56a4935b5
L1000,train,38942,4905,correct,0,correct/38942-0.png,78d364e6cacc978398da41a34401ccee32068e9a67518658f7befc7e4e801696,6756f9274e866ca54bb80f773b9ae5ebe24c536f1c5877b0f8c954379b24bd06,,0.7368048429489136,0.11270743302238742,0.4190701318237922,a9830ad2980810194db10a0c5a38bd2cdeee024fc46ac72a4bc497f56a4935b5
L1000,train,38942,4905,correct,1,correct/38942-1.png,fcd47073b24cc7ad94da9d56131af24489caa5718d858ec35f336bb7033042e5,6756f9274e866ca54bb80f773b9ae5ebe24c536f1c5877b0f8c954379b24bd06,,0.6949867606163025,0.10620560813452862,0.3578419727987949,a9830ad2980810194db10a0c5a38bd2cdeee024fc46ac72a4bc497f56a4935b5
L1000,train,4905,17344,correct,0,correct/4905-0.png,21893717843879e930067313700513e51e792ea1d6546b2313f27653f2eeba35,232ae311abc85f162496cc1486aef8d8928ea428f00d77ec4e79c0b70f3aac41,,0.6227180361747742,0.05822190319777723,0.2465242842516112,a9830ad2980810194db10a0c5a38bd2cdeee024fc46ac72a4bc497f56a4935b5
L1000,train,4905,17344,correct,1,correct/4905-1.png,76989a05bc5c33d0eb7c8ea5903fa625a4e11c5169f2a304e475dd80ac0ec986,232ae311abc85f162496cc1486aef8d8928ea428f00d77ec4e79c0b70f3aac41,,0.654601514339447,0.021272655229561097,0.2655488403892227,a9830ad2980810194db10a0c5a38bd2cdeee024fc46ac72a4bc497f56a4935b5
L1000,train,17344,32725,correct,0,correct/17344-0.png,4b2085e3cbc50c48d74e525217277077f3291c6a6c331f4b0f2569837fc9c10b,d75f90f3c918af7779f08413e1b2dfa9f0b7ab7532546f74ce58b50b36b8817d,,0.6306208968162537,0.13576723775760635,0.21799139468539666,a9830ad2980810194db10a0c5a38bd2cdeee024fc46ac72a4bc497f56a4935b5
L1000,train,17344,32725,correct,1,correct/17344-1.png,bf812df689d08dfa3e78b8db05b56cbae93d9f3dd24666ca0250204c2a613fcd,d75f90f3c918af7779f08413e1b2dfa9f0b7ab7532546f74ce58b50b36b8817d,,0.4830494523048401,0.01573611237470932,0.15877950846642888,a9830ad2980810194db10a0c5a38bd2cdeee024fc46ac72a4bc497f56a4935b5
L1000,train,32725,28449,correct,0,correct/32725-0.png,9fb7c5cf42f0ad2d87c08a57aba911e8b7ac9764443efe4c9be7ee6e7c6c70ee,30cb1309cb356060719cfdd1a31df932276e218be091252aa0a0840e43a975a0,,0.8343611359596252,0.508657716522586,0.1711326900650136,a9830ad2980810194db10a0c5a38bd2cdeee024fc46ac72a4bc497f56a4935b5
L1000,train,32725,28449,correct,1,correct/32725-1.png,bc1f4dcffadc52df3c231bfa2db4ef89c0e4abbe38ea4d84fced6e36fa141b53,30cb1309cb356060719cfdd1a31df932276e218be091252aa0a0840e43a975a0,,0.8384221792221069,0.3330086702145983,0.15494087931300146,a9830ad2980810194db10a0c5a38bd2cdeee024fc46ac72a4bc497f56a4935b5
L1000,train,28449,4723,correct,0,correct/28449-0.png,2beb764c862a3627906f1260b5707ab72b19c4b9bb67d9d3173d5456343ed37e,90d88f3ceba98dfa2fef3ccc0ef7371f2f798a6d92f3a246b5683fc6f9692144,,0.5594260692596436,-0.20334882738184987,0.46432294648795813,a9830ad2980810194db10a0c5a38bd2cdeee024fc46ac72a4bc497f56a4935b5
L1000,train,28449,4723,correct,1,correct/28449-1.png,679b97c0faebd1045c8cfa7daceb04df3c1a5834f7b23a5f5d667c7323a8bc39,90d88f3ceba98dfa2fef3ccc0ef7371f2f798a6d92f3a246b5683fc6f9692144,,0.599258303642273,-0.3470298585267325,0.4440860373813977,a9830ad2980810194db10a0c5a38bd2cdeee024fc46ac72a4bc497f56a4935b5
L1000,train,4723,70126,correct,0,correct/4723-0.png,a8b8cc115ef9039b72a0edd10682d78590e408db4aed445c82396bf3e63bc6b8,9b2d92a8a3a0047433a0e8cca9e67818d62ddbeef410226b718fcc0322330a93,,0.5545365810394287,0.07563598029743089,0.2904818799706417,a9830ad2980810194db10a0c5a38bd2cdeee024fc46ac72a4bc497f56a4935b5
L1000,train,4723,70126,correct,1,correct/4723-1.png,d845cb692671974787219f00e74506f2b70063f43ecae8a862bdfd1481b40083,9b2d92a8a3a0047433a0e8cca9e67818d62ddbeef410226b718fcc0322330a93,,0.6028128862380981,-0.0054541841907057124,0.28778523341229134,a9830ad2980810194db10a0c5a38bd2cdeee024fc46ac72a4bc497f56a4935b5
L1000,train,70126,26393,correct,0,correct/70126-0.png,4fbb5cb46a56a947d9694b8f859fa680e64eef5eea15f3ae8220b8ed21ea65c0,771c06d63c9d651090499055b39e8c422b32ab0e89b8878983be0d8b35226c9d,,0.6492437124252319,0.03168240413918044,0.28878054777157613,a9830ad2980810194db10a0c5a38bd2cdeee024fc46ac72a4bc497f56a4935b5
L1000,train,70126,26393,correct,1,correct/70126-1.png,8a3e0f772ad4657972706970372fcd2b4b5bf3f5a359cd3db411752e1fcb65fa,771c06d63c9d651090499055b39e8c422b32ab0e89b8878983be0d8b35226c9d,,0.6208965182304382,-0.13758249213506502,0.30340435318175357,a9830ad2980810194db10a0c5a38bd2cdeee024fc46ac72a4bc497f56a4935b5
L1000,train,26393,33748,correct,0,correct/26393-0.png,a34e25a1ceb20b9be9fa80cc349ee030e9a8b96e3dc0d126d4796899a119cd6a,0019d2d1ccc1627f42428b0f1cd396e261b1006a37d9c6990b31189dc07e534f,,0.7117921710014343,-0.09514687149679234,0.5724481415609635,a9830ad2980810194db10a0c5a38bd2cdeee024fc46ac72a4bc497f56a4935b5
L1000,train,26393,33748,correct,1,correct/26393-1.png,346aba433b6e4b16da99bc79a694eaf670a931e6917ca1ef3f647686e5cd82a8,0019d2d1ccc1627f42428b0f1cd396e261b1006a37d9c6990b31189dc07e534f,,0.7415333986282349,0.02170976244677237,0.5150614266151525,a9830ad2980810194db10a0c5a38bd2cdeee024fc46ac72a4bc497f56a4935b5
L1000,train,33748,57293,correct,0,correct/33748-0.png,53fd86b1b0e29ee68a139fe770094cc552c5ba6bf12f2a228f91eeb09f124142,ea12a6e5334d683616001b6e1d93e997a3eb53d67412edf2f0a4c6526ff5b880,,0.9147752523422241,0.49656163516848845,0.2767607299620358,a9830ad2980810194db10a0c5a38bd2cdeee024fc46ac72a4bc497f56a4935b5
L1000,train,33748,57293,correct,1,correct/33748-1.png,a4d803ffba3a6848c5061596375c211c35541272e2d366f7675f1c26ef3aa173,ea12a6e5334d683616001b6e1d93e997a3eb53d67412edf2f0a4c6526ff5b880,,0.9248614311218262,0.6024558460579682,0.33410856384710924,a9830ad2980810194db10a0c5a38bd2cdeee024fc46ac72a4bc497f56a4935b5
L1000,train,57293,20217,correct,0,correct/57293-0.png,a2ca598296156737944430a36209fc3167739389c4fa026e8095563f282163fd,2ce3fbbaf3262abce9abef7120e90ccb53908017cf443112e22b9f7e8cb94ef1,,0.6424846053123474,0.2153183988545767,0.22339123456734564,a9830ad2980810194db10a0c5a38bd2cdeee024fc46ac72a4bc497f56a4935b5
L1000,train,57293,20217,correct,1,correct/57293-1.png,59b3c4e6e05388da10f4d4ca43554d41fba8513f073cd2f1b26e648c692175a7,2ce3fbbaf3262abce9abef7120e90ccb53908017cf443112e22b9f7e8cb94ef1,,0.8747127652168274,-0.08331103486535078,0.21724976804610516,a9830ad2980810194db10a0c5a38bd2cdeee024fc46ac72a4bc497f56a4935b5
L1000,train,20217,15879,correct,0,correct/20217-0.png,e7322996ad2d9e35513a7ebef54415f5f8e1ba6c5f17cd7a84c91f577b33f9ff,9bb0eb851e424337b776988233bca0f9b0b9703bdb62158841eefc42f9e34149,,0.644758939743042,0.10263092976112209,0.30055972132711645,a9830ad2980810194db10a0c5a38bd2cdeee024fc46ac72a4bc497f56a4935b5
L1000,train,20217,15879,correct,1,correct/20217-1.png,e59752e046427eb2f87ce64a625c7804c50a62b0f42f58a0726888cfc14d3f3f,9bb0eb851e424337b776988233bca0f9b0b9703bdb62158841eefc42f9e34149,,0.7031689286231995,0.05467577232032968,0.24682834525354272,a9830ad2980810194db10a0c5a38bd2cdeee024fc46ac72a4bc497f56a4935b5
L1000,train,15879,69036,correct,0,correct/15879-0.png,8e77c1a4b76060d4a1f7099c46fac17bb8155cd098321dccedbca6caf90144e7,4f7529cc349f0c11166395691ea3a37adcf291e281069f184da9b7340fc99034,,0.6204479932785034,0.16501252382186463,0.21734929722744958,a9830ad2980810194db10a0c5a38bd2cdeee024fc46ac72a4bc497f56a4935b5
L1000,train,15879,69036,correct,1,correct/15879-1.png,7561ced301c5eb2c91d3d70a5211075e0a8ea184b2c5f76a72920de96c8ce396,4f7529cc349f0c11166395691ea3a37adcf291e281069f184da9b7340fc99034,,0.6524072289466858,0.06730242840863186,0.20266778548946174,a9830ad2980810194db10a0c5a38bd2cdeee024fc46ac72a4bc497f56a4935b5
L1000,train,69036,3625,correct,0,correct/69036-0.png,a8c381a3795d3ab3267649d2c44f5b660619d0299c7e23286e325e5502b6e8d7,1acec16aba650738ce719ea1e3bbdffbf0ec38d66415cd99991204bc1cc04fb5,,0.9335622787475586,0.4675124900443257,0.32137326050010556,a9830ad2980810194db10a0c5a38bd2cdeee024fc46ac72a4bc497f56a4935b5
L1000,train,69036,3625,correct,1,correct/69036-1.png,16e110bc5846be7a8ab0096136240a8626cc092fbdde8daae88becfb9806e268,1acec16aba650738ce719ea1e3bbdffbf0ec38d66415cd99991204bc1cc04fb5,,0.9336614608764648,0.5284609373729824,0.3397687256711781,a9830ad2980810194db10a0c5a38bd2cdeee024fc46ac72a4bc497f56a4935b5
L1000,train,3625,23696,correct,0,correct/3625-0.png,7746c122f0cd56492b7977cd51bb9cc078270c0097442911df5f26f784ef67ad,d9a5c95b29350d57eb94358eb9a21cd680af72d44f9a1759000eaf57a7e92392,,0.7304976582527161,-0.08397330789973038,0.17203686353438924,a9830ad2980810194db10a0c5a38bd2cdeee024fc46ac72a4bc497f56a4935b5
L1000,train,3625,23696,correct,1,correct/3625-1.png,b518e6bdad6b1cee8f8ca66a3c8ff59c8de1a63b43f734b1f897a8d4dcfc56a2,d9a5c95b29350d57eb94358eb9a21cd680af72d44f9a1759000eaf57a7e92392,,0.7510186433792114,-0.12771258818317946,0.16157286515087593,a9830ad2980810194db10a0c5a38bd2cdeee024fc46ac72a4bc497f56a4935b5
L1000,train,23696,44010,correct,0,correct/23696-0.png,235018a33933ae8ea43c9dd5fc00e0bfca1d93acecbd8da1a91ab08411565c35,2fd882d695c4a24c1f03243124fd54f215d1c687123a46ba99d6ef66f4bf0827,,0.552035927772522,-0.45748759628355573,0.5373779048825269,a9830ad2980810194db10a0c5a38bd2cdeee024fc46ac72a4bc497f56a4935b5
L1000,train,23696,44010,correct,1,correct/23696-1.png,2436a27e5448b9ba95a9ee5d7b544b4e2138c5cfd50ac9b9928e81e62171ab76,2fd882d695c4a24c1f03243124fd54f215d1c687123a46ba99d6ef66f4bf0827,,0.6027469038963318,0.2692089465574144,0.582407253706442,a9830ad2980810194db10a0c5a38bd2cdeee024fc46ac72a4bc497f56a4935b5
L1000,train,44010,21652,correct,0,correct/44010-0.png,7f16c941c3e04908f49e4356d4c2c988010562cbfc93c170c5bfff9da77134e0,35aa86981174181a98b4ce51d8b65a8bd0f95c2ceec4818494682c0873f3225b,,0.829785943031311,0.08448535046138392,0.3705623788531971,a9830ad2980810194db10a0c5a38bd2cdeee024fc46ac72a4bc497f56a4935b5
L1000,train,44010,21652,correct,1,correct/44010-1.png,54f72d240343b0fdf95b87b79e99330daeed3a7ed2141ff23c15c57dc5ce09cb,35aa86981174181a98b4ce51d8b65a8bd0f95c2ceec4818494682c0873f3225b,,0.8237292766571045,0.16771064923590429,0.3951706447968721,a9830ad2980810194db10a0c5a38bd2cdeee024fc46ac72a4bc497f56a4935b5
L1000,train,21652,6970,correct,0,correct/21652-0.png,866a38aa3a0ffaf5213c12212fc20d4b0aa2ff27afbf43641c41187b55a9b50b,deca6335f8f41d705a173f0a516e337acfc6c53d86d5870f07649aa25f90a597,,0.6742758750915527,0.15896031331184543,0.2934632421128374,a9830ad2980810194db10a0c5a38bd2cdeee024fc46ac72a4bc497f56a4935b5
L1000,train,21652,6970,correct,1,correct/21652-1.png,071a01173b532652067f2c9145843772907bf6aa38397cc7167c8c1ef264b599,deca6335f8f41d705a173f0a516e337acfc6c53d86d5870f07649aa25f90a597,,0.7503369450569153,0.21764857800682774,0.2866889611830529,a9830ad2980810194db10a0c5a38bd2cdeee024fc46ac72a4bc497f56a4935b5
L1000,train,6970,35190,correct,0,correct/6970-0.png,9e6fb43592b084fd85a23848f770ccf70ceabb56f89d954a425f62167f66e0e0,7b6545b71671e9b1cdbb3e8f1f39d98a09c15c1547791b5eb984bee429ac7e4c,,0.6158596277236938,-0.5880404561537138,0.57211608916162,a9830ad2980810194db10a0c5a38bd2cdeee024fc46ac72a4bc497f56a4935b5
L1000,train,6970,35190,correct,1,correct/6970-1.png,3bb8c53e3585e7259b39bf114a72df5e0a786084810678c475df644f96ac4dd5,7b6545b71671e9b1cdbb3e8f1f39d98a09c15c1547791b5eb984bee429ac7e4c,,0.6728606820106506,-0.030943737690597148,0.574660282284178,a9830ad2980810194db10a0c5a38bd2cdeee024fc46ac72a4bc497f56a4935b5
L1000,train,35190,50780,correct,0,correct/35190-0.png,85416d9d84e5ca239b5b3309dde902ead1ceed88fbe45831ca435a32d03f8abc,af8e89553ecca28153a718e9873c66236d4964e90116ec65807e8436d27a2c9a,,0.5802554488182068,0.04702904695275529,0.17097937326141344,a9830ad2980810194db10a0c5a38bd2cdeee024fc46ac72a4bc497f56a4935b5
L1000,train,35190,50780,correct,1,correct/35190-1.png,926638b6681b96d2327559600056ff26263f2e312fbc0df668b85968e67def31,af8e89553ecca28153a718e9873c66236d4964e90116ec65807e8436d27a2c9a,,0.7589260339736938,-0.11960774826792923,0.1853996383460837,a9830ad2980810194db10a0c5a38bd2cdeee024fc46ac72a4bc497f56a4935b5
L1000,train,50780,45620,correct,0,correct/50780-0.png,297a7d82a8802914da5847e8c74c396d461744d99bd2f24b9d4a20f1c28ffbd9,3800def8e5bed900fc332f8ffc34dbd027ba1e4cb2ec365891217aeeffe7820e,,0.7011748552322388,0.4884042555435721,0.45602224427424426,a9830ad2980810194db10a0c5a38bd2cdeee024fc46ac72a4bc497f56a4935b5
L1000,train,50780,45620,correct,1,correct/50780-1.png,3b0f2d2c67ba9c4656790b5ceece55b6cdd7b71a523f2e77bd65e46f8204a03d,3800def8e5bed900fc332f8ffc34dbd027ba1e4cb2ec365891217aeeffe7820e,,0.822331428527832,0.22978553228802212,0.4336449652303463,a9830ad2980810194db10a0c5a38bd2cdeee024fc46ac72a4bc497f56a4935b5
L1000,train,45620,27323,correct,0,correct/45620-0.png,e2fd48a130925ab84fc7e18180b7c5cf07f63c775007da35ff32749a6cca0ed0,cfb5d1c1124c830ac684d4a9eb24f448e9e3feb4d28302f59cd353c4d54b08f5,,0.8569191694259644,0.29189952637961525,0.34453719613567746,a9830ad2980810194db10a0c5a38bd2cdeee024fc46ac72a4bc497f56a4935b5
L1000,train,45620,27323,correct,1,correct/45620-1.png,fe5d4671c1c1593d7b096829afe3a14cd0bdf6ed9f6331acc24a86b8f7af2bf6,cfb5d1c1124c830ac684d4a9eb24f448e9e3feb4d28302f59cd353c4d54b08f5,,0.8690346479415894,0.14874444027861414,0.31598702070763135,a9830ad2980810194db10a0c5a38bd2cdeee024fc46ac72a4bc497f56a4935b5
L1000,train,27323,51581,correct,0,correct/27323-0.png,fbe619d4defe9577727043efd964b94e8ac048fcf546b129b0a6a96bf1b086e2,250f095a178dc365e3b06928d3751554e4b9fcf734e8d3febc3dc4b1ed354d81,,0.5994731187820435,0.13440028450423677,0.3401604590723743,a9830ad2980810194db10a0c5a38bd2cdeee024fc46ac72a4bc497f56a4935b5
L1000,train,27323,51581,correct,1,correct/27323-1.png,cd4f34ed1d694b44ee862b8fa7625919eb92804fc83692fd353e165b8fa93b89,250f095a178dc365e3b06928d3751554e4b9fcf734e8d3febc3dc4b1ed354d81,,0.6508508920669556,0.1969317508939571,0.3545411609918035,a9830ad2980810194db10a0c5a38bd2cdeee024fc46ac72a4bc497f56a4935b5
L1000,train,51581,7163,correct,0,correct/51581-0.png,b2c20776b5df0bfaf44f5b36d754da73aafb0975e0d99ff0c060fb53f3f5c020,59fe651ba15a38d4aa5b9170e24c4cea5800db389b7e7827656ae888d3e80997,,0.6081317663192749,0.14338893052663895,0.4081921637513589,a9830ad2980810194db10a0c5a38bd2cdeee024fc46ac72a4bc497f56a4935b5
L1000,train,51581,7163,correct,1,correct/51581-1.png,2d979a46086fa00c69fd4049eaf827e73a477f4ec336b384a878f80b91f4a2d8,59fe651ba15a38d4aa5b9170e24c4cea5800db389b7e7827656ae888d3e80997,,0.6917282342910767,-0.1718636648680761,0.32142948275142635,a9830ad2980810194db10a0c5a38bd2cdeee024fc46ac72a4bc497f56a4935b5
L1000,train,7163,50828,correct,0,correct/7163-0.png,d127667db395a8127b5219db53349d85de9673241f22f2f216d928a85b3c14f2,659e03fd2f5364391e8656e2b6780af8470d98817eeb4e595832d969088031ca,,0.6992472410202026,0.006392737115290086,0.28886870491654165,a9830ad2980810194db10a0c5a38bd2cdeee024fc46ac72a4bc497f56a4935b5
L1000,train,7163,50828,correct,1,correct/7163-1.png,8c80f70eb746fe37194d1e9e0f6ba92ed56aa5076945f29ab1bf5d9e766ce63d,659e03fd2f5364391e8656e2b6780af8470d98817eeb4e595832d969088031ca,,0.6636019945144653,-0.03700050980882271,0.30449041887159584,a9830ad2980810194db10a0c5a38bd2cdeee024fc46ac72a4bc497f56a4935b5
L1000,train,50828,53785,correct,0,correct/50828-0.png,5ccd759bdebd2d23a858fc76b75b49143221edb1363dd9957828dbfc2057e304,8a06d6161798ccc7ac94de944423be5b2f20143c1f68d159adfe6c325e55c945,,0.7366962432861328,-0.1385182335502933,0.43099917622055595,a9830ad2980810194db10a0c5a38bd2cdeee024fc46ac72a4bc497f56a4935b5
L1000,train,50828,53785,correct,1,correct/50828-1.png,7e2f9fe504495b0666e0385c1412bdfa60a329125911647e567c0f9561251fbc,8a06d6161798ccc7ac94de944423be5b2f20143c1f68d159adfe6c325e55c945,,0.8146671056747437,0.08266473239647319,0.5123745354618564,a9830ad2980810194db10a0c5a38bd2cdeee024fc46ac72a4bc497f56a4935b5
L1000,train,53785,1851,correct,0,correct/53785-0.png,cb9883b61fe4f78a1657aa6922017554fc5af8b163472e535f643e170c51f2f2,64721bcb46da572d03f6a59b25eceafa5c909eee9cbbd60b1f8c77637995962c,,0.6386852264404297,0.2758521120632061,0.32259495694465257,a9830ad2980810194db10a0c5a38bd2cdeee024fc46ac72a4bc497f56a4935b5
L1000,train,53785,1851,correct,1,correct/53785-1.png,a4e49a21c3c3505444674e4a18e3ac6e8b53b535fb06a9e2d37dbf5c7e31dadc,64721bcb46da572d03f6a59b25eceafa5c909eee9cbbd60b1f8c77637995962c,,0.6305018067359924,-0.09729063916088418,0.25593440832023445,a9830ad2980810194db10a0c5a38bd2cdeee024fc46ac72a4bc497f56a4935b5
L1000,train,1851,29558,correct,0,correct/1851-0.png,f74cd4fa08792ab6022e34a27847c34d8704505dc9dfad697f87b7f5cdaa9b0f,188190da525817dc8acf5860f4796bdff87d788d696db8860e4484b87b0d49e3,,0.7608653903007507,0.22597852294468662,0.29251576052666833,a9830ad2980810194db10a0c5a38bd2cdeee024fc46ac72a4bc497f56a4935b5
L1000,train,1851,29558,correct,1,correct/1851-1.png,693a62c60d8b6971af545c0d989f94e7980670876d48758d94b55d9e2d831cad,188190da525817dc8acf5860f4796bdff87d788d696db8860e4484b87b0d49e3,,0.7755138874053955,-0.1509128390119821,0.2612069433471731,a9830ad2980810194db10a0c5a38bd2cdeee024fc46ac72a4bc497f56a4935b5
L1000,train,29558,59471,correct,0,correct/29558-0.png,7ad8bb68b24089e13027205b698cf0a3e140ad20b6c27d4f6cdf938e5ac82a4d,d4f50b468f1dc8f7d4702325ac959d4156f0c8bf16b62bf4a9358e56b8e5fd95,,0.607020378112793,0.31145076623030277,0.17310343262362823,a9830ad2980810194db10a0c5a38bd2cdeee024fc46ac72a4bc497f56a4935b5
L1000,train,29558,59471,correct,1,correct/29558-1.png,235d83da5c022bfb20473b22e4984353f2f295e4f66a8a7af02b3d112fdb6583,d4f50b468f1dc8f7d4702325ac959d4156f0c8bf16b62bf4a9358e56b8e5fd95,,0.647667407989502,-0.12367800411187407,0.1388346364303868,a9830ad2980810194db10a0c5a38bd2cdeee024fc46ac72a4bc497f56a4935b5
L1000,train,59471,59462,correct,0,correct/59471-0.png,625e9416c6e4e817e65a70a1fa2fdee9c0fcd6ef7fc11c6f047bb0b3f170f7bd,b4fa87514dd7153326432d061052bad5be5bf519dd3bde07fb0c25a365f3c72f,,0.5450114011764526,0.015198927785538663,0.26965281693616583,a9830ad2980810194db10a0c5a38bd2cdeee024fc46ac72a4bc497f56a4935b5
L1000,train,59471,59462,correct,1,correct/59471-1.png,756029aac9cf4ea57a43253384ce48a212db92f49e74f94ba7cffedc17c50380,b4fa87514dd7153326432d061052bad5be5bf519dd3bde07fb0c25a365f3c72f,,0.5772480368614197,0.2050112111351826,0.31467443541720613,a9830ad2980810194db10a0c5a38bd2cdeee024fc46ac72a4bc497f56a4935b5
L1000,train,59462,16584,correct,0,correct/59462-0.png,89427de8cdf008a31ac2d00e2ff828a712803f1961720a930c9e1c4d6f21dda6,3b132841b0fe38b219783249fe32270846c6578311c1dd2c29efe92e602aeeca,,0.7459600567817688,-0.15076147856343133,0.1851143652422553,a9830ad2980810194db10a0c5a38bd2cdeee024fc46ac72a4bc497f56a4935b5
L1000,train,59462,16584,correct,1,correct/59462-1.png,237bdfded5b6c26e92990e6595a8f5bb4e6b77023d2aaf53fcb800805fe9ca1c,3b132841b0fe38b219783249fe32270846c6578311c1dd2c29efe92e602aeeca,,0.7966573238372803,0.11648776825225957,0.27354848039704593,a9830ad2980810194db10a0c5a38bd2cdeee024fc46ac72a4bc497f56a4935b5
H2500,train,16584,40682,correct,0,correct/16584-0.png,a5a09babe266a06fc7fe95d9b36c1ab602d92ff9e9cb2cac37779da5cdb0790e,a7a40302f6fddd927f6db9d528b67f03df45ce3933ba39d58a055f027930964d,,0.5550630688667297,-0.0914231241409552,0.09269122306533138,b1e33112f7e7d20ff3c4ee5b1e2350cb23738f4e1e7f2e62109fd76b154ea3a4
H2500,train,16584,40682,correct,1,correct/16584-1.png,7d46bac30c94adda784d026df34a219bb13906cc21d30aeb3782437f06a141f1,a7a40302f6fddd927f6db9d528b67f03df45ce3933ba39d58a055f027930964d,,0.5403826832771301,0.14252979719282607,0.09074888627422086,b1e33112f7e7d20ff3c4ee5b1e2350cb23738f4e1e7f2e62109fd76b154ea3a4
H2500,train,40682,38942,correct,0,correct/40682-0.png,85609409f9582fb14898e56e91b2ec166ae0c1ccdded3c6f136549f08f7275c8,6490897e817774a341cca2ee5aba081e04f285f50e6f0a1474fc3ccbd4a33f68,,0.7984112501144409,0.5522066925901408,0.4363086898248039,b1e33112f7e7d20ff3c4ee5b1e2350cb23738f4e1e7f2e62109fd76b154ea3a4
H2500,train,40682,38942,correct,1,correct/40682-1.png,fdc15ac2cfe6f1be670535aef26c9bd70bf6c079e54cd2e3ab9cffee0bf15cce,6490897e817774a341cca2ee5aba081e04f285f50e6f0a1474fc3ccbd4a33f68,,0.7616345882415771,0.5902999996149197,0.42481829448330594,b1e33112f7e7d20ff3c4ee5b1e2350cb23738f4e1e7f2e62109fd76b154ea3a4
H2500,train,38942,4905,correct,0,correct/38942-0.png,3f2fce12e7ad18d90d50be68f511d409d78065c372d307dbe164637154c7c91e,6756f9274e866ca54bb80f773b9ae5ebe24c536f1c5877b0f8c954379b24bd06,,0.7111872434616089,0.15385140067538916,0.41371482298176265,b1e33112f7e7d20ff3c4ee5b1e2350cb23738f4e1e7f2e62109fd76b154ea3a4
H2500,train,38942,4905,correct,1,correct/38942-1.png,88a9918ecfd8a3cf48dfed5152f44c1a69ebb58838820cff516e5b55a9a6715f,6756f9274e866ca54bb80f773b9ae5ebe24c536f1c5877b0f8c954379b24bd06,,0.7232543230056763,0.10651652081330429,0.38700340708431946,b1e33112f7e7d20ff3c4ee5b1e2350cb23738f4e1e7f2e62109fd76b154ea3a4
H2500,train,4905,17344,correct,0,correct/4905-0.png,ac45d85933e4efacfa6a868c296de3a0572889bef357a3a669a3b95392e97b7c,232ae311abc85f162496cc1486aef8d8928ea428f00d77ec4e79c0b70f3aac41,,0.6215206384658813,0.07538472332023764,0.2723359973740213,b1e33112f7e7d20ff3c4ee5b1e2350cb23738f4e1e7f2e62109fd76b154ea3a4
H2500,train,4905,17344,correct,1,correct/4905-1.png,46df7c13f4cb148b464b8765934015b9a51b61c7853860d4c1f36cbf62f1dac8,232ae311abc85f162496cc1486aef8d8928ea428f00d77ec4e79c0b70f3aac41,,0.7363951206207275,-0.05096175440020252,0.2642122607313353,b1e33112f7e7d20ff3c4ee5b1e2350cb23738f4e1e7f2e62109fd76b154ea3a4
H2500,train,17344,32725,correct,0,correct/17344-0.png,5efc895ee7259e12e313741bee43c972ea13f3e9b9f50bef47d3ebf79fa30aef,d75f90f3c918af7779f08413e1b2dfa9f0b7ab7532546f74ce58b50b36b8817d,,0.5724584460258484,0.04951876710112911,0.17707010446209975,b1e33112f7e7d20ff3c4ee5b1e2350cb23738f4e1e7f2e62109fd76b154ea3a4
H2500,train,17344,32725,correct,1,correct/17344-1.png,911db0738c146b800c022ffeea84dcadeaa9d3230bb16f7bed71a81759880a55,d75f90f3c918af7779f08413e1b2dfa9f0b7ab7532546f74ce58b50b36b8817d,,0.5637087225914001,0.039155567576504624,0.1372725719652756,b1e33112f7e7d20ff3c4ee5b1e2350cb23738f4e1e7f2e62109fd76b154ea3a4
H2500,train,32725,28449,correct,0,correct/32725-0.png,756caed24c5e2c6ff3414b5fa9f88fb39ceccb4dee28ddc04361fcc47d5ff4a4,30cb1309cb356060719cfdd1a31df932276e218be091252aa0a0840e43a975a0,,0.8157294988632202,0.5791808816429354,0.17633167465281072,b1e33112f7e7d20ff3c4ee5b1e2350cb23738f4e1e7f2e62109fd76b154ea3a4
H2500,train,32725,28449,correct,1,correct/32725-1.png,84bf15c9b9736a32bd5cb5c7e0e289b4f9ea4905f6c3067bd2f6ba4e548d89e7,30cb1309cb356060719cfdd1a31df932276e218be091252aa0a0840e43a975a0,,0.8478874564170837,0.24974249453759437,0.14817824197192134,b1e33112f7e7d20ff3c4ee5b1e2350cb23738f4e1e7f2e62109fd76b154ea3a4
H2500,train,28449,4723,correct,0,correct/28449-0.png,4e000e82eb7a8e5304a0fa1891a2e7202e3eca0e1f0b3fe77a4399893f41ad82,90d88f3ceba98dfa2fef3ccc0ef7371f2f798a6d92f3a246b5683fc6f9692144,,0.5352063179016113,-0.24746256201916034,0.4659139111412003,b1e33112f7e7d20ff3c4ee5b1e2350cb23738f4e1e7f2e62109fd76b154ea3a4
H2500,train,28449,4723,correct,1,correct/28449-1.png,eb018062863be9d3421ce79b43e7b78b7615e1ee8bab96117689ca3b5261a7d8,90d88f3ceba98dfa2fef3ccc0ef7371f2f798a6d92f3a246b5683fc6f9692144,,0.5561041831970215,-0.3283498569385355,0.44570951476642906,b1e33112f7e7d20ff3c4ee5b1e2350cb23738f4e1e7f2e62109fd76b154ea3a4
H2500,train,4723,70126,correct,0,correct/4723-0.png,6c97ffd54b73acbcabc9781303db6a683e8803770fb8b0a9be177880ef0dc80d,9b2d92a8a3a0047433a0e8cca9e67818d62ddbeef410226b718fcc0322330a93,,0.5565034747123718,0.05553388075736892,0.30110144439294445,b1e33112f7e7d20ff3c4ee5b1e2350cb23738f4e1e7f2e62109fd76b154ea3a4
H2500,train,4723,70126,correct,1,correct/4723-1.png,8e252db3dd24b91518fe2a2c7a7137aad64937e950e4f39a25626609d52b400e,9b2d92a8a3a0047433a0e8cca9e67818d62ddbeef410226b718fcc0322330a93,,0.49929267168045044,-0.06431521582960383,0.29302025590536507,b1e33112f7e7d20ff3c4ee5b1e2350cb23738f4e1e7f2e62109fd76b154ea3a4
H2500,train,70126,26393,correct,0,correct/70126-0.png,c42ed8771da26b45e5543c0ef476ccd53fe650384f0c02b9c2f3793ea34a3c35,771c06d63c9d651090499055b39e8c422b32ab0e89b8878983be0d8b35226c9d,,0.5665594935417175,0.06747372568339965,0.27788416522840453,b1e33112f7e7d20ff3c4ee5b1e2350cb23738f4e1e7f2e62109fd76b154ea3a4
H2500,train,70126,26393,correct,1,correct/70126-1.png,960c5031ce094fa99967195e13e9ec2622d72899e52bfe445cfcb17fc207b089,771c06d63c9d651090499055b39e8c422b32ab0e89b8878983be0d8b35226c9d,,0.6252878308296204,-0.09390465008881646,0.2869238282404805,b1e33112f7e7d20ff3c4ee5b1e2350cb23738f4e1e7f2e62109fd76b154ea3a4
H2500,train,26393,33748,correct,0,correct/26393-0.png,82310fc3646cefeb303dcf0c3f70f7081aca3f56d348a9583c829296e9b129f1,0019d2d1ccc1627f42428b0f1cd396e261b1006a37d9c6990b31189dc07e534f,,0.7592438459396362,-0.017478110093628395,0.5790421256192765,b1e33112f7e7d20ff3c4ee5b1e2350cb23738f4e1e7f2e62109fd76b154ea3a4
H2500,train,26393,33748,correct,1,correct/26393-1.png,19322f7aa81746f6873500f5363d3c6a1ae2e867976bdd71cce440d0b5dfea25,0019d2d1ccc1627f42428b0f1cd396e261b1006a37d9c6990b31189dc07e534f,,0.7519741058349609,0.07008178046073255,0.47742308445851905,b1e33112f7e7d20ff3c4ee5b1e2350cb23738f4e1e7f2e62109fd76b154ea3a4
H2500,train,33748,57293,correct,0,correct/33748-0.png,1d7c1f5742e22592d7a031b89e1230e8c0dbbedeb2b17ecd7b74af4360d08954,ea12a6e5334d683616001b6e1d93e997a3eb53d67412edf2f0a4c6526ff5b880,,0.8769823312759399,0.5416388031158308,0.2738252252594378,b1e33112f7e7d20ff3c4ee5b1e2350cb23738f4e1e7f2e62109fd76b154ea3a4
H2500,train,33748,57293,correct,1,correct/33748-1.png,caaab93bfa4e4093ada9ec9a51e8914c8016229fef698e8a806d958dbb733449,ea12a6e5334d683616001b6e1d93e997a3eb53d67412edf2f0a4c6526ff5b880,,0.8943749666213989,0.5365929003713137,0.3095973469878866,b1e33112f7e7d20ff3c4ee5b1e2350cb23738f4e1e7f2e62109fd76b154ea3a4
H2500,train,57293,20217,correct,0,correct/57293-0.png,e5c46c3894c51f9260e7c8fd4353e215156d41d7491f8a7815f10301a1622e01,2ce3fbbaf3262abce9abef7120e90ccb53908017cf443112e22b9f7e8cb94ef1,,0.7068101763725281,0.17451965607142336,0.2012874953939181,b1e33112f7e7d20ff3c4ee5b1e2350cb23738f4e1e7f2e62109fd76b154ea3a4
H2500,train,57293,20217,correct,1,correct/57293-1.png,7fc4d552680c83baa30091f229a2b0014e6aa71d27fb1ed1cd7910e922db8aa6,2ce3fbbaf3262abce9abef7120e90ccb53908017cf443112e22b9f7e8cb94ef1,,0.8671972751617432,-0.12014057758784162,0.185117181895873,b1e33112f7e7d20ff3c4ee5b1e2350cb23738f4e1e7f2e62109fd76b154ea3a4
H2500,train,20217,15879,correct,0,correct/20217-0.png,85763fb6088aff8edec9178f5a51225a3302a78947b5ec7b6b0ba9c6d9f5d5e2,9bb0eb851e424337b776988233bca0f9b0b9703bdb62158841eefc42f9e34149,,0.6508058905601501,-0.020377440540756065,0.2925263638852326,b1e33112f7e7d20ff3c4ee5b1e2350cb23738f4e1e7f2e62109fd76b154ea3a4
H2500,train,20217,15879,correct,1,correct/20217-1.png,10ed63799389604fb944594ae63510333ecd9fb7f3f0953520ecbc61895cc8e3,9bb0eb851e424337b776988233bca0f9b0b9703bdb62158841eefc42f9e34149,,0.7444441318511963,0.05990092975148066,0.22873553050599826,b1e33112f7e7d20ff3c4ee5b1e2350cb23738f4e1e7f2e62109fd76b154ea3a4
H2500,train,15879,69036,correct,0,correct/15879-0.png,687bb36c706cffcaf2006da718e0bd5e4eebf060992d040b1542b1e5177ccc16,4f7529cc349f0c11166395691ea3a37adcf291e281069f184da9b7340fc99034,,0.6195771098136902,0.12499475041578902,0.22121848945354286,b1e33112f7e7d20ff3c4ee5b1e2350cb23738f4e1e7f2e62109fd76b154ea3a4
H2500,train,15879,69036,correct,1,correct/15879-1.png,6ab27ac0a9a2eeb960bdf296940ef04c4a174c8810d3dda58e41c054b46ed5b3,4f7529cc349f0c11166395691ea3a37adcf291e281069f184da9b7340fc99034,,0.6361590027809143,0.013664988963032455,0.19804573244991344,b1e33112f7e7d20ff3c4ee5b1e2350cb23738f4e1e7f2e62109fd76b154ea3a4
H2500,train,69036,3625,correct,0,correct/69036-0.png,8704a660170972d95454e7de3f72c9bcd3bccb94741fcfc46fc549631ed69038,1acec16aba650738ce719ea1e3bbdffbf0ec38d66415cd99991204bc1cc04fb5,,0.9029847979545593,0.13244570119163288,0.3059732666787487,b1e33112f7e7d20ff3c4ee5b1e2350cb23738f4e1e7f2e62109fd76b154ea3a4
H2500,train,69036,3625,correct,1,correct/69036-1.png,44b4f68609a40250e067a3fae807a34e510aec9b2b04bf0839fca09830d6aaf5,1acec16aba650738ce719ea1e3bbdffbf0ec38d66415cd99991204bc1cc04fb5,,0.8882608413696289,0.4989770533743176,0.36440268440512613,b1e33112f7e7d20ff3c4ee5b1e2350cb23738f4e1e7f2e62109fd76b154ea3a4
H2500,train,3625,23696,correct,0,correct/3625-0.png,7550970079fda64a9fa9989e9376309a56f23ad0d3da251dae02106ffc100065,d9a5c95b29350d57eb94358eb9a21cd680af72d44f9a1759000eaf57a7e92392,,0.7223052978515625,-0.13210493387911312,0.11767822065500516,b1e33112f7e7d20ff3c4ee5b1e2350cb23738f4e1e7f2e62109fd76b154ea3a4
H2500,train,3625,23696,correct,1,correct/3625-1.png,bc272652f2d4c3230f7c4a25f9d11267d82d7e2065e1234663c19af5e2619664,d9a5c95b29350d57eb94358eb9a21cd680af72d44f9a1759000eaf57a7e92392,,0.599362850189209,-0.08679371879957491,0.14754833875408283,b1e33112f7e7d20ff3c4ee5b1e2350cb23738f4e1e7f2e62109fd76b154ea3a4
H2500,train,23696,44010,correct,0,correct/23696-0.png,16fef7197504c106eb2d789752dd5aa20a5d72fe61a8de1be32ef0a29a787c97,2fd882d695c4a24c1f03243124fd54f215d1c687123a46ba99d6ef66f4bf0827,,0.5459591746330261,-0.4981519362587619,0.50845915621549,b1e33112f7e7d20ff3c4ee5b1e2350cb23738f4e1e7f2e62109fd76b154ea3a4
H2500,train,23696,44010,correct,1,correct/23696-1.png,7b4502c3db404ff24cbe08430da11f9bb5436cd4e423e705535e50057b4f9941,2fd882d695c4a24c1f03243124fd54f215d1c687123a46ba99d6ef66f4bf0827,,0.622739851474762,0.4440456558306505,0.5903962715452717,b1e33112f7e7d20ff3c4ee5b1e2350cb23738f4e1e7f2e62109fd76b154ea3a4
H2500,train,44010,21652,correct,0,correct/44010-0.png,8e5b4b186b4cf18dd3bceeb279e6b98a44f46b81fb102bd419943f2ce90b595f,35aa86981174181a98b4ce51d8b65a8bd0f95c2ceec4818494682c0873f3225b,,0.8179041147232056,0.08339642769697662,0.35151957904326786,b1e33112f7e7d20ff3c4ee5b1e2350cb23738f4e1e7f2e62109fd76b154ea3a4
H2500,train,44010,21652,correct,1,correct/44010-1.png,d6706ed2cad24ed2e6d7065fc94fb19d96b06e2391bc4acb0d8caa1c09756446,35aa86981174181a98b4ce51d8b65a8bd0f95c2ceec4818494682c0873f3225b,,0.8950053453445435,0.1569347384327024,0.35484799451403826,b1e33112f7e7d20ff3c4ee5b1e2350cb23738f4e1e7f2e62109fd76b154ea3a4
H2500,train,21652,6970,correct,0,correct/21652-0.png,7bd6861bdd21f4f9f638dd62059dae4b61e401e8d49041a511c98e9773e2069b,deca6335f8f41d705a173f0a516e337acfc6c53d86d5870f07649aa25f90a597,,0.6669087409973145,0.07020549043000103,0.2582734653100688,b1e33112f7e7d20ff3c4ee5b1e2350cb23738f4e1e7f2e62109fd76b154ea3a4
H2500,train,21652,6970,correct,1,correct/21652-1.png,4250976b762d442d8870eb3393b079fe3603eb73da40662b3af1d303ba380fe9,deca6335f8f41d705a173f0a516e337acfc6c53d86d5870f07649aa25f90a597,,0.6431289315223694,0.1210291043567465,0.2773882636208746,b1e33112f7e7d20ff3c4ee5b1e2350cb23738f4e1e7f2e62109fd76b154ea3a4
H2500,train,6970,35190,correct,0,correct/6970-0.png,83e4e822a7b7a1a7de2f21d834eae99e17e2c1e529dd7b1fa84e731b381ae1d1,7b6545b71671e9b1cdbb3e8f1f39d98a09c15c1547791b5eb984bee429ac7e4c,,0.6996768116950989,-0.42778866051422526,0.4882646790797537,b1e33112f7e7d20ff3c4ee5b1e2350cb23738f4e1e7f2e62109fd76b154ea3a4
H2500,train,6970,35190,correct,1,correct/6970-1.png,57e61858df3faa6f4e37b0afefbab2b107d97501bd73951b16dc264485ce774b,7b6545b71671e9b1cdbb3e8f1f39d98a09c15c1547791b5eb984bee429ac7e4c,,0.6080524921417236,0.12514304246426136,0.45432409238915955,b1e33112f7e7d20ff3c4ee5b1e2350cb23738f4e1e7f2e62109fd76b154ea3a4
H2500,train,35190,50780,correct,0,correct/35190-0.png,5e05d331a63d071e38f578a6007e4036e00f8c47b99640029f36f76f99552be7,af8e89553ecca28153a718e9873c66236d4964e90116ec65807e8436d27a2c9a,,0.665688157081604,-0.016417525113428637,0.19178337748361346,b1e33112f7e7d20ff3c4ee5b1e2350cb23738f4e1e7f2e62109fd76b154ea3a4
H2500,train,35190,50780,correct,1,correct/35190-1.png,33f6b16a259deebe631b7972df2750abde401dbb88413ea7f8ce96d33c87a522,af8e89553ecca28153a718e9873c66236d4964e90116ec65807e8436d27a2c9a,,0.7974207401275635,-0.3524374841276581,0.14419140734908684,b1e33112f7e7d20ff3c4ee5b1e2350cb23738f4e1e7f2e62109fd76b154ea3a4
H2500,train,50780,45620,correct,0,correct/50780-0.png,3435a67bb405dd55c5c11f178f20834a9c24d23e9c20dd314e878fd5819318c7,3800def8e5bed900fc332f8ffc34dbd027ba1e4cb2ec365891217aeeffe7820e,,0.6808394193649292,0.33379051167408247,0.4228059839482721,b1e33112f7e7d20ff3c4ee5b1e2350cb23738f4e1e7f2e62109fd76b154ea3a4
H2500,train,50780,45620,correct,1,correct/50780-1.png,78c1d3660c2f0a2d3f88aecd3e4db2d9626bdbbb3a36802ec4c1cc784f6753f8,3800def8e5bed900fc332f8ffc34dbd027ba1e4cb2ec365891217aeeffe7820e,,0.7818889617919922,0.36240201246527454,0.41737084182213463,b1e33112f7e7d20ff3c4ee5b1e2350cb23738f4e1e7f2e62109fd76b154ea3a4
H2500,train,45620,27323,correct,0,correct/45620-0.png,596dd5b80a2f40d53c0628bcf847e0ef19929e72c8611a2853c3ba6450cf9f91,cfb5d1c1124c830ac684d4a9eb24f448e9e3feb4d28302f59cd353c4d54b08f5,,0.860207736492157,0.12133144614745839,0.30726210062192244,b1e33112f7e7d20ff3c4ee5b1e2350cb23738f4e1e7f2e62109fd76b154ea3a4
H2500,train,45620,27323,correct,1,correct/45620-1.png,987175e0a28bfb8c3bfea34409803d2a2dc0198d0e42c5bcedaec54d58fdb4a3,cfb5d1c1124c830ac684d4a9eb24f448e9e3feb4d28302f59cd353c4d54b08f5,,0.852729320526123,0.08697474551122546,0.221737742435777,b1e33112f7e7d20ff3c4ee5b1e2350cb23738f4e1e7f2e62109fd76b154ea3a4
H2500,train,27323,51581,correct,0,correct/27323-0.png,743ea67694e9368787eb07b88488fe7b383dd1c1e57ea563d49a485e759efea2,250f095a178dc365e3b06928d3751554e4b9fcf734e8d3febc3dc4b1ed354d81,,0.6516819000244141,0.03843337260655621,0.32336303788421955,b1e33112f7e7d20ff3c4ee5b1e2350cb23738f4e1e7f2e62109fd76b154ea3a4
H2500,train,27323,51581,correct,1,correct/27323-1.png,26019f12cf3023a4ebca00d676b56cb70ab5b1f556cd493a9c0ed7bb50af1f5c,250f095a178dc365e3b06928d3751554e4b9fcf734e8d3febc3dc4b1ed354d81,,0.6327703595161438,0.10365372411960833,0.35446188240072013,b1e33112f7e7d20ff3c4ee5b1e2350cb23738f4e1e7f2e62109fd76b154ea3a4
H2500,train,51581,7163,correct,0,correct/51581-0.png,056206e864c93ac0a9f304eafa65ab414e7df7424892b8f185affc6e63a1cfd4,59fe651ba15a38d4aa5b9170e24c4cea5800db389b7e7827656ae888d3e80997,,0.5914950966835022,-0.0044827079616433065,0.3574961849268686,b1e33112f7e7d20ff3c4ee5b1e2350cb23738f4e1e7f2e62109fd76b154ea3a4
H2500,train,51581,7163,correct,1,correct/51581-1.png,7569a9a4b60a5c99093e36afa0ff93e5244936fb4dc3abfd87465429dc077538,59fe651ba15a38d4aa5b9170e24c4cea5800db389b7e7827656ae888d3e80997,,0.697651207447052,-0.06852929771274964,0.327456904003514,b1e33112f7e7d20ff3c4ee5b1e2350cb23738f4e1e7f2e62109fd76b154ea3a4
H2500,train,7163,50828,correct,0,correct/7163-0.png,6f7eebe66c336bc112352f3a1e6651add0894639096951c97fd2c0bb9786545e,659e03fd2f5364391e8656e2b6780af8470d98817eeb4e595832d969088031ca,,0.6681689023971558,-0.07876090881304365,0.2552396564391084,b1e33112f7e7d20ff3c4ee5b1e2350cb23738f4e1e7f2e62109fd76b154ea3a4
H2500,train,7163,50828,correct,1,correct/7163-1.png,5ff263665350fe36f4531e6437752f04326aba0baa1d60f6292b3e6de041e14f,659e03fd2f5364391e8656e2b6780af8470d98817eeb4e595832d969088031ca,,0.590011715888977,-0.014149402331361473,0.3301805830540588,b1e33112f7e7d20ff3c4ee5b1e2350cb23738f4e1e7f2e62109fd76b154ea3a4
H2500,train,50828,53785,correct,0,correct/50828-0.png,5c4100f6b887a9fc6f0cfb374d6809f97fdfdc99bb84bf9dad5444cbdac12ad9,8a06d6161798ccc7ac94de944423be5b2f20143c1f68d159adfe6c325e55c945,,0.808098554611206,-0.09017852301922981,0.421358694072262,b1e33112f7e7d20ff3c4ee5b1e2350cb23738f4e1e7f2e62109fd76b154ea3a4
H2500,train,50828,53785,correct,1,correct/50828-1.png,520f8cc640f6efe870a549d21d79b00d931b7ff82e4ea7473fd2ff90412dd9a6,8a06d6161798ccc7ac94de944423be5b2f20143c1f68d159adfe6c325e55c945,,0.7840205430984497,0.21343970079719796,0.5597750682027052,b1e33112f7e7d20ff3c4ee5b1e2350cb23738f4e1e7f2e62109fd76b154ea3a4
H2500,train,53785,1851,correct,0,correct/53785-0.png,91a2aee6700a8ee655e84f973ac6638adef88b928d675f1b513696532fc629ca,64721bcb46da572d03f6a59b25eceafa5c909eee9cbbd60b1f8c77637995962c,,0.6757997274398804,0.0407919242184624,0.28145387557305684,b1e33112f7e7d20ff3c4ee5b1e2350cb23738f4e1e7f2e62109fd76b154ea3a4
H2500,train,53785,1851,correct,1,correct/53785-1.png,151654583f7d2f687eabddfb87f745e10a50bda07a2faf963274887c7cd99fc8,64721bcb46da572d03f6a59b25eceafa5c909eee9cbbd60b1f8c77637995962c,,0.6376639604568481,0.079084306708692,0.2829725358797335,b1e33112f7e7d20ff3c4ee5b1e2350cb23738f4e1e7f2e62109fd76b154ea3a4
H2500,train,1851,29558,correct,0,correct/1851-0.png,fae1a078e4ac3d13c1a178fc228e86ef56e5e05a2c79603fb030e3fbab3e548c,188190da525817dc8acf5860f4796bdff87d788d696db8860e4484b87b0d49e3,,0.6928220391273499,0.23684069599773142,0.327909293911535,b1e33112f7e7d20ff3c4ee5b1e2350cb23738f4e1e7f2e62109fd76b154ea3a4
H2500,train,1851,29558,correct,1,correct/1851-1.png,16b131d42a3b5d64789a81fd42e4809d278037b3d13b8a5e59ebfd7444892962,188190da525817dc8acf5860f4796bdff87d788d696db8860e4484b87b0d49e3,,0.7741217613220215,-0.053738220949835214,0.2708495976585886,b1e33112f7e7d20ff3c4ee5b1e2350cb23738f4e1e7f2e62109fd76b154ea3a4
H2500,train,29558,59471,correct,0,correct/29558-0.png,549df0db4881e73ac8915504b2b756528b6fd10ffe2528235e295e7e78300576,d4f50b468f1dc8f7d4702325ac959d4156f0c8bf16b62bf4a9358e56b8e5fd95,,0.7003428339958191,0.35493009796238695,0.19130944197044367,b1e33112f7e7d20ff3c4ee5b1e2350cb23738f4e1e7f2e62109fd76b154ea3a4
H2500,train,29558,59471,correct,1,correct/29558-1.png,675e3ba4f06eee5bc5dc5a5ab34d1671f096c56b08bf360d47e1399f35b3fabb,d4f50b468f1dc8f7d4702325ac959d4156f0c8bf16b62bf4a9358e56b8e5fd95,,0.7220770716667175,-0.09613611076339058,0.14042385591747047,b1e33112f7e7d20ff3c4ee5b1e2350cb23738f4e1e7f2e62109fd76b154ea3a4
H2500,train,59471,59462,correct,0,correct/59471-0.png,df2722b9c6e492f1594e0250b8716cc6522cc7b9d052967c1b5af8549deb8c62,b4fa87514dd7153326432d061052bad5be5bf519dd3bde07fb0c25a365f3c72f,,0.7074145078659058,0.007028705891259279,0.26124594110429783,b1e33112f7e7d20ff3c4ee5b1e2350cb23738f4e1e7f2e62109fd76b154ea3a4
H2500,train,59471,59462,correct,1,correct/59471-1.png,f0aad86aadd034c1ae9268d44192699cf33fac98a5a28ff9251bd856d589675c,b4fa87514dd7153326432d061052bad5be5bf519dd3bde07fb0c25a365f3c72f,,0.737377405166626,0.2660545535555133,0.2970731282746166,b1e33112f7e7d20ff3c4ee5b1e2350cb23738f4e1e7f2e62109fd76b154ea3a4
H2500,train,59462,16584,correct,0,correct/59462-0.png,c8a1f87962e2ffc5c308fcb4ee0b9c56580a840a63811f6f2752ac431548f60a,3b132841b0fe38b219783249fe32270846c6578311c1dd2c29efe92e602aeeca,,0.8656617403030396,-0.14286862887509313,0.21337262116832573,b1e33112f7e7d20ff3c4ee5b1e2350cb23738f4e1e7f2e62109fd76b154ea3a4
H2500,train,59462,16584,correct,1,correct/59462-1.png,d8d232ae6e1e64ef8c64ec597e78b7898da45bfce510e3381ddb0712c8f7cb02,3b132841b0fe38b219783249fe32270846c6578311c1dd2c29efe92e602aeeca,,0.8173560500144958,0.08270536499551476,0.27554215383353664,b1e33112f7e7d20ff3c4ee5b1e2350cb23738f4e1e7f2e62109fd76b154ea3a4
L2500,train,16584,40682,correct,0,correct/16584-0.png,86f60ed61d36f0844696e96a6b82337d53bf82058ebf6120a684502e51efaead,a7a40302f6fddd927f6db9d528b67f03df45ce3933ba39d58a055f027930964d,,0.4843583405017853,-0.07291785534405844,0.07148027580246426,6566481fadbaf44e28ac82e83603b4317a23b1dc5eacccc685e812c41118ff4d
L2500,train,16584,40682,correct,1,correct/16584-1.png,2e63a227f6b61d411f7d95683e1b43cea7105fa3e0ab928584a21fb06e2480e9,a7a40302f6fddd927f6db9d528b67f03df45ce3933ba39d58a055f027930964d,,0.6149834990501404,0.06984152626029402,0.08719899367105252,6566481fadbaf44e28ac82e83603b4317a23b1dc5eacccc685e812c41118ff4d
L2500,train,40682,38942,correct,0,correct/40682-0.png,8fac5483e9df9e4967b8a388c37fb78272753c58c46fd26d9b3cbf5448b9a20f,6490897e817774a341cca2ee5aba081e04f285f50e6f0a1474fc3ccbd4a33f68,,0.7716360688209534,0.6085872200010943,0.44400676437846853,6566481fadbaf44e28ac82e83603b4317a23b1dc5eacccc685e812c41118ff4d
L2500,train,40682,38942,correct,1,correct/40682-1.png,af2c9b8e8dabd057e5874ba368b138e70cf6fb5697c99e53f0fed740509c985d,6490897e817774a341cca2ee5aba081e04f285f50e6f0a1474fc3ccbd4a33f68,,0.8325214982032776,0.5727443898323489,0.45143642192711647,6566481fadbaf44e28ac82e83603b4317a23b1dc5eacccc685e812c41118ff4d
L2500,train,38942,4905,correct,0,correct/38942-0.png,fec5837620a35567ec2e58b3f8867106bba942890a96c80ae982d590fbf5d66b,6756f9274e866ca54bb80f773b9ae5ebe24c536f1c5877b0f8c954379b24bd06,,0.745848536491394,0.14320964067893766,0.4226361244417676,6566481fadbaf44e28ac82e83603b4317a23b1dc5eacccc685e812c41118ff4d
L2500,train,38942,4905,correct,1,correct/38942-1.png,8c4f477a9c381387473df76976b8f4adfa829f90c14cee8fdb5bf9403d5993db,6756f9274e866ca54bb80f773b9ae5ebe24c536f1c5877b0f8c954379b24bd06,,0.6906800270080566,0.09605302772207942,0.3485174622154142,6566481fadbaf44e28ac82e83603b4317a23b1dc5eacccc685e812c41118ff4d
L2500,train,4905,17344,correct,0,correct/4905-0.png,99abf54c9f83ef515ecabe0532b2b5ea0da24611f4fdb9149e98641739bfeadf,232ae311abc85f162496cc1486aef8d8928ea428f00d77ec4e79c0b70f3aac41,,0.6433922052383423,0.11541222546552235,0.26769915030067026,6566481fadbaf44e28ac82e83603b4317a23b1dc5eacccc685e812c41118ff4d
L2500,train,4905,17344,correct,1,correct/4905-1.png,10bed080ad49e6425c568f7af8013604e9baee0dca1d1272b131bbdfaf632058,232ae311abc85f162496cc1486aef8d8928ea428f00d77ec4e79c0b70f3aac41,,0.7073111534118652,0.01572855899657308,0.26013486796948765,6566481fadbaf44e28ac82e83603b4317a23b1dc5eacccc685e812c41118ff4d
L2500,train,17344,32725,correct,0,correct/17344-0.png,d2babd24bc154e25202f8d7943d815da27f3e8f79f7e9a7b858fc494304a62ce,d75f90f3c918af7779f08413e1b2dfa9f0b7ab7532546f74ce58b50b36b8817d,,0.6583163738250732,0.1659180602577839,0.2174014805005376,6566481fadbaf44e28ac82e83603b4317a23b1dc5eacccc685e812c41118ff4d
L2500,train,17344,32725,correct,1,correct/17344-1.png,db84186916834b8c302ddf48ca6759f3ed1546ebc862074a76e6935629d58e01,d75f90f3c918af7779f08413e1b2dfa9f0b7ab7532546f74ce58b50b36b8817d,,0.5093398690223694,0.04625650727586621,0.1442026058164221,6566481fadbaf44e28ac82e83603b4317a23b1dc5eacccc685e812c41118ff4d
L2500,train,32725,28449,correct,0,correct/32725-0.png,d986dc9f28fe480865e3d40c201c20ba20871bcd28a1f71095692e50cf7263c9,30cb1309cb356060719cfdd1a31df932276e218be091252aa0a0840e43a975a0,,0.8364110589027405,0.4953930775806673,0.16793119751624339,6566481fadbaf44e28ac82e83603b4317a23b1dc5eacccc685e812c41118ff4d
L2500,train,32725,28449,correct,1,correct/32725-1.png,e743b16ff8ae38b185cf3b08cebf6a1cbba8c901f8b70855b5ed5336b977b858,30cb1309cb356060719cfdd1a31df932276e218be091252aa0a0840e43a975a0,,0.8118197917938232,0.32922052187533324,0.1546878780461162,6566481fadbaf44e28ac82e83603b4317a23b1dc5eacccc685e812c41118ff4d
L2500,train,28449,4723,correct,0,correct/28449-0.png,e0ee6e3ab41607c4a2305c2831ead833c96ba27f80e4e4803cde0620962c567f,90d88f3ceba98dfa2fef3ccc0ef7371f2f798a6d92f3a246b5683fc6f9692144,,0.544737696647644,-0.19696650707070198,0.464271936311555,6566481fadbaf44e28ac82e83603b4317a23b1dc5eacccc685e812c41118ff4d
L2500,train,28449,4723,correct,1,correct/28449-1.png,b2e7778517f31608b84651e8d84ed5d804e78166a6499d4e9e0a53db0c669de7,90d88f3ceba98dfa2fef3ccc0ef7371f2f798a6d92f3a246b5683fc6f9692144,,0.5758589506149292,-0.372724099003922,0.4353898732107223,6566481fadbaf44e28ac82e83603b4317a23b1dc5eacccc685e812c41118ff4d
L2500,train,4723,70126,correct,0,correct/4723-0.png,af1de519b5a576c3b1f95dcd3a73a957e851a3806214d488303717b6bc8d0765,9b2d92a8a3a0047433a0e8cca9e67818d62ddbeef410226b718fcc0322330a93,,0.5520638823509216,0.11668497966244788,0.30634372109593727,6566481fadbaf44e28ac82e83603b4317a23b1dc5eacccc685e812c41118ff4d
L2500,train,4723,70126,correct,1,correct/4723-1.png,f398c179e1be9c87dc61ebaa0d470329d8b85a0629530cef4dfb47a992fbe15b,9b2d92a8a3a0047433a0e8cca9e67818d62ddbeef410226b718fcc0322330a93,,0.6069848537445068,0.007747055557881753,0.28624114175285575,6566481fadbaf44e28ac82e83603b4317a23b1dc5eacccc685e812c41118ff4d
L2500,train,70126,26393,correct,0,correct/70126-0.png,d9b7309acbd51e61f0c15ae65b8917a17695bedd98e039fe9049df61674a7922,771c06d63c9d651090499055b39e8c422b32ab0e89b8878983be0d8b35226c9d,,0.6049920320510864,0.04945823581911283,0.31323514298156074,6566481fadbaf44e28ac82e83603b4317a23b1dc5eacccc685e812c41118ff4d
L2500,train,70126,26393,correct,1,correct/70126-1.png,e7f119a2bda4e9b06ef01b966803be427ea9ab6f95655b48b1a22c6af6ac0eef,771c06d63c9d651090499055b39e8c422b32ab0e89b8878983be0d8b35226c9d,,0.662034273147583,-0.13078880831773293,0.3034311730008417,6566481fadbaf44e28ac82e83603b4317a23b1dc5eacccc685e812c41118ff4d
L2500,train,26393,33748,correct,0,correct/26393-0.png,efece9bc6ed8e60fb1a620e0cd38ab6cedef13a54dc1e0580c091011cb608a1a,0019d2d1ccc1627f42428b0f1cd396e261b1006a37d9c6990b31189dc07e534f,,0.7250959277153015,-0.09332756046132043,0.5629255336419495,6566481fadbaf44e28ac82e83603b4317a23b1dc5eacccc685e812c41118ff4d
L2500,train,26393,33748,correct,1,correct/26393-1.png,a37da161738da9e61e9485739cca0433d1c0f1b357c76e13d700d7e6fff31144,0019d2d1ccc1627f42428b0f1cd396e261b1006a37d9c6990b31189dc07e534f,,0.7680150270462036,0.010093780491847427,0.5094081469632895,6566481fadbaf44e28ac82e83603b4317a23b1dc5eacccc685e812c41118ff4d
L2500,train,33748,57293,correct,0,correct/33748-0.png,edfe92c56c6c24030f8ec85f8fcdb27584aa17a51a45aba30a612246b3aed816,ea12a6e5334d683616001b6e1d93e997a3eb53d67412edf2f0a4c6526ff5b880,,0.9269605875015259,0.48620123430099493,0.2690457786471974,6566481fadbaf44e28ac82e83603b4317a23b1dc5eacccc685e812c41118ff4d
L2500,train,33748,57293,correct,1,correct/33748-1.png,12e892ac701f8b2a29ea4c89c7f6554c180b7286b750a2d633ddfda8b25a0cfd,ea12a6e5334d683616001b6e1d93e997a3eb53d67412edf2f0a4c6526ff5b880,,0.898889422416687,0.5500992664153705,0.32427287597751964,6566481fadbaf44e28ac82e83603b4317a23b1dc5eacccc685e812c41118ff4d
L2500,train,57293,20217,correct,0,correct/57293-0.png,ed412aa419b84c120a372a878fb6efa84f17be6a184cc0dbbaf58363d94506d9,2ce3fbbaf3262abce9abef7120e90ccb53908017cf443112e22b9f7e8cb94ef1,,0.7146275043487549,0.2288713255518913,0.2362772411998758,6566481fadbaf44e28ac82e83603b4317a23b1dc5eacccc685e812c41118ff4d
L2500,train,57293,20217,correct,1,correct/57293-1.png,eecc8618bc8984f1650e7af181e1962166a3c7307d41dac879ff135f438c84d2,2ce3fbbaf3262abce9abef7120e90ccb53908017cf443112e22b9f7e8cb94ef1,,0.683158814907074,-0.11077476997470131,0.1943990933380309,6566481fadbaf44e28ac82e83603b4317a23b1dc5eacccc685e812c41118ff4d
L2500,train,20217,15879,correct,0,correct/20217-0.png,7a669fc9f175e557f3aacd0f7c013aa1dbe8d20afdf74ff263716682ab124399,9bb0eb851e424337b776988233bca0f9b0b9703bdb62158841eefc42f9e34149,,0.6112515926361084,0.06584864588938015,0.29458431778081895,6566481fadbaf44e28ac82e83603b4317a23b1dc5eacccc685e812c41118ff4d
L2500,train,20217,15879,correct,1,correct/20217-1.png,41960aa88977526da73f270511e0f4b7a3449bee48ed8dbd0496ec7fe62bbb27,9bb0eb851e424337b776988233bca0f9b0b9703bdb62158841eefc42f9e34149,,0.7551740407943726,0.051691610018871,0.24858225361097966,6566481fadbaf44e28ac82e83603b4317a23b1dc5eacccc685e812c41118ff4d
L2500,train,15879,69036,correct,0,correct/15879-0.png,45bc07879a7f366b679615b7ad7725951a23872def76a4d3801cdd4ea8ddf3cf,4f7529cc349f0c11166395691ea3a37adcf291e281069f184da9b7340fc99034,,0.6565137505531311,0.15962368437086855,0.21779748192689627,6566481fadbaf44e28ac82e83603b4317a23b1dc5eacccc685e812c41118ff4d
L2500,train,15879,69036,correct,1,correct/15879-1.png,48207b45a7c82e8c7dc325797bba8b0403ef789ab61ed86d842be2193467ab68,4f7529cc349f0c11166395691ea3a37adcf291e281069f184da9b7340fc99034,,0.7654914855957031,0.09745120106510013,0.20823887025246635,6566481fadbaf44e28ac82e83603b4317a23b1dc5eacccc685e812c41118ff4d
L2500,train,69036,3625,correct,0,correct/69036-0.png,72f0ce929bd5bca580a51cfd31d2c0c06308d27f23b55ec3718a049d50ffab38,1acec16aba650738ce719ea1e3bbdffbf0ec38d66415cd99991204bc1cc04fb5,,0.9162654876708984,0.4535146269530962,0.3074330498432047,6566481fadbaf44e28ac82e83603b4317a23b1dc5eacccc685e812c41118ff4d
L2500,train,69036,3625,correct,1,correct/69036-1.png,dd0f191a975b0a6cf8f3695b1f2f736628f70e9d9beb0408402f23d6c7cf5094,1acec16aba650738ce719ea1e3bbdffbf0ec38d66415cd99991204bc1cc04fb5,,0.9352402091026306,0.5203402843499509,0.3415617426988338,6566481fadbaf44e28ac82e83603b4317a23b1dc5eacccc685e812c41118ff4d
L2500,train,3625,23696,correct,0,correct/3625-0.png,414490aecb29f8c7ac7d6fe34688287a49d5151de0686c8881235f470ca58408,d9a5c95b29350d57eb94358eb9a21cd680af72d44f9a1759000eaf57a7e92392,,0.7674133777618408,-0.0753538976343952,0.17319385525108946,6566481fadbaf44e28ac82e83603b4317a23b1dc5eacccc685e812c41118ff4d
L2500,train,3625,23696,correct,1,correct/3625-1.png,8089dbcf7c82ce7c6e33649d9fa1a6fabc2890e0baaf8d0b4c454dac3f350b06,d9a5c95b29350d57eb94358eb9a21cd680af72d44f9a1759000eaf57a7e92392,,0.782451868057251,-0.13115133305950072,0.15525949010243884,6566481fadbaf44e28ac82e83603b4317a23b1dc5eacccc685e812c41118ff4d
L2500,train,23696,44010,correct,0,correct/23696-0.png,0916317a3deca64fcceb8c461d2ec67c7af8f291091f33331587f847f00aa73f,2fd882d695c4a24c1f03243124fd54f215d1c687123a46ba99d6ef66f4bf0827,,0.582596480846405,-0.47893605228188474,0.528193876634981,6566481fadbaf44e28ac82e83603b4317a23b1dc5eacccc685e812c41118ff4d
L2500,train,23696,44010,correct,1,correct/23696-1.png,fd1883566b09cf5f1707d70bb9616efb149c30b8b63b3d38eed29b46dacfeeef,2fd882d695c4a24c1f03243124fd54f215d1c687123a46ba99d6ef66f4bf0827,,0.525025486946106,0.1869794929498427,0.5819536167984924,6566481fadbaf44e28ac82e83603b4317a23b1dc5eacccc685e812c41118ff4d
L2500,train,44010,21652,correct,0,correct/44010-0.png,986d87755e783754cff4be3c99c3d9e6c6cbf73a5a15e4a4d749a5966b142778,35aa86981174181a98b4ce51d8b65a8bd0f95c2ceec4818494682c0873f3225b,,0.7961969971656799,0.0816738117759519,0.38267932176292396,6566481fadbaf44e28ac82e83603b4317a23b1dc5eacccc685e812c41118ff4d
L2500,train,44010,21652,correct,1,correct/44010-1.png,7a44f177606e830224faae958140a1c746df949aec6e9d4749f13b0f56259792,35aa86981174181a98b4ce51d8b65a8bd0f95c2ceec4818494682c0873f3225b,,0.8942660093307495,0.17188365693076477,0.38601965756022844,6566481fadbaf44e28ac82e83603b4317a23b1dc5eacccc685e812c41118ff4d
L2500,train,21652,6970,correct,0,correct/21652-0.png,505af408e3bf0c2a2f82b9a447f2e470ad53881a8419b9593f53879c004ca6a8,deca6335f8f41d705a173f0a516e337acfc6c53d86d5870f07649aa25f90a597,,0.6628973484039307,0.16668882650513453,0.2950458270149557,6566481fadbaf44e28ac82e83603b4317a23b1dc5eacccc685e812c41118ff4d
L2500,train,21652,6970,correct,1,correct/21652-1.png,9153580b8862666fcd825c8ab55341f5faf6470556279adedb27fd1a3e755844,deca6335f8f41d705a173f0a516e337acfc6c53d86d5870f07649aa25f90a597,,0.7338749170303345,0.20919386057691308,0.2761007414172689,6566481fadbaf44e28ac82e83603b4317a23b1dc5eacccc685e812c41118ff4d
L2500,train,6970,35190,correct,0,correct/6970-0.png,588f6b390afd7c51c144545a6090e0bdf458ffad4c7d78a20e608e0c4f21c76a,7b6545b71671e9b1cdbb3e8f1f39d98a09c15c1547791b5eb984bee429ac7e4c,,0.6822846531867981,-0.46773820761026025,0.5084786058792078,6566481fadbaf44e28ac82e83603b4317a23b1dc5eacccc685e812c41118ff4d
L2500,train,6970,35190,correct,1,correct/6970-1.png,d6a4c332485c7d536c01a3f5948e52f5a8289afdf75b92a7024d742eaa01c919,7b6545b71671e9b1cdbb3e8f1f39d98a09c15c1547791b5eb984bee429ac7e4c,,0.7048641443252563,0.023424379867826108,0.5710068013575247,6566481fadbaf44e28ac82e83603b4317a23b1dc5eacccc685e812c41118ff4d
L2500,train,35190,50780,correct,0,correct/35190-0.png,fcbc93c216f086495dd4a4dbd95258f3427b6d91578448e496b11e413cd23d09,af8e89553ecca28153a718e9873c66236d4964e90116ec65807e8436d27a2c9a,,0.5860341787338257,0.07717676734337665,0.17199791110684476,6566481fadbaf44e28ac82e83603b4317a23b1dc5eacccc685e812c41118ff4d
L2500,train,35190,50780,correct,1,correct/35190-1.png,96526888c5118a2d1893ffffd0f90e06ce156f087d2ceac9fddab18405ef6c12,af8e89553ecca28153a718e9873c66236d4964e90116ec65807e8436d27a2c9a,,0.7236376404762268,-0.14619228303824922,0.1861429670023467,6566481fadbaf44e28ac82e83603b4317a23b1dc5eacccc685e812c41118ff4d
L2500,train,50780,45620,correct,0,correct/50780-0.png,2c5a72b4322b86c17ef86bbad254b6454e4ce21602e88ff141dc647004b8b33e,3800def8e5bed900fc332f8ffc34dbd027ba1e4cb2ec365891217aeeffe7820e,,0.7328031063079834,0.4285874473657187,0.4401848090519696,6566481fadbaf44e28ac82e83603b4317a23b1dc5eacccc685e812c41118ff4d
L2500,train,50780,45620,correct,1,correct/50780-1.png,c27fadc3a72ecdca06ca09621c55931c227df7e44d2262c075848b1764093b36,3800def8e5bed900fc332f8ffc34dbd027ba1e4cb2ec365891217aeeffe7820e,,0.7456827163696289,0.19811016601390144,0.43994365703076466,6566481fadbaf44e28ac82e83603b4317a23b1dc5eacccc685e812c41118ff4d
L2500,train,45620,27323,correct,0,correct/45620-0.png,1cbef8c55fae19bcfdf706c578237c8ce317f3d9bbfe06e4d865f3d103a4a885,cfb5d1c1124c830ac684d4a9eb24f448e9e3feb4d28302f59cd353c4d54b08f5,,0.8613967895507812,0.2837019605992548,0.3436650555775786,6566481fadbaf44e28ac82e83603b4317a23b1dc5eacccc685e812c41118ff4d
L2500,train,45620,27323,correct,1,correct/45620-1.png,650219ea217a319007c5c21e8dd8d0ed596827b5c7b4182b80eff4e450eaf2ca,cfb5d1c1124c830ac684d4a9eb24f448e9e3feb4d28302f59cd353c4d54b08f5,,0.8796957731246948,0.20993484200802606,0.3262281616209147,6566481fadbaf44e28ac82e83603b4317a23b1dc5eacccc685e812c41118ff4d
L2500,train,27323,51581,correct,0,correct/27323-0.png,8a478b8a4780c134128c83dc157b8045274efc82a5de5e8825350cb084a6c1ab,250f095a178dc365e3b06928d3751554e4b9fcf734e8d3febc3dc4b1ed354d81,,0.6285470724105835,0.1422270736498345,0.3348378200219826,6566481fadbaf44e28ac82e83603b4317a23b1dc5eacccc685e812c41118ff4d
L2500,train,27323,51581,correct,1,correct/27323-1.png,226bd34ed9eee9a442e04e09cf186d2469a3afbe6bc9463c31830837a34a2017,250f095a178dc365e3b06928d3751554e4b9fcf734e8d3febc3dc4b1ed354d81,,0.6916257739067078,0.22818029785374425,0.3609730162965559,6566481fadbaf44e28ac82e83603b4317a23b1dc5eacccc685e812c41118ff4d
L2500,train,51581,7163,correct,0,correct/51581-0.png,9af2a5051060c517dd05540502cccd5394f7123fc87450d9eb5f23f33cafd8ab,59fe651ba15a38d4aa5b9170e24c4cea5800db389b7e7827656ae888d3e80997,,0.7012907862663269,0.08044883025698953,0.3763839475152424,6566481fadbaf44e28ac82e83603b4317a23b1dc5eacccc685e812c41118ff4d
L2500,train,51581,7163,correct,1,correct/51581-1.png,765ed94f9145d33a3f7ce1e4389dfee59598699174ea95d94b276a5c7cb1e04e,59fe651ba15a38d4aa5b9170e24c4cea5800db389b7e7827656ae888d3e80997,,0.6955914497375488,-0.13299866518853984,0.3457689461109629,6566481fadbaf44e28ac82e83603b4317a23b1dc5eacccc685e812c41118ff4d
L2500,train,7163,50828,correct,0,correct/7163-0.png,09abb9f6cf54e823fe33fff76cdcdcb6a0c92b174330cf15f0fc9584feedd0dd,659e03fd2f5364391e8656e2b6780af8470d98817eeb4e595832d969088031ca,,0.6965550184249878,0.011604640306531827,0.30843806301118776,6566481fadbaf44e28ac82e83603b4317a23b1dc5eacccc685e812c41118ff4d
L2500,train,7163,50828,correct,1,correct/7163-1.png,a04485aa7c04468649d970c975ed0397640c9d5fe7aa0e27d69556b6ffaee92d,659e03fd2f5364391e8656e2b6780af8470d98817eeb4e595832d969088031ca,,0.6725591421127319,-0.033498913132755916,0.32351319093761793,6566481fadbaf44e28ac82e83603b4317a23b1dc5eacccc685e812c41118ff4d
L2500,train,50828,53785,correct,0,correct/50828-0.png,fe6a5d197a9110aeede93b82a3b21f5e46c8749e03d48a183381aa6e418f9ca5,8a06d6161798ccc7ac94de944423be5b2f20143c1f68d159adfe6c325e55c945,,0.7517682313919067,-0.12688599269759626,0.41787097642913984,6566481fadbaf44e28ac82e83603b4317a23b1dc5eacccc685e812c41118ff4d
L2500,train,50828,53785,correct,1,correct/50828-1.png,ada37e58a46c4672d2fee0179be0261e6da52eb2e56c2f9dba56f203fd229f12,8a06d6161798ccc7ac94de944423be5b2f20143c1f68d159adfe6c325e55c945,,0.7473738193511963,0.06706578308198428,0.5025618995524063,6566481fadbaf44e28ac82e83603b4317a23b1dc5eacccc685e812c41118ff4d
L2500,train,53785,1851,correct,0,correct/53785-0.png,0f8d3346d93e58055691d7e87dca569f6f4432bfb73bdc503582968b0816165d,64721bcb46da572d03f6a59b25eceafa5c909eee9cbbd60b1f8c77637995962c,,0.6366358995437622,0.301308431658334,0.3310281119661892,6566481fadbaf44e28ac82e83603b4317a23b1dc5eacccc685e812c41118ff4d
L2500,train,53785,1851,correct,1,correct/53785-1.png,23caa27ab8c2073c5d2a4f2f8531f9761017b0aa26a9d34ff5548a6321c343aa,64721bcb46da572d03f6a59b25eceafa5c909eee9cbbd60b1f8c77637995962c,,0.6200290322303772,-0.0818419799279194,0.2459603874007838,6566481fadbaf44e28ac82e83603b4317a23b1dc5eacccc685e812c41118ff4d
L2500,train,1851,29558,correct,0,correct/1851-0.png,75450f8fe3e990d752f5194ee3d9c75c2caba449af9b3e1b928221e85a9475ea,188190da525817dc8acf5860f4796bdff87d788d696db8860e4484b87b0d49e3,,0.7740386724472046,0.24672964313918466,0.2890579887369645,6566481fadbaf44e28ac82e83603b4317a23b1dc5eacccc685e812c41118ff4d
L2500,train,1851,29558,correct,1,correct/1851-1.png,f895e822913b4816d8305b6f160f32e4b2a36ded488720babd8e74e6a214ebc4,188190da525817dc8acf5860f4796bdff87d788d696db8860e4484b87b0d49e3,,0.8568049669265747,-0.10313967903403562,0.25388827371251665,6566481fadbaf44e28ac82e83603b4317a23b1dc5eacccc685e812c41118ff4d
L2500,train,29558,59471,correct,0,correct/29558-0.png,9ce84bbf73293b0d0762c0fc7b460a43a2cc7b81d851a60a4f66f9fe658933b7,d4f50b468f1dc8f7d4702325ac959d4156f0c8bf16b62bf4a9358e56b8e5fd95,,0.6660211086273193,0.32017601235002185,0.18085781856312366,6566481fadbaf44e28ac82e83603b4317a23b1dc5eacccc685e812c41118ff4d
L2500,train,29558,59471,correct,1,correct/29558-1.png,5b25e3c5b363725321839c1d75a4b9a6be6149d622f74ebde45cc43fe436eadd,d4f50b468f1dc8f7d4702325ac959d4156f0c8bf16b62bf4a9358e56b8e5fd95,,0.690560519695282,-0.1124344822016502,0.12718454217337802,6566481fadbaf44e28ac82e83603b4317a23b1dc5eacccc685e812c41118ff4d
L2500,train,59471,59462,correct,0,correct/59471-0.png,bd97dedd0459f6881d48b138f25d71fabe50546270ae3da2f9a338117042f805,b4fa87514dd7153326432d061052bad5be5bf519dd3bde07fb0c25a365f3c72f,,0.599238395690918,-0.010507961051997434,0.28247352124266867,6566481fadbaf44e28ac82e83603b4317a23b1dc5eacccc685e812c41118ff4d
L2500,train,59471,59462,correct,1,correct/59471-1.png,fd1040e6b8ea212a8ac2f27e955166f543d3149921ab6a4914520755e9a6852b,b4fa87514dd7153326432d061052bad5be5bf519dd3bde07fb0c25a365f3c72f,,0.712075412273407,0.24482931232646757,0.3154466845976108,6566481fadbaf44e28ac82e83603b4317a23b1dc5eacccc685e812c41118ff4d
L2500,train,59462,16584,correct,0,correct/59462-0.png,cda684b77e8696deafd6842628a8c56b2175187d6c50b4ca29404847d6e2977d,3b132841b0fe38b219783249fe32270846c6578311c1dd2c29efe92e602aeeca,,0.7334145903587341,-0.16376680625932644,0.18829514268425304,6566481fadbaf44e28ac82e83603b4317a23b1dc5eacccc685e812c41118ff4d
L2500,train,59462,16584,correct,1,correct/59462-1.png,70ff47def1a4501695e8e41e2fc67b97cb7474c1baa6d7d22e31da4cdb927b92,3b132841b0fe38b219783249fe32270846c6578311c1dd2c29efe92e602aeeca,,0.8068175315856934,0.10464272583307148,0.2692463177935235,6566481fadbaf44e28ac82e83603b4317a23b1dc5eacccc685e812c41118ff4d
H5000,train,16584,40682,correct,0,correct/16584-0.png,412e14023311c28755ab55344221c546e9a30bffad0221026b540d38b9dc1f38,a7a40302f6fddd927f6db9d528b67f03df45ce3933ba39d58a055f027930964d,,0.5661426186561584,-0.10068941934081893,0.08169381855995028,5a2ee73a5ab51674e36dffb8d4cd15aa5900236477a66d12bacbc1f16fdae65f
H5000,train,16584,40682,correct,1,correct/16584-1.png,3c022c45c0ba12ec0dc9fb05172174b16ff1379b6d6570714f62a1017bd651c0,a7a40302f6fddd927f6db9d528b67f03df45ce3933ba39d58a055f027930964d,,0.5926254987716675,0.02290570436880874,0.08314512218878714,5a2ee73a5ab51674e36dffb8d4cd15aa5900236477a66d12bacbc1f16fdae65f
H5000,train,16584,40682,wrong,0,wrong/16584-0.png,de4123f5b9315ef2fbf206fb9e6fee4d6546a0c6c2643f3198e2c058fbc10a65,a7a40302f6fddd927f6db9d528b67f03df45ce3933ba39d58a055f027930964d,,0.5648325681686401,0.17104370844846392,0.11836890268063188,5a2ee73a5ab51674e36dffb8d4cd15aa5900236477a66d12bacbc1f16fdae65f
H5000,train,16584,40682,wrong,1,wrong/16584-1.png,3cd5590cab4cd3577b4b659b7333ce324177dbf102ca0b389511d1fdb4af7572,a7a40302f6fddd927f6db9d528b67f03df45ce3933ba39d58a055f027930964d,,0.49206361174583435,0.17298644377101793,0.09350701062219945,5a2ee73a5ab51674e36dffb8d4cd15aa5900236477a66d12bacbc1f16fdae65f
H5000,train,40682,38942,correct,0,correct/40682-0.png,6a1c6840e7bb4ae3cc261366fb5fbd1bb3b25d0b666a53f5bb4c25537dd2c9df,6490897e817774a341cca2ee5aba081e04f285f50e6f0a1474fc3ccbd4a33f68,,0.7398329973220825,0.5824481421790256,0.43043936171781016,5a2ee73a5ab51674e36dffb8d4cd15aa5900236477a66d12bacbc1f16fdae65f
H5000,train,40682,38942,correct,1,correct/40682-1.png,16de4c731a8bce7aa7a573519cb22ed738ea12ef1bca02ffa4c8bfb31d590670,6490897e817774a341cca2ee5aba081e04f285f50e6f0a1474fc3ccbd4a33f68,,0.786810040473938,0.5985790144457565,0.4468574270284275,5a2ee73a5ab51674e36dffb8d4cd15aa5900236477a66d12bacbc1f16fdae65f
H5000,train,40682,38942,wrong,0,wrong/40682-0.png,54a8c737141700bcc32da0b73534e8b532a7770f0aa6a7fc09ca86a46d1706fe,6490897e817774a341cca2ee5aba081e04f285f50e6f0a1474fc3ccbd4a33f68,,0.5071634650230408,0.015502043064355726,0.4092967008349102,5a2ee73a5ab51674e36dffb8d4cd15aa5900236477a66d12bacbc1f16fdae65f
H5000,train,40682,38942,wrong,1,wrong/40682-1.png,1a62d4bcd9d73025dfda27444a580a8a4dbfde6c1a804feb69d4744968d6c686,6490897e817774a341cca2ee5aba081e04f285f50e6f0a1474fc3ccbd4a33f68,,0.47535109519958496,0.16655720162238966,0.4871800087577424,5a2ee73a5ab51674e36dffb8d4cd15aa5900236477a66d12bacbc1f16fdae65f
H5000,train,38942,4905,correct,0,correct/38942-0.png,02ad3b55fd70c035784013423c90479dacdeb997f46f63f7482957589a7310d4,6756f9274e866ca54bb80f773b9ae5ebe24c536f1c5877b0f8c954379b24bd06,,0.5734227895736694,0.20655687075912083,0.4399048211976009,5a2ee73a5ab51674e36dffb8d4cd15aa5900236477a66d12bacbc1f16fdae65f
H5000,train,38942,4905,correct,1,correct/38942-1.png,a147ab250f91fc627f35a3f3f9126fc7624314fc9ffa4f0d9d28bd6c7e78ae44,6756f9274e866ca54bb80f773b9ae5ebe24c536f1c5877b0f8c954379b24bd06,,0.6768186092376709,0.12323606617722756,0.36689720562885253,5a2ee73a5ab51674e36dffb8d4cd15aa5900236477a66d12bacbc1f16fdae65f
H5000,train,38942,4905,wrong,0,wrong/38942-0.png,c4a3d72d18b5c48de9a63ac893af725c355a14287b74b33ff079409bc9a251ae,6756f9274e866ca54bb80f773b9ae5ebe24c536f1c5877b0f8c954379b24bd06,,0.6613686084747314,0.09412224718273383,0.383107819315629,5a2ee73a5ab51674e36dffb8d4cd15aa5900236477a66d12bacbc1f16fdae65f
H5000,train,38942,4905,wrong,1,wrong/38942-1.png,6cd054d08a626f3f0aef358b5391cc9ccc01b0f96f1e6d2fd864f4b4d49e7830,6756f9274e866ca54bb80f773b9ae5ebe24c536f1c5877b0f8c954379b24bd06,,0.6712252497673035,0.14445467145059732,0.30992615358356407,5a2ee73a5ab51674e36dffb8d4cd15aa5900236477a66d12bacbc1f16fdae65f
H5000,train,4905,17344,correct,0,correct/4905-0.png,40eaabb21c03667f044c9d280d382cb38d4a122738214270799e346d77ea9397,232ae311abc85f162496cc1486aef8d8928ea428f00d77ec4e79c0b70f3aac41,,0.5928514003753662,0.06272440900063037,0.31040521571176377,5a2ee73a5ab51674e36dffb8d4cd15aa5900236477a66d12bacbc1f16fdae65f
H5000,train,4905,17344,correct,1,correct/4905-1.png,368b3042b0c7011b53848b90ac21f5f100c36746f2f8863b4d5fb13f924b55d1,232ae311abc85f162496cc1486aef8d8928ea428f00d77ec4e79c0b70f3aac41,,0.6210275888442993,0.019209990879970766,0.29210498216874137,5a2ee73a5ab51674e36dffb8d4cd15aa5900236477a66d12bacbc1f16fdae65f
H5000,train,4905,17344,wrong,0,wrong/4905-0.png,870a57768498c2c091671bb41fe96a367e80525b6376c46e470fb2fb14f87b22,232ae311abc85f162496cc1486aef8d8928ea428f00d77ec4e79c0b70f3aac41,,0.46017178893089294,-0.02942717754844338,0.3586974459118833,5a2ee73a5ab51674e36dffb8d4cd15aa5900236477a66d12bacbc1f16fdae65f
H5000,train,4905,17344,wrong,1,wrong/4905-1.png,8d2c430660cbe433ee7a76ab27dc19c41ac258f9b9fff527077786b7be8ce5c9,232ae311abc85f162496cc1486aef8d8928ea428f00d77ec4e79c0b70f3aac41,,0.3387310802936554,0.09224123279285797,0.37526237694103937,5a2ee73a5ab51674e36dffb8d4cd15aa5900236477a66d12bacbc1f16fdae65f
H5000,train,17344,32725,correct,0,correct/17344-0.png,b515e30e6111276112bb2b69284de135e49075abb76d9b422ec6d2a470c27f48,d75f90f3c918af7779f08413e1b2dfa9f0b7ab7532546f74ce58b50b36b8817d,,0.6294047236442566,0.15418847555757453,0.2128204851497494,5a2ee73a5ab51674e36dffb8d4cd15aa5900236477a66d12bacbc1f16fdae65f
H5000,train,17344,32725,correct,1,correct/17344-1.png,6ded58c0c3e2a1b364293f3611e1b84e6adfa48e9aa4b04d0eb06933cd9a6886,d75f90f3c918af7779f08413e1b2dfa9f0b7ab7532546f74ce58b50b36b8817d,,0.49354884028434753,-0.031177331332946562,0.15088901362061274,5a2ee73a5ab51674e36dffb8d4cd15aa5900236477a66d12bacbc1f16fdae65f
H5000,train,17344,32725,wrong,0,wrong/17344-0.png,c3133050733f7b3fe0ab0a16aa51cae42e2d658793d49ed85baf7f5625d9d279,d75f90f3c918af7779f08413e1b2dfa9f0b7ab7532546f74ce58b50b36b8817d,,0.5062674283981323,-0.025957244688329485,0.16245455006578563,5a2ee73a5ab51674e36dffb8d4cd15aa5900236477a66d12bacbc1f16fdae65f
H5000,train,17344,32725,wrong,1,wrong/17344-1.png,292a1bca7f1a09a944265532f72a6cbf4ab4f8c704bab212a7f1c76e2b7f411e,d75f90f3c918af7779f08413e1b2dfa9f0b7ab7532546f74ce58b50b36b8817d,,0.5417699217796326,-0.07947870557450401,0.08705517034211249,5a2ee73a5ab51674e36dffb8d4cd15aa5900236477a66d12bacbc1f16fdae65f
H5000,train,32725,28449,correct,0,correct/32725-0.png,7af3bd612f6be9f14b39cb188bc0f22abda18633e0dd850c02654365dc2a01f1,30cb1309cb356060719cfdd1a31df932276e218be091252aa0a0840e43a975a0,,0.8643750548362732,-0.15482517978112434,0.14225403803789863,5a2ee73a5ab51674e36dffb8d4cd15aa5900236477a66d12bacbc1f16fdae65f
H5000,train,32725,28449,correct,1,correct/32725-1.png,ee168ff5201c08502961da99866424edacf64013ded0d144b0e3e91c1d0262be,30cb1309cb356060719cfdd1a31df932276e218be091252aa0a0840e43a975a0,,0.8529539704322815,-0.1744068929685284,0.14231807464523433,5a2ee73a5ab51674e36dffb8d4cd15aa5900236477a66d12bacbc1f16fdae65f
H5000,train,32725,28449,wrong,0,wrong/32725-0.png,e76a3e939e355db2ed237c6bf49cc24ab3c1584f283dc2c4281fce66fd92db2b,30cb1309cb356060719cfdd1a31df932276e218be091252aa0a0840e43a975a0,,0.6247953772544861,0.23803967409198212,0.18062024640617855,5a2ee73a5ab51674e36dffb8d4cd15aa5900236477a66d12bacbc1f16fdae65f
H5000,train,32725,28449,wrong,1,wrong/32725-1.png,0bb763351614c9fbbc6243784a175fe4788e402fe70b85253560e92fcaca54f6,30cb1309cb356060719cfdd1a31df932276e218be091252aa0a0840e43a975a0,,0.6183829307556152,-0.41925820225878657,0.17439232060774193,5a2ee73a5ab51674e36dffb8d4cd15aa5900236477a66d12bacbc1f16fdae65f
H5000,train,28449,4723,correct,0,correct/28449-0.png,fd54a9aa0770113bcbd327d0ee4d5aa9c621a5f049e5818fb1ee893c177c48ba,90d88f3ceba98dfa2fef3ccc0ef7371f2f798a6d92f3a246b5683fc6f9692144,,0.5952264666557312,-0.09396239838781303,0.46747953229502476,5a2ee73a5ab51674e36dffb8d4cd15aa5900236477a66d12bacbc1f16fdae65f
H5000,train,28449,4723,correct,1,correct/28449-1.png,aefa491d6c5b8efedf2099f5da34c5a3749533f40ff6be462d3776193e4295b9,90d88f3ceba98dfa2fef3ccc0ef7371f2f798a6d92f3a246b5683fc6f9692144,,0.5691174864768982,-0.24620747946847468,0.4375970041506834,5a2ee73a5ab51674e36dffb8d4cd15aa5900236477a66d12bacbc1f16fdae65f
H5000,train,28449,4723,wrong,0,wrong/28449-0.png,7651fde26750291249e35c1fe1d45fadb2b55f179898e48812b41beb145ffd23,90d88f3ceba98dfa2fef3ccc0ef7371f2f798a6d92f3a246b5683fc6f9692144,,0.5110196471214294,-0.021350105510615877,0.2735088729677684,5a2ee73a5ab51674e36dffb8d4cd15aa5900236477a66d12bacbc1f16fdae65f
H5000,train,28449,4723,wrong,1,wrong/28449-1.png,993b038db86c62e1e3fe141b29a713b29db42e6f74e4acd91a8a811f01cf70eb,90d88f3ceba98dfa2fef3ccc0ef7371f2f798a6d92f3a246b5683fc6f9692144,,0.5672750473022461,-0.13255587237348235,0.33073894833516454,5a2ee73a5ab51674e36dffb8d4cd15aa5900236477a66d12bacbc1f16fdae65f
H5000,train,4723,70126,correct,0,correct/4723-0.png,61e48211adac983487454f6a189f8a734dce8076e6c416390d6f9901f0016184,9b2d92a8a3a0047433a0e8cca9e67818d62ddbeef410226b718fcc0322330a93,,0.3748152554035187,0.007229425376492603,0.3041202654881364,5a2ee73a5ab51674e36dffb8d4cd15aa5900236477a66d12bacbc1f16fdae65f
H5000,train,4723,70126,correct,1,correct/4723-1.png,2f787f96eeea4581d63d3d33c32fcf9694ddd8d75bc7f5532a93785803efbd05,9b2d92a8a3a0047433a0e8cca9e67818d62ddbeef410226b718fcc0322330a93,,0.611854076385498,-0.09720974747156091,0.28051048068625256,5a2ee73a5ab51674e36dffb8d4cd15aa5900236477a66d12bacbc1f16fdae65f
H5000,train,4723,70126,wrong,0,wrong/4723-0.png,0138780d2c832ed1f52d7e7fd3a3080520f12bc9e3c7e59d36e805c812bca89c,9b2d92a8a3a0047433a0e8cca9e67818d62ddbeef410226b718fcc0322330a93,,0.538528561592102,0.0025554523200164688,0.3837618162773488,5a2ee73a5ab51674e36dffb8d4cd15aa5900236477a66d12bacbc1f16fdae65f
H5000,train,4723,70126,wrong,1,wrong/4723-1.png,0382e5b910e0bc6d26e86b100805e1306985d0272bc993b769fb054943995f6a,9b2d92a8a3a0047433a0e8cca9e67818d62ddbeef410226b718fcc0322330a93,,0.5730857849121094,-0.11194879096122237,0.3342065801364071,5a2ee73a5ab51674e36dffb8d4cd15aa5900236477a66d12bacbc1f16fdae65f
H5000,train,70126,26393,correct,0,correct/70126-0.png,e8188f1251d8212bb3cdb21c71229949d107ff8023216e803fe3a47b5cd44124,771c06d63c9d651090499055b39e8c422b32ab0e89b8878983be0d8b35226c9d,,0.584720253944397,-0.004637830879291167,0.2930244067708753,5a2ee73a5ab51674e36dffb8d4cd15aa5900236477a66d12bacbc1f16fdae65f
H5000,train,70126,26393,correct,1,correct/70126-1.png,7526afd0789dee113c087a6d16b86657a35868e8eca162a05950c4ca42512c80,771c06d63c9d651090499055b39e8c422b32ab0e89b8878983be0d8b35226c9d,,0.4329167604446411,-0.22477605316861085,0.22854799585174645,5a2ee73a5ab51674e36dffb8d4cd15aa5900236477a66d12bacbc1f16fdae65f
H5000,train,70126,26393,wrong,0,wrong/70126-0.png,6c0d72e3249c32df80c7c17c15d3e9dde3496a336dfe9a68752e60952e993f28,771c06d63c9d651090499055b39e8c422b32ab0e89b8878983be0d8b35226c9d,,0.49220559000968933,-0.11991802713478542,0.2887401610851805,5a2ee73a5ab51674e36dffb8d4cd15aa5900236477a66d12bacbc1f16fdae65f
H5000,train,70126,26393,wrong,1,wrong/70126-1.png,223d774e81ab602ef25a210018e414e351e71cc928d9bd93acfe1fecec9ebcab,771c06d63c9d651090499055b39e8c422b32ab0e89b8878983be0d8b35226c9d,,0.4739295244216919,0.04620932403238827,0.2807369567287431,5a2ee73a5ab51674e36dffb8d4cd15aa5900236477a66d12bacbc1f16fdae65f
H5000,train,26393,33748,correct,0,correct/26393-0.png,b98c641cce73a11ab68491f8d293e39a69ce19de11eed51a8e87f76bb20d8092,0019d2d1ccc1627f42428b0f1cd396e261b1006a37d9c6990b31189dc07e534f,,0.7346932888031006,-0.022962463718311416,0.5582487438381819,5a2ee73a5ab51674e36dffb8d4cd15aa5900236477a66d12bacbc1f16fdae65f
H5000,train,26393,33748,correct,1,correct/26393-1.png,d2b82a5d29255ed4a2c51357fd8cd920806169ec4f4b842ab2acbb145b72c5cc,0019d2d1ccc1627f42428b0f1cd396e261b1006a37d9c6990b31189dc07e534f,,0.6819449067115784,0.027167832142720966,0.48999470013873636,5a2ee73a5ab51674e36dffb8d4cd15aa5900236477a66d12bacbc1f16fdae65f
H5000,train,26393,33748,wrong,0,wrong/26393-0.png,bf6c67587feb450074cce272d83f848dd88a7885b467acdfb8603dbcb17bb3c9,0019d2d1ccc1627f42428b0f1cd396e261b1006a37d9c6990b31189dc07e534f,,0.5158313512802124,0.2893412214570814,0.40160971339257073,5a2ee73a5ab51674e36dffb8d4cd15aa5900236477a66d12bacbc1f16fdae65f
H5000,train,26393,33748,wrong,1,wrong/26393-1.png,861a2bc013b1e9ceeb7f7b56691483ba25ad2ecfbe1b1ffcfa534dd356d2a63c,0019d2d1ccc1627f42428b0f1cd396e261b1006a37d9c6990b31189dc07e534f,,0.5792087316513062,0.2993582760459318,0.36807043686609797,5a2ee73a5ab51674e36dffb8d4cd15aa5900236477a66d12bacbc1f16fdae65f
H5000,train,33748,57293,correct,0,correct/33748-0.png,b4f8239a1c4ece60153532f1f1e8c0418c7b47bc4d61f8a8e9608b1e62bb78c1,ea12a6e5334d683616001b6e1d93e997a3eb53d67412edf2f0a4c6526ff5b880,,0.9139186143875122,0.5332560899490973,0.31665597655142047,5a2ee73a5ab51674e36dffb8d4cd15aa5900236477a66d12bacbc1f16fdae65f
H5000,train,33748,57293,correct,1,correct/33748-1.png,cebf89898d512d34b861c8b6280af4f7a6cfc8fcaae5036c7022505a6f3b4126,ea12a6e5334d683616001b6e1d93e997a3eb53d67412edf2f0a4c6526ff5b880,,0.9358025193214417,0.5349653270761023,0.31773170755817254,5a2ee73a5ab51674e36dffb8d4cd15aa5900236477a66d12bacbc1f16fdae65f
H5000,train,33748,57293,wrong,0,wrong/33748-0.png,0f44df8c573044c8006d531c245be8f0099fbf2a33b898a46da3359c09fd0b61,ea12a6e5334d683616001b6e1d93e997a3eb53d67412edf2f0a4c6526ff5b880,,0.5985443592071533,0.057957345604842066,0.18796148893645578,5a2ee73a5ab51674e36dffb8d4cd15aa5900236477a66d12bacbc1f16fdae65f
H5000,train,33748,57293,wrong,1,wrong/33748-1.png,2477f0ec3bb3addf54661faa00491d6188c399400ed823ca8e378800d68b758f,ea12a6e5334d683616001b6e1d93e997a3eb53d67412edf2f0a4c6526ff5b880,,0.5989685654640198,0.20434426041769924,0.21452234641044152,5a2ee73a5ab51674e36dffb8d4cd15aa5900236477a66d12bacbc1f16fdae65f
H5000,train,57293,20217,correct,0,correct/57293-0.png,fa9ac2de5186a71386ccad64dfa0f1b669576f7d7e325b14ad1be8a5d8cc87cf,2ce3fbbaf3262abce9abef7120e90ccb53908017cf443112e22b9f7e8cb94ef1,,0.6827272176742554,0.20873303272593294,0.19289703265627126,5a2ee73a5ab51674e36dffb8d4cd15aa5900236477a66d12bacbc1f16fdae65f
H5000,train,57293,20217,correct,1,correct/57293-1.png,3b7f35b7b96e4c60c4a6b93eee4e34c0e1eb4be14e586d66b89ab4696e13596c,2ce3fbbaf3262abce9abef7120e90ccb53908017cf443112e22b9f7e8cb94ef1,,0.7523001432418823,-0.10821118320516214,0.19445291918771324,5a2ee73a5ab51674e36dffb8d4cd15aa5900236477a66d12bacbc1f16fdae65f
H5000,train,57293,20217,wrong,0,wrong/57293-0.png,c4b74f5e8a4c84e3aba3ebb6bb230ab441c1b44eceefdbe74b938f4e31616685,2ce3fbbaf3262abce9abef7120e90ccb53908017cf443112e22b9f7e8cb94ef1,,0.5654186606407166,-0.09638637576455444,0.25252933940507977,5a2ee73a5ab51674e36dffb8d4cd15aa5900236477a66d12bacbc1f16fdae65f
H5000,train,57293,20217,wrong,1,wrong/57293-1.png,beb5d6237ba8052f06b9473e487038c8e8d1a78984e0a106731dc28bfcff598f,2ce3fbbaf3262abce9abef7120e90ccb53908017cf443112e22b9f7e8cb94ef1,,0.5937646627426147,-0.31689446493057666,0.16469723597902086,5a2ee73a5ab51674e36dffb8d4cd15aa5900236477a66d12bacbc1f16fdae65f
H5000,train,20217,15879,correct,0,correct/20217-0.png,bca506dbf0b3f6975892b23ab355e8c04647f338793c7d6e83c485069e28f4bb,9bb0eb851e424337b776988233bca0f9b0b9703bdb62158841eefc42f9e34149,,0.6260864734649658,0.08821005135003589,0.28742330194299276,5a2ee73a5ab51674e36dffb8d4cd15aa5900236477a66d12bacbc1f16fdae65f
H5000,train,20217,15879,correct,1,correct/20217-1.png,163483f97b78796dea1e9c57a77fea801a7b2ae17b9cee0fb87b1c643e53150b,9bb0eb851e424337b776988233bca0f9b0b9703bdb62158841eefc42f9e34149,,0.6633453369140625,-0.006366147619467239,0.3067030962565626,5a2ee73a5ab51674e36dffb8d4cd15aa5900236477a66d12bacbc1f16fdae65f
H5000,train,20217,15879,wrong,0,wrong/20217-0.png,1f59ad5ff818a1e0d6e03ce70eb36585500270b8ef28d5b9d37411d24b503fe0,9bb0eb851e424337b776988233bca0f9b0b9703bdb62158841eefc42f9e34149,,0.6019898056983948,0.28093580593487333,0.3064371450000839,5a2ee73a5ab51674e36dffb8d4cd15aa5900236477a66d12bacbc1f16fdae65f
H5000,train,20217,15879,wrong,1,wrong/20217-1.png,0a89eac5bbec299acd85add0b8c3669c9ca629a4d6f67598e4c5ebba2a872ae9,9bb0eb851e424337b776988233bca0f9b0b9703bdb62158841eefc42f9e34149,,0.597015917301178,-0.07391950748349276,0.2889072610084297,5a2ee73a5ab51674e36dffb8d4cd15aa5900236477a66d12bacbc1f16fdae65f
H5000,train,15879,69036,correct,0,correct/15879-0.png,b9827d47607f3f7bf5bd77e18465655be0dfcf5e92cf598c0794fb0225279709,4f7529cc349f0c11166395691ea3a37adcf291e281069f184da9b7340fc99034,,0.6717237830162048,0.11882354626773088,0.2052885309717506,5a2ee73a5ab51674e36dffb8d4cd15aa5900236477a66d12bacbc1f16fdae65f
H5000,train,15879,69036,correct,1,correct/15879-1.png,18a5ce6504c600029ce112de3cea22824dfcc568ca05e7dd27bdd32aa3f6efc9,4f7529cc349f0c11166395691ea3a37adcf291e281069f184da9b7340fc99034,,0.7296557426452637,0.023802614132554557,0.17811502082443859,5a2ee73a5ab51674e36dffb8d4cd15aa5900236477a66d12bacbc1f16fdae65f
H5000,train,15879,69036,wrong,0,wrong/15879-0.png,44d5f18adb9195cfd327c13d9a23898a572022f323852a8c3a56ca3c27df035a,4f7529cc349f0c11166395691ea3a37adcf291e281069f184da9b7340fc99034,,0.49139541387557983,0.23974518618870014,0.19757579447572324,5a2ee73a5ab51674e36dffb8d4cd15aa5900236477a66d12bacbc1f16fdae65f
H5000,train,15879,69036,wrong,1,wrong/15879-1.png,41e7214ca18a26a6f23ede22a87aa0ceacab8a7488d6b13fd620ffb58cfaac9c,4f7529cc349f0c11166395691ea3a37adcf291e281069f184da9b7340fc99034,,0.4979315996170044,0.1667130980629747,0.14908366978749277,5a2ee73a5ab51674e36dffb8d4cd15aa5900236477a66d12bacbc1f16fdae65f
H5000,train,69036,3625,correct,0,correct/69036-0.png,094c1a94b1f29436bc11529435435077828fb2ee1e0f3bf36c6f0bd2c8779710,1acec16aba650738ce719ea1e3bbdffbf0ec38d66415cd99991204bc1cc04fb5,,0.9036694765090942,0.3573146705129405,0.324190098710251,5a2ee73a5ab51674e36dffb8d4cd15aa5900236477a66d12bacbc1f16fdae65f
H5000,train,69036,3625,correct,1,correct/69036-1.png,932bbaf64086292093a7283238b0d13ef3ec3b37a9efda541a3f5d0a52fc56b8,1acec16aba650738ce719ea1e3bbdffbf0ec38d66415cd99991204bc1cc04fb5,,0.9005814790725708,0.5278388450761566,0.3521051274828693,5a2ee73a5ab51674e36dffb8d4cd15aa5900236477a66d12bacbc1f16fdae65f
H5000,train,69036,3625,wrong,0,wrong/69036-0.png,1871978f2e9226efb1306b0303dc585131b1ce486bf8e240c1f958d8c7a96e2b,1acec16aba650738ce719ea1e3bbdffbf0ec38d66415cd99991204bc1cc04fb5,,0.6386628746986389,-0.08670571918882931,0.1761792261518836,5a2ee73a5ab51674e36dffb8d4cd15aa5900236477a66d12bacbc1f16fdae65f
H5000,train,69036,3625,wrong,1,wrong/69036-1.png,f22fb2a6b61ecc5c900a549534d9df9ab9ffa3df0398982d650e5e915c3b4978,1acec16aba650738ce719ea1e3bbdffbf0ec38d66415cd99991204bc1cc04fb5,,0.6116434335708618,-0.03249625279168021,0.23004623479883976,5a2ee73a5ab51674e36dffb8d4cd15aa5900236477a66d12bacbc1f16fdae65f
H5000,train,3625,23696,correct,0,correct/3625-0.png,3791e1ee618d1379645e2114349b70d8d2b5d0ff21decb016188b7356f74a4d5,d9a5c95b29350d57eb94358eb9a21cd680af72d44f9a1759000eaf57a7e92392,,0.7254207134246826,-0.09917998310454745,0.1695956447584802,5a2ee73a5ab51674e36dffb8d4cd15aa5900236477a66d12bacbc1f16fdae65f
H5000,train,3625,23696,correct,1,correct/3625-1.png,1e2525d086624a4e94debecb0088cf130e951c3449b5d3b7ab1a7c336f1963ab,d9a5c95b29350d57eb94358eb9a21cd680af72d44f9a1759000eaf57a7e92392,,0.689306378364563,-0.16580800090492553,0.12184150104196405,5a2ee73a5ab51674e36dffb8d4cd15aa5900236477a66d12bacbc1f16fdae65f
H5000,train,3625,23696,wrong,0,wrong/3625-0.png,126784844d1d8b2daf69bda4076a8d065c77760b51aa929debf880ce8a680d59,d9a5c95b29350d57eb94358eb9a21cd680af72d44f9a1759000eaf57a7e92392,,0.58577960729599,-0.2344957508822036,0.20480399393877904,5a2ee73a5ab51674e36dffb8d4cd15aa5900236477a66d12bacbc1f16fdae65f
H5000,train,3625,23696,wrong,1,wrong/3625-1.png,ff555c5f4dbb829b18ca1672416232e09cafef668982a5dc23a13d49b848baa8,d9a5c95b29350d57eb94358eb9a21cd680af72d44f9a1759000eaf57a7e92392,,0.5728780031204224,-0.13947774300991475,0.2788938249142023,5a2ee73a5ab51674e36dffb8d4cd15aa5900236477a66d12bacbc1f16fdae65f
H5000,train,23696,44010,correct,0,correct/23696-0.png,42d4e6608cc28767703bfbf010811abe3d8c4c2e2153d66a9c0becd77069bc8d,2fd882d695c4a24c1f03243124fd54f215d1c687123a46ba99d6ef66f4bf0827,,0.5682421326637268,-0.5970572203598538,0.46684314662626364,5a2ee73a5ab51674e36dffb8d4cd15aa5900236477a66d12bacbc1f16fdae65f
H5000,train,23696,44010,correct,1,correct/23696-1.png,0c41c56a7af68ee3b8a87e54b6b2eee0d0f4e3622da4e7f7bf9554f9bdaa1337,2fd882d695c4a24c1f03243124fd54f215d1c687123a46ba99d6ef66f4bf0827,,0.5935962796211243,0.09446779047947448,0.5737409532319808,5a2ee73a5ab51674e36dffb8d4cd15aa5900236477a66d12bacbc1f16fdae65f
H5000,train,23696,44010,wrong,0,wrong/23696-0.png,10083fa9e3da1082c35474c3548a9042aef020d97c63afdaf0102c9d1a5ba11a,2fd882d695c4a24c1f03243124fd54f215d1c687123a46ba99d6ef66f4bf0827,,0.5557911396026611,-0.543352578962638,0.34447852676544294,5a2ee73a5ab51674e36dffb8d4cd15aa5900236477a66d12bacbc1f16fdae65f
H5000,train,23696,44010,wrong,1,wrong/23696-1.png,14d68d1e36f0aba4dfb4edd56526744e8fb67b2cc07500263f785baa46aab27b,2fd882d695c4a24c1f03243124fd54f215d1c687123a46ba99d6ef66f4bf0827,,0.5412786602973938,0.40079388591762954,0.5067377835487648,5a2ee73a5ab51674e36dffb8d4cd15aa5900236477a66d12bacbc1f16fdae65f
H5000,train,44010,21652,correct,0,correct/44010-0.png,09c5ceab7bb90ee44ab304c0b9dc29e7bc28725d30a153914c58f80863b9131a,35aa86981174181a98b4ce51d8b65a8bd0f95c2ceec4818494682c0873f3225b,,0.6779943108558655,0.07480350084246977,0.3360540191125392,5a2ee73a5ab51674e36dffb8d4cd15aa5900236477a66d12bacbc1f16fdae65f
H5000,train,44010,21652,correct,1,correct/44010-1.png,608c34b44d07a8baa795a9d8157da7b79c48831d96d99a677e2f517fa7429801,35aa86981174181a98b4ce51d8b65a8bd0f95c2ceec4818494682c0873f3225b,,0.7223437428474426,0.12814461449261033,0.3922326868807647,5a2ee73a5ab51674e36dffb8d4cd15aa5900236477a66d12bacbc1f16fdae65f
H5000,train,44010,21652,wrong,0,wrong/44010-0.png,44ce7519fd323c8b3482983529bcb469d4d1d2f0eca16d3b5c187279d1ab053e,35aa86981174181a98b4ce51d8b65a8bd0f95c2ceec4818494682c0873f3225b,,0.5585557222366333,0.012752634544789183,0.3671781293404947,5a2ee73a5ab51674e36dffb8d4cd15aa5900236477a66d12bacbc1f16fdae65f
H5000,train,44010,21652,wrong,1,wrong/44010-1.png,d077d9d53bd1b52396210d6bcd7f367e9d309c766625687983445361c33ba692,35aa86981174181a98b4ce51d8b65a8bd0f95c2ceec4818494682c0873f3225b,,0.6008368134498596,0.16332957449340565,0.41664604055161303,5a2ee73a5ab51674e36dffb8d4cd15aa5900236477a66d12bacbc1f16fdae65f
H5000,train,21652,6970,correct,0,correct/21652-0.png,2de2d90f5501c22c7d6b3a443ed103044420b402047b8e7979c45ca47735d524,deca6335f8f41d705a173f0a516e337acfc6c53d86d5870f07649aa25f90a597,,0.6540316939353943,0.040969181822109554,0.3140065958661368,5a2ee73a5ab51674e36dffb8d4cd15aa5900236477a66d12bacbc1f16fdae65f
H5000,train,21652,6970,correct,1,correct/21652-1.png,1168ec89deddefca04c90882f38fcf75fcca7131ee61f4db0c0ec700109ee725,deca6335f8f41d705a173f0a516e337acfc6c53d86d5870f07649aa25f90a597,,0.5660607814788818,0.15343361010848586,0.32055993382012143,5a2ee73a5ab51674e36dffb8d4cd15aa5900236477a66d12bacbc1f16fdae65f
H5000,train,21652,6970,wrong,0,wrong/21652-0.png,efaa019696fa43ac8ef7e6b9c2c505ff3fa17f41cb8fe1c842785fcbf53958f6,deca6335f8f41d705a173f0a516e337acfc6c53d86d5870f07649aa25f90a597,,0.6191311478614807,0.09855103231963257,0.35625220154484366,5a2ee73a5ab51674e36dffb8d4cd15aa5900236477a66d12bacbc1f16fdae65f
H5000,train,21652,6970,wrong,1,wrong/21652-1.png,d05499909c42f11571fa286921c68e58822a945e1d4174762c47a848258b21e1,deca6335f8f41d705a173f0a516e337acfc6c53d86d5870f07649aa25f90a597,,0.6130243539810181,0.19758409984123326,0.32254761892868355,5a2ee73a5ab51674e36dffb8d4cd15aa5900236477a66d12bacbc1f16fdae65f
H5000,train,6970,35190,correct,0,correct/6970-0.png,827097290f6f3f879c74398d8ce639b43f54786141c47073d76b0b0c4e0b5e12,7b6545b71671e9b1cdbb3e8f1f39d98a09c15c1547791b5eb984bee429ac7e4c,,0.5209919810295105,-0.3494517663411054,0.5503307073446113,5a2ee73a5ab51674e36dffb8d4cd15aa5900236477a66d12bacbc1f16fdae65f
H5000,train,6970,35190,correct,1,correct/6970-1.png,df2b8e06c5321ce88679d57b2eefd430f6016e988d5e6bd0f1b5ad9857758711,7b6545b71671e9b1cdbb3e8f1f39d98a09c15c1547791b5eb984bee429ac7e4c,,0.6001805067062378,0.02813009185853983,0.5568500812105643,5a2ee73a5ab51674e36dffb8d4cd15aa5900236477a66d12bacbc1f16fdae65f
H5000,train,6970,35190,wrong,0,wrong/6970-0.png,cf98adaa7f03d645c3e2b236d54f8777f59db4c9ef24c05a3e82df62474014bf,7b6545b71671e9b1cdbb3e8f1f39d98a09c15c1547791b5eb984bee429ac7e4c,,0.5702071189880371,0.08461180854216002,0.40074392554047195,5a2ee73a5ab51674e36dffb8d4cd15aa5900236477a66d12bacbc1f16fdae65f
H5000,train,6970,35190,wrong,1,wrong/6970-1.png,8b29cbd9263d98af6c40924390670aee57f1646d20be925c8fda6e9ae05bddc3,7b6545b71671e9b1cdbb3e8f1f39d98a09c15c1547791b5eb984bee429ac7e4c,,0.5584002733230591,-0.0858653383908662,0.30763728642121824,5a2ee73a5ab51674e36dffb8d4cd15aa5900236477a66d12bacbc1f16fdae65f
H5000,train,35190,50780,correct,0,correct/35190-0.png,c23ba43148d1fcd583c24d266d924b916bfdee1a8e00e40b9c4847faa589cfdb,af8e89553ecca28153a718e9873c66236d4964e90116ec65807e8436d27a2c9a,,0.6897062659263611,0.06138604936643298,0.1785917794751117,5a2ee73a5ab51674e36dffb8d4cd15aa5900236477a66d12bacbc1f16fdae65f
H5000,train,35190,50780,correct,1,correct/35190-1.png,983e2d537eea8d1b6135befa82f3534b01922bae2ce727ac6b1d94a914e2e80a,af8e89553ecca28153a718e9873c66236d4964e90116ec65807e8436d27a2c9a,,0.7333312630653381,-0.3211524431195498,0.14696440489038806,5a2ee73a5ab51674e36dffb8d4cd15aa5900236477a66d12bacbc1f16fdae65f
H5000,train,35190,50780,wrong,0,wrong/35190-0.png,8bc5200244c015481e2b593f40199219be6cc5db67364514ad0981c7aa03d20d,af8e89553ecca28153a718e9873c66236d4964e90116ec65807e8436d27a2c9a,,0.37974005937576294,0.05981384980760498,0.17178774874145242,5a2ee73a5ab51674e36dffb8d4cd15aa5900236477a66d12bacbc1f16fdae65f
H5000,train,35190,50780,wrong,1,wrong/35190-1.png,6ffa3055c490612e855f0bc831b9f38bcb8d152f71b7378933a3d5ab5531bc0e,af8e89553ecca28153a718e9873c66236d4964e90116ec65807e8436d27a2c9a,,0.43713027238845825,0.0022208050485951866,0.18200090855677906,5a2ee73a5ab51674e36dffb8d4cd15aa5900236477a66d12bacbc1f16fdae65f
H5000,train,50780,45620,correct,0,correct/50780-0.png,970ee4906511b161b229a7dca0dfc46e05fe5955193c878262762495367c575d,3800def8e5bed900fc332f8ffc34dbd027ba1e4cb2ec365891217aeeffe7820e,,0.7186076045036316,0.3301853145341518,0.42289919352820693,5a2ee73a5ab51674e36dffb8d4cd15aa5900236477a66d12bacbc1f16fdae65f
H5000,train,50780,45620,correct,1,correct/50780-1.png,526a6eaef2ad82a9dad37361f3d19170f92f0f7b447c7d037d7f7e1e7772778f,3800def8e5bed900fc332f8ffc34dbd027ba1e4cb2ec365891217aeeffe7820e,,0.7728893756866455,0.07509399125024245,0.4609811611287965,5a2ee73a5ab51674e36dffb8d4cd15aa5900236477a66d12bacbc1f16fdae65f
H5000,train,50780,45620,wrong,0,wrong/50780-0.png,fbfa57af2b21a33258ed5de94bd093a00ba6c50c75d3c002b921f9d32540c07b,3800def8e5bed900fc332f8ffc34dbd027ba1e4cb2ec365891217aeeffe7820e,,0.4647531509399414,0.0545312153576054,0.2548465386441482,5a2ee73a5ab51674e36dffb8d4cd15aa5900236477a66d12bacbc1f16fdae65f
H5000,train,50780,45620,wrong,1,wrong/50780-1.png,bf4254f5effd046f7d94f12a2d3e4d12920b81a09be30484c08bd93cfe13baa6,3800def8e5bed900fc332f8ffc34dbd027ba1e4cb2ec365891217aeeffe7820e,,0.49978378415107727,-0.1547913973624354,0.3113895737680652,5a2ee73a5ab51674e36dffb8d4cd15aa5900236477a66d12bacbc1f16fdae65f
H5000,train,45620,27323,correct,0,correct/45620-0.png,c6577803b5d69fffe5bfb505544ce38b747cf5f9d713806192d29fafc38d2cc3,cfb5d1c1124c830ac684d4a9eb24f448e9e3feb4d28302f59cd353c4d54b08f5,,0.8832389712333679,0.1916332477739407,0.2915153799746234,5a2ee73a5ab51674e36dffb8d4cd15aa5900236477a66d12bacbc1f16fdae65f
H5000,train,45620,27323,correct,1,correct/45620-1.png,7fdfa19f4e01f8216739a4847b4b353739584a2078eb4e9e7bb298c6ecf97086,cfb5d1c1124c830ac684d4a9eb24f448e9e3feb4d28302f59cd353c4d54b08f5,,0.9055960774421692,-0.0004619615227435367,0.22801901607462957,5a2ee73a5ab51674e36dffb8d4cd15aa5900236477a66d12bacbc1f16fdae65f
H5000,train,45620,27323,wrong,0,wrong/45620-0.png,dc9070c3541b0d934741a45fb0d16fda7c515c41a92fc60b63d87a617a0a94de,cfb5d1c1124c830ac684d4a9eb24f448e9e3feb4d28302f59cd353c4d54b08f5,,0.5278930068016052,0.09265397413003143,0.3518720613072445,5a2ee73a5ab51674e36dffb8d4cd15aa5900236477a66d12bacbc1f16fdae65f
H5000,train,45620,27323,wrong,1,wrong/45620-1.png,c111601f30a4f5ac1c1ae02c710ecb2943873b16584486fd1360abd8564ffe8c,cfb5d1c1124c830ac684d4a9eb24f448e9e3feb4d28302f59cd353c4d54b08f5,,0.46981972455978394,-0.14824113553616608,0.221975277706618,5a2ee73a5ab51674e36dffb8d4cd15aa5900236477a66d12bacbc1f16fdae65f
H5000,train,27323,51581,correct,0,correct/27323-0.png,0139aec2da864be7ff53cde939e351feb69b09653b876acd9553b33f106ba7ab,250f095a178dc365e3b06928d3751554e4b9fcf734e8d3febc3dc4b1ed354d81,,0.473322331905365,0.13871707443398504,0.35347055743237665,5a2ee73a5ab51674e36dffb8d4cd15aa5900236477a66d12bacbc1f16fdae65f
H5000,train,27323,51581,correct,1,correct/27323-1.png,d904f213e4c5415f081af9213a6ef65efe9e6783453b00988d8c88d43ed303a3,250f095a178dc365e3b06928d3751554e4b9fcf734e8d3febc3dc4b1ed354d81,,0.5818343162536621,0.18311818181835077,0.3111568530332581,5a2ee73a5ab51674e36dffb8d4cd15aa5900236477a66d12bacbc1f16fdae65f
H5000,train,27323,51581,wrong,0,wrong/27323-0.png,115bdaebe53729cf7622832dbe4aab028cbabbc38d52c0912ed14891a16fcb57,250f095a178dc365e3b06928d3751554e4b9fcf734e8d3febc3dc4b1ed354d81,,0.5537139773368835,0.053714406800113086,0.38724364880023,5a2ee73a5ab51674e36dffb8d4cd15aa5900236477a66d12bacbc1f16fdae65f
H5000,train,27323,51581,wrong,1,wrong/27323-1.png,f8ca9c44031b6e62c63bcec8a42b3176eee6357b12539553c9ca4d4da024bc88,250f095a178dc365e3b06928d3751554e4b9fcf734e8d3febc3dc4b1ed354d81,,0.502913773059845,-0.07953236315316758,0.4119479268242078,5a2ee73a5ab51674e36dffb8d4cd15aa5900236477a66d12bacbc1f16fdae65f
H5000,train,51581,7163,correct,0,correct/51581-0.png,06de911f51f53e825f56aae2c46e9c26f3d258b77b20d82c82e479405288f9b1,59fe651ba15a38d4aa5b9170e24c4cea5800db389b7e7827656ae888d3e80997,,0.6023361682891846,-0.10826333825580932,0.3951917797465678,5a2ee73a5ab51674e36dffb8d4cd15aa5900236477a66d12bacbc1f16fdae65f
H5000,train,51581,7163,correct,1,correct/51581-1.png,86fca85cc70b0b9093e7085601ba090104c89b5b7bf9330efdc43da9025a8ea1,59fe651ba15a38d4aa5b9170e24c4cea5800db389b7e7827656ae888d3e80997,,0.6937358379364014,0.013229402670067978,0.37484353355013716,5a2ee73a5ab51674e36dffb8d4cd15aa5900236477a66d12bacbc1f16fdae65f
H5000,train,51581,7163,wrong,0,wrong/51581-0.png,65c8bdc418d05a3c5a6ac14d46a6c872ac2bd5d0696f27c26819719b749be72b,59fe651ba15a38d4aa5b9170e24c4cea5800db389b7e7827656ae888d3e80997,,0.46496087312698364,-0.07754973167189866,0.3477144919948716,5a2ee73a5ab51674e36dffb8d4cd15aa5900236477a66d12bacbc1f16fdae65f
H5000,train,51581,7163,wrong,1,wrong/51581-1.png,dc9f62efd530a814216b2a094c79f216e6cf8d2024f643d2718ff71a6acea35c,59fe651ba15a38d4aa5b9170e24c4cea5800db389b7e7827656ae888d3e80997,,0.5029846429824829,-0.0372848620734493,0.26950484000693914,5a2ee73a5ab51674e36dffb8d4cd15aa5900236477a66d12bacbc1f16fdae65f
H5000,train,7163,50828,correct,0,correct/7163-0.png,a7c125d51e343ffe3f7bdc195aa869e595c68b6b2200d73971a4ec9599968e34,659e03fd2f5364391e8656e2b6780af8470d98817eeb4e595832d969088031ca,,0.6422656774520874,0.005502750459755241,0.28051329730057345,5a2ee73a5ab51674e36dffb8d4cd15aa5900236477a66d12bacbc1f16fdae65f
H5000,train,7163,50828,correct,1,correct/7163-1.png,c3d03a967aa9838915d1cfdd434fca9c8b8b12a4c100dc16673c899dbb3f6361,659e03fd2f5364391e8656e2b6780af8470d98817eeb4e595832d969088031ca,,0.685846209526062,-0.07762441562723513,0.3239820284329972,5a2ee73a5ab51674e36dffb8d4cd15aa5900236477a66d12bacbc1f16fdae65f
H5000,train,7163,50828,wrong,0,wrong/7163-0.png,89362282cf26938b2bd229ab91c67c920c0662cc7096e8e53489344db08ab84b,659e03fd2f5364391e8656e2b6780af8470d98817eeb4e595832d969088031ca,,0.4376280605792999,-0.03268464312874071,0.32811388586886947,5a2ee73a5ab51674e36dffb8d4cd15aa5900236477a66d12bacbc1f16fdae65f
H5000,train,7163,50828,wrong,1,wrong/7163-1.png,8a12167465c4d42eae2394387c9f12ecbd82743429740be1b4fe9022631587ce,659e03fd2f5364391e8656e2b6780af8470d98817eeb4e595832d969088031ca,,0.4571719467639923,-0.0286832635042988,0.3332200581115348,5a2ee73a5ab51674e36dffb8d4cd15aa5900236477a66d12bacbc1f16fdae65f
H5000,train,50828,53785,correct,0,correct/50828-0.png,50a03890e1046df5f829b17837e75a3a055d1f453352fd3c2d297bc4b7f755a5,8a06d6161798ccc7ac94de944423be5b2f20143c1f68d159adfe6c325e55c945,,0.822556734085083,-0.263550593505266,0.4411751261284067,5a2ee73a5ab51674e36dffb8d4cd15aa5900236477a66d12bacbc1f16fdae65f
H5000,train,50828,53785,correct,1,correct/50828-1.png,b14d70748ea765114b366af6e776d30cf9da22a9346e9aab6ae237bb5e8c1c89,8a06d6161798ccc7ac94de944423be5b2f20143c1f68d159adfe6c325e55c945,,0.8284897804260254,0.28668704020477,0.6104809357851126,5a2ee73a5ab51674e36dffb8d4cd15aa5900236477a66d12bacbc1f16fdae65f
H5000,train,50828,53785,wrong,0,wrong/50828-0.png,b35fd392e8dae804b4cecc02debe62bbe0834d05c6bd4ed6811f5efdeb54ba90,8a06d6161798ccc7ac94de944423be5b2f20143c1f68d159adfe6c325e55c945,,0.530903160572052,-0.06324124979813443,0.1817119701743483,5a2ee73a5ab51674e36dffb8d4cd15aa5900236477a66d12bacbc1f16fdae65f
H5000,train,50828,53785,wrong,1,wrong/50828-1.png,620e3bca01b1e556d1feed058509f190fc340eca4f80b4ce73532266ddebaab5,8a06d6161798ccc7ac94de944423be5b2f20143c1f68d159adfe6c325e55c945,,0.5445499420166016,-0.047072909828040625,0.25766546309688393,5a2ee73a5ab51674e36dffb8d4cd15aa5900236477a66d12bacbc1f16fdae65f
H5000,train,53785,1851,correct,0,correct/53785-0.png,a42774c08da2fbeb8030c3ce5ae8276ae2587c7389a4166239fa48f3e4303621,64721bcb46da572d03f6a59b25eceafa5c909eee9cbbd60b1f8c77637995962c,,0.6006426811218262,0.03434903202176233,0.30704685553784006,5a2ee73a5ab51674e36dffb8d4cd15aa5900236477a66d12bacbc1f16fdae65f
H5000,train,53785,1851,correct,1,correct/53785-1.png,c8f7e1e01c987089a63a930a1acbd32215f585e47701893ecd601ab93600be33,64721bcb46da572d03f6a59b25eceafa5c909eee9cbbd60b1f8c77637995962c,,0.648048996925354,0.08567278572245568,0.2595553173542953,5a2ee73a5ab51674e36dffb8d4cd15aa5900236477a66d12bacbc1f16fdae65f
H5000,train,53785,1851,wrong,0,wrong/53785-0.png,6de39ef5162635a1581461230936eb252c11a95c1a72a346ef818808d1c12409,64721bcb46da572d03f6a59b25eceafa5c909eee9cbbd60b1f8c77637995962c,,0.4760313928127289,-0.3507874068060188,0.225165823908436,5a2ee73a5ab51674e36dffb8d4cd15aa5900236477a66d12bacbc1f16fdae65f
H5000,train,53785,1851,wrong,1,wrong/53785-1.png,25d92644f8bab24f88a7a21b9823966992863e36a506b0b68310c5caa92ce5dd,64721bcb46da572d03f6a59b25eceafa5c909eee9cbbd60b1f8c77637995962c,,0.4906776547431946,-0.1304023184053523,0.26698476141140287,5a2ee73a5ab51674e36dffb8d4cd15aa5900236477a66d12bacbc1f16fdae65f
H5000,train,1851,29558,correct,0,correct/1851-0.png,bf70d747224ffbbbd8754f53e4828bfe151be39a3b9cfed3603a02fa3b56c0c2,188190da525817dc8acf5860f4796bdff87d788d696db8860e4484b87b0d49e3,,0.8125389218330383,0.18151373991170902,0.3115804066107181,5a2ee73a5ab51674e36dffb8d4cd15aa5900236477a66d12bacbc1f16fdae65f
H5000,train,1851,29558,correct,1,correct/1851-1.png,fca3a2cdbfaf258328600a110f01c72e6fc3a22c465387539b50039ba5ea5670,188190da525817dc8acf5860f4796bdff87d788d696db8860e4484b87b0d49e3,,0.7024585604667664,-0.16994056935509128,0.23964674733062513,5a2ee73a5ab51674e36dffb8d4cd15aa5900236477a66d12bacbc1f16fdae65f
H5000,train,1851,29558,wrong,0,wrong/1851-0.png,43812ff028ab83bc8fdd34f5165e83f045ea128a38dbe997a476c1bf5fd3418e,188190da525817dc8acf5860f4796bdff87d788d696db8860e4484b87b0d49e3,,0.583128809928894,0.12312416330243536,0.1948381250822349,5a2ee73a5ab51674e36dffb8d4cd15aa5900236477a66d12bacbc1f16fdae65f
H5000,train,1851,29558,wrong,1,wrong/1851-1.png,c0cbf66997b77edd19928c2692377e4f8e1e3cba601d549fc8fa18164c4eb2e7,188190da525817dc8acf5860f4796bdff87d788d696db8860e4484b87b0d49e3,,0.5395601391792297,-0.13849002704264085,0.21065664536058473,5a2ee73a5ab51674e36dffb8d4cd15aa5900236477a66d12bacbc1f16fdae65f
H5000,train,29558,59471,correct,0,correct/29558-0.png,b23ebd30ff89f0a23238b010fbcf5cad38d2046358747503e474515fa1179339,d4f50b468f1dc8f7d4702325ac959d4156f0c8bf16b62bf4a9358e56b8e5fd95,,0.7033126354217529,0.34873815417974907,0.1889992211195325,5a2ee73a5ab51674e36dffb8d4cd15aa5900236477a66d12bacbc1f16fdae65f
H5000,train,29558,59471,correct,1,correct/29558-1.png,1b9ab57b2f49011ee3528b6b775a03ca62f78655e91f2593dc64bcb52cba8de7,d4f50b468f1dc8f7d4702325ac959d4156f0c8bf16b62bf4a9358e56b8e5fd95,,0.7278322577476501,-0.09732741673316048,0.1618489508980872,5a2ee73a5ab51674e36dffb8d4cd15aa5900236477a66d12bacbc1f16fdae65f
H5000,train,29558,59471,wrong,0,wrong/29558-0.png,f0afc630103ef8f02e67dce80d73b1c5f300cf582e400d3e65461783ec43174b,d4f50b468f1dc8f7d4702325ac959d4156f0c8bf16b62bf4a9358e56b8e5fd95,,0.5566161870956421,0.22932857195304263,0.16689145993423873,5a2ee73a5ab51674e36dffb8d4cd15aa5900236477a66d12bacbc1f16fdae65f
H5000,train,29558,59471,wrong,1,wrong/29558-1.png,15d137dac569f746941e4555282198093fe171dcc3b2ab3e922221f357df5c70,d4f50b468f1dc8f7d4702325ac959d4156f0c8bf16b62bf4a9358e56b8e5fd95,,0.5109158158302307,-0.1466505435946823,0.19424404050526373,5a2ee73a5ab51674e36dffb8d4cd15aa5900236477a66d12bacbc1f16fdae65f
H5000,train,59471,59462,correct,0,correct/59471-0.png,d826588a7b2822dbfb17ee4f2134f355dc3708c2b51cf498b1d440dd665d9112,b4fa87514dd7153326432d061052bad5be5bf519dd3bde07fb0c25a365f3c72f,,0.5441478490829468,-0.04645644489228665,0.2387182169806725,5a2ee73a5ab51674e36dffb8d4cd15aa5900236477a66d12bacbc1f16fdae65f
H5000,train,59471,59462,correct,1,correct/59471-1.png,71f12232366db81140588438803b09bd3fa18ca537a862ca16f990b7e185babf,b4fa87514dd7153326432d061052bad5be5bf519dd3bde07fb0c25a365f3c72f,,0.6014430522918701,0.07730927863066164,0.29625602155256536,5a2ee73a5ab51674e36dffb8d4cd15aa5900236477a66d12bacbc1f16fdae65f
H5000,train,59471,59462,wrong,0,wrong/59471-0.png,44990225c79eb237270da1b68e761e510629be3f2792737ce7a95a1bca22ac4e,b4fa87514dd7153326432d061052bad5be5bf519dd3bde07fb0c25a365f3c72f,,0.5003311038017273,-0.010766535882963616,0.2681256868188961,5a2ee73a5ab51674e36dffb8d4cd15aa5900236477a66d12bacbc1f16fdae65f
H5000,train,59471,59462,wrong,1,wrong/59471-1.png,fc5466a2db4833a506040816a2872d20ca3ec5dca45989f2fda07376a2f93ff0,b4fa87514dd7153326432d061052bad5be5bf519dd3bde07fb0c25a365f3c72f,,0.4375320076942444,-0.07186462698231781,0.2885789637056128,5a2ee73a5ab51674e36dffb8d4cd15aa5900236477a66d12bacbc1f16fdae65f
H5000,train,59462,16584,correct,0,correct/59462-0.png,5f015a0b45e615d3b8442b8962a6520a4eed4be2149aaa617568ac361c49c228,3b132841b0fe38b219783249fe32270846c6578311c1dd2c29efe92e602aeeca,,0.677516520023346,-0.08189909335673591,0.21811018766524098,5a2ee73a5ab51674e36dffb8d4cd15aa5900236477a66d12bacbc1f16fdae65f
H5000,train,59462,16584,correct,1,correct/59462-1.png,2380bbbe8d6c020a625de60d06d6773b881b0faafca73faea2b869531c7ce9fd,3b132841b0fe38b219783249fe32270846c6578311c1dd2c29efe92e602aeeca,,0.8347764015197754,0.06469855795976819,0.2704242728984705,5a2ee73a5ab51674e36dffb8d4cd15aa5900236477a66d12bacbc1f16fdae65f
H5000,train,59462,16584,wrong,0,wrong/59462-0.png,7ff70e89c3b9434081dbc4876caae47758484d195f556dfc1098209841ad0c5c,3b132841b0fe38b219783249fe32270846c6578311c1dd2c29efe92e602aeeca,,0.5486932396888733,-0.09073976894842258,0.1207110884478491,5a2ee73a5ab51674e36dffb8d4cd15aa5900236477a66d12bacbc1f16fdae65f
H5000,train,59462,16584,wrong,1,wrong/59462-1.png,437e60923194600815ca4e61d1d09012166c5ae13c2523dc4fdc83b96f2cb28a,3b132841b0fe38b219783249fe32270846c6578311c1dd2c29efe92e602aeeca,,0.552810549736023,0.00792978020197385,0.1423565997561994,5a2ee73a5ab51674e36dffb8d4cd15aa5900236477a66d12bacbc1f16fdae65f
L5000,train,16584,40682,correct,0,correct/16584-0.png,3ee1f79bf639a43cc4539b2f81386e1ffce266443f488f478b1bb56df80b349e,a7a40302f6fddd927f6db9d528b67f03df45ce3933ba39d58a055f027930964d,,0.5568829774856567,-0.071041835830392,0.07409425564591757,ec820f658fec9e9a5e5c0ffd81f7930cf08e6fe44b1798fb93af342173cdd275
L5000,train,16584,40682,correct,1,correct/16584-1.png,a9d59b352d990a61f2f2a2d330e75ca0ecb0efcee39e67a61f43df07e057b01c,a7a40302f6fddd927f6db9d528b67f03df45ce3933ba39d58a055f027930964d,,0.6127069592475891,0.07168655354658611,0.08851941770941602,ec820f658fec9e9a5e5c0ffd81f7930cf08e6fe44b1798fb93af342173cdd275
L5000,train,16584,40682,wrong,0,wrong/16584-0.png,816de2f7cd470874fb97496234befcee47f121d49c2a19a1e3d43c9faf81dc90,a7a40302f6fddd927f6db9d528b67f03df45ce3933ba39d58a055f027930964d,,0.5050928592681885,0.12898762168649255,0.09294802294624446,ec820f658fec9e9a5e5c0ffd81f7930cf08e6fe44b1798fb93af342173cdd275
L5000,train,16584,40682,wrong,1,wrong/16584-1.png,f621918b2a1c404e73e354f8eea490c467e0d74f5b60d2b293cd61899c46644b,a7a40302f6fddd927f6db9d528b67f03df45ce3933ba39d58a055f027930964d,,0.5509835481643677,0.17855925918377064,0.09708632034564729,ec820f658fec9e9a5e5c0ffd81f7930cf08e6fe44b1798fb93af342173cdd275
L5000,train,40682,38942,correct,0,correct/40682-0.png,b7656d906339e6e79209553676a59582a4b1e8d02d232025e4988e7e7047fc05,6490897e817774a341cca2ee5aba081e04f285f50e6f0a1474fc3ccbd4a33f68,,0.7420706152915955,0.5950853261706558,0.44359811572552793,ec820f658fec9e9a5e5c0ffd81f7930cf08e6fe44b1798fb93af342173cdd275
L5000,train,40682,38942,correct,1,correct/40682-1.png,0390763b52930ae5428b2575e25ebb7b39295a13b8e2117246e480d7cfc83aae,6490897e817774a341cca2ee5aba081e04f285f50e6f0a1474fc3ccbd4a33f68,,0.799616813659668,0.5790164810761338,0.45916834648847765,ec820f658fec9e9a5e5c0ffd81f7930cf08e6fe44b1798fb93af342173cdd275
L5000,train,40682,38942,wrong,0,wrong/40682-0.png,691ab1a1da39f097c336b4208340b799684aa44a98a10b2f91e980e148d1746c,6490897e817774a341cca2ee5aba081e04f285f50e6f0a1474fc3ccbd4a33f68,,0.43564194440841675,0.06352469982170982,0.3979680251545725,ec820f658fec9e9a5e5c0ffd81f7930cf08e6fe44b1798fb93af342173cdd275
L5000,train,40682,38942,wrong,1,wrong/40682-1.png,a307fa881deff5522051fc759c91c9fb6b7cb73037b900b7597b7e5e6d1ca46b,6490897e817774a341cca2ee5aba081e04f285f50e6f0a1474fc3ccbd4a33f68,,0.4858192801475525,0.12289835755930059,0.4667131491158423,ec820f658fec9e9a5e5c0ffd81f7930cf08e6fe44b1798fb93af342173cdd275
L5000,train,38942,4905,correct,0,correct/38942-0.png,878d3d6b5c22184c740ee6cff1e46fc9407564ef1bab2de5b8dfdd3c3466323e,6756f9274e866ca54bb80f773b9ae5ebe24c536f1c5877b0f8c954379b24bd06,,0.7412496209144592,0.15382204186515594,0.4184692907138262,ec820f658fec9e9a5e5c0ffd81f7930cf08e6fe44b1798fb93af342173cdd275
L5000,train,38942,4905,correct,1,correct/38942-1.png,56773421ef8dda51115fb3df52c5461f1e4d64c2e328f4c3dc59a47fddab3348,6756f9274e866ca54bb80f773b9ae5ebe24c536f1c5877b0f8c954379b24bd06,,0.6750659942626953,0.10425515387641522,0.3592160391806455,ec820f658fec9e9a5e5c0ffd81f7930cf08e6fe44b1798fb93af342173cdd275
L5000,train,38942,4905,wrong,0,wrong/38942-0.png,1ccee84c58b8ea40717894fa7d98d08d02acfa7d633235313cc830993f4b9634,6756f9274e866ca54bb80f773b9ae5ebe24c536f1c5877b0f8c954379b24bd06,,0.6258672475814819,0.06678028110322233,0.37346608985858537,ec820f658fec9e9a5e5c0ffd81f7930cf08e6fe44b1798fb93af342173cdd275
L5000,train,38942,4905,wrong,1,wrong/38942-1.png,6f8a606a7adc7d914dd4514c6cdcbe63a65b1ff65f134aae62867778f1cd695f,6756f9274e866ca54bb80f773b9ae5ebe24c536f1c5877b0f8c954379b24bd06,,0.6030697822570801,0.12464616271398428,0.2505981638114837,ec820f658fec9e9a5e5c0ffd81f7930cf08e6fe44b1798fb93af342173cdd275
L5000,train,4905,17344,correct,0,correct/4905-0.png,b43b7ed5474ff6eb30ac8b802d62464b039395f6e0da0b3180cd9e5f8bd65991,232ae311abc85f162496cc1486aef8d8928ea428f00d77ec4e79c0b70f3aac41,,0.6288190484046936,0.12016154040698294,0.2677865578256148,ec820f658fec9e9a5e5c0ffd81f7930cf08e6fe44b1798fb93af342173cdd275
L5000,train,4905,17344,correct,1,correct/4905-1.png,56b8ad92f5f7bc6ebc38fb5831d0b2c56e88b44702381a7c3347731f07635125,232ae311abc85f162496cc1486aef8d8928ea428f00d77ec4e79c0b70f3aac41,,0.7058380246162415,0.03028088756091354,0.2712119786164717,ec820f658fec9e9a5e5c0ffd81f7930cf08e6fe44b1798fb93af342173cdd275
L5000,train,4905,17344,wrong,0,wrong/4905-0.png,f5138c0d12b764a7121ee744aa6a8d96232be216d5e24347074ac0b60137225e,232ae311abc85f162496cc1486aef8d8928ea428f00d77ec4e79c0b70f3aac41,,0.5086072087287903,-0.009514549091706433,0.35497892645332424,ec820f658fec9e9a5e5c0ffd81f7930cf08e6fe44b1798fb93af342173cdd275
L5000,train,4905,17344,wrong,1,wrong/4905-1.png,ca5faedbd61af79aa1166f3306b580533147fdb96cb471b2c542d848314b1752,232ae311abc85f162496cc1486aef8d8928ea428f00d77ec4e79c0b70f3aac41,,0.39859455823898315,0.08400151197495301,0.37292956294988117,ec820f658fec9e9a5e5c0ffd81f7930cf08e6fe44b1798fb93af342173cdd275
L5000,train,17344,32725,correct,0,correct/17344-0.png,3435457a0ce38ef6fc269e9605cf939d87861664516e06170ebd880e17412fb7,d75f90f3c918af7779f08413e1b2dfa9f0b7ab7532546f74ce58b50b36b8817d,,0.6787737011909485,0.10646537689005653,0.2249783628864186,ec820f658fec9e9a5e5c0ffd81f7930cf08e6fe44b1798fb93af342173cdd275
L5000,train,17344,32725,correct,1,correct/17344-1.png,ba6d760c83c0e650de4e1b36a3e869451500e152c6096113c6d9840936904981,d75f90f3c918af7779f08413e1b2dfa9f0b7ab7532546f74ce58b50b36b8817d,,0.5280369520187378,-0.0018042933035182873,0.15143075252981927,ec820f658fec9e9a5e5c0ffd81f7930cf08e6fe44b1798fb93af342173cdd275
L5000,train,17344,32725,wrong,0,wrong/17344-0.png,e27fb797f5078a80c07e2d433d1aa5016131b4dda0e8bf657df267798b61a924,d75f90f3c918af7779f08413e1b2dfa9f0b7ab7532546f74ce58b50b36b8817d,,0.5609064698219299,-0.05355624571554569,0.11903281219863107,ec820f658fec9e9a5e5c0ffd81f7930cf08e6fe44b1798fb93af342173cdd275
L5000,train,17344,32725,wrong,1,wrong/17344-1.png,6309051941a40d7e6a9db907bd84bdacc3e4b335eb440c85ab9be9b1ef1f5887,d75f90f3c918af7779f08413e1b2dfa9f0b7ab7532546f74ce58b50b36b8817d,,0.5098689794540405,0.03980013437511083,0.09709938522082354,ec820f658fec9e9a5e5c0ffd81f7930cf08e6fe44b1798fb93af342173cdd275
L5000,train,32725,28449,correct,0,correct/32725-0.png,7b2db78cf8e25b19016ed7836351e799b68146ca5fa11c7cac218096e93ee3dc,30cb1309cb356060719cfdd1a31df932276e218be091252aa0a0840e43a975a0,,0.8373199701309204,0.5198342599796393,0.16972432360708745,ec820f658fec9e9a5e5c0ffd81f7930cf08e6fe44b1798fb93af342173cdd275
L5000,train,32725,28449,correct,1,correct/32725-1.png,7daed072c00479ee904f412eba1b5659227ea147c87deceb1a1daba1161d5e61,30cb1309cb356060719cfdd1a31df932276e218be091252aa0a0840e43a975a0,,0.8839819431304932,0.31070395302055265,0.16038788057659364,ec820f658fec9e9a5e5c0ffd81f7930cf08e6fe44b1798fb93af342173cdd275
L5000,train,32725,28449,wrong,0,wrong/32725-0.png,b56508619316ba1033c00c62f4026f291df09700fa3a5fa117320a2742f4964f,30cb1309cb356060719cfdd1a31df932276e218be091252aa0a0840e43a975a0,,0.619116485118866,0.25788969138512186,0.1709645714260607,ec820f658fec9e9a5e5c0ffd81f7930cf08e6fe44b1798fb93af342173cdd275
L5000,train,32725,28449,wrong,1,wrong/32725-1.png,65430def3f090b769887d5edf5abf683b093fd826f050cf74d026b04378826a4,30cb1309cb356060719cfdd1a31df932276e218be091252aa0a0840e43a975a0,,0.5716103315353394,-0.41645333782269106,0.165562145029714,ec820f658fec9e9a5e5c0ffd81f7930cf08e6fe44b1798fb93af342173cdd275
L5000,train,28449,4723,correct,0,correct/28449-0.png,a3cca75e42222113aa8df72ba95bdd12b8818a615573cbd8273ab11a1bbe6050,90d88f3ceba98dfa2fef3ccc0ef7371f2f798a6d92f3a246b5683fc6f9692144,,0.5380371809005737,-0.197110188064189,0.4633390235164091,ec820f658fec9e9a5e5c0ffd81f7930cf08e6fe44b1798fb93af342173cdd275
L5000,train,28449,4723,correct,1,correct/28449-1.png,7d950596549509cb79bb7be4f6c5e0b0bb9baa221af1bd9d389dabdc1d937c44,90d88f3ceba98dfa2fef3ccc0ef7371f2f798a6d92f3a246b5683fc6f9692144,,0.6004986763000488,-0.4036037308997475,0.43827885266639577,ec820f658fec9e9a5e5c0ffd81f7930cf08e6fe44b1798fb93af342173cdd275
L5000,train,28449,4723,wrong,0,wrong/28449-0.png,57ce9a4b3d5d2b4b314780a605dadbb252cbaad0d57db962840d05418f98681b,90d88f3ceba98dfa2fef3ccc0ef7371f2f798a6d92f3a246b5683fc6f9692144,,0.5495957732200623,-0.0356555709938853,0.31403497640903966,ec820f658fec9e9a5e5c0ffd81f7930cf08e6fe44b1798fb93af342173cdd275
L5000,train,28449,4723,wrong,1,wrong/28449-1.png,11f88c6028f5eb4a66816bcf22c620615e955c1e9f29172eaa516e999349ab97,90d88f3ceba98dfa2fef3ccc0ef7371f2f798a6d92f3a246b5683fc6f9692144,,0.46843037009239197,-0.10050477442530628,0.3521702902333868,ec820f658fec9e9a5e5c0ffd81f7930cf08e6fe44b1798fb93af342173cdd275
L5000,train,4723,70126,correct,0,correct/4723-0.png,c951d1ddf689d20ff1cbfb994ee122133ec8f48bc7bf80a80883ae20a178e2a9,9b2d92a8a3a0047433a0e8cca9e67818d62ddbeef410226b718fcc0322330a93,,0.5343600511550903,0.051615610517894255,0.2980789478548515,ec820f658fec9e9a5e5c0ffd81f7930cf08e6fe44b1798fb93af342173cdd275
L5000,train,4723,70126,correct,1,correct/4723-1.png,3e43b615a1bd3dcc1d75730797f90ea1b2470f1a2aab41d0a8951d43ea552556,9b2d92a8a3a0047433a0e8cca9e67818d62ddbeef410226b718fcc0322330a93,,0.577065110206604,-0.03178657187241837,0.2935769022411753,ec820f658fec9e9a5e5c0ffd81f7930cf08e6fe44b1798fb93af342173cdd275
L5000,train,4723,70126,wrong,0,wrong/4723-0.png,424d11ced941852a6cfc58e30ff5ce30471e453840c6122f3ca8772cd32309d5,9b2d92a8a3a0047433a0e8cca9e67818d62ddbeef410226b718fcc0322330a93,,0.5370827913284302,0.06337925048034942,0.3871001165612578,ec820f658fec9e9a5e5c0ffd81f7930cf08e6fe44b1798fb93af342173cdd275
L5000,train,4723,70126,wrong,1,wrong/4723-1.png,856a4378e31e68b4cfe84e1991bb32ac1907a229c8958ec5312038fc914ef8d3,9b2d92a8a3a0047433a0e8cca9e67818d62ddbeef410226b718fcc0322330a93,,0.5064177513122559,-0.08758270638374596,0.3029056432603635,ec820f658fec9e9a5e5c0ffd81f7930cf08e6fe44b1798fb93af342173cdd275
L5000,train,70126,26393,correct,0,correct/70126-0.png,7bfc332d687115a098f56e1395ec92c510afe9b421ae61b03188d62ab0474433,771c06d63c9d651090499055b39e8c422b32ab0e89b8878983be0d8b35226c9d,,0.6338157653808594,0.03622598000335135,0.30139253460972804,ec820f658fec9e9a5e5c0ffd81f7930cf08e6fe44b1798fb93af342173cdd275
L5000,train,70126,26393,correct,1,correct/70126-1.png,95696a62713ed03f20d99d5275d6938d272955a7d737d0284cc353b321cf08c9,771c06d63c9d651090499055b39e8c422b32ab0e89b8878983be0d8b35226c9d,,0.6059011220932007,-0.1330442154030978,0.3063102478750443,ec820f658fec9e9a5e5c0ffd81f7930cf08e6fe44b1798fb93af342173cdd275
L5000,train,70126,26393,wrong,0,wrong/70126-0.png,36a1615ce85ccc8d7dbcd4297f0ab158ff25595e0de2050a374b4e008459ebcd,771c06d63c9d651090499055b39e8c422b32ab0e89b8878983be0d8b35226c9d,,0.48830682039260864,-0.20984951341089123,0.2725831360316904,ec820f658fec9e9a5e5c0ffd81f7930cf08e6fe44b1798fb93af342173cdd275
L5000,train,70126,26393,wrong,1,wrong/70126-1.png,6027e255b512b0eb859fee1740785768303ffeeecd709c9afea792723cc3cf56,771c06d63c9d651090499055b39e8c422b32ab0e89b8878983be0d8b35226c9d,,0.5180982351303101,-0.09462968968894364,0.32158871868572503,ec820f658fec9e9a5e5c0ffd81f7930cf08e6fe44b1798fb93af342173cdd275
L5000,train,26393,33748,correct,0,correct/26393-0.png,6e61fa874897ce027f234fd3b77409cb770eb2774672900a017dfd94e04df65d,0019d2d1ccc1627f42428b0f1cd396e261b1006a37d9c6990b31189dc07e534f,,0.7013654112815857,-0.06777764295161105,0.5700630811151753,ec820f658fec9e9a5e5c0ffd81f7930cf08e6fe44b1798fb93af342173cdd275
L5000,train,26393,33748,correct,1,correct/26393-1.png,52548f048c0ca4c0b87a091d1eae9757500c1ef9ad4399a610c0a1ba6f7b3082,0019d2d1ccc1627f42428b0f1cd396e261b1006a37d9c6990b31189dc07e534f,,0.7933893799781799,0.016481340787260622,0.5074751721854613,ec820f658fec9e9a5e5c0ffd81f7930cf08e6fe44b1798fb93af342173cdd275
L5000,train,26393,33748,wrong,0,wrong/26393-0.png,a5de3b5a3cc6ce57768194d25641efdce41e1c8722398f38914e5169f0f63304,0019d2d1ccc1627f42428b0f1cd396e261b1006a37d9c6990b31189dc07e534f,,0.5476160645484924,0.28239410486846617,0.41805249998266464,ec820f658fec9e9a5e5c0ffd81f7930cf08e6fe44b1798fb93af342173cdd275
L5000,train,26393,33748,wrong,1,wrong/26393-1.png,eaec77482a4dd5bacd7df7bed11afeffcff93cc4554fa3cb4899ef0eee01f844,0019d2d1ccc1627f42428b0f1cd396e261b1006a37d9c6990b31189dc07e534f,,0.5324259996414185,0.26482366973118276,0.37191688367826853,ec820f658fec9e9a5e5c0ffd81f7930cf08e6fe44b1798fb93af342173cdd275
L5000,train,33748,57293,correct,0,correct/33748-0.png,0af70ad7ae0c44a508b59e3fdf19b0d55991b3ff21e94ef71b561310a58614ce,ea12a6e5334d683616001b6e1d93e997a3eb53d67412edf2f0a4c6526ff5b880,,0.9068038463592529,0.5594587388841946,0.2872957449937071,ec820f658fec9e9a5e5c0ffd81f7930cf08e6fe44b1798fb93af342173cdd275
L5000,train,33748,57293,correct,1,correct/33748-1.png,c0072c6a0089bb2fd4e873e6483f049711e8c6fea205b1163af839afe7833ac9,ea12a6e5334d683616001b6e1d93e997a3eb53d67412edf2f0a4c6526ff5b880,,0.9175096154212952,0.5438799452825209,0.3200561420211305,ec820f658fec9e9a5e5c0ffd81f7930cf08e6fe44b1798fb93af342173cdd275
L5000,train,33748,57293,wrong,0,wrong/33748-0.png,d4db37f2609bc65487191eb50821d4f7998a9fbb3ab1f0d2a8d195ee2783a9e0,ea12a6e5334d683616001b6e1d93e997a3eb53d67412edf2f0a4c6526ff5b880,,0.5251381993293762,0.07426319554228795,0.16093772956123242,ec820f658fec9e9a5e5c0ffd81f7930cf08e6fe44b1798fb93af342173cdd275
L5000,train,33748,57293,wrong,1,wrong/33748-1.png,bd91639568abb9546623927e7705a2a58afd166621fd9fb803e6ce672be46bd6,ea12a6e5334d683616001b6e1d93e997a3eb53d67412edf2f0a4c6526ff5b880,,0.48720622062683105,0.11747103296254108,0.20870059564449728,ec820f658fec9e9a5e5c0ffd81f7930cf08e6fe44b1798fb93af342173cdd275
L5000,train,57293,20217,correct,0,correct/57293-0.png,d75c71384cc17207fb6cc273fc57fb0c62b113c48db64e31ee21c174a8d74c6d,2ce3fbbaf3262abce9abef7120e90ccb53908017cf443112e22b9f7e8cb94ef1,,0.5997222065925598,0.20096735594583473,0.21872141799612954,ec820f658fec9e9a5e5c0ffd81f7930cf08e6fe44b1798fb93af342173cdd275
L5000,train,57293,20217,correct,1,correct/57293-1.png,daa7b96c57ee8e4ef8aaef2b1c3a479e7dd0b12248cb3ccac9d502f9da3194ac,2ce3fbbaf3262abce9abef7120e90ccb53908017cf443112e22b9f7e8cb94ef1,,0.728296160697937,-0.17683469802283397,0.17978479795829977,ec820f658fec9e9a5e5c0ffd81f7930cf08e6fe44b1798fb93af342173cdd275
L5000,train,57293,20217,wrong,0,wrong/57293-0.png,18ac8b06e231ff4734d7e73021fe04c51b67242ca4b240c4789b72e5f1de2064,2ce3fbbaf3262abce9abef7120e90ccb53908017cf443112e22b9f7e8cb94ef1,,0.6018469929695129,-0.10123286643999241,0.23313788690218856,ec820f658fec9e9a5e5c0ffd81f7930cf08e6fe44b1798fb93af342173cdd275
L5000,train,57293,20217,wrong,1,wrong/57293-1.png,739fd1beb38637a1893d0074e62371626114afe129aa362d72198479a1c2caa5,2ce3fbbaf3262abce9abef7120e90ccb53908017cf443112e22b9f7e8cb94ef1,,0.5790225267410278,-0.3072236871278861,0.1913828112139447,ec820f658fec9e9a5e5c0ffd81f7930cf08e6fe44b1798fb93af342173cdd275
L5000,train,20217,15879,correct,0,correct/20217-0.png,ae64f6ea06a28e656e6d2de953938005ca7cc2a49c243a5d48886a15c8375417,9bb0eb851e424337b776988233bca0f9b0b9703bdb62158841eefc42f9e34149,,0.6062973737716675,0.04765001852640254,0.2851255838699368,ec820f658fec9e9a5e5c0ffd81f7930cf08e6fe44b1798fb93af342173cdd275
L5000,train,20217,15879,correct,1,correct/20217-1.png,ea01c60b3ca782c31f389f55d1b9f727aed6ebb6aab05da26e184b73db3f91a4,9bb0eb851e424337b776988233bca0f9b0b9703bdb62158841eefc42f9e34149,,0.7258899807929993,0.005751841966039964,0.25706889271604083,ec820f658fec9e9a5e5c0ffd81f7930cf08e6fe44b1798fb93af342173cdd275
L5000,train,20217,15879,wrong,0,wrong/20217-0.png,b72ca1e420f6f981c224dcaf63437e13e57b5a645b033c99841989cbdd61be54,9bb0eb851e424337b776988233bca0f9b0b9703bdb62158841eefc42f9e34149,,0.5617391467094421,0.2598076083216956,0.2756643146246986,ec820f658fec9e9a5e5c0ffd81f7930cf08e6fe44b1798fb93af342173cdd275
L5000,train,20217,15879,wrong,1,wrong/20217-1.png,c2b2f0ab7ff5637a3d6c744e88c401c0370b2cc974d7c906ce0aade1adac18d6,9bb0eb851e424337b776988233bca0f9b0b9703bdb62158841eefc42f9e34149,,0.5919418931007385,-0.028066507363469675,0.3255408859327492,ec820f658fec9e9a5e5c0ffd81f7930cf08e6fe44b1798fb93af342173cdd275
L5000,train,15879,69036,correct,0,correct/15879-0.png,9c9c5769e534abeebecd2b4f4161a73e326ab71e5635a288ad0cd431e0eb6807,4f7529cc349f0c11166395691ea3a37adcf291e281069f184da9b7340fc99034,,0.6276012659072876,0.14341941137648753,0.22599710319592703,ec820f658fec9e9a5e5c0ffd81f7930cf08e6fe44b1798fb93af342173cdd275
L5000,train,15879,69036,correct,1,correct/15879-1.png,920a7e12f68f452bd02876d3af221bb0696dab50a23a1cfef4b938dd9a87a628,4f7529cc349f0c11166395691ea3a37adcf291e281069f184da9b7340fc99034,,0.7508270144462585,0.10618929407068335,0.20439253328261162,ec820f658fec9e9a5e5c0ffd81f7930cf08e6fe44b1798fb93af342173cdd275
L5000,train,15879,69036,wrong,0,wrong/15879-0.png,c1518fda7801a86134b7b4e778dd99dcefbda6b80afae238603949ab57fbbcfd,4f7529cc349f0c11166395691ea3a37adcf291e281069f184da9b7340fc99034,,0.5003665685653687,0.24372664705246871,0.18592712652579754,ec820f658fec9e9a5e5c0ffd81f7930cf08e6fe44b1798fb93af342173cdd275
L5000,train,15879,69036,wrong,1,wrong/15879-1.png,49c5a1a131c9e0a0e8a0bcf56451b9a4f59414c7a46df42d04aee796adadb6d9,4f7529cc349f0c11166395691ea3a37adcf291e281069f184da9b7340fc99034,,0.5055432319641113,0.1901760166913294,0.1399272852893442,ec820f658fec9e9a5e5c0ffd81f7930cf08e6fe44b1798fb93af342173cdd275
L5000,train,69036,3625,correct,0,correct/69036-0.png,0d1003447b0de0d64b7c9f8e49139938e68289428cf76f9cd5d1701f4f10cd1a,1acec16aba650738ce719ea1e3bbdffbf0ec38d66415cd99991204bc1cc04fb5,,0.9226091504096985,0.45485064161953564,0.3022411477474665,ec820f658fec9e9a5e5c0ffd81f7930cf08e6fe44b1798fb93af342173cdd275
L5000,train,69036,3625,correct,1,correct/69036-1.png,d3f1841c3eb1a48d42e9d757e2ce044ecc736ffe9ee25afd915ff286609e3520,1acec16aba650738ce719ea1e3bbdffbf0ec38d66415cd99991204bc1cc04fb5,,0.9397264719009399,0.5339625180733626,0.34824479057099145,ec820f658fec9e9a5e5c0ffd81f7930cf08e6fe44b1798fb93af342173cdd275
L5000,train,69036,3625,wrong,0,wrong/69036-0.png,5b5a0ef7dd7a56a664978932487bcf4c23ca56e1f345f3131243ab98f5757b10,1acec16aba650738ce719ea1e3bbdffbf0ec38d66415cd99991204bc1cc04fb5,,0.614496111869812,-0.10456566889650207,0.17484271528653936,ec820f658fec9e9a5e5c0ffd81f7930cf08e6fe44b1798fb93af342173cdd275
L5000,train,69036,3625,wrong,1,wrong/69036-1.png,841c6e55b3b8e65f33686731ca74d16e49371ef8f9244b7c9a57bad7764d444e,1acec16aba650738ce719ea1e3bbdffbf0ec38d66415cd99991204bc1cc04fb5,,0.5645005702972412,-0.07228625263278275,0.18700229664133405,ec820f658fec9e9a5e5c0ffd81f7930cf08e6fe44b1798fb93af342173cdd275
L5000,train,3625,23696,correct,0,correct/3625-0.png,9d3602a6fb52a0efa6e0ef36a2a6fe7086ab448b57e349dd54225ea1b4ba4a8d,d9a5c95b29350d57eb94358eb9a21cd680af72d44f9a1759000eaf57a7e92392,,0.7028518915176392,-0.10574694924863581,0.16566344712209158,ec820f658fec9e9a5e5c0ffd81f7930cf08e6fe44b1798fb93af342173cdd275
L5000,train,3625,23696,correct,1,correct/3625-1.png,3c05ece5ac74e6b74c56083217516fcd9c38efac24069152a43662d50f194392,d9a5c95b29350d57eb94358eb9a21cd680af72d44f9a1759000eaf57a7e92392,,0.7920076847076416,-0.16075235104397295,0.1433301818899881,ec820f658fec9e9a5e5c0ffd81f7930cf08e6fe44b1798fb93af342173cdd275
L5000,train,3625,23696,wrong,0,wrong/3625-0.png,1d57806a69574043a4c2718ba16c42df01de0fe2e269a3556780f457cc235ffe,d9a5c95b29350d57eb94358eb9a21cd680af72d44f9a1759000eaf57a7e92392,,0.4902745485305786,-0.1925677795155012,0.26100270566239087,ec820f658fec9e9a5e5c0ffd81f7930cf08e6fe44b1798fb93af342173cdd275
L5000,train,3625,23696,wrong,1,wrong/3625-1.png,06a0ce9318ede9151b73433136536c33bccae551de89785433b56833e6dd121d,d9a5c95b29350d57eb94358eb9a21cd680af72d44f9a1759000eaf57a7e92392,,0.5328702330589294,-0.13181748393365517,0.2523118878402344,ec820f658fec9e9a5e5c0ffd81f7930cf08e6fe44b1798fb93af342173cdd275
L5000,train,23696,44010,correct,0,correct/23696-0.png,05da26ac65051033a1f24cac5a99d0d861986c7e2dbe84568999ea89924e5c54,2fd882d695c4a24c1f03243124fd54f215d1c687123a46ba99d6ef66f4bf0827,,0.5935081243515015,-0.5130581745498493,0.5163363891585561,ec820f658fec9e9a5e5c0ffd81f7930cf08e6fe44b1798fb93af342173cdd275
L5000,train,23696,44010,correct,1,correct/23696-1.png,208950d9544f2bad27bfb75760005fd62ba834e91cbdedff0d006d256262ada4,2fd882d695c4a24c1f03243124fd54f215d1c687123a46ba99d6ef66f4bf0827,,0.6914969086647034,0.1373054539093618,0.5749010087673004,ec820f658fec9e9a5e5c0ffd81f7930cf08e6fe44b1798fb93af342173cdd275
L5000,train,23696,44010,wrong,0,wrong/23696-0.png,9802639e6dcb34a67f23dfd498a40d400430695607dbc95cd7ff257b3fb8278e,2fd882d695c4a24c1f03243124fd54f215d1c687123a46ba99d6ef66f4bf0827,,0.5280685424804688,-0.5197049781562963,0.31852725475516314,ec820f658fec9e9a5e5c0ffd81f7930cf08e6fe44b1798fb93af342173cdd275
L5000,train,23696,44010,wrong,1,wrong/23696-1.png,29262fb2a77f73467eefa306ab7559ef43f0793a44115ee1cb731709e00f7131,2fd882d695c4a24c1f03243124fd54f215d1c687123a46ba99d6ef66f4bf0827,,0.5667837858200073,0.3828240448440618,0.4632735852794986,ec820f658fec9e9a5e5c0ffd81f7930cf08e6fe44b1798fb93af342173cdd275
L5000,train,44010,21652,correct,0,correct/44010-0.png,181b5263fd8118de1201e3825c3927de427faef94b4fbc21b4eea94fa51dc77c,35aa86981174181a98b4ce51d8b65a8bd0f95c2ceec4818494682c0873f3225b,,0.7895389199256897,0.04951270400322487,0.3731955618788275,ec820f658fec9e9a5e5c0ffd81f7930cf08e6fe44b1798fb93af342173cdd275
L5000,train,44010,21652,correct,1,correct/44010-1.png,68596a044d8bcf9eaba4e67056702855c87d78c4c067ef8f7338d244f68d6c6b,35aa86981174181a98b4ce51d8b65a8bd0f95c2ceec4818494682c0873f3225b,,0.8506505489349365,0.1551843380145279,0.3893271378464267,ec820f658fec9e9a5e5c0ffd81f7930cf08e6fe44b1798fb93af342173cdd275
L5000,train,44010,21652,wrong,0,wrong/44010-0.png,f47a9394d55fed720c6c2132b165ff90c06fee45476e1da19a299e52ae71ff88,35aa86981174181a98b4ce51d8b65a8bd0f95c2ceec4818494682c0873f3225b,,0.6387926340103149,0.04069960625693043,0.31964831880627137,ec820f658fec9e9a5e5c0ffd81f7930cf08e6fe44b1798fb93af342173cdd275
L5000,train,44010,21652,wrong,1,wrong/44010-1.png,e190d2d56d3582df30b57e19d5d3219329d938602db005dae088715f8b10e45f,35aa86981174181a98b4ce51d8b65a8bd0f95c2ceec4818494682c0873f3225b,,0.6638010144233704,0.07432260235267876,0.32992887613592026,ec820f658fec9e9a5e5c0ffd81f7930cf08e6fe44b1798fb93af342173cdd275
L5000,train,21652,6970,correct,0,correct/21652-0.png,0fc06af6567c224555ac4cd2890148821c40de34654a2b5b60a17fdb5a0463ae,deca6335f8f41d705a173f0a516e337acfc6c53d86d5870f07649aa25f90a597,,0.6936910152435303,0.13885568349663688,0.26724629200788763,ec820f658fec9e9a5e5c0ffd81f7930cf08e6fe44b1798fb93af342173cdd275
L5000,train,21652,6970,correct,1,correct/21652-1.png,fe3949688b16cdf5b3086c0c1782cdd331cf3df2385e55ae03ff806d56aab2bb,deca6335f8f41d705a173f0a516e337acfc6c53d86d5870f07649aa25f90a597,,0.5739524960517883,0.2804245916522933,0.3078534122385294,ec820f658fec9e9a5e5c0ffd81f7930cf08e6fe44b1798fb93af342173cdd275
L5000,train,21652,6970,wrong,0,wrong/21652-0.png,c0fa9e2e32220a1428cc458a8406ae0adb58a136c9b1d279d7cde4d03443377f,deca6335f8f41d705a173f0a516e337acfc6c53d86d5870f07649aa25f90a597,,0.6186202168464661,-0.01555002181454928,0.3305863663620998,ec820f658fec9e9a5e5c0ffd81f7930cf08e6fe44b1798fb93af342173cdd275
L5000,train,21652,6970,wrong,1,wrong/21652-1.png,b4684e6ad4f2551c42eed261b1d06577a14dedd0bbd3d08e9cf9ba5c838b342c,deca6335f8f41d705a173f0a516e337acfc6c53d86d5870f07649aa25f90a597,,0.5704925656318665,0.2324144765968976,0.32237694049144194,ec820f658fec9e9a5e5c0ffd81f7930cf08e6fe44b1798fb93af342173cdd275
L5000,train,6970,35190,correct,0,correct/6970-0.png,77ea27f3715a620acfd2181a8e91cd8df376bbab3826ef1fd4ab987afc8b07aa,7b6545b71671e9b1cdbb3e8f1f39d98a09c15c1547791b5eb984bee429ac7e4c,,0.5970067977905273,-0.5455289340938465,0.5732188879564699,ec820f658fec9e9a5e5c0ffd81f7930cf08e6fe44b1798fb93af342173cdd275
L5000,train,6970,35190,correct,1,correct/6970-1.png,72d15565cdf363bf011f89faca424c6b53887ac6253492f33777e2bec912c9a5,7b6545b71671e9b1cdbb3e8f1f39d98a09c15c1547791b5eb984bee429ac7e4c,,0.7426444888114929,0.03896785996389922,0.5692435732589558,ec820f658fec9e9a5e5c0ffd81f7930cf08e6fe44b1798fb93af342173cdd275
L5000,train,6970,35190,wrong,0,wrong/6970-0.png,b687a97ff2dff77d9e9da8278e064be061d8d4a28f9874164a9646385c11710a,7b6545b71671e9b1cdbb3e8f1f39d98a09c15c1547791b5eb984bee429ac7e4c,,0.4124220907688141,-0.010438163539293057,0.5271112168067644,ec820f658fec9e9a5e5c0ffd81f7930cf08e6fe44b1798fb93af342173cdd275
L5000,train,6970,35190,wrong,1,wrong/6970-1.png,763f680428465ac389aa6723ce584007fcb796793604ea50c1dd28314ac571d3,7b6545b71671e9b1cdbb3e8f1f39d98a09c15c1547791b5eb984bee429ac7e4c,,0.5413877964019775,-0.17075799839466912,0.4353419306100775,ec820f658fec9e9a5e5c0ffd81f7930cf08e6fe44b1798fb93af342173cdd275
L5000,train,35190,50780,correct,0,correct/35190-0.png,e67a007e08282d83c1bdda1894e8ca6994afe5605d562ac30c7433a58563bd9b,af8e89553ecca28153a718e9873c66236d4964e90116ec65807e8436d27a2c9a,,0.5928111672401428,0.056829728225464886,0.16938949232924413,ec820f658fec9e9a5e5c0ffd81f7930cf08e6fe44b1798fb93af342173cdd275
L5000,train,35190,50780,correct,1,correct/35190-1.png,342e14623be390467a4376034e9bcba605f5ee8715429da3ff5f470db5cc230c,af8e89553ecca28153a718e9873c66236d4964e90116ec65807e8436d27a2c9a,,0.7439074516296387,-0.14404131777764662,0.18036375890291578,ec820f658fec9e9a5e5c0ffd81f7930cf08e6fe44b1798fb93af342173cdd275
L5000,train,35190,50780,wrong,0,wrong/35190-0.png,0a1efbea02a3ec7653d0a5bba484733aeed47485f34d699ed1bd7ca4f017ddc1,af8e89553ecca28153a718e9873c66236d4964e90116ec65807e8436d27a2c9a,,0.37993955612182617,0.1124216523014261,0.18403549202612982,ec820f658fec9e9a5e5c0ffd81f7930cf08e6fe44b1798fb93af342173cdd275
L5000,train,35190,50780,wrong,1,wrong/35190-1.png,8cc94d08b3704d08a9fa7aa1d1cbe3b34fd0347657be0ef9b94318fb9aa681d2,af8e89553ecca28153a718e9873c66236d4964e90116ec65807e8436d27a2c9a,,0.44934141635894775,0.06281000877176801,0.19346780735443048,ec820f658fec9e9a5e5c0ffd81f7930cf08e6fe44b1798fb93af342173cdd275
L5000,train,50780,45620,correct,0,correct/50780-0.png,f135c9f16931bb59f838746fbad87c7a95c07f0e7463b85677319bc8286bd3bd,3800def8e5bed900fc332f8ffc34dbd027ba1e4cb2ec365891217aeeffe7820e,,0.7076930999755859,0.4101715164246288,0.4538113950922938,ec820f658fec9e9a5e5c0ffd81f7930cf08e6fe44b1798fb93af342173cdd275
L5000,train,50780,45620,correct,1,correct/50780-1.png,025209241be54922c0a2d02dafad424fa8493b646a8869c8867e04616319d4fb,3800def8e5bed900fc332f8ffc34dbd027ba1e4cb2ec365891217aeeffe7820e,,0.7688939571380615,0.20149893147239184,0.43917399324747886,ec820f658fec9e9a5e5c0ffd81f7930cf08e6fe44b1798fb93af342173cdd275
L5000,train,50780,45620,wrong,0,wrong/50780-0.png,7abeb95d5b9a01eaf845e97ed1a5ec0aa7b496746553d0459c526adfee0fa947,3800def8e5bed900fc332f8ffc34dbd027ba1e4cb2ec365891217aeeffe7820e,,0.49123162031173706,0.0627486519256803,0.31470780346162813,ec820f658fec9e9a5e5c0ffd81f7930cf08e6fe44b1798fb93af342173cdd275
L5000,train,50780,45620,wrong,1,wrong/50780-1.png,528465c428b6d6653085e0f097b2cf03b32742d5c8e972a9e176596f12504bb5,3800def8e5bed900fc332f8ffc34dbd027ba1e4cb2ec365891217aeeffe7820e,,0.5242250561714172,-0.12853480160275207,0.2983612532099543,ec820f658fec9e9a5e5c0ffd81f7930cf08e6fe44b1798fb93af342173cdd275
L5000,train,45620,27323,correct,0,correct/45620-0.png,0dad009a064ea555addb552c104f91bd8bb6db6e3905d53c2902b0fa899dbce8,cfb5d1c1124c830ac684d4a9eb24f448e9e3feb4d28302f59cd353c4d54b08f5,,0.8580469489097595,0.18043864947448404,0.3077636426804537,ec820f658fec9e9a5e5c0ffd81f7930cf08e6fe44b1798fb93af342173cdd275
L5000,train,45620,27323,correct,1,correct/45620-1.png,df8b5960b82e17b8af7474102640638ac16eb80321ad4d36dda118b2a50cc694,cfb5d1c1124c830ac684d4a9eb24f448e9e3feb4d28302f59cd353c4d54b08f5,,0.887772798538208,0.1883047626065328,0.3234127609087925,ec820f658fec9e9a5e5c0ffd81f7930cf08e6fe44b1798fb93af342173cdd275
L5000,train,45620,27323,wrong,0,wrong/45620-0.png,33a1072187c1c0ecd7d940c6e7a79a6b009e24586642ca6eb2a0754fd4edd4d4,cfb5d1c1124c830ac684d4a9eb24f448e9e3feb4d28302f59cd353c4d54b08f5,,0.44808289408683777,0.11581420509945904,0.3206358777328079,ec820f658fec9e9a5e5c0ffd81f7930cf08e6fe44b1798fb93af342173cdd275
L5000,train,45620,27323,wrong,1,wrong/45620-1.png,d6909c536906cc51995ced83a2063861b973c769337b0ef22478204fd49bd63e,cfb5d1c1124c830ac684d4a9eb24f448e9e3feb4d28302f59cd353c4d54b08f5,,0.4109496474266052,-0.16914115966191678,0.2410742995595424,ec820f658fec9e9a5e5c0ffd81f7930cf08e6fe44b1798fb93af342173cdd275
L5000,train,27323,51581,correct,0,correct/27323-0.png,8a61e3aa6cf43dbcbeb2118c3d81236da19a0168e43373715a5fab8240462196,250f095a178dc365e3b06928d3751554e4b9fcf734e8d3febc3dc4b1ed354d81,,0.5898598432540894,0.14523872655413442,0.337429352104838,ec820f658fec9e9a5e5c0ffd81f7930cf08e6fe44b1798fb93af342173cdd275
L5000,train,27323,51581,correct,1,correct/27323-1.png,99a93f7391f33b2767444dc8d0703fa0ca1b68694e9ebf46c702cf351a67d6a2,250f095a178dc365e3b06928d3751554e4b9fcf734e8d3febc3dc4b1ed354d81,,0.6879690885543823,0.19876398463318815,0.3439250782620729,ec820f658fec9e9a5e5c0ffd81f7930cf08e6fe44b1798fb93af342173cdd275
L5000,train,27323,51581,wrong,0,wrong/27323-0.png,a9ba8194090e8fda5aabb8dfbba097c6fdcc42b26b33334d99b470e91d59df9f,250f095a178dc365e3b06928d3751554e4b9fcf734e8d3febc3dc4b1ed354d81,,0.5952718257904053,0.05028147546425132,0.32469625401329244,ec820f658fec9e9a5e5c0ffd81f7930cf08e6fe44b1798fb93af342173cdd275
L5000,train,27323,51581,wrong,1,wrong/27323-1.png,4383f819fcced00443459c2e87c0d476db2f4561c65219bd00f64f47b5a11ec3,250f095a178dc365e3b06928d3751554e4b9fcf734e8d3febc3dc4b1ed354d81,,0.5693131685256958,0.0030534775493134413,0.415784146677397,ec820f658fec9e9a5e5c0ffd81f7930cf08e6fe44b1798fb93af342173cdd275
L5000,train,51581,7163,correct,0,correct/51581-0.png,ade6ca653c9c96a301002fed03de1c0785cd0869adec6620bc02bbbb10f5c961,59fe651ba15a38d4aa5b9170e24c4cea5800db389b7e7827656ae888d3e80997,,0.6671040654182434,0.05418122617269357,0.3748406827040677,ec820f658fec9e9a5e5c0ffd81f7930cf08e6fe44b1798fb93af342173cdd275
L5000,train,51581,7163,correct,1,correct/51581-1.png,0e61b7005ff73ccc0b2661f21559cfccf6547369aae73f0394f959e83f9df608,59fe651ba15a38d4aa5b9170e24c4cea5800db389b7e7827656ae888d3e80997,,0.658405065536499,-0.13445734435201814,0.3262279789977089,ec820f658fec9e9a5e5c0ffd81f7930cf08e6fe44b1798fb93af342173cdd275
L5000,train,51581,7163,wrong,0,wrong/51581-0.png,913e43d609720af07d48b211093d06a7a6db43e7199fb02a0cd8852f88e262a3,59fe651ba15a38d4aa5b9170e24c4cea5800db389b7e7827656ae888d3e80997,,0.478840172290802,-0.08257603328758946,0.31837025420628384,ec820f658fec9e9a5e5c0ffd81f7930cf08e6fe44b1798fb93af342173cdd275
L5000,train,51581,7163,wrong,1,wrong/51581-1.png,d50f8ff96f71aa132ff7d14a12cc899157962041125dddde352857e27da6b62f,59fe651ba15a38d4aa5b9170e24c4cea5800db389b7e7827656ae888d3e80997,,0.5042837858200073,-0.11262081214636588,0.26337246049325097,ec820f658fec9e9a5e5c0ffd81f7930cf08e6fe44b1798fb93af342173cdd275
L5000,train,7163,50828,correct,0,correct/7163-0.png,87e0878eceaf3b89b1946ca74ee0bede58cc2b07d66457a9a5bfd23a9ee465bd,659e03fd2f5364391e8656e2b6780af8470d98817eeb4e595832d969088031ca,,0.6695766448974609,0.005544466026815031,0.2832339385790918,ec820f658fec9e9a5e5c0ffd81f7930cf08e6fe44b1798fb93af342173cdd275
L5000,train,7163,50828,correct,1,correct/7163-1.png,2d2b63c109671db6dedca5d627d629e67d5ac090466279857f7c68c822f64de7,659e03fd2f5364391e8656e2b6780af8470d98817eeb4e595832d969088031ca,,0.6215647459030151,-0.03609419374548314,0.3089109259844262,ec820f658fec9e9a5e5c0ffd81f7930cf08e6fe44b1798fb93af342173cdd275
L5000,train,7163,50828,wrong,0,wrong/7163-0.png,a5a0bff6598262522ffbae00d927d8dda71189c8fed565b0bf36c9c7ac72a3b8,659e03fd2f5364391e8656e2b6780af8470d98817eeb4e595832d969088031ca,,0.46516624093055725,-0.09555779614314606,0.31719750511081035,ec820f658fec9e9a5e5c0ffd81f7930cf08e6fe44b1798fb93af342173cdd275
L5000,train,7163,50828,wrong,1,wrong/7163-1.png,b5b5765c0cc59a7b72e1b98c9f933ea5fe758d52453d67e9ad4df8cb9884a1d6,659e03fd2f5364391e8656e2b6780af8470d98817eeb4e595832d969088031ca,,0.42704200744628906,-0.014077018738719612,0.34214195376611073,ec820f658fec9e9a5e5c0ffd81f7930cf08e6fe44b1798fb93af342173cdd275
L5000,train,50828,53785,correct,0,correct/50828-0.png,97d37c9cba9ded992c37d7a9625f0ba5a603e5f49cf8115fe96410a0eef28ba6,8a06d6161798ccc7ac94de944423be5b2f20143c1f68d159adfe6c325e55c945,,0.745574414730072,-0.12774767992951988,0.4190902494233707,ec820f658fec9e9a5e5c0ffd81f7930cf08e6fe44b1798fb93af342173cdd275
L5000,train,50828,53785,correct,1,correct/50828-1.png,36ced1b1b42e3cfda979856eacb7465aee51825ae1748cb3d3144a109c9f1f7a,8a06d6161798ccc7ac94de944423be5b2f20143c1f68d159adfe6c325e55c945,,0.7961925268173218,0.08569871663398324,0.515473767833776,ec820f658fec9e9a5e5c0ffd81f7930cf08e6fe44b1798fb93af342173cdd275
L5000,train,50828,53785,wrong,0,wrong/50828-0.png,dd6052382481323d58c05d5e151eb6057e8bb05016b48619b9f7563841e56729,8a06d6161798ccc7ac94de944423be5b2f20143c1f68d159adfe6c325e55c945,,0.5637709498405457,0.09188441771410592,0.3091687670635583,ec820f658fec9e9a5e5c0ffd81f7930cf08e6fe44b1798fb93af342173cdd275
L5000,train,50828,53785,wrong,1,wrong/50828-1.png,7dea4560d5f63807d78890a21bfc39dad715693372dbd15e86b527f9b944e941,8a06d6161798ccc7ac94de944423be5b2f20143c1f68d159adfe6c325e55c945,,0.5585968494415283,-0.07044222646674747,0.320654107869432,ec820f658fec9e9a5e5c0ffd81f7930cf08e6fe44b1798fb93af342173cdd275
L5000,train,53785,1851,correct,0,correct/53785-0.png,dd0abc4aa6bd7460b7802b7d19e2359068e8f58b001c0d0ed616de15e3828c3e,64721bcb46da572d03f6a59b25eceafa5c909eee9cbbd60b1f8c77637995962c,,0.6565078496932983,0.269121200985248,0.3520320112617517,ec820f658fec9e9a5e5c0ffd81f7930cf08e6fe44b1798fb93af342173cdd275
L5000,train,53785,1851,correct,1,correct/53785-1.png,b5316c601c586454470969fd8dd877b37af9cde0043c08b4e60e0b7a600b4f39,64721bcb46da572d03f6a59b25eceafa5c909eee9cbbd60b1f8c77637995962c,,0.5866705179214478,-0.02446335398511856,0.25168555054165787,ec820f658fec9e9a5e5c0ffd81f7930cf08e6fe44b1798fb93af342173cdd275
L5000,train,53785,1851,wrong,0,wrong/53785-0.png,efb37c7ea6cb60266c6b78a8064f5545c9070237429300f7ee06d4f8b0d8f793,64721bcb46da572d03f6a59b25eceafa5c909eee9cbbd60b1f8c77637995962c,,0.45219114422798157,-0.4132597956841221,0.1922196492226149,ec820f658fec9e9a5e5c0ffd81f7930cf08e6fe44b1798fb93af342173cdd275
L5000,train,53785,1851,wrong,1,wrong/53785-1.png,12d35db9db79befc211e1bd6a91eea2c76e8c00cc4e086699dd74deb721bb320,64721bcb46da572d03f6a59b25eceafa5c909eee9cbbd60b1f8c77637995962c,,0.49986502528190613,-0.03425052263310955,0.25276886090224965,ec820f658fec9e9a5e5c0ffd81f7930cf08e6fe44b1798fb93af342173cdd275
L5000,train,1851,29558,correct,0,correct/1851-0.png,1d9d0cf4b5efb2b3778973f68eb42d2e2121090ef22789eb181d2d58a616ac8a,188190da525817dc8acf5860f4796bdff87d788d696db8860e4484b87b0d49e3,,0.780605673789978,0.23754366817404726,0.2969099643652747,ec820f658fec9e9a5e5c0ffd81f7930cf08e6fe44b1798fb93af342173cdd275
L5000,train,1851,29558,correct,1,correct/1851-1.png,7cbacc08196a0859544467de37496e385f630c02d68269b7c236db5e80a0b68f,188190da525817dc8acf5860f4796bdff87d788d696db8860e4484b87b0d49e3,,0.7982606291770935,-0.15725380132113306,0.2617656972006211,ec820f658fec9e9a5e5c0ffd81f7930cf08e6fe44b1798fb93af342173cdd275
L5000,train,1851,29558,wrong,0,wrong/1851-0.png,f8a230013ec0e3387f06cc73a4d5387b56279eaed077e828932ad3c58fb7cdd8,188190da525817dc8acf5860f4796bdff87d788d696db8860e4484b87b0d49e3,,0.5443557500839233,0.06903713543032397,0.19340865371531385,ec820f658fec9e9a5e5c0ffd81f7930cf08e6fe44b1798fb93af342173cdd275
L5000,train,1851,29558,wrong,1,wrong/1851-1.png,994670521567a733547b625c919c7857917598f7663fe2542b090dccf2dd2935,188190da525817dc8acf5860f4796bdff87d788d696db8860e4484b87b0d49e3,,0.5615869164466858,-0.08283236770073253,0.20854122029623068,ec820f658fec9e9a5e5c0ffd81f7930cf08e6fe44b1798fb93af342173cdd275
L5000,train,29558,59471,correct,0,correct/29558-0.png,dc56ca6d50c9685e3d86e24126d17cf5f3aca150c0694584268f0b5912b7eeb2,d4f50b468f1dc8f7d4702325ac959d4156f0c8bf16b62bf4a9358e56b8e5fd95,,0.6665739417076111,0.32164542085538955,0.17481498104450774,ec820f658fec9e9a5e5c0ffd81f7930cf08e6fe44b1798fb93af342173cdd275
L5000,train,29558,59471,correct,1,correct/29558-1.png,77b2058436e879f5a054dc84eaae441f5d937426d9775ba559d01de847d7248d,d4f50b468f1dc8f7d4702325ac959d4156f0c8bf16b62bf4a9358e56b8e5fd95,,0.737521767616272,-0.08343031733318618,0.1380640129019971,ec820f658fec9e9a5e5c0ffd81f7930cf08e6fe44b1798fb93af342173cdd275
L5000,train,29558,59471,wrong,0,wrong/29558-0.png,568a10791c251a4b9d34bd034bd90101b754f71bcd353d0c7f1ac689e72be71c,d4f50b468f1dc8f7d4702325ac959d4156f0c8bf16b62bf4a9358e56b8e5fd95,,0.5859841704368591,0.1800295506517158,0.1786723279054258,ec820f658fec9e9a5e5c0ffd81f7930cf08e6fe44b1798fb93af342173cdd275
L5000,train,29558,59471,wrong,1,wrong/29558-1.png,5552cc0499473a5b029fc5c2a6aaba4278811dcb90b38a80a4430f4967ec236b,d4f50b468f1dc8f7d4702325ac959d4156f0c8bf16b62bf4a9358e56b8e5fd95,,0.5572158098220825,-0.08072700781432035,0.1780279706544707,ec820f658fec9e9a5e5c0ffd81f7930cf08e6fe44b1798fb93af342173cdd275
L5000,train,59471,59462,correct,0,correct/59471-0.png,64858dd1ff7c884df57860196b940f8d4b37511fc98b8a14bdb8429450bc0b7c,b4fa87514dd7153326432d061052bad5be5bf519dd3bde07fb0c25a365f3c72f,,0.7291467785835266,-0.03406318205075327,0.26455860625139105,ec820f658fec9e9a5e5c0ffd81f7930cf08e6fe44b1798fb93af342173cdd275
L5000,train,59471,59462,correct,1,correct/59471-1.png,30d16c7263b9dbf28891e40cfb0224c3018d4cc58a115da6af269187bfd99813,b4fa87514dd7153326432d061052bad5be5bf519dd3bde07fb0c25a365f3c72f,,0.659955620765686,0.21167829026293555,0.3133417474517192,ec820f658fec9e9a5e5c0ffd81f7930cf08e6fe44b1798fb93af342173cdd275
L5000,train,59471,59462,wrong,0,wrong/59471-0.png,c99e17b30a68939507dba3911322e9e9c651a72171d9177baa49dbf7d5e25588,b4fa87514dd7153326432d061052bad5be5bf519dd3bde07fb0c25a365f3c72f,,0.4629952013492584,-0.04754233937288718,0.21954557752122952,ec820f658fec9e9a5e5c0ffd81f7930cf08e6fe44b1798fb93af342173cdd275
L5000,train,59471,59462,wrong,1,wrong/59471-1.png,0271417466c2b2bdbf3fb2ec7aa23e2f9c5f44dc30c6f771c05997142ee53c75,b4fa87514dd7153326432d061052bad5be5bf519dd3bde07fb0c25a365f3c72f,,0.4541330933570862,-0.012184809961326674,0.2961323457853048,ec820f658fec9e9a5e5c0ffd81f7930cf08e6fe44b1798fb93af342173cdd275
L5000,train,59462,16584,correct,0,correct/59462-0.png,aeee4a868d1237386e0683aa54c58ce083037f34355a27ef01b36ca4f915dd8b,3b132841b0fe38b219783249fe32270846c6578311c1dd2c29efe92e602aeeca,,0.819333016872406,-0.12781981524678537,0.21408421113503415,ec820f658fec9e9a5e5c0ffd81f7930cf08e6fe44b1798fb93af342173cdd275
L5000,train,59462,16584,correct,1,correct/59462-1.png,ccd60884ec82147ba20d252cb9d408d0dbdda8895d58a88f8cc824391c7a4b09,3b132841b0fe38b219783249fe32270846c6578311c1dd2c29efe92e602aeeca,,0.7886495590209961,0.09023851537204819,0.2621679919171151,ec820f658fec9e9a5e5c0ffd81f7930cf08e6fe44b1798fb93af342173cdd275
L5000,train,59462,16584,wrong,0,wrong/59462-0.png,f2cbdb8ee996963a938723c9d5eb6495b1ec4cb0feba9d999070b5e065dc8e0d,3b132841b0fe38b219783249fe32270846c6578311c1dd2c29efe92e602aeeca,,0.6088378429412842,0.03549440142246597,0.1463052774561631,ec820f658fec9e9a5e5c0ffd81f7930cf08e6fe44b1798fb93af342173cdd275
L5000,train,59462,16584,wrong,1,wrong/59462-1.png,bc6d941fc1a36fe13da874466b5cc07b75aa01f3868277d93660692fa0d6e1ff,3b132841b0fe38b219783249fe32270846c6578311c1dd2c29efe92e602aeeca,,0.547950267791748,-0.036501759879031925,0.13339181792563118,ec820f658fec9e9a5e5c0ffd81f7930cf08e6fe44b1798fb93af342173cdd275
R,train,16584,40682,correct,0,g4-correct/16584-0.png,56bce736666130067b4edbb4eb4b1539af8c83d703968424e726b7f24b01a6c1,a7a40302f6fddd927f6db9d528b67f03df45ce3933ba39d58a055f027930964d,4.0,0.5536547899246216,0.00726625478696787,0.09238029161210083,
R,train,16584,40682,correct,1,g4-correct/16584-1.png,171d40977782b20558604d65b2d1400e3352f2db002944b5579e30b22623e79a,a7a40302f6fddd927f6db9d528b67f03df45ce3933ba39d58a055f027930964d,4.0,0.6233307123184204,0.0373253252063137,0.08299105809477823,
R,train,16584,40682,wrong,0,g4-wrong/16584-0.png,4c437d87380ecde66d4c2ae2cccbb9bf1bafb46aac81c083d51ee721fe925994,a7a40302f6fddd927f6db9d528b67f03df45ce3933ba39d58a055f027930964d,4.0,0.5405170917510986,0.1512461366603447,0.08526810261913909,
R,train,16584,40682,wrong,1,g4-wrong/16584-1.png,cf34967bb28b31321c5548badf7b339d94a930e25545da08e5bf968e39dd25ca,a7a40302f6fddd927f6db9d528b67f03df45ce3933ba39d58a055f027930964d,4.0,0.5240092277526855,0.1662556449361164,0.08452513910478769,
R,train,40682,38942,correct,0,g4-correct/40682-0.png,22266186fd7c6199ccbc60142ec60b9fc5ab9d3f309e340f0d39465d94c2f0a3,6490897e817774a341cca2ee5aba081e04f285f50e6f0a1474fc3ccbd4a33f68,4.0,0.7960963845252991,0.6243528393710621,0.42408571708860254,
R,train,40682,38942,correct,1,g4-correct/40682-1.png,938019cf0ee9674fe4d199fbc9eef70e04171e54d42220c7c59c6bd063aed4c7,6490897e817774a341cca2ee5aba081e04f285f50e6f0a1474fc3ccbd4a33f68,4.0,0.8287599086761475,0.6666532019662883,0.4746896832381892,
R,train,40682,38942,wrong,0,g4-wrong/40682-0.png,df3d7edd713bb5b237798ce97716afbe556d6420be7dab873b1d0ee7f6e19613,6490897e817774a341cca2ee5aba081e04f285f50e6f0a1474fc3ccbd4a33f68,4.0,0.4618763327598572,0.10212352152412145,0.3911690592491123,
R,train,40682,38942,wrong,1,g4-wrong/40682-1.png,e679ceda7aa44fb767e68241a01660ead27eb5b017cfac8d2772be09918e034c,6490897e817774a341cca2ee5aba081e04f285f50e6f0a1474fc3ccbd4a33f68,4.0,0.47565385699272156,0.007231141439382512,0.4552710273822741,
R,train,38942,4905,correct,0,g4-correct/38942-0.png,fd669002821357b0ced3715c6cb6de567d0707478a9c9f74fc48d657f966cd11,6756f9274e866ca54bb80f773b9ae5ebe24c536f1c5877b0f8c954379b24bd06,4.0,0.5688409805297852,0.2284333616732714,0.4252562503273795,
R,train,38942,4905,correct,1,g4-correct/38942-1.png,3b593cf6a990746d37f3efca19b8356680fffd7edb35df15f5181863a522e48b,6756f9274e866ca54bb80f773b9ae5ebe24c536f1c5877b0f8c954379b24bd06,4.0,0.6184923648834229,0.10657421160231309,0.3651222009307018,
R,train,38942,4905,wrong,0,g4-wrong/38942-0.png,33c2efdd13b39e80aa063b6edbe5138e8b45d791eac1a462ef7af79d497276e2,6756f9274e866ca54bb80f773b9ae5ebe24c536f1c5877b0f8c954379b24bd06,4.0,0.6291914582252502,0.11557736263631575,0.40914273094467896,
R,train,38942,4905,wrong,1,g4-wrong/38942-1.png,f32e7d655415ffa937e963a4af11bad90f038439c485189e7cf331e3e58e3409,6756f9274e866ca54bb80f773b9ae5ebe24c536f1c5877b0f8c954379b24bd06,4.0,0.564511775970459,0.18468679823854328,0.3097329823411349,
R,train,4905,17344,correct,0,g4-correct/4905-0.png,37a18e2d776764cdd02ddb4613de225bcfff07b844edc1d3384d1af3f35eb5e8,232ae311abc85f162496cc1486aef8d8928ea428f00d77ec4e79c0b70f3aac41,4.0,0.5436376929283142,0.14557522030633455,0.2522893097553694,
R,train,4905,17344,correct,1,g4-correct/4905-1.png,869cdf771850cbeab4ec3377635399f0d892a5cab7429997a1c321c6cfca98e0,232ae311abc85f162496cc1486aef8d8928ea428f00d77ec4e79c0b70f3aac41,4.0,0.6307271122932434,-0.005744342244100882,0.26229511418950086,
R,train,4905,17344,wrong,0,g4-wrong/4905-0.png,a2f5c1bcd195bdd01595c10fb9fc7583dce39b76f8521fb1f6c78f3725b6760e,232ae311abc85f162496cc1486aef8d8928ea428f00d77ec4e79c0b70f3aac41,4.0,0.48002249002456665,-0.07503711577898675,0.33429544663119487,
R,train,4905,17344,wrong,1,g4-wrong/4905-1.png,1f2e977635497d3df268e5bdd8bb540318d751c0a92cfb2b8ba5cf35b7c15dbe,232ae311abc85f162496cc1486aef8d8928ea428f00d77ec4e79c0b70f3aac41,4.0,0.48226338624954224,-0.21588031106336383,0.3894321050495575,
R,train,17344,32725,correct,0,g4-correct/17344-0.png,38c475b8c5ffff881c2cfd3ec8a0b6448c672ff72885d8710d848e29e5893855,d75f90f3c918af7779f08413e1b2dfa9f0b7ab7532546f74ce58b50b36b8817d,4.0,0.7689536809921265,0.17291818860050656,0.21310389283566494,
R,train,17344,32725,correct,1,g4-correct/17344-1.png,edf65e7d07a98b54e3fe66784e0205af6c9d96916a453f4f565c100cf91a53cf,d75f90f3c918af7779f08413e1b2dfa9f0b7ab7532546f74ce58b50b36b8817d,4.0,0.7142410278320312,0.022927177391372896,0.21479218680121512,
R,train,17344,32725,wrong,0,g4-wrong/17344-0.png,8da212e06fd35ba238bbe2e03d5492ce62b2175447f66ddef98a4e620c80c57e,d75f90f3c918af7779f08413e1b2dfa9f0b7ab7532546f74ce58b50b36b8817d,4.0,0.4542783200740814,0.015426712906364534,0.11644689570914858,
R,train,17344,32725,wrong,1,g4-wrong/17344-1.png,e88a704a14feb0ec79b7347bdd38266c9bca58342b7eb79b8e036b169d3acdc6,d75f90f3c918af7779f08413e1b2dfa9f0b7ab7532546f74ce58b50b36b8817d,4.0,0.4956277012825012,0.06845433760247534,0.11090806517670772,
R,train,32725,28449,correct,0,g4-correct/32725-0.png,4994238a987b57ac48795a4cbdb1effd5a9ede16d6054ceece532e9a28378fa0,30cb1309cb356060719cfdd1a31df932276e218be091252aa0a0840e43a975a0,4.0,0.9060716032981873,0.47576913329659654,0.1626789296972921,
R,train,32725,28449,correct,1,g4-correct/32725-1.png,5d0c1c43971f775c6208c1a52795860e13d4e9511bd65fd3bff02fe958505752,30cb1309cb356060719cfdd1a31df932276e218be091252aa0a0840e43a975a0,4.0,0.8719949126243591,0.4697401807124765,0.16983241582058714,
R,train,32725,28449,wrong,0,g4-wrong/32725-0.png,96edcc5afd96625ac47ca652a64b8699dd3e47e0ce70dd34b23f9eeec0c40a56,30cb1309cb356060719cfdd1a31df932276e218be091252aa0a0840e43a975a0,4.0,0.5034455060958862,-0.3930550339077036,0.16983542718695863,
R,train,32725,28449,wrong,1,g4-wrong/32725-1.png,39d55432defff47e6a2703a1189524e09447d9727eddd1ad32b04f7d38dc7a1a,30cb1309cb356060719cfdd1a31df932276e218be091252aa0a0840e43a975a0,4.0,0.548456072807312,-0.5031921883476552,0.1567957718789848,
R,train,28449,4723,correct,0,g4-correct/28449-0.png,e13be589e8dff0bcb1f74df671b1babd2d40a62bc15e4a97d7c2ea3e95daf0b1,90d88f3ceba98dfa2fef3ccc0ef7371f2f798a6d92f3a246b5683fc6f9692144,4.0,0.6204228401184082,-0.08996212761781794,0.472642412675288,
R,train,28449,4723,correct,1,g4-correct/28449-1.png,f08bb26051691a2030afdd2047a6beabc7237f00dad16f7599d0dae5a1188175,90d88f3ceba98dfa2fef3ccc0ef7371f2f798a6d92f3a246b5683fc6f9692144,4.0,0.5795485973358154,0.2697637861314575,0.4327164710537159,
R,train,28449,4723,wrong,0,g4-wrong/28449-0.png,b8fe9bcd1d5c7e8f2bdffd39a927daf3a0d73419c71c0b20659a0f942327e0cb,90d88f3ceba98dfa2fef3ccc0ef7371f2f798a6d92f3a246b5683fc6f9692144,4.0,0.6030460000038147,-0.14109847848552817,0.280330036620887,
R,train,28449,4723,wrong,1,g4-wrong/28449-1.png,62d3b9bad9e172cf561f6c0d8d1043e80d138e085a2aa1e35a03183fe2acb31f,90d88f3ceba98dfa2fef3ccc0ef7371f2f798a6d92f3a246b5683fc6f9692144,4.0,0.46333372592926025,-0.05869866714050887,0.3469546578481212,
R,train,4723,70126,correct,0,g4-correct/4723-0.png,bda099532ffe61a41eebf1f3ddede3dcf3a9ed7b583cb8408a41cdc980cc18e2,9b2d92a8a3a0047433a0e8cca9e67818d62ddbeef410226b718fcc0322330a93,4.0,0.5725159049034119,-0.05160388432090444,0.3256696220315558,
R,train,4723,70126,correct,1,g4-correct/4723-1.png,961a62f1c78bf936b40db4e2b403945438fc45a90e5d53410a99d4f5eefc6b47,9b2d92a8a3a0047433a0e8cca9e67818d62ddbeef410226b718fcc0322330a93,4.0,0.5904384255409241,-0.059212797612874214,0.2686449548012306,
R,train,4723,70126,wrong,0,g4-wrong/4723-0.png,547dd8ad2698a6d7da2cdeb8ce34e0c60c6eea04933abc70d25f5dfda13d14d7,9b2d92a8a3a0047433a0e8cca9e67818d62ddbeef410226b718fcc0322330a93,4.0,0.46479150652885437,0.13675871690800223,0.31668490946038697,
R,train,4723,70126,wrong,1,g4-wrong/4723-1.png,c01493f74f60a0f56f1493297749eb69f061ce1c42cb5eb4b2a5c7e0d01aba65,9b2d92a8a3a0047433a0e8cca9e67818d62ddbeef410226b718fcc0322330a93,4.0,0.521888017654419,-0.09524307352590418,0.257326429166143,
R,train,70126,26393,correct,0,g4-correct/70126-0.png,30c3a1bf8f5acaef8aa3c6c6c9feaa5d2f624d1b5251cead66e74d0ed6813324,771c06d63c9d651090499055b39e8c422b32ab0e89b8878983be0d8b35226c9d,4.0,0.6859798431396484,-0.17467811853285103,0.2769545548096549,
R,train,70126,26393,correct,1,g4-correct/70126-1.png,e350e8b17428fe8545e8c9dcb170b8d2d4fe69d7ec1ca8bab5d187ce6a6435f8,771c06d63c9d651090499055b39e8c422b32ab0e89b8878983be0d8b35226c9d,4.0,0.6550943851470947,-0.19606362977155553,0.2731952748879592,
R,train,70126,26393,wrong,0,g4-wrong/70126-0.png,cbb2fc619f8b3a4fe6e89c35bdfcf79e176cee254c11348a6f4052d2ad838227,771c06d63c9d651090499055b39e8c422b32ab0e89b8878983be0d8b35226c9d,4.0,0.5363332629203796,-0.18430819805249937,0.3098440400818035,
R,train,70126,26393,wrong,1,g4-wrong/70126-1.png,e649446fa827ddf183cdae95439908a356acc4167144dd24c933c50d4ef838ad,771c06d63c9d651090499055b39e8c422b32ab0e89b8878983be0d8b35226c9d,4.0,0.4952085614204407,0.009048168054440812,0.32245129967921743,
R,train,26393,33748,correct,0,g4-correct/26393-0.png,fcbaa9f94f6ef422da4babcad60213fd840311135a7a2e18adae4bb298abea66,0019d2d1ccc1627f42428b0f1cd396e261b1006a37d9c6990b31189dc07e534f,4.0,0.7478678822517395,0.022425397104427803,0.553304261263546,
R,train,26393,33748,correct,1,g4-correct/26393-1.png,b77549f17c0c6d5981c0145b13caeff441ba01f7548cc4caddf82717bf5b37af,0019d2d1ccc1627f42428b0f1cd396e261b1006a37d9c6990b31189dc07e534f,4.0,0.8015968203544617,0.08249810154951319,0.4859563562462345,
R,train,26393,33748,wrong,0,g4-wrong/26393-0.png,93fb80a3d477b894b77d9a90b5b793ee0b669e017d421ef593461d5a0b19b632,0019d2d1ccc1627f42428b0f1cd396e261b1006a37d9c6990b31189dc07e534f,4.0,0.5621399879455566,0.13617908101421308,0.36082366766337315,
R,train,26393,33748,wrong,1,g4-wrong/26393-1.png,e0337dea82337b0c98a50779b0fc35d0b973b350bcb2ce4c9fee9544611f03bd,0019d2d1ccc1627f42428b0f1cd396e261b1006a37d9c6990b31189dc07e534f,4.0,0.5900486707687378,0.2583782456491852,0.341374510996061,
R,train,33748,57293,correct,0,g4-correct/33748-0.png,20c2bcdbb5dc80cd319c6d998dbe4b0f9b06a77e65c8ab19c70f67cf31363872,ea12a6e5334d683616001b6e1d93e997a3eb53d67412edf2f0a4c6526ff5b880,4.0,0.9316523671150208,0.5969867980794893,0.3135020350389867,
R,train,33748,57293,correct,1,g4-correct/33748-1.png,539fd2dc8afc035485c6c4caf32d75cd20e5e4b9adc4366cfb99595265fbed90,ea12a6e5334d683616001b6e1d93e997a3eb53d67412edf2f0a4c6526ff5b880,4.0,0.9536786079406738,0.6575662356153964,0.34116821450282053,
R,train,33748,57293,wrong,0,g4-wrong/33748-0.png,358fe2e749892b69f8d68d46d1d82ef0553937103efca9c161834afdcac18f76,ea12a6e5334d683616001b6e1d93e997a3eb53d67412edf2f0a4c6526ff5b880,4.0,0.5457616448402405,-0.010391302243396414,0.13339231532372778,
R,train,33748,57293,wrong,1,g4-wrong/33748-1.png,d469082998b8c0b22a386425d42f3f93379ddddf482a53deddcbeca45025e643,ea12a6e5334d683616001b6e1d93e997a3eb53d67412edf2f0a4c6526ff5b880,4.0,0.5575870871543884,-0.014119771639323158,0.15559668882172578,
R,train,57293,20217,correct,0,g4-correct/57293-0.png,35fa4eda5bf950a09b1855173e49608ddb0a5247517a855c1e7d583b98a2feb4,2ce3fbbaf3262abce9abef7120e90ccb53908017cf443112e22b9f7e8cb94ef1,4.0,0.7276643514633179,-0.0010306341522637987,0.19374211019862525,
R,train,57293,20217,correct,1,g4-correct/57293-1.png,892d75823e55baa9056cd9ad3fe8924fdec837464c821f1a21f15a57f6acdc14,2ce3fbbaf3262abce9abef7120e90ccb53908017cf443112e22b9f7e8cb94ef1,4.0,0.6844061613082886,-0.17697822186624348,0.20308306806057477,
R,train,57293,20217,wrong,0,g4-wrong/57293-0.png,4457d2ef73932318622c6f1021c7675f39d7013e18c779b245116de503e9501e,2ce3fbbaf3262abce9abef7120e90ccb53908017cf443112e22b9f7e8cb94ef1,4.0,0.5430199503898621,0.19646521567161646,0.2550797861567652,
R,train,57293,20217,wrong,1,g4-wrong/57293-1.png,fd329354d830173b9843276fec7a688ac9932cb80be7e75052b53463614cac8b,2ce3fbbaf3262abce9abef7120e90ccb53908017cf443112e22b9f7e8cb94ef1,4.0,0.5727100968360901,-0.16300144606860542,0.1875078005971146,
R,train,20217,15879,correct,0,g4-correct/20217-0.png,00c584b61c5ecbd81e3d6843ae0fc6cdfc633c14914fe82916a81a4cc981a31b,9bb0eb851e424337b776988233bca0f9b0b9703bdb62158841eefc42f9e34149,4.0,0.7244528532028198,0.21837893129495717,0.298530653615159,
R,train,20217,15879,correct,1,g4-correct/20217-1.png,c534bb0bc2584673bf3bb3e5a0e3ba64ad52573db57f156c635939b23e532153,9bb0eb851e424337b776988233bca0f9b0b9703bdb62158841eefc42f9e34149,4.0,0.638093113899231,0.03989486580265564,0.276928438713099,
R,train,20217,15879,wrong,0,g4-wrong/20217-0.png,ddaf604640783d9e575f387c69f48b176c491d3dc80dcd6bed04b3e0f5a2fbb1,9bb0eb851e424337b776988233bca0f9b0b9703bdb62158841eefc42f9e34149,4.0,0.47706958651542664,0.16767887150378852,0.21924154880621638,
R,train,20217,15879,wrong,1,g4-wrong/20217-1.png,56316386bda6055e89348a3f02c46fddd9d320aaf116f7c6aadd94ea5ca984b7,9bb0eb851e424337b776988233bca0f9b0b9703bdb62158841eefc42f9e34149,4.0,0.507652223110199,0.059380986637373755,0.2975182921246719,
R,train,15879,69036,correct,0,g4-correct/15879-0.png,4d3d9de76e5fb2a03aa41bef68f5ba45d36c4a7c9b208522204bf310dc39f176,4f7529cc349f0c11166395691ea3a37adcf291e281069f184da9b7340fc99034,4.0,0.7151159644126892,0.0978844576295788,0.1762151469287118,
R,train,15879,69036,correct,1,g4-correct/15879-1.png,a583737032511f34463d7f7105b4e52d1626b0ea8d66bf00913978629b724344,4f7529cc349f0c11166395691ea3a37adcf291e281069f184da9b7340fc99034,4.0,0.6198019981384277,-0.06622984761781359,0.18815774984143196,
R,train,15879,69036,wrong,0,g4-wrong/15879-0.png,1c9be42b0ce18e746404914afe0074c9dd4de26ca51b40aab3c2ff47d7b8e17c,4f7529cc349f0c11166395691ea3a37adcf291e281069f184da9b7340fc99034,4.0,0.47621676325798035,0.2602262180382351,0.19376546490568242,
R,train,15879,69036,wrong,1,g4-wrong/15879-1.png,cb93c9514f57247269be4114842d9c9b91d0a6331a87384003d9a4e1260e739c,4f7529cc349f0c11166395691ea3a37adcf291e281069f184da9b7340fc99034,4.0,0.48805147409439087,0.13316310101058604,0.15871019457809785,
R,train,69036,3625,correct,0,g4-correct/69036-0.png,0457ef9f6064ef39e49e808f968279013d49b0ee2a5072e364ee580f3ae96a42,1acec16aba650738ce719ea1e3bbdffbf0ec38d66415cd99991204bc1cc04fb5,4.0,0.959843635559082,0.534996021708717,0.3437886654627347,
R,train,69036,3625,correct,1,g4-correct/69036-1.png,2610baa8e4cb810ce7ff4eb87b0a57f9b305f03f2a2331fa2bf218e4c2c49fc0,1acec16aba650738ce719ea1e3bbdffbf0ec38d66415cd99991204bc1cc04fb5,4.0,0.927013635635376,0.5184446001287321,0.35314419729073004,
R,train,69036,3625,wrong,0,g4-wrong/69036-0.png,3295e15857456a14dac5aad6241bc2cc08b4b397ae042b22e5be0745a1d6810e,1acec16aba650738ce719ea1e3bbdffbf0ec38d66415cd99991204bc1cc04fb5,4.0,0.5310548543930054,-0.23925329661013034,0.17453909261445336,
R,train,69036,3625,wrong,1,g4-wrong/69036-1.png,5cbad1c8bb86d2665c75eabcd9e558cc7aada96f4b54684c56dc25d4a4f92ee6,1acec16aba650738ce719ea1e3bbdffbf0ec38d66415cd99991204bc1cc04fb5,4.0,0.5412136912345886,-0.1100578094429304,0.20251874250596222,
R,train,3625,23696,correct,0,g4-correct/3625-0.png,c65bbae4e6aa051e215d8e522699aaba9e7ea6554ef092572a01598aea80c0c0,d9a5c95b29350d57eb94358eb9a21cd680af72d44f9a1759000eaf57a7e92392,4.0,0.7904953956604004,-0.08790170700780434,0.16247106126734384,
R,train,3625,23696,correct,1,g4-correct/3625-1.png,761305f2bac99c47f9e9f2f9e9bcb207811707e4edb2a81e3c29610c1db00fdc,d9a5c95b29350d57eb94358eb9a21cd680af72d44f9a1759000eaf57a7e92392,4.0,0.8406217098236084,-0.0830322456167818,0.14711624851877822,
R,train,3625,23696,wrong,0,g4-wrong/3625-0.png,96b5688abbcf0f65cc6b049c956fa6178ad0e11291157f03e8bf1d3b38aca876,d9a5c95b29350d57eb94358eb9a21cd680af72d44f9a1759000eaf57a7e92392,4.0,0.537965714931488,-0.1238752344000624,0.2619229600168549,
R,train,3625,23696,wrong,1,g4-wrong/3625-1.png,cec926168e44de2e05296c1008be82218bbcc3bf9e943cbdfe41951c2e2930c0,d9a5c95b29350d57eb94358eb9a21cd680af72d44f9a1759000eaf57a7e92392,4.0,0.5110617280006409,-0.246290862216119,0.24544741654415178,
R,train,23696,44010,correct,0,g4-correct/23696-0.png,98134b2f6a3395041c588dc3379f619a783c9247475c56ddf75db5ed40551c38,2fd882d695c4a24c1f03243124fd54f215d1c687123a46ba99d6ef66f4bf0827,4.0,0.5641843676567078,-0.2523485537107423,0.5168690507234838,
R,train,23696,44010,correct,1,g4-correct/23696-1.png,a849f1671e52803f4e46134b6a281d91332843da938acc2dcf6600908106bb84,2fd882d695c4a24c1f03243124fd54f215d1c687123a46ba99d6ef66f4bf0827,4.0,0.6581860780715942,0.44267668198928367,0.581278584920638,
R,train,23696,44010,wrong,0,g4-wrong/23696-0.png,cb2fdb27812b666345d62c2db00db33b552383408db6cabc84926d0f102ae269,2fd882d695c4a24c1f03243124fd54f215d1c687123a46ba99d6ef66f4bf0827,4.0,0.5271005630493164,-0.16584125831154875,0.3982019855198469,
R,train,23696,44010,wrong,1,g4-wrong/23696-1.png,72c378e02e93e1e07fb1108f7b2b6205f630b3dda0055e919f8906e1d5b2ce8b,2fd882d695c4a24c1f03243124fd54f215d1c687123a46ba99d6ef66f4bf0827,4.0,0.5408695936203003,0.2592658325064469,0.4682829380486426,
R,train,44010,21652,correct,0,g4-correct/44010-0.png,7bf6b97ee8b23e13501890ae3785f328be373b362fcc9afd5f9737616d070327,35aa86981174181a98b4ce51d8b65a8bd0f95c2ceec4818494682c0873f3225b,4.0,0.8658421039581299,-0.021179904365733342,0.38447908349078336,
R,train,44010,21652,correct,1,g4-correct/44010-1.png,799283e15a41af42929d0809995ac4e56fd47f1705936da3f3dc32b5899e71f5,35aa86981174181a98b4ce51d8b65a8bd0f95c2ceec4818494682c0873f3225b,4.0,0.8789793848991394,0.0025456578698742384,0.3798578385617852,
R,train,44010,21652,wrong,0,g4-wrong/44010-0.png,f896140ef48b894f9e7b4bd17f6debfee52c2aff1dac930efbb3571d02c90d42,35aa86981174181a98b4ce51d8b65a8bd0f95c2ceec4818494682c0873f3225b,4.0,0.48158836364746094,0.04414738913255448,0.3514486707217323,
R,train,44010,21652,wrong,1,g4-wrong/44010-1.png,50dbee01edafd2eaea3684f55add41b74cf801cdfaa6294403a0a4bbdb5adb7a,35aa86981174181a98b4ce51d8b65a8bd0f95c2ceec4818494682c0873f3225b,4.0,0.6516427993774414,0.08894721620675584,0.2322930547623327,
R,train,21652,6970,correct,0,g4-correct/21652-0.png,6f53175e6d59b51be36fe351cf412a61f8cbad1bd055900a1c7a88122341aeed,deca6335f8f41d705a173f0a516e337acfc6c53d86d5870f07649aa25f90a597,4.0,0.7454969882965088,0.09506309751276786,0.27776064598903677,
R,train,21652,6970,correct,1,g4-correct/21652-1.png,6948701fccb390baf75034c5ee19899dc4db634a473eaaabcd7744f1a92d321f,deca6335f8f41d705a173f0a516e337acfc6c53d86d5870f07649aa25f90a597,4.0,0.6952851414680481,0.12976137017120487,0.2837290730803975,
R,train,21652,6970,wrong,0,g4-wrong/21652-0.png,d1ca0bdbdff12e041548624f9bbfbb2869f591bfeed9e68dfc0b2ed2f80834de,deca6335f8f41d705a173f0a516e337acfc6c53d86d5870f07649aa25f90a597,4.0,0.6703977584838867,0.07738671003572883,0.3172075505665367,
R,train,21652,6970,wrong,1,g4-wrong/21652-1.png,86a37a3bf58b1e6369d3d3ccda2f9ea7819cff7d03b5aefc6e90a6238bd08243,deca6335f8f41d705a173f0a516e337acfc6c53d86d5870f07649aa25f90a597,4.0,0.6138473749160767,0.026685556183979813,0.21686866868491017,
R,train,6970,35190,correct,0,g4-correct/6970-0.png,c15ee0856ba03d047e451c0489295f34be58bb4b3bb61cb30953598df960dd6a,7b6545b71671e9b1cdbb3e8f1f39d98a09c15c1547791b5eb984bee429ac7e4c,4.0,0.7959763407707214,-0.6143982029086432,0.4820160918456401,
R,train,6970,35190,correct,1,g4-correct/6970-1.png,7d368c2e95a0ef02be4d36001e535c6ecb6c4c9ffc1ccef3d3712df060817941,7b6545b71671e9b1cdbb3e8f1f39d98a09c15c1547791b5eb984bee429ac7e4c,4.0,0.8480920195579529,-0.09522539604935787,0.5514071769402602,
R,train,6970,35190,wrong,0,g4-wrong/6970-0.png,80d2d088d7fa03c5eaaa9ea15e2f8f29ba23a2df5ac2154a0cc0d45124e7f8a6,7b6545b71671e9b1cdbb3e8f1f39d98a09c15c1547791b5eb984bee429ac7e4c,4.0,0.5044010877609253,-0.015517138827708239,0.37488685129491695,
R,train,6970,35190,wrong,1,g4-wrong/6970-1.png,54aac967901de228668eddf615e834f25fc2a3e2814808a3c173907874040a05,7b6545b71671e9b1cdbb3e8f1f39d98a09c15c1547791b5eb984bee429ac7e4c,4.0,0.5571563243865967,-0.21568327986628877,0.3819444162810688,
R,train,35190,50780,correct,0,g4-correct/35190-0.png,eb7060659c48925936f9eaa2d0fce0acb0cf13f0722088116951dcdfead5462a,af8e89553ecca28153a718e9873c66236d4964e90116ec65807e8436d27a2c9a,4.0,0.7125701904296875,0.04889780969738417,0.15090200920696883,
R,train,35190,50780,correct,1,g4-correct/35190-1.png,6b5d01ad7140527e992c70a4c9fd4d79a0e6f77438a1146c57500efb8688fb1e,af8e89553ecca28153a718e9873c66236d4964e90116ec65807e8436d27a2c9a,4.0,0.7435612082481384,-0.04302363930565666,0.17814249318517844,
R,train,35190,50780,wrong,0,g4-wrong/35190-0.png,335ed7c993e850f6f2684bb8639c64fa1f5b9823a9bb8a6d88f60e27ccf7d3ce,af8e89553ecca28153a718e9873c66236d4964e90116ec65807e8436d27a2c9a,4.0,0.3404010534286499,0.12914434976626388,0.15841898145286148,
R,train,35190,50780,wrong,1,g4-wrong/35190-1.png,eb8806b873f3eeb32976d9d85c3f797af0890ee449864f9ba8ca5d50539ff63a,af8e89553ecca28153a718e9873c66236d4964e90116ec65807e8436d27a2c9a,4.0,0.4902266263961792,-0.07689450123635042,0.16186436156986697,
R,train,50780,45620,correct,0,g4-correct/50780-0.png,4f5b0c6b994563c907a6c50ebab42769e827d12b0484edbeca002c7acde82dd4,3800def8e5bed900fc332f8ffc34dbd027ba1e4cb2ec365891217aeeffe7820e,4.0,0.7899394035339355,0.20598279197704158,0.4054957430220887,
R,train,50780,45620,correct,1,g4-correct/50780-1.png,9690b92f494ec23583f2a47ecf6b7db3aafa8acc6e9e83c366711cc3f163edfe,3800def8e5bed900fc332f8ffc34dbd027ba1e4cb2ec365891217aeeffe7820e,4.0,0.8906654715538025,0.4186189538484413,0.42890308327146914,
R,train,50780,45620,wrong,0,g4-wrong/50780-0.png,2ccab7977d829ba8dbe842ebeaabc8c05d82083188892ce47a6e5c4d47766ee7,3800def8e5bed900fc332f8ffc34dbd027ba1e4cb2ec365891217aeeffe7820e,4.0,0.5208857655525208,-0.16960515724270586,0.29647956480612475,
R,train,50780,45620,wrong,1,g4-wrong/50780-1.png,a05a0c0f022309d3bad0f5d427bd354a285e3832116223b1d054d8b0eb077019,3800def8e5bed900fc332f8ffc34dbd027ba1e4cb2ec365891217aeeffe7820e,4.0,0.498392790555954,-0.1090016731134726,0.3426712399058907,
R,train,45620,27323,correct,0,g4-correct/45620-0.png,d29aa0d517201a13ebe0445252e710d7d80f6d976e592c8de68e5a43aa6865ae,cfb5d1c1124c830ac684d4a9eb24f448e9e3feb4d28302f59cd353c4d54b08f5,4.0,0.8651300072669983,0.21595178042984792,0.3087708605669438,
R,train,45620,27323,correct,1,g4-correct/45620-1.png,93525e965bb0f324aad809b42fc6b8cf78a5041ed5e9962ee32891f1e0f729df,cfb5d1c1124c830ac684d4a9eb24f448e9e3feb4d28302f59cd353c4d54b08f5,4.0,0.8760673999786377,0.10106069225742338,0.3044207650272526,
R,train,45620,27323,wrong,0,g4-wrong/45620-0.png,158be36c76ce59b8903209d4734b8d05247dcee5746d9c009ce54043f8b67c6f,cfb5d1c1124c830ac684d4a9eb24f448e9e3feb4d28302f59cd353c4d54b08f5,4.0,0.4339907765388489,0.0017959443929644813,0.28118533511758775,
R,train,45620,27323,wrong,1,g4-wrong/45620-1.png,c0b8d94bb71cdf47647db26bef39fe15be19db688155953a7faac81f7e4947e1,cfb5d1c1124c830ac684d4a9eb24f448e9e3feb4d28302f59cd353c4d54b08f5,4.0,0.48304319381713867,-0.18367490585793392,0.2608569974049624,
R,train,27323,51581,correct,0,g4-correct/27323-0.png,0556299f5b4146ccbf5ab62cf03adf3c771ea98f040bcf954514114f77f3a7a6,250f095a178dc365e3b06928d3751554e4b9fcf734e8d3febc3dc4b1ed354d81,4.0,0.6810661554336548,0.1681679492830556,0.3399541882649704,
R,train,27323,51581,correct,1,g4-correct/27323-1.png,00f79bf732dfd50d422340c20444017f52a9627ad775ef477d90d596306465f4,250f095a178dc365e3b06928d3751554e4b9fcf734e8d3febc3dc4b1ed354d81,4.0,0.7217707633972168,0.1990767427240491,0.3940805196836608,
R,train,27323,51581,wrong,0,g4-wrong/27323-0.png,70fe9dd3efabd9cc34c3bb97859baeeece3c520efb2e1ae26065ea4c13cf2ac6,250f095a178dc365e3b06928d3751554e4b9fcf734e8d3febc3dc4b1ed354d81,4.0,0.6312434673309326,0.06625025096659286,0.3629367680946997,
R,train,27323,51581,wrong,1,g4-wrong/27323-1.png,218b27f976c2fea7f37bb330159ead0d89eaa7aa763a7cf559d2b3d965266f60,250f095a178dc365e3b06928d3751554e4b9fcf734e8d3febc3dc4b1ed354d81,4.0,0.579569399356842,0.010113103932344986,0.4000607523412594,
R,train,51581,7163,correct,0,g4-correct/51581-0.png,9644c86aeb94abad513a2e4f7ea2e0a32d2baa316dd5b8a6849b4eda2767cde5,59fe651ba15a38d4aa5b9170e24c4cea5800db389b7e7827656ae888d3e80997,4.0,0.7664361000061035,-0.14981202954422518,0.3356886870233925,
R,train,51581,7163,correct,1,g4-correct/51581-1.png,0e41306595c8eb14fb7910023bfc4afe689326bd81f31e04f87535a594a988ed,59fe651ba15a38d4aa5b9170e24c4cea5800db389b7e7827656ae888d3e80997,4.0,0.7413502335548401,-0.20406195788065928,0.2801487428888781,
R,train,51581,7163,wrong,0,g4-wrong/51581-0.png,c9a6ef4cf82bcc065281fef2b57fe96077fb0438d5e867a6f4f4368c82f29c1c,59fe651ba15a38d4aa5b9170e24c4cea5800db389b7e7827656ae888d3e80997,4.0,0.5302432179450989,-0.05996919012510905,0.38207488397885797,
R,train,51581,7163,wrong,1,g4-wrong/51581-1.png,0edbbdad968e419be352e00f72d591fbe1aa023001abe0f48a747a466ff5aa4d,59fe651ba15a38d4aa5b9170e24c4cea5800db389b7e7827656ae888d3e80997,4.0,0.5883277654647827,-0.055150276872747796,0.2115201170995364,
R,train,7163,50828,correct,0,g4-correct/7163-0.png,ed082afbee8cf488a2a6ed23e9105c28a102fd1cf99d5fcf7726ca48ca3d081a,659e03fd2f5364391e8656e2b6780af8470d98817eeb4e595832d969088031ca,4.0,0.6990909576416016,-0.005000388418229239,0.2860100274748194,
R,train,7163,50828,correct,1,g4-correct/7163-1.png,663bf1f06f084ffc42574dc8ef70f430bf587125e99b7f5599c253f4a38313a6,659e03fd2f5364391e8656e2b6780af8470d98817eeb4e595832d969088031ca,4.0,0.7422366142272949,0.07842191629112108,0.3564729879122556,
R,train,7163,50828,wrong,0,g4-wrong/7163-0.png,90df9c767ffe8a6dc8cd913f430ad0e62f0840faf0d566fc3988205cbfee7651,659e03fd2f5364391e8656e2b6780af8470d98817eeb4e595832d969088031ca,4.0,0.4168279767036438,-0.1263064364853279,0.2998586639651689,
R,train,7163,50828,wrong,1,g4-wrong/7163-1.png,b9a41ab205e3c2d44d06d7fefa7601257bf3458600de0fb0c36137ceb2ddbfad,659e03fd2f5364391e8656e2b6780af8470d98817eeb4e595832d969088031ca,4.0,0.48095157742500305,-0.01930423407273899,0.3434341748388335,
R,train,50828,53785,correct,0,g4-correct/50828-0.png,9aa344c93663ff8209b7eccfd65e9ec566d2f3aa10a0bcd32f82bdd97c41e20e,8a06d6161798ccc7ac94de944423be5b2f20143c1f68d159adfe6c325e55c945,4.0,0.7599844932556152,0.06280250833133928,0.5327353048847377,
R,train,50828,53785,correct,1,g4-correct/50828-1.png,7cd1b0017994fcccb065c0903bb77d5befecdacc06a5287883c8bf78936df1e0,8a06d6161798ccc7ac94de944423be5b2f20143c1f68d159adfe6c325e55c945,4.0,0.8714435696601868,0.24326491504837186,0.561545805962486,
R,train,50828,53785,wrong,0,g4-wrong/50828-0.png,7c5fa200a3353163fc70c30c56a0db6c1bd2d2f904083b87a9f4cdaa44e2dc3e,8a06d6161798ccc7ac94de944423be5b2f20143c1f68d159adfe6c325e55c945,4.0,0.5265312194824219,0.10345379338304049,0.41115644499196335,
R,train,50828,53785,wrong,1,g4-wrong/50828-1.png,995f812b4b3af0e001b6396e74ccd32f5f8e3bba8e6d95bf49c76aac3378a887,8a06d6161798ccc7ac94de944423be5b2f20143c1f68d159adfe6c325e55c945,4.0,0.48421820998191833,-0.011074440841389562,0.30005275055454533,
R,train,53785,1851,correct,0,g4-correct/53785-0.png,036a679b9f2d99eeab13c8078b028bc62806ba2654fcea1232ad4b3bc74ac5cf,64721bcb46da572d03f6a59b25eceafa5c909eee9cbbd60b1f8c77637995962c,4.0,0.7302103042602539,0.024302343761726707,0.2864793673087588,
R,train,53785,1851,correct,1,g4-correct/53785-1.png,5c54e2d26a85438f0a65137dfc4543a6382c90090531fe91bf4fa0db0bfbd1d6,64721bcb46da572d03f6a59b25eceafa5c909eee9cbbd60b1f8c77637995962c,4.0,0.6255484819412231,0.11334539147640839,0.2716672266303422,
R,train,53785,1851,wrong,0,g4-wrong/53785-0.png,e4b741f756f8a21faf3702566e72811058438523091147cda34a1c8bc2b0b281,64721bcb46da572d03f6a59b25eceafa5c909eee9cbbd60b1f8c77637995962c,4.0,0.4560379087924957,-0.27672628426609563,0.23885313452575055,
R,train,53785,1851,wrong,1,g4-wrong/53785-1.png,8ea8d8448380c2ae4f6862f1b78353e8962eec45a382188523c24d128b1f8d8f,64721bcb46da572d03f6a59b25eceafa5c909eee9cbbd60b1f8c77637995962c,4.0,0.5103896856307983,-0.023260110458621544,0.22709675877123556,
R,train,1851,29558,correct,0,g4-correct/1851-0.png,b0009c3444a54c13a1e9db6851401d302038181f0382655e11d228acc022d72a,188190da525817dc8acf5860f4796bdff87d788d696db8860e4484b87b0d49e3,4.0,0.8128830194473267,0.23763465483172252,0.3067635399142484,
R,train,1851,29558,correct,1,g4-correct/1851-1.png,a863675d14c66da461dbaf7fbba62b775ac4aab2289f9c7846fbd4d143f8fd40,188190da525817dc8acf5860f4796bdff87d788d696db8860e4484b87b0d49e3,4.0,0.8085530996322632,-0.11573905498154322,0.26803935906034393,
R,train,1851,29558,wrong,0,g4-wrong/1851-0.png,307371842fc4614b58503af229cced2a538405bb9264c843ecabda0bd463b26e,188190da525817dc8acf5860f4796bdff87d788d696db8860e4484b87b0d49e3,4.0,0.5367513298988342,0.14832909971395766,0.2011263047260877,
R,train,1851,29558,wrong,1,g4-wrong/1851-1.png,d5a2902564300e08a872aa0fe8aa72b7cfe4adffcbce5964dbbb069b2bdc8c47,188190da525817dc8acf5860f4796bdff87d788d696db8860e4484b87b0d49e3,4.0,0.572910726070404,-0.10782718698062548,0.2078910063790316,
R,train,29558,59471,correct,0,g4-correct/29558-0.png,cfb1a5cf90d3cfba6b040a40a3b1afe0aaf7cabe2fb3b9fa1c6a6fbc42661540,d4f50b468f1dc8f7d4702325ac959d4156f0c8bf16b62bf4a9358e56b8e5fd95,4.0,0.7569870948791504,0.28976222732847345,0.18722575345178583,
R,train,29558,59471,correct,1,g4-correct/29558-1.png,f6fc1c0a84dc4f7387faef4d8404591d6359a4f3616e78d1cdbf25bf3e7bb219,d4f50b468f1dc8f7d4702325ac959d4156f0c8bf16b62bf4a9358e56b8e5fd95,4.0,0.7421919107437134,-0.07303359739566266,0.18304589884401007,
R,train,29558,59471,wrong,0,g4-wrong/29558-0.png,715345d0d535782158fdd3be7eebebcfadbfca239279106620e6b8ada58987a0,d4f50b468f1dc8f7d4702325ac959d4156f0c8bf16b62bf4a9358e56b8e5fd95,4.0,0.5114888548851013,0.19134352752030961,0.1839377339136779,
R,train,29558,59471,wrong,1,g4-wrong/29558-1.png,dcfb3ecdb6306f481019cb455002c3c7118d4049c0883b2450e7d07ec1b40343,d4f50b468f1dc8f7d4702325ac959d4156f0c8bf16b62bf4a9358e56b8e5fd95,4.0,0.44876548647880554,-0.19842399069965672,0.17613393349613285,
R,train,59471,59462,correct,0,g4-correct/59471-0.png,c9b35873620d19c71c19145ad84492db5d73d5e7b38290bda9f92f1feb3bf038,b4fa87514dd7153326432d061052bad5be5bf519dd3bde07fb0c25a365f3c72f,4.0,0.6860543489456177,0.04384692473183117,0.2577887441302184,
R,train,59471,59462,correct,1,g4-correct/59471-1.png,0bb9c0a6a7b12445580e0592e9822ed94815f0942bd3fff92d20704710df619b,b4fa87514dd7153326432d061052bad5be5bf519dd3bde07fb0c25a365f3c72f,4.0,0.7769396305084229,0.12473261765258647,0.2973174465892623,
R,train,59471,59462,wrong,0,g4-wrong/59471-0.png,d99956e7d91fa341bf6d5e29293e76dbc7229dc90f1acacecd3c4b89e23f9f29,b4fa87514dd7153326432d061052bad5be5bf519dd3bde07fb0c25a365f3c72f,4.0,0.47145313024520874,-0.03487486142665201,0.220022852056358,
R,train,59471,59462,wrong,1,g4-wrong/59471-1.png,4681cd92081e9da4a57f739f3d35bffa086e1910d4b92908f39b9a81be904f9b,b4fa87514dd7153326432d061052bad5be5bf519dd3bde07fb0c25a365f3c72f,4.0,0.4543032646179199,0.14880419851999016,0.29659008179063817,
R,train,59462,16584,correct,0,g4-correct/59462-0.png,8f3851a266db448125c07faca95233d38343dc6047efc41d5694eb82692dac6e,3b132841b0fe38b219783249fe32270846c6578311c1dd2c29efe92e602aeeca,4.0,0.9132928848266602,-0.10556332136011136,0.1949822129627472,
R,train,59462,16584,correct,1,g4-correct/59462-1.png,69b742af39b93a9091956bb6106cd8b36f53ff9e6e1a8ba1871bf84e2cbfd24b,3b132841b0fe38b219783249fe32270846c6578311c1dd2c29efe92e602aeeca,4.0,0.8886654376983643,0.10862527256807564,0.16129675369503552,
R,train,59462,16584,wrong,0,g4-wrong/59462-0.png,f6630bee7df6a4811c2621b4f3e004e45ac63836a070fff31ad063c82b17af21,3b132841b0fe38b219783249fe32270846c6578311c1dd2c29efe92e602aeeca,4.0,0.5177589654922485,0.06014936785025303,0.20546510837093615,
R,train,59462,16584,wrong,1,g4-wrong/59462-1.png,52f3d6495e437cb4cbc1e8c6cda322aff1152c3a7a8d6322c6fdd71f14f30244,3b132841b0fe38b219783249fe32270846c6578311c1dd2c29efe92e602aeeca,4.0,0.5286557674407959,0.11390584640667811,0.18556963409018284,
B0,validation,43211,17865,correct,0,correct/43211-0.png,c9f1230e0b42bbeb897b7398bc8d95d1331d9e18f2fd26102e012e1d7cd83a95,51997d1b8dfb2ba5536f803a6a501f92ac7aa8de559cd12422c94d8dcdafa75f,4,0.6634582877159119,-0.2126290716011172,0.4497118367290033,
B0,validation,43211,17865,correct,1,correct/43211-1.png,21c3115181ab2caeec4e06c540a097b94042adbe88e48517e8594832c312f91d,51997d1b8dfb2ba5536f803a6a501f92ac7aa8de559cd12422c94d8dcdafa75f,4,0.6542346477508545,-0.08503517301747313,0.4274657180544548,
B0,validation,43211,17865,wrong,0,wrong/43211-0.png,33a817a260d79adb7c725b7512030a8f30b1ae26b4306fef4cb57b3e7359e721,51997d1b8dfb2ba5536f803a6a501f92ac7aa8de559cd12422c94d8dcdafa75f,4,0.6769341230392456,-0.056977671198950496,0.4563671173798202,
B0,validation,43211,17865,wrong,1,wrong/43211-1.png,e484435ea950f2136c91bfd8b89951e58894a1325279df483579a4346524fe0d,51997d1b8dfb2ba5536f803a6a501f92ac7aa8de559cd12422c94d8dcdafa75f,4,0.5590482354164124,0.16070696878483828,0.45443163475477377,
B0,validation,17865,54054,correct,0,correct/17865-0.png,ea5c38d71b6c61001eff89acbae64f1d3ea1aeb058a252641ddaad6a342158af,e5721f7fc6a25892b67b1890444205c11a4b42650846fb8c32692ebfc24a5e21,4,0.805179238319397,0.25900616464294746,0.6515169260182218,
B0,validation,17865,54054,correct,1,correct/17865-1.png,4a1c483749f51fce86212cfa596a87fa05a8a580d4e2fb6e36a9f4012df84800,e5721f7fc6a25892b67b1890444205c11a4b42650846fb8c32692ebfc24a5e21,4,0.7684699296951294,0.5825891879231639,0.7349736895187892,
B0,validation,17865,54054,wrong,0,wrong/17865-0.png,4c7402ccded90717b6a4cadb5ffe82879eb4102b74beda151007e2cfe5b00878,e5721f7fc6a25892b67b1890444205c11a4b42650846fb8c32692ebfc24a5e21,4,0.5570229291915894,-0.4214479917039451,0.3381585015896151,
B0,validation,17865,54054,wrong,1,wrong/17865-1.png,412af2e5ab1abdd0eb57d3e4e1e624a301c4ae27b1f7420bb99b2b6edbd820db,e5721f7fc6a25892b67b1890444205c11a4b42650846fb8c32692ebfc24a5e21,4,0.5803164839744568,-0.15709487430386052,0.3115394017770355,
B0,validation,54054,25374,correct,0,correct/54054-0.png,efd730cc3ac207f405d21da05b413d4cd4107073837eaeded8b256681e1289fc,0db80f2d7af980752c3784ad0042e73a874a5deb2674c608d33e040fe95a43eb,4,0.4908074140548706,0.1031543548885379,0.18596326635780597,
B0,validation,54054,25374,correct,1,correct/54054-1.png,a3b15f9d0e561f275a8bf9b4f025522976588057e84f4ab9536400c296c1dffe,0db80f2d7af980752c3784ad0042e73a874a5deb2674c608d33e040fe95a43eb,4,0.565054178237915,-0.1268498149875532,0.2819964940358008,
B0,validation,54054,25374,wrong,0,wrong/54054-0.png,dfa7865633f2bf081dbdc2ac0963659fc41efc206f0c782616a7cde2cd659b92,0db80f2d7af980752c3784ad0042e73a874a5deb2674c608d33e040fe95a43eb,4,0.47602009773254395,0.2471946582389858,0.25308505926607955,
B0,validation,54054,25374,wrong,1,wrong/54054-1.png,49b1f8d333180a5efcd65ba05b82a78d29603d7aa61a438dd32fce75f89588be,0db80f2d7af980752c3784ad0042e73a874a5deb2674c608d33e040fe95a43eb,4,0.4713815748691559,-0.14131631199892716,0.3084541661931923,
B0,validation,25374,48911,correct,0,correct/25374-0.png,eccdabbbce68f26884e32a063fd11d5a449cc88f2d0527eadb0f2c6d86a43333,37f95ff4b1366fba53a914809bf816cb99a935f4eeb41f5594bd180a43d18f68,4,0.6360411047935486,0.20211730493625868,0.3339845456450097,
B0,validation,25374,48911,correct,1,correct/25374-1.png,87467f43cef2132ac66e2bb061ec174316f0d657d4dc4a747539fe2930ac5b9a,37f95ff4b1366fba53a914809bf816cb99a935f4eeb41f5594bd180a43d18f68,4,0.5615594983100891,-0.026191123719495512,0.39061264705233223,
B0,validation,25374,48911,wrong,0,wrong/25374-0.png,fb850aba94ec08eb1c71da75f355797b40123842941ea260114cfe2a6d374ca8,37f95ff4b1366fba53a914809bf816cb99a935f4eeb41f5594bd180a43d18f68,4,0.45649048686027527,0.08358681904306671,0.3100735529374757,
B0,validation,25374,48911,wrong,1,wrong/25374-1.png,ab07e1e3705825cfdf74cd9d9d6b311b1a37208fb5a5247fb40bce8ab2942809,37f95ff4b1366fba53a914809bf816cb99a935f4eeb41f5594bd180a43d18f68,4,0.5149917006492615,-0.07122889116587221,0.3042613741448359,
B0,validation,48911,15191,correct,0,correct/48911-0.png,6aeec24f6d43c62271b617dc616bf65a6f579f1c3b8ae0d9d5f6e361d2f10b50,8ad68502859bf42c9102a042830eee55294dbb5c926064febb48b07944b52f81,4,0.6844699382781982,-0.02643262246956752,0.15017981468077066,
B0,validation,48911,15191,correct,1,correct/48911-1.png,34c6fc44ab081851fd5abf246685771d0834bff21596ce7b9b9873d9ba36c78c,8ad68502859bf42c9102a042830eee55294dbb5c926064febb48b07944b52f81,4,0.56683349609375,0.13582983723235917,0.19305417947324444,
B0,validation,48911,15191,wrong,0,wrong/48911-0.png,6249039ae76f49ea5d54981b6770df10995b313625f8146c393566e1976b95fb,8ad68502859bf42c9102a042830eee55294dbb5c926064febb48b07944b52f81,4,0.48228514194488525,0.04357413291196826,0.19644268847641572,
B0,validation,48911,15191,wrong,1,wrong/48911-1.png,560e74df0d17c9081e8acfa553e9fb5873b52e5c3d3b382212747b80673301ae,8ad68502859bf42c9102a042830eee55294dbb5c926064febb48b07944b52f81,4,0.5478545427322388,0.07637901778103535,0.22574873308303348,
B0,validation,15191,28157,correct,0,correct/15191-0.png,126728809aad911442f2e93ff361b956a4dd033c1345270efefaa5c50e4857fc,537bbfdfce21f636e1015158b194a4e2d2d689de6ff0321e5eb3908f0493cb51,4,0.5186743140220642,-0.003996722243572258,0.1458053529781841,
B0,validation,15191,28157,correct,1,correct/15191-1.png,e6b89c08c9de388f4571d3d9b4585ef0fdf380a56a2dc154764c7c8e4ece3a0d,537bbfdfce21f636e1015158b194a4e2d2d689de6ff0321e5eb3908f0493cb51,4,0.5945961475372314,0.20511324291418295,0.12515492891152025,
B0,validation,15191,28157,wrong,0,wrong/15191-0.png,73079b035b411380b594295a1d22d082e0c3bf50830a1289a58fe88fbb6019e8,537bbfdfce21f636e1015158b194a4e2d2d689de6ff0321e5eb3908f0493cb51,4,0.5619895458221436,0.14996603160365465,0.14058973996132176,
B0,validation,15191,28157,wrong,1,wrong/15191-1.png,00e4074e826e02ffb5e939c398fd78eeceaf7c7989c60254af8b6d900ad53acf,537bbfdfce21f636e1015158b194a4e2d2d689de6ff0321e5eb3908f0493cb51,4,0.5529260635375977,0.14515602033796418,0.14059247813565479,
B0,validation,28157,29610,correct,0,correct/28157-0.png,5b83b3e938f8b839065591922d6906986bc1b623304916c1685f39813f598faa,ec925fe3fab5e7b1bb5d16156520ab338c7943b8b515d2fa26dba8141aa937f8,4,0.6394012570381165,-0.05088805791689481,0.25499860130256286,
B0,validation,28157,29610,correct,1,correct/28157-1.png,cab1ea982d85ec2f55179a438055c80eb9d850430e4d256500742495d1f23374,ec925fe3fab5e7b1bb5d16156520ab338c7943b8b515d2fa26dba8141aa937f8,4,0.6426534652709961,-0.050447584738368904,0.20840018977252223,
B0,validation,28157,29610,wrong,0,wrong/28157-0.png,6625d69d5182779b850ca761af67ab84b41c48884d481051c53b804e0d5918da,ec925fe3fab5e7b1bb5d16156520ab338c7943b8b515d2fa26dba8141aa937f8,4,0.6146851778030396,-0.1190863219191161,0.23279363292516325,
B0,validation,28157,29610,wrong,1,wrong/28157-1.png,11f7b06f237f946457c42c34030f5156ebf80fce96ad1ceafd8138c7310b7244,ec925fe3fab5e7b1bb5d16156520ab338c7943b8b515d2fa26dba8141aa937f8,4,0.611527144908905,-0.06637750010166452,0.2231428572917743,
B0,validation,29610,13223,correct,0,correct/29610-0.png,d9962d5e88007e53d9cef3f5c030a4a6f2a3ae63e85ac484d226757e9278b3d9,2ae50f9742d391fd0fe71c0bfef43df838fa3ca392535725cf68c53bbb1f563d,4,0.709181010723114,0.14412023839543717,0.20239752596803598,
B0,validation,29610,13223,correct,1,correct/29610-1.png,6a024a842b020001c9ffb54fc4db211ac67a1b0feb8a455a0556206578ce3bca,2ae50f9742d391fd0fe71c0bfef43df838fa3ca392535725cf68c53bbb1f563d,4,0.5849311947822571,0.03705841118531045,0.17314428404748694,
B0,validation,29610,13223,wrong,0,wrong/29610-0.png,c8a8fbec77d3cc18d13a975f8f6ec2872b8966d93fb38c8b8cc666ff5d3761d1,2ae50f9742d391fd0fe71c0bfef43df838fa3ca392535725cf68c53bbb1f563d,4,0.49556297063827515,0.0199272793190707,0.22431304728123466,
B0,validation,29610,13223,wrong,1,wrong/29610-1.png,62cad526536474c355820ff4f7b27d154b75410bb95ae3c1497bcce43ddc02f0,2ae50f9742d391fd0fe71c0bfef43df838fa3ca392535725cf68c53bbb1f563d,4,0.47667235136032104,0.11376562704802251,0.202923057075154,
B0,validation,13223,62587,correct,0,correct/13223-0.png,869c16c29942d8deb953d4b6392023da81b06e2964f38c3a306ff8306451f90c,151ac8204aa06a1329ec12935f38119f3c7da229681b903942203c3f8a0e3524,4,0.5303236246109009,0.15289194563446426,0.4098255668358995,
B0,validation,13223,62587,correct,1,correct/13223-1.png,9fe3c015d1a9b805006a40068f9df8f606b5f8f45bb696d9151c088114e05783,151ac8204aa06a1329ec12935f38119f3c7da229681b903942203c3f8a0e3524,4,0.6251025199890137,0.5270726242106086,0.46137597130336444,
B0,validation,13223,62587,wrong,0,wrong/13223-0.png,363dac1c3cc5c716333f6651434e45b75cb4243e66c9e7ca959fb9441b8df271,151ac8204aa06a1329ec12935f38119f3c7da229681b903942203c3f8a0e3524,4,0.6527526378631592,0.00559691625092126,0.330180621982886,
B0,validation,13223,62587,wrong,1,wrong/13223-1.png,133b2fc87046868da9269f5fdb9e8bedf61817d16e3c3dbbaca09b414bbaa0b9,151ac8204aa06a1329ec12935f38119f3c7da229681b903942203c3f8a0e3524,4,0.5497311949729919,0.49748401042929186,0.46141244016559463,
B0,validation,62587,34998,correct,0,correct/62587-0.png,bbb023e846ee331cca069e4e657a0ac2dad92933c92914827870378f7cdc5963,2e2aff2f23fc2b9925dee499af061bc8faf0e4b2205408190483ebb27887b89f,4,0.5638394951820374,0.462100148978993,0.41800606166503645,
B0,validation,62587,34998,correct,1,correct/62587-1.png,76019051853bf1cae229aad592882e02abe841562ea021aaedf49ddd8fcf4960,2e2aff2f23fc2b9925dee499af061bc8faf0e4b2205408190483ebb27887b89f,4,0.5602593421936035,0.4355539058817823,0.4254790603955311,
B0,validation,62587,34998,wrong,0,wrong/62587-0.png,bc8e1df1a1f943c6541c3c6662ff78377d13d5f9badb3099e01d6a45ced92e12,2e2aff2f23fc2b9925dee499af061bc8faf0e4b2205408190483ebb27887b89f,4,0.5948514938354492,0.03048467919235758,0.3809112516698588,
B0,validation,62587,34998,wrong,1,wrong/62587-1.png,7b0f00cf448cba4c2d7e7c19a65369208b1096a0169cbf3dd83e230df46f4ad6,2e2aff2f23fc2b9925dee499af061bc8faf0e4b2205408190483ebb27887b89f,4,0.5718749761581421,0.08194080228331847,0.41167880782705557,
B0,validation,34998,29815,correct,0,correct/34998-0.png,c81bfee2faa44edaf560a67bef1adb254d786f0c57eb1b9869026fdee9854cfa,6f805d3582b97d85cd70ae69a48a89bffc50b7fa4e3193e80c213cd9182003ab,4,0.8302672505378723,0.19741094744082216,0.3811231741925588,
B0,validation,34998,29815,correct,1,correct/34998-1.png,7ff8e54076b226e4f2e3584d39b6a1b0cfbe7a45a56b843a326a91df5d21e65b,6f805d3582b97d85cd70ae69a48a89bffc50b7fa4e3193e80c213cd9182003ab,4,0.7217916250228882,-0.18962083739721317,0.4303397547562777,
B0,validation,34998,29815,wrong,0,wrong/34998-0.png,ef124cc9edf68fb9e8891b904c2f409f27480c91da059aefe4a513c186a9b75f,6f805d3582b97d85cd70ae69a48a89bffc50b7fa4e3193e80c213cd9182003ab,4,0.5199015736579895,0.05894695728769594,0.4215841486171556,
B0,validation,34998,29815,wrong,1,wrong/34998-1.png,d943e76580a5ae72c6e3106aef3f524d108aded3ae50127e64dd8ec13052aafc,6f805d3582b97d85cd70ae69a48a89bffc50b7fa4e3193e80c213cd9182003ab,4,0.5223612785339355,0.053664763715018375,0.46300547829864713,
B0,validation,29815,42302,correct,0,correct/29815-0.png,5542e4e5f861eaa28b3c52c13090484dab7be18c68cafb148663d2fdcd2b3e63,a39add8080e3550675b96b362a37fab98f076206646784747727aba02ccb441f,4,0.8491506576538086,0.01833598863808294,0.6472907285561473,
B0,validation,29815,42302,correct,1,correct/29815-1.png,b379f6897707e795cf0e7aab30863629ac22736e12cf6f6d10a9a4e2c2d84156,a39add8080e3550675b96b362a37fab98f076206646784747727aba02ccb441f,4,0.8214472532272339,0.30968938077261937,0.6273545109503025,
B0,validation,29815,42302,wrong,0,wrong/29815-0.png,d9d74efee95f6256f765d9c514335cc1722bb6ff2cc67756121b3c950f7aa5b5,a39add8080e3550675b96b362a37fab98f076206646784747727aba02ccb441f,4,0.519622266292572,-0.19655000921953292,0.4757885637742807,
B0,validation,29815,42302,wrong,1,wrong/29815-1.png,33f6ac68715e2f99dd0a511ef6443a0470c78791485971703af250702f11df37,a39add8080e3550675b96b362a37fab98f076206646784747727aba02ccb441f,4,0.5946024060249329,0.1813009755326325,0.30654034543954356,
B0,validation,42302,68553,correct,0,correct/42302-0.png,bd34c718dddb4d354cb612a1c29ea0bc180788078a92d9fb49d1f12ec68acc15,798d9a0e9714488f7c39c6060133997bdf84645985fa35d4a29fbb7903237138,4,0.5349524021148682,0.09735641082547758,0.1318367421498005,
B0,validation,42302,68553,correct,1,correct/42302-1.png,18e8c973f33bdf1d5eaa44ab3b736c168e7001761dbff38a6703537a655306bd,798d9a0e9714488f7c39c6060133997bdf84645985fa35d4a29fbb7903237138,4,0.6291707754135132,0.26985482802929484,0.14418835212644665,
B0,validation,42302,68553,wrong,0,wrong/42302-0.png,d49755c402abb9d5054d3d75a2e3652a7bc9d786fadc60ecf8090f3cdf194cef,798d9a0e9714488f7c39c6060133997bdf84645985fa35d4a29fbb7903237138,4,0.4304996430873871,-0.02074438629231445,0.13584217154168352,
B0,validation,42302,68553,wrong,1,wrong/42302-1.png,ab55fb4688b62d3a02a4175222158feff3459329de78bbc4d1b3a083ec4340c3,798d9a0e9714488f7c39c6060133997bdf84645985fa35d4a29fbb7903237138,4,0.4566148817539215,0.12456502635950677,0.1285016336563432,
B0,validation,68553,65690,correct,0,correct/68553-0.png,18abf2f72cbce00ebe434c68ca6b9ea7aa76d52d36a2e25aef9ffa2560e17999,caf8bc08485eefd14cba2623b55ca9f95e63a0503c4ed55a73001f8f0df0cca1,4,0.7228388786315918,0.04149016741689116,0.3899382885444534,
B0,validation,68553,65690,correct,1,correct/68553-1.png,48db54c03474688805b2f77a25c87e618a7564c512e659293c880bac58f6706e,caf8bc08485eefd14cba2623b55ca9f95e63a0503c4ed55a73001f8f0df0cca1,4,0.6833699941635132,0.16272137022345748,0.38535771860190443,
B0,validation,68553,65690,wrong,0,wrong/68553-0.png,001f6bb1598dccf4e3a4d8197a9d15aa424fa522f6d81a97cd94d44c1091eced,caf8bc08485eefd14cba2623b55ca9f95e63a0503c4ed55a73001f8f0df0cca1,4,0.6432566046714783,0.13886104219653392,0.30921558624596984,
B0,validation,68553,65690,wrong,1,wrong/68553-1.png,810c66f97ce4967d6f2239906de12b9eff304b028d4a71c07a3aafcc5037ef95,caf8bc08485eefd14cba2623b55ca9f95e63a0503c4ed55a73001f8f0df0cca1,4,0.3984403610229492,0.12417912895175075,0.39059368697179375,
B0,validation,65690,41120,correct,0,correct/65690-0.png,0ec1ae6a2fbeaded90f736629de8a3a9f7e6c8fbaa9165ba987cf7f73f11427d,35857398d867ad0f304a016cfa80fd961782df553341722457076961b12d547a,4,0.639035701751709,0.1677728896140869,0.4971488210091986,
B0,validation,65690,41120,correct,1,correct/65690-1.png,67c5c6a9e0b7502958aa42d29aceeacb97ebdc8cb0215fe1a867aaad0c8da143,35857398d867ad0f304a016cfa80fd961782df553341722457076961b12d547a,4,0.6705760359764099,0.06890723064283963,0.45384934157529566,
B0,validation,65690,41120,wrong,0,wrong/65690-0.png,21a408bdda38079e5a201ea79a0e94701714d394412755f2858389bc7d020e8a,35857398d867ad0f304a016cfa80fd961782df553341722457076961b12d547a,4,0.7728270292282104,-0.1045977226267095,0.2504046502959017,
B0,validation,65690,41120,wrong,1,wrong/65690-1.png,9129826d0058cb321840ca8866eb270cbef184b1c7197b3711ff186c870d7c2e,35857398d867ad0f304a016cfa80fd961782df553341722457076961b12d547a,4,0.7275153398513794,0.08698349123977528,0.2768250570929117,
B0,validation,41120,64050,correct,0,correct/41120-0.png,027d18ed6015cc1bd76b4bb6e75d44ca1c9755763853ed91e9bbd17b283fac15,d03dcc249f7451f3f8ada458ec2d88f728188963580a6a8e7deb249fa372e0aa,4,0.7029260396957397,0.021664450101010438,0.042719546101525584,
B0,validation,41120,64050,correct,1,correct/41120-1.png,74b738ee2e9a742f7be58b941958f6091cfb6661be46153034c0e8bf0396d055,d03dcc249f7451f3f8ada458ec2d88f728188963580a6a8e7deb249fa372e0aa,4,0.7421146035194397,-0.018697931035718637,0.047050270043503255,
B0,validation,41120,64050,wrong,0,wrong/41120-0.png,e34fd7def4fb97041e5dcce85a0dfdd899231dbabc736d8e8ff06b79e76f1b9f,d03dcc249f7451f3f8ada458ec2d88f728188963580a6a8e7deb249fa372e0aa,4,0.4726484417915344,0.012778512991112038,0.05322408004852119,
B0,validation,41120,64050,wrong,1,wrong/41120-1.png,e35d45c130b847b474a551ff24ec376a5f8995a1bbb9a23d4e09fe9e52bffe50,d03dcc249f7451f3f8ada458ec2d88f728188963580a6a8e7deb249fa372e0aa,4,0.5920668244361877,0.08862975235426088,0.05047690227360841,
B0,validation,64050,21558,correct,0,correct/64050-0.png,9d18ec10794b60ccad0d6540a01346fee1f5aae7c7e45866b64f68f27434b0fc,63d4473c9bd7d578297cfd4edd274ad9e82bac7b6faa64d88c28976d6ec1fb5f,4,0.6298073530197144,0.4408779184418661,0.4949679266063514,
B0,validation,64050,21558,correct,1,correct/64050-1.png,97d89e6c1bf080e68d89d777c63ac97b7d369d33ea0f575400179b30243a09c6,63d4473c9bd7d578297cfd4edd274ad9e82bac7b6faa64d88c28976d6ec1fb5f,4,0.5367482304573059,0.42436666348155044,0.5157726971178176,
B0,validation,64050,21558,wrong,0,wrong/64050-0.png,af07752687f45fb3cadecaca9d18890df85b25cb2d14908dd6ba1b0d1c0c02dd,63d4473c9bd7d578297cfd4edd274ad9e82bac7b6faa64d88c28976d6ec1fb5f,4,0.6293407678604126,-0.22548119656286886,0.21510725201527403,
B0,validation,64050,21558,wrong,1,wrong/64050-1.png,fce3cf94d122ca78fbfd18a1899f9e7ad511dcfeebb3ed34053c55e27749841c,63d4473c9bd7d578297cfd4edd274ad9e82bac7b6faa64d88c28976d6ec1fb5f,4,0.5309875011444092,-0.0797438487012293,0.4068564804640323,
B0,validation,21558,16800,correct,0,correct/21558-0.png,32c56d104e5ba5779876922345ed23c34cdd3bb6aaf7df4f492e3eab73dda0ad,6362e4fc28bde29a837b05e6b7e0d6812cc400f7647f05718b8a2220121a141f,4,0.6901880502700806,0.31299393827336947,0.4170857072846173,
B0,validation,21558,16800,correct,1,correct/21558-1.png,b8d5f016ba8ad67c201cb88f0e9e7a098696ce65d37f3565492b2b10b7898dcb,6362e4fc28bde29a837b05e6b7e0d6812cc400f7647f05718b8a2220121a141f,4,0.7312535047531128,0.07353852259638345,0.3177465814127393,
B0,validation,21558,16800,wrong,0,wrong/21558-0.png,915fbf3466edfb7a36ddbbcefacb8c2e4f104caf7a171f009bb0dc502c2179f2,6362e4fc28bde29a837b05e6b7e0d6812cc400f7647f05718b8a2220121a141f,4,0.5121030807495117,-0.0729316404512143,0.47585792989121833,
B0,validation,21558,16800,wrong,1,wrong/21558-1.png,805ef1651ff3bea341387c5647083526b01fa84ed71aec19ce706ebd22e8e896,6362e4fc28bde29a837b05e6b7e0d6812cc400f7647f05718b8a2220121a141f,4,0.5910143256187439,-0.1427188109414642,0.3495263643210577,
B0,validation,16800,5683,correct,0,correct/16800-0.png,0c6ac06b5561fef3d7c53ef60f69f08d0d3bb912757e32887a60d8cbdfb132c4,ff7fee16db8e33ae75b4486a28b577318c44ec7808cb9ba370cef6cc3db9be07,4,0.7293074131011963,-0.05704062137018435,0.40295432785639856,
B0,validation,16800,5683,correct,1,correct/16800-1.png,065ff1632f5549057737d18ed56fa65b5520d1c040b7951d760c2fd40d718474,ff7fee16db8e33ae75b4486a28b577318c44ec7808cb9ba370cef6cc3db9be07,4,0.6967710256576538,-0.05207899146647689,0.3982258690696327,
B0,validation,16800,5683,wrong,0,wrong/16800-0.png,59edc34879a17dfdc89ae1f0d2cd054b45c14ed348668361f26115617363ccf0,ff7fee16db8e33ae75b4486a28b577318c44ec7808cb9ba370cef6cc3db9be07,4,0.4429377317428589,0.0024099159050155407,0.40984717737069226,
B0,validation,16800,5683,wrong,1,wrong/16800-1.png,c64c465842525f9a4fa9ccfdc12bc6ac601456d6e0c31beec706659df13f3431,ff7fee16db8e33ae75b4486a28b577318c44ec7808cb9ba370cef6cc3db9be07,4,0.6454007029533386,0.212536172684359,0.446203808537781,
B0,validation,5683,29400,correct,0,correct/5683-0.png,a0652518e0a7845bdd3189ccf9d9982ab665dbfd58282b31c565e0102b66c362,dab15aaea07924ca092204e2fccc2a4004374624a14d2f2fb7edd39e5d51b572,4,0.6221352219581604,-0.26442253547503863,0.5416554806879733,
B0,validation,5683,29400,correct,1,correct/5683-1.png,61392a8f97a4ffdd707a71ebe76a843e87e877a3a7629c37d9ad41d88eff99f0,dab15aaea07924ca092204e2fccc2a4004374624a14d2f2fb7edd39e5d51b572,4,0.6265876889228821,0.04790112420276801,0.5104185863998539,
B0,validation,5683,29400,wrong,0,wrong/5683-0.png,d0caefeded841c05223b913b39a39cbca6522971071ef2f028467fdf2a82b758,dab15aaea07924ca092204e2fccc2a4004374624a14d2f2fb7edd39e5d51b572,4,0.5556351542472839,-0.11220672397993774,0.49731846451896844,
B0,validation,5683,29400,wrong,1,wrong/5683-1.png,29ff45a0db7d09c335b3b2634e373f2b5c7a2fa4c046a30afb8f65f317f8c09e,dab15aaea07924ca092204e2fccc2a4004374624a14d2f2fb7edd39e5d51b572,4,0.4749845862388611,0.001416614951534945,0.38066944933798985,
B0,validation,29400,51865,correct,0,correct/29400-0.png,abc8a997130f761b9895265f5ee5551b0317874186295511f9e46024dc2fe1f8,40b419ca8b5118885e868fed2103a8ab523467d8fb16c86b7c9002c835890544,4,0.40166497230529785,-0.20601795234023482,0.21486293596438855,
B0,validation,29400,51865,correct,1,correct/29400-1.png,2d953af053f39780460f78e8e75f6125a90a76b09378174075816fa920738d41,40b419ca8b5118885e868fed2103a8ab523467d8fb16c86b7c9002c835890544,4,0.49540621042251587,-0.02458289875748658,0.20657771136128852,
B0,validation,29400,51865,wrong,0,wrong/29400-0.png,3fe3f1abe2d36b947f27841ccb61e8b4ca65c44f386e3d1a666d11d0443f7c42,40b419ca8b5118885e868fed2103a8ab523467d8fb16c86b7c9002c835890544,4,0.5281922817230225,0.07167256636961698,0.2516942965557276,
B0,validation,29400,51865,wrong,1,wrong/29400-1.png,2d9a4a3464874ebc902b8f1dce9465bd03a06448040cec0e720f3d11ab550922,40b419ca8b5118885e868fed2103a8ab523467d8fb16c86b7c9002c835890544,4,0.4630049169063568,-0.21392769151421132,0.2216667704200327,
B0,validation,51865,37899,correct,0,correct/51865-0.png,2abdeae226904dac2261ee0e5a8978bd17e75117da842a90db4e758b91ce6846,2dfe65b24b19251e4fcbb42ffad8a5e9dcd0530ccf4a99ea24f46f1813ff6df8,4,0.6130842566490173,0.06039740792331936,0.12933731788273675,
B0,validation,51865,37899,correct,1,correct/51865-1.png,3aba89b755ab5f436f9b16ac5b19b99d565b70495e1c7a5084d1d6babcb588a1,2dfe65b24b19251e4fcbb42ffad8a5e9dcd0530ccf4a99ea24f46f1813ff6df8,4,0.5128196477890015,0.10881725236161018,0.17568763053640093,
B0,validation,51865,37899,wrong,0,wrong/51865-0.png,dad53ec1448da687ca713cb1d3bae29b09169f450cf0f76e6f068df4e49fbe87,2dfe65b24b19251e4fcbb42ffad8a5e9dcd0530ccf4a99ea24f46f1813ff6df8,4,0.43964049220085144,-0.00942396170282734,0.17660936576974662,
B0,validation,51865,37899,wrong,1,wrong/51865-1.png,41ee3fb2acbbe5adc2129adbf2ce4912eb60161b90874a0a285d64d1bd1022a2,2dfe65b24b19251e4fcbb42ffad8a5e9dcd0530ccf4a99ea24f46f1813ff6df8,4,0.5107858777046204,-0.008601034934837649,0.13612249491426864,
B0,validation,37899,33256,correct,0,correct/37899-0.png,b66786ed853cdad1ed7f18f04076d02f0a122edac4a9fd731d5440ba7df1b3a4,629893a99bb17770d426478998a45344e27f8eba31b7e71752c77b289209c486,4,0.8793833255767822,-0.009014051947896125,0.16227737935639863,
B0,validation,37899,33256,correct,1,correct/37899-1.png,233968532c64312c59ab5e1005e47b4184508b5723fd2fe6299f9672e3801569,629893a99bb17770d426478998a45344e27f8eba31b7e71752c77b289209c486,4,0.8580880761146545,0.05205095540838699,0.13185805709923074,
B0,validation,37899,33256,wrong,0,wrong/37899-0.png,d978bd000ba486af19cf5ec81dc2d607b56465f6afa17edd41366db0affd070b,629893a99bb17770d426478998a45344e27f8eba31b7e71752c77b289209c486,4,0.5107587575912476,-0.14681853573799583,0.16794900353274642,
B0,validation,37899,33256,wrong,1,wrong/37899-1.png,8967f02cb7469b117a125745c78c74052fd3876ec970bcf774c909d5ff0517bb,629893a99bb17770d426478998a45344e27f8eba31b7e71752c77b289209c486,4,0.5394539833068848,-0.21856324065551008,0.1765091111107519,
B0,validation,33256,56963,correct,0,correct/33256-0.png,494172803ebc21f508ca23f2550da38004a764461648bc70ea6b4ff32a849858,86b501873a0d26c60880d575e1f54af549d3b20cd28a16a7ca5289db1f67a9fc,4,0.7063705921173096,-0.13964941620707658,0.677914523740922,
B0,validation,33256,56963,correct,1,correct/33256-1.png,12829150820c2a1558190c2671ca1923163f3326fc07644d41408a3d02bcf530,86b501873a0d26c60880d575e1f54af549d3b20cd28a16a7ca5289db1f67a9fc,4,0.6069114208221436,0.4305888951948702,0.727622024276441,
B0,validation,33256,56963,wrong,0,wrong/33256-0.png,56a00feb2ba086c497309adda784e82628e5be615244cfa011aca807a33cc5be,86b501873a0d26c60880d575e1f54af549d3b20cd28a16a7ca5289db1f67a9fc,4,0.6208097338676453,-0.19285553594919072,0.7028438944886077,
B0,validation,33256,56963,wrong,1,wrong/33256-1.png,e15b2d7bc1ac8a9e071a19fcca840b2a332eea5a6b52a952c468b39d933ea189,86b501873a0d26c60880d575e1f54af549d3b20cd28a16a7ca5289db1f67a9fc,4,0.6988677978515625,0.23802769962078485,0.7132543731823573,
B0,validation,56963,71264,correct,0,correct/56963-0.png,61628618c27b3732731d25a994a0b415bd887f2fdeb159ea49baa28472ae03d9,2a86f375d79414ab29ddb65865e5d49f8a11fba1e3cf6184b114e919ab8ebb7b,4,0.570501446723938,-0.036442496090246024,0.5673901768016059,
B0,validation,56963,71264,correct,1,correct/56963-1.png,21fd7f9ba6deff7b982cf3e286c304ed35da647c97d690239ced30056b4cc238,2a86f375d79414ab29ddb65865e5d49f8a11fba1e3cf6184b114e919ab8ebb7b,4,0.568394124507904,-0.5877030230475349,0.70220677558958,
B0,validation,56963,71264,wrong,0,wrong/56963-0.png,404a0d94aaafb43b5630bcb89d9c124e4725f15ea888ae70d4eacda2ded99190,2a86f375d79414ab29ddb65865e5d49f8a11fba1e3cf6184b114e919ab8ebb7b,4,0.6310638785362244,-0.19118639083407182,0.32355302160215044,
B0,validation,56963,71264,wrong,1,wrong/56963-1.png,208fcf5ca8a0926d99a64a457071342e207a3543ebf3d66f025395ba5fe781d7,2a86f375d79414ab29ddb65865e5d49f8a11fba1e3cf6184b114e919ab8ebb7b,4,0.5665209889411926,-0.04953394537524141,0.3445707226296616,
B0,validation,71264,38887,correct,0,correct/71264-0.png,f777cab44d93b124928ccf4a53f7aaed169917a6ba677a48b01479b9d12b6922,1ab2809ecf5666a811dd554fad64cc76b25753a15d25ca61066543688aae7551,4,0.5643360614776611,0.09972688665779182,0.30011848958736903,
B0,validation,71264,38887,correct,1,correct/71264-1.png,ab37902b1f08a76b82007429efee10185267fdb6978287665f4f8e24fefbbc6c,1ab2809ecf5666a811dd554fad64cc76b25753a15d25ca61066543688aae7551,4,0.6276931762695312,-0.22296698796933542,0.3142025331503376,
B0,validation,71264,38887,wrong,0,wrong/71264-0.png,7bf1f35b7610076268535edc4f617fb8b1ac0d3baf7f5c1141eff55a156d0918,1ab2809ecf5666a811dd554fad64cc76b25753a15d25ca61066543688aae7551,4,0.5333354473114014,0.006657950173939382,0.376433698711946,
B0,validation,71264,38887,wrong,1,wrong/71264-1.png,7904c8e3b12d00426f6b4e02a4ca935fd1922f630f2c1ab86929d11cefa38fbf,1ab2809ecf5666a811dd554fad64cc76b25753a15d25ca61066543688aae7551,4,0.5629237294197083,0.12371800789693885,0.3202484948278016,
B0,validation,38887,59101,correct,0,correct/38887-0.png,05a52b3c186d07f204e2e57af35a900c83f93090bba8490f804eabe1245df80c,935314d65bbc6fcadf076d7a4ee3490c58e54c5cee96e829cdfdc18a2d883f7a,4,0.6873019933700562,-0.17763889370773217,0.24218950212690746,
B0,validation,38887,59101,correct,1,correct/38887-1.png,3a4955795e9a52510818205af35589d0bce196af297c835e6ac53eb87b90b4f4,935314d65bbc6fcadf076d7a4ee3490c58e54c5cee96e829cdfdc18a2d883f7a,4,0.6447848081588745,0.013768860977296637,0.4268110321400512,
B0,validation,38887,59101,wrong,0,wrong/38887-0.png,ed3c479fd222b0599f44dd091b99acbfe507cec23f162e84ed026009238734aa,935314d65bbc6fcadf076d7a4ee3490c58e54c5cee96e829cdfdc18a2d883f7a,4,0.6399301886558533,-0.14301651029981932,0.2402797267162029,
B0,validation,38887,59101,wrong,1,wrong/38887-1.png,eeb3752bf799b5329ff6f41d871310587f6c89a067c6212c22d9e96fe01c793f,935314d65bbc6fcadf076d7a4ee3490c58e54c5cee96e829cdfdc18a2d883f7a,4,0.5211880207061768,-0.12209878222757982,0.2647977066481344,
B0,validation,59101,29511,correct,0,correct/59101-0.png,cfa2482ed88d10733cb0baf55cff3b5b9d35e1ac74331c4573a9bb46658c13c6,a5a329854569c769d5979c8a8e7d124a054c4337774cc0c1faef19013c99764c,4,0.6685859560966492,-0.16822050054136553,0.17428320234328562,
B0,validation,59101,29511,correct,1,correct/59101-1.png,ed00096dc7ced9fa5ba9e484e6ee79798574db90e7f4e7044b9477ac8c0a67c8,a5a329854569c769d5979c8a8e7d124a054c4337774cc0c1faef19013c99764c,4,0.6124813556671143,0.12949396013246567,0.21274582680044776,
B0,validation,59101,29511,wrong,0,wrong/59101-0.png,3cafa33e0931e55947cdcb3c9725947b8acbe25ac8308cc835d5845060b489a8,a5a329854569c769d5979c8a8e7d124a054c4337774cc0c1faef19013c99764c,4,0.5371076464653015,-0.17800146098137437,0.2296712557176872,
B0,validation,59101,29511,wrong,1,wrong/59101-1.png,4744f641276e85b833d7ebab9da7f0ad31f89f36c7bfd006514d3b3a8dfdacb9,a5a329854569c769d5979c8a8e7d124a054c4337774cc0c1faef19013c99764c,4,0.5815529823303223,-0.04533937375593369,0.23338328176278653,
B0,validation,29511,58157,correct,0,correct/29511-0.png,c71e2b1abd2abdce6ec68004dab9ea91350424904ae5b85dacac7e56ce2563b1,817d80b6c9a309e1dfa865392dcf7d7ecd062491eb05e93e5aa65a6b401fc43d,4,0.5850611329078674,0.35628973776927647,0.7695702096832242,
B0,validation,29511,58157,correct,1,correct/29511-1.png,fb56a80d6324fd76515520b3e1e067bbb92c8d4a74c343e9b6834d8a10d78875,817d80b6c9a309e1dfa865392dcf7d7ecd062491eb05e93e5aa65a6b401fc43d,4,0.5635870695114136,0.4221190379363866,0.7902512017830263,
B0,validation,29511,58157,wrong,0,wrong/29511-0.png,f7e3d0f2af078d0bbf092adbc48f6c1f403a4386df2cea5c4da6e9ce4059f6a1,817d80b6c9a309e1dfa865392dcf7d7ecd062491eb05e93e5aa65a6b401fc43d,4,0.46009790897369385,-0.23152686906771316,0.5074980102399024,
B0,validation,29511,58157,wrong,1,wrong/29511-1.png,7e2f4d39dc4537625d9da3ce6c5f7c26a8e18d01daeebb2fe76cf524f9a82435,817d80b6c9a309e1dfa865392dcf7d7ecd062491eb05e93e5aa65a6b401fc43d,4,0.4969397783279419,-0.26651091223727175,0.45714985275547904,
B0,validation,58157,31251,correct,0,correct/58157-0.png,13084dd40598e656fa868472f523fa831cc0e3d6cec20689dcb4b057c9910828,4b61f00d9bdcd41ace4a004be41ee4d4a23ad5a776e6f35ae572d4f3eee05833,4,0.49509453773498535,0.007904606144100176,0.33332996270002974,
B0,validation,58157,31251,correct,1,correct/58157-1.png,b53195fdfc4d9fb2c7a0388b7e38811602e4ab396f7dcd1b76fdd863e1d6ffa8,4b61f00d9bdcd41ace4a004be41ee4d4a23ad5a776e6f35ae572d4f3eee05833,4,0.5840799808502197,0.07565745541981342,0.26996836025396176,
B0,validation,58157,31251,wrong,0,wrong/58157-0.png,0efa42749f72670cc65cb76a60d1a608b61db365cab56022f2de810b78429952,4b61f00d9bdcd41ace4a004be41ee4d4a23ad5a776e6f35ae572d4f3eee05833,4,0.32133254408836365,-0.13203114396689372,0.40566966727808584,
B0,validation,58157,31251,wrong,1,wrong/58157-1.png,d939c1b1b21c7e3681e8379d06c7d410b920701b9e913626cdfe13862328733e,4b61f00d9bdcd41ace4a004be41ee4d4a23ad5a776e6f35ae572d4f3eee05833,4,0.3563292324542999,0.052431472364849824,0.2727012536829836,
B0,validation,31251,67261,correct,0,correct/31251-0.png,074cd5364de44e085496ba90aac967c59d86312245a75c970c62e04dfe665adb,e5f0e3a8dc2c1565ea64895ca5a006b9bb42d38db54d6b7250819fac9437ba10,4,0.5643267035484314,0.19128006734903844,0.31641766423341544,
B0,validation,31251,67261,correct,1,correct/31251-1.png,c9bf406706cc1a27b0f111514eb92b600bd292e1b236f6610a4dc9254c9e4d1b,e5f0e3a8dc2c1565ea64895ca5a006b9bb42d38db54d6b7250819fac9437ba10,4,0.5230491757392883,-0.17922164720283476,0.36018210923936383,
B0,validation,31251,67261,wrong,0,wrong/31251-0.png,35662ce8299e3c93579fee54650339d7252ceca50a32377888b6b430637d1012,e5f0e3a8dc2c1565ea64895ca5a006b9bb42d38db54d6b7250819fac9437ba10,4,0.35853585600852966,0.04785275607706683,0.21802651682138785,
B0,validation,31251,67261,wrong,1,wrong/31251-1.png,ef404ea1ccb0c2a867fdbabb972663510d439b1f09bdad565a7239ec05ba2300,e5f0e3a8dc2c1565ea64895ca5a006b9bb42d38db54d6b7250819fac9437ba10,4,0.39849555492401123,-0.07430333951722692,0.2630460122918829,
B0,validation,67261,43211,correct,0,correct/67261-0.png,b11799c54e081848c867fc55952ae49e316cdaaf62afb47cef11a9103beef606,07d147ea3b9d3318ea32f5e662fa389b31b191e1a62054fbee38368b34abad9a,4,0.7673014402389526,0.01761969680271062,0.34132389502335647,
B0,validation,67261,43211,correct,1,correct/67261-1.png,880a71a3a7b14b1ac38ae3ead4086aeb0cfe79e5a72797152e72c8e62e9043da,07d147ea3b9d3318ea32f5e662fa389b31b191e1a62054fbee38368b34abad9a,4,0.7355998754501343,0.32733397089582406,0.2526973625356865,
B0,validation,67261,43211,wrong,0,wrong/67261-0.png,6243b28494e543e34cbb80f347f901e5f56ee689bc84d94629d39c8b08e65012,07d147ea3b9d3318ea32f5e662fa389b31b191e1a62054fbee38368b34abad9a,4,0.5035574436187744,-0.059346096015299284,0.42559204309139265,
B0,validation,67261,43211,wrong,1,wrong/67261-1.png,adddda4c08b0d3ec5b07869710e647d706a09de64efe7afdac7d4e3e649cb96e,07d147ea3b9d3318ea32f5e662fa389b31b191e1a62054fbee38368b34abad9a,4,0.6371325850486755,0.30950927833231817,0.4238808325534096,
H1000,validation,43211,17865,correct,0,correct/43211-0.png,7ff7607675ebca2069386b96386ae4e5359d901c543b4b16a82c2cb457c2b900,51997d1b8dfb2ba5536f803a6a501f92ac7aa8de559cd12422c94d8dcdafa75f,,0.662334680557251,-0.23796536034548257,0.4501927070995887,557c77b4627d0c86adac8d32b1178e589f70d2e49e01b8ca541afad3712df394
H1000,validation,43211,17865,correct,1,correct/43211-1.png,143dde7b2d8510eee993babeee4623f0b2e155c1eed62aa7377eac52c3ead6ac,51997d1b8dfb2ba5536f803a6a501f92ac7aa8de559cd12422c94d8dcdafa75f,,0.6320647597312927,-0.1945522168381365,0.4485311596592307,557c77b4627d0c86adac8d32b1178e589f70d2e49e01b8ca541afad3712df394
H1000,validation,17865,54054,correct,0,correct/17865-0.png,a09122dde8280146c20d8f574d6e97ddec799cf1a9c51211a69f3990a1c1a435,e5721f7fc6a25892b67b1890444205c11a4b42650846fb8c32692ebfc24a5e21,,0.7732176780700684,0.5105470077616924,0.6737495530051675,557c77b4627d0c86adac8d32b1178e589f70d2e49e01b8ca541afad3712df394
H1000,validation,17865,54054,correct,1,correct/17865-1.png,79d78f0504d143c585d7266f9112d2117e855032d04cbf55764c4fc72d7424cb,e5721f7fc6a25892b67b1890444205c11a4b42650846fb8c32692ebfc24a5e21,,0.7382516264915466,0.7507499197378225,0.7270977634681663,557c77b4627d0c86adac8d32b1178e589f70d2e49e01b8ca541afad3712df394
H1000,validation,54054,25374,correct,0,correct/54054-0.png,59964059b464b45a6b84d88338a6eee9ce98463cee48b6c2df6d86c949e90a0a,0db80f2d7af980752c3784ad0042e73a874a5deb2674c608d33e040fe95a43eb,,0.5061197280883789,0.17464576642854454,0.2318638991300251,557c77b4627d0c86adac8d32b1178e589f70d2e49e01b8ca541afad3712df394
H1000,validation,54054,25374,correct,1,correct/54054-1.png,2187594a2e7a64ced3cc2bed52d7017bd728c16ee805b4db18dbc5673dd4c60e,0db80f2d7af980752c3784ad0042e73a874a5deb2674c608d33e040fe95a43eb,,0.5399405360221863,-0.10082215986288284,0.26934958078800686,557c77b4627d0c86adac8d32b1178e589f70d2e49e01b8ca541afad3712df394
H1000,validation,25374,48911,correct,0,correct/25374-0.png,df6bda5a1ef4c1dcd7156875b56685d5feae6ec0d38d2dc6d713e87d6cf7223f,37f95ff4b1366fba53a914809bf816cb99a935f4eeb41f5594bd180a43d18f68,,0.5524264574050903,0.1967821794942481,0.2490142474266382,557c77b4627d0c86adac8d32b1178e589f70d2e49e01b8ca541afad3712df394
H1000,validation,25374,48911,correct,1,correct/25374-1.png,dbc92d8c49a0cdec536e94a0a9eb8f9c2106db47fc1a7f8ee62d5b996031a7d5,37f95ff4b1366fba53a914809bf816cb99a935f4eeb41f5594bd180a43d18f68,,0.5300125479698181,0.16509501634563736,0.3630587007883277,557c77b4627d0c86adac8d32b1178e589f70d2e49e01b8ca541afad3712df394
H1000,validation,48911,15191,correct,0,correct/48911-0.png,82b0367a4a967e4325481c5fbb61dc8042cc931b8c6916b0aa7fa83156025509,8ad68502859bf42c9102a042830eee55294dbb5c926064febb48b07944b52f81,,0.5841558575630188,-0.010996836110799118,0.1751981438277611,557c77b4627d0c86adac8d32b1178e589f70d2e49e01b8ca541afad3712df394
H1000,validation,48911,15191,correct,1,correct/48911-1.png,4f2235ea7b81ab2e26bd7d409c245a207200ba57b98868f0231438f19dd21cd8,8ad68502859bf42c9102a042830eee55294dbb5c926064febb48b07944b52f81,,0.6955506801605225,0.06395663924657392,0.16563113976985935,557c77b4627d0c86adac8d32b1178e589f70d2e49e01b8ca541afad3712df394
H1000,validation,15191,28157,correct,0,correct/15191-0.png,70f274daf2f3eafe1afa2144d72ffa45fbb864f673712e2b4d39ebc77a64fa79,537bbfdfce21f636e1015158b194a4e2d2d689de6ff0321e5eb3908f0493cb51,,0.5478214621543884,-0.041823895904685944,0.15960050383264915,557c77b4627d0c86adac8d32b1178e589f70d2e49e01b8ca541afad3712df394
H1000,validation,15191,28157,correct,1,correct/15191-1.png,4f7e68c095b9cfba7ccad207ac6869a8d41bf7c402867e07fb5dee6ca987a154,537bbfdfce21f636e1015158b194a4e2d2d689de6ff0321e5eb3908f0493cb51,,0.496237188577652,0.27641790690289453,0.12729863240169517,557c77b4627d0c86adac8d32b1178e589f70d2e49e01b8ca541afad3712df394
H1000,validation,28157,29610,correct,0,correct/28157-0.png,6f20ac320994ae1cb94d7fdf8b8197a8624222afc451d1e22f036c59899f8d37,ec925fe3fab5e7b1bb5d16156520ab338c7943b8b515d2fa26dba8141aa937f8,,0.6001864671707153,-0.03621335211563803,0.22364534361561988,557c77b4627d0c86adac8d32b1178e589f70d2e49e01b8ca541afad3712df394
H1000,validation,28157,29610,correct,1,correct/28157-1.png,97b04dea62424a8df0713b1369050aee8e040116d9da1d5443858a4e2875f4b7,ec925fe3fab5e7b1bb5d16156520ab338c7943b8b515d2fa26dba8141aa937f8,,0.772919774055481,-0.009105889528144308,0.2551057390042159,557c77b4627d0c86adac8d32b1178e589f70d2e49e01b8ca541afad3712df394
H1000,validation,29610,13223,correct,0,correct/29610-0.png,3312ec9b8a72a5f0c5152aa47edf58cf1ae2bc39c57891c0996b4ace4b11b084,2ae50f9742d391fd0fe71c0bfef43df838fa3ca392535725cf68c53bbb1f563d,,0.677402913570404,0.17225129707029818,0.2176891697557702,557c77b4627d0c86adac8d32b1178e589f70d2e49e01b8ca541afad3712df394
H1000,validation,29610,13223,correct,1,correct/29610-1.png,e87e29663507f75061c19c9894b8e9ba26e4c6afa3a8ad79cec484d8c5b0b502,2ae50f9742d391fd0fe71c0bfef43df838fa3ca392535725cf68c53bbb1f563d,,0.6070486307144165,0.02662294069898065,0.1723565792997341,557c77b4627d0c86adac8d32b1178e589f70d2e49e01b8ca541afad3712df394
H1000,validation,13223,62587,correct,0,correct/13223-0.png,9dcbbac8b0e49409702b253390fe28cb51db4a85a300886dabd2f829f87c9869,151ac8204aa06a1329ec12935f38119f3c7da229681b903942203c3f8a0e3524,,0.5472378134727478,0.32687295331353045,0.4369599790618707,557c77b4627d0c86adac8d32b1178e589f70d2e49e01b8ca541afad3712df394
H1000,validation,13223,62587,correct,1,correct/13223-1.png,b157a5ca75da68515e1404485c8c60b99a9d180211b2c558af350893f5fce5a8,151ac8204aa06a1329ec12935f38119f3c7da229681b903942203c3f8a0e3524,,0.5844846963882446,0.5645554284404226,0.42738477759595217,557c77b4627d0c86adac8d32b1178e589f70d2e49e01b8ca541afad3712df394
H1000,validation,62587,34998,correct,0,correct/62587-0.png,92771b6b605e2d36ac823fd7dbeacc88fbce7f4fd5848613c32bb21576d861bd,2e2aff2f23fc2b9925dee499af061bc8faf0e4b2205408190483ebb27887b89f,,0.5296809077262878,0.4726711477699077,0.42123927718741533,557c77b4627d0c86adac8d32b1178e589f70d2e49e01b8ca541afad3712df394
H1000,validation,62587,34998,correct,1,correct/62587-1.png,04a169a477309979a203f403143a811db2e4d5918f38fbf87f0684c553970355,2e2aff2f23fc2b9925dee499af061bc8faf0e4b2205408190483ebb27887b89f,,0.5147386789321899,0.4266720324122528,0.40463462347932627,557c77b4627d0c86adac8d32b1178e589f70d2e49e01b8ca541afad3712df394
H1000,validation,34998,29815,correct,0,correct/34998-0.png,418f62919a2ee1c2bab804fef11e7dbdc5f7f507541e6e58a0df86e7973b2739,6f805d3582b97d85cd70ae69a48a89bffc50b7fa4e3193e80c213cd9182003ab,,0.8937206268310547,0.1818901928257424,0.4006344796969991,557c77b4627d0c86adac8d32b1178e589f70d2e49e01b8ca541afad3712df394
H1000,validation,34998,29815,correct,1,correct/34998-1.png,21dfe19bf986fac769337bfa7c922492f3d135a727d926016f2b2ecac16a1fa8,6f805d3582b97d85cd70ae69a48a89bffc50b7fa4e3193e80c213cd9182003ab,,0.8374624252319336,0.12385410330822377,0.28833873503508434,557c77b4627d0c86adac8d32b1178e589f70d2e49e01b8ca541afad3712df394
H1000,validation,29815,42302,correct,0,correct/29815-0.png,aaa7ca98cc49c4facd12484123b0e01b722bb1b57fb4c620025341487c48ec06,a39add8080e3550675b96b362a37fab98f076206646784747727aba02ccb441f,,0.8358546495437622,0.03141266270695446,0.646836986928395,557c77b4627d0c86adac8d32b1178e589f70d2e49e01b8ca541afad3712df394
H1000,validation,29815,42302,correct,1,correct/29815-1.png,391b45ecf6cbbefe1be5869363e7183a45bfe0a7be5601a23da9085b66574baa,a39add8080e3550675b96b362a37fab98f076206646784747727aba02ccb441f,,0.8024581670761108,0.3796803371499434,0.6155475819245394,557c77b4627d0c86adac8d32b1178e589f70d2e49e01b8ca541afad3712df394
H1000,validation,42302,68553,correct,0,correct/42302-0.png,c97709fad8bdfbd45a5b08c577b1586dc96af3fa24571d29b788566036ef5933,798d9a0e9714488f7c39c6060133997bdf84645985fa35d4a29fbb7903237138,,0.5294950008392334,-0.11500403687855718,0.1333164945568872,557c77b4627d0c86adac8d32b1178e589f70d2e49e01b8ca541afad3712df394
H1000,validation,42302,68553,correct,1,correct/42302-1.png,b1b4577241b636f00186e52505df2f54bdec1a1974adc9ef7f83b2415d471ea7,798d9a0e9714488f7c39c6060133997bdf84645985fa35d4a29fbb7903237138,,0.6037417650222778,0.21959514050265944,0.14161727042446656,557c77b4627d0c86adac8d32b1178e589f70d2e49e01b8ca541afad3712df394
H1000,validation,68553,65690,correct,0,correct/68553-0.png,754cd5128c32544d38030e9c3debbc8841f0821c8726c042f0ce0a3e6a10ff3e,caf8bc08485eefd14cba2623b55ca9f95e63a0503c4ed55a73001f8f0df0cca1,,0.7537070512771606,0.023496466879251804,0.3720888592965415,557c77b4627d0c86adac8d32b1178e589f70d2e49e01b8ca541afad3712df394
H1000,validation,68553,65690,correct,1,correct/68553-1.png,ed1627be2cb6948a91e520a9122cb40f75bc8d2036553cc4f63b75a6432884ca,caf8bc08485eefd14cba2623b55ca9f95e63a0503c4ed55a73001f8f0df0cca1,,0.6314006447792053,0.18738225861975036,0.38166203266285786,557c77b4627d0c86adac8d32b1178e589f70d2e49e01b8ca541afad3712df394
H1000,validation,65690,41120,correct,0,correct/65690-0.png,1ebd89294ea6df0e2b18fa5a6541ea7153cddd07bf8e3331bafec17bc5f47472,35857398d867ad0f304a016cfa80fd961782df553341722457076961b12d547a,,0.5842183232307434,0.03868961336158942,0.4886770915411244,557c77b4627d0c86adac8d32b1178e589f70d2e49e01b8ca541afad3712df394
H1000,validation,65690,41120,correct,1,correct/65690-1.png,02f86435966cfd758972dd04613365d85c586f5e948a0c8b82184dd59c4733fa,35857398d867ad0f304a016cfa80fd961782df553341722457076961b12d547a,,0.5974656343460083,0.011317615177414598,0.511027893386462,557c77b4627d0c86adac8d32b1178e589f70d2e49e01b8ca541afad3712df394
H1000,validation,41120,64050,correct,0,correct/41120-0.png,6e59637cbe744fc3774d1ed0522e654bf27e9f73bdab0b15ed62b3a890db149a,d03dcc249f7451f3f8ada458ec2d88f728188963580a6a8e7deb249fa372e0aa,,0.693799614906311,0.0772772579350386,0.046869663414405426,557c77b4627d0c86adac8d32b1178e589f70d2e49e01b8ca541afad3712df394
H1000,validation,41120,64050,correct,1,correct/41120-1.png,59f18b85a8886cfd43823b3a71e55a97a7902d558831480d1a5b5d50d7c77c39,d03dcc249f7451f3f8ada458ec2d88f728188963580a6a8e7deb249fa372e0aa,,0.5661032199859619,0.03728309454903184,0.0519077478146283,557c77b4627d0c86adac8d32b1178e589f70d2e49e01b8ca541afad3712df394
H1000,validation,64050,21558,correct,0,correct/64050-0.png,148233147228b28414020b9ab61feef28c6f7665c5bb49d623a9e634dac8a80d,63d4473c9bd7d578297cfd4edd274ad9e82bac7b6faa64d88c28976d6ec1fb5f,,0.7719073295593262,0.22854464096127583,0.4598130591798089,557c77b4627d0c86adac8d32b1178e589f70d2e49e01b8ca541afad3712df394
H1000,validation,64050,21558,correct,1,correct/64050-1.png,820bea108d5b32a47c6874cbda9d6803b125dd26302fcb7562018981598ff088,63d4473c9bd7d578297cfd4edd274ad9e82bac7b6faa64d88c28976d6ec1fb5f,,0.6994432806968689,0.4310801837939529,0.5270125047917182,557c77b4627d0c86adac8d32b1178e589f70d2e49e01b8ca541afad3712df394
H1000,validation,21558,16800,correct,0,correct/21558-0.png,a4ec11ba8d0aff5f16250b892d978dd3eb05a2dfa226073fdf1e8cfbfe50fe55,6362e4fc28bde29a837b05e6b7e0d6812cc400f7647f05718b8a2220121a141f,,0.6523609161376953,0.2667073471163348,0.4182209243848552,557c77b4627d0c86adac8d32b1178e589f70d2e49e01b8ca541afad3712df394
H1000,validation,21558,16800,correct,1,correct/21558-1.png,e70f0722fa2b54eba2e5a2ff225409aa9e1ef8554336ee12518f19019806fe7f,6362e4fc28bde29a837b05e6b7e0d6812cc400f7647f05718b8a2220121a141f,,0.671108067035675,0.038086806087871815,0.31060109906855704,557c77b4627d0c86adac8d32b1178e589f70d2e49e01b8ca541afad3712df394
H1000,validation,16800,5683,correct,0,correct/16800-0.png,69e3a59614cb1b5cfee8c05d845284631356f75539f820e792055b662991af70,ff7fee16db8e33ae75b4486a28b577318c44ec7808cb9ba370cef6cc3db9be07,,0.6900385022163391,-0.09353515647174944,0.3929470114492812,557c77b4627d0c86adac8d32b1178e589f70d2e49e01b8ca541afad3712df394
H1000,validation,16800,5683,correct,1,correct/16800-1.png,6252dee3128d5438d1b093f2dd6c89f510450c96fbadcc412f991144ab3af01e,ff7fee16db8e33ae75b4486a28b577318c44ec7808cb9ba370cef6cc3db9be07,,0.7682334184646606,0.04063390524430036,0.4473475732003935,557c77b4627d0c86adac8d32b1178e589f70d2e49e01b8ca541afad3712df394
H1000,validation,5683,29400,correct,0,correct/5683-0.png,881e0c07e577784f7392d538e34aca153aca1420c71b193acddd00eb35458ab0,dab15aaea07924ca092204e2fccc2a4004374624a14d2f2fb7edd39e5d51b572,,0.6155775785446167,-0.24001407913479633,0.5123248731156278,557c77b4627d0c86adac8d32b1178e589f70d2e49e01b8ca541afad3712df394
H1000,validation,5683,29400,correct,1,correct/5683-1.png,8ab91de30c7049262913e9abad543333ce539960f450a47cb819e61cdd50e132,dab15aaea07924ca092204e2fccc2a4004374624a14d2f2fb7edd39e5d51b572,,0.6894057393074036,0.04086515144622959,0.48586479942013333,557c77b4627d0c86adac8d32b1178e589f70d2e49e01b8ca541afad3712df394
H1000,validation,29400,51865,correct,0,correct/29400-0.png,5371afadb3dc1aa63e4768e4a1c7cfd1d9960b8b44f47e50ae4928b7da2cec23,40b419ca8b5118885e868fed2103a8ab523467d8fb16c86b7c9002c835890544,,0.4930782616138458,-0.14030644506195317,0.21476316709726959,557c77b4627d0c86adac8d32b1178e589f70d2e49e01b8ca541afad3712df394
H1000,validation,29400,51865,correct,1,correct/29400-1.png,56497004d3d988cbc30a1d6b90ad96208dd3c23ea53104ed4bb5639f17c6c456,40b419ca8b5118885e868fed2103a8ab523467d8fb16c86b7c9002c835890544,,0.4752086400985718,-0.029066581048253444,0.21062889057438614,557c77b4627d0c86adac8d32b1178e589f70d2e49e01b8ca541afad3712df394
H1000,validation,51865,37899,correct,0,correct/51865-0.png,7084ba91b1b0bb5496ce9747e6af098d95dbec41d4641c03c302a9b6c6798c02,2dfe65b24b19251e4fcbb42ffad8a5e9dcd0530ccf4a99ea24f46f1813ff6df8,,0.6065536737442017,0.05033213399435559,0.1463079694018798,557c77b4627d0c86adac8d32b1178e589f70d2e49e01b8ca541afad3712df394
H1000,validation,51865,37899,correct,1,correct/51865-1.png,16ae4713df9a5be7526095e442a94fa1b544eb0dbe85ea3e0ae8f499f76dc090,2dfe65b24b19251e4fcbb42ffad8a5e9dcd0530ccf4a99ea24f46f1813ff6df8,,0.5647467970848083,0.13471332594912433,0.18739376179553177,557c77b4627d0c86adac8d32b1178e589f70d2e49e01b8ca541afad3712df394
H1000,validation,37899,33256,correct,0,correct/37899-0.png,92399e98e9a61d4014553e9ae753e21d96f92fc96bf4cd5c5284f109758077c4,629893a99bb17770d426478998a45344e27f8eba31b7e71752c77b289209c486,,0.8700140714645386,0.01824176874476197,0.12805190559298246,557c77b4627d0c86adac8d32b1178e589f70d2e49e01b8ca541afad3712df394
H1000,validation,37899,33256,correct,1,correct/37899-1.png,bf3d600ab0c444177e45f4a221eddcc77089642bb2f3f4c0e448add945c2635f,629893a99bb17770d426478998a45344e27f8eba31b7e71752c77b289209c486,,0.6969674229621887,0.025054590664922657,0.14473016310493744,557c77b4627d0c86adac8d32b1178e589f70d2e49e01b8ca541afad3712df394
H1000,validation,33256,56963,correct,0,correct/33256-0.png,af7da31418bda681df22a4a47223bcce91ebce312673b7dea21ad101ee7dbfd9,86b501873a0d26c60880d575e1f54af549d3b20cd28a16a7ca5289db1f67a9fc,,0.5930593013763428,0.017485417966014882,0.654001280650246,557c77b4627d0c86adac8d32b1178e589f70d2e49e01b8ca541afad3712df394
H1000,validation,33256,56963,correct,1,correct/33256-1.png,21f28e3341dc3514e5cc232728d62a9b1ed2f85468f490b5c5a07d75f642cd87,86b501873a0d26c60880d575e1f54af549d3b20cd28a16a7ca5289db1f67a9fc,,0.48450562357902527,0.33261341590489424,0.7196897307236025,557c77b4627d0c86adac8d32b1178e589f70d2e49e01b8ca541afad3712df394
H1000,validation,56963,71264,correct,0,correct/56963-0.png,1acdda203bafd5ff2b5bbd520c2ae2a2a7b4f1399803c551b8055d921ffdb139,2a86f375d79414ab29ddb65865e5d49f8a11fba1e3cf6184b114e919ab8ebb7b,,0.6570804119110107,-0.12292513681539667,0.585097203980571,557c77b4627d0c86adac8d32b1178e589f70d2e49e01b8ca541afad3712df394
H1000,validation,56963,71264,correct,1,correct/56963-1.png,0e53f0cc1da043e413b9adb47623b13468cdf121d4ce4ec113292bbd99f8169d,2a86f375d79414ab29ddb65865e5d49f8a11fba1e3cf6184b114e919ab8ebb7b,,0.605236828327179,-0.19163022649386,0.7391463588863066,557c77b4627d0c86adac8d32b1178e589f70d2e49e01b8ca541afad3712df394
H1000,validation,71264,38887,correct,0,correct/71264-0.png,8749314c84f488c7f2af2881605d2a8a64420ed31c573af74eb9baa6783759f2,1ab2809ecf5666a811dd554fad64cc76b25753a15d25ca61066543688aae7551,,0.6398804783821106,-0.10284313658086544,0.34607187477289314,557c77b4627d0c86adac8d32b1178e589f70d2e49e01b8ca541afad3712df394
H1000,validation,71264,38887,correct,1,correct/71264-1.png,0dda36376be463582277b1244c2b0d44c22191adb5b3d12914610a868b454028,1ab2809ecf5666a811dd554fad64cc76b25753a15d25ca61066543688aae7551,,0.6415215134620667,-0.20683299370269395,0.3133692130101359,557c77b4627d0c86adac8d32b1178e589f70d2e49e01b8ca541afad3712df394
H1000,validation,38887,59101,correct,0,correct/38887-0.png,f65b26e6326bd2380447a884002efb8139e0a27fa5db5dcc703278700ef0f0c4,935314d65bbc6fcadf076d7a4ee3490c58e54c5cee96e829cdfdc18a2d883f7a,,0.6326953768730164,0.13294571900783853,0.24105518370055712,557c77b4627d0c86adac8d32b1178e589f70d2e49e01b8ca541afad3712df394
H1000,validation,38887,59101,correct,1,correct/38887-1.png,266f8c6584098b36afb8050e68ed4a9ef14e5b283cb7eaee5b106dbe6a5da326,935314d65bbc6fcadf076d7a4ee3490c58e54c5cee96e829cdfdc18a2d883f7a,,0.6293337941169739,0.050931923192343,0.38528881902010326,557c77b4627d0c86adac8d32b1178e589f70d2e49e01b8ca541afad3712df394
H1000,validation,59101,29511,correct,0,correct/59101-0.png,9a0b868576cf627f15abab4c794c8d8691730d17cb0947823123c3fcfd4e91c0,a5a329854569c769d5979c8a8e7d124a054c4337774cc0c1faef19013c99764c,,0.6637028455734253,-0.16476838601056473,0.1783460935561833,557c77b4627d0c86adac8d32b1178e589f70d2e49e01b8ca541afad3712df394
H1000,validation,59101,29511,correct,1,correct/59101-1.png,081562cdf5069eec9d565a51803bc2213fd4c4dfa7566811839adc38d797bc27,a5a329854569c769d5979c8a8e7d124a054c4337774cc0c1faef19013c99764c,,0.628809928894043,0.14287980962230065,0.1915604831513772,557c77b4627d0c86adac8d32b1178e589f70d2e49e01b8ca541afad3712df394
H1000,validation,29511,58157,correct,0,correct/29511-0.png,13c33f3cef78862a767fae5cd36c0d21b5d5ca950730f270dbbb1c74989bd6d7,817d80b6c9a309e1dfa865392dcf7d7ecd062491eb05e93e5aa65a6b401fc43d,,0.5459779500961304,0.37159695377278945,0.7755318797836196,557c77b4627d0c86adac8d32b1178e589f70d2e49e01b8ca541afad3712df394
H1000,validation,29511,58157,correct,1,correct/29511-1.png,6b39bcb01199249434e80ce5cdd0ad3d73c6e498bd19ddd7a93f7972aad9adcf,817d80b6c9a309e1dfa865392dcf7d7ecd062491eb05e93e5aa65a6b401fc43d,,0.596378743648529,0.4094183331945807,0.7440983877586902,557c77b4627d0c86adac8d32b1178e589f70d2e49e01b8ca541afad3712df394
H1000,validation,58157,31251,correct,0,correct/58157-0.png,58aa182afd187b2cf8c6d7a712645ee89bcdbc4e79156b846e196ac2447b4ba3,4b61f00d9bdcd41ace4a004be41ee4d4a23ad5a776e6f35ae572d4f3eee05833,,0.45842480659484863,0.01689622791015214,0.3366707783133696,557c77b4627d0c86adac8d32b1178e589f70d2e49e01b8ca541afad3712df394
H1000,validation,58157,31251,correct,1,correct/58157-1.png,d78629febc43bd33b69ca4d69cb134b041070a69cb125493bd6e340744573586,4b61f00d9bdcd41ace4a004be41ee4d4a23ad5a776e6f35ae572d4f3eee05833,,0.6012993454933167,0.07469446180686179,0.3020127814229649,557c77b4627d0c86adac8d32b1178e589f70d2e49e01b8ca541afad3712df394
H1000,validation,31251,67261,correct,0,correct/31251-0.png,4fbb4594c6573b7938852d4ea49df9de72e2a4e86c7b8be9f6b4a2e25ebd9bdb,e5f0e3a8dc2c1565ea64895ca5a006b9bb42d38db54d6b7250819fac9437ba10,,0.5524208545684814,-0.030416336553647987,0.2806714340840429,557c77b4627d0c86adac8d32b1178e589f70d2e49e01b8ca541afad3712df394
H1000,validation,31251,67261,correct,1,correct/31251-1.png,2b29551362407f8f64d99f0deb857356de8cc7302a3da72fd750d5156185ef4c,e5f0e3a8dc2c1565ea64895ca5a006b9bb42d38db54d6b7250819fac9437ba10,,0.5504509210586548,-0.18558967795197778,0.321038726743019,557c77b4627d0c86adac8d32b1178e589f70d2e49e01b8ca541afad3712df394
H1000,validation,67261,43211,correct,0,correct/67261-0.png,71c75db7e6fd3beea6969e2538e121008df6169e364805067e8a60da5e846b12,07d147ea3b9d3318ea32f5e662fa389b31b191e1a62054fbee38368b34abad9a,,0.762158215045929,-0.038855119411132934,0.235819713298149,557c77b4627d0c86adac8d32b1178e589f70d2e49e01b8ca541afad3712df394
H1000,validation,67261,43211,correct,1,correct/67261-1.png,9542a3dc4e9d6f0c334a46d4104a56c2e7752656746e75a6568d401a5f01652c,07d147ea3b9d3318ea32f5e662fa389b31b191e1a62054fbee38368b34abad9a,,0.46091151237487793,0.28357010301813895,0.34429535977228465,557c77b4627d0c86adac8d32b1178e589f70d2e49e01b8ca541afad3712df394
L1000,validation,43211,17865,correct,0,correct/43211-0.png,dc9ffeb66c8727ff0226a021cff860930cc5daa4092ebf70d5477fe09ce50ab9,51997d1b8dfb2ba5536f803a6a501f92ac7aa8de559cd12422c94d8dcdafa75f,,0.6690996885299683,-0.21722650548226444,0.4482146974422257,a9830ad2980810194db10a0c5a38bd2cdeee024fc46ac72a4bc497f56a4935b5
L1000,validation,43211,17865,correct,1,correct/43211-1.png,72fd57ec4c33cf7a6f7984d4f9c44f2d26f0527d737c2f5925b67a9ce216ae21,51997d1b8dfb2ba5536f803a6a501f92ac7aa8de559cd12422c94d8dcdafa75f,,0.6542320847511292,-0.1023440677142464,0.43300226259694263,a9830ad2980810194db10a0c5a38bd2cdeee024fc46ac72a4bc497f56a4935b5
L1000,validation,17865,54054,correct,0,correct/17865-0.png,d6927c724bbf39e3c7730663f5ec141e459c16a8a21c139dfd84d1f332edfceb,e5721f7fc6a25892b67b1890444205c11a4b42650846fb8c32692ebfc24a5e21,,0.7891095876693726,0.3001969641993433,0.6558503941817942,a9830ad2980810194db10a0c5a38bd2cdeee024fc46ac72a4bc497f56a4935b5
L1000,validation,17865,54054,correct,1,correct/17865-1.png,b8e758ebc8d04a5c2b83919cfd434d6671ae2ffbf7b5c03869114f7ad04e790d,e5721f7fc6a25892b67b1890444205c11a4b42650846fb8c32692ebfc24a5e21,,0.8077974319458008,0.5931918301010879,0.733122061521614,a9830ad2980810194db10a0c5a38bd2cdeee024fc46ac72a4bc497f56a4935b5
L1000,validation,54054,25374,correct,0,correct/54054-0.png,051810a01ccc566fd4b9dd16ca99796f6aad865aee7b81fd3eae93b4e8909b1e,0db80f2d7af980752c3784ad0042e73a874a5deb2674c608d33e040fe95a43eb,,0.5045872926712036,0.11720294339857855,0.19125250766964327,a9830ad2980810194db10a0c5a38bd2cdeee024fc46ac72a4bc497f56a4935b5
L1000,validation,54054,25374,correct,1,correct/54054-1.png,0dde76675b21dbce21c709d12825f3e4a405856f4779e2373af8bc65e2faa4e7,0db80f2d7af980752c3784ad0042e73a874a5deb2674c608d33e040fe95a43eb,,0.5530492663383484,-0.11958025268380672,0.27181544633293175,a9830ad2980810194db10a0c5a38bd2cdeee024fc46ac72a4bc497f56a4935b5
L1000,validation,25374,48911,correct,0,correct/25374-0.png,77f1275615a7e60ac6415d6cd7c7b5a3abbc8eb9ba4eddd5f77655c9e7f52b36,37f95ff4b1366fba53a914809bf816cb99a935f4eeb41f5594bd180a43d18f68,,0.5639620423316956,0.18166810716467344,0.26614247704394317,a9830ad2980810194db10a0c5a38bd2cdeee024fc46ac72a4bc497f56a4935b5
L1000,validation,25374,48911,correct,1,correct/25374-1.png,cf93fcda182d61a07c276dddb22f462679ede1682282d4c77a55478f492054d8,37f95ff4b1366fba53a914809bf816cb99a935f4eeb41f5594bd180a43d18f68,,0.5118986964225769,0.005231648487464975,0.37627031682729684,a9830ad2980810194db10a0c5a38bd2cdeee024fc46ac72a4bc497f56a4935b5
L1000,validation,48911,15191,correct,0,correct/48911-0.png,597f311aa0214d5e2fcc57bd015c91bfab49e84cec29eaf408cdbd60082aab12,8ad68502859bf42c9102a042830eee55294dbb5c926064febb48b07944b52f81,,0.6212033033370972,-0.06817234257414319,0.15526422667598402,a9830ad2980810194db10a0c5a38bd2cdeee024fc46ac72a4bc497f56a4935b5
L1000,validation,48911,15191,correct,1,correct/48911-1.png,4c7c7f067c8b5074d96fe0f68482746c5b13b7b1d6c93cc6c7deaa891af8d7ea,8ad68502859bf42c9102a042830eee55294dbb5c926064febb48b07944b52f81,,0.6296797394752502,0.08589420575581662,0.18593490914529243,a9830ad2980810194db10a0c5a38bd2cdeee024fc46ac72a4bc497f56a4935b5
L1000,validation,15191,28157,correct,0,correct/15191-0.png,861bbea3c14c71d96dd68502638b988cc5c85b40a82e232caafa20fec7242577,537bbfdfce21f636e1015158b194a4e2d2d689de6ff0321e5eb3908f0493cb51,,0.5442534685134888,-0.017034617077537874,0.1507576849902837,a9830ad2980810194db10a0c5a38bd2cdeee024fc46ac72a4bc497f56a4935b5
L1000,validation,15191,28157,correct,1,correct/15191-1.png,8296fb15e741b7493c6acaec9b01a7cd92491d9c315700fe3a0b4b851cea695c,537bbfdfce21f636e1015158b194a4e2d2d689de6ff0321e5eb3908f0493cb51,,0.5577873587608337,0.25575667639381205,0.1314197380310331,a9830ad2980810194db10a0c5a38bd2cdeee024fc46ac72a4bc497f56a4935b5
L1000,validation,28157,29610,correct,0,correct/28157-0.png,3580c923214fff12fd308319aa982024598a64fdc5db066ea4d6621f483f3abf,ec925fe3fab5e7b1bb5d16156520ab338c7943b8b515d2fa26dba8141aa937f8,,0.6273409128189087,-0.06366113975008528,0.2525924620222983,a9830ad2980810194db10a0c5a38bd2cdeee024fc46ac72a4bc497f56a4935b5
L1000,validation,28157,29610,correct,1,correct/28157-1.png,06cc53f6b410ac17c3d5b6a2d6199a0bfb7ac68d01cfcd17036ba7d2fc509e4b,ec925fe3fab5e7b1bb5d16156520ab338c7943b8b515d2fa26dba8141aa937f8,,0.8361330032348633,-0.020788485335395436,0.275732763377452,a9830ad2980810194db10a0c5a38bd2cdeee024fc46ac72a4bc497f56a4935b5
L1000,validation,29610,13223,correct,0,correct/29610-0.png,5526425196afe23b7a9c32238b2e5d331226ba1e46283439499a01db29f23923,2ae50f9742d391fd0fe71c0bfef43df838fa3ca392535725cf68c53bbb1f563d,,0.6933848857879639,0.15101802670907385,0.19620913606575804,a9830ad2980810194db10a0c5a38bd2cdeee024fc46ac72a4bc497f56a4935b5
L1000,validation,29610,13223,correct,1,correct/29610-1.png,96fd4fa560f63aa8d27da789e171dd81627cf88f8eb9350aba27b710236d3f95,2ae50f9742d391fd0fe71c0bfef43df838fa3ca392535725cf68c53bbb1f563d,,0.5472738146781921,0.04249413379757097,0.16710078644029344,a9830ad2980810194db10a0c5a38bd2cdeee024fc46ac72a4bc497f56a4935b5
L1000,validation,13223,62587,correct,0,correct/13223-0.png,94bbeb2ecc706e44f7b2d3e76b1489c549a5ae4d8800b3567b93673afcaab02f,151ac8204aa06a1329ec12935f38119f3c7da229681b903942203c3f8a0e3524,,0.4704187512397766,0.12797207445205783,0.41812189195784283,a9830ad2980810194db10a0c5a38bd2cdeee024fc46ac72a4bc497f56a4935b5
L1000,validation,13223,62587,correct,1,correct/13223-1.png,b8179aece8bd74cca0361d40cf82b7cebc3da91c1d637e5ab8ec6754d86177cd,151ac8204aa06a1329ec12935f38119f3c7da229681b903942203c3f8a0e3524,,0.6039966344833374,0.5303273935401361,0.4705656041751794,a9830ad2980810194db10a0c5a38bd2cdeee024fc46ac72a4bc497f56a4935b5
L1000,validation,62587,34998,correct,0,correct/62587-0.png,7c9addc36d8b080366469f595eb3b44382fecb6d8a4c9c7228121a7d4a9514ca,2e2aff2f23fc2b9925dee499af061bc8faf0e4b2205408190483ebb27887b89f,,0.5761021971702576,0.4576394003753322,0.41810850636898056,a9830ad2980810194db10a0c5a38bd2cdeee024fc46ac72a4bc497f56a4935b5
L1000,validation,62587,34998,correct,1,correct/62587-1.png,c5537e3aaf0d7e73309fbc7225e943bf1f8c0e7e359a4e828495b21b4cbf589d,2e2aff2f23fc2b9925dee499af061bc8faf0e4b2205408190483ebb27887b89f,,0.5479041337966919,0.4379011601768723,0.41240181046645596,a9830ad2980810194db10a0c5a38bd2cdeee024fc46ac72a4bc497f56a4935b5
L1000,validation,34998,29815,correct,0,correct/34998-0.png,3e78c68258115a43d3a8d0af3df580dab4900897f8a524ef5fa34ea8b9a17d2f,6f805d3582b97d85cd70ae69a48a89bffc50b7fa4e3193e80c213cd9182003ab,,0.8489362001419067,0.18016433519961278,0.3872542504645669,a9830ad2980810194db10a0c5a38bd2cdeee024fc46ac72a4bc497f56a4935b5
L1000,validation,34998,29815,correct,1,correct/34998-1.png,d2bd2ff1db9aff5fec34a604bfcc8db42b995d1ab1a3709b535702d6415e22c1,6f805d3582b97d85cd70ae69a48a89bffc50b7fa4e3193e80c213cd9182003ab,,0.8618323802947998,0.1447457248982062,0.3331083062256903,a9830ad2980810194db10a0c5a38bd2cdeee024fc46ac72a4bc497f56a4935b5
L1000,validation,29815,42302,correct,0,correct/29815-0.png,323a6e765e03b5bf022ab91d3351e0e61f36bb6a372715f9d35d1849ef48a836,a39add8080e3550675b96b362a37fab98f076206646784747727aba02ccb441f,,0.8549619913101196,0.022097891238911347,0.6441188878748091,a9830ad2980810194db10a0c5a38bd2cdeee024fc46ac72a4bc497f56a4935b5
L1000,validation,29815,42302,correct,1,correct/29815-1.png,92d0d7bf3cb0c746afcddfee9bf0431c83e7020e120a8f163728e52d66422871,a39add8080e3550675b96b362a37fab98f076206646784747727aba02ccb441f,,0.834122896194458,0.3619772820670125,0.6429178501912558,a9830ad2980810194db10a0c5a38bd2cdeee024fc46ac72a4bc497f56a4935b5
L1000,validation,42302,68553,correct,0,correct/42302-0.png,fea067824a6baef7ec887907612a7f10798c11f60fb71af476c1e63b655beba1,798d9a0e9714488f7c39c6060133997bdf84645985fa35d4a29fbb7903237138,,0.5604630708694458,0.11233037610837442,0.13305338347305223,a9830ad2980810194db10a0c5a38bd2cdeee024fc46ac72a4bc497f56a4935b5
L1000,validation,42302,68553,correct,1,correct/42302-1.png,4f35f2fd914bbeb8a63f7fd489875341ff6e9001e26d171b69451fb3cadaa162,798d9a0e9714488f7c39c6060133997bdf84645985fa35d4a29fbb7903237138,,0.6264316439628601,0.2786641428916772,0.1441526544301275,a9830ad2980810194db10a0c5a38bd2cdeee024fc46ac72a4bc497f56a4935b5
L1000,validation,68553,65690,correct,0,correct/68553-0.png,47a8ee1d3209084e1589e651c5a37e8e1b727f2debb718cf792de15a71b12ee9,caf8bc08485eefd14cba2623b55ca9f95e63a0503c4ed55a73001f8f0df0cca1,,0.7087550163269043,0.03530390949054432,0.39878000234598227,a9830ad2980810194db10a0c5a38bd2cdeee024fc46ac72a4bc497f56a4935b5
L1000,validation,68553,65690,correct,1,correct/68553-1.png,2792aaefd94a57d739f6a75e82eb45839933cf6f314012e9e8007bc4a6b8b9e4,caf8bc08485eefd14cba2623b55ca9f95e63a0503c4ed55a73001f8f0df0cca1,,0.6495791673660278,0.15471357980371808,0.3528136915341031,a9830ad2980810194db10a0c5a38bd2cdeee024fc46ac72a4bc497f56a4935b5
L1000,validation,65690,41120,correct,0,correct/65690-0.png,4ed0d1aff08ec4130fae1dbb83c44dcd6b589645f42625b589a7921f79e79bb2,35857398d867ad0f304a016cfa80fd961782df553341722457076961b12d547a,,0.6573079824447632,0.20647154817448782,0.5034526185839026,a9830ad2980810194db10a0c5a38bd2cdeee024fc46ac72a4bc497f56a4935b5
L1000,validation,65690,41120,correct,1,correct/65690-1.png,bab6b080da89ce4565ad0e97cc6406c1cbe5c04b9c90dd363e38d89db39d9019,35857398d867ad0f304a016cfa80fd961782df553341722457076961b12d547a,,0.6995009183883667,-0.001561604895343397,0.40700332022903446,a9830ad2980810194db10a0c5a38bd2cdeee024fc46ac72a4bc497f56a4935b5
L1000,validation,41120,64050,correct,0,correct/41120-0.png,b7c170ecdd86edd509d4061c46d1e37ae62c61d64b75ee9b07777351a7b83a1d,d03dcc249f7451f3f8ada458ec2d88f728188963580a6a8e7deb249fa372e0aa,,0.6905328035354614,0.004736108132084171,0.0402946036793334,a9830ad2980810194db10a0c5a38bd2cdeee024fc46ac72a4bc497f56a4935b5
L1000,validation,41120,64050,correct,1,correct/41120-1.png,1d2cd40eb7c6d8b27bbf161827476d028b49507905d067b213259ad55603fa44,d03dcc249f7451f3f8ada458ec2d88f728188963580a6a8e7deb249fa372e0aa,,0.6768311262130737,-0.04571392058848163,0.04736935128491046,a9830ad2980810194db10a0c5a38bd2cdeee024fc46ac72a4bc497f56a4935b5
L1000,validation,64050,21558,correct,0,correct/64050-0.png,f041f22ac66011249bbe4f879b9ce30e0af65ddd6678947a1e3999a257df775a,63d4473c9bd7d578297cfd4edd274ad9e82bac7b6faa64d88c28976d6ec1fb5f,,0.6842547059059143,0.4500436035603936,0.4896977510638683,a9830ad2980810194db10a0c5a38bd2cdeee024fc46ac72a4bc497f56a4935b5
L1000,validation,64050,21558,correct,1,correct/64050-1.png,ad17f392fec9fa378e84ea928ab6367fa927371f6edba2cc513915538c1de201,63d4473c9bd7d578297cfd4edd274ad9e82bac7b6faa64d88c28976d6ec1fb5f,,0.5961313247680664,0.43577709590015107,0.5144848054743092,a9830ad2980810194db10a0c5a38bd2cdeee024fc46ac72a4bc497f56a4935b5
L1000,validation,21558,16800,correct,0,correct/21558-0.png,9936c7d602de6b701d9d85513f961b9604d044a9adb040d0f85ab75444238577,6362e4fc28bde29a837b05e6b7e0d6812cc400f7647f05718b8a2220121a141f,,0.6662968993186951,0.29548403802214046,0.4180441978036211,a9830ad2980810194db10a0c5a38bd2cdeee024fc46ac72a4bc497f56a4935b5
L1000,validation,21558,16800,correct,1,correct/21558-1.png,27618f6628b398392bc61d3c5345681ee754a938c9d4e1607f491b0c4a305329,6362e4fc28bde29a837b05e6b7e0d6812cc400f7647f05718b8a2220121a141f,,0.6931220293045044,0.06673450824198418,0.3430567831987194,a9830ad2980810194db10a0c5a38bd2cdeee024fc46ac72a4bc497f56a4935b5
L1000,validation,16800,5683,correct,0,correct/16800-0.png,40f0c2006b08b737c480226e3d56dd64eaa14adc4b05acacbcb8cb27c32e5b64,ff7fee16db8e33ae75b4486a28b577318c44ec7808cb9ba370cef6cc3db9be07,,0.7627841234207153,-0.021385511032658344,0.39306496445937034,a9830ad2980810194db10a0c5a38bd2cdeee024fc46ac72a4bc497f56a4935b5
L1000,validation,16800,5683,correct,1,correct/16800-1.png,27e74855bf98f1143a486157aaa2a1613dfffd3b806e0a21fc7ea758eba64113,ff7fee16db8e33ae75b4486a28b577318c44ec7808cb9ba370cef6cc3db9be07,,0.6979432106018066,-0.04999081839213142,0.3990067699112906,a9830ad2980810194db10a0c5a38bd2cdeee024fc46ac72a4bc497f56a4935b5
L1000,validation,5683,29400,correct,0,correct/5683-0.png,f5cec952229a9cb4af655af4780389bae07090ea0d9a94a459d7c36431bb0a1d,dab15aaea07924ca092204e2fccc2a4004374624a14d2f2fb7edd39e5d51b572,,0.6171194314956665,-0.25642662457034543,0.5252561110993308,a9830ad2980810194db10a0c5a38bd2cdeee024fc46ac72a4bc497f56a4935b5
L1000,validation,5683,29400,correct,1,correct/5683-1.png,97bc195cf7074da1f56ddb6670cb037f860a316d802acfc235538ada9984d36d,dab15aaea07924ca092204e2fccc2a4004374624a14d2f2fb7edd39e5d51b572,,0.6184420585632324,0.06279964485050073,0.5001896812367651,a9830ad2980810194db10a0c5a38bd2cdeee024fc46ac72a4bc497f56a4935b5
L1000,validation,29400,51865,correct,0,correct/29400-0.png,213552de56db9853ee03a6d55bbb2ed626d9eae5d195d743daefb2c47d0bea81,40b419ca8b5118885e868fed2103a8ab523467d8fb16c86b7c9002c835890544,,0.4380936026573181,-0.18909665557752822,0.21371746365623887,a9830ad2980810194db10a0c5a38bd2cdeee024fc46ac72a4bc497f56a4935b5
L1000,validation,29400,51865,correct,1,correct/29400-1.png,6aed98764fac92ffc3bd449d753d5f390e4222dbf7b4fb74e6fcd2c70cf8a8d5,40b419ca8b5118885e868fed2103a8ab523467d8fb16c86b7c9002c835890544,,0.5101150274276733,-0.07032892481229759,0.21031943507495318,a9830ad2980810194db10a0c5a38bd2cdeee024fc46ac72a4bc497f56a4935b5
L1000,validation,51865,37899,correct,0,correct/51865-0.png,29fb2b1b5ddfaa94be88134d258d9829775fff85d82dd6b14d8e71a5185443e2,2dfe65b24b19251e4fcbb42ffad8a5e9dcd0530ccf4a99ea24f46f1813ff6df8,,0.6553465723991394,0.013394926173674696,0.14326623552939538,a9830ad2980810194db10a0c5a38bd2cdeee024fc46ac72a4bc497f56a4935b5
L1000,validation,51865,37899,correct,1,correct/51865-1.png,5c3741c0e00180449a2dc2c9508e1d9d7ad4f430dec5c613bbb752917fad7a2a,2dfe65b24b19251e4fcbb42ffad8a5e9dcd0530ccf4a99ea24f46f1813ff6df8,,0.5294466614723206,0.12791781635998506,0.18874880139217393,a9830ad2980810194db10a0c5a38bd2cdeee024fc46ac72a4bc497f56a4935b5
L1000,validation,37899,33256,correct,0,correct/37899-0.png,3493529be4d24da3811e98ea4ffa0734e243c62950638e8eca5fa82735ddfa12,629893a99bb17770d426478998a45344e27f8eba31b7e71752c77b289209c486,,0.8857032060623169,-0.003569021420939655,0.13271057293123098,a9830ad2980810194db10a0c5a38bd2cdeee024fc46ac72a4bc497f56a4935b5
L1000,validation,37899,33256,correct,1,correct/37899-1.png,a974c8f1fcd1c1947c911eafa5d1d8344a8c5ba22e333a3a43ddfe332711712c,629893a99bb17770d426478998a45344e27f8eba31b7e71752c77b289209c486,,0.8194059133529663,0.0010530344984876257,0.11135507481209052,a9830ad2980810194db10a0c5a38bd2cdeee024fc46ac72a4bc497f56a4935b5
L1000,validation,33256,56963,correct,0,correct/33256-0.png,b6c379ed24ed88009955f869e9a3ec749da7693fbaf7122d9348166aeef03784,86b501873a0d26c60880d575e1f54af549d3b20cd28a16a7ca5289db1f67a9fc,,0.6575515270233154,-0.11706288666330462,0.6507360372421553,a9830ad2980810194db10a0c5a38bd2cdeee024fc46ac72a4bc497f56a4935b5
L1000,validation,33256,56963,correct,1,correct/33256-1.png,83c500538afee90fba0365743f6504665cdf0a7ea5e8e9675c01ee92b2bd2959,86b501873a0d26c60880d575e1f54af549d3b20cd28a16a7ca5289db1f67a9fc,,0.5436792969703674,0.47578445435274586,0.7302546109464546,a9830ad2980810194db10a0c5a38bd2cdeee024fc46ac72a4bc497f56a4935b5
L1000,validation,56963,71264,correct,0,correct/56963-0.png,1124e22ace0ede004cb897531dda7b7a65441ba3db61e6aeed8db3e641cce55d,2a86f375d79414ab29ddb65865e5d49f8a11fba1e3cf6184b114e919ab8ebb7b,,0.5732298493385315,-0.044678142922402825,0.566319230419246,a9830ad2980810194db10a0c5a38bd2cdeee024fc46ac72a4bc497f56a4935b5
L1000,validation,56963,71264,correct,1,correct/56963-1.png,ef5717883b70f597eae931ce9701fa8c1a34b3f6ef3ee57518733a2fb878d6b8,2a86f375d79414ab29ddb65865e5d49f8a11fba1e3cf6184b114e919ab8ebb7b,,0.5616170167922974,-0.5159685290400928,0.7074794833297452,a9830ad2980810194db10a0c5a38bd2cdeee024fc46ac72a4bc497f56a4935b5
L1000,validation,71264,38887,correct,0,correct/71264-0.png,242930788e066b5674d59c5e857ee0689e40274aa07bed65376eda664be29046,1ab2809ecf5666a811dd554fad64cc76b25753a15d25ca61066543688aae7551,,0.6038753390312195,0.05922478436631844,0.3022824094526791,a9830ad2980810194db10a0c5a38bd2cdeee024fc46ac72a4bc497f56a4935b5
L1000,validation,71264,38887,correct,1,correct/71264-1.png,94eb808d39a293706bd4e6331abb470130a7bfa1e163fedaec10129564d62bc1,1ab2809ecf5666a811dd554fad64cc76b25753a15d25ca61066543688aae7551,,0.6376315355300903,-0.2279702310312666,0.31583269428197813,a9830ad2980810194db10a0c5a38bd2cdeee024fc46ac72a4bc497f56a4935b5
L1000,validation,38887,59101,correct,0,correct/38887-0.png,5f0c9324de858a6c4860e2ea6c9fbdaa7e2d5e8d0e1c895fab22ab4c31298873,935314d65bbc6fcadf076d7a4ee3490c58e54c5cee96e829cdfdc18a2d883f7a,,0.6665805578231812,-0.166781803160021,0.21043685406284895,a9830ad2980810194db10a0c5a38bd2cdeee024fc46ac72a4bc497f56a4935b5
L1000,validation,38887,59101,correct,1,correct/38887-1.png,56f43cfba9778cdb4742e0aa6e9ed440de58dd5f3f269c3c9716aa36fd893253,935314d65bbc6fcadf076d7a4ee3490c58e54c5cee96e829cdfdc18a2d883f7a,,0.6059569120407104,0.01626368748297697,0.4268287235177596,a9830ad2980810194db10a0c5a38bd2cdeee024fc46ac72a4bc497f56a4935b5
L1000,validation,59101,29511,correct,0,correct/59101-0.png,79f6b76c3955b38ff2acf868a44986494e55b6cc6ced289bc9522b480a946df3,a5a329854569c769d5979c8a8e7d124a054c4337774cc0c1faef19013c99764c,,0.6796975135803223,-0.15710585129007346,0.17313401145979793,a9830ad2980810194db10a0c5a38bd2cdeee024fc46ac72a4bc497f56a4935b5
L1000,validation,59101,29511,correct,1,correct/59101-1.png,31fff16bd8f6ab2259bd53795e3c315e827f819f0dc93aa6e29a295b497b4b28,a5a329854569c769d5979c8a8e7d124a054c4337774cc0c1faef19013c99764c,,0.6050498485565186,0.11929123317177585,0.2112758651893325,a9830ad2980810194db10a0c5a38bd2cdeee024fc46ac72a4bc497f56a4935b5
L1000,validation,29511,58157,correct,0,correct/29511-0.png,ec907d1859a67f9c22b4cf0408a8cdf467093402fbaf61dd034f430959327a87,817d80b6c9a309e1dfa865392dcf7d7ecd062491eb05e93e5aa65a6b401fc43d,,0.5771167278289795,0.3627440241853698,0.7701131627837223,a9830ad2980810194db10a0c5a38bd2cdeee024fc46ac72a4bc497f56a4935b5
L1000,validation,29511,58157,correct,1,correct/29511-1.png,e8283c07c0ebbc52db3cd2efb758acaa75e286703f356d9010d5df8340487310,817d80b6c9a309e1dfa865392dcf7d7ecd062491eb05e93e5aa65a6b401fc43d,,0.6157722473144531,0.39164770505226143,0.7264482468807285,a9830ad2980810194db10a0c5a38bd2cdeee024fc46ac72a4bc497f56a4935b5
L1000,validation,58157,31251,correct,0,correct/58157-0.png,60b5577a858b0c84f16b55f5d07d65978ead9abd5d583dacb254adb37f24eb68,4b61f00d9bdcd41ace4a004be41ee4d4a23ad5a776e6f35ae572d4f3eee05833,,0.5697662234306335,-0.019825011963357883,0.32559691862239504,a9830ad2980810194db10a0c5a38bd2cdeee024fc46ac72a4bc497f56a4935b5
L1000,validation,58157,31251,correct,1,correct/58157-1.png,cf9a2a4f1545cfa426b4e3183492e71304840d5854c3eb2ef777af9d01010a9c,4b61f00d9bdcd41ace4a004be41ee4d4a23ad5a776e6f35ae572d4f3eee05833,,0.6543930172920227,-0.02518681458846258,0.3881045111535017,a9830ad2980810194db10a0c5a38bd2cdeee024fc46ac72a4bc497f56a4935b5
L1000,validation,31251,67261,correct,0,correct/31251-0.png,f529af7223d659ff1e6bdca9eb593acace46270d330d6614618d7457e90cf67e,e5f0e3a8dc2c1565ea64895ca5a006b9bb42d38db54d6b7250819fac9437ba10,,0.5500600934028625,0.190388287302491,0.3133499152242046,a9830ad2980810194db10a0c5a38bd2cdeee024fc46ac72a4bc497f56a4935b5
L1000,validation,31251,67261,correct,1,correct/31251-1.png,6eff726ea4a4120cfb17ecd113593373beaf30c1432cc5b2fe1fbccd2573f320,e5f0e3a8dc2c1565ea64895ca5a006b9bb42d38db54d6b7250819fac9437ba10,,0.5364923477172852,-0.19966436986987512,0.35933809442726944,a9830ad2980810194db10a0c5a38bd2cdeee024fc46ac72a4bc497f56a4935b5
L1000,validation,67261,43211,correct,0,correct/67261-0.png,fca433b4a18275c3bc0a021a14914c0c1c523e32cb43f1ead0351c99eb414c21,07d147ea3b9d3318ea32f5e662fa389b31b191e1a62054fbee38368b34abad9a,,0.8052321076393127,0.023395530979331034,0.3019354550350609,a9830ad2980810194db10a0c5a38bd2cdeee024fc46ac72a4bc497f56a4935b5
L1000,validation,67261,43211,correct,1,correct/67261-1.png,373ac0529f8c1cc0335bb64a7b602291478ccc373ecfe1610bf33bf2e6975ec7,07d147ea3b9d3318ea32f5e662fa389b31b191e1a62054fbee38368b34abad9a,,0.6932507753372192,0.3312728826832451,0.24387397622395568,a9830ad2980810194db10a0c5a38bd2cdeee024fc46ac72a4bc497f56a4935b5
H2500,validation,43211,17865,correct,0,correct/43211-0.png,f0f5fd383acd60aa28b1cb3ac22735e6cb0c9f52c69f9d2c435fee77e8d553d4,51997d1b8dfb2ba5536f803a6a501f92ac7aa8de559cd12422c94d8dcdafa75f,,0.6001703143119812,-0.08416658889659273,0.4618785090994027,b1e33112f7e7d20ff3c4ee5b1e2350cb23738f4e1e7f2e62109fd76b154ea3a4
H2500,validation,43211,17865,correct,1,correct/43211-1.png,68218c7b443ea9d3a43b14785e06ec7ba31263d5700f92f8e14c9ff0f2c0d151,51997d1b8dfb2ba5536f803a6a501f92ac7aa8de559cd12422c94d8dcdafa75f,,0.7701715230941772,0.08800255731127274,0.4289625819715013,b1e33112f7e7d20ff3c4ee5b1e2350cb23738f4e1e7f2e62109fd76b154ea3a4
H2500,validation,17865,54054,correct,0,correct/17865-0.png,2d89072abda77ce51771a628d49e1b667914d54d3345f223b16a5622dea7dbfc,e5721f7fc6a25892b67b1890444205c11a4b42650846fb8c32692ebfc24a5e21,,0.8228506445884705,0.3753038263608919,0.6715223875670554,b1e33112f7e7d20ff3c4ee5b1e2350cb23738f4e1e7f2e62109fd76b154ea3a4
H2500,validation,17865,54054,correct,1,correct/17865-1.png,488481dd079f72b8be7b00b32b6432318e56fcb246c8be09dd3df4b2e67bcb74,e5721f7fc6a25892b67b1890444205c11a4b42650846fb8c32692ebfc24a5e21,,0.7917841076850891,0.6749254169082879,0.7051206777676475,b1e33112f7e7d20ff3c4ee5b1e2350cb23738f4e1e7f2e62109fd76b154ea3a4
H2500,validation,54054,25374,correct,0,correct/54054-0.png,e8a541e3aa7a888cb54ebe2f7b5917187e6d8cdc248522b737a21a9bbe1d2d2b,0db80f2d7af980752c3784ad0042e73a874a5deb2674c608d33e040fe95a43eb,,0.41637158393859863,0.09659615086321865,0.24301918763746597,b1e33112f7e7d20ff3c4ee5b1e2350cb23738f4e1e7f2e62109fd76b154ea3a4
H2500,validation,54054,25374,correct,1,correct/54054-1.png,19e363bf2e07c2d26ac341765db2bbd3fbcde2ca31c1e2ff53ca42afc86c6ad3,0db80f2d7af980752c3784ad0042e73a874a5deb2674c608d33e040fe95a43eb,,0.5335056185722351,-0.11679078268727963,0.2769360114467152,b1e33112f7e7d20ff3c4ee5b1e2350cb23738f4e1e7f2e62109fd76b154ea3a4
H2500,validation,25374,48911,correct,0,correct/25374-0.png,4f2c280631a7badfcc2c66e6da25cf1f485cd45add0ba5bce7bebf7bdca72c82,37f95ff4b1366fba53a914809bf816cb99a935f4eeb41f5594bd180a43d18f68,,0.5354769229888916,0.2345659309302412,0.30384961701528435,b1e33112f7e7d20ff3c4ee5b1e2350cb23738f4e1e7f2e62109fd76b154ea3a4
H2500,validation,25374,48911,correct,1,correct/25374-1.png,7d064b8ca38014cb0557358d1462f32ba3932126163ae73e6ef4538fb88bca1f,37f95ff4b1366fba53a914809bf816cb99a935f4eeb41f5594bd180a43d18f68,,0.571142315864563,0.04466221802418442,0.34421226666061633,b1e33112f7e7d20ff3c4ee5b1e2350cb23738f4e1e7f2e62109fd76b154ea3a4
H2500,validation,48911,15191,correct,0,correct/48911-0.png,0aedd201189de1398c69f2b8992e317bb6066a4cee6778dd5a489f27b656fc86,8ad68502859bf42c9102a042830eee55294dbb5c926064febb48b07944b52f81,,0.6148663759231567,-0.045978363185881,0.14768857640256106,b1e33112f7e7d20ff3c4ee5b1e2350cb23738f4e1e7f2e62109fd76b154ea3a4
H2500,validation,48911,15191,correct,1,correct/48911-1.png,c9abd7fcba761620374d578879e375e7156b7495216d4e7dae03c3765bfdda48,8ad68502859bf42c9102a042830eee55294dbb5c926064febb48b07944b52f81,,0.4991404414176941,0.11355809211355812,0.17767427407440112,b1e33112f7e7d20ff3c4ee5b1e2350cb23738f4e1e7f2e62109fd76b154ea3a4
H2500,validation,15191,28157,correct,0,correct/15191-0.png,7921019815875ab9748e3b6fd337e085f86b76053a49da2dc9663d01b877b42b,537bbfdfce21f636e1015158b194a4e2d2d689de6ff0321e5eb3908f0493cb51,,0.5630531311035156,0.11658685698974121,0.15585051383721604,b1e33112f7e7d20ff3c4ee5b1e2350cb23738f4e1e7f2e62109fd76b154ea3a4
H2500,validation,15191,28157,correct,1,correct/15191-1.png,c71b33abefae4ddc5bbb38c6e1a1d82f915d0f06ba5c1e5cb0402379a917254e,537bbfdfce21f636e1015158b194a4e2d2d689de6ff0321e5eb3908f0493cb51,,0.5412790775299072,0.2881780463135004,0.13745566690669458,b1e33112f7e7d20ff3c4ee5b1e2350cb23738f4e1e7f2e62109fd76b154ea3a4
H2500,validation,28157,29610,correct,0,correct/28157-0.png,09311b7d337a4433773ff56145bfa9378ea7a41f33da5d5d9f65a297e4466b23,ec925fe3fab5e7b1bb5d16156520ab338c7943b8b515d2fa26dba8141aa937f8,,0.8117212057113647,-0.082898788457984,0.24404956244513834,b1e33112f7e7d20ff3c4ee5b1e2350cb23738f4e1e7f2e62109fd76b154ea3a4
H2500,validation,28157,29610,correct,1,correct/28157-1.png,5c7802da4afe196db60b9c4e6d0e6eed94d532098227874e2502904e73c644ef,ec925fe3fab5e7b1bb5d16156520ab338c7943b8b515d2fa26dba8141aa937f8,,0.7193442583084106,-0.0898714252445982,0.24674269775567834,b1e33112f7e7d20ff3c4ee5b1e2350cb23738f4e1e7f2e62109fd76b154ea3a4
H2500,validation,29610,13223,correct,0,correct/29610-0.png,ce9f924795bfae1f2a3bea4309a086947e6900ed4f31adb620ad69c77d4de5cd,2ae50f9742d391fd0fe71c0bfef43df838fa3ca392535725cf68c53bbb1f563d,,0.6902949213981628,0.16134328610190854,0.21586154135948424,b1e33112f7e7d20ff3c4ee5b1e2350cb23738f4e1e7f2e62109fd76b154ea3a4
H2500,validation,29610,13223,correct,1,correct/29610-1.png,f741d571217bb6d64970b32762d13386a35592093103c1c269ab4001ca6c8e0e,2ae50f9742d391fd0fe71c0bfef43df838fa3ca392535725cf68c53bbb1f563d,,0.707556426525116,0.007027048911704467,0.1490896488291701,b1e33112f7e7d20ff3c4ee5b1e2350cb23738f4e1e7f2e62109fd76b154ea3a4
H2500,validation,13223,62587,correct,0,correct/13223-0.png,49f138c930559e6bcbec5b86ff5e572d72a263e154fb9acfb3978fb05a2bf28b,151ac8204aa06a1329ec12935f38119f3c7da229681b903942203c3f8a0e3524,,0.5864977240562439,0.22458329172415395,0.4444095121262241,b1e33112f7e7d20ff3c4ee5b1e2350cb23738f4e1e7f2e62109fd76b154ea3a4
H2500,validation,13223,62587,correct,1,correct/13223-1.png,833925668b9c1b68f8922c9b9b327e03f894d8b282662fecf95ae1266d92946f,151ac8204aa06a1329ec12935f38119f3c7da229681b903942203c3f8a0e3524,,0.5945364832878113,0.597068893988445,0.3790945854425744,b1e33112f7e7d20ff3c4ee5b1e2350cb23738f4e1e7f2e62109fd76b154ea3a4
H2500,validation,62587,34998,correct,0,correct/62587-0.png,b087cd4a66f65fcc770d3cb8a5a90b7531680befc6774cb2f9f72b0fc55b7924,2e2aff2f23fc2b9925dee499af061bc8faf0e4b2205408190483ebb27887b89f,,0.5391925573348999,0.4358830271117105,0.3914240594048499,b1e33112f7e7d20ff3c4ee5b1e2350cb23738f4e1e7f2e62109fd76b154ea3a4
H2500,validation,62587,34998,correct,1,correct/62587-1.png,38d17ac28156e4cecfe724c4ff04a44423184ec476c1cee6c2475d2a453e0ddd,2e2aff2f23fc2b9925dee499af061bc8faf0e4b2205408190483ebb27887b89f,,0.6056122779846191,0.49788911050847734,0.3898966989707192,b1e33112f7e7d20ff3c4ee5b1e2350cb23738f4e1e7f2e62109fd76b154ea3a4
H2500,validation,34998,29815,correct,0,correct/34998-0.png,d0d09292dce47688aac871407e440e0c707e32e005baadde59bef302619d0b75,6f805d3582b97d85cd70ae69a48a89bffc50b7fa4e3193e80c213cd9182003ab,,0.8605756163597107,0.1826260577445863,0.43292256192554734,b1e33112f7e7d20ff3c4ee5b1e2350cb23738f4e1e7f2e62109fd76b154ea3a4
H2500,validation,34998,29815,correct,1,correct/34998-1.png,620f02316fb48f28f7a0d5d371645e3825dc3b6a0bfbbcc21b03cf498bdc94f2,6f805d3582b97d85cd70ae69a48a89bffc50b7fa4e3193e80c213cd9182003ab,,0.7773410081863403,-0.02097552177271296,0.2718758878059919,b1e33112f7e7d20ff3c4ee5b1e2350cb23738f4e1e7f2e62109fd76b154ea3a4
H2500,validation,29815,42302,correct,0,correct/29815-0.png,e338daee0e35ef6214a9840262524fc7f1c9ac174de430c9f47b7fdaf1904bdb,a39add8080e3550675b96b362a37fab98f076206646784747727aba02ccb441f,,0.8239189982414246,0.1353044812503295,0.6460610150772003,b1e33112f7e7d20ff3c4ee5b1e2350cb23738f4e1e7f2e62109fd76b154ea3a4
H2500,validation,29815,42302,correct,1,correct/29815-1.png,2a369b3a58bdb6f46fbdb4ec2f3a4152564bb4a64afc5d093f5f26750a810949,a39add8080e3550675b96b362a37fab98f076206646784747727aba02ccb441f,,0.8179953694343567,0.3938114458317429,0.6344200221804187,b1e33112f7e7d20ff3c4ee5b1e2350cb23738f4e1e7f2e62109fd76b154ea3a4
H2500,validation,42302,68553,correct,0,correct/42302-0.png,dab8d46b6287a21a87ffe0b58f5cd324c278316dc9d04cda832fab5b82d50107,798d9a0e9714488f7c39c6060133997bdf84645985fa35d4a29fbb7903237138,,0.5411158204078674,0.08656974305040109,0.09932760269349915,b1e33112f7e7d20ff3c4ee5b1e2350cb23738f4e1e7f2e62109fd76b154ea3a4
H2500,validation,42302,68553,correct,1,correct/42302-1.png,a7f37232645ad3018299a3aa58b0b8d9ad59fc6a65cf93448e5f2b7cde976f79,798d9a0e9714488f7c39c6060133997bdf84645985fa35d4a29fbb7903237138,,0.5499229431152344,0.27656263579726886,0.1354181173487502,b1e33112f7e7d20ff3c4ee5b1e2350cb23738f4e1e7f2e62109fd76b154ea3a4
H2500,validation,68553,65690,correct,0,correct/68553-0.png,91a1e4181a1d7963d9171ea902e13e6c8d2ca985554a6030bf167ee404698b53,caf8bc08485eefd14cba2623b55ca9f95e63a0503c4ed55a73001f8f0df0cca1,,0.6950762271881104,0.07674353148208266,0.31890002701559256,b1e33112f7e7d20ff3c4ee5b1e2350cb23738f4e1e7f2e62109fd76b154ea3a4
H2500,validation,68553,65690,correct,1,correct/68553-1.png,45788446698a0c88fc4ed202f0e37002ab17c800097734255de9646705e39c53,caf8bc08485eefd14cba2623b55ca9f95e63a0503c4ed55a73001f8f0df0cca1,,0.7231892347335815,0.1274722025695887,0.35862885904932174,b1e33112f7e7d20ff3c4ee5b1e2350cb23738f4e1e7f2e62109fd76b154ea3a4
H2500,validation,65690,41120,correct,0,correct/65690-0.png,15865a197b83f8f8766a84c139b212d4841d1c2c28997695016e352dc21eeb3e,35857398d867ad0f304a016cfa80fd961782df553341722457076961b12d547a,,0.5330930352210999,0.18454081147539067,0.4801445361643677,b1e33112f7e7d20ff3c4ee5b1e2350cb23738f4e1e7f2e62109fd76b154ea3a4
H2500,validation,65690,41120,correct,1,correct/65690-1.png,48a2e03fdf043a6c0c66f29bcdcbd30a2f2cc7473ddf03bc79ca86d2487d5dc2,35857398d867ad0f304a016cfa80fd961782df553341722457076961b12d547a,,0.6933326125144958,0.12316126416410571,0.392473679424967,b1e33112f7e7d20ff3c4ee5b1e2350cb23738f4e1e7f2e62109fd76b154ea3a4
H2500,validation,41120,64050,correct,0,correct/41120-0.png,eee962bc1033c1582f2818c9588aadaac2d7d32e7cbc6c1051592b7023e18a69,d03dcc249f7451f3f8ada458ec2d88f728188963580a6a8e7deb249fa372e0aa,,0.7173613905906677,-0.013752045988465144,0.05358346937371807,b1e33112f7e7d20ff3c4ee5b1e2350cb23738f4e1e7f2e62109fd76b154ea3a4
H2500,validation,41120,64050,correct,1,correct/41120-1.png,90e5d5bb8948c6e3845db96b737c37d3a03d5064b4179136d8828b906fd8a51b,d03dcc249f7451f3f8ada458ec2d88f728188963580a6a8e7deb249fa372e0aa,,0.5613217353820801,-0.014478962444918106,0.05319528161953655,b1e33112f7e7d20ff3c4ee5b1e2350cb23738f4e1e7f2e62109fd76b154ea3a4
H2500,validation,64050,21558,correct,0,correct/64050-0.png,cf4141155540ee2d58914bba16e0013df6b9a5bdcbce947cc30519e585843577,63d4473c9bd7d578297cfd4edd274ad9e82bac7b6faa64d88c28976d6ec1fb5f,,0.6963381767272949,0.3360394115958408,0.4940733050010684,b1e33112f7e7d20ff3c4ee5b1e2350cb23738f4e1e7f2e62109fd76b154ea3a4
H2500,validation,64050,21558,correct,1,correct/64050-1.png,f22fb4d19945f90d8aa17e5812c69cba38d3f1e0d3d33de38ebd68c78741b2de,63d4473c9bd7d578297cfd4edd274ad9e82bac7b6faa64d88c28976d6ec1fb5f,,0.6495011448860168,0.42797611815324604,0.519251366786973,b1e33112f7e7d20ff3c4ee5b1e2350cb23738f4e1e7f2e62109fd76b154ea3a4
H2500,validation,21558,16800,correct,0,correct/21558-0.png,f4d0baef3eac3cab75834992c66078016f652fdd7ea57f06db0398695b4cec30,6362e4fc28bde29a837b05e6b7e0d6812cc400f7647f05718b8a2220121a141f,,0.6413136720657349,0.2715418324592853,0.3750242844331716,b1e33112f7e7d20ff3c4ee5b1e2350cb23738f4e1e7f2e62109fd76b154ea3a4
H2500,validation,21558,16800,correct,1,correct/21558-1.png,e4d20f6306e88caee4ecd84d553e411a24fe366090f62c32a0184965464d77e8,6362e4fc28bde29a837b05e6b7e0d6812cc400f7647f05718b8a2220121a141f,,0.675735354423523,0.03343947338133972,0.31303998343897854,b1e33112f7e7d20ff3c4ee5b1e2350cb23738f4e1e7f2e62109fd76b154ea3a4
H2500,validation,16800,5683,correct,0,correct/16800-0.png,2ace42980a85dbf3be516817bf5afcbdc19c53adc5eb73926d8b77c354dcad62,ff7fee16db8e33ae75b4486a28b577318c44ec7808cb9ba370cef6cc3db9be07,,0.6953842043876648,-0.023311473293605445,0.39989664045715695,b1e33112f7e7d20ff3c4ee5b1e2350cb23738f4e1e7f2e62109fd76b154ea3a4
H2500,validation,16800,5683,correct,1,correct/16800-1.png,4c72f3401af4c843c24bce693f0efdf55af6c3926f4e33df01478436511680eb,ff7fee16db8e33ae75b4486a28b577318c44ec7808cb9ba370cef6cc3db9be07,,0.5352797508239746,0.0026793225141409764,0.43947265894065257,b1e33112f7e7d20ff3c4ee5b1e2350cb23738f4e1e7f2e62109fd76b154ea3a4
H2500,validation,5683,29400,correct,0,correct/5683-0.png,447603ab06b8abddd271f4242790327de20cffafb8b5fd3a5b71aaac57710eba,dab15aaea07924ca092204e2fccc2a4004374624a14d2f2fb7edd39e5d51b572,,0.6595086455345154,-0.187976760331451,0.519640983746083,b1e33112f7e7d20ff3c4ee5b1e2350cb23738f4e1e7f2e62109fd76b154ea3a4
H2500,validation,5683,29400,correct,1,correct/5683-1.png,21922b4d271853b7fa1ec32b746b4d1dc91a81357740ffdffd17d49a83566674,dab15aaea07924ca092204e2fccc2a4004374624a14d2f2fb7edd39e5d51b572,,0.6791265606880188,0.006818604281714174,0.533997889643312,b1e33112f7e7d20ff3c4ee5b1e2350cb23738f4e1e7f2e62109fd76b154ea3a4
H2500,validation,29400,51865,correct,0,correct/29400-0.png,c49d92c7807107a5664fb92ba92c80951305c50d7b73a8d8f2cccca63037bfe2,40b419ca8b5118885e868fed2103a8ab523467d8fb16c86b7c9002c835890544,,0.49334627389907837,-0.12420346112275213,0.20619293277071415,b1e33112f7e7d20ff3c4ee5b1e2350cb23738f4e1e7f2e62109fd76b154ea3a4
H2500,validation,29400,51865,correct,1,correct/29400-1.png,2a86b57fc6fddc24862d9402c4746d9c1729b11f7d01c3a9ebcba77b62f44751,40b419ca8b5118885e868fed2103a8ab523467d8fb16c86b7c9002c835890544,,0.5061429142951965,0.08696055028026754,0.23537532891147123,b1e33112f7e7d20ff3c4ee5b1e2350cb23738f4e1e7f2e62109fd76b154ea3a4
H2500,validation,51865,37899,correct,0,correct/51865-0.png,bc71cf27f0abb4965d93be58d48176c324df500893d481785a0e306c81061a25,2dfe65b24b19251e4fcbb42ffad8a5e9dcd0530ccf4a99ea24f46f1813ff6df8,,0.6731159090995789,0.07658225253714825,0.12974976567733,b1e33112f7e7d20ff3c4ee5b1e2350cb23738f4e1e7f2e62109fd76b154ea3a4
H2500,validation,51865,37899,correct,1,correct/51865-1.png,9d302109526b29e4607e8ac2351bc0fa331772e8974e24530f4ad157c72114de,2dfe65b24b19251e4fcbb42ffad8a5e9dcd0530ccf4a99ea24f46f1813ff6df8,,0.6011949777603149,0.09344465357274678,0.16758199341684604,b1e33112f7e7d20ff3c4ee5b1e2350cb23738f4e1e7f2e62109fd76b154ea3a4
H2500,validation,37899,33256,correct,0,correct/37899-0.png,52f2b7145cced5341f2862d3d9421ee4c5f8b0bd948b57d270f197bc103c79f2,629893a99bb17770d426478998a45344e27f8eba31b7e71752c77b289209c486,,0.8530234694480896,-0.059087423940370094,0.15295232751046087,b1e33112f7e7d20ff3c4ee5b1e2350cb23738f4e1e7f2e62109fd76b154ea3a4
H2500,validation,37899,33256,correct,1,correct/37899-1.png,d4dfe56d6ce0fcf0ea5606a9f0ed292faba1b19c051bbb4d40e21dd6891dd50b,629893a99bb17770d426478998a45344e27f8eba31b7e71752c77b289209c486,,0.8430737257003784,0.022465648805932426,0.11826498142252798,b1e33112f7e7d20ff3c4ee5b1e2350cb23738f4e1e7f2e62109fd76b154ea3a4
H2500,validation,33256,56963,correct,0,correct/33256-0.png,e20e33411ec5dd450bf01e059c08207c15a513346d09826c445580787ed36dca,86b501873a0d26c60880d575e1f54af549d3b20cd28a16a7ca5289db1f67a9fc,,0.6916807889938354,-0.2113708329258139,0.7513476507472768,b1e33112f7e7d20ff3c4ee5b1e2350cb23738f4e1e7f2e62109fd76b154ea3a4
H2500,validation,33256,56963,correct,1,correct/33256-1.png,8e38f276b4dc275bd8eafcd587ad3e94df5f6a7d852414cb1d6c9bed8beb21b2,86b501873a0d26c60880d575e1f54af549d3b20cd28a16a7ca5289db1f67a9fc,,0.5471136569976807,0.42587787299005747,0.7004135380628215,b1e33112f7e7d20ff3c4ee5b1e2350cb23738f4e1e7f2e62109fd76b154ea3a4
H2500,validation,56963,71264,correct,0,correct/56963-0.png,6e802b05acdc10a3b9f8c6d12a0bdae00eb0250b186cec46275a090351b85aa8,2a86f375d79414ab29ddb65865e5d49f8a11fba1e3cf6184b114e919ab8ebb7b,,0.6008122563362122,-0.25997833629246775,0.5137094328920384,b1e33112f7e7d20ff3c4ee5b1e2350cb23738f4e1e7f2e62109fd76b154ea3a4
H2500,validation,56963,71264,correct,1,correct/56963-1.png,e23f7a9251bd6cf94f33ec1516c5030ef0fd8d3d0f80ef4ed0a867bc41f438e6,2a86f375d79414ab29ddb65865e5d49f8a11fba1e3cf6184b114e919ab8ebb7b,,0.5904729962348938,-0.4912699527367991,0.6734815843998638,b1e33112f7e7d20ff3c4ee5b1e2350cb23738f4e1e7f2e62109fd76b154ea3a4
H2500,validation,71264,38887,correct,0,correct/71264-0.png,2aebb65bb6797ef2918e0a3171c2669522b10600f735a3c53908070a708dce5b,1ab2809ecf5666a811dd554fad64cc76b25753a15d25ca61066543688aae7551,,0.5693537592887878,0.04121578882079423,0.2978724242704069,b1e33112f7e7d20ff3c4ee5b1e2350cb23738f4e1e7f2e62109fd76b154ea3a4
H2500,validation,71264,38887,correct,1,correct/71264-1.png,5d9017786f976c9a2461571907d26af7e76049eafc94f8576aa6159e668554e5,1ab2809ecf5666a811dd554fad64cc76b25753a15d25ca61066543688aae7551,,0.6470396518707275,-0.11688333307570006,0.2696602979260329,b1e33112f7e7d20ff3c4ee5b1e2350cb23738f4e1e7f2e62109fd76b154ea3a4
H2500,validation,38887,59101,correct,0,correct/38887-0.png,2baab9c33828d57543ad01b0662108979b8e5e6ced8cc528f99f3dd799d54153,935314d65bbc6fcadf076d7a4ee3490c58e54c5cee96e829cdfdc18a2d883f7a,,0.6028738617897034,-0.19999520929788286,0.23090385985739137,b1e33112f7e7d20ff3c4ee5b1e2350cb23738f4e1e7f2e62109fd76b154ea3a4
H2500,validation,38887,59101,correct,1,correct/38887-1.png,0d8db95fe55fa39eab3360e7d288ca8f64d69433c2eeb3ca93d5ff41aad6a176,935314d65bbc6fcadf076d7a4ee3490c58e54c5cee96e829cdfdc18a2d883f7a,,0.7007060647010803,-0.024305488085008528,0.4096993813989098,b1e33112f7e7d20ff3c4ee5b1e2350cb23738f4e1e7f2e62109fd76b154ea3a4
H2500,validation,59101,29511,correct,0,correct/59101-0.png,6bc352db0ace6f29254dfc0c1503a8137eb96c9ccf06db27a75d2fa6fced58ad,a5a329854569c769d5979c8a8e7d124a054c4337774cc0c1faef19013c99764c,,0.6735537648200989,-0.1644472461264794,0.173218422538458,b1e33112f7e7d20ff3c4ee5b1e2350cb23738f4e1e7f2e62109fd76b154ea3a4
H2500,validation,59101,29511,correct,1,correct/59101-1.png,10d1524b0490f95783d38dd3e6907a14fffde1cd5883caed5a3ffcf5a0dfc555,a5a329854569c769d5979c8a8e7d124a054c4337774cc0c1faef19013c99764c,,0.5799373388290405,0.13876517281304304,0.18221315131352409,b1e33112f7e7d20ff3c4ee5b1e2350cb23738f4e1e7f2e62109fd76b154ea3a4
H2500,validation,29511,58157,correct,0,correct/29511-0.png,5b4a99df298fcdb01a99b6f04531dc2ae89e7f4ce7742b4f3a87ee502e3d25a4,817d80b6c9a309e1dfa865392dcf7d7ecd062491eb05e93e5aa65a6b401fc43d,,0.575681209564209,0.26492668034056494,0.769242926915527,b1e33112f7e7d20ff3c4ee5b1e2350cb23738f4e1e7f2e62109fd76b154ea3a4
H2500,validation,29511,58157,correct,1,correct/29511-1.png,ef5a80283b76656e2a056601b7cb176176653e08f85d20a25d82538203847b33,817d80b6c9a309e1dfa865392dcf7d7ecd062491eb05e93e5aa65a6b401fc43d,,0.5627022981643677,0.3608923271392192,0.7213974263410936,b1e33112f7e7d20ff3c4ee5b1e2350cb23738f4e1e7f2e62109fd76b154ea3a4
H2500,validation,58157,31251,correct,0,correct/58157-0.png,f8403aa11822da1a6bd7c8d95d458e0161e70c99b4bb500da559c60a517c1cf1,4b61f00d9bdcd41ace4a004be41ee4d4a23ad5a776e6f35ae572d4f3eee05833,,0.5097796320915222,-0.03695525465858331,0.3125664493697403,b1e33112f7e7d20ff3c4ee5b1e2350cb23738f4e1e7f2e62109fd76b154ea3a4
H2500,validation,58157,31251,correct,1,correct/58157-1.png,433b9435f46be220650ab3b3a3173da8267f684fb013d99dd88419f6c389ab59,4b61f00d9bdcd41ace4a004be41ee4d4a23ad5a776e6f35ae572d4f3eee05833,,0.618235170841217,0.07859286149800015,0.31896918224560433,b1e33112f7e7d20ff3c4ee5b1e2350cb23738f4e1e7f2e62109fd76b154ea3a4
H2500,validation,31251,67261,correct,0,correct/31251-0.png,c1333fa7d382e0f4b24e8c679abd17937145d2050002a2353cf7b7e51a97d225,e5f0e3a8dc2c1565ea64895ca5a006b9bb42d38db54d6b7250819fac9437ba10,,0.549448549747467,0.07333123604299353,0.20256827389498422,b1e33112f7e7d20ff3c4ee5b1e2350cb23738f4e1e7f2e62109fd76b154ea3a4
H2500,validation,31251,67261,correct,1,correct/31251-1.png,61b890478d124285d50dd4fea8228b3ff0ffdc8204832f35a511be80e78b0196,e5f0e3a8dc2c1565ea64895ca5a006b9bb42d38db54d6b7250819fac9437ba10,,0.5345844030380249,-0.1666414593388811,0.3144349406296031,b1e33112f7e7d20ff3c4ee5b1e2350cb23738f4e1e7f2e62109fd76b154ea3a4
H2500,validation,67261,43211,correct,0,correct/67261-0.png,dd3ada274913b55a4f9eac0a83bf7d6564bc2f78da4ae65a34fc69fe311204f9,07d147ea3b9d3318ea32f5e662fa389b31b191e1a62054fbee38368b34abad9a,,0.6740479469299316,0.015078688236689787,0.29748195443709996,b1e33112f7e7d20ff3c4ee5b1e2350cb23738f4e1e7f2e62109fd76b154ea3a4
H2500,validation,67261,43211,correct,1,correct/67261-1.png,2e1b38ed5a3376581b99f7bafac2be2cec59991e55cf971a575f781799f37b14,07d147ea3b9d3318ea32f5e662fa389b31b191e1a62054fbee38368b34abad9a,,0.7258967757225037,0.30528203576779217,0.24347167996894745,b1e33112f7e7d20ff3c4ee5b1e2350cb23738f4e1e7f2e62109fd76b154ea3a4
L2500,validation,43211,17865,correct,0,correct/43211-0.png,77ac4bb2f1341bda0de265283b2beb4d54b05e548460d9adf12b3a6461a4e24c,51997d1b8dfb2ba5536f803a6a501f92ac7aa8de559cd12422c94d8dcdafa75f,,0.669317901134491,-0.21482934646551655,0.4497178771951086,6566481fadbaf44e28ac82e83603b4317a23b1dc5eacccc685e812c41118ff4d
L2500,validation,43211,17865,correct,1,correct/43211-1.png,92c82897475fc1fa1b5a548b8bef871e056bfeebd94444abf14912fee407d3cc,51997d1b8dfb2ba5536f803a6a501f92ac7aa8de559cd12422c94d8dcdafa75f,,0.6299139857292175,-0.11408240358739911,0.4236170299569873,6566481fadbaf44e28ac82e83603b4317a23b1dc5eacccc685e812c41118ff4d
L2500,validation,17865,54054,correct,0,correct/17865-0.png,4839361fcd8e9055d5e0da3fa690702183ece5c637ebfa55a0cc2f76497d2650,e5721f7fc6a25892b67b1890444205c11a4b42650846fb8c32692ebfc24a5e21,,0.7618998289108276,0.3352870936264297,0.6593920480874215,6566481fadbaf44e28ac82e83603b4317a23b1dc5eacccc685e812c41118ff4d
L2500,validation,17865,54054,correct,1,correct/17865-1.png,64a79f25ac283d6ce2a6621a9ed53122932859cf28c4c82bf840bfaad1f0a9e1,e5721f7fc6a25892b67b1890444205c11a4b42650846fb8c32692ebfc24a5e21,,0.7691562175750732,0.6188313778439006,0.7322181458604192,6566481fadbaf44e28ac82e83603b4317a23b1dc5eacccc685e812c41118ff4d
L2500,validation,54054,25374,correct,0,correct/54054-0.png,22e8ce3fc30cf887d65fb6c9c70a84a6a5f0ad115d74df4bb7ac7aabf503242f,0db80f2d7af980752c3784ad0042e73a874a5deb2674c608d33e040fe95a43eb,,0.49604809284210205,0.03582113796736327,0.17154453218852875,6566481fadbaf44e28ac82e83603b4317a23b1dc5eacccc685e812c41118ff4d
L2500,validation,54054,25374,correct,1,correct/54054-1.png,62c50bd815d78514708eafbe285b63fbc7263415e3b9426591252f0d3df2b3ae,0db80f2d7af980752c3784ad0042e73a874a5deb2674c608d33e040fe95a43eb,,0.4798688590526581,-0.1103151448220795,0.275666246204061,6566481fadbaf44e28ac82e83603b4317a23b1dc5eacccc685e812c41118ff4d
L2500,validation,25374,48911,correct,0,correct/25374-0.png,8170d685040067992e776894681e8527a51ebaf899beb82147d6faabfa7d6481,37f95ff4b1366fba53a914809bf816cb99a935f4eeb41f5594bd180a43d18f68,,0.5035045146942139,0.19695373118209236,0.31194739980900843,6566481fadbaf44e28ac82e83603b4317a23b1dc5eacccc685e812c41118ff4d
L2500,validation,25374,48911,correct,1,correct/25374-1.png,bd40de11f27b6185195e7de6d91939bbb1655a65030586c951a294c7934e6540,37f95ff4b1366fba53a914809bf816cb99a935f4eeb41f5594bd180a43d18f68,,0.5527680516242981,0.011253050766835795,0.3572815894605265,6566481fadbaf44e28ac82e83603b4317a23b1dc5eacccc685e812c41118ff4d
L2500,validation,48911,15191,correct,0,correct/48911-0.png,8d7863e231e933411c3965fab0b2006d2db050a2d9cacb0dc97a22576b75b495,8ad68502859bf42c9102a042830eee55294dbb5c926064febb48b07944b52f81,,0.5725224614143372,-0.012647403987389555,0.15425029719136452,6566481fadbaf44e28ac82e83603b4317a23b1dc5eacccc685e812c41118ff4d
L2500,validation,48911,15191,correct,1,correct/48911-1.png,ec0fb45b1e7c57d06f5cc4db59bdbce67480c88ccb66bfbd1d728473d9d8b227,8ad68502859bf42c9102a042830eee55294dbb5c926064febb48b07944b52f81,,0.6121215224266052,0.04064136378441634,0.18690184877869986,6566481fadbaf44e28ac82e83603b4317a23b1dc5eacccc685e812c41118ff4d
L2500,validation,15191,28157,correct,0,correct/15191-0.png,775d2457a8a2e9bc67294c68fae049b643a92a683c8a3cb0a76b0c83c61bbec0,537bbfdfce21f636e1015158b194a4e2d2d689de6ff0321e5eb3908f0493cb51,,0.5398069620132446,-0.02014179166199057,0.14815461657317983,6566481fadbaf44e28ac82e83603b4317a23b1dc5eacccc685e812c41118ff4d
L2500,validation,15191,28157,correct,1,correct/15191-1.png,b72ec71b3e80f0c8f09aee64fdde44e46a23f236a2887e57130fc2ed05f30f8a,537bbfdfce21f636e1015158b194a4e2d2d689de6ff0321e5eb3908f0493cb51,,0.6206551790237427,0.2470039720390974,0.12526004584839803,6566481fadbaf44e28ac82e83603b4317a23b1dc5eacccc685e812c41118ff4d
L2500,validation,28157,29610,correct,0,correct/28157-0.png,6a363a96bf0e17989549b9c57217913effbe54f2e470b4865ac8f080009c2855,ec925fe3fab5e7b1bb5d16156520ab338c7943b8b515d2fa26dba8141aa937f8,,0.596411943435669,-0.028787290473666707,0.24544299575589035,6566481fadbaf44e28ac82e83603b4317a23b1dc5eacccc685e812c41118ff4d
L2500,validation,28157,29610,correct,1,correct/28157-1.png,d088c24eda9cd6f2cc2bf9dfb2f48076ca16bd5795695c985c5af35b2fb2906e,ec925fe3fab5e7b1bb5d16156520ab338c7943b8b515d2fa26dba8141aa937f8,,0.8010809421539307,-0.02301486961446369,0.27549995821227014,6566481fadbaf44e28ac82e83603b4317a23b1dc5eacccc685e812c41118ff4d
L2500,validation,29610,13223,correct,0,correct/29610-0.png,dbf5d445707ff51aaf206ee96981f998d9220a780a2d937bcca0e83190dcc40a,2ae50f9742d391fd0fe71c0bfef43df838fa3ca392535725cf68c53bbb1f563d,,0.6965323090553284,0.1670713906219313,0.20319001719843002,6566481fadbaf44e28ac82e83603b4317a23b1dc5eacccc685e812c41118ff4d
L2500,validation,29610,13223,correct,1,correct/29610-1.png,e00e735a72ae78eb50c3762acef7640d36ea0ede289dfd6e69876fa3381d8761,2ae50f9742d391fd0fe71c0bfef43df838fa3ca392535725cf68c53bbb1f563d,,0.5777202844619751,0.03575355900837083,0.16597757385526118,6566481fadbaf44e28ac82e83603b4317a23b1dc5eacccc685e812c41118ff4d
L2500,validation,13223,62587,correct,0,correct/13223-0.png,e8f3d7a70615727bfea2d7b945d589338e5183180f8796dfeee9f102559fefe7,151ac8204aa06a1329ec12935f38119f3c7da229681b903942203c3f8a0e3524,,0.48011085391044617,0.130309799958546,0.40527013165713854,6566481fadbaf44e28ac82e83603b4317a23b1dc5eacccc685e812c41118ff4d
L2500,validation,13223,62587,correct,1,correct/13223-1.png,a541545620dffb581b709843825c48c934d1a8bbab9383039d892c44fb27b74c,151ac8204aa06a1329ec12935f38119f3c7da229681b903942203c3f8a0e3524,,0.5982669591903687,0.5288265243663121,0.44253280011880597,6566481fadbaf44e28ac82e83603b4317a23b1dc5eacccc685e812c41118ff4d
L2500,validation,62587,34998,correct,0,correct/62587-0.png,b054cc61714391b227a09687abd3a09049512b68326b7e3d58a827b5f6cf18b1,2e2aff2f23fc2b9925dee499af061bc8faf0e4b2205408190483ebb27887b89f,,0.5747858881950378,0.46392090434873423,0.41936432749713015,6566481fadbaf44e28ac82e83603b4317a23b1dc5eacccc685e812c41118ff4d
L2500,validation,62587,34998,correct,1,correct/62587-1.png,a68dd3bda1243cf4759fd62161570bec250c55a70897761bb6aeb8bdf9abe3ba,2e2aff2f23fc2b9925dee499af061bc8faf0e4b2205408190483ebb27887b89f,,0.5797702670097351,0.445322694641427,0.4087730973660889,6566481fadbaf44e28ac82e83603b4317a23b1dc5eacccc685e812c41118ff4d
L2500,validation,34998,29815,correct,0,correct/34998-0.png,651598d2c3dfba2d79764d5fbfee4b5030f27f8a513ad817aea4ddd001fc1b02,6f805d3582b97d85cd70ae69a48a89bffc50b7fa4e3193e80c213cd9182003ab,,0.8447992205619812,0.1781746181115755,0.3931837653494567,6566481fadbaf44e28ac82e83603b4317a23b1dc5eacccc685e812c41118ff4d
L2500,validation,34998,29815,correct,1,correct/34998-1.png,1797116f3fc28f9378e9dff6e56d69956e4ec555d7912bc39f82c90b1b3a06aa,6f805d3582b97d85cd70ae69a48a89bffc50b7fa4e3193e80c213cd9182003ab,,0.8653564453125,0.12650593970714002,0.29168503387008715,6566481fadbaf44e28ac82e83603b4317a23b1dc5eacccc685e812c41118ff4d
L2500,validation,29815,42302,correct,0,correct/29815-0.png,1c93716aa039816ad26e4045a6f06bac47592fb513ca2f0b0626d16a3af16be5,a39add8080e3550675b96b362a37fab98f076206646784747727aba02ccb441f,,0.8429952263832092,0.0465823573569488,0.6617637527668784,6566481fadbaf44e28ac82e83603b4317a23b1dc5eacccc685e812c41118ff4d
L2500,validation,29815,42302,correct,1,correct/29815-1.png,feeb7f43d2783c66027bf1d34b03dc882668270524753689a815071775e66cf4,a39add8080e3550675b96b362a37fab98f076206646784747727aba02ccb441f,,0.7861905097961426,0.34958383009751065,0.6269846335791687,6566481fadbaf44e28ac82e83603b4317a23b1dc5eacccc685e812c41118ff4d
L2500,validation,42302,68553,correct,0,correct/42302-0.png,53e04fe14c5d9555c65de196f4abe3164e6d5c1b80fecbd102c3a100858504e9,798d9a0e9714488f7c39c6060133997bdf84645985fa35d4a29fbb7903237138,,0.5798565149307251,0.12065032467710454,0.11742155143604814,6566481fadbaf44e28ac82e83603b4317a23b1dc5eacccc685e812c41118ff4d
L2500,validation,42302,68553,correct,1,correct/42302-1.png,fbba7aef23a928cdcff40fe142e857c050159f75dac7a9b185c3e237a6ffad51,798d9a0e9714488f7c39c6060133997bdf84645985fa35d4a29fbb7903237138,,0.5799174308776855,0.2794687649031056,0.1409093197053126,6566481fadbaf44e28ac82e83603b4317a23b1dc5eacccc685e812c41118ff4d
L2500,validation,68553,65690,correct,0,correct/68553-0.png,288aa5cc34afcb513436fd70ab83e964c8dd322a8302b9c7f9fdc116b72f8ddb,caf8bc08485eefd14cba2623b55ca9f95e63a0503c4ed55a73001f8f0df0cca1,,0.7864558696746826,-0.0007954116837606283,0.3657098770667354,6566481fadbaf44e28ac82e83603b4317a23b1dc5eacccc685e812c41118ff4d
L2500,validation,68553,65690,correct,1,correct/68553-1.png,73ac07dabdf608a374a1a02139765453ee45755a6394a0c0b0a884a381fe416a,caf8bc08485eefd14cba2623b55ca9f95e63a0503c4ed55a73001f8f0df0cca1,,0.7295695543289185,0.17027074693393776,0.36192254191228346,6566481fadbaf44e28ac82e83603b4317a23b1dc5eacccc685e812c41118ff4d
L2500,validation,65690,41120,correct,0,correct/65690-0.png,c60d1342f43793571b925d485597dbd30dce926b7fc6a8ffb76bc49cd23c1bee,35857398d867ad0f304a016cfa80fd961782df553341722457076961b12d547a,,0.6282229423522949,0.2036736562790878,0.5006599343121001,6566481fadbaf44e28ac82e83603b4317a23b1dc5eacccc685e812c41118ff4d
L2500,validation,65690,41120,correct,1,correct/65690-1.png,623326f721b9891e99c5f70902ab7aafc5ebba488cbdbdb5f9370ef4f0d869d0,35857398d867ad0f304a016cfa80fd961782df553341722457076961b12d547a,,0.6367729306221008,-0.03774274521995326,0.46211437944374534,6566481fadbaf44e28ac82e83603b4317a23b1dc5eacccc685e812c41118ff4d
L2500,validation,41120,64050,correct,0,correct/41120-0.png,08333fcf0b253e7bb207821b7d5d4750c322d41c38ef3de1fa1240259979c78f,d03dcc249f7451f3f8ada458ec2d88f728188963580a6a8e7deb249fa372e0aa,,0.6401118636131287,0.03149336276109759,0.042637118216363325,6566481fadbaf44e28ac82e83603b4317a23b1dc5eacccc685e812c41118ff4d
L2500,validation,41120,64050,correct,1,correct/41120-1.png,eff041bb1dd70b1a4b2a8640b0d46bf4812ea45a8bfcf6ce8d6fc94e9068b697,d03dcc249f7451f3f8ada458ec2d88f728188963580a6a8e7deb249fa372e0aa,,0.6466532945632935,-0.024667657516637877,0.04793329097704687,6566481fadbaf44e28ac82e83603b4317a23b1dc5eacccc685e812c41118ff4d
L2500,validation,64050,21558,correct,0,correct/64050-0.png,dfaa10af9d5d03bdb04a652438c307da64847c16b90d8d2350d1938fc188703e,63d4473c9bd7d578297cfd4edd274ad9e82bac7b6faa64d88c28976d6ec1fb5f,,0.682438850402832,0.4853243804413978,0.4878012112951829,6566481fadbaf44e28ac82e83603b4317a23b1dc5eacccc685e812c41118ff4d
L2500,validation,64050,21558,correct,1,correct/64050-1.png,b2d6d54f96239ee5aa8beb7c63470217cb3a75f457521ae408ed9b5aaba12c38,63d4473c9bd7d578297cfd4edd274ad9e82bac7b6faa64d88c28976d6ec1fb5f,,0.6070298552513123,0.4572584689537067,0.5211930284747082,6566481fadbaf44e28ac82e83603b4317a23b1dc5eacccc685e812c41118ff4d
L2500,validation,21558,16800,correct,0,correct/21558-0.png,ae00cd56614d823019c482b538a0520e3dced55a910b9b39383e1ad744ed7a06,6362e4fc28bde29a837b05e6b7e0d6812cc400f7647f05718b8a2220121a141f,,0.6784132719039917,0.2786495170696147,0.4064962254414343,6566481fadbaf44e28ac82e83603b4317a23b1dc5eacccc685e812c41118ff4d
L2500,validation,21558,16800,correct,1,correct/21558-1.png,8d7f7572b09c581c4bd101d8724cacd1d756834765c6e157acd97b34ebc86d10,6362e4fc28bde29a837b05e6b7e0d6812cc400f7647f05718b8a2220121a141f,,0.6904999017715454,0.06404705015310577,0.33810104677986874,6566481fadbaf44e28ac82e83603b4317a23b1dc5eacccc685e812c41118ff4d
L2500,validation,16800,5683,correct,0,correct/16800-0.png,f033f4e80da030f1c0c16faecb44571456e04503c5a3da7ee330869bbf6ab353,ff7fee16db8e33ae75b4486a28b577318c44ec7808cb9ba370cef6cc3db9be07,,0.715619683265686,-0.04511193954904652,0.4060573229432543,6566481fadbaf44e28ac82e83603b4317a23b1dc5eacccc685e812c41118ff4d
L2500,validation,16800,5683,correct,1,correct/16800-1.png,5bd87e3c6433e19005fad5414c7e128835c84ba52e66168fea4964b5542b3dc4,ff7fee16db8e33ae75b4486a28b577318c44ec7808cb9ba370cef6cc3db9be07,,0.6749225854873657,-0.03860034622722453,0.4031353238790843,6566481fadbaf44e28ac82e83603b4317a23b1dc5eacccc685e812c41118ff4d
L2500,validation,5683,29400,correct,0,correct/5683-0.png,85dc8a50ecc23d55a50415d7715244e712493cf6e49ac7cb584141ebf0229883,dab15aaea07924ca092204e2fccc2a4004374624a14d2f2fb7edd39e5d51b572,,0.5993185043334961,-0.2501664439235982,0.5306181238571461,6566481fadbaf44e28ac82e83603b4317a23b1dc5eacccc685e812c41118ff4d
L2500,validation,5683,29400,correct,1,correct/5683-1.png,f39654dd12cbfe3be9fd77cb8f6e5ea47e09272ee44735458a5fb6aeaf5ed232,dab15aaea07924ca092204e2fccc2a4004374624a14d2f2fb7edd39e5d51b572,,0.6389000415802002,0.08862033474394226,0.5572666912969775,6566481fadbaf44e28ac82e83603b4317a23b1dc5eacccc685e812c41118ff4d
L2500,validation,29400,51865,correct,0,correct/29400-0.png,154c5c79dac050dd2d89c0bac00a47744b6e07fb550dadfa225cd50331af5973,40b419ca8b5118885e868fed2103a8ab523467d8fb16c86b7c9002c835890544,,0.44616371393203735,-0.1947963879320994,0.21354834245648843,6566481fadbaf44e28ac82e83603b4317a23b1dc5eacccc685e812c41118ff4d
L2500,validation,29400,51865,correct,1,correct/29400-1.png,cdc42873b2ef5f7c31d9f76cd8adeac3bd145aef3d2d3d51300b3ef0794ee0ef,40b419ca8b5118885e868fed2103a8ab523467d8fb16c86b7c9002c835890544,,0.48627400398254395,-0.052077536939894115,0.19918306445525516,6566481fadbaf44e28ac82e83603b4317a23b1dc5eacccc685e812c41118ff4d
L2500,validation,51865,37899,correct,0,correct/51865-0.png,66b92eac0c48e6502d92b4270ea2a6c42265c2ea700ce9dc66514b196be42e7a,2dfe65b24b19251e4fcbb42ffad8a5e9dcd0530ccf4a99ea24f46f1813ff6df8,,0.6249856948852539,-0.0008982611334268084,0.13752640890074613,6566481fadbaf44e28ac82e83603b4317a23b1dc5eacccc685e812c41118ff4d
L2500,validation,51865,37899,correct,1,correct/51865-1.png,c3fbbb4889e65f2f9f88519c436db6081c0eb02c690ecb7308ebbcae7fc2f6bc,2dfe65b24b19251e4fcbb42ffad8a5e9dcd0530ccf4a99ea24f46f1813ff6df8,,0.6322277188301086,0.10177814490547438,0.17611243260569326,6566481fadbaf44e28ac82e83603b4317a23b1dc5eacccc685e812c41118ff4d
L2500,validation,37899,33256,correct,0,correct/37899-0.png,cc627842366cb4319fef44a7fc259f5e110524ee316dc796785b79df16ecf194,629893a99bb17770d426478998a45344e27f8eba31b7e71752c77b289209c486,,0.8616722226142883,0.016599706050872493,0.13028019619200287,6566481fadbaf44e28ac82e83603b4317a23b1dc5eacccc685e812c41118ff4d
L2500,validation,37899,33256,correct,1,correct/37899-1.png,8d1b9365278542a98f143c120dd51604ded7952653a4a68025b20542363c1cdf,629893a99bb17770d426478998a45344e27f8eba31b7e71752c77b289209c486,,0.856483519077301,0.04488041548255966,0.1380378374664542,6566481fadbaf44e28ac82e83603b4317a23b1dc5eacccc685e812c41118ff4d
L2500,validation,33256,56963,correct,0,correct/33256-0.png,d056a9c9b1081c72edbe97699425cda7b0ae9ca6f51ffebc9a829f869865cf23,86b501873a0d26c60880d575e1f54af549d3b20cd28a16a7ca5289db1f67a9fc,,0.6014823913574219,-0.1398964233311657,0.6570450774768044,6566481fadbaf44e28ac82e83603b4317a23b1dc5eacccc685e812c41118ff4d
L2500,validation,33256,56963,correct,1,correct/33256-1.png,68d02b5adcd3b68a62473b5ac7d1d2af0668186c3288855f01ded9130187480f,86b501873a0d26c60880d575e1f54af549d3b20cd28a16a7ca5289db1f67a9fc,,0.5775113105773926,0.5245318023636321,0.7368698982621618,6566481fadbaf44e28ac82e83603b4317a23b1dc5eacccc685e812c41118ff4d
L2500,validation,56963,71264,correct,0,correct/56963-0.png,52e52097fdbd8cb21336d5a4dca8fce75eb9f72ade2ac9adf3e7abfc85ea1c13,2a86f375d79414ab29ddb65865e5d49f8a11fba1e3cf6184b114e919ab8ebb7b,,0.5736551284790039,-0.030836945976253253,0.578056244328479,6566481fadbaf44e28ac82e83603b4317a23b1dc5eacccc685e812c41118ff4d
L2500,validation,56963,71264,correct,1,correct/56963-1.png,9f959b83c7c3da252d18fd1cf8be419a0855789e496fa3b33118102e658fac1d,2a86f375d79414ab29ddb65865e5d49f8a11fba1e3cf6184b114e919ab8ebb7b,,0.541763186454773,-0.4236482889580524,0.7176736762185351,6566481fadbaf44e28ac82e83603b4317a23b1dc5eacccc685e812c41118ff4d
L2500,validation,71264,38887,correct,0,correct/71264-0.png,3d5996af9dd731703852d2b4c95280560139b20c45538c167d296b9ad58576b4,1ab2809ecf5666a811dd554fad64cc76b25753a15d25ca61066543688aae7551,,0.6103686094284058,-0.09608734069434575,0.3421594147839284,6566481fadbaf44e28ac82e83603b4317a23b1dc5eacccc685e812c41118ff4d
L2500,validation,71264,38887,correct,1,correct/71264-1.png,72abcc5a920440a26ddd8030c8b2096d6f34ce63d4a7467f6698fef983048cc8,1ab2809ecf5666a811dd554fad64cc76b25753a15d25ca61066543688aae7551,,0.6549572348594666,-0.2244395841666412,0.3076898892621308,6566481fadbaf44e28ac82e83603b4317a23b1dc5eacccc685e812c41118ff4d
L2500,validation,38887,59101,correct,0,correct/38887-0.png,94729cc22feaf2faae99bebe36a254e8bff61af7efee57538787d40eeae3eeff,935314d65bbc6fcadf076d7a4ee3490c58e54c5cee96e829cdfdc18a2d883f7a,,0.6375727653503418,-0.18091304264342448,0.20421849181516374,6566481fadbaf44e28ac82e83603b4317a23b1dc5eacccc685e812c41118ff4d
L2500,validation,38887,59101,correct,1,correct/38887-1.png,0cc8218b429336838427de5e940602a569b462c074395bd84eba8004e8cb0310,935314d65bbc6fcadf076d7a4ee3490c58e54c5cee96e829cdfdc18a2d883f7a,,0.5990381836891174,-0.013117538949720304,0.43583779111284143,6566481fadbaf44e28ac82e83603b4317a23b1dc5eacccc685e812c41118ff4d
L2500,validation,59101,29511,correct,0,correct/59101-0.png,f72cf04993256199f429ece9b48de8019dbdcbb4668731ed3e48fb6858f3beaa,a5a329854569c769d5979c8a8e7d124a054c4337774cc0c1faef19013c99764c,,0.7048449516296387,-0.15195772540028146,0.170469121999086,6566481fadbaf44e28ac82e83603b4317a23b1dc5eacccc685e812c41118ff4d
L2500,validation,59101,29511,correct,1,correct/59101-1.png,62976a82a6452604f3bd3c8376d2f5c793ffb1cec8078dc01f5e667ddb9273d7,a5a329854569c769d5979c8a8e7d124a054c4337774cc0c1faef19013c99764c,,0.6255714893341064,0.1373058675065547,0.21095608558165851,6566481fadbaf44e28ac82e83603b4317a23b1dc5eacccc685e812c41118ff4d
L2500,validation,29511,58157,correct,0,correct/29511-0.png,06c41aab43e4ec2833ca2a4f0f4e013fc7a90fceb13832160ddd51734ab7b450,817d80b6c9a309e1dfa865392dcf7d7ecd062491eb05e93e5aa65a6b401fc43d,,0.5775312781333923,0.3507504544794031,0.7711756861370435,6566481fadbaf44e28ac82e83603b4317a23b1dc5eacccc685e812c41118ff4d
L2500,validation,29511,58157,correct,1,correct/29511-1.png,b6d43a4003879bac4b1139d4a6f8bc78e5a42010247f35672041652942dff92d,817d80b6c9a309e1dfa865392dcf7d7ecd062491eb05e93e5aa65a6b401fc43d,,0.5557153224945068,0.4074176651301427,0.7150321613616397,6566481fadbaf44e28ac82e83603b4317a23b1dc5eacccc685e812c41118ff4d
L2500,validation,58157,31251,correct,0,correct/58157-0.png,ca78b20acc3f0946c33331d8c58a239851b734f233e8ebdf8a0b2b08715a8fb0,4b61f00d9bdcd41ace4a004be41ee4d4a23ad5a776e6f35ae572d4f3eee05833,,0.5460014343261719,-0.03328085639782245,0.3225039283428315,6566481fadbaf44e28ac82e83603b4317a23b1dc5eacccc685e812c41118ff4d
L2500,validation,58157,31251,correct,1,correct/58157-1.png,ed1f807b6df5d393e5c654e485380864f4890dd22d8a9365da653617b80d6959,4b61f00d9bdcd41ace4a004be41ee4d4a23ad5a776e6f35ae572d4f3eee05833,,0.7501253485679626,0.07258028582392471,0.3261713220345762,6566481fadbaf44e28ac82e83603b4317a23b1dc5eacccc685e812c41118ff4d
L2500,validation,31251,67261,correct,0,correct/31251-0.png,fa0e758ddac18f5cf6f83a83518be042810fef52668c3bf2959eed3c4acb6342,e5f0e3a8dc2c1565ea64895ca5a006b9bb42d38db54d6b7250819fac9437ba10,,0.5951523184776306,0.18712102959899513,0.30562806070703696,6566481fadbaf44e28ac82e83603b4317a23b1dc5eacccc685e812c41118ff4d
L2500,validation,31251,67261,correct,1,correct/31251-1.png,668a8719d27ff7f5a02c92a1cde32e8de172a0d2d8b512b1c61ce31cb1d00f21,e5f0e3a8dc2c1565ea64895ca5a006b9bb42d38db54d6b7250819fac9437ba10,,0.558627188205719,-0.18864335249842037,0.3418808344750919,6566481fadbaf44e28ac82e83603b4317a23b1dc5eacccc685e812c41118ff4d
L2500,validation,67261,43211,correct,0,correct/67261-0.png,714bea67437903389f6b6e43fd30cf5d862b0ae3afa29798030e82dcf1056c00,07d147ea3b9d3318ea32f5e662fa389b31b191e1a62054fbee38368b34abad9a,,0.739901065826416,0.09678408293013754,0.29516794707445365,6566481fadbaf44e28ac82e83603b4317a23b1dc5eacccc685e812c41118ff4d
L2500,validation,67261,43211,correct,1,correct/67261-1.png,b4acee9e6832b49f805544d4567279cd5ba636b5c123335cc667d6b4c30ab530,07d147ea3b9d3318ea32f5e662fa389b31b191e1a62054fbee38368b34abad9a,,0.6198151111602783,0.33303932450346724,0.25178296326119465,6566481fadbaf44e28ac82e83603b4317a23b1dc5eacccc685e812c41118ff4d
H5000,validation,43211,17865,correct,0,correct/43211-0.png,610999c6a9ac97db1394a64fff6a48b0e39d21c48d2347f48e67fa8f92ba772e,51997d1b8dfb2ba5536f803a6a501f92ac7aa8de559cd12422c94d8dcdafa75f,,0.6235580444335938,-0.15481083780885938,0.44789887688106655,5a2ee73a5ab51674e36dffb8d4cd15aa5900236477a66d12bacbc1f16fdae65f
H5000,validation,43211,17865,correct,1,correct/43211-1.png,9e9fc17c854255577ef4892bdc23f8f1c398dfb33086093053affcae7d9c542d,51997d1b8dfb2ba5536f803a6a501f92ac7aa8de559cd12422c94d8dcdafa75f,,0.5909402370452881,0.05827090675020621,0.43304368667435084,5a2ee73a5ab51674e36dffb8d4cd15aa5900236477a66d12bacbc1f16fdae65f
H5000,validation,43211,17865,wrong,0,wrong/43211-0.png,278d66c3de4edb92ceff7c2de70f8b1ea0ae6895c7dee7052d319d8ba0b0d608,51997d1b8dfb2ba5536f803a6a501f92ac7aa8de559cd12422c94d8dcdafa75f,,0.7030705809593201,0.053830416132457426,0.45810404626944873,5a2ee73a5ab51674e36dffb8d4cd15aa5900236477a66d12bacbc1f16fdae65f
H5000,validation,43211,17865,wrong,1,wrong/43211-1.png,b9a1a9a59ef10e2032b6d959bab8e037b939023eab2a2f78918188c57b2d0114,51997d1b8dfb2ba5536f803a6a501f92ac7aa8de559cd12422c94d8dcdafa75f,,0.5279335975646973,0.14560028160405347,0.4614923191836399,5a2ee73a5ab51674e36dffb8d4cd15aa5900236477a66d12bacbc1f16fdae65f
H5000,validation,17865,54054,correct,0,correct/17865-0.png,b38d19420f1e549fa8e60522d2e371e0180539a9693020b74559475eaf378965,e5721f7fc6a25892b67b1890444205c11a4b42650846fb8c32692ebfc24a5e21,,0.7946214079856873,0.3605055483240225,0.703402719271574,5a2ee73a5ab51674e36dffb8d4cd15aa5900236477a66d12bacbc1f16fdae65f
H5000,validation,17865,54054,correct,1,correct/17865-1.png,594698c1ff2a75c4a0e117adf905eaef54220949f9a0045493569933cabfad65,e5721f7fc6a25892b67b1890444205c11a4b42650846fb8c32692ebfc24a5e21,,0.7760757803916931,0.5517741989906854,0.7105225588899038,5a2ee73a5ab51674e36dffb8d4cd15aa5900236477a66d12bacbc1f16fdae65f
H5000,validation,17865,54054,wrong,0,wrong/17865-0.png,bede3efd7af81900494ccba344e954b484bb745bef4ad867ecbdedf188692492,e5721f7fc6a25892b67b1890444205c11a4b42650846fb8c32692ebfc24a5e21,,0.5179694294929504,-0.38495784315739173,0.38417534073741944,5a2ee73a5ab51674e36dffb8d4cd15aa5900236477a66d12bacbc1f16fdae65f
H5000,validation,17865,54054,wrong,1,wrong/17865-1.png,c8e62ed409dd0679874be6a68d4f07832753bf1a02a0e7477dfacd16b223f2a8,e5721f7fc6a25892b67b1890444205c11a4b42650846fb8c32692ebfc24a5e21,,0.5108590722084045,0.09973166240811775,0.37676404519984186,5a2ee73a5ab51674e36dffb8d4cd15aa5900236477a66d12bacbc1f16fdae65f
H5000,validation,54054,25374,correct,0,correct/54054-0.png,03d69167a5a93847a5adb9f2618dd7b42436c9959b3bcf3e5651f592da7f0a66,0db80f2d7af980752c3784ad0042e73a874a5deb2674c608d33e040fe95a43eb,,0.470152348279953,0.09991049294124531,0.23562922596912245,5a2ee73a5ab51674e36dffb8d4cd15aa5900236477a66d12bacbc1f16fdae65f
H5000,validation,54054,25374,correct,1,correct/54054-1.png,b9182438dd94c6c6c7bf312ca21644b4bf7150379e6d749ca83a539c6b5bd57a,0db80f2d7af980752c3784ad0042e73a874a5deb2674c608d33e040fe95a43eb,,0.5964800715446472,-0.04492157425391594,0.25287018195570193,5a2ee73a5ab51674e36dffb8d4cd15aa5900236477a66d12bacbc1f16fdae65f
H5000,validation,54054,25374,wrong,0,wrong/54054-0.png,7aeb6845c92bbf06aee14b5b7cc2b0ca10904b4b2c3a17910f870a4be6570a89,0db80f2d7af980752c3784ad0042e73a874a5deb2674c608d33e040fe95a43eb,,0.45778435468673706,0.213900753887666,0.28616332168864383,5a2ee73a5ab51674e36dffb8d4cd15aa5900236477a66d12bacbc1f16fdae65f
H5000,validation,54054,25374,wrong,1,wrong/54054-1.png,4171bc8a7fdb389a312650614c4c666a675f57637871527e6558bb10d8b271d1,0db80f2d7af980752c3784ad0042e73a874a5deb2674c608d33e040fe95a43eb,,0.4579169750213623,-0.19345573398351476,0.27332403230524277,5a2ee73a5ab51674e36dffb8d4cd15aa5900236477a66d12bacbc1f16fdae65f
H5000,validation,25374,48911,correct,0,correct/25374-0.png,79487722b0bf84d711f02bb19e9c69dfa4a39f3e0b3c5d587e848bc6329d5e5e,37f95ff4b1366fba53a914809bf816cb99a935f4eeb41f5594bd180a43d18f68,,0.5040244460105896,0.2586310231625686,0.23908156602082448,5a2ee73a5ab51674e36dffb8d4cd15aa5900236477a66d12bacbc1f16fdae65f
H5000,validation,25374,48911,correct,1,correct/25374-1.png,fc030b5eab9c72531b4245d1bd94f7931960bd996bfff27974128f1aacb0fd1b,37f95ff4b1366fba53a914809bf816cb99a935f4eeb41f5594bd180a43d18f68,,0.5083475112915039,-0.02527530290298583,0.3684337144660508,5a2ee73a5ab51674e36dffb8d4cd15aa5900236477a66d12bacbc1f16fdae65f
H5000,validation,25374,48911,wrong,0,wrong/25374-0.png,e393be5f4dff7b61e81011f6285c85c998bf2db482abeaca47d52a229dfdbe7c,37f95ff4b1366fba53a914809bf816cb99a935f4eeb41f5594bd180a43d18f68,,0.42128118872642517,0.12275413551883851,0.3504095707860847,5a2ee73a5ab51674e36dffb8d4cd15aa5900236477a66d12bacbc1f16fdae65f
H5000,validation,25374,48911,wrong,1,wrong/25374-1.png,a98d424e536bc96c9b22ac46c7cdf9e4e7ff9c73d3953658d2ac488e5e31a356,37f95ff4b1366fba53a914809bf816cb99a935f4eeb41f5594bd180a43d18f68,,0.5051017999649048,-0.03454269503379382,0.32665374371581896,5a2ee73a5ab51674e36dffb8d4cd15aa5900236477a66d12bacbc1f16fdae65f
H5000,validation,48911,15191,correct,0,correct/48911-0.png,3a345c25ada7774243a2e24fe72b9548a816f83bf3984a5036d01a4def053f62,8ad68502859bf42c9102a042830eee55294dbb5c926064febb48b07944b52f81,,0.681047260761261,-0.06545233079879836,0.14098112032644586,5a2ee73a5ab51674e36dffb8d4cd15aa5900236477a66d12bacbc1f16fdae65f
H5000,validation,48911,15191,correct,1,correct/48911-1.png,74cc6fe5ed92b0f651cd9c53a2c240480b848d3440b09d5183f90df0355fcedf,8ad68502859bf42c9102a042830eee55294dbb5c926064febb48b07944b52f81,,0.5680592060089111,0.06709211627384157,0.19513770021779922,5a2ee73a5ab51674e36dffb8d4cd15aa5900236477a66d12bacbc1f16fdae65f
H5000,validation,48911,15191,wrong,0,wrong/48911-0.png,f5d4d34814b7d26118af27a81477104ca8961e942ef03b342599a5bc210c6267,8ad68502859bf42c9102a042830eee55294dbb5c926064febb48b07944b52f81,,0.5565297603607178,0.046921586829757694,0.20762874918992616,5a2ee73a5ab51674e36dffb8d4cd15aa5900236477a66d12bacbc1f16fdae65f
H5000,validation,48911,15191,wrong,1,wrong/48911-1.png,f5c3fd3e7ed8b4bef593801e2289717247016eee3b7443be7a1a3a7b2c753e90,8ad68502859bf42c9102a042830eee55294dbb5c926064febb48b07944b52f81,,0.5694925785064697,0.023412898986609604,0.22658607836376038,5a2ee73a5ab51674e36dffb8d4cd15aa5900236477a66d12bacbc1f16fdae65f
H5000,validation,15191,28157,correct,0,correct/15191-0.png,16ebd2269063d0694993b38282e6064040fefac846a6b3931a21e7bdedc1a05f,537bbfdfce21f636e1015158b194a4e2d2d689de6ff0321e5eb3908f0493cb51,,0.5819854140281677,-0.020775022773468887,0.15123953475627647,5a2ee73a5ab51674e36dffb8d4cd15aa5900236477a66d12bacbc1f16fdae65f
H5000,validation,15191,28157,correct,1,correct/15191-1.png,42f42892b6a0853ee8552d1da0d3dc1cd79d75dee85bb9269c189a013e40698a,537bbfdfce21f636e1015158b194a4e2d2d689de6ff0321e5eb3908f0493cb51,,0.6379159688949585,0.2500203099471123,0.12850230010057115,5a2ee73a5ab51674e36dffb8d4cd15aa5900236477a66d12bacbc1f16fdae65f
H5000,validation,15191,28157,wrong,0,wrong/15191-0.png,4478182945ce3d70c150474e60715c917e0529f848d82f20700c95b6e2959c13,537bbfdfce21f636e1015158b194a4e2d2d689de6ff0321e5eb3908f0493cb51,,0.5145338177680969,0.07124899812332068,0.1235798388949882,5a2ee73a5ab51674e36dffb8d4cd15aa5900236477a66d12bacbc1f16fdae65f
H5000,validation,15191,28157,wrong,1,wrong/15191-1.png,32b8b3b6f5b653338c79b4896daf6d1b24da8b1a8f797ba8ab3755f0870a66b3,537bbfdfce21f636e1015158b194a4e2d2d689de6ff0321e5eb3908f0493cb51,,0.5119426846504211,0.18350092889321076,0.16995243212532252,5a2ee73a5ab51674e36dffb8d4cd15aa5900236477a66d12bacbc1f16fdae65f
H5000,validation,28157,29610,correct,0,correct/28157-0.png,673c4848b1015e24518d5f0aef53dac25352fa4b4c414c85384c918f58904bf4,ec925fe3fab5e7b1bb5d16156520ab338c7943b8b515d2fa26dba8141aa937f8,,0.6762340068817139,-0.09400280216819988,0.21848498599474375,5a2ee73a5ab51674e36dffb8d4cd15aa5900236477a66d12bacbc1f16fdae65f
H5000,validation,28157,29610,correct,1,correct/28157-1.png,80718985aa3bc392785810e1ca9f2dbd98f726f621300050c654ce04f1c47b1c,ec925fe3fab5e7b1bb5d16156520ab338c7943b8b515d2fa26dba8141aa937f8,,0.6403934955596924,-0.026164355569838697,0.2559019503404687,5a2ee73a5ab51674e36dffb8d4cd15aa5900236477a66d12bacbc1f16fdae65f
H5000,validation,28157,29610,wrong,0,wrong/28157-0.png,a16ad17361131d1447f45c74e0b84567eaf69bf71cf77adfb4777c8af4e062fd,ec925fe3fab5e7b1bb5d16156520ab338c7943b8b515d2fa26dba8141aa937f8,,0.6020138263702393,-0.17459847580804616,0.2078955125319933,5a2ee73a5ab51674e36dffb8d4cd15aa5900236477a66d12bacbc1f16fdae65f
H5000,validation,28157,29610,wrong,1,wrong/28157-1.png,00ab8e113c3e5fbe77e36165cc4bc025325bd359c36b55fefb6100fb6f5ab740,ec925fe3fab5e7b1bb5d16156520ab338c7943b8b515d2fa26dba8141aa937f8,,0.6400415897369385,-0.15490918685462926,0.2284373164934507,5a2ee73a5ab51674e36dffb8d4cd15aa5900236477a66d12bacbc1f16fdae65f
H5000,validation,29610,13223,correct,0,correct/29610-0.png,0dfdc86d7b0debfb22d6079bf14750c1cce2714cb64a07e61d37a0ce23ce641b,2ae50f9742d391fd0fe71c0bfef43df838fa3ca392535725cf68c53bbb1f563d,,0.6751357316970825,0.18263795591033993,0.20919542453909187,5a2ee73a5ab51674e36dffb8d4cd15aa5900236477a66d12bacbc1f16fdae65f
H5000,validation,29610,13223,correct,1,correct/29610-1.png,54ef821bd3a2905fce4ff0bff015818f860d19c75524848842454ac4a655fa95,2ae50f9742d391fd0fe71c0bfef43df838fa3ca392535725cf68c53bbb1f563d,,0.6406609416007996,0.07079455244507478,0.16928488700661168,5a2ee73a5ab51674e36dffb8d4cd15aa5900236477a66d12bacbc1f16fdae65f
H5000,validation,29610,13223,wrong,0,wrong/29610-0.png,c90adcd9761fbf2a8bd3b7f5dba7221c28f6c6caff9185b51a1c1ad5bc5187f3,2ae50f9742d391fd0fe71c0bfef43df838fa3ca392535725cf68c53bbb1f563d,,0.4933353662490845,-0.028649280318257607,0.23341073005926055,5a2ee73a5ab51674e36dffb8d4cd15aa5900236477a66d12bacbc1f16fdae65f
H5000,validation,29610,13223,wrong,1,wrong/29610-1.png,3d89ef2c6d06a3255be91235185a475dfb432476a3e0a62acb89dc65aa63ae02,2ae50f9742d391fd0fe71c0bfef43df838fa3ca392535725cf68c53bbb1f563d,,0.4849803149700165,0.046838703592610664,0.25933792973294834,5a2ee73a5ab51674e36dffb8d4cd15aa5900236477a66d12bacbc1f16fdae65f
H5000,validation,13223,62587,correct,0,correct/13223-0.png,10ad62321f5b93a7c3171b99ca6e31af6231fd0ea4ce2bff99266a1b646a8161,151ac8204aa06a1329ec12935f38119f3c7da229681b903942203c3f8a0e3524,,0.5352099537849426,0.2473702138360937,0.4182926674868864,5a2ee73a5ab51674e36dffb8d4cd15aa5900236477a66d12bacbc1f16fdae65f
H5000,validation,13223,62587,correct,1,correct/13223-1.png,b15d231579a160624a36770863230e3dabe842b09cb2b41a799dcfdc297ce8de,151ac8204aa06a1329ec12935f38119f3c7da229681b903942203c3f8a0e3524,,0.6793555021286011,0.6205462952735846,0.41580016351922827,5a2ee73a5ab51674e36dffb8d4cd15aa5900236477a66d12bacbc1f16fdae65f
H5000,validation,13223,62587,wrong,0,wrong/13223-0.png,bcd6b9869f301c2987534490daec1f515875006856a30d519053d3e4d44f4138,151ac8204aa06a1329ec12935f38119f3c7da229681b903942203c3f8a0e3524,,0.67327481508255,0.033788455251492475,0.3131944811426358,5a2ee73a5ab51674e36dffb8d4cd15aa5900236477a66d12bacbc1f16fdae65f
H5000,validation,13223,62587,wrong,1,wrong/13223-1.png,1e26ef928a5d8d4450f43166cdad22ea4f12b1599525e245359091947438393a,151ac8204aa06a1329ec12935f38119f3c7da229681b903942203c3f8a0e3524,,0.6572301387786865,0.4724673344517278,0.44162310247207276,5a2ee73a5ab51674e36dffb8d4cd15aa5900236477a66d12bacbc1f16fdae65f
H5000,validation,62587,34998,correct,0,correct/62587-0.png,70e307b531f48325329c2318e3125a28d9e9c02fc8e6840e59454525c909209b,2e2aff2f23fc2b9925dee499af061bc8faf0e4b2205408190483ebb27887b89f,,0.48905351758003235,0.4158545389593991,0.3995796089133095,5a2ee73a5ab51674e36dffb8d4cd15aa5900236477a66d12bacbc1f16fdae65f
H5000,validation,62587,34998,correct,1,correct/62587-1.png,d548bad8cc4de704abca2034c50bd02d73093c953147896cd0ff0f104d19cbca,2e2aff2f23fc2b9925dee499af061bc8faf0e4b2205408190483ebb27887b89f,,0.6612843871116638,0.41484405796648505,0.41050162215564,5a2ee73a5ab51674e36dffb8d4cd15aa5900236477a66d12bacbc1f16fdae65f
H5000,validation,62587,34998,wrong,0,wrong/62587-0.png,9b9f9a3dbf9d4a15a86142995864ef33001267c26019935c4471f58eafdc75ff,2e2aff2f23fc2b9925dee499af061bc8faf0e4b2205408190483ebb27887b89f,,0.6294352412223816,-0.14061481355995742,0.2797736649669467,5a2ee73a5ab51674e36dffb8d4cd15aa5900236477a66d12bacbc1f16fdae65f
H5000,validation,62587,34998,wrong,1,wrong/62587-1.png,ac00e1f121958b6da75a8bee9579b9a77c98f231467ef2369758e2936505acb1,2e2aff2f23fc2b9925dee499af061bc8faf0e4b2205408190483ebb27887b89f,,0.5367366075515747,-0.027788717711511597,0.3852576941731229,5a2ee73a5ab51674e36dffb8d4cd15aa5900236477a66d12bacbc1f16fdae65f
H5000,validation,34998,29815,correct,0,correct/34998-0.png,5be33a9d2893c979b1919fc0e57e2bee48dea0522ae3d8a10bf418f2b90dab9f,6f805d3582b97d85cd70ae69a48a89bffc50b7fa4e3193e80c213cd9182003ab,,0.7928862571716309,0.12746750422155118,0.41232268636524655,5a2ee73a5ab51674e36dffb8d4cd15aa5900236477a66d12bacbc1f16fdae65f
H5000,validation,34998,29815,correct,1,correct/34998-1.png,0a452bbea8117610f6ee9fbd52ea7e0e9f4ed9457454218ee7731d974bcf8ddd,6f805d3582b97d85cd70ae69a48a89bffc50b7fa4e3193e80c213cd9182003ab,,0.7762210369110107,-0.11322361034929902,0.3402337409929201,5a2ee73a5ab51674e36dffb8d4cd15aa5900236477a66d12bacbc1f16fdae65f
H5000,validation,34998,29815,wrong,0,wrong/34998-0.png,76f1225ff87fd9d9520efcfcd0b05a9c13191a192a369cf883796f7fd81a82b5,6f805d3582b97d85cd70ae69a48a89bffc50b7fa4e3193e80c213cd9182003ab,,0.5720238089561462,0.05558255862136738,0.4181134791240053,5a2ee73a5ab51674e36dffb8d4cd15aa5900236477a66d12bacbc1f16fdae65f
H5000,validation,34998,29815,wrong,1,wrong/34998-1.png,156697e0be591ca657491c08732c47c7d37ca7ebdb4c13e7298ddb42ad913f7a,6f805d3582b97d85cd70ae69a48a89bffc50b7fa4e3193e80c213cd9182003ab,,0.5241696238517761,0.0035098776573587237,0.4408918828317346,5a2ee73a5ab51674e36dffb8d4cd15aa5900236477a66d12bacbc1f16fdae65f
H5000,validation,29815,42302,correct,0,correct/29815-0.png,a81998aaa00b6058a84c2aec91eac04bb62cbc93dec9e090737ee14cf84098f7,a39add8080e3550675b96b362a37fab98f076206646784747727aba02ccb441f,,0.7831354737281799,0.004712561404522838,0.6146042455648434,5a2ee73a5ab51674e36dffb8d4cd15aa5900236477a66d12bacbc1f16fdae65f
H5000,validation,29815,42302,correct,1,correct/29815-1.png,ebf421eeb994e198d8c751ce02622d9889bd37db98c91ad99969a373a5fe9d84,a39add8080e3550675b96b362a37fab98f076206646784747727aba02ccb441f,,0.7874293923377991,0.41765900924005467,0.6523619834445928,5a2ee73a5ab51674e36dffb8d4cd15aa5900236477a66d12bacbc1f16fdae65f
H5000,validation,29815,42302,wrong,0,wrong/29815-0.png,bf2afacf1b03aeb064ed527209b3a05ac982b28e0213d5d26de58deec17b77fa,a39add8080e3550675b96b362a37fab98f076206646784747727aba02ccb441f,,0.5475159287452698,-0.14006725010913434,0.4129895820455997,5a2ee73a5ab51674e36dffb8d4cd15aa5900236477a66d12bacbc1f16fdae65f
H5000,validation,29815,42302,wrong,1,wrong/29815-1.png,8751ff36d6dbe0947c237241dff0e5dbc28f30906fa43825b2242f353fc0b5e7,a39add8080e3550675b96b362a37fab98f076206646784747727aba02ccb441f,,0.5635114908218384,0.0715959905346344,0.3217404882364336,5a2ee73a5ab51674e36dffb8d4cd15aa5900236477a66d12bacbc1f16fdae65f
H5000,validation,42302,68553,correct,0,correct/42302-0.png,70e4713d536b984b8341c7eba6644fcae2bedd87d921d0fd69fb065c5bd5a1da,798d9a0e9714488f7c39c6060133997bdf84645985fa35d4a29fbb7903237138,,0.5282040238380432,0.12121340016658333,0.11503805740916107,5a2ee73a5ab51674e36dffb8d4cd15aa5900236477a66d12bacbc1f16fdae65f
H5000,validation,42302,68553,correct,1,correct/42302-1.png,0a0a3c8ae5cd46bcddeff5e1821ea1cc791cd21fd92a1c64024bcb110c0b3627,798d9a0e9714488f7c39c6060133997bdf84645985fa35d4a29fbb7903237138,,0.563223123550415,0.2153995981538754,0.12779408458090724,5a2ee73a5ab51674e36dffb8d4cd15aa5900236477a66d12bacbc1f16fdae65f
H5000,validation,42302,68553,wrong,0,wrong/42302-0.png,599938b245b39b24c03809b8196e3ddb74ce1b5a6576411fff396c4c64259b47,798d9a0e9714488f7c39c6060133997bdf84645985fa35d4a29fbb7903237138,,0.4959653615951538,0.006804977690648857,0.15426080935306208,5a2ee73a5ab51674e36dffb8d4cd15aa5900236477a66d12bacbc1f16fdae65f
H5000,validation,42302,68553,wrong,1,wrong/42302-1.png,9d368d3c362cf94883d1fb80024f735fdc3afce93bc2243e359e4a30eebf10d5,798d9a0e9714488f7c39c6060133997bdf84645985fa35d4a29fbb7903237138,,0.4789571464061737,0.16965346189707592,0.1376366300539584,5a2ee73a5ab51674e36dffb8d4cd15aa5900236477a66d12bacbc1f16fdae65f
H5000,validation,68553,65690,correct,0,correct/68553-0.png,8a89b148a87e056c6cfc81a14b7dac2c6a575ab07c516a21228fb37200162a96,caf8bc08485eefd14cba2623b55ca9f95e63a0503c4ed55a73001f8f0df0cca1,,0.7501835227012634,0.04011306989937851,0.3631279053597069,5a2ee73a5ab51674e36dffb8d4cd15aa5900236477a66d12bacbc1f16fdae65f
H5000,validation,68553,65690,correct,1,correct/68553-1.png,b7658a3786a5d18e209cbfef823a05d25d599a6523be93d2ef68162527ae0de6,caf8bc08485eefd14cba2623b55ca9f95e63a0503c4ed55a73001f8f0df0cca1,,0.7401190400123596,0.16127772372543686,0.33687799303874827,5a2ee73a5ab51674e36dffb8d4cd15aa5900236477a66d12bacbc1f16fdae65f
H5000,validation,68553,65690,wrong,0,wrong/68553-0.png,a6bbeb591fe7f7c3ca9ea1568cd26b8d869db7874538cc9a9a059c6c88a4dda8,caf8bc08485eefd14cba2623b55ca9f95e63a0503c4ed55a73001f8f0df0cca1,,0.5037297010421753,0.10497716213978595,0.3290237071018291,5a2ee73a5ab51674e36dffb8d4cd15aa5900236477a66d12bacbc1f16fdae65f
H5000,validation,68553,65690,wrong,1,wrong/68553-1.png,200c92109047c4ad4de3e2736f084bdf213b343698823c6b442a5ffd0a214bdd,caf8bc08485eefd14cba2623b55ca9f95e63a0503c4ed55a73001f8f0df0cca1,,0.4379090368747711,0.10150345549981128,0.38048368262331883,5a2ee73a5ab51674e36dffb8d4cd15aa5900236477a66d12bacbc1f16fdae65f
H5000,validation,65690,41120,correct,0,correct/65690-0.png,12ad556e32d3aeb92ae9b367219c45810b82795e308908205913fb27c52cadd7,35857398d867ad0f304a016cfa80fd961782df553341722457076961b12d547a,,0.5835385918617249,0.1311243707975332,0.4281315840690472,5a2ee73a5ab51674e36dffb8d4cd15aa5900236477a66d12bacbc1f16fdae65f
H5000,validation,65690,41120,correct,1,correct/65690-1.png,1bff73b7f20bb3b543c4834c1111ef4ca928fe4d0a4c666d85755524808a71e4,35857398d867ad0f304a016cfa80fd961782df553341722457076961b12d547a,,0.622178316116333,0.015599170595746979,0.41775868400997035,5a2ee73a5ab51674e36dffb8d4cd15aa5900236477a66d12bacbc1f16fdae65f
H5000,validation,65690,41120,wrong,0,wrong/65690-0.png,dab47c2ae1ca39c9666e55b361f2ebc8678c964bad9799e793e73ed6c422cfb1,35857398d867ad0f304a016cfa80fd961782df553341722457076961b12d547a,,0.5236592888832092,0.027406054375051954,0.4189605443360755,5a2ee73a5ab51674e36dffb8d4cd15aa5900236477a66d12bacbc1f16fdae65f
H5000,validation,65690,41120,wrong,1,wrong/65690-1.png,eaada8c1f98e6f8696d428c4f43a17b74ceb88b5177b7784ecaeeb212546c445,35857398d867ad0f304a016cfa80fd961782df553341722457076961b12d547a,,0.644230306148529,-0.0030438765865636163,0.2808846755226583,5a2ee73a5ab51674e36dffb8d4cd15aa5900236477a66d12bacbc1f16fdae65f
H5000,validation,41120,64050,correct,0,correct/41120-0.png,74fd13fd87db2e0d076f4050e270cad267b237d125c1e455dae18b332c9edb75,d03dcc249f7451f3f8ada458ec2d88f728188963580a6a8e7deb249fa372e0aa,,0.5442256927490234,0.11596475309450448,0.049654854318273385,5a2ee73a5ab51674e36dffb8d4cd15aa5900236477a66d12bacbc1f16fdae65f
H5000,validation,41120,64050,correct,1,correct/41120-1.png,52e2afd1e8140bf59d95145bee2805209848e9d35d4842ad682577a991475560,d03dcc249f7451f3f8ada458ec2d88f728188963580a6a8e7deb249fa372e0aa,,0.6193789839744568,-0.0068507998850388645,0.047862605683143836,5a2ee73a5ab51674e36dffb8d4cd15aa5900236477a66d12bacbc1f16fdae65f
H5000,validation,41120,64050,wrong,0,wrong/41120-0.png,c8029efa06039ee0970eb1553a051a4d9de09763f37f7aec518f5c384ee55e55,d03dcc249f7451f3f8ada458ec2d88f728188963580a6a8e7deb249fa372e0aa,,0.516848623752594,-0.005947071606895481,0.05454177250375613,5a2ee73a5ab51674e36dffb8d4cd15aa5900236477a66d12bacbc1f16fdae65f
H5000,validation,41120,64050,wrong,1,wrong/41120-1.png,df1ddcc3af54513dd2b8c09bdad4c39ccde22919e0d2b496e23b8025115f105b,d03dcc249f7451f3f8ada458ec2d88f728188963580a6a8e7deb249fa372e0aa,,0.5643838047981262,0.11898817786353255,0.0519591871032363,5a2ee73a5ab51674e36dffb8d4cd15aa5900236477a66d12bacbc1f16fdae65f
H5000,validation,64050,21558,correct,0,correct/64050-0.png,2ef8d6213461f9a553827458b0d71b0eb33f4c6d96c02d6a41d1a7dc36a13f64,63d4473c9bd7d578297cfd4edd274ad9e82bac7b6faa64d88c28976d6ec1fb5f,,0.7157825231552124,0.4156649599959147,0.48404410372041035,5a2ee73a5ab51674e36dffb8d4cd15aa5900236477a66d12bacbc1f16fdae65f
H5000,validation,64050,21558,correct,1,correct/64050-1.png,bb38d0d5804fb034a43c81da5bce7c333c2b36255216f712c493509317f7e91e,63d4473c9bd7d578297cfd4edd274ad9e82bac7b6faa64d88c28976d6ec1fb5f,,0.6905931234359741,0.4665687181361091,0.5402023279335676,5a2ee73a5ab51674e36dffb8d4cd15aa5900236477a66d12bacbc1f16fdae65f
H5000,validation,64050,21558,wrong,0,wrong/64050-0.png,80085dfdbdb247564a3ecd8a115ee1f566d71617fd228c254dd35c1d0c16dd3f,63d4473c9bd7d578297cfd4edd274ad9e82bac7b6faa64d88c28976d6ec1fb5f,,0.6216728091239929,-0.29143021962565135,0.20340902888565146,5a2ee73a5ab51674e36dffb8d4cd15aa5900236477a66d12bacbc1f16fdae65f
H5000,validation,64050,21558,wrong,1,wrong/64050-1.png,d935524f057b1a4acaf9cb2aef42f8ef0d4c9c220af0be0c71fe38a14410168a,63d4473c9bd7d578297cfd4edd274ad9e82bac7b6faa64d88c28976d6ec1fb5f,,0.5618916153907776,-0.03859701049789829,0.4042965467709749,5a2ee73a5ab51674e36dffb8d4cd15aa5900236477a66d12bacbc1f16fdae65f
H5000,validation,21558,16800,correct,0,correct/21558-0.png,c07b1e840127b7bccf5ec4f2c1addc233a23eddc3f112f41a06204852834d3b8,6362e4fc28bde29a837b05e6b7e0d6812cc400f7647f05718b8a2220121a141f,,0.6389386057853699,0.29376935997983317,0.38682656315638125,5a2ee73a5ab51674e36dffb8d4cd15aa5900236477a66d12bacbc1f16fdae65f
H5000,validation,21558,16800,correct,1,correct/21558-1.png,fc8eefcb7cbdfe51651bd3f028aad2d37e4c1ad81cdf08eeed1b03a1dd8e8b77,6362e4fc28bde29a837b05e6b7e0d6812cc400f7647f05718b8a2220121a141f,,0.6831121444702148,-0.021854685541317993,0.308940072202378,5a2ee73a5ab51674e36dffb8d4cd15aa5900236477a66d12bacbc1f16fdae65f
H5000,validation,21558,16800,wrong,0,wrong/21558-0.png,9d8304506f64eff80c967bd011d09c196f38242bb915e5ba968cc5da1409db8d,6362e4fc28bde29a837b05e6b7e0d6812cc400f7647f05718b8a2220121a141f,,0.48712295293807983,-0.01659789263048013,0.4290876133358715,5a2ee73a5ab51674e36dffb8d4cd15aa5900236477a66d12bacbc1f16fdae65f
H5000,validation,21558,16800,wrong,1,wrong/21558-1.png,419bcf58618f6ed4f68cc57d266c508bb2352a97a7d5e4f7ced3d1b1498932a8,6362e4fc28bde29a837b05e6b7e0d6812cc400f7647f05718b8a2220121a141f,,0.6464842557907104,-0.1862924408959841,0.34113579772568403,5a2ee73a5ab51674e36dffb8d4cd15aa5900236477a66d12bacbc1f16fdae65f
H5000,validation,16800,5683,correct,0,correct/16800-0.png,399d91dc934d51cb2b98a72af1278aac8e9e4d0600dea1ca0bae320d22918667,ff7fee16db8e33ae75b4486a28b577318c44ec7808cb9ba370cef6cc3db9be07,,0.6889835596084595,-0.04321859294265514,0.400640207774521,5a2ee73a5ab51674e36dffb8d4cd15aa5900236477a66d12bacbc1f16fdae65f
H5000,validation,16800,5683,correct,1,correct/16800-1.png,ffe590a4ed7a0c9287098e1dd45d000b20f6f392da5aa89c5bd000c54874fb1e,ff7fee16db8e33ae75b4486a28b577318c44ec7808cb9ba370cef6cc3db9be07,,0.6718276739120483,0.02667837618626037,0.40192162684817806,5a2ee73a5ab51674e36dffb8d4cd15aa5900236477a66d12bacbc1f16fdae65f
H5000,validation,16800,5683,wrong,0,wrong/16800-0.png,d35b73a621effb6b40e498b8874d60aa7513a7c9c5b34c25c8f6fedb3aa7ddc8,ff7fee16db8e33ae75b4486a28b577318c44ec7808cb9ba370cef6cc3db9be07,,0.47314053773880005,0.022231907169927848,0.3538234423004147,5a2ee73a5ab51674e36dffb8d4cd15aa5900236477a66d12bacbc1f16fdae65f
H5000,validation,16800,5683,wrong,1,wrong/16800-1.png,302bd9779f85ce30c312a08c71724a22809fb53878bc729944434fa3b4e11451,ff7fee16db8e33ae75b4486a28b577318c44ec7808cb9ba370cef6cc3db9be07,,0.6515421867370605,0.1456112455526343,0.41100172724708633,5a2ee73a5ab51674e36dffb8d4cd15aa5900236477a66d12bacbc1f16fdae65f
H5000,validation,5683,29400,correct,0,correct/5683-0.png,de75a96ff9636ac903a013be4036104a48e0b85eb4bacff2ebe6ffabe47a79d7,dab15aaea07924ca092204e2fccc2a4004374624a14d2f2fb7edd39e5d51b572,,0.7050679922103882,-0.1728752907640176,0.3684328785729202,5a2ee73a5ab51674e36dffb8d4cd15aa5900236477a66d12bacbc1f16fdae65f
H5000,validation,5683,29400,correct,1,correct/5683-1.png,dd8ecc95949af0fbdafa0f72d3609520725d07518c2ba711baf321268cbcaa11,dab15aaea07924ca092204e2fccc2a4004374624a14d2f2fb7edd39e5d51b572,,0.6604244112968445,-0.014413508672966818,0.47614371866882776,5a2ee73a5ab51674e36dffb8d4cd15aa5900236477a66d12bacbc1f16fdae65f
H5000,validation,5683,29400,wrong,0,wrong/5683-0.png,cd960ad7ba8a0329c2a8726e6baff431d90a49bd2ca54116f6bbdc924a8715cf,dab15aaea07924ca092204e2fccc2a4004374624a14d2f2fb7edd39e5d51b572,,0.431160032749176,-0.01550833841782699,0.3689315172730062,5a2ee73a5ab51674e36dffb8d4cd15aa5900236477a66d12bacbc1f16fdae65f
H5000,validation,5683,29400,wrong,1,wrong/5683-1.png,73d9aca5978cd59ad57bf2d1e7858b24586714def84a3500b0ca638453e03a1d,dab15aaea07924ca092204e2fccc2a4004374624a14d2f2fb7edd39e5d51b572,,0.6099105477333069,-0.009671688937131466,0.4624459896427309,5a2ee73a5ab51674e36dffb8d4cd15aa5900236477a66d12bacbc1f16fdae65f
H5000,validation,29400,51865,correct,0,correct/29400-0.png,659b8efdd5c5fdc31cf27612c7c27f711d4e1dd7297a67c1d981055561a7052e,40b419ca8b5118885e868fed2103a8ab523467d8fb16c86b7c9002c835890544,,0.47233447432518005,-0.1560340138262545,0.21537365307499712,5a2ee73a5ab51674e36dffb8d4cd15aa5900236477a66d12bacbc1f16fdae65f
H5000,validation,29400,51865,correct,1,correct/29400-1.png,5fb4df6c80c11c4b5f375fbb4e06160cc3f8eb5147694e4f4e4f2bc38df2007b,40b419ca8b5118885e868fed2103a8ab523467d8fb16c86b7c9002c835890544,,0.4525745213031769,-0.1643958598398327,0.20422260556392594,5a2ee73a5ab51674e36dffb8d4cd15aa5900236477a66d12bacbc1f16fdae65f
H5000,validation,29400,51865,wrong,0,wrong/29400-0.png,280f7a01d9478cfcf3701d8e1e68c36c242511621f3b23912b81f26ab49b2341,40b419ca8b5118885e868fed2103a8ab523467d8fb16c86b7c9002c835890544,,0.42365360260009766,0.107092545570208,0.23604207539510028,5a2ee73a5ab51674e36dffb8d4cd15aa5900236477a66d12bacbc1f16fdae65f
H5000,validation,29400,51865,wrong,1,wrong/29400-1.png,8b7dfbe3fa1882be9abc00112352614e7b9e703f0b348d8ab7586b9303ad6193,40b419ca8b5118885e868fed2103a8ab523467d8fb16c86b7c9002c835890544,,0.4883832037448883,-0.13056414408850925,0.23526048303730115,5a2ee73a5ab51674e36dffb8d4cd15aa5900236477a66d12bacbc1f16fdae65f
H5000,validation,51865,37899,correct,0,correct/51865-0.png,d4735bfd42395ce0216de5d85d422e14a3d082715d8b50f929c28cb9957b50b4,2dfe65b24b19251e4fcbb42ffad8a5e9dcd0530ccf4a99ea24f46f1813ff6df8,,0.6577329635620117,0.02062017745390889,0.14751683099780413,5a2ee73a5ab51674e36dffb8d4cd15aa5900236477a66d12bacbc1f16fdae65f
H5000,validation,51865,37899,correct,1,correct/51865-1.png,2be9588d2e5a3e573c89c0175f173f30341878b0c842b4e62d4a5a9c3411575b,2dfe65b24b19251e4fcbb42ffad8a5e9dcd0530ccf4a99ea24f46f1813ff6df8,,0.7168147563934326,0.03491859271653355,0.16276311600549462,5a2ee73a5ab51674e36dffb8d4cd15aa5900236477a66d12bacbc1f16fdae65f
H5000,validation,51865,37899,wrong,0,wrong/51865-0.png,7e4337dadd82053bed810d45b72b5b4831156e54fea59e047c1de1604767750f,2dfe65b24b19251e4fcbb42ffad8a5e9dcd0530ccf4a99ea24f46f1813ff6df8,,0.45518434047698975,-0.045078598301220255,0.16778398459405622,5a2ee73a5ab51674e36dffb8d4cd15aa5900236477a66d12bacbc1f16fdae65f
H5000,validation,51865,37899,wrong,1,wrong/51865-1.png,23bea89bf0e11a3ea25f68b0034401cbe41ef22cadea0c830b6e59cd595b8f38,2dfe65b24b19251e4fcbb42ffad8a5e9dcd0530ccf4a99ea24f46f1813ff6df8,,0.4583297371864319,-0.012472732655036149,0.14614312110634134,5a2ee73a5ab51674e36dffb8d4cd15aa5900236477a66d12bacbc1f16fdae65f
H5000,validation,37899,33256,correct,0,correct/37899-0.png,fd05384c330ed4fb8824c974c3b26b667da363e5cc9a2dc30e7cf74fedc76c61,629893a99bb17770d426478998a45344e27f8eba31b7e71752c77b289209c486,,0.8388599157333374,0.030954769320287512,0.15068709200907313,5a2ee73a5ab51674e36dffb8d4cd15aa5900236477a66d12bacbc1f16fdae65f
H5000,validation,37899,33256,correct,1,correct/37899-1.png,bc9b1baccf541382a02b69f262d34d6b5bb1f899645573ed06e94b226c072cea,629893a99bb17770d426478998a45344e27f8eba31b7e71752c77b289209c486,,0.8124516010284424,0.027392876139743318,0.10660037466455682,5a2ee73a5ab51674e36dffb8d4cd15aa5900236477a66d12bacbc1f16fdae65f
H5000,validation,37899,33256,wrong,0,wrong/37899-0.png,480746a8db11ef6b12f11b2bafdd78776d8059e7fffc645e1de4207f3512a7d8,629893a99bb17770d426478998a45344e27f8eba31b7e71752c77b289209c486,,0.525458812713623,-0.15261299883131269,0.18874925866355327,5a2ee73a5ab51674e36dffb8d4cd15aa5900236477a66d12bacbc1f16fdae65f
H5000,validation,37899,33256,wrong,1,wrong/37899-1.png,f02f7f2b3a9d19037bd92379bac42bffb1bc4c8c0311f903915821adae94d0cd,629893a99bb17770d426478998a45344e27f8eba31b7e71752c77b289209c486,,0.5341830849647522,-0.20247065447751747,0.1736968524879816,5a2ee73a5ab51674e36dffb8d4cd15aa5900236477a66d12bacbc1f16fdae65f
H5000,validation,33256,56963,correct,0,correct/33256-0.png,eef6de2278d9f5534906900b69219aaed078d681f52c2386ee2991dc6c1e12fd,86b501873a0d26c60880d575e1f54af549d3b20cd28a16a7ca5289db1f67a9fc,,0.562716543674469,-0.1668791288069425,0.7215384593585684,5a2ee73a5ab51674e36dffb8d4cd15aa5900236477a66d12bacbc1f16fdae65f
H5000,validation,33256,56963,correct,1,correct/33256-1.png,9ca34f0c0c240083a131d1710425491e059fb2ad9fd5dfb9ec346323ae3b99c8,86b501873a0d26c60880d575e1f54af549d3b20cd28a16a7ca5289db1f67a9fc,,0.5038134455680847,0.4861377515362819,0.7428230567995789,5a2ee73a5ab51674e36dffb8d4cd15aa5900236477a66d12bacbc1f16fdae65f
H5000,validation,33256,56963,wrong,0,wrong/33256-0.png,ed8d5442fc1e784ec6c188f351eb96dd40090de260e569dbe6442dc200b41420,86b501873a0d26c60880d575e1f54af549d3b20cd28a16a7ca5289db1f67a9fc,,0.7118030786514282,-0.0006630904738151712,0.5849137743683835,5a2ee73a5ab51674e36dffb8d4cd15aa5900236477a66d12bacbc1f16fdae65f
H5000,validation,33256,56963,wrong,1,wrong/33256-1.png,ff9e8973e72e7ee33ccc9ddf0624034dcdf1971797ed8f3af0731ef6b371eebc,86b501873a0d26c60880d575e1f54af549d3b20cd28a16a7ca5289db1f67a9fc,,0.7325072288513184,0.3759669045208562,0.6780809947841581,5a2ee73a5ab51674e36dffb8d4cd15aa5900236477a66d12bacbc1f16fdae65f
H5000,validation,56963,71264,correct,0,correct/56963-0.png,03a3a9b678bdfa5402a0f9a5dcdf0e97e6336cc4e1e8101d3173d5ec707fb653,2a86f375d79414ab29ddb65865e5d49f8a11fba1e3cf6184b114e919ab8ebb7b,,0.5870262980461121,-0.1711193529619164,0.5482779303640832,5a2ee73a5ab51674e36dffb8d4cd15aa5900236477a66d12bacbc1f16fdae65f
H5000,validation,56963,71264,correct,1,correct/56963-1.png,419e065cd58810fd26292d39e75b4f70e2a30fffcfb7a49b3f3d375fe99b5ef0,2a86f375d79414ab29ddb65865e5d49f8a11fba1e3cf6184b114e919ab8ebb7b,,0.6264997124671936,-0.43565969661642384,0.6355501867953146,5a2ee73a5ab51674e36dffb8d4cd15aa5900236477a66d12bacbc1f16fdae65f
H5000,validation,56963,71264,wrong,0,wrong/56963-0.png,6f5d6a6db15692e50954fbebe33fe3156c623b6720e457ca7c9b499b6c90438a,2a86f375d79414ab29ddb65865e5d49f8a11fba1e3cf6184b114e919ab8ebb7b,,0.603926420211792,-0.1747599631453544,0.3363339323080936,5a2ee73a5ab51674e36dffb8d4cd15aa5900236477a66d12bacbc1f16fdae65f
H5000,validation,56963,71264,wrong,1,wrong/56963-1.png,320967a6fa4d52ab886dbb3f76eca4670f0ddc0512dac661f8f72f9e265e2ae9,2a86f375d79414ab29ddb65865e5d49f8a11fba1e3cf6184b114e919ab8ebb7b,,0.5654333233833313,-0.11462820526600495,0.28158170606943633,5a2ee73a5ab51674e36dffb8d4cd15aa5900236477a66d12bacbc1f16fdae65f
H5000,validation,71264,38887,correct,0,correct/71264-0.png,ee588141510e11515bfe19bc00ec4cb1a1e0d737cee30b8c946dd53618d8eaa7,1ab2809ecf5666a811dd554fad64cc76b25753a15d25ca61066543688aae7551,,0.5786243677139282,0.06633953533865053,0.2896278352294207,5a2ee73a5ab51674e36dffb8d4cd15aa5900236477a66d12bacbc1f16fdae65f
H5000,validation,71264,38887,correct,1,correct/71264-1.png,5a451aa3ea1aac486a685c44798f5ab17fd9c8f4e14a9c5ad1ccbc7614f178b4,1ab2809ecf5666a811dd554fad64cc76b25753a15d25ca61066543688aae7551,,0.5670228004455566,-0.15291943038808203,0.25025724008536804,5a2ee73a5ab51674e36dffb8d4cd15aa5900236477a66d12bacbc1f16fdae65f
H5000,validation,71264,38887,wrong,0,wrong/71264-0.png,810666fd72b4e2542917c151aaa678b5ddf7cbbd845f640d2f110bf82dd21452,1ab2809ecf5666a811dd554fad64cc76b25753a15d25ca61066543688aae7551,,0.5993108749389648,0.07429605899184302,0.3826028084046992,5a2ee73a5ab51674e36dffb8d4cd15aa5900236477a66d12bacbc1f16fdae65f
H5000,validation,71264,38887,wrong,1,wrong/71264-1.png,d94c318e160b69de25f9c5b08805b8e4ef75dc66f403dca7b6c3fbc3021e8036,1ab2809ecf5666a811dd554fad64cc76b25753a15d25ca61066543688aae7551,,0.6242451071739197,0.0959509959873792,0.3558397897851395,5a2ee73a5ab51674e36dffb8d4cd15aa5900236477a66d12bacbc1f16fdae65f
H5000,validation,38887,59101,correct,0,correct/38887-0.png,06abf6035e085f4a661a21c94409e0941320d81779d6daeb42ae4815c89d47e5,935314d65bbc6fcadf076d7a4ee3490c58e54c5cee96e829cdfdc18a2d883f7a,,0.7063631415367126,-0.15321131496978269,0.2523270263254049,5a2ee73a5ab51674e36dffb8d4cd15aa5900236477a66d12bacbc1f16fdae65f
H5000,validation,38887,59101,correct,1,correct/38887-1.png,203b0c368e560e7ee4e593ad534153540acff383f21d404fcfa50a755668d818,935314d65bbc6fcadf076d7a4ee3490c58e54c5cee96e829cdfdc18a2d883f7a,,0.7235533595085144,-0.017061986969260916,0.45282543685732957,5a2ee73a5ab51674e36dffb8d4cd15aa5900236477a66d12bacbc1f16fdae65f
H5000,validation,38887,59101,wrong,0,wrong/38887-0.png,c99e919742c53fd9fc921f3e72843607f4bf8c5f3e244ca02bcbcbd0aa7ac05d,935314d65bbc6fcadf076d7a4ee3490c58e54c5cee96e829cdfdc18a2d883f7a,,0.6293355226516724,-0.1664179790850028,0.3051227373247449,5a2ee73a5ab51674e36dffb8d4cd15aa5900236477a66d12bacbc1f16fdae65f
H5000,validation,38887,59101,wrong,1,wrong/38887-1.png,81dd896e91a3bdd9e830fd4121f5a55b2596b00e5a43e678051507d46793f9b8,935314d65bbc6fcadf076d7a4ee3490c58e54c5cee96e829cdfdc18a2d883f7a,,0.5955212116241455,-0.18422675641339573,0.31461749360393837,5a2ee73a5ab51674e36dffb8d4cd15aa5900236477a66d12bacbc1f16fdae65f
H5000,validation,59101,29511,correct,0,correct/59101-0.png,69fa61b650e0968f79fddbd4710736e87ceb61c657e3ba367be91ddb2310d81d,a5a329854569c769d5979c8a8e7d124a054c4337774cc0c1faef19013c99764c,,0.7624064683914185,-0.19730957830314583,0.14397738649654032,5a2ee73a5ab51674e36dffb8d4cd15aa5900236477a66d12bacbc1f16fdae65f
H5000,validation,59101,29511,correct,1,correct/59101-1.png,395d9b5d8ac470d75749e759f3c40a612297eee6386d4d649217de0a7d6b5da8,a5a329854569c769d5979c8a8e7d124a054c4337774cc0c1faef19013c99764c,,0.6279271841049194,0.17734986710667283,0.20007163460637015,5a2ee73a5ab51674e36dffb8d4cd15aa5900236477a66d12bacbc1f16fdae65f
H5000,validation,59101,29511,wrong,0,wrong/59101-0.png,e63a01e7a048126ba83e15cb1e145d827338e5b90b4664d5f5abc165e6c85bc0,a5a329854569c769d5979c8a8e7d124a054c4337774cc0c1faef19013c99764c,,0.5904133915901184,-0.16817066284690432,0.22711728760599745,5a2ee73a5ab51674e36dffb8d4cd15aa5900236477a66d12bacbc1f16fdae65f
H5000,validation,59101,29511,wrong,1,wrong/59101-1.png,eb37d4a521570575f5a4d2281d163d30a4358f07a63ff8db9968906fbe2cfe7d,a5a329854569c769d5979c8a8e7d124a054c4337774cc0c1faef19013c99764c,,0.5932962894439697,-0.10553478261682817,0.23501478420693675,5a2ee73a5ab51674e36dffb8d4cd15aa5900236477a66d12bacbc1f16fdae65f
H5000,validation,29511,58157,correct,0,correct/29511-0.png,7e3fcd7e716865c0e2d7d6f598098ade2ff6a878a1dea31fda1d59264f1c341d,817d80b6c9a309e1dfa865392dcf7d7ecd062491eb05e93e5aa65a6b401fc43d,,0.5828089714050293,0.32292637886216746,0.7722351193128518,5a2ee73a5ab51674e36dffb8d4cd15aa5900236477a66d12bacbc1f16fdae65f
H5000,validation,29511,58157,correct,1,correct/29511-1.png,27f996d4f7485c4e86c46474e870fddb563478e02bd2d46ba1d2543c3da95840,817d80b6c9a309e1dfa865392dcf7d7ecd062491eb05e93e5aa65a6b401fc43d,,0.5915642976760864,0.4007272548143426,0.78878837884602,5a2ee73a5ab51674e36dffb8d4cd15aa5900236477a66d12bacbc1f16fdae65f
H5000,validation,29511,58157,wrong,0,wrong/29511-0.png,89eb80f4bb8044544acb567bf1ebea467d0893e66d3115604473ddef4bac6c84,817d80b6c9a309e1dfa865392dcf7d7ecd062491eb05e93e5aa65a6b401fc43d,,0.3917561173439026,-0.10878299084293377,0.4218447401472209,5a2ee73a5ab51674e36dffb8d4cd15aa5900236477a66d12bacbc1f16fdae65f
H5000,validation,29511,58157,wrong,1,wrong/29511-1.png,3f99720c65c001110445adb1ce170a702ee7ced1841e77da3835bf4011aeef19,817d80b6c9a309e1dfa865392dcf7d7ecd062491eb05e93e5aa65a6b401fc43d,,0.49370691180229187,-0.19038973195143055,0.39593678503097035,5a2ee73a5ab51674e36dffb8d4cd15aa5900236477a66d12bacbc1f16fdae65f
H5000,validation,58157,31251,correct,0,correct/58157-0.png,1155623ee30d58ad9c8805977d4a64daa1ef55e6189485d7a050b31c93ae12b8,4b61f00d9bdcd41ace4a004be41ee4d4a23ad5a776e6f35ae572d4f3eee05833,,0.5027729868888855,-0.014581703612103225,0.34904542179927645,5a2ee73a5ab51674e36dffb8d4cd15aa5900236477a66d12bacbc1f16fdae65f
H5000,validation,58157,31251,correct,1,correct/58157-1.png,8eb24017f96d689f2b6448786590513edadb5dab087a7fe7680e8c9ac16e65e6,4b61f00d9bdcd41ace4a004be41ee4d4a23ad5a776e6f35ae572d4f3eee05833,,0.6517152786254883,0.09003589339607974,0.36835747917201245,5a2ee73a5ab51674e36dffb8d4cd15aa5900236477a66d12bacbc1f16fdae65f
H5000,validation,58157,31251,wrong,0,wrong/58157-0.png,e26d126e1a5d27f18af783286f37352dba8c080536160019c5fb8756e9369233,4b61f00d9bdcd41ace4a004be41ee4d4a23ad5a776e6f35ae572d4f3eee05833,,0.3465288281440735,-0.1898337252510748,0.39115893004699426,5a2ee73a5ab51674e36dffb8d4cd15aa5900236477a66d12bacbc1f16fdae65f
H5000,validation,58157,31251,wrong,1,wrong/58157-1.png,8446018b768f7095b788c7ce6f0be91ac7426b0afae3edf32ba783ca416efffb,4b61f00d9bdcd41ace4a004be41ee4d4a23ad5a776e6f35ae572d4f3eee05833,,0.3679499626159668,-0.0991711235293152,0.37305697373102636,5a2ee73a5ab51674e36dffb8d4cd15aa5900236477a66d12bacbc1f16fdae65f
H5000,validation,31251,67261,correct,0,correct/31251-0.png,835099622a3e398b0bd2f704e1c1fe46d8db4e0c3c2a38fef7695e72ad965337,e5f0e3a8dc2c1565ea64895ca5a006b9bb42d38db54d6b7250819fac9437ba10,,0.5592629909515381,0.16941728954557256,0.29173971921959424,5a2ee73a5ab51674e36dffb8d4cd15aa5900236477a66d12bacbc1f16fdae65f
H5000,validation,31251,67261,correct,1,correct/31251-1.png,83ae0ba7b278b91d40f0029d8e2cf37e88fc675ca616038cc4622d3fee832706,e5f0e3a8dc2c1565ea64895ca5a006b9bb42d38db54d6b7250819fac9437ba10,,0.6124658584594727,-0.15246997053528077,0.32272615268620264,5a2ee73a5ab51674e36dffb8d4cd15aa5900236477a66d12bacbc1f16fdae65f
H5000,validation,31251,67261,wrong,0,wrong/31251-0.png,44494c4d585e267067062fe8ce43114e483e84ee28b78ae8ed5194394e71183e,e5f0e3a8dc2c1565ea64895ca5a006b9bb42d38db54d6b7250819fac9437ba10,,0.46667930483818054,0.12566249803216997,0.22766215053416217,5a2ee73a5ab51674e36dffb8d4cd15aa5900236477a66d12bacbc1f16fdae65f
H5000,validation,31251,67261,wrong,1,wrong/31251-1.png,c68e6cda085418af65bf0a88f42a9c995725be928678e4e14c8ffe83e5a0f42d,e5f0e3a8dc2c1565ea64895ca5a006b9bb42d38db54d6b7250819fac9437ba10,,0.4906257688999176,-0.14744326806366098,0.3000592220159993,5a2ee73a5ab51674e36dffb8d4cd15aa5900236477a66d12bacbc1f16fdae65f
H5000,validation,67261,43211,correct,0,correct/67261-0.png,62f15615b3b36734ea64b44ade2af18ab89dea782406aaf38c753c32beeaedad,07d147ea3b9d3318ea32f5e662fa389b31b191e1a62054fbee38368b34abad9a,,0.5380316972732544,0.03686860229939481,0.19323234605132664,5a2ee73a5ab51674e36dffb8d4cd15aa5900236477a66d12bacbc1f16fdae65f
H5000,validation,67261,43211,correct,1,correct/67261-1.png,44a48e83871408dac9facdbdd21b07966f3b799a8097816f832a40ff7da3f656,07d147ea3b9d3318ea32f5e662fa389b31b191e1a62054fbee38368b34abad9a,,0.5215041637420654,0.22961514659067908,0.21216552731058658,5a2ee73a5ab51674e36dffb8d4cd15aa5900236477a66d12bacbc1f16fdae65f
H5000,validation,67261,43211,wrong,0,wrong/67261-0.png,30fc954703a278fcce923870097dea4a33ac65c822ee7f7ba5ec7f84ca10928b,07d147ea3b9d3318ea32f5e662fa389b31b191e1a62054fbee38368b34abad9a,,0.5283992886543274,-0.0892846064360766,0.4059853629544889,5a2ee73a5ab51674e36dffb8d4cd15aa5900236477a66d12bacbc1f16fdae65f
H5000,validation,67261,43211,wrong,1,wrong/67261-1.png,d159a4df52122cd7c9acbffe39d1fdb39a36b80ab40e2ed3246a32b6def9cc43,07d147ea3b9d3318ea32f5e662fa389b31b191e1a62054fbee38368b34abad9a,,0.5390492081642151,0.28650421461192555,0.3781282908006457,5a2ee73a5ab51674e36dffb8d4cd15aa5900236477a66d12bacbc1f16fdae65f
L5000,validation,43211,17865,correct,0,correct/43211-0.png,3c4b78beddb722ce0bc49c0111151c15973787d57501513616477c51bc0822cb,51997d1b8dfb2ba5536f803a6a501f92ac7aa8de559cd12422c94d8dcdafa75f,,0.6716156005859375,-0.21037766776680267,0.45077059218898385,ec820f658fec9e9a5e5c0ffd81f7930cf08e6fe44b1798fb93af342173cdd275
L5000,validation,43211,17865,correct,1,correct/43211-1.png,1e01580e6aadd1dbe2c46c5663dba1589066de734dc1583493d55e11b008337d,51997d1b8dfb2ba5536f803a6a501f92ac7aa8de559cd12422c94d8dcdafa75f,,0.6467328667640686,-0.11596585271061499,0.43184868490548345,ec820f658fec9e9a5e5c0ffd81f7930cf08e6fe44b1798fb93af342173cdd275
L5000,validation,43211,17865,wrong,0,wrong/43211-0.png,25b925e5f4b361a10d3510456f48c07bfaf2099ce77a3e840ea370a3a0bfec8d,51997d1b8dfb2ba5536f803a6a501f92ac7aa8de559cd12422c94d8dcdafa75f,,0.6370489001274109,-0.0460656269987332,0.45541814716781515,ec820f658fec9e9a5e5c0ffd81f7930cf08e6fe44b1798fb93af342173cdd275
L5000,validation,43211,17865,wrong,1,wrong/43211-1.png,2203ce2cf96e1e0e9f4864d06eb25cf9560b00d1b605b813786b0e5a210cc0d7,51997d1b8dfb2ba5536f803a6a501f92ac7aa8de559cd12422c94d8dcdafa75f,,0.5502505898475647,0.16000211374224452,0.45032098185368885,ec820f658fec9e9a5e5c0ffd81f7930cf08e6fe44b1798fb93af342173cdd275
L5000,validation,17865,54054,correct,0,correct/17865-0.png,00ea5c0be4c9a80431d7131e6e5d0be2197d7e79abeae7f3e447d30ee84ba5e7,e5721f7fc6a25892b67b1890444205c11a4b42650846fb8c32692ebfc24a5e21,,0.7877992987632751,0.35953807487128603,0.6560958517928127,ec820f658fec9e9a5e5c0ffd81f7930cf08e6fe44b1798fb93af342173cdd275
L5000,validation,17865,54054,correct,1,correct/17865-1.png,e0ff9d80f50558fda6500dc2f1d83c4eb580502e853b191b8203d5e8fc6e99e1,e5721f7fc6a25892b67b1890444205c11a4b42650846fb8c32692ebfc24a5e21,,0.7881661057472229,0.7132749089342973,0.7255372054364123,ec820f658fec9e9a5e5c0ffd81f7930cf08e6fe44b1798fb93af342173cdd275
L5000,validation,17865,54054,wrong,0,wrong/17865-0.png,c44465c9dd67bb2d90145a9a6056bd8468649ea530cbdf9aa5ac8785eb984ba9,e5721f7fc6a25892b67b1890444205c11a4b42650846fb8c32692ebfc24a5e21,,0.6338416337966919,-0.4170891418814657,0.3320791938152448,ec820f658fec9e9a5e5c0ffd81f7930cf08e6fe44b1798fb93af342173cdd275
L5000,validation,17865,54054,wrong,1,wrong/17865-1.png,279694fe402e96ecd95cdee230048e9d4f547c868072f2bd373f61b9953d2121,e5721f7fc6a25892b67b1890444205c11a4b42650846fb8c32692ebfc24a5e21,,0.5571451187133789,-0.13492428676594997,0.3945188533410852,ec820f658fec9e9a5e5c0ffd81f7930cf08e6fe44b1798fb93af342173cdd275
L5000,validation,54054,25374,correct,0,correct/54054-0.png,c2f35cf1a628e7286255f6aa2321873d68190f2c47e44b8360f8d9b5981ecd2c,0db80f2d7af980752c3784ad0042e73a874a5deb2674c608d33e040fe95a43eb,,0.4872967004776001,0.039056783396104314,0.18195689737485873,ec820f658fec9e9a5e5c0ffd81f7930cf08e6fe44b1798fb93af342173cdd275
L5000,validation,54054,25374,correct,1,correct/54054-1.png,22c8c80da41029a6cf512cfea57291143eeb787b9dde8ee57b462e8579644ed2,0db80f2d7af980752c3784ad0042e73a874a5deb2674c608d33e040fe95a43eb,,0.5121035575866699,-0.0684681635003805,0.2957788599049073,ec820f658fec9e9a5e5c0ffd81f7930cf08e6fe44b1798fb93af342173cdd275
L5000,validation,54054,25374,wrong,0,wrong/54054-0.png,8231925f9929d9a376b2bc5c74d5deb6afea63b89f8957d2cf9eb94c89b8d33c,0db80f2d7af980752c3784ad0042e73a874a5deb2674c608d33e040fe95a43eb,,0.48395514488220215,0.1963742091226773,0.24583979055700664,ec820f658fec9e9a5e5c0ffd81f7930cf08e6fe44b1798fb93af342173cdd275
L5000,validation,54054,25374,wrong,1,wrong/54054-1.png,6eb42498056f808e4b59a9f20963042138f920474af2f4397bc93ca20b7938f1,0db80f2d7af980752c3784ad0042e73a874a5deb2674c608d33e040fe95a43eb,,0.5003156661987305,-0.13652570562217958,0.2908308488979649,ec820f658fec9e9a5e5c0ffd81f7930cf08e6fe44b1798fb93af342173cdd275
L5000,validation,25374,48911,correct,0,correct/25374-0.png,ad36f1bb0eb4d1e1caa55ce52931d8d3f902846de3d851d4edd8af45c1fb2a90,37f95ff4b1366fba53a914809bf816cb99a935f4eeb41f5594bd180a43d18f68,,0.5469639301300049,0.2190837796090589,0.3229663492527434,ec820f658fec9e9a5e5c0ffd81f7930cf08e6fe44b1798fb93af342173cdd275
L5000,validation,25374,48911,correct,1,correct/25374-1.png,113457db846de5e21d884eb4f2b35b12990982035ad647a515c31a223e7cd814,37f95ff4b1366fba53a914809bf816cb99a935f4eeb41f5594bd180a43d18f68,,0.564704418182373,0.02083585369958813,0.34761033533720265,ec820f658fec9e9a5e5c0ffd81f7930cf08e6fe44b1798fb93af342173cdd275
L5000,validation,25374,48911,wrong,0,wrong/25374-0.png,a7e637eb025c532134c87a62c22f5491c136a45918538b5adcfbec036777e82c,37f95ff4b1366fba53a914809bf816cb99a935f4eeb41f5594bd180a43d18f68,,0.4647356867790222,0.08323837849140553,0.2816123175920177,ec820f658fec9e9a5e5c0ffd81f7930cf08e6fe44b1798fb93af342173cdd275
L5000,validation,25374,48911,wrong,1,wrong/25374-1.png,7bc4344ac36e826970b50692d4efae57f924da9aa7c1863c84d852e6f383eea1,37f95ff4b1366fba53a914809bf816cb99a935f4eeb41f5594bd180a43d18f68,,0.4554505944252014,-0.01830492838887843,0.294330592750555,ec820f658fec9e9a5e5c0ffd81f7930cf08e6fe44b1798fb93af342173cdd275
L5000,validation,48911,15191,correct,0,correct/48911-0.png,eaf7f0afc0c330d9519e30140731a08d63ac4d7837f07f94b2c6d43f1da7753c,8ad68502859bf42c9102a042830eee55294dbb5c926064febb48b07944b52f81,,0.5848550200462341,-0.001645412931329625,0.1425995030347978,ec820f658fec9e9a5e5c0ffd81f7930cf08e6fe44b1798fb93af342173cdd275
L5000,validation,48911,15191,correct,1,correct/48911-1.png,46a63e7d79136c1d22ae916ae0dfcbdcfb431bb327f3cea8eb3f1eb20dc0260e,8ad68502859bf42c9102a042830eee55294dbb5c926064febb48b07944b52f81,,0.5024672150611877,0.06985802389083237,0.17795956755423992,ec820f658fec9e9a5e5c0ffd81f7930cf08e6fe44b1798fb93af342173cdd275
L5000,validation,48911,15191,wrong,0,wrong/48911-0.png,8856746433e0394531b948cbfcbee8e846bd2cbaa3554cabf617db4f98270ef7,8ad68502859bf42c9102a042830eee55294dbb5c926064febb48b07944b52f81,,0.5611387491226196,0.06690259755746704,0.20177144431400384,ec820f658fec9e9a5e5c0ffd81f7930cf08e6fe44b1798fb93af342173cdd275
L5000,validation,48911,15191,wrong,1,wrong/48911-1.png,3b7c0dcbdf26e611e2c7313daf718714321da53532d8df3dbc629698b8f646af,8ad68502859bf42c9102a042830eee55294dbb5c926064febb48b07944b52f81,,0.5269296765327454,0.017248495686376,0.22395564400121704,ec820f658fec9e9a5e5c0ffd81f7930cf08e6fe44b1798fb93af342173cdd275
L5000,validation,15191,28157,correct,0,correct/15191-0.png,77e3e4e8e25c6bb163f55ae2020c5aa8717ebaf4efd289ba8c0ddfa1f797f7b3,537bbfdfce21f636e1015158b194a4e2d2d689de6ff0321e5eb3908f0493cb51,,0.566093921661377,0.11033501572830073,0.15126620453417047,ec820f658fec9e9a5e5c0ffd81f7930cf08e6fe44b1798fb93af342173cdd275
L5000,validation,15191,28157,correct,1,correct/15191-1.png,76b9efaba7ad0c3b30fdc2407cecf1d4f3bbb94c0412ca0b571b7906fd899026,537bbfdfce21f636e1015158b194a4e2d2d689de6ff0321e5eb3908f0493cb51,,0.539188802242279,0.23864467903866368,0.1285150832322686,ec820f658fec9e9a5e5c0ffd81f7930cf08e6fe44b1798fb93af342173cdd275
L5000,validation,15191,28157,wrong,0,wrong/15191-0.png,e464f975f63272694bff256375edc507456fd77dcbc7d87660309925d6247a7f,537bbfdfce21f636e1015158b194a4e2d2d689de6ff0321e5eb3908f0493cb51,,0.5890337824821472,0.13247918194640626,0.12447274441816154,ec820f658fec9e9a5e5c0ffd81f7930cf08e6fe44b1798fb93af342173cdd275
L5000,validation,15191,28157,wrong,1,wrong/15191-1.png,e5cbc094f9284219ee9fba139f4ef2ede18a435fad1072025c2c4cdac1b92a2f,537bbfdfce21f636e1015158b194a4e2d2d689de6ff0321e5eb3908f0493cb51,,0.5337123870849609,0.16968264084576096,0.1380316369238499,ec820f658fec9e9a5e5c0ffd81f7930cf08e6fe44b1798fb93af342173cdd275
L5000,validation,28157,29610,correct,0,correct/28157-0.png,a520f907311bbb059853983ca3f7c9dffc7286f370968c17f889846455b62c83,ec925fe3fab5e7b1bb5d16156520ab338c7943b8b515d2fa26dba8141aa937f8,,0.6179895401000977,-0.017308832602752643,0.2545846998490896,ec820f658fec9e9a5e5c0ffd81f7930cf08e6fe44b1798fb93af342173cdd275
L5000,validation,28157,29610,correct,1,correct/28157-1.png,830a80c2d377fc64f00b964fb7f412a5a806b38c3d57ca7ed2d1431a4cabdeb5,ec925fe3fab5e7b1bb5d16156520ab338c7943b8b515d2fa26dba8141aa937f8,,0.7284485697746277,-0.01897106643793888,0.2663516256965894,ec820f658fec9e9a5e5c0ffd81f7930cf08e6fe44b1798fb93af342173cdd275
L5000,validation,28157,29610,wrong,0,wrong/28157-0.png,b372a56c02814b2d1e4127aae794a966194e21c7dd5a64a21933ae67869220c6,ec925fe3fab5e7b1bb5d16156520ab338c7943b8b515d2fa26dba8141aa937f8,,0.5983266234397888,-0.12584487340972111,0.23062926984278848,ec820f658fec9e9a5e5c0ffd81f7930cf08e6fe44b1798fb93af342173cdd275
L5000,validation,28157,29610,wrong,1,wrong/28157-1.png,3b7f0498a4ed357e7d537839e8ac613ffb0db0b8a51f1395be7cbdb91d988fed,ec925fe3fab5e7b1bb5d16156520ab338c7943b8b515d2fa26dba8141aa937f8,,0.5610883235931396,-0.0721262855596698,0.2114639097249232,ec820f658fec9e9a5e5c0ffd81f7930cf08e6fe44b1798fb93af342173cdd275
L5000,validation,29610,13223,correct,0,correct/29610-0.png,f9d369b69f21036b2bea2165b489007c933f06b29f56ecafd0802462d6663c82,2ae50f9742d391fd0fe71c0bfef43df838fa3ca392535725cf68c53bbb1f563d,,0.7486955523490906,0.16686065254789204,0.19767361100437766,ec820f658fec9e9a5e5c0ffd81f7930cf08e6fe44b1798fb93af342173cdd275
L5000,validation,29610,13223,correct,1,correct/29610-1.png,1435a43301fce2145a6bcbea077f83c763424bae5a7217093e90266809148c74,2ae50f9742d391fd0fe71c0bfef43df838fa3ca392535725cf68c53bbb1f563d,,0.6952481269836426,0.04392788908175077,0.15632223442209905,ec820f658fec9e9a5e5c0ffd81f7930cf08e6fe44b1798fb93af342173cdd275
L5000,validation,29610,13223,wrong,0,wrong/29610-0.png,bc5b8c628029cbdda33c9144ef1916ee411ea70dbb630861a22730fec022e638,2ae50f9742d391fd0fe71c0bfef43df838fa3ca392535725cf68c53bbb1f563d,,0.4478837847709656,-0.02015278668584734,0.22518519270720902,ec820f658fec9e9a5e5c0ffd81f7930cf08e6fe44b1798fb93af342173cdd275
L5000,validation,29610,13223,wrong,1,wrong/29610-1.png,4487d5343e74fa99a08e803c20d80414b938cfc469e694edb4f57b28545d438a,2ae50f9742d391fd0fe71c0bfef43df838fa3ca392535725cf68c53bbb1f563d,,0.44123339653015137,0.12371886180683049,0.19107711459457816,ec820f658fec9e9a5e5c0ffd81f7930cf08e6fe44b1798fb93af342173cdd275
L5000,validation,13223,62587,correct,0,correct/13223-0.png,97688e6e84fc4a68c0c61ea58649c6df973da9c412deccbb7b49ce3254043094,151ac8204aa06a1329ec12935f38119f3c7da229681b903942203c3f8a0e3524,,0.5370201468467712,0.18135747019557982,0.4148255157927163,ec820f658fec9e9a5e5c0ffd81f7930cf08e6fe44b1798fb93af342173cdd275
L5000,validation,13223,62587,correct,1,correct/13223-1.png,b4c7d4f29d73c270742a18d18f6611d5da37713c1c8850d3cff28e3dd0a06a61,151ac8204aa06a1329ec12935f38119f3c7da229681b903942203c3f8a0e3524,,0.6231855750083923,0.5433565017502606,0.4150977358795797,ec820f658fec9e9a5e5c0ffd81f7930cf08e6fe44b1798fb93af342173cdd275
L5000,validation,13223,62587,wrong,0,wrong/13223-0.png,75a97b32fe7bf605bde3b379cee34ea8e4aedb50db556b43c828513710e763b5,151ac8204aa06a1329ec12935f38119f3c7da229681b903942203c3f8a0e3524,,0.6359105706214905,0.011099735332227198,0.3240697943918101,ec820f658fec9e9a5e5c0ffd81f7930cf08e6fe44b1798fb93af342173cdd275
L5000,validation,13223,62587,wrong,1,wrong/13223-1.png,83409d14b6ba1bda93c257002fde2eda1e1c7cf3e3a6b739e68f73e178baceea,151ac8204aa06a1329ec12935f38119f3c7da229681b903942203c3f8a0e3524,,0.6244275569915771,0.46191710868722996,0.4520994420823101,ec820f658fec9e9a5e5c0ffd81f7930cf08e6fe44b1798fb93af342173cdd275
L5000,validation,62587,34998,correct,0,correct/62587-0.png,bf29d5f47cbceac258877ca33bebf305b3c3fe88a5c31a63a8eaaace6af3a888,2e2aff2f23fc2b9925dee499af061bc8faf0e4b2205408190483ebb27887b89f,,0.5372873544692993,0.4623095080918831,0.4172550605712415,ec820f658fec9e9a5e5c0ffd81f7930cf08e6fe44b1798fb93af342173cdd275
L5000,validation,62587,34998,correct,1,correct/62587-1.png,ed0c97ab7e5f29280fa9b159a1e12097b5bb0080348c8552fee25b3b20312480,2e2aff2f23fc2b9925dee499af061bc8faf0e4b2205408190483ebb27887b89f,,0.5529801845550537,0.44309024628304555,0.4237011148165962,ec820f658fec9e9a5e5c0ffd81f7930cf08e6fe44b1798fb93af342173cdd275
L5000,validation,62587,34998,wrong,0,wrong/62587-0.png,eaf0d88685ea987fc1a6ba7e267453083a65605072210de9f12e0f338b06ae81,2e2aff2f23fc2b9925dee499af061bc8faf0e4b2205408190483ebb27887b89f,,0.5716174840927124,-0.01267353899371824,0.382013127449725,ec820f658fec9e9a5e5c0ffd81f7930cf08e6fe44b1798fb93af342173cdd275
L5000,validation,62587,34998,wrong,1,wrong/62587-1.png,c8b63a065c760b1cf8744e86b4270de503901c188937a7ba063b53e445bc7773,2e2aff2f23fc2b9925dee499af061bc8faf0e4b2205408190483ebb27887b89f,,0.5880134701728821,0.11972664771817668,0.401564066795866,ec820f658fec9e9a5e5c0ffd81f7930cf08e6fe44b1798fb93af342173cdd275
L5000,validation,34998,29815,correct,0,correct/34998-0.png,e51e50e600e3a7cf76b74ecf573fc738bf3f4102404faae9cd399e41191a207e,6f805d3582b97d85cd70ae69a48a89bffc50b7fa4e3193e80c213cd9182003ab,,0.841751217842102,0.16883109247756853,0.400785495079476,ec820f658fec9e9a5e5c0ffd81f7930cf08e6fe44b1798fb93af342173cdd275
L5000,validation,34998,29815,correct,1,correct/34998-1.png,347fcb00122c2852bb9dfbe226d149d79ba7b6a41d5a9e77eb173037fc90ab5e,6f805d3582b97d85cd70ae69a48a89bffc50b7fa4e3193e80c213cd9182003ab,,0.8595713973045349,0.110290099740167,0.2833541875067922,ec820f658fec9e9a5e5c0ffd81f7930cf08e6fe44b1798fb93af342173cdd275
L5000,validation,34998,29815,wrong,0,wrong/34998-0.png,61b1cd16bcc3275ce670c8371d652752a167989c61ba94eb110000f784063dde,6f805d3582b97d85cd70ae69a48a89bffc50b7fa4e3193e80c213cd9182003ab,,0.5222568511962891,0.07713978116155758,0.4353368592491427,ec820f658fec9e9a5e5c0ffd81f7930cf08e6fe44b1798fb93af342173cdd275
L5000,validation,34998,29815,wrong,1,wrong/34998-1.png,089068f7a30313005c883ab5762f5fcec1d60b7e455dfeed8b1a65142c4a20b2,6f805d3582b97d85cd70ae69a48a89bffc50b7fa4e3193e80c213cd9182003ab,,0.527567446231842,0.03740898563258053,0.4497067023657895,ec820f658fec9e9a5e5c0ffd81f7930cf08e6fe44b1798fb93af342173cdd275
L5000,validation,29815,42302,correct,0,correct/29815-0.png,7350fcaa2d8afd23351bdde569487acd5728dff5162505c6eb58c7703638590e,a39add8080e3550675b96b362a37fab98f076206646784747727aba02ccb441f,,0.8011518716812134,0.07082580977693782,0.6812878516423253,ec820f658fec9e9a5e5c0ffd81f7930cf08e6fe44b1798fb93af342173cdd275
L5000,validation,29815,42302,correct,1,correct/29815-1.png,2c7dc7a1058cbb3ef34d3c81e5c738613627ff0117105ea4da0fa0aac524d646,a39add8080e3550675b96b362a37fab98f076206646784747727aba02ccb441f,,0.7865432500839233,0.36578278064721265,0.6265422909006358,ec820f658fec9e9a5e5c0ffd81f7930cf08e6fe44b1798fb93af342173cdd275
L5000,validation,29815,42302,wrong,0,wrong/29815-0.png,f6a5a30f63e83d8c3b0dbb465246f37396c8c58144ab8fa11c8bd61082061a6e,a39add8080e3550675b96b362a37fab98f076206646784747727aba02ccb441f,,0.589228630065918,-0.1853032172375751,0.4073974078580616,ec820f658fec9e9a5e5c0ffd81f7930cf08e6fe44b1798fb93af342173cdd275
L5000,validation,29815,42302,wrong,1,wrong/29815-1.png,fbf3a1042349f70d46e37889bf07ded3abd11f427d3e08cd669688dafe890e99,a39add8080e3550675b96b362a37fab98f076206646784747727aba02ccb441f,,0.5315633416175842,0.17106650180833027,0.2892128314159395,ec820f658fec9e9a5e5c0ffd81f7930cf08e6fe44b1798fb93af342173cdd275
L5000,validation,42302,68553,correct,0,correct/42302-0.png,ff614cd618d1909c83eb3995e6efe38347339bfc78185ef9223236798b5790e2,798d9a0e9714488f7c39c6060133997bdf84645985fa35d4a29fbb7903237138,,0.5492990016937256,0.12847299085718228,0.11775906098678184,ec820f658fec9e9a5e5c0ffd81f7930cf08e6fe44b1798fb93af342173cdd275
L5000,validation,42302,68553,correct,1,correct/42302-1.png,e6b8cd99d5115b26b4770c77383368dceeb23a7277ea84a0a7637a7fb8d36495,798d9a0e9714488f7c39c6060133997bdf84645985fa35d4a29fbb7903237138,,0.5965850949287415,0.26908741259815067,0.13677233996920818,ec820f658fec9e9a5e5c0ffd81f7930cf08e6fe44b1798fb93af342173cdd275
L5000,validation,42302,68553,wrong,0,wrong/42302-0.png,8c48d15b94192892326f11c4d1aa36d0e92c7c99f6cc234a4b34673390e1e3ea,798d9a0e9714488f7c39c6060133997bdf84645985fa35d4a29fbb7903237138,,0.4415763318538666,0.08955614153854315,0.14786529742926705,ec820f658fec9e9a5e5c0ffd81f7930cf08e6fe44b1798fb93af342173cdd275
L5000,validation,42302,68553,wrong,1,wrong/42302-1.png,fd6ed71af3029de3530171a7e0140c8fa534e629064666e203e9fd5f69dff68f,798d9a0e9714488f7c39c6060133997bdf84645985fa35d4a29fbb7903237138,,0.48215898871421814,0.17817725642499835,0.16647127171135065,ec820f658fec9e9a5e5c0ffd81f7930cf08e6fe44b1798fb93af342173cdd275
L5000,validation,68553,65690,correct,0,correct/68553-0.png,17b5733d34e5fa613ae1151e4b6930cfaa35a44fcdab2aebeca2550ecfbd2239,caf8bc08485eefd14cba2623b55ca9f95e63a0503c4ed55a73001f8f0df0cca1,,0.6990782022476196,0.02109206848983749,0.37427162055337754,ec820f658fec9e9a5e5c0ffd81f7930cf08e6fe44b1798fb93af342173cdd275
L5000,validation,68553,65690,correct,1,correct/68553-1.png,f2db674d863949d2f7fbfbb8cfb09dacdbc2b3dd99a361d2e62caae528e0a5ce,caf8bc08485eefd14cba2623b55ca9f95e63a0503c4ed55a73001f8f0df0cca1,,0.5326220393180847,0.1341578660034546,0.3375568718103547,ec820f658fec9e9a5e5c0ffd81f7930cf08e6fe44b1798fb93af342173cdd275
L5000,validation,68553,65690,wrong,0,wrong/68553-0.png,4a8c85964a6c760d44290f7e7ff7cacf9c39474b9089112708914a676a88f361,caf8bc08485eefd14cba2623b55ca9f95e63a0503c4ed55a73001f8f0df0cca1,,0.5049700736999512,0.07861794657815505,0.3235267433275319,ec820f658fec9e9a5e5c0ffd81f7930cf08e6fe44b1798fb93af342173cdd275
L5000,validation,68553,65690,wrong,1,wrong/68553-1.png,fe0af8b491bca7f8723ee606f344bb9b0fa6b4da40ab9e0cae8391109d9c605f,caf8bc08485eefd14cba2623b55ca9f95e63a0503c4ed55a73001f8f0df0cca1,,0.5015036463737488,0.14317074540117586,0.3298220953186904,ec820f658fec9e9a5e5c0ffd81f7930cf08e6fe44b1798fb93af342173cdd275
L5000,validation,65690,41120,correct,0,correct/65690-0.png,79776125982dce2f671f57b4af3c23605407b2356977e2a3aa7403bd0f59f9d2,35857398d867ad0f304a016cfa80fd961782df553341722457076961b12d547a,,0.5823114514350891,0.1706395970027915,0.48434682966160225,ec820f658fec9e9a5e5c0ffd81f7930cf08e6fe44b1798fb93af342173cdd275
L5000,validation,65690,41120,correct,1,correct/65690-1.png,02afeec16a4599eb36b6857c6083d864170e700f0d45cdcea4f2f190e6dc925c,35857398d867ad0f304a016cfa80fd961782df553341722457076961b12d547a,,0.697400689125061,-0.027926120132789854,0.38121030390255134,ec820f658fec9e9a5e5c0ffd81f7930cf08e6fe44b1798fb93af342173cdd275
L5000,validation,65690,41120,wrong,0,wrong/65690-0.png,86ba3854c09633c88d230acee65609d22a80e632711b91ecf776946978b83b03,35857398d867ad0f304a016cfa80fd961782df553341722457076961b12d547a,,0.7708491086959839,-0.12003728502562047,0.2314175867519505,ec820f658fec9e9a5e5c0ffd81f7930cf08e6fe44b1798fb93af342173cdd275
L5000,validation,65690,41120,wrong,1,wrong/65690-1.png,4d4a37aead9757b24c4a73b3a65a9e001b4476ae8b2b2fd87df70a309375ba56,35857398d867ad0f304a016cfa80fd961782df553341722457076961b12d547a,,0.7668662071228027,0.07235146248350502,0.26308874706754476,ec820f658fec9e9a5e5c0ffd81f7930cf08e6fe44b1798fb93af342173cdd275
L5000,validation,41120,64050,correct,0,correct/41120-0.png,b73de2eb9b854d099e3df18b935ddcabf5aaa9eaf8d8287d812969fd4d64d96c,d03dcc249f7451f3f8ada458ec2d88f728188963580a6a8e7deb249fa372e0aa,,0.661099374294281,0.03183845087631902,0.044413231145068115,ec820f658fec9e9a5e5c0ffd81f7930cf08e6fe44b1798fb93af342173cdd275
L5000,validation,41120,64050,correct,1,correct/41120-1.png,e3ea8b98791337ad5bd666d40432cbb493099ea9078e37ab8d007d07ffe86b79,d03dcc249f7451f3f8ada458ec2d88f728188963580a6a8e7deb249fa372e0aa,,0.6507841348648071,-0.029506186794473588,0.04837478816609019,ec820f658fec9e9a5e5c0ffd81f7930cf08e6fe44b1798fb93af342173cdd275
L5000,validation,41120,64050,wrong,0,wrong/41120-0.png,8087fd65302d61aaa81f79044a2ee214ea8de39c1c6532a0bfe9617a73dbc8e1,d03dcc249f7451f3f8ada458ec2d88f728188963580a6a8e7deb249fa372e0aa,,0.5474055409431458,0.03171625808407406,0.05501645386707142,ec820f658fec9e9a5e5c0ffd81f7930cf08e6fe44b1798fb93af342173cdd275
L5000,validation,41120,64050,wrong,1,wrong/41120-1.png,7ecf434779d30b9d55b2c1d6afd0291598aeff9e33a39a5342615f9e1f720ff7,d03dcc249f7451f3f8ada458ec2d88f728188963580a6a8e7deb249fa372e0aa,,0.6808345913887024,0.07183965208919957,0.05107025432762544,ec820f658fec9e9a5e5c0ffd81f7930cf08e6fe44b1798fb93af342173cdd275
L5000,validation,64050,21558,correct,0,correct/64050-0.png,8cbbac0d922196a7a8b07fcf398c78795c5931aaa26b0255020310e1b369c2ed,63d4473c9bd7d578297cfd4edd274ad9e82bac7b6faa64d88c28976d6ec1fb5f,,0.6318580508232117,0.5035435412377368,0.49748606264522177,ec820f658fec9e9a5e5c0ffd81f7930cf08e6fe44b1798fb93af342173cdd275
L5000,validation,64050,21558,correct,1,correct/64050-1.png,dd82a716eeda78ed533c566df2e8fefa67570fe4f3d92044d681d07175be2b7f,63d4473c9bd7d578297cfd4edd274ad9e82bac7b6faa64d88c28976d6ec1fb5f,,0.6117151379585266,0.44783370935662475,0.5234564649373166,ec820f658fec9e9a5e5c0ffd81f7930cf08e6fe44b1798fb93af342173cdd275
L5000,validation,64050,21558,wrong,0,wrong/64050-0.png,a895a93ed56c34ec23d5c4765ff1f2f396c4d5643a22ee6d37c2fa68c51e0438,63d4473c9bd7d578297cfd4edd274ad9e82bac7b6faa64d88c28976d6ec1fb5f,,0.6303123235702515,-0.2150748312849859,0.21176023595485655,ec820f658fec9e9a5e5c0ffd81f7930cf08e6fe44b1798fb93af342173cdd275
L5000,validation,64050,21558,wrong,1,wrong/64050-1.png,b22f9ccebe2c86cb43cde753234025e9c8974f660470d982abcea77dac78df93,63d4473c9bd7d578297cfd4edd274ad9e82bac7b6faa64d88c28976d6ec1fb5f,,0.5407296419143677,-0.06248937627785845,0.3804732208606143,ec820f658fec9e9a5e5c0ffd81f7930cf08e6fe44b1798fb93af342173cdd275
L5000,validation,21558,16800,correct,0,correct/21558-0.png,0d1db029edcb580921ec51219af6a41322c76d46b95d400c202f02ad8781c730,6362e4fc28bde29a837b05e6b7e0d6812cc400f7647f05718b8a2220121a141f,,0.6883523464202881,0.30449076612126413,0.3972528095416264,ec820f658fec9e9a5e5c0ffd81f7930cf08e6fe44b1798fb93af342173cdd275
L5000,validation,21558,16800,correct,1,correct/21558-1.png,26aa7d53527726edeafef73efe920da82dd8c8d25b2226c4c3f3c9b8498a8b70,6362e4fc28bde29a837b05e6b7e0d6812cc400f7647f05718b8a2220121a141f,,0.6697414517402649,0.059886741892953524,0.3354672140359489,ec820f658fec9e9a5e5c0ffd81f7930cf08e6fe44b1798fb93af342173cdd275
L5000,validation,21558,16800,wrong,0,wrong/21558-0.png,b75fc380bf7843e230e54f0740ceafaf34bfe46f656bc27c02fb901fa785afc9,6362e4fc28bde29a837b05e6b7e0d6812cc400f7647f05718b8a2220121a141f,,0.49640554189682007,-0.09344380823822027,0.44709663105282604,ec820f658fec9e9a5e5c0ffd81f7930cf08e6fe44b1798fb93af342173cdd275
L5000,validation,21558,16800,wrong,1,wrong/21558-1.png,927a23d0cebe8cd706bfff81dafc5a14f007cdb4bcf805effdfd546074fa8aec,6362e4fc28bde29a837b05e6b7e0d6812cc400f7647f05718b8a2220121a141f,,0.60468590259552,-0.1459300887399282,0.3546667692532065,ec820f658fec9e9a5e5c0ffd81f7930cf08e6fe44b1798fb93af342173cdd275
L5000,validation,16800,5683,correct,0,correct/16800-0.png,c8f51f883c418a83767b9e000c9e0f52186d369675a21cf37d38408a71119612,ff7fee16db8e33ae75b4486a28b577318c44ec7808cb9ba370cef6cc3db9be07,,0.7215008735656738,-0.029596449107034524,0.3971774395728623,ec820f658fec9e9a5e5c0ffd81f7930cf08e6fe44b1798fb93af342173cdd275
L5000,validation,16800,5683,correct,1,correct/16800-1.png,524aa915f7a645ede4702641d4982c29d9966eff51b2ccab60f03947cbc3960b,ff7fee16db8e33ae75b4486a28b577318c44ec7808cb9ba370cef6cc3db9be07,,0.6589866280555725,-0.012754377696397758,0.43262084732882117,ec820f658fec9e9a5e5c0ffd81f7930cf08e6fe44b1798fb93af342173cdd275
L5000,validation,16800,5683,wrong,0,wrong/16800-0.png,497f247098c86e2b61157b862ba5ce61841f7ea47ed3fcbd0611a2e27482876d,ff7fee16db8e33ae75b4486a28b577318c44ec7808cb9ba370cef6cc3db9be07,,0.45418620109558105,-0.001066027954659208,0.37651926871547026,ec820f658fec9e9a5e5c0ffd81f7930cf08e6fe44b1798fb93af342173cdd275
L5000,validation,16800,5683,wrong,1,wrong/16800-1.png,55270eaf27e45019e03ff9f7e534dc99ccece087a239179d6f4376f71015a925,ff7fee16db8e33ae75b4486a28b577318c44ec7808cb9ba370cef6cc3db9be07,,0.6387412548065186,0.18537719095263222,0.43800598596147206,ec820f658fec9e9a5e5c0ffd81f7930cf08e6fe44b1798fb93af342173cdd275
L5000,validation,5683,29400,correct,0,correct/5683-0.png,78f6fe91a668defab71c470050140e49effac798c2a0ed24f61b2fd029b2a22e,dab15aaea07924ca092204e2fccc2a4004374624a14d2f2fb7edd39e5d51b572,,0.5827588438987732,-0.23358917228263823,0.5330973351218108,ec820f658fec9e9a5e5c0ffd81f7930cf08e6fe44b1798fb93af342173cdd275
L5000,validation,5683,29400,correct,1,correct/5683-1.png,f90550f6785f83fd15346b89150060fb65c71bd699340dc0d65d7fbdce9abab9,dab15aaea07924ca092204e2fccc2a4004374624a14d2f2fb7edd39e5d51b572,,0.6447888612747192,0.0821367312689635,0.5508969711809993,ec820f658fec9e9a5e5c0ffd81f7930cf08e6fe44b1798fb93af342173cdd275
L5000,validation,5683,29400,wrong,0,wrong/5683-0.png,352d9ff628b105acab3aac8deecf60dd63fae9ce6b40aface67eeca8e234b9bd,dab15aaea07924ca092204e2fccc2a4004374624a14d2f2fb7edd39e5d51b572,,0.5971372127532959,-0.11410588142188428,0.5142442136369922,ec820f658fec9e9a5e5c0ffd81f7930cf08e6fe44b1798fb93af342173cdd275
L5000,validation,5683,29400,wrong,1,wrong/5683-1.png,5791e53ef3f929ea65ba7d1dbc50bbb9d7fb587a418e3ec8036c45d915f96273,dab15aaea07924ca092204e2fccc2a4004374624a14d2f2fb7edd39e5d51b572,,0.49153071641921997,-0.016225138033474244,0.34106401360891103,ec820f658fec9e9a5e5c0ffd81f7930cf08e6fe44b1798fb93af342173cdd275
L5000,validation,29400,51865,correct,0,correct/29400-0.png,39fa1b3a6298fa49c32374ab18d3941b92335701f2b2d3c5487e5b38abf4c379,40b419ca8b5118885e868fed2103a8ab523467d8fb16c86b7c9002c835890544,,0.3973505198955536,-0.19114909819678674,0.21747524502470164,ec820f658fec9e9a5e5c0ffd81f7930cf08e6fe44b1798fb93af342173cdd275
L5000,validation,29400,51865,correct,1,correct/29400-1.png,2c93fb3e974b519a4d2607a661b0df78f6e15a971d9102b227e1e82c47a47b35,40b419ca8b5118885e868fed2103a8ab523467d8fb16c86b7c9002c835890544,,0.452134907245636,-0.03948372506058533,0.1957980060707734,ec820f658fec9e9a5e5c0ffd81f7930cf08e6fe44b1798fb93af342173cdd275
L5000,validation,29400,51865,wrong,0,wrong/29400-0.png,9889ee231c753e014a04be6cbc47275d7ef00100fded1c4c73e0bd87d90450fb,40b419ca8b5118885e868fed2103a8ab523467d8fb16c86b7c9002c835890544,,0.51515793800354,0.04714522449792011,0.2296828356400144,ec820f658fec9e9a5e5c0ffd81f7930cf08e6fe44b1798fb93af342173cdd275
L5000,validation,29400,51865,wrong,1,wrong/29400-1.png,151cfa7adec5946320f756880519ff805f669dddf0a87b48a9f92cd05904a6f7,40b419ca8b5118885e868fed2103a8ab523467d8fb16c86b7c9002c835890544,,0.47985804080963135,-0.22206200518729635,0.22221838071426991,ec820f658fec9e9a5e5c0ffd81f7930cf08e6fe44b1798fb93af342173cdd275
L5000,validation,51865,37899,correct,0,correct/51865-0.png,ace7bb0ba449f00c5d73c8ef8f59b58ce31d13d666baf350f9656e6550ca76d1,2dfe65b24b19251e4fcbb42ffad8a5e9dcd0530ccf4a99ea24f46f1813ff6df8,,0.6816090941429138,0.012609050497609341,0.139786901018506,ec820f658fec9e9a5e5c0ffd81f7930cf08e6fe44b1798fb93af342173cdd275
L5000,validation,51865,37899,correct,1,correct/51865-1.png,ecf0e2b6d70f0030a7b892a81ab239982806e2bcc3fcacc5d209b786b26f4768,2dfe65b24b19251e4fcbb42ffad8a5e9dcd0530ccf4a99ea24f46f1813ff6df8,,0.6337214112281799,0.11557445901586325,0.18593358938088883,ec820f658fec9e9a5e5c0ffd81f7930cf08e6fe44b1798fb93af342173cdd275
L5000,validation,51865,37899,wrong,0,wrong/51865-0.png,d2d651239f2b810f09bb327e1b1ac68c66a1c9f3a284bbef52e84c53a6f22167,2dfe65b24b19251e4fcbb42ffad8a5e9dcd0530ccf4a99ea24f46f1813ff6df8,,0.4619874060153961,-0.013450959405331548,0.17472559048925324,ec820f658fec9e9a5e5c0ffd81f7930cf08e6fe44b1798fb93af342173cdd275
L5000,validation,51865,37899,wrong,1,wrong/51865-1.png,31855542d21a8530a621b24d0fa7a3aeb901374b807724cd7caccfe0f7f78089,2dfe65b24b19251e4fcbb42ffad8a5e9dcd0530ccf4a99ea24f46f1813ff6df8,,0.48903223872184753,-0.002262432852806278,0.14918606719426367,ec820f658fec9e9a5e5c0ffd81f7930cf08e6fe44b1798fb93af342173cdd275
L5000,validation,37899,33256,correct,0,correct/37899-0.png,8ac2ffd7e6c48a2e230af7d64fb4497cb390617157e1dfda9d94087816b86a98,629893a99bb17770d426478998a45344e27f8eba31b7e71752c77b289209c486,,0.8597291707992554,0.019943934836162892,0.12352309007475273,ec820f658fec9e9a5e5c0ffd81f7930cf08e6fe44b1798fb93af342173cdd275
L5000,validation,37899,33256,correct,1,correct/37899-1.png,d166b1680b07dce363b68e272b5781576d49aa3c198cfdbd71d9365e0b06705e,629893a99bb17770d426478998a45344e27f8eba31b7e71752c77b289209c486,,0.8587779998779297,-0.003092000636837711,0.10564234639242313,ec820f658fec9e9a5e5c0ffd81f7930cf08e6fe44b1798fb93af342173cdd275
L5000,validation,37899,33256,wrong,0,wrong/37899-0.png,58169f5028180615897c7c915722ceb9c7a82f5272d0f438a189d8f326c8b993,629893a99bb17770d426478998a45344e27f8eba31b7e71752c77b289209c486,,0.5071878433227539,-0.14782385384873417,0.16716704215215583,ec820f658fec9e9a5e5c0ffd81f7930cf08e6fe44b1798fb93af342173cdd275
L5000,validation,37899,33256,wrong,1,wrong/37899-1.png,e95ecd44e9565a47b94c5c479e272d606b3653c1e51f1a9e9a0b95d56f5353bc,629893a99bb17770d426478998a45344e27f8eba31b7e71752c77b289209c486,,0.5282256603240967,-0.21205156835600114,0.16735676447984332,ec820f658fec9e9a5e5c0ffd81f7930cf08e6fe44b1798fb93af342173cdd275
L5000,validation,33256,56963,correct,0,correct/33256-0.png,357724efa8cfabd8b9f35ba396decaa56a7fa17b27c8fae9cba1ae24cf7ea052,86b501873a0d26c60880d575e1f54af549d3b20cd28a16a7ca5289db1f67a9fc,,0.6725139021873474,-0.12220791362657694,0.6496477117247826,ec820f658fec9e9a5e5c0ffd81f7930cf08e6fe44b1798fb93af342173cdd275
L5000,validation,33256,56963,correct,1,correct/33256-1.png,970f12fae84576a9373ee2d7c7129671b9b3cab709b5e97d7640111b80412c49,86b501873a0d26c60880d575e1f54af549d3b20cd28a16a7ca5289db1f67a9fc,,0.4300122857093811,0.5291677529206598,0.7301566399865184,ec820f658fec9e9a5e5c0ffd81f7930cf08e6fe44b1798fb93af342173cdd275
L5000,validation,33256,56963,wrong,0,wrong/33256-0.png,02efc98f88fa29f80e51aa818d24af9994092ca0fd2d74ceb92d8fe650740c95,86b501873a0d26c60880d575e1f54af549d3b20cd28a16a7ca5289db1f67a9fc,,0.5647990703582764,-0.16029017446121888,0.6771894103074261,ec820f658fec9e9a5e5c0ffd81f7930cf08e6fe44b1798fb93af342173cdd275
L5000,validation,33256,56963,wrong,1,wrong/33256-1.png,0ef66d9a132b1525a1c01e6022c23dded0c112c8c19a766aabf11bdf74a78742,86b501873a0d26c60880d575e1f54af549d3b20cd28a16a7ca5289db1f67a9fc,,0.6732667684555054,0.1831383300520345,0.7197565533882024,ec820f658fec9e9a5e5c0ffd81f7930cf08e6fe44b1798fb93af342173cdd275
L5000,validation,56963,71264,correct,0,correct/56963-0.png,24591b73197d569bd00e3e9516d4e3e32d6c0b932f368cc7649acd32c069dfdb,2a86f375d79414ab29ddb65865e5d49f8a11fba1e3cf6184b114e919ab8ebb7b,,0.5860113501548767,-0.08505310449800131,0.526563222713851,ec820f658fec9e9a5e5c0ffd81f7930cf08e6fe44b1798fb93af342173cdd275
L5000,validation,56963,71264,correct,1,correct/56963-1.png,92bd71ef53e55e302a1dbcb55ce38c012131c416302a4505757cd9b3d737d0f5,2a86f375d79414ab29ddb65865e5d49f8a11fba1e3cf6184b114e919ab8ebb7b,,0.5964271426200867,-0.5316350992695259,0.6911786690493412,ec820f658fec9e9a5e5c0ffd81f7930cf08e6fe44b1798fb93af342173cdd275
L5000,validation,56963,71264,wrong,0,wrong/56963-0.png,8f65504671e259b1cf506306360b00f69924d67b6cafacc616d8bb57b78435c7,2a86f375d79414ab29ddb65865e5d49f8a11fba1e3cf6184b114e919ab8ebb7b,,0.6564813852310181,-0.24062232227600597,0.3194983726992598,ec820f658fec9e9a5e5c0ffd81f7930cf08e6fe44b1798fb93af342173cdd275
L5000,validation,56963,71264,wrong,1,wrong/56963-1.png,7cae43e32f9704cbdf04c50fcd8f7a95ea20c2e999e353ebdab3bc5196f84565,2a86f375d79414ab29ddb65865e5d49f8a11fba1e3cf6184b114e919ab8ebb7b,,0.5677968859672546,-0.03637512847122714,0.3216351457776628,ec820f658fec9e9a5e5c0ffd81f7930cf08e6fe44b1798fb93af342173cdd275
L5000,validation,71264,38887,correct,0,correct/71264-0.png,027fc439841d75fce7c15c9a4675edd813997651e31dfb0307ab39ff0f30f747,1ab2809ecf5666a811dd554fad64cc76b25753a15d25ca61066543688aae7551,,0.6198230385780334,-0.10297623789106562,0.3291647386326054,ec820f658fec9e9a5e5c0ffd81f7930cf08e6fe44b1798fb93af342173cdd275
L5000,validation,71264,38887,correct,1,correct/71264-1.png,9cb83f3de8c13672933476943504a88ee0b3bb9b98d2fc7fdd5a5dcce00c2007,1ab2809ecf5666a811dd554fad64cc76b25753a15d25ca61066543688aae7551,,0.6300573348999023,-0.21785225913807066,0.31582006792773265,ec820f658fec9e9a5e5c0ffd81f7930cf08e6fe44b1798fb93af342173cdd275
L5000,validation,71264,38887,wrong,0,wrong/71264-0.png,f6b1fbfb6b954191c8ff728a778ea399f0e36da6ca57b1850130b5071f8c9fdb,1ab2809ecf5666a811dd554fad64cc76b25753a15d25ca61066543688aae7551,,0.5712274312973022,0.05436276015957954,0.38641954756767494,ec820f658fec9e9a5e5c0ffd81f7930cf08e6fe44b1798fb93af342173cdd275
L5000,validation,71264,38887,wrong,1,wrong/71264-1.png,c23a07c97f4a2e6e0dca9db2046bea10e15a36558beae0e3e32d30688c98e74e,1ab2809ecf5666a811dd554fad64cc76b25753a15d25ca61066543688aae7551,,0.5680776834487915,0.13821347670695064,0.331804027157534,ec820f658fec9e9a5e5c0ffd81f7930cf08e6fe44b1798fb93af342173cdd275
L5000,validation,38887,59101,correct,0,correct/38887-0.png,fc663830bfd10a36b17d1b1a542166ea7ed8b28714537cf46baa490f38376e1d,935314d65bbc6fcadf076d7a4ee3490c58e54c5cee96e829cdfdc18a2d883f7a,,0.6373281478881836,-0.16276563236895952,0.2284712028433203,ec820f658fec9e9a5e5c0ffd81f7930cf08e6fe44b1798fb93af342173cdd275
L5000,validation,38887,59101,correct,1,correct/38887-1.png,3b05d856d0a5e37f46a3077d946bd607661673a0d9dbbc2bec7c34abd6032cec,935314d65bbc6fcadf076d7a4ee3490c58e54c5cee96e829cdfdc18a2d883f7a,,0.6300925612449646,0.009147610915794769,0.42632117469428366,ec820f658fec9e9a5e5c0ffd81f7930cf08e6fe44b1798fb93af342173cdd275
L5000,validation,38887,59101,wrong,0,wrong/38887-0.png,ade95eecb5a0f28fb0ee938e42c7ab1a46a77e86d316e6fa8dfb7ef52cd7f277,935314d65bbc6fcadf076d7a4ee3490c58e54c5cee96e829cdfdc18a2d883f7a,,0.6127116084098816,-0.17249628070294862,0.23504711979454432,ec820f658fec9e9a5e5c0ffd81f7930cf08e6fe44b1798fb93af342173cdd275
L5000,validation,38887,59101,wrong,1,wrong/38887-1.png,6efbac3da09516246aaf2ce956619ee24ac3f0c15e95c2bdbfd09edfea310b05,935314d65bbc6fcadf076d7a4ee3490c58e54c5cee96e829cdfdc18a2d883f7a,,0.499907523393631,-0.10814389805847689,0.26540490299095626,ec820f658fec9e9a5e5c0ffd81f7930cf08e6fe44b1798fb93af342173cdd275
L5000,validation,59101,29511,correct,0,correct/59101-0.png,21b4231e49a435c152e356b3a323fe35a1d6fa67b6adda32d8c1bb9daae0de0e,a5a329854569c769d5979c8a8e7d124a054c4337774cc0c1faef19013c99764c,,0.6613301038742065,-0.1579839480013015,0.15052163741999697,ec820f658fec9e9a5e5c0ffd81f7930cf08e6fe44b1798fb93af342173cdd275
L5000,validation,59101,29511,correct,1,correct/59101-1.png,7c542ed7adcace26868a73de7c45d2d87cd728a062b6d90311c50db9b1e3f1ca,a5a329854569c769d5979c8a8e7d124a054c4337774cc0c1faef19013c99764c,,0.5753980875015259,0.14141521140887667,0.17385100968681425,ec820f658fec9e9a5e5c0ffd81f7930cf08e6fe44b1798fb93af342173cdd275
L5000,validation,59101,29511,wrong,0,wrong/59101-0.png,546f93502d534cbadd6c67799d4999185d74b626200876e14506ce2be161752e,a5a329854569c769d5979c8a8e7d124a054c4337774cc0c1faef19013c99764c,,0.5295640826225281,-0.20135549496380017,0.22989084250840655,ec820f658fec9e9a5e5c0ffd81f7930cf08e6fe44b1798fb93af342173cdd275
L5000,validation,59101,29511,wrong,1,wrong/59101-1.png,5a76f24e93fd212850a78d3ee87c689221bfb906fc0ceb04ee36ad6d85981e7d,a5a329854569c769d5979c8a8e7d124a054c4337774cc0c1faef19013c99764c,,0.5508689284324646,-0.0532069233583199,0.23051243223173407,ec820f658fec9e9a5e5c0ffd81f7930cf08e6fe44b1798fb93af342173cdd275
L5000,validation,29511,58157,correct,0,correct/29511-0.png,8400e431b15496c5ea24bcaf0e0d088bb1d694b97fe4b63b68aa63585b418391,817d80b6c9a309e1dfa865392dcf7d7ecd062491eb05e93e5aa65a6b401fc43d,,0.5885962247848511,0.3286316257645442,0.7706452301395509,ec820f658fec9e9a5e5c0ffd81f7930cf08e6fe44b1798fb93af342173cdd275
L5000,validation,29511,58157,correct,1,correct/29511-1.png,d432b269598b53d39b8e9e4c9a99d008bfb6bab7b31546331c42d72c725c1749,817d80b6c9a309e1dfa865392dcf7d7ecd062491eb05e93e5aa65a6b401fc43d,,0.5572507977485657,0.3954181013939307,0.7889849731941058,ec820f658fec9e9a5e5c0ffd81f7930cf08e6fe44b1798fb93af342173cdd275
L5000,validation,29511,58157,wrong,0,wrong/29511-0.png,8a304f9cc743fa7784ec68c0cb3918aa797b2cb538c08e4bf862fbe6d12b56e6,817d80b6c9a309e1dfa865392dcf7d7ecd062491eb05e93e5aa65a6b401fc43d,,0.4031994938850403,-0.20785357273990648,0.4894121745051122,ec820f658fec9e9a5e5c0ffd81f7930cf08e6fe44b1798fb93af342173cdd275
L5000,validation,29511,58157,wrong,1,wrong/29511-1.png,04806919dca29664b8c446b658be199042e623a347c9a51bbd3575bcd8375b22,817d80b6c9a309e1dfa865392dcf7d7ecd062491eb05e93e5aa65a6b401fc43d,,0.5068355202674866,-0.27188483559103466,0.40858155833575294,ec820f658fec9e9a5e5c0ffd81f7930cf08e6fe44b1798fb93af342173cdd275
L5000,validation,58157,31251,correct,0,correct/58157-0.png,f8d43abd3344e9bbc0a812396e1c7dd940db78a925ae38911689ac13c298a62e,4b61f00d9bdcd41ace4a004be41ee4d4a23ad5a776e6f35ae572d4f3eee05833,,0.5532580018043518,-0.01654879579743137,0.33476936768222654,ec820f658fec9e9a5e5c0ffd81f7930cf08e6fe44b1798fb93af342173cdd275
L5000,validation,58157,31251,correct,1,correct/58157-1.png,e8800069c666f4fc79b497a12a42e1ffeb17c84abca41ca6218cc092dee6e34f,4b61f00d9bdcd41ace4a004be41ee4d4a23ad5a776e6f35ae572d4f3eee05833,,0.6725137829780579,0.05078450322561694,0.3549022402887372,ec820f658fec9e9a5e5c0ffd81f7930cf08e6fe44b1798fb93af342173cdd275
L5000,validation,58157,31251,wrong,0,wrong/58157-0.png,78008a4b003bd351b88e3630d0e2500f54b932c5aa85003752eb1d10f95f01be,4b61f00d9bdcd41ace4a004be41ee4d4a23ad5a776e6f35ae572d4f3eee05833,,0.34960228204727173,-0.19455969770400428,0.36994100294041904,ec820f658fec9e9a5e5c0ffd81f7930cf08e6fe44b1798fb93af342173cdd275
L5000,validation,58157,31251,wrong,1,wrong/58157-1.png,f508353f4433f88371052844707266d90bc505f019bf617191e555c243ec06f8,4b61f00d9bdcd41ace4a004be41ee4d4a23ad5a776e6f35ae572d4f3eee05833,,0.3442824184894562,0.03499887607890032,0.28110236388116333,ec820f658fec9e9a5e5c0ffd81f7930cf08e6fe44b1798fb93af342173cdd275
L5000,validation,31251,67261,correct,0,correct/31251-0.png,b9ce38c8244d351a257917c809fefcd8bd2560f0631cc5d08a8e549ae7e0cd66,e5f0e3a8dc2c1565ea64895ca5a006b9bb42d38db54d6b7250819fac9437ba10,,0.539474606513977,0.22137874238427843,0.31403783488929016,ec820f658fec9e9a5e5c0ffd81f7930cf08e6fe44b1798fb93af342173cdd275
L5000,validation,31251,67261,correct,1,correct/31251-1.png,3460a2cb282e1f1465f71f8d5db1ef1b92fd5cb7443f586388c7e615b8f52f4f,e5f0e3a8dc2c1565ea64895ca5a006b9bb42d38db54d6b7250819fac9437ba10,,0.554046094417572,-0.1810967238251785,0.3389060276231242,ec820f658fec9e9a5e5c0ffd81f7930cf08e6fe44b1798fb93af342173cdd275
L5000,validation,31251,67261,wrong,0,wrong/31251-0.png,f5308575c642f8fd4be1830d0aa5203166f76ff1f3da545df092008d0f483e7b,e5f0e3a8dc2c1565ea64895ca5a006b9bb42d38db54d6b7250819fac9437ba10,,0.4148309826850891,0.09736102722714107,0.22839499363406598,ec820f658fec9e9a5e5c0ffd81f7930cf08e6fe44b1798fb93af342173cdd275
L5000,validation,31251,67261,wrong,1,wrong/31251-1.png,1829eda687c91639db47a4163c6079c4d0890298f8285c9a9a82cdfa10a0be7f,e5f0e3a8dc2c1565ea64895ca5a006b9bb42d38db54d6b7250819fac9437ba10,,0.37938255071640015,-0.08289473584984108,0.25520048576400267,ec820f658fec9e9a5e5c0ffd81f7930cf08e6fe44b1798fb93af342173cdd275
L5000,validation,67261,43211,correct,0,correct/67261-0.png,1879888b885583e71477f71753dded3033daec269aabf997e5bd37fbb57e8701,07d147ea3b9d3318ea32f5e662fa389b31b191e1a62054fbee38368b34abad9a,,0.5229128003120422,0.07498791510963979,0.18056800180428678,ec820f658fec9e9a5e5c0ffd81f7930cf08e6fe44b1798fb93af342173cdd275
L5000,validation,67261,43211,correct,1,correct/67261-1.png,d6d58da78d5240bd034ccb4ae08c4cbaaecac8ca6dc7c4e8a7e83032aca6a6aa,07d147ea3b9d3318ea32f5e662fa389b31b191e1a62054fbee38368b34abad9a,,0.6766443848609924,0.29649887655147533,0.21675695972408018,ec820f658fec9e9a5e5c0ffd81f7930cf08e6fe44b1798fb93af342173cdd275
L5000,validation,67261,43211,wrong,0,wrong/67261-0.png,ee1bb0b9d15de55260323ae54f7d66b05df62bd8dc0fef2f752e3552902a2be7,07d147ea3b9d3318ea32f5e662fa389b31b191e1a62054fbee38368b34abad9a,,0.5881087183952332,-0.05728601393765555,0.42023531463490693,ec820f658fec9e9a5e5c0ffd81f7930cf08e6fe44b1798fb93af342173cdd275
L5000,validation,67261,43211,wrong,1,wrong/67261-1.png,4a059ea4252e6bc96ccff7fe9f9bb02affa4183471f6356e860f74984c142ed6,07d147ea3b9d3318ea32f5e662fa389b31b191e1a62054fbee38368b34abad9a,,0.5654182434082031,0.20763540236609437,0.4224243474834496,ec820f658fec9e9a5e5c0ffd81f7930cf08e6fe44b1798fb93af342173cdd275
R,validation,43211,17865,correct,0,g4-correct/43211-0.png,f31a11d889663f3e94e6a4dab0cf2252ad830e7d534ed3085bc338841eee1515,51997d1b8dfb2ba5536f803a6a501f92ac7aa8de559cd12422c94d8dcdafa75f,4.0,0.6332194805145264,-0.16103709315279707,0.4344439628545347,
R,validation,43211,17865,correct,1,g4-correct/43211-1.png,16addca1fc3cef196160136d306132f523a33cc2e27754ad400930e06c0f19b8,51997d1b8dfb2ba5536f803a6a501f92ac7aa8de559cd12422c94d8dcdafa75f,4.0,0.7279052138328552,0.04642516111486857,0.42610371814705134,
R,validation,43211,17865,wrong,0,g4-wrong/43211-0.png,a185472048ff5c6926572a0f8f3511307b1557d516e4aee659cc29fbc4082d3d,51997d1b8dfb2ba5536f803a6a501f92ac7aa8de559cd12422c94d8dcdafa75f,4.0,0.6215724349021912,0.24137486766388144,0.45219888032659017,
R,validation,43211,17865,wrong,1,g4-wrong/43211-1.png,bce9c5b43d40fc43c3e4a2fb77cc16654673d80dee54fdc967f9591bea696d71,51997d1b8dfb2ba5536f803a6a501f92ac7aa8de559cd12422c94d8dcdafa75f,4.0,0.5787062644958496,0.22108740672079244,0.4507532578944746,
R,validation,17865,54054,correct,0,g4-correct/17865-0.png,91f47217469b7cd1a1ff5cfa60f301c84117e59b426dc82d1537fd8735639748,e5721f7fc6a25892b67b1890444205c11a4b42650846fb8c32692ebfc24a5e21,4.0,0.6816807985305786,0.6734459329809203,0.662774113298831,
R,validation,17865,54054,correct,1,g4-correct/17865-1.png,0a0debbe37ec90423d7f537ee3e2f402e0ffbe49aca62953e4ef686f680b3459,e5721f7fc6a25892b67b1890444205c11a4b42650846fb8c32692ebfc24a5e21,4.0,0.7129881978034973,0.7721766998490923,0.6808457050666509,
R,validation,17865,54054,wrong,0,g4-wrong/17865-0.png,b79ce9f015118c24e86cd108a3fa5da60bba760ac87c2e63de7f09ecb7e8d40f,e5721f7fc6a25892b67b1890444205c11a4b42650846fb8c32692ebfc24a5e21,4.0,0.566768229007721,-0.4425258881045317,0.3156975449780163,
R,validation,17865,54054,wrong,1,g4-wrong/17865-1.png,575c035086480d9a537ca3fd8cfc797690226ff3c36d2b0746f5c4f11f03f065,e5721f7fc6a25892b67b1890444205c11a4b42650846fb8c32692ebfc24a5e21,4.0,0.5627939701080322,-0.04440967817581377,0.32423097537221374,
R,validation,54054,25374,correct,0,g4-correct/54054-0.png,7e1da3ca23adaa5bce5925a25daa74cf6ff4fbc99a5000514b313de2364879d4,0db80f2d7af980752c3784ad0042e73a874a5deb2674c608d33e040fe95a43eb,4.0,0.47917571663856506,0.2881295836314611,0.2702277342932813,
R,validation,54054,25374,correct,1,g4-correct/54054-1.png,83b8f0dd5b38cc87a450800970ed3ae073577cd3fe0dbddcbe4787d43e8c54da,0db80f2d7af980752c3784ad0042e73a874a5deb2674c608d33e040fe95a43eb,4.0,0.4450906813144684,-0.0372298942451941,0.2750812567868749,
R,validation,54054,25374,wrong,0,g4-wrong/54054-0.png,455adfa6259a7cf2749ac389f1686f28d0459beefa1df686469a2f53ef73aba1,0db80f2d7af980752c3784ad0042e73a874a5deb2674c608d33e040fe95a43eb,4.0,0.5571272373199463,0.10546401892190761,0.23891123046518536,
R,validation,54054,25374,wrong,1,g4-wrong/54054-1.png,0049a754bd39ad80723960fe65bb75f402ed626f350388c645054c5daf4c20a5,0db80f2d7af980752c3784ad0042e73a874a5deb2674c608d33e040fe95a43eb,4.0,0.5036682486534119,-0.09233320552157154,0.2786037885461431,
R,validation,25374,48911,correct,0,g4-correct/25374-0.png,2f9089f80a906c3cbe33fbff66f9b185e5972653d6065c7ecd3f94260d56881f,37f95ff4b1366fba53a914809bf816cb99a935f4eeb41f5594bd180a43d18f68,4.0,0.6072871088981628,0.2308976426094767,0.3052738389520851,
R,validation,25374,48911,correct,1,g4-correct/25374-1.png,e48a0e683e949428b5ee1b3448d048924e7b08b0e415e3f379ba9c7d6b1ae640,37f95ff4b1366fba53a914809bf816cb99a935f4eeb41f5594bd180a43d18f68,4.0,0.5965750217437744,0.008785169262961053,0.34852146007156487,
R,validation,25374,48911,wrong,0,g4-wrong/25374-0.png,42230505959e2fb754ff096a56670805d1159a8109349b01dd8dc5abcdf9f227,37f95ff4b1366fba53a914809bf816cb99a935f4eeb41f5594bd180a43d18f68,4.0,0.4200775921344757,0.06664363236321555,0.3216487066780874,
R,validation,25374,48911,wrong,1,g4-wrong/25374-1.png,13fb3752991a1b61dacd2ab0e2934693ee1dc189f2958ded5aba97787a5ca418,37f95ff4b1366fba53a914809bf816cb99a935f4eeb41f5594bd180a43d18f68,4.0,0.4778327941894531,-0.1425543358788769,0.3272261492808149,
R,validation,48911,15191,correct,0,g4-correct/48911-0.png,f6323adc56593d1f14cfbbab685a78e4091abfe8fd37a135d075e1ac9fdb5a02,8ad68502859bf42c9102a042830eee55294dbb5c926064febb48b07944b52f81,4.0,0.594667375087738,0.01791245329562238,0.17238153274867873,
R,validation,48911,15191,correct,1,g4-correct/48911-1.png,8641b644c6a1aa7ca3ad19dc1427e93e396d28914e0dcf83c66280fe2c58bfc3,8ad68502859bf42c9102a042830eee55294dbb5c926064febb48b07944b52f81,4.0,0.5296502113342285,0.07814187854691412,0.14171729207989184,
R,validation,48911,15191,wrong,0,g4-wrong/48911-0.png,5a59e0921ca64fab1b83d8b2422e5598e987da6b9c9f18b2810f4ac41cf9f78b,8ad68502859bf42c9102a042830eee55294dbb5c926064febb48b07944b52f81,4.0,0.5002573728561401,0.02186051554234628,0.18600425327965414,
R,validation,48911,15191,wrong,1,g4-wrong/48911-1.png,e7e8a17b9f3a074ec52079b0b5022e795e419744a2a3eac732499fb1054bb080,8ad68502859bf42c9102a042830eee55294dbb5c926064febb48b07944b52f81,4.0,0.4965847134590149,0.07561549035892515,0.23762585834830585,
R,validation,15191,28157,correct,0,g4-correct/15191-0.png,d4465ef94ee842cf928fcee84a11b1474fc042f1b59ed9b44c10520e271619ac,537bbfdfce21f636e1015158b194a4e2d2d689de6ff0321e5eb3908f0493cb51,4.0,0.5178908109664917,-0.04580009549907776,0.13515275377989477,
R,validation,15191,28157,correct,1,g4-correct/15191-1.png,a668de281fd1fa7b72becdf2765c9b66bbd2628ff741df0e321017db683d59c8,537bbfdfce21f636e1015158b194a4e2d2d689de6ff0321e5eb3908f0493cb51,4.0,0.5880125761032104,0.25845995024937046,0.1518401493107423,
R,validation,15191,28157,wrong,0,g4-wrong/15191-0.png,5efbd9d6d063ab2a7d5d2b79ae60efe2d32f95ef6fc99952419069f820511767,537bbfdfce21f636e1015158b194a4e2d2d689de6ff0321e5eb3908f0493cb51,4.0,0.5781067609786987,0.08873033637022817,0.1178898061332369,
R,validation,15191,28157,wrong,1,g4-wrong/15191-1.png,03850e39fd9701f83db53748c5791528fdc69796274ff62ed11b15e7c0b1414c,537bbfdfce21f636e1015158b194a4e2d2d689de6ff0321e5eb3908f0493cb51,4.0,0.6029109954833984,0.09490168131821218,0.10865046166590353,
R,validation,28157,29610,correct,0,g4-correct/28157-0.png,3ce6965af2552dd87b608460998c821d86b2aa04d126e13e9a0c2a8dc2505e19,ec925fe3fab5e7b1bb5d16156520ab338c7943b8b515d2fa26dba8141aa937f8,4.0,0.6246313452720642,-0.05965727756803354,0.28498629278320536,
R,validation,28157,29610,correct,1,g4-correct/28157-1.png,a96f9f0ed27b1e0e4194a9ec316021460391961590b209b91d3e74cd105dc1dc,ec925fe3fab5e7b1bb5d16156520ab338c7943b8b515d2fa26dba8141aa937f8,4.0,0.6821365356445312,-0.010940681588633119,0.3425156975807827,
R,validation,28157,29610,wrong,0,g4-wrong/28157-0.png,3294e1d0c3667a399181d683cd3af18061909eff21c4430e9035b767f7420aa6,ec925fe3fab5e7b1bb5d16156520ab338c7943b8b515d2fa26dba8141aa937f8,4.0,0.6378635168075562,-0.19538072410497812,0.17686293029376374,
R,validation,28157,29610,wrong,1,g4-wrong/28157-1.png,a5216b1811ebe9f0e2de141a6ee03f4d7fd43625ca60021734338461d0b21e83,ec925fe3fab5e7b1bb5d16156520ab338c7943b8b515d2fa26dba8141aa937f8,4.0,0.6519826650619507,-0.17390411564015756,0.2198102356993836,
R,validation,29610,13223,correct,0,g4-correct/29610-0.png,fd3f201922efe1d777324ad7f7619ac07f8fc81fc54ad1b9e9f8f856196c3a9d,2ae50f9742d391fd0fe71c0bfef43df838fa3ca392535725cf68c53bbb1f563d,4.0,0.6963816285133362,0.07531049020237164,0.16642400841964008,
R,validation,29610,13223,correct,1,g4-correct/29610-1.png,2ec5639710ff1187a61c9a5677b50ffaba6b1aa4d662cd37e44cddae05dfc978,2ae50f9742d391fd0fe71c0bfef43df838fa3ca392535725cf68c53bbb1f563d,4.0,0.600694477558136,-0.022489867724908092,0.16494110712623694,
R,validation,29610,13223,wrong,0,g4-wrong/29610-0.png,7629f4459fa904fc7cf50a2af6378a8c7a540778fc68e561019418766e17b330,2ae50f9742d391fd0fe71c0bfef43df838fa3ca392535725cf68c53bbb1f563d,4.0,0.5944145321846008,-0.0989245825365747,0.2740795867597226,
R,validation,29610,13223,wrong,1,g4-wrong/29610-1.png,1194239fecbe40479bb47660e50d2d1428ae71ff3620a7dd885f13cc8c65342c,2ae50f9742d391fd0fe71c0bfef43df838fa3ca392535725cf68c53bbb1f563d,4.0,0.616320788860321,-0.04458238114742266,0.25472817240741624,
R,validation,13223,62587,correct,0,g4-correct/13223-0.png,1ab77ca6462dff52d8c8331a5134cab7c239b264a08cba2a7d42e4cd442d0ca4,151ac8204aa06a1329ec12935f38119f3c7da229681b903942203c3f8a0e3524,4.0,0.6437570452690125,0.39837271679980446,0.4593396694399185,
R,validation,13223,62587,correct,1,g4-correct/13223-1.png,4ba8f49eb89f3ff71c70c2a99dd25b12248c49881897e08519242fceac5d2f1f,151ac8204aa06a1329ec12935f38119f3c7da229681b903942203c3f8a0e3524,4.0,0.5280035138130188,0.658272537305795,0.4712962030405244,
R,validation,13223,62587,wrong,0,g4-wrong/13223-0.png,2cb38983d48b72ddc58094e62be124efc2b66c375c0ac68c63908f4ff34f19e5,151ac8204aa06a1329ec12935f38119f3c7da229681b903942203c3f8a0e3524,4.0,0.6391893029212952,-0.09068510975132647,0.31752488443927074,
R,validation,13223,62587,wrong,1,g4-wrong/13223-1.png,737b286bad173c6deb64c8797996bd30765c501775d653bb039afa5c95777ce1,151ac8204aa06a1329ec12935f38119f3c7da229681b903942203c3f8a0e3524,4.0,0.6338423490524292,0.2708542257933139,0.38153973940823555,
R,validation,62587,34998,correct,0,g4-correct/62587-0.png,3a8670b49ea142ef28905fd542f3992791ed8f910f2a0a1cac4c1a8aa250cec5,2e2aff2f23fc2b9925dee499af061bc8faf0e4b2205408190483ebb27887b89f,4.0,0.4491790235042572,0.34599146235697276,0.39383448740546345,
R,validation,62587,34998,correct,1,g4-correct/62587-1.png,56bf8055bd4a760faea6950c849d29a9a3efbb7120237bd230001f448d23d4d4,2e2aff2f23fc2b9925dee499af061bc8faf0e4b2205408190483ebb27887b89f,4.0,0.7483041882514954,0.38555762376646185,0.40474692016297903,
R,validation,62587,34998,wrong,0,g4-wrong/62587-0.png,7166630da5be18b118daa134bbc556ab1aef20f0c84f4ccbafe532e47263a2a5,2e2aff2f23fc2b9925dee499af061bc8faf0e4b2205408190483ebb27887b89f,4.0,0.6187072396278381,-0.015990457433667535,0.3771625879180219,
R,validation,62587,34998,wrong,1,g4-wrong/62587-1.png,7cf703c00406b3e8bffad91f57e9f80ea1b082eeda81f95ee21e862640a3b2e9,2e2aff2f23fc2b9925dee499af061bc8faf0e4b2205408190483ebb27887b89f,4.0,0.5952666401863098,0.06246281366598692,0.36616806914187117,
R,validation,34998,29815,correct,0,g4-correct/34998-0.png,8ddf92e0117754e64e1026076c2344c9d4dc8f90c16380a3020727d791da684c,6f805d3582b97d85cd70ae69a48a89bffc50b7fa4e3193e80c213cd9182003ab,4.0,0.820044755935669,0.17590872800196736,0.4361477559954534,
R,validation,34998,29815,correct,1,g4-correct/34998-1.png,d6de4e0332f52d2c4b3ed0e9600d2615a469b3fe362a0194d9e02842ad1c7b9e,6f805d3582b97d85cd70ae69a48a89bffc50b7fa4e3193e80c213cd9182003ab,4.0,0.8166508674621582,0.18700669044753312,0.31992958092977225,
R,validation,34998,29815,wrong,0,g4-wrong/34998-0.png,2051a193180b4bb09ac8e296b4ec2eadd5815411785e7d4aef6dc831ead1fe9c,6f805d3582b97d85cd70ae69a48a89bffc50b7fa4e3193e80c213cd9182003ab,4.0,0.5590925216674805,0.0886609330748353,0.45075268892859943,
R,validation,34998,29815,wrong,1,g4-wrong/34998-1.png,b945885182e0d6b095cc3531d9270092ae548adc684c0a6923e237a8a1d471a6,6f805d3582b97d85cd70ae69a48a89bffc50b7fa4e3193e80c213cd9182003ab,4.0,0.5396215915679932,0.009130389905496116,0.4619337500887712,
R,validation,29815,42302,correct,0,g4-correct/29815-0.png,3f9df01bf5ac52d4a499b97609e37cb4d22b938944d0b8864dc4c8f9470deb47,a39add8080e3550675b96b362a37fab98f076206646784747727aba02ccb441f,4.0,0.8170225620269775,0.1738954348453055,0.6572562591929249,
R,validation,29815,42302,correct,1,g4-correct/29815-1.png,efc69a9d76e662d08739d4bd0669cb050bf8bc24dfe1b05dd7f8f223c03b9564,a39add8080e3550675b96b362a37fab98f076206646784747727aba02ccb441f,4.0,0.7563275098800659,0.37570373638588483,0.5966707490558121,
R,validation,29815,42302,wrong,0,g4-wrong/29815-0.png,483a3c73f93b1b92e17855e7fdf16ae724d0d77ed99d4540396ed20a5bd64e0a,a39add8080e3550675b96b362a37fab98f076206646784747727aba02ccb441f,4.0,0.5458435416221619,-0.0395606016146747,0.625167102023874,
R,validation,29815,42302,wrong,1,g4-wrong/29815-1.png,ff32338898dfa8e67d1ca9cda93e7997e5b86d6fb22af666abab7ba2575502fc,a39add8080e3550675b96b362a37fab98f076206646784747727aba02ccb441f,4.0,0.5760959386825562,0.17867925885221597,0.30967932794796155,
R,validation,42302,68553,correct,0,g4-correct/42302-0.png,f76a8502ec9bf65695ddbd2ea714936a521f170e402f1996e1734123bb4dee05,798d9a0e9714488f7c39c6060133997bdf84645985fa35d4a29fbb7903237138,4.0,0.5524994730949402,0.12789597920973508,0.13939725211651893,
R,validation,42302,68553,correct,1,g4-correct/42302-1.png,7fa61a10a844e28d573200a94298177911bc75e1df2f1649555a31eb1bd6bb10,798d9a0e9714488f7c39c6060133997bdf84645985fa35d4a29fbb7903237138,4.0,0.5405861139297485,0.24112301059006563,0.14736391694557627,
R,validation,42302,68553,wrong,0,g4-wrong/42302-0.png,0872f46be6896acbe7e971e06db9800c13a580f571db026b48e8890282c50aff,798d9a0e9714488f7c39c6060133997bdf84645985fa35d4a29fbb7903237138,4.0,0.45694825053215027,-0.028317830077026963,0.10106351666437183,
R,validation,42302,68553,wrong,1,g4-wrong/42302-1.png,7a0e716dc96e0a98b62a1e08fe22875c8f14059bd8320345c5d897b41fe07d4c,798d9a0e9714488f7c39c6060133997bdf84645985fa35d4a29fbb7903237138,4.0,0.45286819338798523,0.1871201113815934,0.13776262865186994,
R,validation,68553,65690,correct,0,g4-correct/68553-0.png,c330099191478da906881b129cdb4b246ee0c0a65174fcf5e2a599f6c67bd7a5,caf8bc08485eefd14cba2623b55ca9f95e63a0503c4ed55a73001f8f0df0cca1,4.0,0.6321587562561035,0.032054714119444966,0.331440447197824,
R,validation,68553,65690,correct,1,g4-correct/68553-1.png,bca84b6c4909fffb64fbeea8fb6fa89a735ca50b2a4de56c842cbe6893c53e53,caf8bc08485eefd14cba2623b55ca9f95e63a0503c4ed55a73001f8f0df0cca1,4.0,0.5968484282493591,0.03417375925387429,0.31146007196779774,
R,validation,68553,65690,wrong,0,g4-wrong/68553-0.png,a319db1f19e3b7a025cba28c23d855ffc2cf2347d34378c71e4c36c7445517b8,caf8bc08485eefd14cba2623b55ca9f95e63a0503c4ed55a73001f8f0df0cca1,4.0,0.40444421768188477,0.13919388481940095,0.3298714225690756,
R,validation,68553,65690,wrong,1,g4-wrong/68553-1.png,49aa1eb55331d6a1fdc92a39372be66545630c8168c509627f9fa1a844012233,caf8bc08485eefd14cba2623b55ca9f95e63a0503c4ed55a73001f8f0df0cca1,4.0,0.4772129952907562,0.18750654917383636,0.41875881635113443,
R,validation,65690,41120,correct,0,g4-correct/65690-0.png,b5de15a89a6d27469e71b62c8e047786b301c18d5f8e3a3287ce6dbce2d4277b,35857398d867ad0f304a016cfa80fd961782df553341722457076961b12d547a,4.0,0.5185898542404175,0.2017378661456799,0.463151193254906,
R,validation,65690,41120,correct,1,g4-correct/65690-1.png,e187e5fd13032379f760d602c9fd526afc39805f25300cdc4c4e201c0f7c7e05,35857398d867ad0f304a016cfa80fd961782df553341722457076961b12d547a,4.0,0.6606379151344299,0.031023309268812093,0.396995996702515,
R,validation,65690,41120,wrong,0,g4-wrong/65690-0.png,13187b869a9a483ad2ba1c40da4c9ae0a490c59d56c0b48d6659a39dc6137b74,35857398d867ad0f304a016cfa80fd961782df553341722457076961b12d547a,4.0,0.6861113905906677,0.09450585972924856,0.36051934061122076,
R,validation,65690,41120,wrong,1,g4-wrong/65690-1.png,adc5c48cd64977cb5534198f875648d987c014e100fa888192e626ff85518f95,35857398d867ad0f304a016cfa80fd961782df553341722457076961b12d547a,4.0,0.7579033374786377,0.0705253251061776,0.23273500072092765,
R,validation,41120,64050,correct,0,g4-correct/41120-0.png,bfac22d166712f4108d0d92ccb0ef8bd1db056c9ca7bacb7cb362bec2e68aff5,d03dcc249f7451f3f8ada458ec2d88f728188963580a6a8e7deb249fa372e0aa,4.0,0.5738233923912048,0.05280985576925621,0.04953389700878743,
R,validation,41120,64050,correct,1,g4-correct/41120-1.png,8e282827193d034703e28d5518aebd1e26f1808e21d0ecca03f91e1812f11573,d03dcc249f7451f3f8ada458ec2d88f728188963580a6a8e7deb249fa372e0aa,4.0,0.5118445158004761,-0.05286552455482936,0.05549599731661391,
R,validation,41120,64050,wrong,0,g4-wrong/41120-0.png,7266ab238bb7f49961150fca60e03c656fec7728b1d653c936a41d3d1d13c065,d03dcc249f7451f3f8ada458ec2d88f728188963580a6a8e7deb249fa372e0aa,4.0,0.5800067186355591,0.04022025929282319,0.047116517838700474,
R,validation,41120,64050,wrong,1,g4-wrong/41120-1.png,68754530cc77dcf4f4451138875c8133ea81e7509622ab591a81ab2f28d53f24,d03dcc249f7451f3f8ada458ec2d88f728188963580a6a8e7deb249fa372e0aa,4.0,0.5870076417922974,-0.0395725886658532,0.0535136348038542,
R,validation,64050,21558,correct,0,g4-correct/64050-0.png,8c7f1da04a27c055ba4cc7dc223b37103aeb265a8d9d0f8d790d3e2452f951b8,63d4473c9bd7d578297cfd4edd274ad9e82bac7b6faa64d88c28976d6ec1fb5f,4.0,0.7264919877052307,0.18607125863849638,0.4465486849928679,
R,validation,64050,21558,correct,1,g4-correct/64050-1.png,2faa53c8bbfb63354284badc83be50780cf50f47ca7d29e2c6c3c7df72296685,63d4473c9bd7d578297cfd4edd274ad9e82bac7b6faa64d88c28976d6ec1fb5f,4.0,0.758751630783081,0.4889757133967415,0.4413299571922163,
R,validation,64050,21558,wrong,0,g4-wrong/64050-0.png,f1aa9061e61955e90dceff8cf98d5ddd6452651d2f018d16930faf947af20298,63d4473c9bd7d578297cfd4edd274ad9e82bac7b6faa64d88c28976d6ec1fb5f,4.0,0.5931177735328674,-0.4027872229198614,0.30709534848476483,
R,validation,64050,21558,wrong,1,g4-wrong/64050-1.png,cc3cee217c0b99ea3a55360741161dc890a36897bcf6e9b9d13b8f3fa4ce1697,63d4473c9bd7d578297cfd4edd274ad9e82bac7b6faa64d88c28976d6ec1fb5f,4.0,0.6062113642692566,-0.03241171347411483,0.41428529072096104,
R,validation,21558,16800,correct,0,g4-correct/21558-0.png,b67eee6ee0bd156b2de8b9037972f957b514fac7c5f4cbc3fdd1028af48adb6f,6362e4fc28bde29a837b05e6b7e0d6812cc400f7647f05718b8a2220121a141f,4.0,0.6762435436248779,0.30202192757456325,0.4111241848813527,
R,validation,21558,16800,correct,1,g4-correct/21558-1.png,2c6dee790186532f723d9f74e1e20fec1d73edc9476b8d44b8d04bd78d283796,6362e4fc28bde29a837b05e6b7e0d6812cc400f7647f05718b8a2220121a141f,4.0,0.7226559519767761,-0.0342288644327737,0.26336765850391736,
R,validation,21558,16800,wrong,0,g4-wrong/21558-0.png,cfe4eeab21ab21348743bfb31529a793404062a889a3bdd02e21510cfce03560,6362e4fc28bde29a837b05e6b7e0d6812cc400f7647f05718b8a2220121a141f,4.0,0.4791070520877838,-0.022187617711336247,0.42043297049457906,
R,validation,21558,16800,wrong,1,g4-wrong/21558-1.png,92331f1350cd13e94a0ac8eb8494067881e1b3d964ebbfeb2cd42baab57090e6,6362e4fc28bde29a837b05e6b7e0d6812cc400f7647f05718b8a2220121a141f,4.0,0.5646649599075317,-0.05709762472842131,0.32069801256828645,
R,validation,16800,5683,correct,0,g4-correct/16800-0.png,5736f7400af8969247380062eecc8f648b78f435c39ad7972c42be2fb2896cde,ff7fee16db8e33ae75b4486a28b577318c44ec7808cb9ba370cef6cc3db9be07,4.0,0.6007850170135498,-0.025135202199536383,0.4179504678379816,
R,validation,16800,5683,correct,1,g4-correct/16800-1.png,da90f2a89c9127ab025d8abe72b3f3b24e887c01ddcbc1b35ac35a75caa06a09,ff7fee16db8e33ae75b4486a28b577318c44ec7808cb9ba370cef6cc3db9be07,4.0,0.6670779585838318,-0.0437116898902033,0.4346162134961992,
R,validation,16800,5683,wrong,0,g4-wrong/16800-0.png,a1aa8ab569e0a2d38c14d48dd4e887646f2b42666cd30c2b4ae481653c746ddd,ff7fee16db8e33ae75b4486a28b577318c44ec7808cb9ba370cef6cc3db9be07,4.0,0.511318564414978,-0.07510582202309467,0.3857895419054714,
R,validation,16800,5683,wrong,1,g4-wrong/16800-1.png,59c094dc0daf4531527c6ae31b2745e3c63b6c44ed22bf241f95afbc557f5edf,ff7fee16db8e33ae75b4486a28b577318c44ec7808cb9ba370cef6cc3db9be07,4.0,0.5690987706184387,0.16562100973006794,0.38320978186128624,
R,validation,5683,29400,correct,0,g4-correct/5683-0.png,e2348626e6c2118ca2e56ab9b7ba186596648def691e1daff8f2d83d17df1941,dab15aaea07924ca092204e2fccc2a4004374624a14d2f2fb7edd39e5d51b572,4.0,0.725654125213623,-0.14921888148080148,0.4390654731970726,
R,validation,5683,29400,correct,1,g4-correct/5683-1.png,27646f5b4c2837dbae33fc4c795894e7c68026ab3565149c67ba0463a1f94c57,dab15aaea07924ca092204e2fccc2a4004374624a14d2f2fb7edd39e5d51b572,4.0,0.7536327242851257,-0.036788529349223546,0.3785210609884412,
R,validation,5683,29400,wrong,0,g4-wrong/5683-0.png,e6c2a1a32b9af67acd8062f5da10b19fe9a1206c508d12a2de4a87ef1dedfc8e,dab15aaea07924ca092204e2fccc2a4004374624a14d2f2fb7edd39e5d51b572,4.0,0.4573954939842224,-0.04927302264538576,0.32022782767535557,
R,validation,5683,29400,wrong,1,g4-wrong/5683-1.png,d343b81c75f37dc9ad58b0fb9614e7db362c1f1d48a657a320186a913ef1a41b,dab15aaea07924ca092204e2fccc2a4004374624a14d2f2fb7edd39e5d51b572,4.0,0.47988075017929077,0.020376920405690623,0.32765988477187674,
R,validation,29400,51865,correct,0,g4-correct/29400-0.png,12ed4ab2473ca0c35e7c55a7eaa9309171e5f592333fdb91d50b57b12e135424,40b419ca8b5118885e868fed2103a8ab523467d8fb16c86b7c9002c835890544,4.0,0.5905769467353821,0.1020743329885869,0.18519297560846174,
R,validation,29400,51865,correct,1,g4-correct/29400-1.png,bda1571ab18a86f248ea63c9277f865ca82e1e137a63c0cf9dbab11fca01f7fd,40b419ca8b5118885e868fed2103a8ab523467d8fb16c86b7c9002c835890544,4.0,0.6020684242248535,0.1482509852859239,0.2508554054070807,
R,validation,29400,51865,wrong,0,g4-wrong/29400-0.png,def1423e081f9eace423b9a7848ecdc104345d9512f9f4b2f20f03796ee1a5a6,40b419ca8b5118885e868fed2103a8ab523467d8fb16c86b7c9002c835890544,4.0,0.5068055391311646,-0.0032802577474540635,0.21283142058177626,
R,validation,29400,51865,wrong,1,g4-wrong/29400-1.png,0a61313ac77e8f0f40d0ae9b0e11c5fa58e74f81e60584c5b99039df1468ad6e,40b419ca8b5118885e868fed2103a8ab523467d8fb16c86b7c9002c835890544,4.0,0.49032464623451233,-0.1806645410247461,0.2277176506992107,
R,validation,51865,37899,correct,0,g4-correct/51865-0.png,21a7c783783218a22843e1dbb3f59581094e44c6afd073ba1e79e6f65313e65a,2dfe65b24b19251e4fcbb42ffad8a5e9dcd0530ccf4a99ea24f46f1813ff6df8,4.0,0.6719008088111877,0.13446192827409936,0.16416287073760888,
R,validation,51865,37899,correct,1,g4-correct/51865-1.png,2c63814d6d12bc2bc6eb53b926a2a4577ec6c8ffe9179de071c35683e4901753,2dfe65b24b19251e4fcbb42ffad8a5e9dcd0530ccf4a99ea24f46f1813ff6df8,4.0,0.641510009765625,0.18620981326968952,0.15651637989741815,
R,validation,51865,37899,wrong,0,g4-wrong/51865-0.png,af57ca2b6c6d63c5cf9686d70f0f0c6b9f0ec15ccc669bcb6c8340b9e8691530,2dfe65b24b19251e4fcbb42ffad8a5e9dcd0530ccf4a99ea24f46f1813ff6df8,4.0,0.48069843649864197,0.09535784691366314,0.14786159836376545,
R,validation,51865,37899,wrong,1,g4-wrong/51865-1.png,e4934099f49fa1f8b69f3305a4044e8d83a70ba0c6c6851262bf3a9db8f50d35,2dfe65b24b19251e4fcbb42ffad8a5e9dcd0530ccf4a99ea24f46f1813ff6df8,4.0,0.5182319283485413,-0.02818904312560805,0.11144785670018365,
R,validation,37899,33256,correct,0,g4-correct/37899-0.png,02d7c02f7bb8b89c54b1d9e4861c2f7faf3adb6e72b6024b6aad55f4cd265d7d,629893a99bb17770d426478998a45344e27f8eba31b7e71752c77b289209c486,4.0,0.8910526037216187,-0.05260637738602978,0.10094726591566605,
R,validation,37899,33256,correct,1,g4-correct/37899-1.png,5d23c9766c6b5f405fa558c6e859c2bd4b56b75cecb5952cc4b6e9aec708d752,629893a99bb17770d426478998a45344e27f8eba31b7e71752c77b289209c486,4.0,0.7765832543373108,0.04486488371511811,0.12387038127582609,
R,validation,37899,33256,wrong,0,g4-wrong/37899-0.png,6c74e087e40a55a6abb9f59369128bb24259c9f789d36c993084ca504292e75d,629893a99bb17770d426478998a45344e27f8eba31b7e71752c77b289209c486,4.0,0.508368730545044,-0.14211147487428552,0.2311089504834905,
R,validation,37899,33256,wrong,1,g4-wrong/37899-1.png,5d545eb0f759f47a6ebc2f650429a3ede0ebeb35a8491855e133fa5f302cebe2,629893a99bb17770d426478998a45344e27f8eba31b7e71752c77b289209c486,4.0,0.505728006362915,-0.21266860595011255,0.18091148438496008,
R,validation,33256,56963,correct,0,g4-correct/33256-0.png,d2596a3ce8807740d0330251c93090199527e2f896f735e07e263099dee6757d,86b501873a0d26c60880d575e1f54af549d3b20cd28a16a7ca5289db1f67a9fc,4.0,0.7374296188354492,0.2314866866544583,0.7017318310322788,
R,validation,33256,56963,correct,1,g4-correct/33256-1.png,1f9b6ed7de4ee791d78afaa3d2f6dc3318565c2b2211590d046a0f64142037c2,86b501873a0d26c60880d575e1f54af549d3b20cd28a16a7ca5289db1f67a9fc,4.0,0.492742121219635,0.03642518461899547,0.6484914950392913,
R,validation,33256,56963,wrong,0,g4-wrong/33256-0.png,d6a871455d42bfb6585b81936a2c1a317e0ec8de91a7592b602472eb13d0c691,86b501873a0d26c60880d575e1f54af549d3b20cd28a16a7ca5289db1f67a9fc,4.0,0.6691766977310181,0.15300751334486257,0.6008371902750637,
R,validation,33256,56963,wrong,1,g4-wrong/33256-1.png,ca87fe494085f31150d238d94782efbcef31470b7087fce9ff0dbd994b7ce7a4,86b501873a0d26c60880d575e1f54af549d3b20cd28a16a7ca5289db1f67a9fc,4.0,0.7644636631011963,0.2592869692586326,0.6284032190452157,
R,validation,56963,71264,correct,0,g4-correct/56963-0.png,9e3cd93f7f03ac68290c041faed14fef95766b690c495d7ce4dd0e318014bd71,2a86f375d79414ab29ddb65865e5d49f8a11fba1e3cf6184b114e919ab8ebb7b,4.0,0.5007002949714661,-0.3472988928165093,0.5419956397865534,
R,validation,56963,71264,correct,1,g4-correct/56963-1.png,3222745bd3de1de45ef71ff0004f08f2e36248ecceffe0fd6d08b4cada02d51a,2a86f375d79414ab29ddb65865e5d49f8a11fba1e3cf6184b114e919ab8ebb7b,4.0,0.6136510372161865,-0.0990550725016748,0.656095969501219,
R,validation,56963,71264,wrong,0,g4-wrong/56963-0.png,e5786bfc6a31a14ebc6fc7805a17ed9779c68032e6d5f35130fffca55332dd2b,2a86f375d79414ab29ddb65865e5d49f8a11fba1e3cf6184b114e919ab8ebb7b,4.0,0.6286075711250305,-0.11482019305845456,0.36592022240358335,
R,validation,56963,71264,wrong,1,g4-wrong/56963-1.png,25e1224fcba3b35afdb6dee46a821c9c7fade10cfb90977fd41f6d913d183a0f,2a86f375d79414ab29ddb65865e5d49f8a11fba1e3cf6184b114e919ab8ebb7b,4.0,0.6262606978416443,-0.17140683470709495,0.3264758111820908,
R,validation,71264,38887,correct,0,g4-correct/71264-0.png,27ad70f2dbc3f1de477f2aa8ff9170c0ac9b6de0f620116c4783bcc47c24140f,1ab2809ecf5666a811dd554fad64cc76b25753a15d25ca61066543688aae7551,4.0,0.5753740072250366,0.12802079915958406,0.2983692788831062,
R,validation,71264,38887,correct,1,g4-correct/71264-1.png,db1f8b6bdaa8f95155c2a4dd8e4f0a23e9b922d5bab789239e7ac08d5be2f380,1ab2809ecf5666a811dd554fad64cc76b25753a15d25ca61066543688aae7551,4.0,0.6945235729217529,-0.04645031316908609,0.2379790657295378,
R,validation,71264,38887,wrong,0,g4-wrong/71264-0.png,83a34a840f31fe9e9e85a7a9caa8ca346b307c0c3324f3aef6aceea8ac21a11d,1ab2809ecf5666a811dd554fad64cc76b25753a15d25ca61066543688aae7551,4.0,0.5962467193603516,0.18851287341322626,0.3663673878677826,
R,validation,71264,38887,wrong,1,g4-wrong/71264-1.png,13cb56b3329e1142579b45084ea4ba1f45ad7feb3f36e8b394ab4bf8364ce698,1ab2809ecf5666a811dd554fad64cc76b25753a15d25ca61066543688aae7551,4.0,0.5894977450370789,0.19025367012406752,0.3295081706910532,
R,validation,38887,59101,correct,0,g4-correct/38887-0.png,134008aa4b1177f299a3af7b47476320980a58fc554f1efa91ab94655750740d,935314d65bbc6fcadf076d7a4ee3490c58e54c5cee96e829cdfdc18a2d883f7a,4.0,0.694705605506897,0.0993732674823504,0.305804207324528,
R,validation,38887,59101,correct,1,g4-correct/38887-1.png,0090e524982e7d1689efa0cd15bf40139748d1f08d49e3dc839bc5f4dccea038,935314d65bbc6fcadf076d7a4ee3490c58e54c5cee96e829cdfdc18a2d883f7a,4.0,0.7768312096595764,0.14533941092400862,0.42140016679181785,
R,validation,38887,59101,wrong,0,g4-wrong/38887-0.png,7664aa646686d3d3bf5ad3bc4a0e82d9f26c356a82b6291d937da1f1d6586974,935314d65bbc6fcadf076d7a4ee3490c58e54c5cee96e829cdfdc18a2d883f7a,4.0,0.5998561382293701,-0.1722442889159158,0.18644903553263847,
R,validation,38887,59101,wrong,1,g4-wrong/38887-1.png,b3934b9f844f4a5324ab5e6c341932cfc13eab4c30cb9072498826cd95de641b,935314d65bbc6fcadf076d7a4ee3490c58e54c5cee96e829cdfdc18a2d883f7a,4.0,0.5656347870826721,-0.09203930393069674,0.28453416529308984,
R,validation,59101,29511,correct,0,g4-correct/59101-0.png,a02fbe7fdfc18a2ecdc27c952a199bd42f4e431b875bd35deea71b880ad8e314,a5a329854569c769d5979c8a8e7d124a054c4337774cc0c1faef19013c99764c,4.0,0.7308326959609985,-0.13422712286122532,0.15841942421477997,
R,validation,59101,29511,correct,1,g4-correct/59101-1.png,fd107dc2cc26fe84ff06d8963c51820cdb7a811c480a80cf83641058a3856e96,a5a329854569c769d5979c8a8e7d124a054c4337774cc0c1faef19013c99764c,4.0,0.6276946067810059,0.1687578247619624,0.18148342527471908,
R,validation,59101,29511,wrong,0,g4-wrong/59101-0.png,75468fb8e0083c7f2cb57e5a5100f4510388386e693db76f1f5071bb27eafc77,a5a329854569c769d5979c8a8e7d124a054c4337774cc0c1faef19013c99764c,4.0,0.5140310525894165,-0.1251936715703223,0.2321831073294036,
R,validation,59101,29511,wrong,1,g4-wrong/59101-1.png,c9bc51247f7b129e2b230943c5a1e0d833f23b40949713a18189d9d70ea28833,a5a329854569c769d5979c8a8e7d124a054c4337774cc0c1faef19013c99764c,4.0,0.5139160752296448,0.00804706046521393,0.23151117119756415,
R,validation,29511,58157,correct,0,g4-correct/29511-0.png,71e70dee07423014fdddb4aa1c05a4e61e5be9c46cfba02f9f9b827918ff96a8,817d80b6c9a309e1dfa865392dcf7d7ecd062491eb05e93e5aa65a6b401fc43d,4.0,0.56261146068573,0.3839878223127859,0.7640211046282697,
R,validation,29511,58157,correct,1,g4-correct/29511-1.png,1625a7f79b6126f470fc5edf04515b4dcd3ab4e252693ecbebe3f6b609896644,817d80b6c9a309e1dfa865392dcf7d7ecd062491eb05e93e5aa65a6b401fc43d,4.0,0.429610013961792,0.7223634594768233,0.762266877551267,
R,validation,29511,58157,wrong,0,g4-wrong/29511-0.png,2dd6227b3d9e4c24544bb3aa754ef683ddc42a9b17191b8373dc0727d5ac4a9d,817d80b6c9a309e1dfa865392dcf7d7ecd062491eb05e93e5aa65a6b401fc43d,4.0,0.39664337038993835,-0.155901983279921,0.49884336408797336,
R,validation,29511,58157,wrong,1,g4-wrong/29511-1.png,b44d3e93870407133a91b96bec021ce741172c1c7517faa8c7addb3a05aad814,817d80b6c9a309e1dfa865392dcf7d7ecd062491eb05e93e5aa65a6b401fc43d,4.0,0.4835206866264343,-0.218037672787628,0.4202843506210028,
R,validation,58157,31251,correct,0,g4-correct/58157-0.png,16d2e45cc6329c0a3b4182e566fcde3dd974ded98d098276e94f5ad763e5493f,4b61f00d9bdcd41ace4a004be41ee4d4a23ad5a776e6f35ae572d4f3eee05833,4.0,0.5625461935997009,0.05338069933955699,0.36748818413487383,
R,validation,58157,31251,correct,1,g4-correct/58157-1.png,88c4117e145ea187c0fda3c1855b54635e88144795117addb3dcdea81a8a1d13,4b61f00d9bdcd41ace4a004be41ee4d4a23ad5a776e6f35ae572d4f3eee05833,4.0,0.6977559924125671,0.11904126425230203,0.3899619523494822,
R,validation,58157,31251,wrong,0,g4-wrong/58157-0.png,c437facf345ad4272cf40cb8fd0fe6011cacca5e6f23bc49635ce8200106316c,4b61f00d9bdcd41ace4a004be41ee4d4a23ad5a776e6f35ae572d4f3eee05833,4.0,0.32513362169265747,-0.24695943661951933,0.35094750096267835,
R,validation,58157,31251,wrong,1,g4-wrong/58157-1.png,5524aef63397ea6be2018616d6e284f085215dd2dbdfd9cac1662d798fafe1b8,4b61f00d9bdcd41ace4a004be41ee4d4a23ad5a776e6f35ae572d4f3eee05833,4.0,0.33568844199180603,0.023453439320556792,0.25860836962140243,
R,validation,31251,67261,correct,0,g4-correct/31251-0.png,b31a4477bcb03fe600aaef8a42252be08746bf69e22505341d8f6067ccff5aba,e5f0e3a8dc2c1565ea64895ca5a006b9bb42d38db54d6b7250819fac9437ba10,4.0,0.5926641225814819,0.03185858792860838,0.23003688936553118,
R,validation,31251,67261,correct,1,g4-correct/31251-1.png,3fb8cf984f9b09e3327d43fc7a902ebb8104a9cbeefefe4c771a08df7d90bb37,e5f0e3a8dc2c1565ea64895ca5a006b9bb42d38db54d6b7250819fac9437ba10,4.0,0.5117783546447754,-0.32143108383279023,0.2805722058320152,
R,validation,31251,67261,wrong,0,g4-wrong/31251-0.png,1601a3ae5e28656ecf7bc3c6e13a8cfb52cf33bf7d22cf0932cdd0485d1a6884,e5f0e3a8dc2c1565ea64895ca5a006b9bb42d38db54d6b7250819fac9437ba10,4.0,0.4094294607639313,0.060127729251474214,0.1935459656012376,
R,validation,31251,67261,wrong,1,g4-wrong/31251-1.png,5401b1fd0edfcc99b20123b4f05eb06cd413e6860ad149642b7a268a0a54fe73,e5f0e3a8dc2c1565ea64895ca5a006b9bb42d38db54d6b7250819fac9437ba10,4.0,0.4979588985443115,-0.3478976339262033,0.2185807090339323,
R,validation,67261,43211,correct,0,g4-correct/67261-0.png,b62c0c4e793c55ec66546c0078f060afd04f78cfb346b88f12aab48bab121972,07d147ea3b9d3318ea32f5e662fa389b31b191e1a62054fbee38368b34abad9a,4.0,0.5032469630241394,-0.1522332600980972,0.22949125166159715,
R,validation,67261,43211,correct,1,g4-correct/67261-1.png,c528f00967fdc65eb29c2c2bcf4d949f13cbc3d575ecdc1228c1fa72ac351e7d,07d147ea3b9d3318ea32f5e662fa389b31b191e1a62054fbee38368b34abad9a,4.0,0.5221548080444336,0.2074169558565842,0.19475087762393137,
R,validation,67261,43211,wrong,0,g4-wrong/67261-0.png,be282b057a9d710f11369969f67d94d175876f2bc82fa551e5ae7d11f4ce367f,07d147ea3b9d3318ea32f5e662fa389b31b191e1a62054fbee38368b34abad9a,4.0,0.5746477246284485,-0.04651082610672564,0.42896222753871305,
R,validation,67261,43211,wrong,1,g4-wrong/67261-1.png,43c742736e7003d62d061061fce3d6752b738f1b00dee69824d7a71869303720,07d147ea3b9d3318ea32f5e662fa389b31b191e1a62054fbee38368b34abad9a,4.0,0.5506677627563477,-0.042802301394870505,0.420763332347798,
