image_id,candidate_index,CLIP_cosine,CLIP_forward_two_way,CLIP_top1,CLIP_top5,AlexNet5_forward_two_way,Inception_forward_two_way,PixCorr,SSIM
95,0,0.8274959423330274,0.9899799599198397,0.0,0.0,0.9879759519038076,0.9619238476953907,0.08040237226030951,0.6189995034758282
95,1,0.8158363539893299,0.9959919839679359,0.0,1.0,0.9939879759519038,0.9979959919839679,-0.24017554863143106,0.39498240029823267
95,2,0.7888213183955153,0.9839679358717435,0.0,0.0,1.0,0.9478957915831663,0.07727776570889468,0.5343218423236754
95,3,0.8588154285587523,1.0,1.0,1.0,1.0,0.9979959919839679,0.2427355113367845,0.7295404013869098
95,4,0.8835119381428573,0.9979959919839679,0.0,1.0,1.0,1.0,0.11002897682739278,0.7018421740569005
95,5,0.8035996574116331,0.9879759519038076,0.0,0.0,1.0,0.9819639278557114,0.1823310146369508,0.6438871491015645
95,6,0.8245062423339267,0.9899799599198397,0.0,0.0,0.9939879759519038,0.9979959919839679,-0.10742691618726159,0.589136875795292
95,7,0.8558842573297335,0.9939879759519038,0.0,1.0,0.9959919839679359,0.9939879759519038,0.11867830925267228,0.5860472300396876
204,0,0.7142677610476635,0.9839679358717435,0.0,0.0,0.9819639278557114,0.9859719438877755,0.00014589221062363846,0.12736516133573314
204,1,0.5147424463600652,0.4649298597194389,0.0,0.0,0.9238476953907816,0.9879759519038076,-0.12654766251066862,0.19005709587146605
204,2,0.5522505258913317,0.7254509018036072,0.0,0.0,0.7474949899799599,0.9539078156312625,-0.017253464103131756,0.15705488895091477
204,3,0.6937764855139115,0.969939879759519,0.0,0.0,0.8677354709418837,1.0,-0.008293028689241316,0.1688396822302834
204,4,0.6216781781155603,0.8196392785571143,0.0,0.0,0.8577154308617234,0.9899799599198397,-0.28951457206899905,0.1545687677680747
204,5,0.6718729204397424,0.9839679358717435,0.0,0.0,0.9939879759519038,0.9919839679358717,0.26177951515514886,0.13541968997930467
204,6,0.6093306374613948,0.8937875751503006,0.0,0.0,0.87374749498998,0.9979959919839679,-0.07918787652522032,0.11098112392653577
204,7,0.5465343568833302,0.48697394789579157,0.0,0.0,0.8236472945891784,1.0,-0.32251358280881376,0.12762980333652113
318,0,0.53625594759712,0.8517034068136272,0.0,0.0,0.7394789579158316,0.593186372745491,-0.05759578650847078,0.40901802885150107
318,1,0.6082622534997757,0.8396793587174348,0.0,0.0,0.6893787575150301,0.8176352705410822,0.23540662449003083,0.4569983923480187
318,2,0.5047347211707173,0.5490981963927856,0.0,0.0,0.531062124248497,0.6673346693386774,-0.18277384272406727,0.42551737387809446
318,3,0.5185006697684487,0.41282565130260523,0.0,0.0,0.7575150300601202,0.4649298597194389,0.2192381644365586,0.400236294974729
318,4,0.6566923431548151,0.9478957915831663,0.0,0.0,0.6893787575150301,0.8276553106212425,0.21327355752759583,0.39536001915870256
318,5,0.5430823733777999,0.6593186372745491,0.0,0.0,0.6392785571142284,0.5370741482965932,-0.10449436613539743,0.43117546110255933
318,6,0.601729248247918,0.9759519038076152,0.0,0.0,0.6793587174348698,0.6833667334669339,-0.03713237052982529,0.4191819506209723
318,7,0.5540896176918328,0.6292585170340681,0.0,0.0,0.7535070140280561,0.5851703406813628,0.0958744186681969,0.39606388971483014
356,0,0.5454485042536258,0.9559118236472945,0.0,0.0,0.5350701402805611,0.5450901803607214,0.20143674496036043,0.2613966381665183
356,1,0.6582265129101799,0.9178356713426854,0.0,0.0,0.7254509018036072,0.6993987975951904,0.03472061512988134,0.27897637545499454
356,2,0.5859035774675525,0.685370741482966,0.0,0.0,0.9158316633266533,0.32665330661322645,0.2281261038041626,0.23212053783625186
356,3,0.5558415390830689,0.6953907815631263,0.0,0.0,0.42084168336673344,0.781563126252505,0.05519056408007931,0.2868260805770555
356,4,0.6046469785578871,0.7715430861723447,0.0,0.0,0.9959919839679359,0.5150300601202404,0.23683153989107114,0.24683556159807524
356,5,0.5548782900540715,0.8837675350701403,0.0,0.0,0.8957915831663327,0.3627254509018036,-0.20600185802593124,0.3313688861127528
356,6,0.539356374123322,0.751503006012024,0.0,0.0,0.6653306613226453,0.3807615230460922,0.1984418367954844,0.35801285401829563
356,7,0.6043120740666996,0.7835671342685371,0.0,0.0,0.781563126252505,0.49298597194388777,0.38134911793998266,0.3234658635185492
425,0,0.6123761544705925,0.9659318637274549,0.0,0.0,0.9859719438877755,0.7975951903807615,0.09237071747940451,0.19530149298059887
425,1,0.6780283720150369,0.9759519038076152,0.0,0.0,0.7735470941883767,0.5551102204408818,0.11163911237051544,0.1990539256817724
425,2,0.7055977171491182,0.9879759519038076,0.0,0.0,0.8657314629258517,0.9018036072144289,0.1647363203574105,0.20066478195659398
425,3,0.6350427127125335,0.9619238476953907,0.0,0.0,0.8476953907815631,0.6052104208416834,-0.0612879879506208,0.17086152903330554
425,4,0.6593089244306058,0.9679358717434869,0.0,0.0,0.8857715430861723,0.6132264529058116,-0.06453285957976532,0.19701599083420948
425,5,0.6395057969239286,0.9919839679358717,0.0,1.0,0.9859719438877755,0.4729458917835671,0.06773738972759195,0.21538846051061017
425,6,0.6791401403905506,0.9959919839679359,0.0,1.0,0.8857715430861723,1.0,-0.0723054260857131,0.19232131967832994
425,7,0.6872393268461084,0.9939879759519038,0.0,1.0,0.9979959919839679,0.9338677354709419,0.1319663184952817,0.20468409707158783
458,0,0.569990039099848,0.9318637274549099,0.0,0.0,0.9378757515030061,0.7995991983967936,-0.005380172258421153,0.2523303782239456
458,1,0.653205047765713,0.9398797595190381,0.0,0.0,0.9539078156312625,0.5831663326653307,-0.09025005375878149,0.2064943542865716
458,2,0.6235473677696547,0.9539078156312625,0.0,0.0,0.8517034068136272,0.8256513026052105,-0.12350292337692033,0.24680486990332712
458,3,0.6677566744164347,0.9338677354709419,0.0,0.0,0.9298597194388778,0.5791583166332666,0.10669954630933197,0.17184101025628679
458,4,0.6148521055736882,0.9519038076152304,0.0,0.0,0.8997995991983968,0.8356713426853707,0.02620773171950908,0.24803536200123455
458,5,0.6943571346446074,0.9879759519038076,0.0,0.0,0.9959919839679359,0.9939879759519038,0.014294849355196928,0.20090155138098265
458,6,0.6678398411988655,0.9859719438877755,0.0,0.0,0.9659318637274549,0.9839679358717435,-0.11384065908789222,0.17112808466221413
458,7,0.5816920534765934,0.9759519038076152,0.0,0.0,0.9819639278557114,0.9959919839679359,-0.14104326550897597,0.20063708452256743
637,0,0.3942397827972834,0.7875751503006012,0.0,0.0,0.845691382765531,0.0781563126252505,0.06815453219567533,0.4118171774713301
637,1,0.5163774105247136,0.9619238476953907,0.0,0.0,0.7354709418837675,0.14829659318637275,0.12212653270982132,0.38740261618421523
637,2,0.6627155835785309,0.9639278557114228,0.0,0.0,0.9238476953907816,0.1903807615230461,0.2801907569243875,0.39798059293713495
637,3,0.48932223153557775,0.8857715430861723,0.0,0.0,0.7535070140280561,0.09819639278557114,0.2934803930382418,0.42429563069012904
637,4,0.518070698722315,0.6953907815631263,0.0,0.0,0.3226452905811623,0.15430861723446893,0.2672394934693118,0.3523024926842056
637,5,0.5480616778788827,0.8657314629258517,0.0,0.0,0.8356713426853707,0.1062124248496994,0.13195359650121555,0.3442207310304492
637,6,0.4391730261907332,0.9098196392785571,0.0,0.0,0.6973947895791583,0.08216432865731463,0.21650205021719496,0.38445130604425565
637,7,0.5216962988199724,0.7635270541082164,0.0,0.0,0.5791583166332666,0.15831663326653306,0.10367690506408622,0.34816146277745413
709,0,0.6630582184907357,0.9919839679358717,0.0,1.0,0.6673346693386774,0.9719438877755511,-0.06945791902079304,0.2414910005223426
709,1,0.6922895200164113,0.9959919839679359,0.0,1.0,0.7875751503006012,1.0,-0.017629621971472362,0.2726982971530006
709,2,0.7636655173970128,1.0,1.0,1.0,0.7715430861723447,0.9739478957915831,0.06649714310638005,0.3027407823315576
709,3,0.6226886802820909,0.9919839679358717,0.0,1.0,0.8637274549098196,0.9959919839679359,0.08036786553955538,0.23451830815120606
709,4,0.6921764829867908,0.9939879759519038,0.0,1.0,0.8356713426853707,1.0,-0.041018768270908834,0.2551607368493125
709,5,0.6577866782906014,0.9799599198396793,0.0,0.0,0.8416833667334669,0.9939879759519038,0.11057487315466898,0.2679038181651237
709,6,0.7280257973055013,0.9979959919839679,0.0,1.0,0.7294589178356713,0.9799599198396793,0.05449735543320113,0.2663365555361806
709,7,0.7116497037816715,1.0,1.0,1.0,0.935871743486974,0.9979959919839679,0.05483720148605993,0.24510698464075076
868,0,0.46701316800173837,0.685370741482966,0.0,0.0,0.9498997995991983,0.22645290581162325,-0.14425279507613387,0.0762316933179016
868,1,0.4153422002468886,0.19839679358717435,0.0,0.0,0.717434869739479,0.1623246492985972,0.055540477354359595,0.06156111701236262
868,2,0.4746479503859429,0.27054108216432865,0.0,0.0,0.7855711422845691,0.1523046092184369,0.05661055003551294,0.06964810430633321
868,3,0.42273347721684484,0.22444889779559118,0.0,0.0,0.7354709418837675,0.2565130260521042,-0.03501636988860109,0.059115286334020675
868,4,0.443435619440497,0.501002004008016,0.0,0.0,0.5731462925851704,0.17835671342685372,0.14874565484646401,0.06494312942739952
868,5,0.4405034330725667,0.20240480961923848,0.0,0.0,0.9879759519038076,0.3286573146292585,-0.12458947426352983,0.05959096261934757
868,6,0.5141373019744204,0.3667334669338677,0.0,0.0,0.9559118236472945,0.24649298597194388,0.029056223207959222,0.07055102886840718
868,7,0.36929491417878396,0.22244488977955912,0.0,0.0,0.8416833667334669,0.22645290581162325,-0.10780031449359513,0.06224495996979984
1015,0,0.698342197848193,1.0,1.0,1.0,0.9799599198396793,0.9979959919839679,0.09353679582414477,0.5720139631777783
1015,1,0.6677675210462239,0.9979959919839679,0.0,1.0,0.9178356713426854,0.9799599198396793,-0.2162209827770019,0.5486573624679976
1015,2,0.6897355103601184,0.9799599198396793,0.0,0.0,0.9959919839679359,0.9819639278557114,0.28359968712120776,0.7021972378375566
1015,3,0.6771301816777748,0.9919839679358717,0.0,1.0,0.9959919839679359,0.9819639278557114,0.025426333587957397,0.6737868957671758
1015,4,0.737338939184915,0.9839679358717435,0.0,0.0,0.9919839679358717,0.9799599198396793,0.12266014012233185,0.7080590251489193
1015,5,0.6871792626060673,0.9959919839679359,0.0,1.0,0.9919839679358717,0.9819639278557114,0.09964843072237556,0.7142889759409764
1015,6,0.6796068814475013,0.9859719438877755,0.0,0.0,0.9458917835671342,0.9799599198396793,0.034113695547129605,0.5767333209913249
1015,7,0.6069001609226562,0.9939879759519038,0.0,1.0,0.9519038076152304,0.9819639278557114,-0.029826507979808032,0.5712730590588627
1288,0,0.6039832244814853,0.969939879759519,0.0,0.0,0.9799599198396793,1.0,0.36231663554971255,0.3622539717744409
1288,1,0.700462310123417,0.9979959919839679,0.0,1.0,0.9879759519038076,0.9979959919839679,0.46622387143707705,0.4027339246567939
1288,2,0.774742789774711,0.9939879759519038,0.0,1.0,1.0,0.9899799599198397,0.5402515658576342,0.4067799415078898
1288,3,0.6696318988790109,0.9919839679358717,0.0,1.0,1.0,0.9939879759519038,0.6153162381270303,0.4169580482885475
1288,4,0.7117637708767014,0.9919839679358717,0.0,1.0,0.9779559118236473,0.9959919839679359,0.4999637640082694,0.38953917465296084
1288,5,0.8170500536602245,1.0,1.0,1.0,1.0,0.9939879759519038,0.577861712538506,0.38938456493313456
1288,6,0.583427734488293,0.9298597194388778,0.0,0.0,1.0,0.9819639278557114,0.36301999466019,0.3828267450911323
1288,7,0.6539351868984116,0.9779559118236473,0.0,0.0,0.9979959919839679,1.0,0.432711530290955,0.36810284515761865
1589,0,0.604886077791859,0.9659318637274549,0.0,0.0,0.687374749498998,0.9759519038076152,0.16511734609557283,0.31508958986489966
1589,1,0.6151001949127279,0.9178356713426854,0.0,0.0,0.9438877755511023,0.9278557114228457,-0.2079021752863968,0.23307395795660119
1589,2,0.616732900645325,0.9719438877755511,0.0,0.0,0.9899799599198397,1.0,0.06497579825076125,0.3061213225267264
1589,3,0.6629131180559102,0.9438877755511023,0.0,0.0,0.9719438877755511,0.9979959919839679,-0.13545594109629797,0.26170385323650974
1589,4,0.6039338166616502,0.9579158316633266,0.0,0.0,0.8356713426853707,0.9919839679358717,0.023104958413091327,0.25885518326338447
1589,5,0.6077205110906789,0.9819639278557114,0.0,0.0,0.9338677354709419,0.9959919839679359,-0.0690326878469218,0.2359614665213693
1589,6,0.6414362173548185,0.969939879759519,0.0,0.0,0.9478957915831663,0.9799599198396793,0.17140687124139034,0.27816202655845534
1589,7,0.5288274011812149,0.8136272545090181,0.0,0.0,0.9619238476953907,0.9859719438877755,-0.07936371136680441,0.35040760875061033
1744,0,0.6631181792331877,0.9879759519038076,0.0,0.0,0.9979959919839679,0.9819639278557114,0.6544613318017527,0.40216802767048804
1744,1,0.6834830876922235,0.9799599198396793,0.0,0.0,0.8476953907815631,0.9859719438877755,0.6835843364227582,0.3841153197576884
1744,2,0.5843404684629874,0.9599198396793587,0.0,0.0,0.9599198396793587,0.6693386773547094,0.5986251023253948,0.4140943279988788
1744,3,0.4999297775159559,0.5851703406813628,0.0,0.0,0.7655310621242485,0.32665330661322645,0.3369761170168019,0.4146114088787907
1744,4,0.5857011240457026,0.9078156312625251,0.0,0.0,0.9478957915831663,0.46693386773547096,0.5888365277347951,0.41506526944982114
1744,5,0.5972875343578676,0.9879759519038076,0.0,0.0,0.7555110220440882,0.2605210420841683,0.5774806239399248,0.41630849083008903
1744,6,0.5892307671167163,0.8056112224448898,0.0,0.0,0.8396793587174348,0.37675350701402804,0.495908639995914,0.4197106993164689
1744,7,0.5353834880147272,0.8216432865731463,0.0,0.0,0.8857715430861723,0.3186372745490982,0.4747744972191639,0.39625796570613175
1818,0,0.5607872041412897,0.9118236472945892,0.0,0.0,0.5090180360721442,0.3406813627254509,-0.04275762775709344,0.09670068063375888
1818,1,0.6034586236266797,0.9599198396793587,0.0,0.0,0.13026052104208416,0.4408817635270541,-0.09894243849076102,0.09508223098035329
1818,2,0.5997928439616655,0.8937875751503006,0.0,0.0,0.843687374749499,0.18637274549098196,0.059263628458206215,0.08747871319731318
1818,3,0.6408035936528363,0.9639278557114228,0.0,0.0,0.9739478957915831,0.39478957915831664,0.12540192559624275,0.07497629861813337
1818,4,0.6690208082693387,0.9398797595190381,0.0,0.0,0.9579158316633266,0.5731462925851704,-0.04726278654957294,0.07491382495462695
1818,5,0.64671935343193,0.9599198396793587,0.0,0.0,0.6833667334669339,0.5170340681362725,-0.14832124338842947,0.06875658809920833
1818,6,0.5763801052589845,0.9819639278557114,0.0,0.0,0.905811623246493,0.3627254509018036,0.2730474441443826,0.07353758909268204
1818,7,0.6729379071711235,0.9859719438877755,0.0,0.0,0.8296593186372746,0.5691382765531062,0.1726002524954708,0.08718369512555155
2070,0,0.25453091822946294,0.06412825651302605,0.0,0.0,0.5511022044088176,0.9959919839679359,-0.04236664607442404,0.2430733908009359
2070,1,0.4250298947286961,0.7715430861723447,0.0,0.0,0.8496993987975952,0.9959919839679359,0.095677600834645,0.2755771160812648
2070,2,0.32688016505687,0.02004008016032064,0.0,0.0,0.5811623246492986,0.9238476953907816,0.01845254312475272,0.18601378820252265
2070,3,0.3699150639845026,0.018036072144288578,0.0,0.0,0.7655310621242485,0.9759519038076152,0.13683237513926125,0.32943206969634664
2070,4,0.3533059414064117,0.06813627254509018,0.0,0.0,0.7074148296593187,0.9899799599198397,-0.029866975135972248,0.19708564413851556
2070,5,0.32490857205178425,0.07014028056112225,0.0,0.0,0.8657314629258517,0.9739478957915831,0.08032073026758682,0.3177435403593862
2070,6,0.31017955547473364,0.08817635270541083,0.0,0.0,0.9619238476953907,0.9739478957915831,0.08324832194570429,0.2906300713469438
2070,7,0.2946128348759175,0.004008016032064128,0.0,0.0,0.9799599198396793,0.9919839679358717,-0.029840959334269956,0.24101840331510915
2125,0,0.5820124909418585,0.9238476953907816,0.0,0.0,0.8557114228456913,0.6492985971943888,0.1290708257447345,0.3694083465702475
2125,1,0.49728357822972363,0.48697394789579157,0.0,0.0,0.8877755511022044,0.7775551102204409,0.01411993493743377,0.37474519304293336
2125,2,0.6085056651384253,0.9679358717434869,0.0,0.0,0.9959919839679359,0.46092184368737477,0.4054125654082098,0.3392259405562639
2125,3,0.6872887993685701,0.9839679358717435,0.0,0.0,0.87374749498998,0.845691382765531,0.046541621709908346,0.3010126637498277
2125,4,0.6236876600770722,0.9559118236472945,0.0,0.0,1.0,0.6793587174348698,0.29859200634291294,0.3046800476753184
2125,5,0.4626737543413659,0.7234468937875751,0.0,0.0,0.7895791583166333,0.3927855711422846,0.16961268467470914,0.3819194356856991
2125,6,0.5128168923318248,0.627254509018036,0.0,0.0,0.6052104208416834,0.5370741482965932,-0.18737791840280738,0.34506537743876425
2125,7,0.582903295325186,0.9719438877755511,0.0,0.0,0.9559118236472945,0.39478957915831664,0.11318838622587032,0.37741685755342524
2327,0,0.5368492802800644,0.7474949899799599,0.0,0.0,0.9899799599198397,0.9278557114228457,0.41178097018352927,0.44802474847918683
2327,1,0.5633398904911617,0.8316633266533067,0.0,0.0,0.7995991983967936,0.5130260521042084,-0.08203881804815776,0.3531192913662099
2327,2,0.6298904525227458,0.9719438877755511,0.0,0.0,0.9819639278557114,0.7374749498997996,0.13613129625028797,0.3959299728738562
2327,3,0.5900334696343461,0.8677354709418837,0.0,0.0,0.9779559118236473,0.6513026052104208,-0.39047469880118985,0.3554762693449311
2327,4,0.5923843393972793,0.9258517034068137,0.0,0.0,0.9979959919839679,0.7454909819639278,0.32147586876071793,0.4302340298183261
2327,5,0.540442958178889,0.845691382765531,0.0,0.0,0.8697394789579158,0.7855711422845691,0.09572068390501408,0.3694216211571785
2327,6,0.7994927460024617,0.9939879759519038,0.0,1.0,0.9959919839679359,0.9659318637274549,0.3844727800343924,0.39939118213125885
2327,7,0.6768867538706393,0.9839679358717435,0.0,0.0,0.9458917835671342,0.9739478957915831,0.5390346047583726,0.436397496070335
2737,0,0.7058006148254183,0.9378757515030061,0.0,0.0,0.7314629258517034,0.7775551102204409,-0.03924894191341271,0.11151159646597021
2737,1,0.7630140438765836,0.9639278557114228,0.0,0.0,0.9939879759519038,0.9959919839679359,0.0411656359464888,0.10802399839160075
2737,2,0.7785092485965432,0.9739478957915831,0.0,0.0,0.9979959919839679,1.0,0.056917206556054235,0.12506624250426385
2737,3,0.7346712972500073,0.9599198396793587,0.0,0.0,0.9338677354709419,0.685370741482966,0.08060026239292652,0.10864535198010633
2737,4,0.702081999865078,0.969939879759519,0.0,0.0,0.9478957915831663,0.9959919839679359,0.03280200598116058,0.10672835961206302
2737,5,0.821724547274099,0.9879759519038076,0.0,0.0,0.9899799599198397,0.9979959919839679,0.057350209990349586,0.09213462569389425
2737,6,0.808106878141734,0.9759519038076152,0.0,0.0,0.9639278557114228,1.0,-0.0006528455525014016,0.11792375028886767
2737,7,0.7947714034430771,0.969939879759519,0.0,0.0,0.9979959919839679,0.9979959919839679,0.09705702343160129,0.12332733988923363
2795,0,0.7169814000813186,0.9659318637274549,0.0,0.0,0.9559118236472945,0.5731462925851704,-0.06958855837579582,0.20104868527107292
2795,1,0.6906292431910144,0.9659318637274549,0.0,0.0,0.9038076152304609,0.6492985971943888,-0.050858423682060394,0.2282823809913948
2795,2,0.6869486777741304,0.9599198396793587,0.0,0.0,0.8837675350701403,0.8777555110220441,0.04305158327414576,0.2080995455515498
2795,3,0.7327305601813929,0.9959919839679359,0.0,1.0,0.9979959919839679,0.35470941883767537,-0.0851587211406001,0.22754757271975065
2795,4,0.7376121165531364,0.9759519038076152,0.0,0.0,0.9939879759519038,0.5851703406813628,0.22340654879174887,0.2498804393591204
2795,5,0.7298200324952737,0.9799599198396793,0.0,0.0,1.0,0.7354709418837675,-0.06782395106273076,0.20152728312971452
2795,6,0.7591956579528683,0.9939879759519038,0.0,1.0,0.9719438877755511,0.42685370741482964,-0.12698287670033306,0.23813821821636152
2795,7,0.7449822464864928,1.0,1.0,1.0,1.0,0.38276553106212424,-0.009769801809929698,0.2374881681223354
2980,0,0.8803008118467919,0.9939879759519038,0.0,1.0,0.9839679358717435,0.9959919839679359,-0.021429802537383004,0.07300494554019071
2980,1,0.8135629002866333,0.9679358717434869,0.0,0.0,1.0,0.9879759519038076,0.04199394089234329,0.08688327690848438
2980,2,0.8464450366474421,0.9839679358717435,0.0,0.0,1.0,1.0,0.11028386687180473,0.10149053491155836
2980,3,0.8772143569404602,0.9899799599198397,0.0,0.0,0.9939879759519038,1.0,-0.06571100451717884,0.07411809050952554
2980,4,0.8536438693621857,0.9899799599198397,0.0,0.0,0.9458917835671342,0.9939879759519038,0.10774592910066763,0.10198458866793511
2980,5,0.8458305417455014,0.9899799599198397,0.0,0.0,0.7655310621242485,0.9659318637274549,0.06381933632434836,0.08411735185562408
2980,6,0.8523306205849932,0.9799599198396793,0.0,0.0,1.0,0.9959919839679359,0.05784044352818467,0.08757606656414862
2980,7,0.8618271100495175,0.9839679358717435,0.0,0.0,1.0,1.0,0.07016738258886744,0.07762443249821352
3338,0,0.5219503379716853,0.4969939879759519,0.0,0.0,0.8697394789579158,0.07615230460921844,0.5402589866568273,0.4153546259149285
3338,1,0.5255682566692714,0.3186372745490982,0.0,0.0,0.7775551102204409,0.12424849699398798,0.38635053078624104,0.3222801219525188
3338,2,0.4434874288409052,0.8797595190380761,0.0,0.0,0.8677354709418837,0.07615230460921844,0.3585613410701488,0.37605617769041777
3338,3,0.4734339625252473,0.4088176352705411,0.0,0.0,0.8697394789579158,0.12024048096192384,0.18814220063040657,0.3824837219308014
3338,4,0.5004554462121954,0.7755511022044088,0.0,0.0,0.5891783567134269,0.050100200400801605,-0.07429661725421789,0.2921277974540122
3338,5,0.44054174747107344,0.3687374749498998,0.0,0.0,0.687374749498998,0.1062124248496994,0.40165968659302276,0.3680946041229983
3338,6,0.5494820104043023,0.8376753507014028,0.0,0.0,0.749498997995992,0.06212424849699399,0.5547486903305137,0.37834596177915364
3338,7,0.41724600505867204,0.7935871743486974,0.0,0.0,0.7775551102204409,0.09018036072144289,0.5505378408665628,0.4050407318834117
3344,0,0.32139215554537715,0.022044088176352707,0.0,0.0,0.687374749498998,0.8036072144288577,0.07377291830853717,0.1949658467532782
3344,1,0.35446804039102303,0.04609218436873747,0.0,0.0,0.8717434869739479,0.7955911823647295,0.10961929566036159,0.20725129244775145
3344,2,0.4387265755547807,0.9278557114228457,0.0,0.0,0.7935871743486974,0.7254509018036072,0.21516347729424234,0.20679341175219512
3344,3,0.41632007741410815,0.2925851703406814,0.0,0.0,0.9078156312625251,0.6312625250501002,0.040758649790379284,0.2650972825248397
3344,4,0.3695712637344026,0.036072144288577156,0.0,0.0,0.9278557114228457,0.5711422845691383,0.27260461408475395,0.2275324239663413
3344,5,0.3741367478622023,0.04809619238476954,0.0,0.0,0.6953907815631263,0.7374749498997996,0.10849766232515991,0.17734943918091828
3344,6,0.376738948801715,0.16432865731462926,0.0,0.0,0.40480961923847697,0.7294589178356713,0.18951428841586007,0.23914677866731687
3344,7,0.34301470833070147,0.0841683366733467,0.0,0.0,0.8557114228456913,0.9799599198396793,-0.14597261405518158,0.15372119391759692
3368,0,0.5972372758725076,0.8857715430861723,0.0,0.0,0.9599198396793587,0.9799599198396793,0.03685231698236503,0.2027158229308647
3368,1,0.6627282942733718,0.9519038076152304,0.0,0.0,0.9478957915831663,0.9859719438877755,0.06500553945099136,0.18580836728514966
3368,2,0.5656664991267237,0.9378757515030061,0.0,0.0,0.9398797595190381,0.9899799599198397,-0.021020500976347934,0.1915423152486215
3368,3,0.6547163029430063,0.9498997995991983,0.0,0.0,0.8957915831663327,0.9679358717434869,0.20787550451419023,0.2512006805506072
3368,4,0.6619116641920068,0.9739478957915831,0.0,0.0,0.8557114228456913,0.9979959919839679,0.16701325961419186,0.19292769352730288
3368,5,0.6277845725358302,0.9498997995991983,0.0,0.0,0.6613226452905812,0.9478957915831663,0.0010306596600556611,0.2091211230053676
3368,6,0.6196156423501452,0.9539078156312625,0.0,0.0,0.9478957915831663,0.969939879759519,0.09633740776389609,0.27884130993753214
3368,7,0.6121868807255166,0.9038076152304609,0.0,0.0,0.9118236472945892,0.9639278557114228,-0.04927993622951353,0.22675712095832745
3731,0,0.45209358496767116,0.37675350701402804,0.0,0.0,0.9378757515030061,0.9799599198396793,0.36407471333624225,0.44973798197867665
3731,1,0.5955416326701013,0.7615230460921844,0.0,0.0,0.9258517034068137,0.9859719438877755,0.030022961899310995,0.4110615025074369
3731,2,0.4998104956845976,0.24448897795591182,0.0,0.0,0.6673346693386774,0.5831663326653307,0.3117244044475517,0.44845380789374445
3731,3,0.49858981037321926,0.7014028056112225,0.0,0.0,0.969939879759519,0.9939879759519038,0.36574052681778685,0.420220235314976
3731,4,0.4808182925549075,0.39879759519038077,0.0,0.0,0.9038076152304609,0.905811623246493,0.25015346813115413,0.4332261101541726
3731,5,0.4878918536151533,0.20641282565130262,0.0,0.0,0.7074148296593187,0.6072144288577155,0.3824949053499586,0.47126498154316837
3731,6,0.4812651923625766,0.46292585170340683,0.0,0.0,0.9599198396793587,0.9118236472945892,0.40566068864480437,0.4162615384641543
3731,7,0.550147147861312,0.46092184368737477,0.0,0.0,0.8476953907815631,0.779559118236473,0.41086230840259413,0.4391275490165368
3803,0,0.49928873122495765,0.8697394789579158,0.0,0.0,0.9959919839679359,1.0,0.4609345000293469,0.49224202138933615
3803,1,0.442361747461814,0.8096192384769539,0.0,0.0,0.9478957915831663,0.9819639278557114,0.4156064974372906,0.5580359103871911
3803,2,0.43987067295096843,0.3907815631262525,0.0,0.0,0.9579158316633266,0.35470941883767537,-0.17736826878354145,0.49582895396342047
3803,3,0.617046362326773,0.7635270541082164,0.0,0.0,0.8777555110220441,0.36072144288577157,0.3246040894753043,0.49300217002118474
3803,4,0.5937554274120135,0.8517034068136272,0.0,0.0,0.751503006012024,0.20641282565130262,0.03838143534939213,0.44216472550530145
3803,5,0.5546647142714125,0.9278557114228457,0.0,0.0,0.9859719438877755,1.0,0.7367504473201345,0.593061989817482
3803,6,0.5934927799131932,0.8076152304609219,0.0,0.0,0.8617234468937875,0.2865731462925852,0.1803330491535117,0.48756284525991134
3803,7,0.6088558693504609,0.8877755511022044,0.0,0.0,0.8677354709418837,0.3166332665330661,0.42355118430048344,0.46165049069341535
4292,0,0.5065254001549722,0.9759519038076152,0.0,0.0,0.7655310621242485,0.8637274549098196,0.0013151552450566214,0.2858553263879437
4292,1,0.6423549305850238,1.0,1.0,1.0,1.0,0.9959919839679359,0.0028663344927043243,0.418700995924618
4292,2,0.4782419960125929,0.9739478957915831,0.0,0.0,0.8977955911823647,0.9318637274549099,-0.025009790285969904,0.29325851991088275
4292,3,0.5628784161454972,0.9919839679358717,0.0,1.0,0.8056112224448898,0.9839679358717435,0.09731114788293331,0.3628902799209804
4292,4,0.5092740237412408,0.8276553106212425,0.0,0.0,0.9899799599198397,0.9799599198396793,0.3127515935962083,0.3779840703058867
4292,5,0.5205081193825847,0.3627254509018036,0.0,0.0,0.44488977955911824,0.7054108216432866,0.47917440603599465,0.47372031043291324
4292,6,0.4449102463563998,0.43687374749499,0.0,0.0,0.9018036072144289,0.9859719438877755,-0.05426953156183431,0.3664551792972671
4292,7,0.559227817695858,0.9719438877755511,0.0,0.0,0.8396793587174348,0.9899799599198397,0.09031564369756778,0.36440052597493167
4409,0,0.5662061361080564,1.0,1.0,1.0,1.0,0.9979959919839679,0.14160891968370273,0.2863034017307598
4409,1,0.6415725396187986,0.9859719438877755,0.0,0.0,0.9679358717434869,0.44889779559118237,0.10944844720068198,0.28548396934437187
4409,2,0.5843346697521465,1.0,1.0,1.0,0.7995991983967936,0.9559118236472945,0.1733414985825899,0.28893541637188824
4409,3,0.7128334584246305,0.9979959919839679,0.0,1.0,0.8597194388777555,0.9198396793587175,-0.01585702795185803,0.35360326045498813
4409,4,0.6554174793662493,1.0,1.0,1.0,0.9939879759519038,0.9959919839679359,0.05240932825385883,0.26266680002668497
4409,5,0.6355303682262923,1.0,1.0,1.0,0.9939879759519038,0.9959919839679359,0.1473875433688595,0.28968751443836416
4409,6,0.7553498024391161,1.0,1.0,1.0,0.9899799599198397,1.0,0.12041968270643268,0.3430994139645829
4409,7,0.6736957895787966,1.0,1.0,1.0,0.9338677354709419,0.9739478957915831,0.008200024458384622,0.24921252642008893
4476,0,0.6820804872462856,0.9959919839679359,0.0,1.0,1.0,1.0,0.37067101280215886,0.5816451935740308
4476,1,0.5818870629354385,0.9659318637274549,0.0,0.0,0.9418837675350702,0.9839679358717435,-0.07960179299374028,0.3805131266960285
4476,2,0.6938495233922666,1.0,1.0,1.0,1.0,0.9799599198396793,0.31820604838726374,0.5310374324873348
4476,3,0.5319530630031903,0.9719438877755511,0.0,0.0,0.9979959919839679,1.0,0.27271659812317434,0.5359430458073391
4476,4,0.4434967374058178,0.9438877755511023,0.0,0.0,0.8236472945891784,0.9979959919839679,-0.1953654312508985,0.49943151703577077
4476,5,0.6092885994793591,0.9338677354709419,0.0,0.0,0.8617234468937875,0.9919839679358717,-0.14085581734262842,0.5285034034702686
4476,6,0.5411943202692343,0.9619238476953907,0.0,0.0,0.7314629258517034,0.9779559118236473,-0.3821789499398748,0.3693099333736375
4476,7,0.6960647586253546,0.9979959919839679,0.0,1.0,0.9959919839679359,0.9919839679358717,0.40169125269906625,0.608565013660317
4509,0,0.6907493035742975,0.9899799599198397,0.0,0.0,0.9959919839679359,0.4709418837675351,0.07932423003414363,0.15007402232001651
4509,1,0.588404144441668,0.9138276553106213,0.0,0.0,0.7134268537074149,0.04208416833667335,-0.12497531534245146,0.15781677749476095
4509,2,0.6082151667706828,0.9078156312625251,0.0,0.0,0.7755511022044088,0.10420841683366733,0.2321620039488857,0.15934185251454316
4509,3,0.6723028664047317,0.9939879759519038,0.0,1.0,0.9138276553106213,0.1342685370741483,-0.10089459143195728,0.13713652637740373
4509,4,0.6936341824897838,0.9839679358717435,0.0,0.0,0.9619238476953907,0.3186372745490982,0.1334375708048047,0.1715425516457618
4509,5,0.6246113844246466,0.875751503006012,0.0,0.0,0.87374749498998,0.06012024048096192,-0.1352246023768786,0.14085295146856136
4509,6,0.6299639467998513,0.9599198396793587,0.0,0.0,0.8617234468937875,0.09018036072144289,-0.17193137376620438,0.15938995835220157
4509,7,0.6734607811813961,0.9378757515030061,0.0,0.0,0.15430861723446893,0.20240480961923848,0.12260495807648185,0.13977722185668506
4927,0,0.4797386279544785,0.5671342685370742,0.0,0.0,0.6593186372745491,0.969939879759519,0.12312369594665237,0.2449806822833231
4927,1,0.593889406077608,0.935871743486974,0.0,0.0,0.7334669338677354,0.9298597194388778,0.09821148554082322,0.29607986188572605
4927,2,0.6419888784838257,1.0,1.0,1.0,0.8076152304609219,0.9659318637274549,0.08030901490372849,0.2680446011122073
4927,3,0.6193519611121228,0.8837675350701403,0.0,0.0,0.8216432865731463,0.9078156312625251,0.2760297664974682,0.26775352575823674
4927,4,0.5085377132751299,0.9879759519038076,0.0,0.0,0.8817635270541082,0.9679358717434869,0.19952079876804824,0.2773477144878105
4927,5,0.5692722275550559,0.9458917835671342,0.0,0.0,0.6012024048096193,0.9078156312625251,0.06609358787940055,0.2797017518353336
4927,6,0.6068515738012176,0.9739478957915831,0.0,0.0,0.8717434869739479,0.9559118236472945,0.1520576691883291,0.2603623891496008
4927,7,0.5486706171989602,0.7895791583166333,0.0,0.0,0.40681362725450904,0.8697394789579158,-0.04965445072236847,0.2692961769382373
4967,0,0.7483619453153909,0.9579158316633266,0.0,0.0,0.9258517034068137,0.9899799599198397,-0.21761023428791149,0.2747390916083088
4967,1,0.8407269604174241,0.9939879759519038,0.0,1.0,0.935871743486974,0.9919839679358717,0.24380480796806542,0.3729712862616263
4967,2,0.7653910803087061,0.9639278557114228,0.0,0.0,0.9298597194388778,0.9779559118236473,-0.16743901932758398,0.2755624456620824
4967,3,0.7687725372464459,0.9679358717434869,0.0,0.0,0.9018036072144289,0.9799599198396793,0.18939335759032794,0.3290024326863384
4967,4,0.7384037816632887,0.9599198396793587,0.0,0.0,0.9138276553106213,0.9879759519038076,-0.07547545909522305,0.27702956179849597
4967,5,0.784859777435936,0.9779559118236473,0.0,0.0,0.9138276553106213,0.9939879759519038,-0.3008270240030816,0.27931256799521526
4967,6,0.7965236995898097,0.9819639278557114,0.0,0.0,0.8917835671342685,0.9859719438877755,-0.20734863636429088,0.27311778469212983
4967,7,0.7685834031432666,0.9659318637274549,0.0,0.0,0.9478957915831663,0.9879759519038076,-0.0858831931094986,0.32326044936133835
5340,0,0.653845730668096,0.9959919839679359,0.0,1.0,0.9819639278557114,0.9959919839679359,-0.2510569914560153,0.1065180555445513
5340,1,0.6830032048230474,0.9799599198396793,0.0,0.0,0.5170340681362725,0.9338677354709419,-0.3212065212289531,0.123992229448268
5340,2,0.5793514529280837,0.9959919839679359,0.0,1.0,0.9719438877755511,0.9959919839679359,-0.16943043868581328,0.10748683119882817
5340,3,0.685153700064022,0.9959919839679359,0.0,1.0,0.7915831663326653,0.9959919839679359,-0.04619137399127471,0.10723900638830224
5340,4,0.6985537055158566,0.9839679358717435,0.0,0.0,0.9438877755511023,0.9118236472945892,0.030484872785242804,0.15295158842738524
5340,5,0.6918471555801774,1.0,1.0,1.0,0.7655310621242485,0.9979959919839679,-0.1636713943283029,0.13291979519259767
5340,6,0.5810593320980253,0.9218436873747495,0.0,0.0,0.9498997995991983,0.8476953907815631,-0.26492075088544165,0.13416290852945073
5340,7,0.619925002621909,0.9939879759519038,0.0,1.0,0.9338677354709419,0.9979959919839679,-0.13293272579229032,0.13853853232130178
5582,0,0.785959239211331,0.9979959919839679,0.0,1.0,0.9959919839679359,0.9979959919839679,0.14113915015764525,0.6498437797257319
5582,1,0.7658503553946452,0.9979959919839679,0.0,1.0,0.9839679358717435,0.9979959919839679,0.15730844345485875,0.6417490038982085
5582,2,0.834065347084521,0.9959919839679359,0.0,1.0,0.9779559118236473,0.9839679358717435,0.15744692753870934,0.6599931330329987
5582,3,0.6807717017672277,0.9959919839679359,0.0,1.0,0.9899799599198397,0.9959919839679359,0.2640701877134406,0.6443484806991673
5582,4,0.8143444566946891,0.9979959919839679,0.0,1.0,0.9839679358717435,0.9839679358717435,0.12559115270931617,0.6461561884562548
5582,5,0.8262376490032469,0.9979959919839679,0.0,1.0,0.9619238476953907,0.9839679358717435,0.07162428985568071,0.6559781551317024
5582,6,0.6991582565187122,0.9979959919839679,0.0,1.0,0.9939879759519038,1.0,0.20965431609719248,0.5882607267730166
5582,7,0.7786558904411646,0.9979959919839679,0.0,1.0,0.969939879759519,0.9839679358717435,0.1938298819148636,0.6547612650539478
5656,0,0.6033156098636177,0.7755511022044088,0.0,0.0,0.9519038076152304,0.8276553106212425,-0.05124349146824746,0.1368347407851463
5656,1,0.5862085314001643,0.8196392785571143,0.0,0.0,0.7975951903807615,0.9038076152304609,0.015976559060664367,0.17004189703119835
5656,2,0.6483851721754392,0.9859719438877755,0.0,0.0,0.7154308617234469,0.6452905811623246,0.16522025308562208,0.2133106108389056
5656,3,0.5653470179748062,0.8376753507014028,0.0,0.0,0.6713426853707415,0.7875751503006012,0.08905508954432713,0.1685840444992255
5656,4,0.75323131910168,0.9899799599198397,0.0,0.0,0.9919839679358717,1.0,-0.02826012209696722,0.13002781152931445
5656,5,0.6247158166584047,0.8396793587174348,0.0,0.0,0.9438877755511023,0.8376753507014028,-0.12287958024848045,0.18197887698129
5656,6,0.6417069305500813,0.8396793587174348,0.0,0.0,0.8657314629258517,0.7535070140280561,-0.05647714925222607,0.17528521321569462
5656,7,0.6317744794582378,0.9238476953907816,0.0,0.0,0.9398797595190381,0.9298597194388778,0.1993161768953027,0.18844848873578368
5683,0,0.7751505417017464,0.9979959919839679,0.0,1.0,0.5050100200400801,0.250501002004008,-0.06042815156015154,0.2508697614336895
5683,1,0.6939283995705889,0.9919839679358717,0.0,1.0,0.9078156312625251,0.5390781563126252,0.12861205611319246,0.3480629938754334
5683,2,0.6006962848412334,0.9919839679358717,0.0,1.0,0.781563126252505,0.17034068136272545,-0.35914933131594995,0.5126188162941784
5683,3,0.7573646944594621,0.9939879759519038,0.0,1.0,0.935871743486974,0.2925851703406814,0.3388776854734466,0.45936566928435835
5683,4,0.7040792870308601,0.9979959919839679,0.0,1.0,1.0,0.20440881763527055,-0.09607030322258779,0.4226459061723433
5683,5,0.635357376551487,0.9839679358717435,0.0,0.0,0.5851703406813628,0.07615230460921844,0.10711033653549477,0.42715772762294235
5683,6,0.7065480191080844,1.0,1.0,1.0,0.9118236472945892,0.3046092184368738,0.2649287016272088,0.34547867723351694
5683,7,0.8865319285488795,1.0,1.0,1.0,0.6232464929859719,0.9939879759519038,-0.021735001472259746,0.2733928438389585
5790,0,0.5437367052894381,0.5290581162324649,0.0,0.0,0.6392785571142284,0.8537074148296593,-0.3219865205677352,0.1974315493113298
5790,1,0.5489453444369083,0.41282565130260523,0.0,0.0,0.9178356713426854,0.9639278557114228,-0.3076663137342418,0.2057537469038969
5790,2,0.5629380634125496,0.7274549098196392,0.0,0.0,0.87374749498998,0.8136272545090181,-0.0077916462342660165,0.18821349401833265
5790,3,0.5385493555827023,0.7474949899799599,0.0,0.0,0.6533066132264529,0.7895791583166333,0.10639216351838093,0.20434977002975643
5790,4,0.5487060073896192,0.7835671342685371,0.0,0.0,0.8717434869739479,0.7474949899799599,-0.11761430628188957,0.1884278914774625
5790,5,0.4838317500893111,0.156312625250501,0.0,0.0,0.8256513026052105,0.7915831663326653,-0.21538661028392048,0.17649227188112102
5790,6,0.5161286663805392,0.6132264529058116,0.0,0.0,0.8016032064128257,0.7214428857715431,-0.09698223019583631,0.20385881808039724
5790,7,0.5221008665836525,0.21643286573146292,0.0,0.0,0.7014028056112225,0.8677354709418837,0.17158466360629354,0.2144757397988223
5929,0,0.4775732320963686,0.24448897795591182,0.0,0.0,0.8837675350701403,0.905811623246493,0.10039434403654884,0.39666479366586976
5929,1,0.4454707948961707,0.1903807615230461,0.0,0.0,0.935871743486974,0.8837675350701403,-0.2961850375450103,0.3424989897664888
5929,2,0.47152949842154496,0.6092184368737475,0.0,0.0,0.9919839679358717,0.9919839679358717,0.2561403969336383,0.3883519251168344
5929,3,0.4184198602230702,0.12424849699398798,0.0,0.0,0.9719438877755511,0.9519038076152304,-0.025893147643355107,0.41435668936505077
5929,4,0.47622915384234893,0.2685370741482966,0.0,0.0,0.9498997995991983,0.9659318637274549,0.0237593235398474,0.3301252491803235
5929,5,0.47491622651890386,0.46092184368737477,0.0,0.0,0.9819639278557114,0.8216432865731463,-0.20383292436215036,0.37864096315403656
5929,6,0.43955656445081903,0.28256513026052105,0.0,0.0,0.9719438877755511,0.9458917835671342,-0.11439739014750235,0.3780555094178008
5929,7,0.3305229586794752,0.38276553106212424,0.0,0.0,0.9719438877755511,0.9118236472945892,-0.2680981958480598,0.36169893656987745
6315,0,0.687623977663379,0.9759519038076152,0.0,0.0,0.8657314629258517,0.5130260521042084,0.27906787191802407,0.3733701716488485
6315,1,0.6882902156062989,0.9719438877755511,0.0,0.0,0.6152304609218436,0.8396793587174348,0.2944963433451906,0.37773889005922984
6315,2,0.6482986383915603,0.969939879759519,0.0,0.0,0.7314629258517034,0.6372745490981964,-0.21247779974024703,0.3786068266281583
6315,3,0.7278279783217956,0.9799599198396793,0.0,0.0,0.9498997995991983,0.6452905811623246,0.10724921121185407,0.3431614583227
6315,4,0.6593287069736073,0.969939879759519,0.0,0.0,0.8717434869739479,0.49498997995991983,0.026628253927890793,0.36507822038852883
6315,5,0.6540074313141864,0.9438877755511023,0.0,0.0,0.7915831663326653,0.811623246492986,0.07941148560270933,0.33797513352312164
6315,6,0.5988465145564794,0.9779559118236473,0.0,0.0,0.2745490981963928,0.8997995991983968,-0.0020504520022466884,0.4061419900957687
6315,7,0.6828571157574106,0.9799599198396793,0.0,0.0,0.6392785571142284,0.6472945891783567,0.06126233589163452,0.32292188172784486
6360,0,0.40598159728646116,0.09418837675350701,0.0,0.0,0.9559118236472945,0.9138276553106213,0.009255783992135724,0.19644001954165116
6360,1,0.424003767970215,0.4408817635270541,0.0,0.0,0.3306613226452906,0.7374749498997996,0.08758632926522171,0.21040135674019164
6360,2,0.42071722966701053,0.280561122244489,0.0,0.0,0.8356713426853707,0.7434869739478958,0.11086911423497474,0.16246135708346243
6360,3,0.4301485617404235,0.1843687374749499,0.0,0.0,0.41082164328657317,0.6593186372745491,-0.007677310381015695,0.23884152641538012
6360,4,0.39651492916491815,0.01603206412825651,0.0,0.0,0.25851703406813625,0.7194388777555111,-0.04688767968563698,0.19639328476575457
6360,5,0.4610557380130995,0.5270541082164328,0.0,0.0,0.591182364729459,0.9659318637274549,-0.006373488238926278,0.17624255260141528
6360,6,0.32443366652740446,0.06613226452905811,0.0,0.0,0.4749498997995992,0.5571142284569138,-0.14869838977492564,0.1794116630897368
6360,7,0.3477737506629035,0.028056112224448898,0.0,0.0,0.3246492985971944,0.7234468937875751,0.21170452490369285,0.19855005819239627
6454,0,0.641116510022907,0.9799599198396793,0.0,0.0,0.9879759519038076,0.9859719438877755,0.08165231533517338,0.2039312215273539
6454,1,0.5827489530628994,0.9679358717434869,0.0,0.0,0.8897795591182365,0.9819639278557114,0.014571719033892802,0.17003392589190539
6454,2,0.8035515496604162,1.0,1.0,1.0,0.9799599198396793,1.0,-0.05494463522716947,0.2072021218033943
6454,3,0.6748245719051182,0.9919839679358717,0.0,1.0,0.9659318637274549,1.0,0.05252570791277287,0.18706941951674724
6454,4,0.6860302541012915,0.9639278557114228,0.0,0.0,0.9959919839679359,0.9819639278557114,0.25353871503913405,0.2617965667419145
6454,5,0.5636867793896307,0.6032064128256514,0.0,0.0,0.8236472945891784,0.9478957915831663,0.13247015786675181,0.22292366034539035
6454,6,0.6822887561362863,0.9839679358717435,0.0,0.0,0.9759519038076152,0.9619238476953907,0.027029999320596257,0.25759065582163676
6454,7,0.6377818291633908,0.9839679358717435,0.0,0.0,0.9639278557114228,0.8777555110220441,-0.10920568712989494,0.19650466785511225
6603,0,0.5166618727370234,0.6753507014028056,0.0,0.0,0.935871743486974,0.8196392785571143,0.11084548839305874,0.19454514611206192
6603,1,0.5501578012183836,0.7755511022044088,0.0,0.0,0.7555110220440882,0.9639278557114228,0.14114936750639218,0.14291595406265106
6603,2,0.7256734432804945,0.9879759519038076,0.0,0.0,0.7314629258517034,0.9899799599198397,-0.11783985518669701,0.19383851866170904
6603,3,0.5709348566537588,0.9078156312625251,0.0,0.0,0.3406813627254509,0.935871743486974,0.03206560667733683,0.1463699637648239
6603,4,0.5915644279445997,0.6372745490981964,0.0,0.0,0.8356713426853707,0.9519038076152304,0.13013530634947804,0.21721065898504544
6603,5,0.5259121196265976,0.751503006012024,0.0,0.0,0.8336673346693386,0.8336673346693386,-0.06160053263021078,0.22509528450873575
6603,6,0.5163575045018519,0.655310621242485,0.0,0.0,0.7955911823647295,0.7755511022044088,0.21479706476067575,0.2474496069198851
6603,7,0.5043042059406563,0.7655310621242485,0.0,0.0,1.0,0.779559118236473,0.15532034205333525,0.1980695860944749
6750,0,0.6113903888196845,0.9098196392785571,0.0,0.0,0.9819639278557114,0.9539078156312625,0.07209702434101675,0.39667100053742427
6750,1,0.49118226151449107,0.655310621242485,0.0,0.0,1.0,0.9298597194388778,0.2938984137664697,0.4468965738291166
6750,2,0.5875767331427735,0.9519038076152304,0.0,0.0,0.9919839679358717,0.9679358717434869,0.3725057555964206,0.448689305203821
6750,3,0.6924729507625493,0.9919839679358717,0.0,1.0,0.9679358717434869,1.0,-0.17760124658637985,0.4169007733426099
6750,4,0.527693241775453,0.8777555110220441,0.0,0.0,0.9679358717434869,0.9378757515030061,0.152599219848839,0.3443570243284308
6750,5,0.5677452324398056,0.9619238476953907,0.0,0.0,0.9639278557114228,0.7935871743486974,-0.16482132859945045,0.3779669179350352
6750,6,0.5753211338013174,0.9579158316633266,0.0,0.0,0.9759519038076152,0.9398797595190381,-0.24512877878209854,0.3971715332158628
6750,7,0.6187353442476458,0.9739478957915831,0.0,0.0,0.9739478957915831,0.9959919839679359,-0.4287975427367754,0.38422530721658077
6759,0,0.7884853842528072,0.9659318637274549,0.0,0.0,0.9979959919839679,0.9739478957915831,0.046356066194403474,0.36656928062917155
6759,1,0.8054958219754609,0.9799599198396793,0.0,0.0,1.0,0.9979959919839679,-0.1454489230052102,0.3238742423774253
6759,2,0.8014987794725388,0.969939879759519,0.0,0.0,0.9959919839679359,0.9959919839679359,-0.00944116935721709,0.3846668971242323
6759,3,0.7527604975290327,0.9599198396793587,0.0,0.0,1.0,0.9959919839679359,0.11649233743084388,0.42742136270777
6759,4,0.8072947912776111,0.9819639278557114,0.0,0.0,1.0,1.0,0.1830910910492484,0.39299979194302226
6759,5,0.8298077307596265,0.9859719438877755,0.0,0.0,1.0,1.0,-0.1732934168511115,0.3061635354040719
6759,6,0.8141773385148159,0.9779559118236473,0.0,0.0,0.9919839679358717,0.9979959919839679,-0.16474699328865877,0.3872132573006136
6759,7,0.7876011640683831,0.9759519038076152,0.0,0.0,1.0,0.9979959919839679,0.12259637330649288,0.41569153893376143
6770,0,0.7484001058454663,0.9859719438877755,0.0,0.0,0.7655310621242485,0.9799599198396793,0.35455600974482704,0.24926351835073798
6770,1,0.6851098720980439,0.9839679358717435,0.0,0.0,0.9819639278557114,0.9739478957915831,-0.24131653459806077,0.21571100702935653
6770,2,0.6245958220213678,0.9599198396793587,0.0,0.0,0.9719438877755511,0.9919839679358717,-0.20496612032955253,0.26362203433679576
6770,3,0.675308762020017,0.9619238476953907,0.0,0.0,0.9579158316633266,0.9819639278557114,-0.18528052804502423,0.16732394951624846
6770,4,0.737554833048603,0.9839679358717435,0.0,0.0,0.8837675350701403,0.9939879759519038,0.06279277754598056,0.25157489533711497
6770,5,0.6508764638466846,0.9679358717434869,0.0,0.0,0.8296593186372746,0.9859719438877755,0.22507221284412918,0.21933949127507435
6770,6,0.759367135776251,0.9919839679358717,0.0,1.0,0.6933867735470942,0.9779559118236473,-0.09385055956238449,0.242416916643976
6770,7,0.7413045755109531,0.9859719438877755,0.0,0.0,0.9539078156312625,0.9799599198396793,-0.10220314885054027,0.2570388135763942
6991,0,0.5109404929762191,0.3306613226452906,0.0,0.0,0.5390781563126252,0.13026052104208416,-0.04583332861096088,0.11763703845171648
6991,1,0.571865142428841,0.9519038076152304,0.0,0.0,0.9038076152304609,0.13226452905811623,-0.06378974232336032,0.12505390710612296
6991,2,0.4622486771998048,0.4909819639278557,0.0,0.0,0.7555110220440882,0.2625250501002004,-0.1214108411189073,0.1027597188926853
6991,3,0.5458787851771405,0.875751503006012,0.0,0.0,0.969939879759519,0.1843687374749499,0.012241414264240434,0.11647995810546363
6991,4,0.4743145639998363,0.6392785571142284,0.0,0.0,0.8777555110220441,0.3046092184368738,0.051373444839812245,0.1280495055863479
6991,5,0.5106238232984986,0.9478957915831663,0.0,0.0,0.8637274549098196,0.15030060120240482,-0.0494079366715884,0.12732813077743826
6991,6,0.4646161255727625,0.8577154308617234,0.0,0.0,0.8837675350701403,0.2124248496993988,-0.029863981574272613,0.13000784167986862
6991,7,0.5225475540072562,0.43887775551102204,0.0,0.0,0.9298597194388778,0.21643286573146292,0.03066929610650232,0.12770619142993275
7306,0,0.5061484765836534,0.7995991983967936,0.0,0.0,0.9739478957915831,0.9719438877755511,-0.07400041381904826,0.17699199228708087
7306,1,0.5238100960309218,0.6132264529058116,0.0,0.0,0.9919839679358717,0.9979959919839679,0.2164120457315557,0.30004900175376537
7306,2,0.48145278591645746,0.7555110220440882,0.0,0.0,0.9739478957915831,0.9278557114228457,0.2632056030211959,0.25247717021038085
7306,3,0.5505987850802065,0.6613226452905812,0.0,0.0,0.9819639278557114,0.9899799599198397,0.16503916437772617,0.33123806917393495
7306,4,0.5141382711164878,0.3847695390781563,0.0,0.0,0.9919839679358717,0.8597194388777555,-0.0010660819128843735,0.31706338403660284
7306,5,0.495929001021696,0.42685370741482964,0.0,0.0,0.9979959919839679,0.9959919839679359,0.14455954252698125,0.29123056847399104
7306,6,0.48130979730826173,0.7875751503006012,0.0,0.0,0.9859719438877755,0.9458917835671342,0.3415496693684505,0.26451940486045555
7306,7,0.5418271697802316,0.6112224448897795,0.0,0.0,0.9939879759519038,0.9959919839679359,0.12454941646239143,0.3088466453093765
7355,0,0.48080818662810265,0.5250501002004008,0.0,0.0,0.6913827655310621,0.843687374749499,-0.13161457141585675,0.08367745906416887
7355,1,0.6207559821736289,0.9218436873747495,0.0,0.0,0.6653306613226453,0.6513026052104208,-0.03405466550052979,0.10104899534458901
7355,2,0.6974189114122672,0.9979959919839679,0.0,1.0,0.7535070140280561,0.7735470941883767,-0.07006188752032795,0.09860221633668347
7355,3,0.4828413664052426,0.6492985971943888,0.0,0.0,0.8396793587174348,0.8356713426853707,-0.20875392715680072,0.09351656396844882
7355,4,0.6033339375950477,0.9779559118236473,0.0,0.0,0.7995991983967936,0.9438877755511023,-0.1607549182260326,0.08731608651461899
7355,5,0.49590549927444594,0.7094188376753507,0.0,0.0,0.9158316633266533,0.8897795591182365,0.16326322482937755,0.11103387954459687
7355,6,0.4580038787940991,0.5250501002004008,0.0,0.0,0.45691382765531063,0.7775551102204409,-0.12013298682752829,0.1367604584967091
7355,7,0.6985771224942501,1.0,1.0,1.0,0.9819639278557114,0.9539078156312625,0.2157932341673991,0.086059908461596
7899,0,0.5705226710915476,0.9959919839679359,0.0,1.0,0.8537074148296593,0.9859719438877755,-0.0016143639585512583,0.21102771936779746
7899,1,0.5906406633973775,0.9899799599198397,0.0,0.0,0.8557114228456913,0.9959919839679359,0.089596880051246,0.21296840766442335
7899,2,0.5353632891156453,0.9278557114228457,0.0,0.0,0.8496993987975952,0.9859719438877755,0.0753291012272962,0.173733002576818
7899,3,0.6546727038570112,0.9979959919839679,0.0,1.0,0.9579158316633266,0.9979959919839679,0.04601910015310861,0.208145295994623
7899,4,0.48151823281880657,0.9579158316633266,0.0,0.0,0.6953907815631263,0.9779559118236473,-0.08135488430680979,0.18859596493467307
7899,5,0.5829549962087566,0.9679358717434869,0.0,0.0,0.7454909819639278,0.9879759519038076,0.04922274422357458,0.22666633087116253
7899,6,0.5727325908013503,0.8917835671342685,0.0,0.0,0.845691382765531,0.9959919839679359,0.10860754470053766,0.2056155000059242
7899,7,0.5019051607634086,0.9178356713426854,0.0,0.0,0.9378757515030061,0.9879759519038076,0.09707018424729177,0.22722771801297903
8061,0,0.45178756076376403,0.5771543086172345,0.0,0.0,1.0,1.0,0.19426682439876694,0.2038915635915596
8061,1,0.3646396861210798,0.6112224448897795,0.0,0.0,0.9919839679358717,0.9659318637274549,0.0975270734362044,0.19089443550892932
8061,2,0.6212275256529348,0.9799599198396793,0.0,0.0,0.9979959919839679,0.9899799599198397,0.09327210865439278,0.171175528143408
8061,3,0.538879007941722,0.9639278557114228,0.0,0.0,1.0,1.0,0.015003846742783874,0.17180001725893912
8061,4,0.5044606736970875,0.9639278557114228,0.0,0.0,0.9979959919839679,1.0,0.11796210104952737,0.18609650528513977
8061,5,0.5816391730879984,0.9899799599198397,0.0,0.0,0.9979959919839679,0.9979959919839679,0.19736056190478987,0.1910743576217528
8061,6,0.3916861548617431,0.3046092184368738,0.0,0.0,1.0,0.9979959919839679,0.2742288959364283,0.2092961618068054
8061,7,0.6813711168990283,0.9959919839679359,0.0,1.0,1.0,0.9879759519038076,0.32217027249174557,0.1970943463666582
8215,0,0.4576976821109504,0.751503006012024,0.0,0.0,0.9378757515030061,0.9599198396793587,0.20685340757760085,0.250522795613656
8215,1,0.5071702088133188,0.9879759519038076,0.0,0.0,0.9779559118236473,0.9879759519038076,0.2534499114373978,0.2065042127397594
8215,2,0.4571021131236247,0.9799599198396793,0.0,0.0,0.9899799599198397,0.9939879759519038,0.027553906051303315,0.17064043982293345
8215,3,0.5567327573935126,0.8276553106212425,0.0,0.0,0.9659318637274549,0.9899799599198397,0.1698820260909951,0.18179487592793975
8215,4,0.47591025424648903,0.5511022044088176,0.0,0.0,0.9378757515030061,0.9979959919839679,0.23441294459127013,0.23701010123260235
8215,5,0.5374338950725954,0.8977955911823647,0.0,0.0,0.9078156312625251,0.9919839679358717,-0.0607430579945696,0.2637089354672185
8215,6,0.5243720228158991,0.9739478957915831,0.0,0.0,0.9739478957915831,0.9939879759519038,-0.0700493234089844,0.1090079887664163
8215,7,0.5439378586610649,0.6813627254509018,0.0,0.0,0.6472945891783567,0.9979959919839679,0.043873349273060046,0.2343647023255206
8234,0,0.6782854742344797,0.9719438877755511,0.0,0.0,0.9118236472945892,0.8817635270541082,-0.07474356616948592,0.23625138795401485
8234,1,0.6664025610401065,0.9298597194388778,0.0,0.0,0.9278557114228457,0.7254509018036072,0.2116238383566253,0.2470626919810542
8234,2,0.670579335731221,0.9198396793587175,0.0,0.0,0.9899799599198397,0.9298597194388778,0.027193684149021482,0.2332303420457739
8234,3,0.609354610416672,0.9238476953907816,0.0,0.0,0.9178356713426854,0.6953907815631263,0.2133740744931489,0.2529550023352237
8234,4,0.6454316834567837,0.9038076152304609,0.0,0.0,0.9498997995991983,0.9298597194388778,0.08878872390563798,0.2472023560999996
8234,5,0.6382751493134682,0.9619238476953907,0.0,0.0,0.9739478957915831,0.9739478957915831,0.03763399907136606,0.25612962161845926
8234,6,0.6588599537772369,0.9478957915831663,0.0,0.0,0.9659318637274549,0.9458917835671342,0.027259824735480748,0.23937976743100547
8234,7,0.6821178611415506,0.9318637274549099,0.0,0.0,0.9759519038076152,0.969939879759519,0.034322608264428255,0.30351984027117335
8238,0,0.6657781583061513,0.9098196392785571,0.0,0.0,0.6012024048096193,0.5691382765531062,0.31068483790657736,0.38725483400272614
8238,1,0.6766699265672325,0.9338677354709419,0.0,0.0,0.8637274549098196,0.3847695390781563,-0.13248709092033717,0.3343091141744198
8238,2,0.6623367632151398,0.9539078156312625,0.0,0.0,0.3667334669338677,0.6092184368737475,-0.20245324977032778,0.33381944701383953
8238,3,0.6050714324228283,0.9018036072144289,0.0,0.0,0.6593186372745491,0.4909819639278557,-0.2372907977786666,0.36471260299046315
8238,4,0.7071910898461258,0.9779559118236473,0.0,0.0,0.8937875751503006,0.5490981963927856,0.2179037309912108,0.36713479345267
8238,5,0.5529412027641365,0.7995991983967936,0.0,0.0,0.6212424849699398,0.3246492985971944,-0.21170616179005203,0.34626896386948824
8238,6,0.6511947038189734,0.9438877755511023,0.0,0.0,0.4228456913827655,0.40681362725450904,-0.014371990510875293,0.3341828609172557
8238,7,0.5855148517241258,0.9018036072144289,0.0,0.0,0.8356713426853707,0.49498997995991983,-0.12446695030313026,0.4089683560933383
8275,0,0.534096566578425,0.3867735470941884,0.0,0.0,0.6132264529058116,0.7775551102204409,-0.10462523977516236,0.36637342288373936
8275,1,0.5027773000321016,0.37074148296593185,0.0,0.0,0.7334669338677354,0.5150300601202404,-0.00897119869443329,0.3722273178130456
8275,2,0.5688238777112752,0.685370741482966,0.0,0.0,0.8697394789579158,0.6132264529058116,0.11022523823826157,0.43398111319097127
8275,3,0.5909844071111507,0.8637274549098196,0.0,0.0,0.685370741482966,0.905811623246493,-0.20844797420416178,0.4068832467736821
8275,4,0.5081540135720974,0.3026052104208417,0.0,0.0,0.9739478957915831,0.7294589178356713,0.29459034207438245,0.5006917998670376
8275,5,0.5280212317933621,0.44488977955911824,0.0,0.0,0.9238476953907816,0.4589178356713427,0.2845675903765373,0.4875925295596863
8275,6,0.5069103496300117,0.24448897795591182,0.0,0.0,0.751503006012024,0.7274549098196392,-0.256489539731907,0.42375400689855164
8275,7,0.4668974588977649,0.18637274549098196,0.0,0.0,0.655310621242485,0.6092184368737475,0.10142542703626443,0.4697129096547404
8367,0,0.7413644890393796,0.9939879759519038,0.0,1.0,1.0,0.9478957915831663,0.6729231465961467,0.4981197822640737
8367,1,0.6936873010899514,0.9939879759519038,0.0,1.0,0.9959919839679359,0.9378757515030061,0.612985401798429,0.4770407215181306
8367,2,0.6703827498311483,1.0,1.0,1.0,0.8797595190380761,0.9779559118236473,-0.22408934211547443,0.37519505046687524
8367,3,0.6353099766886282,0.9679358717434869,0.0,0.0,0.9879759519038076,0.9278557114228457,0.4223894037418522,0.45787719949688216
8367,4,0.7036350405490399,0.9919839679358717,0.0,1.0,0.9719438877755511,0.9098196392785571,0.7350287716357806,0.4777695207591615
8367,5,0.7223005637238635,0.9919839679358717,0.0,1.0,0.9939879759519038,0.9378757515030061,0.7280401953929616,0.5142240169222978
8367,6,0.687724184425369,0.9779559118236473,0.0,0.0,0.9519038076152304,0.9939879759519038,-0.011501094080131466,0.38263273246343327
8367,7,0.7046929350830273,0.9919839679358717,0.0,1.0,0.9238476953907816,0.9238476953907816,0.680050721149138,0.4758004076508766
8828,0,0.7158654128350186,0.9659318637274549,0.0,0.0,0.5691382765531062,0.9919839679358717,0.019519947764035612,0.24319966917553215
8828,1,0.6256820680089923,0.8957915831663327,0.0,0.0,0.5470941883767535,0.9338677354709419,-0.02369187989192699,0.29561059812856505
8828,2,0.713431003114114,0.9519038076152304,0.0,0.0,0.7935871743486974,0.9559118236472945,-0.2128552222905467,0.26404231529973227
8828,3,0.6626013037615187,0.8677354709418837,0.0,0.0,0.4969939879759519,0.9799599198396793,-0.10256590900080562,0.29173309306077716
8828,4,0.6808435011835938,0.9418837675350702,0.0,0.0,0.8096192384769539,0.9579158316633266,0.054905246780236686,0.28314047816359617
8828,5,0.6768233428457874,0.9258517034068137,0.0,0.0,0.8717434869739479,0.9378757515030061,-0.08043984055250528,0.2818408894081213
8828,6,0.6958023633730237,0.9559118236472945,0.0,0.0,0.6492985971943888,0.9679358717434869,-0.3169033169594528,0.2702576343426669
8828,7,0.7144521630513547,0.9559118236472945,0.0,0.0,0.8096192384769539,0.9559118236472945,-0.10165612081037115,0.2870711322470526
8862,0,0.7607023462405917,1.0,1.0,1.0,0.9959919839679359,0.9979959919839679,-0.06489047123763984,0.28875715223669474
8862,1,0.7200547786997187,0.9979959919839679,0.0,1.0,0.843687374749499,0.9979959919839679,0.02271027055228326,0.2153711787642713
8862,2,0.6839241024143605,1.0,1.0,1.0,0.7194388777555111,0.8617234468937875,0.1128605023445475,0.2209529100790453
8862,3,0.7593135914633756,1.0,1.0,1.0,0.45490981963927857,0.9959919839679359,-0.09079651975355545,0.24672253989883916
8862,4,0.7474165715548513,1.0,1.0,1.0,0.8376753507014028,0.9959919839679359,0.06095158470797292,0.24807671892774918
8862,5,0.5909778313634642,0.9759519038076152,0.0,0.0,0.8537074148296593,0.845691382765531,0.1142849326373167,0.3319664211604637
8862,6,0.6907900058263026,0.9919839679358717,0.0,1.0,0.6212424849699398,1.0,-0.21882058121810546,0.2630030387184459
8862,7,0.6497183293511635,1.0,1.0,1.0,0.3366733466933868,0.9398797595190381,0.025327285036849317,0.31067998953405357
8926,0,0.5596047244757818,0.8476953907815631,0.0,0.0,0.9599198396793587,0.531062124248497,-0.05678044677068096,0.17654304972280072
8926,1,0.6036048357086955,0.9959919839679359,0.0,1.0,0.9919839679358717,0.9979959919839679,0.24512609796961685,0.19155355292340495
8926,2,0.6298665352170223,0.9619238476953907,0.0,0.0,0.9478957915831663,0.2905811623246493,0.14307338140946038,0.15642741284017453
8926,3,0.48572001189937225,0.7895791583166333,0.0,0.0,0.9619238476953907,0.4649298597194389,0.12579247868268115,0.16771804500761003
8926,4,0.5739845031113832,0.8476953907815631,0.0,0.0,0.9218436873747495,0.3927855711422846,-0.0540909492425619,0.17497265716916727
8926,5,0.7012208371510286,0.9979959919839679,0.0,1.0,1.0,1.0,0.15908444989970288,0.17897933667612934
8926,6,0.5919613539864905,0.8957915831663327,0.0,0.0,0.9979959919839679,0.4649298597194389,0.22960703885786304,0.18744834243100633
8926,7,0.49840274469321594,0.8997995991983968,0.0,0.0,1.0,0.6513026052104208,0.13626900600632535,0.2115548775371329
9188,0,0.81006314732053,0.9779559118236473,0.0,0.0,0.9599198396793587,0.8517034068136272,0.08307009533287285,0.4451857905552066
9188,1,0.8165958468511874,0.9879759519038076,0.0,0.0,0.9899799599198397,0.9458917835671342,0.02010524107773161,0.39840823497040856
9188,2,0.8011181463475974,0.9799599198396793,0.0,0.0,0.9398797595190381,0.9458917835671342,0.039294454762159044,0.42519728353190317
9188,3,0.7360240088679738,0.9839679358717435,0.0,0.0,0.8977955911823647,0.9879759519038076,-0.08087827690212693,0.383480088978092
9188,4,0.8054166937311495,0.9819639278557114,0.0,0.0,0.9278557114228457,0.8937875751503006,0.03331040173100229,0.42881326285012483
9188,5,0.8402903280481381,0.9959919839679359,0.0,1.0,0.9539078156312625,0.8877755511022044,-0.059161002043952596,0.39421303320256534
9188,6,0.8180000668334424,1.0,1.0,1.0,0.9839679358717435,1.0,-0.04653335349305092,0.37590812519223554
9188,7,0.8530640208025851,1.0,1.0,1.0,0.9739478957915831,0.9899799599198397,0.10102403075501772,0.4254001105813278
9298,0,0.5471617467238157,0.9579158316633266,0.0,0.0,0.9719438877755511,1.0,0.007488239184898288,0.27334538739719366
9298,1,0.5639622793693898,0.9639278557114228,0.0,0.0,0.9979959919839679,0.9979959919839679,0.12442023613147186,0.2239832669294305
9298,2,0.6311272699634414,0.9899799599198397,0.0,0.0,0.9278557114228457,1.0,0.22099146024632296,0.24298795609394946
9298,3,0.6402415798397865,0.9959919839679359,0.0,1.0,0.9799599198396793,0.9739478957915831,-0.19586436422672163,0.20262926546023535
9298,4,0.619896333576657,0.9378757515030061,0.0,0.0,0.9318637274549099,0.9899799599198397,0.01438360573752532,0.21629576108952675
9298,5,0.6919366702303396,0.9919839679358717,0.0,1.0,0.9939879759519038,1.0,0.12515011962149397,0.24332503578237
9298,6,0.6789798490938276,1.0,1.0,1.0,0.9939879759519038,0.9799599198396793,0.0020857572949418758,0.21107204709634772
9298,7,0.6073155731583263,0.9839679358717435,0.0,0.0,0.9458917835671342,0.9879759519038076,-0.1943897207291946,0.21972688545681793
9376,0,0.8018147936785692,0.9799599198396793,0.0,0.0,0.9859719438877755,0.9819639278557114,0.3220005433857654,0.5751426292601521
9376,1,0.853602295063818,0.9979959919839679,0.0,1.0,0.9879759519038076,0.9879759519038076,0.0662400992047906,0.5843068806104533
9376,2,0.808850656838847,0.9919839679358717,0.0,1.0,0.9819639278557114,0.9879759519038076,0.10333607542825748,0.5765052091334354
9376,3,0.8399106546374454,0.9939879759519038,0.0,1.0,1.0,0.9919839679358717,0.15373540283835854,0.6261011817184757
9376,4,0.8598988429810883,0.9979959919839679,0.0,1.0,0.9879759519038076,0.9779559118236473,0.25959813914331903,0.5222007508029174
9376,5,0.7730596755225349,0.9839679358717435,0.0,0.0,0.9899799599198397,0.9539078156312625,0.17828548059546218,0.5672908886224969
9376,6,0.8423443017372629,0.9959919839679359,0.0,1.0,0.9879759519038076,0.9839679358717435,0.3232418057354333,0.6839910199367497
9376,7,0.8466793848469587,0.9939879759519038,0.0,1.0,0.9959919839679359,0.9979959919839679,0.32209475638947294,0.6173885305460092
9712,0,0.4380707741038401,0.655310621242485,0.0,0.0,0.32665330661322645,0.7555110220440882,-0.09778961091629067,0.10173311861931802
9712,1,0.5044908379724262,0.6172344689378757,0.0,0.0,0.26452905811623245,0.5971943887775552,-0.02705181842479102,0.13013649254400259
9712,2,0.5165256801332827,0.7014028056112225,0.0,0.0,0.5410821643286573,0.503006012024048,-0.07591664645562406,0.09933835546657604
9712,3,0.45955066596406546,0.8837675350701403,0.0,0.0,0.5270541082164328,0.7695390781563126,-0.06655772704470497,0.12920567863536522
9712,4,0.6050634264474801,0.8416833667334669,0.0,0.0,0.6052104208416834,0.6693386773547094,-0.09500466012978802,0.12079554201281648
9712,5,0.5300157753996125,0.6973947895791583,0.0,0.0,0.3286573146292585,0.4969939879759519,0.055481866503239184,0.10984190921698642
9712,6,0.5501104625634634,0.6012024048096193,0.0,0.0,0.6192384769539078,0.4969939879759519,0.0654221540157713,0.14038353878345114
9712,7,0.5043985305874197,0.5671342685370742,0.0,0.0,0.2124248496993988,0.845691382765531,0.1975673860486648,0.14447644174471552
9877,0,0.7309033274292778,0.9839679358717435,0.0,0.0,0.9899799599198397,0.9799599198396793,0.16235760949282713,0.3162101902589416
9877,1,0.7121966056901388,0.9839679358717435,0.0,0.0,0.9959919839679359,0.9819639278557114,0.0772588332117107,0.3254672546934958
9877,2,0.7386583858283515,0.9779559118236473,0.0,0.0,0.9939879759519038,0.9719438877755511,0.2161205064199956,0.3545026274460721
9877,3,0.6432151069434658,0.969939879759519,0.0,0.0,0.781563126252505,0.8877755511022044,0.008223927883219533,0.2919411992605602
9877,4,0.6700281526666167,0.9639278557114228,0.0,0.0,0.9799599198396793,0.9519038076152304,0.29651147026865254,0.3600091038969588
9877,5,0.6429984347029909,0.969939879759519,0.0,0.0,0.9398797595190381,0.9278557114228457,0.21396572822936769,0.25905187292486326
9877,6,0.6692938437171463,0.9599198396793587,0.0,0.0,0.969939879759519,0.9739478957915831,0.38875521806242674,0.39675397132758283
9877,7,0.68503632374544,0.9739478957915831,0.0,0.0,0.9639278557114228,0.9298597194388778,0.254318633601839,0.34863464230535657
10115,0,0.3996177995268532,0.1282565130260521,0.0,0.0,0.1402805611222445,0.15030060120240482,0.35078540018614285,0.4947121050460962
10115,1,0.45365937778614995,0.1342685370741483,0.0,0.0,1.0,0.5170340681362725,0.3294211841675625,0.49103051454196023
10115,2,0.3463335232354979,0.24448897795591182,0.0,0.0,0.9939879759519038,0.27054108216432865,0.2303674541039378,0.4201807791900916
10115,3,0.5000070261786156,0.25851703406813625,0.0,0.0,0.9418837675350702,0.24248496993987975,-0.2158164080846853,0.2678823974069167
10115,4,0.41121447835023806,0.04809619238476954,0.0,0.0,0.9599198396793587,0.20641282565130262,0.08049011981373343,0.41387563937747623
10115,5,0.38670579894534096,0.30861723446893785,0.0,0.0,0.7114228456913828,0.22845691382765532,-0.044371979383271754,0.3290485042979115
10115,6,0.4215611529639577,0.11222444889779559,0.0,0.0,0.9839679358717435,0.15831663326653306,-0.2581536766802843,0.44801327140437786
10115,7,0.45221914342424124,0.3366733466933868,0.0,0.0,1.0,0.156312625250501,0.13004051897667007,0.38804968778347315
10191,0,0.8319788051633978,1.0,1.0,1.0,0.9959919839679359,0.9979959919839679,-0.039774720220804416,0.5899268834124078
10191,1,0.7928597259703294,1.0,1.0,1.0,0.9979959919839679,1.0,-0.08962214426806261,0.5407726668366625
10191,2,0.8424696187456754,1.0,1.0,1.0,1.0,1.0,0.37956238595878405,0.6785784739045608
10191,3,0.7619235704688543,0.9959919839679359,0.0,1.0,0.9298597194388778,1.0,-0.0711078124760849,0.5415842523384721
10191,4,0.8387885319372616,1.0,1.0,1.0,0.9979959919839679,0.9979959919839679,-0.26227595598462333,0.5359208856172128
10191,5,0.7858263231737077,1.0,1.0,1.0,0.9378757515030061,0.9979959919839679,0.047503771219821085,0.6205199541235755
10191,6,0.7544478205729548,1.0,1.0,1.0,0.7995991983967936,0.8236472945891784,0.041097786043069844,0.5269863175907761
10191,7,0.7645570543930127,0.9979959919839679,0.0,1.0,0.9919839679358717,0.9979959919839679,-0.136243861916643,0.5311755927596205
10361,0,0.5085295904710405,0.8076152304609219,0.0,0.0,0.8056112224448898,0.7555110220440882,0.06399734220939321,0.2268568028063194
10361,1,0.5087130637910262,0.7294589178356713,0.0,0.0,0.7074148296593187,0.7835671342685371,0.038316024892685645,0.21782366316064192
10361,2,0.5216755360892402,0.7835671342685371,0.0,0.0,0.6673346693386774,0.7054108216432866,0.03516990202767407,0.1997135632801058
10361,3,0.5264674678100209,0.6793587174348698,0.0,0.0,0.7134268537074149,0.9118236472945892,0.07802954858037045,0.20998606918741086
10361,4,0.5682346041175682,0.811623246492986,0.0,0.0,0.5150300601202404,0.9759519038076152,-0.05608387891421001,0.2136578382300574
10361,5,0.5258152014191175,0.561122244488978,0.0,0.0,0.40681362725450904,0.6773547094188377,-0.052495042405900263,0.21896188631805202
10361,6,0.5729079854272713,0.9398797595190381,0.0,0.0,0.6773547094188377,0.46292585170340683,0.12174517977960966,0.22941241118025626
10361,7,0.44269256613132707,0.7234468937875751,0.0,0.0,0.9318637274549099,0.8917835671342685,0.18323391451040116,0.21177479783121567
10602,0,0.7104860239924606,0.969939879759519,0.0,0.0,0.9178356713426854,0.969939879759519,0.36312787143364483,0.24183491233592988
10602,1,0.6953535493797585,0.9719438877755511,0.0,0.0,0.9579158316633266,0.9599198396793587,0.5669888105733525,0.22149350757122316
10602,2,0.7662066401261791,0.9899799599198397,0.0,0.0,0.7875751503006012,0.9759519038076152,0.025287021756622168,0.18576216588427133
10602,3,0.722249203756967,0.9799599198396793,0.0,0.0,0.8276553106212425,0.9759519038076152,-0.13491191890500107,0.22023621811205346
10602,4,0.7025726397951347,0.9659318637274549,0.0,0.0,0.9579158316633266,0.9679358717434869,0.6356689829021192,0.2722730686832455
10602,5,0.6596314874505294,0.9539078156312625,0.0,0.0,0.8496993987975952,0.9639278557114228,0.5362005184203281,0.2523148758342475
10602,6,0.7266501873323548,0.9779559118236473,0.0,0.0,0.9619238476953907,0.9799599198396793,0.5892178783633186,0.27580591345312594
10602,7,0.7425477223255061,0.9859719438877755,0.0,0.0,0.7094188376753507,0.9759519038076152,0.338663934157082,0.22041823635723015
10622,0,0.6762967491431269,0.935871743486974,0.0,0.0,0.8957915831663327,0.11222444889779559,0.06868582600544008,0.298191594617669
10622,1,0.6513517598098908,0.9679358717434869,0.0,0.0,0.8997995991983968,0.10420841683366733,-0.1970415176723426,0.33308704984997217
10622,2,0.6602352426763294,0.9258517034068137,0.0,0.0,0.19438877755511022,0.09819639278557114,0.057675931075750794,0.31537587171510995
10622,3,0.6519076824042613,0.9979959919839679,0.0,1.0,1.0,0.2124248496993988,0.010722269232952098,0.3801063185260658
10622,4,0.6407002116975109,0.9579158316633266,0.0,0.0,0.6913827655310621,0.11422845691382766,-0.27084203046849376,0.2908669656325008
10622,5,0.6529852195653119,0.9659318637274549,0.0,0.0,0.7074148296593187,0.09018036072144289,-0.0929951964691632,0.3275272659550915
10622,6,0.658132096829628,0.9398797595190381,0.0,0.0,0.27054108216432865,0.10020040080160321,0.031838711858328206,0.261857456586532
10622,7,0.6750757399712949,0.9639278557114228,0.0,0.0,0.87374749498998,0.12625250501002003,-0.031236063873193793,0.3313632866912112
11050,0,0.5958996358097943,0.9659318637274549,0.0,0.0,0.8296593186372746,0.9739478957915831,0.30865592767802996,0.33040875735930636
11050,1,0.4971763580037158,0.9398797595190381,0.0,0.0,0.9519038076152304,0.9418837675350702,0.057310360109229054,0.320211195996899
11050,2,0.6811054017862833,0.9839679358717435,0.0,0.0,0.8056112224448898,0.9679358717434869,0.14453764082529555,0.3376423431546395
11050,3,0.5033028528337765,0.7555110220440882,0.0,0.0,0.811623246492986,0.7535070140280561,-0.03543138043366419,0.2832015200276096
11050,4,0.6346555754493153,0.8617234468937875,0.0,0.0,0.8957915831663327,0.9418837675350702,-0.10561448529321547,0.36925540481594715
11050,5,0.5783760496391674,0.7735470941883767,0.0,0.0,0.8877755511022044,0.9539078156312625,0.034951681133337076,0.36835212694025204
11050,6,0.6796640179942626,0.9779559118236473,0.0,0.0,0.8777555110220441,0.9138276553106213,0.0536868164558537,0.34809233343535206
11050,7,0.4511824608407502,0.5771543086172345,0.0,0.0,0.5831663326653307,0.36072144288577157,-0.12966906361342795,0.2596946390274906
11274,0,0.6777388014572571,0.9799599198396793,0.0,0.0,0.8837675350701403,0.56312625250501,0.34617892637784003,0.2777243438570274
11274,1,0.7384734764537885,0.9799599198396793,0.0,0.0,0.9819639278557114,0.9859719438877755,0.11072773431854718,0.3381707406107109
11274,2,0.8563079808059872,1.0,1.0,1.0,0.9859719438877755,0.9959919839679359,-0.0055402561687607505,0.33797059040403216
11274,3,0.7243602683681718,0.9799599198396793,0.0,0.0,0.9739478957915831,0.9919839679358717,0.026554590184202673,0.2191363700414191
11274,4,0.7846122337025304,0.9979959919839679,0.0,1.0,0.9899799599198397,0.9839679358717435,0.2387487031662172,0.32673446112226157
11274,5,0.881305158438352,1.0,1.0,1.0,0.9659318637274549,0.9919839679358717,0.42277196629398067,0.36155324415256207
11274,6,0.8401042126103907,0.9979959919839679,0.0,1.0,0.9619238476953907,0.9879759519038076,0.21058199655345727,0.3613199952798209
11274,7,0.8320954645865575,0.9899799599198397,0.0,0.0,0.9759519038076152,0.9879759519038076,0.27782763641375985,0.38792905200391214
11493,0,0.6103099109831118,0.9659318637274549,0.0,0.0,0.03206412825651302,0.40681362725450904,-0.02974365001663306,0.17561824771373907
11493,1,0.7308691021827438,1.0,1.0,1.0,0.43887775551102204,0.9979959919839679,-0.12681716114883926,0.17818686437789372
11493,2,0.5645854276344758,0.9018036072144289,0.0,0.0,0.6593186372745491,0.3106212424849699,0.10124784237199823,0.18562256530213256
11493,3,0.6710910958171246,0.9498997995991983,0.0,0.0,0.9238476953907816,0.23647294589178355,-0.1788892503773119,0.16655920242674924
11493,4,0.5647290535521167,0.9679358717434869,0.0,0.0,0.5230460921843687,0.24649298597194388,0.23626231549683613,0.2079978417278065
11493,5,0.6265237575469098,0.9859719438877755,0.0,0.0,0.29458917835671344,0.312625250501002,0.31793144158658954,0.1903992829610889
11493,6,0.5573682076789677,0.9719438877755511,0.0,0.0,0.7434869739478958,0.35671342685370744,0.013737173615038756,0.12057473386864162
11493,7,0.5771418988336643,0.9579158316633266,0.0,0.0,0.22244488977955912,0.312625250501002,-0.049722240007213876,0.18772410592410074
11757,0,0.713169833744268,1.0,1.0,1.0,0.9819639278557114,0.9799599198396793,0.1600521700098924,0.15697517898388952
11757,1,0.6052537177969544,0.9719438877755511,0.0,0.0,0.9919839679358717,0.9478957915831663,0.1256104301974071,0.18750534083560105
11757,2,0.6554560276191336,1.0,1.0,1.0,0.9979959919839679,0.9639278557114228,0.20788663265222038,0.1491106614566557
11757,3,0.6603203053690967,0.9839679358717435,0.0,0.0,0.843687374749499,0.9779559118236473,0.008765189050318175,0.12113968062332156
11757,4,0.7009974733896114,1.0,1.0,1.0,1.0,1.0,0.3962606766592504,0.18918994701834266
11757,5,0.6849908337749909,0.9819639278557114,0.0,0.0,1.0,0.9759519038076152,0.37056687195908483,0.19633749619825627
11757,6,0.5529049225224849,0.9859719438877755,0.0,0.0,0.9859719438877755,0.9659318637274549,0.05554205981173913,0.16664624773714581
11757,7,0.5534378548789844,0.9859719438877755,0.0,0.0,0.9559118236472945,1.0,-0.152690022797767,0.14065424170656218
11886,0,0.7121261590782269,0.935871743486974,0.0,0.0,0.9819639278557114,0.9839679358717435,0.49596373820861395,0.42983427147297343
11886,1,0.6844823495150185,0.9278557114228457,0.0,0.0,0.9619238476953907,0.9599198396793587,0.10582665665489828,0.3217570113392681
11886,2,0.7322528750192654,0.9438877755511023,0.0,0.0,0.9679358717434869,0.8857715430861723,0.2283013725849812,0.42692224907043774
11886,3,0.6536175914174998,0.9138276553106213,0.0,0.0,0.9218436873747495,0.8817635270541082,0.016122457737743685,0.3727382801625961
11886,4,0.6802898255661735,0.9138276553106213,0.0,0.0,0.9939879759519038,0.9799599198396793,0.27264491755742926,0.36063262068018526
11886,5,0.6548155109750067,0.9078156312625251,0.0,0.0,0.9278557114228457,0.9819639278557114,0.41130526018034336,0.4105006218541142
11886,6,0.6728885577089037,0.9238476953907816,0.0,0.0,0.9659318637274549,0.8597194388777555,0.08590009504248025,0.3880353138604976
11886,7,0.6687452761002894,0.9178356713426854,0.0,0.0,0.9659318637274549,0.9478957915831663,0.13498429255226704,0.38738420171998234
12122,0,0.6617110955288357,0.9979959919839679,0.0,1.0,1.0,0.9979959919839679,0.28042197946840247,0.4173823685575119
12122,1,0.6720677545002542,0.9939879759519038,0.0,1.0,1.0,1.0,-0.14537199919298557,0.38050600107568217
12122,2,0.7259195813246491,1.0,1.0,1.0,1.0,1.0,0.41069181858240167,0.41003038337482817
12122,3,0.6223891965114846,0.9919839679358717,0.0,1.0,1.0,0.9939879759519038,-0.26217011202231455,0.387635199260884
12122,4,0.6770228275659498,1.0,1.0,1.0,1.0,1.0,0.37055192474697096,0.44783550711254805
12122,5,0.6915879335796477,1.0,1.0,1.0,1.0,0.9959919839679359,0.4038748412143362,0.4378948143492892
12122,6,0.5720328778628931,0.9919839679358717,0.0,1.0,1.0,0.9418837675350702,0.08862184079995483,0.3833484698251479
12122,7,0.6149321703197382,0.9799599198396793,0.0,0.0,1.0,1.0,-0.189877211032641,0.39419525419202694
12225,0,0.5648985959816015,0.749498997995992,0.0,0.0,0.9218436873747495,0.6172344689378757,0.014425307126875276,0.4918779653702179
12225,1,0.5514165554657894,0.5791583166332666,0.0,0.0,0.9038076152304609,0.47695390781563124,0.20285366362884782,0.4525437002340665
12225,2,0.5111442217749451,0.657314629258517,0.0,0.0,0.9879759519038076,0.8256513026052105,0.14187561984885788,0.5132630635196741
12225,3,0.4770085975628944,0.6833667334669339,0.0,0.0,0.9779559118236473,0.6793587174348698,0.06383286054497472,0.4552129671403607
12225,4,0.39986581262411014,0.3186372745490982,0.0,0.0,0.7595190380761523,0.5831663326653307,-0.07851809620045173,0.4088881042656958
12225,5,0.5434059083442264,0.4849699398797595,0.0,0.0,0.5811623246492986,0.6092184368737475,0.11180619116355929,0.47270989308269873
12225,6,0.5719767703780788,0.8076152304609219,0.0,0.0,0.8557114228456913,0.8136272545090181,-0.13196121459222707,0.42497305564361043
12225,7,0.45162759345116577,0.48096192384769537,0.0,0.0,0.6012024048096193,0.8356713426853707,-0.051713441809670795,0.3183955171133087
12292,0,0.5606690478159022,0.935871743486974,0.0,0.0,0.905811623246493,0.9979959919839679,-0.10648130897895329,0.27710030235741445
12292,1,0.41369149926317306,0.18637274549098196,0.0,0.0,0.9719438877755511,0.3627254509018036,0.1996807173603299,0.26575537114750414
12292,2,0.6524096693187752,0.9098196392785571,0.0,0.0,0.9779559118236473,0.9979959919839679,-0.21106269485438395,0.31571479135172154
12292,3,0.6683643674046207,0.9038076152304609,0.0,0.0,0.9839679358717435,1.0,-0.018528811249812534,0.33606051032107054
12292,4,0.6649831116589222,0.8997995991983968,0.0,0.0,0.9719438877755511,1.0,0.0021613388274048487,0.3171986154252618
12292,5,0.6341811879352826,0.9238476953907816,0.0,0.0,0.9478957915831663,0.9959919839679359,-0.09678447652389706,0.3331194676904948
12292,6,0.6280860883060531,0.8957915831663327,0.0,0.0,0.9639278557114228,1.0,-0.06506384951768648,0.3281174823740358
12292,7,0.6395811774718346,0.9198396793587175,0.0,0.0,0.9639278557114228,1.0,0.006552438782422882,0.34942791790478817
12340,0,0.6690629543241362,0.9919839679358717,0.0,1.0,0.8056112224448898,1.0,0.1489543920784569,0.4355291998446177
12340,1,0.6606312695887813,0.9739478957915831,0.0,0.0,0.8356713426853707,0.9899799599198397,0.06309197669871007,0.30011809175885235
12340,2,0.7423107115230101,0.9959919839679359,0.0,1.0,0.8657314629258517,0.9919839679358717,-0.04260811746889688,0.36680518830668113
12340,3,0.5435094312118348,0.9639278557114228,0.0,0.0,0.5791583166332666,1.0,0.08498461059944788,0.38101136937905056
12340,4,0.7058986982561147,0.9859719438877755,0.0,0.0,0.9819639278557114,0.9979959919839679,0.08501771885310486,0.47822286176418566
12340,5,0.6464051809083018,0.9679358717434869,0.0,0.0,0.7194388777555111,0.9919839679358717,0.22130186134656848,0.4286718262776365
12340,6,0.6732993143398704,0.9799599198396793,0.0,0.0,0.8537074148296593,0.9739478957915831,0.15815900618552053,0.44116251762605946
12340,7,0.7125160790757539,0.9859719438877755,0.0,0.0,0.4028056112224449,0.9939879759519038,-0.2058526600711198,0.4167897308311132
12386,0,0.6618723907428138,0.9579158316633266,0.0,0.0,0.9418837675350702,0.9939879759519038,-0.1712943712738487,0.20325135285990079
12386,1,0.5814954298063253,0.969939879759519,0.0,0.0,0.7855711422845691,0.9819639278557114,-0.05114466353101049,0.21114960728796323
12386,2,0.6335514317198786,0.9739478957915831,0.0,0.0,0.5410821643286573,0.9438877755511023,-0.15988603269059484,0.1926110791920809
12386,3,0.6449394092271329,0.9819639278557114,0.0,0.0,0.7715430861723447,0.9478957915831663,-0.15809837652493636,0.1784879310244377
12386,4,0.5740421842608107,0.8597194388777555,0.0,0.0,0.9599198396793587,0.9198396793587175,-0.12644898929499843,0.14610984274163505
12386,5,0.5521832361752872,0.811623246492986,0.0,0.0,0.8096192384769539,0.9839679358717435,-0.2024020480900268,0.1856850579082355
12386,6,0.6468803736267774,0.9919839679358717,0.0,1.0,0.9719438877755511,0.9559118236472945,0.023275283324720793,0.23956255858301395
12386,7,0.606369177376912,0.9659318637274549,0.0,0.0,1.0,0.9899799599198397,0.1687004456441763,0.18819268139319448
12597,0,0.4707686716316272,0.9559118236472945,0.0,0.0,0.7274549098196392,0.9959919839679359,-0.07058382869316769,0.0907463117652635
12597,1,0.5532135373684239,0.9519038076152304,0.0,0.0,0.9979959919839679,0.9819639278557114,-0.010191842214821382,0.1091296236677372
12597,2,0.5474496067140813,0.7074148296593187,0.0,0.0,0.9659318637274549,0.9879759519038076,0.3139798059000135,0.1244924185496403
12597,3,0.6259700103896331,0.9959919839679359,0.0,1.0,0.8877755511022044,0.9899799599198397,0.1504121849360405,0.12178410586390577
12597,4,0.5679985944285932,0.9919839679358717,0.0,1.0,0.5851703406813628,0.9919839679358717,0.004504413757275713,0.11966260746043542
12597,5,0.6077469192666987,0.9959919839679359,0.0,1.0,0.8857715430861723,0.9919839679358717,0.09389905525704627,0.10270897616925269
12597,6,0.5394713455166076,0.9919839679358717,0.0,1.0,0.905811623246493,0.9959919839679359,-0.009959910779184518,0.1143074003622778
12597,7,0.5029454813164407,0.9278557114228457,0.0,0.0,0.6312625250501002,0.9659318637274549,-0.14955995171295247,0.09518372240057446
13041,0,0.6304989040808993,0.9438877755511023,0.0,0.0,0.9298597194388778,0.16032064128256512,-0.17687936838632226,0.3265500860776687
13041,1,0.6976431761203936,0.9539078156312625,0.0,0.0,0.87374749498998,0.10420841683366733,0.27687647794970205,0.22788818381933793
13041,2,0.7068984190793026,0.9739478957915831,0.0,0.0,0.9418837675350702,0.08617234468937876,0.3310231214258594,0.3732215595503924
13041,3,0.6548882889607999,0.9839679358717435,0.0,0.0,0.7675350701402806,0.050100200400801605,0.22082232940504917,0.29573486564936435
13041,4,0.637720595568776,0.969939879759519,0.0,0.0,0.9539078156312625,0.06212424849699399,0.3175525929253659,0.3496607560648038
13041,5,0.6390669263806398,0.9398797595190381,0.0,0.0,0.9138276553106213,0.06613226452905811,-0.10331418871214948,0.37400816388530733
13041,6,0.6166080051488829,0.9378757515030061,0.0,0.0,0.7855711422845691,0.056112224448897796,0.27495324129044835,0.37415866476054366
13041,7,0.7313181086901258,0.9438877755511023,0.0,0.0,0.8356713426853707,0.34468937875751504,0.12326159564315665,0.27639258955909457
13134,0,0.551837996233044,0.8697394789579158,0.0,0.0,0.8577154308617234,0.3907815631262525,0.09449743422909294,0.3301822606138839
13134,1,0.6067306930748018,0.9458917835671342,0.0,0.0,0.8276553106212425,0.6412825651302605,-0.16840980535669026,0.32880778921097736
13134,2,0.6156980658828562,0.9899799599198397,0.0,0.0,0.48096192384769537,0.7955911823647295,-0.48282839972608343,0.18130537807744596
13134,3,0.7317111840979957,1.0,1.0,1.0,0.9198396793587175,0.8797595190380761,-0.12096722725379364,0.2198374359446888
13134,4,0.6482401929854896,0.9899799599198397,0.0,0.0,0.9719438877755511,0.9559118236472945,0.564614553848011,0.3365539563292474
13134,5,0.6464772678637731,0.9859719438877755,0.0,0.0,0.6833667334669339,0.7975951903807615,-0.48926584932627165,0.16056164812222973
13134,6,0.5745944274536106,0.7935871743486974,0.0,0.0,0.7915831663326653,0.6032064128256514,-0.1169409536205,0.25373195300564855
13134,7,0.5159191135134391,0.8216432865731463,0.0,0.0,0.8937875751503006,0.3166332665330661,0.13488019753953606,0.3392431058555806
13223,0,0.5844485969896922,0.9338677354709419,0.0,0.0,0.8797595190380761,0.7835671342685371,0.4891353847253935,0.41767819886917523
13223,1,0.6279985968223883,0.935871743486974,0.0,0.0,0.8977955911823647,0.9879759519038076,0.5882548253072981,0.49691579187698
13223,2,0.5773261155058922,0.7134268537074149,0.0,0.0,0.9959919839679359,0.9258517034068137,0.43159583983920086,0.459177526741449
13223,3,0.5755079075025066,0.9779559118236473,0.0,0.0,0.969939879759519,0.9879759519038076,0.299571666203644,0.32194089364123624
13223,4,0.6415903821196408,0.9759519038076152,0.0,0.0,0.969939879759519,0.9959919839679359,0.5893836940486221,0.5019330505149665
13223,5,0.6506229475966108,0.9559118236472945,0.0,0.0,0.9859719438877755,1.0,0.35229431707830916,0.3966487997184374
13223,6,0.5659209523831261,0.8416833667334669,0.0,0.0,0.8156312625250501,0.9679358717434869,0.017382151960517688,0.27257365182491217
13223,7,0.6368915141564679,0.7635270541082164,0.0,0.0,0.9078156312625251,0.9979959919839679,0.6404276036559994,0.5180925951003691
13298,0,0.6326233385167889,0.9819639278557114,0.0,0.0,1.0,0.9799599198396793,-0.07618497026920616,0.14272536605503278
13298,1,0.5427403724317885,0.8937875751503006,0.0,0.0,0.7695390781563126,0.533066132264529,-0.1148821196470554,0.16195973649525422
13298,2,0.7988346452879357,1.0,1.0,1.0,0.9799599198396793,1.0,-0.501382219887888,0.11216290435448721
13298,3,0.6743617345776769,0.9859719438877755,0.0,0.0,1.0,0.9799599198396793,-0.5176795430104938,0.1341307052781149
13298,4,0.672150292245148,0.9919839679358717,0.0,1.0,0.9979959919839679,0.9659318637274549,-0.11682064643053719,0.16330410589897068
13298,5,0.7080907500975508,0.9939879759519038,0.0,1.0,0.9599198396793587,0.9799599198396793,-0.49915895830208296,0.11172978975328428
13298,6,0.6304623069592465,0.9579158316633266,0.0,0.0,0.9539078156312625,0.9739478957915831,-0.3525742490058716,0.1360453450729702
13298,7,0.7299423523618115,1.0,1.0,1.0,0.9979959919839679,0.9919839679358717,-0.2760234693416685,0.13141637961651315
13587,0,0.5273798833857495,0.43687374749499,0.0,0.0,0.9839679358717435,0.6613226452905812,0.3518932652697489,0.22203032781545537
13587,1,0.4605797721540963,0.5090180360721442,0.0,0.0,0.9819639278557114,0.4749498997995992,0.32507874328752356,0.2312423074362446
13587,2,0.483304180546276,0.501002004008016,0.0,0.0,0.9959919839679359,0.687374749498998,0.21219078564822297,0.18266202082248634
13587,3,0.5072853407700308,0.5791583166332666,0.0,0.0,0.8897795591182365,0.8496993987975952,0.03502035481233506,0.18906211183728974
13587,4,0.5071919415028694,0.2845691382765531,0.0,0.0,1.0,0.5991983967935872,0.2512036113187415,0.19889635057125749
13587,5,0.471940487216866,0.2725450901803607,0.0,0.0,0.9959919839679359,0.5250501002004008,0.23739093827616115,0.1986460830078715
13587,6,0.48734023685716454,0.6432865731462926,0.0,0.0,0.9559118236472945,0.657314629258517,0.14353107862432307,0.20519451945317926
13587,7,0.47705897870126135,0.43887775551102204,0.0,0.0,0.9959919839679359,0.7615230460921844,0.27025668478359927,0.2218662681489251
13703,0,0.45381278925352087,0.5410821643286573,0.0,0.0,0.9138276553106213,0.935871743486974,0.0048641446728252755,0.29617193651037094
13703,1,0.4864401041603912,0.5390781563126252,0.0,0.0,0.2965931863727455,0.8937875751503006,-0.14527003455348475,0.28499608599075377
13703,2,0.497465284877304,0.2605210420841683,0.0,0.0,0.4308617234468938,0.87374749498998,0.027362478986338024,0.31916247673243736
13703,3,0.49072372053431734,0.8176352705410822,0.0,0.0,0.8336673346693386,0.8937875751503006,0.1777483162473102,0.32943535136915547
13703,4,0.5745078426248063,0.9579158316633266,0.0,0.0,0.9659318637274549,0.9458917835671342,0.075031789063825,0.39084795500137864
13703,5,0.5382323804550904,0.8657314629258517,0.0,0.0,0.87374749498998,0.9899799599198397,-0.08972862307346996,0.3586989897010984
13703,6,0.5541031309737905,0.8296593186372746,0.0,0.0,0.8937875751503006,0.9879759519038076,-0.08426304133348747,0.28470198733584584
13703,7,0.480688398795735,0.32064128256513025,0.0,0.0,0.9278557114228457,0.8957915831663327,0.11193375941216314,0.331901790566122
13741,0,0.6155746809843754,0.9559118236472945,0.0,0.0,0.9739478957915831,0.9739478957915831,0.2055792030360073,0.3748462062348938
13741,1,0.5128453332101607,0.5350701402805611,0.0,0.0,1.0,0.9539078156312625,0.15910569827228485,0.31434062057533685
13741,2,0.48519762010056183,0.3486973947895792,0.0,0.0,0.8256513026052105,0.7835671342685371,0.1318653414221745,0.22745112858452068
13741,3,0.4698660707905272,0.36472945891783565,0.0,0.0,0.9659318637274549,0.9018036072144289,0.18816890806488676,0.3477908077356179
13741,4,0.5160769026738359,0.9158316633266533,0.0,0.0,0.9659318637274549,0.9679358717434869,0.22226457967042598,0.37942630267942234
13741,5,0.5104307152914596,0.7875751503006012,0.0,0.0,0.8396793587174348,0.9478957915831663,0.14298513053493872,0.350681393643178
13741,6,0.5061111920839277,0.6072144288577155,0.0,0.0,0.8637274549098196,0.9599198396793587,0.17662298826685544,0.3668827184538294
13741,7,0.5682997179767519,0.8617234468937875,0.0,0.0,1.0,0.9939879759519038,0.28310604952458535,0.406543527377509
13749,0,0.47596212207526367,0.7555110220440882,0.0,0.0,0.8917835671342685,0.46092184368737477,0.020704996363978465,0.1548441876978329
13749,1,0.4998101755494789,0.3026052104208417,0.0,0.0,0.9158316633266533,0.4649298597194389,0.0010894846101302043,0.19059573496016305
13749,2,0.4243749774020457,0.27054108216432865,0.0,0.0,0.9018036072144289,0.6893787575150301,-0.019494952920233795,0.152757252557658
13749,3,0.47895823537714166,0.3667334669338677,0.0,0.0,0.935871743486974,0.5591182364729459,0.10930243649982446,0.1344906706728133
13749,4,0.4997433020247503,0.9298597194388778,0.0,0.0,0.905811623246493,0.7695390781563126,0.015710564565599567,0.1663275040986321
13749,5,0.3833287144046828,0.3486973947895792,0.0,0.0,0.9298597194388778,0.4088176352705411,-0.016993277064632953,0.1571652806747952
13749,6,0.44669966616343004,0.22645290581162325,0.0,0.0,0.9478957915831663,0.35070140280561124,0.014458398664507988,0.156246861875028
13749,7,0.366110453424968,0.43687374749499,0.0,0.0,0.9478957915831663,0.4248496993987976,0.13503317036429055,0.13988799579844205
13826,0,0.5855902769670847,0.9378757515030061,0.0,0.0,0.9879759519038076,0.8817635270541082,-0.09757560598316604,0.4464815276756399
13826,1,0.6597734713644505,0.9378757515030061,0.0,0.0,0.969939879759519,0.6933867735470942,-0.14452178622354983,0.3713265201909089
13826,2,0.6275952242579748,0.8957915831663327,0.0,0.0,0.9839679358717435,0.8957915831663327,-0.010551583285423572,0.48775119496618413
13826,3,0.5148317240667454,0.7134268537074149,0.0,0.0,0.8416833667334669,0.5050100200400801,-0.16951452158664804,0.36218083613090596
13826,4,0.5572649442249344,0.8797595190380761,0.0,0.0,0.9759519038076152,0.9258517034068137,0.04620081148169519,0.40659175218785215
13826,5,0.6544228178374254,0.8797595190380761,0.0,0.0,0.9118236472945892,0.7755511022044088,-0.11541438450539941,0.43189268072864134
13826,6,0.5362097284906465,0.6653306613226453,0.0,0.0,0.9519038076152304,0.7054108216432866,-0.07234948942300662,0.4878268866443583
13826,7,0.6377354860101072,0.9018036072144289,0.0,0.0,0.9519038076152304,0.8537074148296593,0.013526108162964755,0.5385398513400971
13842,0,0.7739778897837932,0.9799599198396793,0.0,0.0,0.9098196392785571,0.9639278557114228,0.3487332460107045,0.4523494450165483
13842,1,0.6801988830320969,0.9098196392785571,0.0,0.0,0.7935871743486974,0.9498997995991983,-0.3822008834346811,0.3964056430324174
13842,2,0.6797987008661251,0.9098196392785571,0.0,0.0,0.9138276553106213,0.9418837675350702,0.09282814415823802,0.4702457206452726
13842,3,0.7284228220562201,0.935871743486974,0.0,0.0,0.9799599198396793,0.9378757515030061,0.12988638176837478,0.3978128025788586
13842,4,0.6677184555223536,0.9038076152304609,0.0,0.0,0.9498997995991983,0.9438877755511023,-0.20377769350852531,0.4297040843951767
13842,5,0.6612521345719586,0.9138276553106213,0.0,0.0,0.9498997995991983,0.9559118236472945,0.005596195805042858,0.4266520450994977
13842,6,0.6842290341756918,0.9158316633266533,0.0,0.0,0.9438877755511023,0.9438877755511023,-0.2824197071297031,0.38970927366244273
13842,7,0.6924207134451453,0.9158316633266533,0.0,0.0,0.9579158316633266,0.9218436873747495,-0.1980108094968819,0.4075844572627996
13879,0,0.4616584546145684,0.6593186372745491,0.0,0.0,0.9979959919839679,0.11422845691382766,0.04048416704707587,0.1726440740012172
13879,1,0.5119467786656338,0.8937875751503006,0.0,0.0,1.0,0.8096192384769539,0.5366165971651485,0.30049750442040685
13879,2,0.5681859469538882,0.9218436873747495,0.0,0.0,0.9939879759519038,0.41082164328657317,0.11518816645756787,0.25295065026017055
13879,3,0.4677078748530297,0.7835671342685371,0.0,0.0,0.9719438877755511,0.2985971943887776,0.4801754650254486,0.3248967890922753
13879,4,0.5116893502903679,0.845691382765531,0.0,0.0,0.9919839679358717,0.33266533066132264,0.5686961334785546,0.3296260278330371
13879,5,0.5975953174711486,0.9318637274549099,0.0,0.0,0.9959919839679359,0.3967935871743487,0.007275055517972538,0.16408396849336293
13879,6,0.5881927741444931,0.8376753507014028,0.0,0.0,0.8937875751503006,0.218436873747495,0.40713077293170274,0.320116779007958
13879,7,0.5599997793359381,0.845691382765531,0.0,0.0,0.9819639278557114,0.28256513026052105,0.4429939917754296,0.3099113443963612
13895,0,0.5266963660409305,0.687374749498998,0.0,0.0,0.9278557114228457,0.6112224448897795,-0.07448857694568528,0.19306601041512972
13895,1,0.4942213104586589,0.5671342685370742,0.0,0.0,0.9839679358717435,0.5410821643286573,0.5893780407112651,0.2049451559247638
13895,2,0.617453693906306,0.9859719438877755,0.0,0.0,0.9939879759519038,0.6052104208416834,0.17779189432956685,0.19387136735639446
13895,3,0.5647918509433825,0.9038076152304609,0.0,0.0,0.9979959919839679,0.4529058116232465,0.5923694485762154,0.21595826921043285
13895,4,0.5401600463332201,0.3907815631262525,0.0,0.0,0.5771543086172345,0.4909819639278557,0.004654842909944933,0.16187990171388447
13895,5,0.6151135770814707,0.9639278557114228,0.0,0.0,0.9579158316633266,0.9398797595190381,0.4783068062846639,0.19145208564869112
13895,6,0.5246210234189593,0.8997995991983968,0.0,0.0,0.9438877755511023,0.6352705410821643,0.4805205205692162,0.2032607727409271
13895,7,0.5874694330484833,0.969939879759519,0.0,0.0,0.9839679358717435,0.8416833667334669,0.5387022703170163,0.2210153110202192
13938,0,0.8308615904848005,0.9899799599198397,0.0,0.0,0.9859719438877755,0.9919839679358717,0.25472671482566933,0.39795799363545176
13938,1,0.8160703513790992,0.9779559118236473,0.0,0.0,1.0,0.9879759519038076,0.5158167113138807,0.5004452704752527
13938,2,0.732002068830521,0.9599198396793587,0.0,0.0,0.9819639278557114,0.3587174348697395,0.22803550809225115,0.4140036121797271
13938,3,0.6524605894480793,0.8537074148296593,0.0,0.0,0.9859719438877755,0.687374749498998,0.3109413732610145,0.4759864953644174
13938,4,0.7740236625652352,0.9759519038076152,0.0,0.0,0.9799599198396793,0.5991983967935872,0.0831484159165118,0.4835441182611194
13938,5,0.8629854323573101,0.9939879759519038,0.0,1.0,0.9979959919839679,0.9959919839679359,0.4682114689262875,0.4403606698781045
13938,6,0.6734132558526011,0.875751503006012,0.0,0.0,0.9799599198396793,0.3406813627254509,0.29866972885293586,0.38451853644023803
13938,7,0.7911159942548754,0.9779559118236473,0.0,0.0,0.9959919839679359,0.42084168336673344,0.2320651709052162,0.3939517277549041
14049,0,0.6581026434761101,0.9879759519038076,0.0,0.0,0.3346693386773547,0.6052104208416834,-0.16305154133726318,0.3360241722529655
14049,1,0.7838386491494441,1.0,1.0,1.0,0.9919839679358717,0.6593186372745491,0.053485930743597296,0.25564507138460746
14049,2,0.6452306287923935,0.9118236472945892,0.0,0.0,0.9879759519038076,0.9118236472945892,0.11162354036261121,0.33716316440588107
14049,3,0.6157783359892184,0.9418837675350702,0.0,0.0,0.8797595190380761,0.531062124248497,-0.2195516995241909,0.2831991016600777
14049,4,0.6877880956381759,0.969939879759519,0.0,0.0,0.9458917835671342,0.779559118236473,-0.1004397483994722,0.2635600217059642
14049,5,0.6876160382229188,0.9739478957915831,0.0,0.0,0.9579158316633266,0.625250501002004,-0.09975781470365278,0.32065262797458066
14049,6,0.6545567944845704,0.969939879759519,0.0,0.0,0.9979959919839679,0.687374749498998,0.1293124012968016,0.24097121602643687
14049,7,0.7455502890278698,0.9979959919839679,0.0,1.0,1.0,0.8316633266533067,0.1166826127634457,0.34817639700509984
14170,0,0.7576435076452682,0.9579158316633266,0.0,0.0,0.9659318637274549,0.9819639278557114,0.40966508480551855,0.35553216010152433
14170,1,0.7392731910635857,0.9438877755511023,0.0,0.0,0.9719438877755511,0.9779559118236473,-0.11367208001962747,0.34283561884494385
14170,2,0.7331207000419873,0.9539078156312625,0.0,0.0,0.9959919839679359,0.9859719438877755,0.10547515387026085,0.31560832449851356
14170,3,0.7900262821778095,0.9759519038076152,0.0,0.0,0.9839679358717435,0.9799599198396793,-0.021821863111260095,0.3010088259584457
14170,4,0.7602862542123461,0.9539078156312625,0.0,0.0,0.9759519038076152,0.9859719438877755,0.19316083547990892,0.32869835268165465
14170,5,0.7395183046887928,0.9539078156312625,0.0,0.0,0.9959919839679359,0.9899799599198397,0.16245233984803562,0.3492675621546894
14170,6,0.6863166753186869,0.9438877755511023,0.0,0.0,0.9839679358717435,0.9919839679358717,0.1134604480285795,0.3080623312813919
14170,7,0.7330458672951263,0.9498997995991983,0.0,0.0,0.9819639278557114,0.9819639278557114,0.26013971379690826,0.311211263385375
14245,0,0.7237103468272384,0.9799599198396793,0.0,0.0,0.9779559118236473,0.9158316633266533,-0.04682437174460632,0.5077266731707444
14245,1,0.8264211031868517,0.9959919839679359,0.0,1.0,0.9979959919839679,0.9879759519038076,-0.10279027438993432,0.5057015797436757
14245,2,0.8458341077191966,0.9899799599198397,0.0,0.0,0.9979959919839679,0.9819639278557114,0.10943458198521848,0.5383165979503495
14245,3,0.7676439381852692,0.9879759519038076,0.0,0.0,0.9579158316633266,0.7975951903807615,-0.07191955685601936,0.49126488192435575
14245,4,0.8371477926532909,0.9919839679358717,0.0,1.0,0.9839679358717435,0.9599198396793587,0.09632648006980671,0.5032678313737287
14245,5,0.766773805876369,0.9879759519038076,0.0,0.0,0.9478957915831663,0.9899799599198397,-0.03438882893377412,0.5562274620413813
14245,6,0.8649924417843687,0.9979959919839679,0.0,1.0,0.9619238476953907,0.9939879759519038,-0.0553653305424502,0.37843134943586443
14245,7,0.8989621307871298,0.9979959919839679,0.0,1.0,0.9959919839679359,0.9959919839679359,-0.01496321646777367,0.532025341773309
14274,0,0.5264575171883987,0.31462925851703405,0.0,0.0,0.935871743486974,0.8056112224448898,0.022203612250091827,0.1888116611138299
14274,1,0.5470784822504713,0.40681362725450904,0.0,0.0,0.6032064128256514,0.655310621242485,-0.12162285195213011,0.1635793386029338
14274,2,0.5037867734047706,0.3306613226452906,0.0,0.0,0.6492985971943888,0.43286573146292584,-0.1296808842942375,0.1973834771125378
14274,3,0.484229829019712,0.15831663326653306,0.0,0.0,0.8196392785571143,0.48096192384769537,-0.08305622322926746,0.1915075567887959
14274,4,0.5775140563005531,0.9218436873747495,0.0,0.0,0.6492985971943888,0.7074148296593187,-0.1944507839062377,0.21227902198236348
14274,5,0.5355598814692202,0.36072144288577157,0.0,0.0,0.905811623246493,0.6172344689378757,-0.021629996840576652,0.18426357326204204
14274,6,0.469469551753458,0.250501002004008,0.0,0.0,0.8236472945891784,0.40480961923847697,-0.010590994043174044,0.1883465025954439
14274,7,0.45573056420542424,0.218436873747495,0.0,0.0,0.46292585170340683,0.37074148296593185,0.0019053521212162344,0.18216977671409465
14728,0,0.6244372714139557,0.9498997995991983,0.0,0.0,0.6072144288577155,0.002004008016032064,-0.012446885350208861,0.08934093568958956
14728,1,0.6064545915250446,0.969939879759519,0.0,0.0,0.591182364729459,0.002004008016032064,-0.01316017853635883,0.07587873062713488
14728,2,0.5390254002275059,0.6793587174348698,0.0,0.0,0.6292585170340681,0.0,0.022195169148361105,0.09878345676769576
14728,3,0.5764369042536177,0.8096192384769539,0.0,0.0,0.46693386773547096,0.004008016032064128,-0.01951071480140647,0.09513166089446154
14728,4,0.5120623546788204,0.5250501002004008,0.0,0.0,0.30861723446893785,0.004008016032064128,-0.06473930749703113,0.06806466682721347
14728,5,0.5687641324770971,0.9378757515030061,0.0,0.0,0.5450901803607214,0.006012024048096192,-0.04124606013236338,0.10042417252092573
14728,6,0.5726834698011184,0.7074148296593187,0.0,0.0,0.7274549098196392,0.004008016032064128,-0.022245170291826648,0.08061278971174607
14728,7,0.5763143444410452,0.9338677354709419,0.0,0.0,0.5711422845691383,0.004008016032064128,-0.024672081972876393,0.07530749994784658
15068,0,0.8473232215043603,0.9939879759519038,0.0,1.0,0.9919839679358717,0.9719438877755511,0.13733203774556643,0.5322589695550151
15068,1,0.781882644252158,0.9659318637274549,0.0,0.0,0.9939879759519038,0.9719438877755511,0.03814027154225104,0.4451450946637222
15068,2,0.8653603097390139,0.9939879759519038,0.0,1.0,0.9939879759519038,0.9919839679358717,0.11767331246252578,0.4586589805950996
15068,3,0.814352361753364,0.9899799599198397,0.0,0.0,0.9859719438877755,0.9779559118236473,0.3474797849018994,0.46063628735741063
15068,4,0.7947849338182427,0.9859719438877755,0.0,0.0,1.0,0.9979959919839679,-0.06812180207141987,0.39859758627521796
15068,5,0.8205101430451953,0.9839679358717435,0.0,0.0,0.9879759519038076,0.9719438877755511,-0.07544074974577608,0.502672325831366
15068,6,0.8417014078526979,0.9959919839679359,0.0,1.0,1.0,0.9979959919839679,-0.07967242127883717,0.4085557485465616
15068,7,0.7771088134095774,0.9759519038076152,0.0,0.0,0.9879759519038076,0.9759519038076152,0.0749019738482134,0.44979770913009165
15181,0,0.5812340721494856,0.8997995991983968,0.0,0.0,0.9959919839679359,0.8637274549098196,-3.078980011752142e-06,0.11859406856244883
15181,1,0.6363440812953557,0.9519038076152304,0.0,0.0,0.9098196392785571,0.9478957915831663,-0.04219694669510121,0.10633320337308082
15181,2,0.6048904102282243,0.8817635270541082,0.0,0.0,0.935871743486974,0.7014028056112225,0.13424473783611163,0.12394306761153713
15181,3,0.55484414523513,0.9118236472945892,0.0,0.0,0.9819639278557114,0.5871743486973948,0.16218029614004892,0.12739462094333284
15181,4,0.510992154691706,0.6773547094188377,0.0,0.0,0.6232464929859719,0.781563126252505,-0.06377925314626498,0.11104213850681736
15181,5,0.558948692441223,0.7695390781563126,0.0,0.0,0.9759519038076152,0.28857715430861725,0.1728694930978291,0.11614378901881942
15181,6,0.6019731349656798,0.9519038076152304,0.0,0.0,0.9899799599198397,0.9098196392785571,0.2159612113587926,0.147612472019501
15181,7,0.5978788780548716,0.8496993987975952,0.0,0.0,0.9579158316633266,0.4589178356713427,0.17710299288255474,0.11778166943985822
15182,0,0.5080715288943887,0.8036072144288577,0.0,0.0,0.8136272545090181,0.87374749498998,0.3350523570514842,0.21221408004215325
15182,1,0.4786871166400329,0.8657314629258517,0.0,0.0,0.87374749498998,0.9498997995991983,0.34257962705105,0.2505505720627638
15182,2,0.6969407398424023,0.9919839679358717,0.0,1.0,0.9839679358717435,0.9879759519038076,0.4558602979938214,0.33063547600676835
15182,3,0.5452609982881231,0.8897795591182365,0.0,0.0,0.8817635270541082,0.9719438877755511,0.2949374270193428,0.23239003208956352
15182,4,0.5686047484113719,0.8937875751503006,0.0,0.0,0.9919839679358717,0.9979959919839679,0.5161833755951459,0.3285574731734831
15182,5,0.49493431772165986,0.3807615230460922,0.0,0.0,0.8937875751503006,0.9519038076152304,-0.17793163703147696,0.31373682721685175
15182,6,0.5268590158840849,0.9258517034068137,0.0,0.0,0.9939879759519038,0.9899799599198397,0.33782912722406094,0.31815252917526504
15182,7,0.497882417319032,0.3486973947895792,0.0,0.0,0.9859719438877755,0.9839679358717435,0.3130540266643288,0.27262740348984615
15191,0,0.5237437665458012,0.781563126252505,0.0,0.0,0.8917835671342685,0.935871743486974,0.06385439713097628,0.11627739197591067
15191,1,0.5369171096854133,0.9118236472945892,0.0,0.0,0.6392785571142284,0.7975951903807615,0.0433841646307977,0.10749177277094016
15191,2,0.6240718812242302,0.8016032064128257,0.0,0.0,0.5531062124248497,0.9879759519038076,-0.03646653314594744,0.08255353459802521
15191,3,0.5775144142374223,0.9318637274549099,0.0,0.0,0.9739478957915831,0.8717434869739479,-0.11002485320678954,0.11620651977295683
15191,4,0.5168232692235991,0.5771543086172345,0.0,0.0,0.8056112224448898,0.8717434869739479,0.13564921658545925,0.12809779086949902
15191,5,0.5559915724785218,0.7034068136272545,0.0,0.0,0.7114228456913828,0.7214428857715431,-0.08245892144501753,0.10399612438530408
15191,6,0.5806680719558951,0.875751503006012,0.0,0.0,0.7915831663326653,0.8877755511022044,0.026174926614850023,0.09905137362472403
15191,7,0.5450799747408307,0.5490981963927856,0.0,0.0,0.6833667334669339,0.9198396793587175,0.05750750090704534,0.11768046723479478
15274,0,0.5659055409343206,0.8076152304609219,0.0,0.0,0.751503006012024,0.44488977955911824,-0.10926397599832184,0.2665055226862258
15274,1,0.8107387245385542,0.9899799599198397,0.0,0.0,0.8917835671342685,0.6533066132264529,0.2657014046069412,0.32241641393651554
15274,2,0.821842615453614,0.9959919839679359,0.0,1.0,0.9118236472945892,0.9979959919839679,-0.0969201658647759,0.23407042428542743
15274,3,0.821933466701702,0.9899799599198397,0.0,0.0,0.9218436873747495,0.9979959919839679,0.2531229270168679,0.2715314415538546
15274,4,0.8013102346636759,0.9919839679358717,0.0,1.0,0.9659318637274549,0.9819639278557114,0.03607227013520081,0.3028471042278338
15274,5,0.7353464840393691,1.0,1.0,1.0,0.9719438877755511,0.969939879759519,0.19881996703326207,0.2611184187113253
15274,6,0.8362601627012317,0.9939879759519038,0.0,1.0,0.9899799599198397,0.9959919839679359,0.019001549810044385,0.29426388826959604
15274,7,0.6725563637430709,0.9599198396793587,0.0,0.0,0.8637274549098196,0.7775551102204409,-0.007612285372587073,0.235320606050732
15386,0,0.5922040808904729,0.9118236472945892,0.0,0.0,0.781563126252505,0.8597194388777555,0.15487937983163785,0.09969291150479985
15386,1,0.5637151186044542,0.87374749498998,0.0,0.0,0.37675350701402804,0.7735470941883767,0.07249640287753116,0.11358082167863302
15386,2,0.572786688270877,0.843687374749499,0.0,0.0,0.7835671342685371,0.7234468937875751,-0.023806262853130106,0.07637156768653626
15386,3,0.5218181073955888,0.4529058116232465,0.0,0.0,0.8136272545090181,0.9839679358717435,-0.02502002284563714,0.09064707162027859
15386,4,0.5457266450351742,0.5891783567134269,0.0,0.0,0.3106212424849699,0.7895791583166333,-0.11151484923397953,0.09418697219155162
15386,5,0.5437472222484467,0.7735470941883767,0.0,0.0,0.7935871743486974,0.6933867735470942,0.06384854645808613,0.08408236078766043
15386,6,0.6022475318969389,0.8396793587174348,0.0,0.0,0.8917835671342685,0.9478957915831663,0.06421416154684031,0.07057748798559554
15386,7,0.5028748005741441,0.5070140280561122,0.0,0.0,0.657314629258517,0.8617234468937875,-0.014073323281029686,0.0802221458464876
15438,0,0.5381565362614272,0.749498997995992,0.0,0.0,0.9859719438877755,0.7595190380761523,0.053850510953975875,0.39734958020149547
15438,1,0.4467241189446407,0.218436873747495,0.0,0.0,0.9859719438877755,0.7454909819639278,0.19502811959323088,0.39547758276275435
15438,2,0.5389582406804878,0.6452905811623246,0.0,0.0,0.8396793587174348,0.8136272545090181,-0.09937094859366505,0.30152468664350945
15438,3,0.5442453583941865,0.845691382765531,0.0,0.0,0.9859719438877755,0.9278557114228457,0.09235777409015448,0.4317234855923327
15438,4,0.600593830401398,0.9559118236472945,0.0,0.0,0.9979959919839679,1.0,-0.17534223623884032,0.33549336324097456
15438,5,0.5117712743124045,0.3527054108216433,0.0,0.0,0.9959919839679359,1.0,-0.059879221085388665,0.16382652114152813
15438,6,0.5838485330458356,0.7595190380761523,0.0,0.0,0.9919839679358717,0.9599198396793587,-0.018825333088190895,0.42683092904358555
15438,7,0.6050604513830982,0.7655310621242485,0.0,0.0,0.9939879759519038,0.593186372745491,-0.08117533296394823,0.32658650258686533
15516,0,0.5521590608190263,0.7735470941883767,0.0,0.0,0.9779559118236473,0.9959919839679359,-0.0924837816635037,0.36475771200324575
15516,1,0.5093344783871135,0.8557114228456913,0.0,0.0,0.9899799599198397,0.9899799599198397,-0.14453817359898566,0.3398776163298594
15516,2,0.5211777446522745,0.8076152304609219,0.0,0.0,0.5691382765531062,0.9919839679358717,0.01643272242319875,0.3667103124088379
15516,3,0.47145564933516626,0.6352705410821643,0.0,0.0,0.9158316633266533,1.0,0.11887963168121883,0.29566410945331273
15516,4,0.42752789158736537,0.749498997995992,0.0,0.0,0.8597194388777555,1.0,-0.037724020248815486,0.3384405366988619
15516,5,0.5640804349073626,0.9599198396793587,0.0,0.0,0.8316633266533067,0.9639278557114228,-0.14359740884294783,0.30774968027341426
15516,6,0.509715361456816,0.8376753507014028,0.0,0.0,0.23847695390781562,0.935871743486974,-0.06690777374377598,0.3468344914067332
15516,7,0.5658537341338808,0.9438877755511023,0.0,0.0,0.9679358717434869,0.9939879759519038,-0.22450681271972986,0.2373735820965202
15631,0,0.6435170013708424,0.8837675350701403,0.0,0.0,0.7294589178356713,0.8076152304609219,0.17572191942821372,0.30495647910787876
15631,1,0.6016448788965857,0.8997995991983968,0.0,0.0,0.9118236472945892,0.6052104208416834,0.008745716896891317,0.23969957356038857
15631,2,0.6077204950553458,0.9258517034068137,0.0,0.0,0.9158316633266533,0.6032064128256514,-0.025543734667361744,0.24729500667799142
15631,3,0.5917713991062947,0.9318637274549099,0.0,0.0,0.8537074148296593,0.6472945891783567,0.1458205110134945,0.2914387007586149
15631,4,0.605988397364116,0.8837675350701403,0.0,0.0,0.8156312625250501,0.6993987975951904,0.19984905206414424,0.29596380303173
15631,5,0.6292956880286396,0.9498997995991983,0.0,0.0,0.8296593186372746,0.8256513026052105,0.08911229116963078,0.23455565796662484
15631,6,0.6676744299351691,0.9178356713426854,0.0,0.0,0.7214428857715431,0.5731462925851704,0.005718749260125063,0.29110892763228746
15631,7,0.5795311403917438,0.935871743486974,0.0,0.0,0.8917835671342685,0.8777555110220441,0.06182905399025113,0.2967572450227206
15632,0,0.5208869970640728,0.8557114228456913,0.0,0.0,0.87374749498998,0.8617234468937875,0.026812703350446918,0.2572284273493488
15632,1,0.7140983457615138,1.0,1.0,1.0,0.9659318637274549,0.9899799599198397,0.00569607704482967,0.21507787563094719
15632,2,0.5895479555755307,0.8597194388777555,0.0,0.0,0.9398797595190381,0.9158316633266533,-0.1421576184253367,0.319831799607521
15632,3,0.5844715927228579,0.9338677354709419,0.0,0.0,0.9238476953907816,0.9539078156312625,-0.019742217606619948,0.3853174770605876
15632,4,0.5371817810621191,0.8517034068136272,0.0,0.0,0.8336673346693386,0.9418837675350702,0.09310900764900855,0.2996484593574606
15632,5,0.5673829611960886,0.751503006012024,0.0,0.0,0.6312625250501002,0.7454909819639278,-0.009101593740056702,0.26340006279046235
15632,6,0.5973036475219118,0.8857715430861723,0.0,0.0,0.905811623246493,0.9579158316633266,-0.13689098021587753,0.2112245476026232
15632,7,0.5630912244137457,0.8717434869739479,0.0,0.0,0.6793587174348698,0.7955911823647295,-0.05934614133922375,0.3588757045248431
15865,0,0.5713339541348135,0.87374749498998,0.0,0.0,0.8717434869739479,0.002004008016032064,-0.1813378119775135,0.1612186520105694
15865,1,0.5040713326422711,0.5470941883767535,0.0,0.0,0.43687374749499,0.0,0.02240661477369146,0.212386883905364
15865,2,0.5309768671956814,0.7254509018036072,0.0,0.0,0.9859719438877755,0.0,-0.11053789794608498,0.1858128446603635
15865,3,0.48597348565940834,0.40681362725450904,0.0,0.0,0.7975951903807615,0.002004008016032064,0.08514575619628681,0.2112949025580248
15865,4,0.5824373689857781,0.8056112224448898,0.0,0.0,0.7735470941883767,0.0,0.22700722786082014,0.22370141474684369
15865,5,0.4980410544934173,0.6012024048096193,0.0,0.0,0.6653306613226453,0.002004008016032064,-0.24753753024401481,0.2218903498975111
15865,6,0.6116057031995472,0.625250501002004,0.0,0.0,0.3807615230460922,0.002004008016032064,-0.04612789909451945,0.23047714944850736
15865,7,0.5364711238886176,0.8036072144288577,0.0,0.0,0.7434869739478958,0.002004008016032064,0.06882952575724,0.18422125067915127
15898,0,0.698462721813903,0.9478957915831663,0.0,0.0,0.8717434869739479,0.8016032064128257,0.03293448331389557,0.15121182752373932
15898,1,0.7170705141159188,0.9519038076152304,0.0,0.0,0.9779559118236473,0.9338677354709419,-0.028404082405069257,0.15499409014400972
15898,2,0.687584155305983,0.9639278557114228,0.0,0.0,0.9178356713426854,0.8897795591182365,0.08078072810498177,0.15224754261026224
15898,3,0.6400674908273789,0.9879759519038076,0.0,0.0,0.9519038076152304,1.0,0.04095594488754785,0.122171705192317
15898,4,0.6397115060119065,0.9198396793587175,0.0,0.0,0.8977955911823647,0.7194388777555111,0.07612058563907327,0.1915161288759081
15898,5,0.7017048803841006,0.9238476953907816,0.0,0.0,0.9318637274549099,0.8677354709418837,-0.003573692603956568,0.19038471567858117
15898,6,0.6277538127032471,0.9318637274549099,0.0,0.0,0.8677354709418837,0.6052104208416834,-0.05845729517661038,0.1498121577779976
15898,7,0.7161453473764483,0.9619238476953907,0.0,0.0,0.8997995991983968,0.9458917835671342,0.004404458804567939,0.13156551292437282
15953,0,0.5458984673849624,0.8276553106212425,0.0,0.0,0.9639278557114228,0.9659318637274549,-0.08437956984900438,0.05165103522740085
15953,1,0.6129834808932477,0.875751503006012,0.0,0.0,0.9819639278557114,0.9859719438877755,0.0989055497825827,0.06840489226095532
15953,2,0.5333929959950426,0.5130260521042084,0.0,0.0,0.8597194388777555,0.503006012024048,-0.05485027786448557,0.07559895245282586
15953,3,0.5932235506478816,0.7134268537074149,0.0,0.0,0.9038076152304609,0.9819639278557114,0.033139088060133444,0.06528691218677567
15953,4,0.5997548846606915,0.8997995991983968,0.0,0.0,0.87374749498998,0.9619238476953907,-0.024344665558188327,0.04841870319616011
15953,5,0.5276860600213688,0.4348697394789579,0.0,0.0,0.7635270541082164,0.7975951903807615,-0.04292594618958046,0.0792011736779286
15953,6,0.5569981421700313,0.6833667334669339,0.0,0.0,0.6052104208416834,0.969939879759519,-0.08886972190515598,0.0779886274748842
15953,7,0.5779302564671311,0.9318637274549099,0.0,0.0,0.9198396793587175,1.0,-0.017285925770804053,0.07038066171647976
15985,0,0.7396289064460568,0.9979959919839679,0.0,1.0,0.9979959919839679,0.9859719438877755,0.21311300585025122,0.814177247823975
15985,1,0.8075647659069569,0.9959919839679359,0.0,1.0,1.0,1.0,0.3670645482663765,0.8633827546378773
15985,2,0.7413433966860532,0.9859719438877755,0.0,0.0,1.0,0.9859719438877755,0.1727207992719175,0.8284804811935076
15985,3,0.6879062443147677,0.9959919839679359,0.0,1.0,1.0,0.9859719438877755,0.22952100046701285,0.8263599454357378
15985,4,0.835571884522764,0.9959919839679359,0.0,1.0,1.0,0.9919839679358717,0.40369286850937985,0.8454518578252107
15985,5,0.7109073429263721,0.9959919839679359,0.0,1.0,1.0,0.9859719438877755,0.1209559835021927,0.8189229245807638
15985,6,0.7732974208777343,0.9979959919839679,0.0,1.0,1.0,0.9859719438877755,0.17917587151254655,0.7980549465244657
15985,7,0.745014184456047,0.9939879759519038,0.0,1.0,1.0,0.9859719438877755,0.1365809397530716,0.8223372207598618
16251,0,0.7707365166616397,0.9939879759519038,0.0,1.0,0.9979959919839679,0.9839679358717435,0.02740511052609199,0.6057346905116049
16251,1,0.659362530907376,0.9859719438877755,0.0,0.0,0.9799599198396793,0.9959919839679359,0.0073185027899013095,0.5279504796584966
16251,2,0.7224723948869547,0.9919839679358717,0.0,1.0,0.9959919839679359,0.969939879759519,0.012281016354337815,0.5652757912516118
16251,3,0.7655707643599794,0.9939879759519038,0.0,1.0,0.9919839679358717,0.9719438877755511,-0.05035711107543371,0.5016452301900715
16251,4,0.6888894427289629,0.9819639278557114,0.0,0.0,0.9979959919839679,0.9979959919839679,0.12832194026034782,0.6728622698838688
16251,5,0.7727986310226854,0.9979959919839679,0.0,1.0,0.9939879759519038,0.9919839679358717,0.10293517765158933,0.7044379455264643
16251,6,0.6787981315369102,0.9779559118236473,0.0,0.0,0.9959919839679359,0.9919839679358717,-0.008295047842289557,0.4706374710873483
16251,7,0.7404419721218197,0.9859719438877755,0.0,0.0,0.9979959919839679,0.9979959919839679,0.06984151853305173,0.7109724752859262
16424,0,0.5711881153335624,0.8677354709418837,0.0,0.0,0.41082164328657317,0.10020040080160321,0.08192475583959391,0.2611225684922859
16424,1,0.637267775928847,0.9458917835671342,0.0,0.0,0.6432865731462926,0.4248496993987976,0.0003379987141292792,0.18662946015923298
16424,2,0.5616494485062369,0.9198396793587175,0.0,0.0,0.7234468937875751,0.2725450901803607,-0.014066157482200858,0.2647969245200832
16424,3,0.5658129332031677,0.8717434869739479,0.0,0.0,0.9218436873747495,0.5511022044088176,-0.01567116121565514,0.26702149690978716
16424,4,0.634858632741444,0.9619238476953907,0.0,0.0,0.374749498997996,0.18637274549098196,0.01935719870961733,0.24763682578973936
16424,5,0.5851636065536983,0.9238476953907816,0.0,0.0,0.6833667334669339,0.17835671342685372,0.022228671446941663,0.26184896623524995
16424,6,0.5637561396602057,0.9218436873747495,0.0,0.0,0.6432865731462926,0.6092184368737475,0.14545476154313228,0.2949550906750163
16424,7,0.6754150193886419,0.9879759519038076,0.0,0.0,0.3527054108216433,0.5410821643286573,0.17032773326600015,0.26685212731732466
16525,0,0.6452774292584572,0.9919839679358717,0.0,1.0,0.8076152304609219,0.6352705410821643,-0.0944084660721149,0.21805759734021177
16525,1,0.769279282187369,0.9939879759519038,0.0,1.0,0.9739478957915831,0.9979959919839679,0.1776562678864935,0.2921516888072794
16525,2,0.7766676044827798,1.0,1.0,1.0,0.8977955911823647,0.8076152304609219,0.016437172039422795,0.2703084828287719
16525,3,0.7261639521168831,1.0,1.0,1.0,0.9839679358717435,0.7114228456913828,0.19314204161280946,0.26457123185320075
16525,4,0.7490061590630387,1.0,1.0,1.0,0.9899799599198397,0.9719438877755511,0.22200897348090684,0.2671310021097718
16525,5,0.7044187464795375,1.0,1.0,1.0,0.8496993987975952,0.9138276553106213,0.05654163837554197,0.27995299398210804
16525,6,0.7028406943893659,1.0,1.0,1.0,0.9839679358717435,0.9899799599198397,-0.006093064067259487,0.25651453454818457
16525,7,0.6250840381176848,0.9799599198396793,0.0,0.0,0.9659318637274549,0.18637274549098196,-0.11044271267294102,0.21263535950490373
16625,0,0.9074381512191791,1.0,1.0,1.0,0.9799599198396793,0.9839679358717435,0.20200720653477697,0.23961106914810634
16625,1,0.8633614413230504,0.9919839679358717,0.0,1.0,0.9799599198396793,0.9859719438877755,0.13327364359935615,0.18147340787584731
16625,2,0.894732899601969,0.9959919839679359,0.0,1.0,0.9959919839679359,0.9819639278557114,0.14386927209623995,0.28429071315942656
16625,3,0.8832691748874928,0.9959919839679359,0.0,1.0,0.9959919839679359,1.0,0.1707653662467808,0.20902095027648662
16625,4,0.8746143925062402,0.9939879759519038,0.0,1.0,0.9458917835671342,0.9959919839679359,0.11016063601584063,0.2835661427083282
16625,5,0.8679597366902352,0.9859719438877755,0.0,0.0,0.9819639278557114,0.9859719438877755,0.026552232876437706,0.18202911376403366
16625,6,0.8648921564908956,0.9919839679358717,0.0,1.0,0.9158316633266533,0.9859719438877755,0.05598289708505835,0.30116118145982546
16625,7,0.8688174643318949,0.9919839679358717,0.0,1.0,0.9779559118236473,0.9939879759519038,0.12416801672524701,0.16866437067601409
16718,0,0.541569536453377,0.8156312625250501,0.0,0.0,0.9579158316633266,0.9799599198396793,0.368906519522257,0.3435382494500009
16718,1,0.5533077703193628,0.8216432865731463,0.0,0.0,0.969939879759519,0.9979959919839679,0.040718037537274245,0.32276566235318954
16718,2,0.5888135414605247,0.7555110220440882,0.0,0.0,0.9839679358717435,0.9959919839679359,0.03509762634923429,0.28212949453689407
16718,3,0.5792147599857203,0.9398797595190381,0.0,0.0,0.9939879759519038,0.9859719438877755,0.24740171835571698,0.3052610715670571
16718,4,0.5467777859891154,0.9659318637274549,0.0,0.0,0.9839679358717435,0.9939879759519038,0.1491322890791462,0.31439156771239635
16718,5,0.5028879078523549,0.5711422845691383,0.0,0.0,0.9919839679358717,0.9939879759519038,0.09156694828031925,0.3026191523422422
16718,6,0.6033440763784348,0.9819639278557114,0.0,0.0,0.9859719438877755,0.9919839679358717,0.23183387419296808,0.27149337013948843
16718,7,0.5596250779274757,0.9398797595190381,0.0,0.0,0.9258517034068137,1.0,0.07756392276352421,0.36926663405298615
16800,0,0.5744564127731224,0.8977955911823647,0.0,0.0,0.7755511022044088,0.9539078156312625,-0.007835456481390364,0.3437799754858348
16800,1,0.6026251729971633,0.9779559118236473,0.0,0.0,0.781563126252505,0.9679358717434869,0.02772675533617955,0.3959349381905329
16800,2,0.6308171796829527,0.9478957915831663,0.0,0.0,0.7655310621242485,0.9859719438877755,0.06524771819345879,0.28387573909115965
16800,3,0.6990971750198045,0.9919839679358717,0.0,1.0,0.8657314629258517,0.9038076152304609,-0.07570688609917621,0.3843417635762611
16800,4,0.6024037572241552,0.9559118236472945,0.0,0.0,0.7915831663326653,0.9559118236472945,-0.03095220049465472,0.3911486454759719
16800,5,0.6581766291425563,0.9839679358717435,0.0,0.0,0.591182364729459,0.9519038076152304,-0.07050484009034914,0.35460094737333864
16800,6,0.61518501198383,0.9498997995991983,0.0,0.0,0.6953907815631263,0.905811623246493,-0.022562606250811322,0.36621669800218587
16800,7,0.5731069746273698,0.9438877755511023,0.0,0.0,0.6893787575150301,0.9458917835671342,-0.11023415750878476,0.368663087129767
17017,0,0.567728558098261,0.9899799599198397,0.0,0.0,1.0,0.9979959919839679,0.057058610383403784,0.18250373262547592
17017,1,0.5699466393858736,0.9839679358717435,0.0,0.0,0.9979959919839679,0.9839679358717435,0.054565159221410864,0.22850751051224447
17017,2,0.5831241960099585,0.8997995991983968,0.0,0.0,0.9979959919839679,0.9979959919839679,0.03254939044020232,0.1620405783811646
17017,3,0.5935714183336473,0.9899799599198397,0.0,0.0,1.0,0.9979959919839679,0.12393846286336091,0.20673785039049036
17017,4,0.5544167848427288,0.9078156312625251,0.0,0.0,0.9959919839679359,0.9979959919839679,-0.029466681686125804,0.24216407552992614
17017,5,0.6257614465433191,0.9959919839679359,0.0,1.0,0.9979959919839679,0.9979959919839679,0.07248467224384571,0.21116402240396978
17017,6,0.5722161815143774,0.8937875751503006,0.0,0.0,0.9979959919839679,0.9979959919839679,-0.015691353127079026,0.19057738417046438
17017,7,0.5088017306048318,0.9158316633266533,0.0,0.0,0.9899799599198397,0.9979959919839679,0.09895980908845407,0.21172096360098752
17605,0,0.5856219116507746,0.8517034068136272,0.0,0.0,0.8857715430861723,0.9539078156312625,0.5458140636637848,0.34917294158408146
17605,1,0.5330665105125971,0.8637274549098196,0.0,0.0,0.8597194388777555,0.9198396793587175,-0.34007504840485414,0.2466440629722629
17605,2,0.4602263975689145,0.9258517034068137,0.0,0.0,0.9779559118236473,0.9719438877755511,-0.17205327588558575,0.33070730187172565
17605,3,0.6465746401775945,0.9839679358717435,0.0,0.0,0.7995991983967936,0.9498997995991983,0.4226840808292831,0.3325725861554049
17605,4,0.6112254513468814,0.9258517034068137,0.0,0.0,0.6012024048096193,0.9418837675350702,-0.07435125178118307,0.2039339784806216
17605,5,0.6242155134722311,1.0,1.0,1.0,0.8176352705410822,0.9759519038076152,0.33247722372093585,0.3125112917610145
17605,6,0.6295129377628064,0.9238476953907816,0.0,0.0,0.8056112224448898,0.9979959919839679,0.42915240616594247,0.3842511203990751
17605,7,0.5967109960980866,0.8957915831663327,0.0,0.0,0.8156312625250501,0.9478957915831663,0.29582396731445554,0.2637082197585953
17651,0,0.5675064435509226,0.8416833667334669,0.0,0.0,0.9759519038076152,0.9619238476953907,-0.0942165597862674,0.2314550238138204
17651,1,0.5702364698069649,0.6012024048096193,0.0,0.0,0.9238476953907816,0.9919839679358717,0.23861663480344192,0.3220023545968568
17651,2,0.5108994602434762,0.7775551102204409,0.0,0.0,0.6332665330661322,0.9899799599198397,-0.03782918200492357,0.24629504545531736
17651,3,0.5347668629958183,0.7775551102204409,0.0,0.0,0.8897795591182365,0.9238476953907816,0.2433596346714485,0.2417808848633346
17651,4,0.5869067710078792,0.8797595190380761,0.0,0.0,0.9018036072144289,0.9899799599198397,0.36481024217184366,0.38904390104006015
17651,5,0.6348971029745711,0.9579158316633266,0.0,0.0,0.9519038076152304,0.9979959919839679,0.03456033512709926,0.27388782196696376
17651,6,0.6448849507933591,0.9719438877755511,0.0,0.0,0.9959919839679359,0.9959919839679359,-0.05691250378737993,0.21546130845405329
17651,7,0.5443245377555596,0.6933867735470942,0.0,0.0,0.9519038076152304,0.9418837675350702,0.07376173082938238,0.29929340019389755
17795,0,0.5442863648381184,0.5811623246492986,0.0,0.0,0.8917835671342685,0.7374749498997996,0.6126297970287737,0.4915205105525846
17795,1,0.5088739547813825,0.6753507014028056,0.0,0.0,0.9398797595190381,0.8476953907815631,0.4754029665770868,0.443403239266754
17795,2,0.5260226039952892,0.6472945891783567,0.0,0.0,0.9238476953907816,0.9198396793587175,0.5642468079944654,0.47911797506145404
17795,3,0.655936329826343,0.9799599198396793,0.0,0.0,0.9859719438877755,0.9839679358717435,0.6809696601170128,0.4043702608686764
17795,4,0.5841895243610402,0.9799599198396793,0.0,0.0,0.9859719438877755,0.9919839679358717,0.1793198974546117,0.4297274151663053
17795,5,0.4801371957283579,0.37675350701402804,0.0,0.0,0.935871743486974,0.9539078156312625,0.08577273060460397,0.46066191222785663
17795,6,0.5428351732746098,0.9478957915831663,0.0,0.0,0.9759519038076152,0.9879759519038076,0.7377885707861458,0.49504499538431623
17795,7,0.5169846399010031,0.3787575150300601,0.0,0.0,0.9398797595190381,0.9458917835671342,-0.4338458664448708,0.43292036418819874
17843,0,0.5839682124710237,0.9438877755511023,0.0,0.0,0.9679358717434869,0.9579158316633266,-0.03522375895804319,0.5347026340774814
17843,1,0.5794967656209227,0.8637274549098196,0.0,0.0,0.8977955911823647,0.9719438877755511,-0.0677918330696824,0.4760082768822346
17843,2,0.6558365805857449,0.9919839679358717,0.0,1.0,0.9959919839679359,0.9799599198396793,0.3927051580581573,0.4544077837634884
17843,3,0.6511815979118102,0.9899799599198397,0.0,0.0,0.9959919839679359,0.9959919839679359,0.24663114948543438,0.5537066054863214
17843,4,0.5537067606198236,0.9478957915831663,0.0,0.0,0.9659318637274549,0.9899799599198397,-0.09654646075829974,0.49620756782559905
17843,5,0.5628830530511537,0.8476953907815631,0.0,0.0,0.9378757515030061,0.9038076152304609,0.2591498198446614,0.5825654020157605
17843,6,0.6943840031888044,0.9959919839679359,0.0,1.0,0.8957915831663327,0.9859719438877755,-0.05739419435060942,0.3741302736198184
17843,7,0.6106804986039949,0.9218436873747495,0.0,0.0,0.8577154308617234,0.9579158316633266,0.016259969835023175,0.5174025471711609
17865,0,0.69011515194364,0.9899799599198397,0.0,0.0,0.9979959919839679,0.7735470941883767,0.690032404290005,0.6440162947418938
17865,1,0.712365764548831,0.9919839679358717,0.0,1.0,0.9979959919839679,0.9478957915831663,0.810394240260794,0.6392837296348208
17865,2,0.732925991068963,1.0,1.0,1.0,1.0,0.9979959919839679,0.8650492958713274,0.6633676605289666
17865,3,0.6909625730692344,0.9859719438877755,0.0,0.0,0.9979959919839679,0.531062124248497,0.7814904093458547,0.6553737387140398
17865,4,0.6446832212243268,0.9378757515030061,0.0,0.0,0.9959919839679359,0.6933867735470942,0.6922896866378971,0.6349149882345781
17865,5,0.6121177822085803,0.9038076152304609,0.0,0.0,0.9979959919839679,0.7034068136272545,0.6920061574673562,0.6696301588911634
17865,6,0.70833875370371,0.9799599198396793,0.0,0.0,0.9979959919839679,0.6352705410821643,0.8401400007480356,0.6537656434354014
17865,7,0.8011246762039252,1.0,1.0,1.0,1.0,0.9979959919839679,0.6374897058855039,0.624335424447805
17946,0,0.6863124571238991,0.9779559118236473,0.0,0.0,0.33867735470941884,0.46292585170340683,0.14479160185109094,0.14622285423822734
17946,1,0.5905814352069454,0.9659318637274549,0.0,0.0,0.6913827655310621,0.5871743486973948,0.04086492282465534,0.1816042085116278
17946,2,0.6233884405758139,0.9539078156312625,0.0,0.0,0.8136272545090181,0.5531062124248497,0.018105866398066377,0.1976245650167267
17946,3,0.5433820844688295,0.8617234468937875,0.0,0.0,0.9599198396793587,0.5130260521042084,0.17813154313778576,0.2228498625701766
17946,4,0.5651992137036166,0.9458917835671342,0.0,0.0,0.9619238476953907,0.685370741482966,0.13348316814864267,0.2343936844423348
17946,5,0.6046897249272087,0.9338677354709419,0.0,0.0,0.7314629258517034,0.6132264529058116,0.0033478947219396883,0.07017190598826485
17946,6,0.5464472154531014,0.8657314629258517,0.0,0.0,0.6172344689378757,0.5130260521042084,-0.07242722747838075,0.1270809250243586
17946,7,0.586150179977583,0.9478957915831663,0.0,0.0,0.5170340681362725,0.6593186372745491,0.052982247397060415,0.1452696823080435
17987,0,0.5765852145907386,0.9599198396793587,0.0,0.0,0.9198396793587175,0.9639278557114228,-0.196029338019473,0.20318945963259194
17987,1,0.5982028100873844,0.9398797595190381,0.0,0.0,0.9779559118236473,0.9559118236472945,0.18304522022979355,0.24204936373344074
17987,2,0.6418700894412209,0.9579158316633266,0.0,0.0,0.9959919839679359,0.9839679358717435,-0.09247704542658447,0.18622753551622967
17987,3,0.6448172784918328,0.9839679358717435,0.0,0.0,0.9158316633266533,0.9378757515030061,-0.05111421467192965,0.20054159477551875
17987,4,0.5398608286263953,0.8997995991983968,0.0,0.0,0.8817635270541082,0.9338677354709419,-0.09047673244912752,0.18577276943008486
17987,5,0.5696196119200874,0.8937875751503006,0.0,0.0,0.8577154308617234,0.9719438877755511,-0.15216878800129707,0.16900721437954458
17987,6,0.6243812830684001,0.9599198396793587,0.0,0.0,0.9899799599198397,0.9719438877755511,0.00035521994780545,0.23871981039751916
17987,7,0.5792738654389505,0.905811623246493,0.0,0.0,0.8597194388777555,0.905811623246493,0.057338489085250355,0.21652372111193377
18115,0,0.4981979263837072,0.7755511022044088,0.0,0.0,0.9959919839679359,0.9559118236472945,0.029512905329273673,0.47519568856155386
18115,1,0.5188318751082577,0.8977955911823647,0.0,0.0,0.8597194388777555,0.9398797595190381,0.03714645940590276,0.427453805659029
18115,2,0.5306903569942664,0.7635270541082164,0.0,0.0,0.8697394789579158,0.9959919839679359,0.09610629398259114,0.3403501431778365
18115,3,0.4591235034626876,0.9138276553106213,0.0,0.0,0.9919839679358717,0.9979959919839679,0.21077945449792213,0.4030643990056651
18115,4,0.5341795766610078,0.9218436873747495,0.0,0.0,0.9438877755511023,0.8837675350701403,0.06551346336856635,0.47564973822687234
18115,5,0.5261245884667977,0.7915831663326653,0.0,0.0,0.9859719438877755,0.9959919839679359,-0.3129912803263288,0.34780893743187724
18115,6,0.5111783338743979,0.9899799599198397,0.0,0.0,1.0,1.0,0.17765627587596472,0.36458924786614827
18115,7,0.4908540914077286,0.6653306613226453,0.0,0.0,0.9979959919839679,1.0,0.18600027848942385,0.35440527368069263
18159,0,0.5728854435082296,0.9639278557114228,0.0,0.0,1.0,0.9458917835671342,0.2162972635280245,0.24168010768258136
18159,1,0.6285212347921598,0.8577154308617234,0.0,0.0,0.9939879759519038,0.7555110220440882,-0.051943969673166314,0.18629342657509088
18159,2,0.5893356238651577,0.8637274549098196,0.0,0.0,0.9559118236472945,0.8176352705410822,-0.031418508489311624,0.21368806295952897
18159,3,0.660284355590139,0.9619238476953907,0.0,0.0,0.9939879759519038,0.7535070140280561,0.04326864824761342,0.22822100429741599
18159,4,0.6699551522320419,0.9739478957915831,0.0,0.0,0.9899799599198397,0.9018036072144289,-0.10033523202583745,0.18101770657221375
18159,5,0.608104515808422,0.9318637274549099,0.0,0.0,0.9979959919839679,0.9018036072144289,0.23397468042210637,0.24755177993870134
18159,6,0.641051127579955,0.9418837675350702,0.0,0.0,1.0,0.9859719438877755,0.1803823958763465,0.248282424770797
18159,7,0.6420976689215747,0.9739478957915831,0.0,0.0,0.9519038076152304,0.9899799599198397,-0.1641333585235793,0.22463245778254526
18170,0,0.6324879749177854,0.9919839679358717,0.0,1.0,0.9759519038076152,0.9859719438877755,-0.13617802965331985,0.2430329281515023
18170,1,0.5261640451458186,0.9919839679358717,0.0,1.0,0.9959919839679359,0.9979959919839679,0.04410708030925389,0.264133841414141
18170,2,0.5683647824213406,0.9959919839679359,0.0,1.0,0.9719438877755511,0.8977955911823647,-0.0009474199173663531,0.2332545796148028
18170,3,0.6300851145934463,0.9939879759519038,0.0,1.0,0.9799599198396793,1.0,-0.08137324152015309,0.23077065051343137
18170,4,0.6328907250325251,0.9939879759519038,0.0,1.0,0.9899799599198397,0.9679358717434869,-0.027495070570867253,0.24633578108813417
18170,5,0.589020083595194,0.9939879759519038,0.0,1.0,0.9739478957915831,0.9959919839679359,-0.1515642643289431,0.21837566422218097
18170,6,0.6131635021241522,0.9959919839679359,0.0,1.0,0.9719438877755511,0.9919839679358717,-0.1796514654145034,0.22862897089603
18170,7,0.6319435405379155,0.9759519038076152,0.0,0.0,0.9719438877755511,0.9819639278557114,-0.21486377182437805,0.24044428026425194
18556,0,0.6557143987927686,0.8597194388777555,0.0,0.0,0.8356713426853707,0.9519038076152304,-0.22566442909495105,0.25824364538341765
18556,1,0.6628404952414533,0.9018036072144289,0.0,0.0,0.9478957915831663,0.7695390781563126,-0.19395112993779762,0.26253036628212617
18556,2,0.5481717857812303,0.5771543086172345,0.0,0.0,0.8176352705410822,0.35671342685370744,-0.15422809685721844,0.20948870187572227
18556,3,0.5110737166876377,0.4228456913827655,0.0,0.0,0.7595190380761523,0.42084168336673344,0.025638505892717676,0.2743190917695023
18556,4,0.6767603835521017,0.8897795591182365,0.0,0.0,0.8396793587174348,0.8797595190380761,0.17087292989195244,0.2847372146798584
18556,5,0.6352299189153153,0.9038076152304609,0.0,0.0,0.8697394789579158,0.9799599198396793,0.2529711880985541,0.32616760237592995
18556,6,0.7074620637195538,0.9438877755511023,0.0,0.0,0.9158316633266533,0.9659318637274549,-0.022130897918158934,0.3139755491502364
18556,7,0.5618035642174877,0.5791583166332666,0.0,0.0,0.40480961923847697,0.4308617234468938,-0.07551330350903367,0.24099691179139854
18888,0,0.634132211137723,1.0,1.0,1.0,0.9939879759519038,1.0,-0.15409929840772896,0.25394100999340774
18888,1,0.7421102498999356,1.0,1.0,1.0,0.9979959919839679,0.9979959919839679,-0.010181423290172378,0.339880934146086
18888,2,0.5451299866841028,0.9799599198396793,0.0,0.0,0.9939879759519038,0.24248496993987975,0.05398552288825666,0.28333682073175914
18888,3,0.626841597434376,0.9959919839679359,0.0,1.0,1.0,0.9959919839679359,0.3050454625874377,0.29882401709217454
18888,4,0.641853364576557,1.0,1.0,1.0,0.9939879759519038,0.7314629258517034,0.13750844553787592,0.28697793302071745
18888,5,0.5939152315473912,1.0,1.0,1.0,0.9959919839679359,0.9959919839679359,0.010678391943825433,0.32333401356268254
18888,6,0.6110636290802862,0.9919839679358717,0.0,1.0,0.9919839679358717,0.9979959919839679,-0.08748270914883984,0.3071001992599298
18888,7,0.7223550730958592,1.0,1.0,1.0,0.9879759519038076,0.9959919839679359,-0.06161159864233968,0.2875198179063117
18960,0,0.6685327275896825,0.9979959919839679,0.0,1.0,0.9438877755511023,0.7715430861723447,0.02877167371955073,0.25807206847133046
18960,1,0.7683987102762657,1.0,1.0,1.0,0.8517034068136272,0.9679358717434869,-0.0249335837779597,0.27191405730715296
18960,2,0.5587412129300655,0.8777555110220441,0.0,0.0,0.9478957915831663,0.9679358717434869,-0.04120165718490477,0.25376524848692406
18960,3,0.5826654002468161,0.87374749498998,0.0,0.0,0.8496993987975952,0.9539078156312625,0.1370072244572945,0.2312181629672458
18960,4,0.5473982436999877,0.9038076152304609,0.0,0.0,0.9899799599198397,0.9719438877755511,-0.04010556052744382,0.27137581515280074
18960,5,0.6550144349376679,0.9939879759519038,0.0,1.0,0.9539078156312625,0.9879759519038076,-0.03202932546945915,0.2943570823907629
18960,6,0.61816316326851,0.9539078156312625,0.0,0.0,0.7995991983967936,0.9899799599198397,0.058305437246604856,0.20140090266233118
18960,7,0.6337269186388861,0.87374749498998,0.0,0.0,0.9899799599198397,0.9939879759519038,0.08650211360655902,0.2839821704680706
19331,0,0.6821644089658702,0.9278557114228457,0.0,0.0,0.9639278557114228,0.8817635270541082,0.2113441707708792,0.2990825005874101
19331,1,0.6451716281425615,0.9018036072144289,0.0,0.0,0.9018036072144289,0.6533066132264529,0.13773411432024132,0.30264265953809544
19331,2,0.6585261405314287,0.8997995991983968,0.0,0.0,0.8817635270541082,0.8817635270541082,0.04206923138114887,0.26793156165545345
19331,3,0.6680207510465924,0.9218436873747495,0.0,0.0,0.9759519038076152,0.9879759519038076,0.0796156857091417,0.29488531876455815
19331,4,0.6688259615412737,0.9018036072144289,0.0,0.0,0.9198396793587175,0.3306613226452906,0.28689293232880253,0.3152388465073118
19331,5,0.6426125833298902,0.8857715430861723,0.0,0.0,0.8517034068136272,0.6653306613226453,0.1339835584190089,0.294379322050293
19331,6,0.7162338648245984,0.9378757515030061,0.0,0.0,0.8997995991983968,0.8617234468937875,0.1714066401472192,0.27619536566606917
19331,7,0.6421479558071906,0.8917835671342685,0.0,0.0,0.8316633266533067,0.531062124248497,-0.19642022775869455,0.22948750351805963
19471,0,0.5575894610464331,0.4148296593186373,0.0,0.0,0.3847695390781563,0.08817635270541083,-0.02560636015055653,0.13585898055513743
19471,1,0.573889954976224,0.5230460921843687,0.0,0.0,0.08216432865731463,0.12424849699398798,0.10835853155096958,0.18971723726393286
19471,2,0.52438846434846,0.37675350701402804,0.0,0.0,0.7154308617234469,0.11623246492985972,0.15843243765931694,0.14843694373302657
19471,3,0.5074729460240786,0.35470941883767537,0.0,0.0,0.012024048096192385,0.08617234468937876,-0.0217191883724034,0.17470272424815234
19471,4,0.6050126789094119,0.9178356713426854,0.0,0.0,1.0,0.25250501002004005,0.21514986477662731,0.20018851124573325
19471,5,0.52733726323108,0.7154308617234469,0.0,0.0,0.7094188376753507,0.22244488977955912,-0.105930284356598,0.14650887412287697
19471,6,0.5792727730429378,0.6693386773547094,0.0,0.0,0.7615230460921844,0.23046092184368738,0.13133233817318254,0.16306151229334623
19471,7,0.5269402276586328,0.6492985971943888,0.0,0.0,0.9438877755511023,0.1903807615230461,0.1574020436334978,0.2248594495821152
19593,0,0.4122683332156608,0.4649298597194389,0.0,0.0,0.9398797595190381,0.9919839679358717,0.31117994744971045,0.11632890982006837
19593,1,0.407205226733763,0.23446893787575152,0.0,0.0,0.969939879759519,0.9979959919839679,0.21756449434591518,0.10689176959415049
19593,2,0.4469136699334666,0.3466933867735471,0.0,0.0,0.9579158316633266,0.9639278557114228,0.04016593577479186,0.11473805917690409
19593,3,0.47322656890347964,0.3667334669338677,0.0,0.0,0.8957915831663327,0.9939879759519038,-0.10201502480492908,0.11802041905676991
19593,4,0.4337366278839959,0.1342685370741483,0.0,0.0,0.7535070140280561,0.9679358717434869,0.11820055167315591,0.11572017224244067
19593,5,0.43037314101864454,0.10821643286573146,0.0,0.0,0.7074148296593187,0.8837675350701403,0.053324376348789275,0.13276535772170212
19593,6,0.502117439356528,0.39879759519038077,0.0,0.0,0.9939879759519038,1.0,0.13224088488264676,0.1208449605730618
19593,7,0.4145538907192821,0.1523046092184369,0.0,0.0,0.9679358717434869,1.0,0.009835323113447803,0.08083998497243293
19605,0,0.496297141946274,0.7915831663326653,0.0,0.0,1.0,0.531062124248497,-0.03326968729390298,0.11712402791389502
19605,1,0.37011076615266925,0.09218436873747494,0.0,0.0,0.9338677354709419,0.280561122244489,-0.0907038804965832,0.14166704008593042
19605,2,0.5196756783400649,0.7675350701402806,0.0,0.0,0.9939879759519038,0.9659318637274549,0.12458241185347252,0.1388127127129043
19605,3,0.39802240801078503,0.14428857715430862,0.0,0.0,0.9919839679358717,0.4408817635270541,0.03259543133580315,0.08927626425005405
19605,4,0.3620251061866002,0.21442885771543085,0.0,0.0,0.9078156312625251,0.6693386773547094,-0.08798451280994615,0.13093410173763476
19605,5,0.5405485179821521,0.9338677354709419,0.0,0.0,0.9959919839679359,0.6533066132264529,-0.04845810618695887,0.10796454030589431
19605,6,0.3792715717081985,0.17234468937875752,0.0,0.0,0.9919839679358717,0.39879759519038077,-0.005820707689645693,0.15194652823363147
19605,7,0.3854678033166362,0.05811623246492986,0.0,0.0,0.9719438877755511,0.41082164328657317,0.056845136929930803,0.15515002084720708
20013,0,0.6327029493954435,0.9919839679358717,0.0,1.0,0.7094188376753507,0.9779559118236473,0.23426609426435627,0.20098458074786604
20013,1,0.6278128260110949,0.9539078156312625,0.0,0.0,0.8937875751503006,0.9959919839679359,0.31650771608145717,0.23238447697980444
20013,2,0.5886730471326118,0.8496993987975952,0.0,0.0,0.9759519038076152,1.0,0.27438302844221685,0.19967539045127786
20013,3,0.6466179635464436,0.9939879759519038,0.0,1.0,0.9959919839679359,0.9959919839679359,0.2868119076304981,0.20084195599953614
20013,4,0.5349427958049415,0.9959919839679359,0.0,1.0,0.9979959919839679,0.9879759519038076,0.22300743986164884,0.19194620147504743
20013,5,0.5371307715567429,0.9779559118236473,0.0,0.0,0.8236472945891784,0.9979959919839679,0.19694192885995765,0.1922130766357542
20013,6,0.5997771002356738,0.9679358717434869,0.0,0.0,0.7094188376753507,0.9819639278557114,0.05166144120940483,0.167895756140536
20013,7,0.5509619254072915,0.9539078156312625,0.0,0.0,0.9098196392785571,1.0,0.20771330465721935,0.1964182320829402
20072,0,0.6252054610074109,0.9338677354709419,0.0,0.0,0.9418837675350702,0.9879759519038076,-0.1849005994201017,0.3209295491456152
20072,1,0.6564526721336894,0.9719438877755511,0.0,0.0,0.9819639278557114,0.9899799599198397,-0.06440126435465242,0.3495815949368779
20072,2,0.6274176134893472,0.9739478957915831,0.0,0.0,0.9779559118236473,1.0,-0.26316738719103705,0.35399165763999507
20072,3,0.6116997722043269,0.9539078156312625,0.0,0.0,0.9719438877755511,0.9939879759519038,-0.16649120379500504,0.3183215823807396
20072,4,0.5679451525508283,0.9639278557114228,0.0,0.0,0.969939879759519,0.9899799599198397,-0.15356258369763795,0.2946466477774649
20072,5,0.5809155363628087,0.9158316633266533,0.0,0.0,0.9579158316633266,0.9799599198396793,-0.24388121323397513,0.30432869019808334
20072,6,0.6037209755592288,0.8917835671342685,0.0,0.0,0.9659318637274549,0.9799599198396793,-0.24055632444475133,0.3336054928059797
20072,7,0.6060127377354476,0.9659318637274549,0.0,0.0,0.9438877755511023,0.9919839679358717,-0.16014893160340174,0.30194490050260364
20317,0,0.6593112823458087,0.9398797595190381,0.0,0.0,0.7675350701402806,0.5771543086172345,-0.05447043129047917,0.14329262040740623
20317,1,0.5807583153702904,0.9218436873747495,0.0,0.0,0.935871743486974,0.501002004008016,0.17972410797735602,0.17679991288186211
20317,2,0.6623994888041769,0.9599198396793587,0.0,0.0,0.9959919839679359,0.5450901803607214,0.18729643245159397,0.22909468273059325
20317,3,0.6765067669646077,0.9799599198396793,0.0,0.0,0.9579158316633266,0.7655310621242485,0.12498636524473557,0.1437922041686349
20317,4,0.7412219917430436,0.9879759519038076,0.0,0.0,0.9519038076152304,0.687374749498998,0.2054428152548813,0.17340160125998294
20317,5,0.5368317585004722,0.8236472945891784,0.0,0.0,0.9819639278557114,0.2865731462925852,0.19490407969823448,0.19637386463799403
20317,6,0.5682105162929837,0.9098196392785571,0.0,0.0,0.9258517034068137,0.5070140280561122,0.10586369546540825,0.1765913850011206
20317,7,0.5732912989962035,0.9218436873747495,0.0,0.0,0.7194388777555111,0.18637274549098196,0.14736904855837443,0.17800098265628644
20380,0,0.2586124218858928,0.3046092184368738,0.0,0.0,0.5711422845691383,0.6132264529058116,-0.00810125206733797,0.18123617789333557
20380,1,0.43323931801568016,0.49298597194388777,0.0,0.0,0.9679358717434869,0.36072144288577157,0.04779061237424107,0.1748235115828217
20380,2,0.3929829653794782,0.3366733466933868,0.0,0.0,0.9919839679358717,0.342685370741483,0.12172674979024643,0.21703656156404869
20380,3,0.4586020210717518,0.5150300601202404,0.0,0.0,0.9879759519038076,0.6392785571142284,-0.1205522764114247,0.1369903700863491
20380,4,0.45695754206421446,0.533066132264529,0.0,0.0,1.0,0.9539078156312625,0.153183434717104,0.22696976908588448
20380,5,0.375257693958592,0.36072144288577157,0.0,0.0,0.9879759519038076,0.5551102204408818,0.047563974162919735,0.16260823351055306
20380,6,0.35935531305713525,0.9859719438877755,0.0,0.0,0.9899799599198397,0.6833667334669339,0.052428983511534126,0.1969022505607649
20380,7,0.5210821400705377,0.34468937875751504,0.0,0.0,0.7715430861723447,0.627254509018036,0.22019305500322683,0.2206738426390324
20520,0,0.6580747875545742,0.9759519038076152,0.0,0.0,0.9879759519038076,0.9839679358717435,0.058270346274954435,0.24376120568427878
20520,1,0.768323983463145,0.9919839679358717,0.0,1.0,0.9979959919839679,0.9959919839679359,0.11937336415276742,0.14861667731080772
20520,2,0.7486005307722734,0.9859719438877755,0.0,0.0,0.9639278557114228,0.9839679358717435,0.05617473801121867,0.21239901668986036
20520,3,0.6681531813276078,0.9799599198396793,0.0,0.0,0.9879759519038076,0.9759519038076152,0.12767234951339376,0.22363578595108558
20520,4,0.751730409693109,0.9879759519038076,0.0,0.0,0.9959919839679359,0.9839679358717435,-0.10527833574942047,0.19347769091097167
20520,5,0.7755079593330596,0.9899799599198397,0.0,0.0,0.9959919839679359,0.9939879759519038,0.08839181098531786,0.1998719445513867
20520,6,0.8077206293080335,0.9979959919839679,0.0,1.0,0.9839679358717435,0.9899799599198397,0.12082502547564838,0.23042305687845627
20520,7,0.7617500016070199,0.9839679358717435,0.0,0.0,0.9979959919839679,0.9739478957915831,0.25738522648319573,0.259784188457544
20545,0,0.7819549294610112,0.9979959919839679,0.0,1.0,1.0,0.9959919839679359,0.4210550876708122,0.42369379579579985
20545,1,0.7663771338600028,0.9959919839679359,0.0,1.0,0.8997995991983968,0.9799599198396793,0.2044451448756366,0.41079060629897096
20545,2,0.7633909711667991,0.9979959919839679,0.0,1.0,0.9859719438877755,0.9839679358717435,0.04219518161610478,0.38774488575717175
20545,3,0.7252460379089971,0.9959919839679359,0.0,1.0,0.9899799599198397,0.9779559118236473,0.11888951552532671,0.431717578089534
20545,4,0.7679082528046786,0.9959919839679359,0.0,1.0,0.751503006012024,0.9859719438877755,0.04036321691972206,0.434060002996925
20545,5,0.6901320389441877,0.9959919839679359,0.0,1.0,0.9979959919839679,0.969939879759519,0.1106515788906571,0.36558340043703175
20545,6,0.6995149412595452,0.9939879759519038,0.0,1.0,0.9398797595190381,0.9879759519038076,0.22814991230311965,0.39265944243609446
20545,7,0.697651252795439,0.9959919839679359,0.0,1.0,1.0,0.9799599198396793,0.19983316127048545,0.426035795097938
20863,0,0.6656533560822604,0.9659318637274549,0.0,0.0,1.0,0.9799599198396793,0.2566817474301191,0.21794569682840575
20863,1,0.6387881280797227,0.9879759519038076,0.0,0.0,0.9719438877755511,0.9118236472945892,0.2967899859478267,0.22431005728724204
20863,2,0.6668157617658361,0.9939879759519038,0.0,1.0,1.0,0.9879759519038076,0.3251587080023682,0.266224002775907
20863,3,0.6134150613728386,0.9579158316633266,0.0,0.0,0.9979959919839679,0.9018036072144289,-0.06102849862981912,0.13396405289819194
20863,4,0.6373669048571639,0.9939879759519038,0.0,1.0,0.9959919839679359,0.9899799599198397,0.29360440869631066,0.24404800066652474
20863,5,0.6454096864362694,0.9859719438877755,0.0,0.0,0.9959919839679359,0.9919839679358717,0.13078695884954952,0.21353306947964665
20863,6,0.656089418758379,0.9899799599198397,0.0,0.0,0.9979959919839679,0.9859719438877755,0.15460886462752488,0.1959863432020133
20863,7,0.6657177439379592,0.9779559118236473,0.0,0.0,1.0,0.9739478957915831,-0.0566442172086141,0.14897789480037027
20882,0,0.8311739816282279,1.0,1.0,1.0,0.905811623246493,0.9819639278557114,0.03773638228593315,0.5094571010352574
20882,1,0.8310854606763025,0.9959919839679359,0.0,1.0,0.9619238476953907,0.969939879759519,0.003037916558150415,0.46540483734052585
20882,2,0.8108974406834244,0.9899799599198397,0.0,0.0,0.9679358717434869,0.9719438877755511,-0.18567416776346213,0.4519850853426209
20882,3,0.7075875041058908,0.9318637274549099,0.0,0.0,0.9258517034068137,0.9859719438877755,0.10990428520833713,0.4531980571648415
20882,4,0.7892122655988394,0.9939879759519038,0.0,1.0,0.8917835671342685,0.9719438877755511,0.05772356962836585,0.36093099565643955
20882,5,0.778753723099771,0.9659318637274549,0.0,0.0,0.8937875751503006,0.9819639278557114,-0.1441616762685356,0.3972537481043021
20882,6,0.819551376809138,0.9959919839679359,0.0,1.0,0.9839679358717435,0.969939879759519,-0.15598525606302086,0.48143091391958837
20882,7,0.7815294515859099,0.9879759519038076,0.0,0.0,0.9819639278557114,0.969939879759519,-0.05522761057488468,0.4184150256610015
20904,0,0.6651287080185866,0.9118236472945892,0.0,0.0,0.9639278557114228,0.07615230460921844,-0.027410076241742923,0.12060031174059194
20904,1,0.7807135875850142,0.9959919839679359,0.0,1.0,0.7975951903807615,0.5190380761523046,0.0388597017625066,0.10186781834627245
20904,2,0.8041191402823709,0.969939879759519,0.0,0.0,0.9498997995991983,0.23847695390781562,0.011941031342634103,0.08997538756977043
20904,3,0.7954757594108118,0.969939879759519,0.0,0.0,0.280561122244489,0.08016032064128256,0.08975142461078585,0.12881544053181446
20904,4,0.6078123002967704,0.8356713426853707,0.0,0.0,0.7655310621242485,0.04008016032064128,0.04884777226233923,0.1232471416295781
20904,5,0.8122829586744154,0.969939879759519,0.0,0.0,0.5591182364729459,0.31462925851703405,0.04260103169601134,0.09623444999355553
20904,6,0.7167976291268721,0.9859719438877755,0.0,0.0,0.2545090180360721,0.03807615230460922,-0.11230203285410731,0.09983615166917859
20904,7,0.8894894626852313,0.9979959919839679,0.0,1.0,1.0,1.0,-0.03316530280949162,0.08627579729024387
21295,0,0.7269258171097119,0.9599198396793587,0.0,0.0,1.0,0.9739478957915831,0.292145331238405,0.5088053947370215
21295,1,0.7334606786050661,0.9519038076152304,0.0,0.0,1.0,0.9799599198396793,0.12173994217554684,0.5259847078803701
21295,2,0.793785907502836,0.9779559118236473,0.0,0.0,1.0,0.9639278557114228,0.3564062686112181,0.5316103357961585
21295,3,0.8198694847789938,0.9899799599198397,0.0,0.0,0.9839679358717435,0.9579158316633266,0.302288381849363,0.5068123129847228
21295,4,0.7831409868708868,0.9659318637274549,0.0,0.0,0.9979959919839679,0.9759519038076152,0.09604926695107323,0.5096518466816397
21295,5,0.6945206184973453,0.9579158316633266,0.0,0.0,0.9959919839679359,0.9659318637274549,0.18051535896898707,0.5081096401794328
21295,6,0.700258177807811,0.9639278557114228,0.0,0.0,0.9939879759519038,0.9819639278557114,0.025429972018100596,0.5611333531211447
21295,7,0.7467431949536056,0.9639278557114228,0.0,0.0,0.9979959919839679,0.9779559118236473,-0.12631646854816514,0.49842768808784793
21414,0,0.8617202053999561,1.0,1.0,1.0,0.9959919839679359,1.0,-0.13996420942789123,0.19798615762712654
21414,1,0.7898087254772108,0.9979959919839679,0.0,1.0,0.9959919839679359,0.9979959919839679,-0.1490053544646119,0.21355481084714212
21414,2,0.8374226701500658,1.0,1.0,1.0,1.0,1.0,0.005983572024742926,0.31736619772124447
21414,3,0.768333354234383,1.0,1.0,1.0,0.9879759519038076,1.0,0.009370373100453949,0.17491159395488393
21414,4,0.8133596105046945,0.9939879759519038,0.0,1.0,0.9939879759519038,1.0,0.14830877966279069,0.20174510001670637
21414,5,0.8001408966212841,0.9919839679358717,0.0,1.0,0.9979959919839679,1.0,-0.0926934114505521,0.21911046410049795
21414,6,0.7811821695656342,1.0,1.0,1.0,1.0,1.0,0.2589907323004536,0.21211900896586752
21414,7,0.7798933450793464,1.0,1.0,1.0,0.9779559118236473,1.0,-0.27124112261385996,0.19741581000593086
21436,0,0.6540466610255207,0.8937875751503006,0.0,0.0,0.9138276553106213,0.9519038076152304,0.40820027416983284,0.276605893353847
21436,1,0.6654183828216305,0.8877755511022044,0.0,0.0,0.8817635270541082,0.9779559118236473,0.3995792998579374,0.2456092927908702
21436,2,0.6970276356576767,0.9719438877755511,0.0,0.0,0.9218436873747495,0.9579158316633266,0.11963196575900298,0.24360837031435228
21436,3,0.4919474274142749,0.9338677354709419,0.0,0.0,0.8537074148296593,0.8597194388777555,0.2813126992888096,0.21049408472969516
21436,4,0.6446803540889114,1.0,1.0,1.0,0.9218436873747495,0.87374749498998,0.18486770584615064,0.17259596220008736
21436,5,0.5723396524050368,0.8076152304609219,0.0,0.0,0.8557114228456913,0.6593186372745491,0.3684878418620229,0.20795688537911822
21436,6,0.6809170287114603,0.9378757515030061,0.0,0.0,0.969939879759519,0.875751503006012,0.2524680730901651,0.24279463822464076
21436,7,0.6168421087857718,0.9178356713426854,0.0,0.0,0.9839679358717435,0.8537074148296593,0.08831042226600565,0.1730515371269616
21558,0,0.6689378469139398,0.9979959919839679,0.0,1.0,0.8296593186372746,0.9959919839679359,0.15751400546585975,0.4334556127739381
21558,1,0.6644786833408025,0.9939879759519038,0.0,1.0,0.9939879759519038,0.8877755511022044,-0.026339945021228092,0.3983328300798584
21558,2,0.6847483476343015,0.9899799599198397,0.0,0.0,0.8857715430861723,0.9879759519038076,0.23180993799815947,0.3659387848499811
21558,3,0.6863591988686326,0.9959919839679359,0.0,1.0,0.9559118236472945,0.9238476953907816,0.16547755653124793,0.43740773319355547
21558,4,0.6717319162759623,0.9819639278557114,0.0,0.0,0.9238476953907816,0.9839679358717435,0.12293528200506798,0.4132083353797102
21558,5,0.6412344031701357,0.9739478957915831,0.0,0.0,1.0,0.9498997995991983,0.35009075969485537,0.40145510480911906
21558,6,0.6962916679204298,0.9959919839679359,0.0,1.0,0.9899799599198397,0.9919839679358717,0.2392455646835705,0.4170458074979713
21558,7,0.6431247064411227,0.9639278557114228,0.0,0.0,0.9799599198396793,0.9919839679358717,0.2326948830579546,0.4382005256015185
21887,0,0.5012784625182743,0.7114228456913828,0.0,0.0,0.8296593186372746,0.42685370741482964,-0.22092764234650034,0.18851129139753325
21887,1,0.49938808997991635,0.6432865731462926,0.0,0.0,0.9759519038076152,0.9539078156312625,0.11965794325669032,0.1580380233694042
21887,2,0.5555335734206843,0.9478957915831663,0.0,0.0,0.9338677354709419,0.9879759519038076,-0.07776597193207017,0.17507137396913747
21887,3,0.7191846648393374,0.9859719438877755,0.0,0.0,0.9739478957915831,0.9959919839679359,0.17872039191268527,0.20620802269056884
21887,4,0.7099776275278018,0.9859719438877755,0.0,0.0,0.9759519038076152,1.0,-0.049078771383229525,0.1408605311574118
21887,5,0.7152762541282023,0.9879759519038076,0.0,0.0,0.9739478957915831,1.0,0.2150693491501527,0.16685523732834157
21887,6,0.7157208951727878,0.9879759519038076,0.0,0.0,0.9979959919839679,1.0,0.2528301726967466,0.1679220882799487
21887,7,0.7242221083867575,1.0,1.0,1.0,0.9398797595190381,0.9979959919839679,0.04666144881209733,0.15779346152829343
22215,0,0.47897280922946744,0.38877755511022044,0.0,0.0,0.6452905811623246,0.7374749498997996,0.035759719742497975,0.2738294228704625
22215,1,0.4998766105413211,0.7414829659318637,0.0,0.0,0.42685370741482964,0.6633266533066132,0.039974418520260374,0.34397124113285993
22215,2,0.5042960916464356,0.5531062124248497,0.0,0.0,0.47695390781563124,0.6913827655310621,0.13060715039496962,0.291763391232099
22215,3,0.5460935863401939,0.6973947895791583,0.0,0.0,0.3667334669338677,0.6713426853707415,-0.17741920575027403,0.30646053478151425
22215,4,0.5465178744558629,0.6633266533066132,0.0,0.0,0.5891783567134269,0.531062124248497,0.11258949773576524,0.3196773882291084
22215,5,0.5350876765457828,0.6372745490981964,0.0,0.0,0.23847695390781562,0.5791583166332666,0.04884475020681304,0.3302811459936683
22215,6,0.5178986616381043,0.6673346693386774,0.0,0.0,0.685370741482966,0.7354709418837675,0.026414187016054625,0.3343772676005566
22215,7,0.563469042444869,0.7134268537074149,0.0,0.0,0.5811623246492986,0.7755511022044088,0.4076219750057395,0.34395532155272285
22299,0,0.5289124968150118,0.8677354709418837,0.0,0.0,1.0,0.06613226452905811,0.28866212498926036,0.6394624727308079
22299,1,0.6067109256202186,0.8316633266533067,0.0,0.0,0.9799599198396793,0.21643286573146292,0.2726235521115961,0.6811849677644484
22299,2,0.6832890363184,0.9899799599198397,0.0,0.0,0.969939879759519,0.9799599198396793,-0.014657672607619418,0.6273417554115028
22299,3,0.7408895104797733,0.9919839679358717,0.0,1.0,0.9899799599198397,0.9939879759519038,0.30146806177427515,0.6381847192184514
22299,4,0.7417669901397761,0.9919839679358717,0.0,1.0,0.9979959919839679,0.9579158316633266,0.3013473342028819,0.5897971418899004
22299,5,0.7025205889882039,0.9919839679358717,0.0,1.0,0.9819639278557114,0.7555110220440882,0.26785656280022896,0.6849258382460689
22299,6,0.6798608059947665,0.9939879759519038,0.0,1.0,0.9959919839679359,0.18837675350701402,-0.2953162854075774,0.6561273574752714
22299,7,0.6192070048823153,0.9839679358717435,0.0,0.0,0.9979959919839679,0.9899799599198397,0.08035572792033319,0.6312324133376033
22303,0,0.6708219315242817,0.9659318637274549,0.0,0.0,0.8777555110220441,0.9759519038076152,0.17661999502823958,0.22355485673940198
22303,1,0.6807626087528269,0.9859719438877755,0.0,0.0,0.8977955911823647,0.9939879759519038,0.1352148648071394,0.23482782602120222
22303,2,0.7157377188731415,1.0,1.0,1.0,0.9278557114228457,0.9939879759519038,0.068245283372288,0.21881180607667786
22303,3,0.6721125723756307,1.0,1.0,1.0,0.9458917835671342,0.9899799599198397,0.05694460844400479,0.21185236706315572
22303,4,0.5720740448987426,0.9318637274549099,0.0,0.0,0.9859719438877755,1.0,0.09628934545221203,0.24774527237535088
22303,5,0.61475391800399,0.9619238476953907,0.0,0.0,0.9498997995991983,0.9979959919839679,0.1345695317925018,0.2626156678935385
22303,6,0.5452156752515325,0.9739478957915831,0.0,0.0,0.8296593186372746,0.9759519038076152,0.23507194760390218,0.23214673167493868
22303,7,0.532226794373609,0.9599198396793587,0.0,0.0,0.9378757515030061,0.9979959919839679,0.027390882290783982,0.23687450139616018
22452,0,0.5776631702009495,0.9839679358717435,0.0,0.0,1.0,0.9539078156312625,0.08870725335043297,0.16713917173370788
22452,1,0.5312225679383982,0.41282565130260523,0.0,0.0,0.4188376753507014,0.6332665330661322,-0.0170097980774609,0.1997070919917142
22452,2,0.3464520376795488,0.3787575150300601,0.0,0.0,0.6472945891783567,0.7214428857715431,-0.19864191841876383,0.1464255059071003
22452,3,0.42270460548230687,0.11623246492985972,0.0,0.0,0.8056112224448898,0.8316633266533067,-0.09471234698382035,0.18187167184636477
22452,4,0.4937137347269379,0.561122244488978,0.0,0.0,1.0,0.9438877755511023,0.3766962669488594,0.20619477702528907
22452,5,0.5694564419672807,0.9619238476953907,0.0,0.0,0.9979959919839679,0.9498997995991983,0.12321717075498431,0.18810567575500325
22452,6,0.477840976851561,0.2965931863727455,0.0,0.0,1.0,0.9218436873747495,0.2909601894160117,0.17201805209221666
22452,7,0.5734859917618895,0.9278557114228457,0.0,0.0,0.9899799599198397,0.9799599198396793,0.12663136696796043,0.16237222279879182
22793,0,0.6472313621009513,0.969939879759519,0.0,0.0,0.9979959919839679,1.0,-0.11013011739510127,0.1847736264175323
22793,1,0.6575888130748269,0.9679358717434869,0.0,0.0,0.9979959919839679,0.9478957915831663,0.24656962313512806,0.25216492900870635
22793,2,0.670367309117778,0.9839679358717435,0.0,0.0,0.9979959919839679,0.7635270541082164,0.25983566575351325,0.23763865895185837
22793,3,0.6470835037077542,0.969939879759519,0.0,0.0,0.9839679358717435,0.6412825651302605,-0.03222439730958812,0.2778278338829872
22793,4,0.7594825732861961,0.9979959919839679,0.0,1.0,1.0,0.9979959919839679,0.20130853709363744,0.28319660800031454
22793,5,0.6829142890499795,0.9559118236472945,0.0,0.0,1.0,0.7114228456913828,0.05874957887598158,0.30272288102488853
22793,6,0.6661615023659968,0.9799599198396793,0.0,0.0,1.0,0.21042084168336672,-0.01676556824563502,0.3090431832297563
22793,7,0.7239723691646116,1.0,1.0,1.0,1.0,0.9939879759519038,0.35642395875234734,0.32073684251209233
22803,0,0.5793910599578205,0.7094188376753507,0.0,0.0,0.3226452905811623,0.5490981963927856,-0.04108448462276845,0.061303932160331136
22803,1,0.5511618360118201,0.8997995991983968,0.0,0.0,0.905811623246493,0.657314629258517,0.0426424207040542,0.06182355277293178
22803,2,0.4757961027771616,0.6613226452905812,0.0,0.0,0.905811623246493,0.35671342685370744,0.1802084963216685,0.06900560096754112
22803,3,0.5710241060570376,0.8537074148296593,0.0,0.0,0.8897795591182365,0.503006012024048,0.23027917705432718,0.06599771454696927
22803,4,0.6237380108787236,0.8877755511022044,0.0,0.0,0.7354709418837675,0.2965931863727455,-0.151327881131829,0.046552730598148274
22803,5,0.5754979829135429,0.751503006012024,0.0,0.0,0.8557114228456913,0.35070140280561124,0.06439765075474095,0.06469746169324504
22803,6,0.6188683225202842,0.8496993987975952,0.0,0.0,0.8957915831663327,0.5511022044088176,0.14424739030284325,0.0706109185238191
22803,7,0.45188064319055565,0.6152304609218436,0.0,0.0,0.19238476953907815,0.43887775551102204,0.0451179997808791,0.05335455224485241
22924,0,0.6807532073607293,0.9939879759519038,0.0,1.0,0.9939879759519038,0.40480961923847697,0.6726903160319218,0.6737125067009907
22924,1,0.5854050282557721,0.9178356713426854,0.0,0.0,0.969939879759519,0.23847695390781562,0.25252319852538363,0.5053894596723629
22924,2,0.6240462879621165,0.9839679358717435,0.0,0.0,0.9939879759519038,0.8697394789579158,0.592480336780516,0.6556212722984492
22924,3,0.7511342425768974,1.0,1.0,1.0,1.0,0.6212424849699398,0.6589780556942533,0.6557523473975708
22924,4,0.705143449422708,1.0,1.0,1.0,0.9939879759519038,1.0,0.4340142260578801,0.6458841138257758
22924,5,0.625585885140224,0.969939879759519,0.0,0.0,0.9438877755511023,0.9138276553106213,0.12897859241516502,0.5485663972921839
22924,6,0.6406304593747303,0.9759519038076152,0.0,0.0,0.9559118236472945,0.40681362725450904,0.26647710918793627,0.5623863506866686
22924,7,0.7483663464890566,0.9919839679358717,0.0,1.0,0.9959919839679359,1.0,0.5605962777952559,0.6296345581648786
23314,0,0.8361598481772363,0.9939879759519038,0.0,1.0,0.5470941883767535,1.0,0.06388022608078188,0.3107648171470841
23314,1,0.8455241222107734,1.0,1.0,1.0,0.9639278557114228,0.9959919839679359,0.27960675290886133,0.33395746443738317
23314,2,0.8366328526922343,0.9939879759519038,0.0,1.0,0.49498997995991983,0.9939879759519038,0.007939847398269027,0.28098245650382364
23314,3,0.8438120034968916,0.9959919839679359,0.0,1.0,0.5450901803607214,0.9879759519038076,-0.2854783749916892,0.21498051341080818
23314,4,0.8174929030419604,0.9959919839679359,0.0,1.0,0.9619238476953907,0.9939879759519038,0.1991250289948565,0.2948504184134769
23314,5,0.7932708444044148,0.9959919839679359,0.0,1.0,0.6893787575150301,0.9899799599198397,0.2507282234420725,0.28469158135342604
23314,6,0.844509336791697,1.0,1.0,1.0,0.6733466933867736,0.9979959919839679,-0.2434285295240543,0.2717719181635928
23314,7,0.757670977005543,0.9939879759519038,0.0,1.0,0.2545090180360721,0.9579158316633266,0.16418066562189138,0.30490857064603394
23445,0,0.7432581668822305,0.9318637274549099,0.0,0.0,0.6653306613226453,0.9759519038076152,0.1534696079924932,0.33800934251739934
23445,1,0.6593356019941687,0.935871743486974,0.0,0.0,0.4909819639278557,0.3306613226452906,0.07419490517542324,0.3080763175895063
23445,2,0.6174807324913658,0.8877755511022044,0.0,0.0,0.6452905811623246,0.1062124248496994,0.02142611792548085,0.2889040094192526
23445,3,0.7333319603623547,0.9599198396793587,0.0,0.0,0.9378757515030061,0.9899799599198397,0.36310652821841094,0.3680849879590206
23445,4,0.6735424712223688,0.8997995991983968,0.0,0.0,0.6012024048096193,0.0781563126252505,0.09167926014890934,0.35995640281159735
23445,5,0.6720353283509913,0.9498997995991983,0.0,0.0,0.6012024048096193,0.4248496993987976,0.0595970391800661,0.3457139356474314
23445,6,0.6475887586886702,0.9278557114228457,0.0,0.0,0.7955911823647295,0.2665330661322645,0.18967651641836766,0.33402410590836684
23445,7,0.7570338431485741,0.9679358717434869,0.0,0.0,0.8557114228456913,0.9759519038076152,0.26709211032090585,0.36335707340768497
23479,0,0.6282405066816095,0.9398797595190381,0.0,0.0,0.655310621242485,0.9979959919839679,-0.08641585971226781,0.21531972189065507
23479,1,0.49544450994879285,0.9498997995991983,0.0,0.0,0.9138276553106213,0.9959919839679359,-0.0842252016990776,0.2282871231851452
23479,2,0.5865023892336253,0.9458917835671342,0.0,0.0,0.7154308617234469,0.9959919839679359,0.0762749148952577,0.25885751449723154
23479,3,0.6740660997841199,0.9859719438877755,0.0,0.0,0.7655310621242485,0.9979959919839679,0.20835387889366913,0.2770242354286011
23479,4,0.636545110279559,0.905811623246493,0.0,0.0,0.7234468937875751,0.9899799599198397,0.012979736107960927,0.2534092996325603
23479,5,0.6107642992535318,0.8517034068136272,0.0,0.0,0.7595190380761523,0.9959919839679359,0.2780312199174663,0.32928793526362465
23479,6,0.5431424321817947,0.8416833667334669,0.0,0.0,0.8196392785571143,0.9939879759519038,0.136955148551809,0.33146767551295186
23479,7,0.594098930282702,0.87374749498998,0.0,0.0,0.9398797595190381,0.9859719438877755,0.27568491397521144,0.2593869160320143
23623,0,0.503901108770785,0.9939879759519038,0.0,1.0,0.9939879759519038,1.0,0.18357286304768963,0.16260188351447982
23623,1,0.4849813575949358,0.7114228456913828,0.0,0.0,1.0,1.0,0.04832780079282238,0.17207067321611771
23623,2,0.39512110100637626,0.9478957915831663,0.0,0.0,0.905811623246493,0.9979959919839679,0.013275448972586442,0.12769364130531283
23623,3,0.5485952021214431,0.9478957915831663,0.0,0.0,0.9979959919839679,1.0,0.0097837322044045,0.1689224886631632
23623,4,0.5717310933537313,0.9779559118236473,0.0,0.0,0.9839679358717435,0.9819639278557114,-0.256169753116062,0.12396476224082495
23623,5,0.4315546405976617,0.9619238476953907,0.0,0.0,0.9478957915831663,0.9919839679358717,-0.13673245636952966,0.10545899641478192
23623,6,0.5006315061947175,0.969939879759519,0.0,0.0,0.9959919839679359,0.9839679358717435,0.11601736123849023,0.16086364878796153
23623,7,0.43183080382612404,1.0,1.0,1.0,0.9779559118236473,0.9979959919839679,0.07210757184138906,0.14519216990068243
23633,0,0.5838430712688683,0.655310621242485,0.0,0.0,0.5991983967935872,0.9398797595190381,-0.2663407044861695,0.15388402556772285
23633,1,0.4797483165696952,0.6633266533066132,0.0,0.0,0.8717434869739479,0.9679358717434869,0.46796029804837747,0.25746213147591374
23633,2,0.5102137794570841,0.591182364729459,0.0,0.0,0.45090180360721444,0.9839679358717435,0.4752680136349628,0.17612960971828343
23633,3,0.5462754886301285,0.6653306613226453,0.0,0.0,0.7134268537074149,0.935871743486974,0.48839188205244627,0.23650003556539978
23633,4,0.5798778737402496,0.8597194388777555,0.0,0.0,0.8937875751503006,0.9679358717434869,0.45518991044378754,0.19166265463636592
23633,5,0.6259887901893972,0.875751503006012,0.0,0.0,0.875751503006012,0.9719438877755511,-0.11610042304677994,0.18031734991549883
23633,6,0.5015844376862812,0.5731462925851704,0.0,0.0,0.8537074148296593,0.6152304609218436,0.06770891645169759,0.17370229104014887
23633,7,0.5865677310929938,0.7955911823647295,0.0,0.0,0.7555110220440882,0.44488977955911824,-0.258411043639871,0.16317577873988887
23642,0,0.45771541546558503,0.7995991983967936,0.0,0.0,0.9599198396793587,0.7054108216432866,-0.14198539977161398,0.3359048227012291
23642,1,0.5666382473230689,0.9959919839679359,0.0,1.0,0.5430861723446894,0.9839679358717435,0.2416750114278763,0.43791735480695576
23642,2,0.6521541749767381,0.9879759519038076,0.0,0.0,0.875751503006012,0.969939879759519,0.31956553359276096,0.41343585373937286
23642,3,0.605558930501513,0.9719438877755511,0.0,0.0,0.8496993987975952,0.6292585170340681,-0.009294801357767677,0.3731212510403637
23642,4,0.6235043981464186,0.9579158316633266,0.0,0.0,0.8296593186372746,0.7755511022044088,0.09314647066929596,0.38424307031612914
23642,5,0.6619608861892077,1.0,1.0,1.0,0.8897795591182365,0.7935871743486974,0.1230150210505149,0.321859004869766
23642,6,0.5050375410826203,0.9338677354709419,0.0,0.0,0.9038076152304609,0.9679358717434869,0.31075228208497513,0.2967347012858247
23642,7,0.5291173426986362,0.8777555110220441,0.0,0.0,0.627254509018036,0.8937875751503006,0.0012800021338053057,0.3562725203540715
23803,0,0.7712460165283204,0.9819639278557114,0.0,0.0,0.9599198396793587,0.9879759519038076,-0.17421365413725085,0.43189678493605055
23803,1,0.8188033794458462,0.9879759519038076,0.0,0.0,0.9839679358717435,0.9899799599198397,0.026038408192142707,0.3888353105558493
23803,2,0.7607127968947935,0.9919839679358717,0.0,1.0,0.9919839679358717,0.9879759519038076,-0.05485739517305747,0.34175344964834403
23803,3,0.7818713983162384,0.9879759519038076,0.0,0.0,0.9138276553106213,1.0,-0.19995694650966056,0.41161061933329696
23803,4,0.7989889340597536,0.9959919839679359,0.0,1.0,0.9979959919839679,1.0,-0.10246189959478284,0.2582817741339285
23803,5,0.8270480927532702,0.9839679358717435,0.0,0.0,0.9979959919839679,0.9899799599198397,0.04916423149773908,0.4285459888132368
23803,6,0.8099961067485016,0.9839679358717435,0.0,0.0,0.9979959919839679,0.9939879759519038,-0.09774552544476764,0.41274916375894144
23803,7,0.6750257612705968,0.9859719438877755,0.0,0.0,0.9959919839679359,0.9959919839679359,-0.029183793085514265,0.2897842296422032
24062,0,0.5981474254395482,0.7254509018036072,0.0,0.0,0.8316633266533067,0.905811623246493,0.022024340359028612,0.21681641705522092
24062,1,0.4950749589224871,0.46292585170340683,0.0,0.0,0.5851703406813628,0.8577154308617234,0.04471886602937347,0.1934315144497706
24062,2,0.5396829691374703,0.8697394789579158,0.0,0.0,0.811623246492986,0.9579158316633266,0.05821718853559261,0.20769695064838958
24062,3,0.533889034518329,0.781563126252505,0.0,0.0,0.7194388777555111,0.8657314629258517,0.014950287396503266,0.19662994645059648
24062,4,0.6093973075650301,0.8837675350701403,0.0,0.0,0.8617234468937875,0.9939879759519038,-0.1166520799852195,0.21695570296624253
24062,5,0.5678486998437441,0.6613226452905812,0.0,0.0,0.49498997995991983,0.9178356713426854,-0.32136327789219726,0.2254070599136521
24062,6,0.49269915667145003,0.9679358717434869,0.0,0.0,0.657314629258517,0.9719438877755511,0.1671718313086426,0.19973941720054078
24062,7,0.4750058584194965,0.8256513026052105,0.0,0.0,0.5150300601202404,0.9138276553106213,0.0363837576112706,0.1792935061506284
24103,0,0.6337477136817895,0.9498997995991983,0.0,0.0,0.9118236472945892,0.04809619238476954,0.17108301036568188,0.1653701148396354
24103,1,0.591825316733747,0.7294589178356713,0.0,0.0,0.5470941883767535,0.01603206412825651,-0.027130833361148157,0.26235383309175797
24103,2,0.5590320099764552,0.811623246492986,0.0,0.0,0.7715430861723447,0.6192384769539078,0.1725237673045003,0.22570390365798512
24103,3,0.48207909223424394,0.4849699398797595,0.0,0.0,0.11022044088176353,0.02404809619238477,0.04097727351352905,0.19375631266546336
24103,4,0.5951650630929537,0.8476953907815631,0.0,0.0,0.6753507014028056,0.01603206412825651,0.02986575955244648,0.23384905062519254
24103,5,0.5909365341852694,0.843687374749499,0.0,0.0,0.17835671342685372,0.04208416833667335,-0.1638959818871654,0.17625062077373924
24103,6,0.5699188430269105,0.7595190380761523,0.0,0.0,0.3286573146292585,0.028056112224448898,0.18002106192513345,0.16468109723370575
24103,7,0.5530982356008005,0.7635270541082164,0.0,0.0,0.1282565130260521,0.02004008016032064,-0.0859041337764186,0.178312241061202
24306,0,0.7480106551601522,1.0,1.0,1.0,0.9979959919839679,0.4468937875751503,0.29598052851740503,0.29544291073826046
24306,1,0.6958791708373423,0.9979959919839679,0.0,1.0,0.9919839679358717,0.2925851703406814,0.42132727834886,0.32464312118379673
24306,2,0.680832246782986,0.9959919839679359,0.0,1.0,0.9759519038076152,0.5150300601202404,0.27586530978062984,0.33408658266666136
24306,3,0.7542803832453688,1.0,1.0,1.0,0.9939879759519038,0.3306613226452906,0.09005374836866038,0.3092065269826268
24306,4,0.7111427900121728,1.0,1.0,1.0,0.935871743486974,0.5050100200400801,-0.18170048470078884,0.25294172467464826
24306,5,0.6188691729213492,0.9979959919839679,0.0,1.0,0.9799599198396793,0.2985971943887776,0.1945535725533737,0.35477240213488015
24306,6,0.7309557794341799,1.0,1.0,1.0,0.9919839679358717,0.531062124248497,0.22086496748151385,0.32018235614732804
24306,7,0.7219051690147146,1.0,1.0,1.0,0.9819639278557114,0.3787575150300601,0.39158769155850004,0.28562851770895353
24700,0,0.5857146850510835,0.9599198396793587,0.0,0.0,0.46092184368737477,0.09619238476953908,0.06736699791117508,0.2950790043535984
24700,1,0.7625170783197011,0.9799599198396793,0.0,0.0,0.9118236472945892,0.9979959919839679,0.09617485726337816,0.48249920186695877
24700,2,0.7734607665730874,0.9839679358717435,0.0,0.0,0.87374749498998,0.9899799599198397,-0.04777135017438655,0.43972122958630283
24700,3,0.7569346403196899,0.9839679358717435,0.0,0.0,0.9519038076152304,0.9899799599198397,0.09247645546927859,0.372322281564258
24700,4,0.5340820038345728,0.8937875751503006,0.0,0.0,0.4589178356713427,0.11823647294589178,-0.04404269142892652,0.3147255777844608
24700,5,0.7733646162975527,0.9859719438877755,0.0,0.0,0.9118236472945892,0.9859719438877755,-0.003084513453476621,0.3832797506761067
24700,6,0.5681155454790516,0.9158316633266533,0.0,0.0,0.8877755511022044,0.5751503006012024,-0.029190609905083785,0.3419072323739944
24700,7,0.6600495105537865,1.0,1.0,1.0,0.9619238476953907,0.17835671342685372,-0.09728473249046256,0.3287775841462423
24790,0,0.5843276677432102,0.9879759519038076,0.0,0.0,0.9579158316633266,1.0,0.047187515245376746,0.2540814115679845
24790,1,0.5696561251125944,0.9519038076152304,0.0,0.0,0.9318637274549099,0.9719438877755511,-0.06856887704885292,0.33772130217639984
24790,2,0.5164332697224137,0.9959919839679359,0.0,1.0,0.9979959919839679,1.0,-0.02742612031076366,0.30820020823951527
24790,3,0.4351334637283072,0.9879759519038076,0.0,0.0,1.0,1.0,-0.11901877056631287,0.3184999925601005
24790,4,0.5917771908636503,0.9759519038076152,0.0,0.0,0.9859719438877755,1.0,-0.11881844233961207,0.19844343158350217
24790,5,0.578099967893244,0.9919839679358717,0.0,1.0,0.935871743486974,1.0,0.06267099616280658,0.23356496887392428
24790,6,0.47672598112885634,0.9959919839679359,0.0,1.0,0.9799599198396793,1.0,0.018256530685347477,0.29046655880295774
24790,7,0.5055239145100091,0.5370741482965932,0.0,0.0,0.9939879759519038,0.9959919839679359,-0.07299241694147163,0.33151262438023443
25150,0,0.7188033331877727,0.9979959919839679,0.0,1.0,0.9659318637274549,0.9979959919839679,0.029107174297025504,0.35172979334026533
25150,1,0.6300272188745999,0.9719438877755511,0.0,0.0,0.969939879759519,0.9959919839679359,0.40806710084606246,0.32974251700874385
25150,2,0.6483272719148305,0.9859719438877755,0.0,0.0,0.9879759519038076,0.9959919839679359,0.034503311161167644,0.2975182283564277
25150,3,0.5696213392916174,0.8717434869739479,0.0,0.0,0.8176352705410822,0.9899799599198397,0.1120448501646116,0.41243277292184616
25150,4,0.6300427217850262,0.9599198396793587,0.0,0.0,1.0,1.0,0.15553242355745556,0.3789922863480821
25150,5,0.7290483226133612,0.9979959919839679,0.0,1.0,1.0,0.9959919839679359,0.11593669675864213,0.39290070140950795
25150,6,0.7239264167092602,0.9959919839679359,0.0,1.0,0.845691382765531,1.0,0.025792256189176237,0.32130208652329556
25150,7,0.5600773349219172,0.7134268537074149,0.0,0.0,0.969939879759519,0.9839679358717435,-0.09172674374225036,0.2813616336175409
25166,0,0.6235456696834507,0.9819639278557114,0.0,0.0,0.9959919839679359,0.905811623246493,0.590605385726115,0.5832139424728839
25166,1,0.5733089397379781,0.905811623246493,0.0,0.0,0.9519038076152304,0.7394789579158316,0.5425135073856004,0.6052886979942222
25166,2,0.684704037320379,0.9799599198396793,0.0,0.0,0.9959919839679359,0.9979959919839679,0.5611172184325306,0.5596980327185993
25166,3,0.627209447969858,0.9759519038076152,0.0,0.0,0.9919839679358717,1.0,0.5251468073185255,0.6205845892309289
25166,4,0.6791705869994447,0.9879759519038076,0.0,0.0,0.9839679358717435,0.9919839679358717,0.4221330938598648,0.5660094809413861
25166,5,0.6472417687171212,0.9879759519038076,0.0,0.0,0.9959919839679359,0.9959919839679359,0.39486931720720386,0.5720896516370737
25166,6,0.6153171150480363,0.9739478957915831,0.0,0.0,0.9158316633266533,0.9679358717434869,0.4497171917585142,0.5710054685889593
25166,7,0.6491315209925352,0.9879759519038076,0.0,0.0,0.9919839679358717,0.9879759519038076,0.6313942255112874,0.6127039895896601
25339,0,0.6503237615981009,0.969939879759519,0.0,0.0,0.8156312625250501,0.2985971943887776,0.032954144172448456,0.37044600411430456
25339,1,0.6831324050298448,0.9939879759519038,0.0,1.0,0.7555110220440882,0.18637274549098196,-0.04657044397822805,0.3624875821704232
25339,2,0.762564708083946,0.9959919839679359,0.0,1.0,0.9599198396793587,0.8797595190380761,0.0789580766336629,0.3856272056917713
25339,3,0.8169662964128293,0.9939879759519038,0.0,1.0,0.9819639278557114,0.9939879759519038,0.5403811744836207,0.41439571099522254
25339,4,0.818140508827563,0.9919839679358717,0.0,1.0,0.9178356713426854,0.9859719438877755,0.3813145772129382,0.38325110535548484
25339,5,0.6808846748677687,0.9418837675350702,0.0,0.0,0.9659318637274549,0.9759519038076152,0.34976464063903123,0.3865227136687498
25339,6,0.5941911189053906,0.905811623246493,0.0,0.0,0.969939879759519,0.14428857715430862,0.027690284291912674,0.33476538961951197
25339,7,0.7927602162696317,0.9839679358717435,0.0,0.0,0.9959919839679359,0.9739478957915831,-0.046226563534680444,0.36654034119467127
25360,0,0.6746005884149573,0.9278557114228457,0.0,0.0,0.6312625250501002,0.40681362725450904,0.15435409783333406,0.1931253182936872
25360,1,0.5946567765445752,0.9298597194388778,0.0,0.0,0.7595190380761523,0.37675350701402804,0.09242744049229618,0.23208180682804228
25360,2,0.622669717167158,0.9599198396793587,0.0,0.0,0.19238476953907815,0.9398797595190381,0.012247705636949848,0.20582734819636575
25360,3,0.6311865746669911,0.8617234468937875,0.0,0.0,0.2845691382765531,0.6052104208416834,-0.16097761494934765,0.19205934351620885
25360,4,0.5196804779864207,0.8356713426853707,0.0,0.0,0.845691382765531,0.7434869739478958,0.10717873206622854,0.19002408058812112
25360,5,0.7133017880024299,0.9478957915831663,0.0,0.0,0.655310621242485,0.7214428857715431,-0.16996923527386087,0.17414987164470117
25360,6,0.6366487683488962,0.9498997995991983,0.0,0.0,0.9879759519038076,0.7735470941883767,0.34696799692067753,0.2240352245083006
25360,7,0.6694951401444896,0.9018036072144289,0.0,0.0,0.625250501002004,0.5891783567134269,0.05570189940277767,0.23501196112056616
25374,0,0.5907092601006793,0.8196392785571143,0.0,0.0,0.9378757515030061,0.3667334669338677,-0.05436849543398943,0.22677630314136502
25374,1,0.5377711631212988,0.6432865731462926,0.0,0.0,0.6432865731462926,0.7434869739478958,-0.22775554407767615,0.3423541520154401
25374,2,0.5506882806912148,0.6372745490981964,0.0,0.0,0.7835671342685371,0.47695390781563124,-0.09305782629364644,0.3366572710309207
25374,3,0.5176211139472826,0.3186372745490982,0.0,0.0,0.8336673346693386,0.4288577154308617,0.024799733509452235,0.33911662350588284
25374,4,0.5689951636315598,0.3927855711422846,0.0,0.0,0.6112224448897795,0.3587174348697395,-0.09325245371267978,0.3334542297206641
25374,5,0.592674913730191,0.845691382765531,0.0,0.0,0.9038076152304609,0.3527054108216433,-0.04750338994064826,0.3313698769737864
25374,6,0.43444069335740876,0.08016032064128256,0.0,0.0,0.3847695390781563,0.4228456913827655,0.08994648580765292,0.41070031146522773
25374,7,0.5508898474684443,0.7555110220440882,0.0,0.0,0.9579158316633266,0.4188376753507014,0.29684848935031866,0.16387716847982953
25447,0,0.6103511361358307,0.9719438877755511,0.0,0.0,0.6913827655310621,0.9378757515030061,0.10713281865627955,0.19529027404718985
25447,1,0.7093396738640587,0.9939879759519038,0.0,1.0,0.9498997995991983,0.9979959919839679,0.29017049962762365,0.19777796787961685
25447,2,0.7466260257641555,0.9979959919839679,0.0,1.0,0.8957915831663327,0.9879759519038076,0.10916422676360414,0.13774912710730733
25447,3,0.7482419712959824,0.9959919839679359,0.0,1.0,0.9819639278557114,0.9659318637274549,0.06786836707889407,0.14860145313878817
25447,4,0.7569424669401654,1.0,1.0,1.0,0.969939879759519,0.9959919839679359,0.006019469097259343,0.14785233444273116
25447,5,0.7386869723929824,0.9939879759519038,0.0,1.0,0.8517034068136272,0.9959919839679359,0.24674814489856783,0.22068961215868355
25447,6,0.7742555806363085,0.9979959919839679,0.0,1.0,0.8216432865731463,0.9959919839679359,0.03802613352223179,0.18252771044534108
25447,7,0.8014472737454437,1.0,1.0,1.0,0.9959919839679359,0.9959919839679359,0.3029817752734416,0.22042331179612878
26070,0,0.5106283835700471,0.4729458917835671,0.0,0.0,0.8396793587174348,0.9178356713426854,0.10633332337482822,0.15866606234623076
26070,1,0.4609216995452933,0.35470941883767537,0.0,0.0,0.9799599198396793,0.8857715430861723,0.1608840073249429,0.13560198749112148
26070,2,0.43365652144707234,0.5991983967935872,0.0,0.0,0.9879759519038076,0.9919839679358717,0.2147796197705231,0.15857731646926537
26070,3,0.5175890276493027,0.9478957915831663,0.0,0.0,0.9979959919839679,0.9979959919839679,0.29915060597974125,0.13673542553773355
26070,4,0.5373040152561542,0.5691382765531062,0.0,0.0,1.0,0.9559118236472945,0.01807161230708024,0.12043190588122729
26070,5,0.5663305242407681,0.7374749498997996,0.0,0.0,0.7855711422845691,0.8637274549098196,0.21048496423367907,0.1721320546362019
26070,6,0.547556139163184,0.6513026052104208,0.0,0.0,0.9979959919839679,0.9899799599198397,0.0772699268574056,0.12298251700577079
26070,7,0.5098200145186563,0.6152304609218436,0.0,0.0,0.4088176352705411,0.9398797595190381,0.20934220013455315,0.18900419650614947
26146,0,0.7356826243423338,0.9979959919839679,0.0,1.0,0.8076152304609219,0.9939879759519038,-0.10450962884921651,0.18963861382689712
26146,1,0.6885848292779432,0.9739478957915831,0.0,0.0,0.8156312625250501,0.9939879759519038,-0.002298911545142403,0.1460141210823067
26146,2,0.8371908073693933,1.0,1.0,1.0,0.8677354709418837,0.9979959919839679,-0.00536507872892427,0.17738183417598768
26146,3,0.7874242510301723,0.9979959919839679,0.0,1.0,0.9959919839679359,0.9959919839679359,-0.0038774751403301447,0.19813527748368873
26146,4,0.6298942126013436,0.9719438877755511,0.0,0.0,0.9559118236472945,0.9939879759519038,-0.10545444731350367,0.21283657351827445
26146,5,0.7452325090152363,0.9959919839679359,0.0,1.0,0.8857715430861723,0.9959919839679359,0.10579343606548444,0.20147896922617567
26146,6,0.7291899166458007,0.9939879759519038,0.0,1.0,0.8476953907815631,0.9759519038076152,-0.02460491034222173,0.1921214492755476
26146,7,0.7246957811147836,0.9819639278557114,0.0,0.0,0.8356713426853707,0.9919839679358717,0.07767060627774634,0.21565086779568732
26419,0,0.5340637097174148,0.8677354709418837,0.0,0.0,0.9178356713426854,0.04008016032064128,0.11819099556572918,0.37816155356716424
26419,1,0.6291434060738417,0.935871743486974,0.0,0.0,0.9138276553106213,0.06412825651302605,0.4510937999712092,0.30611542194739005
26419,2,0.5674351293358193,0.3366733466933868,0.0,0.0,0.9539078156312625,0.04809619238476954,0.34919136827965025,0.3189376947875409
26419,3,0.6851792651289368,0.9799599198396793,0.0,0.0,0.9679358717434869,0.10821643286573146,0.44678057608901767,0.23274914005733477
26419,4,0.6478739542241265,0.9759519038076152,0.0,0.0,0.969939879759519,0.3727454909819639,0.23124713361498275,0.24912137670331028
26419,5,0.5276031372695966,0.8476953907815631,0.0,0.0,0.9478957915831663,0.03807615230460922,0.3608075772645328,0.3547193161690429
26419,6,0.6219653410415625,0.9839679358717435,0.0,0.0,0.9579158316633266,0.2725450901803607,0.06127831636247843,0.3424310895062739
26419,7,0.5673446307330887,0.7394789579158316,0.0,0.0,0.9719438877755511,0.12424849699398798,0.5193748960083857,0.2671508264795493
26519,0,0.48282695636872547,0.9619238476953907,0.0,0.0,0.9759519038076152,0.687374749498998,0.0691900404542467,0.18918614153185917
26519,1,0.32333544934129693,0.44889779559118237,0.0,0.0,0.9118236472945892,0.655310621242485,0.002644604818951113,0.1561496279130642
26519,2,0.5702929826757538,0.9799599198396793,0.0,0.0,0.9438877755511023,1.0,-0.045790498392676404,0.1879465157204797
26519,3,0.5214726698572687,0.533066132264529,0.0,0.0,0.5450901803607214,0.5150300601202404,0.06873974353216988,0.2666907787977944
26519,4,0.47629767211263385,0.9198396793587175,0.0,0.0,0.9739478957915831,0.9258517034068137,0.09956199142426903,0.21512399048631412
26519,5,0.3845161897420321,0.35671342685370744,0.0,0.0,0.9498997995991983,0.9839679358717435,-0.009056046787900207,0.24980355766352985
26519,6,0.45916645467431805,0.9639278557114228,0.0,0.0,0.9619238476953907,0.8857715430861723,0.05192449350429832,0.17289693740927511
26519,7,0.5501301342474455,0.9719438877755511,0.0,0.0,0.9418837675350702,0.9759519038076152,0.028091932979408037,0.20118963414202795
26535,0,0.5163903699518994,0.9218436873747495,0.0,0.0,0.9018036072144289,0.9899799599198397,0.03880368331301172,0.38105274403252315
26535,1,0.582452768428726,0.9739478957915831,0.0,0.0,0.9879759519038076,0.9438877755511023,-0.0769171787494673,0.46626601314526667
26535,2,0.46544991243726475,0.779559118236473,0.0,0.0,0.9859719438877755,0.9338677354709419,-0.04288369906699427,0.30682101953480667
26535,3,0.5545218500368077,0.9679358717434869,0.0,0.0,0.9378757515030061,0.8276553106212425,0.1550340840366431,0.37094575321959244
26535,4,0.6497717160280518,0.9799599198396793,0.0,0.0,0.9639278557114228,0.9859719438877755,-0.053844881327824126,0.45637296699009977
26535,5,0.6479629986063675,0.9919839679358717,0.0,1.0,0.9418837675350702,0.9899799599198397,-0.03646442452542302,0.3688710223832807
26535,6,0.6770868072116338,0.9899799599198397,0.0,0.0,0.9238476953907816,0.9799599198396793,0.009558152503918463,0.42626052899702604
26535,7,0.5888570668758536,0.9859719438877755,0.0,0.0,0.9098196392785571,0.9779559118236473,0.023575994543188095,0.48741872559332405
26749,0,0.807419578861607,1.0,1.0,1.0,0.9979959919839679,0.9939879759519038,0.18115874059267129,0.552818832959117
26749,1,0.7500794417461569,0.9959919839679359,0.0,1.0,0.9919839679358717,0.9859719438877755,0.0947826001987754,0.5331785249104288
26749,2,0.7025506567553559,0.9899799599198397,0.0,0.0,0.9939879759519038,0.9779559118236473,0.2364863764419542,0.5640663428625144
26749,3,0.8280929484743338,0.9979959919839679,0.0,1.0,0.9979959919839679,0.9959919839679359,0.27151971204602193,0.533302652054121
26749,4,0.7741158750357544,0.9919839679358717,0.0,1.0,0.9939879759519038,0.9879759519038076,0.363345213765525,0.5712760762107407
26749,5,0.8600197347419806,1.0,1.0,1.0,0.9979959919839679,0.9919839679358717,0.21273178429833461,0.5327305037925185
26749,6,0.8385141358670801,1.0,1.0,1.0,0.9959919839679359,1.0,0.2193915528780382,0.5368997492192716
26749,7,0.8688779541610957,1.0,1.0,1.0,1.0,0.9979959919839679,0.23505799344279737,0.5658609443375238
27131,0,0.4153344639567258,0.09418837675350701,0.0,0.0,0.781563126252505,0.06212424849699399,0.15614102618378434,0.27212850499745195
27131,1,0.7181400212795946,1.0,1.0,1.0,0.9819639278557114,0.9799599198396793,-0.05759726795484515,0.28158201737608024
27131,2,0.4915491021748281,0.9879759519038076,0.0,0.0,0.845691382765531,0.09018036072144289,-0.15445504866391513,0.1614297106468399
27131,3,0.4530983967191706,0.5270541082164328,0.0,0.0,0.8557114228456913,0.052104208416833664,0.05481088519948583,0.2644371002966344
27131,4,0.6995737741358257,1.0,1.0,1.0,0.9378757515030061,0.24448897795591182,-0.06390721966095854,0.304225598437458
27131,5,0.5540249639016412,0.6312625250501002,0.0,0.0,0.8236472945891784,0.11022044088176353,0.1972631220039423,0.3364531637573786
27131,6,0.5106403382799838,0.8617234468937875,0.0,0.0,0.9478957915831663,0.03807615230460922,0.27259040150641894,0.2843836308943478
27131,7,0.7548069644796107,1.0,1.0,1.0,0.8577154308617234,0.7675350701402806,-0.27548530941171695,0.2595638901281916
27196,0,0.5421382141028556,0.8136272545090181,0.0,0.0,0.5871743486973948,0.9478957915831663,0.05852852992451858,0.2651726575821494
27196,1,0.6661373482630555,0.9659318637274549,0.0,0.0,0.8376753507014028,0.9899799599198397,-0.09042762407677145,0.22936053804749673
27196,2,0.6762907409164807,0.9098196392785571,0.0,0.0,0.9579158316633266,0.9919839679358717,0.1504520334730893,0.24918700968592952
27196,3,0.6615305169605936,0.8476953907815631,0.0,0.0,0.9679358717434869,0.9839679358717435,-0.019199081290444123,0.25764266758864446
27196,4,0.687198101319328,0.9458917835671342,0.0,0.0,1.0,0.9919839679358717,0.033444347529336796,0.25011571167712704
27196,5,0.6420219796416325,0.9198396793587175,0.0,0.0,0.9879759519038076,0.9939879759519038,0.08423156524594841,0.22699430931144232
27196,6,0.6860723235558484,0.9398797595190381,0.0,0.0,0.9739478957915831,1.0,-0.07904958625664428,0.2608028238548902
27196,7,0.5825847449637807,0.8496993987975952,0.0,0.0,0.9739478957915831,0.9759519038076152,-0.12330814137538662,0.23865465669570224
27240,0,0.6919503490452532,0.9859719438877755,0.0,0.0,0.969939879759519,0.9739478957915831,-0.10099836455759506,0.2349078368519027
27240,1,0.6443904377293646,0.9959919839679359,0.0,1.0,0.8677354709418837,0.87374749498998,0.09474700136582938,0.12469846106800575
27240,2,0.6567242412390955,0.9919839679358717,0.0,1.0,0.9959919839679359,0.8657314629258517,0.08723295644764446,0.19455789960466235
27240,3,0.6383665018166524,0.9839679358717435,0.0,0.0,0.6673346693386774,0.9458917835671342,0.010826080640672555,0.187273129971442
27240,4,0.6496306067630402,0.9719438877755511,0.0,0.0,0.43687374749499,0.9378757515030061,-0.03786547232564357,0.159666377972856
27240,5,0.7410996828852969,0.9939879759519038,0.0,1.0,0.7474949899799599,0.9779559118236473,-0.07804358705660777,0.20460867657507797
27240,6,0.6964532811023486,0.9839679358717435,0.0,0.0,0.501002004008016,0.9739478957915831,-0.046842359252250325,0.17314845436362183
27240,7,0.6933624468605731,0.9879759519038076,0.0,0.0,0.3687374749498998,0.9338677354709419,0.0647860048092644,0.23776067400714468
27260,0,0.6489183705718508,0.9959919839679359,0.0,1.0,0.8236472945891784,0.9819639278557114,-0.03584407511717316,0.29423839718176825
27260,1,0.6351204597807122,0.9579158316633266,0.0,0.0,0.6893787575150301,0.9498997995991983,0.13316492418033538,0.31957733537412647
27260,2,0.680099087803937,0.9939879759519038,0.0,1.0,0.4909819639278557,0.9839679358717435,-0.04397581075694886,0.2534541161912944
27260,3,0.6029553844715536,0.969939879759519,0.0,0.0,0.9819639278557114,1.0,0.09506667777681765,0.28876519435376985
27260,4,0.5960053053814367,0.8597194388777555,0.0,0.0,0.8837675350701403,0.9579158316633266,-0.1386787924685866,0.33672959295295507
27260,5,0.706024739856999,0.9579158316633266,0.0,0.0,0.9078156312625251,0.8977955911823647,0.06844667323446889,0.3347492996103193
27260,6,0.66421014800887,0.9859719438877755,0.0,0.0,0.9879759519038076,0.9979959919839679,0.21388375318736516,0.27500338392461526
27260,7,0.6393136990695454,0.9659318637274549,0.0,0.0,0.8777555110220441,0.9959919839679359,-0.03310314449978213,0.28551298726702673
27648,0,0.7902360540807529,0.9979959919839679,0.0,1.0,0.8476953907815631,1.0,0.1631299729213951,0.2246731786334641
27648,1,0.7626610585664552,0.9939879759519038,0.0,1.0,1.0,0.9519038076152304,0.18752017449990482,0.2572226289545947
27648,2,0.7349748506426673,0.9939879759519038,0.0,1.0,0.8156312625250501,0.9859719438877755,0.006891288838872132,0.21505775068727603
27648,3,0.799207518213257,0.9939879759519038,0.0,1.0,0.9579158316633266,0.9859719438877755,0.05835195492209134,0.22833342712661264
27648,4,0.7525273760859517,0.9839679358717435,0.0,0.0,0.8997995991983968,0.9919839679358717,-0.15703997014517218,0.21729591702063217
27648,5,0.8167462755853862,1.0,1.0,1.0,0.9478957915831663,0.9979959919839679,-0.04007036037872994,0.22456131887556455
27648,6,0.7899246070009798,0.9979959919839679,0.0,1.0,0.9779559118236473,0.9438877755511023,0.07923638371691241,0.2538864056081363
27648,7,0.7575351399623977,0.9979959919839679,0.0,1.0,0.9879759519038076,0.9879759519038076,0.23887314335731247,0.2417495048437086
27688,0,0.7246622097387927,0.9839679358717435,0.0,0.0,0.9679358717434869,0.9639278557114228,-0.07991373992772734,0.05607332148637981
27688,1,0.7019691096516987,0.9859719438877755,0.0,0.0,0.9038076152304609,0.935871743486974,0.1626315915325793,0.058381050455145696
27688,2,0.6490663513854743,0.969939879759519,0.0,0.0,0.9579158316633266,0.8777555110220441,0.11062244992084067,0.060263086317722696
27688,3,0.5259184450260748,0.625250501002004,0.0,0.0,0.5551102204408818,0.3106212424849699,0.017265435393157506,0.0641864344177793
27688,4,0.536940130424594,0.8597194388777555,0.0,0.0,0.9498997995991983,0.4308617234468938,0.06832875396345783,0.05327246017935524
27688,5,0.5357464807681256,0.7374749498997996,0.0,0.0,0.2565130260521042,0.7014028056112225,0.017002535777091377,0.06125453892284634
27688,6,0.5999756813675212,0.9719438877755511,0.0,0.0,0.6993987975951904,0.9298597194388778,-0.02607071056273355,0.04731024850351047
27688,7,0.5368937363078531,0.8877755511022044,0.0,0.0,0.87374749498998,0.3166332665330661,0.05087295994945378,0.06828590565828242
27781,0,0.48665282521847836,0.4589178356713427,0.0,0.0,0.7535070140280561,0.10420841683366733,0.08293964417663036,0.3234263033203805
27781,1,0.509328916275513,0.45691382765531063,0.0,0.0,0.9178356713426854,0.23246492985971945,0.12975686047310903,0.37931215667311985
27781,2,0.5110598346632854,0.6092184368737475,0.0,0.0,0.9378757515030061,0.17835671342685372,-0.07368685746393379,0.35526135816489274
27781,3,0.47931142031118057,0.36072144288577157,0.0,0.0,0.9839679358717435,0.22645290581162325,-0.004163229886828998,0.35024762510863183
27781,4,0.512479876491319,0.5110220440881763,0.0,0.0,0.9819639278557114,0.11623246492985972,0.04130029036784854,0.34940244660304937
27781,5,0.606656574524731,0.8917835671342685,0.0,0.0,0.9679358717434869,0.32665330661322645,0.14845950741489847,0.3763066844387425
27781,6,0.5300469728907937,0.5831663326653307,0.0,0.0,0.9859719438877755,0.24048096192384769,-0.07286943430793048,0.37430648183237825
27781,7,0.5521350249420716,0.7374749498997996,0.0,0.0,0.9498997995991983,0.1963927855711423,0.10872273218574624,0.3253268597014181
28157,0,0.6788896200768539,0.9478957915831663,0.0,0.0,0.9739478957915831,0.9619238476953907,-0.11268791327588583,0.25214350945693764
28157,1,0.678581842968352,0.9278557114228457,0.0,0.0,0.9839679358717435,0.9839679358717435,0.03498933881421339,0.2625318366779971
28157,2,0.6387372048901209,0.9338677354709419,0.0,0.0,0.6292585170340681,0.9278557114228457,0.052981432527239296,0.2855089161362876
28157,3,0.6720381779267275,0.9158316633266533,0.0,0.0,0.8336673346693386,0.905811623246493,0.08828995886160818,0.2537597071634212
28157,4,0.5694268193708156,0.779559118236473,0.0,0.0,0.591182364729459,0.5270541082164328,-0.10131614697207621,0.2701434626885031
28157,5,0.7003895996760299,0.9438877755511023,0.0,0.0,0.9899799599198397,0.9599198396793587,-0.2972511219509055,0.2389278930137289
28157,6,0.6605630162026928,0.9318637274549099,0.0,0.0,0.9839679358717435,0.9779559118236473,-0.02625595205226032,0.24498151485435138
28157,7,0.6737707096128439,0.9218436873747495,0.0,0.0,0.9919839679358717,0.9519038076152304,0.0391818108565694,0.278342250342679
28253,0,0.5805474190199715,0.6172344689378757,0.0,0.0,0.8216432865731463,0.9719438877755511,0.480737637036324,0.23792471293909617
28253,1,0.5291796143390137,0.6913827655310621,0.0,0.0,0.7935871743486974,0.9158316633266533,0.29482652511677043,0.21645792986682028
28253,2,0.5185953451308924,0.4188376753507014,0.0,0.0,0.779559118236473,0.8837675350701403,0.217817879593592,0.22728994986391982
28253,3,0.557007344710533,0.5871743486973948,0.0,0.0,0.9298597194388778,0.9498997995991983,0.40921643442925487,0.2732741092431379
28253,4,0.5692235473562892,0.48296593186372744,0.0,0.0,0.9298597194388778,0.7434869739478958,0.007294017725326771,0.29930001171275117
28253,5,0.5010891813960265,0.34468937875751504,0.0,0.0,0.6833667334669339,0.9759519038076152,0.21249220517896722,0.21951590804768395
28253,6,0.5485921127030152,0.8216432865731463,0.0,0.0,0.8697394789579158,0.9719438877755511,0.36447076007868245,0.25611248028309197
28253,7,0.4958504450233266,0.6332665330661322,0.0,0.0,0.9158316633266533,0.969939879759519,0.5034860035723266,0.23971043739692746
28276,0,0.6025136075587348,0.9378757515030061,0.0,0.0,0.9118236472945892,0.9959919839679359,0.4416752613931631,0.339785494289021
28276,1,0.5369056251135074,0.8537074148296593,0.0,0.0,0.9258517034068137,0.052104208416833664,0.26941217577275267,0.3328273593545492
28276,2,0.7057757301852371,0.9939879759519038,0.0,1.0,0.9799599198396793,0.4088176352705411,0.21445580835846928,0.2949153538419164
28276,3,0.6589365591713219,0.9559118236472945,0.0,0.0,0.9038076152304609,0.3366733466933868,0.37840104508431066,0.3061347147897038
28276,4,0.4258859108569297,0.45090180360721444,0.0,0.0,0.9639278557114228,0.312625250501002,0.03064389007171391,0.2698337752526076
28276,5,0.6240067377130136,0.9599198396793587,0.0,0.0,1.0,0.9919839679358717,0.5084392609147805,0.3138905267350011
28276,6,0.588218487188904,0.8997995991983968,0.0,0.0,0.8977955911823647,0.280561122244489,-0.3402679809150651,0.27646326621143147
28276,7,0.7034389753560233,0.9859719438877755,0.0,0.0,0.9579158316633266,0.9839679358717435,0.2609601403899617,0.21934336272150762
28309,0,0.6846432642127755,0.9739478957915831,0.0,0.0,0.9559118236472945,0.9539078156312625,-0.016979449698600373,0.3764085860259552
28309,1,0.7402891524953665,1.0,1.0,1.0,0.8917835671342685,1.0,0.07203820780387263,0.33410716043153776
28309,2,0.6628666141623096,0.9298597194388778,0.0,0.0,0.6713426853707415,1.0,-0.08317217239765572,0.35168197328642237
28309,3,0.6695020946836578,0.9478957915831663,0.0,0.0,0.9198396793587175,0.6392785571142284,-0.12745161900162857,0.3760066924958769
28309,4,0.6314700272896401,0.9318637274549099,0.0,0.0,0.8256513026052105,0.9438877755511023,-0.03248259597225068,0.3319863809631905
28309,5,0.7523373543939065,0.9979959919839679,0.0,1.0,0.8176352705410822,0.9759519038076152,0.07222674938933811,0.4273429992012607
28309,6,0.7667300668088597,0.9979959919839679,0.0,1.0,0.9158316633266533,1.0,-0.2677743404947413,0.360841049053543
28309,7,0.6977043899297595,0.9599198396793587,0.0,0.0,0.6633266533066132,0.9759519038076152,-0.011093074297477913,0.3756373762308972
28511,0,0.5196099027932701,0.25851703406813625,0.0,0.0,0.8296593186372746,0.8176352705410822,-0.005391838589663875,0.4175079213486022
28511,1,0.48518653465532546,0.20641282565130262,0.0,0.0,0.875751503006012,0.8076152304609219,0.13818379234473863,0.3250384091754774
28511,2,0.45406432969114463,0.3226452905811623,0.0,0.0,0.8657314629258517,0.8877755511022044,0.3476090220679817,0.41890979155494484
28511,3,0.48485073628276804,0.17234468937875752,0.0,0.0,0.8637274549098196,0.9178356713426854,0.03377841348774825,0.28812988419368124
28511,4,0.46129887094058697,0.1523046092184369,0.0,0.0,0.8877755511022044,0.843687374749499,0.3120729096801449,0.4084932550563832
28511,5,0.39913558377664554,0.22645290581162325,0.0,0.0,0.8977955911823647,0.8196392785571143,0.24152198618319773,0.43432435283872195
28511,6,0.4995678184836352,0.5350701402805611,0.0,0.0,0.843687374749499,0.875751503006012,-0.041892650502637775,0.312262258506397
28511,7,0.4536211700645635,0.11823647294589178,0.0,0.0,0.7675350701402806,0.7755511022044088,-0.10666015808651476,0.38574458223980757
28548,0,0.7486208718840195,0.9539078156312625,0.0,0.0,0.9158316633266533,0.8276553106212425,0.08359798899969165,0.39602297368323164
28548,1,0.7346796760683667,0.9559118236472945,0.0,0.0,0.9679358717434869,0.9559118236472945,0.19823361898134417,0.44082422342648164
28548,2,0.6815211127064029,0.9539078156312625,0.0,0.0,0.9639278557114228,0.9539078156312625,0.13027659655129298,0.31116981510965425
28548,3,0.801224886500562,0.9739478957915831,0.0,0.0,0.9779559118236473,0.9398797595190381,0.17473510888920676,0.39317864531889485
28548,4,0.7550199883245543,0.9559118236472945,0.0,0.0,0.9318637274549099,0.8056112224448898,0.15544441241293155,0.4024022158984696
28548,5,0.746403232407379,0.9458917835671342,0.0,0.0,0.9438877755511023,0.7675350701402806,0.05904556847380143,0.4073257151329871
28548,6,0.7517047457405039,0.9659318637274549,0.0,0.0,0.9178356713426854,0.8637274549098196,0.062247831850541946,0.42585659466972225
28548,7,0.7909326448684801,0.9659318637274549,0.0,0.0,0.9679358717434869,0.811623246492986,0.3125081710879493,0.4591741218937788
28979,0,0.481642923921921,0.17635270541082165,0.0,0.0,0.7014028056112225,0.7975951903807615,-0.15150397156226744,0.10522193616410902
28979,1,0.538126587673807,0.7034068136272545,0.0,0.0,0.6833667334669339,0.4649298597194389,-0.08582309674278885,0.1035565956342216
28979,2,0.6184975352407126,0.9779559118236473,0.0,0.0,0.9418837675350702,0.7735470941883767,0.24339643234719496,0.16748506671024943
28979,3,0.5862815238421102,0.7775551102204409,0.0,0.0,0.8957915831663327,0.6653306613226453,-0.024205930065320992,0.12975066207929883
28979,4,0.555178602095079,0.4529058116232465,0.0,0.0,0.9258517034068137,0.9278557114228457,0.40233172045776017,0.11997672758758719
28979,5,0.5740336678262917,0.8997995991983968,0.0,0.0,0.8296593186372746,0.49899799599198397,-0.002489970872264767,0.13481161936104047
28979,6,0.5345758730785473,0.44288577154308617,0.0,0.0,0.657314629258517,0.9038076152304609,-0.06790572889555668,0.13977695116848685
28979,7,0.539914837901103,0.6232464929859719,0.0,0.0,0.5551102204408818,0.4468937875751503,0.08108759602507427,0.15591322990207834
29018,0,0.6111995798510524,0.9679358717434869,0.0,0.0,0.8036072144288577,0.5070140280561122,0.0760254479090724,0.43779441390828283
29018,1,0.6094237695088,0.9378757515030061,0.0,0.0,0.8957915831663327,0.19839679358717435,0.20382350220331982,0.3871344592051958
29018,2,0.655430207956348,0.9879759519038076,0.0,0.0,0.9619238476953907,0.24248496993987975,-0.05393099980011134,0.3616276294055215
29018,3,0.5517809961818049,0.9539078156312625,0.0,0.0,0.7855711422845691,0.08817635270541083,-0.09420117265087992,0.47008509281649846
29018,4,0.6468143865888185,0.9919839679358717,0.0,1.0,0.7755511022044088,0.48096192384769537,-0.02571188211350804,0.4221574066184153
29018,5,0.6351334859024981,0.9979959919839679,0.0,1.0,0.875751503006012,0.16633266533066132,0.22276153185551514,0.45999267456467163
29018,6,0.6585319392183355,0.9819639278557114,0.0,0.0,0.8857715430861723,0.22845691382765532,0.10376400404990518,0.4516183401210247
29018,7,0.4802989495520683,0.7274549098196392,0.0,0.0,0.8597194388777555,0.09218436873747494,-0.026465464858471448,0.4705641213046293
29179,0,0.8545483479568172,0.9939879759519038,0.0,1.0,1.0,0.9979959919839679,0.08539334444675718,0.5498550789015169
29179,1,0.8071684025411697,0.9939879759519038,0.0,1.0,0.9979959919839679,0.9959919839679359,-0.01908950755509358,0.4991125424776756
29179,2,0.8368678328209445,0.9939879759519038,0.0,1.0,0.9939879759519038,0.9959919839679359,0.19900846173561204,0.5236424363925328
29179,3,0.7858613477748562,0.9939879759519038,0.0,1.0,0.9719438877755511,0.9959919839679359,-0.06884149404187258,0.5882933999461224
29179,4,0.8355152716112589,0.9939879759519038,0.0,1.0,0.9899799599198397,0.9979959919839679,0.13484892908638557,0.5476487635398744
29179,5,0.852488246874483,0.9979959919839679,0.0,1.0,0.9859719438877755,0.9939879759519038,0.02865926891725201,0.5732605133943002
29179,6,0.7905218950728674,0.9879759519038076,0.0,0.0,0.9899799599198397,0.9939879759519038,-0.12518177889478382,0.5863147998227051
29179,7,0.8876687491203963,0.9979959919839679,0.0,1.0,0.9919839679358717,0.9939879759519038,0.011469075850655435,0.57675092149846
29221,0,0.8042654886960994,0.9959919839679359,0.0,1.0,0.9799599198396793,0.9959919839679359,-0.21230144823319197,0.16316694739606463
29221,1,0.8171045415270093,0.9979959919839679,0.0,1.0,0.9859719438877755,1.0,-0.21481260832502938,0.197747145741598
29221,2,0.7429483867790654,0.9919839679358717,0.0,1.0,0.9438877755511023,1.0,-0.0797869551806935,0.2575257545322598
29221,3,0.7831429299779862,0.9979959919839679,0.0,1.0,0.9939879759519038,0.9939879759519038,0.11211222173667228,0.16863735678223402
29221,4,0.8096802675532284,1.0,1.0,1.0,0.9959919839679359,0.9939879759519038,-0.18233901539601216,0.21884174479724083
29221,5,0.8017749748324303,0.9939879759519038,0.0,1.0,0.9579158316633266,0.9939879759519038,0.31197226394972105,0.2572943792482896
29221,6,0.7852472413985352,0.9979959919839679,0.0,1.0,0.9979959919839679,0.9959919839679359,0.20112460434003754,0.2235314069183873
29221,7,0.7364692761222567,0.9859719438877755,0.0,0.0,0.9579158316633266,0.9599198396793587,0.1780519902773719,0.26427049321047763
29400,0,0.6777885115552182,0.9919839679358717,0.0,1.0,0.969939879759519,0.9899799599198397,0.02607370665322022,0.24382502862766472
29400,1,0.5290175469101644,0.8376753507014028,0.0,0.0,0.9539078156312625,0.9939879759519038,0.1889283674232789,0.20611888860506855
29400,2,0.7363942629595142,1.0,1.0,1.0,0.9859719438877755,0.9959919839679359,0.12803431074941532,0.2300102302922993
29400,3,0.6003605324256065,0.9619238476953907,0.0,0.0,0.9819639278557114,0.969939879759519,0.04744985271568754,0.21914130049593994
29400,4,0.4812017513873657,0.7334669338677354,0.0,0.0,0.8537074148296593,0.9579158316633266,0.10952283615999879,0.21058112491015976
29400,5,0.4555723740413864,0.45490981963927857,0.0,0.0,0.7735470941883767,0.9739478957915831,0.03766563942178957,0.1886813480189216
29400,6,0.5804136174766134,0.9478957915831663,0.0,0.0,0.9719438877755511,0.9919839679358717,0.2817940727480939,0.24444992921519662
29400,7,0.5011807322766639,0.7915831663326653,0.0,0.0,0.9519038076152304,0.7955911823647295,-0.03214595194946719,0.21809888172413336
29511,0,0.545002768581895,0.43687374749499,0.0,0.0,0.9959919839679359,1.0,0.2809204429727903,0.7379744845383296
29511,1,0.5308112283419377,0.4348697394789579,0.0,0.0,0.9959919839679359,1.0,0.3522282528810931,0.7399567108973447
29511,2,0.49563509239991865,0.374749498997996,0.0,0.0,0.9919839679358717,0.9859719438877755,0.6216869383553086,0.7446456799844755
29511,3,0.5119587387161829,0.33867735470941884,0.0,0.0,0.9919839679358717,1.0,0.37256938091802866,0.7556892166155234
29511,4,0.5470980897910934,0.7755511022044088,0.0,0.0,0.9979959919839679,1.0,0.7156530411300314,0.772915634115785
29511,5,0.5782304116927045,0.47695390781563124,0.0,0.0,0.9899799599198397,1.0,0.030333005790783216,0.7601664272232362
29511,6,0.5759405156478596,0.4188376753507014,0.0,0.0,0.9919839679358717,1.0,0.02127893624436502,0.7566198919873067
29511,7,0.5400534279758399,0.7354709418837675,0.0,0.0,0.9959919839679359,1.0,0.3491035670994309,0.746692394435478
29591,0,0.47447608246917394,0.9018036072144289,0.0,0.0,0.8837675350701403,0.8216432865731463,-0.021284154174951594,0.1809477720898436
29591,1,0.5037927247301253,0.8617234468937875,0.0,0.0,0.8416833667334669,0.4749498997995992,0.2274305120667106,0.2114415338839476
29591,2,0.5440448532282438,0.9258517034068137,0.0,0.0,0.8957915831663327,0.3907815631262525,0.26262991330376023,0.22459692650401475
29591,3,0.4947060544103345,0.8797595190380761,0.0,0.0,0.9078156312625251,0.27054108216432865,0.04907832647395605,0.19487395545378935
29591,4,0.4960140354662011,0.7254509018036072,0.0,0.0,0.9298597194388778,0.6833667334669339,0.06869029532526295,0.19215141744902073
29591,5,0.4516184151861952,0.8937875751503006,0.0,0.0,0.7935871743486974,0.9438877755511023,0.2722039952139934,0.3063059065642575
29591,6,0.5254209155366518,0.7855711422845691,0.0,0.0,0.843687374749499,0.6372745490981964,0.2497087090182782,0.2053317864931781
29591,7,0.490047139206797,0.5891783567134269,0.0,0.0,0.8036072144288577,0.3246492985971944,0.23150776748787663,0.20402617978836432
29610,0,0.7128241628419609,1.0,1.0,1.0,0.9979959919839679,0.9919839679358717,-0.06339363395927956,0.116509530276579
29610,1,0.7229006330591266,0.9879759519038076,0.0,0.0,0.9939879759519038,0.9799599198396793,0.15320058583839757,0.14637029598004797
29610,2,0.7114792598823003,1.0,1.0,1.0,0.9939879759519038,0.9899799599198397,0.2387842814421965,0.1609726878313078
29610,3,0.4031194404638792,0.9959919839679359,0.0,1.0,0.6613226452905812,0.9919839679358717,-0.04059245143549941,0.1382576911522391
29610,4,0.7074721965067525,1.0,1.0,1.0,0.9939879759519038,0.9979959919839679,0.02275870223020453,0.15428409997924322
29610,5,0.7823849727631085,0.9959919839679359,0.0,1.0,0.9559118236472945,0.9939879759519038,0.05365385697440175,0.1271517469078759
29610,6,0.7556475206678922,0.9939879759519038,0.0,1.0,0.9899799599198397,0.9298597194388778,0.25113220977836426,0.1320726582868168
29610,7,0.7005734368170661,0.9979959919839679,0.0,1.0,0.9839679358717435,1.0,-0.060925654240286814,0.1145382643250157
29717,0,0.7472338650008971,0.9739478957915831,0.0,0.0,0.8857715430861723,0.7214428857715431,0.08153258093836047,0.29609562921468413
29717,1,0.7857635654665276,0.9759519038076152,0.0,0.0,0.9939879759519038,0.8917835671342685,0.09734389266126228,0.3553628314788414
29717,2,0.813032416316215,0.9919839679358717,0.0,1.0,0.9438877755511023,0.9398797595190381,-0.05661229543190763,0.4086399210401822
29717,3,0.8211510138870604,0.9759519038076152,0.0,0.0,0.969939879759519,0.8877755511022044,0.17757222795573838,0.38300092175053535
29717,4,0.7670274014545275,0.9739478957915831,0.0,0.0,0.9659318637274549,0.8416833667334669,0.22558106053055807,0.4158669257124154
29717,5,0.807051225981824,0.9819639278557114,0.0,0.0,0.9959919839679359,0.9398797595190381,0.16574439286360226,0.4350628583421466
29717,6,0.7443839711036987,0.9719438877755511,0.0,0.0,0.9839679358717435,0.9378757515030061,0.2692573389602155,0.3418230706757987
29717,7,0.6343760805415233,0.9579158316633266,0.0,0.0,0.9659318637274549,0.22244488977955912,0.2113524122676879,0.4522385003226626
29815,0,0.7930053845852427,0.9799599198396793,0.0,0.0,0.905811623246493,0.9659318637274549,0.3345920721452411,0.555784128331098
29815,1,0.8092566160472032,0.9879759519038076,0.0,0.0,0.935871743486974,0.9599198396793587,0.1531716735647447,0.6058533368872644
29815,2,0.8282661015413828,0.9959919839679359,0.0,1.0,0.9318637274549099,0.9819639278557114,0.09545253828096524,0.5754536334498119
29815,3,0.8730368224652882,1.0,1.0,1.0,0.9659318637274549,0.9839679358717435,0.09433250996533077,0.5952537107155689
29815,4,0.789455747790428,0.969939879759519,0.0,0.0,0.9619238476953907,0.935871743486974,0.47381754193959147,0.6380477905553127
29815,5,0.8495085985101869,1.0,1.0,1.0,0.9859719438877755,0.9759519038076152,0.2710017281175607,0.5760100608845464
29815,6,0.7992919686679786,0.9899799599198397,0.0,0.0,0.9759519038076152,0.9879759519038076,0.08262417019052315,0.6107842897665486
29815,7,0.7506375747325833,0.9739478957915831,0.0,0.0,0.9799599198396793,0.9659318637274549,0.22352215865348707,0.6129633150486243
29831,0,0.6664944241588657,0.9799599198396793,0.0,0.0,0.7434869739478958,0.7535070140280561,0.11960058859166138,0.15981532777000093
29831,1,0.652585879367188,0.9799599198396793,0.0,0.0,0.9719438877755511,0.8196392785571143,-0.03369483485060422,0.18089023111583366
29831,2,0.6119143376140651,0.9018036072144289,0.0,0.0,0.9879759519038076,0.7054108216432866,0.09849285098925166,0.17530302998534456
29831,3,0.6419257831540854,0.8136272545090181,0.0,0.0,0.8056112224448898,0.9619238476953907,-0.023707156091246875,0.14861307157141132
29831,4,0.5897236956253281,0.8156312625250501,0.0,0.0,0.8617234468937875,0.8316633266533067,0.19146002702677925,0.1643522266833382
29831,5,0.6857579252980489,0.9559118236472945,0.0,0.0,0.9418837675350702,0.8957915831663327,0.05245062945148803,0.19018023013521362
29831,6,0.6443763360423631,0.9619238476953907,0.0,0.0,0.4969939879759519,0.9318637274549099,0.1255511707918129,0.16869838036911192
29831,7,0.6553813068725851,0.9519038076152304,0.0,0.0,0.781563126252505,0.7414829659318637,-0.06159704362501219,0.17541524470431866
29903,0,0.6795694148671996,1.0,1.0,1.0,0.9979959919839679,0.9138276553106213,0.2857650154908296,0.5006394410639773
29903,1,0.6074255003314808,0.9879759519038076,0.0,0.0,1.0,0.7114228456913828,0.32405654145567137,0.556278298211039
29903,2,0.5784911340972794,0.9438877755511023,0.0,0.0,0.8316633266533067,0.5350701402805611,0.03118769078613601,0.4585624916220048
29903,3,0.6022268517307989,0.9799599198396793,0.0,0.0,0.9819639278557114,0.9879759519038076,0.24084592365416174,0.4555438477709757
29903,4,0.6861206020492473,1.0,1.0,1.0,0.9018036072144289,0.5230460921843687,0.057031679589424025,0.5068958298813961
29903,5,0.6171376545919842,0.9659318637274549,0.0,0.0,0.8336673346693386,0.5871743486973948,-0.12074538767769624,0.36212856334887655
29903,6,0.7028680727387226,1.0,1.0,1.0,0.6352705410821643,0.8937875751503006,-0.09818040329211312,0.49481300746129536
29903,7,0.6617937204881802,0.9899799599198397,0.0,0.0,0.9979959919839679,0.9899799599198397,0.20011177171806951,0.4794090923467741
29942,0,0.5036522382579869,0.41282565130260523,0.0,0.0,0.9378757515030061,0.4709418837675351,0.07564314911450512,0.275314732492492
29942,1,0.4890753825990342,0.3166332665330661,0.0,0.0,0.9278557114228457,0.501002004008016,-0.12274394418512892,0.21983428486079196
29942,2,0.5525883324820097,0.685370741482966,0.0,0.0,0.8937875751503006,0.6893787575150301,-0.13332638663571061,0.19553137357570208
29942,3,0.5175625837582921,0.6292585170340681,0.0,0.0,0.7555110220440882,0.8236472945891784,0.04285549728514055,0.23708827877921143
29942,4,0.5395201306034484,0.4589178356713427,0.0,0.0,0.9659318637274549,0.4228456913827655,0.27189294421902793,0.1848081511255652
29942,5,0.5032551537571418,0.43286573146292584,0.0,0.0,0.5511022044088176,0.5671342685370742,0.11598651311201134,0.24337165904394756
29942,6,0.4358341639577436,0.2725450901803607,0.0,0.0,0.5971943887775552,0.7775551102204409,0.11057309905036956,0.31098689729268597
29942,7,0.5715882031506726,0.4909819639278557,0.0,0.0,0.7935871743486974,0.7254509018036072,0.12171505547852587,0.22714880291481745
30016,0,0.4476076528659686,0.3787575150300601,0.0,0.0,0.9799599198396793,0.3106212424849699,-0.04011788532090815,0.48323520592006475
30016,1,0.49125564977189484,0.4308617234468938,0.0,0.0,1.0,0.2925851703406814,0.5257148005831959,0.5399138508892138
30016,2,0.4010663778725747,0.12424849699398798,0.0,0.0,0.9959919839679359,0.2985971943887776,0.13817661914185708,0.397762139758999
30016,3,0.49901456930243604,0.45090180360721444,0.0,0.0,1.0,0.6593186372745491,0.3022324025604533,0.4470016701789633
30016,4,0.4718844853843741,0.4909819639278557,0.0,0.0,1.0,0.18837675350701402,0.19667293010019501,0.396528933073376
30016,5,0.5555132555977496,0.5370741482965932,0.0,0.0,1.0,0.1402805611222445,0.021809822643705352,0.3480681988266497
30016,6,0.5275794151149487,0.8376753507014028,0.0,0.0,1.0,0.24248496993987975,0.0575699892286733,0.3458822323192635
30016,7,0.4772146871808773,0.23647294589178355,0.0,0.0,0.9959919839679359,0.9458917835671342,0.09909575686060967,0.3877561321835972
30068,0,0.6537141698156671,0.9919839679358717,0.0,1.0,0.9799599198396793,0.8877755511022044,-0.16255004793165856,0.08679592226840173
30068,1,0.4925665123054296,0.1623246492985972,0.0,0.0,0.9438877755511023,0.8136272545090181,-0.027994839730111163,0.1220175107780664
30068,2,0.4565103721402859,0.12024048096192384,0.0,0.0,0.9138276553106213,0.7334669338677354,0.017027256000901405,0.13276119233168535
30068,3,0.4726813332979949,0.12224448897795591,0.0,0.0,0.9238476953907816,0.8657314629258517,0.023629834195573334,0.1248625319466331
30068,4,0.4695958572705152,0.16633266533066132,0.0,0.0,0.8677354709418837,0.843687374749499,0.013108767692699919,0.09886759319806465
30068,5,0.4640425203690064,0.17234468937875752,0.0,0.0,0.9298597194388778,0.905811623246493,0.09226613313684938,0.12690908992125785
30068,6,0.48453413639485554,0.17234468937875752,0.0,0.0,0.9378757515030061,0.9318637274549099,-0.008911023762058398,0.12074756418092188
30068,7,0.4975585339979126,0.23647294589178355,0.0,0.0,0.9298597194388778,0.9078156312625251,-0.11465821646501818,0.1120519907637706
30077,0,0.8091688257157006,0.9859719438877755,0.0,0.0,0.9939879759519038,0.779559118236473,-0.05180467961909462,0.05143990645205732
30077,1,0.7346634141558196,0.9819639278557114,0.0,0.0,0.49498997995991983,1.0,-0.08390714462823289,0.03872638790158739
30077,2,0.8657364599834974,0.9899799599198397,0.0,0.0,0.8537074148296593,0.9879759519038076,0.008124467425724702,0.04045237412044542
30077,3,0.6289232381718525,0.9539078156312625,0.0,0.0,0.9799599198396793,0.9959919839679359,0.07325633627761562,0.03896323261395425
30077,4,0.8639860504212171,0.9919839679358717,0.0,1.0,0.8356713426853707,0.9979959919839679,-0.05182209920458602,0.0383076042773333
30077,5,0.658069668726158,0.9519038076152304,0.0,0.0,0.4348697394789579,0.8496993987975952,-0.11114564054202301,0.04146268014916153
30077,6,0.6740343161580324,0.9659318637274549,0.0,0.0,0.7354709418837675,0.9298597194388778,-0.052445527542484986,0.03875315193852135
30077,7,0.8333485091454504,0.9879759519038076,0.0,0.0,0.9659318637274549,0.9979959919839679,-0.05811300373532406,0.038851227674714876
30139,0,0.5839251209977092,0.9819639278557114,0.0,0.0,0.9599198396793587,0.9879759519038076,0.27455567863963104,0.19581381780696985
30139,1,0.6731067336598704,0.9819639278557114,0.0,0.0,0.905811623246493,0.9639278557114228,0.11510151686339366,0.23583487224562114
30139,2,0.6977403748083335,0.9959919839679359,0.0,1.0,0.8356713426853707,0.9679358717434869,-0.030207156497845274,0.19310985132361344
30139,3,0.689181857766836,0.9899799599198397,0.0,0.0,0.9839679358717435,0.9438877755511023,0.1783358528692101,0.21683036043951043
30139,4,0.7343462281154627,1.0,1.0,1.0,0.9959919839679359,0.9919839679358717,0.13614029483807463,0.20773863974971163
30139,5,0.6661619163656815,0.9919839679358717,0.0,1.0,0.9759519038076152,0.9639278557114228,0.2438750314201676,0.22337475505626134
30139,6,0.7291184566636486,0.9979959919839679,0.0,1.0,0.969939879759519,0.9979959919839679,0.3212870005499357,0.2413646062121265
30139,7,0.6272948938176581,0.9599198396793587,0.0,0.0,0.9819639278557114,0.9979959919839679,0.15834815491079257,0.19287986756024195
30888,0,0.6809734074864571,0.9599198396793587,0.0,0.0,0.8957915831663327,0.3527054108216433,-0.0627393031181994,0.2541307554710533
30888,1,0.6737142447715885,0.9679358717434869,0.0,0.0,0.7354709418837675,0.5511022044088176,0.049423384899527065,0.2549114677295294
30888,2,0.5391093118685948,0.9458917835671342,0.0,0.0,0.843687374749499,0.3907815631262525,-0.054960075557682564,0.2669931339072959
30888,3,0.6520026187266764,0.8517034068136272,0.0,0.0,0.6533066132264529,0.17635270541082165,-0.011114611446205624,0.23056239471196652
30888,4,0.6370684101422796,0.9478957915831663,0.0,0.0,0.8496993987975952,0.47695390781563124,-0.06745607293122803,0.26501782198018164
30888,5,0.7241247208871167,0.9559118236472945,0.0,0.0,0.9378757515030061,0.5450901803607214,0.15938180542528055,0.29263961412394457
30888,6,0.5681956481051383,0.9118236472945892,0.0,0.0,0.9979959919839679,0.8336673346693386,0.13581832993152754,0.2359621565190913
30888,7,0.6414585620420032,0.9539078156312625,0.0,0.0,0.8557114228456913,0.8096192384769539,0.0305377268354628,0.31161951016722883
30961,0,0.8061858387436089,0.9979959919839679,0.0,1.0,1.0,0.9959919839679359,0.3514802542636504,0.368951993724612
30961,1,0.7651602658459682,0.9959919839679359,0.0,1.0,0.9979959919839679,0.9959919839679359,0.35344802938679953,0.35450651612125544
30961,2,0.8166929679155941,0.9979959919839679,0.0,1.0,0.9979959919839679,0.9979959919839679,0.3907079972284118,0.34655579263218367
30961,3,0.7649043313817425,0.9919839679358717,0.0,1.0,1.0,1.0,0.12708826153580033,0.33266927983712336
30961,4,0.7588294068444816,0.9979959919839679,0.0,1.0,1.0,1.0,0.3758586060890614,0.349767804294579
30961,5,0.7678311677512468,0.9959919839679359,0.0,1.0,0.9839679358717435,0.9979959919839679,0.38236053845413254,0.3492454622998016
30961,6,0.7312191723967191,0.9939879759519038,0.0,1.0,0.9959919839679359,0.9959919839679359,0.2708673169450993,0.33679595419381403
30961,7,0.8333564342759667,1.0,1.0,1.0,1.0,0.9959919839679359,0.24690290065129045,0.33214980729910254
31234,0,0.7146164090257849,0.9919839679358717,0.0,1.0,0.9739478957915831,0.9719438877755511,-0.04000119719118832,0.1260825017363732
31234,1,0.6650802394426121,0.9859719438877755,0.0,0.0,0.843687374749499,0.9979959919839679,0.08003488712478155,0.09489359206281053
31234,2,0.6059816435089762,0.8877755511022044,0.0,0.0,0.8957915831663327,0.9679358717434869,-0.18119924442525673,0.07107223489774221
31234,3,0.6445408086471279,0.9679358717434869,0.0,0.0,0.9138276553106213,0.9559118236472945,0.10828572757141723,0.11594178432012024
31234,4,0.6586061808092474,0.9739478957915831,0.0,0.0,0.46292585170340683,0.9639278557114228,-0.059127146139352174,0.1173640937999237
31234,5,0.6323626049411244,0.9579158316633266,0.0,0.0,0.9278557114228457,0.9799599198396793,0.17797861172129936,0.11021259624196003
31234,6,0.6861495216055309,0.9739478957915831,0.0,0.0,0.9498997995991983,0.9839679358717435,0.0036964944173296355,0.13145219773971145
31234,7,0.6749449852744889,0.9579158316633266,0.0,0.0,0.9879759519038076,0.9198396793587175,0.1072336680788696,0.12391569898178506
31244,0,0.4617153190184736,0.22645290581162325,0.0,0.0,0.9859719438877755,0.8336673346693386,-0.05595021602282298,0.3079914822510618
31244,1,0.511630747853602,0.44488977955911824,0.0,0.0,0.9759519038076152,0.9458917835671342,0.12330307206121306,0.2740225624478225
31244,2,0.4616214370077416,0.44889779559118237,0.0,0.0,0.9759519038076152,0.9318637274549099,-0.05346288993269143,0.3216155877395442
31244,3,0.4423654554677251,0.30861723446893785,0.0,0.0,0.717434869739479,0.781563126252505,-0.14965885274223192,0.23009933711326797
31244,4,0.46091821529868254,0.43286573146292584,0.0,0.0,0.8196392785571143,0.4168336673346693,-0.01452910767330794,0.3139300154488609
31244,5,0.43873601974071025,0.280561122244489,0.0,0.0,0.5851703406813628,0.8356713426853707,0.14571761745394948,0.2117113952324236
31244,6,0.4661352384487103,0.27054108216432865,0.0,0.0,0.9398797595190381,0.8216432865731463,-0.000262107175219834,0.28998733699739143
31244,7,0.4621073257246154,0.17234468937875752,0.0,0.0,0.8476953907815631,0.7254509018036072,0.014103266174244969,0.2624563202280393
31251,0,0.5430590826323921,0.935871743486974,0.0,0.0,0.591182364729459,0.685370741482966,-0.39763682283497837,0.22546642655725632
31251,1,0.4706662874186715,0.9258517034068137,0.0,0.0,0.6713426853707415,0.7214428857715431,-0.3597710569769168,0.19165182971733374
31251,2,0.4812720078635901,0.8316633266533067,0.0,0.0,0.9939879759519038,0.9899799599198397,-0.29569073203040364,0.231200301126255
31251,3,0.497568192504489,0.9458917835671342,0.0,0.0,0.6412825651302605,0.6112224448897795,-0.26703519230982775,0.2394968703864547
31251,4,0.544447720257753,0.7114228456913828,0.0,0.0,0.9559118236472945,0.6332665330661322,-0.20718389454956176,0.16268615876814746
31251,5,0.536090088917625,0.9098196392785571,0.0,0.0,0.7595190380761523,0.6352705410821643,0.02550691003386016,0.29820411205863684
31251,6,0.500929365135322,0.7635270541082164,0.0,0.0,0.7054108216432866,0.3927855711422846,-0.24342104564326011,0.2752934407310386
31251,7,0.546412105124132,0.9478957915831663,0.0,0.0,0.6112224448897795,0.45090180360721444,-0.14442044054663092,0.2615420422233363
31280,0,0.7306142418125825,0.9939879759519038,0.0,1.0,0.9959919839679359,0.9639278557114228,0.17518157131024467,0.33560927128063106
31280,1,0.6901535297379755,0.9659318637274549,0.0,0.0,1.0,0.9739478957915831,0.2540167257120524,0.31041911753019485
31280,2,0.6859056731324266,0.9539078156312625,0.0,0.0,1.0,0.9939879759519038,0.26876864365697745,0.3070580883711526
31280,3,0.6136363869866506,0.9719438877755511,0.0,0.0,0.9859719438877755,0.9619238476953907,0.0805222128299659,0.2963942600871829
31280,4,0.6405025197475797,0.9639278557114228,0.0,0.0,0.9959919839679359,0.9759519038076152,-0.028182523874608914,0.26364301509159477
31280,5,0.7325908109349617,0.9959919839679359,0.0,1.0,0.9218436873747495,0.9639278557114228,0.09258639611755126,0.21752523151329264
31280,6,0.7603544970547251,0.9919839679358717,0.0,1.0,0.9979959919839679,0.9919839679358717,0.07215548898093248,0.372870974562023
31280,7,0.6736119082431331,0.9118236472945892,0.0,0.0,1.0,0.9639278557114228,0.16343377317841162,0.3509307746962914
31503,0,0.6363080155058531,0.9799599198396793,0.0,0.0,0.9839679358717435,0.9959919839679359,0.43417459932155206,0.21584639576258213
31503,1,0.666183183026436,0.9639278557114228,0.0,0.0,0.8476953907815631,0.969939879759519,-0.5112024446624742,0.2108196102637441
31503,2,0.5713758288511368,0.9659318637274549,0.0,0.0,0.9619238476953907,0.9398797595190381,0.14206696490732876,0.19987422441523864
31503,3,0.6911009558765737,0.9679358717434869,0.0,0.0,0.8957915831663327,0.9879759519038076,-0.14557012138336392,0.205827009515056
31503,4,0.5594381947038914,0.8777555110220441,0.0,0.0,0.8937875751503006,0.9839679358717435,0.4406818273554879,0.19772453069389248
31503,5,0.6758318452372415,0.9979959919839679,0.0,1.0,1.0,0.9839679358717435,0.08918881307285852,0.1529305521443502
31503,6,0.6082238811867968,0.9599198396793587,0.0,0.0,0.8877755511022044,0.9298597194388778,0.3892843280581835,0.2153730598225612
31503,7,0.6401090081614993,0.9679358717434869,0.0,0.0,0.8517034068136272,0.9899799599198397,-0.03451920376034655,0.22030479378336884
31776,0,0.6619099521108875,0.9959919839679359,0.0,1.0,0.9959919839679359,0.9899799599198397,0.3766393733938519,0.5452241812415077
31776,1,0.5158900698106846,0.7655310621242485,0.0,0.0,1.0,0.4408817635270541,0.4522583242074145,0.5603783123345533
31776,2,0.6134797434844367,0.9759519038076152,0.0,0.0,0.9979959919839679,0.9278557114228457,0.056410585020955556,0.5493319315367049
31776,3,0.6090448819127746,0.969939879759519,0.0,0.0,1.0,0.9679358717434869,0.656129590290528,0.6116672979764257
31776,4,0.6626277776357605,0.9819639278557114,0.0,0.0,0.9959919839679359,0.6172344689378757,0.23231741263542485,0.5498324883929055
31776,5,0.6164364824213471,0.9959919839679359,0.0,1.0,1.0,0.6472945891783567,0.2815381780892629,0.5597475241396122
31776,6,0.5819178186622875,0.9719438877755511,0.0,0.0,0.9979959919839679,0.32665330661322645,0.5701883717215726,0.5704384749449674
31776,7,0.5446113864055595,0.9418837675350702,0.0,0.0,1.0,0.6372745490981964,0.411580107504353,0.5660936902633688
32051,0,0.7565866983353511,1.0,1.0,1.0,0.9018036072144289,0.9739478957915831,0.15591139865841816,0.3822518613001247
32051,1,0.6298936497599847,0.9959919839679359,0.0,1.0,0.8637274549098196,0.9879759519038076,0.15526311410753504,0.3909706894517228
32051,2,0.5822523654861324,0.9458917835671342,0.0,0.0,0.9198396793587175,0.9478957915831663,0.1817038153496161,0.36503102469854465
32051,3,0.6135161972592413,0.9839679358717435,0.0,0.0,0.8977955911823647,0.8797595190380761,-0.000982903457121343,0.3801390456176905
32051,4,0.7019545589533084,1.0,1.0,1.0,0.9539078156312625,1.0,0.01593262268053508,0.34386720235944473
32051,5,0.6600221308985693,1.0,1.0,1.0,0.9559118236472945,1.0,0.16474122932361418,0.36833253094183444
32051,6,0.6300927813717964,1.0,1.0,1.0,0.9519038076152304,0.9859719438877755,0.08020627085927998,0.33673107651670187
32051,7,0.6620262905157389,0.9679358717434869,0.0,0.0,0.9539078156312625,0.905811623246493,0.1458959367382281,0.3480870316652373
32062,0,0.5452768186459245,0.6753507014028056,0.0,0.0,0.4789579158316633,0.8797595190380761,-0.09769182016120204,0.22567625501834623
32062,1,0.5699560131062633,0.8176352705410822,0.0,0.0,0.49899799599198397,0.8637274549098196,0.14029513339967906,0.2865230941085298
32062,2,0.5808644118548937,0.811623246492986,0.0,0.0,0.49899799599198397,0.8897795591182365,0.12889098565872797,0.30606628148750037
32062,3,0.5805803319464254,0.8056112224448898,0.0,0.0,0.6112224448897795,0.9318637274549099,0.14276084721106658,0.2671314743318839
32062,4,0.586971067176839,0.8396793587174348,0.0,0.0,0.6613226452905812,0.9539078156312625,-0.10204818815750841,0.24398184005724508
32062,5,0.606787549517095,0.7775551102204409,0.0,0.0,0.87374749498998,0.8537074148296593,0.13192687990816437,0.26173584663471905
32062,6,0.5804915377920046,0.6412825651302605,0.0,0.0,0.5230460921843687,0.8416833667334669,0.1265492908552726,0.2714134497568106
32062,7,0.5641573342396096,0.7314629258517034,0.0,0.0,0.4408817635270541,0.9138276553106213,-0.17777011002968857,0.19632298748515425
32140,0,0.7209053605325698,0.9819639278557114,0.0,0.0,0.9919839679358717,0.9599198396793587,-0.06034621952503694,0.5584476780996762
32140,1,0.8357078735015729,0.9899799599198397,0.0,0.0,0.9979959919839679,0.9899799599198397,0.21791050590336117,0.5397121067994594
32140,2,0.7818527826606356,0.9799599198396793,0.0,0.0,1.0,0.7334669338677354,0.11637265641497008,0.556907940831938
32140,3,0.7924289472407727,0.9779559118236473,0.0,0.0,0.9839679358717435,0.9138276553106213,0.17294698936322858,0.5157570916429618
32140,4,0.8440776855828468,0.9919839679358717,0.0,1.0,0.9819639278557114,0.9839679358717435,0.2747587493625728,0.5763165887249805
32140,5,0.8313187143517669,0.9859719438877755,0.0,0.0,0.9979959919839679,0.8677354709418837,0.1844212862601239,0.5080857008842109
32140,6,0.8495007600255897,0.9899799599198397,0.0,0.0,1.0,0.9819639278557114,-0.3056160426829122,0.5407870624484542
32140,7,0.7971669590208527,0.9819639278557114,0.0,0.0,0.9919839679358717,0.7715430861723447,0.1986972139619238,0.5427520061916027
32365,0,0.684238363034303,0.9899799599198397,0.0,0.0,0.5571142284569138,0.9939879759519038,-0.08132100558162239,0.25922239466197977
32365,1,0.6428249479966887,0.9178356713426854,0.0,0.0,0.6713426853707415,0.6673346693386774,0.22024763671812045,0.3056768251767945
32365,2,0.6378136638409377,0.9619238476953907,0.0,0.0,0.5531062124248497,0.9579158316633266,-0.05857408632209883,0.2653835452692686
32365,3,0.6292477422557639,0.9138276553106213,0.0,0.0,0.026052104208416832,0.8717434869739479,0.010544511746713933,0.2520850916801427
32365,4,0.7110938671640414,0.9839679358717435,0.0,0.0,0.3026052104208417,0.9298597194388778,0.10008387813588313,0.3145916267629574
32365,5,0.7028295659141869,0.9859719438877755,0.0,0.0,0.7134268537074149,0.9158316633266533,-0.03970978812771619,0.27245659782360504
32365,6,0.5862861444575804,0.905811623246493,0.0,0.0,0.8957915831663327,0.8877755511022044,-0.04801575001553578,0.2673940635059254
32365,7,0.6276531069444082,0.9959919839679359,0.0,1.0,0.8036072144288577,0.9719438877755511,-0.20390748626717436,0.2493674873271085
32427,0,0.6414503528396038,0.9879759519038076,0.0,0.0,0.9799599198396793,0.9258517034068137,-0.02786607053697059,0.18015727834757556
32427,1,0.5946800915213031,0.6973947895791583,0.0,0.0,0.9739478957915831,0.33867735470941884,-0.004610250149710149,0.18340607991626803
32427,2,0.6116372704198874,0.9879759519038076,0.0,0.0,0.9859719438877755,0.4028056112224449,-0.01822935879338895,0.17025971146291444
32427,3,0.5072630656169835,0.9619238476953907,0.0,0.0,0.9919839679358717,0.9118236472945892,0.10792709095048769,0.1461592775204731
32427,4,0.6003245846829612,0.9579158316633266,0.0,0.0,0.9679358717434869,0.9078156312625251,0.058240388311709905,0.2022243022212532
32427,5,0.6199497990605275,0.9839679358717435,0.0,0.0,0.905811623246493,0.9138276553106213,0.17615204957090747,0.21698747617484535
32427,6,0.6326330005868369,0.9819639278557114,0.0,0.0,0.9799599198396793,0.8076152304609219,0.03947838349310817,0.18905783482500088
32427,7,0.5737124301317282,0.9498997995991983,0.0,0.0,0.9278557114228457,0.9519038076152304,-0.028871790893433717,0.1906333353422268
32470,0,0.6090339960586284,0.843687374749499,0.0,0.0,0.22044088176352705,0.1462925851703407,-0.011917260560521427,0.10262046561172003
32470,1,0.682679339776572,0.9178356713426854,0.0,0.0,0.7054108216432866,0.16432865731462926,0.009355512220207841,0.11067422205262563
32470,2,0.6878329230069451,0.9619238476953907,0.0,0.0,0.8036072144288577,0.12625250501002003,0.04509803644431474,0.12308153649697873
32470,3,0.591400776906335,0.7154308617234469,0.0,0.0,0.5971943887775552,0.10020040080160321,-0.2679010962819889,0.09949598935531892
32470,4,0.5477755854817696,0.5991983967935872,0.0,0.0,0.18036072144288579,0.05811623246492986,-0.17151454274771183,0.10326032792521025
32470,5,0.65680715503114,0.8416833667334669,0.0,0.0,0.36472945891783565,0.13226452905811623,-0.02325556073148246,0.1035530053128252
32470,6,0.6832107858616983,0.8837675350701403,0.0,0.0,0.9318637274549099,0.1062124248496994,-0.033194373875881346,0.11756637937780312
32470,7,0.7906604112483596,0.9979959919839679,0.0,1.0,0.9519038076152304,0.8857715430861723,-0.28148263468231527,0.06638428924512385
32532,0,0.4462549646542492,0.0841683366733467,0.0,0.0,0.44488977955911824,0.5511022044088176,-0.02359137182178536,0.11571003362035823
32532,1,0.5197847165466942,0.3066132264529058,0.0,0.0,0.7635270541082164,0.687374749498998,0.1216578679496554,0.09153384519679421
32532,2,0.4854120739548834,0.15430861723446893,0.0,0.0,0.531062124248497,0.5851703406813628,0.056586343281163215,0.1244769782838288
32532,3,0.5175094281327975,0.18837675350701402,0.0,0.0,0.503006012024048,0.6392785571142284,0.0986165479911793,0.11180986541867291
32532,4,0.4245913658983677,0.12424849699398798,0.0,0.0,0.5951903807615231,0.48296593186372744,0.03820344702906893,0.10569398709816637
32532,5,0.43229555806922576,0.06613226452905811,0.0,0.0,0.46292585170340683,0.6693386773547094,0.022002757212720395,0.09615799142813021
32532,6,0.6189442057132478,0.9519038076152304,0.0,0.0,0.49298597194388777,0.8276553106212425,0.025360816747312064,0.11322319587303373
32532,7,0.504426137667638,0.1903807615230461,0.0,0.0,0.655310621242485,0.6452905811623246,0.17887902629374958,0.11340186199573915
32630,0,0.6703494768760134,0.905811623246493,0.0,0.0,0.533066132264529,0.9939879759519038,0.11355505811370178,0.3186149004931331
32630,1,0.6916378034447999,0.9619238476953907,0.0,0.0,0.3587174348697395,0.9859719438877755,-0.3239511271606462,0.263760014323405
32630,2,0.6446987172421552,0.9038076152304609,0.0,0.0,0.8036072144288577,0.9819639278557114,0.046052466530652196,0.3317489882531863
32630,3,0.5854581889793713,0.9539078156312625,0.0,0.0,0.969939879759519,0.9879759519038076,0.1034964509557324,0.33049017545336784
32630,4,0.6583493892119154,0.9498997995991983,0.0,0.0,0.35070140280561124,0.9799599198396793,-0.16407842711664622,0.3258384037943898
32630,5,0.7018310250404991,0.9659318637274549,0.0,0.0,0.9959919839679359,0.9959919839679359,-0.17080960228651226,0.2549279217677745
32630,6,0.6085717839310614,0.9899799599198397,0.0,0.0,0.9979959919839679,0.9959919839679359,-0.004898901800297809,0.2716550907112456
32630,7,0.6293089865697169,0.9639278557114228,0.0,0.0,0.811623246492986,0.9919839679358717,0.09934142487765447,0.3546440391595672
32680,0,0.7656529097837768,0.9979959919839679,0.0,1.0,0.9859719438877755,0.9859719438877755,-0.17775078777497672,0.4074615809887745
32680,1,0.7396650803992277,0.9899799599198397,0.0,0.0,0.9478957915831663,0.9919839679358717,0.22736443396778308,0.5105089094824922
32680,2,0.7724857615491615,0.9979959919839679,0.0,1.0,0.9839679358717435,0.9839679358717435,0.2586869208714687,0.5348233086877614
32680,3,0.6764758237299275,0.9959919839679359,0.0,1.0,0.9739478957915831,0.9899799599198397,0.3168661133713648,0.4361207540063736
32680,4,0.8117385703999327,1.0,1.0,1.0,0.9639278557114228,0.9899799599198397,0.4620672990423284,0.5222359506493168
32680,5,0.7654454697300255,1.0,1.0,1.0,0.9759519038076152,0.9819639278557114,0.46171182140116507,0.5244260109683592
32680,6,0.7950974068347649,0.9979959919839679,0.0,1.0,0.9739478957915831,0.9899799599198397,0.49000889370503664,0.5231880339172733
32680,7,0.7152853457377422,0.9919839679358717,0.0,1.0,0.9539078156312625,0.9779559118236473,0.009256709937476246,0.44111597132685426
32697,0,0.7924395861584935,0.9739478957915831,0.0,0.0,0.9979959919839679,0.9759519038076152,0.07475307024265757,0.360341156354692
32697,1,0.8246593163721176,0.9899799599198397,0.0,0.0,0.9879759519038076,0.9639278557114228,0.048273666704527915,0.33927531134209943
32697,2,0.7653450188263773,1.0,1.0,1.0,0.9979959919839679,0.9879759519038076,0.07147228885416158,0.23953338463447874
32697,3,0.8632444194059036,1.0,1.0,1.0,0.9959919839679359,1.0,-0.08755536138607131,0.2927187006745174
32697,4,0.7858021708213316,0.9759519038076152,0.0,0.0,0.9979959919839679,0.969939879759519,0.12363630712294661,0.3534576737499158
32697,5,0.7696712403306674,0.9839679358717435,0.0,0.0,0.9919839679358717,0.9759519038076152,0.053887294671390654,0.3410335851225868
32697,6,0.787191165317304,0.9559118236472945,0.0,0.0,0.9899799599198397,0.8777555110220441,0.2293372587696247,0.3854169110603215
32697,7,0.8010100768883638,0.969939879759519,0.0,0.0,0.9959919839679359,0.9539078156312625,0.23216685393930422,0.35275135836059773
33057,0,0.6432039702083452,0.7695390781563126,0.0,0.0,0.4168336673346693,0.8877755511022044,0.1712406842158246,0.28967923400974144
33057,1,0.5931817519556729,0.8416833667334669,0.0,0.0,0.4849699398797595,0.811623246492986,-0.0434032127300888,0.2690300756468806
33057,2,0.614071435376939,0.8336673346693386,0.0,0.0,0.46092184368737477,0.781563126252505,-0.019131600288272835,0.29621404964181974
33057,3,0.5998792199900571,0.8176352705410822,0.0,0.0,0.7234468937875751,0.8877755511022044,0.19189082097718682,0.306061348139544
33057,4,0.5848686226720994,0.7855711422845691,0.0,0.0,0.5511022044088176,0.8597194388777555,-0.14373472324414152,0.2756749668309358
33057,5,0.5615069066205098,0.7555110220440882,0.0,0.0,0.5731462925851704,0.8236472945891784,-0.13210644589350198,0.3265993292618023
33057,6,0.6145060313856142,0.8276553106212425,0.0,0.0,0.32665330661322645,0.8557114228456913,-0.26491704010586,0.2725557991184124
33057,7,0.5748825673740952,0.7915831663326653,0.0,0.0,0.7314629258517034,0.9078156312625251,0.059784405439012575,0.30076414711470173
33084,0,0.7289687959614711,0.9559118236472945,0.0,0.0,0.9979959919839679,0.14228456913827656,-0.01549646110278439,0.12376455360633391
33084,1,0.8261615994424167,0.9979959919839679,0.0,1.0,0.8697394789579158,0.17635270541082165,-0.06439886063663534,0.15380406122981832
33084,2,0.8273075403119678,1.0,1.0,1.0,0.9078156312625251,0.5270541082164328,0.11469533227088945,0.12229017895955872
33084,3,0.7576763023682372,0.9979959919839679,0.0,1.0,0.56312625250501,0.3967935871743487,0.04064459088157043,0.16383683647975955
33084,4,0.6818325428540859,0.9919839679358717,0.0,1.0,0.9859719438877755,0.21643286573146292,0.057191735075709155,0.16046333366042229
33084,5,0.7567058705225054,0.9539078156312625,0.0,0.0,0.9579158316633266,0.24048096192384769,-0.025225987328095473,0.10961168482729479
33084,6,0.656097009323964,0.9859719438877755,0.0,0.0,0.9979959919839679,0.11422845691382766,-0.05611800568089502,0.14195063442644534
33084,7,0.7511665843634729,0.9899799599198397,0.0,0.0,0.8917835671342685,0.29458917835671344,-0.2421943801948653,0.1412004788075303
33123,0,0.6931969075331259,1.0,1.0,1.0,0.8036072144288577,0.13026052104208416,0.5672619278302211,0.43449081345812884
33123,1,0.7332860492883441,1.0,1.0,1.0,0.9378757515030061,0.26452905811623245,0.5350370331016184,0.4337046124214535
33123,2,0.6448463288622663,0.8637274549098196,0.0,0.0,0.4248496993987976,0.12625250501002003,0.21573637177908456,0.420430673698107
33123,3,0.6280518914243952,0.9799599198396793,0.0,0.0,0.9478957915831663,0.08216432865731463,0.5490316790828901,0.4342381763180447
33123,4,0.6457712244686833,0.9899799599198397,0.0,0.0,0.8957915831663327,0.14228456913827656,0.4878410161011194,0.3986214933972833
33123,5,0.6739617233736215,0.9939879759519038,0.0,1.0,0.9478957915831663,0.13627254509018036,0.5920374696417426,0.4631161674589526
33123,6,0.7881098602537457,1.0,1.0,1.0,0.8957915831663327,0.050100200400801605,0.6482089916564046,0.4666347946311459
33123,7,0.6336710784983982,0.9679358717434869,0.0,0.0,0.9278557114228457,0.08817635270541083,0.6215767183124592,0.4527750677889523
33256,0,0.6959122256459507,0.9859719438877755,0.0,0.0,0.9979959919839679,0.9579158316633266,0.16006497226333924,0.6156694136960734
33256,1,0.7102577974253468,0.9899799599198397,0.0,0.0,0.9438877755511023,0.9939879759519038,-0.06314401381239566,0.6285251048623798
33256,2,0.5604363379104804,0.7194388777555111,0.0,0.0,0.8657314629258517,0.9959919839679359,0.06772758736330749,0.7192298206834915
33256,3,0.4535979612486687,0.6793587174348698,0.0,0.0,0.9498997995991983,0.8817635270541082,-0.07504060579262738,0.6338532235172668
33256,4,0.6675367741496312,0.9619238476953907,0.0,0.0,0.9679358717434869,0.9819639278557114,0.39553222595775916,0.6705255910403547
33256,5,0.5598300930332233,0.8517034068136272,0.0,0.0,0.9238476953907816,0.9018036072144289,-0.06875833266294147,0.4906129194609956
33256,6,0.616672061024921,0.9819639278557114,0.0,0.0,0.9979959919839679,0.9719438877755511,0.3916313606473528,0.6248963724291087
33256,7,0.5189600297053951,0.7735470941883767,0.0,0.0,0.9118236472945892,0.8857715430861723,-0.13827681172378523,0.5929673041395157
33264,0,0.8021425756373828,0.9979959919839679,0.0,1.0,0.9619238476953907,0.9919839679358717,0.03229592270730902,0.1260233087872256
33264,1,0.7229804812937581,0.9959919839679359,0.0,1.0,0.9939879759519038,0.9478957915831663,0.0868758472688913,0.16781888017374677
33264,2,0.6815002330899718,0.9779559118236473,0.0,0.0,0.9859719438877755,0.9378757515030061,0.013365833638455584,0.1609602965776401
33264,3,0.5590821943998165,0.9599198396793587,0.0,0.0,0.9498997995991983,0.9278557114228457,-0.03692091657240622,0.17484744892338336
33264,4,0.6700381546175194,0.9819639278557114,0.0,0.0,0.9799599198396793,0.8637274549098196,0.011394715331108207,0.17218873757898467
33264,5,0.6335993271393364,0.9759519038076152,0.0,0.0,0.9458917835671342,0.9098196392785571,0.04220582599403939,0.14593418569255612
33264,6,0.6665351812718584,0.9859719438877755,0.0,0.0,0.9839679358717435,0.9218436873747495,0.05778232457310782,0.16348726299028335
33264,7,0.6216614729716241,0.969939879759519,0.0,0.0,0.7034068136272545,0.8857715430861723,0.029280627576870204,0.17903627111554582
33336,0,0.5185577841100097,0.591182364729459,0.0,0.0,0.45490981963927857,0.9378757515030061,0.015811076777912807,0.37176726072054045
33336,1,0.6130464366050095,0.9278557114228457,0.0,0.0,0.9158316633266533,0.9659318637274549,0.01588246206550844,0.34959733750475186
33336,2,0.6420157320735456,0.9238476953907816,0.0,0.0,0.2785571142284569,0.9759519038076152,-0.02604819914259514,0.2988629382496572
33336,3,0.48325653891516696,0.7595190380761523,0.0,0.0,0.6533066132264529,0.9679358717434869,0.05991746332286733,0.3730976936032681
33336,4,0.48750411045205644,0.9078156312625251,0.0,0.0,0.6352705410821643,0.8937875751503006,0.09174325427826123,0.43726967279062146
33336,5,0.5126827332767805,0.9298597194388778,0.0,0.0,0.6452905811623246,0.9378757515030061,0.05526995529446696,0.4502650340850012
33336,6,0.5915038477130596,0.935871743486974,0.0,0.0,0.6012024048096193,0.9579158316633266,-0.025703254320276713,0.4280270771824004
33336,7,0.506196715559271,0.9018036072144289,0.0,0.0,0.717434869739479,0.9619238476953907,0.03378540992738778,0.41219315619831615
33342,0,0.5255549081954424,0.8396793587174348,0.0,0.0,0.35671342685370744,0.8496993987975952,0.023809482800213416,0.2873469338405387
33342,1,0.5088479534134506,0.9478957915831663,0.0,0.0,0.9138276553106213,0.9879759519038076,-0.07164928909239009,0.1770389147290065
33342,2,0.5594092490101439,0.9278557114228457,0.0,0.0,0.8056112224448898,0.9859719438877755,0.15873772837161584,0.21366406930322965
33342,3,0.6013326085803677,0.9939879759519038,0.0,1.0,0.40681362725450904,0.9879759519038076,-0.13942315019865897,0.1563438392377495
33342,4,0.6099118446594467,0.8356713426853707,0.0,0.0,0.5871743486973948,0.9138276553106213,0.03746160640105019,0.21413695119515927
33342,5,0.5088355807643685,0.5711422845691383,0.0,0.0,0.5450901803607214,0.9519038076152304,0.17418462353204286,0.24491943423408855
33342,6,0.6051928857517606,0.9759519038076152,0.0,0.0,0.7895791583166333,0.9959919839679359,0.0678614743147166,0.19787148531739243
33342,7,0.5593706837494323,0.8917835671342685,0.0,0.0,0.4168336673346693,1.0,0.284830919688739,0.27956724247703624
33512,0,0.5567721595601093,0.9438877755511023,0.0,0.0,0.9519038076152304,0.17635270541082165,0.23430842349203512,0.19715237909052233
33512,1,0.6481471606040243,0.9438877755511023,0.0,0.0,0.8977955911823647,0.1282565130260521,0.22908474570502133,0.2021943535118488
33512,2,0.610420684665773,0.9378757515030061,0.0,0.0,0.8476953907815631,0.18036072144288579,0.23327760098742603,0.213900274510121
33512,3,0.5722641844691032,0.8316633266533067,0.0,0.0,0.8837675350701403,0.03206412825651302,0.2556833278065253,0.25088612170191965
33512,4,0.6970769154798764,0.9979959919839679,0.0,1.0,0.8537074148296593,0.1342685370741483,-0.16163485440740144,0.18651721118865347
33512,5,0.5419811964423011,0.56312625250501,0.0,0.0,0.8056112224448898,0.19839679358717435,0.15819007318679493,0.18962737441756694
33512,6,0.5651937375403149,0.8196392785571143,0.0,0.0,0.5050100200400801,0.10821643286573146,0.2521025750215905,0.19343795035640698
33512,7,0.5504086247269915,0.5410821643286573,0.0,0.0,0.6432865731462926,0.0781563126252505,0.3055369972171246,0.18204828825937644
33863,0,0.5863102673232512,0.9338677354709419,0.0,0.0,0.969939879759519,0.9899799599198397,0.18765053841337828,0.22698438233304652
33863,1,0.5756403069832428,0.8156312625250501,0.0,0.0,0.9739478957915831,0.9799599198396793,0.013544918584944056,0.22708129537718058
33863,2,0.5437992548178243,0.8076152304609219,0.0,0.0,0.9739478957915831,0.9859719438877755,-0.018812688499642155,0.19650969803917243
33863,3,0.6064682542459472,0.9559118236472945,0.0,0.0,1.0,0.9919839679358717,0.13853450323919134,0.17882044705478403
33863,4,0.6243049493189424,0.9719438877755511,0.0,0.0,0.9959919839679359,0.9839679358717435,0.08472846398781822,0.20982675657779162
33863,5,0.5184491607474313,0.6713426853707415,0.0,0.0,0.9478957915831663,0.9859719438877755,0.09263092259308904,0.2218698861677992
33863,6,0.5822874375459083,0.935871743486974,0.0,0.0,1.0,0.9859719438877755,-0.01703810426449002,0.22997535973242772
33863,7,0.5915581160875747,0.8797595190380761,0.0,0.0,0.9979959919839679,0.9979959919839679,0.2526642138831919,0.29371391811925307
33990,0,0.7369823357468481,0.9759519038076152,0.0,0.0,0.9799599198396793,0.9258517034068137,0.02325510745434372,0.3401535685059913
33990,1,0.7898640413081375,0.9919839679358717,0.0,1.0,0.9418837675350702,0.9338677354709419,0.012469883891150634,0.3751584132603151
33990,2,0.7618115814143649,0.9599198396793587,0.0,0.0,0.9579158316633266,0.9278557114228457,0.07035845047754262,0.42492254318550127
33990,3,0.7842011770758922,0.9619238476953907,0.0,0.0,0.9519038076152304,0.9519038076152304,-0.04734424810615945,0.37105936528648703
33990,4,0.7909618642727646,0.9819639278557114,0.0,0.0,0.9719438877755511,0.49498997995991983,-0.09284390044879764,0.38716237688889366
33990,5,0.8018801773271053,0.9939879759519038,0.0,1.0,0.9539078156312625,0.9078156312625251,0.055899436607009384,0.3494615029163959
33990,6,0.7871596228581224,0.9739478957915831,0.0,0.0,0.9519038076152304,0.9318637274549099,0.03015043933027691,0.3970641923747346
33990,7,0.7429077654814141,0.9839679358717435,0.0,0.0,0.969939879759519,0.8176352705410822,0.24212358686135205,0.3645673603553849
34169,0,0.5560752368902004,0.9458917835671342,0.0,0.0,0.9759519038076152,0.593186372745491,0.1558377676609815,0.15976920767769073
34169,1,0.594110882559175,0.9979959919839679,0.0,1.0,0.9919839679358717,0.9779559118236473,0.24193794607102007,0.1637245751241506
34169,2,0.5782761875108944,0.9819639278557114,0.0,0.0,0.9599198396793587,0.9298597194388778,0.14182860858545293,0.150301759603933
34169,3,0.6741435568277179,0.9979959919839679,0.0,1.0,0.8877755511022044,1.0,0.09702305265388543,0.13989516652960224
34169,4,0.6469500692462735,0.9979959919839679,0.0,1.0,0.9799599198396793,0.9919839679358717,0.3334311992555578,0.14703289750862875
34169,5,0.6828629408371271,0.9979959919839679,0.0,1.0,0.6192384769539078,0.9719438877755511,0.08359135306816995,0.20227254686294996
34169,6,0.6417710266588053,1.0,1.0,1.0,0.9859719438877755,0.969939879759519,0.3008244670744029,0.19205651825705067
34169,7,0.5962869926291673,1.0,1.0,1.0,0.7074148296593187,0.7955911823647295,-0.06538013600142054,0.14336259363029163
34198,0,0.6125202864492507,0.8837675350701403,0.0,0.0,0.625250501002004,0.9779559118236473,-0.0306848905728417,0.20378318341386104
34198,1,0.5973785624626732,0.8797595190380761,0.0,0.0,0.9959919839679359,0.9959919839679359,0.1304575143702483,0.2604827416093105
34198,2,0.5822114071010347,0.8176352705410822,0.0,0.0,0.8096192384769539,0.9919839679358717,0.06039468061482777,0.25340473933607033
34198,3,0.6059652402092093,0.8136272545090181,0.0,0.0,0.9899799599198397,0.9859719438877755,0.12613246386469357,0.23157046948952376
34198,4,0.6537886204089848,0.9018036072144289,0.0,0.0,0.7735470941883767,0.9779559118236473,0.07356077838607172,0.2908239621673784
34198,5,0.6224379615174472,0.9959919839679359,0.0,1.0,0.8496993987975952,0.9438877755511023,0.15006279552746413,0.279750161059116
34198,6,0.6353202192194954,0.9559118236472945,0.0,0.0,0.9779559118236473,0.8537074148296593,0.2551385773232159,0.28907691972738586
34198,7,0.6240866690589539,0.8897795591182365,0.0,0.0,0.9478957915831663,0.9559118236472945,-0.01790487098390794,0.27735354212697355
34415,0,0.6972748945879034,0.9959919839679359,0.0,1.0,0.9779559118236473,0.9779559118236473,0.28320637232011864,0.1827670961146499
34415,1,0.6805627780147564,0.9959919839679359,0.0,1.0,0.9719438877755511,0.9859719438877755,0.20560637402488427,0.20004643581011083
34415,2,0.6957866364503602,0.9899799599198397,0.0,0.0,0.9779559118236473,0.8216432865731463,0.11363572447908227,0.16748169346570138
34415,3,0.7700862903488518,0.9959919839679359,0.0,1.0,0.9819639278557114,0.935871743486974,0.3105505474791379,0.18196803111099433
34415,4,0.7178405261929435,0.9939879759519038,0.0,1.0,0.9879759519038076,0.8997995991983968,0.13113147196324937,0.16204533639963392
34415,5,0.7044108605606039,0.9939879759519038,0.0,1.0,0.9258517034068137,0.905811623246493,0.16249715982669916,0.21168054930870686
34415,6,0.6981337945689872,0.9899799599198397,0.0,0.0,0.969939879759519,0.9338677354709419,0.3385801605751341,0.20754734675453415
34415,7,0.6749733719294408,0.9779559118236473,0.0,0.0,0.9939879759519038,0.9599198396793587,0.27692272161441756,0.17990837437083543
34509,0,0.5926664823340406,0.5971943887775552,0.0,0.0,0.7194388777555111,0.8016032064128257,0.2250113100272688,0.13598151059307279
34509,1,0.5284198301706291,0.46893787575150303,0.0,0.0,0.7374749498997996,0.5230460921843687,0.009824453434648498,0.12731572417456258
34509,2,0.5600503628087585,0.7114228456913828,0.0,0.0,0.811623246492986,0.33266533066132264,0.21973720890879986,0.12012669572827965
34509,3,0.5623405006057183,0.5651302605210421,0.0,0.0,0.5290581162324649,0.3927855711422846,0.19543667776713206,0.12784504942859334
34509,4,0.6174734490003136,0.8056112224448898,0.0,0.0,0.717434869739479,0.43286573146292584,0.03500751417874421,0.1250390440380568
34509,5,0.5421805211709936,0.6613226452905812,0.0,0.0,0.6112224448897795,0.5170340681362725,0.04060681245827792,0.08132180138849711
34509,6,0.5475562389317098,0.591182364729459,0.0,0.0,0.5270541082164328,0.4649298597194389,0.15390672397531335,0.1161684647463826
34509,7,0.5750222826479325,0.6492985971943888,0.0,0.0,0.4088176352705411,0.41282565130260523,-0.07383999366619064,0.12522593861115291
34565,0,0.6910936422344042,0.9899799599198397,0.0,0.0,1.0,0.9859719438877755,0.6254136940807851,0.5919804632575176
34565,1,0.7101201860185022,0.9899799599198397,0.0,0.0,0.969939879759519,0.9859719438877755,-0.37717226205053334,0.5266382147027852
34565,2,0.7241041151993577,0.9879759519038076,0.0,0.0,0.9839679358717435,0.9879759519038076,0.16673849080094327,0.562731118833955
34565,3,0.6766924181368127,0.9839679358717435,0.0,0.0,0.9819639278557114,0.9819639278557114,-0.005290417067284599,0.5820384793620257
34565,4,0.6612830696750497,0.9378757515030061,0.0,0.0,0.9859719438877755,0.9799599198396793,-0.2822955220974685,0.4905004435929294
34565,5,0.7164037902617464,0.9759519038076152,0.0,0.0,0.9859719438877755,0.9919839679358717,-0.3309591206618929,0.5413779616014678
34565,6,0.635668653183986,0.969939879759519,0.0,0.0,0.9979959919839679,0.9559118236472945,0.42249737933540954,0.5620993888459166
34565,7,0.6840494526926368,0.9599198396793587,0.0,0.0,0.9899799599198397,0.9819639278557114,-0.22277994318920044,0.5803766369597895
34854,0,0.8852271403534335,1.0,1.0,1.0,0.9398797595190381,0.9819639278557114,-0.13335854168113695,0.4351632210074492
34854,1,0.8878477836436354,1.0,1.0,1.0,0.969939879759519,0.9659318637274549,0.0784857622557391,0.47750088365713445
34854,2,0.8481693900276102,0.9959919839679359,0.0,1.0,0.9258517034068137,0.9659318637274549,0.053645181911136874,0.4140760686547316
34854,3,0.7631685707983962,0.9779559118236473,0.0,0.0,0.9539078156312625,0.9619238476953907,0.11214907503600016,0.48696754544090515
34854,4,0.8200168127399119,0.9799599198396793,0.0,0.0,0.9458917835671342,0.9579158316633266,0.09930925913804677,0.43426275758796123
34854,5,0.8415185643258485,0.9919839679358717,0.0,1.0,0.9458917835671342,0.9599198396793587,0.015340011529805546,0.4744279575132421
34854,6,0.7897927619140149,0.9719438877755511,0.0,0.0,0.9158316633266533,0.9579158316633266,0.053657280653489355,0.4251015133490968
34854,7,0.8531179014211209,0.9919839679358717,0.0,1.0,0.969939879759519,0.9659318637274549,0.07761707562712222,0.48224653959280767
34998,0,0.811657681175627,0.9979959919839679,0.0,1.0,0.9959919839679359,0.9979959919839679,0.30288979259481696,0.20752672467449826
34998,1,0.5573588899751887,0.7775551102204409,0.0,0.0,0.6052104208416834,0.21643286573146292,-0.21166539338464968,0.21884420899454782
34998,2,0.7484342000415849,0.9979959919839679,0.0,1.0,0.9939879759519038,0.9899799599198397,0.17769806666621613,0.16772728149903574
34998,3,0.6072164237146537,0.7535070140280561,0.0,0.0,0.49498997995991983,0.2665330661322645,-0.2879725950438671,0.24124509673847538
34998,4,0.7881043103849452,1.0,1.0,1.0,1.0,0.9939879759519038,0.36376092397993265,0.2109811398073353
34998,5,0.6788026708939527,0.9939879759519038,0.0,1.0,0.9679358717434869,0.9959919839679359,0.04065674844717285,0.18772684912623663
34998,6,0.7853317286242844,0.9979959919839679,0.0,1.0,0.9979959919839679,1.0,0.19138276442228896,0.22634019850563572
34998,7,0.8559352772655013,0.9979959919839679,0.0,1.0,0.9979959919839679,0.9979959919839679,0.2599076241194046,0.19580289069446888
35100,0,0.6626917703023704,0.9979959919839679,0.0,1.0,0.9799599198396793,0.9959919839679359,0.20269818676077275,0.3042158580296506
35100,1,0.6274285173927103,0.9879759519038076,0.0,0.0,0.9979959919839679,0.9919839679358717,0.17883465076511293,0.3037467986161565
35100,2,0.6371039546538597,0.9959919839679359,0.0,1.0,0.9979959919839679,0.9979959919839679,0.07842112476547913,0.16388335624768835
35100,3,0.6075433688752849,0.9959919839679359,0.0,1.0,0.9979959919839679,0.9979959919839679,0.15386389013586538,0.27632496834452713
35100,4,0.707395453301521,0.9959919839679359,0.0,1.0,0.9919839679358717,0.9799599198396793,0.1629198458940222,0.25593705895847524
35100,5,0.690508987501828,0.9919839679358717,0.0,1.0,0.9539078156312625,0.9959919839679359,0.3024009176616859,0.2868244278997
35100,6,0.7045666752203366,0.9859719438877755,0.0,0.0,0.9619238476953907,0.9939879759519038,0.1364142701708508,0.29735507576969666
35100,7,0.7119623845087792,0.9899799599198397,0.0,0.0,1.0,0.9939879759519038,0.21140559076360374,0.2428044664300603
35119,0,0.5426419469268186,0.8356713426853707,0.0,0.0,0.8216432865731463,0.9539078156312625,0.1251380248007028,0.33315068018544
35119,1,0.6366407249863829,0.9919839679358717,0.0,1.0,0.9819639278557114,0.9959919839679359,-0.03540734384438028,0.2950489186382169
35119,2,0.5633183401401656,0.8276553106212425,0.0,0.0,0.6593186372745491,0.9779559118236473,0.1301733046404507,0.22658803911827793
35119,3,0.608398898109591,0.9098196392785571,0.0,0.0,0.8476953907815631,0.9839679358717435,0.054573035874361436,0.4115981357921054
35119,4,0.5922774102878554,1.0,1.0,1.0,0.8917835671342685,1.0,0.30058804141167655,0.25823821565798216
35119,5,0.6084934072207488,0.9979959919839679,0.0,1.0,0.9819639278557114,0.9939879759519038,-0.00993781233370159,0.2433430287886178
35119,6,0.5464421793576628,0.9458917835671342,0.0,0.0,0.8376753507014028,0.9919839679358717,0.08419156272144614,0.3322143027748703
35119,7,0.5532459857953528,0.9579158316633266,0.0,0.0,0.9839679358717435,0.9879759519038076,-0.005895926416138953,0.3077312683547125
35131,0,0.7305145998830891,0.9979959919839679,0.0,1.0,0.9038076152304609,0.9939879759519038,-0.13042323542253859,0.20465813403032165
35131,1,0.5759990919632598,0.7755511022044088,0.0,0.0,0.8396793587174348,0.9739478957915831,0.26442348710029107,0.2805915607848893
35131,2,0.5949506626046763,0.9759519038076152,0.0,0.0,0.8777555110220441,0.9919839679358717,0.03167692502857267,0.24453210349105636
35131,3,0.6772671059905451,0.9278557114228457,0.0,0.0,0.9158316633266533,0.9619238476953907,0.033583332792320716,0.26587175119821443
35131,4,0.612399881023951,0.845691382765531,0.0,0.0,0.8897795591182365,0.9819639278557114,-0.03996155535617941,0.22038897382420047
35131,5,0.6901323706624913,0.9639278557114228,0.0,0.0,0.8577154308617234,0.9959919839679359,-0.007549913505043499,0.2738581765849341
35131,6,0.5705770735454019,0.9378757515030061,0.0,0.0,0.8256513026052105,0.9859719438877755,-0.0023448245032981004,0.22889821523886744
35131,7,0.7054600836961654,0.9659318637274549,0.0,0.0,0.9278557114228457,0.9979959919839679,0.20816035097505564,0.25312402362888936
35234,0,0.39015937386021105,0.052104208416833664,0.0,0.0,0.7655310621242485,0.3106212424849699,-0.0036237521849234937,0.11830100675303122
35234,1,0.42040234808151744,0.06412825651302605,0.0,0.0,0.8276553106212425,0.717434869739479,-0.0582357824276301,0.18491835033462936
35234,2,0.4205723401183271,0.04809619238476954,0.0,0.0,0.29458917835671344,0.6613226452905812,0.0029011919129721462,0.17086736603850133
35234,3,0.33528632838702405,0.02404809619238477,0.0,0.0,0.0781563126252505,0.3727454909819639,0.018644191502313615,0.19129671338661894
35234,4,0.2836532370537494,0.10020040080160321,0.0,0.0,0.9719438877755511,0.4709418837675351,-0.01960689251903625,0.17938947731405824
35234,5,0.5747841968135612,0.6733466933867736,0.0,0.0,0.9559118236472945,0.8817635270541082,0.05569114005187134,0.14276179588851642
35234,6,0.5550179230247321,0.6713426853707415,0.0,0.0,0.9839679358717435,0.9939879759519038,-0.03862882467443231,0.15313128905749654
35234,7,0.42196501311495843,0.11422845691382766,0.0,0.0,0.717434869739479,0.6973947895791583,0.06880609275781727,0.16459816643778122
35269,0,0.5721476367041047,0.6292585170340681,0.0,0.0,0.8977955911823647,0.07214428857715431,-0.2331439291301783,0.3805728734642451
35269,1,0.4662105081132557,0.35671342685370744,0.0,0.0,0.531062124248497,0.052104208416833664,0.1734124756696284,0.4348021277638731
35269,2,0.6134436839005774,0.6793587174348698,0.0,0.0,0.4288577154308617,0.09819639278557114,0.03691828191013199,0.336880891737975
35269,3,0.5079002234112298,0.6432865731462926,0.0,0.0,0.9859719438877755,0.06012024048096192,-0.011440893952133543,0.3682690034859145
35269,4,0.5212960781701258,0.6032064128256514,0.0,0.0,0.5490981963927856,0.07214428857715431,0.12320732050391435,0.41386015720256014
35269,5,0.5198957759379704,0.48697394789579157,0.0,0.0,0.56312625250501,0.05811623246492986,-0.06928867364572111,0.4097801074953732
35269,6,0.5918348150253359,0.6533066132264529,0.0,0.0,0.5150300601202404,0.052104208416833664,-0.06411188674639665,0.37058497805964286
35269,7,0.5715137727793842,0.6933867735470942,0.0,0.0,0.9498997995991983,0.06613226452905811,0.010463647898542412,0.2405532411891623
35281,0,0.6690373040315893,0.9959919839679359,0.0,1.0,0.7995991983967936,0.9979959919839679,0.14659457024607414,0.34077967040905427
35281,1,0.6394166751623487,0.9659318637274549,0.0,0.0,0.9599198396793587,0.8997995991983968,0.03661504520926502,0.41251053848011326
35281,2,0.5195219012673448,0.7374749498997996,0.0,0.0,0.8877755511022044,0.5370741482965932,0.17993247683421099,0.42507679581632746
35281,3,0.5115447035265335,0.6412825651302605,0.0,0.0,0.7755511022044088,0.6232464929859719,-0.29182275119111084,0.28141039212081087
35281,4,0.48178789408729317,0.6392785571142284,0.0,0.0,0.9719438877755511,0.9158316633266533,0.28357156856568444,0.41223725440174996
35281,5,0.5916888376169974,0.9579158316633266,0.0,0.0,0.9478957915831663,0.7474949899799599,0.08652638906203276,0.3148756355921896
35281,6,0.6516554542921208,0.9939879759519038,0.0,1.0,0.7014028056112225,0.9118236472945892,0.09599563222661,0.34474364251276385
35281,7,0.6887925654757603,0.9899799599198397,0.0,0.0,0.9298597194388778,0.9779559118236473,0.3463150696833303,0.48216191395899116
35475,0,0.44159695572037916,0.6152304609218436,0.0,0.0,0.9498997995991983,0.9779559118236473,0.029525355369432977,0.14098689857199728
35475,1,0.41949864936094106,0.779559118236473,0.0,0.0,0.9979959919839679,0.9959919839679359,-0.030421315245572754,0.12948392592506405
35475,2,0.4030891846329169,0.9118236472945892,0.0,0.0,0.9859719438877755,0.9919839679358717,0.039732033090865225,0.16111746022653686
35475,3,0.4283218757015891,0.43887775551102204,0.0,0.0,0.9879759519038076,0.9859719438877755,-0.04557225461825519,0.10689732156010598
35475,4,0.37094815912708,0.9038076152304609,0.0,0.0,0.9919839679358717,0.9839679358717435,0.03177396289198851,0.12108401416065126
35475,5,0.3168590529274607,0.8216432865731463,0.0,0.0,0.9138276553106213,0.9879759519038076,0.05627532035231,0.16087252473151123
35475,6,0.40538142982789255,0.6933867735470942,0.0,0.0,0.9979959919839679,0.9979959919839679,0.04541633002006971,0.1276773722762849
35475,7,0.3199773887007812,0.17835671342685372,0.0,0.0,0.9779559118236473,0.9959919839679359,-0.006876722212865107,0.12209861162020631
35600,0,0.6818117289466092,0.9398797595190381,0.0,0.0,0.9979959919839679,0.9519038076152304,0.09718696288480053,0.43152282531072245
35600,1,0.6890763659648067,0.9539078156312625,0.0,0.0,0.9619238476953907,0.9659318637274549,-0.4010002573570933,0.43830925673697513
35600,2,0.6103603628150891,0.9078156312625251,0.0,0.0,0.9979959919839679,0.8677354709418837,-0.04853040184319514,0.5803857417991328
35600,3,0.6373910980681055,0.9118236472945892,0.0,0.0,0.9599198396793587,0.9739478957915831,-0.3485899231696468,0.5032525019849142
35600,4,0.7861434946643497,1.0,1.0,1.0,0.9799599198396793,0.9839679358717435,0.3858621231969908,0.5074691599234601
35600,5,0.7455795553388791,1.0,1.0,1.0,0.9959919839679359,0.9979959919839679,0.6893609007765931,0.6780349353699962
35600,6,0.6195070970600137,0.8717434869739479,0.0,0.0,0.9619238476953907,0.9919839679358717,-0.25060253858855475,0.4755580180653424
35600,7,0.6292980767064253,0.9158316633266533,0.0,0.0,0.9839679358717435,0.9659318637274549,-0.040415954043097085,0.4630643400819256
35613,0,0.6179781538418795,0.9378757515030061,0.0,0.0,0.9859719438877755,0.9278557114228457,0.312143404629002,0.20769317901507361
35613,1,0.628124896385028,0.9178356713426854,0.0,0.0,1.0,0.7755511022044088,0.17052644863075767,0.17823801589913488
35613,2,0.5716419118966549,0.8336673346693386,0.0,0.0,0.9739478957915831,0.9198396793587175,0.09353779022728806,0.18985059559457812
35613,3,0.5862762598364231,0.9078156312625251,0.0,0.0,0.9779559118236473,0.9098196392785571,0.1335313715671457,0.17555194790088616
35613,4,0.6274651392402164,0.87374749498998,0.0,0.0,0.9879759519038076,0.9458917835671342,0.2954473994155027,0.20420643543008338
35613,5,0.6466363410333863,0.9418837675350702,0.0,0.0,0.8777555110220441,0.9799599198396793,0.04433813426589333,0.1881236258423753
35613,6,0.6101284007759926,0.8496993987975952,0.0,0.0,0.9859719438877755,0.8476953907815631,0.11227913744563794,0.19515782214766772
35613,7,0.5998206608350796,0.9158316633266533,0.0,0.0,0.9859719438877755,0.9238476953907816,0.24968198564351543,0.22437770074183486
35659,0,0.8257580461278398,0.9859719438877755,0.0,0.0,0.9258517034068137,0.9719438877755511,-0.022214911202482993,0.061063800692063956
35659,1,0.8461878030382018,0.9879759519038076,0.0,0.0,0.9879759519038076,0.9959919839679359,0.1249014799547439,0.08774926124771644
35659,2,0.8419871773876668,0.9899799599198397,0.0,0.0,0.9799599198396793,0.9899799599198397,0.000436980550026312,0.06939881916260263
35659,3,0.8095838726334974,0.9759519038076152,0.0,0.0,0.935871743486974,0.9839679358717435,-0.1546243719339658,0.06979866883744988
35659,4,0.8489375675516002,0.9959919839679359,0.0,1.0,0.9739478957915831,0.9759519038076152,0.08718656135060344,0.0728150978277926
35659,5,0.8207513541008588,0.9759519038076152,0.0,0.0,0.9078156312625251,0.9939879759519038,-0.06188975609340426,0.09293469880976322
35659,6,0.8206972947140385,0.9839679358717435,0.0,0.0,0.9859719438877755,0.9859719438877755,0.004658459814841842,0.0863505695954305
35659,7,0.8413355139604408,0.9819639278557114,0.0,0.0,0.9759519038076152,0.9939879759519038,0.01700576247463848,0.06780986984300182
35916,0,0.6247008434029091,0.9919839679358717,0.0,1.0,0.7675350701402806,0.5851703406813628,0.26644293850269596,0.17084754005117453
35916,1,0.7518619873606758,0.9959919839679359,0.0,1.0,0.7074148296593187,0.9959919839679359,-0.059579254195028825,0.12064492723149388
35916,2,0.7686022410907816,0.9979959919839679,0.0,1.0,0.9819639278557114,0.9899799599198397,0.02158375185587145,0.10611009329309197
35916,3,0.5936003808053132,0.7635270541082164,0.0,0.0,0.9519038076152304,0.9639278557114228,-0.03236164154340051,0.11680080320247198
35916,4,0.6638491593755432,0.9478957915831663,0.0,0.0,0.8076152304609219,0.845691382765531,-0.06514834509042135,0.11642818700093827
35916,5,0.652973819282187,0.9739478957915831,0.0,0.0,0.6693386773547094,0.7474949899799599,-0.0830941594280644,0.1488887374672202
35916,6,0.6910158955253325,0.9819639278557114,0.0,0.0,0.8076152304609219,0.9959919839679359,0.12697271602343224,0.08171826390907878
35916,7,0.7520389690386899,0.9959919839679359,0.0,1.0,0.9198396793587175,0.9719438877755511,0.15359694116021647,0.15497201868324761
35964,0,0.6086130126205691,0.8496993987975952,0.0,0.0,0.6613226452905812,0.8416833667334669,-0.01854271680834927,0.32907978433033575
35964,1,0.592514006236107,0.9879759519038076,0.0,0.0,0.9198396793587175,0.845691382765531,-0.05115751117128183,0.30102583100873875
35964,2,0.5496577471736352,0.627254509018036,0.0,0.0,0.9879759519038076,0.8416833667334669,0.043970299991947584,0.2978118773363097
35964,3,0.5896041057906378,0.7895791583166333,0.0,0.0,0.9458917835671342,0.9438877755511023,0.13277012204271965,0.33021894285364234
35964,4,0.5436096841569238,0.531062124248497,0.0,0.0,0.9879759519038076,0.7334669338677354,-0.07406462486174831,0.11443496119657581
35964,5,0.5615689841958502,0.685370741482966,0.0,0.0,0.9959919839679359,0.8717434869739479,0.2027573941398703,0.31203112536373573
35964,6,0.5611778543256716,0.5170340681362725,0.0,0.0,0.9519038076152304,0.8276553106212425,0.23466863935272073,0.34517576148594165
35964,7,0.5607285037139955,0.7675350701402806,0.0,0.0,0.9939879759519038,0.9498997995991983,0.012788133296656807,0.301180275043744
36198,0,0.6186249141786231,0.9318637274549099,0.0,0.0,0.7695390781563126,0.5410821643286573,-0.03909661626457762,0.10552494333550674
36198,1,0.5815597018353688,0.9959919839679359,0.0,1.0,0.9919839679358717,0.779559118236473,0.10855982787412238,0.11573750095269195
36198,2,0.5909241316181252,0.9899799599198397,0.0,0.0,0.7675350701402806,0.9719438877755511,0.0718432100045077,0.10152000174450028
36198,3,0.4970745239059925,0.6212424849699398,0.0,0.0,0.6933867735470942,0.5771543086172345,0.14732302178882892,0.11467523430673733
36198,4,0.6529727888684942,0.9979959919839679,0.0,1.0,0.8897795591182365,0.5871743486973948,0.01720010154440405,0.09873535077233736
36198,5,0.6160831868526041,0.9639278557114228,0.0,0.0,0.3687374749498998,0.5651302605210421,0.1586349631645639,0.11451539712273602
36198,6,0.5140873459937529,0.9579158316633266,0.0,0.0,0.8136272545090181,0.5370741482965932,-0.07339679743640332,0.09060994312652253
36198,7,0.5825049284826465,0.9719438877755511,0.0,0.0,0.9899799599198397,0.9218436873747495,0.07787603593480623,0.1262307460500203
36287,0,0.4829785059315176,0.3867735470941884,0.0,0.0,0.374749498997996,0.9298597194388778,-0.3467823373326687,0.13274383507814475
36287,1,0.5217644318259176,0.9579158316633266,0.0,0.0,0.8496993987975952,0.9859719438877755,-0.24307267447870984,0.13274436925337094
36287,2,0.5264747667560569,0.5270541082164328,0.0,0.0,0.6372745490981964,0.9879759519038076,0.1337969849934405,0.14797076425494288
36287,3,0.46386464903617525,0.5991983967935872,0.0,0.0,0.7254509018036072,0.9879759519038076,0.11192713678107398,0.07967796497308277
36287,4,0.5693187345626737,0.9559118236472945,0.0,0.0,0.9178356713426854,1.0,-0.17290676829042861,0.1403240768352087
36287,5,0.5949829362639735,0.9879759519038076,0.0,0.0,0.4589178356713427,0.9979959919839679,-0.1138629424900943,0.14437234341622468
36287,6,0.5994747834893717,0.969939879759519,0.0,0.0,0.3306613226452906,0.9959919839679359,-0.07098541275415973,0.12516452853390425
36287,7,0.5165988375975029,0.6212424849699398,0.0,0.0,0.8096192384769539,0.9979959919839679,0.12147690730521893,0.1177642942168122
36543,0,0.7742056741388961,0.9599198396793587,0.0,0.0,0.9659318637274549,0.9839679358717435,-0.11373870767097154,0.4056378333407698
36543,1,0.7816846868412459,0.9719438877755511,0.0,0.0,0.9659318637274549,0.9979959919839679,-0.00032512198733574094,0.48166642283308697
36543,2,0.7408690999719888,0.9599198396793587,0.0,0.0,0.9559118236472945,0.9939879759519038,0.053345754574181926,0.4020828450504141
36543,3,0.798259002736915,0.9779559118236473,0.0,0.0,0.9519038076152304,0.9779559118236473,-0.05712914730651466,0.484075786366333
36543,4,0.7458822434276433,0.9639278557114228,0.0,0.0,0.9599198396793587,0.9899799599198397,0.0217905785904363,0.4399069266592608
36543,5,0.7460884791586063,0.9579158316633266,0.0,0.0,0.9519038076152304,0.9879759519038076,-0.00825809683232269,0.49776983637851546
36543,6,0.7660949098840206,0.9498997995991983,0.0,0.0,0.9278557114228457,0.9839679358717435,0.021425167699901528,0.39482841925488243
36543,7,0.7913068687736979,0.9619238476953907,0.0,0.0,0.9098196392785571,0.9939879759519038,-0.10294003651373064,0.4674792522395296
36557,0,0.7404435114322016,0.9979959919839679,0.0,1.0,1.0,0.9779559118236473,0.2459064732247837,0.19401503208354878
36557,1,0.7227044165969512,1.0,1.0,1.0,0.9879759519038076,0.8677354709418837,0.02502321074450574,0.19831762160033203
36557,2,0.7175112641513897,1.0,1.0,1.0,0.9679358717434869,0.6392785571142284,0.03645919282595162,0.16056673978508654
36557,3,0.835913321887862,1.0,1.0,1.0,0.6352705410821643,0.6192384769539078,-0.15351663999421905,0.23647894372170805
36557,4,0.7385437799080153,1.0,1.0,1.0,0.9979959919839679,0.9458917835671342,0.09734104462465118,0.1812029118556469
36557,5,0.6327296102952389,0.9559118236472945,0.0,0.0,0.8817635270541082,0.4348697394789579,-0.016238794105858764,0.22876530668134387
36557,6,0.7670861267050764,1.0,1.0,1.0,0.5370741482965932,0.7354709418837675,-0.00012231812177252094,0.21297330663167888
36557,7,0.7778607257898922,0.9959919839679359,0.0,1.0,0.5591182364729459,0.8336673346693386,0.045704243184997884,0.21349935711433343
36992,0,0.6516333793058409,0.9659318637274549,0.0,0.0,0.43286573146292584,0.7855711422845691,0.004996536395450705,0.33368401619014715
36992,1,0.570580025164388,0.9939879759519038,0.0,1.0,0.531062124248497,0.5891783567134269,-0.05937935112490875,0.4258468030694521
36992,2,0.6764239824069371,0.9959919839679359,0.0,1.0,0.9659318637274549,0.28256513026052105,0.04021580950789531,0.3896342765418632
36992,3,0.6703379459746008,1.0,1.0,1.0,0.9679358717434869,0.9659318637274549,0.29093360770028076,0.4043253180910309
36992,4,0.6461316619609909,0.9979959919839679,0.0,1.0,0.9779559118236473,0.8216432865731463,0.1596054638245437,0.4211905326835559
36992,5,0.7690062486139255,0.9979959919839679,0.0,1.0,0.9599198396793587,0.4709418837675351,0.07534396965254224,0.34072264840432664
36992,6,0.6127143635069694,0.9759519038076152,0.0,0.0,0.6673346693386774,0.6432865731462926,0.0072788651772216564,0.32063575107493975
36992,7,0.7753459366664313,1.0,1.0,1.0,0.7034068136272545,0.9979959919839679,-0.02860884055842009,0.4347200205393022
37034,0,0.36256728516256964,0.006012024048096192,0.0,0.0,0.8036072144288577,0.9378757515030061,-0.08684933025584489,0.21880659586856122
37034,1,0.38389565451729224,0.014028056112224449,0.0,0.0,0.6653306613226453,0.9298597194388778,0.018079762559812942,0.24808096426969034
37034,2,0.40743374640485974,0.07014028056112225,0.0,0.0,0.9859719438877755,0.9438877755511023,0.27445187188766157,0.2741967900809392
37034,3,0.3369948768874975,0.03807615230460922,0.0,0.0,0.7995991983967936,0.9739478957915831,-0.022858456255183655,0.24991387578341165
37034,4,0.3243002396704945,0.006012024048096192,0.0,0.0,0.9038076152304609,0.9919839679358717,-0.221113722319449,0.2698767017593713
37034,5,0.48650640770188114,0.5771543086172345,0.0,0.0,0.6933867735470942,0.9979959919839679,0.062048744154873166,0.23762104932182454
37034,6,0.3715834573658342,0.008016032064128256,0.0,0.0,0.9178356713426854,0.9318637274549099,0.1416214140224222,0.26896350558867094
37034,7,0.4248096131313862,0.10020040080160321,0.0,0.0,0.6432865731462926,0.9519038076152304,0.21960529997400977,0.24070997591936796
37053,0,0.6970179207960518,0.969939879759519,0.0,0.0,0.9458917835671342,0.8657314629258517,-0.10000313546978733,0.3456220250742961
37053,1,0.8836606099912094,1.0,1.0,1.0,0.9599198396793587,0.9939879759519038,-0.08026539999020223,0.37095066627375495
37053,2,0.845811745623694,1.0,1.0,1.0,1.0,0.9959919839679359,0.019966371373724784,0.3636464677885525
37053,3,0.6888720754503707,0.9919839679358717,0.0,1.0,0.9979959919839679,0.9979959919839679,0.16570221656487333,0.367739862008058
37053,4,0.710250787856418,0.9779559118236473,0.0,0.0,0.9979959919839679,0.9939879759519038,0.21117346874044182,0.4331020106665993
37053,5,0.7642110340004019,0.9819639278557114,0.0,0.0,1.0,0.9839679358717435,0.10885976284284402,0.44532421499762637
37053,6,0.7651455446773849,0.9879759519038076,0.0,0.0,0.9939879759519038,0.9799599198396793,0.24031507872518865,0.30783828223763876
37053,7,0.851584666966419,0.9979959919839679,0.0,1.0,0.9979959919839679,0.9799599198396793,0.056683159830587505,0.3778796270424457
37255,0,0.7002246222086492,0.9959919839679359,0.0,1.0,0.9819639278557114,1.0,0.018076638544627075,0.37892905777795466
37255,1,0.8055636625517516,1.0,1.0,1.0,1.0,1.0,0.06129972963440086,0.356924640020255
37255,2,0.5156538113408636,0.8376753507014028,0.0,0.0,0.7434869739478958,0.4248496993987976,-0.0767524160574007,0.40840205920312744
37255,3,0.7388892224317505,1.0,1.0,1.0,1.0,1.0,-0.016969784465381995,0.31038627096839616
37255,4,0.7378946492801204,0.9959919839679359,0.0,1.0,1.0,0.9959919839679359,0.054331591620693065,0.41203350662721994
37255,5,0.3480800641324195,0.6913827655310621,0.0,0.0,0.7715430861723447,0.38877755511022044,0.03897381795710872,0.36651218719902084
37255,6,0.8107815195176271,1.0,1.0,1.0,0.9478957915831663,0.9979959919839679,0.16522241300369842,0.34297615019869293
37255,7,0.752241749753684,0.9959919839679359,0.0,1.0,0.9879759519038076,0.9939879759519038,0.09962192105066422,0.32486985531670226
37362,0,0.6225140336880015,0.7154308617234469,0.0,0.0,0.969939879759519,0.9238476953907816,-0.0017047734859041376,0.12766064172550423
37362,1,0.5888748847712604,0.9458917835671342,0.0,0.0,0.9278557114228457,0.9899799599198397,0.13147939745612122,0.13327714008193614
37362,2,0.6309242392184219,0.8937875751503006,0.0,0.0,0.9939879759519038,0.7595190380761523,0.22352367908001222,0.16144814685113112
37362,3,0.666270547269019,0.9298597194388778,0.0,0.0,0.9619238476953907,0.9539078156312625,0.02277797637779539,0.13685509699561474
37362,4,0.5492704163512403,0.8617234468937875,0.0,0.0,0.9398797595190381,1.0,-0.12241037184895187,0.15521842076287132
37362,5,0.5670919448140272,0.717434869739479,0.0,0.0,0.9979959919839679,0.843687374749499,-0.15866068173976064,0.17695622776777478
37362,6,0.613258762038674,0.845691382765531,0.0,0.0,0.9719438877755511,0.9418837675350702,0.013361292100168088,0.1739727796365808
37362,7,0.5927449283250803,0.7615230460921844,0.0,0.0,0.9879759519038076,0.9498997995991983,-0.05563240678256608,0.1144181939819666
37406,0,0.5407594640214439,0.6913827655310621,0.0,0.0,0.7615230460921844,0.6933867735470942,0.37277365629377973,0.5421147529898684
37406,1,0.545802978601462,0.8777555110220441,0.0,0.0,0.8877755511022044,0.5551102204408818,0.6237892716268155,0.5426443475959645
37406,2,0.5531735776510925,0.875751503006012,0.0,0.0,0.8396793587174348,0.3867735470941884,0.5936640418870055,0.5713212956702527
37406,3,0.6629038897297738,0.9819639278557114,0.0,0.0,0.7575150300601202,0.6052104208416834,0.5698035240061439,0.5325015037984139
37406,4,0.5752530759234498,0.7615230460921844,0.0,0.0,0.7675350701402806,0.6973947895791583,0.5148170575131361,0.5040119253753547
37406,5,0.536897388174862,0.9038076152304609,0.0,0.0,0.7855711422845691,0.5150300601202404,0.5950522957474478,0.5455426232106358
37406,6,0.5278760860298163,0.6152304609218436,0.0,0.0,0.7935871743486974,0.1843687374749499,0.5068493707308382,0.5381576455307102
37406,7,0.529879610671698,0.6793587174348698,0.0,0.0,0.811623246492986,0.7675350701402806,0.661630097652081,0.5630087641498536
37505,0,0.5984814852213778,0.9899799599198397,0.0,0.0,0.9899799599198397,0.9739478957915831,0.24579831280948025,0.5378966796933934
37505,1,0.643498624477993,0.9939879759519038,0.0,1.0,0.9979959919839679,0.9919839679358717,0.30021066684876374,0.5402860615341301
37505,2,0.6499094191043886,0.9939879759519038,0.0,1.0,1.0,0.9919839679358717,0.38510083151669017,0.5852442788441512
37505,3,0.6873501480156468,0.9939879759519038,0.0,1.0,0.9979959919839679,0.9959919839679359,0.20355095745125168,0.5199974993916203
37505,4,0.6492984175355292,0.9919839679358717,0.0,1.0,0.9959919839679359,0.9939879759519038,0.33791467004668685,0.4779697386575267
37505,5,0.6269978637700707,0.9879759519038076,0.0,0.0,0.9919839679358717,0.9739478957915831,0.3039654383178859,0.5769538591601502
37505,6,0.5868498867233355,0.9839679358717435,0.0,0.0,1.0,0.9879759519038076,0.36098560479896535,0.5517058519114901
37505,7,0.736012293048682,0.9979959919839679,0.0,1.0,0.9959919839679359,0.9939879759519038,0.3092378286775619,0.5129414548791165
37552,0,0.7524061181411634,0.9418837675350702,0.0,0.0,0.905811623246493,0.9438877755511023,0.1318664235822533,0.32712216745169775
37552,1,0.8003965756746068,0.9899799599198397,0.0,0.0,0.935871743486974,0.9939879759519038,0.08768299734625472,0.2876991122031936
37552,2,0.7898343531096648,0.9679358717434869,0.0,0.0,0.8036072144288577,0.9278557114228457,0.09750874761593867,0.31136805227173664
37552,3,0.7592993845253766,0.9599198396793587,0.0,0.0,0.9539078156312625,0.9639278557114228,0.337655991725535,0.3181943160488497
37552,4,0.7395135686274192,0.9478957915831663,0.0,0.0,0.8917835671342685,0.9458917835671342,-0.11504537232945991,0.2908826144547446
37552,5,0.7749181483923469,0.9679358717434869,0.0,0.0,0.9639278557114228,0.9859719438877755,0.1615454290002222,0.3359923947284729
37552,6,0.7746482388252878,0.9839679358717435,0.0,0.0,0.9238476953907816,0.9879759519038076,0.01090885480828143,0.3241471977992911
37552,7,0.7708883393519637,0.9579158316633266,0.0,0.0,0.8396793587174348,0.9579158316633266,0.06426739955219564,0.3223582209837801
37899,0,0.8465749284991657,0.9979959919839679,0.0,1.0,0.9959919839679359,0.9959919839679359,0.10166276466775527,0.12026622360078319
37899,1,0.8065742675956284,0.9739478957915831,0.0,0.0,0.9919839679358717,0.7414829659318637,0.1026992039284188,0.15309478431018902
37899,2,0.8430500400908587,0.9939879759519038,0.0,1.0,0.9959919839679359,1.0,0.01603542904527944,0.09497686934116688
37899,3,0.8535704056957509,0.9919839679358717,0.0,1.0,0.9959919839679359,0.9959919839679359,0.05919773847954231,0.10500462246043582
37899,4,0.8786234671696656,0.9979959919839679,0.0,1.0,1.0,0.9959919839679359,0.10401735463789026,0.11205916669189403
37899,5,0.8556537465371361,0.9959919839679359,0.0,1.0,0.9959919839679359,1.0,0.02126568456889736,0.10280991406657222
37899,6,0.7298388715106262,0.9639278557114228,0.0,0.0,0.7855711422845691,0.39478957915831664,0.13983612938033108,0.14518094576609253
37899,7,0.8539025762517123,0.9939879759519038,0.0,1.0,0.9979959919839679,1.0,0.05918328775053456,0.10266896739741307
38091,0,0.4800801804644773,0.5290581162324649,0.0,0.0,0.9178356713426854,0.9478957915831663,0.005404761919376132,0.059473746922120485
38091,1,0.3971287888901146,0.2565130260521042,0.0,0.0,0.9038076152304609,0.9839679358717435,-0.002765973146572756,0.067307566261104
38091,2,0.4845736477774443,0.5250501002004008,0.0,0.0,0.8817635270541082,0.9599198396793587,-0.071266436659827,0.046741689136361154
38091,3,0.41934057466433394,0.48096192384769537,0.0,0.0,0.9819639278557114,0.8817635270541082,0.16936721208205688,0.052147384912437
38091,4,0.5420275568933337,0.6152304609218436,0.0,0.0,0.8797595190380761,0.9298597194388778,-0.02536177282376917,0.03539424017944025
38091,5,0.45690036881554047,0.3286573146292585,0.0,0.0,0.9619238476953907,0.935871743486974,0.03279109718100614,0.05583602283393809
38091,6,0.4759883271775479,0.48296593186372744,0.0,0.0,0.9398797595190381,0.8256513026052105,0.030158013095500723,0.0516216407371246
38091,7,0.43683008460076445,0.16032064128256512,0.0,0.0,0.16032064128256512,0.8296593186372746,0.033135494736242804,0.05030275081491258
38194,0,0.6467144201355215,0.8897795591182365,0.0,0.0,0.8997995991983968,0.935871743486974,0.3364713698256585,0.32882004432657497
38194,1,0.5781461588102246,0.8657314629258517,0.0,0.0,0.9218436873747495,0.87374749498998,0.249720550146802,0.33168758543467647
38194,2,0.6979617760002598,0.9118236472945892,0.0,0.0,0.9458917835671342,0.7755511022044088,0.06137848662338425,0.2920086629173153
38194,3,0.7414121256170983,0.9539078156312625,0.0,0.0,0.9919839679358717,1.0,0.033976589017800526,0.2778233202605833
38194,4,0.6623638227728484,0.9258517034068137,0.0,0.0,0.9739478957915831,0.9959919839679359,0.22662932736176206,0.3070917353439613
38194,5,0.6659181166795058,0.9138276553106213,0.0,0.0,0.905811623246493,0.8316633266533067,0.12116212547624479,0.2493174147339802
38194,6,0.6899980962376737,0.9078156312625251,0.0,0.0,0.9298597194388778,0.9198396793587175,0.34469743492507116,0.36266006087082847
38194,7,0.7099614276916679,0.9278557114228457,0.0,0.0,0.9599198396793587,0.9158316633266533,0.25880389413747223,0.3277639979534647
38375,0,0.5780865483567893,0.9138276553106213,0.0,0.0,0.969939879759519,0.87374749498998,0.37940346932967256,0.29682367391424996
38375,1,0.5324306566200054,0.7555110220440882,0.0,0.0,0.8877755511022044,0.8797595190380761,0.3909484245632456,0.2637857440527585
38375,2,0.590420127728372,0.655310621242485,0.0,0.0,0.905811623246493,0.8857715430861723,0.24427374535457516,0.27935159058786924
38375,3,0.5815675305874215,0.8096192384769539,0.0,0.0,0.8977955911823647,0.9098196392785571,0.28846691421690035,0.2843613460518184
38375,4,0.5515620192934635,0.8657314629258517,0.0,0.0,0.9899799599198397,0.9258517034068137,0.31460617640713806,0.31220910253106426
38375,5,0.5502280456397284,0.5410821643286573,0.0,0.0,0.8557114228456913,0.8837675350701403,0.31300320601539333,0.3073549015354418
38375,6,0.5406360869948438,0.8416833667334669,0.0,0.0,0.8416833667334669,0.8697394789579158,0.4754282329208052,0.32895196234036256
38375,7,0.5703070678414578,0.7214428857715431,0.0,0.0,0.9298597194388778,0.8056112224448898,0.32535194400702244,0.30025405227332486
38380,0,0.6126563031345574,0.8577154308617234,0.0,0.0,0.9038076152304609,0.7775551102204409,0.05848370846657245,0.33801456021241255
38380,1,0.7293307986140207,0.9939879759519038,0.0,1.0,0.9398797595190381,0.9959919839679359,0.3667645226710085,0.3944540686440877
38380,2,0.5957825214846384,0.751503006012024,0.0,0.0,0.8396793587174348,0.9639278557114228,-0.052812082004284625,0.300761239315059
38380,3,0.6798722812305142,0.9779559118236473,0.0,0.0,0.9939879759519038,0.9879759519038076,-0.17373452370700115,0.30365774047022903
38380,4,0.5919208877681515,0.7855711422845691,0.0,0.0,0.5470941883767535,0.7595190380761523,-0.03268448230426965,0.33379017628223834
38380,5,0.6403631610268765,0.9378757515030061,0.0,0.0,0.9138276553106213,0.9478957915831663,0.40710876327412787,0.3552607042203985
38380,6,0.6960803699238243,0.9979959919839679,0.0,1.0,0.9859719438877755,0.9979959919839679,0.14608125898200502,0.30737528136093123
38380,7,0.7149736732876124,0.9939879759519038,0.0,1.0,0.9438877755511023,0.9879759519038076,0.06489506060198574,0.2719979782943155
38833,0,0.6954645720818629,0.9879759519038076,0.0,0.0,0.9979959919839679,0.8977955911823647,0.3976444748992067,0.2769123543818338
38833,1,0.7166337805605224,0.9959919839679359,0.0,1.0,0.9919839679358717,0.9899799599198397,0.5949936062555208,0.31703734018052937
38833,2,0.6985896522409913,0.9899799599198397,0.0,0.0,0.9899799599198397,0.9919839679358717,0.5808089997709691,0.2954837286235483
38833,3,0.6401792925717451,0.9158316633266533,0.0,0.0,0.9659318637274549,0.9919839679358717,0.5151517598115206,0.3295041705481019
38833,4,0.6674873426079163,0.9859719438877755,0.0,0.0,0.9639278557114228,0.9939879759519038,0.4906138879946938,0.2603442564596293
38833,5,0.7174773163348237,0.9899799599198397,0.0,0.0,0.9919839679358717,0.9959919839679359,0.6989420822539775,0.29009656420931673
38833,6,0.7050895035416342,0.9719438877755511,0.0,0.0,0.9799599198396793,0.9919839679358717,0.24812900258523796,0.2345798360937345
38833,7,0.7364299052191818,0.9919839679358717,0.0,1.0,0.9879759519038076,0.9959919839679359,0.42242586759514983,0.28497039183512113
38887,0,0.7072360812770531,0.9879759519038076,0.0,0.0,0.9719438877755511,0.9779559118236473,0.144831992123663,0.25114817943807805
38887,1,0.7395594765391957,0.9899799599198397,0.0,0.0,0.9639278557114228,0.9579158316633266,0.1274409791003154,0.3012193878142532
38887,2,0.7287911324252849,0.9899799599198397,0.0,0.0,0.9819639278557114,0.9458917835671342,0.21602387378995583,0.34532027917710406
38887,3,0.6619646829302113,0.9739478957915831,0.0,0.0,0.9979959919839679,0.9819639278557114,0.06992027330664752,0.37351475189633365
38887,4,0.7405343300133183,0.9899799599198397,0.0,0.0,0.9819639278557114,0.9458917835671342,0.1860562564229987,0.3130330555170612
38887,5,0.7046183465641818,0.9919839679358717,0.0,1.0,0.9739478957915831,0.9198396793587175,-0.007020253467145278,0.30861308080324545
38887,6,0.7262768653987639,0.9919839679358717,0.0,1.0,0.9679358717434869,0.9779559118236473,0.0056746158913861975,0.3516407341590154
38887,7,0.734820369954035,1.0,1.0,1.0,0.9819639278557114,0.9739478957915831,0.3029515866037803,0.34006476901625526
39183,0,0.6683593880498238,0.9879759519038076,0.0,0.0,0.8677354709418837,0.9579158316633266,0.2818568417493762,0.13841573990652606
39183,1,0.6858212588423438,0.9799599198396793,0.0,0.0,0.6392785571142284,0.9959919839679359,0.2601760591301972,0.14697614016969698
39183,2,0.7219440044256782,0.9959919839679359,0.0,1.0,0.8496993987975952,0.9939879759519038,0.3617311149248395,0.1569854959464971
39183,3,0.7964682105252479,0.9959919839679359,0.0,1.0,0.7595190380761523,0.9919839679358717,0.2940911436426678,0.15166707846421254
39183,4,0.6874683096412145,0.9879759519038076,0.0,0.0,0.9899799599198397,0.9879759519038076,-0.24335091350086435,0.10656549549278022
39183,5,0.6362805622027636,0.9839679358717435,0.0,0.0,0.845691382765531,0.9679358717434869,0.4088635306257745,0.16289480618205265
39183,6,0.6399553256296627,0.9799599198396793,0.0,0.0,0.9739478957915831,0.9879759519038076,0.44645474596304635,0.15921490916415326
39183,7,0.5344363595037581,0.7474949899799599,0.0,0.0,0.9338677354709419,0.7354709418837675,0.2989394171481043,0.15551195062821502
39288,0,0.8012153304846656,0.9959919839679359,0.0,1.0,0.9719438877755511,0.9979959919839679,0.13964521683658007,0.25734952636258046
39288,1,0.8515073472572284,1.0,1.0,1.0,0.9899799599198397,0.9899799599198397,0.13581084816402786,0.29761499925698137
39288,2,0.6428598219939321,0.9939879759519038,0.0,1.0,0.9378757515030061,0.9739478957915831,-0.16448505791913612,0.23608822324277762
39288,3,0.7923844697276823,0.9939879759519038,0.0,1.0,0.9919839679358717,0.969939879759519,0.18424701678040248,0.21830428848516556
39288,4,0.8283178612088116,0.9979959919839679,0.0,1.0,0.9959919839679359,1.0,0.1308676980229161,0.2729167556106933
39288,5,0.787724284241968,0.9919839679358717,0.0,1.0,0.9799599198396793,0.9859719438877755,0.03824623399473397,0.20591998511980067
39288,6,0.8079311034028558,0.9939879759519038,0.0,1.0,0.9819639278557114,1.0,-0.10360863805759049,0.2297913343304207
39288,7,0.8017138467069722,0.9879759519038076,0.0,0.0,0.9619238476953907,0.9278557114228457,0.17008694664524807,0.25638205035030986
39384,0,0.5648099146947057,0.9178356713426854,0.0,0.0,0.9018036072144289,0.9679358717434869,0.03489414694094811,0.2517123536894298
39384,1,0.5484140190659896,0.8657314629258517,0.0,0.0,0.9679358717434869,0.9959919839679359,0.036550507258982845,0.25487871743327334
39384,2,0.5371633775883884,0.7114228456913828,0.0,0.0,0.969939879759519,0.9979959919839679,0.28578592592729696,0.23393034738666446
39384,3,0.4988768068868114,0.7695390781563126,0.0,0.0,0.9739478957915831,0.9979959919839679,0.07094581385563095,0.30136384820349404
39384,4,0.4874705593020001,0.7194388777555111,0.0,0.0,0.9498997995991983,0.9859719438877755,0.020550586884006808,0.28121581498820375
39384,5,0.5330900572908237,0.5791583166332666,0.0,0.0,0.9779559118236473,0.9959919839679359,0.06046739782816899,0.3014619771446427
39384,6,0.5310163322387973,0.8997995991983968,0.0,0.0,0.9919839679358717,1.0,0.18268181169600273,0.24417638686794307
39384,7,0.5509273476128065,0.7054108216432866,0.0,0.0,0.7835671342685371,0.9839679358717435,0.07366030938124207,0.22296146063878872
39490,0,0.6258003850329013,0.9919839679358717,0.0,1.0,0.8877755511022044,0.13026052104208416,-0.08237658335309476,0.2299544187815583
39490,1,0.7959622916064831,0.9979959919839679,0.0,1.0,0.969939879759519,0.6232464929859719,0.11161007637961454,0.2939780776659339
39490,2,0.7138619233926562,0.9979959919839679,0.0,1.0,0.9498997995991983,0.6212424849699398,0.3358105769759456,0.29388246664570816
39490,3,0.5157300505183567,0.9839679358717435,0.0,0.0,0.9979959919839679,0.1963927855711423,-0.1025180014492419,0.2675893624717848
39490,4,0.6096480685061849,0.9839679358717435,0.0,0.0,0.9679358717434869,0.12024048096192384,0.09230653384844995,0.28425140335417587
39490,5,0.6189352747576446,0.9919839679358717,0.0,1.0,0.9378757515030061,0.22244488977955912,0.2642693225795286,0.2704215127188049
39490,6,0.7208748488448835,0.9959919839679359,0.0,1.0,0.9659318637274549,0.28256513026052105,0.3627102146365802,0.29550076038715006
39490,7,0.7092798117981453,0.9919839679358717,0.0,1.0,0.9859719438877755,0.37074148296593185,-0.04298346999736047,0.24733581138358945
39557,0,0.6792770921224707,0.9478957915831663,0.0,0.0,0.9799599198396793,0.9579158316633266,0.17300543101243623,0.1637154326175419
39557,1,0.6023685574207671,0.9839679358717435,0.0,0.0,0.9799599198396793,0.9899799599198397,0.28756297201572145,0.20192646053857605
39557,2,0.5742030707654482,0.8617234468937875,0.0,0.0,0.8036072144288577,0.9519038076152304,0.01497060151805427,0.14994068210106035
39557,3,0.6083904192695586,0.9599198396793587,0.0,0.0,0.8857715430861723,0.6432865731462926,0.0730206404789387,0.14690111978027343
39557,4,0.5942760079072817,0.8537074148296593,0.0,0.0,0.969939879759519,0.4709418837675351,0.10794787389177705,0.170414413325022
39557,5,0.6337882774942056,0.8777555110220441,0.0,0.0,0.9398797595190381,0.9719438877755511,0.26654092845902955,0.18340249729617153
39557,6,0.6858770800584798,0.9218436873747495,0.0,0.0,0.969939879759519,0.8977955911823647,0.213019835953783,0.15783354572179445
39557,7,0.6345813205052016,0.9438877755511023,0.0,0.0,0.9719438877755511,0.9779559118236473,-0.07194812019634907,0.1527214263485826
39756,0,0.515567745880618,0.6112224448897795,0.0,0.0,0.7655310621242485,0.9559118236472945,0.07809401205084457,0.4546201377717772
39756,1,0.4962543434233927,0.4408817635270541,0.0,0.0,0.9278557114228457,0.8236472945891784,-0.3377758711951064,0.44353053771678597
39756,2,0.5253032490933398,0.3527054108216433,0.0,0.0,0.8657314629258517,0.9278557114228457,-0.0047862726906708905,0.48429953665841147
39756,3,0.5192599036463682,0.7134268537074149,0.0,0.0,0.935871743486974,0.9458917835671342,0.05609004963389536,0.3697240768022545
39756,4,0.4642034924537197,0.3927855711422846,0.0,0.0,0.7214428857715431,0.9218436873747495,-0.13351286658155959,0.47249812393559376
39756,5,0.5163590748492517,0.7715430861723447,0.0,0.0,0.7374749498997996,0.9579158316633266,0.0726531387912741,0.435592735470342
39756,6,0.5519249494479501,0.7615230460921844,0.0,0.0,0.9739478957915831,0.9739478957915831,0.03948342390036359,0.34845029244755676
39756,7,0.39852842295728597,0.3967935871743487,0.0,0.0,0.9438877755511023,0.9719438877755511,-0.1203697551032099,0.5248466588495405
39793,0,0.4663653928264977,0.3867735470941884,0.0,0.0,0.8957915831663327,0.6893787575150301,0.22553525804723992,0.3412847159310307
39793,1,0.5238025334589944,0.7394789579158316,0.0,0.0,0.9639278557114228,0.9599198396793587,-0.10435390844762885,0.33633532176210174
39793,2,0.4560693236294684,0.30060120240480964,0.0,0.0,0.9298597194388778,0.7635270541082164,0.2692324863276263,0.35956365561282205
39793,3,0.41505703311828573,0.18637274549098196,0.0,0.0,0.8717434869739479,0.7575150300601202,-0.10238510920222982,0.34563744457083756
39793,4,0.48419441020021103,0.20641282565130262,0.0,0.0,0.7975951903807615,0.48296593186372744,0.1472497093413269,0.3043363851383739
39793,5,0.5138246285530869,0.6793587174348698,0.0,0.0,0.9278557114228457,0.8877755511022044,-0.18744281034954932,0.316330011668722
39793,6,0.4711529147563308,0.2905811623246493,0.0,0.0,0.8396793587174348,0.7615230460921844,0.16495076457422106,0.3270503801805635
39793,7,0.5152359877346837,0.8557114228456913,0.0,0.0,0.8917835671342685,0.7214428857715431,0.10477473444834447,0.3080850703700064
39920,0,0.6450749102785971,0.9899799599198397,0.0,0.0,0.9579158316633266,0.9899799599198397,0.06823276194702697,0.42678561555286904
39920,1,0.5600967291841427,0.9398797595190381,0.0,0.0,0.9438877755511023,0.9719438877755511,0.25045226399664433,0.42249264334000486
39920,2,0.5716444493203091,0.9879759519038076,0.0,0.0,0.9659318637274549,0.9859719438877755,0.05674061592052088,0.3466476352195813
39920,3,0.5336950937325624,0.9559118236472945,0.0,0.0,0.8817635270541082,0.9879759519038076,-0.2518342464265839,0.38131152059455103
39920,4,0.589108696244171,0.9418837675350702,0.0,0.0,0.8496993987975952,0.9759519038076152,0.2988897948135965,0.3435814203509493
39920,5,0.603668164703047,0.9679358717434869,0.0,0.0,0.8356713426853707,0.9799599198396793,0.4392287227604164,0.3377303653048109
39920,6,0.6539812683415168,0.9498997995991983,0.0,0.0,0.9799599198396793,0.9819639278557114,0.3120153446134958,0.3959676145259041
39920,7,0.6563680380862407,0.9799599198396793,0.0,0.0,0.9759519038076152,0.9819639278557114,0.2844841899440356,0.4349028743755593
39986,0,0.5107326211869239,0.5791583166332666,0.0,0.0,0.9839679358717435,0.9799599198396793,-0.07978200536844063,0.21874009772689726
39986,1,0.5859048509659824,0.9979959919839679,0.0,1.0,0.9839679358717435,0.9679358717434869,0.06562529642405779,0.2639792972269198
39986,2,0.5240555237176352,0.8957915831663327,0.0,0.0,0.8937875751503006,0.9939879759519038,0.02280259020494619,0.24671300111458236
39986,3,0.674121037440072,0.9939879759519038,0.0,1.0,0.9619238476953907,0.9919839679358717,0.0007398632237569266,0.2311621103993244
39986,4,0.587199974002821,0.9619238476953907,0.0,0.0,0.9799599198396793,0.9919839679358717,0.07434075119336597,0.26321444189743864
39986,5,0.5200865145643435,0.9098196392785571,0.0,0.0,0.9939879759519038,0.9859719438877755,-0.15634761250441523,0.18179216191460718
39986,6,0.5122247310636905,0.6933867735470942,0.0,0.0,0.8857715430861723,0.9919839679358717,0.1758326580548005,0.25037274463423
39986,7,0.4817668062811293,0.5831663326653307,0.0,0.0,0.9899799599198397,0.9498997995991983,0.10560296053479509,0.27986933860581065
40269,0,0.6050344952291409,0.9318637274549099,0.0,0.0,0.6172344689378757,0.751503006012024,-0.04911228693255441,0.2198740461149176
40269,1,0.6448005552877929,0.9679358717434869,0.0,0.0,0.8997995991983968,0.9198396793587175,-0.1730866130611014,0.24428756747758748
40269,2,0.7152110411904258,0.9859719438877755,0.0,0.0,0.8537074148296593,0.9539078156312625,0.044785434603529906,0.3633276322536614
40269,3,0.7198824018513545,0.9859719438877755,0.0,0.0,0.7715430861723447,0.781563126252505,-0.16850539816250587,0.33075470845979493
40269,4,0.6436977280967251,0.9819639278557114,0.0,0.0,0.7615230460921844,0.6653306613226453,-0.10060149983123695,0.2185440351363785
40269,5,0.6901998267951279,0.969939879759519,0.0,0.0,0.4408817635270541,0.6452905811623246,-0.10801570713482879,0.33313743182730876
40269,6,0.7614420874566741,0.9939879759519038,0.0,1.0,0.8877755511022044,0.875751503006012,-0.0732025864996312,0.3004067286766189
40269,7,0.5173020686851661,0.8577154308617234,0.0,0.0,0.9418837675350702,0.9779559118236473,0.020409789675887923,0.31657903982824426
40756,0,0.6557914788603157,0.9719438877755511,0.0,0.0,0.8657314629258517,0.0,-0.08029904342198978,0.1930827721163989
40756,1,0.6819866393293568,0.9939879759519038,0.0,1.0,0.7034068136272545,0.07214428857715431,0.06837655729418628,0.19692600922323406
40756,2,0.648621378899789,0.9619238476953907,0.0,0.0,0.8577154308617234,0.002004008016032064,0.19222208978955385,0.1865897212118173
40756,3,0.7167271142899555,0.9899799599198397,0.0,0.0,0.8997995991983968,0.002004008016032064,0.1503649282709166,0.208876075305503
40756,4,0.6337830270029761,0.9919839679358717,0.0,1.0,0.8837675350701403,0.006012024048096192,0.16921857440212726,0.22459671827875172
40756,5,0.664792002528384,0.9919839679358717,0.0,1.0,0.5250501002004008,0.002004008016032064,0.04932485004036382,0.21756298798841153
40756,6,0.5954265546997806,0.9539078156312625,0.0,0.0,0.6332665330661322,0.0,0.23481645708273602,0.24063177365677452
40756,7,0.6451813408592865,0.9859719438877755,0.0,0.0,0.591182364729459,0.0,0.2590389772557075,0.1849711208668475
40798,0,0.64857596240561,0.9859719438877755,0.0,0.0,0.9759519038076152,0.9899799599198397,0.25193503895822406,0.6468680583127076
40798,1,0.6413477978792664,0.9959919839679359,0.0,1.0,0.9579158316633266,1.0,0.12455341339907433,0.560511679095122
40798,2,0.6170818383873642,0.9859719438877755,0.0,0.0,0.9559118236472945,0.9859719438877755,0.015282004460882867,0.5931660371889901
40798,3,0.7419488150375859,0.9919839679358717,0.0,1.0,0.9899799599198397,1.0,0.05846283010318774,0.6029628556379368
40798,4,0.6532321340813803,0.9879759519038076,0.0,0.0,0.9799599198396793,0.9819639278557114,0.2714130990952656,0.5728447459054319
40798,5,0.6816088767831359,0.9819639278557114,0.0,0.0,0.9939879759519038,0.9899799599198397,0.1774535153485748,0.5979529282813525
40798,6,0.6379182526116486,0.9859719438877755,0.0,0.0,0.9979959919839679,0.9879759519038076,0.21231646217429068,0.6442442684141726
40798,7,0.739219894592853,1.0,1.0,1.0,0.9899799599198397,0.9959919839679359,0.18655564205864494,0.6378160507502275
40819,0,0.7851059598498527,0.9879759519038076,0.0,0.0,0.9739478957915831,0.5751503006012024,0.2525641589950384,0.12153550121444293
40819,1,0.6982743802285647,0.9719438877755511,0.0,0.0,0.28857715430861725,0.657314629258517,-0.15003210652396562,0.10294758492593904
40819,2,0.7221780860331137,0.9879759519038076,0.0,0.0,0.8617234468937875,0.44488977955911824,0.09636791299660345,0.13134169405781354
40819,3,0.5257230162898932,0.6172344689378757,0.0,0.0,0.42084168336673344,0.843687374749499,-0.16294330103089943,0.1101569028286036
40819,4,0.6872980197124541,0.9619238476953907,0.0,0.0,0.7635270541082164,0.4228456913827655,0.12919620284826733,0.11221706035052628
40819,5,0.7309787977497126,0.9739478957915831,0.0,0.0,0.9418837675350702,0.6913827655310621,-0.009348686409370387,0.11277663399670622
40819,6,0.6807983997859225,0.9679358717434869,0.0,0.0,0.5791583166332666,0.6472945891783567,-0.08619686959960286,0.10585874920566818
40819,7,0.706119832973438,0.9739478957915831,0.0,0.0,0.591182364729459,0.4288577154308617,-0.022323890225743614,0.10124068810297442
40933,0,0.619987847347307,0.9739478957915831,0.0,0.0,0.8777555110220441,0.9979959919839679,0.07716386704830236,0.17369423476420892
40933,1,0.7133541003184382,0.9779559118236473,0.0,0.0,0.9458917835671342,1.0,0.23937560193663773,0.14637063718748802
40933,2,0.6625396416218615,0.9759519038076152,0.0,0.0,0.9839679358717435,0.9839679358717435,0.2304853415628577,0.13290220519408913
40933,3,0.6307953647240478,0.9498997995991983,0.0,0.0,0.7134268537074149,1.0,0.1627712909682495,0.165990915282692
40933,4,0.48205134878462846,0.35070140280561124,0.0,0.0,0.3687374749498998,0.8496993987975952,-0.052288603209494015,0.14590856467323488
40933,5,0.6286738406286675,0.9519038076152304,0.0,0.0,0.8236472945891784,0.9919839679358717,-0.019625810408999675,0.1628840807309374
40933,6,0.5021728679293656,0.22444889779559118,0.0,0.0,0.6352705410821643,0.8537074148296593,0.16020493972419766,0.11771171056419143
40933,7,0.6503180171454688,0.9478957915831663,0.0,0.0,0.811623246492986,0.9839679358717435,-0.04332449449913546,0.1562322636760955
40990,0,0.48601547154451263,0.23647294589178355,0.0,0.0,0.9959919839679359,0.9498997995991983,0.1367501887495535,0.49215276357488574
40990,1,0.5588249946818482,0.9438877755511023,0.0,0.0,0.9979959919839679,0.9899799599198397,0.4745684910715661,0.5359823483477154
40990,2,0.6330521743807793,0.9599198396793587,0.0,0.0,1.0,0.9879759519038076,0.5043559075347696,0.5693181721594077
40990,3,0.5110630858378362,0.7775551102204409,0.0,0.0,1.0,1.0,0.39069233886963506,0.5291231662143536
40990,4,0.5295339709061723,0.40080160320641284,0.0,0.0,0.9979959919839679,0.9719438877755511,0.17125367014335688,0.500051596138178
40990,5,0.587776199911184,0.8797595190380761,0.0,0.0,0.9859719438877755,0.9839679358717435,0.5054908078432689,0.5583027712935378
40990,6,0.5359443707062359,0.8837675350701403,0.0,0.0,1.0,0.9519038076152304,0.4360152952803639,0.4739423985798496
40990,7,0.6639516192337205,0.9959919839679359,0.0,1.0,1.0,0.9719438877755511,0.46810704940897063,0.5063704875202886
41120,0,0.5059558243376278,0.6492985971943888,0.0,0.0,0.3346693386773547,0.687374749498998,-0.025348281102837857,0.0222891819171471
41120,1,0.6184512169244123,0.8496993987975952,0.0,0.0,0.2565130260521042,0.9138276553106213,0.007872014573497954,0.028309622637684936
41120,2,0.6967755267547471,0.9799599198396793,0.0,0.0,0.5571142284569138,0.935871743486974,0.00752733130954254,0.0294405312668085
41120,3,0.7361635928938897,0.9839679358717435,0.0,0.0,0.7535070140280561,0.9278557114228457,0.031351139246184864,0.03233287563715291
41120,4,0.6331704058781507,0.7935871743486974,0.0,0.0,0.22845691382765532,0.9278557114228457,-0.019989861273918108,0.0345615563780846
41120,5,0.5376264292744106,0.6613226452905812,0.0,0.0,0.28857715430861725,0.8577154308617234,-0.06306119042492979,0.027406543333368824
41120,6,0.5684167000870937,0.7394789579158316,0.0,0.0,0.40480961923847697,0.8897795591182365,0.09025901212227457,0.03511499734227903
41120,7,0.6115957896491254,0.8236472945891784,0.0,0.0,0.3867735470941884,0.8877755511022044,-0.05581050068437218,0.026624861184337583
41402,0,0.626902612602014,0.9779559118236473,0.0,0.0,0.9939879759519038,0.9919839679358717,0.18820648716359778,0.313917951752581
41402,1,0.6069651818067627,0.9438877755511023,0.0,0.0,0.9719438877755511,1.0,0.16020469296691542,0.3809507825270547
41402,2,0.6352907060092464,0.9599198396793587,0.0,0.0,0.9979959919839679,0.9959919839679359,0.030998207304635206,0.3379315602425257
41402,3,0.616666951826664,0.9298597194388778,0.0,0.0,0.9759519038076152,0.9979959919839679,0.25620518986760094,0.3794568778759266
41402,4,0.6220542990357991,0.9639278557114228,0.0,0.0,0.9599198396793587,0.9979959919839679,-0.0008510641815354518,0.38492383914019807
41402,5,0.6169399134358262,0.9599198396793587,0.0,0.0,0.9839679358717435,0.9919839679358717,0.1544571677196834,0.3884681730811642
41402,6,0.6459515165961145,0.9679358717434869,0.0,0.0,0.9298597194388778,0.9859719438877755,0.14201841864601314,0.3902798867043536
41402,7,0.6450567207163028,0.9599198396793587,0.0,0.0,0.9799599198396793,0.9939879759519038,0.17926992514104043,0.42931890524962213
41540,0,0.5419275822132448,0.685370741482966,0.0,0.0,0.9478957915831663,0.9819639278557114,0.39467589565936523,0.24351846134659175
41540,1,0.6328100846722353,0.9679358717434869,0.0,0.0,0.9979959919839679,1.0,0.5687997309957696,0.2527477291797607
41540,2,0.5560011047145093,0.9318637274549099,0.0,0.0,0.9799599198396793,0.9879759519038076,0.15009847367155532,0.19927168326213157
41540,3,0.6278510123580453,0.9338677354709419,0.0,0.0,0.9298597194388778,0.9939879759519038,0.4199674365864441,0.23636016637842783
41540,4,0.5695440033669432,0.8937875751503006,0.0,0.0,0.9539078156312625,0.9779559118236473,0.5778461260748966,0.2767990104104253
41540,5,0.6421610703809826,0.9659318637274549,0.0,0.0,0.9478957915831663,0.9899799599198397,0.5193734375691043,0.24909449864736316
41540,6,0.6250845329130998,0.9959919839679359,0.0,1.0,0.9218436873747495,0.9939879759519038,0.37238845143733196,0.2259481842064601
41540,7,0.6009013262777072,0.9438877755511023,0.0,0.0,0.8336673346693386,0.9879759519038076,-0.16898297931298567,0.18809871567228512
41555,0,0.7713991814881633,0.9919839679358717,0.0,1.0,0.657314629258517,0.9498997995991983,-0.007579374568227526,0.2154431491993058
41555,1,0.793928032922182,0.9959919839679359,0.0,1.0,0.9919839679358717,0.9498997995991983,0.31197965873577715,0.30232835338226344
41555,2,0.7370820752223228,0.9859719438877755,0.0,0.0,0.9679358717434869,0.7274549098196392,0.1829419666415342,0.22894003097550583
41555,3,0.8195597199883915,0.9919839679358717,0.0,1.0,1.0,0.9378757515030061,0.35347593078641104,0.3383533681791806
41555,4,0.786471829775089,0.9919839679358717,0.0,1.0,0.9939879759519038,0.9478957915831663,0.40299830866175224,0.3270119647991202
41555,5,0.7831111041102605,0.9959919839679359,0.0,1.0,0.9799599198396793,0.9398797595190381,0.1714354646235447,0.2710045569003365
41555,6,0.8089061299161184,0.9919839679358717,0.0,1.0,0.9899799599198397,0.9198396793587175,0.15791638543459657,0.27297958497008246
41555,7,0.7852528554359042,0.9879759519038076,0.0,0.0,0.9859719438877755,0.969939879759519,0.10065098467764545,0.252341348309994
41561,0,0.5494974866338425,0.7675350701402806,0.0,0.0,0.8056112224448898,0.8416833667334669,0.15185572177881335,0.37415000159588796
41561,1,0.5647091937001402,0.7695390781563126,0.0,0.0,0.9338677354709419,0.9118236472945892,0.33381956996787865,0.4582163570342694
41561,2,0.5188978906722875,0.503006012024048,0.0,0.0,0.9138276553106213,0.9639278557114228,0.22402348972544386,0.4689645537531764
41561,3,0.5950324895403687,0.905811623246493,0.0,0.0,0.9458917835671342,0.9318637274549099,0.13870840714397792,0.42097149117647226
41561,4,0.5469196931399637,0.43887775551102204,0.0,0.0,0.87374749498998,0.657314629258517,0.25126545819949175,0.3732197522740907
41561,5,0.5431119490454767,0.4749498997995992,0.0,0.0,0.8697394789579158,0.9338677354709419,0.35291824751524353,0.4502351862528604
41561,6,0.49475088064475414,0.37675350701402804,0.0,0.0,0.9498997995991983,0.9559118236472945,0.22756004813473138,0.423022098711901
41561,7,0.48101400295193136,0.3587174348697395,0.0,0.0,0.845691382765531,0.8056112224448898,0.258033546629341,0.38013857917693233
41592,0,0.5412124643343674,0.7915831663326653,0.0,0.0,0.9979959919839679,0.13627254509018036,0.007012131308859963,0.12187041911467743
41592,1,0.6840413125550142,0.9939879759519038,0.0,1.0,0.9899799599198397,0.5370741482965932,-0.028056890120067204,0.1436752552038628
41592,2,0.5506403290980102,0.8376753507014028,0.0,0.0,1.0,0.31462925851703405,0.017635463857308145,0.1083751311393826
41592,3,0.6136705380755164,0.9639278557114228,0.0,0.0,0.9619238476953907,0.9779559118236473,0.13611555159522656,0.13921109903066092
41592,4,0.5358415709483789,0.5511022044088176,0.0,0.0,0.9879759519038076,0.23446893787575152,0.043795063259904385,0.1458153020705058
41592,5,0.612305974085843,0.9378757515030061,0.0,0.0,0.9839679358717435,0.3587174348697395,0.11121208492770922,0.1522427233504241
41592,6,0.6141753264435694,0.9418837675350702,0.0,0.0,0.9899799599198397,0.08016032064128256,0.059203401149953656,0.14336602580474714
41592,7,0.5512765490546554,0.8957915831663327,0.0,0.0,0.9939879759519038,0.20240480961923848,0.08450579192961358,0.1515944587755495
41636,0,0.7666541473827029,0.9939879759519038,0.0,1.0,1.0,0.9979959919839679,0.022310701349514267,0.10056263866633902
41636,1,0.6990805571005214,0.9859719438877755,0.0,0.0,0.9959919839679359,0.501002004008016,-0.001307583467691316,0.1896881595101944
41636,2,0.7543806165423748,0.9899799599198397,0.0,0.0,1.0,0.9959919839679359,0.2510557446399802,0.1853958034008056
41636,3,0.621079864092114,0.9759519038076152,0.0,0.0,0.9959919839679359,0.6993987975951904,0.08022802930904331,0.16057166310670695
41636,4,0.7908586630838401,0.9979959919839679,0.0,1.0,1.0,1.0,0.25746620398631054,0.20916839893646802
41636,5,0.7416557452749573,0.9919839679358717,0.0,1.0,0.9839679358717435,0.9418837675350702,-0.002176244856557987,0.22641114160781226
41636,6,0.6861846250022181,0.9819639278557114,0.0,0.0,0.9178356713426854,0.19238476953907815,0.08813378640812733,0.2253000036288958
41636,7,0.7516379917148464,0.9899799599198397,0.0,0.0,1.0,0.9919839679358717,-0.013341810227349805,0.21411182797173084
41640,0,0.6538165906658437,0.9378757515030061,0.0,0.0,0.5450901803607214,0.9979959919839679,0.29263785957063954,0.3404327579806323
41640,1,0.6521697858566342,0.9819639278557114,0.0,0.0,0.533066132264529,0.9579158316633266,0.04513240911719895,0.31944709608253513
41640,2,0.6171621827157583,0.9799599198396793,0.0,0.0,0.7114228456913828,0.9979959919839679,0.36653062224279154,0.3301406339823034
41640,3,0.5692988770715015,0.935871743486974,0.0,0.0,0.503006012024048,0.9979959919839679,-0.0024033572768370165,0.2969350187734101
41640,4,0.6225220313541939,0.9238476953907816,0.0,0.0,0.9258517034068137,0.9559118236472945,0.13710922364316988,0.2947141736242664
41640,5,0.6484315003163601,0.9739478957915831,0.0,0.0,0.7975951903807615,0.9939879759519038,-0.20846831515805966,0.31012963464123355
41640,6,0.594068119047384,0.8276553106212425,0.0,0.0,0.3486973947895792,0.9979959919839679,0.0689359491968414,0.254159271403863
41640,7,0.6079787103051686,0.9779559118236473,0.0,0.0,0.18837675350701402,1.0,-0.2113270336555944,0.2826953171653588
41924,0,0.885509034594202,1.0,1.0,1.0,1.0,1.0,0.10575753871063162,0.6668829984791398
41924,1,0.9229822724194567,1.0,1.0,1.0,1.0,1.0,-0.058477945727722094,0.5419116503403546
41924,2,0.895169627753678,1.0,1.0,1.0,0.9799599198396793,1.0,-0.007025252605574527,0.6205528048275826
41924,3,0.9029849377310317,1.0,1.0,1.0,1.0,1.0,0.33740746415164863,0.642285065817256
41924,4,0.902247945629755,1.0,1.0,1.0,0.9979959919839679,0.9939879759519038,0.08359645531441157,0.5443426343398453
41924,5,0.8713255313342885,1.0,1.0,1.0,0.9859719438877755,1.0,0.19558722845760265,0.6995998879843426
41924,6,0.885054544693407,1.0,1.0,1.0,1.0,1.0,0.18233499110008788,0.6432651500716381
41924,7,0.9072495729702141,1.0,1.0,1.0,1.0,1.0,0.2807263383207091,0.651254408703915
41976,0,0.8041975684313849,1.0,1.0,1.0,0.9979959919839679,1.0,0.028588162373273492,0.571594429244144
41976,1,0.7487190996862678,1.0,1.0,1.0,0.8997995991983968,0.9979959919839679,0.053472473231526194,0.5328246787196239
41976,2,0.7031503674609061,0.9919839679358717,0.0,1.0,0.9779559118236473,0.9879759519038076,0.017800364199039218,0.5827683611905621
41976,3,0.7937491730973978,1.0,1.0,1.0,1.0,0.9919839679358717,0.021460208422569432,0.556386194826976
41976,4,0.7171320688992838,1.0,1.0,1.0,0.9338677354709419,1.0,0.06396371035830181,0.5822143696944261
41976,5,0.7514755426597757,1.0,1.0,1.0,0.9939879759519038,0.9939879759519038,0.042354442230383024,0.5746825537483737
41976,6,0.7627971991056158,0.9959919839679359,0.0,1.0,0.9739478957915831,0.9959919839679359,0.08419490246669102,0.6001689317868691
41976,7,0.7283679718151992,1.0,1.0,1.0,0.9759519038076152,0.9939879759519038,-0.15025424675911084,0.5110358907304647
42022,0,0.5752808095060975,1.0,1.0,1.0,0.8096192384769539,0.9839679358717435,-0.1004239581407628,0.13359940294817396
42022,1,0.6043391205597168,0.9879759519038076,0.0,0.0,0.9939879759519038,0.9979959919839679,0.08971386868856919,0.17763145680151707
42022,2,0.4891295019137031,0.8136272545090181,0.0,0.0,0.9078156312625251,0.531062124248497,-0.101454018409985,0.18169680675748337
42022,3,0.8006346149484836,1.0,1.0,1.0,0.9979959919839679,0.9899799599198397,0.001883379103119573,0.15357725393708285
42022,4,0.7441344893514541,0.9979959919839679,0.0,1.0,0.9779559118236473,0.9879759519038076,0.15269292138989862,0.15206856710043234
42022,5,0.4666401723580123,0.8997995991983968,0.0,0.0,0.9378757515030061,0.7775551102204409,-0.01265173966890151,0.13828677054364927
42022,6,0.5345319372156222,0.9418837675350702,0.0,0.0,0.7074148296593187,0.3927855711422846,-0.07688266845015054,0.15793164035876117
42022,7,0.6577973151362274,0.9098196392785571,0.0,0.0,1.0,0.9178356713426854,0.06151502058690553,0.14765076462305615
42251,0,0.647194842792237,0.9719438877755511,0.0,0.0,0.9098196392785571,0.6513026052104208,0.23983962396868524,0.16370554560523912
42251,1,0.6913717671140295,0.9839679358717435,0.0,0.0,0.9859719438877755,0.9599198396793587,0.21116679543879457,0.16310774297873804
42251,2,0.6406792704337633,0.9398797595190381,0.0,0.0,0.9839679358717435,0.9659318637274549,0.16720056597595015,0.1691170633001907
42251,3,0.6474146121421831,0.9619238476953907,0.0,0.0,0.9959919839679359,0.9258517034068137,0.24595533693312366,0.11956724750694143
42251,4,0.7238724319976896,0.9939879759519038,0.0,1.0,0.9438877755511023,0.9919839679358717,0.16169557329299286,0.12553056632420376
42251,5,0.752649538774087,0.9959919839679359,0.0,1.0,0.9418837675350702,1.0,0.176892737161909,0.17052755383641857
42251,6,0.6023983181946595,0.9018036072144289,0.0,0.0,0.7895791583166333,0.342685370741483,0.14259023340531457,0.12208724780689141
42251,7,0.6832630480462016,0.9779559118236473,0.0,0.0,0.9899799599198397,0.9418837675350702,0.22157717087336792,0.1184905535641057
42302,0,0.5359751881461943,0.4308617234468938,0.0,0.0,0.2745490981963928,0.07214428857715431,0.18262615791344178,0.1424776337731226
42302,1,0.5951273344644759,0.9258517034068137,0.0,0.0,0.6212424849699398,0.20440881763527055,-0.04848204321454159,0.14775013414946558
42302,2,0.5042967559606497,0.7775551102204409,0.0,0.0,0.11222444889779559,0.13226452905811623,0.28620156616312453,0.14348508071706478
42302,3,0.5641740772254418,0.8076152304609219,0.0,0.0,0.2545090180360721,0.08617234468937876,0.11100478698143851,0.12435839264321709
42302,4,0.47683764576175364,0.7695390781563126,0.0,0.0,0.5871743486973948,0.06813627254509018,0.24267809597262588,0.11412573624309519
42302,5,0.5149384008003228,0.8316633266533067,0.0,0.0,0.6392785571142284,0.13226452905811623,0.2706012508283825,0.13770181767503376
42302,6,0.5431381287376571,0.6933867735470942,0.0,0.0,0.1282565130260521,0.08216432865731463,0.146308590740231,0.14347931073944864
42302,7,0.5888930970014696,0.905811623246493,0.0,0.0,0.49298597194388777,0.250501002004008,-0.07573266668864442,0.10700975469185839
42466,0,0.5960150868931566,0.9579158316633266,0.0,0.0,0.8216432865731463,0.9819639278557114,0.01965141316854757,0.4404355154148847
42466,1,0.721675964769732,0.9939879759519038,0.0,1.0,1.0,1.0,0.1194087409364591,0.4478886468088155
42466,2,0.6540287045805351,0.9759519038076152,0.0,0.0,0.8496993987975952,0.9979959919839679,-0.005307296242052008,0.3950813088808142
42466,3,0.6738791958109583,0.9979959919839679,0.0,1.0,0.8416833667334669,0.9779559118236473,-0.0427217335230336,0.31993843584508924
42466,4,0.517050846573739,0.9819639278557114,0.0,0.0,0.8216432865731463,0.9959919839679359,-0.05129447473870161,0.4341052663654352
42466,5,0.5600978606444307,0.8476953907815631,0.0,0.0,0.9779559118236473,0.8256513026052105,0.03077064178593933,0.3216249700740655
42466,6,0.5894801456447203,0.9118236472945892,0.0,0.0,0.9779559118236473,0.7434869739478958,0.1059655622101988,0.3677021645346273
42466,7,0.6204800774793207,0.9719438877755511,0.0,0.0,0.9919839679358717,0.9418837675350702,-0.05817390566513556,0.5231490662773074
42679,0,0.5475292474724618,0.5430861723446894,0.0,0.0,0.9899799599198397,0.8837675350701403,0.024106503480069093,0.22099389339501965
42679,1,0.42216783578718964,0.20841683366733466,0.0,0.0,0.8476953907815631,0.8356713426853707,0.17744001918356753,0.26418411798341535
42679,2,0.6390196210743142,0.969939879759519,0.0,0.0,0.8557114228456913,0.9859719438877755,-0.06686848876772883,0.23031312368277043
42679,3,0.5017964982465908,0.3226452905811623,0.0,0.0,0.9919839679358717,0.9038076152304609,0.27927086861429473,0.2997427296680651
42679,4,0.6267252844689406,0.9338677354709419,0.0,0.0,0.9619238476953907,0.9599198396793587,0.22915643162115484,0.30319545513509216
42679,5,0.552790719357922,0.46092184368737477,0.0,0.0,0.8216432865731463,0.8016032064128257,0.30415051694206224,0.2232405230632189
42679,6,0.501133558020029,0.6112224448897795,0.0,0.0,0.9258517034068137,0.7535070140280561,0.08757893651261457,0.23139287456011548
42679,7,0.5195210357456036,0.5551102204408818,0.0,0.0,0.9659318637274549,0.8376753507014028,0.11116414094797195,0.22149927079379633
43065,0,0.5861320862869999,0.8717434869739479,0.0,0.0,0.9739478957915831,0.9739478957915831,0.2503363118470932,0.2231676677583229
43065,1,0.6615247706998282,0.9939879759519038,0.0,1.0,0.533066132264529,0.9599198396793587,0.09208100234502475,0.23456695881541753
43065,2,0.616360133350869,0.9679358717434869,0.0,0.0,0.6212424849699398,0.9238476953907816,-0.14176740960308262,0.20269308281759657
43065,3,0.5873099772910647,0.8557114228456913,0.0,0.0,0.6533066132264529,0.9418837675350702,-0.15092084452495688,0.17568987858004373
43065,4,0.6290777586861724,0.845691382765531,0.0,0.0,0.40080160320641284,0.9759519038076152,-0.06472095938389008,0.12855763707389872
43065,5,0.7007058898403439,0.9599198396793587,0.0,0.0,0.9899799599198397,0.9919839679358717,-0.02042463544472946,0.2613530987139804
43065,6,0.6722860829782542,0.9859719438877755,0.0,0.0,0.5170340681362725,0.9498997995991983,-0.2319987617135216,0.22004133056153724
43065,7,0.6781485119779034,0.8897795591182365,0.0,0.0,0.8316633266533067,0.9899799599198397,-0.10796128935284231,0.24325434796704126
43198,0,0.5286526228913964,0.9238476953907816,0.0,0.0,0.9799599198396793,0.24849699398797595,0.084566624113592,0.15479874304963964
43198,1,0.5854828950756,0.9979959919839679,0.0,1.0,1.0,1.0,0.0641168848768161,0.12632440853132385
43198,2,0.5086687795850261,0.717434869739479,0.0,0.0,0.9979959919839679,0.7094188376753507,0.14762036397760625,0.12065815273040408
43198,3,0.4965607307611998,0.935871743486974,0.0,0.0,0.9478957915831663,0.30060120240480964,0.06326114192649593,0.13590142487518658
43198,4,0.5776539856720573,0.9779559118236473,0.0,0.0,0.9959919839679359,0.9879759519038076,0.14841200185292885,0.12384351316140137
43198,5,0.6014074996341983,0.8697394789579158,0.0,0.0,0.9919839679358717,0.36472945891783565,0.01230628626140333,0.1330960219825039
43198,6,0.6242253857195446,0.9158316633266533,0.0,0.0,0.9799599198396793,0.9478957915831663,0.048423178099864364,0.12907458980728193
43198,7,0.6320289742146596,1.0,1.0,1.0,0.9939879759519038,0.9799599198396793,0.17016239905648872,0.14040776348999254
43211,0,0.708600109001913,0.9819639278557114,0.0,0.0,0.9438877755511023,1.0,-0.02469603092445345,0.3823573760734639
43211,1,0.7883194460241086,0.9879759519038076,0.0,0.0,0.8897795591182365,0.9959919839679359,-0.20178535281202126,0.3587577946890388
43211,2,0.674891956570344,0.9338677354709419,0.0,0.0,0.9739478957915831,0.9859719438877755,-0.15950469084359198,0.3631497819717105
43211,3,0.7337987126075043,0.9859719438877755,0.0,0.0,0.9959919839679359,0.9899799599198397,0.4241545077547147,0.3625371326766923
43211,4,0.5599709626051959,0.44889779559118237,0.0,0.0,0.9238476953907816,0.6132264529058116,0.11820884968332968,0.2991088165178689
43211,5,0.6266649977563077,0.87374749498998,0.0,0.0,0.7314629258517034,0.35671342685370744,-0.18608209076044968,0.30042056938776907
43211,6,0.6211958403829074,0.8997995991983968,0.0,0.0,0.9859719438877755,0.39879759519038077,-0.26044982463717914,0.34664183636934304
43211,7,0.579608210465563,0.8076152304609219,0.0,0.0,0.6793587174348698,0.8677354709418837,-0.2131849343998818,0.384450638993655
43332,0,0.5340997300977817,0.8056112224448898,0.0,0.0,0.8837675350701403,0.4649298597194389,0.07464596814826435,0.1767261624020608
43332,1,0.6065376589645359,0.9018036072144289,0.0,0.0,0.9599198396793587,0.533066132264529,0.09425800247814801,0.15708354068343033
43332,2,0.6055303120219915,0.9819639278557114,0.0,0.0,0.591182364729459,0.4529058116232465,0.09389204200989083,0.10934970972276786
43332,3,0.5452370341611036,0.8176352705410822,0.0,0.0,0.9859719438877755,0.43687374749499,-0.0022433719714475865,0.1600437780764041
43332,4,0.5946907378635443,0.9218436873747495,0.0,0.0,0.9859719438877755,0.38877755511022044,0.0865016602175182,0.1579273032331071
43332,5,0.5600467392986427,0.8517034068136272,0.0,0.0,0.9719438877755511,0.42084168336673344,0.0017979255452366338,0.18060964560186676
43332,6,0.5639654561023844,0.6933867735470942,0.0,0.0,0.9779559118236473,0.3667334669338677,0.10842016512092341,0.16920940240524937
43332,7,0.5701800552566623,0.687374749498998,0.0,0.0,0.9659318637274549,0.48096192384769537,0.02164409836921932,0.13041497886671058
43546,0,0.552494964894616,0.9639278557114228,0.0,0.0,0.8897795591182365,0.935871743486974,0.2876670454268354,0.29793524270734995
43546,1,0.4847534232509102,0.781563126252505,0.0,0.0,0.8657314629258517,0.9959919839679359,0.38076170245443464,0.3437741281490148
43546,2,0.6912056986844239,0.9959919839679359,0.0,1.0,0.8997995991983968,0.9899799599198397,0.3145253033663019,0.32459447494108756
43546,3,0.5635764172295317,0.9559118236472945,0.0,0.0,0.8376753507014028,0.9939879759519038,-0.019163807621728094,0.2970360788045959
43546,4,0.5194668471969621,0.9098196392785571,0.0,0.0,0.8857715430861723,0.9478957915831663,0.2483515746757567,0.3206947129454995
43546,5,0.5639207254679686,0.9519038076152304,0.0,0.0,0.8396793587174348,0.9739478957915831,0.3739870389594445,0.3432931627179761
43546,6,0.5508932418856811,0.7835671342685371,0.0,0.0,0.9539078156312625,0.7755511022044088,0.27388089020579387,0.31751155005005766
43546,7,0.5252159117182471,0.8677354709418837,0.0,0.0,0.8216432865731463,0.9799599198396793,0.38473612528846884,0.33210647561015166
43584,0,0.5022947020167192,0.6012024048096193,0.0,0.0,0.9859719438877755,0.3587174348697395,0.4696349560184735,0.4933994620568541
43584,1,0.5373656349820026,0.8837675350701403,0.0,0.0,0.9619238476953907,0.48096192384769537,0.4910482899621331,0.5474175490606337
43584,2,0.4925163753577787,0.4188376753507014,0.0,0.0,0.9799599198396793,0.3486973947895792,0.5342096313162161,0.5571204678196028
43584,3,0.5915416624538282,0.9679358717434869,0.0,0.0,1.0,0.49498997995991983,0.5458323359168477,0.5588199076494244
43584,4,0.5494631482689054,0.6292585170340681,0.0,0.0,0.9398797595190381,0.3927855711422846,0.46538908275565877,0.46275822664648397
43584,5,0.5769325516207641,0.8697394789579158,0.0,0.0,0.9939879759519038,0.30060120240480964,0.6721279458710115,0.5311902743885203
43584,6,0.5519694004907408,0.8196392785571143,0.0,0.0,0.9819639278557114,0.30861723446893785,0.47623267586380263,0.5102227594834217
43584,7,0.45072271861940605,0.6993987975951904,0.0,0.0,0.9859719438877755,0.374749498997996,0.38512086209584817,0.5153394245349749
44248,0,0.5911009298092391,0.8597194388777555,0.0,0.0,0.48697394789579157,0.24649298597194388,-0.05634259243239699,0.2435658923081927
44248,1,0.5929790413215577,0.717434869739479,0.0,0.0,0.8877755511022044,0.36072144288577157,0.06781070806363441,0.15340054832868022
44248,2,0.5265309801078394,0.4849699398797595,0.0,0.0,0.1843687374749499,0.19438877755511022,0.18704983307798145,0.3014823095381095
44248,3,0.6698941743738109,0.9899799599198397,0.0,0.0,0.2625250501002004,0.23046092184368738,-0.24454622496187117,0.18509498626793314
44248,4,0.5454822354157249,0.6953907815631263,0.0,0.0,0.46092184368737477,0.3306613226452906,-0.05232205096325135,0.19980714982617231
44248,5,0.6035371942574477,0.9418837675350702,0.0,0.0,0.8877755511022044,0.2665330661322645,0.08593076297049008,0.17202012579817486
44248,6,0.5614504554043865,0.751503006012024,0.0,0.0,0.8597194388777555,0.2605210420841683,-0.06808576249021338,0.2018550647665048
44248,7,0.5985947911231744,0.8917835671342685,0.0,0.0,0.8637274549098196,0.2725450901803607,0.1411589261580035,0.22970454512165578
44279,0,0.613677154714031,0.9639278557114228,0.0,0.0,0.751503006012024,0.33266533066132264,0.20130134631653301,0.44226004723515316
44279,1,0.6178352372084319,0.9659318637274549,0.0,0.0,0.8697394789579158,0.10821643286573146,0.5658594357780847,0.44317027048936164
44279,2,0.6080823011692049,0.9919839679358717,0.0,1.0,0.8056112224448898,0.7575150300601202,0.37445717439240706,0.4243806559747614
44279,3,0.6126839612414279,0.9438877755511023,0.0,0.0,0.7875751503006012,0.1462925851703407,0.42369839644614565,0.43477555221085434
44279,4,0.7544521898458277,1.0,1.0,1.0,0.8937875751503006,0.749498997995992,0.2500948349685609,0.41171253816830133
44279,5,0.5929193184400837,0.9438877755511023,0.0,0.0,0.8236472945891784,0.5551102204408818,0.4001458188750056,0.42526209201020193
44279,6,0.6482186969705986,1.0,1.0,1.0,0.9258517034068137,0.44488977955911824,0.5946403473006678,0.43822816749667354
44279,7,0.5505417185235313,0.8937875751503006,0.0,0.0,0.8897795591182365,0.24849699398797595,0.5250404550746404,0.4231130952700051
44360,0,0.7277525359155865,1.0,1.0,1.0,0.8256513026052105,0.9819639278557114,0.07519680885670599,0.17394546262438093
44360,1,0.6599957139606414,0.9759519038076152,0.0,0.0,0.7755511022044088,0.5791583166332666,0.0052923497204764225,0.18391105098977178
44360,2,0.7051841175271294,0.9959919839679359,0.0,1.0,0.9438877755511023,0.6813627254509018,-0.14302640620965462,0.25971622310594494
44360,3,0.6403205099954722,0.9919839679358717,0.0,1.0,0.9879759519038076,0.843687374749499,0.03244558133935929,0.1973533618799284
44360,4,0.614635173426259,0.9959919839679359,0.0,1.0,0.9078156312625251,0.9779559118236473,-0.07657252394724659,0.22922111721526015
44360,5,0.6235128027054316,0.9899799599198397,0.0,0.0,0.8617234468937875,0.9599198396793587,-0.10581051972831873,0.23251940808037133
44360,6,0.5884879382260886,0.8136272545090181,0.0,0.0,0.8937875751503006,0.8416833667334669,0.0610789047033848,0.24042866540692137
44360,7,0.6922908130797354,0.9979959919839679,0.0,1.0,0.7975951903807615,0.9759519038076152,0.03728516481914826,0.21245512440888237
44413,0,0.5809505376552896,0.6032064128256514,0.0,0.0,0.6693386773547094,0.9839679358717435,0.06000418078357307,0.3096886355593855
44413,1,0.534854661791683,0.5230460921843687,0.0,0.0,0.6152304609218436,0.9599198396793587,-0.2514471523574759,0.24120439820960773
44413,2,0.4941079828819376,0.6893787575150301,0.0,0.0,0.9018036072144289,0.9579158316633266,-0.13222325206375724,0.28239482012880424
44413,3,0.4032980413773012,0.5571142284569138,0.0,0.0,0.9979959919839679,0.9859719438877755,-0.09956041785895667,0.3251874584375072
44413,4,0.5017889958747133,0.43887775551102204,0.0,0.0,0.9799599198396793,0.8136272545090181,0.10594666110808049,0.3115363810049369
44413,5,0.5801808080532638,0.5771543086172345,0.0,0.0,0.9018036072144289,0.9498997995991983,0.01989938984990073,0.3605329586390861
44413,6,0.415024315415215,0.4148296593186373,0.0,0.0,0.9258517034068137,0.7214428857715431,-0.04541615209163385,0.4160418545933298
44413,7,0.5421450207638403,0.7034068136272545,0.0,0.0,0.9198396793587175,0.8416833667334669,0.11818229351312536,0.3762806805813946
44422,0,0.6500759889901034,0.9819639278557114,0.0,0.0,0.9959919839679359,0.9839679358717435,0.22939870227165465,0.3015751197803138
44422,1,0.7733301891425941,0.9979959919839679,0.0,1.0,0.9979959919839679,0.9719438877755511,0.03843273884773557,0.2988728686818953
44422,2,0.7247838258722138,0.9939879759519038,0.0,1.0,0.9899799599198397,0.969939879759519,-0.17308529890382268,0.2103646250074197
44422,3,0.7639129065455619,0.9959919839679359,0.0,1.0,0.9899799599198397,0.7194388777555111,-0.14208485210892294,0.22720078455713894
44422,4,0.7972880238068278,0.9979959919839679,0.0,1.0,0.8857715430861723,0.9659318637274549,0.017723120190324328,0.2769434337686649
44422,5,0.5779346164099326,0.9158316633266533,0.0,0.0,0.9579158316633266,0.19438877755511022,-0.2433083275440813,0.16887885576221
44422,6,0.6859297510788045,0.9819639278557114,0.0,0.0,0.9879759519038076,0.9418837675350702,0.2392693717872301,0.29032554465304
44422,7,0.6715383362037745,0.9939879759519038,0.0,1.0,0.9899799599198397,0.9759519038076152,0.2189022618200444,0.2819781895722747
44903,0,0.4996680434820527,0.5130260521042084,0.0,0.0,0.9118236472945892,0.8396793587174348,-0.031921728979231796,0.09019962015742596
44903,1,0.509672974570669,0.32064128256513025,0.0,0.0,0.9679358717434869,0.5791583166332666,0.06369325813430772,0.12217505980106512
44903,2,0.533971991287858,0.5050100200400801,0.0,0.0,0.9679358717434869,0.6833667334669339,0.13764237032292964,0.11218024566901072
44903,3,0.43075686652495315,0.21042084168336672,0.0,0.0,0.8817635270541082,0.9338677354709419,0.00837409499582629,0.10010238643043702
44903,4,0.4753740930645223,0.5711422845691383,0.0,0.0,0.9659318637274549,0.9338677354709419,-0.09732685925766428,0.11165926962558363
44903,5,0.44290218688916816,0.1282565130260521,0.0,0.0,0.9138276553106213,0.8256513026052105,0.09982967447922443,0.08687577068871774
44903,6,0.5631047686088828,0.9318637274549099,0.0,0.0,0.9939879759519038,0.9919839679358717,0.04229192813762936,0.09609701612503689
44903,7,0.4455920250061665,0.10420841683366733,0.0,0.0,0.531062124248497,0.8176352705410822,-0.01145172769958511,0.08187386969335743
44975,0,0.6287135692364836,0.9659318637274549,0.0,0.0,1.0,0.9979959919839679,0.17183355526920585,0.2945705423080522
44975,1,0.6250315036712107,0.9498997995991983,0.0,0.0,0.9979959919839679,0.9819639278557114,0.3677347502693546,0.32944446917523784
44975,2,0.7257999308567362,0.969939879759519,0.0,0.0,0.9959919839679359,1.0,0.0326951341704235,0.20484011409462816
44975,3,0.6963291844201087,0.9739478957915831,0.0,0.0,1.0,0.9799599198396793,-0.02686459458545331,0.2400367950084932
44975,4,0.7344784707413692,0.9979959919839679,0.0,1.0,0.9919839679358717,0.9979959919839679,0.17193215526824307,0.2856899588911546
44975,5,0.6914496294145323,0.9739478957915831,0.0,0.0,1.0,0.9859719438877755,-0.014549701235316584,0.2880301116593301
44975,6,0.6410558366358932,0.9438877755511023,0.0,0.0,0.9959919839679359,0.9879759519038076,0.0045113362530018715,0.28381593518255993
44975,7,0.7189231918245832,0.9899799599198397,0.0,0.0,0.9959919839679359,1.0,0.057328623195183115,0.24569139670825857
45377,0,0.8318278623144939,0.9899799599198397,0.0,0.0,0.9899799599198397,0.5531062124248497,0.4152326650968939,0.12994542927887334
45377,1,0.8976409252827068,1.0,1.0,1.0,0.9939879759519038,0.9879759519038076,0.35474252098608994,0.10511781315965314
45377,2,0.8888964333849818,1.0,1.0,1.0,0.9959919839679359,0.9899799599198397,0.3665506312647504,0.09936731403122157
45377,3,0.8519416719128463,0.9859719438877755,0.0,0.0,0.9619238476953907,0.35470941883767537,0.09942266119675441,0.09486005144906091
45377,4,0.678054083491405,0.9519038076152304,0.0,0.0,0.6012024048096193,0.15831663326653306,-0.10748167396837752,0.10768216636039701
45377,5,0.8109537649952925,0.9799599198396793,0.0,0.0,0.7915831663326653,0.30060120240480964,-0.1589596880649026,0.0817953317193987
45377,6,0.9055462037953155,1.0,1.0,1.0,0.9939879759519038,0.9899799599198397,0.33916555558822686,0.10822564753506181
45377,7,0.7206859423165238,0.9559118236472945,0.0,0.0,0.7474949899799599,0.21442885771543085,-0.09159677436175537,0.09466152051609392
45528,0,0.678663315545903,0.9979959919839679,0.0,1.0,0.9959919839679359,0.9398797595190381,0.3053033482195069,0.21654958638456753
45528,1,0.6427756679154987,0.9939879759519038,0.0,1.0,0.9719438877755511,0.8997995991983968,0.10786654880620737,0.1848048167958769
45528,2,0.697252879638757,1.0,1.0,1.0,0.9779559118236473,0.8857715430861723,-0.031264015834808125,0.21653780037664008
45528,3,0.7298657982802554,0.9979959919839679,0.0,1.0,0.9719438877755511,1.0,0.15755091038291816,0.28698947908922157
45528,4,0.6770586664306177,0.9899799599198397,0.0,0.0,0.9759519038076152,0.7474949899799599,0.008832105882091285,0.22639610073833635
45528,5,0.7074674996035534,0.9979959919839679,0.0,1.0,1.0,0.9679358717434869,0.18718052660027817,0.18611489164009495
45528,6,0.6911196976854499,0.9979959919839679,0.0,1.0,0.9899799599198397,0.9338677354709419,-0.044187539291957297,0.151009104715336
45528,7,0.7271000479384426,0.9979959919839679,0.0,1.0,0.9799599198396793,0.8537074148296593,-0.08944331955628565,0.20901796122400756
45699,0,0.45508062702927554,0.4028056112224449,0.0,0.0,0.9839679358717435,0.8056112224448898,0.016972709236382447,0.39210264958721236
45699,1,0.5260643124673275,0.3486973947895792,0.0,0.0,0.9899799599198397,0.4188376753507014,0.393284782003443,0.3920833837229335
45699,2,0.4586831942277901,0.312625250501002,0.0,0.0,0.9038076152304609,0.3587174348697395,0.48270872936106085,0.4425228443072586
45699,3,0.3616401486753334,0.37675350701402804,0.0,0.0,0.6833667334669339,0.8376753507014028,-0.23713606475577187,0.23349469912515955
45699,4,0.4831530971144907,0.3186372745490982,0.0,0.0,0.9759519038076152,0.3627254509018036,0.5345062414264096,0.37628444835520586
45699,5,0.38811005444308705,0.3066132264529058,0.0,0.0,0.9338677354709419,0.657314629258517,0.4637335322054832,0.42267193562611105
45699,6,0.35216009152306027,0.04408817635270541,0.0,0.0,0.9539078156312625,0.655310621242485,0.25688902556710863,0.38027897461163784
45699,7,0.5290406593207017,0.7835671342685371,0.0,0.0,0.8597194388777555,0.3807615230460922,0.4186808532940955,0.41237163769728374
45952,0,0.48686043560946646,0.3667334669338677,0.0,0.0,0.28857715430861725,0.9579158316633266,-0.11387520984169108,0.15547040376343635
45952,1,0.6828054375443743,0.9959919839679359,0.0,1.0,0.36472945891783565,0.9559118236472945,-0.12829602116891242,0.1264321322310905
45952,2,0.6147931482340654,0.8677354709418837,0.0,0.0,0.46092184368737477,0.9118236472945892,-0.20109036743009942,0.12525193492844514
45952,3,0.5721316541812321,0.7294589178356713,0.0,0.0,0.6092184368737475,0.7575150300601202,0.30903162979237253,0.13679608963529283
45952,4,0.6553249875619767,0.9779559118236473,0.0,0.0,0.749498997995992,0.9859719438877755,-0.06068278581871885,0.1107385339720374
45952,5,0.7179581812397974,0.9899799599198397,0.0,0.0,0.24248496993987975,0.9759519038076152,-0.17429592332043284,0.12513207477520363
45952,6,0.6797147552788083,0.9959919839679359,0.0,1.0,0.8056112224448898,0.9779559118236473,-0.24779354870361145,0.12279228034732295
45952,7,0.4669869571367106,0.5410821643286573,0.0,0.0,0.31462925851703405,0.9078156312625251,-0.1782835983797266,0.14244728281569052
45987,0,0.6751759757113892,0.9919839679358717,0.0,1.0,0.7214428857715431,0.9478957915831663,0.010964395017811818,0.3728711308415043
45987,1,0.6898164948320804,0.9939879759519038,0.0,1.0,0.9679358717434869,0.9278557114228457,-0.024408564939622887,0.3074790775444137
45987,2,0.691933079756609,0.9839679358717435,0.0,0.0,0.9338677354709419,0.9118236472945892,0.053031105585299006,0.3698094771613726
45987,3,0.7023447513843286,0.9979959919839679,0.0,1.0,0.7394789579158316,0.9659318637274549,0.03487431177885444,0.3894187423987532
45987,4,0.7634155767202587,0.9959919839679359,0.0,1.0,0.7615230460921844,0.9799599198396793,0.06665323987089486,0.35341520778967417
45987,5,0.7394104049566441,0.9979959919839679,0.0,1.0,0.9599198396793587,0.9779559118236473,-0.021678883968367653,0.31283951508749436
45987,6,0.648311585434721,0.9879759519038076,0.0,0.0,0.9519038076152304,0.9198396793587175,-0.015588730860426258,0.3657449878022897
45987,7,0.6678325583698261,0.9919839679358717,0.0,1.0,0.8557114228456913,0.9278557114228457,0.1338707608681706,0.3153885121253742
46166,0,0.6522471174336857,0.9719438877755511,0.0,0.0,0.9839679358717435,1.0,0.4404080331598101,0.29463212868391037
46166,1,0.6053033776127318,0.9318637274549099,0.0,0.0,1.0,1.0,0.5108641920214648,0.30593583844680283
46166,2,0.5948005704468855,0.8997995991983968,0.0,0.0,0.9559118236472945,0.9939879759519038,0.018994749002273728,0.18933849809321873
46166,3,0.6540941708603877,0.9859719438877755,0.0,0.0,0.9939879759519038,0.9939879759519038,0.2984091506262914,0.23327298588786016
46166,4,0.6551377077432041,0.9539078156312625,0.0,0.0,1.0,1.0,0.5426451064942844,0.3006930134256182
46166,5,0.6665549135556472,0.9899799599198397,0.0,0.0,1.0,1.0,0.48259966406644617,0.19834099285374013
46166,6,0.6112259317157662,0.9278557114228457,0.0,0.0,0.9899799599198397,1.0,0.30998420552852396,0.23470956588680955
46166,7,0.6300749690233532,0.9378757515030061,0.0,0.0,0.9819639278557114,0.9979959919839679,0.3554922328374321,0.2914981199005302
46276,0,0.6683107975691266,0.9819639278557114,0.0,0.0,0.9899799599198397,0.5370741482965932,0.23814123862323724,0.43841101105472147
46276,1,0.5055840270190114,0.8857715430861723,0.0,0.0,0.9679358717434869,0.5150300601202404,0.19827488442745772,0.4135110978636454
46276,2,0.4866490533175079,0.9298597194388778,0.0,0.0,0.9879759519038076,0.38276553106212424,0.3484807801522618,0.4623769679823424
46276,3,0.502035372786075,0.8997995991983968,0.0,0.0,0.8977955911823647,0.5490981963927856,0.11141547267711704,0.4238984577952002
46276,4,0.5775170524710871,0.9478957915831663,0.0,0.0,0.8376753507014028,0.7134268537074149,0.18892946549366038,0.40328444739388725
46276,5,0.5264891700956931,0.7955911823647295,0.0,0.0,0.8957915831663327,0.5130260521042084,0.02150057873153498,0.4342312956495553
46276,6,0.5788860863743235,0.9719438877755511,0.0,0.0,0.9158316633266533,0.9478957915831663,0.2197814990414947,0.42493406603255357
46276,7,0.5792982667713014,0.9719438877755511,0.0,0.0,0.9378757515030061,0.3927855711422846,0.2749185952521558,0.4397087933593186
46403,0,0.742898943175401,0.9979959919839679,0.0,1.0,0.9959919839679359,0.9559118236472945,-0.006429359426898228,0.11942492541878105
46403,1,0.7826559652919184,1.0,1.0,1.0,0.9559118236472945,0.9378757515030061,0.08460210448472352,0.12300958404279683
46403,2,0.7790089094858034,1.0,1.0,1.0,0.9879759519038076,0.9759519038076152,0.03237456768937542,0.1012357426347704
46403,3,0.7709247344577685,1.0,1.0,1.0,0.9458917835671342,0.8977955911823647,0.025085581782877238,0.12370215644180434
46403,4,0.7611031719155943,0.9979959919839679,0.0,1.0,0.9839679358717435,0.8877755511022044,0.06725608204681979,0.1166306251004919
46403,5,0.7116263470144231,1.0,1.0,1.0,0.9879759519038076,0.9318637274549099,0.12018325424631413,0.12154827509150856
46403,6,0.8121576875159155,1.0,1.0,1.0,0.9639278557114228,0.9418837675350702,0.020533721847416465,0.0881169516316999
46403,7,0.783879484566478,1.0,1.0,1.0,0.9498997995991983,0.9559118236472945,0.018695613639678917,0.12173212263651169
46524,0,0.5095382770953102,0.38877755511022044,0.0,0.0,0.6933867735470942,0.5511022044088176,0.051788806731085324,0.5520114100531516
46524,1,0.4230228359893539,0.028056112224448898,0.0,0.0,0.9138276553106213,0.7995991983967936,-0.15049622857542744,0.3449145445693149
46524,2,0.44967517016957637,0.1062124248496994,0.0,0.0,0.8036072144288577,0.6032064128256514,0.19534268584645295,0.5628963122240226
46524,3,0.49634494829094955,0.16633266533066132,0.0,0.0,0.8016032064128257,0.6653306613226453,0.16834767055598998,0.5699348912352363
46524,4,0.34830713960489035,0.018036072144288578,0.0,0.0,0.7394789579158316,0.42084168336673344,-0.015092585733236092,0.5089360049418792
46524,5,0.47679361530203723,0.24048096192384769,0.0,0.0,0.8517034068136272,0.7214428857715431,-0.02613772986300278,0.5382557694191129
46524,6,0.49078124248015137,0.5971943887775552,0.0,0.0,0.9979959919839679,0.9639278557114228,0.21759585609522,0.5452502163510546
46524,7,0.4893587245749539,0.1462925851703407,0.0,0.0,0.5511022044088176,0.3667334669338677,0.06684989808946952,0.5397881129117144
46653,0,0.47590920564946004,0.4468937875751503,0.0,0.0,0.08016032064128256,0.811623246492986,0.03322090138238311,0.04792586342984002
46653,1,0.5394097253826172,0.8056112224448898,0.0,0.0,0.20641282565130262,0.8476953907815631,0.06866485609049798,0.039579141831182614
46653,2,0.4993624992377559,0.6412825651302605,0.0,0.0,0.19839679358717435,0.9158316633266533,-0.028919486564072686,0.03684191136069753
46653,3,0.648395441821179,0.9318637274549099,0.0,0.0,0.969939879759519,0.9098196392785571,-0.09768305440648026,0.03834133400322315
46653,4,0.5243757000655336,0.3667334669338677,0.0,0.0,0.06012024048096192,0.5951903807615231,-0.05216607240560312,0.035887791542084435
46653,5,0.6104899004485965,0.8076152304609219,0.0,0.0,0.20240480961923848,0.9539078156312625,0.09852461976265628,0.0464865955823909
46653,6,0.5580659033181541,0.6893787575150301,0.0,0.0,0.6653306613226453,0.7655310621242485,0.048930128613487896,0.04417924610821628
46653,7,0.5532336846596733,0.8897795591182365,0.0,0.0,0.627254509018036,0.8076152304609219,-0.03149523240345204,0.03439352871286191
47030,0,0.5817409008245562,0.8857715430861723,0.0,0.0,0.6232464929859719,0.9258517034068137,0.13159755923603203,0.10901391973470269
47030,1,0.5967141145719377,0.8777555110220441,0.0,0.0,0.9719438877755511,0.6693386773547094,0.263431390869118,0.18297538974476704
47030,2,0.6015113198326068,0.9098196392785571,0.0,0.0,0.843687374749499,0.8496993987975952,0.31872553420835165,0.12579717206704796
47030,3,0.5753296576276818,0.6232464929859719,0.0,0.0,0.6212424849699398,0.7374749498997996,0.12289803218022863,0.19550011228905137
47030,4,0.6282791376931579,0.8496993987975952,0.0,0.0,0.9238476953907816,0.48697394789579157,0.35870739744809316,0.16325932838544796
47030,5,0.5980926436945215,0.8957915831663327,0.0,0.0,0.875751503006012,0.8997995991983968,0.4248865311909224,0.16683790837717327
47030,6,0.6214066414050938,0.905811623246493,0.0,0.0,0.9639278557114228,0.811623246492986,-0.12778890808476157,0.14667491903862645
47030,7,0.6676411825311495,0.9038076152304609,0.0,0.0,0.8797595190380761,0.7595190380761523,0.10525823633109482,0.12270600527131462
47086,0,0.578026324373965,0.6392785571142284,0.0,0.0,0.9378757515030061,0.09619238476953908,0.30719411543097724,0.23179220515006996
47086,1,0.47964785136064925,0.32665330661322645,0.0,0.0,0.9318637274549099,0.07214428857715431,0.2273422413620288,0.22295129145875553
47086,2,0.5131460392071518,0.8517034068136272,0.0,0.0,0.8837675350701403,0.48096192384769537,-0.03298494843177655,0.18669086194134446
47086,3,0.5709090423739837,0.4849699398797595,0.0,0.0,0.9939879759519038,0.7314629258517034,-0.02118348157451256,0.17020328044516408
47086,4,0.5349021988369185,0.4468937875751503,0.0,0.0,0.8997995991983968,0.11422845691382766,0.06043818583094451,0.2521526173069492
47086,5,0.5894175178734183,0.8617234468937875,0.0,0.0,0.9799599198396793,0.3907815631262525,-0.06623245543301388,0.18814290084988725
47086,6,0.503293192790643,0.342685370741483,0.0,0.0,0.9138276553106213,0.13627254509018036,0.158689632268105,0.2195927271721213
47086,7,0.5217448434499,0.40080160320641284,0.0,0.0,0.8957915831663327,0.13627254509018036,-0.003487117277435753,0.22044323907723729
47093,0,0.5516556693443506,0.8617234468937875,0.0,0.0,0.717434869739479,0.49298597194388777,0.22468297283557914,0.19225377966247825
47093,1,0.5337461814389559,0.8597194388777555,0.0,0.0,0.3046092184368738,0.6192384769539078,0.13404697566516785,0.18144566230732231
47093,2,0.4354681602793718,0.2845691382765531,0.0,0.0,0.8096192384769539,0.561122244488978,-0.013337937855440875,0.18143485605634835
47093,3,0.5992118779177956,0.6993987975951904,0.0,0.0,0.9218436873747495,0.8557114228456913,0.3727419056230466,0.18941332113008758
47093,4,0.5307978510477656,0.9078156312625251,0.0,0.0,0.7134268537074149,0.5410821643286573,0.3249440888889448,0.20757808475489942
47093,5,0.5786939563778861,0.8517034068136272,0.0,0.0,0.6012024048096193,0.5110220440881763,0.19502474097549166,0.18143811414664834
47093,6,0.4957465297297459,0.34468937875751504,0.0,0.0,0.625250501002004,0.6352705410821643,-0.007094790968532879,0.18794059562493454
47093,7,0.5277444275102858,0.3927855711422846,0.0,0.0,0.9438877755511023,0.717434869739479,0.2591937868371928,0.20364166078670237
47122,0,0.9041412196450378,1.0,1.0,1.0,0.9498997995991983,0.9859719438877755,0.009104973197727734,0.10742286780539324
47122,1,0.9303298072875141,1.0,1.0,1.0,0.9338677354709419,0.9819639278557114,-0.04166819535892945,0.08945926637753963
47122,2,0.8425318243976723,1.0,1.0,1.0,0.4288577154308617,0.9899799599198397,0.09832641581944816,0.10498274002105547
47122,3,0.789720697781825,0.9979959919839679,0.0,1.0,0.9298597194388778,0.9899799599198397,-0.062432220459772106,0.10956484973095008
47122,4,0.7745987086327997,0.9959919839679359,0.0,1.0,0.8777555110220441,0.9679358717434869,0.13890473006307683,0.11497415492991235
47122,5,0.8077173570872238,1.0,1.0,1.0,0.1623246492985972,0.9138276553106213,-0.08258355310056008,0.09832473911944355
47122,6,0.9111321743509906,1.0,1.0,1.0,0.9338677354709419,0.9879759519038076,0.1687634709982123,0.09962796400563392
47122,7,0.9149356257962473,1.0,1.0,1.0,0.9579158316633266,1.0,-0.0426845081190401,0.0899072455403732
47125,0,0.5055964359653818,0.9579158316633266,0.0,0.0,0.9238476953907816,0.8376753507014028,0.11682127558240238,0.23085192642959143
47125,1,0.46824179198112315,0.23647294589178355,0.0,0.0,0.6953907815631263,0.5971943887775552,0.13180644426778712,0.2097286845249048
47125,2,0.5044057400890363,0.6052104208416834,0.0,0.0,0.8296593186372746,0.7374749498997996,0.08109356826218819,0.23213555735469427
47125,3,0.5410440983938007,0.7214428857715431,0.0,0.0,0.9378757515030061,0.8817635270541082,0.11766227818577406,0.16827983760956156
47125,4,0.5818562677594705,0.9759519038076152,0.0,0.0,0.7234468937875751,0.9258517034068137,0.05578725010428187,0.1886240357212509
47125,5,0.5737691281267752,0.845691382765531,0.0,0.0,0.9739478957915831,0.8296593186372746,0.22884983967276176,0.25093160439119655
47125,6,0.5988108210098755,0.9298597194388778,0.0,0.0,0.969939879759519,0.9478957915831663,0.060078677419282245,0.16451102844686286
47125,7,0.615425733866159,0.9679358717434869,0.0,0.0,0.9498997995991983,0.9398797595190381,0.08429086093363598,0.21924683697830957
47331,0,0.689489891596447,0.9859719438877755,0.0,0.0,0.9939879759519038,0.35671342685370744,0.03417849677520351,0.42092686029781945
47331,1,0.6932434007594588,0.9919839679358717,0.0,1.0,0.9979959919839679,0.45090180360721444,0.09959380335650053,0.34583431071011134
47331,2,0.7495157352925739,1.0,1.0,1.0,0.9879759519038076,0.9258517034068137,0.26733914382960555,0.39826532252329194
47331,3,0.8354231821265288,1.0,1.0,1.0,0.9138276553106213,1.0,0.23479928684388798,0.4863346682882542
47331,4,0.6600810755515106,0.9979959919839679,0.0,1.0,0.9859719438877755,0.30861723446893785,0.1410185688299033,0.36822614007894433
47331,5,0.721549103435599,0.9979959919839679,0.0,1.0,1.0,1.0,0.3274905176348905,0.38313811025406136
47331,6,0.801015221535017,1.0,1.0,1.0,0.9979959919839679,1.0,0.2180224780443816,0.5179636355009929
47331,7,0.654872623309334,0.9839679358717435,0.0,0.0,1.0,0.3226452905811623,0.41734565051755285,0.4180951153023563
47471,0,0.7383435447563751,0.9498997995991983,0.0,0.0,0.9498997995991983,0.9879759519038076,-0.07902044985643465,0.2800740467735865
47471,1,0.7264955372493285,0.9458917835671342,0.0,0.0,0.9438877755511023,0.935871743486974,-0.11265530312436978,0.28421688448604043
47471,2,0.7318084555237458,0.9478957915831663,0.0,0.0,0.9839679358717435,0.9478957915831663,-0.012948293486395443,0.2769381463688397
47471,3,0.7977609996839896,0.9739478957915831,0.0,0.0,0.9318637274549099,0.9779559118236473,-0.16314611588765984,0.25193322321581735
47471,4,0.677873583128735,0.935871743486974,0.0,0.0,0.9298597194388778,0.9378757515030061,-0.11777889155561859,0.31151115220712833
47471,5,0.7273785826588002,0.9258517034068137,0.0,0.0,0.8997995991983968,0.9338677354709419,-0.1245143005503321,0.2489102068761513
47471,6,0.7608420625688055,0.9559118236472945,0.0,0.0,0.8997995991983968,0.9879759519038076,-0.12460904463364539,0.27656151795713696
47471,7,0.6552789991227177,0.8817635270541082,0.0,0.0,0.9138276553106213,0.9178356713426854,-0.13030313045758263,0.2860513851584499
47583,0,0.565038251899349,0.7535070140280561,0.0,0.0,0.9238476953907816,0.9839679358717435,-0.09418997516090256,0.2379275187108718
47583,1,0.774267864531166,0.9979959919839679,0.0,1.0,0.9979959919839679,0.9959919839679359,0.16045371799981129,0.26228883259467256
47583,2,0.7239410428221911,0.9839679358717435,0.0,0.0,0.9619238476953907,0.9919839679358717,0.1574336489653994,0.2802706813276372
47583,3,0.7264374600362842,0.9899799599198397,0.0,0.0,0.9879759519038076,0.9859719438877755,0.030467594323344453,0.2596229753940534
47583,4,0.6951895930252412,0.9839679358717435,0.0,0.0,0.9979959919839679,0.9839679358717435,-0.14604966804021663,0.15141509378712428
47583,5,0.7785367097524993,0.9959919839679359,0.0,1.0,0.9979959919839679,0.9959919839679359,0.2762257081049996,0.26921677834239227
47583,6,0.7305667104073752,0.9879759519038076,0.0,0.0,0.9759519038076152,0.9879759519038076,0.16811673948043732,0.27866303968591016
47583,7,0.6861901590232753,0.9959919839679359,0.0,1.0,0.969939879759519,0.9899799599198397,-0.2354104317169844,0.245815095548314
47744,0,0.7832828755741662,0.9899799599198397,0.0,0.0,0.9979959919839679,1.0,0.18288451423489796,0.2655511252471558
47744,1,0.744596415683856,0.9939879759519038,0.0,1.0,1.0,1.0,0.33804146439494315,0.2809410759509955
47744,2,0.7602935409570339,0.9939879759519038,0.0,1.0,0.9919839679358717,1.0,-0.3863802834661242,0.2265356740723856
47744,3,0.7476477851642748,0.9979959919839679,0.0,1.0,0.9919839679358717,0.9979959919839679,0.1986907149757203,0.22446699508587847
47744,4,0.7698389478109013,0.9959919839679359,0.0,1.0,0.9879759519038076,1.0,-0.3684166440256718,0.22799004900997297
47744,5,0.5965532308096799,0.9639278557114228,0.0,0.0,0.9939879759519038,0.9799599198396793,0.2887777724018501,0.2470016959359267
47744,6,0.7379456607851381,0.9859719438877755,0.0,0.0,1.0,0.9979959919839679,0.33652113824153934,0.281178390683028
47744,7,0.7810545044943769,1.0,1.0,1.0,0.9839679358717435,1.0,-0.399728820705626,0.24258087220955402
47907,0,0.4623780419757463,0.21643286573146292,0.0,0.0,0.9799599198396793,0.9839679358717435,0.15375970560862723,0.28665021389944906
47907,1,0.47301654566273704,0.17034068136272545,0.0,0.0,0.8917835671342685,0.969939879759519,0.09650205491014165,0.27836658460339825
47907,2,0.4299075714014231,0.0841683366733467,0.0,0.0,1.0,0.9639278557114228,0.09117448041978017,0.25837568634547253
47907,3,0.41957984651918134,0.13026052104208416,0.0,0.0,0.8877755511022044,0.9018036072144289,0.19085779261129987,0.33860581150715274
47907,4,0.3080545718581993,0.04809619238476954,0.0,0.0,0.779559118236473,0.8597194388777555,0.14212972205908217,0.3550205396187418
47907,5,0.4622920637672555,0.18637274549098196,0.0,0.0,0.6072144288577155,0.9899799599198397,0.1925337749815478,0.29958719130329536
47907,6,0.4412277106361056,0.11222444889779559,0.0,0.0,0.6472945891783567,0.9198396793587175,0.013492623960573321,0.2272654129193454
47907,7,0.36643802044349494,0.028056112224448898,0.0,0.0,0.779559118236473,0.8797595190380761,0.16460025569863343,0.3056825140661159
48376,0,0.9259339489494605,1.0,1.0,1.0,0.9879759519038076,1.0,-0.13295486796798517,0.3979830679114549
48376,1,0.8691639181625359,1.0,1.0,1.0,0.9879759519038076,1.0,-0.006730248371814857,0.3637905346670891
48376,2,0.7788503994730969,1.0,1.0,1.0,0.9939879759519038,1.0,0.49472296144619055,0.38661429226894034
48376,3,0.8564411737998254,1.0,1.0,1.0,1.0,0.9819639278557114,0.2347221928047602,0.36264021754224685
48376,4,0.9197915798614535,0.9979959919839679,0.0,1.0,0.9418837675350702,0.9919839679358717,-0.3611209986959708,0.4022117880535354
48376,5,0.9336772939295606,1.0,1.0,1.0,1.0,1.0,-0.1456222874063933,0.38570921866300767
48376,6,0.8500901374543346,1.0,1.0,1.0,0.9959919839679359,1.0,0.43458595680635276,0.367467501480987
48376,7,0.924926045752121,1.0,1.0,1.0,0.9959919839679359,0.9979959919839679,-0.06566818170123703,0.4279664505573293
48655,0,0.5582868549594535,0.8376753507014028,0.0,0.0,0.9899799599198397,1.0,0.34129484378340047,0.20266644168806586
48655,1,0.5373546385401038,0.9579158316633266,0.0,0.0,0.9098196392785571,0.9899799599198397,-0.05777417052247176,0.18418284209577826
48655,2,0.6454915172915192,0.9619238476953907,0.0,0.0,0.9779559118236473,1.0,0.28127929593536005,0.16445302473311088
48655,3,0.6763285604688396,0.9759519038076152,0.0,0.0,0.9979959919839679,1.0,0.33388856546513207,0.1847772935026109
48655,4,0.6893813609334032,0.9859719438877755,0.0,0.0,0.9959919839679359,0.9979959919839679,0.04314005481455578,0.21258528457205633
48655,5,0.6151599856375225,0.9539078156312625,0.0,0.0,0.9378757515030061,1.0,-0.026735392421872735,0.15850079374498433
48655,6,0.5664947759124503,0.9178356713426854,0.0,0.0,0.9799599198396793,0.9959919839679359,0.2311080015719413,0.20184448872093816
48655,7,0.6648830763877391,0.9839679358717435,0.0,0.0,0.9739478957915831,1.0,0.15972335940062884,0.19076959119362175
48911,0,0.5707972877598296,0.7755511022044088,0.0,0.0,0.9318637274549099,0.9539078156312625,0.21527051827799376,0.10591872725398274
48911,1,0.5633035006692964,0.7755511022044088,0.0,0.0,0.781563126252505,0.9599198396793587,0.1679983676466226,0.10867409370385477
48911,2,0.5463219914458476,0.8096192384769539,0.0,0.0,0.7134268537074149,0.9579158316633266,0.12605387031639875,0.14061583786973833
48911,3,0.5033350241152961,0.6593186372745491,0.0,0.0,0.9759519038076152,1.0,-0.027962363252044587,0.11918626731937096
48911,4,0.518298696036579,0.7214428857715431,0.0,0.0,0.875751503006012,0.9959919839679359,-0.027996977455821144,0.12812773661998006
48911,5,0.6333328206740735,0.9198396793587175,0.0,0.0,0.9939879759519038,0.7855711422845691,-0.08798521320977779,0.10083335614879907
48911,6,0.5592292780477315,0.9078156312625251,0.0,0.0,0.9559118236472945,0.9759519038076152,0.05738615090987082,0.09816446816573395
48911,7,0.5700138703607363,0.7655310621242485,0.0,0.0,0.7414829659318637,0.9799599198396793,0.31544868321823,0.1666792698901364
49170,0,0.8443106102637106,0.9899799599198397,0.0,0.0,0.9959919839679359,0.9979959919839679,-0.012449027687417721,0.08262381272571025
49170,1,0.8536727966348068,0.9979959919839679,0.0,1.0,0.9979959919839679,0.9979959919839679,0.0490349596942709,0.10195225808282059
49170,2,0.8577264294345832,0.9839679358717435,0.0,0.0,0.9939879759519038,0.9899799599198397,0.1345224513517114,0.08927731937695332
49170,3,0.8598192386405521,0.9859719438877755,0.0,0.0,0.9779559118236473,0.9839679358717435,0.037409429914762635,0.12245301375101532
49170,4,0.8384720719119255,0.9979959919839679,0.0,1.0,0.9639278557114228,0.9899799599198397,-0.041291381028481,0.11560001911479727
49170,5,0.8641897006175703,0.9959919839679359,0.0,1.0,0.9418837675350702,1.0,0.10681336111864881,0.0873930581293911
49170,6,0.8330360130395582,0.9839679358717435,0.0,0.0,0.9038076152304609,0.9959919839679359,0.02841671631693101,0.08273981619586998
49170,7,0.8810617234852676,0.9979959919839679,0.0,1.0,0.9939879759519038,0.9979959919839679,0.25875747565630436,0.08741939148768083
49195,0,0.7070760008049201,0.9799599198396793,0.0,0.0,0.935871743486974,0.9839679358717435,0.035503470543068884,0.4432842790811267
49195,1,0.6825252667121888,0.9679358717434869,0.0,0.0,0.9939879759519038,0.5831663326653307,0.34241123877398344,0.5736346276757471
49195,2,0.7681264175994753,0.9879759519038076,0.0,0.0,0.9899799599198397,0.9979959919839679,0.08008595839229546,0.40039409318437574
49195,3,0.6202613850359969,0.9438877755511023,0.0,0.0,0.9759519038076152,0.6292585170340681,0.08609305492319463,0.38256629095335076
49195,4,0.7665584012643086,0.9899799599198397,0.0,0.0,1.0,1.0,0.15528197610980093,0.42559790094987754
49195,5,0.7684570734083285,0.9939879759519038,0.0,1.0,1.0,0.9979959919839679,0.40463989948642,0.49610282387526394
49195,6,0.7506699488811763,0.9859719438877755,0.0,0.0,0.9799599198396793,0.9959919839679359,0.09778592388613326,0.3535982878363144
49195,7,0.7370154101385682,0.9879759519038076,0.0,0.0,0.9298597194388778,1.0,0.18472340954087063,0.3068350492437427
49256,0,0.559076399692878,0.7094188376753507,0.0,0.0,0.7274549098196392,0.7995991983967936,-0.1275907420358991,0.42342597372261576
49256,1,0.5270981367467218,0.5290581162324649,0.0,0.0,0.8416833667334669,0.7875751503006012,0.019506597411393482,0.4637131038014049
49256,2,0.5221342775110324,0.5390781563126252,0.0,0.0,0.5811623246492986,0.7414829659318637,0.01997183556662814,0.38531483184918663
49256,3,0.5259023166838499,0.3186372745490982,0.0,0.0,0.625250501002004,0.7454909819639278,-0.08118245066433302,0.4136913900839398
49256,4,0.5418051693949923,0.9639278557114228,0.0,0.0,0.843687374749499,0.8136272545090181,0.231835924062468,0.3879872530039182
49256,5,0.5133474902049124,0.25250501002004005,0.0,0.0,0.5771543086172345,0.87374749498998,0.052948741547023705,0.417454841768383
49256,6,0.5933111404763411,0.8797595190380761,0.0,0.0,0.8837675350701403,0.7995991983967936,0.1450244178675307,0.4434773623762172
49256,7,0.5262803837476252,0.5170340681362725,0.0,0.0,0.9318637274549099,0.7595190380761523,0.18176688478694072,0.40035308516372176
49315,0,0.5756131340810475,0.9418837675350702,0.0,0.0,0.7054108216432866,0.8677354709418837,-0.3617939860040063,0.2772331391107343
49315,1,0.5528909904778301,0.717434869739479,0.0,0.0,0.8517034068136272,0.6452905811623246,0.055689846521343796,0.23997821397821
49315,2,0.496792657507821,0.6332665330661322,0.0,0.0,0.9799599198396793,0.8176352705410822,-0.21962116770253512,0.26663097949222503
49315,3,0.4838763810630812,0.2665330661322645,0.0,0.0,0.687374749498998,0.46693386773547096,-0.18376070480529758,0.24192308921973268
49315,4,0.49654675491608635,0.2725450901803607,0.0,0.0,0.5871743486973948,0.40681362725450904,-0.05385156718595722,0.2861279304553289
49315,5,0.5512971977818834,0.845691382765531,0.0,0.0,0.7875751503006012,0.7555110220440882,0.2432140901054152,0.3472523324396347
49315,6,0.6378695104381797,0.9939879759519038,0.0,1.0,0.6953907815631263,0.9659318637274549,-0.03002695107588531,0.27175644659041465
49315,7,0.6703410957346975,0.9939879759519038,0.0,1.0,0.8817635270541082,1.0,-0.16204695685193002,0.20756610234857514
49474,0,0.891488207272999,0.9979959919839679,0.0,1.0,1.0,0.9979959919839679,0.17294629661963737,0.22799562736625548
49474,1,0.8952229182196663,1.0,1.0,1.0,0.9979959919839679,0.9979959919839679,0.12753223513505427,0.1796072731088503
49474,2,0.816130089065136,0.9979959919839679,0.0,1.0,0.9939879759519038,1.0,0.12100488559705617,0.152595615481801
49474,3,0.8033335040347322,0.9959919839679359,0.0,1.0,0.9659318637274549,1.0,-0.06707485499350188,0.11237859191020226
49474,4,0.8417958030043247,0.9939879759519038,0.0,1.0,1.0,1.0,0.15296667284589505,0.19037707150511712
49474,5,0.8874717790113973,1.0,1.0,1.0,1.0,1.0,0.3242852376819218,0.17718672709997096
49474,6,0.8528988875784869,0.9959919839679359,0.0,1.0,0.9959919839679359,0.9979959919839679,-0.016178343518417827,0.12610455821257416
49474,7,0.8248360615637762,0.9979959919839679,0.0,1.0,1.0,0.9979959919839679,0.10331131253533402,0.16512745760108857
49475,0,0.7652142815265965,0.9979959919839679,0.0,1.0,0.9278557114228457,0.9899799599198397,-0.20582684230091272,0.25099186528145667
49475,1,0.7463412306563557,0.9919839679358717,0.0,1.0,0.9218436873747495,0.9238476953907816,0.051635759188404996,0.2542849033410827
49475,2,0.763840929456054,0.9919839679358717,0.0,1.0,0.9979959919839679,0.8396793587174348,0.26783961197478934,0.3621666438933782
49475,3,0.7182197902502979,1.0,1.0,1.0,0.9318637274549099,0.875751503006012,-0.05339775765632226,0.2343962494066264
49475,4,0.7436407549499398,1.0,1.0,1.0,0.9979959919839679,0.969939879759519,-0.06250774423748759,0.28301030224071716
49475,5,0.7894580713529531,0.9959919839679359,0.0,1.0,0.9959919839679359,0.9939879759519038,-0.1010004353988731,0.24017983242366614
49475,6,0.7641716407279049,1.0,1.0,1.0,1.0,0.7975951903807615,-0.03403151423506083,0.32984935933637294
49475,7,0.8277397075810675,0.9979959919839679,0.0,1.0,1.0,0.9799599198396793,0.1431257723837801,0.2792776810345336
49678,0,0.7062874656250583,0.9959919839679359,0.0,1.0,0.7294589178356713,0.9919839679358717,0.12761414945449334,0.1736637651738078
49678,1,0.6043646641153465,0.9879759519038076,0.0,0.0,0.7535070140280561,0.5891783567134269,-0.0022146358669511107,0.1528380702185179
49678,2,0.5849713977058686,0.9859719438877755,0.0,0.0,0.9679358717434869,0.42685370741482964,0.3236684868270105,0.1336116822430973
49678,3,0.7591592578478703,1.0,1.0,1.0,0.9939879759519038,0.9438877755511023,-0.13039361329218668,0.1280105129774261
49678,4,0.6151428175392086,0.9859719438877755,0.0,0.0,0.9939879759519038,0.9719438877755511,0.0952721807816614,0.15624956918932592
49678,5,0.6713839429490109,0.9979959919839679,0.0,1.0,0.9198396793587175,0.7294589178356713,0.09261422079674983,0.14936257076120915
49678,6,0.7023877518382005,0.9979959919839679,0.0,1.0,0.9679358717434869,0.9118236472945892,0.1526063728202887,0.1471941080136163
49678,7,0.6085672714437402,0.9979959919839679,0.0,1.0,0.9759519038076152,0.280561122244489,0.07891627461579175,0.1308427137673484
49702,0,0.5776016686486753,0.6593186372745491,0.0,0.0,0.9018036072144289,0.43887775551102204,0.07044904308328698,0.3074847739358171
49702,1,0.6414218254775308,0.875751503006012,0.0,0.0,0.8216432865731463,0.6212424849699398,0.17359699375061313,0.23514620702127795
49702,2,0.6172386558925009,0.7755511022044088,0.0,0.0,0.9979959919839679,0.3787575150300601,0.2101166584481455,0.2761858322852261
49702,3,0.6457392183014874,0.8577154308617234,0.0,0.0,0.843687374749499,0.7875751503006012,0.08447505246078901,0.26480453741264853
49702,4,0.5761730240062235,0.6773547094188377,0.0,0.0,0.843687374749499,0.3106212424849699,0.2594355652997861,0.287875860082098
49702,5,0.6392824752523236,0.8637274549098196,0.0,0.0,0.8877755511022044,0.4468937875751503,0.23691886327420944,0.25215669477192904
49702,6,0.5493533610879233,0.6953907815631263,0.0,0.0,0.8997995991983968,0.591182364729459,0.15864873738293725,0.26869989559276125
49702,7,0.6819822354751613,0.9438877755511023,0.0,0.0,0.8777555110220441,0.2925851703406814,0.05792764338698601,0.26821211358932545
49760,0,0.6085459034182426,0.8416833667334669,0.0,0.0,0.9679358717434869,0.531062124248497,0.3071512822097259,0.41807839418480797
49760,1,0.724764122462909,0.9959919839679359,0.0,1.0,0.8977955911823647,0.969939879759519,0.04700102544983703,0.4304198496483043
49760,2,0.5920635842014824,0.8937875751503006,0.0,0.0,0.9599198396793587,0.49498997995991983,0.08292890958427909,0.4397661763321624
49760,3,0.5398910211411082,0.8817635270541082,0.0,0.0,0.8056112224448898,0.45490981963927857,0.09459292742368967,0.3720000600146782
49760,4,0.6184328733070364,0.9719438877755511,0.0,0.0,0.9178356713426854,0.22645290581162325,-0.1271759651192061,0.4215252425833825
49760,5,0.7126382705240573,0.9939879759519038,0.0,1.0,0.9258517034068137,0.8697394789579158,-0.057270116533506096,0.42570513250327885
49760,6,0.6582208501590623,0.9739478957915831,0.0,0.0,0.9899799599198397,0.4408817635270541,0.004129507547323942,0.38560342807271
49760,7,0.6137328239901341,0.7474949899799599,0.0,0.0,0.905811623246493,0.46092184368737477,-0.1764546127646266,0.37244239127102946
50203,0,0.5728370853398685,0.9599198396793587,0.0,0.0,0.9739478957915831,0.9879759519038076,0.042955275800392566,0.2488576953896578
50203,1,0.6374042948907006,0.9859719438877755,0.0,0.0,0.9939879759519038,0.9919839679358717,0.18976626454763618,0.1490415230435193
50203,2,0.46027107571500286,0.655310621242485,0.0,0.0,0.8296593186372746,0.9438877755511023,-0.015401549748343622,0.22294909065242252
50203,3,0.5498467436764384,0.8476953907815631,0.0,0.0,0.9979959919839679,0.9959919839679359,0.07189635895582466,0.182709417949748
50203,4,0.6345042939442702,0.9098196392785571,0.0,0.0,0.935871743486974,0.9939879759519038,0.0021859103929217313,0.1948440490160644
50203,5,0.5897805002825314,0.9238476953907816,0.0,0.0,0.905811623246493,0.9839679358717435,0.010684291879716083,0.1862955983967834
50203,6,0.6095610695800848,0.9799599198396793,0.0,0.0,0.8797595190380761,0.9919839679358717,0.04567077320806729,0.14453566978324237
50203,7,0.5632914204930816,0.9278557114228457,0.0,0.0,0.9839679358717435,0.9899799599198397,0.09484227088028949,0.21434565994442975
50210,0,0.492408799640727,0.8857715430861723,0.0,0.0,0.8657314629258517,0.9879759519038076,0.31263933502152125,0.27313559304187823
50210,1,0.5163619984832584,0.20841683366733466,0.0,0.0,0.875751503006012,0.9719438877755511,-0.005461976975147719,0.1954901459064715
50210,2,0.4371509703435271,0.18236472945891782,0.0,0.0,0.9258517034068137,0.9819639278557114,0.12626391037934756,0.2625945676158108
50210,3,0.4460299388680805,0.05410821643286573,0.0,0.0,0.8617234468937875,0.6172344689378757,-0.04935956331321422,0.20814823585846734
50210,4,0.37773080201406284,0.03206412825651302,0.0,0.0,0.8777555110220441,0.8897795591182365,0.08433309711801328,0.24686422886080558
50210,5,0.4839020257675545,0.6172344689378757,0.0,0.0,0.9458917835671342,0.9899799599198397,0.24273148822693016,0.25453016699724534
50210,6,0.4775115236218763,0.15030060120240482,0.0,0.0,0.9258517034068137,0.9478957915831663,0.0902414281874339,0.21580954301278224
50210,7,0.4508620652253863,0.22244488977955912,0.0,0.0,0.9819639278557114,0.9458917835671342,0.508701039484838,0.27099582053344357
50622,0,0.7122955079078737,0.9939879759519038,0.0,1.0,0.9919839679358717,0.9979959919839679,0.0029968604844343876,0.48498660716075
50622,1,0.6476917404339215,1.0,1.0,1.0,0.9979959919839679,0.9979959919839679,0.34520747441888006,0.5406515069073126
50622,2,0.7384544057305085,0.9979959919839679,0.0,1.0,1.0,0.9919839679358717,0.09621147022837186,0.6620950342577369
50622,3,0.7001558405772226,0.9979959919839679,0.0,1.0,1.0,0.5490981963927856,0.5046118732149076,0.7306710164424702
50622,4,0.6877792683781072,0.9959919839679359,0.0,1.0,1.0,0.9919839679358717,-0.1363075915270126,0.4401413649063968
50622,5,0.6803995014938407,0.9899799599198397,0.0,0.0,1.0,0.9959919839679359,0.1881007501004604,0.7219763780750829
50622,6,0.6955495020739044,0.9979959919839679,0.0,1.0,1.0,0.9939879759519038,0.006453859507138255,0.48530607742828974
50622,7,0.706083257287784,0.9939879759519038,0.0,1.0,1.0,0.9959919839679359,0.23864794198072323,0.559258948835416
50708,0,0.6464539544678471,0.8517034068136272,0.0,0.0,0.9959919839679359,0.8697394789579158,0.0726100016517269,0.19899860188812749
50708,1,0.5771531090773578,0.9218436873747495,0.0,0.0,0.9879759519038076,0.7334669338677354,0.22161657618668001,0.22460012172486446
50708,2,0.6250713585385135,0.7775551102204409,0.0,0.0,0.9939879759519038,0.9438877755511023,0.1433052423958653,0.2098576840173032
50708,3,0.6385902842020461,0.8877755511022044,0.0,0.0,0.9819639278557114,0.8236472945891784,0.21199333657820163,0.20267672518001043
50708,4,0.663186319708404,0.935871743486974,0.0,0.0,0.9979959919839679,0.9859719438877755,0.27296543790707006,0.24539471172778063
50708,5,0.5885301972875115,0.9158316633266533,0.0,0.0,1.0,0.8937875751503006,-0.018069889875999987,0.1661049027178095
50708,6,0.5501924613089653,0.9338677354709419,0.0,0.0,0.9959919839679359,0.8036072144288577,0.058593835282830464,0.22564687342514747
50708,7,0.6485559827371419,0.8997995991983968,0.0,0.0,1.0,0.9418837675350702,0.08803783742610487,0.2046752303289008
50739,0,0.5331172031277812,0.8376753507014028,0.0,0.0,0.9979959919839679,0.9939879759519038,0.15373608636414945,0.18746206737825483
50739,1,0.5880144040196927,0.811623246492986,0.0,0.0,0.9859719438877755,0.9919839679358717,0.03728369994346699,0.1808862223544901
50739,2,0.5256236295678207,0.9018036072144289,0.0,0.0,0.9919839679358717,0.9799599198396793,0.09659767664912602,0.1693431383560605
50739,3,0.5839932579749104,0.8537074148296593,0.0,0.0,0.9899799599198397,1.0,0.18926280753137634,0.16753798974852246
50739,4,0.6074499390103482,0.9378757515030061,0.0,0.0,0.9318637274549099,0.9939879759519038,0.01090564212500871,0.19168637650245082
50739,5,0.5652241014218089,0.8356713426853707,0.0,0.0,0.9619238476953907,0.9899799599198397,0.11848536570930812,0.1743399939763977
50739,6,0.5100877046761738,0.5831663326653307,0.0,0.0,0.9178356713426854,0.9919839679358717,0.026665427980922436,0.16518645335822443
50739,7,0.573213121853071,0.811623246492986,0.0,0.0,0.9779559118236473,0.9899799599198397,-0.006693904662042629,0.1733218346766648
50850,0,0.6409630203514561,0.9839679358717435,0.0,0.0,0.9098196392785571,0.9839679358717435,-0.16427998425674603,0.5616420764703574
50850,1,0.7647355360896843,0.9959919839679359,0.0,1.0,0.9739478957915831,0.9959919839679359,0.145498402407729,0.5717949873123763
50850,2,0.7575755064164289,0.9979959919839679,0.0,1.0,0.9919839679358717,0.9879759519038076,0.5063730715171496,0.5306092562929279
50850,3,0.7289813323130474,0.9879759519038076,0.0,0.0,0.7615230460921844,0.9839679358717435,-0.1986474775112139,0.5435341295558576
50850,4,0.7600244994895071,0.9899799599198397,0.0,0.0,0.9779559118236473,0.9899799599198397,0.43778541925875747,0.5285577405109654
50850,5,0.7010503274890063,0.9959919839679359,0.0,1.0,0.9839679358717435,0.9919839679358717,0.5235818460035324,0.5111402463408402
50850,6,0.6411078807506915,0.9879759519038076,0.0,0.0,0.9959919839679359,0.9879759519038076,0.43750651911000077,0.46355493031086803
50850,7,0.7184864388994646,0.9979959919839679,0.0,1.0,0.9939879759519038,0.9919839679358717,0.5668422030608508,0.5157802830023271
51008,0,0.7436820372699904,0.9879759519038076,0.0,0.0,0.8036072144288577,0.9919839679358717,-0.05897838074675434,0.3972809402281363
51008,1,0.7964325226104157,0.9959919839679359,0.0,1.0,0.9679358717434869,0.9679358717434869,-0.11400789569820069,0.4227210397184148
51008,2,0.728595060753514,0.9979959919839679,0.0,1.0,0.8136272545090181,0.8096192384769539,-0.05450942522831869,0.4466955275358925
51008,3,0.75878478909699,0.9839679358717435,0.0,0.0,0.7655310621242485,0.9599198396793587,-0.11576053573539591,0.40925597976265093
51008,4,0.7073587781954684,0.9899799599198397,0.0,0.0,0.4348697394789579,0.9919839679358717,0.10075810536147234,0.44473488142492346
51008,5,0.7788412919121832,0.9959919839679359,0.0,1.0,0.8977955911823647,0.9819639278557114,-0.057085422471154196,0.45508782936958636
51008,6,0.7691412396176518,0.9839679358717435,0.0,0.0,0.6673346693386774,0.8557114228456913,-0.11695236499516415,0.4782269041010225
51008,7,0.7809227094245055,0.9979959919839679,0.0,1.0,0.7835671342685371,0.9679358717434869,-0.05438393650548292,0.4590244101064922
51227,0,0.7454131972003513,0.9819639278557114,0.0,0.0,0.7014028056112225,0.9799599198396793,-0.022720125326502312,0.11284783782135548
51227,1,0.6867799973803146,0.969939879759519,0.0,0.0,0.6753507014028056,0.9659318637274549,-0.12404282325722917,0.11983883243551059
51227,2,0.7871495550332597,0.9839679358717435,0.0,0.0,0.657314629258517,0.9779559118236473,0.10137648154242171,0.1281767836660238
51227,3,0.8418933679052805,0.9919839679358717,0.0,1.0,0.8997995991983968,0.9899799599198397,-0.1902116205375963,0.11788759770065294
51227,4,0.8275398569507829,0.9959919839679359,0.0,1.0,0.6793587174348698,0.9278557114228457,0.1617055497234946,0.11508247171655735
51227,5,0.7661629478816905,0.9939879759519038,0.0,1.0,0.7274549098196392,0.9799599198396793,0.08148331677324551,0.12524578365710504
51227,6,0.7518783813791137,0.9719438877755511,0.0,0.0,0.8797595190380761,0.9919839679358717,0.026120286596747064,0.13041665888047568
51227,7,0.7849488709876918,0.9919839679358717,0.0,1.0,0.32064128256513025,0.9579158316633266,0.2417566512443787,0.11754753833094034
51300,0,0.5129171229718297,0.8837675350701403,0.0,0.0,0.9078156312625251,0.9559118236472945,-0.19455724530051857,0.17373375013139755
51300,1,0.5732910593258965,0.9378757515030061,0.0,0.0,0.45490981963927857,0.9498997995991983,-0.02052974910919342,0.16940090330158847
51300,2,0.6802324446349555,0.9799599198396793,0.0,0.0,0.12024048096192384,0.9799599198396793,0.07105822767749434,0.19923964022242202
51300,3,0.6436378302586963,0.9639278557114228,0.0,0.0,0.8597194388777555,0.9579158316633266,0.2536555112864964,0.23047665100828327
51300,4,0.6369084212161599,0.9458917835671342,0.0,0.0,0.5210420841683366,0.9258517034068137,0.0055553694483373205,0.21124945034989542
51300,5,0.6319105504819722,0.935871743486974,0.0,0.0,0.9599198396793587,0.8597194388777555,0.020546893133428966,0.2155685421502571
51300,6,0.6587466181677759,0.9579158316633266,0.0,0.0,0.9599198396793587,0.9799599198396793,-0.22418681948377128,0.1594102078994267
51300,7,0.6679438339831562,0.9759519038076152,0.0,0.0,0.7895791583166333,0.9559118236472945,0.040709221884463395,0.2072681125356598
51380,0,0.6642780297817618,0.9659318637274549,0.0,0.0,0.11623246492985972,0.7454909819639278,0.10402247814521563,0.21860116823118098
51380,1,0.7109847167687291,0.9979959919839679,0.0,1.0,0.9959919839679359,0.9939879759519038,0.017768380563332114,0.24799108571024697
51380,2,0.6283174165409539,0.9819639278557114,0.0,0.0,0.7775551102204409,0.4148296593186373,-0.10886686405241953,0.16641747591669365
51380,3,0.695570306469614,0.9979959919839679,0.0,1.0,0.6513026052104208,0.9519038076152304,-0.07601336905180493,0.19110387749118665
51380,4,0.7008296501183533,0.9979959919839679,0.0,1.0,0.9799599198396793,1.0,0.00271051120161322,0.23583254191176972
51380,5,0.62569069166747,1.0,1.0,1.0,0.8096192384769539,0.8256513026052105,0.17124964786680227,0.22327034386572828
51380,6,0.6834498682482606,0.9979959919839679,0.0,1.0,0.6352705410821643,0.5290581162324649,0.3204031091182493,0.26970620062679534
51380,7,0.44209987264864614,0.8316633266533067,0.0,0.0,0.8537074148296593,0.9418837675350702,-0.12032385590490291,0.18924664870886382
51385,0,0.7329508920109722,0.9959919839679359,0.0,1.0,0.6693386773547094,0.9759519038076152,0.03651277643256514,0.29196905620470276
51385,1,0.7011896410797311,0.9298597194388778,0.0,0.0,0.9038076152304609,0.4709418837675351,0.08462495573927274,0.38765111634660787
51385,2,0.7991347915904947,0.9939879759519038,0.0,1.0,0.9819639278557114,1.0,0.15176835353599133,0.3967930800189433
51385,3,0.7865266615489888,0.9899799599198397,0.0,0.0,0.9539078156312625,0.9919839679358717,0.35683322682776986,0.3873359476359662
51385,4,0.6997893208052841,0.9619238476953907,0.0,0.0,0.9158316633266533,0.7354709418837675,0.20619194851751796,0.48771386284093976
51385,5,0.7626242203565238,0.9458917835671342,0.0,0.0,0.9038076152304609,0.627254509018036,0.3026112587106197,0.43550666950069716
51385,6,0.7473369096034905,0.9599198396793587,0.0,0.0,0.9378757515030061,0.9819639278557114,0.05359173723696118,0.3677911609671082
51385,7,0.7681840158881121,0.9859719438877755,0.0,0.0,0.9579158316633266,0.9959919839679359,0.17696275617797116,0.41454013483686175
51436,0,0.680080332785876,0.9959919839679359,0.0,1.0,0.8817635270541082,0.9879759519038076,-0.11616344206099659,0.05084743329465375
51436,1,0.6081059729656579,0.9398797595190381,0.0,0.0,0.7374749498997996,0.3046092184368738,-0.11820275946810886,0.06485223025276932
51436,2,0.6242326438525878,0.9879759519038076,0.0,0.0,0.8777555110220441,0.8817635270541082,-0.16241157700111966,0.06107648533919265
51436,3,0.5957077722715344,0.9398797595190381,0.0,0.0,0.969939879759519,0.3246492985971944,-0.009585795535576576,0.06986663279049268
51436,4,0.6321854373669465,0.9799599198396793,0.0,0.0,0.9719438877755511,0.9779559118236473,-0.04388221574544734,0.06097561505553504
51436,5,0.5663331616633729,0.9258517034068137,0.0,0.0,0.6653306613226453,0.5731462925851704,-0.09941144643478013,0.06949952907520524
51436,6,0.6062579950532118,0.9258517034068137,0.0,0.0,0.9619238476953907,0.7394789579158316,-0.04206251672294966,0.07002439648968736
51436,7,0.5468154122691311,0.9178356713426854,0.0,0.0,0.46292585170340683,0.45090180360721444,-0.13769192368717695,0.06235957620505445
51517,0,0.6956571977002873,1.0,1.0,1.0,0.9839679358717435,0.6192384769539078,-0.21784579723841754,0.3359715887024262
51517,1,0.7206921646707367,0.9899799599198397,0.0,0.0,0.9899799599198397,0.6012024048096193,-0.1304944802545234,0.34275600796718875
51517,2,0.6998747113899118,0.9879759519038076,0.0,0.0,0.9959919839679359,0.36072144288577157,0.16098874031933058,0.35400435417753456
51517,3,0.6423992220888736,0.9679358717434869,0.0,0.0,0.9679358717434869,0.41282565130260523,0.08263378664180508,0.3006713260692644
51517,4,0.7302505501708798,0.9979959919839679,0.0,1.0,0.9799599198396793,0.7274549098196392,-0.13183789928332376,0.35013366633643905
51517,5,0.6004371373466593,0.8316633266533067,0.0,0.0,0.6753507014028056,0.7474949899799599,-0.13268361720981467,0.270511341087314
51517,6,0.6139158733437275,0.9739478957915831,0.0,0.0,0.9659318637274549,0.47695390781563124,-0.18642475573642361,0.31551724779099694
51517,7,0.5843375192999694,0.779559118236473,0.0,0.0,0.8196392785571143,0.45490981963927857,-0.17326311644295567,0.2709469131146355
51688,0,0.6293372891501083,0.8957915831663327,0.0,0.0,0.7675350701402806,0.4709418837675351,0.11394676477673181,0.34058773427528466
51688,1,0.7560980232799923,1.0,1.0,1.0,1.0,0.9959919839679359,-0.052264666666903624,0.19041196665558147
51688,2,0.731429756090534,1.0,1.0,1.0,0.875751503006012,0.9959919839679359,0.008874945196698006,0.25159957450744314
51688,3,0.6441346605987273,0.8817635270541082,0.0,0.0,0.44288577154308617,0.43887775551102204,-0.1123720861962353,0.31109174728101147
51688,4,0.6494866919998982,0.9779559118236473,0.0,0.0,0.811623246492986,0.9819639278557114,-0.16930749674905826,0.28212771603389414
51688,5,0.6398813594478481,0.9979959919839679,0.0,1.0,0.9899799599198397,0.8597194388777555,-0.0551205854890052,0.270168433183825
51688,6,0.6717112701021127,0.9959919839679359,0.0,1.0,0.6132264529058116,0.5050100200400801,-0.021350497652338367,0.25633323907028777
51688,7,0.709455889708944,1.0,1.0,1.0,0.9919839679358717,0.9939879759519038,-0.02181942050468212,0.20423825162977297
51865,0,0.5735522301241582,0.7014028056112225,0.0,0.0,0.9118236472945892,0.1282565130260521,0.030224124434082292,0.09674266777872767
51865,1,0.647727418463224,0.8877755511022044,0.0,0.0,0.9539078156312625,0.6492985971943888,0.19017467014624934,0.09823509380711162
51865,2,0.6345958718868947,0.8136272545090181,0.0,0.0,0.811623246492986,0.22845691382765532,0.009526684171961772,0.08846770990384324
51865,3,0.6986510067935565,0.9258517034068137,0.0,0.0,0.7695390781563126,0.23246492985971945,0.11946043279405855,0.11014592229214701
51865,4,0.6204057165724467,0.8537074148296593,0.0,0.0,0.6813627254509018,0.2745490981963928,0.054410036768012406,0.09387260148574122
51865,5,0.6159396388224969,0.9138276553106213,0.0,0.0,0.6673346693386774,0.15831663326653306,0.13694031557013647,0.12401809304872476
51865,6,0.5980482078107353,0.8196392785571143,0.0,0.0,0.935871743486974,0.2965931863727455,0.05005877700853214,0.08328681303550721
51865,7,0.6063448486792071,0.8196392785571143,0.0,0.0,0.969939879759519,0.1462925851703407,0.12471619871186962,0.09447874930401463
51943,0,0.7160030306834403,0.9879759519038076,0.0,0.0,1.0,1.0,0.19834067677477674,0.22096066500381523
51943,1,0.6511934171548036,0.9819639278557114,0.0,0.0,0.9238476953907816,0.9959919839679359,0.06949361549696174,0.24894967961160241
51943,2,0.7253258531025673,0.9839679358717435,0.0,0.0,0.9979959919839679,1.0,0.5345177681697981,0.24382321271568586
51943,3,0.6855392162851994,0.9939879759519038,0.0,1.0,1.0,1.0,0.03406350286107167,0.22602115982590054
51943,4,0.6884268906092743,0.9879759519038076,0.0,0.0,0.9278557114228457,1.0,-0.43789929297605884,0.200594707003389
51943,5,0.715893924866692,1.0,1.0,1.0,0.9939879759519038,1.0,0.12155784967283573,0.20478808281432995
51943,6,0.6678563221098897,0.9719438877755511,0.0,0.0,0.9919839679358717,1.0,0.30778125198283657,0.2330954798414194
51943,7,0.6424269638966782,0.9739478957915831,0.0,0.0,0.9599198396793587,0.9979959919839679,0.07015376982166058,0.2124191888369406
51956,0,0.5262967971722892,0.6813627254509018,0.0,0.0,0.7675350701402806,0.6292585170340681,0.23729886377986228,0.1805971395055532
51956,1,0.5463892351226232,0.4789579158316633,0.0,0.0,0.7575150300601202,0.7434869739478958,-0.2485459435920107,0.11851650185338412
51956,2,0.5002274031722251,0.30060120240480964,0.0,0.0,0.9178356713426854,0.7875751503006012,0.05173739100299012,0.17651342342935444
51956,3,0.5080922110555252,0.4468937875751503,0.0,0.0,0.5551102204408818,0.625250501002004,-0.0005283796904782033,0.19870131419908527
51956,4,0.4673284434533663,0.21643286573146292,0.0,0.0,0.751503006012024,0.4909819639278557,0.02314661031197266,0.17416915674324054
51956,5,0.5591733059785111,0.5871743486973948,0.0,0.0,0.9138276553106213,0.779559118236473,0.026777519380034576,0.15311237654789991
51956,6,0.5265910773879723,0.5270541082164328,0.0,0.0,0.5951903807615231,0.5591182364729459,0.0911009417161576,0.18353731711472654
51956,7,0.5513122943703136,0.7535070140280561,0.0,0.0,0.7454909819639278,0.6733466933867736,-0.19506802752420865,0.15600764642682982
51990,0,0.6335109883630489,0.8837675350701403,0.0,0.0,1.0,0.8236472945891784,0.17466937538190816,0.09226785411169866
51990,1,0.6464245820618164,0.8136272545090181,0.0,0.0,1.0,0.7474949899799599,-0.10786520613999873,0.0882796296546165
51990,2,0.6203790593486422,0.9519038076152304,0.0,0.0,1.0,0.7975951903807615,0.0048626842512740544,0.07900306367408604
51990,3,0.6094779081547744,0.9098196392785571,0.0,0.0,0.9338677354709419,0.24448897795591182,-0.18555930869021728,0.0934233100046519
51990,4,0.6053040578092035,0.6753507014028056,0.0,0.0,0.9979959919839679,0.9478957915831663,0.09501764802440762,0.09493089638722267
51990,5,0.647853692831,0.9218436873747495,0.0,0.0,0.9939879759519038,0.7354709418837675,0.072169447751251,0.07782583885810315
51990,6,0.5854283910999368,0.9539078156312625,0.0,0.0,0.9378757515030061,0.18236472945891782,-0.2183836382294344,0.09653171179146738
51990,7,0.6059951985522851,0.8256513026052105,0.0,0.0,0.9158316633266533,0.9939879759519038,-0.09400782085986632,0.08938080794575683
52228,0,0.7147405100137357,0.9939879759519038,0.0,1.0,0.9919839679358717,1.0,0.27062273537843207,0.4686075657405705
52228,1,0.635576369301973,0.9919839679358717,0.0,1.0,0.9799599198396793,0.9939879759519038,0.3545094916262896,0.491850021737056
52228,2,0.5752405879951674,0.9819639278557114,0.0,0.0,0.9599198396793587,0.9819639278557114,0.2544527152965727,0.5147414656371295
52228,3,0.6389693570803187,0.9879759519038076,0.0,0.0,0.9839679358717435,0.9939879759519038,0.043023070943104445,0.5881468901620179
52228,4,0.6888560996142639,1.0,1.0,1.0,0.9839679358717435,0.9979959919839679,0.5113388754906465,0.5500075621377698
52228,5,0.6707984304932761,0.9759519038076152,0.0,0.0,0.9839679358717435,0.9959919839679359,0.3079838925264213,0.5574535372960754
52228,6,0.6795462147212906,0.9799599198396793,0.0,0.0,1.0,0.9959919839679359,0.49426370113463125,0.5090541243527001
52228,7,0.6552765477837791,0.9859719438877755,0.0,0.0,0.9939879759519038,0.9959919839679359,0.4088156297497976,0.5480120260227527
52277,0,0.5879799838696894,0.9839679358717435,0.0,0.0,0.8997995991983968,0.9939879759519038,-0.050943525650079195,0.4879519942591787
52277,1,0.7158723460711127,0.9899799599198397,0.0,0.0,0.9939879759519038,0.9919839679358717,0.13678686212417546,0.46394669801361504
52277,2,0.6793905753843572,0.9819639278557114,0.0,0.0,0.9599198396793587,0.9899799599198397,0.20629004355554809,0.53523276195015
52277,3,0.6577208210640639,0.9819639278557114,0.0,0.0,0.9779559118236473,1.0,0.13050256627309217,0.5195129050029547
52277,4,0.6984872168844778,0.9939879759519038,0.0,1.0,0.9619238476953907,0.9899799599198397,0.17929455506949077,0.49473942463509074
52277,5,0.7237770898923297,0.9899799599198397,0.0,0.0,0.9959919839679359,0.9939879759519038,0.21887250023487187,0.45901135574961094
52277,6,0.7425805097403628,0.9939879759519038,0.0,1.0,0.935871743486974,0.9899799599198397,0.11039257049285446,0.4185121211871296
52277,7,0.6607906818739901,0.9839679358717435,0.0,0.0,0.9979959919839679,1.0,0.1036251294485901,0.49856816547636146
52729,0,0.5985949499157159,0.9418837675350702,0.0,0.0,0.9719438877755511,0.9198396793587175,-0.13143472414919832,0.3289342828838699
52729,1,0.6097431308464077,0.9338677354709419,0.0,0.0,0.8096192384769539,0.7535070140280561,-0.16353682689784038,0.3326945398473283
52729,2,0.5269150207756624,0.8577154308617234,0.0,0.0,0.9959919839679359,0.9258517034068137,-0.24419143098423285,0.4018908140238558
52729,3,0.7191900130099211,0.9959919839679359,0.0,1.0,0.9919839679358717,0.8236472945891784,-0.0023407222334885765,0.4149703422368281
52729,4,0.7346192516113218,0.9919839679358717,0.0,1.0,0.9939879759519038,0.7194388777555111,-0.13564646158453703,0.3551621054411928
52729,5,0.599767186912122,0.9899799599198397,0.0,0.0,1.0,0.9759519038076152,0.3462878499741598,0.4424892502554048
52729,6,0.6825019783661546,0.9819639278557114,0.0,0.0,0.9959919839679359,0.9759519038076152,-0.13946019844052054,0.3591544718909038
52729,7,0.6100593490218237,0.9599198396793587,0.0,0.0,0.9959919839679359,0.7855711422845691,0.00755438731488478,0.3474029590127002
52733,0,0.5935298258194597,0.7875751503006012,0.0,0.0,0.4529058116232465,0.39478957915831664,0.19190800197882577,0.2976793775338867
52733,1,0.579179982094727,0.8617234468937875,0.0,0.0,0.685370741482966,0.5651302605210421,0.21269664268215613,0.29813403761524565
52733,2,0.5532997766115266,0.6733466933867736,0.0,0.0,0.6132264529058116,0.5130260521042084,0.1598546980273065,0.3486773536410308
52733,3,0.5091033347567582,0.46693386773547096,0.0,0.0,0.6973947895791583,0.8797595190380761,0.14255827852167743,0.38491565372392894
52733,4,0.5495575258695329,0.8637274549098196,0.0,0.0,0.6352705410821643,0.533066132264529,0.1747949162755158,0.3576035301502136
52733,5,0.5386168544532037,0.687374749498998,0.0,0.0,0.7314629258517034,0.9438877755511023,0.17267410793969962,0.33701346264698095
52733,6,0.5251302083764704,0.5871743486973948,0.0,0.0,0.5390781563126252,0.7635270541082164,0.17038133141928324,0.31627964364856714
52733,7,0.5431562748171649,0.8376753507014028,0.0,0.0,0.6833667334669339,0.6893787575150301,0.12149337689133019,0.31953103638057895
52803,0,0.6015059173496329,0.9418837675350702,0.0,0.0,0.9859719438877755,0.30060120240480964,-0.06960908161374635,0.12846129703680922
52803,1,0.5660327522712414,0.9519038076152304,0.0,0.0,0.9519038076152304,0.4649298597194389,-0.09876097804808817,0.13046149816762942
52803,2,0.5372241071094471,0.7595190380761523,0.0,0.0,0.9378757515030061,0.3366733466933868,-0.08151284874321432,0.12086775425716412
52803,3,0.5667860796856299,0.7054108216432866,0.0,0.0,0.8877755511022044,0.1623246492985972,-0.011937354362487275,0.17522114348298953
52803,4,0.5970377997731953,0.9739478957915831,0.0,0.0,0.9979959919839679,0.2625250501002004,0.14929542295218037,0.1636042776772778
52803,5,0.5398887171775277,0.7535070140280561,0.0,0.0,0.9078156312625251,0.3687374749498998,0.05877061040525537,0.1370829572127001
52803,6,0.6240477379925737,0.9438877755511023,0.0,0.0,0.9879759519038076,0.27054108216432865,0.03126000552786777,0.15510787631332615
52803,7,0.6178726400064974,0.9819639278557114,0.0,0.0,0.9859719438877755,0.33867735470941884,0.08600294255087455,0.16822780792890138
52927,0,0.8224663713203476,0.9979959919839679,0.0,1.0,0.935871743486974,0.9979959919839679,0.20383746249370324,0.09345865280663378
52927,1,0.7686932099155,0.9939879759519038,0.0,1.0,0.7134268537074149,0.9679358717434869,0.1557773674273293,0.08006482263103763
52927,2,0.7106195112619048,0.9859719438877755,0.0,0.0,0.15030060120240482,0.9839679358717435,0.1162556544057829,0.11276509001754706
52927,3,0.8029238163788507,1.0,1.0,1.0,0.4649298597194389,0.9579158316633266,-0.10977662513095719,0.08476885178009183
52927,4,0.7556383159793489,0.9899799599198397,0.0,0.0,0.9318637274549099,0.9919839679358717,0.17328684148750922,0.09027264920908491
52927,5,0.7298052015008623,0.9979959919839679,0.0,1.0,0.8496993987975952,0.9599198396793587,0.26189993085242746,0.1084768691103274
52927,6,0.750045893354891,0.9939879759519038,0.0,1.0,0.8517034068136272,0.9939879759519038,0.23889548097354682,0.09840283067791356
52927,7,0.8246049863227162,0.9939879759519038,0.0,1.0,0.42084168336673344,0.9799599198396793,0.20560317457548088,0.09838200538853649
53445,0,0.7846739572913536,0.9959919839679359,0.0,1.0,0.7855711422845691,0.9879759519038076,0.059757042183265684,0.08266496206737471
53445,1,0.7573115688193355,0.9899799599198397,0.0,0.0,0.8416833667334669,0.9539078156312625,0.16306045558177518,0.08408718620827389
53445,2,0.7568235144510619,0.9899799599198397,0.0,0.0,0.6172344689378757,0.9679358717434869,-0.027699645455311412,0.09698835683514398
53445,3,0.7350444074149831,0.9879759519038076,0.0,0.0,0.3466933867735471,0.8416833667334669,0.1461520800712656,0.10190932297054618
53445,4,0.7272829447332545,0.9759519038076152,0.0,0.0,0.5671342685370742,0.8036072144288577,-0.06557210354472691,0.07155442054285471
53445,5,0.8128039441108925,0.9899799599198397,0.0,0.0,0.811623246492986,0.9458917835671342,0.09648208650104462,0.09718884042175673
53445,6,0.7902990238147117,0.9939879759519038,0.0,1.0,0.8276553106212425,0.9659318637274549,0.26174112270274835,0.1067918167555527
53445,7,0.6570993946617747,0.9338677354709419,0.0,0.0,0.9819639278557114,0.8937875751503006,-0.013563626739030242,0.08492349848359285
53659,0,0.6976504659912277,0.9218436873747495,0.0,0.0,0.9919839679358717,0.9018036072144289,-0.007103489845391821,0.5426138799544449
53659,1,0.812733015938617,0.9979959919839679,0.0,1.0,1.0,0.9979959919839679,0.5338013113194658,0.5157291372698654
53659,2,0.7026604880609526,0.9519038076152304,0.0,0.0,0.969939879759519,0.9478957915831663,0.23663315385936465,0.49927500303392364
53659,3,0.6307419758584252,0.9318637274549099,0.0,0.0,0.9659318637274549,0.6653306613226453,0.305147308649917,0.47945001482459904
53659,4,0.7430913763308795,0.9539078156312625,0.0,0.0,0.9879759519038076,0.9579158316633266,0.20879234570952013,0.472661967901686
53659,5,0.7546863803132666,0.9438877755511023,0.0,0.0,0.9979959919839679,0.9639278557114228,0.21051117359564395,0.4512128128440493
53659,6,0.6315335560970055,0.9478957915831663,0.0,0.0,0.969939879759519,0.35470941883767537,0.5185304783507996,0.5192748554179081
53659,7,0.5618824839067401,0.8717434869739479,0.0,0.0,0.9779559118236473,0.5991983967935872,0.3696766065650735,0.4992382654006927
53729,0,0.7422061990014195,0.9659318637274549,0.0,0.0,0.9919839679358717,0.9919839679358717,0.10646209016026668,0.23951823674304437
53729,1,0.7946759172622698,0.9859719438877755,0.0,0.0,0.9939879759519038,0.9919839679358717,0.386537765844563,0.25317879689567685
53729,2,0.5688416665290759,0.8957915831663327,0.0,0.0,0.8076152304609219,0.08016032064128256,0.1533049156547115,0.34877066733405815
53729,3,0.7503582181945729,0.9559118236472945,0.0,0.0,0.9438877755511023,0.9899799599198397,0.4477029468045166,0.2499741898484979
53729,4,0.727215956438177,0.9779559118236473,0.0,0.0,1.0,0.9899799599198397,0.4971365644160361,0.3168064485953234
53729,5,0.7692086168213534,0.9619238476953907,0.0,0.0,0.969939879759519,0.9899799599198397,0.3540137275281216,0.2889777517220694
53729,6,0.7718823064767207,0.9879759519038076,0.0,0.0,0.9819639278557114,0.9919839679358717,0.4417947165059095,0.2968303966004576
53729,7,0.7390229422138379,0.9719438877755511,0.0,0.0,0.9919839679358717,0.9899799599198397,0.39909933118852586,0.24523506417035176
53974,0,0.6380615981617159,0.9799599198396793,0.0,0.0,0.9098196392785571,0.9959919839679359,0.3823232947012364,0.48191736418823544
53974,1,0.7431673179771412,0.9939879759519038,0.0,1.0,0.6793587174348698,0.9979959919839679,0.43325970928978497,0.47625941101975944
53974,2,0.6530198677309766,0.9919839679358717,0.0,1.0,0.751503006012024,0.9939879759519038,0.24805897238781716,0.47458651092576104
53974,3,0.7459188582549034,0.9899799599198397,0.0,0.0,0.9318637274549099,1.0,-0.027554167026792444,0.5068359455063856
53974,4,0.726759860487943,0.9819639278557114,0.0,0.0,0.8517034068136272,1.0,-0.21348296651940218,0.5331565428751553
53974,5,0.5816609431665762,0.9498997995991983,0.0,0.0,0.7575150300601202,0.9338677354709419,0.0012239703637863997,0.4938757976302804
53974,6,0.6562289241849539,0.9559118236472945,0.0,0.0,0.7755511022044088,0.9679358717434869,0.050656551462966284,0.4617445268329777
53974,7,0.7400862062114912,0.9959919839679359,0.0,1.0,0.9979959919839679,1.0,0.4169009301514839,0.4727611175524525
54054,0,0.4327176779906753,0.18637274549098196,0.0,0.0,0.9859719438877755,0.9438877755511023,0.16593695531018626,0.18181156700087409
54054,1,0.4751992798826282,0.7995991983967936,0.0,0.0,0.9679358717434869,0.9899799599198397,0.11061779732679684,0.19214421888873198
54054,2,0.4952869645882596,0.4649298597194389,0.0,0.0,0.9719438877755511,0.9839679358717435,-0.0154206747094296,0.22764331932401027
54054,3,0.5183767834851989,0.49899799599198397,0.0,0.0,0.9979959919839679,0.9939879759519038,0.11323893385837575,0.1938271031116807
54054,4,0.42319636865302207,0.5210420841683366,0.0,0.0,0.9979959919839679,0.9979959919839679,0.11801062860056609,0.24508557165068523
54054,5,0.5033482552131052,0.8657314629258517,0.0,0.0,1.0,1.0,0.15256498552761402,0.2529934391567988
54054,6,0.554378348096179,0.7975951903807615,0.0,0.0,1.0,0.9859719438877755,-0.04994874249024351,0.1796100580490035
54054,7,0.551358431499711,0.4589178356713427,0.0,0.0,1.0,0.9959919839679359,0.1444201393701559,0.2197856995266231
54099,0,0.8328681203926221,0.9879759519038076,0.0,0.0,0.9879759519038076,0.9939879759519038,-0.08557154703159754,0.16980970500084788
54099,1,0.8395952796651378,0.9899799599198397,0.0,0.0,0.9979959919839679,0.9939879759519038,0.018421632526956166,0.1786022579681082
54099,2,0.668008075973386,0.9819639278557114,0.0,0.0,0.9919839679358717,0.9879759519038076,0.01632857660425088,0.1864216215692271
54099,3,0.8745780476651992,0.9979959919839679,0.0,1.0,0.9959919839679359,0.9959919839679359,-0.021339132236703858,0.19973926259642455
54099,4,0.8692615056625972,0.9919839679358717,0.0,1.0,0.9979959919839679,0.9959919839679359,-0.13277027215281326,0.18943444142914762
54099,5,0.8650458904969928,0.9879759519038076,0.0,0.0,0.9979959919839679,0.9959919839679359,-0.23909202017970313,0.18200126039977582
54099,6,0.8696641719537492,0.9879759519038076,0.0,0.0,0.9959919839679359,0.9979959919839679,0.2680013475932604,0.21311619564802514
54099,7,0.5943850377146644,0.7935871743486974,0.0,0.0,0.7755511022044088,0.5791583166332666,-0.28286240350221,0.11878589785556705
54250,0,0.8395766388843489,0.9959919839679359,0.0,1.0,0.9418837675350702,0.9719438877755511,-0.03586627038476412,0.22681120078581887
54250,1,0.8730839003827999,0.9979959919839679,0.0,1.0,1.0,0.9759519038076152,0.07737790783313868,0.2386724247400023
54250,2,0.7920148376365627,0.9879759519038076,0.0,0.0,0.9959919839679359,0.9799599198396793,0.196965137759394,0.18171538775471535
54250,3,0.8005365509787535,0.9979959919839679,0.0,1.0,1.0,0.9979959919839679,-0.005308562601739142,0.1959269533841559
54250,4,0.8554243832371311,0.9979959919839679,0.0,1.0,0.9959919839679359,0.9979959919839679,0.11765826867398893,0.15850854166212733
54250,5,0.854312457649778,1.0,1.0,1.0,0.9959919839679359,0.969939879759519,0.09346139963144405,0.1976313945624313
54250,6,0.8722322859149434,1.0,1.0,1.0,0.9559118236472945,1.0,-0.043132635918899764,0.19205528898181817
54250,7,0.8490967582623303,0.9979959919839679,0.0,1.0,0.8877755511022044,0.9639278557114228,-0.05430777257229036,0.23242146319962748
54336,0,0.6688608625197003,0.9959919839679359,0.0,1.0,0.8637274549098196,0.9739478957915831,0.0664314641511939,0.1696041513604249
54336,1,0.7175928273586002,0.9939879759519038,0.0,1.0,0.9138276553106213,0.9859719438877755,0.04502753799176684,0.1302801777651974
54336,2,0.7243440979489413,0.9919839679358717,0.0,1.0,0.8677354709418837,0.9859719438877755,0.055362721699689775,0.19928060187709973
54336,3,0.8011314219181633,1.0,1.0,1.0,0.9959919839679359,0.9919839679358717,0.26876968259492706,0.2296783843772718
54336,4,0.7728701099235631,1.0,1.0,1.0,1.0,0.9879759519038076,0.15512262961812384,0.2097496062406067
54336,5,0.7651115429886941,1.0,1.0,1.0,0.9939879759519038,0.9919839679358717,0.2037892010598326,0.18421850406161155
54336,6,0.765038847365257,0.9979959919839679,0.0,1.0,0.9959919839679359,0.9819639278557114,0.2399396765776668,0.21190846025114843
54336,7,0.6317328542372654,0.9979959919839679,0.0,1.0,0.9258517034068137,0.9138276553106213,-0.044399636683145,0.10558108269113664
54681,0,0.6902850373606894,0.9819639278557114,0.0,0.0,0.9178356713426854,0.9799599198396793,-0.07695460407868078,0.25403487470615255
54681,1,0.7176642856260912,0.969939879759519,0.0,0.0,0.8416833667334669,0.7414829659318637,0.015575502331720361,0.2708548408993516
54681,2,0.7050446792622966,0.9799599198396793,0.0,0.0,0.8637274549098196,0.42084168336673344,-0.045382160090024895,0.2511205210052716
54681,3,0.7284149584503509,0.9819639278557114,0.0,0.0,0.9098196392785571,0.9078156312625251,0.06774934268114778,0.23808364418525083
54681,4,0.7665382531711743,0.9839679358717435,0.0,0.0,0.87374749498998,0.9979959919839679,-0.07351108643003666,0.3196705541373424
54681,5,0.742345606189611,0.969939879759519,0.0,0.0,0.8997995991983968,0.23446893787575152,-0.0021613190510677022,0.2472139024434647
54681,6,0.7103689785928653,0.9559118236472945,0.0,0.0,0.8396793587174348,0.6372745490981964,-0.17761735625614228,0.21058051505422754
54681,7,0.7816570501927178,0.9879759519038076,0.0,0.0,0.9018036072144289,0.9959919839679359,-0.18559142778107812,0.2661185496583121
55202,0,0.7128365696248742,0.9939879759519038,0.0,1.0,0.935871743486974,0.45490981963927857,0.04670626928944199,0.17200777211219448
55202,1,0.8901464321570096,0.9959919839679359,0.0,1.0,0.9939879759519038,0.9859719438877755,0.13614856968245306,0.16987499641589826
55202,2,0.8841076054131664,0.9959919839679359,0.0,1.0,0.9979959919839679,0.9859719438877755,0.09191252737497321,0.15853394448537309
55202,3,0.8612507322870233,0.9939879759519038,0.0,1.0,0.9939879759519038,0.9879759519038076,0.19233897617370987,0.15236413328384443
55202,4,0.8386698117980323,0.9979959919839679,0.0,1.0,0.9959919839679359,0.9859719438877755,0.03407640103262774,0.1466706769989467
55202,5,0.7873546060244347,1.0,1.0,1.0,0.8136272545090181,0.4188376753507014,0.024012499608950567,0.1792885974853341
55202,6,0.9009253833865667,1.0,1.0,1.0,0.9959919839679359,0.9899799599198397,0.33467364345595646,0.1980595390408887
55202,7,0.7699861046064067,0.9939879759519038,0.0,1.0,0.9639278557114228,0.7955911823647295,-0.022459441312874154,0.1456943104214959
55501,0,0.6334972050336407,0.9198396793587175,0.0,0.0,0.9659318637274549,0.9959919839679359,0.04933991371483383,0.5355148620944278
55501,1,0.619397060451774,0.8937875751503006,0.0,0.0,0.9839679358717435,0.9599198396793587,0.15851043261981196,0.43105504827625113
55501,2,0.6465661172906572,0.935871743486974,0.0,0.0,0.9839679358717435,0.9979959919839679,0.3764040524173066,0.4701560974696406
55501,3,0.7670004802702177,0.9939879759519038,0.0,1.0,0.9859719438877755,1.0,0.2530706160565894,0.4348552736519505
55501,4,0.7115726431915166,0.9418837675350702,0.0,0.0,0.9899799599198397,0.9539078156312625,0.35941982943551626,0.46225748525661825
55501,5,0.7387824662454798,0.9819639278557114,0.0,0.0,0.9839679358717435,1.0,0.20698203370492604,0.3980502642117782
55501,6,0.6840898176279204,0.9739478957915831,0.0,0.0,0.9979959919839679,1.0,0.28693880672413746,0.5349179898992245
55501,7,0.7188880832678206,0.9919839679358717,0.0,1.0,0.9879759519038076,0.9859719438877755,0.3442464236128588,0.538989979122677
55597,0,0.8200632546878488,0.9779559118236473,0.0,0.0,0.9438877755511023,0.9979959919839679,0.430367238642502,0.5249843657432103
55597,1,0.8211951098490292,0.9819639278557114,0.0,0.0,0.9879759519038076,0.9979959919839679,0.5686645330602368,0.5805241985211546
55597,2,0.8165905603232593,0.9779559118236473,0.0,0.0,0.9679358717434869,0.9959919839679359,0.40695724554706547,0.5386335095319836
55597,3,0.8287921399657757,0.9859719438877755,0.0,0.0,0.9659318637274549,0.9859719438877755,0.49909579485585565,0.6016899889306737
55597,4,0.7814304578880356,0.9719438877755511,0.0,0.0,0.9859719438877755,0.9919839679358717,0.306983280728402,0.5414644946539303
55597,5,0.8247569649716142,0.9899799599198397,0.0,0.0,0.9779559118236473,0.9939879759519038,0.5110825656713115,0.575857891262606
55597,6,0.7833794230271036,0.9779559118236473,0.0,0.0,0.9458917835671342,0.9719438877755511,0.44314234466486774,0.5789948857015146
55597,7,0.8409885926683568,0.9899799599198397,0.0,0.0,0.9799599198396793,0.9839679358717435,0.36740244617343715,0.5481137458128263
55741,0,0.519929452957109,0.6472945891783567,0.0,0.0,0.9519038076152304,0.8977955911823647,0.35972335803660727,0.43421023251663016
55741,1,0.5410362892152005,0.593186372745491,0.0,0.0,0.9739478957915831,0.7675350701402806,0.44761062606341284,0.4514407587591759
55741,2,0.5714648276618025,0.8376753507014028,0.0,0.0,0.9539078156312625,0.9659318637274549,0.35327298051032135,0.4298922911208045
55741,3,0.5181111143573938,0.593186372745491,0.0,0.0,0.9458917835671342,0.6993987975951904,0.49138120854396844,0.4538832223176172
55741,4,0.47320248487754035,0.4789579158316633,0.0,0.0,0.9919839679358717,0.9398797595190381,0.5473860130905548,0.4572136118168114
55741,5,0.5028896988457703,0.49899799599198397,0.0,0.0,0.9759519038076152,0.9478957915831663,0.534877878726438,0.46090119195987195
55741,6,0.5219194325760103,0.7695390781563126,0.0,0.0,0.9779559118236473,0.9779559118236473,0.44766906469220996,0.4368865784015042
55741,7,0.48895263090176105,0.6733466933867736,0.0,0.0,0.9939879759519038,0.9438877755511023,0.5338767795734427,0.43134016021185406
55808,0,0.626347530502276,0.9759519038076152,0.0,0.0,0.9899799599198397,0.9599198396793587,0.2565558033500682,0.47201378541649697
55808,1,0.630129632922798,0.9899799599198397,0.0,0.0,0.9879759519038076,0.9959919839679359,0.19819742025367817,0.4497153139407299
55808,2,0.6355195567827994,0.9939879759519038,0.0,1.0,0.9178356713426854,0.9939879759519038,0.28552217128754287,0.4241141124439352
55808,3,0.6756103888864045,0.9859719438877755,0.0,0.0,0.9418837675350702,0.8557114228456913,0.16687293209756504,0.388969010866865
55808,4,0.5244924775001893,0.969939879759519,0.0,0.0,0.9659318637274549,0.9458917835671342,0.061048777922807745,0.4056437306185845
55808,5,0.6186038103640381,0.9659318637274549,0.0,0.0,0.9879759519038076,0.9979959919839679,0.20745257340140902,0.45972550340380913
55808,6,0.5914462936196254,0.9198396793587175,0.0,0.0,0.9639278557114228,0.625250501002004,-0.0007009404126841897,0.40143471414630844
55808,7,0.6202873786120152,0.9959919839679359,0.0,1.0,0.9979959919839679,0.9579158316633266,0.4309888658808604,0.4432258351991355
55876,0,0.5134989457738712,0.7374749498997996,0.0,0.0,0.9919839679358717,0.7555110220440882,0.21555754409096012,0.28410531970233943
55876,1,0.5090710677469334,0.8056112224448898,0.0,0.0,0.9899799599198397,0.8817635270541082,0.03573848219907531,0.23903966406992125
55876,2,0.46757904788057636,0.56312625250501,0.0,0.0,0.6893787575150301,0.9458917835671342,0.019204106203705065,0.2403316040514591
55876,3,0.3717553375594112,0.25250501002004005,0.0,0.0,0.9659318637274549,0.9659318637274549,0.12758528792044294,0.21450540544236768
55876,4,0.5431881005075476,0.7434869739478958,0.0,0.0,0.8216432865731463,0.8537074148296593,-0.3676953983922884,0.1780104386485537
55876,5,0.5026021010432538,0.501002004008016,0.0,0.0,0.9959919839679359,0.875751503006012,0.036076791234510346,0.21717929713357173
55876,6,0.5520579802143482,0.6352705410821643,0.0,0.0,0.591182364729459,0.9498997995991983,-0.14014513323936048,0.15145399424013214
55876,7,0.48845888885350014,0.32064128256513025,0.0,0.0,0.9959919839679359,0.8917835671342685,0.12214828775376013,0.26888238250628904
55878,0,0.6721086741581657,0.9899799599198397,0.0,0.0,0.9799599198396793,0.30861723446893785,0.03944952514683483,0.543829985189001
55878,1,0.6679940461811131,0.87374749498998,0.0,0.0,0.2905811623246493,0.27054108216432865,0.2169165312009066,0.3068855012151019
55878,2,0.6146651910611998,0.87374749498998,0.0,0.0,0.44488977955911824,0.23246492985971945,0.14945930404658772,0.34467044160899624
55878,3,0.6465669244573268,0.8637274549098196,0.0,0.0,0.3406813627254509,0.18637274549098196,0.06318801992922012,0.33462215886709445
55878,4,0.6516620873577834,0.845691382765531,0.0,0.0,0.14428857715430862,0.2124248496993988,0.050395710809518934,0.3059323660595684
55878,5,0.6487539614431586,0.9078156312625251,0.0,0.0,0.749498997995992,0.23847695390781562,-0.22133179189761404,0.253151048724145
55878,6,0.668266877147492,0.8857715430861723,0.0,0.0,0.3046092184368738,0.19238476953907815,0.026062881909733673,0.2011825446299935
55878,7,0.6372795270218385,0.8717434869739479,0.0,0.0,0.33867735470941884,0.3847695390781563,0.11244538792793968,0.32716414899194873
56047,0,0.5913019756976304,0.9919839679358717,0.0,1.0,0.9599198396793587,1.0,0.012741298581782221,0.267240830756041
56047,1,0.6704845288406465,0.9959919839679359,0.0,1.0,0.9438877755511023,0.9979959919839679,0.1761469896060765,0.3717367969501709
56047,2,0.5657507400897994,0.9959919839679359,0.0,1.0,0.9919839679358717,0.9979959919839679,0.2460311825574059,0.2899433469759318
56047,3,0.582695198907238,0.9939879759519038,0.0,1.0,0.9939879759519038,0.9979959919839679,0.22133913903685515,0.3994696855908108
56047,4,0.6435823201020326,0.9959919839679359,0.0,1.0,0.9438877755511023,0.8997995991983968,-0.010077924493561487,0.35170301073551885
56047,5,0.6329567173331057,0.9899799599198397,0.0,0.0,0.9519038076152304,0.9939879759519038,-0.06995563076986139,0.3685866747910091
56047,6,0.5968882678622125,0.9959919839679359,0.0,1.0,0.9759519038076152,0.9939879759519038,-0.07751351615847432,0.36809994733208196
56047,7,0.6301710504717392,0.9959919839679359,0.0,1.0,0.9739478957915831,0.9979959919839679,-0.08361080113089399,0.2943635187865124
56131,0,0.23807628951079612,0.07014028056112225,0.0,0.0,0.9639278557114228,0.9979959919839679,0.04943919434804215,0.16103181127431931
56131,1,0.3070552997255476,0.1623246492985972,0.0,0.0,0.8557114228456913,0.9739478957915831,-0.213218170829324,0.13147581022417373
56131,2,0.3431269636103823,0.03206412825651302,0.0,0.0,0.9238476953907816,0.9779559118236473,-0.0763553918034681,0.18474766437525508
56131,3,0.33647255693651307,0.11222444889779559,0.0,0.0,0.9799599198396793,0.9979959919839679,0.06723026904641045,0.1207017056492039
56131,4,0.2624405306662178,0.014028056112224449,0.0,0.0,0.3867735470941884,0.9979959919839679,-0.054854148275302245,0.15710112054290748
56131,5,0.2626591137520139,0.018036072144288578,0.0,0.0,0.7114228456913828,0.9418837675350702,0.1316647020995101,0.15561546862946074
56131,6,0.3139016354033581,0.1683366733466934,0.0,0.0,0.9959919839679359,1.0,-0.17021969438025264,0.13476215307797443
56131,7,0.27060672006929115,0.3286573146292585,0.0,0.0,0.9178356713426854,1.0,-0.11132462950691094,0.16027056211957316
56162,0,0.35181151617721385,0.533066132264529,0.0,0.0,0.5691382765531062,0.9799599198396793,-0.029396572108409517,0.2903744043835814
56162,1,0.6567477552574514,0.9659318637274549,0.0,0.0,0.9979959919839679,0.9979959919839679,0.12667348955879873,0.21159391031089264
56162,2,0.5360379431750896,0.9859719438877755,0.0,0.0,0.9799599198396793,0.9939879759519038,-0.04161920201922078,0.1845253546304175
56162,3,0.42228964749946574,0.8096192384769539,0.0,0.0,0.717434869739479,0.9338677354709419,0.12039853599376145,0.26688224165200486
56162,4,0.47786077787740366,0.17635270541082165,0.0,0.0,0.7835671342685371,0.717434869739479,0.1104437217385377,0.22861559944530585
56162,5,0.6013577212987211,0.9098196392785571,0.0,0.0,0.9138276553106213,0.9939879759519038,-0.07030706106856609,0.1936646257549566
56162,6,0.6753094029820823,0.9919839679358717,0.0,1.0,0.87374749498998,0.9979959919839679,0.02474566967570119,0.19577055869095836
56162,7,0.6085688305894342,0.8957915831663327,0.0,0.0,0.9659318637274549,1.0,0.03970685665223301,0.2870690450727429
56272,0,0.4685495891013218,0.6152304609218436,0.0,0.0,0.8056112224448898,0.4188376753507014,0.3768860408672635,0.13423107420653718
56272,1,0.5644059343932678,0.7735470941883767,0.0,0.0,0.8957915831663327,0.8837675350701403,-0.030255155437116543,0.13907530193385345
56272,2,0.6075867043090089,0.9438877755511023,0.0,0.0,0.8496993987975952,0.8577154308617234,0.33041889462034996,0.15928563081629646
56272,3,0.6003426254109935,0.9218436873747495,0.0,0.0,0.843687374749499,0.8897795591182365,-0.2402113097229731,0.1418069242170446
56272,4,0.5140171879870743,0.6452905811623246,0.0,0.0,0.8997995991983968,0.8977955911823647,0.3601272532816686,0.15675514378848907
56272,5,0.6167135125187635,0.9318637274549099,0.0,0.0,0.9458917835671342,0.9519038076152304,-0.4175297757062094,0.11955112849089551
56272,6,0.6095417255172071,0.9599198396793587,0.0,0.0,0.8977955911823647,0.8376753507014028,0.22670479748404287,0.16435693304834073
56272,7,0.5303991835486725,0.8256513026052105,0.0,0.0,0.8817635270541082,0.6132264529058116,0.33370603488277345,0.1706015990619454
56496,0,0.5487483796363928,0.7735470941883767,0.0,0.0,0.9919839679358717,1.0,0.017475367541856676,0.15680537746169998
56496,1,0.3977395186093359,0.23446893787575152,0.0,0.0,0.8677354709418837,0.9839679358717435,-0.126345887680122,0.09386485180517759
56496,2,0.5177929004155366,0.7114228456913828,0.0,0.0,0.8837675350701403,0.9839679358717435,-0.03469123991725844,0.1423571349530672
56496,3,0.4956323211825149,0.21442885771543085,0.0,0.0,0.9759519038076152,0.9539078156312625,-0.06824518745650514,0.14360469496120634
56496,4,0.47985233927364856,0.45490981963927857,0.0,0.0,0.9899799599198397,0.9979959919839679,-0.026443305745527446,0.13722790200895357
56496,5,0.49238503913869447,0.5450901803607214,0.0,0.0,0.8657314629258517,0.9939879759519038,0.09562096064774317,0.12874134798194492
56496,6,0.5070988540276177,0.9078156312625251,0.0,0.0,0.845691382765531,0.9959919839679359,0.13910169984064785,0.13823565566081206
56496,7,0.4989992205205471,0.3066132264529058,0.0,0.0,0.8877755511022044,0.9939879759519038,-0.0255819128205933,0.12440961230710847
56554,0,0.7189883737436893,0.9458917835671342,0.0,0.0,0.9619238476953907,0.9258517034068137,-0.13540652655940782,0.34066484217628556
56554,1,0.7620309096385955,0.9478957915831663,0.0,0.0,0.9919839679358717,0.9599198396793587,-0.03482714850897248,0.33132827364388534
56554,2,0.7012596357801097,0.9619238476953907,0.0,0.0,0.9799599198396793,0.9959919839679359,0.052351569336654885,0.3559010098924291
56554,3,0.8144465960287908,0.9959919839679359,0.0,1.0,0.9939879759519038,0.9899799599198397,-0.008777715629127032,0.30396862005957553
56554,4,0.7050851536835809,0.9398797595190381,0.0,0.0,0.9659318637274549,0.9398797595190381,-0.02358445160845472,0.3041612016557056
56554,5,0.722531473912295,0.9519038076152304,0.0,0.0,0.9899799599198397,0.9959919839679359,-0.024171247021954115,0.3146846825467131
56554,6,0.6799915700881304,0.9438877755511023,0.0,0.0,0.9639278557114228,0.9939879759519038,0.011135709497176089,0.32095920219280366
56554,7,0.7526123602081818,0.9899799599198397,0.0,0.0,0.9519038076152304,1.0,-0.04122498553504409,0.29179688377341667
56629,0,0.5472275275085595,0.781563126252505,0.0,0.0,0.7835671342685371,0.2985971943887776,0.26998584162576983,0.4926569638472585
56629,1,0.5499558457119068,0.7194388777555111,0.0,0.0,0.87374749498998,0.3406813627254509,0.5881217041394344,0.5006384401760114
56629,2,0.588404046153411,0.8557114228456913,0.0,0.0,0.8957915831663327,0.35470941883767537,0.13260012588948386,0.5160070107133603
56629,3,0.5658778697798315,0.7875751503006012,0.0,0.0,0.8837675350701403,0.5050100200400801,0.563476614620689,0.5178796014053466
56629,4,0.4976362014187026,0.9078156312625251,0.0,0.0,0.9418837675350702,0.3727454909819639,0.2996859968351842,0.43919487025634074
56629,5,0.48028083967080437,0.9579158316633266,0.0,0.0,0.8617234468937875,0.35470941883767537,0.5549380118273312,0.5000132274130243
56629,6,0.5161766768319832,0.5230460921843687,0.0,0.0,0.7014028056112225,0.5090180360721442,0.5612430438381409,0.5176703480115561
56629,7,0.5251653830489285,0.8537074148296593,0.0,0.0,0.7975951903807615,0.3466933867735471,0.25582922496944926,0.5162917506955612
56651,0,0.5291797598904574,0.6072144288577155,0.0,0.0,0.8857715430861723,0.6993987975951904,0.10890387696329197,0.35011136993852837
56651,1,0.6319403050809766,0.8777555110220441,0.0,0.0,0.9799599198396793,0.781563126252505,-0.22685449983300557,0.37615245590432406
56651,2,0.6521431793709573,0.9198396793587175,0.0,0.0,0.9458917835671342,0.9519038076152304,-0.13860840368382807,0.37910902974710314
56651,3,0.5827949942132482,0.87374749498998,0.0,0.0,0.9659318637274549,0.6072144288577155,0.11428121778198932,0.4400796327400805
56651,4,0.4556208273960496,0.6713426853707415,0.0,0.0,0.843687374749499,0.8256513026052105,0.1062601211276638,0.2913775159852946
56651,5,0.4932649764862118,0.7034068136272545,0.0,0.0,0.9739478957915831,0.8036072144288577,-0.041323489699952,0.3218252726465942
56651,6,0.601066719731797,0.8416833667334669,0.0,0.0,0.9659318637274549,0.6472945891783567,-0.010622043310591292,0.43651413903784675
56651,7,0.5132351574766288,0.8657314629258517,0.0,0.0,0.9899799599198397,0.7414829659318637,-0.04943682354667522,0.311157300990331
56698,0,0.674017425612903,0.9899799599198397,0.0,0.0,0.9979959919839679,1.0,0.02505023933651218,0.09359229405280366
56698,1,0.5872606834338578,0.969939879759519,0.0,0.0,0.9979959919839679,0.9979959919839679,-0.0046982973063052925,0.07839794691221523
56698,2,0.6432336514357475,0.9859719438877755,0.0,0.0,1.0,1.0,0.10550522260403644,0.07575005418749813
56698,3,0.6074200637847255,0.9739478957915831,0.0,0.0,0.9979959919839679,1.0,0.02232116932739233,0.08709393028365843
56698,4,0.40214148694040136,0.028056112224448898,0.0,0.0,0.5170340681362725,0.4789579158316633,-0.016214355417048677,0.09474798704473236
56698,5,0.4049292492594583,0.01002004008016032,0.0,0.0,0.6152304609218436,0.8897795591182365,-0.008447806211015587,0.11157569488569709
56698,6,0.6748672091068332,0.9919839679358717,0.0,1.0,1.0,1.0,0.06345389331654633,0.09857422662559001
56698,7,0.45789525558563693,0.3366733466933868,0.0,0.0,0.8897795591182365,0.9939879759519038,0.04357410896223794,0.09678867815442281
56873,0,0.49129855698964425,0.4168336673346693,0.0,0.0,0.8637274549098196,0.9338677354709419,-0.07915377644899765,0.10135911037580957
56873,1,0.383023972034511,0.3026052104208417,0.0,0.0,0.8857715430861723,0.9599198396793587,-0.09612059086778943,0.11066988005851047
56873,2,0.470656614238371,0.4969939879759519,0.0,0.0,0.9018036072144289,0.9378757515030061,-0.23800854730625962,0.10763932788250323
56873,3,0.4151806438286513,0.29458917835671344,0.0,0.0,1.0,0.9619238476953907,0.20702842040548208,0.12784667246750137
56873,4,0.4658378188158502,0.24849699398797595,0.0,0.0,0.8096192384769539,0.9519038076152304,-0.4251453224179368,0.1073737489728499
56873,5,0.38007984953926827,0.3787575150300601,0.0,0.0,0.7054108216432866,0.9318637274549099,-0.36825825604387796,0.09803024423782641
56873,6,0.44984268259521,0.24849699398797595,0.0,0.0,0.9559118236472945,0.9859719438877755,-0.36071467097928145,0.0943678185716489
56873,7,0.4528724500027357,0.29458917835671344,0.0,0.0,0.8937875751503006,0.9919839679358717,-0.01898474020499319,0.11294419195979198
56963,0,0.5564152200890913,0.779559118236473,0.0,0.0,0.37074148296593185,0.4649298597194389,-0.06555348606323401,0.5838289180934751
56963,1,0.5491836711964369,0.625250501002004,0.0,0.0,0.35671342685370744,0.35070140280561124,0.4366489286454659,0.5628568159645508
56963,2,0.5486587935888295,0.5951903807615231,0.0,0.0,0.5050100200400801,0.342685370741483,-0.3802018221952182,0.5218715621637362
56963,3,0.5868830254777548,0.8076152304609219,0.0,0.0,0.4088176352705411,0.4188376753507014,-0.5719437534184406,0.6540919631809916
56963,4,0.5857983076398465,0.6492985971943888,0.0,0.0,0.31462925851703405,0.7154308617234469,-0.2759837637732663,0.5792384715678518
56963,5,0.6078783284420435,0.7835671342685371,0.0,0.0,0.4088176352705411,0.21442885771543085,-0.0015972357517708138,0.6082890506641313
56963,6,0.5172562531571312,0.6032064128256514,0.0,0.0,0.4589178356713427,0.47695390781563124,-0.29094021197953607,0.4887937949391148
56963,7,0.5881437064656776,0.7875751503006012,0.0,0.0,0.27655310621242485,0.24448897795591182,-0.0980434315167869,0.5491158089699951
57114,0,0.6673193577229906,0.969939879759519,0.0,0.0,0.6052104208416834,0.5070140280561122,0.17169786558078737,0.2933311344502701
57114,1,0.6877898716998243,0.9338677354709419,0.0,0.0,0.47695390781563124,0.49298597194388777,0.034514307180065845,0.38451999156447375
57114,2,0.600036607649173,0.9559118236472945,0.0,0.0,0.8537074148296593,0.5070140280561122,0.23124158441579554,0.3236686280921512
57114,3,0.5811859323599402,0.9138276553106213,0.0,0.0,0.7555110220440882,0.5170340681362725,0.18781649902186112,0.35606770844366253
57114,4,0.6278421320161232,0.9879759519038076,0.0,0.0,0.8977955911823647,0.5190380761523046,0.12680625596708076,0.3540692810569853
57114,5,0.6582509676840912,0.9899799599198397,0.0,0.0,0.7655310621242485,0.5450901803607214,0.20524974957658848,0.41340765148966885
57114,6,0.6485682021811436,0.9939879759519038,0.0,1.0,0.6332665330661322,0.5230460921843687,0.042349517628011056,0.3978019033221681
57114,7,0.8466542856750534,1.0,1.0,1.0,0.9959919839679359,0.9979959919839679,0.1692272163660344,0.35763155889732673
57244,0,0.7387656505322615,0.9959919839679359,0.0,1.0,0.6392785571142284,0.9759519038076152,-0.16640157523026014,0.2788760465135218
57244,1,0.825435221755418,1.0,1.0,1.0,0.8717434869739479,1.0,0.28450243404290504,0.23131076721566018
57244,2,0.8089149955489012,1.0,1.0,1.0,0.4408817635270541,0.9579158316633266,-0.07157203098171992,0.24595350620372258
57244,3,0.8667631438289947,1.0,1.0,1.0,0.9298597194388778,1.0,0.5113375471063669,0.2945009406798042
57244,4,0.7859756391395523,1.0,1.0,1.0,0.7414829659318637,0.9799599198396793,-0.4125262274338666,0.263278707522661
57244,5,0.8222520539726508,1.0,1.0,1.0,0.9539078156312625,1.0,0.11271348236173909,0.28462311962146697
57244,6,0.7298765191962261,0.9819639278557114,0.0,0.0,0.8276553106212425,0.5190380761523046,0.0667369715605919,0.3115310939831301
57244,7,0.7241366930407405,0.9779559118236473,0.0,0.0,0.46693386773547096,0.9559118236472945,-0.3423151003048773,0.23709512036711236
57830,0,0.6994512395739969,0.9158316633266533,0.0,0.0,0.9018036072144289,0.09218436873747494,0.11219762072776139,0.21952791695991672
57830,1,0.6171238773398232,0.9418837675350702,0.0,0.0,0.9579158316633266,0.04609218436873747,0.2854101363229786,0.2688381925233656
57830,2,0.5810883729337433,0.9318637274549099,0.0,0.0,0.8877755511022044,0.050100200400801605,-0.08508993002153706,0.18713073773067693
57830,3,0.6102121332604102,0.9118236472945892,0.0,0.0,1.0,0.06813627254509018,0.09767555028138954,0.21546714722449323
57830,4,0.6102338943807509,0.8977955911823647,0.0,0.0,0.7595190380761523,0.09418837675350701,0.02424946293437035,0.2721710454502686
57830,5,0.6389322061087863,0.9398797595190381,0.0,0.0,0.3847695390781563,0.07615230460921844,0.03256582179681788,0.26058233664684793
57830,6,0.7608871066097592,0.9899799599198397,0.0,0.0,0.9839679358717435,0.9839679358717435,0.28627438327494736,0.17655727522090708
57830,7,0.6228341974597589,0.8036072144288577,0.0,0.0,0.1743486973947896,0.09418837675350701,-0.23626554160840565,0.38794092100170446
57994,0,0.7293202416122212,0.9519038076152304,0.0,0.0,0.9378757515030061,0.6392785571142284,0.22984544235793192,0.4150693612691609
57994,1,0.6814709260827911,0.9839679358717435,0.0,0.0,0.9579158316633266,0.779559118236473,-0.22868112214834774,0.3942399215077598
57994,2,0.6712373575690427,0.9238476953907816,0.0,0.0,0.779559118236473,0.33867735470941884,-0.02112347184274682,0.4768887446267835
57994,3,0.6714086088479944,0.9338677354709419,0.0,0.0,0.811623246492986,0.40080160320641284,0.10998218966183734,0.48873151591731817
57994,4,0.6224628554757615,0.9218436873747495,0.0,0.0,0.9759519038076152,0.5971943887775552,0.0903130869719143,0.4590038828620292
57994,5,0.637420085040864,0.905811623246493,0.0,0.0,0.7615230460921844,0.2965931863727455,-0.07089200806927011,0.4621277386385815
57994,6,0.5985388218574917,0.9158316633266533,0.0,0.0,0.7054108216432866,0.39478957915831664,-0.10127038318826305,0.4022023025642317
57994,7,0.6428627999067322,0.9198396793587175,0.0,0.0,0.6653306613226453,0.5130260521042084,0.03015105354983329,0.43061032448027325
58004,0,0.8050136834094557,0.9959919839679359,0.0,1.0,0.9879759519038076,0.9879759519038076,-0.18278673196517853,0.6125240786092713
58004,1,0.8734812742274296,1.0,1.0,1.0,0.9599198396793587,0.9799599198396793,-0.2793424547368361,0.6890111603741447
58004,2,0.8210068352982818,0.9959919839679359,0.0,1.0,0.9559118236472945,0.9759519038076152,-0.09013595906485766,0.5994065189605858
58004,3,0.756822263618094,1.0,1.0,1.0,0.9799599198396793,0.9979959919839679,-0.5102393370120408,0.5916075951127947
58004,4,0.7774532428252923,1.0,1.0,1.0,0.9979959919839679,0.9859719438877755,0.16737942985730178,0.6806557660403662
58004,5,0.8312029585979828,0.9979959919839679,0.0,1.0,0.9879759519038076,0.969939879759519,0.041174443014480096,0.6752328508445895
58004,6,0.7580677627557931,1.0,1.0,1.0,0.9418837675350702,0.9859719438877755,-0.3202672204872271,0.5948873159563046
58004,7,0.8346728069909818,0.9919839679358717,0.0,1.0,1.0,0.9839679358717435,0.1640868404111671,0.639935872770443
58157,0,0.6130849922979061,0.9619238476953907,0.0,0.0,0.9879759519038076,0.9639278557114228,0.21012716091730727,0.4408471850465569
58157,1,0.5618871584083097,0.9238476953907816,0.0,0.0,0.751503006012024,0.9438877755511023,-0.08802170991685213,0.20445698033018245
58157,2,0.5132313157184902,0.7575150300601202,0.0,0.0,0.9318637274549099,0.969939879759519,0.30390781802532113,0.402770412776396
58157,3,0.597197713758956,0.8917835671342685,0.0,0.0,0.9178356713426854,0.9278557114228457,-0.04220765324897757,0.3116629483547933
58157,4,0.5660579704575727,0.7034068136272545,0.0,0.0,0.905811623246493,0.9458917835671342,0.09143860709825512,0.3929201853985316
58157,5,0.6169251612498762,0.9478957915831663,0.0,0.0,0.9779559118236473,0.9779559118236473,0.23008135991422526,0.39259413090187434
58157,6,0.6033662074921103,0.8537074148296593,0.0,0.0,0.8176352705410822,1.0,0.08431015448068349,0.30528169950131273
58157,7,0.4428541021146925,0.1523046092184369,0.0,0.0,0.7775551102204409,0.9418837675350702,-0.03785955426613007,0.2780816735206323
58169,0,0.7143189227531003,0.9719438877755511,0.0,0.0,0.9438877755511023,0.9779559118236473,-0.09411860270148169,0.2909939015138846
58169,1,0.6069642534592143,0.9318637274549099,0.0,0.0,0.3486973947895792,0.46292585170340683,0.03797118864096362,0.2808419413727134
58169,2,0.6696437874075913,0.9599198396793587,0.0,0.0,0.8196392785571143,0.9158316633266533,0.1573840464611008,0.32905096016365765
58169,3,0.6772996587475635,0.9559118236472945,0.0,0.0,0.8997995991983968,0.9979959919839679,0.03410523879092812,0.2940764233277449
58169,4,0.6445685552170209,0.9238476953907816,0.0,0.0,0.8276553106212425,0.7575150300601202,-0.28735361648837987,0.23274234601213048
58169,5,0.6697265935790868,0.9599198396793587,0.0,0.0,0.8056112224448898,0.9899799599198397,0.06811502231637481,0.29255370945775133
58169,6,0.6058716839360151,0.935871743486974,0.0,0.0,0.8016032064128257,0.8897795591182365,0.3861177038949656,0.28139664513237506
58169,7,0.6198698950342931,0.9539078156312625,0.0,0.0,0.6533066132264529,0.6212424849699398,0.0250280374295351,0.23074255978090424
58252,0,0.6828869925945723,0.9519038076152304,0.0,0.0,0.9398797595190381,0.052104208416833664,0.03750430538329176,0.5297263482344858
58252,1,0.6613974839174376,0.9799599198396793,0.0,0.0,0.9979959919839679,0.09819639278557114,-0.2312926727173127,0.5317042129792583
58252,2,0.5791229856059458,0.8376753507014028,0.0,0.0,0.9899799599198397,0.022044088176352707,-0.24316153136133523,0.5711810857613316
58252,3,0.6518316820834001,0.935871743486974,0.0,0.0,0.8196392785571143,0.014028056112224449,0.12879025544091527,0.587900763737687
58252,4,0.6710837722986496,0.9438877755511023,0.0,0.0,0.9519038076152304,0.014028056112224449,-0.00336728823152608,0.47543538171669697
58252,5,0.722048029882322,0.9799599198396793,0.0,0.0,0.9959919839679359,0.052104208416833664,0.24890392613069823,0.514973644497488
58252,6,0.6535032841335325,0.9238476953907816,0.0,0.0,0.9378757515030061,0.01603206412825651,-0.28780633743247475,0.6036790533824599
58252,7,0.5597477819760772,0.7875751503006012,0.0,0.0,0.7655310621242485,0.03206412825651302,-0.08205963759385052,0.5120190589989352
58341,0,0.5865295343422775,0.8216432865731463,0.0,0.0,0.7354709418837675,0.17034068136272545,-0.08071415989393116,0.23301206787471795
58341,1,0.5784875568116534,0.9579158316633266,0.0,0.0,0.7675350701402806,0.3186372745490982,0.025430166291034676,0.2911543080182319
58341,2,0.5898934969865897,0.8496993987975952,0.0,0.0,0.21042084168336672,0.28857715430861725,0.10472309618642878,0.266802072810155
58341,3,0.6077298759607658,0.8677354709418837,0.0,0.0,0.5350701402805611,0.43286573146292584,0.1408789365325631,0.2950524397839751
58341,4,0.6482335355834189,0.9599198396793587,0.0,0.0,0.7855711422845691,0.3587174348697395,-0.02291270029560306,0.2691454322334055
58341,5,0.5637817440181895,0.8336673346693386,0.0,0.0,0.45691382765531063,0.17835671342685372,0.03511406884218614,0.26519890635867605
58341,6,0.6641071713719018,0.9198396793587175,0.0,0.0,0.7535070140280561,0.2685370741482966,0.27199887666544503,0.2855885341818274
58341,7,0.4517925212404934,0.9178356713426854,0.0,0.0,0.44488977955911824,0.3787575150300601,0.023942991063827218,0.17699818226677844
58458,0,0.6004634966403115,0.8216432865731463,0.0,0.0,0.875751503006012,0.9458917835671342,0.11267987863070411,0.2314725172194924
58458,1,0.6215331991706826,0.8997995991983968,0.0,0.0,0.28857715430861725,0.8837675350701403,0.05717549331851178,0.12041881783574711
58458,2,0.5990767483484987,0.8496993987975952,0.0,0.0,0.6332665330661322,0.9258517034068137,-0.1657584627429964,0.1496022340532417
58458,3,0.6207526290430538,0.9679358717434869,0.0,0.0,0.32064128256513025,0.9158316633266533,0.02977584017481275,0.17912157870665243
58458,4,0.5854414551323956,0.8977955911823647,0.0,0.0,0.9559118236472945,0.8617234468937875,-0.024573396399838354,0.20471318999329238
58458,5,0.5552694787232199,0.8216432865731463,0.0,0.0,0.5831663326653307,0.9038076152304609,-0.1227212485690989,0.12715337108939423
58458,6,0.5226390153809226,0.7735470941883767,0.0,0.0,0.48296593186372744,0.8957915831663327,0.061430470494987434,0.22991788307150132
58458,7,0.5987076307394471,0.9098196392785571,0.0,0.0,0.45691382765531063,0.9679358717434869,0.07362041528143455,0.1917840534053606
58572,0,0.6930558249604852,0.9979959919839679,0.0,1.0,0.9979959919839679,0.9979959919839679,0.3577431129187481,0.3031754977943928
58572,1,0.51587719907761,0.9318637274549099,0.0,0.0,0.9719438877755511,0.35470941883767537,0.22601366054987282,0.28061765177849757
58572,2,0.6309940400246415,0.9859719438877755,0.0,0.0,0.9498997995991983,0.30861723446893785,0.4115033866065149,0.25413730702936527
58572,3,0.5983385304849094,0.9739478957915831,0.0,0.0,0.9639278557114228,0.9418837675350702,0.3263248149381665,0.20611180234648757
58572,4,0.6889979330453742,1.0,1.0,1.0,0.9318637274549099,1.0,0.2439645548213194,0.3049377375793046
58572,5,0.7113444970492653,1.0,1.0,1.0,0.8877755511022044,0.9959919839679359,-0.08689471657566822,0.2602837410441556
58572,6,0.5175543873347546,0.9519038076152304,0.0,0.0,0.9078156312625251,0.3486973947895792,0.4053806431476117,0.25255187521663675
58572,7,0.7041613996572136,1.0,1.0,1.0,0.9939879759519038,0.9018036072144289,0.10557289829036061,0.30249829509028503
58835,0,0.6118546645015589,0.9659318637274549,0.0,0.0,0.8657314629258517,0.9799599198396793,-0.08757528913989288,0.14420209566018719
58835,1,0.5703578690139852,0.8617234468937875,0.0,0.0,0.9338677354709419,0.9779559118236473,-0.08219401619288678,0.12673490135665672
58835,2,0.5818836762704933,0.7895791583166333,0.0,0.0,0.7034068136272545,0.9599198396793587,0.112461369115693,0.11090495171260063
58835,3,0.6378408808026779,0.9258517034068137,0.0,0.0,0.5210420841683366,0.9959919839679359,0.041103255371520125,0.1127592646556446
58835,4,0.629712109142565,0.9919839679358717,0.0,1.0,0.5350701402805611,0.9859719438877755,-0.19633270362562852,0.13025657271390292
58835,5,0.5079009818944635,0.7675350701402806,0.0,0.0,0.6693386773547094,0.969939879759519,-0.21874807228405901,0.10912588335790241
58835,6,0.5924674367540304,0.9919839679358717,0.0,1.0,0.6533066132264529,0.9959919839679359,-0.06532463460271623,0.1266160043135104
58835,7,0.589060376177513,0.9158316633266533,0.0,0.0,0.8176352705410822,0.9959919839679359,-0.12180104751127595,0.11939314203602994
58977,0,0.644368588978693,0.9639278557114228,0.0,0.0,0.8156312625250501,0.7074148296593187,0.041807063028120026,0.34131640550022574
58977,1,0.7406931160170098,0.9859719438877755,0.0,0.0,0.04008016032064128,0.9398797595190381,-0.25073075332108447,0.30867569434424647
58977,2,0.6920953340271994,0.9899799599198397,0.0,0.0,0.6533066132264529,0.6412825651302605,0.08877199458688209,0.2771485231446978
58977,3,0.685235142632459,0.9879759519038076,0.0,0.0,0.7955911823647295,0.7294589178356713,0.07886200993680466,0.26149200053972155
58977,4,0.6628637973665963,0.9779559118236473,0.0,0.0,0.2545090180360721,0.7154308617234469,0.08539201988325003,0.2678946615447114
58977,5,0.6928552629278513,0.9839679358717435,0.0,0.0,0.7535070140280561,0.6933867735470942,0.10152968446160444,0.28377412203482855
58977,6,0.6450799425994196,0.9799599198396793,0.0,0.0,0.8537074148296593,0.48697394789579157,0.09799492536019241,0.2635242724849347
58977,7,0.6119404745395178,0.8256513026052105,0.0,0.0,0.5090180360721442,0.40080160320641284,-0.033688792174679585,0.3156245354606167
58988,0,0.5764068138966353,0.9238476953907816,0.0,0.0,0.8657314629258517,0.6032064128256514,0.16095130167669147,0.357043468879042
58988,1,0.7412648110141934,0.9819639278557114,0.0,0.0,0.9919839679358717,0.9819639278557114,0.2262376108966243,0.3828634339959151
58988,2,0.5950470629515017,0.9338677354709419,0.0,0.0,0.9539078156312625,0.6813627254509018,0.27635231323440873,0.37451467189963417
58988,3,0.5902714727824183,0.9338677354709419,0.0,0.0,0.9298597194388778,0.6993987975951904,0.21532417028373296,0.268225409129026
58988,4,0.809445340326741,0.9779559118236473,0.0,0.0,0.9919839679358717,0.9659318637274549,0.20325152379201936,0.3590177379609588
58988,5,0.8345970078628737,0.9979959919839679,0.0,1.0,0.9959919839679359,0.9799599198396793,0.34376921257962406,0.4019862169860257
58988,6,0.6359520550734521,0.9819639278557114,0.0,0.0,0.9759519038076152,0.6953907815631263,0.11951901183850663,0.3037409797333766
58988,7,0.8069527544582065,0.9979959919839679,0.0,1.0,0.9899799599198397,0.9679358717434869,0.24999756075957844,0.39475743718310036
59101,0,0.6425210847105738,0.9178356713426854,0.0,0.0,0.8036072144288577,0.625250501002004,-0.025463948665828167,0.10439664442019418
59101,1,0.8482868649130167,0.9899799599198397,0.0,0.0,0.9939879759519038,0.9979959919839679,0.24275474349397405,0.11614166505761377
59101,2,0.6174519574985691,0.9238476953907816,0.0,0.0,0.8997995991983968,0.8216432865731463,0.06479286277292658,0.1162770694649765
59101,3,0.7152558833813638,0.9719438877755511,0.0,0.0,0.9138276553106213,0.9979959919839679,0.10233505007279164,0.13639841826274465
59101,4,0.6363942279364423,0.9238476953907816,0.0,0.0,0.44889779559118237,0.7374749498997996,-0.007698732841307944,0.11560420339742541
59101,5,0.7493747983605226,0.9939879759519038,0.0,1.0,0.9939879759519038,0.9959919839679359,0.20540950533740204,0.11241571991769116
59101,6,0.7367769782923701,0.9979959919839679,0.0,1.0,0.9158316633266533,1.0,0.01219580753788791,0.11565969485868023
59101,7,0.7220295119611057,0.9819639278557114,0.0,0.0,0.935871743486974,0.9939879759519038,-0.06346434368444548,0.11391806302159445
59177,0,0.627526268420853,0.9298597194388778,0.0,0.0,0.7094188376753507,0.9679358717434869,0.40032087359278534,0.2700729450745257
59177,1,0.7146128279476454,0.9599198396793587,0.0,0.0,0.5290581162324649,0.9879759519038076,-0.10726685466141517,0.22143684254966814
59177,2,0.7000475387242063,0.9458917835671342,0.0,0.0,0.8657314629258517,0.9959919839679359,0.052362259301429286,0.18189487005857416
59177,3,0.7169702829805558,0.9939879759519038,0.0,1.0,0.7094188376753507,0.8957915831663327,0.03434755243671982,0.23515971618391943
59177,4,0.6817328487550143,0.969939879759519,0.0,0.0,0.9599198396793587,0.9719438877755511,0.5031095670623422,0.2669653954582383
59177,5,0.7173125027997281,0.9639278557114228,0.0,0.0,0.9178356713426854,0.969939879759519,0.2098341306018571,0.27867884181589136
59177,6,0.692571340581086,0.9759519038076152,0.0,0.0,0.6492985971943888,0.9659318637274549,0.16973918387798276,0.2828098901046135
59177,7,0.739608387573317,0.9919839679358717,0.0,1.0,0.4709418837675351,0.9799599198396793,0.37139303165089893,0.26403202540663473
59183,0,0.7804779591189032,0.9959919839679359,0.0,1.0,0.3486973947895792,0.9799599198396793,-0.015784037974272042,0.18965829839451043
59183,1,0.8924948696744247,1.0,1.0,1.0,0.8537074148296593,0.9919839679358717,-0.02255443799873176,0.16870965533147764
59183,2,0.9008955943596493,0.9979959919839679,0.0,1.0,0.9759519038076152,0.9899799599198397,-0.05801465360378771,0.2085828013596693
59183,3,0.9026470297500646,1.0,1.0,1.0,0.969939879759519,0.9959919839679359,0.08988423571985812,0.19754792360004939
59183,4,0.9097300110392843,1.0,1.0,1.0,0.9879759519038076,0.9919839679358717,-0.16953078119265994,0.1779850994212138
59183,5,0.8803265232170105,1.0,1.0,1.0,0.9458917835671342,0.9919839679358717,-0.24784576036223638,0.17524215316469421
59183,6,0.8412818759003646,0.9959919839679359,0.0,1.0,0.9398797595190381,0.9899799599198397,-0.09490001085662776,0.14751975099164216
59183,7,0.7996282385863346,0.9959919839679359,0.0,1.0,0.9178356713426854,0.9959919839679359,-0.0957517173729971,0.2086836142971949
59219,0,0.6733068142605854,1.0,1.0,1.0,1.0,0.20841683366733466,0.5428249708437731,0.955462761860409
59219,1,0.7072428908378372,0.9979959919839679,0.0,1.0,0.9959919839679359,0.18637274549098196,0.29652491416937904,0.920521931912983
59219,2,0.8024391663780381,1.0,1.0,1.0,0.9979959919839679,0.749498997995992,0.7767016585477369,0.9566986773897215
59219,3,0.6675493912648914,1.0,1.0,1.0,1.0,0.3627254509018036,0.415779579200929,0.9337841672200419
59219,4,0.8170387135173087,1.0,1.0,1.0,0.9979959919839679,0.8917835671342685,0.4633328130886229,0.9550653838409359
59219,5,0.8041250451373201,1.0,1.0,1.0,1.0,0.7715430861723447,0.8968636123628866,0.9551233843071144
59219,6,0.7434893527093778,1.0,1.0,1.0,0.9979959919839679,0.9559118236472945,0.3409270796265833,0.9589317586470115
59219,7,0.8183693324739562,1.0,1.0,1.0,0.9979959919839679,0.7875751503006012,0.635423472115538,0.9435733932173845
59293,0,0.8731472528703199,0.9939879759519038,0.0,1.0,1.0,1.0,0.3281643360257971,0.4838213220929759
59293,1,0.8700848094275253,0.9979959919839679,0.0,1.0,0.9979959919839679,0.9839679358717435,0.28016111391570425,0.5871097064540893
59293,2,0.8622107845600073,1.0,1.0,1.0,1.0,1.0,0.4079786344640253,0.559506152231197
59293,3,0.838225854471355,1.0,1.0,1.0,0.9979959919839679,1.0,0.18343425685349732,0.5436148806243299
59293,4,0.8196805559320192,1.0,1.0,1.0,0.9939879759519038,0.9919839679358717,0.3136351744487931,0.5038314295756933
59293,5,0.8767902792996026,1.0,1.0,1.0,0.9959919839679359,1.0,0.26605857160429636,0.6180481238933367
59293,6,0.8832660513670564,0.9959919839679359,0.0,1.0,1.0,1.0,0.38190305726077606,0.569696064237527
59293,7,0.7991798646905408,1.0,1.0,1.0,1.0,1.0,0.38139526738598384,0.5439243602592574
59464,0,0.47708261273918084,0.7735470941883767,0.0,0.0,0.8657314629258517,0.9338677354709419,0.060306640601614184,0.18163600958062373
59464,1,0.528911195993052,0.4529058116232465,0.0,0.0,0.8977955911823647,0.7715430861723447,-0.04750389855887319,0.1746553229030892
59464,2,0.4006989270551058,0.10220440881763528,0.0,0.0,0.4188376753507014,0.5591182364729459,0.17093368889527946,0.16736141358056913
59464,3,0.5002744215107822,0.8176352705410822,0.0,0.0,0.7294589178356713,0.6793587174348698,0.030879768133202853,0.1982826779741538
59464,4,0.4420261501177244,0.5831663326653307,0.0,0.0,0.8817635270541082,0.7995991983967936,-0.1724424099835406,0.16026796520447514
59464,5,0.4178843196976048,0.3527054108216433,0.0,0.0,0.7254509018036072,0.779559118236473,0.01809888607694712,0.14730318772703285
59464,6,0.5016252095330694,0.905811623246493,0.0,0.0,0.9559118236472945,0.9318637274549099,0.18046927973571675,0.21567998935273197
59464,7,0.5104834200108129,0.4969939879759519,0.0,0.0,0.9839679358717435,0.8056112224448898,0.1175873843798241,0.1329835865825936
59470,0,0.7226234779426095,0.9899799599198397,0.0,0.0,0.9018036072144289,0.9719438877755511,-0.11786364765589406,0.22424564562490298
59470,1,0.6851328188408266,0.9799599198396793,0.0,0.0,0.8136272545090181,0.969939879759519,-0.1298887675126801,0.2119419084858074
59470,2,0.6914415349681721,0.9879759519038076,0.0,0.0,0.8997995991983968,0.9719438877755511,0.05410978934095951,0.20610682277776743
59470,3,0.7065407695248561,0.969939879759519,0.0,0.0,0.8997995991983968,0.9739478957915831,-0.1198230412588983,0.2963645941343972
59470,4,0.6983758212412187,0.9799599198396793,0.0,0.0,0.7555110220440882,0.9759519038076152,-0.19045180242359766,0.30170385905671815
59470,5,0.7275775350213752,0.9919839679358717,0.0,1.0,0.8496993987975952,0.9719438877755511,-0.18543717215357206,0.2331587862541223
59470,6,0.7091580562960533,0.9579158316633266,0.0,0.0,0.7775551102204409,0.969939879759519,0.00715424910992203,0.2667708894134213
59470,7,0.7433654715086833,0.9979959919839679,0.0,1.0,0.9038076152304609,0.9679358717434869,0.03518196210310419,0.3655759802054521
59508,0,0.6364041926362299,0.8957915831663327,0.0,0.0,0.8817635270541082,0.7454909819639278,0.3022328134330486,0.6131820173984713
59508,1,0.6264674066555826,0.8577154308617234,0.0,0.0,0.9579158316633266,0.026052104208416832,0.09270111282415686,0.5916173850645791
59508,2,0.6282964501471888,0.8897795591182365,0.0,0.0,0.9919839679358717,0.8997995991983968,0.16789834899165387,0.6099408179867525
59508,3,0.6484791101525615,0.9158316633266533,0.0,0.0,0.9759519038076152,0.9539078156312625,0.16460613989496373,0.5871989363505541
59508,4,0.6146931284164738,0.8637274549098196,0.0,0.0,0.9278557114228457,0.9559118236472945,0.17429803769173968,0.5795433713587717
59508,5,0.6375378438893964,0.8577154308617234,0.0,0.0,0.9498997995991983,0.9519038076152304,0.02645896236038044,0.5358945966172219
59508,6,0.6876571650680885,0.9498997995991983,0.0,0.0,0.8857715430861723,0.9559118236472945,-0.1011628487801112,0.4986048711104335
59508,7,0.5966822653163592,0.7675350701402806,0.0,0.0,0.8697394789579158,0.018036072144288578,0.11937852771983819,0.4963451263012696
59838,0,0.5731105889483896,0.8597194388777555,0.0,0.0,0.8917835671342685,0.7234468937875751,0.052352916631882955,0.10374076713853064
59838,1,0.6239584966389937,0.9178356713426854,0.0,0.0,0.8036072144288577,0.5450901803607214,0.004817250372826793,0.10257977379745246
59838,2,0.6459324186664985,0.9899799599198397,0.0,0.0,0.9939879759519038,0.9799599198396793,-0.059338156484109734,0.15021768306449543
59838,3,0.6841308530364293,0.9939879759519038,0.0,1.0,0.9919839679358717,0.9679358717434869,-0.03893663759447305,0.12170854905837401
59838,4,0.6052167519575539,0.8837675350701403,0.0,0.0,0.781563126252505,0.8036072144288577,-0.08417835388276838,0.10616109963152431
59838,5,0.6017557748486146,0.9398797595190381,0.0,0.0,0.8817635270541082,0.8597194388777555,-0.059842022046927526,0.1321071530054965
59838,6,0.6216938607252109,0.9859719438877755,0.0,0.0,0.9739478957915831,0.9619238476953907,0.06438002024457823,0.14726838411677393
59838,7,0.557978673456949,0.8917835671342685,0.0,0.0,0.9919839679358717,0.8697394789579158,-0.01632862759578777,0.12773763327023316
59905,0,0.6180748221997817,0.9959919839679359,0.0,1.0,0.8096192384769539,0.8837675350701403,-0.008068853153324507,0.2314938398678741
59905,1,0.47998018252953323,0.9619238476953907,0.0,0.0,0.9318637274549099,0.9398797595190381,0.14048712477046857,0.24071641905307445
59905,2,0.5778300829750043,0.9959919839679359,0.0,1.0,0.8717434869739479,0.9719438877755511,0.04425177058564859,0.2260601973679362
59905,3,0.4662296944523844,0.9959919839679359,0.0,1.0,0.9879759519038076,0.7394789579158316,-0.2576876230859601,0.20207636688574365
59905,4,0.5628146847065039,1.0,1.0,1.0,0.9198396793587175,0.9018036072144289,-0.14629806588522126,0.24795933596810163
59905,5,0.5962853566273247,0.9939879759519038,0.0,1.0,1.0,0.9318637274549099,-0.3036477603693834,0.2204740938411303
59905,6,0.6264074696068799,1.0,1.0,1.0,0.7875751503006012,0.8296593186372746,-0.2984333634107187,0.1841840683400018
59905,7,0.6230217230106818,1.0,1.0,1.0,0.8236472945891784,0.9739478957915831,-0.0258418207919411,0.230192624188259
60063,0,0.713171871668957,0.9959919839679359,0.0,1.0,0.9959919839679359,0.9899799599198397,0.02891969163675039,0.264024098893911
60063,1,0.7042272439765112,1.0,1.0,1.0,0.9979959919839679,0.9979959919839679,0.1793631298818528,0.30151596561684535
60063,2,0.672111793891643,1.0,1.0,1.0,0.9378757515030061,0.9959919839679359,0.05164038594141572,0.2970444019620781
60063,3,0.6720517224925372,0.9979959919839679,0.0,1.0,0.9759519038076152,1.0,0.23013718668114494,0.3306010837527711
60063,4,0.6828551809097048,0.9759519038076152,0.0,0.0,0.9659318637274549,0.9458917835671342,0.21444382365483547,0.3711808191936482
60063,5,0.7133253884571907,0.9959919839679359,0.0,1.0,0.9098196392785571,0.9318637274549099,0.1408644806959365,0.2978874804857918
60063,6,0.6742402463147923,0.9859719438877755,0.0,0.0,0.969939879759519,0.905811623246493,-0.15129414527286483,0.346164105526498
60063,7,0.6742837764251544,0.9939879759519038,0.0,1.0,0.9879759519038076,1.0,0.014273858026952323,0.3558682598326079
60496,0,0.511252041108712,0.8476953907815631,0.0,0.0,0.7274549098196392,0.9939879759519038,-0.18830592250349001,0.2180830826442754
60496,1,0.6301448728968546,0.9859719438877755,0.0,0.0,0.9979959919839679,0.36072144288577157,-0.11022319456316779,0.25023278655734266
60496,2,0.6666369064568536,0.9939879759519038,0.0,1.0,0.7535070140280561,0.2985971943887776,0.16841877449743006,0.30397277975861026
60496,3,0.6324619542785627,0.9879759519038076,0.0,0.0,0.9979959919839679,1.0,0.15645688739090197,0.3679612753147975
60496,4,0.574740671624751,0.751503006012024,0.0,0.0,0.49498997995991983,0.7575150300601202,-0.027958515783308508,0.28304261509760814
60496,5,0.6245082991684376,0.9258517034068137,0.0,0.0,0.9959919839679359,0.9959919839679359,-0.2080914926843093,0.36024144537047204
60496,6,0.6466165691184761,0.9318637274549099,0.0,0.0,0.8476953907815631,0.10220440881763528,-0.01050871909805344,0.37930456220815706
60496,7,0.5987836966082578,0.8176352705410822,0.0,0.0,0.9659318637274549,0.9779559118236473,-0.019613534781852845,0.2659935024049539
60707,0,0.4718670098864381,0.3667334669338677,0.0,0.0,0.9478957915831663,0.5070140280561122,0.2904428452046387,0.2596059005951231
60707,1,0.48285241783644417,0.9719438877755511,0.0,0.0,1.0,0.9919839679358717,0.07905164229096544,0.24492851861997794
60707,2,0.4940016095915058,0.27054108216432865,0.0,0.0,0.875751503006012,0.5170340681362725,0.3825068227675489,0.26240722394897037
60707,3,0.5084253894073694,0.5571142284569138,0.0,0.0,0.4729458917835671,0.7555110220440882,0.07406799132603337,0.23772951388677882
60707,4,0.5017350088986336,0.8136272545090181,0.0,0.0,0.9979959919839679,0.9899799599198397,-0.043256001904450336,0.19741852914205232
60707,5,0.6280801995880341,0.9859719438877755,0.0,0.0,0.811623246492986,0.9899799599198397,-0.2600949363532649,0.17124833380624785
60707,6,0.45232014612625104,0.24849699398797595,0.0,0.0,0.7875751503006012,0.6212424849699398,0.31551169861817957,0.24314636461976444
60707,7,0.4640474679486368,0.32064128256513025,0.0,0.0,0.779559118236473,0.7414829659318637,-0.2557812996214668,0.14322706306070349
60784,0,0.6899496562386869,0.969939879759519,0.0,0.0,0.9919839679358717,0.9899799599198397,0.10085156595524306,0.4434731862983114
60784,1,0.6796222871415556,0.9779559118236473,0.0,0.0,0.9959919839679359,0.9979959919839679,-0.1678848654795334,0.3494350339784456
60784,2,0.7023359105564901,0.9799599198396793,0.0,0.0,0.9979959919839679,1.0,0.07396241466772957,0.42767283293035574
60784,3,0.653800768803513,0.9879759519038076,0.0,0.0,0.9939879759519038,1.0,0.10008701639111302,0.4378473196248319
60784,4,0.5332009024315789,0.9879759519038076,0.0,0.0,0.9919839679358717,0.9979959919839679,0.10028584680599183,0.38912423933041806
60784,5,0.6973902050707688,0.9759519038076152,0.0,0.0,0.9939879759519038,1.0,-0.061295411009989496,0.3646219631643137
60784,6,0.5805993656240228,0.9839679358717435,0.0,0.0,0.9879759519038076,0.9939879759519038,0.04803738714421633,0.39402883424837004
60784,7,0.6299347654991048,0.9879759519038076,0.0,0.0,0.9979959919839679,1.0,0.213664507559675,0.37479361415708135
60932,0,0.7073526653247861,0.9278557114228457,0.0,0.0,0.9799599198396793,0.9519038076152304,0.013407467419051255,0.48179870652178197
60932,1,0.6869202798850984,0.9138276553106213,0.0,0.0,0.9619238476953907,0.9338677354709419,-0.02818648872983094,0.5077297266604388
60932,2,0.695579276265865,0.9218436873747495,0.0,0.0,0.9719438877755511,0.9458917835671342,0.07741193572941273,0.48754662850943875
60932,3,0.6351842820415441,0.8557114228456913,0.0,0.0,0.9799599198396793,0.9919839679358717,-0.20342668375047984,0.5404192785006532
60932,4,0.6490417475945763,0.8537074148296593,0.0,0.0,0.9779559118236473,0.9458917835671342,0.14263435502483987,0.5598445819084736
60932,5,0.6253600039115084,0.845691382765531,0.0,0.0,0.9679358717434869,0.9539078156312625,0.11435784587173696,0.488686993911798
60932,6,0.6364953181967081,0.8717434869739479,0.0,0.0,0.9478957915831663,0.9238476953907816,-0.1428361862897405,0.4605513245530698
60932,7,0.6669903437872179,0.9018036072144289,0.0,0.0,0.969939879759519,0.9539078156312625,0.2699050787387027,0.4973975079483846
61327,0,0.8318646207213662,0.9839679358717435,0.0,0.0,0.7715430861723447,0.9779559118236473,0.12978471233009958,0.293367605407439
61327,1,0.7040488463747357,0.935871743486974,0.0,0.0,0.9118236472945892,0.9619238476953907,-0.04790168477624914,0.23538098760020593
61327,2,0.8652239804826127,0.9939879759519038,0.0,1.0,0.9959919839679359,0.9959919839679359,0.10773223905765723,0.2762708634613262
61327,3,0.8215833267910303,0.9799599198396793,0.0,0.0,0.5851703406813628,0.9759519038076152,0.1429968644191018,0.27261267452274796
61327,4,0.7976321676638417,0.9879759519038076,0.0,0.0,0.7935871743486974,0.9799599198396793,0.22711073226526346,0.23605143350646776
61327,5,0.805987746807929,0.9859719438877755,0.0,0.0,0.9298597194388778,0.9719438877755511,0.1306224549822833,0.2387822869603911
61327,6,0.8112634704626034,0.9759519038076152,0.0,0.0,0.8156312625250501,0.9919839679358717,0.20880557471763214,0.28982420501937595
61327,7,0.8124571803966804,0.9779559118236473,0.0,0.0,0.8917835671342685,0.9659318637274549,0.1363635540869672,0.2617964319773446
61653,0,0.8602641928759225,1.0,1.0,1.0,1.0,0.9979959919839679,0.07923896769754736,0.15471466063939926
61653,1,0.6548743692727967,0.9779559118236473,0.0,0.0,0.9959919839679359,0.9739478957915831,-0.010338326265042006,0.13936988424457525
61653,2,0.7400549664853969,1.0,1.0,1.0,1.0,1.0,0.09533497265344279,0.2335068344936464
61653,3,0.8234790125674163,1.0,1.0,1.0,1.0,1.0,0.2205942605566343,0.1416707368489193
61653,4,0.6755356169398292,0.9939879759519038,0.0,1.0,1.0,0.9979959919839679,0.25262956259200586,0.26384958283314686
61653,5,0.8627261353822068,1.0,1.0,1.0,0.9979959919839679,0.9959919839679359,0.29540637635709915,0.18437449350805074
61653,6,0.542637085434623,0.9438877755511023,0.0,0.0,0.9979959919839679,0.969939879759519,-0.04982382859439474,0.21918149581999913
61653,7,0.6771357253319448,0.9899799599198397,0.0,0.0,1.0,1.0,0.24133449543761848,0.24443275927412136
61683,0,0.6462453575459683,0.9719438877755511,0.0,0.0,0.9719438877755511,0.9979959919839679,0.12226180604198039,0.5355000008930676
61683,1,0.8144154436165777,0.9959919839679359,0.0,1.0,1.0,1.0,0.40170447697456024,0.6427678711612816
61683,2,0.7165017044045059,0.9979959919839679,0.0,1.0,0.9979959919839679,0.9679358717434869,0.07786043604622062,0.5916377804389195
61683,3,0.7035596910356012,0.9959919839679359,0.0,1.0,0.9979959919839679,0.9959919839679359,0.060540209682704786,0.6806436466442096
61683,4,0.7406322421120938,0.9979959919839679,0.0,1.0,0.9979959919839679,0.9879759519038076,0.5501593741029086,0.5714927579522188
61683,5,0.615150421585198,0.969939879759519,0.0,0.0,0.9659318637274549,0.9378757515030061,-0.22982926934505576,0.5278583543153925
61683,6,0.7395661415979502,1.0,1.0,1.0,1.0,0.9819639278557114,0.12893782886587776,0.6426968664053382
61683,7,0.6902698803449467,0.9979959919839679,0.0,1.0,0.9979959919839679,0.9519038076152304,0.4932877069618369,0.5797410947261882
61701,0,0.38479340066058465,0.052104208416833664,0.0,0.0,0.08216432865731463,0.18036072144288579,0.013287088112918895,0.13155922501974704
61701,1,0.450858087685652,0.40480961923847697,0.0,0.0,0.4408817635270541,0.12625250501002003,0.015969105928359404,0.0946817889485085
61701,2,0.4152242409104877,0.06012024048096192,0.0,0.0,0.48697394789579157,0.06613226452905811,-0.15110569444447108,0.10488489099229822
61701,3,0.4387241041445048,0.06412825651302605,0.0,0.0,0.4408817635270541,0.08216432865731463,0.041775781406780184,0.16000203530302912
61701,4,0.43861137636446546,0.15430861723446893,0.0,0.0,0.20240480961923848,0.1462925851703407,0.040344927669524126,0.1087706304659852
61701,5,0.402331611055341,0.08617234468937876,0.0,0.0,0.10821643286573146,0.37074148296593185,-0.06838554940636292,0.1239039949876182
61701,6,0.42277253789614444,0.11222444889779559,0.0,0.0,0.2985971943887776,0.1342685370741483,0.0316974376711435,0.1559604021232232
61701,7,0.46829422095437323,0.16633266533066132,0.0,0.0,0.18837675350701402,0.1963927855711423,-0.012380806460097314,0.14964278991818478
61868,0,0.7021241032082458,0.9639278557114228,0.0,0.0,0.969939879759519,0.2625250501002004,0.04335572977700827,0.19018532370169386
61868,1,0.7464541618454139,0.969939879759519,0.0,0.0,0.9819639278557114,0.2925851703406814,0.025807045474661523,0.1918897701928088
61868,2,0.7351962551418851,0.9679358717434869,0.0,0.0,0.9919839679358717,0.312625250501002,0.12347320261427626,0.14784568522490707
61868,3,0.7176395560007025,0.9679358717434869,0.0,0.0,0.9799599198396793,0.3226452905811623,-0.026324764324210593,0.11840833228952759
61868,4,0.7387046897272573,0.9799599198396793,0.0,0.0,1.0,0.28256513026052105,0.1327107254849948,0.1367621345411579
61868,5,0.7404846258782103,0.9679358717434869,0.0,0.0,0.9779559118236473,0.6733466933867736,0.129823434156756,0.19647297262620905
61868,6,0.736256452269713,0.9679358717434869,0.0,0.0,0.9939879759519038,0.24248496993987975,0.1684612110580828,0.11771346945249067
61868,7,0.7515862147328771,0.9498997995991983,0.0,0.0,1.0,0.3787575150300601,0.05267627635600175,0.14379415588158845
61878,0,0.7343524120839178,0.9619238476953907,0.0,0.0,0.9959919839679359,0.9779559118236473,-0.21283637940408184,0.4152915944792792
61878,1,0.7184819699588616,0.9438877755511023,0.0,0.0,0.9939879759519038,0.9739478957915831,-0.12923736779271572,0.4487642904806661
61878,2,0.7187079503680263,0.9799599198396793,0.0,0.0,0.9779559118236473,0.9919839679358717,-0.0720924704934572,0.3500538129056614
61878,3,0.7092043138015678,0.9338677354709419,0.0,0.0,0.9919839679358717,0.9819639278557114,-0.3443385074058703,0.353922980246154
61878,4,0.7368401511861346,0.9619238476953907,0.0,0.0,0.9959919839679359,0.9899799599198397,-0.1380158605316872,0.4718062980072104
61878,5,0.669784083884298,0.9639278557114228,0.0,0.0,0.9498997995991983,0.969939879759519,-0.32349096022692314,0.3943710488122016
61878,6,0.7494150175376109,0.9719438877755511,0.0,0.0,0.9919839679358717,0.9899799599198397,-0.4027505706983955,0.349273778701913
61878,7,0.7268838836841784,0.9599198396793587,0.0,0.0,0.9959919839679359,0.9899799599198397,-0.12186452478920473,0.4235139939369958
62117,0,0.568019616358269,0.7555110220440882,0.0,0.0,0.9498997995991983,0.5511022044088176,0.48996883092345733,0.4711085752971518
62117,1,0.5259292090782561,0.6893787575150301,0.0,0.0,0.9478957915831663,0.5370741482965932,0.4280459102133466,0.5097191008417926
62117,2,0.5791236503498459,0.8797595190380761,0.0,0.0,0.9038076152304609,0.42685370741482964,0.506181834155438,0.4432348095138083
62117,3,0.550048262349867,0.7214428857715431,0.0,0.0,0.8877755511022044,0.9519038076152304,0.6082203860665141,0.48248041936146213
62117,4,0.5737791240313702,0.7394789579158316,0.0,0.0,0.9899799599198397,0.4168336673346693,0.5746759557752853,0.46881380787299
62117,5,0.5632467033897659,0.905811623246493,0.0,0.0,0.935871743486974,0.6533066132264529,0.5051848935057489,0.4759941753412949
62117,6,0.5231283734366108,0.655310621242485,0.0,0.0,0.9158316633266533,0.35070140280561124,0.20360900817913857,0.3513797596420224
62117,7,0.5351034706663553,0.7975951903807615,0.0,0.0,0.969939879759519,0.811623246492986,0.3809629645677324,0.36452574900868956
62587,0,0.40728367999614945,0.9138276553106213,0.0,0.0,0.9338677354709419,0.05410821643286573,0.27941741877045256,0.37779668328109317
62587,1,0.7596778364555048,1.0,1.0,1.0,1.0,1.0,0.3524757583723366,0.37332601215662503
62587,2,0.5228030719576829,0.9118236472945892,0.0,0.0,0.9939879759519038,0.2745490981963928,0.2443244514484203,0.3647265943521656
62587,3,0.702671566857466,1.0,1.0,1.0,0.9979959919839679,1.0,0.218946952793921,0.35499677388138545
62587,4,0.47260181262490825,0.7314629258517034,0.0,0.0,0.9519038076152304,0.09819639278557114,0.3736865291697402,0.3927745937340091
62587,5,0.7997809683602444,1.0,1.0,1.0,0.9899799599198397,1.0,0.2969884661048435,0.33820322712076234
62587,6,0.4753716475066289,0.8877755511022044,0.0,0.0,0.969939879759519,0.07014028056112225,0.26882366872365027,0.3730583966404143
62587,7,0.7290748339869779,0.9979959919839679,0.0,1.0,0.9739478957915831,0.9979959919839679,0.39838211973507204,0.3626808746270676
62627,0,0.6381897091391447,1.0,1.0,1.0,0.9859719438877755,0.9859719438877755,0.3728732857458934,0.2817495194170304
62627,1,0.5199119365206368,0.6953907815631263,0.0,0.0,0.8376753507014028,0.7775551102204409,-0.11186833183106705,0.1529970245199683
62627,2,0.513649471547751,0.46893787575150303,0.0,0.0,0.7454909819639278,0.3406813627254509,-0.33650756507797047,0.15867474731285383
62627,3,0.5562281927826793,0.9378757515030061,0.0,0.0,0.9979959919839679,0.8476953907815631,-0.02166918361049085,0.15839369624653643
62627,4,0.6301128534656023,0.9398797595190381,0.0,0.0,0.9739478957915831,0.9418837675350702,0.2851679268152618,0.2545153460330068
62627,5,0.709939399556616,0.9979959919839679,0.0,1.0,1.0,0.9779559118236473,0.3539726649431873,0.2837070140662529
62627,6,0.6055491309594765,0.9619238476953907,0.0,0.0,0.8777555110220441,0.6312625250501002,0.23288816613512325,0.21835466114400162
62627,7,0.7127773242681604,1.0,1.0,1.0,0.9939879759519038,1.0,0.16665506505128652,0.20266392451836948
63062,0,0.4264297571942478,0.9979959919839679,0.0,1.0,0.9438877755511023,0.7835671342685371,-0.08057201760184018,0.46255375211410166
63062,1,0.6941575550445788,0.9979959919839679,0.0,1.0,0.9579158316633266,0.9979959919839679,-0.0080813980859837,0.39405235672503963
63062,2,0.7891665686996955,1.0,1.0,1.0,0.8577154308617234,0.9979959919839679,0.15086665363007015,0.30313031727802214
63062,3,0.4993906470883521,0.9498997995991983,0.0,0.0,0.9138276553106213,0.6092184368737475,0.027503674236385608,0.459549441646568
63062,4,0.5988864999391204,0.9979959919839679,0.0,1.0,0.7535070140280561,0.4188376753507014,-0.07612221597324793,0.40510444442940435
63062,5,0.5685937724722071,0.9899799599198397,0.0,0.0,0.9498997995991983,0.8056112224448898,0.07815488232299304,0.3702930562176868
63062,6,0.4362875595184809,0.9719438877755511,0.0,0.0,0.49298597194388777,0.374749498997996,0.12120033540077431,0.32978696031310645
63062,7,0.5339539904632468,1.0,1.0,1.0,0.8096192384769539,0.6713426853707415,-0.009428099086044507,0.2540807562032877
63247,0,0.4219762812062363,0.6793587174348698,0.0,0.0,1.0,1.0,0.6612158668090558,0.5437484849231354
63247,1,0.4606689905421708,0.46893787575150303,0.0,0.0,0.9739478957915831,0.7835671342685371,0.6743750586712239,0.5075243280525434
63247,2,0.7766637360701197,1.0,1.0,1.0,1.0,1.0,0.7493198504187796,0.4961357104164532
63247,3,0.5127386876982563,0.6653306613226453,0.0,0.0,0.9959919839679359,0.9018036072144289,0.7312647830766895,0.5552890528966704
63247,4,0.5352719669917647,0.8697394789579158,0.0,0.0,0.9979959919839679,0.875751503006012,0.502851707343551,0.5179017668057198
63247,5,0.553949928877369,0.9879759519038076,0.0,0.0,1.0,1.0,0.6568030759644968,0.499309976622089
63247,6,0.542019473361723,0.8977955911823647,0.0,0.0,1.0,0.9959919839679359,0.7647870431733816,0.5241376355734766
63247,7,0.5203663748255993,0.749498997995992,0.0,0.0,1.0,0.9899799599198397,0.8125460757776077,0.5554084913104989
63837,0,0.4389996380214451,0.4589178356713427,0.0,0.0,0.7274549098196392,0.3306613226452906,-0.045588604696884374,0.31035819275341786
63837,1,0.4684036148147278,0.5350701402805611,0.0,0.0,0.749498997995992,0.37675350701402804,0.3420126928406318,0.3435303303768793
63837,2,0.4666948624129571,0.27054108216432865,0.0,0.0,0.7695390781563126,0.6092184368737475,-0.1965487757539049,0.22412065920463295
63837,3,0.4571625661047327,0.5170340681362725,0.0,0.0,0.8156312625250501,0.5470941883767535,0.0394792108266674,0.25440806810787986
63837,4,0.4089454113818731,0.5551102204408818,0.0,0.0,0.6633266533066132,0.43887775551102204,-0.31512845405025997,0.25906643495172527
63837,5,0.5313771366240736,0.4308617234468938,0.0,0.0,0.7394789579158316,0.4849699398797595,0.1219489298263731,0.32518256063073947
63837,6,0.5708603829225717,0.9038076152304609,0.0,0.0,0.9599198396793587,0.7735470941883767,0.4350449857572996,0.3476652430210438
63837,7,0.6393673464628024,0.9979959919839679,0.0,1.0,0.8897795591182365,0.7094188376753507,0.06916078794336242,0.2704139906324154
63869,0,0.48221520654213845,0.20841683366733466,0.0,0.0,0.9158316633266533,0.056112224448897796,0.16603268044040326,0.1322692113838829
63869,1,0.44107723652597763,0.6332665330661322,0.0,0.0,0.9018036072144289,0.33266533066132264,0.03631683907348189,0.10998289345090015
63869,2,0.497350870083555,0.44488977955911824,0.0,0.0,0.8817635270541082,0.026052104208416832,0.1413261602255201,0.1997308359106565
63869,3,0.46631397527423524,0.19438877755511022,0.0,0.0,0.8657314629258517,0.03807615230460922,0.18254858002713306,0.11812998425329908
63869,4,0.4798683402903393,0.533066132264529,0.0,0.0,0.533066132264529,0.02404809619238477,-0.140213320716936,0.22361628702492908
63869,5,0.47993388832401884,0.15430861723446893,0.0,0.0,0.312625250501002,0.036072144288577156,0.12704510524779328,0.10635779364661586
63869,6,0.7882928876259961,0.9979959919839679,0.0,1.0,0.3627254509018036,0.9478957915831663,0.14424222633650235,0.16855992772396164
63869,7,0.632601581126106,0.9398797595190381,0.0,0.0,0.8597194388777555,0.20641282565130262,0.11679488382076858,0.16749734705575575
64050,0,0.7029284848820738,1.0,1.0,1.0,0.9619238476953907,0.9959919839679359,0.3999901907259436,0.3892366445437158
64050,1,0.7373302492397066,0.9879759519038076,0.0,0.0,0.9158316633266533,0.9919839679358717,0.38358530456676915,0.43662405676501764
64050,2,0.7013667116977077,0.9959919839679359,0.0,1.0,0.9138276553106213,0.9939879759519038,0.5250032535529773,0.4326190955362075
64050,3,0.6458623094149619,0.935871743486974,0.0,0.0,0.49899799599198397,0.9438877755511023,-0.13230877586743234,0.32513169628293864
64050,4,0.6666371334266014,0.9939879759519038,0.0,1.0,0.7635270541082164,0.9378757515030061,0.032012836797828355,0.3755724629061027
64050,5,0.6937982173510593,0.9819639278557114,0.0,0.0,0.9078156312625251,0.9819639278557114,-0.03668227902524047,0.30252757930945606
64050,6,0.7580464301402638,0.9979959919839679,0.0,1.0,0.9378757515030061,1.0,0.4399843395263233,0.3934797332429896
64050,7,0.7433696063677284,1.0,1.0,1.0,0.9458917835671342,0.9979959919839679,0.3218470523405034,0.41096662692079433
64148,0,0.5059715812647869,0.8657314629258517,0.0,0.0,0.7875751503006012,0.7755511022044088,0.06485323505771064,0.2648638159439737
64148,1,0.44130935020780293,0.15030060120240482,0.0,0.0,0.7334669338677354,0.5170340681362725,-0.06836706417611874,0.24201883287480896
64148,2,0.5797118686075423,0.9238476953907816,0.0,0.0,0.9879759519038076,0.5511022044088176,0.1840309688845388,0.267828555256127
64148,3,0.5995890696152038,0.9679358717434869,0.0,0.0,0.9138276553106213,0.9238476953907816,0.003985112883392761,0.270294103134084
64148,4,0.569265734250999,0.9018036072144289,0.0,0.0,0.9519038076152304,0.8016032064128257,-0.1377181565587216,0.29452780740088375
64148,5,0.5191609417323048,0.7715430861723447,0.0,0.0,0.9338677354709419,0.4589178356713427,0.16868825029925483,0.2863646264875363
64148,6,0.44316317389339205,0.30861723446893785,0.0,0.0,0.08016032064128256,0.3406813627254509,-0.17516295151919561,0.1938199250785758
64148,7,0.43993432944192445,0.19438877755511022,0.0,0.0,0.8697394789579158,0.2785571142284569,-0.12516274874428918,0.2413969725669842
64195,0,0.5976833427201519,0.8957915831663327,0.0,0.0,0.5090180360721442,0.5891783567134269,-0.21226430562557438,0.1979813225987427
64195,1,0.45636125395537697,0.5490981963927856,0.0,0.0,0.9258517034068137,0.49498997995991983,0.3213094893558643,0.2345454622767531
64195,2,0.5840187596946635,0.6673346693386774,0.0,0.0,0.7214428857715431,0.3907815631262525,0.004233402390514607,0.1737785160302835
64195,3,0.5654157499647603,0.9759519038076152,0.0,0.0,0.8016032064128257,0.3406813627254509,0.017890487364168935,0.19325694337154156
64195,4,0.5093047048867093,0.6412825651302605,0.0,0.0,0.9198396793587175,0.39478957915831664,0.12752419293825915,0.2652523694176255
64195,5,0.5422766053674606,0.9018036072144289,0.0,0.0,0.8877755511022044,0.49899799599198397,0.5748064367182114,0.3208611762116209
64195,6,0.5670005646851555,0.8797595190380761,0.0,0.0,0.8136272545090181,0.7715430861723447,-0.020584428583411734,0.24300015198567826
64195,7,0.5259732132375037,0.8376753507014028,0.0,0.0,0.9138276553106213,0.3306613226452906,0.36608598045103113,0.25674037458403365
64262,0,0.6456199597597153,0.9779559118236473,0.0,0.0,0.9779559118236473,0.9919839679358717,0.3126732965077277,0.2830141557393987
64262,1,0.4886516678705857,0.8517034068136272,0.0,0.0,0.6713426853707415,0.9679358717434869,0.0021768965079988914,0.25369707459243446
64262,2,0.617196364505068,0.9478957915831663,0.0,0.0,0.8076152304609219,0.9659318637274549,-0.15410853569768804,0.2153334186058707
64262,3,0.7460293625993346,0.9939879759519038,0.0,1.0,0.7274549098196392,0.9438877755511023,-0.0662099886212096,0.2097698821290425
64262,4,0.6691725244496656,0.9599198396793587,0.0,0.0,0.7675350701402806,0.9519038076152304,-0.08856717384515833,0.2347467459948476
64262,5,0.6293335978333477,0.9498997995991983,0.0,0.0,0.9158316633266533,0.9599198396793587,0.16116965924108898,0.25117951619014295
64262,6,0.6930021050480999,0.9859719438877755,0.0,0.0,0.8557114228456913,0.9799599198396793,0.31842682488146384,0.2632145959248105
64262,7,0.7108869368923323,0.9879759519038076,0.0,0.0,0.7394789579158316,0.9899799599198397,0.37792931915945166,0.23361236030103308
64417,0,0.6811996832670772,0.9759519038076152,0.0,0.0,0.6753507014028056,0.9178356713426854,-0.2603685028453467,0.4708378578175308
64417,1,0.6389977691991158,0.9418837675350702,0.0,0.0,0.7735470941883767,0.9398797595190381,-0.2441427514524831,0.4632979085458372
64417,2,0.7158735755780559,0.9859719438877755,0.0,0.0,0.9158316633266533,0.9879759519038076,0.08836012201680178,0.5157383025245458
64417,3,0.7139822175690097,0.9779559118236473,0.0,0.0,0.8937875751503006,0.9458917835671342,0.10104102051454292,0.31925723278479584
64417,4,0.6402261222378121,0.8977955911823647,0.0,0.0,0.46292585170340683,0.9679358717434869,-0.2639299739980905,0.30037904408857746
64417,5,0.7163160886061182,0.9639278557114228,0.0,0.0,0.687374749498998,0.9438877755511023,-0.0330193049769681,0.48083518958055477
64417,6,0.6483262058722594,0.9879759519038076,0.0,0.0,0.9158316633266533,0.8597194388777555,-0.0963934540503701,0.437083900503908
64417,7,0.7232584799154803,0.9899799599198397,0.0,0.0,0.9959919839679359,1.0,0.17993383863270868,0.49244357909979103
64547,0,0.45049582530823173,0.9018036072144289,0.0,0.0,0.9278557114228457,0.9739478957915831,-0.02425384106781027,0.1457045137599257
64547,1,0.7692414563944285,1.0,1.0,1.0,0.7474949899799599,0.9819639278557114,0.10890652433157338,0.15269467526557376
64547,2,0.4333158516295118,0.8797595190380761,0.0,0.0,0.9078156312625251,0.9559118236472945,-0.043663654416861965,0.15608118340173394
64547,3,0.5834372095199172,0.9438877755511023,0.0,0.0,0.8136272545090181,0.9438877755511023,-0.05882359267721103,0.08803462633506719
64547,4,0.7518691972939072,1.0,1.0,1.0,1.0,1.0,0.1001516470720316,0.14458136684491335
64547,5,0.4389634222884943,0.7394789579158316,0.0,0.0,0.9919839679358717,0.969939879759519,-0.03797142243242658,0.1674228876483705
64547,6,0.5643915360013185,0.8316633266533067,0.0,0.0,0.7114228456913828,0.9639278557114228,0.14107597383967485,0.1795511556322573
64547,7,0.7174952055638845,0.9859719438877755,0.0,0.0,0.8176352705410822,0.9839679358717435,0.0018050654595380487,0.13694723608235235
64783,0,0.499838043040211,0.3867735470941884,0.0,0.0,0.9899799599198397,0.7214428857715431,0.47266803340021596,0.38657198046645225
64783,1,0.5031485225611296,0.280561122244489,0.0,0.0,0.9859719438877755,0.8276553106212425,0.5268774090120956,0.38929528024153914
64783,2,0.4099490097765889,0.18837675350701402,0.0,0.0,0.9939879759519038,0.8597194388777555,0.3003174719743512,0.3602821501813744
64783,3,0.4692383029922773,0.20040080160320642,0.0,0.0,0.9398797595190381,0.3346693386773547,0.389396676597553,0.40427812966071996
64783,4,0.4529804518378537,0.15030060120240482,0.0,0.0,0.8797595190380761,0.20841683366733466,0.46140217556132634,0.300297035819842
64783,5,0.4185026541390593,0.14428857715430862,0.0,0.0,0.9919839679358717,0.1903807615230461,0.18319378460878238,0.2995057036124831
64783,6,0.4976859534492756,0.717434869739479,0.0,0.0,0.8557114228456913,0.6713426853707415,0.34902796319258717,0.32998831027995856
64783,7,0.48402002340243033,0.4088176352705411,0.0,0.0,0.7454909819639278,0.4028056112224449,0.10558162019295465,0.369380492434441
64851,0,0.6094638734856663,0.9739478957915831,0.0,0.0,0.8937875751503006,0.44288577154308617,0.016711549101929356,0.1634159896890885
64851,1,0.5225289747685737,0.779559118236473,0.0,0.0,0.3927855711422846,0.6773547094188377,-0.25855889448201197,0.21906428600912686
64851,2,0.4586045867142853,0.4849699398797595,0.0,0.0,0.5691382765531062,0.23647294589178355,-0.09914309768232657,0.2877861408513591
64851,3,0.554819484739363,0.8717434869739479,0.0,0.0,0.6513026052104208,0.5871743486973948,-0.016704686347413265,0.16481541116854773
64851,4,0.4150007724148523,0.5651302605210421,0.0,0.0,0.625250501002004,0.4148296593186373,0.058390355080106274,0.19463884231824824
64851,5,0.5757774641954572,0.9138276553106213,0.0,0.0,0.9759519038076152,0.5490981963927856,0.037968879196870885,0.2137960357370482
64851,6,0.6499423069091449,0.9659318637274549,0.0,0.0,0.9018036072144289,0.5831663326653307,0.08464706074522244,0.2620005706412364
64851,7,0.5390772781177714,0.49298597194388777,0.0,0.0,0.8937875751503006,0.5450901803607214,-0.030993350459182025,0.15275666440780755
64925,0,0.6891048407699697,0.9819639278557114,0.0,0.0,0.9939879759519038,0.9478957915831663,0.11562551195700091,0.0962430555572109
64925,1,0.6013200015951201,0.8697394789579158,0.0,0.0,0.9819639278557114,0.39879759519038077,-0.03138643991681625,0.07636509864408543
64925,2,0.7299951069227832,0.9979959919839679,0.0,1.0,0.5831663326653307,1.0,-0.07162167185906479,0.07767062584443345
64925,3,0.7237567513632526,0.9799599198396793,0.0,0.0,0.8857715430861723,0.6993987975951904,-0.06213316427492088,0.06738709298359259
64925,4,0.6994102316742543,0.9939879759519038,0.0,1.0,0.8597194388777555,0.8256513026052105,0.15709470564118228,0.08153765578085481
64925,5,0.6735842617408223,0.9799599198396793,0.0,0.0,0.9839679358717435,0.9979959919839679,0.043522692509650185,0.06512875801926318
64925,6,0.6757360740119717,0.9779559118236473,0.0,0.0,0.8957915831663327,0.9959919839679359,0.08282859634205268,0.07893701907317044
64925,7,0.704930552420771,0.9859719438877755,0.0,0.0,0.9979959919839679,0.9979959919839679,0.2113292361656727,0.08417429922575019
65218,0,0.55109770591738,0.8657314629258517,0.0,0.0,0.9318637274549099,0.4969939879759519,0.3863156061578479,0.12754574560197146
65218,1,0.4307307040871444,0.8657314629258517,0.0,0.0,0.8597194388777555,0.25851703406813625,-0.5323165202590154,0.14051888716557512
65218,2,0.6320604743602503,0.9759519038076152,0.0,0.0,0.9759519038076152,0.9498997995991983,-0.3783353079495629,0.1526505140250291
65218,3,0.5869182420613286,0.9779559118236473,0.0,0.0,0.8537074148296593,0.48897795591182364,0.19072294894312705,0.14631292100735852
65218,4,0.6313197109203461,0.9859719438877755,0.0,0.0,0.9939879759519038,0.5150300601202404,0.17695594582445912,0.15231387589177114
65218,5,0.6190803335109302,0.9739478957915831,0.0,0.0,0.9038076152304609,0.7875751503006012,0.06750227859850123,0.13142320602308113
65218,6,0.5762452744157556,0.9559118236472945,0.0,0.0,0.9879759519038076,0.7735470941883767,0.4167274239184913,0.15898201492735867
65218,7,0.5207836535831158,0.8977955911823647,0.0,0.0,0.5731462925851704,0.5190380761523046,-0.2950641230137061,0.08078685388107795
65340,0,0.4988684387394468,0.38276553106212424,0.0,0.0,0.9398797595190381,0.9799599198396793,0.4705148057525814,0.3810409652219069
65340,1,0.3775475633432667,0.04609218436873747,0.0,0.0,0.87374749498998,0.9559118236472945,0.07417487141154824,0.36540796072251225
65340,2,0.40538016280429734,0.036072144288577156,0.0,0.0,0.9879759519038076,0.9739478957915831,0.41745135540488437,0.3396954945058888
65340,3,0.4417525488246693,0.10821643286573146,0.0,0.0,0.9659318637274549,0.9418837675350702,0.5190286009315025,0.4150365362524781
65340,4,0.4100956121638514,0.13827655310621242,0.0,0.0,0.9458917835671342,0.9879759519038076,0.4407701245188384,0.4007041404679753
65340,5,0.4841842472351505,0.8276553106212425,0.0,0.0,0.9779559118236473,0.9659318637274549,0.5247787032241626,0.4463140375793694
65340,6,0.3720752778421328,0.07414829659318638,0.0,0.0,0.9779559118236473,0.9519038076152304,0.5857134299884984,0.424744853823032
65340,7,0.36695845388985804,0.02004008016032064,0.0,0.0,0.8957915831663327,0.9138276553106213,0.4655331805407926,0.40249231299705784
65348,0,0.6512569044973942,0.9799599198396793,0.0,0.0,0.5871743486973948,1.0,-0.035015521522281955,0.1552293023394844
65348,1,0.5168122773468318,0.5771543086172345,0.0,0.0,0.8517034068136272,0.9939879759519038,-0.09211392439693201,0.1554010692954332
65348,2,0.6751599301195398,0.9959919839679359,0.0,1.0,0.8877755511022044,0.9979959919839679,0.010962029226974618,0.17334610526001967
65348,3,0.6160386396275415,0.9959919839679359,0.0,1.0,0.87374749498998,1.0,-0.046570659423448846,0.1877154910681917
65348,4,0.7074951386610326,0.9919839679358717,0.0,1.0,0.7855711422845691,0.9799599198396793,-0.08047807083947628,0.15113529187822447
65348,5,0.5627720805812144,0.7715430861723447,0.0,0.0,0.8276553106212425,0.9939879759519038,-0.005228549299639542,0.11589830218101481
65348,6,0.5973298669337123,0.9679358717434869,0.0,0.0,0.7615230460921844,1.0,-0.08443161168469639,0.12095066781562408
65348,7,0.6486533814443927,0.9939879759519038,0.0,1.0,0.7074148296593187,0.9839679358717435,-0.04096383424118004,0.1645163575504247
65417,0,0.575237149560446,0.8056112224448898,0.0,0.0,0.2925851703406814,0.8777555110220441,-0.164422380391213,0.18014451951274602
65417,1,0.5892051718876141,0.9478957915831663,0.0,0.0,0.5110220440881763,0.8076152304609219,-0.22331081388697088,0.21031442624159555
65417,2,0.586523390027385,0.9038076152304609,0.0,0.0,0.45691382765531063,0.9859719438877755,-0.11080140910622595,0.1557868741876131
65417,3,0.6782011571844404,1.0,1.0,1.0,0.48697394789579157,0.9498997995991983,0.1726065415669337,0.26516220982950867
65417,4,0.6016581973533803,0.8597194388777555,0.0,0.0,0.4849699398797595,0.8496993987975952,0.06790383495429023,0.2573110014730325
65417,5,0.5795058768094873,0.8557114228456913,0.0,0.0,0.7575150300601202,0.8056112224448898,0.0304459726080572,0.19628993510730094
65417,6,0.5353834624626084,0.7454909819639278,0.0,0.0,0.31462925851703405,0.6072144288577155,-0.1919081402590072,0.1934623166446
65417,7,0.5677535882487921,0.8837675350701403,0.0,0.0,0.843687374749499,0.7975951903807615,0.08706443962041052,0.19877027350785162
65553,0,0.5290371636002462,0.7775551102204409,0.0,0.0,0.9759519038076152,0.9078156312625251,0.6273041920052048,0.5575752945044604
65553,1,0.524082954759416,0.7595190380761523,0.0,0.0,0.9599198396793587,0.8777555110220441,-0.03378877448413804,0.5039190066785156
65553,2,0.574476426684295,0.8557114228456913,0.0,0.0,0.9559118236472945,0.8476953907815631,0.5265083154170324,0.49925692770344754
65553,3,0.5016553386872398,0.7735470941883767,0.0,0.0,0.9519038076152304,0.8817635270541082,0.622910647178517,0.5531797256843191
65553,4,0.5965922341771464,0.8396793587174348,0.0,0.0,0.9719438877755511,0.8476953907815631,0.09757528605174788,0.5356600025833503
65553,5,0.5093793665522826,0.749498997995992,0.0,0.0,0.9278557114228457,0.8957915831663327,0.2558703391250167,0.5450808073703104
65553,6,0.5391531523589554,0.875751503006012,0.0,0.0,0.9498997995991983,0.8997995991983968,0.6516567982952015,0.537474501906865
65553,7,0.7221674218558805,0.9939879759519038,0.0,1.0,0.9619238476953907,0.9739478957915831,0.6078652244893098,0.5214128357397467
65609,0,0.7336715786958399,0.9959919839679359,0.0,1.0,0.9519038076152304,0.9979959919839679,0.20756419757325006,0.2864151477189785
65609,1,0.777608132709529,0.9979959919839679,0.0,1.0,0.8376753507014028,0.9959919839679359,-0.192805100955693,0.24938527903185623
65609,2,0.6497536870329965,0.9158316633266533,0.0,0.0,0.749498997995992,0.9198396793587175,-0.04212909534007814,0.2270423271767571
65609,3,0.7444178230774308,0.969939879759519,0.0,0.0,0.5991983967935872,0.9979959919839679,-0.04289129370297181,0.2658595775572818
65609,4,0.755210748300627,0.9739478957915831,0.0,0.0,0.7615230460921844,0.9839679358717435,0.27334510361412473,0.2630290550612202
65609,5,0.7676408960287224,0.9979959919839679,0.0,1.0,0.9719438877755511,0.9979959919839679,0.1322262325664991,0.2694268112766585
65609,6,0.7717673204024608,0.9959919839679359,0.0,1.0,0.9398797595190381,0.9939879759519038,-0.17740455121098236,0.24356894146589378
65609,7,0.6128587303497455,0.9418837675350702,0.0,0.0,0.8537074148296593,0.9899799599198397,0.2561955175462193,0.2862111980429122
65690,0,0.5394972914810066,0.9879759519038076,0.0,0.0,0.9398797595190381,0.9959919839679359,0.078029790219877,0.37396077514710147
65690,1,0.4846044361411608,0.6392785571142284,0.0,0.0,0.8416833667334669,0.533066132264529,0.22542682116350735,0.457653712239533
65690,2,0.5458471622808172,0.8597194388777555,0.0,0.0,0.6973947895791583,0.8677354709418837,0.1252351748821366,0.42122064434482975
65690,3,0.7269707494872066,0.9919839679358717,0.0,1.0,0.9939879759519038,0.9859719438877755,0.3013582125800201,0.40268359152485983
65690,4,0.7423910893944955,1.0,1.0,1.0,0.8697394789579158,0.9879759519038076,0.06213193413078077,0.33595473761472
65690,5,0.7087536523174733,0.9979959919839679,0.0,1.0,0.9619238476953907,0.9959919839679359,-0.12047105891627272,0.3211115293635441
65690,6,0.5565329307669981,0.9899799599198397,0.0,0.0,0.8216432865731463,0.9759519038076152,0.10593658844009714,0.32303433272815324
65690,7,0.5796304783601264,0.9418837675350702,0.0,0.0,0.8597194388777555,0.845691382765531,0.1535062762125478,0.3768714003116781
65878,0,0.5969577783669403,0.8917835671342685,0.0,0.0,0.0841683366733467,0.5551102204408818,-0.028206786278860745,0.10264300109745432
65878,1,0.596208179420854,0.8517034068136272,0.0,0.0,0.9038076152304609,0.8496993987975952,0.09936701754780203,0.11848443617931526
65878,2,0.557452535908564,0.9258517034068137,0.0,0.0,0.09018036072144289,0.8577154308617234,0.06437790085230885,0.12963965405105624
65878,3,0.7081535792964742,1.0,1.0,1.0,0.24849699398797595,0.9498997995991983,-0.071373817205096,0.11951780041471474
65878,4,0.7029273174348656,0.9959919839679359,0.0,1.0,0.7615230460921844,0.9959919839679359,-0.07172252988506195,0.12829617614628178
65878,5,0.6360511454820788,0.9819639278557114,0.0,0.0,0.7895791583166333,0.9899799599198397,0.11043669602897131,0.1526433684448121
65878,6,0.6053043084408378,0.8977955911823647,0.0,0.0,0.24448897795591182,0.6412825651302605,0.13233374899333875,0.09943252133473031
65878,7,0.55377842267524,0.9338677354709419,0.0,0.0,0.7955911823647295,0.9539078156312625,0.0441225239465218,0.16534724210231933
66058,0,0.6633625657538986,0.9418837675350702,0.0,0.0,0.6432865731462926,0.9378757515030061,0.00961005321370987,0.2615913512837716
66058,1,0.60358807511583,0.875751503006012,0.0,0.0,0.9719438877755511,0.9078156312625251,0.1380817560181588,0.28506187369150243
66058,2,0.5283272259756036,0.7855711422845691,0.0,0.0,0.8376753507014028,0.6533066132264529,0.13415060389763375,0.24498189589453379
66058,3,0.501178014115377,0.6332665330661322,0.0,0.0,0.6833667334669339,0.591182364729459,0.011046949799421068,0.264480009970297
66058,4,0.5264920383039974,0.5871743486973948,0.0,0.0,0.8216432865731463,0.8236472945891784,0.13176705219564114,0.24968112439679221
66058,5,0.6149421522185344,0.9118236472945892,0.0,0.0,0.7194388777555111,0.9018036072144289,-0.1975597719310797,0.2413813108276093
66058,6,0.5340975316723237,0.8136272545090181,0.0,0.0,0.2565130260521042,0.7635270541082164,0.060939609730978,0.25619669050699606
66058,7,0.5930923910287277,0.8877755511022044,0.0,0.0,0.8917835671342685,0.845691382765531,0.1123768164071118,0.18373691977276313
66209,0,0.5447064042603129,0.5951903807615231,0.0,0.0,0.42084168336673344,0.2785571142284569,-0.24202085301680992,0.3025935646246525
66209,1,0.468163004439936,0.20040080160320642,0.0,0.0,0.48296593186372744,0.21442885771543085,-0.05666617149845241,0.25978856797461863
66209,2,0.542674527787548,0.44488977955911824,0.0,0.0,0.036072144288577156,0.30861723446893785,-0.21526213203418376,0.21199860845778465
66209,3,0.4587060223747847,0.1903807615230461,0.0,0.0,0.44288577154308617,0.22044088176352705,-0.1840320329925347,0.285331458998718
66209,4,0.4465290788168276,0.2565130260521042,0.0,0.0,0.19238476953907815,0.5551102204408818,-0.05598513227683585,0.2521854396543587
66209,5,0.5045477881570293,0.42084168336673344,0.0,0.0,0.19839679358717435,0.21442885771543085,0.07860551265966355,0.24308121864117543
66209,6,0.47154047999082926,0.4188376753507014,0.0,0.0,0.22044088176352705,0.3927855711422846,0.03015641370598375,0.2412394555378301
66209,7,0.5291340575337462,0.4408817635270541,0.0,0.0,0.5991983967935872,0.56312625250501,0.02391742166239312,0.2890296738507779
66269,0,0.4987697493505676,0.4589178356713427,0.0,0.0,0.9478957915831663,0.9539078156312625,0.12404991668163383,0.19335149191136772
66269,1,0.47379308604527764,0.8156312625250501,0.0,0.0,0.48697394789579157,0.9018036072144289,-0.05548982151364284,0.18062148281189452
66269,2,0.4383412995516727,0.1523046092184369,0.0,0.0,0.3186372745490982,0.7535070140280561,0.2146795981950186,0.28888452567605294
66269,3,0.5369450919461403,0.6893787575150301,0.0,0.0,0.6432865731462926,0.9478957915831663,-0.05162886530557313,0.1949440270932377
66269,4,0.5508748278721455,0.7274549098196392,0.0,0.0,0.8897795591182365,0.87374749498998,0.18629929442488138,0.23526317839947056
66269,5,0.4877066555002788,0.5951903807615231,0.0,0.0,0.969939879759519,0.9739478957915831,0.16667001439741067,0.16025689194634343
66269,6,0.5223306019370898,0.2845691382765531,0.0,0.0,0.7935871743486974,0.9298597194388778,0.11199163582742541,0.24499552509138936
66269,7,0.5375838019609955,0.7214428857715431,0.0,0.0,0.7615230460921844,0.8937875751503006,0.08204399089547859,0.24613057609053438
66437,0,0.5960291181125288,0.843687374749499,0.0,0.0,0.8276553106212425,0.40480961923847697,0.16794136481698754,0.4365663014228035
66437,1,0.5907707995032392,0.9559118236472945,0.0,0.0,0.7995991983967936,0.38276553106212424,0.294038243119073,0.4307526796294093
66437,2,0.5096470323913511,0.8937875751503006,0.0,0.0,0.9959919839679359,0.6092184368737475,0.26657915914016284,0.4229910695452774
66437,3,0.5689678245218748,0.8597194388777555,0.0,0.0,0.87374749498998,0.20240480961923848,0.14438404622531845,0.3943104409093233
66437,4,0.5774274832428989,0.8036072144288577,0.0,0.0,0.7675350701402806,0.3727454909819639,0.07176027002732119,0.43461677721627395
66437,5,0.6456079069935518,0.9919839679358717,0.0,1.0,0.8777555110220441,0.3587174348697395,0.13353602387932065,0.4415824941733121
66437,6,0.5563534262942443,0.8036072144288577,0.0,0.0,0.7695390781563126,0.312625250501002,0.16225769475639615,0.3998021188142568
66437,7,0.5520782113038688,0.9739478957915831,0.0,0.0,0.7595190380761523,0.280561122244489,-0.1823002640157342,0.2781834966475068
66512,0,0.5407659861130221,0.8196392785571143,0.0,0.0,0.8777555110220441,0.43286573146292584,-0.08577053678608686,0.246042195340294
66512,1,0.5467126476222435,0.9258517034068137,0.0,0.0,0.7755511022044088,0.4028056112224449,0.09264948554472155,0.32316790802037326
66512,2,0.5375218982680154,0.8617234468937875,0.0,0.0,0.717434869739479,0.45090180360721444,-0.18850389302683918,0.19172576109996098
66512,3,0.5961886643321861,0.7314629258517034,0.0,0.0,0.7294589178356713,0.44488977955911824,-0.2596460049080738,0.27666024575394094
66512,4,0.5302604918110201,0.6953907815631263,0.0,0.0,0.8817635270541082,0.7354709418837675,0.20773354975982034,0.26611343127706794
66512,5,0.614595112156214,0.9819639278557114,0.0,0.0,0.8877755511022044,0.6472945891783567,-0.11865385562110455,0.2216189670846005
66512,6,0.6202627329203725,1.0,1.0,1.0,0.9138276553106213,0.6933867735470942,0.018827762108662417,0.29878854594706844
66512,7,0.6412516731088036,0.9198396793587175,0.0,0.0,0.9779559118236473,0.687374749498998,-0.18997409751119804,0.2727229920143212
66559,0,0.6028341096098054,0.9038076152304609,0.0,0.0,0.9398797595190381,0.6112224448897795,0.0727259586580119,0.42549817252937494
66559,1,0.6333647057374117,0.9118236472945892,0.0,0.0,0.7114228456913828,0.3807615230460922,0.06788131743109967,0.4042278337933488
66559,2,0.6439069040581792,0.9819639278557114,0.0,0.0,0.9859719438877755,0.9899799599198397,0.0013974014559549961,0.2378502786286138
66559,3,0.6502347832420015,0.9719438877755511,0.0,0.0,0.8777555110220441,0.5871743486973948,0.10187396048010636,0.28800546819011463
66559,4,0.6499950222850067,0.9018036072144289,0.0,0.0,0.8076152304609219,0.7054108216432866,-0.021374684269926725,0.300690012366292
66559,5,0.6198558490960273,0.9218436873747495,0.0,0.0,0.9238476953907816,0.3106212424849699,-0.054140009702437125,0.27652493107851306
66559,6,0.6525881864120788,0.8837675350701403,0.0,0.0,0.46893787575150303,0.8777555110220441,0.03573862610253433,0.306043285665239
66559,7,0.5675784884791686,0.87374749498998,0.0,0.0,0.9719438877755511,0.49899799599198397,0.12278198376644002,0.363190815768189
66875,0,0.6386177769673407,0.9619238476953907,0.0,0.0,0.9919839679358717,0.9539078156312625,-0.17763968941391456,0.2399590793062329
66875,1,0.6994573371069537,0.9899799599198397,0.0,0.0,0.9919839679358717,0.9579158316633266,-0.016127839832690442,0.2567938950320808
66875,2,0.5708577301174822,0.9338677354709419,0.0,0.0,0.9899799599198397,0.9478957915831663,-0.17634994415008867,0.19931932374624262
66875,3,0.669136358055247,0.9799599198396793,0.0,0.0,0.9959919839679359,0.6653306613226453,-0.03369462561486104,0.2374372719881651
66875,4,0.5959949534214936,0.9478957915831663,0.0,0.0,0.9939879759519038,0.6813627254509018,0.31522394752960653,0.3019999718847239
66875,5,0.6671512625996048,0.9799599198396793,0.0,0.0,0.9859719438877755,0.9659318637274549,-0.009562376208097563,0.27677939325562634
66875,6,0.6435982744655674,0.9899799599198397,0.0,0.0,0.9919839679358717,0.9478957915831663,0.09247440666345023,0.21008021026726048
66875,7,0.6610009826483584,0.9739478957915831,0.0,0.0,0.9979959919839679,0.9899799599198397,0.19063900361753994,0.256457653357379
67261,0,0.48661059185511546,0.8296593186372746,0.0,0.0,0.7134268537074149,0.13827655310621242,0.151053933802645,0.17753175308312502
67261,1,0.391404880600839,0.905811623246493,0.0,0.0,0.2925851703406814,0.18637274549098196,0.21027788712690143,0.24647415089138927
67261,2,0.43607866450261706,0.5130260521042084,0.0,0.0,0.5350701402805611,0.1843687374749499,0.20716007477691661,0.2240868763877241
67261,3,0.6100729646423402,0.9438877755511023,0.0,0.0,0.7234468937875751,0.5090180360721442,0.06731640491563436,0.12378009510459226
67261,4,0.406396607015112,0.811623246492986,0.0,0.0,0.9759519038076152,0.16432865731462926,0.07545679000398321,0.23836560729575343
67261,5,0.41715452531131475,0.9098196392785571,0.0,0.0,0.8877755511022044,0.8877755511022044,0.23394644334309178,0.21897919016657227
67261,6,0.44609401179168073,0.875751503006012,0.0,0.0,0.6432865731462926,0.35470941883767537,0.09528301684917458,0.20769142114287925
67261,7,0.47086120438290696,0.9839679358717435,0.0,0.0,0.7394789579158316,0.7354709418837675,-0.0249925127362099,0.23131154001850318
67281,0,0.7086662861670174,0.9298597194388778,0.0,0.0,0.9098196392785571,0.5711422845691383,0.19859679289162627,0.3126569125923374
67281,1,0.6446978632129905,0.9038076152304609,0.0,0.0,0.9819639278557114,0.9559118236472945,0.2407737963720094,0.3600086143559641
67281,2,0.7207619451118422,0.9519038076152304,0.0,0.0,0.9719438877755511,0.8396793587174348,0.2987544282488262,0.38054887428303796
67281,3,0.7612879734232076,0.9839679358717435,0.0,0.0,0.9458917835671342,0.9959919839679359,0.1801467067158034,0.3095186074213816
67281,4,0.7070853274147697,0.9559118236472945,0.0,0.0,0.9579158316633266,0.9919839679358717,0.3188103947408146,0.32586696685780453
67281,5,0.6370487894671595,0.8717434869739479,0.0,0.0,0.8857715430861723,0.7154308617234469,0.037245838988348504,0.30068382368560065
67281,6,0.7441099199576282,0.9879759519038076,0.0,0.0,1.0,0.9859719438877755,0.32514300781387556,0.33650557302130546
67281,7,0.6907989161471763,0.9498997995991983,0.0,0.0,0.8877755511022044,0.8937875751503006,0.18000931568029682,0.3041690007607118
67361,0,0.6174090590821033,0.9839679358717435,0.0,0.0,0.9659318637274549,0.9899799599198397,-0.005312917533768454,0.21276399169270802
67361,1,0.6407213382099433,0.9739478957915831,0.0,0.0,0.9218436873747495,0.9559118236472945,0.03326365800033302,0.20278827603789565
67361,2,0.7721025165228634,1.0,1.0,1.0,0.8637274549098196,0.9919839679358717,0.1562503095699328,0.18343310868810578
67361,3,0.7286157474450182,0.9979959919839679,0.0,1.0,0.8016032064128257,1.0,0.04047181511730428,0.19595770425446896
67361,4,0.6609954059911036,1.0,1.0,1.0,0.935871743486974,0.9919839679358717,-0.006911103361323152,0.20001604622646504
67361,5,0.6929024141843798,0.9939879759519038,0.0,1.0,0.9919839679358717,0.9959919839679359,0.031124145162011944,0.23301913367493268
67361,6,0.759055897485071,0.9979959919839679,0.0,1.0,0.9939879759519038,0.9979959919839679,0.08834167242580263,0.2393847191372904
67361,7,0.6593846911889361,0.9899799599198397,0.0,0.0,0.9278557114228457,0.9979959919839679,0.039450697388622065,0.20663279635444817
67444,0,0.6736409949195767,0.9879759519038076,0.0,0.0,0.9759519038076152,0.9679358717434869,-0.05698217812079106,0.09448975075632128
67444,1,0.7054293472550872,0.9879759519038076,0.0,0.0,0.9939879759519038,0.9899799599198397,0.03669949565424207,0.0792204090956609
67444,2,0.5840025585876052,0.9258517034068137,0.0,0.0,0.9979959919839679,0.4148296593186373,0.07385269171064889,0.09125095910451503
67444,3,0.6853690845712658,0.9839679358717435,0.0,0.0,1.0,0.843687374749499,0.023045889288577877,0.09317421277862281
67444,4,0.6031528466433903,0.9539078156312625,0.0,0.0,0.9899799599198397,0.28256513026052105,0.06681022722886236,0.0804648723764999
67444,5,0.7137169939563539,0.9919839679358717,0.0,1.0,0.9979959919839679,0.9859719438877755,0.07067257810850655,0.08717080450290861
67444,6,0.5788564236112147,0.9859719438877755,0.0,0.0,0.969939879759519,0.9939879759519038,0.0072776159869372995,0.0752605164680511
67444,7,0.6674465502840383,0.9679358717434869,0.0,0.0,0.9979959919839679,1.0,0.08398271059444494,0.07908851879541329
67673,0,0.5927500468692263,0.9378757515030061,0.0,0.0,0.9839679358717435,0.9739478957915831,0.14227231170165683,0.2641105054724509
67673,1,0.5775325198620969,0.9498997995991983,0.0,0.0,0.8897795591182365,0.905811623246493,0.06838494102270423,0.28358715110285687
67673,2,0.6050551559347551,0.9218436873747495,0.0,0.0,0.905811623246493,0.9539078156312625,0.08931043952521324,0.29054017045764297
67673,3,0.6035437642324144,0.7655310621242485,0.0,0.0,0.5871743486973948,0.374749498997996,0.13954370493049412,0.21293461690871454
67673,4,0.5874222168869019,0.8016032064128257,0.0,0.0,0.6432865731462926,0.1743486973947896,-0.09182148945022595,0.2624980330866445
67673,5,0.538941391869884,0.4248496993987976,0.0,0.0,0.9879759519038076,0.4849699398797595,0.11829849275829273,0.26771641798283374
67673,6,0.569128065475306,0.8917835671342685,0.0,0.0,0.9038076152304609,0.8216432865731463,0.12662000381498348,0.28888567523109526
67673,7,0.575585720665035,0.6492985971943888,0.0,0.0,0.08016032064128256,0.24849699398797595,-0.14974580102234292,0.2672921567502644
67708,0,0.6255149215675566,0.9799599198396793,0.0,0.0,0.9899799599198397,0.905811623246493,0.2186306055726919,0.3496199910195271
67708,1,0.7065935643933426,0.9919839679358717,0.0,1.0,1.0,0.9819639278557114,0.23645750702493976,0.5478370639674823
67708,2,0.6476561414631863,0.9939879759519038,0.0,1.0,1.0,0.9539078156312625,0.27381503298873683,0.4902942652422118
67708,3,0.6085377106635674,0.9599198396793587,0.0,0.0,0.9939879759519038,0.6593186372745491,0.08210322243852174,0.37274031610318725
67708,4,0.7591882802401506,1.0,1.0,1.0,0.5050100200400801,0.5130260521042084,0.16709427018427397,0.4411278707061139
67708,5,0.6669543912044196,0.9939879759519038,0.0,1.0,0.9959919839679359,0.37074148296593185,0.3481409700932041,0.41307842359607694
67708,6,0.6243724561176891,0.9939879759519038,0.0,1.0,0.8937875751503006,0.9218436873747495,0.15127474499559715,0.4601862813064365
67708,7,0.6084991056424165,0.9779559118236473,0.0,0.0,0.9859719438877755,0.8957915831663327,0.37440572437636777,0.512844350131674
67899,0,0.6064831118146523,0.9178356713426854,0.0,0.0,1.0,1.0,0.19812000101190028,0.28073860707144344
67899,1,0.6543106650757106,0.9979959919839679,0.0,1.0,0.9979959919839679,0.9719438877755511,0.4281837127283174,0.29596414675849153
67899,2,0.5796425653671405,0.8697394789579158,0.0,0.0,0.9779559118236473,0.9919839679358717,0.3736796556286805,0.3503700910456449
67899,3,0.5918372447034782,0.9919839679358717,0.0,1.0,0.9599198396793587,1.0,-0.004160061410588426,0.30067064586352865
67899,4,0.49571782180639606,0.751503006012024,0.0,0.0,0.9939879759519038,0.9939879759519038,0.08299990786176535,0.2765854407523436
67899,5,0.6640932415845365,0.9959919839679359,0.0,1.0,0.9939879759519038,0.9879759519038076,0.2429879251372536,0.3342118927629427
67899,6,0.5695833597849654,0.8657314629258517,0.0,0.0,0.9539078156312625,0.8717434869739479,0.012687746151670789,0.3188788405868456
67899,7,0.556647903324872,0.8296593186372746,0.0,0.0,0.9939879759519038,0.9939879759519038,0.2203543774154515,0.2734770454292431
68121,0,0.5458424860186353,0.9879759519038076,0.0,0.0,0.9899799599198397,0.9298597194388778,0.07209486394508413,0.2614555314703532
68121,1,0.6404813356464718,0.9659318637274549,0.0,0.0,0.9338677354709419,0.9859719438877755,-0.0008879024812887515,0.35933334393129246
68121,2,0.4941882666824836,0.9559118236472945,0.0,0.0,0.9659318637274549,0.9899799599198397,-0.045093527345392716,0.27576249354498705
68121,3,0.6132498651795494,0.969939879759519,0.0,0.0,0.9539078156312625,0.9719438877755511,-0.0672662235912684,0.3252881847461438
68121,4,0.5197060510701117,0.9799599198396793,0.0,0.0,0.9979959919839679,0.9198396793587175,-0.29722277561432836,0.2500002388639078
68121,5,0.6264780068511424,0.9959919839679359,0.0,1.0,0.969939879759519,0.9839679358717435,0.18165070054159077,0.39132648253914204
68121,6,0.6715800930200266,0.9979959919839679,0.0,1.0,0.9458917835671342,0.969939879759519,0.1759087190717734,0.2857114265914941
68121,7,0.43384450804070185,0.7034068136272545,0.0,0.0,0.9498997995991983,0.9899799599198397,0.15592601973386017,0.30969599696733424
68127,0,0.7426721457688295,0.9939879759519038,0.0,1.0,1.0,0.9899799599198397,0.17116867230633315,0.3583268866753081
68127,1,0.7268029456656936,0.9799599198396793,0.0,0.0,0.5410821643286573,0.9819639278557114,0.07993859271353898,0.3283093835559871
68127,2,0.7064879908420318,0.9859719438877755,0.0,0.0,0.969939879759519,0.9919839679358717,0.058167945611044124,0.26941008070731876
68127,3,0.7630064820546627,0.9799599198396793,0.0,0.0,1.0,0.9979959919839679,0.27185874554751055,0.39292609106306037
68127,4,0.7350849014705174,0.9859719438877755,0.0,0.0,0.9979959919839679,0.9899799599198397,0.2491746593946036,0.38980117202687314
68127,5,0.7052496758293475,0.9779559118236473,0.0,0.0,0.9879759519038076,0.9859719438877755,-0.06267746726104428,0.2955507646193414
68127,6,0.7702506632271113,0.9859719438877755,0.0,0.0,0.49498997995991983,0.9859719438877755,0.14690406573702866,0.33869709044390506
68127,7,0.6930937973844116,0.9739478957915831,0.0,0.0,0.9899799599198397,0.9799599198396793,-0.051220846891941396,0.280043934787981
68173,0,0.6741736138322467,0.9959919839679359,0.0,1.0,0.6753507014028056,0.9178356713426854,0.15086010578669098,0.34392282457451673
68173,1,0.5260566395288474,0.685370741482966,0.0,0.0,0.218436873747495,0.5270541082164328,0.15198707452655144,0.37401405139582256
68173,2,0.5871656852538876,0.8577154308617234,0.0,0.0,0.7555110220440882,0.6773547094188377,-0.0878872586361152,0.33025388814684115
68173,3,0.6397219846780837,0.9519038076152304,0.0,0.0,0.627254509018036,0.8256513026052105,-0.04429761968552296,0.3494235515545787
68173,4,0.5409862257482289,0.7935871743486974,0.0,0.0,0.49899799599198397,0.5771543086172345,-0.2910201120587547,0.3626372183887539
68173,5,0.6902478536592491,0.9899799599198397,0.0,0.0,0.33266533066132264,0.9979959919839679,-0.031373634553333446,0.24005928145193
68173,6,0.5365105879091692,0.7474949899799599,0.0,0.0,0.5971943887775552,0.657314629258517,-0.081262596840212,0.3948822049232179
68173,7,0.6155120318301965,0.8316633266533067,0.0,0.0,0.6352705410821643,0.5230460921843687,-0.030636908427026044,0.3730497960770525
68193,0,0.6403272806396114,0.9559118236472945,0.0,0.0,0.8937875751503006,0.6933867735470942,-0.0184463241729445,0.3297754137674461
68193,1,0.6371395651546687,0.9719438877755511,0.0,0.0,0.9679358717434869,0.717434869739479,0.171537702668064,0.20103493971883438
68193,2,0.6746132477818041,1.0,1.0,1.0,0.9839679358717435,0.7214428857715431,0.10293669173686347,0.22831513780600318
68193,3,0.5580967749494112,0.8837675350701403,0.0,0.0,0.7274549098196392,0.6012024048096193,0.23637861416747746,0.2079334875476935
68193,4,0.6786744169398244,0.9679358717434869,0.0,0.0,0.9338677354709419,0.46292585170340683,0.1345606606592068,0.280958369165787
68193,5,0.6747127024653548,0.9739478957915831,0.0,0.0,0.9679358717434869,0.7835671342685371,-0.07722878502332611,0.1536292927494117
68193,6,0.5280468993150611,0.905811623246493,0.0,0.0,0.8717434869739479,0.655310621242485,0.11872158925882555,0.2995383763966226
68193,7,0.5518251527661492,0.9418837675350702,0.0,0.0,0.9619238476953907,0.6913827655310621,0.09181259272758158,0.21930056753609575
68287,0,0.6404724572260351,0.9879759519038076,0.0,0.0,0.8316633266533067,0.9819639278557114,0.03267750434498774,0.2516523677574659
68287,1,0.608379485562562,0.9138276553106213,0.0,0.0,0.46292585170340683,0.9619238476953907,-0.17648274284875132,0.20139471194648323
68287,2,0.6616421308057001,0.9759519038076152,0.0,0.0,0.7715430861723447,0.9819639278557114,-0.049170261400548546,0.2214136859815263
68287,3,0.5762963109766805,0.9118236472945892,0.0,0.0,0.6032064128256514,0.969939879759519,-0.07825457095950245,0.19418353987783463
68287,4,0.6135033951466253,0.8356713426853707,0.0,0.0,0.87374749498998,0.9238476953907816,0.05545434984482391,0.22621343728902382
68287,5,0.61490014476034,0.8096192384769539,0.0,0.0,0.6232464929859719,0.9519038076152304,-0.045814484009844905,0.2703537109787081
68287,6,0.6274629034236474,0.8176352705410822,0.0,0.0,0.533066132264529,0.9859719438877755,-0.04545425698135552,0.20161402407798532
68287,7,0.6166709539418804,0.9719438877755511,0.0,0.0,0.8016032064128257,0.9979959919839679,-0.11590530288993738,0.243413325998973
68394,0,0.5740426348998492,0.533066132264529,0.0,0.0,0.533066132264529,0.9599198396793587,0.050987340638873876,0.48455459890624786
68394,1,0.519206844063953,0.43887775551102204,0.0,0.0,0.42084168336673344,0.5531062124248497,-0.007292735499323123,0.41439549556038047
68394,2,0.5895529289139716,0.8296593186372746,0.0,0.0,0.6633266533066132,0.6432865731462926,-0.34522698712759187,0.4434852754137563
68394,3,0.5847102175376794,0.905811623246493,0.0,0.0,0.685370741482966,0.8977955911823647,-0.12879867444674462,0.4098119227255125
68394,4,0.5398209750726428,0.8196392785571143,0.0,0.0,0.2605210420841683,0.9458917835671342,-0.09452884997217693,0.3964176189914575
68394,5,0.5747959320870124,0.8797595190380761,0.0,0.0,0.6673346693386774,0.9318637274549099,-0.22578416420941377,0.3818497902982988
68394,6,0.6332966779668583,0.9118236472945892,0.0,0.0,0.6813627254509018,0.9939879759519038,-0.0195608616931478,0.39701756631159235
68394,7,0.5272930738182647,0.7434869739478958,0.0,0.0,0.6933867735470942,0.9879759519038076,-0.07099654612518812,0.39568022695167326
68473,0,0.43366170186535247,0.9759519038076152,0.0,0.0,0.9979959919839679,0.02404809619238477,0.03836009968317199,0.15975603383945475
68473,1,0.6990171412347546,1.0,1.0,1.0,1.0,0.06813627254509018,0.022145354243844888,0.13562521028134888
68473,2,0.6319174778499296,0.9919839679358717,0.0,1.0,0.9959919839679359,0.01603206412825651,0.025704075473784102,0.170288839663835
68473,3,0.6646695308632027,0.9919839679358717,0.0,1.0,1.0,0.018036072144288578,-0.060597852182726224,0.16018731130893976
68473,4,0.5700807104122325,0.9939879759519038,0.0,1.0,1.0,0.008016032064128256,0.10404411240811326,0.18614837354349678
68473,5,0.5874516304704588,0.9679358717434869,0.0,0.0,1.0,0.05811623246492986,0.0021901559379563463,0.15835014115579307
68473,6,0.5953291097744405,0.9679358717434869,0.0,0.0,1.0,0.008016032064128256,0.05336326070803087,0.17518968869605958
68473,7,0.6488264022076985,0.9879759519038076,0.0,0.0,0.9098196392785571,0.02404809619238477,-0.0033702167431746044,0.15421991174983093
68532,0,0.383890985677373,0.06212424849699399,0.0,0.0,0.9819639278557114,0.6292585170340681,0.26429914549708,0.33121730818665446
68532,1,0.39545494439053813,0.3727454909819639,0.0,0.0,0.6112224448897795,0.7675350701402806,-0.12282512400042164,0.3382922968263986
68532,2,0.4003802784101802,0.16633266533066132,0.0,0.0,0.9258517034068137,0.6112224448897795,0.05304520657123458,0.27310425008187583
68532,3,0.4088554391178205,0.6893787575150301,0.0,0.0,0.8517034068136272,0.7134268537074149,-0.11045701944843639,0.17167791588561682
68532,4,0.47002272562842506,0.22444889779559118,0.0,0.0,0.8396793587174348,0.8076152304609219,0.21128446893427916,0.43423447862531206
68532,5,0.34905325284587796,0.13026052104208416,0.0,0.0,0.7334669338677354,0.6593186372745491,0.11859527150683839,0.30946890234481533
68532,6,0.4710955188969803,0.4849699398797595,0.0,0.0,0.6372745490981964,0.7935871743486974,-0.0529132836619213,0.19409826056057358
68532,7,0.35772705431948537,0.07414829659318638,0.0,0.0,0.8496993987975952,0.5951903807615231,0.28723690431906984,0.3485838849896714
68553,0,0.6371700272305576,0.9919839679358717,0.0,1.0,0.9979959919839679,1.0,0.09351162277755073,0.30536700506836617
68553,1,0.6165521141447703,0.9879759519038076,0.0,0.0,0.7995991983967936,0.9939879759519038,0.1393170024410603,0.31666098103722684
68553,2,0.5694411594885816,0.9719438877755511,0.0,0.0,0.905811623246493,0.9919839679358717,0.07885290225797267,0.36086907521253697
68553,3,0.6590057674633006,1.0,1.0,1.0,0.751503006012024,0.9498997995991983,-0.13794287914489053,0.34485344852219435
68553,4,0.6361055728838707,0.9739478957915831,0.0,0.0,0.42084168336673344,0.8777555110220441,0.15718529285240124,0.37664732960484254
68553,5,0.5909464670447058,0.9979959919839679,0.0,1.0,0.5350701402805611,1.0,-0.11784139564914414,0.2512104039144737
68553,6,0.5875161140318148,0.9659318637274549,0.0,0.0,0.5951903807615231,0.9018036072144289,0.026811076361059595,0.3232368428301159
68553,7,0.6987193670128632,0.9939879759519038,0.0,1.0,0.4789579158316633,0.9599198396793587,-0.14321604011027933,0.36338264556404054
68819,0,0.6121620075829668,0.9759519038076152,0.0,0.0,0.8657314629258517,0.9759519038076152,0.16744702905980355,0.24639820835285395
68819,1,0.5732728549052079,0.9278557114228457,0.0,0.0,0.6693386773547094,0.9238476953907816,-0.11567509721770114,0.3225132149775293
68819,2,0.6064064856603186,0.9799599198396793,0.0,0.0,0.9579158316633266,0.9679358717434869,0.1665275926081098,0.3227390820167112
68819,3,0.6666670243667122,0.9819639278557114,0.0,0.0,0.9238476953907816,0.935871743486974,0.17400048266047954,0.30086573022004076
68819,4,0.6305647499109869,0.9799599198396793,0.0,0.0,0.9198396793587175,0.9899799599198397,0.056248091673971434,0.3241704867071625
68819,5,0.7212553136849189,0.9979959919839679,0.0,1.0,0.7735470941883767,0.9859719438877755,-0.27802086831139855,0.3052782532798322
68819,6,0.6524700169849866,0.9959919839679359,0.0,1.0,0.9679358717434869,0.9879759519038076,0.13004415018213691,0.30402461043072276
68819,7,0.6900340544811938,0.9899799599198397,0.0,0.0,0.843687374749499,0.969939879759519,0.028951098769788217,0.2857496607453789
69085,0,0.7854483570185539,0.9839679358717435,0.0,0.0,0.9859719438877755,0.9639278557114228,-0.14529270742522388,0.48571785034530496
69085,1,0.7578319408700179,0.9779559118236473,0.0,0.0,0.9719438877755511,0.9599198396793587,0.06241950028675899,0.5011314439266873
69085,2,0.7385472256928771,0.9779559118236473,0.0,0.0,0.9739478957915831,0.6633266533066132,0.22051966935834477,0.47197458868101266
69085,3,0.7786840378293831,0.9839679358717435,0.0,0.0,0.9639278557114228,0.9659318637274549,-0.07113810716139601,0.44159290897074144
69085,4,0.7889754898316785,0.9859719438877755,0.0,0.0,0.8296593186372746,0.9559118236472945,-0.3350183726965049,0.43375659374296155
69085,5,0.7610943518442008,0.9839679358717435,0.0,0.0,0.9418837675350702,0.7294589178356713,0.029031449479346473,0.46218436530976814
69085,6,0.7715026986242002,0.9839679358717435,0.0,0.0,0.9138276553106213,0.8176352705410822,0.1534381484388403,0.4688594990357289
69085,7,0.7406011705485762,0.9719438877755511,0.0,0.0,0.9498997995991983,0.9038076152304609,-0.3227126436173798,0.45504920523722225
69087,0,0.7139585020422925,1.0,1.0,1.0,0.9158316633266533,0.9959919839679359,-0.025527278414939715,0.11799139055883401
69087,1,0.6600170820581818,1.0,1.0,1.0,0.9659318637274549,0.9979959919839679,0.07178746711164836,0.13968211560109411
69087,2,0.6917359846363581,0.9799599198396793,0.0,0.0,0.969939879759519,0.9979959919839679,0.011985665099549523,0.10045294495724318
69087,3,0.6654276991629255,0.9919839679358717,0.0,1.0,0.9819639278557114,1.0,-0.10135096051053384,0.1218864260651838
69087,4,0.5828774298927017,0.9979959919839679,0.0,1.0,0.8396793587174348,1.0,-0.0009593697719534392,0.14752256295121513
69087,5,0.6123673576973521,0.9919839679358717,0.0,1.0,0.9939879759519038,0.9899799599198397,0.03143428898262777,0.15662213567532174
69087,6,0.6368810437053625,1.0,1.0,1.0,0.9899799599198397,1.0,-0.04328835084355858,0.1483945177932892
69087,7,0.6348096370131577,0.9919839679358717,0.0,1.0,0.9899799599198397,0.9959919839679359,0.15035891449773678,0.1688791902839655
69137,0,0.658618633372628,0.9899799599198397,0.0,0.0,0.591182364729459,0.9819639278557114,0.09281815344225793,0.22858127859974925
69137,1,0.5774393828717282,0.8897795591182365,0.0,0.0,0.8917835671342685,0.9478957915831663,0.2762163980351433,0.2920870416505377
69137,2,0.6276442019989388,0.9839679358717435,0.0,0.0,0.9819639278557114,0.9779559118236473,0.06099039909460922,0.2614687258559444
69137,3,0.5076610476633379,0.8937875751503006,0.0,0.0,0.9539078156312625,0.9338677354709419,0.5004980070743872,0.2825147731065074
69137,4,0.6382572744938994,1.0,1.0,1.0,0.9879759519038076,0.9839679358717435,0.28783745913869796,0.20888526999347695
69137,5,0.5575971980358663,0.9839679358717435,0.0,0.0,0.9679358717434869,0.9759519038076152,0.06712271013312758,0.22466324873908064
69137,6,0.6287079490979798,0.9559118236472945,0.0,0.0,0.9779559118236473,0.9859719438877755,0.25593853864446775,0.24791065823667446
69137,7,0.6045795317580196,0.9579158316633266,0.0,0.0,0.9619238476953907,0.9398797595190381,0.31989245585987863,0.2956335622219454
69462,0,0.7507946159751167,0.9839679358717435,0.0,0.0,0.8717434869739479,0.9498997995991983,0.09520615888799748,0.23927714149089788
69462,1,0.5384811472190849,0.9458917835671342,0.0,0.0,0.7875751503006012,0.9579158316633266,0.26275040771427466,0.27701911087494047
69462,2,0.7417213182999096,0.9799599198396793,0.0,0.0,0.7234468937875751,0.8356713426853707,-0.13975783294042177,0.22322320037961435
69462,3,0.6888432306279223,0.9478957915831663,0.0,0.0,0.9218436873747495,0.9539078156312625,-0.16517043400381431,0.2067860193046916
69462,4,0.7117792790926047,0.9719438877755511,0.0,0.0,0.7014028056112225,0.9438877755511023,0.21726617976738932,0.27991516991763493
69462,5,0.7385685837216054,0.9859719438877755,0.0,0.0,0.9979959919839679,0.9759519038076152,0.3271574001304955,0.26766676613998475
69462,6,0.6809353819756712,0.9539078156312625,0.0,0.0,0.8236472945891784,0.9759519038076152,0.09208376996573041,0.2120181725829046
69462,7,0.678885482539647,0.9619238476953907,0.0,0.0,0.9719438877755511,0.9799599198396793,0.1530958516003931,0.2416634335135412
69641,0,0.8417151751471162,0.9759519038076152,0.0,0.0,0.4288577154308617,0.2985971943887776,0.1395173745597273,0.04060243865704966
69641,1,0.8989997109629656,1.0,1.0,1.0,0.9919839679358717,1.0,0.0719909174565895,0.040456854475094596
69641,2,0.8400529224983051,0.9819639278557114,0.0,0.0,0.16032064128256512,0.6092184368737475,0.1325591095269279,0.04440542517041971
69641,3,0.8873843420365253,1.0,1.0,1.0,0.9679358717434869,0.9959919839679359,0.1238711294200883,0.040146037540423694
69641,4,0.8574192730684754,0.9819639278557114,0.0,0.0,0.4148296593186373,0.5771543086172345,0.2025688534191434,0.040730470045112495
69641,5,0.8639201559805281,0.9879759519038076,0.0,0.0,0.3587174348697395,0.7074148296593187,0.23185257925976355,0.0460923018434389
69641,6,0.8685138164530597,0.9979959919839679,0.0,1.0,0.9318637274549099,0.9959919839679359,-0.08806435818678052,0.03824575713857873
69641,7,0.8663024954077155,0.9919839679358717,0.0,1.0,0.5951903807615231,0.5110220440881763,0.23436712020137696,0.04024199297173079
70279,0,0.5661229797803001,0.7915831663326653,0.0,0.0,0.8196392785571143,0.9759519038076152,0.02746345965818179,0.4475206007794104
70279,1,0.5183479268407267,0.9238476953907816,0.0,0.0,0.8336673346693386,0.9679358717434869,0.17694429311327092,0.3515832112631447
70279,2,0.5005867325705251,0.533066132264529,0.0,0.0,0.9799599198396793,0.8396793587174348,-0.13876492120786385,0.4265862740394729
70279,3,0.43102369359783993,0.8517034068136272,0.0,0.0,0.9639278557114228,0.6593186372745491,0.09060873761590335,0.46030304163271185
70279,4,0.5307215826695078,0.8917835671342685,0.0,0.0,0.9959919839679359,0.9378757515030061,0.11213703836028133,0.42710994988118706
70279,5,0.5749994938201302,0.5270541082164328,0.0,0.0,0.9979959919839679,0.9378757515030061,-0.030212145827112135,0.42135022470210426
70279,6,0.5169459511642565,0.657314629258517,0.0,0.0,0.9819639278557114,0.9498997995991983,-0.005849604361603782,0.3909174996590003
70279,7,0.5626921638289333,0.9078156312625251,0.0,0.0,0.9719438877755511,0.8997995991983968,0.26095927112769784,0.5299460386317867
70372,0,0.5890148852118378,0.905811623246493,0.0,0.0,0.5891783567134269,0.6593186372745491,0.07878211560617872,0.3586907056879313
70372,1,0.6483906332015191,0.935871743486974,0.0,0.0,0.561122244488978,0.6352705410821643,-0.3976931476244854,0.563675023993469
70372,2,0.6288443703097617,0.9779559118236473,0.0,0.0,0.5991983967935872,0.6613226452905812,-0.019892353880040712,0.43429737054853984
70372,3,0.6954545528558829,1.0,1.0,1.0,0.8136272545090181,0.9819639278557114,0.08977684003379661,0.3240735233413886
70372,4,0.3505531525968639,0.9639278557114228,0.0,0.0,0.6793587174348698,0.5270541082164328,0.11975868894944304,0.2190708725289448
70372,5,0.6083275536479279,0.8817635270541082,0.0,0.0,0.5571142284569138,0.6092184368737475,-0.21569913104902497,0.4263587094304467
70372,6,0.5577257900082332,0.9559118236472945,0.0,0.0,0.3346693386773547,0.503006012024048,-0.022419038499991755,0.3018173660252385
70372,7,0.6515672906048753,0.9599198396793587,0.0,0.0,0.48697394789579157,0.49298597194388777,0.10219010903346103,0.38389020965757176
70496,0,0.5660882892096405,0.7615230460921844,0.0,0.0,0.7775551102204409,0.3807615230460922,0.12228796861114709,0.3563297837002335
70496,1,0.6730926859315853,0.9939879759519038,0.0,1.0,0.9579158316633266,0.9138276553106213,0.011379422046503647,0.24653247285468421
70496,2,0.6939980537762036,0.9899799599198397,0.0,0.0,0.9218436873747495,0.9619238476953907,0.17252224626788842,0.27016423716095184
70496,3,0.5471363913328031,0.9899799599198397,0.0,0.0,0.6352705410821643,0.6432865731462926,0.1546339172016645,0.2655508484066434
70496,4,0.7623563461268335,0.9979959919839679,0.0,1.0,0.9799599198396793,0.9979959919839679,0.10141446167694591,0.2918147409881139
70496,5,0.6797366555849976,0.9919839679358717,0.0,1.0,0.9779559118236473,0.687374749498998,0.025917158783615883,0.3147399321632255
70496,6,0.724155532379176,0.9959919839679359,0.0,1.0,0.8657314629258517,0.9278557114228457,0.13506529592947275,0.30328607326572227
70496,7,0.6623471858495913,1.0,1.0,1.0,0.9178356713426854,0.9519038076152304,0.042314910566338834,0.2495016008850892
70765,0,0.7142690699408787,1.0,1.0,1.0,0.7154308617234469,0.7294589178356713,-0.075013144649392,0.3177587072642909
70765,1,0.6874595218533935,0.9759519038076152,0.0,0.0,0.9959919839679359,0.8216432865731463,0.04064035492730212,0.36154607658262583
70765,2,0.6578402109195783,0.9238476953907816,0.0,0.0,0.9278557114228457,0.7675350701402806,0.12491161024151559,0.2921263673292944
70765,3,0.6035981820737972,0.8797595190380761,0.0,0.0,0.9799599198396793,0.8597194388777555,-0.08101444094088946,0.3226610050645713
70765,4,0.6786134431031495,0.9799599198396793,0.0,0.0,0.9899799599198397,0.6973947895791583,0.13094748035003814,0.3869718551012643
70765,5,0.6563724398823537,0.9779559118236473,0.0,0.0,0.9939879759519038,0.5991983967935872,0.050030722918091984,0.3121003431716194
70765,6,0.6515353387601537,0.9378757515030061,0.0,0.0,0.5771543086172345,0.6152304609218436,0.1629534842076348,0.38570111017207465
70765,7,0.6796185994452857,0.9899799599198397,0.0,0.0,0.9959919839679359,0.7014028056112225,0.0934154033545235,0.3389529086249737
71264,0,0.5855397002685279,0.7234468937875751,0.0,0.0,0.9378757515030061,0.9979959919839679,-0.103608294389234,0.30565957090991835
71264,1,0.5187071216105442,0.7474949899799599,0.0,0.0,0.9839679358717435,0.9899799599198397,0.014636451997085853,0.25581850204909784
71264,2,0.6384683010022832,0.8597194388777555,0.0,0.0,0.7454909819639278,0.9939879759519038,-0.20211921461678134,0.26595035677478485
71264,3,0.5911257591775702,0.7214428857715431,0.0,0.0,0.875751503006012,0.9859719438877755,-0.0662169758550906,0.28503459323269087
71264,4,0.6420502490652796,0.7394789579158316,0.0,0.0,0.8396793587174348,0.9919839679358717,-0.03300981214862796,0.25571667692121786
71264,5,0.5063767242485544,0.6312625250501002,0.0,0.0,0.8156312625250501,0.935871743486974,-0.03239495281152782,0.21855220186223434
71264,6,0.5945009409654436,0.811623246492986,0.0,0.0,0.8937875751503006,0.9959919839679359,-0.049492270132790735,0.22318439415883112
71264,7,0.6153711902352295,0.7575150300601202,0.0,0.0,0.9639278557114228,0.9839679358717435,0.07121371746464136,0.3344198697430068
71624,0,0.4689189871066497,0.8597194388777555,0.0,0.0,0.9539078156312625,0.9519038076152304,-0.04147083285617967,0.29083335646432507
71624,1,0.589956590327631,0.9278557114228457,0.0,0.0,0.9839679358717435,0.9799599198396793,0.2160962170162235,0.2796157433740656
71624,2,0.48230295041750204,0.6492985971943888,0.0,0.0,0.5170340681362725,0.9719438877755511,-0.03189578197338804,0.2869783265054343
71624,3,0.5157864754319949,0.7735470941883767,0.0,0.0,0.6332665330661322,0.9559118236472945,0.11594033383602077,0.2159019786220938
71624,4,0.5190597409949423,0.7715430861723447,0.0,0.0,0.8136272545090181,0.9659318637274549,0.14274550848072803,0.2620773437019051
71624,5,0.4631215078454163,0.7394789579158316,0.0,0.0,0.9519038076152304,0.9719438877755511,0.2284612948559318,0.29282323773644414
71624,6,0.5668887087340573,0.9298597194388778,0.0,0.0,0.87374749498998,0.9879759519038076,0.21512433389500626,0.2942680548423819
71624,7,0.5817158675698676,0.8857715430861723,0.0,0.0,0.9879759519038076,0.9779559118236473,-0.07281558480143056,0.2239091660514405
71735,0,0.8242069171692317,0.9899799599198397,0.0,0.0,0.969939879759519,0.9919839679358717,0.09052314763414862,0.5211458051504534
71735,1,0.8206255782916283,0.9859719438877755,0.0,0.0,0.9859719438877755,0.9979959919839679,0.170721640578082,0.4901627602208988
71735,2,0.7409131577135963,0.9619238476953907,0.0,0.0,0.9899799599198397,0.9859719438877755,0.27416632410845715,0.4972280734205105
71735,3,0.8076277547833429,0.9799599198396793,0.0,0.0,0.9859719438877755,1.0,0.0989259308050149,0.49882923955699826
71735,4,0.8251496252475787,0.9839679358717435,0.0,0.0,0.9899799599198397,1.0,-0.10957307888397906,0.5292290220047194
71735,5,0.836878871964817,0.9899799599198397,0.0,0.0,0.9799599198396793,0.9979959919839679,0.2272138401523884,0.567886178277693
71735,6,0.8401065199943702,0.9979959919839679,0.0,1.0,1.0,1.0,-0.038501476547633876,0.3985011953102839
71735,7,0.7642720147596038,0.9659318637274549,0.0,0.0,0.9498997995991983,0.9599198396793587,0.18861153386904858,0.46525653531468025
72089,0,0.6028706189403498,0.8697394789579158,0.0,0.0,0.4649298597194389,0.13627254509018036,0.12943816191734775,0.11992328439254894
72089,1,0.6352716742376021,0.8476953907815631,0.0,0.0,0.16633266533066132,0.1903807615230461,-0.08838351879729818,0.20314988079785207
72089,2,0.6322566925665667,0.8877755511022044,0.0,0.0,0.24649298597194388,0.156312625250501,0.04945079945882784,0.1171262225411458
72089,3,0.6227528016114252,0.8356713426853707,0.0,0.0,0.6152304609218436,0.18036072144288579,0.18557288988950402,0.17160975399022155
72089,4,0.5593422166417366,0.7935871743486974,0.0,0.0,0.7014028056112225,0.2865731462925852,0.21899915845003803,0.15804330412057263
72089,5,0.5903418241277039,0.8416833667334669,0.0,0.0,0.7294589178356713,0.20040080160320642,0.06574241374475617,0.1931150623651837
72089,6,0.6712749560503406,0.8837675350701403,0.0,0.0,0.5891783567134269,0.18637274549098196,0.14285899194677393,0.16781994796761976
72089,7,0.5243217477633879,0.8156312625250501,0.0,0.0,0.30861723446893785,0.2985971943887776,-0.03396146890549437,0.20064681182906116
72151,0,0.8570827404333478,0.9959919839679359,0.0,1.0,0.9959919839679359,0.9939879759519038,-0.13162849374727978,0.4623190383387647
72151,1,0.8251250799821457,0.9959919839679359,0.0,1.0,0.9979959919839679,0.40080160320641284,0.2002448650508821,0.48198791530357293
72151,2,0.8723013687540426,0.9979959919839679,0.0,1.0,0.9899799599198397,0.9939879759519038,0.01275925308062676,0.4790590580998931
72151,3,0.8463913501753415,0.9979959919839679,0.0,1.0,0.9899799599198397,0.9679358717434869,-0.026152284748545973,0.4224099003647753
72151,4,0.7863507904131946,0.9919839679358717,0.0,1.0,0.9939879759519038,0.9979959919839679,0.045030452631414745,0.4673486674141484
72151,5,0.898137964272147,1.0,1.0,1.0,1.0,0.9959919839679359,0.03693036061438611,0.5036636637489478
72151,6,0.863975693117184,0.9979959919839679,0.0,1.0,0.9919839679358717,0.9338677354709419,-0.015106773329882209,0.3411396433810044
72151,7,0.8111614551402038,0.9899799599198397,0.0,0.0,1.0,0.9579158316633266,0.18624190914778135,0.41206356303600034
72389,0,0.5620549600024164,0.9719438877755511,0.0,0.0,0.9599198396793587,0.9599198396793587,-0.12264213713291953,0.22270589575753585
72389,1,0.5498586249244228,0.9318637274549099,0.0,0.0,0.9839679358717435,0.9899799599198397,0.09626554808551041,0.24762794857570714
72389,2,0.5837609898030531,0.8937875751503006,0.0,0.0,1.0,0.9859719438877755,0.060430644682512046,0.20486217222608383
72389,3,0.5997387381182046,0.9899799599198397,0.0,0.0,0.9619238476953907,0.9879759519038076,-0.046973424890847326,0.25711402249474447
72389,4,0.5018851763592487,0.3967935871743487,0.0,0.0,0.8937875751503006,0.9919839679358717,0.1306441027868626,0.20819914749249854
72389,5,0.48056949284106265,0.39879759519038077,0.0,0.0,0.9238476953907816,0.8697394789579158,-0.03926501189489952,0.22949122251807538
72389,6,0.5268608254053161,0.48697394789579157,0.0,0.0,0.8496993987975952,0.9979959919839679,0.13925155392192606,0.23438377072432187
72389,7,0.4762657108712398,0.46893787575150303,0.0,0.0,0.9198396793587175,0.9659318637274549,-0.10949323482193699,0.20625569051667333
72527,0,0.5248889749987291,0.8176352705410822,0.0,0.0,0.9779559118236473,0.9158316633266533,0.201116543888051,0.33157221249506263
72527,1,0.6557220783453327,0.9198396793587175,0.0,0.0,0.9959919839679359,0.2565130260521042,0.4041960394402443,0.3521148431704927
72527,2,0.6779612076185845,0.9759519038076152,0.0,0.0,0.9759519038076152,1.0,0.2674530483625536,0.3614138583333525
72527,3,0.6320142226132385,0.9519038076152304,0.0,0.0,0.9639278557114228,0.9759519038076152,0.25970324090560204,0.3646445727006228
72527,4,0.602090438306588,0.8517034068136272,0.0,0.0,0.9939879759519038,0.2745490981963928,0.43821053308410024,0.3705002617644213
72527,5,0.584444398644711,0.8216432865731463,0.0,0.0,0.9318637274549099,0.31462925851703405,0.16279951746982083,0.32470035606019587
72527,6,0.5773865789157362,0.655310621242485,0.0,0.0,0.9959919839679359,0.6192384769539078,0.3823685548057845,0.37621390523869597
72527,7,0.5514150260099586,0.8256513026052105,0.0,0.0,0.969939879759519,0.9118236472945892,0.4073818637657141,0.3260305181272
