method,image_id,candidate_index,uses_ground_truth,diagnostic_only,deployable,ranking_scores
C-selected,95,4,False,False,True,"[0.8546272019484832, 0.8355807222003435, 0.8376223315577211, 0.847896663972719, 0.8796814635873269, 0.8544267732594468, 0.8482746274486599, 0.8546600904962001]"
C-selected,204,0,False,False,True,"[0.7962087032449283, 0.692469940403512, 0.6961849442510186, 0.7804629990676515, 0.7756414294809035, 0.7286302598598996, 0.736900042370064, 0.7624879012936632]"
C-selected,318,7,False,False,True,"[0.6672161245518001, 0.7387202003408964, 0.6752774141152236, 0.7498224735308623, 0.7233441147612858, 0.7017729753973672, 0.7046132589864886, 0.7691944043845249]"
C-selected,356,1,False,False,True,"[0.6687739822272921, 0.793557314678508, 0.7886801166401399, 0.7172573027369766, 0.7730938089890426, 0.6590617824121262, 0.6754792628034048, 0.7583337822754241]"
C-selected,425,2,False,False,True,"[0.7005021811108212, 0.7841402021471613, 0.7971583394473802, 0.7627921338013668, 0.7589031939800066, 0.6809543932277482, 0.7477619986044525, 0.7653882628661359]"
C-selected,458,3,False,False,True,"[0.6600310276566744, 0.7570509864249212, 0.7366049985328705, 0.8014753647841539, 0.7221912437683973, 0.7931715063118389, 0.7726321249508419, 0.6943461090542947]"
C-selected,637,2,False,False,True,"[0.5044384230122265, 0.6016034541691939, 0.7600607979302121, 0.5901948762517276, 0.6751677128771085, 0.6904074345732729, 0.5695278030631663, 0.6497497591490811]"
C-selected,709,2,False,False,True,"[0.7165303742188633, 0.7201790713588263, 0.748368943738239, 0.6890750694098393, 0.7193520849116709, 0.7354903175150653, 0.7282080560817573, 0.6823380249402767]"
C-selected,868,6,False,False,True,"[0.6476785285694402, 0.6150473629513307, 0.6922072413210196, 0.6269897926910946, 0.6198969958459739, 0.6262193387315784, 0.719978613348822, 0.5857595060873657]"
C-selected,1015,4,False,False,True,"[0.7442255448614132, 0.7009091937180957, 0.7365217412966829, 0.7176233805780659, 0.7877762597818023, 0.7378257065302307, 0.7527889240353356, 0.6608994511477748]"
C-selected,1288,2,False,False,True,"[0.7044419208186811, 0.7882566858121212, 0.8379772628789475, 0.7763654826685632, 0.7952012683539569, 0.7819823410087494, 0.7419183050857969, 0.7729789877952151]"
C-selected,1589,3,False,False,True,"[0.709039969035206, 0.708474184452463, 0.750201708471545, 0.7911402907978304, 0.7243749011620834, 0.691993315537339, 0.7531345130133842, 0.6892381119652187]"
C-selected,1744,1,False,False,True,"[0.7619047817704792, 0.8008309437059102, 0.7040499950822556, 0.6924089931285329, 0.7644259869773735, 0.6432454538111585, 0.7027519615538242, 0.6903246182223528]"
C-selected,1818,4,False,False,True,"[0.6459880747424354, 0.6811501652100063, 0.7165715845755927, 0.7302720945690911, 0.779949821845932, 0.7617017224700051, 0.6652958136312352, 0.7523188493412121]"
C-selected,2070,3,False,False,True,"[0.552046230169887, 0.603386963696576, 0.637445921847918, 0.7063970312621075, 0.6479714415260799, 0.6268573380117576, 0.592672469605438, 0.6095170281662928]"
C-selected,2125,3,False,False,True,"[0.7162972037677449, 0.651714739884, 0.712771555139619, 0.7905516194422066, 0.7369418966750069, 0.5950249154638949, 0.6383665371057519, 0.6903736783197745]"
C-selected,2327,6,False,False,True,"[0.6645250643500074, 0.6769959107001009, 0.7358894797322046, 0.7319489408734117, 0.7042042892375209, 0.6451893651042806, 0.7708533634001489, 0.7245139490903623]"
C-selected,2737,7,False,False,True,"[0.8627311377240603, 0.8851239862163769, 0.8577931837100214, 0.8483955751251222, 0.7749830493443375, 0.8713361574851053, 0.8829646094675243, 0.8928242616535429]"
C-selected,2795,4,False,False,True,"[0.8270877047879492, 0.7880592770580847, 0.8022600096256743, 0.8124574961016005, 0.8309094564029988, 0.8071956732342785, 0.8245536095677328, 0.784839191432915]"
C-selected,2980,7,False,False,True,"[0.8914982485464911, 0.8962540443456295, 0.899123194222099, 0.9005141298764343, 0.9019841270881002, 0.8929853065168447, 0.9105488205078507, 0.9105728542083664]"
C-selected,3338,1,False,False,True,"[0.7212658246710886, 0.7696492778607696, 0.5986636393694356, 0.7069104753305842, 0.6724100118504482, 0.661431706844678, 0.7035866923607904, 0.6224061456015368]"
C-selected,3344,4,False,False,True,"[0.6206412946861023, 0.6344030353470241, 0.5799236601411826, 0.6222632584889554, 0.6966442897217713, 0.6552380968214929, 0.6320314535344379, 0.6003107679690962]"
C-selected,3368,3,False,False,True,"[0.7007334634989014, 0.7450688421425153, 0.7241274320772808, 0.7813995117377892, 0.7312723526537037, 0.7155144023693117, 0.7112755132702246, 0.7567744977106442]"
C-selected,3731,1,False,False,True,"[0.6406904443284709, 0.7532408702795403, 0.6965284745602193, 0.6469966505932907, 0.6836642592953746, 0.6742557093185625, 0.6944488151218902, 0.7363059146767257]"
C-selected,3803,3,False,False,True,"[0.6240574888349879, 0.5290831016520411, 0.6364650976105393, 0.7431842083616056, 0.7009574135207282, 0.6873406217106248, 0.7201389533041512, 0.7264223163650185]"
C-selected,4292,5,False,False,True,"[0.6157760629849014, 0.7010711645888545, 0.5841695203070435, 0.6669645736016928, 0.6708708192417274, 0.7068423192029092, 0.6622350803802891, 0.7014632228689235]"
C-selected,4409,6,False,False,True,"[0.5253478258525223, 0.7134849310605496, 0.5719040351461884, 0.6735131927757665, 0.6563753994637205, 0.6434900383389921, 0.7188733701096677, 0.623908895577575]"
C-selected,4476,2,False,False,True,"[0.7179551010849632, 0.705409538626721, 0.7761068348902211, 0.6614774742601358, 0.5480062716269569, 0.7671771442611863, 0.6789536609122672, 0.7353925975088669]"
C-selected,4509,7,False,False,True,"[0.7580912064764722, 0.7056991936179328, 0.7434436791503335, 0.714855948202786, 0.7713150712647874, 0.7759372757917409, 0.7330633468109409, 0.7940515791301861]"
C-selected,4927,3,False,False,True,"[0.6709032457554851, 0.736983322772347, 0.7172412706677813, 0.7510790525223836, 0.6080879349096242, 0.6565586439905575, 0.7006818765331775, 0.7013486197713756]"
C-selected,4967,1,False,False,True,"[0.8228599213073595, 0.8594387374771324, 0.8249392661262922, 0.8226375273900512, 0.807802243915271, 0.8233438150862138, 0.8184419495217441, 0.8318055123836567]"
C-selected,5340,4,False,False,True,"[0.7444506501508641, 0.7963995822166681, 0.634470258924356, 0.7531900147699977, 0.8038461753104518, 0.7162529628419486, 0.7404942443770538, 0.707073757491997]"
C-selected,5582,2,False,False,True,"[0.7409461110239651, 0.7603467452006721, 0.791809201451051, 0.7200500741192692, 0.778315077944162, 0.786304141787971, 0.7027549071723967, 0.7473007502628976]"
C-selected,5656,4,False,False,True,"[0.7336016171392705, 0.7033425097817483, 0.654482453019089, 0.6688357015791211, 0.7783894905163753, 0.7277305311663522, 0.7509673082244335, 0.7129054211783055]"
C-selected,5683,7,False,False,True,"[0.8010637398486242, 0.7231767749814537, 0.6788054107451387, 0.7964419015744145, 0.7331604699633366, 0.6899625701071532, 0.7350351433242335, 0.8191263502071473]"
C-selected,5790,7,False,False,True,"[0.7739042441323921, 0.7829897827824394, 0.7485791266686123, 0.7228243787680118, 0.7277304992599871, 0.7637663946368273, 0.7101794092982834, 0.7995536314116414]"
C-selected,5929,0,False,False,True,"[0.7501924120288668, 0.7217080184547905, 0.6595897737579404, 0.6970436063389844, 0.717876712147418, 0.6635196587642298, 0.6447663587269659, 0.5203993334957947]"
C-selected,6315,3,False,False,True,"[0.7535935410995386, 0.767437473400781, 0.7322522660089343, 0.7905640413351835, 0.7402810635798354, 0.7764423240275826, 0.6434045168276508, 0.7421713779318277]"
C-selected,6360,0,False,False,True,"[0.7244317471182539, 0.6360522553528556, 0.6578463731586469, 0.7022681030605485, 0.7085384464752256, 0.6342898106448749, 0.5807892923738744, 0.6459419075969599]"
C-selected,6454,2,False,False,True,"[0.7620011361813028, 0.6995241563009875, 0.7999980201509698, 0.7325601198472844, 0.7875674258656886, 0.7068471260307223, 0.7905534017572673, 0.7245663784547353]"
C-selected,6603,4,False,False,True,"[0.7386146716183741, 0.7434835247308172, 0.7734665284195474, 0.7081411577197266, 0.8232243604642777, 0.7224327256579264, 0.7273230696127253, 0.6951187186515895]"
C-selected,6750,0,False,False,True,"[0.773548289573534, 0.7138578948792893, 0.7315332438258846, 0.7444280790045749, 0.7586701179283261, 0.7044543273639248, 0.7129655751184951, 0.7463786211394113]"
C-selected,6759,2,False,False,True,"[0.8650440184856159, 0.8626679478705731, 0.8728069167308354, 0.839096911934871, 0.8570385412722805, 0.8534730964489783, 0.8576752872320411, 0.8295499640805927]"
C-selected,6770,6,False,False,True,"[0.7721567333422037, 0.762748158222432, 0.741872495006522, 0.7903052163809817, 0.784536648842254, 0.767549281524113, 0.8026544834064954, 0.773463044169509]"
C-selected,6991,1,False,False,True,"[0.7011098470098627, 0.7134672367919266, 0.6484727285882945, 0.6848722421701688, 0.6670507815352291, 0.6521805215992761, 0.6381488791378378, 0.6791021075142677]"
C-selected,7306,1,False,False,True,"[0.6894624946150237, 0.7458391238607035, 0.659205713983277, 0.7356155373225566, 0.7228662900768477, 0.7111392152963496, 0.6687706799713591, 0.7152209803384377]"
C-selected,7355,1,False,False,True,"[0.6265080155389016, 0.7201467017479504, 0.7085564698010722, 0.6262728856836586, 0.7068017148923407, 0.600491698015319, 0.6007436408534588, 0.7151660675425193]"
C-selected,7899,6,False,False,True,"[0.6000202196916492, 0.6786602241674355, 0.6483149827568595, 0.7113913256740602, 0.5786514902136487, 0.6888526907725241, 0.7360665345645696, 0.612754976853553]"
C-selected,8061,2,False,False,True,"[0.6656658001110729, 0.5586995761909523, 0.7486321857294019, 0.6984798673260477, 0.653177323142897, 0.6726568779057712, 0.6109634580214294, 0.6542200800466631]"
C-selected,8215,3,False,False,True,"[0.6305973605349923, 0.5794320150848508, 0.5327808181412643, 0.7295234160926136, 0.6819940297490827, 0.6637156870559108, 0.6138533942466378, 0.708190705557203]"
C-selected,8234,7,False,False,True,"[0.7565977017742261, 0.7681067798823803, 0.7921697588667453, 0.6834041979464551, 0.7688302237691903, 0.7432698359797465, 0.7282090011659074, 0.8110709870426708]"
C-selected,8238,4,False,False,True,"[0.7877926271086951, 0.7928634928753949, 0.7805530781288468, 0.7317133952874245, 0.8069915219136383, 0.7054784608983673, 0.7475814690072822, 0.6915469970219558]"
C-selected,8275,6,False,False,True,"[0.76201454133965, 0.7250233344257965, 0.7691424256321493, 0.7663305637969814, 0.772299041900918, 0.7232319549135406, 0.8013395117095176, 0.7446739242652369]"
C-selected,8367,6,False,False,True,"[0.7740057061801539, 0.7595462106166438, 0.7347463159133906, 0.7152173480128987, 0.7472640899829368, 0.7504177536930327, 0.7984453739165884, 0.7586911638095797]"
C-selected,8828,2,False,False,True,"[0.8129563353117818, 0.7933174850774358, 0.8520652636629645, 0.8394577225872022, 0.8291190326845501, 0.8120752530709802, 0.7965252639956764, 0.8310596305035115]"
C-selected,8862,2,False,False,True,"[0.7764116540973977, 0.755579688280317, 0.7767050265811716, 0.7748423431240548, 0.7538782534858386, 0.6949753062058732, 0.757072121459922, 0.6776038163544341]"
C-selected,8926,2,False,False,True,"[0.6708673596044465, 0.6544422498525266, 0.6972545574090154, 0.5844168035399858, 0.6903563115025895, 0.6811254025953528, 0.67818758222644, 0.6054315293587706]"
C-selected,9188,5,False,False,True,"[0.8414544038742573, 0.8360522424005628, 0.8375119679368613, 0.7601387667917963, 0.8371656913724885, 0.8545699754223227, 0.805489778033152, 0.8444113221791689]"
C-selected,9298,5,False,False,True,"[0.6876708571473665, 0.7027491992656878, 0.7401029719435406, 0.7233472730873673, 0.7809159575291411, 0.7944746213227736, 0.7430090225905315, 0.7248167381468644]"
C-selected,9376,3,False,False,True,"[0.8733091774933963, 0.8786061252402696, 0.8337573937398949, 0.8847775935365154, 0.8686777471462714, 0.843204012118707, 0.878529281798944, 0.8715702145967321]"
C-selected,9712,4,False,False,True,"[0.5618261176329933, 0.5994237850980961, 0.626845934359624, 0.5223942882543542, 0.697524414742992, 0.6568158912047468, 0.6806211660526728, 0.6537017432334646]"
C-selected,9877,2,False,False,True,"[0.7991669433027084, 0.7715979793203777, 0.8100458130769606, 0.739213547741982, 0.7615638701879889, 0.737616141479589, 0.7768174648220366, 0.7861136616906874]"
C-selected,10115,3,False,False,True,"[0.6400396688367131, 0.7141165658782467, 0.5230756878807648, 0.7466321510586238, 0.7164121310823564, 0.5673865018563843, 0.7140077675674854, 0.6627702703062406]"
C-selected,10191,0,False,False,True,"[0.8760271569203075, 0.8163141274190044, 0.8642618941847737, 0.8416816968023724, 0.8574968013953865, 0.8011274757941514, 0.8250068138869144, 0.8273865996668643]"
C-selected,10361,5,False,False,True,"[0.6660996047581457, 0.7130485502444472, 0.6965576549558143, 0.7441558139094877, 0.7250982543626703, 0.7586751729852034, 0.7107268800943143, 0.6223444359246408]"
C-selected,10602,2,False,False,True,"[0.8051714192531597, 0.8135324344712593, 0.8250253463456936, 0.8133105346664462, 0.8240360576845749, 0.795501485582998, 0.8183738063412034, 0.8248458368719338]"
C-selected,10622,0,False,False,True,"[0.8098919866265512, 0.7445639968900402, 0.7705961834949504, 0.6925178933283562, 0.751530759631801, 0.7183284456982539, 0.7735457773645913, 0.7494122070112175]"
C-selected,11050,4,False,False,True,"[0.6898380462783412, 0.6249897541599088, 0.7183969492049457, 0.6865515345485311, 0.7636526380321391, 0.7352320899432948, 0.7571016652862484, 0.6027507442879217]"
C-selected,11274,5,False,False,True,"[0.7631619175548181, 0.8113113169923155, 0.8444535325199067, 0.7622370914113845, 0.790675814982026, 0.8748566932287497, 0.8453522685247505, 0.8328421621392479]"
C-selected,11493,3,False,False,True,"[0.6973162508306325, 0.7361064573875273, 0.6895281687338264, 0.7578280906366323, 0.669298844416589, 0.7078868357772163, 0.6276162648220984, 0.6405401630236414]"
C-selected,11757,5,False,False,True,"[0.7578107654012428, 0.7179264930734386, 0.6835781799196967, 0.7709488206101744, 0.7700108480677426, 0.7844063295729535, 0.6567928621847294, 0.6247012323909632]"
C-selected,11886,4,False,False,True,"[0.828000928987453, 0.8236730916492274, 0.8392085403770586, 0.8054495892106202, 0.8420698083638924, 0.8220198384653461, 0.7810947240732466, 0.8223328655927341]"
C-selected,12122,1,False,False,True,"[0.69631206973777, 0.7616592988977444, 0.7485393268438778, 0.6617247394364862, 0.7104196686316107, 0.6955619752661287, 0.6599207966667957, 0.7176472383928606]"
C-selected,12225,1,False,False,True,"[0.7269817727999939, 0.7971996575539679, 0.6939846019128739, 0.6225129444773838, 0.6079821880776841, 0.7521003633496501, 0.7242290408343651, 0.6206056332096217]"
C-selected,12292,4,False,False,True,"[0.7080773160405283, 0.6146400370335665, 0.8059291376189156, 0.826693852932256, 0.8576186438636783, 0.7872411064992622, 0.8172501294968205, 0.7994435689741628]"
C-selected,12340,6,False,False,True,"[0.7406687681967774, 0.785442892687563, 0.7840796243436063, 0.6798153044324288, 0.7896996784401762, 0.7518738325552894, 0.8010374676023526, 0.7764256090687249]"
C-selected,12386,0,False,False,True,"[0.7402849974614946, 0.6718841828440713, 0.6889201583286111, 0.7098554808891369, 0.6752018113732339, 0.6403795072370685, 0.6806293518404514, 0.702229592158195]"
C-selected,12597,2,False,False,True,"[0.5594279075969524, 0.6654798848887695, 0.691041687006219, 0.6758055978843638, 0.6278559496461379, 0.6571870053851856, 0.601575883239633, 0.6023104024135544]"
C-selected,13041,7,False,False,True,"[0.7529653684990375, 0.8108890026192822, 0.7935363198232982, 0.7407776202166774, 0.7425226168467354, 0.7602407604865605, 0.7028374053593742, 0.8297812180662454]"
C-selected,13134,3,False,False,True,"[0.6777803049624713, 0.7145674088238162, 0.6910734863853599, 0.7508280472613071, 0.7150319270324432, 0.7285483442667064, 0.7122779455780985, 0.663672342389048]"
C-selected,13223,7,False,False,True,"[0.6897653490660047, 0.7609414547057824, 0.7265645894174122, 0.6765837901654621, 0.7619113952352953, 0.7712818200154948, 0.7348796641875637, 0.8204203521058316]"
C-selected,13298,3,False,False,True,"[0.7712614694262737, 0.6720620957140699, 0.8000750697088135, 0.8206758007301449, 0.7819314240377458, 0.7854010781924735, 0.7890248134170779, 0.774447028292202]"
C-selected,13587,4,False,False,True,"[0.7844279749765961, 0.6619223329370445, 0.7261743733342144, 0.7581988297250936, 0.7891113980922158, 0.731353844738778, 0.7168562045576752, 0.7277097320320545]"
C-selected,13703,2,False,False,True,"[0.6975688790399032, 0.7149634434599867, 0.775705051897777, 0.6990970127562602, 0.7212443368316397, 0.7185111160974542, 0.7655328107954127, 0.75785604686667]"
C-selected,13741,0,False,False,True,"[0.7219566589774693, 0.6957513159341597, 0.6874969723777955, 0.679821817275132, 0.6128122739908315, 0.677288404061827, 0.6838146437709041, 0.7184334592619799]"
C-selected,13749,1,False,False,True,"[0.6171022277480307, 0.7338242289708774, 0.6624771493565491, 0.6960910589394538, 0.6013560893168701, 0.5547312162660981, 0.685880588424107, 0.5236039474881593]"
C-selected,13826,5,False,False,True,"[0.6836025923124521, 0.7556020870395288, 0.7240970902830987, 0.6712302622575881, 0.6665343079551028, 0.7791248582334567, 0.6518909205576353, 0.7621022754655262]"
C-selected,13842,0,False,False,True,"[0.8559398017334691, 0.8446939776470013, 0.8473517421382901, 0.8363511815654397, 0.8093024598897604, 0.8065201020521486, 0.827441643519862, 0.813804749604322]"
C-selected,13879,2,False,False,True,"[0.6363140866491312, 0.656089652150714, 0.707488786024641, 0.6284707811143508, 0.6108002094003095, 0.7036409952812336, 0.6888578743350731, 0.6907526366622301]"
C-selected,13895,4,False,False,True,"[0.6909222037990235, 0.6599249768149962, 0.6903942144708617, 0.6852835449671728, 0.7369664839737193, 0.7195157611196139, 0.6477427845924058, 0.6983334494104438]"
C-selected,13938,0,False,False,True,"[0.8842420277407794, 0.869839150643543, 0.8187794941958353, 0.8379115661062729, 0.8469026754909577, 0.8714120284157371, 0.8503971304322184, 0.8643121610224023]"
C-selected,14049,5,False,False,True,"[0.7200082272650351, 0.7869654167165597, 0.7931963541681282, 0.7388957430174526, 0.7848599359640973, 0.7958194258531528, 0.7612108832159545, 0.7739605262233469]"
C-selected,14170,0,False,False,True,"[0.8377747264486702, 0.8165955550409351, 0.8246187177156625, 0.8186970448408424, 0.8298467367886082, 0.8083409615902548, 0.7913785958020948, 0.8208676097867253]"
C-selected,14245,2,False,False,True,"[0.8286425304070488, 0.844860331798208, 0.8828467684441778, 0.8518067172102425, 0.8672124922003324, 0.8276776912105854, 0.8736282375596482, 0.8825405022256438]"
C-selected,14274,1,False,False,True,"[0.7389713956491673, 0.7985082279396016, 0.7263027406113217, 0.7452702882329212, 0.6993848439798516, 0.7393713758590561, 0.6739522885956648, 0.6816744690845747]"
C-selected,14728,0,False,False,True,"[0.7253883982401403, 0.6968235464988852, 0.6687311184727739, 0.7212268290602505, 0.6541357496720179, 0.664818929812761, 0.7037214320962036, 0.6734694030904058]"
C-selected,15068,2,False,False,True,"[0.8847555461517238, 0.879303698357292, 0.8893688038585283, 0.8547100158198626, 0.8598289969801477, 0.8736448102372788, 0.8736033041084803, 0.8750579242876768]"
C-selected,15181,7,False,False,True,"[0.7558791067706114, 0.7820378243408779, 0.7794218579457663, 0.7045930827465305, 0.7112781911567331, 0.7697957785978327, 0.7360730230927063, 0.7898733244794798]"
C-selected,15182,5,False,False,True,"[0.6295284865419657, 0.6326300889328949, 0.6747279122137897, 0.7192410893994008, 0.7314419426518703, 0.7369735022213458, 0.6427580300612956, 0.6987464295248919]"
C-selected,15191,2,False,False,True,"[0.691016447739708, 0.6656091209186347, 0.7795786021791165, 0.7065053558892611, 0.7162608479038246, 0.7485735140028312, 0.7518417310031424, 0.7551056608296004]"
C-selected,15274,4,False,False,True,"[0.6989034730995056, 0.826804910365894, 0.8239691258424888, 0.8388238701745196, 0.840334676214213, 0.7684174395429768, 0.8387030942447513, 0.7346196028022052]"
C-selected,15386,6,False,False,True,"[0.7838663350121973, 0.7501531071017948, 0.7416453866890996, 0.7484893995323163, 0.7694795673330816, 0.7266157967104305, 0.8043695728721341, 0.7079844887140297]"
C-selected,15438,6,False,False,True,"[0.7064467280805445, 0.6982561507355386, 0.7223723507449714, 0.6824394008660281, 0.7367438231039989, 0.7647679994387206, 0.7762775092283445, 0.7708600900071815]"
C-selected,15516,0,False,False,True,"[0.7495282757044625, 0.6603469911485121, 0.6994907658398403, 0.6476290010648854, 0.5945755102435204, 0.6963630925794757, 0.6668577507963662, 0.6617913512689096]"
C-selected,15631,0,False,False,True,"[0.8150710080846614, 0.731452595894156, 0.7017325454834464, 0.6995510567492813, 0.7557722269458135, 0.7327380438738891, 0.7966691981673898, 0.678419059135025]"
C-selected,15632,1,False,False,True,"[0.6610216709947099, 0.7497659197032011, 0.7244994912494982, 0.7038999960341602, 0.6678054842175891, 0.7129013318710863, 0.7256015325205383, 0.7036054197719173]"
C-selected,15865,6,False,False,True,"[0.7126874819627911, 0.6733908751336883, 0.6831195963423902, 0.6397880468413566, 0.7303516015056983, 0.6837832020289101, 0.7844575815693284, 0.6832333529895591]"
C-selected,15898,1,False,False,True,"[0.7870894013488783, 0.8046630598422324, 0.7860981177195411, 0.7129127692540274, 0.7532334673069983, 0.7954338684750771, 0.736524074090285, 0.8016438741937892]"
C-selected,15953,3,False,False,True,"[0.6743001446699802, 0.7285102745111293, 0.648698602316454, 0.7327906940093647, 0.7009137886796034, 0.6782190755017111, 0.6745318813494181, 0.7080935671322912]"
C-selected,15985,1,False,False,True,"[0.7248045759970485, 0.8280313901454455, 0.7406717032261234, 0.6752615616057527, 0.8129346932755885, 0.6923557670616739, 0.782068841509455, 0.7267390029939567]"
C-selected,16251,5,False,False,True,"[0.84025070504092, 0.7654496833570685, 0.8142855725384736, 0.838554043748398, 0.7996619970172669, 0.8649503642674631, 0.8163672240947828, 0.8386962301452718]"
C-selected,16424,7,False,False,True,"[0.6851755587985314, 0.7290563249063491, 0.6665221153746166, 0.6887104418293271, 0.7309682516113221, 0.7057649993623325, 0.6578848439143918, 0.7375116075235606]"
C-selected,16525,1,False,False,True,"[0.7084106578528289, 0.8117633674232423, 0.7501578170201022, 0.7655583325115587, 0.7266469749087178, 0.6726444984494935, 0.7301870036281302, 0.6760497368625265]"
C-selected,16625,2,False,False,True,"[0.8810567114339318, 0.879092841505853, 0.8871756692121415, 0.8836457241183118, 0.8765867124602281, 0.8692168014757765, 0.8635738308398053, 0.8805714357407797]"
C-selected,16718,2,False,False,True,"[0.7211980921008303, 0.741196583140258, 0.7934031203446408, 0.724732277478957, 0.6849452551555023, 0.6714121403206863, 0.7211450409798308, 0.6910181481541695]"
C-selected,16800,3,False,False,True,"[0.6444815242503403, 0.6751958865638952, 0.6862082442594297, 0.7572267650912003, 0.6499867076918124, 0.6963919190984633, 0.6558072958287362, 0.6326302463302628]"
C-selected,17017,6,False,False,True,"[0.6754471041527198, 0.7280710358124506, 0.7735771818663261, 0.7097152736568823, 0.7806474976368019, 0.7502214208410605, 0.7821538791969498, 0.6731773257466895]"
C-selected,17605,0,False,False,True,"[0.7757402371146387, 0.6867497489474625, 0.5618668680997358, 0.7422946512047544, 0.7702739465450894, 0.6946220641646885, 0.7428458905281455, 0.7426625194293723]"
C-selected,17651,1,False,False,True,"[0.7420531140911876, 0.7987717160721028, 0.6940019251320846, 0.746979466787244, 0.7443889092411324, 0.7939448234284544, 0.795881722643472, 0.7310740532110599]"
C-selected,17795,0,False,False,True,"[0.7990481960717226, 0.7540470701436739, 0.7780974622289485, 0.7964729391188508, 0.7114042616350527, 0.7407462470175269, 0.7052118128242408, 0.780341280045485]"
C-selected,17843,6,False,False,True,"[0.6439892824820987, 0.7261065031618059, 0.6975249418755363, 0.7067718043392521, 0.6638665127964705, 0.6754594243982793, 0.745684439866704, 0.6994972385847118]"
C-selected,17865,7,False,False,True,"[0.7803740409258704, 0.8298477253401922, 0.7788551486111963, 0.8121315486981626, 0.7784551377868172, 0.7608754081592086, 0.8134557879536168, 0.830108201667016]"
C-selected,17946,0,False,False,True,"[0.8037667164816524, 0.7044914634155461, 0.7684045203441066, 0.6914388926069416, 0.673677704524112, 0.7248708522705709, 0.6932520416625526, 0.7318738316249928]"
C-selected,17987,2,False,False,True,"[0.6792023934099489, 0.7058288412557179, 0.7587430638897388, 0.6949365447407365, 0.6764694617824943, 0.7496654986897113, 0.7374897417896747, 0.7179907116703528]"
C-selected,18115,4,False,False,True,"[0.6617328232500679, 0.6653807898147799, 0.6854437823192352, 0.5826340529468088, 0.6894265631529759, 0.6881068942586728, 0.5933919404308535, 0.6839673222910329]"
C-selected,18159,4,False,False,True,"[0.6986450240062603, 0.7713723001799782, 0.7282530333465693, 0.7693398106147564, 0.7846274323293353, 0.7110588021454824, 0.770737686144321, 0.727944623137472]"
C-selected,18170,7,False,False,True,"[0.7316322677097002, 0.602244744898849, 0.6267596187959725, 0.704379976050364, 0.6962968125373952, 0.6713059198525317, 0.6501101982841033, 0.7383794989119938]"
C-selected,18556,0,False,False,True,"[0.8137460568423316, 0.7963818848375863, 0.7212706147532228, 0.7324174598307549, 0.8104871123405817, 0.7495563964590697, 0.8123238424678381, 0.7245179587150559]"
C-selected,18888,7,False,False,True,"[0.632110670184647, 0.7035010784179823, 0.6275781605612061, 0.6871463333632251, 0.6835099157944649, 0.6332010168091885, 0.7101615742086258, 0.7274297691068223]"
C-selected,18960,6,False,False,True,"[0.6621236604740506, 0.7459280572274904, 0.704752325838713, 0.7465744344497396, 0.7340892772161831, 0.7183317631774464, 0.754117801160155, 0.733884876440106]"
C-selected,19331,6,False,False,True,"[0.7889428358639504, 0.7794661521309749, 0.7946734248748775, 0.7933105246913414, 0.801431499829743, 0.8082699861859992, 0.8178033851287838, 0.7895127981762748]"
C-selected,19471,1,False,False,True,"[0.7449879957272147, 0.7585749860080052, 0.7141665231226992, 0.6952205977355859, 0.7128641394311863, 0.6461796016786613, 0.7453720046374014, 0.6790935530566682]"
C-selected,19593,6,False,False,True,"[0.5946342244046254, 0.644464857667471, 0.6558030399702648, 0.6781873453187385, 0.693599893746677, 0.7377808446880996, 0.7487985326622079, 0.6825811022803319]"
C-selected,19605,2,False,False,True,"[0.6974856860725992, 0.6861680080902733, 0.7168662153096192, 0.6887546959877027, 0.6112874116319413, 0.690971112631276, 0.6257733876153801, 0.665687801464729]"
C-selected,20013,3,False,False,True,"[0.7154238263530662, 0.7625125901255991, 0.7658722701031788, 0.7685744455281065, 0.6163335375585679, 0.6287262573644428, 0.732333720801484, 0.692774607839856]"
C-selected,20072,0,False,False,True,"[0.8406757684253979, 0.8289932228922988, 0.7753291873657158, 0.7923813882009185, 0.7583676201035761, 0.827408545314348, 0.8385478866636997, 0.792651727406544]"
C-selected,20317,0,False,False,True,"[0.7816112541729173, 0.6951129555604054, 0.7564100869760375, 0.7405003714124041, 0.7582097960487282, 0.6806734588967873, 0.6639540233624508, 0.6884937265856319]"
C-selected,20380,7,False,False,True,"[0.40598958904462595, 0.613109443855512, 0.6240127304388511, 0.6578068594047322, 0.6459277922023845, 0.5683822789741445, 0.3755152991649903, 0.7524489441522495]"
C-selected,20520,6,False,False,True,"[0.7661623447269605, 0.7874820390486503, 0.8396808403010015, 0.7103683807203898, 0.811849809908203, 0.8300640610051058, 0.8491485352144299, 0.8138108730610703]"
C-selected,20545,1,False,False,True,"[0.7358718089335499, 0.8230017735606665, 0.7744499589103102, 0.7932513677177442, 0.8223490570882959, 0.7204524477555155, 0.712487162797657, 0.7299001938260996]"
C-selected,20863,0,False,False,True,"[0.811775886879017, 0.7208408251936647, 0.7208497509751872, 0.739826403689384, 0.7082313594248484, 0.7308616192187118, 0.7552649842399607, 0.7779186957145467]"
C-selected,20882,5,False,False,True,"[0.8350609452376716, 0.8309962868862114, 0.8460315637925889, 0.8415712946078653, 0.8083695409524754, 0.8634440233047402, 0.8416724048062649, 0.8098014204611392]"
C-selected,20904,5,False,False,True,"[0.7714255834479089, 0.8224314943379596, 0.8692947728201325, 0.8576682108971965, 0.715977648708293, 0.8726466834278257, 0.7961685764307085, 0.8609188684063083]"
C-selected,21295,4,False,False,True,"[0.7952634488117258, 0.819897316884008, 0.831944153245243, 0.8283647945731923, 0.8558187079774711, 0.7604389735138442, 0.7740985057590684, 0.8008989497095668]"
C-selected,21414,0,False,False,True,"[0.8307932622905904, 0.7935856922915352, 0.8232914251050844, 0.7716856336361144, 0.8211410080920678, 0.8109717984363559, 0.7891428337921136, 0.7825195663866148]"
C-selected,21436,6,False,False,True,"[0.7881008647909703, 0.8034189759328352, 0.8115630808302179, 0.6170238784316333, 0.7111410909266225, 0.7151941721379511, 0.8208322094777092, 0.7645783561898577]"
C-selected,21558,4,False,False,True,"[0.7249953798272752, 0.7116064206946628, 0.7492456698406548, 0.7412200323771598, 0.7835362199455551, 0.7672770366298385, 0.7582466873056901, 0.7276499618921473]"
C-selected,21887,4,False,False,True,"[0.665702072393977, 0.6770717778860662, 0.6610798863830252, 0.7795642827815717, 0.817825039800842, 0.77785672462736, 0.8008788080197946, 0.7685239176770395]"
C-selected,22215,7,False,False,True,"[0.7109525189707665, 0.6644320014020165, 0.7127519066412429, 0.730017097632038, 0.7505307950457565, 0.7373786035869235, 0.7080580533095795, 0.7573659503666009]"
C-selected,22299,4,False,False,True,"[0.6868686450158694, 0.6784717841627954, 0.7173037922859601, 0.7637994068459688, 0.7922736702350754, 0.7187207516288469, 0.7362725174350429, 0.6667656791894513]"
C-selected,22303,0,False,False,True,"[0.7986174086474269, 0.7266136491182913, 0.733761401579047, 0.7299009562033405, 0.6962249843133405, 0.7344180575021214, 0.6137448621262506, 0.6491354876766211]"
C-selected,22452,1,False,False,True,"[0.6926631530905336, 0.7439616809523144, 0.5041261511327779, 0.6910632133638408, 0.6851025852037653, 0.6941628400001577, 0.7178328844640613, 0.6923106434085925]"
C-selected,22793,4,False,False,True,"[0.751300535368639, 0.7569730763263625, 0.7856224394335717, 0.7568112502837757, 0.7975496604534684, 0.784169954175499, 0.7325700935478896, 0.7740692718630601]"
C-selected,22803,4,False,False,True,"[0.7445742657531661, 0.6916657531001666, 0.6473085608634752, 0.7108014167854813, 0.7734379873062851, 0.7470877730565122, 0.767170226251835, 0.6067854604433253]"
C-selected,22924,7,False,False,True,"[0.7697520586277249, 0.7236185500181113, 0.7107207824625095, 0.8020984402318132, 0.742388544414033, 0.7624306209361897, 0.777664664727941, 0.8088768164479947]"
C-selected,23314,0,False,False,True,"[0.8554636704601406, 0.8197140078433303, 0.8200043307449776, 0.8134946959041418, 0.8020921113272974, 0.7627224630376828, 0.8155321091125328, 0.7506714951124874]"
C-selected,23445,0,False,False,True,"[0.8369205392769911, 0.7737991566760325, 0.7396436175705455, 0.7838645796280566, 0.7847224300662574, 0.7651920228798168, 0.7532390843289474, 0.8016651495021383]"
C-selected,23479,4,False,False,True,"[0.7531494189949057, 0.6029844701471787, 0.7041093088227173, 0.722359201289503, 0.7690358876863341, 0.7442460371720807, 0.6906825359451472, 0.7491944228902025]"
C-selected,23623,4,False,False,True,"[0.5567043607690373, 0.6355963325395533, 0.4683613608095289, 0.6642604855932739, 0.6643020326669957, 0.5415166089179675, 0.6058493828068552, 0.4639967192471893]"
C-selected,23633,0,False,False,True,"[0.788541940367127, 0.6831943664292448, 0.7155756461910813, 0.7408269768882539, 0.7715931681446377, 0.7779790842570808, 0.7030755074845568, 0.7874944562811479]"
C-selected,23642,2,False,False,True,"[0.5538020869858948, 0.6520991152000063, 0.7405002510082339, 0.6875318943209691, 0.7285193585735752, 0.671096814341164, 0.607951496193282, 0.6613598737512315]"
C-selected,23803,6,False,False,True,"[0.8092272078526663, 0.8394127392574778, 0.795691257327338, 0.7886494160449751, 0.8128288967451415, 0.846599864269317, 0.8474012986208923, 0.7480687925618412]"
C-selected,24062,0,False,False,True,"[0.7583702946479448, 0.6601053986332958, 0.6184012818162062, 0.6729720103265314, 0.7078168769412374, 0.7267755040885542, 0.5674682629891591, 0.5960412228422038]"
C-selected,24103,0,False,False,True,"[0.7489262852939822, 0.7127341434827902, 0.6880518097206536, 0.6394187115634578, 0.7267861226329138, 0.7158083410774794, 0.6738361095479479, 0.6789858743427237]"
C-selected,24306,4,False,False,True,"[0.6967789120073785, 0.6856832460989902, 0.6830494190150896, 0.7134821606150283, 0.7206509848206383, 0.6485579112076854, 0.6910438022333059, 0.7082243210710497]"
C-selected,24700,3,False,False,True,"[0.685716760931944, 0.8090820973441303, 0.8133959704593172, 0.8167681876078718, 0.6537757401484902, 0.7936627954538502, 0.6615173035751873, 0.6662952760930991]"
C-selected,24790,4,False,False,True,"[0.6543848783699233, 0.6873578841306467, 0.5702656008001274, 0.4883630232601699, 0.692532687695264, 0.6409730097903001, 0.5280559122071485, 0.6582268306822929]"
C-selected,25150,5,False,False,True,"[0.7754333685339573, 0.7438918965697248, 0.7470279145944934, 0.7462345699211324, 0.7293075801827277, 0.7856816883434784, 0.7586255042256094, 0.7798456217494849]"
C-selected,25166,2,False,False,True,"[0.696290284194443, 0.7123263851203351, 0.7971597414557605, 0.7371101298180525, 0.7534420727103576, 0.7670249579854084, 0.7325371588883495, 0.7452269935144971]"
C-selected,25339,4,False,False,True,"[0.7312658235190821, 0.6885277567673915, 0.7184122452847121, 0.7761047307782574, 0.7844543009807214, 0.7634745096775307, 0.707398008931299, 0.7799412929493668]"
C-selected,25360,5,False,False,True,"[0.8430689367738703, 0.7194809432638647, 0.7616811089012987, 0.7946370252958989, 0.6829535173006881, 0.8653836244263792, 0.76635718517442, 0.8402016879486429]"
C-selected,25374,0,False,False,True,"[0.8014654333273336, 0.7059371862613091, 0.7385297984355704, 0.7549586911459758, 0.7629111059164831, 0.7685333404595095, 0.6911752249200449, 0.7651923444538922]"
C-selected,25447,7,False,False,True,"[0.6979916140847138, 0.7632516004660368, 0.7646177112409556, 0.747708027824955, 0.7605104641622891, 0.7515523885317256, 0.7708767718887796, 0.8063634915640696]"
C-selected,26070,6,False,False,True,"[0.6880749411653371, 0.6325449059489332, 0.5823844062734982, 0.6216848291844085, 0.706223589441246, 0.7581898882075035, 0.7601998015830439, 0.7125271244878525]"
C-selected,26146,3,False,False,True,"[0.7596700181948348, 0.7818976486155343, 0.7876021733540031, 0.828444233172575, 0.6999501154542245, 0.7990551944188702, 0.8002640189139363, 0.8145532584029911]"
C-selected,26419,2,False,False,True,"[0.6628820978068242, 0.7739591100234161, 0.798328989651281, 0.785143106205386, 0.7626193673122617, 0.658831724601298, 0.7106833572766278, 0.7464693766153268]"
C-selected,26519,7,False,False,True,"[0.5784810250388989, 0.4677040774169057, 0.6384503251415994, 0.6301775761483741, 0.579688940591667, 0.5276122953185969, 0.5548011734899958, 0.6555981494056842]"
C-selected,26535,4,False,False,True,"[0.6777084679460652, 0.7181953681318265, 0.6298252942179652, 0.6831311873123653, 0.7839486418849618, 0.7355090387246568, 0.7689887477851467, 0.7079329655189761]"
C-selected,26749,7,False,False,True,"[0.8320691186639098, 0.8009184451296222, 0.7568500010322938, 0.8286752905838262, 0.7991459282310263, 0.8339449638859361, 0.8228631609193098, 0.8408761383025055]"
C-selected,27131,5,False,False,True,"[0.6647715095873385, 0.6399318351906619, 0.5951863124897561, 0.6317256727255627, 0.7098505247285323, 0.7110046367729042, 0.6601247759073139, 0.6989800351243751]"
C-selected,27196,3,False,False,True,"[0.7022471842289162, 0.7681727689005668, 0.8294340427033355, 0.8399739554183938, 0.7955323474931614, 0.8025569363607907, 0.8345689467459092, 0.7342811296903458]"
C-selected,27240,6,False,False,True,"[0.7522228101495989, 0.6774903960045451, 0.7403994278163277, 0.6943590725671687, 0.7453298178882344, 0.7484297682299128, 0.7689151581151037, 0.7540739992543927]"
C-selected,27260,5,False,False,True,"[0.7459278353647676, 0.7397365554666122, 0.7475910106528427, 0.7065343350837778, 0.7377302421935199, 0.7925568744545942, 0.7372913776362926, 0.7061964228056232]"
C-selected,27648,0,False,False,True,"[0.8211907070422635, 0.7711807132465875, 0.7462929694603369, 0.8072617808410818, 0.7947384093428635, 0.790390158585415, 0.7932277423317111, 0.7851201878767928]"
C-selected,27688,0,False,False,True,"[0.7743118575871788, 0.744548968315673, 0.7275638313848696, 0.6475202738211676, 0.6130438956792361, 0.6525272188793152, 0.6747916431821983, 0.6314295857476858]"
C-selected,27781,5,False,False,True,"[0.6886958442139903, 0.7303992419830019, 0.7033399830392292, 0.7114390724231321, 0.7303018817516918, 0.7351744406946864, 0.7339478797621131, 0.7214584084831561]"
C-selected,28157,7,False,False,True,"[0.8021577445485799, 0.8092074822940762, 0.7671081539272455, 0.8137988824250921, 0.6925718827639904, 0.8153195116108869, 0.7735161604619448, 0.8228322941031173]"
C-selected,28253,4,False,False,True,"[0.7884225326476999, 0.7235721774820505, 0.7607180528112962, 0.7781189345756221, 0.8169153153023532, 0.7417400066803128, 0.7192063099452214, 0.6990096248195511]"
C-selected,28276,3,False,False,True,"[0.743959228970162, 0.6903707543819264, 0.7994596110989132, 0.8257361666130734, 0.6244931471281924, 0.7765463694065546, 0.7361875312355913, 0.7943973254547014]"
C-selected,28309,7,False,False,True,"[0.7970660497945612, 0.7800668156499294, 0.7855437911518818, 0.823314201190438, 0.7554132017769504, 0.7993714542243526, 0.8156082378393743, 0.8254315556340758]"
C-selected,28511,4,False,False,True,"[0.7207928871157889, 0.7530164328111361, 0.7178698060853419, 0.7274523425447386, 0.7656938026683286, 0.6411626180543808, 0.7277901235278716, 0.7454383984983433]"
C-selected,28548,7,False,False,True,"[0.7675778115879406, 0.7488368665047791, 0.7296304344384398, 0.8132585686404754, 0.789144368575513, 0.8184690340534517, 0.7834207902498403, 0.8238433724344149]"
C-selected,28979,4,False,False,True,"[0.7205507799503349, 0.665379759722097, 0.6638461051507535, 0.7113782407768301, 0.768868865513046, 0.6610228754233397, 0.748601041418453, 0.6814887658629858]"
C-selected,29018,4,False,False,True,"[0.733822449844032, 0.7513299054741921, 0.7545723371195118, 0.6668908306876575, 0.7569203341331652, 0.6468742513906919, 0.7438744397041074, 0.6795380272240109]"
C-selected,29179,7,False,False,True,"[0.865506854069811, 0.848510778205426, 0.8155736225048458, 0.8165371395862564, 0.8395074032678144, 0.8527187611346568, 0.8072922949903889, 0.8757828377811954]"
C-selected,29221,0,False,False,True,"[0.8260953089616507, 0.7919222042411383, 0.7732931445059823, 0.8009415643559414, 0.7692479329008051, 0.7990473978218914, 0.7836128851836959, 0.7685759675183899]"
C-selected,29400,2,False,False,True,"[0.7805406746185171, 0.6802990339023955, 0.7868324679279715, 0.7455258460821557, 0.6158226982520421, 0.6237758214266425, 0.7039541423291793, 0.6345584794854264]"
C-selected,29511,6,False,False,True,"[0.7947263945518817, 0.7485599630482727, 0.7537528763193819, 0.7846271877093629, 0.7172466262688768, 0.7968092072457758, 0.8083799047302593, 0.7252582400312642]"
C-selected,29591,4,False,False,True,"[0.6526176777108791, 0.6322785039408594, 0.6893805364576824, 0.6250380370256211, 0.690643140050681, 0.6100381873685193, 0.6749664617664672, 0.682543849086402]"
C-selected,29610,6,False,False,True,"[0.7769358287626595, 0.7969566452044992, 0.7504447430704531, 0.44273257253246734, 0.7658056400949588, 0.8216992818560487, 0.8355773845542855, 0.7537188523951839]"
C-selected,29717,2,False,False,True,"[0.7887343762935145, 0.8101770358102676, 0.8475532796857224, 0.8451187189850908, 0.7949351503119313, 0.8274432949785792, 0.8165916365193504, 0.6501894628136589]"
C-selected,29815,5,False,False,True,"[0.8197821486944549, 0.8197496250412354, 0.843156960598693, 0.8487008234499487, 0.8341824667316269, 0.8528682457720818, 0.8230847578623985, 0.7691503215502533]"
C-selected,29831,3,False,False,True,"[0.7924572403620587, 0.7678144687530761, 0.7799483800603755, 0.8244204676849671, 0.758844686486054, 0.7962056793696999, 0.7830298273249183, 0.7930490714475036]"
C-selected,29903,4,False,False,True,"[0.6904547600413634, 0.7040503700858296, 0.700729653347525, 0.6694985843681247, 0.771990804408379, 0.711677206626452, 0.7234696564574088, 0.7245192988885641]"
C-selected,29942,7,False,False,True,"[0.6357624527046406, 0.6574042437742773, 0.6645737533121364, 0.6391159818859291, 0.677906863521849, 0.6221689499712052, 0.6094728231217386, 0.7124605723884954]"
C-selected,30016,5,False,False,True,"[0.7252382243975617, 0.7337448816050738, 0.7036537855281526, 0.7065677301574005, 0.7165147829436713, 0.7827522331102339, 0.6668585444434085, 0.7700309950449566]"
C-selected,30068,1,False,False,True,"[0.7232417936916697, 0.8043553967035078, 0.7834198781495758, 0.8028665712589609, 0.7755694960750695, 0.7551185920193983, 0.7982202446138891, 0.7634657106507453]"
C-selected,30077,4,False,False,True,"[0.8278911415358023, 0.7736585831183254, 0.8786814447577106, 0.7248662883372348, 0.8927836395219998, 0.7327508590631929, 0.7408148294853762, 0.8420328663060639]"
C-selected,30139,1,False,False,True,"[0.6826537856894876, 0.7939360361300032, 0.7801566244410509, 0.790564301011009, 0.7898239022268059, 0.7562158743431693, 0.7496394649467348, 0.7548035710876582]"
C-selected,30888,5,False,False,True,"[0.7615721089582296, 0.7689502105413912, 0.6436477929538938, 0.8057299035426844, 0.737418348682922, 0.8121547164983526, 0.6841380396098942, 0.7467765543838705]"
C-selected,30961,2,False,False,True,"[0.8332894021052815, 0.8148332912594454, 0.8399556841609634, 0.7993665529030982, 0.8187777483001676, 0.8287143634367702, 0.7940369849647748, 0.8144750630915838]"
C-selected,31234,7,False,False,True,"[0.739313546471733, 0.7204257953574058, 0.7171954921700929, 0.7452854983205175, 0.7499641950782929, 0.7399019539687876, 0.7354998671334039, 0.7593874388371771]"
C-selected,31244,1,False,False,True,"[0.7505025215225559, 0.7507034311540356, 0.6635625553410539, 0.7164072947848676, 0.6862097811436118, 0.6888277807685497, 0.7392510120551172, 0.7407424779842374]"
C-selected,31251,4,False,False,True,"[0.6759849901804234, 0.5551796586706874, 0.6284911899256582, 0.5948978082721028, 0.7080200856065836, 0.6666558220705401, 0.6592421069110419, 0.6318781329144381]"
C-selected,31280,2,False,False,True,"[0.8023677046681463, 0.8528346570742127, 0.8587491161589218, 0.7299415477704827, 0.7744478029547666, 0.7733401658932755, 0.8340189908652977, 0.8560166461670402]"
C-selected,31503,3,False,False,True,"[0.6960037876078484, 0.7175335873645703, 0.6752946024744958, 0.7758229395132434, 0.6854645290656842, 0.6934155835291259, 0.7104766322296681, 0.7161203611794753]"
C-selected,31776,3,False,False,True,"[0.7115217679209398, 0.663916120340434, 0.712650922782885, 0.7330437173268505, 0.7312327086063495, 0.6589497065735945, 0.7197345354564479, 0.694895939755449]"
C-selected,32051,7,False,False,True,"[0.735977046754425, 0.6758630241989776, 0.6987523086966154, 0.701177269950792, 0.7261535713944762, 0.6403545198994122, 0.6777082227407607, 0.7717670682210163]"
C-selected,32062,6,False,False,True,"[0.6850176926822602, 0.6734607104551023, 0.7225241470089356, 0.7120012227287851, 0.7003553600415621, 0.7262345962829457, 0.7288356536834164, 0.7203511583436424]"
C-selected,32140,3,False,False,True,"[0.809497049179471, 0.8754415927796242, 0.8719711499471088, 0.879305064754054, 0.8509806834130276, 0.8724148724586125, 0.8667801781181947, 0.8743197083778445]"
C-selected,32365,4,False,False,True,"[0.794876011247102, 0.7975307688422923, 0.7706016501593301, 0.7785055178557255, 0.8244872987736207, 0.806085305782773, 0.7162981004240663, 0.7208986852481509]"
C-selected,32427,1,False,False,True,"[0.7028392894047172, 0.766581661012445, 0.6604710033682993, 0.589988848280917, 0.6748570333098004, 0.689997093452779, 0.7021986617852745, 0.6722298832703755]"
C-selected,32470,6,False,False,True,"[0.7551741372089247, 0.7863097340362479, 0.787211533263997, 0.7905114375562616, 0.7568678037725898, 0.8050166743650955, 0.8072354383304835, 0.7292230082896708]"
C-selected,32532,3,False,False,True,"[0.6820604555544785, 0.7225076071403151, 0.704813854152408, 0.751588822203338, 0.6209781858502729, 0.6895426707583878, 0.7473077419511128, 0.7252105972339575]"
C-selected,32630,1,False,False,True,"[0.8222748671632378, 0.8467716401580889, 0.8114050743308748, 0.7308340474375687, 0.8138031278168167, 0.8446792102777867, 0.6898935066824978, 0.7553271022984738]"
C-selected,32680,2,False,False,True,"[0.7480874810159894, 0.769421590700983, 0.7943612361437944, 0.6845061850475112, 0.7910215634651503, 0.738824975004005, 0.7696994566209421, 0.721156268105404]"
C-selected,32697,6,False,False,True,"[0.8374778771792548, 0.8378311931778719, 0.7425667494982198, 0.8015435026232282, 0.8369086332210129, 0.7881554633142079, 0.8669529294900371, 0.857148009703891]"
C-selected,33057,0,False,False,True,"[0.7801455964833768, 0.6874280644899342, 0.7346215167221548, 0.7120823791700083, 0.7293205565203786, 0.6903285767766828, 0.7504128197424227, 0.6886111246775779]"
C-selected,33084,5,False,False,True,"[0.783393635083495, 0.8023299317150587, 0.7791942074366278, 0.7631007293670162, 0.7052720545311133, 0.8039247904446152, 0.7149926388363372, 0.7656861285769281]"
C-selected,33123,6,False,False,True,"[0.7168642000791628, 0.7134307769625211, 0.7320464634155746, 0.6978081820852196, 0.7131086653288314, 0.7174479596812178, 0.8021035281351563, 0.746252000657728]"
C-selected,33256,1,False,False,True,"[0.7624673210369204, 0.7835444637521249, 0.6734991301044737, 0.6246154402120541, 0.7793230877326505, 0.713440004179149, 0.7106281081086614, 0.6726718407080972]"
C-selected,33264,0,False,False,True,"[0.7995139024522921, 0.7928613477773829, 0.7806575921472233, 0.6641136988412925, 0.769494641516918, 0.7352224338439728, 0.744766653130321, 0.7163844237237913]"
C-selected,33336,2,False,False,True,"[0.7258067007616062, 0.7769745745279828, 0.8095888907655469, 0.6413152726550063, 0.62766234822128, 0.6634993672821606, 0.7313550896011131, 0.6612988294346278]"
C-selected,33342,4,False,False,True,"[0.6464799312802727, 0.612169239971149, 0.6778848799526335, 0.6436782821896015, 0.7582762520359461, 0.6615443610228423, 0.7024358797627877, 0.6821512566886966]"
C-selected,33512,4,False,False,True,"[0.6471457742533119, 0.7528231048551528, 0.7295272744487615, 0.7138744318390003, 0.7535858747733318, 0.7000058053020388, 0.7061450936102114, 0.7179022540640159]"
C-selected,33863,7,False,False,True,"[0.7421886091105042, 0.7405100539581453, 0.7359135102034253, 0.742817876213964, 0.750058307365285, 0.7222589209604173, 0.7142614472260838, 0.765670435013377]"
C-selected,33990,3,False,False,True,"[0.7834202162772562, 0.8001503965069761, 0.8402627862684247, 0.8532651124303914, 0.8389556048789563, 0.8185871360735388, 0.8330690917994972, 0.7969463898710513]"
C-selected,34169,3,False,False,True,"[0.6780752756452533, 0.6622651907652037, 0.6471745720472668, 0.6998083306612757, 0.6956857227824661, 0.6558146448131226, 0.6665525135132129, 0.6139838605850199]"
C-selected,34198,4,False,False,True,"[0.7397595787021094, 0.7153184595483996, 0.7191682110743111, 0.7521637721516927, 0.7797071488552922, 0.6629827633617582, 0.7332324999536461, 0.7629224255630223]"
C-selected,34415,3,False,False,True,"[0.7961875446613018, 0.7520836515630045, 0.772275795068522, 0.7992390636926568, 0.7859969531248163, 0.7678242729376064, 0.7923376718468627, 0.7899702435976704]"
C-selected,34509,0,False,False,True,"[0.6948709809168503, 0.5979109772469791, 0.677799180508126, 0.6699381998847238, 0.6815857790806388, 0.6293936118890496, 0.6688131271636268, 0.6648120109518785]"
C-selected,34565,5,False,False,True,"[0.7619978868622996, 0.8038343414426936, 0.7960213151256655, 0.7737680373265945, 0.8216194759566586, 0.8318106161474685, 0.7801606534282947, 0.8199042678854549]"
C-selected,34854,4,False,False,True,"[0.8365378876174925, 0.8509740032573925, 0.8581179923740898, 0.8041622556998977, 0.8751908649542776, 0.8623190286418194, 0.8534761787705758, 0.8695839967680155]"
C-selected,34998,7,False,False,True,"[0.8179101351960978, 0.7739970543428379, 0.7560061658226561, 0.7496989109102774, 0.7888763449544571, 0.7185859160349962, 0.7846200640306787, 0.8330709671027072]"
C-selected,35100,7,False,False,True,"[0.6960727798325027, 0.7045835270703171, 0.6657893557708718, 0.6735238783632654, 0.7462809050179471, 0.7573301765582657, 0.7933230438854504, 0.8039287524110005]"
C-selected,35119,3,False,False,True,"[0.667938830443513, 0.7176809690935472, 0.7211986559622751, 0.735907065372138, 0.6429538946012986, 0.6485138696349566, 0.6350577414657224, 0.6716999411990207]"
C-selected,35131,7,False,False,True,"[0.7687668164992645, 0.7257667508916071, 0.6678209605068555, 0.786865822594849, 0.7475235949313923, 0.7626611065385343, 0.6771980118318786, 0.7964597785222429]"
C-selected,35234,5,False,False,True,"[0.643226483681576, 0.6726019315356686, 0.7131228643522505, 0.631173041086115, 0.4381169243827251, 0.7695150582710777, 0.7209355851390669, 0.657468316496677]"
C-selected,35269,2,False,False,True,"[0.767231941274885, 0.7172452562649956, 0.8216058116151317, 0.6738314819562666, 0.702795149223311, 0.7269416948452401, 0.7904802633581657, 0.7616630813493593]"
C-selected,35281,7,False,False,True,"[0.7504641484896001, 0.7533387570825472, 0.6927123314676933, 0.7045406942444412, 0.6841857575919843, 0.6993257993588794, 0.78106360549376, 0.796716168822405]"
C-selected,35475,0,False,False,True,"[0.6239766477649837, 0.612800284577217, 0.5520959612330514, 0.6089881193788766, 0.5040982756856107, 0.4199389874520779, 0.5688787364906032, 0.5713649114497233]"
C-selected,35600,0,False,False,True,"[0.7945403693924753, 0.7226089632086576, 0.7829661746343426, 0.7731793111195071, 0.7495768399709155, 0.7725621550873865, 0.769232144004503, 0.7675874933704321]"
C-selected,35613,4,False,False,True,"[0.7820688216394569, 0.8008635726372413, 0.7763498176485053, 0.7747352544478235, 0.8257266862465917, 0.7596844000669227, 0.8079152425966233, 0.758054747701044]"
C-selected,35659,7,False,False,True,"[0.8621521523963035, 0.8745027126783012, 0.8753395582696983, 0.8701129971767279, 0.8637539101267809, 0.8927783810587469, 0.8639304300252559, 0.9010913562616027]"
C-selected,35916,2,False,False,True,"[0.6900443039764554, 0.8029807715553502, 0.8302626456003943, 0.770458089945566, 0.7831170571005308, 0.7611905493158524, 0.7689715390612086, 0.7654293059261797]"
C-selected,35964,0,False,False,True,"[0.7961112803611472, 0.6554385467978155, 0.7384701113599629, 0.7706074316438766, 0.7353731070424732, 0.7442621587345701, 0.7716606576488323, 0.7204868140406254]"
C-selected,36198,0,False,False,True,"[0.7545916827348818, 0.6639361204005183, 0.663325600792453, 0.6621871377255031, 0.7312299375592248, 0.7287668820285107, 0.6365394047068618, 0.7041045176864539]"
C-selected,36287,0,False,False,True,"[0.7147207765644149, 0.6166772759006763, 0.7133144885930154, 0.6508399632678643, 0.6900261058578069, 0.6690705303372302, 0.7009995432192146, 0.7134868903977118]"
C-selected,36543,6,False,False,True,"[0.8640401115154001, 0.8614186117829172, 0.8257824197490062, 0.8654831815140698, 0.840481609446755, 0.8362198553841111, 0.8703124658582192, 0.8576371044431677]"
C-selected,36557,7,False,False,True,"[0.7864131356792369, 0.759585675415713, 0.7625601585829757, 0.8395109441355642, 0.7901821488446348, 0.7554972812639332, 0.8171248973958549, 0.8484402721796722]"
C-selected,36992,7,False,False,True,"[0.7242250212148765, 0.6267880098355464, 0.7233463720076366, 0.6953114667896534, 0.6643331950322322, 0.7528819137395064, 0.6939174311915752, 0.7812997083927818]"
C-selected,37034,0,False,False,True,"[0.7760878339178492, 0.7491359047121994, 0.7051639110793158, 0.6619891819432874, 0.6759818313131286, 0.6917010548812783, 0.7400510982748036, 0.7005619526994606]"
C-selected,37053,7,False,False,True,"[0.7751393938867364, 0.8509480960573734, 0.8482535590256333, 0.7597929682492213, 0.8072323325912474, 0.7926021990420437, 0.8301308324638814, 0.8714234398640943]"
C-selected,37255,1,False,False,True,"[0.6730195606396401, 0.7912457373700891, 0.6479851835927299, 0.7390546700411345, 0.7479292745205528, 0.48861847243949197, 0.787252806951981, 0.7648323488986486]"
C-selected,37362,0,False,False,True,"[0.8540744118193544, 0.7251953800030695, 0.7820304058587108, 0.8160911233778745, 0.7320757669655577, 0.7805599424025637, 0.8276643778232766, 0.7899759364662754]"
C-selected,37406,3,False,False,True,"[0.690216657148431, 0.6915550467613725, 0.6705015381706054, 0.7412210002083259, 0.7183786089554276, 0.626706784944179, 0.6606063316999797, 0.692333372295515]"
C-selected,37505,7,False,False,True,"[0.6454379118736329, 0.629924327362956, 0.6778713184684115, 0.6619768020037712, 0.6622485882420666, 0.6463326501194013, 0.6243197887274867, 0.6899692830022497]"
C-selected,37552,0,False,False,True,"[0.8624541383937772, 0.834681011988815, 0.8355810498152474, 0.8325023019450604, 0.8453753568994162, 0.8271036957773722, 0.7935479858166075, 0.841855833677733]"
C-selected,37899,7,False,False,True,"[0.8821150531349451, 0.8861322482885083, 0.8859347455842257, 0.8917113860315644, 0.8943572219402738, 0.8871171845834014, 0.8465601049155659, 0.9083582007302402]"
C-selected,38091,4,False,False,True,"[0.5996534258281474, 0.5720070219276294, 0.6062190874861788, 0.5728776939431506, 0.7261327630759734, 0.6066408321572704, 0.6279654780875235, 0.6141752103834246]"
C-selected,38194,2,False,False,True,"[0.7977568358587512, 0.7409222187026636, 0.8237596928220385, 0.8186891589704133, 0.768817165613034, 0.7839305331175419, 0.8050796833591582, 0.8188271984163318]"
C-selected,38375,2,False,False,True,"[0.7599214706434785, 0.7920750200885351, 0.8662879694949047, 0.8058109399339901, 0.7886647010971819, 0.8534201038290093, 0.767046181110965, 0.8069527797310934]"
C-selected,38380,1,False,False,True,"[0.7355350663207031, 0.8047351694095363, 0.7403646103280855, 0.7923454171195801, 0.7669947345084251, 0.7666997284003112, 0.7690231012777298, 0.7912610478911832]"
C-selected,38833,7,False,False,True,"[0.7367731206056995, 0.8071174779599218, 0.7894830514185165, 0.7842032578402289, 0.7275760475197144, 0.7826918091157935, 0.8092114468260856, 0.8257404485753788]"
C-selected,38887,1,False,False,True,"[0.7887539035022224, 0.8130612714349472, 0.7859106670344562, 0.7792393238269151, 0.8118058057274482, 0.7676035079349912, 0.8015938515404676, 0.7915407409602653]"
C-selected,39183,1,False,False,True,"[0.7213358188822779, 0.78534213747862, 0.6974512661798522, 0.761962046114278, 0.7751212443548969, 0.7555190529770719, 0.7531754942818403, 0.6875678267709897]"
C-selected,39288,1,False,False,True,"[0.8146109187381971, 0.8596242487084025, 0.6875739875755342, 0.8043797359454452, 0.7903765148321424, 0.8046551123103549, 0.8296478268122025, 0.8375243867835134]"
C-selected,39384,5,False,False,True,"[0.695725595665609, 0.6827816378939005, 0.723391778343788, 0.6663133484784938, 0.6921547039704661, 0.745533496955861, 0.6489017405391442, 0.7444291526552607]"
C-selected,39490,1,False,False,True,"[0.680185519824927, 0.8024437078261493, 0.731797040314767, 0.5816277258016969, 0.6947330203499213, 0.6895962950760167, 0.761773386248771, 0.7504605135275413]"
C-selected,39557,6,False,False,True,"[0.7660917827587863, 0.6759700807879283, 0.6634773496236237, 0.6527728518628841, 0.6981411322371462, 0.7550623540572092, 0.7818352613275176, 0.729061517865286]"
C-selected,39756,5,False,False,True,"[0.693829110748441, 0.6670959991662495, 0.704883822495444, 0.6923716325039495, 0.6207402370232392, 0.7148377077519965, 0.7074197004443886, 0.5607773763712767]"
C-selected,39793,4,False,False,True,"[0.6536038531535027, 0.6568726145718435, 0.6430803586268881, 0.6066852979755717, 0.7125079131385001, 0.6819735040201474, 0.6780714461506855, 0.6584125750236323]"
C-selected,39920,6,False,False,True,"[0.7553825617782914, 0.6784709480829478, 0.6942605696016506, 0.6748427850572101, 0.7699119395622374, 0.7532071761078115, 0.7982342361097539, 0.7968308316227095]"
C-selected,39986,3,False,False,True,"[0.6974295450043646, 0.6575436710479754, 0.6481547028992672, 0.7628837163643338, 0.6770792841948767, 0.6736349772644195, 0.6692419998600823, 0.6809605936855695]"
C-selected,40269,6,False,False,True,"[0.6923441052736388, 0.7668649087551955, 0.7795243753652406, 0.7962938021473007, 0.6905269082525867, 0.7783852758026104, 0.8164538333336153, 0.6716343967898466]"
C-selected,40756,3,False,False,True,"[0.7290332500893704, 0.7354836461176126, 0.7340875381221943, 0.7734154642069773, 0.6946254876260618, 0.6993334676693056, 0.6749815678156768, 0.7100227011808464]"
C-selected,40798,3,False,False,True,"[0.6492539290812689, 0.6451633700271242, 0.6489823058622113, 0.7416028581841592, 0.6941980757834336, 0.7085775191951382, 0.6663307721249223, 0.7018264425992777]"
C-selected,40819,0,False,False,True,"[0.830657526174907, 0.7656385936309473, 0.7810111488829847, 0.6168523559999163, 0.767821006171918, 0.7991689885134625, 0.7655860857579311, 0.7830559840032614]"
C-selected,40933,1,False,False,True,"[0.7330944414889932, 0.801044247775154, 0.741425511534352, 0.75809579957463, 0.6677903778762265, 0.7620854926892551, 0.7778339336742071, 0.7780515783258232]"
C-selected,40990,4,False,False,True,"[0.7527032294846683, 0.7207995840177128, 0.7613290635500507, 0.7318994059986537, 0.778734666623389, 0.7259598515216852, 0.6822908098621874, 0.7361777666433665]"
C-selected,41120,3,False,False,True,"[0.6709610998932515, 0.7519883336779891, 0.7507268576925523, 0.7970356333545832, 0.7474261032843446, 0.7073887946110293, 0.6983854810406656, 0.7248898409940916]"
C-selected,41402,3,False,False,True,"[0.7421619973174729, 0.7518391555628166, 0.764779716687753, 0.7793245427757742, 0.7468555104671891, 0.7371481941585392, 0.7546757965481397, 0.7607057120659675]"
C-selected,41540,3,False,False,True,"[0.7786591687745508, 0.7685229091672203, 0.7345572285819204, 0.8112363905007757, 0.783805278710296, 0.8042519263058203, 0.6873745672835829, 0.7586968658944502]"
C-selected,41555,3,False,False,True,"[0.8297738093324433, 0.8219646862937464, 0.825093802231413, 0.8682998244439786, 0.8396349291299312, 0.8363106456396181, 0.8595230237322927, 0.8589609840772912]"
C-selected,41561,4,False,False,True,"[0.7232636168971547, 0.710056606652048, 0.6776480761692533, 0.7371078525424604, 0.7441411070829791, 0.7298046657386013, 0.6891103339732787, 0.665216270844265]"
C-selected,41592,5,False,False,True,"[0.68473460031901, 0.7215165808298405, 0.7031648428140954, 0.6972107943601755, 0.7145433675527513, 0.737520831557152, 0.7255711527481746, 0.6805376543924573]"
C-selected,41636,2,False,False,True,"[0.7933688519084591, 0.7935161771432115, 0.8260102256212625, 0.722299592005675, 0.8229013911323906, 0.7963791987662905, 0.7859860867806236, 0.821015109418761]"
C-selected,41640,6,False,False,True,"[0.7405813376579291, 0.7043988400393422, 0.6773045897007772, 0.6612356146422531, 0.7236612236632933, 0.6891014514422024, 0.7429980469576496, 0.6717566610448424]"
C-selected,41924,6,False,False,True,"[0.8394524779613495, 0.8393001624481977, 0.8414423626002929, 0.8451121615752542, 0.830881846782477, 0.8550510486469195, 0.87367886965266, 0.8636011115970983]"
C-selected,41976,6,False,False,True,"[0.7516593291664596, 0.6497115041660377, 0.7191175197560171, 0.7303695901447638, 0.7029047540845186, 0.6799279833108985, 0.7581286029926799, 0.7034848431659356]"
C-selected,42022,7,False,False,True,"[0.6169418863503113, 0.6858507649707011, 0.6061573023217988, 0.7796909079096912, 0.7991058962281951, 0.5782199887733648, 0.6235170684792972, 0.801764922503418]"
C-selected,42251,1,False,False,True,"[0.7677038777820191, 0.82534799616371, 0.8004234026662564, 0.7723034570113524, 0.7982371443670335, 0.8194472519169479, 0.7727716574843211, 0.8121681752498591]"
C-selected,42302,0,False,False,True,"[0.7875563606149341, 0.6832626696153987, 0.6374439121908531, 0.7188631737578971, 0.6377133844643205, 0.6449906040007902, 0.7618598258575289, 0.7630000289417884]"
C-selected,42466,2,False,False,True,"[0.685395220866921, 0.7317806822759372, 0.7383645646555234, 0.7212257256593538, 0.592434259934617, 0.6720742714137145, 0.693494812255241, 0.6960899941838583]"
C-selected,42679,4,False,False,True,"[0.7262560453402531, 0.622712686205726, 0.7224384321265207, 0.713165314945025, 0.7450016146185183, 0.7329814366592216, 0.6953945946770959, 0.7052166258238699]"
C-selected,43065,5,False,False,True,"[0.74553843932216, 0.7651235211025968, 0.7418397088003721, 0.7144511272937544, 0.7709670048496664, 0.7947072261286707, 0.7731868026620825, 0.792753755403568]"
C-selected,43198,6,False,False,True,"[0.6377979055080896, 0.6192799524660701, 0.6712575435163005, 0.6130410155782844, 0.66939541872233, 0.7222518573743701, 0.753566824683945, 0.6696323058764706]"
C-selected,43211,5,False,False,True,"[0.799271900891078, 0.8151491938056363, 0.8173142102322626, 0.7877923189693653, 0.7412459412259274, 0.8396853269755289, 0.7956660039305757, 0.7671736083187946]"
C-selected,43332,7,False,False,True,"[0.705506972168098, 0.7230645519809635, 0.6912039329393727, 0.6554946593706996, 0.6715752724904673, 0.6744151604566669, 0.7426007849277685, 0.7628336626873808]"
C-selected,43546,2,False,False,True,"[0.6565498302393523, 0.6112330647286457, 0.7400214372407583, 0.6769599218865201, 0.6570451594595266, 0.6578349858503669, 0.7048111092812476, 0.6843594979245831]"
C-selected,43584,4,False,False,True,"[0.7174558573425125, 0.7060027209830875, 0.7497319361619665, 0.7076337538356607, 0.7706284022950954, 0.7560775423356861, 0.7336151470906354, 0.6373395471135785]"
C-selected,44248,1,False,False,True,"[0.7297422692044218, 0.7664293037539722, 0.7264699005331617, 0.7221592697695921, 0.7163667706820812, 0.7259361804300963, 0.7273426006309767, 0.7223582123898251]"
C-selected,44279,4,False,False,True,"[0.7159813070182741, 0.7407416198607333, 0.6903433404312194, 0.7421428679237827, 0.7699522426826402, 0.7374252769133115, 0.7162888365532307, 0.7100781346716682]"
C-selected,44360,0,False,False,True,"[0.7506717053355434, 0.7339247400357922, 0.7259724777439096, 0.6877360899973191, 0.6614438054108178, 0.6418081863412586, 0.6723237940961148, 0.6754567047859494]"
C-selected,44413,0,False,False,True,"[0.801349205725542, 0.7839061386415613, 0.6956602936907437, 0.590801835206062, 0.7312248101294991, 0.7953142100135292, 0.6051070800671898, 0.7353679688871719]"
C-selected,44422,3,False,False,True,"[0.7330691418335769, 0.7625749766880006, 0.7903570616068425, 0.8015004412269613, 0.7754707630807303, 0.6789935015469704, 0.7828201002013027, 0.7353031527029139]"
C-selected,44903,2,False,False,True,"[0.7085094773609042, 0.782961407640532, 0.7888696914880738, 0.6995929525649724, 0.68436055842881, 0.7199673035983515, 0.6989852343591211, 0.7481197988364525]"
C-selected,44975,2,False,False,True,"[0.7376820102340386, 0.7873647031533522, 0.8438547716601134, 0.8170664971892148, 0.7936724534362452, 0.8113158855360856, 0.7881029864409004, 0.8160805575288635]"
C-selected,45377,5,False,False,True,"[0.8364167732070871, 0.8647916440182628, 0.8494943851573766, 0.8621444477849229, 0.774203849737342, 0.8689312369688276, 0.8664793240141825, 0.8056711672808178]"
C-selected,45528,4,False,False,True,"[0.7593438168588633, 0.723090697101046, 0.7488157342025925, 0.7750169344084481, 0.7779565608156859, 0.7637856237503321, 0.7169886593524519, 0.7441673978284864]"
C-selected,45699,1,False,False,True,"[0.6859038701262934, 0.7736601199179507, 0.7020944291090372, 0.5628666694080185, 0.7467357160679782, 0.6245426600658242, 0.6298871558438025, 0.7180514652383136]"
C-selected,45952,5,False,False,True,"[0.6867007323200089, 0.7588220569896743, 0.7495679099207755, 0.7145632215499733, 0.7563858672776926, 0.7726302915565191, 0.7470061281823825, 0.6057224444913842]"
C-selected,45987,4,False,False,True,"[0.7277620450309278, 0.7268689573855358, 0.7679784598544661, 0.714230143841831, 0.8169987927491253, 0.7835895178135577, 0.7168268464745833, 0.7068303750097984]"
C-selected,46166,4,False,False,True,"[0.8136755020093113, 0.7853412109565457, 0.8126488696041267, 0.7938790667536628, 0.8248257286563041, 0.7952053524431295, 0.8145916284159583, 0.8169107132621515]"
C-selected,46276,0,False,False,True,"[0.7546904744288288, 0.6487060260627857, 0.6171921153475344, 0.6643750080011006, 0.666781186873255, 0.650321160181585, 0.700304658408034, 0.6761139906939888]"
C-selected,46403,2,False,False,True,"[0.8151949891508176, 0.8123916991214845, 0.846361769184923, 0.8136265694731851, 0.8337060528679736, 0.743930613680752, 0.7889447068239785, 0.83487627867853]"
C-selected,46524,3,False,False,True,"[0.7161846311442934, 0.7057351629513369, 0.7137342369224886, 0.7652490771635732, 0.7026409536728974, 0.7232922886680389, 0.6216892627303487, 0.7633957562344253]"
C-selected,46653,5,False,False,True,"[0.7068882448798354, 0.6971533165516343, 0.6934295280606135, 0.7662580827286789, 0.7556874941813595, 0.7885208938321493, 0.735421674875711, 0.6985554303414928]"
C-selected,47030,7,False,False,True,"[0.7533591399852412, 0.7979608477235272, 0.7274757123939277, 0.744805388938629, 0.8021739724406425, 0.7804693983443316, 0.7992642373459016, 0.8183138685904884]"
C-selected,47086,3,False,False,True,"[0.6953609816927009, 0.6548387081026855, 0.6144804662052065, 0.7385898049110244, 0.7074881466588792, 0.7122116397948361, 0.689351989720875, 0.6970196446998949]"
C-selected,47093,3,False,False,True,"[0.6965763720914365, 0.6684361072494329, 0.6428671840858634, 0.732183173100136, 0.6655783337750865, 0.7284748351622827, 0.6642454433826572, 0.718235282553605]"
C-selected,47122,7,False,False,True,"[0.8375561789067174, 0.8660332488470623, 0.8051024814005879, 0.7794831621377927, 0.7614532709950496, 0.7918463491959047, 0.8568179675287777, 0.8861896089566852]"
C-selected,47125,5,False,False,True,"[0.5972956693462146, 0.6705418239480097, 0.6766726539763189, 0.7051457300845757, 0.6716688687843375, 0.729918579925899, 0.7243079493207993, 0.700985334306262]"
C-selected,47331,6,False,False,True,"[0.763044399110418, 0.7563096649455209, 0.7883428725377772, 0.7951584015673929, 0.7020143456919639, 0.7458420081102366, 0.8198518085582969, 0.7384705894892677]"
C-selected,47471,5,False,False,True,"[0.8206764219207493, 0.8234957159420204, 0.8456174176883353, 0.839605685060747, 0.8118397928470041, 0.8683516455259535, 0.8399963462490627, 0.8631217443472743]"
C-selected,47583,2,False,False,True,"[0.7784113533537576, 0.7781363605744391, 0.8210471855147958, 0.7403784612065666, 0.7655038634576291, 0.7637479226595362, 0.7624550905123243, 0.6887177295335173]"
C-selected,47744,0,False,False,True,"[0.8162780805657773, 0.7622509291598429, 0.7840413949981011, 0.7151461765303748, 0.7841217845855488, 0.7500241985535532, 0.7768458730829066, 0.7602236204929432]"
C-selected,47907,1,False,False,True,"[0.6933144195935621, 0.7602679191083028, 0.7285957518967873, 0.7304736410921839, 0.535635283973811, 0.7352547701193978, 0.7398451133067752, 0.7320345620901039]"
C-selected,48376,5,False,False,True,"[0.8420450645717676, 0.8282056248731218, 0.7410202961860124, 0.7954693497904108, 0.852561657441242, 0.8614890521872061, 0.7753749867185284, 0.8587610005743819]"
C-selected,48655,4,False,False,True,"[0.7231355243993173, 0.6284601026047187, 0.7492206062204333, 0.7668586339538246, 0.7699053373952456, 0.7277596472019873, 0.6794381702438261, 0.7443005261082519]"
C-selected,48911,5,False,False,True,"[0.7301659908254781, 0.7368419257782737, 0.686853651418434, 0.6697112323472632, 0.6561090222352166, 0.7482703789750667, 0.7134181176096122, 0.7053112178617476]"
C-selected,49170,3,False,False,True,"[0.8490219900797917, 0.849947982398973, 0.8861024896859108, 0.8996520162400856, 0.8491811163000628, 0.8433302381380829, 0.8663764248044123, 0.8735041364721832]"
C-selected,49195,0,False,False,True,"[0.8555755808880874, 0.83444215328577, 0.8477607669251481, 0.7720900960246537, 0.8254415208755493, 0.8318821848643205, 0.8365812075674026, 0.8288863222234115]"
C-selected,49256,3,False,False,True,"[0.7058778679854043, 0.7084266017887774, 0.6826726111416292, 0.7447210098929602, 0.6231942713218581, 0.7189068133733562, 0.7147967368852963, 0.7043987651482144]"
C-selected,49315,7,False,False,True,"[0.6915134566419969, 0.686092316364614, 0.6913555818430849, 0.6668928318658912, 0.6805458503425468, 0.6955420556013507, 0.722210902446419, 0.763311360105394]"
C-selected,49474,0,False,False,True,"[0.886739936168307, 0.8805300952209543, 0.84108460672313, 0.8166108068527359, 0.827785887576006, 0.8861414571443107, 0.8496462581964863, 0.8319169550392429]"
C-selected,49475,7,False,False,True,"[0.7703479640186082, 0.7948930329806789, 0.797462893022453, 0.7181868400367755, 0.7250239835088064, 0.7902564609332952, 0.7805977799971995, 0.8050034427379721]"
C-selected,49678,3,False,False,True,"[0.7843758830269221, 0.7029918673328883, 0.700202284235995, 0.7985533135814916, 0.7395268989279216, 0.7406125524024102, 0.7585422159019943, 0.6595062786337034]"
C-selected,49702,7,False,False,True,"[0.7335672125657993, 0.7739371605804864, 0.7516618843016418, 0.7888345688505015, 0.7075361589131781, 0.7462917926654015, 0.6879665974066864, 0.7967523438629474]"
C-selected,49760,7,False,False,True,"[0.7579088370433968, 0.7612863723849945, 0.7222431344508462, 0.6401281868432018, 0.7198523952242635, 0.7510291375895213, 0.7449484118448892, 0.7917864370511403]"
C-selected,50203,4,False,False,True,"[0.6951959485506144, 0.7205910739707999, 0.6286631823110691, 0.7339835064445044, 0.8156227129974485, 0.7574567622679103, 0.7087265775590459, 0.7228300903064111]"
C-selected,50210,1,False,False,True,"[0.6574320138014524, 0.7651188790296024, 0.701519778077382, 0.7573386720135704, 0.6671233741992101, 0.6680030193934796, 0.7529504919690577, 0.6986319420272813]"
C-selected,50622,0,False,False,True,"[0.8051076016442084, 0.6864832051130338, 0.7810416545502252, 0.7587490871817821, 0.76848375772936, 0.7785560287517478, 0.7589808211312197, 0.7797523377230774]"
C-selected,50708,0,False,False,True,"[0.868141557120102, 0.771256497515507, 0.8396171103775938, 0.8388645729261437, 0.8331218196059054, 0.7971242973408947, 0.7434282246642331, 0.8440273030238115]"
C-selected,50739,3,False,False,True,"[0.7128833958988564, 0.7722957138611006, 0.6793430997849268, 0.776134558216877, 0.750136564655042, 0.7391103305750057, 0.7145903595913081, 0.7440126778819705]"
C-selected,50850,1,False,False,True,"[0.7064897610155534, 0.793286881788138, 0.7594225077744124, 0.7876464895504142, 0.7894768160385737, 0.7376613318270077, 0.6989209522771385, 0.7221909237919004]"
C-selected,51008,1,False,False,True,"[0.8257375312774302, 0.8845289401254599, 0.7635912411041118, 0.8693395085525943, 0.7740805918922309, 0.8687989169811601, 0.8836410266530421, 0.8483847593277817]"
C-selected,51227,3,False,False,True,"[0.8293903028878324, 0.808873012260183, 0.8918835877831026, 0.8948113702021963, 0.8506578274120954, 0.82829943798577, 0.8608672383885452, 0.844486111465067]"
C-selected,51300,2,False,False,True,"[0.7093757761662087, 0.7295889449677417, 0.8158653822534325, 0.7911790550107487, 0.7965591979176085, 0.807838374752198, 0.8156744012975116, 0.7984535053073878]"
C-selected,51380,0,False,False,True,"[0.7502913017012786, 0.7336603704418012, 0.6404195684857703, 0.7246317573628122, 0.671860549178027, 0.6525814314279009, 0.7317590870380211, 0.5256584665522368]"
C-selected,51385,5,False,False,True,"[0.7672487842180804, 0.7918774807370965, 0.8427557588877419, 0.8353283994187075, 0.7713269099656344, 0.8492198041653403, 0.8313763042946267, 0.8136481321833634]"
C-selected,51436,1,False,False,True,"[0.7313223373685533, 0.7358926172501963, 0.7078139931939122, 0.7308197337488619, 0.7340824362067956, 0.7163235286670402, 0.7193013804709806, 0.6872190729757548]"
C-selected,51517,1,False,False,True,"[0.7171486112791446, 0.8332817020899926, 0.7969556079313735, 0.7292677136825166, 0.7976466389654377, 0.77978225682659, 0.6875669608778586, 0.7369319087758257]"
C-selected,51688,2,False,False,True,"[0.6994764721402189, 0.7368423609729807, 0.7490674107932327, 0.7048083416648528, 0.6992291790695571, 0.7038828302850291, 0.7137041268455484, 0.7461941438706463]"
C-selected,51865,2,False,False,True,"[0.7618134357357347, 0.7879119551053917, 0.8058732744335546, 0.7764219858564726, 0.7752871073115963, 0.689519176670228, 0.7688802336299643, 0.7451265297369012]"
C-selected,51943,5,False,False,True,"[0.7575106115529426, 0.6841177737517677, 0.7511334029692464, 0.7083520128383105, 0.7737528755741698, 0.8000624893345667, 0.7563610663052756, 0.7108052416938292]"
C-selected,51956,5,False,False,True,"[0.733462118900637, 0.7840943955996329, 0.7087856887412478, 0.7348175869005826, 0.7239020709129587, 0.7876404032913763, 0.7406434440919131, 0.7462810501524804]"
C-selected,51990,1,False,False,True,"[0.821033738901604, 0.8479696349131031, 0.7683646120177114, 0.741163451394601, 0.8416243079395335, 0.7718834145759332, 0.6853896263956674, 0.8026029629983493]"
C-selected,52228,5,False,False,True,"[0.7139907976633497, 0.6641466620745282, 0.6366091337069595, 0.6662514370443715, 0.671244324067935, 0.7940921151614896, 0.7467214885349511, 0.6969389331608071]"
C-selected,52277,5,False,False,True,"[0.6111533362634988, 0.7494401874507279, 0.7097367775869812, 0.7323983439140789, 0.7047635542788082, 0.7734328984295451, 0.7375520379074613, 0.669644702925767]"
C-selected,52729,4,False,False,True,"[0.7323096449743054, 0.700182303961012, 0.6344928638585987, 0.7824664491434122, 0.8005584566685552, 0.6786668498356769, 0.7731902447919065, 0.7296554801693678]"
C-selected,52733,0,False,False,True,"[0.7398256936987944, 0.7186155129659091, 0.7242518034543821, 0.7063250682602089, 0.6955356281450944, 0.7078198718867894, 0.6938048854862473, 0.6643498104384835]"
C-selected,52803,6,False,False,True,"[0.7151486977616923, 0.6612983547302508, 0.6890023358526334, 0.7079367628606006, 0.6799870308602086, 0.6709607712572705, 0.739201290208154, 0.6578162036232891]"
C-selected,52927,7,False,False,True,"[0.7624666482209475, 0.7244645548159439, 0.6961757032713439, 0.7304530000435736, 0.718489895790179, 0.6899923871044822, 0.762588118713319, 0.7804010311803347]"
C-selected,53445,0,False,False,True,"[0.8060363193237119, 0.7738970144014226, 0.7674194441437521, 0.7815921340278242, 0.7470523825193083, 0.8007492857904097, 0.7969810158557615, 0.7626810903801509]"
C-selected,53659,5,False,False,True,"[0.8037054267431984, 0.8162610971907727, 0.7859680048582508, 0.7658461732094288, 0.8127503288121876, 0.836304119932035, 0.7642898259404474, 0.7360401990904621]"
C-selected,53729,5,False,False,True,"[0.8498420242649074, 0.8529438673063181, 0.6904363750670266, 0.847211044548851, 0.8143209588715175, 0.8608766819183483, 0.8167266052483979, 0.8309672998373047]"
C-selected,53974,4,False,False,True,"[0.7368798858554951, 0.7736434892485042, 0.7655956156391468, 0.8214503030141753, 0.8253861021611197, 0.6838440251087178, 0.8216008010382845, 0.8112932078070256]"
C-selected,54054,7,False,False,True,"[0.6236265253600788, 0.5929532711954536, 0.7006952983463821, 0.7078137869421361, 0.5881726806723359, 0.6329177164587689, 0.7106469300199423, 0.7275811042201381]"
C-selected,54099,5,False,False,True,"[0.8371632836603448, 0.8271294010423795, 0.7318262390184747, 0.8148640334973538, 0.8495445178723879, 0.8623897011860397, 0.8614638067340594, 0.749067421978989]"
C-selected,54250,7,False,False,True,"[0.8252324790675225, 0.8474864685545223, 0.8319319217729757, 0.8091422576931739, 0.8549498786311851, 0.8318242584133586, 0.8503648141664375, 0.8614719527845328]"
C-selected,54336,3,False,False,True,"[0.6584836263469477, 0.7055004434711432, 0.7364768126357377, 0.7731125042415086, 0.7431988126220105, 0.7261988527941284, 0.7568995702682264, 0.7187471451355032]"
C-selected,54681,7,False,False,True,"[0.7628720790922263, 0.7611107944014481, 0.7426182477429113, 0.7781365528202617, 0.7926292014967784, 0.7824714925836408, 0.7799694165042703, 0.8079449256319557]"
C-selected,55202,1,False,False,True,"[0.7771776806434172, 0.8528952832353285, 0.8387434979085818, 0.8484747178885004, 0.8213139604321154, 0.8098830401518946, 0.8319540597031383, 0.7631751976859595]"
C-selected,55501,4,False,False,True,"[0.7648501073131784, 0.7598648166330628, 0.7588333522017712, 0.8021290798063203, 0.8312609149797632, 0.8186605490336814, 0.7457863543897614, 0.7495025898330117]"
C-selected,55597,3,False,False,True,"[0.8759418323117261, 0.8706145858928038, 0.8628781283676626, 0.8769168901947945, 0.8521084120736386, 0.8661778722146104, 0.8488262785076173, 0.8731406020043958]"
C-selected,55741,1,False,False,True,"[0.7213931227020973, 0.7675526321334818, 0.7549627391642253, 0.7285418054833841, 0.69690489511095, 0.7334108301285609, 0.7208925792479763, 0.6819613185410669]"
C-selected,55808,3,False,False,True,"[0.7094918307967452, 0.7126077065189504, 0.711293406720475, 0.7865686333853892, 0.6099413799601657, 0.6982190759776917, 0.7302292450074983, 0.6886933177893663]"
C-selected,55876,6,False,False,True,"[0.6497738698190789, 0.642890277067649, 0.6579764148396285, 0.557948068586148, 0.6908004757499915, 0.6888319131845397, 0.705611179968612, 0.6929256967395867]"
C-selected,55878,1,False,False,True,"[0.6969998172680691, 0.8253953351706348, 0.7749591278399625, 0.8201933947102533, 0.824830707181427, 0.8006222625421909, 0.8137707668403773, 0.8038297809526631]"
C-selected,56047,1,False,False,True,"[0.6938068610970287, 0.747604527452837, 0.6184313395123742, 0.6374484998365652, 0.7381569804022083, 0.7369714049244223, 0.6703678542892557, 0.6846320292845944]"
C-selected,56131,2,False,False,True,"[0.46998787570857203, 0.5433483772670393, 0.6830039724493919, 0.585422745305701, 0.5783547234828206, 0.5481261162775772, 0.5505972904146497, 0.42809992763984905]"
C-selected,56162,1,False,False,True,"[0.4904378421420752, 0.77477732424482, 0.5789418190163376, 0.5590598000502256, 0.7015544503340424, 0.707289380029541, 0.7569486797467935, 0.7132152304979902]"
C-selected,56272,5,False,False,True,"[0.6763765717748993, 0.7590735186475461, 0.7557613706940156, 0.7391212325126884, 0.7123636880161541, 0.7591445107787913, 0.7065673295514785, 0.707655706371771]"
C-selected,56496,3,False,False,True,"[0.7329763584258561, 0.6121912749752294, 0.71237692257902, 0.7560889156451546, 0.7202753438309797, 0.7064358292198729, 0.6402001637253274, 0.7543321599382912]"
C-selected,56554,1,False,False,True,"[0.8392794652220384, 0.8656014464391779, 0.7927965345641228, 0.8145941130020442, 0.839956241792025, 0.842864586001372, 0.8227719691730442, 0.8045857175041864]"
C-selected,56629,2,False,False,True,"[0.7476890076482798, 0.7238202712147275, 0.7582852766117107, 0.6936212385534988, 0.6539383905792733, 0.5992822239700701, 0.6625091773351306, 0.692383413535778]"
C-selected,56651,2,False,False,True,"[0.7243074137062291, 0.7834615708882509, 0.8039413625875462, 0.7151012804837421, 0.6062295077415837, 0.6583581133833147, 0.749776377564394, 0.6487907103532079]"
C-selected,56698,5,False,False,True,"[0.7077450790474249, 0.6646602814938425, 0.7090720028633613, 0.7023461845122897, 0.7242789400622625, 0.7548865642466647, 0.6723780115010807, 0.6685693376207422]"
C-selected,56873,4,False,False,True,"[0.694297859997675, 0.5937170466924891, 0.6264646232659389, 0.6320508546098427, 0.7091333273748652, 0.5606078835763433, 0.674358328236166, 0.6575270792645165]"
C-selected,56963,5,False,False,True,"[0.6776650536157146, 0.6858234084660353, 0.702795662323163, 0.7164276482564542, 0.7241642417624913, 0.7409493195313579, 0.6354911555322096, 0.7076562683521456]"
C-selected,57114,7,False,False,True,"[0.7263603678904893, 0.7081609512215223, 0.6420646927396433, 0.617514439555561, 0.6725786059234962, 0.688413251620102, 0.6776657764570553, 0.7537884072520424]"
C-selected,57244,3,False,False,True,"[0.7784443621704465, 0.8032383551709101, 0.828116607753806, 0.8511238715776281, 0.802743671097481, 0.8418718094783013, 0.8166036994002043, 0.8248607120480668]"
C-selected,57830,0,False,False,True,"[0.8060006444722747, 0.7264320202149939, 0.6753386508212899, 0.7288779961207151, 0.7252364929294426, 0.7215760217165466, 0.7885680527993579, 0.6948522973929356]"
C-selected,57994,1,False,False,True,"[0.7815979928318615, 0.7949250975475044, 0.7525602332079393, 0.7424381720710974, 0.7166554097851945, 0.750413964981375, 0.7218346536366447, 0.7502765299865749]"
C-selected,58004,1,False,False,True,"[0.8353520188202455, 0.8760479389169182, 0.8572297590302708, 0.7679300710755335, 0.8066623540672552, 0.8443842029344659, 0.7772591007895282, 0.8625030945766696]"
C-selected,58157,4,False,False,True,"[0.7182870779584847, 0.7241076667088042, 0.6661703566119856, 0.7712042125644643, 0.7888240961642816, 0.7320848791522776, 0.7882989098989903, 0.6876439826641101]"
C-selected,58169,5,False,False,True,"[0.8017018976469454, 0.7433904589192322, 0.7924672091819216, 0.803158956013816, 0.7946365101739574, 0.8040496596300823, 0.7146376042744698, 0.7629462784009005]"
C-selected,58252,5,False,False,True,"[0.7178511566516472, 0.7399771918162791, 0.662173719105915, 0.7217709629687435, 0.7133868671464876, 0.75122736863849, 0.7243057706658738, 0.6870973642701301]"
C-selected,58341,6,False,False,True,"[0.7178984716400123, 0.6307719244911532, 0.7111723084213215, 0.709134725002297, 0.7023076517715698, 0.6507398347600521, 0.7396818592319478, 0.5188851002406376]"
C-selected,58458,1,False,False,True,"[0.7637368396583095, 0.7650201273048822, 0.7409329024112765, 0.7367561373441723, 0.692555972655629, 0.7046570419917266, 0.7154328958192193, 0.747996028928887]"
C-selected,58572,0,False,False,True,"[0.7734855894433074, 0.587858303528326, 0.6701014166719704, 0.7059923819839219, 0.7585891061774742, 0.7704766129519374, 0.5800168372421051, 0.7656339904792888]"
C-selected,58835,3,False,False,True,"[0.7504975207041149, 0.7754532651023598, 0.7716237552875912, 0.8088307910788594, 0.6927626000131422, 0.6950957232274431, 0.6782670476495605, 0.7309778581820945]"
C-selected,58977,1,False,False,True,"[0.6975593305616681, 0.7577717907360463, 0.7170947431565191, 0.7300245872100821, 0.7179137268877668, 0.7186639379526408, 0.6980052085651345, 0.7250443687583608]"
C-selected,58988,4,False,False,True,"[0.623850545114554, 0.7758618843699276, 0.6598573036290561, 0.6517232935708488, 0.8598727945086, 0.8176765035432538, 0.6852659209340828, 0.8022534480404369]"
C-selected,59101,1,False,False,True,"[0.796599203849521, 0.8560943854399252, 0.7546185304122683, 0.830943294744423, 0.773724567559871, 0.8229494742554515, 0.7428213416361096, 0.8138535470833084]"
C-selected,59177,1,False,False,True,"[0.7942059385380309, 0.840424839043235, 0.8341190719757047, 0.7438489628612958, 0.8120634607105286, 0.8300037427512919, 0.796765325385823, 0.829605018191392]"
C-selected,59183,2,False,False,True,"[0.799498524947813, 0.8714813783024253, 0.8852879068437802, 0.8815153442111359, 0.8730001622571859, 0.8709956053157917, 0.8319240043887433, 0.816900148636057]"
C-selected,59219,7,False,False,True,"[0.7084397402585163, 0.7556601623850177, 0.8399628031478427, 0.7147754708217375, 0.8445290960964422, 0.8244411374970828, 0.7879359842835734, 0.8478572071780024]"
C-selected,59293,6,False,False,True,"[0.8412741636242231, 0.7932340620761048, 0.828436359618065, 0.8499791597780987, 0.7617585529267621, 0.8477416024108375, 0.862756915365327, 0.7491213957483349]"
C-selected,59464,1,False,False,True,"[0.6175729242726067, 0.7185420307619375, 0.6251852592096985, 0.6216985950453124, 0.6139721758946737, 0.6056818681442901, 0.6214605995773845, 0.7080652432114387]"
C-selected,59470,6,False,False,True,"[0.8012342487979699, 0.7645832816024265, 0.7678885791845647, 0.8134714662097833, 0.7952454702477322, 0.7955741645543803, 0.826409182256117, 0.7798219984060757]"
C-selected,59508,5,False,False,True,"[0.8089870951401222, 0.785609901868946, 0.7693614916980411, 0.8094367202934467, 0.7827567247009964, 0.8170856875981527, 0.7961713782755313, 0.7749716932785022]"
C-selected,59838,1,False,False,True,"[0.7444341577619213, 0.7848427362682135, 0.7401853208980131, 0.756618149368039, 0.7717715895499817, 0.7558292452533133, 0.711812534099169, 0.7267199680307485]"
C-selected,59905,5,False,False,True,"[0.7000405828865648, 0.5792016687446466, 0.6587311676768803, 0.5181938922213521, 0.6074910393467144, 0.7003011197517088, 0.6774076295336597, 0.6333877999673723]"
C-selected,60063,5,False,False,True,"[0.7547172692372449, 0.7113238472769756, 0.7050486112823426, 0.7184771787982667, 0.7600948977190715, 0.7833539053145053, 0.7452744359901926, 0.7507330639554828]"
C-selected,60496,6,False,False,True,"[0.6480359290499705, 0.707392664752829, 0.7458790882463743, 0.7159863519184437, 0.7165207918236565, 0.7421031139426211, 0.7598634186694362, 0.7349452333459419]"
C-selected,60707,5,False,False,True,"[0.6658683812663722, 0.5617998828089638, 0.7140897418084711, 0.6687386103862744, 0.632858210604595, 0.7217895674963909, 0.6654654774319722, 0.6691733535275836]"
C-selected,60784,0,False,False,True,"[0.8365270700595886, 0.8181457428105317, 0.8343593640698047, 0.7315099113298766, 0.633994119863883, 0.8289425575707401, 0.6979790496117442, 0.7321571292610567]"
C-selected,60932,1,False,False,True,"[0.8341355132211721, 0.8424736677850879, 0.8254832752536739, 0.8415090724268512, 0.8335395736315937, 0.8230896832044537, 0.8106203660023986, 0.8379721106259763]"
C-selected,61327,0,False,False,True,"[0.8678577327880679, 0.8046350378876759, 0.836132934396449, 0.8359800502169151, 0.7966935322065336, 0.8419482807465002, 0.8528460713417125, 0.833938599895276]"
C-selected,61653,5,False,False,True,"[0.8449920392215924, 0.7649184259794359, 0.7395421724203368, 0.8432102407890496, 0.7399583995598293, 0.8555557574910797, 0.6759753211175807, 0.7663756844361271]"
C-selected,61683,1,False,False,True,"[0.6647294645838244, 0.7975583837271973, 0.7031009607415706, 0.7218458276205912, 0.7206165895823962, 0.6503330539493799, 0.6938203042851527, 0.6902107134019551]"
C-selected,61701,3,False,False,True,"[0.6380740783242074, 0.6438429474597727, 0.7051958740792769, 0.7465705028898066, 0.684606176977575, 0.656143220998232, 0.658081547240628, 0.7258468087631392]"
C-selected,61868,5,False,False,True,"[0.805978611153219, 0.8365343260742703, 0.8156166691681164, 0.8112219471849178, 0.8044541209309966, 0.8580928463634925, 0.8428059660699212, 0.8423553972182045]"
C-selected,61878,6,False,False,True,"[0.8570269473805159, 0.8578107535732066, 0.8565782941131395, 0.8448286790129582, 0.866963122360008, 0.8071594332988952, 0.8804837473278357, 0.8634207917429573]"
C-selected,62117,2,False,False,True,"[0.7127256347262321, 0.6576198616783078, 0.7489901313012034, 0.6646102215367177, 0.6918210297038554, 0.7344478110310477, 0.6492702075602674, 0.6698612326900896]"
C-selected,62587,5,False,False,True,"[0.502206471613013, 0.8304843339174711, 0.6320802252736932, 0.7142380131284273, 0.5675283211852872, 0.8329523930767353, 0.5925096886784216, 0.7956311610933658]"
C-selected,62627,5,False,False,True,"[0.6809647149832483, 0.6423092852928025, 0.7123202742146765, 0.6962197844473185, 0.7341798427980474, 0.7570899525953605, 0.684246559248658, 0.7388094034957848]"
C-selected,63062,2,False,False,True,"[0.4659420385748718, 0.7493152887559049, 0.8147707616675421, 0.5586651103133154, 0.6479437514608876, 0.626024133575733, 0.494176327480883, 0.5304066371879826]"
C-selected,63247,7,False,False,True,"[0.5856921646592862, 0.6729198110663671, 0.6452235892891521, 0.7061164702944926, 0.7035486232022459, 0.6321467514402122, 0.7046220677918865, 0.7385054915137012]"
C-selected,63837,5,False,False,True,"[0.5995537273780027, 0.6212683332482791, 0.6695201924461438, 0.6407788832070749, 0.5595846851042909, 0.6988020772853963, 0.6683961500683944, 0.6981322474697209]"
C-selected,63869,7,False,False,True,"[0.720613104915705, 0.6321206113147457, 0.6511996364694345, 0.6933872662366178, 0.6165461907087448, 0.6981559969589481, 0.7727430245081666, 0.7761536019884729]"
C-selected,64050,1,False,False,True,"[0.7206411764445462, 0.786562533703199, 0.760626610903911, 0.739725587512926, 0.6980544611286421, 0.7687987554874338, 0.7786644591341945, 0.7450298831528139]"
C-selected,64148,2,False,False,True,"[0.6683748216531914, 0.6637899432987544, 0.750995269186485, 0.7480949201280214, 0.7190521000652994, 0.6834850833889553, 0.6373570874812193, 0.6518941429871525]"
C-selected,64195,2,False,False,True,"[0.682152671267656, 0.6084069996750614, 0.7441533091201731, 0.6582921764552916, 0.6459081374733093, 0.6741967101661314, 0.6909895590057671, 0.6392075158230549]"
C-selected,64262,7,False,False,True,"[0.7306171670240154, 0.6052058097574988, 0.7462518713168095, 0.7398613537487728, 0.7844566946734882, 0.7624688124460202, 0.7385098134130945, 0.8090972381713578]"
C-selected,64417,3,False,False,True,"[0.7583218303558883, 0.7182006611085909, 0.7491831848788814, 0.7875847082925702, 0.7859387481687958, 0.784183469016043, 0.6929434043929332, 0.7684994091758248]"
C-selected,64547,1,False,False,True,"[0.54008092205547, 0.7885190218483531, 0.5839274489191433, 0.6548732538360965, 0.7788714558858107, 0.5673053245177424, 0.6841335982429033, 0.7766146520876002]"
C-selected,64783,1,False,False,True,"[0.7620535907708419, 0.7823015885731763, 0.6586295596320095, 0.7806914988655552, 0.7568479547989302, 0.7240328179745453, 0.6983855862442225, 0.7382153465031651]"
C-selected,64851,6,False,False,True,"[0.711593799798343, 0.6412458354607256, 0.594101493422419, 0.6782463610304564, 0.5308110159848116, 0.7027405625234009, 0.7545260881616637, 0.7012305630201437]"
C-selected,64925,3,False,False,True,"[0.7818386616240172, 0.743231436984978, 0.726946641547237, 0.8364442753538699, 0.7127453459091198, 0.73635314981984, 0.7942226589893346, 0.7971064988944422]"
C-selected,65218,4,False,False,True,"[0.6276377791543958, 0.5663927420492378, 0.6755429246819832, 0.6532426601864145, 0.7068452005875105, 0.6843223487498595, 0.6545467789337758, 0.629407025397873]"
C-selected,65340,3,False,False,True,"[0.7227928948590147, 0.6931151889167677, 0.7198337133530666, 0.7642476454156212, 0.6702287366193853, 0.6549837202761161, 0.6742428066225135, 0.6895706324196904]"
C-selected,65348,0,False,False,True,"[0.7278457591487631, 0.6909758964369683, 0.7188947265865, 0.6789666609316617, 0.7180041517385161, 0.7244809685624503, 0.7117586558379134, 0.6776672708003757]"
C-selected,65417,4,False,False,True,"[0.7345925432138588, 0.6917007717407406, 0.7049147762161175, 0.7081054559781952, 0.738335101820379, 0.7104300380545565, 0.6923970168897607, 0.703720842301679]"
C-selected,65553,7,False,False,True,"[0.6960914882171363, 0.6900184048459628, 0.7370885421082888, 0.6569512009701945, 0.7642890137805674, 0.6920414735753759, 0.690720501495222, 0.8110328082525445]"
C-selected,65609,4,False,False,True,"[0.7440824425065655, 0.8277929266943099, 0.7578805755364567, 0.8498096724950689, 0.8519866584331686, 0.8286298354791755, 0.8329471984227851, 0.7320413992342272]"
C-selected,65690,3,False,False,True,"[0.6233626450075989, 0.6549092494539945, 0.6525771236811543, 0.7622980211223227, 0.740158541735699, 0.6801200450544564, 0.6174057506390431, 0.6748379320259372]"
C-selected,65878,3,False,False,True,"[0.7418431880768008, 0.7425344453194753, 0.6821052853028635, 0.7718588438290697, 0.7693566764677551, 0.7328418145853304, 0.7401276612644978, 0.6809412728704445]"
C-selected,66058,0,False,False,True,"[0.7450487668092415, 0.7159349519144245, 0.6303684399056086, 0.6284782660488417, 0.6665254941475506, 0.6830315592502145, 0.6252578720498005, 0.6857624650393241]"
C-selected,66209,2,False,False,True,"[0.7478582042614779, 0.7047404101808672, 0.7703606936150229, 0.7044282196661684, 0.6549326796842121, 0.6901729226847726, 0.6803213948259079, 0.7508475828534462]"
C-selected,66269,6,False,False,True,"[0.7440136918708219, 0.6017542569199543, 0.6514585031922557, 0.6844992668543901, 0.7013279192624887, 0.6815934683330479, 0.7531211506467186, 0.6955809340090984]"
C-selected,66437,4,False,False,True,"[0.7235212384915812, 0.6867326821343103, 0.6374288434900588, 0.6922221435574167, 0.7473093492004179, 0.6886348952022838, 0.729603836887514, 0.6459443480453138]"
C-selected,66512,7,False,False,True,"[0.7261402878864653, 0.671037834578406, 0.7051021327676559, 0.7460436724668409, 0.7265085976575096, 0.6997054663102833, 0.6758339666592403, 0.795511969409764]"
C-selected,66559,6,False,False,True,"[0.6969737963783667, 0.7359889362857143, 0.7405951459192228, 0.7436703394110796, 0.7914645594842474, 0.7473064140979575, 0.7948851226747933, 0.6827644703080276]"
C-selected,66875,1,False,False,True,"[0.7636103815861806, 0.7763825240053994, 0.7162739432271863, 0.7472440009217765, 0.7304599171437485, 0.7543419442300499, 0.715421830522347, 0.7683196014295806]"
C-selected,67261,3,False,False,True,"[0.6134189153849194, 0.504832192407482, 0.6098963007368463, 0.7165276051058094, 0.5040945308162976, 0.539849802326031, 0.5673881928379134, 0.5870363126453876]"
C-selected,67281,0,False,False,True,"[0.856476112110593, 0.7877947101926204, 0.827336242316798, 0.8459546911238225, 0.8169006050443542, 0.8311836408986584, 0.813190173376586, 0.8111699028008695]"
C-selected,67361,2,False,False,True,"[0.7593246388678017, 0.7703635332502143, 0.8400754787936516, 0.8365907144322038, 0.703323056600458, 0.8199298569833369, 0.8382615000943583, 0.8114407120252044]"
C-selected,67444,1,False,False,True,"[0.7567714087191579, 0.8158501879856561, 0.73877079648835, 0.8037877611733224, 0.7396222646023202, 0.8087739997436054, 0.6838640092825179, 0.7854108889387612]"
C-selected,67673,3,False,False,True,"[0.7326645862651793, 0.6949248780941198, 0.7330744613861007, 0.7634938141972303, 0.7326565421404068, 0.731610948726482, 0.7077441845698456, 0.7357892365820742]"
C-selected,67708,4,False,False,True,"[0.7131817063455332, 0.7614344188595541, 0.7067832724750438, 0.7175648833481668, 0.7813209258481112, 0.725836732804785, 0.6720639599928775, 0.7063031036550238]"
C-selected,67899,5,False,False,True,"[0.7512341309218227, 0.7563839711729948, 0.6958022736670988, 0.6597088091463985, 0.6747637852135275, 0.7631469692321484, 0.7048115876782054, 0.7072940820794333]"
C-selected,68121,1,False,False,True,"[0.6408631768491115, 0.7673541465011582, 0.6119031061585084, 0.7378392154844542, 0.5972868841839822, 0.7214946262907393, 0.7235175887036376, 0.5401388729082189]"
C-selected,68127,3,False,False,True,"[0.7653841069575404, 0.7804511641372822, 0.7488103839109219, 0.796115656153306, 0.7876086991198878, 0.7523600735876805, 0.794833555013498, 0.7498027127664977]"
C-selected,68173,5,False,False,True,"[0.733810379109736, 0.6667171706504431, 0.6965466452691774, 0.7095020254549951, 0.6367412435340525, 0.788152538377068, 0.6332324996321201, 0.7388835950813544]"
C-selected,68193,4,False,False,True,"[0.7080622117392954, 0.6930472950306372, 0.683844788358609, 0.6486696391687323, 0.7571697388408685, 0.7478875730811148, 0.6076645435590745, 0.5957815407023042]"
C-selected,68287,2,False,False,True,"[0.6761091561104584, 0.6974784125312397, 0.7518312384564884, 0.6668582630220312, 0.73226504655888, 0.7164263721494868, 0.7504855397855056, 0.6908912304454022]"
C-selected,68394,0,False,False,True,"[0.7863519711898472, 0.6833512856754851, 0.6810656934409951, 0.6858760181729542, 0.6630032972869064, 0.6745574252108346, 0.7727321510882114, 0.6885484801649995]"
C-selected,68473,3,False,False,True,"[0.481501177643717, 0.732355189608427, 0.7458826033339709, 0.7707892360353956, 0.6372986817641839, 0.6731536965678364, 0.6911106727883887, 0.761368016565785]"
C-selected,68532,4,False,False,True,"[0.6778740086826136, 0.6288688847614785, 0.6277713733537347, 0.5888912171676739, 0.732530238611983, 0.6204388826014422, 0.6685973286247255, 0.6187570526000181]"
C-selected,68553,7,False,False,True,"[0.6987044953112052, 0.7089424061007101, 0.6713478880634507, 0.6552857035377557, 0.7452303440972143, 0.6782287445166482, 0.6453256274071019, 0.7529440159287344]"
C-selected,68819,3,False,False,True,"[0.6967370936061186, 0.6711676447080238, 0.6909578590265721, 0.7182410596751376, 0.7158637559452801, 0.6979005494930004, 0.6962377452041493, 0.7079059543416648]"
C-selected,69085,3,False,False,True,"[0.8096263729687827, 0.7948497011296289, 0.7804852767803698, 0.8107926436775392, 0.7843956713943556, 0.7832040029757497, 0.8057068536036016, 0.7688892792644818]"
C-selected,69087,2,False,False,True,"[0.7749929560969937, 0.7162791787784446, 0.7839804177568257, 0.7670080090750444, 0.6942568442653956, 0.7220002255116555, 0.6902754233588217, 0.7368221435617055]"
C-selected,69137,2,False,False,True,"[0.7514876835358286, 0.7355244441977458, 0.7533795476842364, 0.649335162175555, 0.7139879575332981, 0.6744522327857603, 0.7526166700177493, 0.7320932439576504]"
C-selected,69462,0,False,False,True,"[0.8506723135794669, 0.6505062166915765, 0.802725697390263, 0.7990125874649493, 0.8009019217792499, 0.7938432513226776, 0.7871351714904447, 0.7951718978585471]"
C-selected,69641,1,False,False,True,"[0.8576950402720296, 0.8793603709629083, 0.8498234269242559, 0.8249307229562317, 0.855955960707081, 0.8609924186629432, 0.8318238535015935, 0.8469787259800752]"
C-selected,70279,5,False,False,True,"[0.7153492765811673, 0.6180163962272065, 0.6403883508636891, 0.554639209111725, 0.6042484989064971, 0.7608190326652278, 0.6633304230007546, 0.6611180624290591]"
C-selected,70372,1,False,False,True,"[0.6715634120172925, 0.7474133503888025, 0.7157732636860379, 0.713274025894331, 0.3841942780832327, 0.7161788016172421, 0.6246085307369296, 0.7295438559347027]"
C-selected,70496,4,False,False,True,"[0.7405828469022859, 0.7595769108482147, 0.7551912657258599, 0.6068501050676061, 0.7812172246868605, 0.7476669246806806, 0.7668964758720975, 0.7035104418628274]"
C-selected,70765,2,False,False,True,"[0.7778214547215785, 0.8025603708671382, 0.8054704706245457, 0.7346258225506233, 0.7696593821376083, 0.7301750557273118, 0.7789011940675047, 0.7646781224128996]"
C-selected,71264,4,False,False,True,"[0.7886588177206522, 0.6945379758730267, 0.8064192687815668, 0.7943375274825564, 0.8435423721295462, 0.6852110105888987, 0.7488842022433239, 0.8016075657790123]"
C-selected,71624,1,False,False,True,"[0.6007965537905161, 0.7306381453439691, 0.6427694781270443, 0.6742129402167634, 0.6710542556539971, 0.6258907053530618, 0.6875961929374446, 0.712731727697381]"
C-selected,71735,4,False,False,True,"[0.8675194111583031, 0.8665129461539105, 0.8362909541432016, 0.8741934768027406, 0.8809255532385871, 0.880569848048085, 0.8261392717769636, 0.8584738714839351]"
C-selected,72089,6,False,False,True,"[0.7685189713772609, 0.7790722807772699, 0.7671458930484194, 0.7818650022672249, 0.7370086441626256, 0.7494920431099761, 0.8077144924593005, 0.6859940206103758]"
C-selected,72151,5,False,False,True,"[0.8977477770947024, 0.842154837175353, 0.8995096071306278, 0.8867835348388188, 0.8309254052533261, 0.9014460978633844, 0.8753183086758164, 0.8658521282912706]"
C-selected,72389,2,False,False,True,"[0.6669730359896381, 0.7090609056024366, 0.7781401387456812, 0.7312047383464155, 0.7228853618965949, 0.7086061782112976, 0.7458065677857741, 0.7109979298351381]"
C-selected,72527,1,False,False,True,"[0.6550838108184825, 0.7813839318389604, 0.732458539038642, 0.7530031502253915, 0.7712949224743485, 0.7255600972943139, 0.7461162398734329, 0.6964743676433083]"
Mean-selected,95,4,False,False,True,"[0.7745787503204941, 0.7536127294023689, 0.748594616481921, 0.7631432219358195, 0.7932072979182991, 0.776460313359887, 0.7598463319313905, 0.7622237475228768]"
Mean-selected,204,4,False,False,True,"[0.7836843124417584, 0.7241395778003454, 0.731039539507319, 0.7884420298371885, 0.7898724480392582, 0.7122551629147292, 0.7580586431758021, 0.7718544302445296]"
Mean-selected,318,1,False,False,True,"[0.6716189271275361, 0.7575982205365939, 0.7052284998891225, 0.7551160947412361, 0.7365785299107213, 0.7231939644006714, 0.6711780136855481, 0.7535233194801488]"
Mean-selected,356,1,False,False,True,"[0.6199185680781005, 0.7919094693720684, 0.7766298314169093, 0.7299493867343607, 0.7723831162850898, 0.6484340090501466, 0.6751870187212674, 0.7548336835162961]"
Mean-selected,425,2,False,False,True,"[0.6901555136875759, 0.7367171284569298, 0.7616747744687091, 0.7181782536416796, 0.718819629986287, 0.6229499194850971, 0.7063227922428184, 0.724087762099263]"
Mean-selected,458,3,False,False,True,"[0.6865915376845485, 0.7600485772192753, 0.7235075827957644, 0.7908449207151884, 0.7116496906346316, 0.780811851251233, 0.7654411529218416, 0.6779099104679673]"
Mean-selected,637,2,False,False,True,"[0.5001386181891235, 0.5965953773685431, 0.763882383031534, 0.5977716507013014, 0.6849699249180563, 0.686778772163771, 0.533850777465859, 0.6751297312797815]"
Mean-selected,709,6,False,False,True,"[0.6519924785642716, 0.6398827023018173, 0.6468247420205567, 0.5861486082978222, 0.6213340381339003, 0.6358508633825295, 0.6537107221631652, 0.588885630627795]"
Mean-selected,868,6,False,False,True,"[0.628288132441605, 0.6569071691265422, 0.718148223023741, 0.6479184140729869, 0.6262609606592417, 0.6803462764024202, 0.7484438600759091, 0.5848483781579658]"
Mean-selected,1015,4,False,False,True,"[0.6202543354476222, 0.5645548920896453, 0.6557894556129459, 0.6083171205731068, 0.7038163701356557, 0.6316219600208339, 0.6520787804331278, 0.5390972094653022]"
Mean-selected,1288,2,False,False,True,"[0.6353380259261806, 0.7274637390618224, 0.7466694583818108, 0.698595100538218, 0.7275633581265613, 0.6769795451427705, 0.6956233242698167, 0.7366037119528821]"
Mean-selected,1589,3,False,False,True,"[0.6454847440315062, 0.7397909776374965, 0.6737036530021723, 0.740510826681623, 0.6870410652755159, 0.6499580001305716, 0.6854278582295384, 0.6624476608512988]"
Mean-selected,1744,1,False,False,True,"[0.7149579834406179, 0.764260825327403, 0.6826023041102948, 0.6902694692538798, 0.724794731785678, 0.6855847657023637, 0.7463385880809139, 0.6878659280729331]"
Mean-selected,1818,4,False,False,True,"[0.6787059722100861, 0.6870799911066644, 0.7325100462199433, 0.7513924511684127, 0.7933125523975746, 0.7458494050011093, 0.6597765160297535, 0.7485957830203136]"
Mean-selected,2070,3,False,False,True,"[0.46450870126537935, 0.5587266448277448, 0.6217736777500863, 0.7137603579054494, 0.6255815252873365, 0.5738465547450466, 0.5327748625846744, 0.6537588166488864]"
Mean-selected,2125,3,False,False,True,"[0.6948460207481704, 0.6864097157027305, 0.7061143217913618, 0.7710605704941423, 0.7319803570544137, 0.5927762112205563, 0.6782975313389356, 0.6551485458108639]"
Mean-selected,2327,3,False,False,True,"[0.692789407047487, 0.6997385103386236, 0.7282421185855, 0.7283604159189614, 0.7105221027778423, 0.673458360965774, 0.7142748991518592, 0.7238563163978484]"
Mean-selected,2737,0,False,False,True,"[0.7998251317349891, 0.7845668972138914, 0.7749170541484327, 0.7662329219249606, 0.725519938449483, 0.7512910983207461, 0.7777223920391261, 0.7780363581569203]"
Mean-selected,2795,6,False,False,True,"[0.7841180674276115, 0.747866824359954, 0.7605438006108196, 0.765203335575215, 0.7914093640312003, 0.7743063989745798, 0.800855394985724, 0.7612077941482143]"
Mean-selected,2980,6,False,False,True,"[0.7866233787261948, 0.8002626468597893, 0.8149624463650398, 0.7904204223701379, 0.7844596789493732, 0.7803695886877302, 0.8184625331992466, 0.7997568468770789]"
Mean-selected,3338,1,False,False,True,"[0.7243367650401671, 0.7835165584049462, 0.5333023921639473, 0.6848531587290128, 0.6505861121160277, 0.6408589640710727, 0.6956463542862326, 0.5361781518328119]"
Mean-selected,3344,4,False,False,True,"[0.628434534097553, 0.6424632158107856, 0.5162778868130953, 0.6228893204378596, 0.7064912447560041, 0.6663632888005984, 0.6046284081239979, 0.5822028544769119]"
Mean-selected,3368,3,False,False,True,"[0.7130641687438746, 0.7343732267434591, 0.65702203243625, 0.7373097234560959, 0.7013972999607803, 0.7026762558221575, 0.6988419907960639, 0.7255488494977684]"
Mean-selected,3731,7,False,False,True,"[0.6650680970771514, 0.7707766306752941, 0.7774927588691768, 0.6638457410302283, 0.6958329760550399, 0.7653416951797505, 0.6840219373577019, 0.7782947203608933]"
Mean-selected,3803,3,False,False,True,"[0.6219422897134146, 0.5480618758088016, 0.650426240646445, 0.7846079177253211, 0.7328929997685949, 0.6577137638284494, 0.7595004506660066, 0.7344105421082383]"
Mean-selected,4292,5,False,False,True,"[0.5754997165211615, 0.641893412806632, 0.5451069885880684, 0.6182573911048594, 0.6360961933500139, 0.7612678663241945, 0.6271130159287609, 0.6502032715517054]"
Mean-selected,4409,1,False,False,True,"[0.5274990571450098, 0.7145800639655431, 0.5584171667722766, 0.6795776022907601, 0.6460136385583077, 0.6455822845412948, 0.7072302374380267, 0.5851644685149429]"
Mean-selected,4476,2,False,False,True,"[0.7024559383794832, 0.6796236767362813, 0.7427639327794646, 0.6116315215811543, 0.5052591443359447, 0.7272705462696183, 0.628764845090027, 0.6972655278851656]"
Mean-selected,4509,7,False,False,True,"[0.7168526394717998, 0.6710652201154936, 0.7208429704666954, 0.6673415170384843, 0.7566639189950664, 0.7622767943573379, 0.7126109360091979, 0.7741135041920904]"
Mean-selected,4927,3,False,False,True,"[0.6612697629277878, 0.7003948998047348, 0.6840795504210067, 0.7620668113095868, 0.550001266052768, 0.6752400773239775, 0.7012477567774105, 0.7065750336277129]"
Mean-selected,4967,1,False,False,True,"[0.7793748607194988, 0.797495709570875, 0.7698754665541396, 0.7673075790092774, 0.7572472314815848, 0.7655597503072153, 0.7528281446459802, 0.7827152498352934]"
Mean-selected,5340,4,False,False,True,"[0.6923479738142209, 0.7457523223900541, 0.5937918408982872, 0.7235370111236855, 0.749568892810266, 0.6639890557242689, 0.6872075747724808, 0.6500908874826954]"
Mean-selected,5582,2,False,False,True,"[0.6954187235951508, 0.6977524340059567, 0.7649963288421975, 0.6630575109219916, 0.7311975308444103, 0.742256187613526, 0.6460636186620776, 0.704053435132082]"
Mean-selected,5656,6,False,False,True,"[0.7621466659572269, 0.7237351660397724, 0.6759459093394488, 0.6902189170522798, 0.7639189408631322, 0.7480858210163467, 0.7806409966351293, 0.7064986092544394]"
Mean-selected,5683,7,False,False,True,"[0.7297939076206326, 0.662709576964245, 0.6443831553340791, 0.7473060928184416, 0.6995865414687263, 0.6453986028626721, 0.7014168573547587, 0.7699639146434163]"
Mean-selected,5790,7,False,False,True,"[0.7396664570797027, 0.7784674489358104, 0.7145580519479862, 0.6881340559754893, 0.689781018628034, 0.7863533320546947, 0.6976453656616404, 0.8066633286632308]"
Mean-selected,5929,0,False,False,True,"[0.7209696509411454, 0.7008357198757231, 0.6366185599340658, 0.6912320884836983, 0.719000759264354, 0.6676290270573886, 0.6507915649154892, 0.4740041473174307]"
Mean-selected,6315,5,False,False,True,"[0.6935517772016978, 0.7135292439489851, 0.6636729439258847, 0.7432621844189116, 0.7043137719212484, 0.7672507926413057, 0.5797505583840488, 0.6781709287062945]"
Mean-selected,6360,4,False,False,True,"[0.7009970280253344, 0.6052557352208368, 0.6312278850172799, 0.6851679916240376, 0.7551024410630216, 0.6457225388693252, 0.5794544640489336, 0.6830984255131823]"
Mean-selected,6454,5,False,False,True,"[0.7187829143373111, 0.6389609340059447, 0.7583894112373815, 0.7118491308558039, 0.7758677391990336, 0.7767444750459528, 0.7207760558069964, 0.7086794918431616]"
Mean-selected,6603,4,False,False,True,"[0.7027866724320574, 0.7054658911200014, 0.7421244237622866, 0.6723980795781724, 0.8024809389307715, 0.6745972630023545, 0.6988360044630244, 0.6619146718913314]"
Mean-selected,6750,0,False,False,True,"[0.7516523295391776, 0.6644909449903246, 0.6689645965146407, 0.7019469469671593, 0.6556763638835338, 0.5901524559786868, 0.6444998632819567, 0.6833962494320434]"
Mean-selected,6759,2,False,False,True,"[0.8019920145511241, 0.792516535847331, 0.8148886154900865, 0.7774043419235943, 0.7851642205024909, 0.8082938092338554, 0.7969585046681343, 0.78304408431972]"
Mean-selected,6770,6,False,False,True,"[0.7027191010952221, 0.6931354148189577, 0.7004057280549816, 0.7331012005488664, 0.7034440097605248, 0.7231592445853127, 0.7471728755061642, 0.6933801264665524]"
Mean-selected,6991,0,False,False,True,"[0.7565028799852704, 0.6756217245636444, 0.6467493684138268, 0.6876772513480496, 0.6430160027700944, 0.6241516211389915, 0.5849253871980054, 0.7363283129889328]"
Mean-selected,7306,4,False,False,True,"[0.633317820875585, 0.7056937986845603, 0.6220770842505343, 0.7307150511178848, 0.7378199839946453, 0.7056286598229307, 0.6009141215618631, 0.7229184028539971]"
Mean-selected,7355,1,False,False,True,"[0.6758753621253822, 0.7549237914943263, 0.7364059564417675, 0.6571573339858874, 0.6987979603947339, 0.6620354490781952, 0.6407262387350126, 0.7245200273322071]"
Mean-selected,7899,6,False,False,True,"[0.5762801591903269, 0.6632015355480365, 0.6441390620187963, 0.6957042971008838, 0.5537402615830691, 0.6799953085287211, 0.7073682380012367, 0.6140512803668472]"
Mean-selected,8061,2,False,False,True,"[0.6253468276412569, 0.49984793558075435, 0.7120653652141345, 0.6519559886852626, 0.6005186428493418, 0.615971846565494, 0.5892782971624332, 0.6062530610835061]"
Mean-selected,8215,7,False,False,True,"[0.5956202388472862, 0.5631940449017196, 0.47409438186814135, 0.6942244773814787, 0.6491810347809597, 0.6551519184277781, 0.579379230091333, 0.7167030584530323]"
Mean-selected,8234,7,False,False,True,"[0.7375614989073602, 0.7500188719981353, 0.7636167115305728, 0.6716924632154797, 0.7493780613187208, 0.7055334229717738, 0.7504766699551635, 0.7735404576605286]"
Mean-selected,8238,4,False,False,True,"[0.7923340551169764, 0.7973179009946563, 0.781922878076335, 0.7273917632284588, 0.8027089481554444, 0.7200624289308254, 0.7782048080346002, 0.7110289878276537]"
Mean-selected,8275,6,False,False,True,"[0.7688137894150024, 0.7264448769088809, 0.751596241116455, 0.742866837716242, 0.7563738161867533, 0.7432200592771303, 0.7829831144445075, 0.7473877816677398]"
Mean-selected,8367,6,False,False,True,"[0.7317883691636317, 0.7423327294915874, 0.6835187489294013, 0.6937867065449144, 0.7403969455392563, 0.7045068079094228, 0.7633225964627643, 0.7267762322258431]"
Mean-selected,8828,3,False,False,True,"[0.7446435023134075, 0.7742789866495183, 0.8051888488926198, 0.8291121618278725, 0.7881706712505646, 0.7997687924314882, 0.7534272623328054, 0.776411710598145]"
Mean-selected,8862,2,False,False,True,"[0.7298769809170207, 0.7437944438902477, 0.7584826206714983, 0.7430951445279592, 0.7452327389695723, 0.6349161295668146, 0.7486026742471084, 0.6428375288405331]"
Mean-selected,8926,2,False,False,True,"[0.6944435926354138, 0.5718523701440122, 0.7297001610640448, 0.6264818094651898, 0.7268204631782633, 0.6806193886797428, 0.7248831630720284, 0.6031291867861271]"
Mean-selected,9188,5,False,False,True,"[0.7641336434775794, 0.7443549416463271, 0.7811060915652361, 0.720521707072105, 0.7571300797259723, 0.7929576781276181, 0.7400198688406157, 0.7834184895449061]"
Mean-selected,9298,5,False,False,True,"[0.6145074703724871, 0.6643118529646621, 0.6814969076135258, 0.6956333743268123, 0.7351417075415436, 0.7515532028184015, 0.7347512084649555, 0.6666446356773675]"
Mean-selected,9376,4,False,False,True,"[0.7608749809296587, 0.7655581051084879, 0.7586004978644384, 0.7702162273740633, 0.773486450269681, 0.7413194037372185, 0.7665943655516504, 0.761065978004329]"
Mean-selected,9712,4,False,False,True,"[0.59314632447219, 0.6859807234526655, 0.6841211266221522, 0.5781928575091007, 0.765640658656313, 0.703132895740407, 0.7512240245115414, 0.6869261592442042]"
Mean-selected,9877,2,False,False,True,"[0.728049181870142, 0.702519012638065, 0.7536111133117417, 0.6649664648196434, 0.6907197305721637, 0.6573135595869881, 0.6964405212681355, 0.7018632650015733]"
Mean-selected,10115,3,False,False,True,"[0.6614014751674699, 0.7414356055220483, 0.5342765235444079, 0.7527101706662422, 0.747598629639705, 0.5758362241831307, 0.7169268308603353, 0.6643665250818295]"
Mean-selected,10191,0,False,False,True,"[0.7844855669625881, 0.7231394431545004, 0.7795847774924449, 0.7572967374978312, 0.7591200550940167, 0.7215353189923897, 0.7267252814975018, 0.7143257998869263]"
Mean-selected,10361,4,False,False,True,"[0.6520805833255179, 0.6756302934210998, 0.6817655012074657, 0.7033654353515646, 0.7311345716692927, 0.7263658037683887, 0.6707558826417379, 0.5828124543770881]"
Mean-selected,10602,2,False,False,True,"[0.7705918028949738, 0.7532074514609085, 0.7983115605262749, 0.7561242821900105, 0.774049227287352, 0.728265514461043, 0.7767694361072217, 0.7900771889797251]"
Mean-selected,10622,2,False,False,True,"[0.7552089682438133, 0.731108140383075, 0.7840038019449154, 0.6367509648948347, 0.7394027893790736, 0.7224289093981098, 0.7705434480334125, 0.6656396309322237]"
Mean-selected,11050,4,False,False,True,"[0.6456473898638566, 0.5770565477274702, 0.6913525741823718, 0.6523141442536524, 0.7815186575741304, 0.7489051976188769, 0.752430272104714, 0.6240764835613727]"
Mean-selected,11274,5,False,False,True,"[0.7528279801207637, 0.768883992077685, 0.7871970724134609, 0.7248062456493554, 0.7398640846751072, 0.8170650989682844, 0.7907010143341626, 0.7630549805732358]"
Mean-selected,11493,3,False,False,True,"[0.7015983090967375, 0.7289836354943064, 0.6926854467646464, 0.7856458749262818, 0.6522281901032759, 0.6848645888469296, 0.6261678778290274, 0.6591690972101498]"
Mean-selected,11757,5,False,False,True,"[0.7192420329557225, 0.7039720665380997, 0.6721988357950786, 0.7272927631671611, 0.7315434748411718, 0.7393486440135946, 0.635287085363454, 0.6231391069182237]"
Mean-selected,11886,2,False,False,True,"[0.7778124510668711, 0.7748633777935527, 0.8023614801791763, 0.745581352213649, 0.7881514138067949, 0.7655268443203237, 0.7376661703568419, 0.7522050764114271]"
Mean-selected,12122,1,False,False,True,"[0.6868509694431579, 0.7328581810442789, 0.6803147397587563, 0.6410824051940929, 0.6792242481180097, 0.67959891273421, 0.640878127516755, 0.685290250746793]"
Mean-selected,12225,5,False,False,True,"[0.7262163422224888, 0.7361081293121258, 0.686329947302714, 0.6360741949294639, 0.5992753521880971, 0.7534245324689357, 0.7307470593333258, 0.6295828078073048]"
Mean-selected,12292,4,False,False,True,"[0.616722570492146, 0.6470274488685201, 0.7417643269808065, 0.7617938317581545, 0.772522253467919, 0.7075907123071724, 0.7196028192445901, 0.718719900926214]"
Mean-selected,12340,7,False,False,True,"[0.7357080794430323, 0.725408382731549, 0.7430532243897574, 0.6290832873474668, 0.7559308119502717, 0.7507928938965671, 0.7472224416759935, 0.7829807084992009]"
Mean-selected,12386,0,False,False,True,"[0.7314334172131527, 0.6142559043913947, 0.6818279124814375, 0.6792432408210105, 0.7097213301020059, 0.6940511066531139, 0.6717738595117156, 0.6614450397326497]"
Mean-selected,12597,2,False,False,True,"[0.5314269154864019, 0.6494881578011044, 0.7133617134113196, 0.6259723522196352, 0.6146429584351303, 0.6381480289199118, 0.566832062747693, 0.5905616393727546]"
Mean-selected,13041,1,False,False,True,"[0.6915170514941049, 0.7893301543262157, 0.7356473190729519, 0.6767008350432729, 0.726314197436307, 0.7132951350567134, 0.7170587273332852, 0.7766688214137034]"
Mean-selected,13134,6,False,False,True,"[0.6749186648953416, 0.7033043912220307, 0.6909298499825016, 0.6991246354723097, 0.7199957415317617, 0.7160451078161679, 0.7533423167832913, 0.6662567312323368]"
Mean-selected,13223,7,False,False,True,"[0.7034952489972608, 0.7490799393161878, 0.7581384479861393, 0.620418788684086, 0.7464713855123504, 0.7601585420081312, 0.7116026159456119, 0.8220457636211598]"
Mean-selected,13298,3,False,False,True,"[0.6843206812974426, 0.6731700841460929, 0.6611490465409031, 0.7474079251412702, 0.7337645110495068, 0.6871383640979434, 0.7370108220612739, 0.676165437499896]"
Mean-selected,13587,4,False,False,True,"[0.7586344942448247, 0.6462740300065921, 0.6826111758349671, 0.7012827792939864, 0.7623575406190801, 0.708735534199493, 0.664603360271157, 0.687087311674929]"
Mean-selected,13703,2,False,False,True,"[0.6391675357590759, 0.6875234321896604, 0.7559716390803353, 0.6358112663214153, 0.6264372716786961, 0.6633620740511709, 0.6972683824329946, 0.7128365311381323]"
Mean-selected,13741,1,False,False,True,"[0.7103435208089507, 0.7235466734119262, 0.7147337305477871, 0.7001123892806345, 0.5999703064546824, 0.6697408162074188, 0.6960090557802705, 0.7146503610254699]"
Mean-selected,13749,1,False,False,True,"[0.6175647609649917, 0.7338761931164384, 0.6397741474980583, 0.6938716255474862, 0.6037679170210717, 0.56448328283109, 0.6922820564210788, 0.5279363225971886]"
Mean-selected,13826,5,False,False,True,"[0.6846270916050654, 0.7849933092648469, 0.7706611030095711, 0.6711188864749607, 0.6846971738720659, 0.7923342837783269, 0.7206153668947415, 0.7783100730217324]"
Mean-selected,13842,0,False,False,True,"[0.8067811684524512, 0.7770195394764047, 0.7714846076500405, 0.7568033253055195, 0.7675827526081651, 0.7493440815806259, 0.7593010421040525, 0.77820981582159]"
Mean-selected,13879,6,False,False,True,"[0.6141081380656213, 0.6344646755258476, 0.7025752797402434, 0.5995619332440336, 0.6399823297865032, 0.7265799111754201, 0.740621154753155, 0.7057357221469901]"
Mean-selected,13895,4,False,False,True,"[0.7042584478345122, 0.6846605237299471, 0.7042559523691674, 0.7060432417486118, 0.7804956531398024, 0.6821496093075424, 0.6540468214606412, 0.6841325492769494]"
Mean-selected,13938,0,False,False,True,"[0.8103079226689247, 0.766089191075061, 0.7524202503709265, 0.7817000949557413, 0.7777248721542651, 0.7776159891580708, 0.7955296706065959, 0.7971282035681545]"
Mean-selected,14049,2,False,False,True,"[0.7237040419312176, 0.7416946822133428, 0.7782758790969018, 0.7246813936414528, 0.7621147679139417, 0.766987941303431, 0.7337976396258297, 0.731800692741122]"
Mean-selected,14170,1,False,False,True,"[0.7879040560940462, 0.7899601601964623, 0.7748680296776825, 0.7761000206802657, 0.7894782100029133, 0.7745924925313096, 0.7416726447653268, 0.765173123192418]"
Mean-selected,14245,2,False,False,True,"[0.7456058546562063, 0.7280808810341187, 0.8021938721416288, 0.743791115194861, 0.7669649007907177, 0.7481349897308317, 0.7933874718156435, 0.794213977492092]"
Mean-selected,14274,1,False,False,True,"[0.7742639552773387, 0.7751112452304799, 0.7361497899948122, 0.7689405670235326, 0.704133125278471, 0.7708516248909554, 0.7078128319150747, 0.6936878765866294]"
Mean-selected,14728,6,False,False,True,"[0.7148275229803973, 0.6779658842978404, 0.7063784745701778, 0.7248271091979497, 0.6978919916303906, 0.6520168403182603, 0.7376706438423883, 0.6562195944346778]"
Mean-selected,15068,1,False,False,True,"[0.7842455433544765, 0.7957476799969156, 0.7947296016536385, 0.7772371720132351, 0.7598022952490624, 0.7765502950874685, 0.7665667069246407, 0.7779029872211582]"
Mean-selected,15181,7,False,False,True,"[0.6984480496327341, 0.718359632621377, 0.7359703304693007, 0.6639462554743099, 0.6773216819587197, 0.7084580478985252, 0.6818198646585958, 0.7426156308787627]"
Mean-selected,15182,5,False,False,True,"[0.648381201478605, 0.5831985933025371, 0.5947737097985863, 0.6649909812860317, 0.6869746725681973, 0.7332808756821516, 0.6011508628046468, 0.7324457588992943]"
Mean-selected,15191,2,False,False,True,"[0.663255726528316, 0.6179724049017912, 0.7880809047582087, 0.6695530463032777, 0.7073081985325709, 0.7193394095776295, 0.6806093051953765, 0.7506421650347492]"
Mean-selected,15274,3,False,False,True,"[0.7207985246264232, 0.7783495499390022, 0.7554947063964339, 0.7925316302597395, 0.7809288197813077, 0.734809392413647, 0.7509508613448699, 0.7675310671414037]"
Mean-selected,15386,6,False,False,True,"[0.7151666996780035, 0.7063998469171662, 0.732460833427529, 0.7405256314475399, 0.7447989165110234, 0.7037054672298604, 0.7674212025270273, 0.7026882756483055]"
Mean-selected,15438,7,False,False,True,"[0.6907829567231938, 0.6946795729141813, 0.7151780984615463, 0.6802588315585388, 0.690363165602663, 0.7418576064831772, 0.7489085366837734, 0.7713199201604666]"
Mean-selected,15516,0,False,False,True,"[0.7100064580618419, 0.6188216038889405, 0.6647930693157131, 0.633868516125783, 0.5482948076239319, 0.6389468126117819, 0.6297292649654525, 0.6561879521318055]"
Mean-selected,15631,0,False,False,True,"[0.7640225490872712, 0.7125925443613625, 0.7012742588155109, 0.6745007662522722, 0.7133336891435337, 0.7256628345600287, 0.7528084968108691, 0.6419207122221746]"
Mean-selected,15632,6,False,False,True,"[0.6367165221062596, 0.713390429201694, 0.7252841145809512, 0.6949788196204069, 0.6608098517580767, 0.7242956170071108, 0.7258569308265107, 0.6916631983587115]"
Mean-selected,15865,6,False,False,True,"[0.7120598616141577, 0.681063223913352, 0.6837448603352646, 0.6880705851126899, 0.7409366426285446, 0.6704740882365086, 0.8217883789284983, 0.6768572266815095]"
Mean-selected,15898,5,False,False,True,"[0.7774575138436985, 0.7864602358041, 0.7761459549972833, 0.673695065093437, 0.7382122797535331, 0.7923371177539711, 0.720270575352105, 0.7832763613684763]"
Mean-selected,15953,3,False,False,True,"[0.6959947234581025, 0.752719122827961, 0.7564592128891546, 0.7764815298984395, 0.7361910356835281, 0.7615583421705356, 0.732335039955847, 0.6828787661375021]"
Mean-selected,15985,1,False,False,True,"[0.6503385691056499, 0.7674228527306066, 0.6710173747158499, 0.590054637317939, 0.7540076017968833, 0.6198837325881046, 0.7063322476806093, 0.6647262659782326]"
Mean-selected,16251,5,False,False,True,"[0.7360767967558639, 0.6473212454291677, 0.6817780978427868, 0.7489601472404714, 0.6982258103452148, 0.8110192444353803, 0.7244289849266929, 0.7417759920751046]"
Mean-selected,16424,1,False,False,True,"[0.7105609944275899, 0.7601174939985794, 0.689749922918067, 0.6955218298921587, 0.7592411816282859, 0.702541772098684, 0.6660305461898604, 0.7558703208223364]"
Mean-selected,16525,1,False,False,True,"[0.695310340879199, 0.7937363285766982, 0.7375883734281133, 0.7335466514003068, 0.6869344926941661, 0.6559221531635473, 0.7066533822696068, 0.6881180225387056]"
Mean-selected,16625,4,False,False,True,"[0.7741840465055871, 0.7765652788470838, 0.8001664236824573, 0.7887626653496278, 0.8111954792045906, 0.7564423214631024, 0.7954128135235761, 0.7970765098319033]"
Mean-selected,16718,2,False,False,True,"[0.6828833711864135, 0.7030525298611954, 0.7639418749357579, 0.7077196284624028, 0.643367357410099, 0.6775162619442205, 0.6898016087647898, 0.6768864761534509]"
Mean-selected,16800,6,False,False,True,"[0.7164823162426177, 0.6772831837352369, 0.7486879718528152, 0.7156375094470463, 0.7184176547984978, 0.7343868641670317, 0.7504891406369938, 0.6852973719067244]"
Mean-selected,17017,2,False,False,True,"[0.6205303776158577, 0.6164665443446538, 0.7210650075059051, 0.6330343064853924, 0.6712841534597345, 0.6709125226902511, 0.7050676790405325, 0.613032385678464]"
Mean-selected,17605,6,False,False,True,"[0.7336239963938369, 0.6510833616237961, 0.5487308393212693, 0.721881593677131, 0.7415446292249938, 0.6561798491880788, 0.7528501244236234, 0.7282157507330389]"
Mean-selected,17651,1,False,False,True,"[0.7103458944988262, 0.7721692559847659, 0.6492179633163764, 0.6896288361783389, 0.7159368756450643, 0.7475943136938552, 0.7420821580612897, 0.7134600074390035]"
Mean-selected,17795,0,False,False,True,"[0.7616661504500881, 0.6977486215884993, 0.7211384685523032, 0.724804456152991, 0.6031101472768106, 0.7066423269730644, 0.6161683935461515, 0.7553781805781195]"
Mean-selected,17843,1,False,False,True,"[0.6835066220919443, 0.7233415910994656, 0.6516852697640373, 0.6661544999411723, 0.638680344670395, 0.7072971008517059, 0.7128630391104973, 0.7172660884028361]"
Mean-selected,17865,6,False,False,True,"[0.741013228303855, 0.755203506082628, 0.7417809511271998, 0.7740187533245283, 0.7513183465456084, 0.7226077845768057, 0.7956585887966924, 0.7905222890993802]"
Mean-selected,17946,0,False,False,True,"[0.7414559212698701, 0.652416980195479, 0.7305001771709226, 0.6706679242588351, 0.6829481270098596, 0.7161539884719754, 0.6807988705580226, 0.7014230710258337]"
Mean-selected,17987,2,False,False,True,"[0.6288233741161166, 0.6782551289374613, 0.7333457105391015, 0.669438003625126, 0.628601068125961, 0.6679059144108253, 0.7017837729155298, 0.6925911382534451]"
Mean-selected,18115,2,False,False,True,"[0.6375920722074895, 0.6362274783476305, 0.6866878040385394, 0.5590223813262608, 0.6403246238022031, 0.6706782832057098, 0.5508107763828994, 0.65501912099156]"
Mean-selected,18159,1,False,False,True,"[0.6241539901324517, 0.7747601214459154, 0.7209626573830576, 0.7317992031830165, 0.7314427397260783, 0.697033405190215, 0.7339172691429897, 0.6685208388060945]"
Mean-selected,18170,7,False,False,True,"[0.7047991463201908, 0.564614788988846, 0.6025032118671971, 0.6815375360875583, 0.6745587441452079, 0.629676262829483, 0.6113328206203748, 0.7269600900952133]"
Mean-selected,18556,4,False,False,True,"[0.8013529545358775, 0.7763282108209514, 0.7560414444287824, 0.7306426506449202, 0.8018893557701053, 0.7366091342581662, 0.7720082497143036, 0.7707624600749962]"
Mean-selected,18888,7,False,False,True,"[0.589907223082988, 0.6525501532449304, 0.6110051659654783, 0.6581148890685646, 0.6601620476583725, 0.5821874984367175, 0.680091286145369, 0.6841056576716833]"
Mean-selected,18960,7,False,False,True,"[0.6560048968470501, 0.7158872590634386, 0.6940610814155517, 0.7151584829993354, 0.6650515578100751, 0.6610669706217017, 0.7128436105966165, 0.7740839518982401]"
Mean-selected,19331,2,False,False,True,"[0.7383497006287243, 0.7403834963684496, 0.7721917116521423, 0.7280924860979325, 0.7560796273633394, 0.7627568475235076, 0.7597485173069336, 0.7641679984687407]"
Mean-selected,19471,0,False,False,True,"[0.8006691599656167, 0.7986222110929957, 0.7604536884848643, 0.7453513890881407, 0.7441371884775139, 0.6960882710882411, 0.7706618660532876, 0.703416984929929]"
Mean-selected,19593,5,False,False,True,"[0.5893183109112089, 0.6227851131601705, 0.6528353433957699, 0.6907757028511068, 0.7026032414429129, 0.7273449491253663, 0.7253257106926576, 0.6767024226064827]"
Mean-selected,19605,2,False,False,True,"[0.6441595723118755, 0.6271195766968001, 0.6803955562317081, 0.6467681102119127, 0.55727490062329, 0.651878287417734, 0.602325244630779, 0.6785908986026972]"
Mean-selected,20013,2,False,False,True,"[0.7080617670440585, 0.7171867727134191, 0.7456206044184955, 0.6726733402047402, 0.5310873714916888, 0.5973267239287254, 0.6682548497738283, 0.639499291653844]"
Mean-selected,20072,6,False,False,True,"[0.7394451320746593, 0.7155427546387942, 0.6707524727666401, 0.6747552907520715, 0.6089131308692612, 0.6995692833282496, 0.7450501136959178, 0.6451082741384087]"
Mean-selected,20317,0,False,False,True,"[0.7674372227520504, 0.6948226097334586, 0.7567595389606622, 0.7236055476440874, 0.7662334748678623, 0.6706108078940627, 0.6545287533141817, 0.6731685197561499]"
Mean-selected,20380,7,False,False,True,"[0.39397253306476315, 0.6066042738952651, 0.5813692779730328, 0.6356601091823457, 0.6411619796824779, 0.552756722011281, 0.38583230218041753, 0.7605076516080349]"
Mean-selected,20520,6,False,False,True,"[0.6519323544330078, 0.6579248008714423, 0.7562933118524999, 0.5817410058416332, 0.7074377326883676, 0.7200448625308626, 0.7652587817345304, 0.6971304107734813]"
Mean-selected,20545,1,False,False,True,"[0.5899476269082589, 0.7482056536734187, 0.6483899855771533, 0.6701925381283687, 0.7365988006532205, 0.6008687790013516, 0.5622491204378868, 0.5944435588012944]"
Mean-selected,20863,0,False,False,True,"[0.7325116460045884, 0.6628371915309703, 0.6355276792696603, 0.6742115936641224, 0.6341283491011235, 0.6595944417378661, 0.6724402317171405, 0.7109532094390711]"
Mean-selected,20882,3,False,False,True,"[0.7646190063107938, 0.7391158279467798, 0.7628138095916127, 0.7702850425275977, 0.7338506447813211, 0.7663431497443292, 0.7436917722025908, 0.7345301624318996]"
Mean-selected,20904,3,False,False,True,"[0.7929183571281092, 0.7622462558080272, 0.7841159266101492, 0.8124953141058819, 0.7533499743728899, 0.7873401256265764, 0.7450730608147567, 0.7757296565957823]"
Mean-selected,21295,4,False,False,True,"[0.7387338624151815, 0.7922865439772288, 0.7851629474322308, 0.7534204839617913, 0.8148905078491377, 0.7217064233799586, 0.7173451970057096, 0.7632902615192572]"
Mean-selected,21414,2,False,False,True,"[0.7690246343445709, 0.743817814362798, 0.7812019134575641, 0.7188260699910292, 0.7756714675910927, 0.7618125517217189, 0.7478269413099412, 0.7166456491821585]"
Mean-selected,21436,6,False,False,True,"[0.7779460954268805, 0.7892101727581249, 0.8032338280566156, 0.6045504764760868, 0.7087228621590257, 0.7411522631928278, 0.8091573863581725, 0.7469333595299901]"
Mean-selected,21558,3,False,False,True,"[0.7188130109224087, 0.6826967419500433, 0.7113866199289699, 0.7456658532166978, 0.7413524297738047, 0.6955501965124498, 0.7123449233209436, 0.6929304858813714]"
Mean-selected,21887,4,False,False,True,"[0.6640531405348296, 0.6728711989666274, 0.6274387633312638, 0.7214300624209842, 0.729352287232811, 0.6751565378384253, 0.7252526382585206, 0.7002705518035003]"
Mean-selected,22215,7,False,False,True,"[0.6947043193868416, 0.6466888613127576, 0.6917142241205462, 0.7145267892236067, 0.7170997008164619, 0.7115907329363251, 0.693990216666102, 0.721919879174565]"
Mean-selected,22299,1,False,False,True,"[0.6567445411813264, 0.7558254762593473, 0.6709024566466404, 0.7120509206527363, 0.7257306628799112, 0.7030351093609959, 0.6530781625688018, 0.6470914298472368]"
Mean-selected,22303,0,False,False,True,"[0.747602220105162, 0.7233835561418469, 0.6992631847982866, 0.690606648460727, 0.6903595631886602, 0.7177757761368644, 0.6292150629317748, 0.6161931701912691]"
Mean-selected,22452,1,False,False,True,"[0.6411208494234315, 0.7698652073621515, 0.5101515057224444, 0.6988832985471989, 0.6827038365017923, 0.6707899680992393, 0.7170456963660036, 0.6858351336333994]"
Mean-selected,22793,4,False,False,True,"[0.7062281691052565, 0.7228069554118416, 0.7249333500379453, 0.6937443445880855, 0.7505843526427611, 0.7394330903526587, 0.7317025441806034, 0.691437377337665]"
Mean-selected,22803,6,False,False,True,"[0.7567679444352456, 0.6771878085793464, 0.641340606580018, 0.7200276779991442, 0.7652580959204294, 0.7447419429597226, 0.7725341538595722, 0.6146750549250359]"
Mean-selected,22924,7,False,False,True,"[0.6603228364672356, 0.6796608098772184, 0.6595308756521575, 0.7139190503720758, 0.6470867260243267, 0.6932711034832943, 0.6954922119732836, 0.7391061597398645]"
Mean-selected,23314,0,False,False,True,"[0.7940345750020248, 0.7514246651706125, 0.7761383193059447, 0.7497392820372649, 0.7510398137673374, 0.7172232118468107, 0.7675727100533101, 0.7181027363678105]"
Mean-selected,23445,0,False,False,True,"[0.8089455247084683, 0.7323810222083342, 0.7139651206030188, 0.73065511146129, 0.7946483892148943, 0.7376781367452226, 0.709071139096106, 0.7562903894155324]"
Mean-selected,23479,4,False,False,True,"[0.7292772600054707, 0.5509684102289645, 0.6746388223142292, 0.7175462131623249, 0.7583297657372896, 0.7550413547422286, 0.6801783581221443, 0.7308958074152643]"
Mean-selected,23623,3,False,False,True,"[0.5401004878464658, 0.6435647306501622, 0.4678623281987926, 0.6644988017287023, 0.6549915999413973, 0.5159539622675114, 0.5770192537989594, 0.4392885983228747]"
Mean-selected,23633,0,False,False,True,"[0.78417808895145, 0.6546129199418655, 0.7059088025999372, 0.7353582986555585, 0.732570484442117, 0.780194000865594, 0.6906976353996535, 0.7553509911945575]"
Mean-selected,23642,2,False,False,True,"[0.5684769207156768, 0.6202894195468693, 0.7095551099253039, 0.688088988371959, 0.7061892193348652, 0.6248359239466437, 0.585449230085761, 0.6210989085578473]"
Mean-selected,23803,5,False,False,True,"[0.7409201632384006, 0.7670365958623835, 0.744035863704694, 0.7457466498214498, 0.7535777657885535, 0.8113942275204749, 0.7911076660662631, 0.7024438813714036]"
Mean-selected,24062,0,False,False,True,"[0.7785360201382019, 0.7022644761209003, 0.6639344966107665, 0.6937056660672225, 0.7488221776815172, 0.7463536873162326, 0.5446204785180071, 0.6034869803861866]"
Mean-selected,24103,1,False,False,True,"[0.7626614026640044, 0.7645209369533219, 0.6978789984173854, 0.6785339941978026, 0.7515239862581311, 0.7372322829343676, 0.7447808901975406, 0.7064357211244778]"
Mean-selected,24306,7,False,False,True,"[0.6683662741237121, 0.6787141962281603, 0.6528878661374973, 0.6751966126077493, 0.6860485523153954, 0.6177445225641711, 0.6711559268696716, 0.6895650062128502]"
Mean-selected,24700,3,False,False,True,"[0.6937188464762165, 0.7425848287846315, 0.7470393113622996, 0.7618016345714349, 0.6562627059247468, 0.7506524545413247, 0.6415124040859558, 0.6862805156450793]"
Mean-selected,24790,7,False,False,True,"[0.6379318681964905, 0.6620831224322519, 0.5114556858322326, 0.46044327745987423, 0.678990299470593, 0.588200655579766, 0.47304245773000325, 0.6886624282130877]"
Mean-selected,25150,5,False,False,True,"[0.6997504184498344, 0.6918175025257184, 0.6895023186870546, 0.6942153280386677, 0.7032198060566783, 0.7387568036710628, 0.7095629107336421, 0.7232401603196444]"
Mean-selected,25166,2,False,False,True,"[0.6784076939971144, 0.6847911028156921, 0.778277607123145, 0.7119021103194709, 0.7519736442417113, 0.7351360680725385, 0.6973296127869113, 0.7082765059065261]"
Mean-selected,25339,4,False,False,True,"[0.7313464514677557, 0.6819848396211166, 0.6791531412486708, 0.7431678323874868, 0.7579230830124375, 0.7458352671939984, 0.7075870227956216, 0.7331356468123509]"
Mean-selected,25360,5,False,False,True,"[0.7810786820346967, 0.6660196336675595, 0.6861385056325344, 0.7630582398114831, 0.6414211165912627, 0.8162172651013672, 0.7301251902382895, 0.793141348572749]"
Mean-selected,25374,4,False,False,True,"[0.7559205545911092, 0.7262969735237603, 0.7477232428787517, 0.7783456381270861, 0.8166759894021579, 0.7373260381978585, 0.7660220594868137, 0.7232365059827566]"
Mean-selected,25447,7,False,False,True,"[0.6767706581669204, 0.7369829798820521, 0.7561182647887461, 0.7394339428566732, 0.7301118140434366, 0.720847556475892, 0.7618829176571558, 0.7890902857138097]"
Mean-selected,26070,5,False,False,True,"[0.7223452164772153, 0.6761154163299414, 0.5890700354535635, 0.6240097186531193, 0.7418198965393867, 0.7437755170691868, 0.7287233787250942, 0.6836992793979858]"
Mean-selected,26146,7,False,False,True,"[0.6969565065538212, 0.7417720690762881, 0.7277562512150644, 0.7761216355376608, 0.6703527618517933, 0.752524330526795, 0.7568403017414806, 0.8005798906715954]"
Mean-selected,26419,2,False,False,True,"[0.6626266514404704, 0.7548258034944939, 0.8298008580504681, 0.7695477875708515, 0.7125890594682402, 0.6567511693831483, 0.6834210584630948, 0.7333785761741771]"
Mean-selected,26519,3,False,False,True,"[0.5447064060027235, 0.4652754401307587, 0.5956038896700578, 0.7312158949797615, 0.5546385813983596, 0.565207835810573, 0.5043660842720038, 0.5573337268182394]"
Mean-selected,26535,6,False,False,True,"[0.5943802601416632, 0.6409547488230088, 0.6022527296400795, 0.588857718750319, 0.689168932142237, 0.6904831153683851, 0.71080721515357, 0.6721542257436197]"
Mean-selected,26749,0,False,False,True,"[0.7880640460420452, 0.7594294682643126, 0.750780608989154, 0.7737319042414031, 0.7530870821937244, 0.7832528866288426, 0.7789404636604345, 0.782737677618385]"
Mean-selected,27131,5,False,False,True,"[0.7005666052669131, 0.5519126879854378, 0.5697093903756789, 0.6314627478863506, 0.6427692041330579, 0.7404183128636729, 0.6497335608823572, 0.6528973905456482]"
Mean-selected,27196,3,False,False,True,"[0.6869789274143999, 0.7521981186619746, 0.8005700272302874, 0.8109913930885886, 0.7485537308011828, 0.7502207840446149, 0.7717697188404058, 0.7194752254292622]"
Mean-selected,27240,6,False,False,True,"[0.7182008588546079, 0.6747436916385441, 0.6999832524432311, 0.6604544375445698, 0.7107406866119035, 0.720607712071486, 0.7236533076779859, 0.7145348352559875]"
Mean-selected,27260,5,False,False,True,"[0.7009707875653458, 0.7077995128474246, 0.7258262313368882, 0.6816720798828082, 0.7228654853282446, 0.7761647102211741, 0.7235886541392352, 0.7251535918858545]"
Mean-selected,27648,0,False,False,True,"[0.789074984915922, 0.7389349648205609, 0.7238541809325914, 0.7755733748445202, 0.7712269073821938, 0.7578251246201857, 0.756181493806338, 0.7479071939057436]"
Mean-selected,27688,2,False,False,True,"[0.7094770492463762, 0.7086549326251366, 0.7441738738987399, 0.7168486235418522, 0.6656290237421845, 0.7061029384219346, 0.662987989421697, 0.6567761375891397]"
Mean-selected,27781,5,False,False,True,"[0.6810327726527589, 0.7202313478999192, 0.6892205003122936, 0.6930694400572709, 0.7079962480884203, 0.7209200648178803, 0.7101054106824165, 0.7205068689960983]"
Mean-selected,28157,7,False,False,True,"[0.7549715421967611, 0.7791098157161347, 0.722604327122317, 0.7468261076851296, 0.7249123228131358, 0.7704283595747586, 0.7526641374679675, 0.7903912649429237]"
Mean-selected,28253,4,False,False,True,"[0.7803849292318599, 0.700201035926046, 0.7459514378873174, 0.7607074848090221, 0.7986436597245231, 0.7444930895656359, 0.6929255103309389, 0.6644320043725827]"
Mean-selected,28276,3,False,False,True,"[0.6947648251063749, 0.6626149109482811, 0.7119364711307118, 0.761265822406545, 0.6235494535571147, 0.709888629935514, 0.7072495520387303, 0.713615702100713]"
Mean-selected,28309,7,False,False,True,"[0.7273878214818228, 0.7621353668285121, 0.7778159658299644, 0.7702668501463119, 0.7257540618401469, 0.7372069739166458, 0.7725240127427007, 0.77934630374056]"
Mean-selected,28511,0,False,False,True,"[0.7855431147570042, 0.753983747031737, 0.6668217537713823, 0.7760089904093286, 0.7585806411129796, 0.6191094366498779, 0.6839511796570726, 0.7681492351212897]"
Mean-selected,28548,7,False,False,True,"[0.7462487124039423, 0.743059726300923, 0.7389565120354272, 0.8004808431946564, 0.7726331419447424, 0.8063214246923369, 0.768268937220332, 0.8074470408417134]"
Mean-selected,28979,4,False,False,True,"[0.7688476707394676, 0.6991329289958071, 0.6815889671751825, 0.735985063288995, 0.7908237920698542, 0.6907792675008559, 0.765235243886036, 0.7202083184820024]"
Mean-selected,29018,2,False,False,True,"[0.6834458500566962, 0.7180294963372738, 0.7324796461442634, 0.6468414565410903, 0.7088606312716755, 0.6185580050045283, 0.7109063468418098, 0.630999461292473]"
Mean-selected,29179,0,False,False,True,"[0.7948934684297352, 0.7563198481430978, 0.7558103138159076, 0.7183615381588859, 0.76975863612087, 0.7936677597179713, 0.7261098314310125, 0.773853297816933]"
Mean-selected,29221,0,False,False,True,"[0.7775009624955503, 0.7336153756540141, 0.7321572357196873, 0.7368187993428728, 0.7101630318278631, 0.7443396343533164, 0.748494344700692, 0.7143239164827375]"
Mean-selected,29400,0,False,False,True,"[0.7524207323123825, 0.6581194710821092, 0.7266714894599426, 0.7146863082261596, 0.6266275654632706, 0.6541664873905468, 0.6789680248585137, 0.6351314519353224]"
Mean-selected,29511,6,False,False,True,"[0.7821495608228417, 0.7506183971235263, 0.7215599662830795, 0.7552627455539824, 0.7048447228126753, 0.8038616221604546, 0.8155361339018113, 0.7072843047112906]"
Mean-selected,29591,6,False,False,True,"[0.5824765694604764, 0.6368949738957478, 0.6562086999185428, 0.6226803757691295, 0.6606440194783152, 0.5479157025930246, 0.6779450346027134, 0.6744604691137988]"
Mean-selected,29610,6,False,False,True,"[0.7046697703238755, 0.7466331133191253, 0.7068045393732975, 0.39764315506370257, 0.7013576557354421, 0.7637711497129476, 0.8053424039973884, 0.7009254455503333]"
Mean-selected,29717,2,False,False,True,"[0.7571316791952617, 0.755604146126706, 0.7831207630733183, 0.7802371351172475, 0.756647246770243, 0.7645842373418728, 0.7308144925436887, 0.6640149840968587]"
Mean-selected,29815,3,False,False,True,"[0.7771690058598377, 0.7675871453754444, 0.7854717588124374, 0.7948462938579546, 0.7834968580921682, 0.7842348725602452, 0.7686328985500579, 0.7424533072395679]"
Mean-selected,29831,3,False,False,True,"[0.7395459487757172, 0.721173004726007, 0.7330606170584351, 0.8094691258588111, 0.7542677518658962, 0.7826590542045277, 0.7704156058915166, 0.7334306910994495]"
Mean-selected,29903,4,False,False,True,"[0.6973278058024748, 0.6867069080005463, 0.6792363431338542, 0.6813185051704209, 0.7535063250735778, 0.7234088596428541, 0.7259190223797246, 0.728096836117921]"
Mean-selected,29942,7,False,False,True,"[0.7202913931294062, 0.7166932233538497, 0.7333121835439693, 0.699579066223649, 0.7685858493592672, 0.7074033892751406, 0.6624298386574171, 0.800474026787291]"
Mean-selected,30016,5,False,False,True,"[0.6446927842368014, 0.6908069782724874, 0.6485885325458434, 0.7029268618000885, 0.6586724273206411, 0.7599272479480486, 0.6637054763862682, 0.7303457127828081]"
Mean-selected,30068,1,False,False,True,"[0.7145192456133723, 0.8028872559556788, 0.7649397957175259, 0.7835151763778697, 0.7568122252620073, 0.7493858165727887, 0.7777694281432255, 0.7693979070833965]"
Mean-selected,30077,2,False,False,True,"[0.7672250873930904, 0.6956492455589159, 0.7961630424325874, 0.6591045558388848, 0.7889235633940184, 0.7298149521140742, 0.7109580096333976, 0.7662407138332616]"
Mean-selected,30139,1,False,False,True,"[0.6181190327512316, 0.7402185596693305, 0.7273692602433446, 0.733560987329352, 0.7211604983762526, 0.6928703784673231, 0.7133071674979274, 0.7305689300628774]"
Mean-selected,30888,3,False,False,True,"[0.7543115209962453, 0.7658127266158129, 0.6279800509889494, 0.7963069875424538, 0.7380416500316848, 0.7875092898035077, 0.6751986869251652, 0.7235716904264624]"
Mean-selected,30961,2,False,False,True,"[0.7821834155780372, 0.7067363272643477, 0.7887807272394971, 0.7106093241293556, 0.7326831456386729, 0.734894074464842, 0.682046922135208, 0.73380382313506]"
Mean-selected,31234,7,False,False,True,"[0.6812879989030565, 0.691169662871125, 0.7392411830681349, 0.70218372239504, 0.67127378525296, 0.7059253430094172, 0.7224522772234083, 0.7732368772578546]"
Mean-selected,31244,1,False,False,True,"[0.7068756924481401, 0.7339300968128863, 0.6607873760346837, 0.6581023341117469, 0.6551124317476722, 0.674986683343898, 0.7087904467561101, 0.7219874554840595]"
Mean-selected,31251,4,False,False,True,"[0.6559616406310849, 0.5514838958775963, 0.6054882632057572, 0.579106175393332, 0.7156924494141865, 0.6435832508638659, 0.6495089237676379, 0.6256439143018435]"
Mean-selected,31280,7,False,False,True,"[0.7346556784347738, 0.7829020522598622, 0.7734256391439995, 0.6252142059354566, 0.6949990926692216, 0.6773982441730476, 0.7419879484400496, 0.8049477009744022]"
Mean-selected,31503,3,False,False,True,"[0.6974927401696875, 0.7634410884639982, 0.6745892109966973, 0.7729902749485451, 0.6865618700336757, 0.684658746009325, 0.736493029712856, 0.7132060313767516]"
Mean-selected,31776,4,False,False,True,"[0.6842771038475839, 0.6706111050441748, 0.6533516021756467, 0.6925295209965079, 0.7463277118716176, 0.6624710706026553, 0.6600081195701556, 0.6277216898524045]"
Mean-selected,32051,7,False,False,True,"[0.7157928159141421, 0.6512119062438853, 0.6944493706420194, 0.666152227921643, 0.6930340003494622, 0.6279860384823448, 0.6431479864529084, 0.7596800720624813]"
Mean-selected,32062,6,False,False,True,"[0.7205160177168861, 0.7174606988899824, 0.7229876435852667, 0.7258370827606404, 0.717542933143996, 0.776986313499084, 0.7791176969483131, 0.7290838872498939]"
Mean-selected,32140,3,False,False,True,"[0.7484804025830192, 0.8286017833461379, 0.8014107127035683, 0.8289155134775572, 0.7729398580248394, 0.7956867952945377, 0.8032509291873543, 0.790939793741245]"
Mean-selected,32365,4,False,False,True,"[0.7738514993574317, 0.7795958048071304, 0.7469198494256191, 0.748640718592497, 0.7849839731724838, 0.7838888047787912, 0.7256266818199814, 0.7110390061119078]"
Mean-selected,32427,1,False,False,True,"[0.6754848067286587, 0.7800065280708339, 0.6345961417671356, 0.5576435672134894, 0.6498729175074711, 0.6577087397976196, 0.6860471532993119, 0.6657297869630618]"
Mean-selected,32470,6,False,False,True,"[0.7408652378301347, 0.7943387940784359, 0.7840440573248513, 0.7851554551355094, 0.7494341953644258, 0.799252141650288, 0.8069387045974388, 0.7789937613057896]"
Mean-selected,32532,3,False,False,True,"[0.760266138069627, 0.7779490353102035, 0.7674232907775282, 0.817451169165128, 0.6960041306725154, 0.7596742335248131, 0.7245955384257341, 0.7903718986334334]"
Mean-selected,32630,0,False,False,True,"[0.8052162284129415, 0.7972993360732314, 0.7779725812631824, 0.6874255384749106, 0.7753057351591155, 0.8016153633957914, 0.6207404163002843, 0.7199330253041385]"
Mean-selected,32680,6,False,False,True,"[0.7138546054719159, 0.7353346606516159, 0.7507714787589268, 0.6571609747502605, 0.7515624745105742, 0.7050478225985142, 0.7544491448647757, 0.6704031072506847]"
Mean-selected,32697,6,False,False,True,"[0.7914490123425049, 0.8108504202402576, 0.709100884067264, 0.7621763146717799, 0.8102827118244333, 0.7423300928403231, 0.819806805068948, 0.8019709850470113]"
Mean-selected,33057,0,False,False,True,"[0.8165607088240168, 0.737633867128531, 0.750835098720924, 0.7541627238443387, 0.7451356564829938, 0.7282052728142558, 0.7598045017087056, 0.7289303506987749]"
Mean-selected,33084,1,False,False,True,"[0.7645194814056535, 0.7991216395832139, 0.7747033080809085, 0.7243295864409905, 0.6846752978819891, 0.7891619003316049, 0.6832434059284254, 0.7132538109523959]"
Mean-selected,33123,2,False,False,True,"[0.7157706103297705, 0.7087420559743076, 0.7872091998698476, 0.711506404377868, 0.7025017661762595, 0.7220200657409928, 0.7801545999574073, 0.7136686981344311]"
Mean-selected,33256,0,False,False,True,"[0.7283996773414916, 0.7240041252033276, 0.7186993717323967, 0.6092695305125864, 0.7146001716887681, 0.710583164108824, 0.673677992210862, 0.6724700364485542]"
Mean-selected,33264,1,False,False,True,"[0.7168407354826062, 0.7479424786649942, 0.7243171603949439, 0.6034263311655861, 0.7325556496972613, 0.6972933068973644, 0.6871342499402564, 0.696527834433133]"
Mean-selected,33336,2,False,False,True,"[0.7128582111765305, 0.7221460132282105, 0.7723211648195398, 0.6313492115484993, 0.5882645897033574, 0.6234768830058074, 0.706551758099565, 0.6351166183928341]"
Mean-selected,33342,4,False,False,True,"[0.6539844663741345, 0.594770767346388, 0.678645509286494, 0.6301276660620925, 0.7572423728565096, 0.6919551961402693, 0.7031247260810151, 0.6896024998494255]"
Mean-selected,33512,7,False,False,True,"[0.636784531294156, 0.7428980953137636, 0.7230326269943079, 0.7172551876294502, 0.7365159581506104, 0.7430524382234382, 0.7107866001599428, 0.7597104813324675]"
Mean-selected,33863,4,False,False,True,"[0.7049151400761076, 0.7203328177737325, 0.6862795223136717, 0.6976366060942027, 0.73799294882579, 0.6885658822857565, 0.6957524857168484, 0.7318660599910707]"
Mean-selected,33990,4,False,False,True,"[0.7091642666506166, 0.7199557822062375, 0.7675860153925502, 0.7795598371791865, 0.7861500029036118, 0.7415448178653403, 0.7622402828425129, 0.7284048814706504]"
Mean-selected,34169,3,False,False,True,"[0.6629912927057142, 0.6364975403263724, 0.6461372929510931, 0.6875070594463215, 0.6628324784432233, 0.6246271054248655, 0.66162375192822, 0.602086648605128]"
Mean-selected,34198,4,False,False,True,"[0.7421008195623882, 0.7333625582708003, 0.7215030307652823, 0.7619878384949397, 0.799419581245429, 0.6356251274185151, 0.7370193832407209, 0.7711650899002375]"
Mean-selected,34415,2,False,False,True,"[0.7669799303694357, 0.7249835268919128, 0.7833423666038211, 0.7806982610390102, 0.7815838405422735, 0.7628245283327444, 0.7722984460696944, 0.7542950751675919]"
Mean-selected,34509,0,False,False,True,"[0.8093284595606569, 0.7388253263495651, 0.735603605497178, 0.7678623247216878, 0.7842929861090719, 0.7176138656460369, 0.7406485846388211, 0.7733656230174641]"
Mean-selected,34565,5,False,False,True,"[0.6959341329028137, 0.7408750739380195, 0.7215440540886358, 0.6932000198856523, 0.7677139012316885, 0.7708162262012144, 0.7213988352234294, 0.7663568557318916]"
Mean-selected,34854,4,False,False,True,"[0.7539291006118982, 0.7490074617545999, 0.7655352314248564, 0.707834588055807, 0.7789377458231419, 0.7626615576524716, 0.7712732235428195, 0.7704720615236169]"
Mean-selected,34998,3,False,False,True,"[0.7549422586665471, 0.7287884744784303, 0.69196411927483, 0.7859524571064376, 0.7273099694008328, 0.6969092345808997, 0.7318412004453023, 0.7724495488489596]"
Mean-selected,35100,7,False,False,True,"[0.6452186881575099, 0.6639099209507539, 0.6084787949830792, 0.6156715665915138, 0.7084395554672708, 0.7041336647810243, 0.7468135886933844, 0.767092735724483]"
Mean-selected,35119,3,False,False,True,"[0.6611873477912495, 0.6951743566506245, 0.7161498721204941, 0.7297549787938856, 0.6403920203077742, 0.6450439241369601, 0.6294482015507381, 0.6307510690545282]"
Mean-selected,35131,7,False,False,True,"[0.7257730193314933, 0.7322458862186113, 0.6986482872766522, 0.7742263465404804, 0.7638628592980221, 0.7787814431505836, 0.6997276270604021, 0.798952285139459]"
Mean-selected,35234,5,False,False,True,"[0.6971834094880593, 0.7345715186405306, 0.7594886518656365, 0.6882045086495616, 0.49263561238893144, 0.7673519282191554, 0.7375913061577665, 0.7073649001141915]"
Mean-selected,35269,2,False,False,True,"[0.7584531622788278, 0.6710040698656118, 0.8022871790292888, 0.6713079903648278, 0.6907042655135698, 0.712668019773398, 0.7703730728459637, 0.7462822754692269]"
Mean-selected,35281,7,False,False,True,"[0.7158974597734433, 0.7203419208180868, 0.6600228927040981, 0.6708162640608049, 0.6471075727253981, 0.6709969592819405, 0.7272203024339383, 0.7632871698479834]"
Mean-selected,35475,3,False,False,True,"[0.5941430913424449, 0.5341694114220463, 0.48401920385896363, 0.6107962940013039, 0.43753918798527913, 0.39438348525784184, 0.5368390759818131, 0.5116014504159667]"
Mean-selected,35600,6,False,False,True,"[0.7599739990545826, 0.7472254997571558, 0.7174979830796753, 0.7458310461285881, 0.7426532588301185, 0.733644845594916, 0.7637875086343857, 0.7415616483257522]"
Mean-selected,35613,4,False,False,True,"[0.7272242113115556, 0.7446701548593115, 0.7213224267969428, 0.6963531899156086, 0.7737182013191126, 0.7532815292679695, 0.7526080198557572, 0.7096037717127568]"
Mean-selected,35659,7,False,False,True,"[0.7553422064396795, 0.7781107583059541, 0.7666375342739241, 0.7820260434888218, 0.7541882718982469, 0.7943179433715362, 0.7660672167262065, 0.7978586522667777]"
Mean-selected,35916,2,False,False,True,"[0.682807779436, 0.7586508369144993, 0.7858028111844919, 0.7500362708766222, 0.7742179147295607, 0.7419015981424043, 0.7599079413524099, 0.7184848825982209]"
Mean-selected,35964,6,False,False,True,"[0.75603194263798, 0.6637489235231837, 0.7361603244374884, 0.7542225269831023, 0.7446785767966231, 0.7347480431398066, 0.7765742218911761, 0.7263879296570024]"
Mean-selected,36198,0,False,False,True,"[0.7522499875947034, 0.6046481995868314, 0.6586965995876264, 0.6750529850646796, 0.7100754462671659, 0.7359172992420009, 0.6052717838583377, 0.6664481042461629]"
Mean-selected,36287,2,False,False,True,"[0.7028933071100022, 0.5946205034978403, 0.738158674884286, 0.6330253883177848, 0.6649565305817297, 0.642222172991356, 0.6754187764345391, 0.7041694671048975]"
Mean-selected,36543,1,False,False,True,"[0.7634302792890867, 0.7718588536751922, 0.7537913608792546, 0.7633746325516562, 0.7379053953319723, 0.7698160518691468, 0.7718064039991968, 0.7696286461309619]"
Mean-selected,36557,3,False,False,True,"[0.7548822759656065, 0.7261939055479105, 0.722488819145501, 0.8080958456341014, 0.7430282911212419, 0.732330545798269, 0.7693371800288148, 0.7974030406437831]"
Mean-selected,36992,5,False,False,True,"[0.7314308268882752, 0.6028202988741413, 0.699802198451777, 0.6663664237469087, 0.6233287475124654, 0.751139256299678, 0.6927073443941405, 0.7445875757962214]"
Mean-selected,37034,1,False,False,True,"[0.7794483138822959, 0.7815349471157924, 0.7146635618531483, 0.6168915015521902, 0.665308953930627, 0.6629366768065503, 0.7639208878440379, 0.7049749245718424]"
Mean-selected,37053,7,False,False,True,"[0.7835649691800913, 0.808972403403108, 0.7875417773068294, 0.7153667418420044, 0.7571455767865745, 0.7802240021886837, 0.7913225204305243, 0.8236663222831665]"
Mean-selected,37255,6,False,False,True,"[0.5996860970869555, 0.7254546122872685, 0.6526337455716573, 0.6772766684370506, 0.7283428019614824, 0.460241701404303, 0.7411058286989953, 0.7250938332170795]"
Mean-selected,37362,0,False,False,True,"[0.8162885122144541, 0.6865593736864424, 0.7688687702941355, 0.7999650392077688, 0.6837689775234942, 0.7425097871534204, 0.7701067708212408, 0.764239416508196]"
Mean-selected,37406,4,False,False,True,"[0.7303252722636207, 0.6667507466511038, 0.6856771331661609, 0.7370072104215297, 0.7544022935943479, 0.6423480401607695, 0.7229315301911052, 0.711385729949602]"
Mean-selected,37505,7,False,False,True,"[0.5829795637862029, 0.5311318645602243, 0.6094212412202602, 0.560457927776286, 0.5987687884245418, 0.6044251388824683, 0.5596299279799566, 0.6103968707297909]"
Mean-selected,37552,0,False,False,True,"[0.796468253488646, 0.7735995039035708, 0.7901539827256768, 0.7549036039377879, 0.7962734468485777, 0.7510568139290762, 0.748590342475472, 0.7816665413833888]"
Mean-selected,37899,4,False,False,True,"[0.7702206803333462, 0.7939566168019687, 0.7721828780498063, 0.7979259443764125, 0.8056446173978695, 0.7819193719729587, 0.7814156839611284, 0.7969348789473948]"
Mean-selected,38091,4,False,False,True,"[0.6670092683608525, 0.605827385099014, 0.6676941339767953, 0.5876344935644398, 0.7374595541034541, 0.6781572100723646, 0.6676700932636053, 0.6855205135473701]"
Mean-selected,38194,7,False,False,True,"[0.7628518620881501, 0.705968725393173, 0.7702834061144554, 0.7683347099914968, 0.7236159589422767, 0.7366937576505834, 0.7578712194701378, 0.7851724265989046]"
Mean-selected,38375,2,False,False,True,"[0.687257578857835, 0.7039685375509833, 0.8046550784394729, 0.7546229255252476, 0.6871372100681432, 0.7741047150554468, 0.6842936291357873, 0.7605886726821247]"
Mean-selected,38380,7,False,False,True,"[0.745015451136375, 0.7774656121737992, 0.7599901542894334, 0.7830296409902944, 0.7520435345486667, 0.7581902544019344, 0.7346127761006783, 0.788066666025675]"
Mean-selected,38833,7,False,False,True,"[0.7306202567779994, 0.7672820966878398, 0.7469616135690227, 0.7745523310955151, 0.6966830589678126, 0.7688896782319661, 0.7842443371110844, 0.7997423845638265]"
Mean-selected,38887,0,False,False,True,"[0.7417677448085858, 0.7288069004333043, 0.705706262023824, 0.6987628799938865, 0.7298681423188235, 0.6915024116878659, 0.7372643908416194, 0.724709018244565]"
Mean-selected,39183,1,False,False,True,"[0.6754041807186424, 0.7479958381733944, 0.6363927953245448, 0.6931885732886027, 0.7022141434604983, 0.7043496198332666, 0.7011078851277809, 0.6958900843926917]"
Mean-selected,39288,1,False,False,True,"[0.7752926978614534, 0.8011054062285559, 0.7132964500317557, 0.7781801664568888, 0.7423908251222673, 0.767713950863619, 0.7887623246058432, 0.798666904539934]"
Mean-selected,39384,5,False,False,True,"[0.6434108216641486, 0.6646927268106396, 0.694279602251604, 0.629507379796488, 0.6327993845492326, 0.7236035847142797, 0.624237114644338, 0.7163416737868311]"
Mean-selected,39490,1,False,False,True,"[0.6552207428880915, 0.7734616413733716, 0.7243117036288673, 0.5487359375467614, 0.6463896784169276, 0.6294529362920109, 0.7501255960467919, 0.7301089857379555]"
Mean-selected,39557,6,False,False,True,"[0.7713204579609947, 0.6921970587219852, 0.6971920031651448, 0.7193464216140872, 0.7430296777853792, 0.7700131874825273, 0.8167891765218749, 0.7378800746637604]"
Mean-selected,39756,2,False,False,True,"[0.6835795214909104, 0.7025766315426427, 0.7608670340518189, 0.6739558621548498, 0.6605218998194067, 0.6542747564078096, 0.7096705384863875, 0.5749597648556746]"
Mean-selected,39793,4,False,False,True,"[0.6732311273999999, 0.6863583078226413, 0.6757990990346583, 0.6478621755832756, 0.743689827092405, 0.6893659388577397, 0.6994840920620966, 0.648323962107287]"
Mean-selected,39920,6,False,False,True,"[0.6921417963625727, 0.666126138891485, 0.5881518188853723, 0.6179516867002406, 0.7116494559379789, 0.7037874171356588, 0.776462346246119, 0.7353139446506469]"
Mean-selected,39986,3,False,False,True,"[0.697842641550238, 0.6644474678589743, 0.6576300140780869, 0.7441640419243454, 0.7059428697844577, 0.6296213256157339, 0.675931423788436, 0.662238926572332]"
Mean-selected,40269,6,False,False,True,"[0.7017452840101973, 0.7129644064430741, 0.7747945073084533, 0.7820891228416802, 0.6889989209812868, 0.773806115460373, 0.7823745268107949, 0.6348623747329205]"
Mean-selected,40756,3,False,False,True,"[0.7056104651604168, 0.6967443591538236, 0.7109179509279622, 0.7412348910469129, 0.6742183546102396, 0.672091658447531, 0.6672114664086243, 0.6851317832319543]"
Mean-selected,40798,3,False,False,True,"[0.5784336656064022, 0.5980325903022665, 0.5663129275420875, 0.6715110972090248, 0.6312512548573804, 0.6329202858516967, 0.5989855358374315, 0.6403319812111554]"
Mean-selected,40819,0,False,False,True,"[0.7701871152757596, 0.7482238789633262, 0.7514103351452694, 0.7112430652804352, 0.7583432230928373, 0.752857125487221, 0.7258741153523656, 0.7691511266536978]"
Mean-selected,40933,6,False,False,True,"[0.6977948722723696, 0.7570339491514471, 0.7154160734506234, 0.7124962159767378, 0.711200013778893, 0.7043065218297799, 0.7682129018578265, 0.7443377426979907]"
Mean-selected,40990,4,False,False,True,"[0.7518649218005193, 0.6759667721331308, 0.7495542527958099, 0.6691598690349081, 0.7635711004055303, 0.7377033719757764, 0.6627193678768708, 0.7284581224358241]"
Mean-selected,41120,3,False,False,True,"[0.6745973686573241, 0.7728658014822638, 0.7783005279091553, 0.823101703774958, 0.811580120015263, 0.7239608560205277, 0.7430375071150924, 0.7752058951412627]"
Mean-selected,41402,3,False,False,True,"[0.6525889882429042, 0.6927969082636083, 0.7025248341013401, 0.7081295315233213, 0.6659291313427775, 0.6746074420975907, 0.6897629826089419, 0.6918372423470911]"
Mean-selected,41540,3,False,False,True,"[0.7210171905212306, 0.7183825774874493, 0.6410309440694317, 0.7420750146142356, 0.6953997235107396, 0.7165041556082244, 0.5950304865792629, 0.695716419854184]"
Mean-selected,41555,7,False,False,True,"[0.7571116099397993, 0.7338158853740344, 0.7310382443339837, 0.7807547268095302, 0.7663723642120794, 0.7629934810849305, 0.7732727813719125, 0.7818021257348822]"
Mean-selected,41561,4,False,False,True,"[0.7115830354510616, 0.7377237455286207, 0.7237932458599298, 0.7318697315745324, 0.7807208674609478, 0.7602503854126572, 0.7156413409727018, 0.7018199605219753]"
Mean-selected,41592,4,False,False,True,"[0.6869801325365601, 0.6819261933764761, 0.6827055076717474, 0.6587207783194836, 0.7333007048611518, 0.7056999346289532, 0.7048999176495705, 0.660958300647114]"
Mean-selected,41636,2,False,False,True,"[0.7330371394254376, 0.7113645443453023, 0.7458809161332407, 0.6527777039969054, 0.7371106989229468, 0.713852295828364, 0.717644333762244, 0.7296636991384209]"
Mean-selected,41640,0,False,False,True,"[0.7609847995666703, 0.6798472688925907, 0.6611259753768992, 0.6472387713042465, 0.7309307085220567, 0.6812822483535517, 0.7443076439174913, 0.660931375094232]"
Mean-selected,41924,6,False,False,True,"[0.740253116807791, 0.7631968586593181, 0.779443804559564, 0.7710245880094782, 0.7478389240861354, 0.7515196272561717, 0.7935644875999337, 0.7864375873295679]"
Mean-selected,41976,6,False,False,True,"[0.6461249182008382, 0.49322333649711575, 0.6126133726649818, 0.6244646412053687, 0.5746779746957826, 0.5252278711346503, 0.6583722001195114, 0.5791031802063827]"
Mean-selected,42022,7,False,False,True,"[0.5085603576405118, 0.6237738570037532, 0.6289094904316339, 0.6794471480517108, 0.7246098968048486, 0.5830202015537584, 0.6348640486227113, 0.7945589641717741]"
Mean-selected,42251,5,False,False,True,"[0.708652302579313, 0.7479903078602261, 0.7479638327978788, 0.6999815793821306, 0.752862543535276, 0.7648173452780349, 0.7360142075860934, 0.7435002123232263]"
Mean-selected,42302,0,False,False,True,"[0.7832384440411236, 0.6891076457032619, 0.6397976584809717, 0.7099536533809327, 0.6180742508827721, 0.6398409529963176, 0.7280787318482735, 0.703479785388446]"
Mean-selected,42466,2,False,False,True,"[0.6685949056271476, 0.7245689754250151, 0.7297237114925641, 0.7250886932506482, 0.5881225845990875, 0.6895817571029229, 0.6975239450246846, 0.6978463249579006]"
Mean-selected,42679,5,False,False,True,"[0.7500242190435851, 0.6497478486467825, 0.7452721078845751, 0.7333986010331294, 0.7474215014513335, 0.7708635095723826, 0.6840738281715679, 0.7085058135989077]"
Mean-selected,43065,7,False,False,True,"[0.7189905422694498, 0.6979935082164839, 0.7007474675366152, 0.7353305346036929, 0.7866652160867006, 0.8022128556722751, 0.7313807118223404, 0.8278266747957108]"
Mean-selected,43198,5,False,False,True,"[0.6332733157547952, 0.5940405815009703, 0.6700948217942994, 0.5695500407450593, 0.6652829520414858, 0.7590319632603371, 0.7466129661907782, 0.640482773743986]"
Mean-selected,43211,2,False,False,True,"[0.7556392532267446, 0.7649019446380025, 0.7975321997338662, 0.7490854537353351, 0.7866272543075243, 0.784445189636132, 0.757527977256534, 0.7508390364719648]"
Mean-selected,43332,7,False,False,True,"[0.6837478097444194, 0.7498780773761908, 0.6984882766600309, 0.6851839100485232, 0.696429270372438, 0.7054280013073103, 0.7561013563686532, 0.7574040606479556]"
Mean-selected,43546,2,False,False,True,"[0.6395898056086088, 0.6216408313709556, 0.7195705750841126, 0.6388947301814054, 0.6247744520310852, 0.6613642337385404, 0.7121533965101189, 0.6547097159274458]"
Mean-selected,43584,4,False,False,True,"[0.6947167837031993, 0.6604177599985579, 0.7115255393876494, 0.6690550228387344, 0.7448697727453107, 0.7155289222080989, 0.7005256801742124, 0.6052050944991656]"
Mean-selected,44248,1,False,False,True,"[0.7261827548386186, 0.782778385749928, 0.7382331164776368, 0.71625843055487, 0.7257939931028801, 0.7031691602524501, 0.730902732275889, 0.7324519287370173]"
Mean-selected,44279,3,False,False,True,"[0.7209813105469094, 0.7006896096869188, 0.6178269629838629, 0.7214958001513851, 0.6820938745913727, 0.7027973345712694, 0.6402788552984975, 0.6850185275688219]"
Mean-selected,44360,0,False,False,True,"[0.7798949320951236, 0.7687986585055677, 0.7578150550800342, 0.7108924039870341, 0.6837417009942629, 0.6751129015239596, 0.7345953697081797, 0.7017893058042463]"
Mean-selected,44413,0,False,False,True,"[0.7880756246175726, 0.7410536402958261, 0.6546829570940316, 0.5518263631054743, 0.7051786190056527, 0.7864628704259744, 0.6022219712637417, 0.7145751625862109]"
Mean-selected,44422,3,False,False,True,"[0.6369574220785963, 0.6770585237151925, 0.719403085730695, 0.7412953940951403, 0.7061300640253101, 0.7004460040023475, 0.7204543839469717, 0.6773900302267162]"
Mean-selected,44903,1,False,False,True,"[0.7021075709768407, 0.7586386699403502, 0.7497342941514284, 0.6797527404792268, 0.6550891410628015, 0.7223125435834654, 0.6873814772874061, 0.7368708839255642]"
Mean-selected,44975,2,False,False,True,"[0.7237451393808351, 0.7052210808742566, 0.7872092383787547, 0.7565429354616019, 0.755771149583484, 0.7682264454633537, 0.7232802926751809, 0.7545242232023205]"
Mean-selected,45377,5,False,False,True,"[0.7534245603690293, 0.778324935494473, 0.761453854692365, 0.7720182866375707, 0.7641130121266279, 0.7912614297273266, 0.7843469026324343, 0.7909966823479969]"
Mean-selected,45528,4,False,False,True,"[0.7101723720051059, 0.674406863465806, 0.6830235152542516, 0.6858104839776173, 0.7364279183275855, 0.7068133115508213, 0.6703090014376347, 0.6726148318746221]"
Mean-selected,45699,1,False,False,True,"[0.6570624069988933, 0.7708989137640874, 0.6850175629695878, 0.5391571925935803, 0.7170523527112949, 0.5835198756845161, 0.6236948497352681, 0.687045259317548]"
Mean-selected,45952,5,False,False,True,"[0.705115976508293, 0.744157044285634, 0.7568077014061916, 0.7400346582505414, 0.7432721574443486, 0.7909739013730901, 0.746138975990893, 0.636899972029273]"
Mean-selected,45987,4,False,False,True,"[0.7261657954852886, 0.7152284528092692, 0.7312647299386389, 0.6669737043272997, 0.789268351314738, 0.7258904213634841, 0.6820201655132487, 0.6770611631393508]"
Mean-selected,46166,4,False,False,True,"[0.7393898037746877, 0.7105522729151219, 0.7301957508218208, 0.7161083980202277, 0.7466656779885038, 0.7125628821916978, 0.732724974856249, 0.742430528801162]"
Mean-selected,46276,0,False,False,True,"[0.7491273021034357, 0.6260457030058949, 0.5620787706951009, 0.6040633935344335, 0.6794072439007975, 0.6770154789338156, 0.6549376484786723, 0.6492233715284221]"
Mean-selected,46403,7,False,False,True,"[0.743330433833699, 0.7077264492166269, 0.7567172098369668, 0.743677105409794, 0.7395545506956585, 0.6496982765326338, 0.7006748515326864, 0.7646379087723416]"
Mean-selected,46524,3,False,False,True,"[0.7330697975367148, 0.7875438207362921, 0.7605942717152441, 0.7920070272964668, 0.7230672861792625, 0.7309211013501407, 0.6592517669276883, 0.7915835251630222]"
Mean-selected,46653,5,False,False,True,"[0.6862020536694361, 0.6796544420659159, 0.6769306421841024, 0.7392127200592195, 0.7614298819129888, 0.7640556940128769, 0.7269476540011686, 0.6745229905503312]"
Mean-selected,47030,7,False,False,True,"[0.7074073490001909, 0.7395147572777931, 0.7073778440104437, 0.7686001310927117, 0.7807487187906548, 0.7210925659766874, 0.7439753224305712, 0.7895388216367478]"
Mean-selected,47086,3,False,False,True,"[0.7852406577803592, 0.7247466258852274, 0.6364556121688274, 0.799704507920123, 0.7750830441610536, 0.7269257743105072, 0.7523560775144167, 0.7587648878635013]"
Mean-selected,47093,3,False,False,True,"[0.6955262217606081, 0.6704780227673527, 0.6543634344030012, 0.7898937022663879, 0.6488773181979498, 0.7293401871660822, 0.7171458974875203, 0.7486143354771921]"
Mean-selected,47122,7,False,False,True,"[0.7791890360318312, 0.8009145839409664, 0.7423592446413338, 0.7675982667349515, 0.737849689296018, 0.7287709845597149, 0.8026996289039345, 0.8200793664732026]"
Mean-selected,47125,1,False,False,True,"[0.5810019495647156, 0.712373279466785, 0.6758343538842742, 0.7041932934791422, 0.6056024069623185, 0.7121200080981285, 0.697950792912767, 0.6723733224898223]"
Mean-selected,47331,6,False,False,True,"[0.7140495015271398, 0.7119964702086534, 0.7515103460939488, 0.7601784146334064, 0.7005526358852491, 0.7032614666109762, 0.7883863767758086, 0.7131084325686303]"
Mean-selected,47471,5,False,False,True,"[0.7663513723391573, 0.7352884034945306, 0.7540127148315662, 0.7668806019971854, 0.7374112441362641, 0.7901373724223386, 0.7590022897496047, 0.7892181117009985]"
Mean-selected,47583,2,False,False,True,"[0.7466595937948161, 0.681371153035748, 0.7491265752371306, 0.6905426645617849, 0.7204326191172106, 0.6897433578864476, 0.7059802475161081, 0.6045131711312792]"
Mean-selected,47744,2,False,False,True,"[0.7254750298971606, 0.6868709138369451, 0.7498229964705825, 0.650368283661659, 0.7298675292654075, 0.7006268778566822, 0.7089982527374251, 0.7083006986407467]"
Mean-selected,47907,1,False,False,True,"[0.708647528433036, 0.7552367101735205, 0.7427800531803284, 0.7005821437277175, 0.5490663965991919, 0.7288900073300392, 0.7411558103212288, 0.7185335174087797]"
Mean-selected,48376,5,False,False,True,"[0.7828161443667712, 0.7857471214275391, 0.6944785012459284, 0.7372909985868881, 0.7919866392900374, 0.8078262274163491, 0.7126453032966853, 0.8074162542980727]"
Mean-selected,48655,4,False,False,True,"[0.6927914749966044, 0.6287099771146858, 0.7412304779837855, 0.7539444976006393, 0.7575147616253852, 0.695324768109828, 0.6721051977123671, 0.6921894726796978]"
Mean-selected,48911,5,False,False,True,"[0.7276027503579234, 0.7059008622161569, 0.6763833648523665, 0.6677067729864827, 0.6697760357325186, 0.7673598959097594, 0.6721131606904194, 0.7247799762199327]"
Mean-selected,49170,3,False,False,True,"[0.7532584470782826, 0.7611165524155822, 0.7858535352175348, 0.8027439808880008, 0.7677247095227042, 0.7393727136517763, 0.7623830496526772, 0.7699212846345116]"
Mean-selected,49195,2,False,False,True,"[0.8078993386842399, 0.7843153716157913, 0.8129494673355888, 0.749548261873322, 0.8007653563869807, 0.7823108430978505, 0.8095453465406042, 0.7915028936424195]"
Mean-selected,49256,3,False,False,True,"[0.7389145765742113, 0.7457903710562199, 0.724234493320159, 0.7900470816705571, 0.6344487071186302, 0.7829559766255129, 0.7156369958082816, 0.7373872822877834]"
Mean-selected,49315,4,False,False,True,"[0.6889767207386102, 0.7312051639036699, 0.6740812752341987, 0.7393719477176629, 0.7566617024342123, 0.681534445395908, 0.7261571385228258, 0.748519824887722]"
Mean-selected,49474,0,False,False,True,"[0.8223573493266642, 0.805256616207027, 0.7834612919643773, 0.7662658821169593, 0.7560766811272777, 0.7997946325975691, 0.7790529724639919, 0.7780815451982983]"
Mean-selected,49475,2,False,False,True,"[0.7054010858707273, 0.7513738958689941, 0.7593113734516006, 0.6805965690737663, 0.6913569968428439, 0.7373347517139454, 0.7501190044554595, 0.7444064502140466]"
Mean-selected,49678,0,False,False,True,"[0.7509598042471857, 0.6555791291865602, 0.6559370601457737, 0.7317009020543718, 0.6814717763617313, 0.6609785634713137, 0.7066783948923481, 0.6117774257147448]"
Mean-selected,49702,3,False,False,True,"[0.7770680241488048, 0.7941237314980184, 0.8048842483975465, 0.8053250497644531, 0.7718069057665955, 0.7953883568037988, 0.7327333938469853, 0.8020387209290563]"
Mean-selected,49760,7,False,False,True,"[0.7519628760997075, 0.7493027642542432, 0.7304213087981111, 0.6455085588852014, 0.6895059139795112, 0.765361889384475, 0.7184994225391115, 0.7931329666282689]"
Mean-selected,50203,4,False,False,True,"[0.6195157317708031, 0.6609266414855022, 0.6140382627794079, 0.6738937196069847, 0.7556313018698481, 0.6876346762535525, 0.6305499677810512, 0.6382750515571516]"
Mean-selected,50210,1,False,False,True,"[0.5975789269831207, 0.806314801741955, 0.6847853817832461, 0.7803659622139656, 0.6797650303248808, 0.6577669317767584, 0.7587761191114464, 0.6866015631926632]"
Mean-selected,50622,0,False,False,True,"[0.7609874173120987, 0.6546181758865154, 0.7339819227172228, 0.7092395722300411, 0.7244653522864211, 0.7079484427211034, 0.7070306056780481, 0.7375248109312535]"
Mean-selected,50708,0,False,False,True,"[0.8176147193191403, 0.6934597094046668, 0.8028207357405692, 0.7799619079948055, 0.8014695839169628, 0.7119723274096861, 0.6529406936579703, 0.7948897217482891]"
Mean-selected,50739,1,False,False,True,"[0.6675172276298247, 0.7532566150891646, 0.6383764005352044, 0.7348108362296115, 0.7220242630783842, 0.7252858069352923, 0.6989832327387617, 0.7316265865958127]"
Mean-selected,50850,4,False,False,True,"[0.6141989763268492, 0.6714618510161383, 0.6534184365820206, 0.7165621733629746, 0.7204260479764766, 0.6369897963928337, 0.5993821174479688, 0.597561592298923]"
Mean-selected,51008,6,False,False,True,"[0.7436707827271082, 0.8174370927734567, 0.6949229951458893, 0.7995467704169352, 0.703467116860351, 0.7935335083751536, 0.8243413287233858, 0.7516052907987885]"
Mean-selected,51227,3,False,False,True,"[0.7448355221907985, 0.7359874434172391, 0.8087962353609408, 0.8240473148388894, 0.7776398690277976, 0.7127463301443377, 0.7930408724367646, 0.7332217248172979]"
Mean-selected,51300,6,False,False,True,"[0.6157459865876447, 0.6656068053001096, 0.7465176730640943, 0.7238894098162877, 0.7291592218145406, 0.7357570029947255, 0.7653019068874203, 0.7439995454232332]"
Mean-selected,51380,0,False,False,True,"[0.7375714595742197, 0.7036021379445316, 0.6245791995135346, 0.7349655979753617, 0.6317686961261051, 0.6566318256059755, 0.7347093605772987, 0.5495164559574419]"
Mean-selected,51385,2,False,False,True,"[0.732404440067367, 0.7468461531367355, 0.8064584330258371, 0.8015255549028368, 0.7345265647367241, 0.7944229547286253, 0.7969200542299817, 0.784265197010493]"
Mean-selected,51436,0,False,False,True,"[0.7139921500087729, 0.7001278135520055, 0.6855939395006252, 0.6863027229109646, 0.674697921740862, 0.6704385762864917, 0.7067934222423709, 0.6360870552384414]"
Mean-selected,51517,1,False,False,True,"[0.6788515107771143, 0.7964442671309917, 0.7663156163205507, 0.6972274109809253, 0.7648976686207646, 0.754769481779314, 0.658066392579026, 0.7547391561748538]"
Mean-selected,51688,3,False,False,True,"[0.7413038592806236, 0.7053823931266385, 0.7378360506153068, 0.763909218270393, 0.7300969250412661, 0.7111915353680267, 0.7114078542786202, 0.7072446424780631]"
Mean-selected,51865,2,False,False,True,"[0.7671672537123969, 0.776473004745992, 0.8016069803131234, 0.7645847929140885, 0.7656176075329562, 0.66900816001643, 0.755371547469655, 0.764095050478721]"
Mean-selected,51943,5,False,False,True,"[0.7540248949072126, 0.660477792916017, 0.7424860496341781, 0.6839732055411009, 0.7670190573100013, 0.7707095619312669, 0.7461268029627905, 0.6953118850892848]"
Mean-selected,51956,1,False,False,True,"[0.6926736427885878, 0.7711338862420178, 0.7427632416635217, 0.7126776015951892, 0.7232054718171554, 0.7616257499173997, 0.725211727151925, 0.7164700393368453]"
Mean-selected,51990,1,False,False,True,"[0.7654545458645782, 0.8114659291153608, 0.6875689521462902, 0.7251571974542574, 0.8054201453580137, 0.7369090709596551, 0.6369710603631598, 0.7543336642339933]"
Mean-selected,52228,5,False,False,True,"[0.610839865225857, 0.5518089666147006, 0.5256121743112421, 0.5592637010719261, 0.5455294268231592, 0.7383593837743032, 0.6663763467696117, 0.5786367614171243]"
Mean-selected,52277,5,False,False,True,"[0.5366248175556145, 0.6695456795219255, 0.6328932083862229, 0.6675634326547417, 0.6280955488355509, 0.7123247948252245, 0.641993854107437, 0.5915407450797903]"
Mean-selected,52729,4,False,False,True,"[0.6838284749146271, 0.7270588729803897, 0.6458121317755875, 0.7236791606822071, 0.7841400836761389, 0.6380298532623399, 0.7394865491280247, 0.6738456367575745]"
Mean-selected,52733,0,False,False,True,"[0.764134045217897, 0.7149631072039869, 0.7429565104145893, 0.7235970475967284, 0.6794167724067843, 0.7155784899225694, 0.7249227808527816, 0.6905150633332089]"
Mean-selected,52803,3,False,False,True,"[0.7219933969621736, 0.6735252283198818, 0.6998727026380724, 0.7478815783649021, 0.6955210534549678, 0.6989335199183169, 0.7467003027964565, 0.7140201499517442]"
Mean-selected,52927,7,False,False,True,"[0.7566548807860066, 0.7220154986952376, 0.6790133770299023, 0.7340164752497657, 0.7153312951649886, 0.6743942073639453, 0.7533078755256984, 0.7615593553328466]"
Mean-selected,53445,6,False,False,True,"[0.7841213940200376, 0.7645704802893658, 0.7446636474635553, 0.7849734586614892, 0.7611560740103451, 0.7934014559453926, 0.7973375899438374, 0.7477100406106376]"
Mean-selected,53659,0,False,False,True,"[0.8314990583729384, 0.7975473979928043, 0.7497801529788899, 0.7484399833807297, 0.8043147125898484, 0.8200193372731128, 0.7319391453794228, 0.6988105160163525]"
Mean-selected,53729,5,False,False,True,"[0.726194839901966, 0.7282058829439157, 0.6932894695548721, 0.7461911252928146, 0.716315139371763, 0.7673835346751854, 0.7363161327559156, 0.7126891412054301]"
Mean-selected,53974,4,False,False,True,"[0.7157482448968826, 0.7132063780611888, 0.728486534114684, 0.7708168427076558, 0.7951674805653374, 0.6592625604785107, 0.755266349781573, 0.758106809907924]"
Mean-selected,54054,7,False,False,True,"[0.680525996563514, 0.6142100701662596, 0.7013665406213259, 0.727104120803193, 0.5884183146168062, 0.6297931599222062, 0.7103716036894643, 0.7643939117380398]"
Mean-selected,54099,5,False,False,True,"[0.7993125921717243, 0.7719411395773994, 0.702241071637927, 0.7478745490495544, 0.7884240127317036, 0.8167179258678234, 0.8135018022976639, 0.7526853958389299]"
Mean-selected,54250,7,False,False,True,"[0.7711699061781041, 0.7929507304981659, 0.7937549231213921, 0.7913787908928702, 0.7921670435369295, 0.7911411933016194, 0.8059487077843641, 0.8401703263247693]"
Mean-selected,54336,3,False,False,True,"[0.6471120829391162, 0.6871806734941135, 0.7137705738585165, 0.7428180507219476, 0.713627476260687, 0.6916740224485669, 0.7278133490677324, 0.708106847966599]"
Mean-selected,54681,7,False,False,True,"[0.7236461079348191, 0.7700417812526241, 0.7413941944514906, 0.7641686640082632, 0.7909413496536708, 0.7419311810569431, 0.7788439475801858, 0.8008578697043465]"
Mean-selected,55202,2,False,False,True,"[0.7696955967204062, 0.7946286433868555, 0.8021324202148121, 0.7884583008067969, 0.7830688865791824, 0.7800276763593115, 0.7680979871667728, 0.7200731464090497]"
Mean-selected,55501,4,False,False,True,"[0.7295032460255603, 0.7331258472060074, 0.730711510388754, 0.7723531183083898, 0.7928235543529233, 0.7896645744902417, 0.7089998214879787, 0.7299337534356862]"
Mean-selected,55597,4,False,False,True,"[0.7841642558567208, 0.7789128242841397, 0.760495254771138, 0.7759782624342837, 0.7908235816699085, 0.7661343888139187, 0.7612387576529787, 0.7729639434258012]"
Mean-selected,55741,1,False,False,True,"[0.6948020580079499, 0.7390512392659137, 0.7226778870928221, 0.7116164765916242, 0.6695517800223101, 0.7050126658837773, 0.6791553074927152, 0.6511415625816565]"
Mean-selected,55808,3,False,False,True,"[0.7000531234870346, 0.6842498892812264, 0.6853245159984794, 0.7480779495113836, 0.5790296464785039, 0.6817574261037002, 0.7156777590293812, 0.6658195055252814]"
Mean-selected,55876,6,False,False,True,"[0.6607060566439067, 0.6622573277480772, 0.6510395510024836, 0.584450595702238, 0.7120452864233074, 0.7104148452899495, 0.754165350713228, 0.7261752745157757]"
Mean-selected,55878,4,False,False,True,"[0.6627701731076318, 0.8078106947552564, 0.7582015284193366, 0.8019517723522249, 0.8136177007898935, 0.7675428135086727, 0.8085164164473551, 0.7922138892810935]"
Mean-selected,56047,1,False,False,True,"[0.6318069123886916, 0.7304940108360797, 0.6259986054841102, 0.639734822593746, 0.7065990411985754, 0.7221272002156687, 0.6269243182692449, 0.6318291098401424]"
Mean-selected,56131,2,False,False,True,"[0.4345166381799241, 0.4918345139099969, 0.6679226982246491, 0.5663027216618326, 0.5611400143813602, 0.5462225246999776, 0.49804873133797795, 0.39989784289131813]"
Mean-selected,56162,4,False,False,True,"[0.4875749900653714, 0.7283082476709395, 0.556104295550109, 0.5326851351614922, 0.7702510520909802, 0.7254828336710828, 0.7159245600782848, 0.7334672264648257]"
Mean-selected,56272,1,False,False,True,"[0.6391888589748611, 0.7361117738105114, 0.7040538936225851, 0.7166079772336278, 0.6982911504576126, 0.7162372682029388, 0.6673942851794733, 0.6801698169760317]"
Mean-selected,56496,3,False,False,True,"[0.7110871859996173, 0.6066974536782723, 0.6878613785602918, 0.7609415190326929, 0.678914744923983, 0.6722164757419713, 0.6334243544703027, 0.7362611680743021]"
Mean-selected,56554,5,False,False,True,"[0.759191784827417, 0.764621759755197, 0.7147669634241884, 0.737156572861217, 0.7477530422481313, 0.7675808820840225, 0.7162171553749281, 0.7412785914753768]"
Mean-selected,56629,2,False,False,True,"[0.7058295354313096, 0.7326206202586936, 0.7387686439185794, 0.7339298629396139, 0.6066666573179722, 0.5407080836747371, 0.7215550100269902, 0.661708375942303]"
Mean-selected,56651,2,False,False,True,"[0.7072089052897301, 0.7655912193254852, 0.7883847756550059, 0.7074210404630036, 0.5985563879979148, 0.643477365419569, 0.7600267663946599, 0.6196053913328486]"
Mean-selected,56698,5,False,False,True,"[0.7147852658874914, 0.683131610872282, 0.7255503426902294, 0.7176636713196272, 0.7440570877097531, 0.8153216537757438, 0.6886410679794928, 0.6844787499873373]"
Mean-selected,56873,4,False,False,True,"[0.697256485164897, 0.5796330023606359, 0.6594027149871091, 0.6220684582089964, 0.7066880306724814, 0.5569628584347531, 0.6867639012608361, 0.6743343126513477]"
Mean-selected,56963,5,False,False,True,"[0.7343525096073102, 0.7599533697475227, 0.7621705040889892, 0.7617845846008526, 0.7887991936412514, 0.7895675550580269, 0.716922773275436, 0.7640839209991355]"
Mean-selected,57114,1,False,False,True,"[0.7668361162987318, 0.8237853757263628, 0.7023479652202207, 0.7005729423875683, 0.6641027536888127, 0.7328551468967419, 0.712247491026301, 0.6597740281197526]"
Mean-selected,57244,3,False,False,True,"[0.6878273037629844, 0.708775951849967, 0.7473900959977136, 0.76006786167103, 0.7214989626835291, 0.7497159255834287, 0.7426895789263454, 0.7488770211642066]"
Mean-selected,57830,0,False,False,True,"[0.8217506816469771, 0.7279147748910457, 0.6738706205768705, 0.7331627455268362, 0.7223102782312357, 0.725596026289562, 0.7354287804560051, 0.7827616702604556]"
Mean-selected,57994,0,False,False,True,"[0.7884301589666498, 0.7444980915735164, 0.7518188005143103, 0.7424007526135286, 0.7110780571315458, 0.7504772220410241, 0.7001357020115246, 0.7369860565389517]"
Mean-selected,58004,1,False,False,True,"[0.7526709867213935, 0.7931541487201955, 0.7598534451117693, 0.7074057163016088, 0.7383101141213413, 0.7433639185371768, 0.718394278440204, 0.7530932903785235]"
Mean-selected,58157,6,False,False,True,"[0.6882317299273835, 0.6730675198871112, 0.6533065660230997, 0.723302360782212, 0.7369169244830932, 0.7004283893241448, 0.748954643966361, 0.7155421803638887]"
Mean-selected,58169,4,False,False,True,"[0.7474166188550233, 0.7278921665298708, 0.7143060207367352, 0.7588673310965092, 0.7622579664807332, 0.7536580742833232, 0.7031937914026187, 0.7196820550572018]"
Mean-selected,58252,5,False,False,True,"[0.7837836127660938, 0.7450579495328284, 0.7192616529835596, 0.7695841823200975, 0.7787655233658055, 0.7983756650614822, 0.7741212887035755, 0.7185431178005118]"
Mean-selected,58341,6,False,False,True,"[0.7403796779625726, 0.6654904684244, 0.7295184633078484, 0.7499542994818138, 0.7518723647197125, 0.6976123240147992, 0.7879929363522549, 0.5488012880038238]"
Mean-selected,58458,0,False,False,True,"[0.7644674086940683, 0.7528513463835398, 0.7605766492737298, 0.6917272947417537, 0.7013360231295191, 0.6999473572987103, 0.6848931864569274, 0.7334088923894153]"
Mean-selected,58572,0,False,False,True,"[0.7431619810976209, 0.6009705554496281, 0.6727019411875412, 0.6481926762094701, 0.7064909783808555, 0.7216208266114066, 0.5750751355333334, 0.7316676378810396]"
Mean-selected,58835,3,False,False,True,"[0.6975593974672419, 0.6945064564874548, 0.7489337985612559, 0.7512015717420106, 0.6403867311679131, 0.6549115796005032, 0.6170400681337282, 0.7019751108070893]"
Mean-selected,58977,1,False,False,True,"[0.7233762467870218, 0.782646111474953, 0.7476940145605863, 0.7459507298232015, 0.7391401265386368, 0.7460926640647761, 0.713812062493727, 0.766465831106786]"
Mean-selected,58988,5,False,False,True,"[0.6901013021557705, 0.7810192195041319, 0.7099126946275064, 0.6911725491087946, 0.7901911581477545, 0.796371585417111, 0.7129931455202507, 0.7913993617608173]"
Mean-selected,59101,1,False,False,True,"[0.7846793394007283, 0.8051337412785189, 0.7389223010500666, 0.768639461218731, 0.755946116577167, 0.7433595404265547, 0.6607090415411074, 0.7585988759464317]"
Mean-selected,59177,1,False,False,True,"[0.7467954129580616, 0.7898002724303623, 0.7811924023278891, 0.7296095648619054, 0.7375553602664975, 0.7792572223983125, 0.7371597740671256, 0.7664809546072493]"
Mean-selected,59183,3,False,False,True,"[0.7228087464043239, 0.7874234021696684, 0.8081191200470361, 0.8126077764271402, 0.771452292711354, 0.7822271151896144, 0.7370594864598303, 0.7454139651863017]"
Mean-selected,59219,2,False,False,True,"[0.6717647186934494, 0.717629272657572, 0.7936133431545211, 0.6687164907092931, 0.7897624201165183, 0.7754235143716359, 0.7451076686389457, 0.7853465684554393]"
Mean-selected,59293,5,False,False,True,"[0.766881059605657, 0.7343095545084699, 0.7410752129690206, 0.7728452319970203, 0.7142662421412377, 0.7787244999263077, 0.7630514884641345, 0.6510479136474181]"
Mean-selected,59464,1,False,False,True,"[0.6162280699217895, 0.749371507659724, 0.6661655294766768, 0.6461264799463351, 0.6026906558091427, 0.6125000174602041, 0.6126825231517168, 0.7157825589125094]"
Mean-selected,59470,6,False,False,True,"[0.7402566524814991, 0.7176922460003404, 0.7287526312710104, 0.7841870290645392, 0.7574627891746466, 0.7377207380687921, 0.8226996809598719, 0.7277092506534923]"
Mean-selected,59508,5,False,False,True,"[0.7426582232259593, 0.7549199505150255, 0.7387693631630002, 0.7363979733368375, 0.746769309648827, 0.7737186717218407, 0.7368192155724951, 0.7574794496916805]"
Mean-selected,59838,1,False,False,True,"[0.734105273080468, 0.7622487092522837, 0.6725481742568709, 0.7056907118584683, 0.7621832375434452, 0.7115060674916251, 0.6834884535308987, 0.6881832019733058]"
Mean-selected,59905,5,False,False,True,"[0.6572185390472327, 0.5722321569547254, 0.624176222305276, 0.4912263197274699, 0.5848763400289231, 0.6656293223049683, 0.6336140530160838, 0.6155636591676095]"
Mean-selected,60063,5,False,False,True,"[0.6892905675297579, 0.6664252392750907, 0.6655910409814181, 0.6558371442440982, 0.7333293633350366, 0.7370426768548552, 0.7131827453573576, 0.6913360455092018]"
Mean-selected,60496,6,False,False,True,"[0.6431261848564795, 0.7177340312607219, 0.7636288319570547, 0.7066487656500916, 0.7407897532571737, 0.7487713094613333, 0.7676075408429608, 0.7536055529171733]"
Mean-selected,60707,2,False,False,True,"[0.69172585240586, 0.5530633934210507, 0.7560694962275741, 0.7027493101564397, 0.6444791720666244, 0.6682813388283118, 0.6950940017090559, 0.6920699973340426]"
Mean-selected,60784,2,False,False,True,"[0.7786801399083612, 0.7603968088501678, 0.7910381402377051, 0.6850066518901012, 0.5259987846038817, 0.7868835928421865, 0.6301780540921145, 0.6480403182913997]"
Mean-selected,60932,1,False,False,True,"[0.7654420751793989, 0.7914102219741732, 0.7682521305044915, 0.7750802688991592, 0.7905828886078834, 0.7677960613011598, 0.7674003934041488, 0.7740951400321292]"
Mean-selected,61327,3,False,False,True,"[0.7751646631203687, 0.7266315657755935, 0.7733107924466498, 0.7765054116942871, 0.7412111341969816, 0.7633227851375344, 0.7728639210066679, 0.7672502106328423]"
Mean-selected,61653,5,False,False,True,"[0.7858461067497253, 0.7317677199608119, 0.6609961326697866, 0.7626365459869627, 0.6891766338740313, 0.7930075560077847, 0.63392860974877, 0.7083117449010246]"
Mean-selected,61683,1,False,False,True,"[0.731143434439987, 0.789081263592184, 0.694551035347974, 0.7318711012938508, 0.685089792021629, 0.7014467348253015, 0.7032492348328601, 0.6500403857780732]"
Mean-selected,61701,3,False,False,True,"[0.6897209457461098, 0.645161372298061, 0.7386363751781202, 0.7704947271399496, 0.7095147283735193, 0.7039123709779334, 0.7008972406148187, 0.7442866870513616]"
Mean-selected,61868,7,False,False,True,"[0.7471665861796304, 0.7616883426485551, 0.7070058619313656, 0.7526188895609824, 0.7303801250257922, 0.7608448775841128, 0.7345660316502692, 0.7679287493549186]"
Mean-selected,61878,3,False,False,True,"[0.8069734868760526, 0.8342199097828227, 0.7563774935353156, 0.84240910375673, 0.8327242425398018, 0.7199487835286544, 0.817259830616065, 0.8176373137475887]"
Mean-selected,62117,4,False,False,True,"[0.7358859126748849, 0.7030320368855346, 0.7215105561163291, 0.7322229593245719, 0.7516644439946896, 0.6902420377032836, 0.7013078726722543, 0.6832373979641257]"
Mean-selected,62587,5,False,False,True,"[0.48261170398127307, 0.7506236469324772, 0.6278567202679204, 0.6706906841136415, 0.6262848465633486, 0.7539490615455506, 0.5916613157887305, 0.7021070264270025]"
Mean-selected,62627,5,False,False,True,"[0.6561847074173162, 0.6851393892020203, 0.7238626116279734, 0.6664731695203407, 0.7394746885275609, 0.7463703931013728, 0.7145916068477933, 0.7272735566773691]"
Mean-selected,63062,2,False,False,True,"[0.4615753001733929, 0.7238518873613714, 0.7936901311394803, 0.5887455102875254, 0.6472471214879156, 0.663692620769607, 0.5095383492031327, 0.5248462253954973]"
Mean-selected,63247,3,False,False,True,"[0.5676134865333007, 0.6579445143119965, 0.5912760673396812, 0.6962310822682911, 0.6708677914920073, 0.6221434796733687, 0.6664154624842438, 0.6858352157686268]"
Mean-selected,63837,5,False,False,True,"[0.6199556282838206, 0.6479273572341139, 0.7117248210802043, 0.6422122610189367, 0.5698803194722455, 0.760692300868411, 0.681741139802621, 0.6861353315773473]"
Mean-selected,63869,5,False,False,True,"[0.7654962569010868, 0.6039120449727424, 0.7015753845113031, 0.746251581481091, 0.675052717648349, 0.7894904378051173, 0.7179247334180133, 0.724247391564625]"
Mean-selected,64050,6,False,False,True,"[0.6913259175275891, 0.7482261918113345, 0.7427886348603727, 0.7298920799364776, 0.6852806824953671, 0.7229214308884019, 0.7523830446575983, 0.7058316531444632]"
Mean-selected,64148,1,False,False,True,"[0.627712089594477, 0.6962751823449214, 0.6890337665539445, 0.6575447816066702, 0.6925356337954188, 0.668715945066596, 0.659424429092196, 0.6800199338291153]"
Mean-selected,64195,2,False,False,True,"[0.7379740285231096, 0.6350623033621298, 0.7778948881212671, 0.6677553332586286, 0.682027377077808, 0.672622343798189, 0.7103560076819463, 0.6594472711631667]"
Mean-selected,64262,7,False,False,True,"[0.6938254792128964, 0.5962766613241548, 0.7079516707043413, 0.7192588997998122, 0.7565240531208175, 0.7192898193457611, 0.6944997516215103, 0.7629052816476813]"
Mean-selected,64417,5,False,False,True,"[0.7124404724330877, 0.7353074663984642, 0.7390704290445371, 0.7735676803752058, 0.7845497778741388, 0.8115617005941226, 0.6374939412470989, 0.7232390343853818]"
Mean-selected,64547,6,False,False,True,"[0.5412975064972116, 0.6905578860671555, 0.5294450725102795, 0.6758348119566533, 0.7086555767499063, 0.5725823297312106, 0.7151054973614781, 0.6852869968030271]"
Mean-selected,64783,1,False,False,True,"[0.732872768135278, 0.7615411400487881, 0.6430395383942455, 0.7467104057493059, 0.738003662976835, 0.6815387064033972, 0.6684638042781632, 0.710481742009496]"
Mean-selected,64851,7,False,False,True,"[0.7033746958008711, 0.6755654138143592, 0.6411522773963395, 0.691143216312383, 0.5715015477354789, 0.6994788104342518, 0.7492350311013452, 0.7519150721882331]"
Mean-selected,64925,3,False,False,True,"[0.7428603030576867, 0.7191014140322287, 0.6675114942920237, 0.8006408363397315, 0.6645522585505652, 0.7007354070901246, 0.7809443971263026, 0.7579476630894537]"
Mean-selected,65218,4,False,False,True,"[0.6737156484885543, 0.5451764004915489, 0.7044399060096833, 0.6698483633318071, 0.7121320083288443, 0.7017593916820575, 0.660517360535509, 0.6501682524126793]"
Mean-selected,65340,2,False,False,True,"[0.7301735373070327, 0.6940587781963321, 0.7477872921196519, 0.7406740352925798, 0.6748980747626704, 0.6196974903487271, 0.6574231137054376, 0.6866685174897307]"
Mean-selected,65348,5,False,False,True,"[0.6537057951503052, 0.7075775259742696, 0.6735107415611988, 0.6256432627586737, 0.6633230809471865, 0.7283914776789256, 0.6841490746385781, 0.5822466482315227]"
Mean-selected,65417,4,False,False,True,"[0.742473327665478, 0.6899637612969657, 0.7241984978160487, 0.7356734212257992, 0.7482255442381396, 0.7186367104687645, 0.7012457421850069, 0.684329830486156]"
Mean-selected,65553,7,False,False,True,"[0.6849478484380891, 0.6880109477137801, 0.7165778745385958, 0.6433643641549097, 0.7507480015827657, 0.6685022110817884, 0.6720190825179211, 0.7838122135325771]"
Mean-selected,65609,3,False,False,True,"[0.6916575936491967, 0.7705489453706154, 0.7430476323075222, 0.813875772657973, 0.8013855123322149, 0.7689057162109201, 0.8011811106481666, 0.689666858210972]"
Mean-selected,65690,3,False,False,True,"[0.6295389737604887, 0.6581481872235935, 0.6838492976483382, 0.7722241524847969, 0.7708782567773671, 0.7066543317772314, 0.6246117714946298, 0.70315541655881]"
Mean-selected,65878,3,False,False,True,"[0.7474966492533802, 0.7560144871134997, 0.6743822355104454, 0.7605543814399638, 0.744762708189393, 0.7175998679201004, 0.7442605791203194, 0.6435012324800427]"
Mean-selected,66058,0,False,False,True,"[0.7659720647473812, 0.7298361898934488, 0.6753969863983847, 0.6707977629833275, 0.7210270301864727, 0.7219643013855341, 0.6586607754158367, 0.6991600899253883]"
Mean-selected,66209,2,False,False,True,"[0.7343903022597646, 0.7298762083872845, 0.7658709634072023, 0.709769298925246, 0.6760519784036527, 0.7153528313124125, 0.6747107101198316, 0.7520955706087443]"
Mean-selected,66269,6,False,False,True,"[0.7038698600339965, 0.5792641299001529, 0.7140593426402864, 0.7000381678192953, 0.7058453568989889, 0.659899508179536, 0.787021127773524, 0.6961747264925803]"
Mean-selected,66437,0,False,False,True,"[0.7334435427736024, 0.7067652394174946, 0.6259556236969765, 0.7052306703968623, 0.7322037986526155, 0.6995765051092143, 0.7099417683659957, 0.6322400613155029]"
Mean-selected,66512,3,False,False,True,"[0.6922841740429011, 0.6482035704876183, 0.6678984860416624, 0.7703933318234419, 0.7004347769707391, 0.6567071078283082, 0.654869645747508, 0.7673446427338093]"
Mean-selected,66559,6,False,False,True,"[0.7100563597325628, 0.749581351580068, 0.7066648507932829, 0.7288750687948058, 0.7824986564767022, 0.7393410481073281, 0.7982903441176168, 0.694307295841466]"
Mean-selected,66875,5,False,False,True,"[0.6819569341254879, 0.697917386279888, 0.6678057792511729, 0.7168362710646223, 0.6663944000422435, 0.7229446394052181, 0.6979710771780601, 0.7167039116429847]"
Mean-selected,67261,3,False,False,True,"[0.6178460035806306, 0.47138529066814117, 0.61418947077522, 0.733274621442122, 0.5239620910268887, 0.4869553111607369, 0.5397402152817907, 0.5276088830023745]"
Mean-selected,67281,3,False,False,True,"[0.7976340383980598, 0.756043240532656, 0.7704789620360333, 0.8050027556942689, 0.7635517618945613, 0.7554666187133618, 0.7735973402167338, 0.7444683026305071]"
Mean-selected,67361,3,False,False,True,"[0.6739610627635775, 0.7169643319861844, 0.76437094517093, 0.7839098053317428, 0.6514417435795943, 0.7345844573038973, 0.7632044227694272, 0.7342922048513072]"
Mean-selected,67444,1,False,False,True,"[0.698321497063039, 0.7608257594220181, 0.7000621574411685, 0.7160170167514035, 0.6787871387797758, 0.7163495222545283, 0.5801411120466624, 0.7441980441349347]"
Mean-selected,67673,3,False,False,True,"[0.7007747567274925, 0.6713709046067093, 0.7079133687446306, 0.7826465743204358, 0.7546098515163462, 0.7625029566824189, 0.694103729454941, 0.7775657110700956]"
Mean-selected,67708,4,False,False,True,"[0.6362624700944497, 0.7379239982821275, 0.6983381507503547, 0.670884400915416, 0.7604201892224982, 0.7159081704602897, 0.6512484878416992, 0.6321082712426769]"
Mean-selected,67899,0,False,False,True,"[0.7356788641242338, 0.7107924969803459, 0.7164785349568084, 0.6799656811272118, 0.6455557968337918, 0.7281321677795213, 0.700430422534742, 0.7082442336498211]"
Mean-selected,68121,1,False,False,True,"[0.6063512689284607, 0.7577895728242692, 0.5901239793137678, 0.7222185181419604, 0.5905374526628546, 0.6871700285319331, 0.7283259666769051, 0.5770236043000048]"
Mean-selected,68127,7,False,False,True,"[0.7604330505322542, 0.7289120371069211, 0.7106282662528064, 0.7575253978396372, 0.7259997476335645, 0.7071421570094536, 0.7600697452032472, 0.7608290989677413]"
Mean-selected,68173,5,False,False,True,"[0.6887622452492943, 0.702989253939033, 0.7016417981468788, 0.7182926289609834, 0.676769014986968, 0.77838909988977, 0.6813118202557666, 0.7758922880470533]"
Mean-selected,68193,4,False,False,True,"[0.7376213680700909, 0.7156268549879649, 0.6975958316231655, 0.687843681828596, 0.7775819406270544, 0.7725735289007359, 0.6319009610205328, 0.6411853742421714]"
Mean-selected,68287,6,False,False,True,"[0.6874026706608279, 0.7266374648189557, 0.7323872699505043, 0.7001446689518318, 0.7645559990913295, 0.7591577749267437, 0.7883859933327637, 0.7122094822717048]"
Mean-selected,68394,0,False,False,True,"[0.7948707857148032, 0.7399421575542442, 0.7487223800817097, 0.6896929386465613, 0.6895009084980437, 0.6990302756885831, 0.7637969139027228, 0.6929432683281587]"
Mean-selected,68473,3,False,False,True,"[0.46409530834621565, 0.6861184252207433, 0.6694512798078949, 0.7159791218574219, 0.6002449621864722, 0.641503314537428, 0.6758521278282168, 0.7092775057304974]"
Mean-selected,68532,4,False,False,True,"[0.6866348922961099, 0.5744861223776095, 0.6344289876158633, 0.5454188855683865, 0.7211451736659324, 0.578884177272895, 0.6580381944976753, 0.6038378449396311]"
Mean-selected,68553,7,False,False,True,"[0.7228577202714926, 0.7006697407787421, 0.6632349587847062, 0.632386720728952, 0.736831129661494, 0.6747083647281283, 0.6733792157879976, 0.7688151509406931]"
Mean-selected,68819,7,False,False,True,"[0.649498671915254, 0.6789041041319961, 0.6491160700537724, 0.7191672216444565, 0.6599969945985644, 0.7160195946246408, 0.6387590932959175, 0.7345665384108147]"
Mean-selected,69085,3,False,False,True,"[0.7752694335607322, 0.7633977272958996, 0.7484157230738071, 0.7760951218185778, 0.755654300318833, 0.7752758896361645, 0.7686835283565092, 0.7517014007754896]"
Mean-selected,69087,2,False,False,True,"[0.7450938058583566, 0.6537355032311432, 0.7782419145960151, 0.7237683545149829, 0.6324254841024248, 0.6520144845099111, 0.6321225473435793, 0.701330249776396]"
Mean-selected,69137,0,False,False,True,"[0.7261172418253599, 0.7073196017423495, 0.7073679534434945, 0.6149633898529698, 0.6681234275464728, 0.6189086098350504, 0.7196980899596153, 0.6992945426710759]"
Mean-selected,69462,0,False,False,True,"[0.8073669110582895, 0.5991969644193975, 0.737274452265877, 0.801857329766769, 0.7248107739354017, 0.7036820836269948, 0.7611877527921486, 0.7593833210261277]"
Mean-selected,69641,1,False,False,True,"[0.7846632714332682, 0.7984103199066634, 0.7700540210711093, 0.7293108997856219, 0.7891377037197629, 0.782435160005223, 0.7552190436632049, 0.7822494215727747]"
Mean-selected,70279,5,False,False,True,"[0.7187748757048983, 0.5893342362620178, 0.6857623893847283, 0.5186175497665722, 0.6392845889641299, 0.7794412113820144, 0.6890171141203676, 0.6503560199007399]"
Mean-selected,70372,7,False,False,True,"[0.7052128731784528, 0.760318745117138, 0.7033475300265184, 0.7191959399348309, 0.38356203365989827, 0.7438980644185169, 0.6598320686182386, 0.769736997276359]"
Mean-selected,70496,6,False,False,True,"[0.7329937511483957, 0.7468828771436804, 0.7542972488342692, 0.6122034427805065, 0.7515137211234117, 0.7516629091369028, 0.7581583425825027, 0.6845139704595448]"
Mean-selected,70765,2,False,False,True,"[0.7313548280722779, 0.7727624882132171, 0.7864879712771146, 0.7529781440390242, 0.7709407030098474, 0.7331569552731927, 0.7785170662469268, 0.7386347779010707]"
Mean-selected,71264,4,False,False,True,"[0.7661111489862114, 0.6692831023009458, 0.773403141157827, 0.7798261955264071, 0.823880023890128, 0.6831960184518919, 0.7545578955044532, 0.7948007965206316]"
Mean-selected,71624,1,False,False,True,"[0.5734249384301686, 0.7153077707898291, 0.6275081896796908, 0.6577018538883804, 0.6480651253512053, 0.5840794511229206, 0.6844275517855121, 0.7131205439994783]"
Mean-selected,71735,3,False,False,True,"[0.7795785791059303, 0.7773590512398673, 0.763834340867803, 0.7864524871782397, 0.7795468838487274, 0.7790736651579635, 0.7317052855497832, 0.7842292848875048]"
Mean-selected,72089,6,False,False,True,"[0.7486775586973116, 0.7903730299280899, 0.7727179542659921, 0.7847101793533603, 0.7138073159182705, 0.7420705284015204, 0.8145382215844568, 0.6599262265751253]"
Mean-selected,72151,3,False,False,True,"[0.7943061524193862, 0.7560531420424741, 0.7923452790606389, 0.8063333933977019, 0.7200334256906638, 0.7881165397433227, 0.7891907938834003, 0.7649066244015612]"
Mean-selected,72389,6,False,False,True,"[0.6543881983563811, 0.6666094012359691, 0.7113415264382503, 0.663031676104717, 0.7193019704713098, 0.6980126400539304, 0.7360317934971368, 0.6688587252581786]"
Mean-selected,72527,1,False,False,True,"[0.6560908559550069, 0.7833294724390796, 0.7293702782073468, 0.709037561679981, 0.7522775522044569, 0.7448217960759985, 0.7773177093843113, 0.6963000084996844]"
Mismatched-C-1,95,4,False,False,True,"[0.6760101785230426, 0.6565176955263847, 0.6551194884338838, 0.651583975429168, 0.6859357913437366, 0.6625391644792019, 0.6415841098533275, 0.6569924023311253]"
Mismatched-C-1,204,3,False,False,True,"[0.6941357067728424, 0.6586192745387882, 0.6738252714523817, 0.7394039510876347, 0.7245523903896954, 0.6422410043886073, 0.6700093078605893, 0.7306177766466659]"
Mismatched-C-1,318,3,False,False,True,"[0.5895020692345846, 0.6324811672785147, 0.6092352835007697, 0.6493928860016305, 0.6280029675683372, 0.6340321703797211, 0.5757276887997415, 0.6329561090580507]"
Mismatched-C-1,356,1,False,False,True,"[0.6089288668023998, 0.8029259711678294, 0.7635560477415817, 0.7151418066584947, 0.7765409012307989, 0.680067319268223, 0.6938317484658576, 0.7929672758202408]"
Mismatched-C-1,425,2,False,False,True,"[0.6104358960269779, 0.7257702949143068, 0.7323980355370197, 0.6685514425551167, 0.6767266635198668, 0.5984029513142421, 0.6721282220709104, 0.6604495086371089]"
Mismatched-C-1,458,3,False,False,True,"[0.6356831363755802, 0.7125491780324418, 0.6787048298127456, 0.7369125221320693, 0.6566759917014804, 0.7173701412786203, 0.7189473294456812, 0.6676844002152849]"
Mismatched-C-1,637,7,False,False,True,"[0.5602505772571418, 0.6293153232446089, 0.650492633828842, 0.6048898192214355, 0.7119623093580263, 0.7008033347777327, 0.5794895433059148, 0.717745268624935]"
Mismatched-C-1,709,6,False,False,True,"[0.6271550685750765, 0.617043483612338, 0.6139548800171695, 0.574207908547879, 0.6098150525120256, 0.6216727199177532, 0.6352632745068056, 0.5660662959120417]"
Mismatched-C-1,868,6,False,False,True,"[0.4987644574239798, 0.6209060360287629, 0.6821234202072672, 0.6002930593102191, 0.5592010844401275, 0.6677694805759413, 0.714809081396132, 0.48135307678607214]"
Mismatched-C-1,1015,4,False,False,True,"[0.5160149094100932, 0.4796697888015925, 0.5419387824650423, 0.4998971315359279, 0.5737915777855808, 0.5094185927063847, 0.5358643534752967, 0.458369450169714]"
Mismatched-C-1,1288,2,False,False,True,"[0.5748408280900981, 0.667992967600056, 0.697862743357028, 0.6542340963407437, 0.6648341143689623, 0.6202264697621082, 0.6111129886007841, 0.6634252741100402]"
Mismatched-C-1,1589,1,False,False,True,"[0.5523408698793144, 0.6851686098374976, 0.5893749192026291, 0.6526187607232659, 0.5920741335570507, 0.5866480975762369, 0.6196071089528874, 0.597257841248725]"
Mismatched-C-1,1744,1,False,False,True,"[0.6026246548581413, 0.672307544427832, 0.5785316792105893, 0.6002064543856251, 0.5783459970993579, 0.5627864928913875, 0.5889667039202774, 0.5757759490293368]"
Mismatched-C-1,1818,7,False,False,True,"[0.6601627742356724, 0.6610405740379093, 0.6457524623771471, 0.7016649992407917, 0.652330012339021, 0.6836900336382591, 0.5842721940201147, 0.7071655981999592]"
Mismatched-C-1,2070,3,False,False,True,"[0.34744285419644527, 0.4744442120059882, 0.4920604534542171, 0.6187055522576728, 0.551268933719837, 0.4597736412488612, 0.4327148756258434, 0.5465507537378561]"
Mismatched-C-1,2125,3,False,False,True,"[0.690837516650882, 0.623126439626356, 0.697356795092297, 0.7690410682081288, 0.7391417825072433, 0.5969045637560388, 0.6345683296485414, 0.6674312077545952]"
Mismatched-C-1,2327,1,False,False,True,"[0.6405028341479995, 0.6974310120313111, 0.666343471837185, 0.6497687411670651, 0.6434487378412248, 0.6611964062267671, 0.6304179516861603, 0.6716609789941108]"
Mismatched-C-1,2737,0,False,False,True,"[0.7303183661719357, 0.6771377949998143, 0.6644606569171662, 0.6651050244038132, 0.6665088630184317, 0.6543516951236743, 0.6730233196817821, 0.6681837639954225]"
Mismatched-C-1,2795,0,False,False,True,"[0.6710520280415075, 0.6313834097085056, 0.6699665159795098, 0.6010464913117435, 0.6580657225475133, 0.6622543127549196, 0.6592858482996355, 0.5870122096312554]"
Mismatched-C-1,2980,6,False,False,True,"[0.6715858417373343, 0.6912398939913642, 0.7042776624833289, 0.6728815592622979, 0.6735683791900727, 0.669293709086886, 0.7060713604636941, 0.6933612152870006]"
Mismatched-C-1,3338,1,False,False,True,"[0.6400712468962924, 0.69206681983169, 0.4446688944995357, 0.6158625444901957, 0.5665271061949635, 0.5677228955703377, 0.5895674285927903, 0.4473853373997183]"
Mismatched-C-1,3344,5,False,False,True,"[0.5476347862830588, 0.5770099983303595, 0.4464628337651469, 0.5626114822253274, 0.5953433337517012, 0.5985389456693693, 0.5275938577974635, 0.5133003011214907]"
Mismatched-C-1,3368,3,False,False,True,"[0.621727195523087, 0.6516097811016412, 0.5754051535173422, 0.6644402651413297, 0.6049939826538806, 0.6133310661255573, 0.6339721957505644, 0.6441004858868942]"
Mismatched-C-1,3731,5,False,False,True,"[0.5937681375246918, 0.7002458687352975, 0.7164293410792488, 0.5756400430905351, 0.6098332419888703, 0.7230944487474484, 0.5800812608974935, 0.7042803246918008]"
Mismatched-C-1,3803,4,False,False,True,"[0.5017237689754108, 0.5830163153277859, 0.524951053472841, 0.7751176802153052, 0.7920180071909527, 0.5890607024522443, 0.7750136509185803, 0.7161107607228496]"
Mismatched-C-1,4292,5,False,False,True,"[0.5741946922666752, 0.6183891759445121, 0.5380436200256942, 0.5868796578058616, 0.6644842825806208, 0.6895253503680439, 0.6434991608232691, 0.6393490427617295]"
Mismatched-C-1,4409,1,False,False,True,"[0.4024752563625082, 0.6079673579815787, 0.4679695903416263, 0.5797952839595835, 0.5634648242897705, 0.5531040958356714, 0.5915355206789379, 0.5041225551660649]"
Mismatched-C-1,4476,7,False,False,True,"[0.6932821687573496, 0.6334683810449566, 0.6846750194444271, 0.543046096822691, 0.5089356812959565, 0.6862038029503105, 0.5858040115091017, 0.7011282509130524]"
Mismatched-C-1,4509,7,False,False,True,"[0.6573249778000703, 0.6172113568533442, 0.6511763010261733, 0.6043416908131986, 0.6852013251355089, 0.7066183512988136, 0.6589597577446598, 0.728408904674904]"
Mismatched-C-1,4927,3,False,False,True,"[0.5810647029444864, 0.6181709059888436, 0.648104763844771, 0.6685098570353165, 0.4523472689609497, 0.56829612073899, 0.5875800588524123, 0.6133665923044807]"
Mismatched-C-1,4967,2,False,False,True,"[0.6674326696586241, 0.6926617288295758, 0.6992250786843895, 0.6513166327501889, 0.6670277187720012, 0.6751294979346485, 0.656458371547991, 0.6882852516720827]"
Mismatched-C-1,5340,1,False,False,True,"[0.6066352277466812, 0.6480328697153206, 0.5234251817591405, 0.6385757569173185, 0.6151032026487167, 0.5621417613501772, 0.5928416184940704, 0.5684840671504614]"
Mismatched-C-1,5582,2,False,False,True,"[0.654628860590992, 0.6870659088902473, 0.7194051750247495, 0.6376577074236383, 0.7193118304257808, 0.7187264703516809, 0.6343795476565101, 0.6834316647506082]"
Mismatched-C-1,5656,4,False,False,True,"[0.5991200600278022, 0.6064359489294762, 0.6497217786342759, 0.56784470903809, 0.7348880223966685, 0.6147662628348132, 0.626083481770138, 0.6130405321604262]"
Mismatched-C-1,5683,3,False,False,True,"[0.5989028012980495, 0.5429891969814842, 0.532365658356007, 0.6102982737596415, 0.5766357950042904, 0.5219406921697928, 0.5763585106850464, 0.6072318550481828]"
Mismatched-C-1,5790,7,False,False,True,"[0.7039633032797707, 0.7445180640659501, 0.6703644234340393, 0.650130863578837, 0.638871722292093, 0.7479240704644401, 0.6541175527852254, 0.7488644263469567]"
Mismatched-C-1,5929,0,False,False,True,"[0.6147123151291081, 0.6065902833788979, 0.5792253887450596, 0.5980524287452996, 0.5789015909344932, 0.5561298623968844, 0.5662084045444669, 0.39845733845709996]"
Mismatched-C-1,6315,5,False,False,True,"[0.598420024617101, 0.6330986136510577, 0.5816789229346105, 0.6532424586046968, 0.6136569004926744, 0.6684601372010366, 0.49842831287356454, 0.6006284382101713]"
Mismatched-C-1,6360,4,False,False,True,"[0.6420499785998188, 0.5043692646363126, 0.5236287575051151, 0.6022545792467685, 0.6874667754522632, 0.5868552672455433, 0.5184405038062319, 0.6201719690037943]"
Mismatched-C-1,6454,2,False,False,True,"[0.6845516393405144, 0.6223752223209411, 0.7534635764788696, 0.7125258647631441, 0.7428793182362994, 0.722830542378796, 0.7036586718671444, 0.6738337321092448]"
Mismatched-C-1,6603,4,False,False,True,"[0.618311304110273, 0.6360470552746061, 0.6873204569761837, 0.5845648789107591, 0.7195884555834766, 0.5843702045578825, 0.5948444298742415, 0.5660633560812931]"
Mismatched-C-1,6750,0,False,False,True,"[0.6799014103283465, 0.6218102293045698, 0.5957820248883352, 0.6128430276744217, 0.6221895070202546, 0.5507034434504388, 0.6003885841803708, 0.6149420079778671]"
Mismatched-C-1,6759,2,False,False,True,"[0.7514693500878804, 0.746993428495226, 0.7659137321775713, 0.7269500407735681, 0.7380755808675303, 0.7469270582287548, 0.7420566301622811, 0.727029631550225]"
Mismatched-C-1,6770,6,False,False,True,"[0.6232698891976223, 0.6093361351446416, 0.6164860348980896, 0.6542175768161261, 0.6201395980276359, 0.6333255829713371, 0.6542996605930225, 0.6056709272655597]"
Mismatched-C-1,6991,0,False,False,True,"[0.6419703240308758, 0.6215039601196128, 0.5620092029748482, 0.6090850691880872, 0.5749905857071882, 0.5422603650489743, 0.5305208212305226, 0.6353019767539341]"
Mismatched-C-1,7306,4,False,False,True,"[0.5605206928820395, 0.590164805543943, 0.5525669783496331, 0.5996355645897637, 0.6242457170441216, 0.6153415870234764, 0.4980719680581964, 0.6107592772214909]"
Mismatched-C-1,7355,2,False,False,True,"[0.6408887829865908, 0.7204015377291813, 0.7271669449303704, 0.5953780607968051, 0.6700518900210759, 0.6307406302754033, 0.5855450522665706, 0.6769508687628409]"
Mismatched-C-1,7899,6,False,False,True,"[0.540634029336637, 0.6140250314281149, 0.5911834628837612, 0.6119260841015606, 0.5080908349281451, 0.5935768876130818, 0.6332974848028569, 0.5518544457205856]"
Mismatched-C-1,8061,2,False,False,True,"[0.5478681563031087, 0.4212200967943489, 0.6216790416521671, 0.5709675534086835, 0.5156194151698641, 0.5316950379972694, 0.4935948297765741, 0.5229338487387142]"
Mismatched-C-1,8215,7,False,False,True,"[0.497620750162703, 0.4676873531784089, 0.41592582851864096, 0.6050120086438157, 0.5307361083219722, 0.5845206557435023, 0.5019671819994794, 0.6084399381227903]"
Mismatched-C-1,8234,7,False,False,True,"[0.6505677512348462, 0.6574847270415325, 0.6812789385104033, 0.5758888162317461, 0.6633186057431302, 0.6071483232512082, 0.6694592188171808, 0.7104549185470967]"
Mismatched-C-1,8238,4,False,False,True,"[0.7198054593405179, 0.6456796588719489, 0.6602944582839325, 0.5509257253198755, 0.7273968072675774, 0.571523117004463, 0.6816215442395698, 0.5578949812882574]"
Mismatched-C-1,8275,6,False,False,True,"[0.720182991917385, 0.694967408618581, 0.7353973030488781, 0.7328445739463109, 0.7194461491871743, 0.7219279316823675, 0.7368892940931633, 0.7116170844799128]"
Mismatched-C-1,8367,6,False,False,True,"[0.6434214772651558, 0.6515987533784893, 0.6414312829823386, 0.6097260626561269, 0.6445833642731795, 0.6216907157019198, 0.7087187320770586, 0.6424691874268793]"
Mismatched-C-1,8828,3,False,False,True,"[0.7512835804080515, 0.7728319461752359, 0.7953423943388598, 0.8384512122493171, 0.7981316838012025, 0.8224068323206601, 0.7590161258176662, 0.7894822634892087]"
Mismatched-C-1,8862,6,False,False,True,"[0.6486077138834339, 0.6057194513159426, 0.6327112619308206, 0.6329662492451945, 0.6241006864342586, 0.5036756704564614, 0.6493625261476801, 0.5450866747690235]"
Mismatched-C-1,8926,4,False,False,True,"[0.6403152279375135, 0.5237042198027503, 0.678380422451842, 0.6264047734198508, 0.6825059436104242, 0.617585405767413, 0.6808872210933969, 0.5606042506208547]"
Mismatched-C-1,9188,5,False,False,True,"[0.7266844783225106, 0.7349470941396121, 0.7351746616166963, 0.6774030046695642, 0.7129701480067805, 0.748668359537863, 0.691478265710773, 0.7456505432802284]"
Mismatched-C-1,9298,5,False,False,True,"[0.6025124137001254, 0.6708162901885245, 0.6784053821578918, 0.6790190232350127, 0.7268640838530507, 0.7359552029314584, 0.6982906899303283, 0.669477386255672]"
Mismatched-C-1,9376,2,False,False,True,"[0.7386314193633354, 0.7153241508109491, 0.7538708979056892, 0.7371728498965551, 0.7457844882361335, 0.7154231887518232, 0.7220954531915591, 0.728794639191785]"
Mismatched-C-1,9712,4,False,False,True,"[0.5530133411202109, 0.5946858077647008, 0.6204729118433996, 0.5180309000372298, 0.6697154104547709, 0.6494910323808635, 0.6417799468194048, 0.6264070717122293]"
Mismatched-C-1,9877,2,False,False,True,"[0.6776987705420163, 0.6557952864529197, 0.6895518131567355, 0.5964922929343137, 0.6381196848768618, 0.6226189855056979, 0.6475468569378879, 0.6554304156973844]"
Mismatched-C-1,10115,4,False,False,True,"[0.607662329480369, 0.6731714592095996, 0.5135313351629405, 0.6769375849913177, 0.6998013051721492, 0.551439670709038, 0.6539253061883845, 0.6099764925597775]"
Mismatched-C-1,10191,0,False,False,True,"[0.6713651912123967, 0.6266008830071608, 0.669036244289454, 0.6473171026744564, 0.6581152141157313, 0.6119565524478964, 0.6383145081872842, 0.6576734973493741]"
Mismatched-C-1,10361,4,False,False,True,"[0.5517318152498158, 0.5613418467365795, 0.5687684059530678, 0.5946038305060981, 0.6183512882605585, 0.609686298212228, 0.5657651191567641, 0.473390223363493]"
Mismatched-C-1,10602,2,False,False,True,"[0.6940250468727288, 0.6622224323595398, 0.7260276948139461, 0.6658566569052389, 0.6987711817336513, 0.6510044381241835, 0.6909160559465738, 0.6906996580766853]"
Mismatched-C-1,10622,0,False,False,True,"[0.8166951349955525, 0.6934802012224169, 0.7067400120584098, 0.6502293683944125, 0.6727186662386812, 0.6403680243018419, 0.7026155903510287, 0.7109396460460706]"
Mismatched-C-1,11050,4,False,False,True,"[0.58964229030641, 0.5236513242756256, 0.6213101358906197, 0.6089715174092536, 0.7452442383491662, 0.6981677227702849, 0.7225769997436594, 0.5931071641293844]"
Mismatched-C-1,11274,0,False,False,True,"[0.7245116553811, 0.6559118060235816, 0.6678128387986161, 0.5805399198690674, 0.5965829276229513, 0.6705003462492141, 0.6681538464493988, 0.6611252530010902]"
Mismatched-C-1,11493,3,False,False,True,"[0.6208788248016472, 0.6424642760321986, 0.6229173999372442, 0.6907018435083698, 0.5899674146588081, 0.6222607143268024, 0.5386087986633288, 0.5980655862400852]"
Mismatched-C-1,11757,3,False,False,True,"[0.680821241463778, 0.621760314695667, 0.6232360861803055, 0.6990073869058426, 0.6865372031412607, 0.6910340751752546, 0.6283158429001214, 0.586911485092046]"
Mismatched-C-1,11886,2,False,False,True,"[0.7279438898161592, 0.7017535040499765, 0.7712640218147295, 0.6677794684404895, 0.7050277830746434, 0.6940160621821162, 0.6867035270017239, 0.6807893317738807]"
Mismatched-C-1,12122,1,False,False,True,"[0.6365226149083721, 0.674921751732952, 0.6367903617836239, 0.5808748103395631, 0.6128411600058157, 0.6295701118534708, 0.6070745932246899, 0.6383174341572384]"
Mismatched-C-1,12225,5,False,False,True,"[0.6508095829955138, 0.6729137195082158, 0.5994466156926921, 0.6034682418471351, 0.5206412604617856, 0.7149273894945125, 0.6679526090740681, 0.5860838797060655]"
Mismatched-C-1,12292,4,False,False,True,"[0.47750426000577467, 0.5599258718177069, 0.6115992524267135, 0.6322518286829539, 0.6540023195549491, 0.5605539209352192, 0.5653056034493102, 0.6068307401412394]"
Mismatched-C-1,12340,5,False,False,True,"[0.6372135452730543, 0.6916135176899152, 0.6581686265607274, 0.5443404197488575, 0.661981145431107, 0.6958899383481716, 0.639428899055605, 0.6845908157523297]"
Mismatched-C-1,12386,4,False,False,True,"[0.6208157104169347, 0.5066774080799903, 0.5744408887218397, 0.5835159168748336, 0.6344316319749949, 0.6326379933530231, 0.5692540187301065, 0.5794581265030048]"
Mismatched-C-1,12597,2,False,False,True,"[0.49318746553197806, 0.5697794761328359, 0.6984915679802923, 0.5752940143193122, 0.5592096503075235, 0.616115803640035, 0.5343377264924201, 0.5668130284462429]"
Mismatched-C-1,13041,7,False,False,True,"[0.6220858550306618, 0.7254743964852673, 0.6608538006225454, 0.6136228646397259, 0.6622633726632323, 0.6442143964221212, 0.6403288107578187, 0.7291741709289634]"
Mismatched-C-1,13134,6,False,False,True,"[0.5455873738949553, 0.5707026961005908, 0.5812572305195887, 0.5594955370554987, 0.5966896276917477, 0.5722751475208088, 0.6577344988081872, 0.538958520506007]"
Mismatched-C-1,13223,7,False,False,True,"[0.6180476061255409, 0.6586572306541925, 0.6617180674041014, 0.5517114972360427, 0.649342022278788, 0.6560132726518682, 0.6261427858312762, 0.7186642499155002]"
Mismatched-C-1,13298,6,False,False,True,"[0.5809236009101979, 0.5841693109395976, 0.6017352580704547, 0.6391100871242147, 0.6488712864999445, 0.6009387429724007, 0.654170122883597, 0.5896741440370179]"
Mismatched-C-1,13587,4,False,False,True,"[0.6619466654048347, 0.5378117144911765, 0.5775711674032864, 0.5949118163035383, 0.6724867543321345, 0.6086694604980778, 0.5688305234385898, 0.6107038761716285]"
Mismatched-C-1,13703,2,False,False,True,"[0.49971839478259594, 0.6201969118225089, 0.6801042151658077, 0.49348286786064216, 0.49309015258268085, 0.5325071122965503, 0.5856973928384568, 0.5802037772518174]"
Mismatched-C-1,13741,2,False,False,True,"[0.5412574153190546, 0.5503296881087696, 0.6316054714297239, 0.5481363489424873, 0.4256896123304517, 0.5259185382092546, 0.5516553897556066, 0.5364961162346122]"
Mismatched-C-1,13749,1,False,False,True,"[0.5877800283527763, 0.7208771193745496, 0.5989175855906472, 0.6898875481307118, 0.5886719007967216, 0.5385257604346394, 0.617421406797416, 0.4744190854203636]"
Mismatched-C-1,13826,1,False,False,True,"[0.6136918156250823, 0.7257994765388613, 0.685937731965655, 0.6136479852870604, 0.6000001588486474, 0.7250843696448852, 0.617091333086529, 0.6975242216983875]"
Mismatched-C-1,13842,0,False,False,True,"[0.7375615471697552, 0.7123437151409326, 0.6736458537672618, 0.6687111753688859, 0.678479281959129, 0.6577002070833284, 0.6659553008400918, 0.6780661074615929]"
Mismatched-C-1,13879,5,False,False,True,"[0.5258986058002537, 0.57381770504016, 0.6703032534486827, 0.5173895741179217, 0.6167693703301766, 0.691513051357, 0.6852231335094612, 0.6277351736687448]"
Mismatched-C-1,13895,4,False,False,True,"[0.590476914026753, 0.6093149131491011, 0.6247895981514878, 0.6023295140852877, 0.6725592826211633, 0.5660548131017036, 0.5650751209209675, 0.6007119117332729]"
Mismatched-C-1,13938,6,False,False,True,"[0.727312721716521, 0.6596526459488, 0.6355123852067532, 0.6951658415419671, 0.695908631516863, 0.6924997331007214, 0.7288649230372775, 0.692548554185179]"
Mismatched-C-1,14049,2,False,False,True,"[0.613143617057643, 0.5870959100773483, 0.6310327709987205, 0.5419019808230467, 0.5933332503078648, 0.5989090845077116, 0.5698817506999991, 0.5652857782756646]"
Mismatched-C-1,14170,4,False,False,True,"[0.6270657241109248, 0.6330882266104535, 0.6342444731592071, 0.6230420553985758, 0.6367835128317346, 0.6158328760804593, 0.5878084498865073, 0.5907679171324104]"
Mismatched-C-1,14245,2,False,False,True,"[0.6645351051726938, 0.6767589026397529, 0.7494860880213285, 0.6764818180929447, 0.7085688940610547, 0.6936271088483893, 0.7364414039519493, 0.7430956833632292]"
Mismatched-C-1,14274,3,False,False,True,"[0.6639101664424186, 0.6373502804725449, 0.6194195222433716, 0.6721704072697596, 0.5958298196286684, 0.6652511642957495, 0.6335879431722065, 0.5787118871351369]"
Mismatched-C-1,14728,6,False,False,True,"[0.7016666298658467, 0.6399977953900312, 0.7015877787384841, 0.6981070561194143, 0.678367489625574, 0.630464488531537, 0.7466464033660767, 0.66413062204148]"
Mismatched-C-1,15068,7,False,False,True,"[0.678481622771486, 0.685739447911732, 0.680811013567043, 0.6827595424955353, 0.6543658341769996, 0.6709851538007436, 0.6783784539408929, 0.6891656610963974]"
Mismatched-C-1,15181,7,False,False,True,"[0.5822202475029881, 0.6207885851725881, 0.5976133087565111, 0.5620495137248833, 0.5543687896250384, 0.5924450938224493, 0.5938745423566645, 0.625673618250254]"
Mismatched-C-1,15182,7,False,False,True,"[0.5978014953740347, 0.5088812917240157, 0.46435692601600775, 0.5885566259895987, 0.6096016461649368, 0.6645664590199714, 0.5262561083762081, 0.6967292490928136]"
Mismatched-C-1,15191,7,False,False,True,"[0.6085709338326919, 0.571505740546569, 0.7164508287248967, 0.617348557121701, 0.6662554733879753, 0.6698003991479251, 0.6288204842184857, 0.7203955640917005]"
Mismatched-C-1,15274,1,False,False,True,"[0.6359579551539916, 0.7311073704400024, 0.6974234050566981, 0.7304744198345974, 0.714914421316104, 0.6664213956241332, 0.7035846618654704, 0.6834351747537792]"
Mismatched-C-1,15386,4,False,False,True,"[0.6251547711338337, 0.6333362325109733, 0.6506668683519709, 0.7054910227753108, 0.7204910415161481, 0.6020336878842589, 0.6869232156829557, 0.6057033833541842]"
Mismatched-C-1,15438,6,False,False,True,"[0.557512694685771, 0.5785634765435597, 0.5639464293431704, 0.544013544950828, 0.5641726486048135, 0.6169347161760856, 0.6352019952868548, 0.6099682220861797]"
Mismatched-C-1,15516,0,False,False,True,"[0.6284516477721567, 0.5317419580789142, 0.5708603897046801, 0.5648688592028903, 0.4617153221509449, 0.5511327788432899, 0.5305548220136522, 0.5861833369283711]"
Mismatched-C-1,15631,0,False,False,True,"[0.7003946204643154, 0.6368116535363653, 0.6115676891270714, 0.6097887218504333, 0.6652616284681421, 0.6798936197739356, 0.684029238102357, 0.5849096745131055]"
Mismatched-C-1,15632,5,False,False,True,"[0.6118697598781309, 0.6034382075615436, 0.6536621257553146, 0.6398905758119176, 0.6163993060287477, 0.6665325787627947, 0.6593235697960109, 0.6380381037915728]"
Mismatched-C-1,15865,6,False,False,True,"[0.594195602688198, 0.5807286724303398, 0.5769727105471734, 0.565523596093388, 0.6403427142879639, 0.5394811216074347, 0.6864470691081039, 0.5741507775468073]"
Mismatched-C-1,15898,5,False,False,True,"[0.6216113530580107, 0.6320616053912083, 0.6258757158618042, 0.5659334540428212, 0.6201144551233473, 0.6442052771939146, 0.5692712827533204, 0.6383006971134366]"
Mismatched-C-1,15953,3,False,False,True,"[0.5768152597327739, 0.6315619480210641, 0.6659207901175885, 0.6742473326408895, 0.6288564130675578, 0.6581688554737697, 0.6249972642455437, 0.5679096605783948]"
Mismatched-C-1,15985,4,False,False,True,"[0.7333405634233485, 0.8023585351712736, 0.7574993520295238, 0.6772458325872803, 0.8145469281122153, 0.7066007261010512, 0.7686946167137634, 0.7422867242688576]"
Mismatched-C-1,16251,5,False,False,True,"[0.7093971328871612, 0.6244830137036181, 0.6690018600086601, 0.7058046355599297, 0.6606745392671711, 0.7474448642133042, 0.6887812004088769, 0.692999630715778]"
Mismatched-C-1,16424,4,False,False,True,"[0.6703959128063928, 0.6980053661736801, 0.6423264767801036, 0.6510746480619769, 0.7178762235496787, 0.6508525871815369, 0.6559641521082968, 0.6994089485170665]"
Mismatched-C-1,16525,1,False,False,True,"[0.6291904868092977, 0.6911734706975544, 0.684074092565248, 0.6777081281476436, 0.623428463923049, 0.603698838901112, 0.6465453702868771, 0.6429873682921281]"
Mismatched-C-1,16625,4,False,False,True,"[0.6646034955459712, 0.6745936368581692, 0.7117450179750953, 0.6808567151505494, 0.7252005014520058, 0.6549286617538517, 0.7159737317968684, 0.704142219604261]"
Mismatched-C-1,16718,2,False,False,True,"[0.7120392463249923, 0.7346675456079744, 0.7744280958990438, 0.7143204154362137, 0.6696879758783243, 0.6310211796763949, 0.7097838426626385, 0.6894977096376775]"
Mismatched-C-1,16800,2,False,False,True,"[0.6235206799836142, 0.6033236928444947, 0.6866379873296427, 0.5997197942020949, 0.6263453197771464, 0.6278920213945638, 0.6535649171718381, 0.614905186427857]"
Mismatched-C-1,17017,2,False,False,True,"[0.5150668536241204, 0.5102719930966316, 0.6105062960412979, 0.5178022840320112, 0.5650065392649066, 0.5430976750040506, 0.5634896524889007, 0.48909659057787647]"
Mismatched-C-1,17605,4,False,False,True,"[0.6153820597902692, 0.52771963620629, 0.4487323637170043, 0.6070713610045975, 0.6328559293547582, 0.5485061735115767, 0.6279064741424742, 0.6243071153646291]"
Mismatched-C-1,17651,1,False,False,True,"[0.5476040337833195, 0.6231516757962119, 0.5054832433881217, 0.5625992119369114, 0.552867790685126, 0.5999030382022652, 0.5975946408605366, 0.518667639798724]"
Mismatched-C-1,17795,3,False,False,True,"[0.6708224986006277, 0.6412177590076973, 0.6361970869387678, 0.7785825655129786, 0.6161644934426597, 0.6070828415049467, 0.612459015155266, 0.6676893010985434]"
Mismatched-C-1,17843,7,False,False,True,"[0.696762500162089, 0.7185780949580983, 0.6121989525119149, 0.6344256225475328, 0.6145552757053455, 0.6840631755339834, 0.6739859918887419, 0.7485771208171381]"
Mismatched-C-1,17865,7,False,False,True,"[0.6441353790175, 0.681687426319048, 0.6431852980242818, 0.7033099547572281, 0.6575048380995793, 0.6255302692241165, 0.7025414898077909, 0.7162827983515577]"
Mismatched-C-1,17946,0,False,False,True,"[0.7504334735604132, 0.6502233719244577, 0.7094895962068242, 0.6884117438104838, 0.6924740651425494, 0.6880909858709132, 0.681841772776052, 0.6731157348859284]"
Mismatched-C-1,17987,2,False,False,True,"[0.5533096538569138, 0.5980936461723789, 0.6601063449433935, 0.599387462728688, 0.5548211609635921, 0.5913406479072159, 0.6289725358056044, 0.6113830833344456]"
Mismatched-C-1,18115,2,False,False,True,"[0.5596353089216666, 0.5754254598978087, 0.6494286148603905, 0.4882330124682797, 0.5685354685701923, 0.5972253570668481, 0.47260390618909953, 0.5817003803563947]"
Mismatched-C-1,18159,1,False,False,True,"[0.527003197784282, 0.6908320163021413, 0.6276923846754288, 0.596223865588936, 0.6109189542573362, 0.6018532595657169, 0.6210842689814008, 0.5670024998508119]"
Mismatched-C-1,18170,7,False,False,True,"[0.6491281110242967, 0.5127526212618438, 0.5559315616026509, 0.6225692655243428, 0.620717123172271, 0.5888894678550849, 0.5678051586660435, 0.6712642718483118]"
Mismatched-C-1,18556,0,False,False,True,"[0.6583561046184128, 0.6210947123774012, 0.608642701413677, 0.6274610315627941, 0.6536934262135587, 0.6074177640345286, 0.6494977401258946, 0.6220043690654076]"
Mismatched-C-1,18888,6,False,False,True,"[0.573340159731115, 0.6341534525608661, 0.5776463364279008, 0.6406270091294117, 0.6401687856220313, 0.5571566520349842, 0.6592973243032811, 0.6335941399553542]"
Mismatched-C-1,18960,7,False,False,True,"[0.577064959557702, 0.6453931526203657, 0.6022884743262693, 0.6433344358087172, 0.6297012697625815, 0.6201256314975776, 0.6649843557332475, 0.6808033776726102]"
Mismatched-C-1,19331,6,False,False,True,"[0.6141530632903542, 0.5959790035117354, 0.638182905831806, 0.5927918492709039, 0.6244156892439798, 0.6290858360889177, 0.6514247031827706, 0.6278873557632496]"
Mismatched-C-1,19471,1,False,False,True,"[0.6971624454654541, 0.7056416626039956, 0.6695117762561054, 0.6505005670761084, 0.6723625428714683, 0.6352586885486025, 0.7002630753875501, 0.6380597211842385]"
Mismatched-C-1,19593,6,False,False,True,"[0.5179795924648851, 0.5215665590858881, 0.594390334346377, 0.6112528759962177, 0.6074304337671856, 0.6064172644472736, 0.64451292803771, 0.5698258072558129]"
Mismatched-C-1,19605,2,False,False,True,"[0.5852846788566396, 0.5370808054872789, 0.5903606366329494, 0.5686516382935292, 0.4995582136850324, 0.5858312119293042, 0.5187834263811737, 0.5706803873184266]"
Mismatched-C-1,20013,2,False,False,True,"[0.6132101045895784, 0.6319636350182196, 0.677731533014646, 0.5948560332288386, 0.4673290020705071, 0.5309578884374855, 0.6158718962693288, 0.5770923973787448]"
Mismatched-C-1,20072,6,False,False,True,"[0.6838554779443264, 0.6638585053419741, 0.6338558764861655, 0.6230112316839067, 0.566099708510913, 0.6552853930306144, 0.6987866599423607, 0.6012691771310045]"
Mismatched-C-1,20317,4,False,False,True,"[0.6765302349620157, 0.6144330800979038, 0.6697207745619934, 0.6450081278626896, 0.6884774215336769, 0.586420680497119, 0.5847500357455487, 0.6029017046837084]"
Mismatched-C-1,20380,7,False,False,True,"[0.36557751720005044, 0.5262310807056726, 0.49038699481867276, 0.5248514871908575, 0.527939882586777, 0.4568105862881108, 0.37162582687408063, 0.6546274467733947]"
Mismatched-C-1,20520,6,False,False,True,"[0.5557613979238033, 0.556721425609562, 0.6400658612485173, 0.48873634445961434, 0.6158983386606217, 0.6044653969932537, 0.6450985074873428, 0.5832888780001553]"
Mismatched-C-1,20545,1,False,False,True,"[0.4587882384009569, 0.6197632514767698, 0.5279693024629508, 0.5600750322025017, 0.6081850755467263, 0.4850649700236439, 0.4461759350320509, 0.4771775148385644]"
Mismatched-C-1,20863,0,False,False,True,"[0.5793159984686218, 0.5392851935493639, 0.5082866453593302, 0.552869459079403, 0.5178575925764568, 0.5372148052933331, 0.5506312534211268, 0.5733701332262227]"
Mismatched-C-1,20882,5,False,False,True,"[0.7340912415533596, 0.7120488074110727, 0.7252813721386743, 0.7292440055266656, 0.7065393151808599, 0.7371192246519604, 0.7118051578381316, 0.6853666573583778]"
Mismatched-C-1,20904,0,False,False,True,"[0.6502444805165724, 0.5990714267671318, 0.6308961028367486, 0.6452297297368976, 0.5970077234525992, 0.6375131139172181, 0.6096392612704533, 0.6089617402656697]"
Mismatched-C-1,21295,4,False,False,True,"[0.7448336118566117, 0.7708261051396554, 0.780999154755917, 0.7276470683258154, 0.8095911096726313, 0.7419419795308273, 0.734767102531914, 0.7673570209818144]"
Mismatched-C-1,21414,2,False,False,True,"[0.6911784515928504, 0.6594948137947508, 0.7252594027262222, 0.6277057454561877, 0.7037641401899926, 0.6835665329911852, 0.6895060251971783, 0.6326458911887912]"
Mismatched-C-1,21436,6,False,False,True,"[0.7316135403488404, 0.7332401357181049, 0.75919502797686, 0.5530602377748186, 0.6553788985072986, 0.6832430742638163, 0.7660328406885151, 0.7033015009911008]"
Mismatched-C-1,21558,3,False,False,True,"[0.6567904216760401, 0.567223793388453, 0.6818707950181238, 0.683223750421768, 0.6756416917256911, 0.6181148739678207, 0.6402774337574134, 0.6229609935282485]"
Mismatched-C-1,21887,4,False,False,True,"[0.5969805429971076, 0.5639500348849704, 0.5725359506769332, 0.626276873193562, 0.6383007723152544, 0.5856682443895701, 0.6273131176196838, 0.6012190775758268]"
Mismatched-C-1,22215,7,False,False,True,"[0.6137155348173533, 0.5644245098588196, 0.597539365660944, 0.6228045530755862, 0.6246764801559325, 0.6344391271652694, 0.6166093037080969, 0.6378436937466021]"
Mismatched-C-1,22299,1,False,False,True,"[0.5249366936097273, 0.6466895880586385, 0.5228844627885352, 0.5636990677005902, 0.5733777084434126, 0.5653259535472499, 0.4833566653831822, 0.48761246173187883]"
Mismatched-C-1,22303,1,False,False,True,"[0.6886503783255586, 0.7185877303384551, 0.6774290349315084, 0.6532039056116548, 0.6368593750053377, 0.6608806962218171, 0.5705630497093697, 0.543505130054642]"
Mismatched-C-1,22452,1,False,False,True,"[0.559267433418927, 0.6633252603222373, 0.454972257702806, 0.6074402403207064, 0.6340996776403145, 0.5844411052863241, 0.6252661208093502, 0.5927437692266616]"
Mismatched-C-1,22793,4,False,False,True,"[0.6429974652880521, 0.6347083360486336, 0.6577591437897219, 0.6364844727499446, 0.6968592819729312, 0.6742405795141321, 0.6489726073261928, 0.6346460131101792]"
Mismatched-C-1,22803,4,False,False,True,"[0.5445449913611611, 0.4956857810244094, 0.48131983275526297, 0.5420190811783638, 0.5984472661286906, 0.5741458345275519, 0.5958549464705154, 0.4988513473741265]"
Mismatched-C-1,22924,7,False,False,True,"[0.583461104407563, 0.56840898438865, 0.5722478622672358, 0.5803358436280236, 0.5522537171274556, 0.6028168389787015, 0.5792195326994607, 0.656422673564424]"
Mismatched-C-1,23314,0,False,False,True,"[0.6529503694195954, 0.608963833123926, 0.6208277858242174, 0.6175010280637243, 0.6017957388445072, 0.5817282759867628, 0.6134520013172335, 0.5667134049445509]"
Mismatched-C-1,23445,0,False,False,True,"[0.7271396916055418, 0.6844203779282908, 0.6433205093046201, 0.657915440006932, 0.720740116315195, 0.6718902976913808, 0.6540977818532074, 0.6786333013836747]"
Mismatched-C-1,23479,5,False,False,True,"[0.6581029323276406, 0.4763577864240488, 0.6086807768090339, 0.6472229976507777, 0.692364561214935, 0.6941863654164754, 0.593234048478675, 0.6505789661483127]"
Mismatched-C-1,23623,1,False,False,True,"[0.5249133861972781, 0.6301274813659969, 0.4667379910735471, 0.6070682448867779, 0.5803644596428204, 0.4800179116331066, 0.5916412678386028, 0.4351086957344219]"
Mismatched-C-1,23633,5,False,False,True,"[0.705147572694568, 0.601344027349016, 0.6402898713736, 0.6640925436556221, 0.6697207461626993, 0.7298251366254562, 0.6407264372790424, 0.6825111331702041]"
Mismatched-C-1,23642,4,False,False,True,"[0.4827940462249759, 0.5116088982826732, 0.6088205965040567, 0.5958762613896397, 0.6104601214978721, 0.5275610534710433, 0.4976230703994704, 0.5026271169134271]"
Mismatched-C-1,23803,5,False,False,True,"[0.7120011708202407, 0.7250662614943044, 0.6913331381188049, 0.6879452841316488, 0.7365648706915975, 0.7753072511743119, 0.7528651573909383, 0.647955487263694]"
Mismatched-C-1,24062,0,False,False,True,"[0.7258772880163908, 0.638761125676476, 0.5607695155713005, 0.6498760886955783, 0.6572070929092921, 0.632869090672489, 0.48762596106811207, 0.5545363676973223]"
Mismatched-C-1,24103,0,False,False,True,"[0.7226553737257533, 0.6947308684414445, 0.628281351503848, 0.6210739038595291, 0.7063207588370419, 0.6871187550578128, 0.6686605724837699, 0.6316300340586423]"
Mismatched-C-1,24306,4,False,False,True,"[0.5273737880176537, 0.5417695921863974, 0.5117079523097517, 0.5486455606411929, 0.576485547859733, 0.5333056349235094, 0.5263147704295712, 0.5502674342271549]"
Mismatched-C-1,24700,1,False,False,True,"[0.5947730912503855, 0.8289455335476844, 0.8104292385468288, 0.8247867895390604, 0.557075609243491, 0.8223368931085415, 0.619215266408032, 0.6060590272215141]"
Mismatched-C-1,24790,7,False,False,True,"[0.552360968287473, 0.526108379589252, 0.44368449607463756, 0.3673264551851759, 0.5396394274431826, 0.49003609487129546, 0.397741831030214, 0.6021631260085167]"
Mismatched-C-1,25150,5,False,False,True,"[0.6291102628929683, 0.5918310730628369, 0.6269009124922407, 0.6474583337042616, 0.6030796287363828, 0.6580937350777553, 0.6246460827519613, 0.6526013645165591]"
Mismatched-C-1,25166,2,False,False,True,"[0.6206534451462213, 0.645431366122254, 0.6932943981817798, 0.6179092454635307, 0.6613405361587964, 0.6517338006139176, 0.620120272781652, 0.6152792143136172]"
Mismatched-C-1,25339,4,False,False,True,"[0.6812345859891427, 0.6275348937194835, 0.6007064197125884, 0.6637081991388547, 0.6898792942735703, 0.674764092745766, 0.668004121001932, 0.6327303470847239]"
Mismatched-C-1,25360,5,False,False,True,"[0.5717521731284683, 0.4525760355438793, 0.5083368166937623, 0.5493729552442808, 0.4703969293866981, 0.6230785917972887, 0.538948539712202, 0.5715039629184605]"
Mismatched-C-1,25374,6,False,False,True,"[0.6508543989811941, 0.6173482683268172, 0.6482484462347617, 0.6987751922198344, 0.7686167771568908, 0.6215776251199749, 0.7834953009501904, 0.6280563410983735]"
Mismatched-C-1,25447,7,False,False,True,"[0.6907977071589937, 0.7158591576393957, 0.7161090825541108, 0.6865739300124946, 0.7140006788348753, 0.7007294504498391, 0.7099552310437207, 0.7341068969079338]"
Mismatched-C-1,26070,6,False,False,True,"[0.64593505987049, 0.6074651688918538, 0.5179269131667303, 0.5492700734503133, 0.6314620780613203, 0.641984825615147, 0.6896627532971757, 0.6041267336548373]"
Mismatched-C-1,26146,3,False,False,True,"[0.6852333586879229, 0.6752413218529828, 0.6694340122951139, 0.7163643861254951, 0.6297126202445831, 0.6840350087186897, 0.6687128750301836, 0.6820391144668724]"
Mismatched-C-1,26419,2,False,False,True,"[0.5118062563007622, 0.63692274642799, 0.6965486188222153, 0.6283971282573783, 0.5964371877367709, 0.49058960163443194, 0.5335177929602224, 0.6219976937954372]"
Mismatched-C-1,26519,3,False,False,True,"[0.47720607740616633, 0.4797987304693817, 0.5524426188714069, 0.7131531761882375, 0.4805954485764802, 0.5871268634510884, 0.46035893314292176, 0.479814397434593]"
Mismatched-C-1,26535,5,False,False,True,"[0.4782100286549691, 0.5737119383294516, 0.5154558659018449, 0.5091947503485054, 0.6189706911096792, 0.6306055115805937, 0.6148851409354985, 0.6084296803043118]"
Mismatched-C-1,26749,6,False,False,True,"[0.6905149641587325, 0.6901934451238682, 0.6370878337610408, 0.6812244476147372, 0.66123448530845, 0.686171567357686, 0.6925514492250441, 0.6792684036789292]"
Mismatched-C-1,27131,5,False,False,True,"[0.6768125135653142, 0.5817230817782943, 0.5531953116562325, 0.6273287460709287, 0.6493839061889557, 0.709546102471186, 0.6647679940613705, 0.6567409357829792]"
Mismatched-C-1,27196,3,False,False,True,"[0.6214571913105731, 0.6271969552636203, 0.6708482727519856, 0.6709513671135412, 0.6307042922514519, 0.6308842876952135, 0.6411066891482077, 0.5797172923563145]"
Mismatched-C-1,27240,6,False,False,True,"[0.6372359326430721, 0.5754138374583537, 0.641523348842254, 0.5954094115801931, 0.647688206620513, 0.6462686244838711, 0.662799055161978, 0.6344768464652968]"
Mismatched-C-1,27260,5,False,False,True,"[0.5837439265062768, 0.6203617052738688, 0.6035171413674735, 0.5399491004100264, 0.6399716965223179, 0.66220918470751, 0.5953557036543342, 0.6441338598271842]"
Mismatched-C-1,27648,0,False,False,True,"[0.6955533816966697, 0.6604600140382172, 0.6366208738938333, 0.6897134226058979, 0.6635266058828215, 0.6670816862169586, 0.6637814390408208, 0.6865037798577602]"
Mismatched-C-1,27688,2,False,False,True,"[0.5783904278041456, 0.5651244182489557, 0.6230559721478506, 0.5542371949254407, 0.5136658712301857, 0.5447774741721545, 0.4868008550315803, 0.5335868719525784]"
Mismatched-C-1,27781,1,False,False,True,"[0.5996632368863883, 0.6427573261969046, 0.6186058450587253, 0.6032602351270304, 0.6393893390770529, 0.6011589280876106, 0.6232672315554951, 0.5887208502388596]"
Mismatched-C-1,28157,7,False,False,True,"[0.6998113866570727, 0.7147893374375122, 0.6868641807684552, 0.6847028382528051, 0.6967622707066172, 0.7222904207665666, 0.7059989262025075, 0.728305445698419]"
Mismatched-C-1,28253,4,False,False,True,"[0.736824001235823, 0.6365562636086427, 0.7036111315933677, 0.6972439101226608, 0.7447115285710164, 0.6919038989999251, 0.6291124421345734, 0.6211231134382988]"
Mismatched-C-1,28276,3,False,False,True,"[0.627905849215628, 0.7073442856853598, 0.6800626393993943, 0.7352692185028373, 0.5917375093333894, 0.6883950153982765, 0.6685372726608925, 0.7226402131980241]"
Mismatched-C-1,28309,7,False,False,True,"[0.6836924909014117, 0.6970192342948468, 0.6877125597870493, 0.7091129017975271, 0.6474119766940316, 0.6825578797980302, 0.7038341083680568, 0.7343870281393736]"
Mismatched-C-1,28511,7,False,False,True,"[0.6906245681455259, 0.6202400772913227, 0.5481376788623985, 0.6497035474040778, 0.660575765321714, 0.528588533305447, 0.5788177594526469, 0.7019635164827172]"
Mismatched-C-1,28548,7,False,False,True,"[0.6670094690962892, 0.6799943813184497, 0.6825143798773536, 0.7218693439543165, 0.6884999025660348, 0.7077060081178825, 0.6701950058086841, 0.7245417197113344]"
Mismatched-C-1,28979,4,False,False,True,"[0.6847744985436942, 0.6236308011192946, 0.5966139204602074, 0.6700956242643965, 0.7007832561072345, 0.5829456486174247, 0.6718243613138102, 0.6195067463350024]"
Mismatched-C-1,29018,2,False,False,True,"[0.5587726797029773, 0.5919606517904856, 0.5950845560772207, 0.5499513198659048, 0.5939216544024302, 0.5008520857094616, 0.5803475849326641, 0.5471757917690506]"
Mismatched-C-1,29179,0,False,False,True,"[0.6801498749964565, 0.642153390417538, 0.6221307051947484, 0.575390413815172, 0.6293733249967661, 0.6691475253078826, 0.5920395876449248, 0.6386103973717425]"
Mismatched-C-1,29221,0,False,False,True,"[0.721083149253129, 0.6638434432375833, 0.6702582768958208, 0.6865954326722064, 0.6477181640639973, 0.6949955605991907, 0.7004862822744413, 0.6633101267990521]"
Mismatched-C-1,29400,0,False,False,True,"[0.6830010491714783, 0.5619390546694518, 0.6482100004848472, 0.6099508858834696, 0.6062055786573909, 0.5263803953699727, 0.5902018695759932, 0.5892579591745575]"
Mismatched-C-1,29511,6,False,False,True,"[0.7459317316215445, 0.7141976066923446, 0.67080579234433, 0.7155558564953678, 0.6768241153078759, 0.7459555799724829, 0.747427720710045, 0.67546198470564]"
Mismatched-C-1,29591,6,False,False,True,"[0.5235232227230298, 0.5825948713658686, 0.5794209302689632, 0.5632064805585842, 0.5946825905881286, 0.5045722237914423, 0.634660497541064, 0.611340607591758]"
Mismatched-C-1,29610,6,False,False,True,"[0.6031260332516122, 0.6221606466760149, 0.5992363510255888, 0.33927189404733293, 0.5838265789503128, 0.6417128552361213, 0.6786767112594381, 0.5842140506660696]"
Mismatched-C-1,29717,3,False,False,True,"[0.6078294664188486, 0.6557074723946987, 0.6694154318509409, 0.6984613351213816, 0.6497592546022515, 0.6638734604698255, 0.6581657456734574, 0.573908964076417]"
Mismatched-C-1,29815,3,False,False,True,"[0.697709689505102, 0.6817451779560058, 0.7073507919538724, 0.7249583517806619, 0.705989571996358, 0.7096767795605456, 0.6763898597803835, 0.6536225197963758]"
Mismatched-C-1,29831,3,False,False,True,"[0.6232367979761926, 0.6243448672671105, 0.6364471257944613, 0.7319225265561198, 0.6941406105989057, 0.6812609823041017, 0.6955240563182006, 0.6321703904661722]"
Mismatched-C-1,29903,4,False,False,True,"[0.6842755131151614, 0.6869003735934812, 0.673112783377801, 0.6324725145311066, 0.7315339361108123, 0.7192507704442237, 0.715576168001558, 0.7122968696408686]"
Mismatched-C-1,29942,7,False,False,True,"[0.5875210602704436, 0.5937699067973496, 0.6109660842024852, 0.5979309058898357, 0.6275469724754908, 0.607513734427271, 0.5154837133170949, 0.6430223064740935]"
Mismatched-C-1,30016,5,False,False,True,"[0.5368532968332753, 0.5653839129377991, 0.5464328941621412, 0.5768811741110407, 0.5555609414556704, 0.6439006231502817, 0.5420358109651933, 0.634207241402567]"
Mismatched-C-1,30068,1,False,False,True,"[0.6271515122826281, 0.7185655402388333, 0.6882063827169378, 0.7014324443174846, 0.6670752249050129, 0.6661316717879411, 0.7028595292453452, 0.7022032554880782]"
Mismatched-C-1,30077,4,False,False,True,"[0.7711282458013987, 0.7222457259837777, 0.813947672629123, 0.7039892541056576, 0.8171292725748098, 0.746617897520524, 0.7401382399591216, 0.8019161740266738]"
Mismatched-C-1,30139,3,False,False,True,"[0.5076500861331771, 0.6088203590192243, 0.6202552771495893, 0.6372530639746294, 0.6041516207219311, 0.5841644790198983, 0.5963392121300988, 0.6288346572739816]"
Mismatched-C-1,30888,3,False,False,True,"[0.6139291728443657, 0.6311610268646274, 0.5185298300100349, 0.6673638791879131, 0.5878802973536411, 0.6271257218151052, 0.5496520264674637, 0.5765326487413558]"
Mismatched-C-1,30961,2,False,False,True,"[0.6229259330431884, 0.5431821713772166, 0.6298432030390593, 0.5465589910358285, 0.5745879013341608, 0.5593037343650007, 0.5088001893241741, 0.5767159558526063]"
Mismatched-C-1,31234,7,False,False,True,"[0.5776625515505445, 0.5943863071761544, 0.6263577707142153, 0.58397312414884, 0.5715902399663644, 0.5971783876194052, 0.6176040494260642, 0.6849219682588034]"
Mismatched-C-1,31244,7,False,False,True,"[0.6290737052340685, 0.651193339754, 0.5605387365279695, 0.5891936293024983, 0.5753612876325516, 0.5900522671997497, 0.6355632469031427, 0.6660999644818694]"
Mismatched-C-1,31251,4,False,False,True,"[0.5554052139465715, 0.4565895165153117, 0.5027267637136952, 0.4745427234408497, 0.6228012921624512, 0.5336071378152576, 0.561749826289544, 0.510005006791074]"
Mismatched-C-1,31280,7,False,False,True,"[0.6432584541512465, 0.7027038779504022, 0.70490299956808, 0.5679383443194224, 0.6309843521842372, 0.6076816435685433, 0.6652291558867669, 0.718255219000232]"
Mismatched-C-1,31503,3,False,False,True,"[0.6655014403191146, 0.69942300686698, 0.6367926058812894, 0.7330324540225669, 0.6433271467525543, 0.6141266210660978, 0.6643167436133952, 0.6865218989685489]"
Mismatched-C-1,31776,4,False,False,True,"[0.6101960337775396, 0.5688959426556237, 0.5613201884973823, 0.6076534012909562, 0.6289930894914043, 0.563690835723144, 0.5331823545355917, 0.5238117021784576]"
Mismatched-C-1,32051,7,False,False,True,"[0.5576109243934313, 0.5146286942255016, 0.5525685173602677, 0.6270765791399684, 0.5542041238382076, 0.5156278541778034, 0.6121774709413297, 0.6970082240062976]"
Mismatched-C-1,32062,5,False,False,True,"[0.6339404667690979, 0.6054316070291026, 0.6567431664552938, 0.6632672771265871, 0.6405733430893141, 0.6800465789192701, 0.6732303492336942, 0.6341650933089424]"
Mismatched-C-1,32140,1,False,False,True,"[0.6632652668077987, 0.7230911861735589, 0.68180702486471, 0.7177164521960229, 0.6630061155937612, 0.6845517634146929, 0.7128143390777328, 0.670807150216929]"
Mismatched-C-1,32365,0,False,False,True,"[0.6307602751505061, 0.613394796110716, 0.6060334108930578, 0.5997486141012753, 0.5960104390679632, 0.6135577061218593, 0.5907103635720092, 0.5891082127208116]"
Mismatched-C-1,32427,1,False,False,True,"[0.5747572660479172, 0.7133070224752276, 0.5764890624820778, 0.4813221588102695, 0.5448183847007191, 0.5630930578562743, 0.5936078113606627, 0.5745471351501519]"
Mismatched-C-1,32470,6,False,False,True,"[0.752199060683905, 0.8236464617752984, 0.7606878626060394, 0.7919845680751688, 0.7603535591373032, 0.8275492773702877, 0.8409839715428683, 0.7189274921570519]"
Mismatched-C-1,32532,3,False,False,True,"[0.7278821685829973, 0.7056433228101056, 0.710822251782774, 0.739250295835768, 0.6193697333929777, 0.6898577444638467, 0.7042868277275516, 0.7191047644375435]"
Mismatched-C-1,32630,5,False,False,True,"[0.7299269742156795, 0.7204887978192077, 0.7032645375363838, 0.6050204967430423, 0.7113258627071046, 0.7367629883249334, 0.5495124005653425, 0.6450050715801158]"
Mismatched-C-1,32680,4,False,False,True,"[0.6883338295334003, 0.7257497015589089, 0.7190022575803451, 0.6204108942824886, 0.7351463834398911, 0.7015249249668509, 0.731971617086147, 0.6213350238118718]"
Mismatched-C-1,32697,4,False,False,True,"[0.6440336119554546, 0.6680379156708166, 0.5694972492241297, 0.6234878279415437, 0.6814632982803541, 0.5963086057882641, 0.6728407703806776, 0.6523646633110436]"
Mismatched-C-1,33057,0,False,False,True,"[0.7571837246380494, 0.6701103614328883, 0.6861868770144843, 0.6880779241451427, 0.6938511844473332, 0.6637635129593648, 0.6951775346251341, 0.6983767734013473]"
Mismatched-C-1,33084,1,False,False,True,"[0.6829439553326953, 0.7275321506732328, 0.6970852751814745, 0.6388171303892083, 0.6253780414963372, 0.7025971369196127, 0.6493232148112372, 0.6121748711013468]"
Mismatched-C-1,33123,2,False,False,True,"[0.5992229289685054, 0.5929759630142167, 0.6919454553817259, 0.5912400341372841, 0.5698731250711555, 0.6148056632208496, 0.6467726193237063, 0.5838765640341745]"
Mismatched-C-1,33256,2,False,False,True,"[0.5832041403094224, 0.5771990873852336, 0.6070090365022585, 0.45990753458475614, 0.526844485753099, 0.5625877686698624, 0.5081771347603655, 0.5269877647113506]"
Mismatched-C-1,33264,4,False,False,True,"[0.5672422135862711, 0.6032576086503625, 0.589861408095414, 0.48661386738559037, 0.6156621313615094, 0.5799718230111737, 0.5490300635332286, 0.5665755453558792]"
Mismatched-C-1,33336,2,False,False,True,"[0.6301585324941639, 0.7097395111961544, 0.7497122187397629, 0.5768977055940019, 0.5273116922483834, 0.5739897119137539, 0.64757440366133, 0.5781592561050342]"
Mismatched-C-1,33342,4,False,False,True,"[0.5469331135365303, 0.48008982920842025, 0.576200153076673, 0.5196559676765181, 0.613325733047489, 0.5800244202627735, 0.5845016118930408, 0.5994989642655495]"
Mismatched-C-1,33512,7,False,False,True,"[0.5407088263573495, 0.6160426250320152, 0.5923267008041788, 0.5842912638662471, 0.6161869865334284, 0.6377179120372558, 0.5947338732832617, 0.6579215711353882]"
Mismatched-C-1,33863,7,False,False,True,"[0.6434871671377713, 0.6575286885650787, 0.6158120385236332, 0.6377983644090623, 0.6658855936913279, 0.6250676873450661, 0.6401729371001297, 0.6712719256379198]"
Mismatched-C-1,33990,4,False,False,True,"[0.5463756124478631, 0.5474098832510113, 0.5988940848997509, 0.6073620611299413, 0.6249836953193567, 0.5805598646105196, 0.5955653005657147, 0.5672493983741571]"
Mismatched-C-1,34169,4,False,False,True,"[0.5201297133565624, 0.5057657899508706, 0.4925766180919827, 0.552837583162725, 0.5664721849994585, 0.5603851734951999, 0.5268093329544761, 0.46439871727674803]"
Mismatched-C-1,34198,4,False,False,True,"[0.5726119485289046, 0.5833435788396715, 0.5472156571199622, 0.6021446338707808, 0.6474733987402341, 0.476140901168725, 0.5651768380132164, 0.6094824213976932]"
Mismatched-C-1,34415,2,False,False,True,"[0.6706381442978671, 0.5938879060343669, 0.6743103576079452, 0.6340598916574526, 0.6440575946501244, 0.6186240305588613, 0.6354377680519674, 0.6099136855757092]"
Mismatched-C-1,34509,6,False,False,True,"[0.7184501629471225, 0.6728324278998554, 0.7090794256080062, 0.7021426339961041, 0.6948404605828298, 0.7052557715606371, 0.7525188549369993, 0.6938696015579209]"
Mismatched-C-1,34565,7,False,False,True,"[0.5776752091022683, 0.6508815484351236, 0.6167799764078374, 0.5759857332489884, 0.6744677774152772, 0.683879561363744, 0.6150972595154479, 0.6850514414504815]"
Mismatched-C-1,34854,7,False,False,True,"[0.6483440541397534, 0.6523695330574502, 0.6779640750010076, 0.6071730467021064, 0.6876683054584631, 0.6690114055067151, 0.6781711861705173, 0.6897679511716859]"
Mismatched-C-1,34998,7,False,False,True,"[0.7795837681111835, 0.6525110316140489, 0.7242506236709856, 0.6721558071445407, 0.7600785452903047, 0.7468977398795938, 0.7754875601721045, 0.7851830315532347]"
Mismatched-C-1,35100,7,False,False,True,"[0.5731797770826725, 0.5861623795892785, 0.5166365091314503, 0.5295851671913758, 0.6108892394769732, 0.6127091617826035, 0.6530376535144548, 0.6625154309135189]"
Mismatched-C-1,35119,3,False,False,True,"[0.6625403867748504, 0.6178322282248719, 0.65117812459281, 0.6864416392644452, 0.5476956748964354, 0.5858923119628892, 0.6068906378696477, 0.5503742074717143]"
Mismatched-C-1,35131,3,False,False,True,"[0.6934193903299773, 0.7046359947483976, 0.618213077059332, 0.7438692274206089, 0.7069551497701646, 0.7274331215944156, 0.5748509364245683, 0.7321282002147156]"
Mismatched-C-1,35234,5,False,False,True,"[0.5659992054962104, 0.5819726683423708, 0.622086802383765, 0.5527316856459275, 0.40973733524044575, 0.6647351827124814, 0.6395055077065552, 0.5705558547654819]"
Mismatched-C-1,35269,2,False,False,True,"[0.7153055216223752, 0.5866810384682912, 0.7361906893834093, 0.5918620804544115, 0.6333315160508806, 0.647891034923369, 0.6999898787169472, 0.6936955860002028]"
Mismatched-C-1,35281,7,False,False,True,"[0.5446263475766736, 0.5423862426169532, 0.5202788281714718, 0.516321546762432, 0.5231628022622857, 0.5260050750598668, 0.5660732584076705, 0.5919923445308009]"
Mismatched-C-1,35475,0,False,False,True,"[0.5186503869051179, 0.46145161370821697, 0.47576320258987714, 0.5164060804175667, 0.3620706194519515, 0.32893953556210564, 0.4625824961673406, 0.4501504010835148]"
Mismatched-C-1,35600,0,False,False,True,"[0.7069215957677252, 0.7035851931425909, 0.6561124268980068, 0.6819241725015216, 0.6681176458205811, 0.6704699745843294, 0.6931769952828837, 0.6842478523591478]"
Mismatched-C-1,35613,5,False,False,True,"[0.6247327112152072, 0.6633997744485939, 0.6028307880975299, 0.5837231618750988, 0.6819775652711182, 0.6917898407508281, 0.6491532310895742, 0.6253195424419825]"
Mismatched-C-1,35659,7,False,False,True,"[0.5694718354039696, 0.5803003840361811, 0.5716831357096708, 0.5577781254414683, 0.5645201148793512, 0.5835952324857389, 0.5430205210473373, 0.5950423926025011]"
Mismatched-C-1,35916,2,False,False,True,"[0.6083784800152061, 0.6877458090981734, 0.7173932923948187, 0.6326719733843291, 0.6595285479369963, 0.6348428148248524, 0.6641689044198675, 0.6441878768670812]"
Mismatched-C-1,35964,6,False,False,True,"[0.6925978846848567, 0.6288781651593836, 0.7003059192874928, 0.687963285941055, 0.7118620335924204, 0.681641458046941, 0.7275987492577758, 0.6761145253129657]"
Mismatched-C-1,36198,0,False,False,True,"[0.6781912950077545, 0.5025586655595524, 0.5447835385996875, 0.6064838213285368, 0.6174050153661155, 0.6299524888933904, 0.5261492513393138, 0.5500805700613289]"
Mismatched-C-1,36287,2,False,False,True,"[0.6395950313682655, 0.49462793585214, 0.6501898092709657, 0.5716661394420695, 0.584042883040709, 0.5711930574281723, 0.5938218334758941, 0.6461609282809755]"
Mismatched-C-1,36543,6,False,False,True,"[0.7236139288811839, 0.7307970212979, 0.7171146954380979, 0.7299995438534496, 0.7036216956619737, 0.7284761885910747, 0.7381720372584637, 0.7318798880034559]"
Mismatched-C-1,36557,3,False,False,True,"[0.6722719286709966, 0.629241052771346, 0.6102066096694931, 0.7311721078734786, 0.6656596719299478, 0.6568898006684266, 0.6727166934391389, 0.7231737146569951]"
Mismatched-C-1,36992,7,False,False,True,"[0.5930673900402912, 0.4825255464221723, 0.5653425459306988, 0.5741526023792107, 0.5024550112007609, 0.6027499141894317, 0.5611530093862885, 0.605924285166269]"
Mismatched-C-1,37034,6,False,False,True,"[0.6601499446152347, 0.6557834505319655, 0.6072024476332043, 0.5343652689629137, 0.5283030536397065, 0.5608583091617166, 0.6715941499286668, 0.6222389963822665]"
Mismatched-C-1,37053,7,False,False,True,"[0.7522232339120175, 0.8399231048869844, 0.7992013856015229, 0.6929132702505592, 0.7173434688489031, 0.7850342164799078, 0.7864923392636614, 0.842608585513885]"
Mismatched-C-1,37255,4,False,False,True,"[0.5729457733985571, 0.6715670070942346, 0.6206186312159321, 0.637313945142771, 0.6882104391506891, 0.46858397739325885, 0.6877014766086249, 0.6809392909352043]"
Mismatched-C-1,37362,0,False,False,True,"[0.7512468256768257, 0.63798017410327, 0.6966273717636944, 0.7299296768614362, 0.6349127235912606, 0.6838384820775707, 0.7185716526296805, 0.6889369411177004]"
Mismatched-C-1,37406,3,False,False,True,"[0.5098209521093715, 0.5145387598663749, 0.5552846510570001, 0.568127827941899, 0.5672948163811407, 0.45490762233742643, 0.5083117216048068, 0.5137230138144642]"
Mismatched-C-1,37505,7,False,False,True,"[0.5019733436363072, 0.44583760560750996, 0.5206724506788253, 0.46839033832667676, 0.5059397032110291, 0.5008167058842687, 0.47482570510676125, 0.5226102303236924]"
Mismatched-C-1,37552,4,False,False,True,"[0.6564992639363039, 0.6658925521431007, 0.6645567375351376, 0.6501225015506678, 0.7003816369768794, 0.6004865677254474, 0.6282887909791672, 0.6568760357236834]"
Mismatched-C-1,37899,6,False,False,True,"[0.6529524393858195, 0.6793241147286068, 0.6368350792173082, 0.6836979817697806, 0.692771947306851, 0.6663602039739235, 0.703466004706194, 0.6646751275872878]"
Mismatched-C-1,38091,4,False,False,True,"[0.5573487962094824, 0.5193676390020188, 0.5601739715098439, 0.5088727917567041, 0.6371627646298572, 0.5786701938538443, 0.5568245384616999, 0.5895736183537216]"
Mismatched-C-1,38194,7,False,False,True,"[0.6205584405142598, 0.5614550615725564, 0.6368547651695746, 0.6301119318817213, 0.5946704708670669, 0.6149555075825608, 0.6214375938783929, 0.6424723174812161]"
Mismatched-C-1,38375,2,False,False,True,"[0.558211338022126, 0.5684636551685479, 0.6574136149723782, 0.6325530798503518, 0.5321264936256045, 0.6052909161459847, 0.5527118404359992, 0.6248169171778486]"
Mismatched-C-1,38380,7,False,False,True,"[0.6328675595111234, 0.6548765995674704, 0.6514229739081348, 0.6456299284583915, 0.6491655947529766, 0.6504746937009567, 0.6127423431221833, 0.6658052213499461]"
Mismatched-C-1,38833,6,False,False,True,"[0.5591304845061802, 0.6135679072033207, 0.6250674030306739, 0.5952625230382023, 0.5440879402886099, 0.5950520585068961, 0.6557107554319996, 0.6467431718563623]"
Mismatched-C-1,38887,6,False,False,True,"[0.6120370844246226, 0.606590317989861, 0.5927942096860426, 0.5826516146071687, 0.6107354288440843, 0.5807846303510686, 0.6257684682154829, 0.6002922139952521]"
Mismatched-C-1,39183,1,False,False,True,"[0.5688262767125931, 0.6261443947504866, 0.5072769019018907, 0.5535716262997514, 0.5739965841281962, 0.5863115450285239, 0.567166325986705, 0.5943152291756972]"
Mismatched-C-1,39288,7,False,False,True,"[0.7282442018365477, 0.7702601890950646, 0.6178571183838149, 0.7246782053517251, 0.6994908130945137, 0.745318206145068, 0.7424769012621228, 0.7747782311238987]"
Mismatched-C-1,39384,5,False,False,True,"[0.6888875550376712, 0.6965977682928401, 0.704798117192144, 0.6606205127927451, 0.6843297918544669, 0.744892127189988, 0.6255699055546251, 0.7349362443969554]"
Mismatched-C-1,39490,1,False,False,True,"[0.493810583518989, 0.6092179712979915, 0.5495931747837878, 0.4287015100262072, 0.5203630857336525, 0.5096995284244088, 0.5893225682813665, 0.5567554761983392]"
Mismatched-C-1,39557,6,False,False,True,"[0.7486955247215741, 0.6340710203443378, 0.7070313167819129, 0.6746422296320277, 0.7194945092816498, 0.7605037358097757, 0.7962130161621113, 0.7333896263810051]"
Mismatched-C-1,39756,2,False,False,True,"[0.5897736749794369, 0.5922018224789105, 0.6770850770372325, 0.5430019854405573, 0.5670788080991382, 0.5518194851655135, 0.5933463824459962, 0.4784246438921056]"
Mismatched-C-1,39793,4,False,False,True,"[0.5801048665461018, 0.5349558501397929, 0.575868988485388, 0.5517491927637133, 0.6214755329759664, 0.5629648741276783, 0.6070728144639929, 0.6053098292069189]"
Mismatched-C-1,39920,6,False,False,True,"[0.6766152726812269, 0.614985855525826, 0.5390379047876794, 0.5558439677597757, 0.6771525604111106, 0.6572152051636979, 0.7266105784563964, 0.6999346302650766]"
Mismatched-C-1,39986,3,False,False,True,"[0.7107908004413274, 0.6745685356576907, 0.6807259449037655, 0.7605437046856118, 0.7117998995460313, 0.6324369577335186, 0.6670754949097399, 0.6565159379493539]"
Mismatched-C-1,40269,5,False,False,True,"[0.5642970971252295, 0.6070327262933695, 0.6214925035640998, 0.6349997031478535, 0.5681134619010864, 0.6556737895211654, 0.6539805524573198, 0.5535960818826712]"
Mismatched-C-1,40756,3,False,False,True,"[0.6789914948295558, 0.6567779209371291, 0.6742995040152243, 0.6958986105621605, 0.6574480526371502, 0.6199329990164035, 0.6471520002788892, 0.665041911852457]"
Mismatched-C-1,40798,3,False,False,True,"[0.5103136507133128, 0.57097238561137, 0.4890265898056446, 0.5814834370173398, 0.5585512587001091, 0.5396970274970263, 0.5132412185249513, 0.5782644148433033]"
Mismatched-C-1,40819,0,False,False,True,"[0.7229694183635563, 0.6890978060646832, 0.6875203091218902, 0.6249270391881212, 0.6793798913909739, 0.7000308732212034, 0.6724974743098875, 0.7089751547898706]"
Mismatched-C-1,40933,2,False,False,True,"[0.6008743669440397, 0.6240853910801363, 0.6436099760791079, 0.5782560867714128, 0.5812154943309873, 0.5854409760203687, 0.6433268537112533, 0.6238106330243137]"
Mismatched-C-1,40990,5,False,False,True,"[0.6126286870414692, 0.5710139355214755, 0.6252230948280575, 0.5515227377079406, 0.6266526933552803, 0.6382747380762885, 0.5236185781139797, 0.6094535287013371]"
Mismatched-C-1,41120,3,False,False,True,"[0.6409520197843723, 0.7448241778602964, 0.7581195493277832, 0.7874167342938839, 0.7655846067342167, 0.6776403384106744, 0.7044933211209703, 0.7601535379316258]"
Mismatched-C-1,41402,3,False,False,True,"[0.514854907205463, 0.5683418115843866, 0.5531500155641195, 0.5788603662214467, 0.5263903235084492, 0.5389829078737688, 0.5665717478816502, 0.5563005539926834]"
Mismatched-C-1,41540,3,False,False,True,"[0.6290480406144272, 0.6316403919498392, 0.5617070996124658, 0.6490710714293102, 0.5880993089958749, 0.6100633966033583, 0.49439952602562653, 0.5829734480270139]"
Mismatched-C-1,41555,3,False,False,True,"[0.729659538776344, 0.7065597726640311, 0.7139451038607808, 0.7602384207141681, 0.7472247013994855, 0.7389166882922446, 0.7397141144372187, 0.7528594613373012]"
Mismatched-C-1,41561,5,False,False,True,"[0.5881371660390728, 0.6134740460837744, 0.6138630900550586, 0.6041407716592794, 0.6469533963932226, 0.6503606265865448, 0.6023254762475024, 0.5940473196086632]"
Mismatched-C-1,41592,5,False,False,True,"[0.5435376711089313, 0.5789276676079216, 0.5645177229946372, 0.561764131948671, 0.5860773587958261, 0.5960705247641503, 0.5782818390538783, 0.5622160978369082]"
Mismatched-C-1,41636,6,False,False,True,"[0.6296243791656752, 0.6025798596998744, 0.6372056012619063, 0.5660676556202318, 0.6269891321524184, 0.6325336288345902, 0.6471099962620093, 0.6265618138002629]"
Mismatched-C-1,41640,6,False,False,True,"[0.6491559804182826, 0.573474925415504, 0.5960781101651991, 0.6086691478588924, 0.6292388737190935, 0.5788430020852056, 0.6796102830877424, 0.57988289187442]"
Mismatched-C-1,41924,2,False,False,True,"[0.6871928533991858, 0.7235662139086076, 0.7428393150282957, 0.725440796686349, 0.6915061444049425, 0.7081647322538498, 0.7345938489804804, 0.7317995600377896]"
Mismatched-C-1,41976,6,False,False,True,"[0.5708214483076728, 0.4314839329082004, 0.5439558819587949, 0.5537368858785994, 0.4982705838518997, 0.4613822908134949, 0.5922258232202605, 0.5114230966211146]"
Mismatched-C-1,42022,7,False,False,True,"[0.38720830332563083, 0.5047351395952502, 0.5057172166023461, 0.5360078355971174, 0.5948496039219828, 0.4467030658746668, 0.47899583130416323, 0.6877891883601535]"
Mismatched-C-1,42251,5,False,False,True,"[0.6452084594123186, 0.663958042310467, 0.6546678405422959, 0.6306183992029224, 0.649589021046438, 0.674698228053643, 0.6559822968038369, 0.6677727683153303]"
Mismatched-C-1,42302,0,False,False,True,"[0.7292594032474956, 0.6302056122788906, 0.5906571258075561, 0.670879128398314, 0.5885909252706603, 0.6160382396233935, 0.6687228562695269, 0.6794510986689823]"
Mismatched-C-1,42466,1,False,False,True,"[0.607310850485769, 0.7209081841483032, 0.698009691440557, 0.6992061867966141, 0.523866428151216, 0.6487676726522892, 0.6561048727673088, 0.6398497165413046]"
Mismatched-C-1,42679,5,False,False,True,"[0.6884365187292955, 0.6079907964682144, 0.6940131372217564, 0.6417140547051698, 0.6821619790149226, 0.7119313528135024, 0.6284880703626896, 0.6433972436704289]"
Mismatched-C-1,43065,5,False,False,True,"[0.6961439081842014, 0.6742900156222444, 0.6420905370658031, 0.6890835222314, 0.7122525731191965, 0.74989920339186, 0.6700340596729502, 0.7384891119907093]"
Mismatched-C-1,43198,5,False,False,True,"[0.5653416436939745, 0.5062988457007084, 0.5556702722101479, 0.468673119933113, 0.5658719875534717, 0.6971665365508966, 0.6801740597443782, 0.5475061446375552]"
Mismatched-C-1,43211,4,False,False,True,"[0.6500995983632278, 0.6674933483815761, 0.673237645414582, 0.6599055109646766, 0.6889011874266596, 0.6680619410662716, 0.6553451289842449, 0.6427909848825337]"
Mismatched-C-1,43332,1,False,False,True,"[0.6138716138322602, 0.6847775995486657, 0.6385278240961734, 0.5722390555156689, 0.6046972138616702, 0.6281795787646267, 0.6750289556329874, 0.6727739353718777]"
Mismatched-C-1,43546,2,False,False,True,"[0.5847782816190363, 0.508887713874786, 0.6569569345196483, 0.6174710930299946, 0.6085923631916623, 0.6261968043164605, 0.6231343424732532, 0.643358896124697]"
Mismatched-C-1,43584,4,False,False,True,"[0.674182538763846, 0.6481675290030494, 0.6819520807183252, 0.6745232131200278, 0.7285154459587238, 0.6974644879775562, 0.6888427287952041, 0.5728640617495449]"
Mismatched-C-1,44248,1,False,False,True,"[0.7162420698338786, 0.7443419630836294, 0.7196543850534238, 0.6817770924727673, 0.705630895159773, 0.7011617477600742, 0.7149517205353553, 0.716571246133403]"
Mismatched-C-1,44279,0,False,False,True,"[0.6667220978757741, 0.6341255787396158, 0.5653522636460047, 0.6590042194342056, 0.6131676646364732, 0.604443912971612, 0.5835011627076809, 0.6147721201596902]"
Mismatched-C-1,44360,0,False,False,True,"[0.6862178599016449, 0.6664835920221698, 0.664385746972117, 0.6220292783453056, 0.6222257780556142, 0.5653302199541441, 0.6467685863755779, 0.5993745250800468]"
Mismatched-C-1,44413,5,False,False,True,"[0.7573075016693105, 0.7062771922077395, 0.6271519020917165, 0.5480044872144385, 0.6724251232171642, 0.7579062263939571, 0.5763844863307117, 0.6960695826680551]"
Mismatched-C-1,44422,3,False,False,True,"[0.5564574207455015, 0.5891889524219692, 0.6250659026952328, 0.6513755821531682, 0.6088637875503204, 0.5775231051738196, 0.6229203677412213, 0.6071374460294066]"
Mismatched-C-1,44903,1,False,False,True,"[0.6094110013635392, 0.6395604901001737, 0.6131492866182598, 0.574755096154582, 0.5584582762424315, 0.6156350021645591, 0.6030634337028606, 0.6306856625766063]"
Mismatched-C-1,44975,2,False,False,True,"[0.6579906814458991, 0.5954710958112801, 0.6856175515304388, 0.6652416298297217, 0.6563594805371707, 0.6787666504848021, 0.6430480084009522, 0.6723848962597125]"
Mismatched-C-1,45377,6,False,False,True,"[0.6455047024864692, 0.6700594965415686, 0.6659657432046235, 0.671527731991702, 0.6297459369031118, 0.673943233253604, 0.6913750017397752, 0.6424907076754449]"
Mismatched-C-1,45528,4,False,False,True,"[0.6214423505034252, 0.5845827962402825, 0.6002256221694391, 0.5784860688010763, 0.6287445070560337, 0.604402956588655, 0.5597870703517507, 0.5588864764634796]"
Mismatched-C-1,45699,1,False,False,True,"[0.5119899905671983, 0.6174651825420996, 0.5770330014828691, 0.4361247555312199, 0.6138042467358843, 0.4775045148306787, 0.5213620203246723, 0.5401203499499232]"
Mismatched-C-1,45952,5,False,False,True,"[0.6749210107440174, 0.7012287103446779, 0.6624565741480802, 0.6824712242338229, 0.7073778855949682, 0.7324353678094406, 0.7005470459992955, 0.6122151753976028]"
Mismatched-C-1,45987,4,False,False,True,"[0.6637351885888706, 0.6453655667297887, 0.6576700143813208, 0.6297777390044679, 0.7126823047005495, 0.6667366641611154, 0.6352572120181808, 0.6264801105579385]"
Mismatched-C-1,46166,4,False,False,True,"[0.582427561791331, 0.5715639208686114, 0.5800589707052082, 0.5773260529722444, 0.6072423927139801, 0.5825288426264885, 0.5897371565807188, 0.6047664438490737]"
Mismatched-C-1,46276,0,False,False,True,"[0.7164677719979181, 0.5925665344598028, 0.4853829764859674, 0.5846765472296676, 0.6462877617690507, 0.5715848141802329, 0.6313249205736639, 0.5889132242782362]"
Mismatched-C-1,46403,7,False,False,True,"[0.662257873043268, 0.6517800800087805, 0.6786724568395839, 0.6787863146807664, 0.6729123820721931, 0.6064228521649586, 0.6478668859551601, 0.6979902140582592]"
Mismatched-C-1,46524,7,False,False,True,"[0.6313419716043616, 0.6857433896946123, 0.6806185039236798, 0.7101753905300232, 0.6920646369280848, 0.6691266750201734, 0.5467711241761791, 0.7109685058655542]"
Mismatched-C-1,46653,5,False,False,True,"[0.6268885359176282, 0.6266480918991757, 0.6190608946353893, 0.6621621941274196, 0.6756495656844506, 0.7179055887556268, 0.6505896415519719, 0.6442537321369004]"
Mismatched-C-1,47030,7,False,False,True,"[0.7316890987677278, 0.7691810029396913, 0.7403535983614591, 0.7784226525398168, 0.7979942849487078, 0.7509755216680154, 0.7720084293704429, 0.8097789699695707]"
Mismatched-C-1,47086,4,False,False,True,"[0.7645458640112553, 0.7129298631715073, 0.5830523170725229, 0.7378296856393929, 0.7647223812097264, 0.6622699228820599, 0.727919644100105, 0.7299000054114273]"
Mismatched-C-1,47093,3,False,False,True,"[0.6616845242858864, 0.583232246705154, 0.5648899626785051, 0.7454732733518687, 0.590633378385349, 0.6584026294080046, 0.6495447717980125, 0.7041625199148868]"
Mismatched-C-1,47122,7,False,False,True,"[0.7465954164851725, 0.7806050105484897, 0.7158046348907362, 0.7358485510339497, 0.7084015986191744, 0.7108124112383227, 0.7851017571402892, 0.7859553895679935]"
Mismatched-C-1,47125,5,False,False,True,"[0.4922283200090901, 0.6221936943349617, 0.590523869984796, 0.6083122279430817, 0.5407217181280117, 0.6302738042713287, 0.6107684292344571, 0.5853400214641675]"
Mismatched-C-1,47331,1,False,False,True,"[0.7485349427044747, 0.7723212651185938, 0.7570009254008736, 0.7403103268411526, 0.6522211037624464, 0.723056271923312, 0.7576500018522405, 0.7393876490987933]"
Mismatched-C-1,47471,7,False,False,True,"[0.8394187697033135, 0.8556308839414395, 0.8574103305262246, 0.8532498202742791, 0.8309395383182128, 0.8803588669174152, 0.8613521495018616, 0.8809974135362264]"
Mismatched-C-1,47583,0,False,False,True,"[0.6797525833462557, 0.5765823445200615, 0.6410137862262779, 0.585727047403766, 0.6021402838916812, 0.5757095668053935, 0.6067843680556486, 0.4811413271594569]"
Mismatched-C-1,47744,0,False,False,True,"[0.6579742860717761, 0.5750470805279584, 0.6465141349982646, 0.5930428319147711, 0.6495811157706095, 0.6148705088660431, 0.6291131698371031, 0.648019640697097]"
Mismatched-C-1,47907,7,False,False,True,"[0.5942361378234533, 0.632063447410304, 0.6022386729004241, 0.5661459644110571, 0.44274274554092297, 0.6262616302183183, 0.5895381397008328, 0.6883674053352076]"
Mismatched-C-1,48376,5,False,False,True,"[0.6447776286067264, 0.6465866320643128, 0.5787196792902193, 0.6083305396944385, 0.6407116146242746, 0.6800929923608752, 0.5987374957208783, 0.6664465306828085]"
Mismatched-C-1,48655,4,False,False,True,"[0.594158437331878, 0.49921010868019233, 0.6178499308207134, 0.6377251471636629, 0.6405053434955182, 0.5829935667046621, 0.5496389593033881, 0.5909481308979838]"
Mismatched-C-1,48911,5,False,False,True,"[0.6653190562947371, 0.6313258322313793, 0.592292109209456, 0.5924678677707877, 0.5995921425147543, 0.7024220152371905, 0.5975518071438066, 0.6775097173439063]"
Mismatched-C-1,49170,3,False,False,True,"[0.6456045383599855, 0.6767393529686218, 0.6711778234615059, 0.6903745719962513, 0.6879554611180992, 0.6357223381468733, 0.6612244261286353, 0.65604787142355]"
Mismatched-C-1,49195,0,False,False,True,"[0.7778550181458332, 0.7531602485075506, 0.7442087225355515, 0.7431355395240642, 0.7414905095493476, 0.737609391691711, 0.7590734073673797, 0.7297999174554247]"
Mismatched-C-1,49256,3,False,False,True,"[0.752123266802405, 0.8151391867371158, 0.7121354043261753, 0.8343898390903708, 0.591923107473035, 0.7131536957061645, 0.71079557268704, 0.7328543404334285]"
Mismatched-C-1,49315,7,False,False,True,"[0.677369906394071, 0.6571428888228459, 0.651797002212062, 0.6516860047040829, 0.6714039535761027, 0.6530565294416335, 0.7251802898829323, 0.7424669431622338]"
Mismatched-C-1,49474,0,False,False,True,"[0.7160820401156149, 0.7079149581429102, 0.6918890400920823, 0.6578093992518421, 0.6763906239099611, 0.7028779344345475, 0.6829033082759729, 0.6923497055420836]"
Mismatched-C-1,49475,1,False,False,True,"[0.5791289656435995, 0.6413296610448554, 0.6397879472755925, 0.5705703922831908, 0.5712577018891948, 0.6121896106669336, 0.6164672606703738, 0.6150766150271327]"
Mismatched-C-1,49678,0,False,False,True,"[0.7301611203057665, 0.6408814821914908, 0.6464205186464687, 0.7234088437348467, 0.6743761753185344, 0.6602085328123124, 0.68540464437858, 0.6032617607725024]"
Mismatched-C-1,49702,2,False,False,True,"[0.6897946181136131, 0.6551210143094693, 0.7061358601317456, 0.6770722342176851, 0.6830982274654714, 0.681846952907456, 0.6327949233210509, 0.635738112087856]"
Mismatched-C-1,49760,7,False,False,True,"[0.6810517468136216, 0.7019441427046798, 0.6700535448706092, 0.5548192764944465, 0.648678608562517, 0.7251735063739073, 0.6897019405521612, 0.7359312852983009]"
Mismatched-C-1,50203,4,False,False,True,"[0.5796322283023085, 0.6132591917277027, 0.5727384523235655, 0.6254058350240793, 0.701134698667697, 0.6082325000248977, 0.5925124485228549, 0.5813390321862222]"
Mismatched-C-1,50210,1,False,False,True,"[0.5404634042793257, 0.7114909968552274, 0.6022950766260577, 0.6878110752538718, 0.601460548515003, 0.5721773066653406, 0.671922505308526, 0.5869892975624952]"
Mismatched-C-1,50622,0,False,False,True,"[0.6853354511223511, 0.6090649852501056, 0.6525966758599968, 0.6580760335545514, 0.6691999635454805, 0.6513966050096311, 0.6394382224916358, 0.6587174280744352]"
Mismatched-C-1,50708,0,False,False,True,"[0.716569759472786, 0.616875800556228, 0.6948433559009188, 0.6921267887609277, 0.7101451066471336, 0.6321919949098178, 0.5725186339394926, 0.7143637833329132]"
Mismatched-C-1,50739,1,False,False,True,"[0.6232681916447971, 0.710094708394621, 0.5934943338954519, 0.6901793280187769, 0.7054841329840105, 0.6684249556788465, 0.6510139811202261, 0.6909976100643631]"
Mismatched-C-1,50850,4,False,False,True,"[0.5197714581962781, 0.6009484572346577, 0.6113071916669821, 0.6202660717952532, 0.6419415996356164, 0.5950186464154089, 0.579376015287395, 0.5667688547682335]"
Mismatched-C-1,51008,6,False,False,True,"[0.6677308464540884, 0.7044187132388388, 0.616174274135075, 0.7068894846237097, 0.6062081189742955, 0.6869170381699309, 0.7260207682163708, 0.6429595454217145]"
Mismatched-C-1,51227,3,False,False,True,"[0.5948748632808629, 0.5677494486109098, 0.6608773688775291, 0.6793818420977865, 0.6405900628330826, 0.5746677512781846, 0.6235172213660168, 0.5924776066075432]"
Mismatched-C-1,51300,6,False,False,True,"[0.6380940333475777, 0.691615362348334, 0.7414023476953244, 0.7167094858948428, 0.7316577240268222, 0.7327950335967245, 0.7572029526168647, 0.7255882536938896]"
Mismatched-C-1,51380,6,False,False,True,"[0.7592385749669049, 0.7037373242992461, 0.6686720959600777, 0.713148635040571, 0.6654171369488363, 0.6390319994286062, 0.7620494047842448, 0.5282884838968858]"
Mismatched-C-1,51385,6,False,False,True,"[0.6142010885271998, 0.582603000346885, 0.6514338458121611, 0.6507563423914541, 0.5795126777231799, 0.6118137799177195, 0.655498036574534, 0.6275231671600319]"
Mismatched-C-1,51436,0,False,False,True,"[0.610104227780845, 0.5590491526000456, 0.5840567710224837, 0.5849111131727498, 0.5547244136066704, 0.5208591977160968, 0.5761455388992743, 0.4933081431586511]"
Mismatched-C-1,51517,1,False,False,True,"[0.6588571032262311, 0.7682046959430711, 0.7040296818272452, 0.6732094024209747, 0.7166327415809062, 0.7574773198807778, 0.5990896907613323, 0.6746316148602205]"
Mismatched-C-1,51688,3,False,False,True,"[0.6698781883823663, 0.6439954980146609, 0.6579155765243948, 0.6777673632650584, 0.6644278081531825, 0.6457603859485721, 0.6515240574575719, 0.6502445915459534]"
Mismatched-C-1,51865,1,False,False,True,"[0.6327784050301879, 0.6736121943550814, 0.6650423526158142, 0.6305097102936053, 0.6469214914773409, 0.5563538391840289, 0.644824079233047, 0.6482106993244229]"
Mismatched-C-1,51943,5,False,False,True,"[0.6797097839382713, 0.5924123910120296, 0.6327822228959009, 0.6237509782431333, 0.7009003698850422, 0.7105986026030804, 0.6573353620290528, 0.6013955994681919]"
Mismatched-C-1,51956,6,False,False,True,"[0.6516657932791061, 0.6886762893516705, 0.6672957547915315, 0.6836092075110958, 0.6713993472981712, 0.693553546122893, 0.6997657394510487, 0.6512054966848362]"
Mismatched-C-1,51990,1,False,False,True,"[0.7120689936710423, 0.7392582479977015, 0.6451413466346363, 0.6539744055867974, 0.7197129136554469, 0.6367730400438081, 0.6088044977424117, 0.6739489472158698]"
Mismatched-C-1,52228,5,False,False,True,"[0.5576325103521297, 0.49300372480135385, 0.4663806622651334, 0.507931045489696, 0.49572895659028565, 0.6367305417134185, 0.5985697531952526, 0.5221010756734352]"
Mismatched-C-1,52277,5,False,False,True,"[0.48149263629996947, 0.6273601131455322, 0.56180189808852, 0.6096794664224661, 0.5680926220772089, 0.6632569162148569, 0.5831261869319782, 0.5464123161389781]"
Mismatched-C-1,52729,4,False,False,True,"[0.6749705759394053, 0.7179933113204398, 0.6125151881736484, 0.7142767913147379, 0.7662023882996957, 0.6424638313357309, 0.7344290776904803, 0.6758802581260719]"
Mismatched-C-1,52733,2,False,False,True,"[0.5560214552968957, 0.5290951194274405, 0.5766326524601021, 0.5330829549845076, 0.5032322723655049, 0.5503000366288671, 0.556332270995642, 0.4943890832257318]"
Mismatched-C-1,52803,3,False,False,True,"[0.7502765307754689, 0.7190209378555263, 0.728886943401468, 0.7551512605898623, 0.6986002768694157, 0.7033325392779336, 0.7491382352745753, 0.685148948948634]"
Mismatched-C-1,52927,7,False,False,True,"[0.5751534061727357, 0.5356667200187512, 0.5357994800557868, 0.5479477022193611, 0.550910085305926, 0.5144330511254264, 0.5723876029910363, 0.6237084014546017]"
Mismatched-C-1,53445,5,False,False,True,"[0.7209286479091715, 0.7104736062031318, 0.6957713282566843, 0.7189296440404536, 0.7019955296059353, 0.7393231895195489, 0.7364172508711175, 0.6948472021286622]"
Mismatched-C-1,53659,5,False,False,True,"[0.6990607965738973, 0.7295027580521143, 0.6940478753996716, 0.6640782511955509, 0.7237179190036827, 0.7468700024360979, 0.6683608612754757, 0.6137509820563789]"
Mismatched-C-1,53729,5,False,False,True,"[0.6496074084589594, 0.6324636732976157, 0.6280681110955608, 0.6779532118904114, 0.64154790276521, 0.6811939554209313, 0.6426226057473664, 0.637282560603476]"
Mismatched-C-1,53974,3,False,False,True,"[0.6180739492595314, 0.5761861189731261, 0.6387923825156978, 0.6696947003911928, 0.6647957763617891, 0.5805894503791127, 0.638095090384716, 0.6227987985396978]"
Mismatched-C-1,54054,7,False,False,True,"[0.6823257942680658, 0.6092418196365159, 0.7060352915937581, 0.746627983651508, 0.5798152284698801, 0.6295948869122796, 0.7300917940720988, 0.775105182380659]"
Mismatched-C-1,54099,5,False,False,True,"[0.7063795477541617, 0.6846853741155878, 0.6015661424732526, 0.6658449930112411, 0.7043934647900509, 0.7203996992223374, 0.7186488582273312, 0.692003866418127]"
Mismatched-C-1,54250,7,False,False,True,"[0.6452060937858242, 0.6653002016595151, 0.6719613616971022, 0.6916505997212548, 0.6507602149905556, 0.6722241607684847, 0.7012804584925735, 0.7188640397411473]"
Mismatched-C-1,54336,3,False,False,True,"[0.5368970243510068, 0.5858321588015333, 0.6081861509173422, 0.6542576131318193, 0.6144572987794532, 0.5955576223098062, 0.6360635575411514, 0.6116708604569701]"
Mismatched-C-1,54681,3,False,False,True,"[0.5017884745222599, 0.5733990398581421, 0.5862585397073372, 0.6046683278954832, 0.6040878291831647, 0.5550019911870882, 0.5777679717344567, 0.5960737238901355]"
Mismatched-C-1,55202,2,False,False,True,"[0.6591934316902313, 0.6659264278612043, 0.6766384220495656, 0.6637802458105284, 0.6531973866002072, 0.6678331598205318, 0.6349883797406113, 0.6186762900976854]"
Mismatched-C-1,55501,4,False,False,True,"[0.7082416098017155, 0.7154590011224025, 0.6655104084039747, 0.7020513094580464, 0.7555101107650835, 0.7004182492932747, 0.6392279759284959, 0.67640006446741]"
Mismatched-C-1,55597,1,False,False,True,"[0.8169276625174053, 0.8209420979569402, 0.8005321039392648, 0.808323583201165, 0.8040296206202076, 0.7994436470425975, 0.7828733570500662, 0.7948471229685832]"
Mismatched-C-1,55741,1,False,False,True,"[0.6199911494505839, 0.6685210735316343, 0.6337884559975131, 0.6242009742359644, 0.5911534799062423, 0.6260468224265636, 0.6128100903033519, 0.5654299205414051]"
Mismatched-C-1,55808,3,False,False,True,"[0.6064374845245715, 0.571546155070636, 0.5497839231706734, 0.6698848423368216, 0.5039299690695945, 0.5884113007516354, 0.6392026692960564, 0.5386922276733059]"
Mismatched-C-1,55876,6,False,False,True,"[0.5542140503144757, 0.591694602678394, 0.5750799895580805, 0.48209283155512495, 0.6472403799023834, 0.6404012716091112, 0.6498052399351525, 0.6304547915154799]"
Mismatched-C-1,55878,4,False,False,True,"[0.5480453925599428, 0.7092617238146692, 0.6807989768745522, 0.7144778721267158, 0.7146194006081705, 0.6905411197511842, 0.696413425316412, 0.7037767049588164]"
Mismatched-C-1,56047,1,False,False,True,"[0.518748043262236, 0.6120886745871328, 0.5419731175724568, 0.5515976066242628, 0.5890703089401332, 0.6099298177904169, 0.525231303755984, 0.544268655163641]"
Mismatched-C-1,56131,2,False,False,True,"[0.358829372917154, 0.4502658790407723, 0.5768172436085318, 0.48606921352704213, 0.46637083364224813, 0.4414721441420292, 0.43470598133023175, 0.37853432413124755]"
Mismatched-C-1,56162,4,False,False,True,"[0.4198970533483699, 0.5687163006834084, 0.4137855507850176, 0.45299333226677196, 0.6431239940074822, 0.6227188406686448, 0.5490360356067044, 0.571708574937735]"
Mismatched-C-1,56272,1,False,False,True,"[0.6087298424209642, 0.6685743715610112, 0.6217289856761162, 0.6339563174495242, 0.6314682912024319, 0.6559771945370029, 0.6021498967437677, 0.6085059980383885]"
Mismatched-C-1,56496,3,False,False,True,"[0.709325570619685, 0.5932787221912887, 0.6613989066570893, 0.7117778942504215, 0.6659150383592056, 0.6621186261636588, 0.6234217315734627, 0.6892618760329505]"
Mismatched-C-1,56554,5,False,False,True,"[0.7033400579234192, 0.6988888890293212, 0.6679654327459077, 0.6755821347220026, 0.6932786618909013, 0.7201543534618362, 0.6697719152355122, 0.66684981010052]"
Mismatched-C-1,56629,2,False,False,True,"[0.633279431876993, 0.6568429925103213, 0.6795075040456573, 0.6683024764539088, 0.5157260468978104, 0.495100169851157, 0.6770074709177809, 0.5943833319196351]"
Mismatched-C-1,56651,2,False,False,True,"[0.6226555562784652, 0.7019423685235132, 0.7144957325256742, 0.6565738712698688, 0.5159653768309289, 0.5682123471448042, 0.7130801372689126, 0.5516899271179405]"
Mismatched-C-1,56698,5,False,False,True,"[0.6558054495936407, 0.6157919283674247, 0.6398506419528559, 0.6411506313390429, 0.6920292281001852, 0.7632573195928942, 0.6184676035253596, 0.6329102405549433]"
Mismatched-C-1,56873,4,False,False,True,"[0.6344255223529252, 0.45600554525263093, 0.5758008900547215, 0.5006384986621301, 0.6519819341386237, 0.48642296484709535, 0.5602385779890531, 0.5868552370185565]"
Mismatched-C-1,56963,1,False,False,True,"[0.7374949254623826, 0.7682202374136708, 0.753473411182702, 0.734555758006715, 0.7564584311265221, 0.7647651301479171, 0.6955481939691387, 0.7405588985607693]"
Mismatched-C-1,57114,1,False,False,True,"[0.6548052250614791, 0.7164961605790269, 0.610368342658713, 0.580959345602823, 0.5329033886602181, 0.6112497483332482, 0.6055323114133291, 0.5113934755714192]"
Mismatched-C-1,57244,3,False,False,True,"[0.5947277771419626, 0.6122430908435024, 0.6515366061647788, 0.680004810550122, 0.629086266277884, 0.6368663607486738, 0.6303805774887592, 0.6234692127426276]"
Mismatched-C-1,57830,0,False,False,True,"[0.8102901362790531, 0.6658511222426535, 0.6338322748928182, 0.6750298556961392, 0.7401139066115676, 0.7269055517935021, 0.7013262465516121, 0.6696937916123906]"
Mismatched-C-1,57994,1,False,False,True,"[0.6200933960702234, 0.6456307162602961, 0.6010547513684581, 0.5958207350165564, 0.583682830197186, 0.6049930675278739, 0.5636802360483524, 0.5750827097030008]"
Mismatched-C-1,58004,1,False,False,True,"[0.6524822179768721, 0.7048434497241594, 0.6635496172325553, 0.6213552154033747, 0.6481690813437779, 0.6616120776218158, 0.6260448658684729, 0.66215270849075]"
Mismatched-C-1,58157,6,False,False,True,"[0.6960047263431199, 0.6964845007034624, 0.6516980144271824, 0.7233620069938024, 0.7499856165600336, 0.6588494114871948, 0.7630557025118454, 0.7182971660559699]"
Mismatched-C-1,58169,5,False,False,True,"[0.6788261576048068, 0.7008552125612828, 0.6471946974613505, 0.6954708237866277, 0.7018813080293562, 0.7034955842879826, 0.6179132163761487, 0.691532651079369]"
Mismatched-C-1,58252,6,False,False,True,"[0.7050465737424951, 0.6804372631256481, 0.6501327188416058, 0.7005835808051573, 0.6702243309852645, 0.6961689789824078, 0.7057284807335545, 0.6003657748446549]"
Mismatched-C-1,58341,6,False,False,True,"[0.657784248032534, 0.623190118508943, 0.6645392621271251, 0.6408650056758471, 0.6653791651221922, 0.6531408469524528, 0.7317031085422547, 0.4969224214694341]"
Mismatched-C-1,58458,3,False,False,True,"[0.7043094393851141, 0.758122373900743, 0.7592497856971787, 0.7772053439912008, 0.705447238405217, 0.7014604527796847, 0.6809726630196926, 0.6933292957821234]"
Mismatched-C-1,58572,0,False,False,True,"[0.692685291066148, 0.5687540568936316, 0.6526560551693039, 0.6302840712219477, 0.6537957029256023, 0.6779276850962204, 0.570634452849065, 0.6750925799567882]"
Mismatched-C-1,58835,2,False,False,True,"[0.5234600551955468, 0.5781678544973057, 0.6174958571649699, 0.6167661222469574, 0.498277935111425, 0.5216885129604718, 0.4988138872457136, 0.5722556088671578]"
Mismatched-C-1,58977,1,False,False,True,"[0.5746950531489892, 0.6232487644950121, 0.5935991668361327, 0.6197100380915275, 0.5667521715565067, 0.5779692055609715, 0.5772738351842837, 0.6050492301958525]"
Mismatched-C-1,58988,7,False,False,True,"[0.6522684714472962, 0.7339042534009647, 0.6446363791071579, 0.6498473864361085, 0.750653514417654, 0.7622563884333222, 0.656641688604277, 0.7624470229584692]"
Mismatched-C-1,59101,1,False,False,True,"[0.6464427175126645, 0.6907759474324513, 0.6505133366571929, 0.6424667501051822, 0.621740293773744, 0.6259356169256016, 0.5562842496216983, 0.6307154840161436]"
Mismatched-C-1,59177,1,False,False,True,"[0.6815296716495015, 0.7207020810935378, 0.7192188473837198, 0.7019004282115762, 0.6916784268988039, 0.7145822924967549, 0.6825213685226483, 0.7090028998263096]"
Mismatched-C-1,59183,2,False,False,True,"[0.6314172495928463, 0.6723316846560956, 0.6891519914840107, 0.6891472546718544, 0.6598102961634835, 0.683737544017017, 0.6441047741003119, 0.6312104409352405]"
Mismatched-C-1,59219,2,False,False,True,"[0.5775737395564082, 0.5801221182467962, 0.681308772665275, 0.5613312485702581, 0.66296577854838, 0.6661040609379342, 0.6455122193591074, 0.667197685316196]"
Mismatched-C-1,59293,5,False,False,True,"[0.5911366724426246, 0.5686974759311676, 0.5776298792995507, 0.5929311921851919, 0.5556805189951527, 0.6117441561411012, 0.5866895713098078, 0.5026840235819117]"
Mismatched-C-1,59464,1,False,False,True,"[0.537594230925577, 0.6752204841298561, 0.5571989304574136, 0.5524562083685638, 0.5324575228366, 0.5088833720075049, 0.5383682819240365, 0.6069817349985671]"
Mismatched-C-1,59470,6,False,False,True,"[0.7362640335381765, 0.7169848721937245, 0.7095482420133977, 0.7555345343986298, 0.7453548617630827, 0.74313750867742, 0.7865557241679283, 0.6975444039187544]"
Mismatched-C-1,59508,5,False,False,True,"[0.8345060149841383, 0.8044844351067044, 0.7990747953242199, 0.8126221838002303, 0.8280671507917102, 0.8551596778092818, 0.8085837564117742, 0.7664276188128637]"
Mismatched-C-1,59838,1,False,False,True,"[0.666926110728048, 0.6885154914405898, 0.5774123278119387, 0.6382369243676007, 0.6785656688990362, 0.6177189134221661, 0.5953594555734371, 0.5933043696044968]"
Mismatched-C-1,59905,5,False,False,True,"[0.5389239445002377, 0.517317444930453, 0.5660454023552888, 0.45249690150975974, 0.4812370443513938, 0.5736664130866325, 0.5445606383706362, 0.5461282074149567]"
Mismatched-C-1,60063,5,False,False,True,"[0.6218172583907202, 0.6022999520347568, 0.6097990977457909, 0.5968605360357562, 0.6531007279497242, 0.6815799731779856, 0.648801120072332, 0.6185444089049204]"
Mismatched-C-1,60496,6,False,False,True,"[0.5617318998740195, 0.644655982780312, 0.6402817906956936, 0.6051695456320951, 0.6595678370683538, 0.6645345672061582, 0.6918006617892298, 0.6453567351420374]"
Mismatched-C-1,60707,2,False,False,True,"[0.6659904698544103, 0.5273783204847722, 0.7157112808315235, 0.6704932102129473, 0.6061753973046955, 0.6229951256664924, 0.6596839587546859, 0.6745391922136554]"
Mismatched-C-1,60784,5,False,False,True,"[0.7167631798500407, 0.7078841770824871, 0.7371661517096775, 0.6476160265872146, 0.47464567216552994, 0.7415960218728537, 0.5718320591221295, 0.5670009109370319]"
Mismatched-C-1,60932,0,False,False,True,"[0.8524730740238176, 0.8366269334593492, 0.8309503498842308, 0.798755999262601, 0.8189260308091149, 0.8171317129949691, 0.8110008377790263, 0.8500463165184722]"
Mismatched-C-1,61327,6,False,False,True,"[0.8209499069248027, 0.8058649971787297, 0.8093804904108723, 0.832782157831651, 0.7904525933239331, 0.802720943027498, 0.8348055081894121, 0.8275866251174928]"
Mismatched-C-1,61653,1,False,False,True,"[0.6380846456711549, 0.6589382093515911, 0.5700797853097824, 0.6299773819462908, 0.6019815377773912, 0.6478563205307379, 0.5576246080095806, 0.63706749016797]"
Mismatched-C-1,61683,1,False,False,True,"[0.5761010346262746, 0.6328198225763416, 0.5500005720034099, 0.5762215696632764, 0.5392105058843467, 0.5439063219869013, 0.5580774607200149, 0.5046563240242321]"
Mismatched-C-1,61701,3,False,False,True,"[0.542910925725412, 0.6061372137287033, 0.6205139907721937, 0.677821545868843, 0.5582552404150936, 0.5284471043830163, 0.5376519333764668, 0.6670148321492377]"
Mismatched-C-1,61868,5,False,False,True,"[0.780522590611937, 0.7838128577229826, 0.7425630555417042, 0.7717772900013887, 0.7496188898807328, 0.789734783140609, 0.7727595686681028, 0.7854933366137351]"
Mismatched-C-1,61878,3,False,False,True,"[0.7167217572418795, 0.7278581736860237, 0.7005009214696436, 0.7415015994232855, 0.7224270634946085, 0.6680979600756212, 0.7231055880884549, 0.7249664677615625]"
Mismatched-C-1,62117,2,False,False,True,"[0.6923745656607889, 0.6848932605678945, 0.7371587451802231, 0.6956323856967427, 0.7166332571320051, 0.6931784203075197, 0.6216292537490509, 0.684768896189053]"
Mismatched-C-1,62587,5,False,False,True,"[0.3953133884411031, 0.5431623611550288, 0.4986628043039343, 0.5329064625900124, 0.5336164559285977, 0.5557684021670061, 0.4646167327667609, 0.5122338550420436]"
Mismatched-C-1,62627,5,False,False,True,"[0.5987076516389684, 0.5841016886996038, 0.6123400257516507, 0.6129572496002588, 0.6876293953490198, 0.6880672109570765, 0.6179599156399966, 0.6531541451247392]"
Mismatched-C-1,63062,2,False,False,True,"[0.4421908345154453, 0.655516666280948, 0.7059950849417191, 0.553854847204555, 0.6210354373378416, 0.6515634612759972, 0.5104505131420457, 0.47691598806620306]"
Mismatched-C-1,63247,7,False,False,True,"[0.5348099511763655, 0.614943950080422, 0.5256066922702312, 0.6001363343939129, 0.618363280643978, 0.5667429242313857, 0.5984074894021765, 0.6268153763123625]"
Mismatched-C-1,63837,5,False,False,True,"[0.522664167472645, 0.5429193378727051, 0.6352707088648198, 0.5370912665600673, 0.47388741890465724, 0.6903286996161696, 0.6091186171533457, 0.575933689106489]"
Mismatched-C-1,63869,5,False,False,True,"[0.6208925055928014, 0.46460151651371884, 0.5726211900604732, 0.6120464740870977, 0.5536763049250922, 0.6525055249018233, 0.6297646161144111, 0.5930790659550138]"
Mismatched-C-1,64050,6,False,False,True,"[0.6660144756927788, 0.7155131424310603, 0.7252628751795753, 0.7178736694890733, 0.6583709939331188, 0.7043448367392415, 0.7389321176850195, 0.7010333977166707]"
Mismatched-C-1,64148,4,False,False,True,"[0.5994966144637863, 0.6376462442468905, 0.6284274038353503, 0.5915484066627579, 0.6581578859766783, 0.650452271620175, 0.6371959005259555, 0.6396541625884147]"
Mismatched-C-1,64195,2,False,False,True,"[0.5514729702235265, 0.4982213527885767, 0.5715414736428093, 0.5246820797220548, 0.5031299433559533, 0.5050043162691608, 0.5515049628785289, 0.4816408194274148]"
Mismatched-C-1,64262,7,False,False,True,"[0.6117782510245318, 0.5090571440743715, 0.6086418955829238, 0.6487168643083391, 0.6509803712354325, 0.6194194070055283, 0.6191456017493675, 0.6726991309878645]"
Mismatched-C-1,64417,5,False,False,True,"[0.615136635829196, 0.6241860356933348, 0.6196136769507432, 0.6616677619710345, 0.6705912718058706, 0.6997494217606715, 0.5146411298709122, 0.6278223873038427]"
Mismatched-C-1,64547,6,False,False,True,"[0.49369527539372693, 0.5880733563595051, 0.45191891889167024, 0.565903053309984, 0.58646857353262, 0.46736221244078147, 0.631087276449672, 0.568445985614562]"
Mismatched-C-1,64783,4,False,False,True,"[0.6964306496479746, 0.7161999245601994, 0.6242371018845572, 0.7043023249825993, 0.7380120191324463, 0.6487116531393737, 0.640384484367745, 0.6786553439161422]"
Mismatched-C-1,64851,7,False,False,True,"[0.6177834412504447, 0.589435356097928, 0.5675583627762559, 0.5795408370646948, 0.4899305462154424, 0.5768277564929679, 0.6317679012026363, 0.6322399643682826]"
Mismatched-C-1,64925,3,False,False,True,"[0.6387609979120199, 0.6261074044490252, 0.5636734482123961, 0.6889538942102351, 0.527350601249738, 0.6102404679917638, 0.6606011530726086, 0.6608978633129745]"
Mismatched-C-1,65218,5,False,False,True,"[0.5966236498587354, 0.44832044514421554, 0.6022977338429737, 0.5893752677184572, 0.6075420549572471, 0.617726132501174, 0.5586660039310947, 0.5320289476433792]"
Mismatched-C-1,65340,2,False,False,True,"[0.6549226827221957, 0.6176280674059974, 0.6685090234514195, 0.6668691203116335, 0.5946620255949056, 0.5435094807835562, 0.5787380789556957, 0.5957822847390084]"
Mismatched-C-1,65348,6,False,False,True,"[0.6020440105071379, 0.5954257076243034, 0.5957804433751028, 0.5850690062261301, 0.5997172598377049, 0.6198432972682757, 0.6216101200478305, 0.5339244542818198]"
Mismatched-C-1,65417,4,False,False,True,"[0.7575305601037634, 0.5647353300374656, 0.6096173113697718, 0.626372794325694, 0.7848817415009313, 0.7768185491014221, 0.7459154148953369, 0.7393326980441888]"
Mismatched-C-1,65553,7,False,False,True,"[0.5986713828220221, 0.6092860083083398, 0.6419189902450353, 0.5673346397386101, 0.6635472130636991, 0.5764921542604265, 0.6082797375782284, 0.7224947123206338]"
Mismatched-C-1,65609,4,False,False,True,"[0.5961865787917566, 0.6340846418167401, 0.617426388846266, 0.661009909288095, 0.6777479684737087, 0.6681822440916093, 0.6409978899134037, 0.6345473043167027]"
Mismatched-C-1,65690,4,False,False,True,"[0.5224636338970825, 0.5915820119873982, 0.5843296289095671, 0.6288440717645917, 0.6413606284783323, 0.5827584631886357, 0.49454093860448617, 0.6242516896369561]"
Mismatched-C-1,65878,1,False,False,True,"[0.6605908701005461, 0.6765335108373868, 0.5969774719213813, 0.6657457718637138, 0.6352696303857716, 0.6179545089374348, 0.6665318618197869, 0.5567405487108052]"
Mismatched-C-1,66058,0,False,False,True,"[0.6808642605295604, 0.6697940411931183, 0.5945921709360165, 0.584364110602378, 0.6462985110436481, 0.6267693264391556, 0.5924526606292335, 0.5831244951761305]"
Mismatched-C-1,66209,1,False,False,True,"[0.6026440829390678, 0.6790429898938988, 0.6436355360444088, 0.6155503471262889, 0.6327766364515202, 0.634239435952048, 0.6212036479868843, 0.6004514687205914]"
Mismatched-C-1,66269,6,False,False,True,"[0.6608607692992562, 0.5223616433168972, 0.6738001492335451, 0.6581196149607741, 0.6556206604143164, 0.6279074624347858, 0.7358844855176871, 0.6287018969229785]"
Mismatched-C-1,66437,0,False,False,True,"[0.7176089512965382, 0.6554820800541676, 0.6145161903711396, 0.6804951191155059, 0.7018842935270422, 0.6100223279526189, 0.6367283451884655, 0.5969033997309853]"
Mismatched-C-1,66512,4,False,False,True,"[0.6729787202883266, 0.58888740914102, 0.6026912151441532, 0.687335836346704, 0.7102619642510462, 0.5691595452750067, 0.5706980048803219, 0.6924729797215776]"
Mismatched-C-1,66559,6,False,False,True,"[0.6328389185094223, 0.6674366245738416, 0.5991062567664491, 0.6118458556565283, 0.6788159140828186, 0.6319629291308589, 0.6852851719778433, 0.6032874176029044]"
Mismatched-C-1,66875,5,False,False,True,"[0.6198430108433954, 0.6319881389148528, 0.6215525405901201, 0.6492123522112359, 0.5900672200114475, 0.671770635811584, 0.6292769728212677, 0.6657381148244728]"
Mismatched-C-1,67261,3,False,False,True,"[0.5623237200614639, 0.4209142880183758, 0.5516013720022885, 0.6905875010317303, 0.45832882229098526, 0.44188777326899226, 0.503427709160907, 0.47919714535481167]"
Mismatched-C-1,67281,3,False,False,True,"[0.6356881531295271, 0.6196115275034131, 0.6419254754194774, 0.6619236514007986, 0.6288095381081416, 0.6107726874760258, 0.6547371441802036, 0.6158572484353916]"
Mismatched-C-1,67361,3,False,False,True,"[0.5332834496581857, 0.5534789595791756, 0.6303735957782444, 0.6353651310277348, 0.5372278207923443, 0.5709020276956009, 0.6114733794859539, 0.5822828411821257]"
Mismatched-C-1,67444,7,False,False,True,"[0.6218727319844171, 0.6842245423321494, 0.6363322758396358, 0.6547144354504398, 0.6204381805811553, 0.6540481615297031, 0.5378812508333871, 0.6842541692536946]"
Mismatched-C-1,67673,3,False,False,True,"[0.6873824242050156, 0.6342270947880629, 0.7012764977622641, 0.7489261258142197, 0.7185771264607996, 0.7176949600685565, 0.6939450057697777, 0.7397331188664628]"
Mismatched-C-1,67708,4,False,False,True,"[0.5537333317950692, 0.6373123363424171, 0.6129824362422291, 0.5967610489783122, 0.6549875844958775, 0.625415437213312, 0.5745360555040073, 0.5896104719488512]"
Mismatched-C-1,67899,7,False,False,True,"[0.6620181603134176, 0.661850810628636, 0.6189382501744758, 0.644530811812277, 0.6072865495995468, 0.6364097422537961, 0.6013712534609276, 0.6661337112144043]"
Mismatched-C-1,68121,1,False,False,True,"[0.6291787632478892, 0.7715565820742996, 0.573660752070444, 0.7402276417963278, 0.6039360169719817, 0.6700335757720797, 0.7213696400013749, 0.5462341869341762]"
Mismatched-C-1,68127,7,False,False,True,"[0.584605084471607, 0.5570751615373666, 0.5604919743965996, 0.5866879255762474, 0.5489630860438851, 0.5733795782165068, 0.5852506556390977, 0.6281217210817314]"
Mismatched-C-1,68173,7,False,False,True,"[0.5670892766953599, 0.5859293995039482, 0.5443093251939531, 0.5645416104568981, 0.5309726063975101, 0.6583415897207469, 0.5283006385620297, 0.6594671407874269]"
Mismatched-C-1,68193,4,False,False,True,"[0.6383729375185153, 0.6298223459734869, 0.6080688435860864, 0.5875214120788279, 0.6824798052724371, 0.6505481487079383, 0.550932874557647, 0.530546737881692]"
Mismatched-C-1,68287,6,False,False,True,"[0.5137712264838715, 0.5566434339069045, 0.5619595920255533, 0.5353572031216396, 0.6086456843920145, 0.5734676757939905, 0.6120847483949219, 0.5494022905686811]"
Mismatched-C-1,68394,0,False,False,True,"[0.7176508905577792, 0.6371809285981034, 0.6483653303945739, 0.6126272608628545, 0.6044367689305566, 0.6184465120975331, 0.7087635350799197, 0.6178166789643597]"
Mismatched-C-1,68473,7,False,False,True,"[0.31041850938295795, 0.521078797688002, 0.5020566947939615, 0.5286392941932614, 0.44112577586679996, 0.4642012862099364, 0.4885203411681759, 0.5426641566783872]"
Mismatched-C-1,68532,4,False,False,True,"[0.5723801777623945, 0.4885709394544785, 0.5308136072714643, 0.4601424387127293, 0.5979360900586133, 0.48896415186878206, 0.5643612271776008, 0.5111241921923773]"
Mismatched-C-1,68553,4,False,False,True,"[0.6904525394348506, 0.6926790172821273, 0.6408167201559782, 0.5987577667073003, 0.7711977792332472, 0.6443763912587186, 0.6439025058707006, 0.7302686524540648]"
Mismatched-C-1,68819,7,False,False,True,"[0.5254993390504333, 0.522547977115063, 0.5219267984180072, 0.5727769013677413, 0.5203062737071191, 0.5796818971351325, 0.5174686143165463, 0.594449454016631]"
Mismatched-C-1,69085,6,False,False,True,"[0.7140199223630297, 0.7167167760325891, 0.7045737835630148, 0.7187048075193876, 0.7121584037219642, 0.7084704970930389, 0.7200657335002036, 0.7136524903492583]"
Mismatched-C-1,69087,2,False,False,True,"[0.6857652858394487, 0.5905361819685511, 0.699746184810648, 0.6521395318968359, 0.5773408511243894, 0.6194203409452188, 0.579681671583013, 0.6270182439929017]"
Mismatched-C-1,69137,2,False,False,True,"[0.6707353076078999, 0.6897063394824876, 0.7018124585164685, 0.5420636158018622, 0.6523525979593372, 0.5734386067153667, 0.6759920179672079, 0.6682979101368394]"
Mismatched-C-1,69462,3,False,False,True,"[0.7571888445123702, 0.5816997163957309, 0.7363550687161641, 0.7680366397073839, 0.7281005716636597, 0.6833811208066092, 0.7312186876649609, 0.7433290919791009]"
Mismatched-C-1,69641,1,False,False,True,"[0.6084364325906899, 0.6376067590053521, 0.6013770333422168, 0.554427047625313, 0.6217778774322372, 0.6138369150758647, 0.6064011942160056, 0.6055711262245864]"
Mismatched-C-1,70279,5,False,False,True,"[0.7449418887777648, 0.6398540286102037, 0.6553730874091508, 0.5450789845303471, 0.6372741096558134, 0.8075441290410326, 0.6855724969530258, 0.7014466435610291]"
Mismatched-C-1,70372,1,False,False,True,"[0.5925604101903179, 0.774411077356169, 0.653682357189131, 0.6375766929534268, 0.36437965109796067, 0.682767105882008, 0.5983733048195057, 0.6929000760458752]"
Mismatched-C-1,70496,0,False,False,True,"[0.7846707775328896, 0.7038893119974842, 0.6634660113497373, 0.5230544703021713, 0.7466531004674897, 0.6558947708909969, 0.6390537933562499, 0.6181330501017208]"
Mismatched-C-1,70765,2,False,False,True,"[0.5239512083140765, 0.5634663668540852, 0.617199906110112, 0.6048505443115986, 0.5656918339107995, 0.570144547852885, 0.5632420312341777, 0.5470436596692057]"
Mismatched-C-1,71264,4,False,False,True,"[0.7058636973959942, 0.6127190800220367, 0.7579667286389753, 0.7408988794732418, 0.7673789475736631, 0.6187812250420077, 0.6940776801668802, 0.744904217498667]"
Mismatched-C-1,71624,1,False,False,True,"[0.4454365173731665, 0.604034405271284, 0.4971373470996189, 0.5665499198487972, 0.5332108960445696, 0.48780129151944274, 0.5985084115955258, 0.5632008221692106]"
Mismatched-C-1,71735,7,False,False,True,"[0.6301039665141812, 0.635454959198402, 0.6083235709682688, 0.6384740741943947, 0.6165242810813605, 0.6311592900711578, 0.5918749283494591, 0.6442595120075214]"
Mismatched-C-1,72089,6,False,False,True,"[0.6511211169288657, 0.690151841586921, 0.6838904410789319, 0.692851225572475, 0.6291927088550822, 0.6603461231411779, 0.7255562258542024, 0.5537304576786974]"
Mismatched-C-1,72151,2,False,False,True,"[0.6920418950490834, 0.6426853433149905, 0.6993378382159348, 0.6978216365589436, 0.6114252509197267, 0.685240821628067, 0.6805645917031109, 0.6682468785095768]"
Mismatched-C-1,72389,6,False,False,True,"[0.518558997733148, 0.5230070357405774, 0.5179041715581946, 0.46973875067202703, 0.5595489155748941, 0.5092566621713962, 0.564576701106119, 0.4689840437878618]"
Mismatched-C-1,72527,1,False,False,True,"[0.6678675244172158, 0.8241956437196138, 0.730502957089042, 0.7246315600259425, 0.8100882275580528, 0.7868511146640634, 0.8112126236045947, 0.7802454572099089]"
Mismatched-C-2,95,5,False,False,True,"[0.6010661898889348, 0.604876308844606, 0.5870568891114714, 0.5892182447853775, 0.6091331688481513, 0.6182144459557182, 0.6067078694934576, 0.5837777720097744]"
Mismatched-C-2,204,3,False,False,True,"[0.6303917429592722, 0.6154926427901162, 0.5966421930808855, 0.656330433161757, 0.6489513298728791, 0.5743305026196512, 0.59131655586497, 0.6543159880893633]"
Mismatched-C-2,318,1,False,False,True,"[0.6258398420568261, 0.7226721606155903, 0.6699493991990646, 0.6978435757878858, 0.6573860509819367, 0.6696721172557092, 0.5861143980311363, 0.6816839306005308]"
Mismatched-C-2,356,7,False,False,True,"[0.48786755992726427, 0.6495416981869583, 0.6046156288448471, 0.5868427312629217, 0.6253191939903577, 0.5882961372474103, 0.6534707327873749, 0.6897177033691761]"
Mismatched-C-2,425,2,False,False,True,"[0.6104358960269779, 0.7257702949143068, 0.7323980355370197, 0.6685514425551167, 0.6767266635198668, 0.5984029513142421, 0.6721282220709104, 0.6604495086371089]"
Mismatched-C-2,458,3,False,False,True,"[0.543026707979146, 0.5756628031401211, 0.5286753473253095, 0.5950109526531292, 0.5158304728468268, 0.5886928847910498, 0.5868839427959386, 0.4801041272750112]"
Mismatched-C-2,637,2,False,False,True,"[0.41500733512029875, 0.5209298256401939, 0.6914160319432394, 0.5236938858808821, 0.5867123932133583, 0.6137641176712636, 0.46356422719643864, 0.6041745247158438]"
Mismatched-C-2,709,6,False,False,True,"[0.5560868400843253, 0.5561664260591289, 0.5528987097425754, 0.4853490146323757, 0.5170901820423695, 0.5294799891099004, 0.5604863152978747, 0.5062999132166672]"
Mismatched-C-2,868,6,False,False,True,"[0.6118338886860974, 0.5857383606179658, 0.6834158011529687, 0.6098420088828909, 0.5699781519389608, 0.6286448642314244, 0.6835118756877051, 0.5829024938131275]"
Mismatched-C-2,1015,4,False,False,True,"[0.6376882254599532, 0.5850296871364314, 0.6519562170502399, 0.6195221077894799, 0.7080215818015564, 0.6377675067233552, 0.6611067391944284, 0.5588941377106322]"
Mismatched-C-2,1288,7,False,False,True,"[0.5389029246731974, 0.578496907255322, 0.6034362639323453, 0.5882598799588703, 0.606587050243572, 0.556556832950562, 0.5960755933543234, 0.6070753457424909]"
Mismatched-C-2,1589,1,False,False,True,"[0.611070938302205, 0.7150501468503356, 0.6004782653010073, 0.6292895969632567, 0.611431220801163, 0.5980409876745858, 0.6214182185257162, 0.6166942867806202]"
Mismatched-C-2,1744,1,False,False,True,"[0.6439307175011615, 0.685738811640495, 0.6064759194441571, 0.6299622147549793, 0.6515907148281199, 0.6136123076301467, 0.679064942046183, 0.6242384787429025]"
Mismatched-C-2,1818,5,False,False,True,"[0.6569172723916488, 0.6786020004642508, 0.6432575297466812, 0.7011721559906192, 0.6766976272361542, 0.7052194047296356, 0.5858909388065985, 0.704883269309138]"
Mismatched-C-2,2070,3,False,False,True,"[0.36253778707035966, 0.4175513804534133, 0.4530333499887673, 0.52703170672357, 0.4581651679665604, 0.4120745069045086, 0.42542060088748745, 0.4999936058913651]"
Mismatched-C-2,2125,3,False,False,True,"[0.5902075947670027, 0.5580272824153715, 0.5926005662528879, 0.655018627426251, 0.5989784327539304, 0.4932649935675225, 0.560031500856025, 0.5431194129890541]"
Mismatched-C-2,2327,7,False,False,True,"[0.6859813379623726, 0.6740341499629676, 0.6521240746542278, 0.6544416714679739, 0.6517509492725304, 0.670252681512613, 0.6580439441552481, 0.6910825628733195]"
Mismatched-C-2,2737,0,False,False,True,"[0.6933780504828937, 0.6896452962628461, 0.6855401304743678, 0.6669062942073641, 0.6124396285841396, 0.6520599185721707, 0.6796576353998157, 0.6790646272729517]"
Mismatched-C-2,2795,6,False,False,True,"[0.7241566967353483, 0.7085370951346928, 0.7000861055091556, 0.7285970489190694, 0.7255161893923578, 0.7050780800532387, 0.7524579607204063, 0.7439450011133474]"
Mismatched-C-2,2980,6,False,False,True,"[0.7317693027401931, 0.7259715599474941, 0.7325275239679212, 0.7036771286344198, 0.7042317328776166, 0.6951909254574545, 0.7466113686740702, 0.7203764833687445]"
Mismatched-C-2,3338,1,False,False,True,"[0.5863272579405001, 0.6185325005441085, 0.42261757986364323, 0.556681209230887, 0.5116694235709358, 0.5201590343067974, 0.5550166131956249, 0.41698064386542727]"
Mismatched-C-2,3344,4,False,False,True,"[0.5917905910902651, 0.585348478425084, 0.517558118046915, 0.6040127481682069, 0.6509007697951982, 0.6477717609535358, 0.5981303799985569, 0.5484339897231996]"
Mismatched-C-2,3368,3,False,False,True,"[0.7504336127055942, 0.7889707041558375, 0.7402405428553649, 0.8010971130684026, 0.7696400977273231, 0.7590053535802589, 0.7360630009285629, 0.758679398991924]"
Mismatched-C-2,3731,2,False,False,True,"[0.5705450313415131, 0.7283225109767422, 0.7974020912527835, 0.599472396107638, 0.6227595143348631, 0.7913025345772833, 0.6113956855620886, 0.7888988229663778]"
Mismatched-C-2,3803,3,False,False,True,"[0.6213688594684124, 0.5356684550560464, 0.5901772136326809, 0.7463732362941664, 0.7067928583253714, 0.658521155678842, 0.7222705938117474, 0.7104119346677211]"
Mismatched-C-2,4292,5,False,False,True,"[0.4744965383960432, 0.476406685012555, 0.4291825708644716, 0.4673955309977917, 0.5123116920256898, 0.6265902169924276, 0.4736387910303293, 0.514290825532971]"
Mismatched-C-2,4409,1,False,False,True,"[0.4893197059877593, 0.6540401441056242, 0.501804084799818, 0.6257099978090142, 0.5792522063216196, 0.5981330817194124, 0.6370995347033905, 0.5215616353675568]"
Mismatched-C-2,4476,5,False,False,True,"[0.5861246229337225, 0.6190757811653671, 0.6346702474045138, 0.4868910250479646, 0.39995297173312094, 0.6500317433304488, 0.5529566313463169, 0.5656388131471382]"
Mismatched-C-2,4509,7,False,False,True,"[0.6837093552836941, 0.6281281353881978, 0.6869021629506122, 0.652894767910196, 0.7156521030660263, 0.70671508905613, 0.6761806474690022, 0.724836182221697]"
Mismatched-C-2,4927,3,False,False,True,"[0.5320791681792807, 0.5086471470135658, 0.5194019489051204, 0.5811735838736354, 0.4741821327057774, 0.5160390987331577, 0.5712133582587453, 0.4956197955876487]"
Mismatched-C-2,4967,1,False,False,True,"[0.7535377577240606, 0.8029967023351066, 0.7392789245509321, 0.7615897919774235, 0.7508224486967624, 0.7539634029637874, 0.752094020623064, 0.7611791620081158]"
Mismatched-C-2,5340,4,False,False,True,"[0.6704592978803743, 0.7011167826172797, 0.5733689996664737, 0.6799020592626497, 0.7257033342619317, 0.6273417013153625, 0.6541452562281607, 0.633414484990632]"
Mismatched-C-2,5582,2,False,False,True,"[0.5956057591432888, 0.6076585618117427, 0.668852698776089, 0.5993598443942285, 0.6307988353560281, 0.645815901148805, 0.5582745254214024, 0.6010262940580333]"
Mismatched-C-2,5656,4,False,False,True,"[0.6444188343831634, 0.6196420867452352, 0.6449902371433909, 0.5853317369146951, 0.6718027430439268, 0.6463848640383978, 0.6542053333478131, 0.6123545982347939]"
Mismatched-C-2,5683,7,False,False,True,"[0.7608953771012898, 0.7061060591723072, 0.6420091844349813, 0.8026269567727843, 0.7253240579624363, 0.6784116974341861, 0.7046578706821902, 0.8061267926214217]"
Mismatched-C-2,5790,7,False,False,True,"[0.6885945406063406, 0.6935573861623012, 0.600673241253919, 0.5974137599491857, 0.6134922915484509, 0.6751571965395369, 0.5846216343700323, 0.7467993214773232]"
Mismatched-C-2,5929,1,False,False,True,"[0.692370830378945, 0.7029143776418678, 0.5903402921623481, 0.6731410614215554, 0.6740019297325655, 0.6323580655801877, 0.6327907766525167, 0.4896894528396273]"
Mismatched-C-2,6315,5,False,False,True,"[0.6194086448894625, 0.6314113542214387, 0.5844651210644107, 0.6658372129041874, 0.6223003843097583, 0.674627986204925, 0.5285865570760089, 0.5967162931710572]"
Mismatched-C-2,6360,4,False,False,True,"[0.5818259225772364, 0.5392653269502173, 0.5625782931955436, 0.5764752266042723, 0.6437019595639053, 0.5609547718881703, 0.48390377685744407, 0.5986466696068413]"
Mismatched-C-2,6454,4,False,False,True,"[0.6031822426094644, 0.5096015026629837, 0.6253412295966373, 0.6200872803612711, 0.6393335421988129, 0.6007270086733474, 0.604056678180605, 0.6196498013228882]"
Mismatched-C-2,6603,4,False,False,True,"[0.5677400187762938, 0.5829540159540691, 0.6108017863686441, 0.5527092666393782, 0.6645490195028905, 0.5477681022463341, 0.5657844342221211, 0.5300859175314349]"
Mismatched-C-2,6750,0,False,False,True,"[0.6292910856703072, 0.5364547618787188, 0.5590643746251381, 0.6060041441664412, 0.5315667465813951, 0.48192255562420266, 0.5288214648472465, 0.585161805557812]"
Mismatched-C-2,6759,0,False,False,True,"[0.6945008195805926, 0.6777990733955042, 0.6919952436260841, 0.6898185078441779, 0.6754645245205197, 0.6822489891348094, 0.6886103498415883, 0.672886010330761]"
Mismatched-C-2,6770,6,False,False,True,"[0.7369917638279911, 0.7220717487411537, 0.7298902695274954, 0.7444547485788341, 0.7177748059887021, 0.7117462569953035, 0.7788612564444495, 0.7279320419313864]"
Mismatched-C-2,6991,0,False,False,True,"[0.7378226380222579, 0.6581293740148445, 0.6317150307809039, 0.6358382783451898, 0.6024921293982135, 0.6023291393633831, 0.580163735046474, 0.7039429800371871]"
Mismatched-C-2,7306,7,False,False,True,"[0.5634494253992424, 0.6310545047407174, 0.5637290591666824, 0.675215726112176, 0.6557381763220749, 0.6583631582194411, 0.5316874292878228, 0.682185789823557]"
Mismatched-C-2,7355,2,False,False,True,"[0.6023426129389828, 0.637656888987234, 0.6435773607018305, 0.6033196850472187, 0.5684618286665712, 0.5839108504328955, 0.5221392518382079, 0.6083032584656609]"
Mismatched-C-2,7899,6,False,False,True,"[0.5656522138792702, 0.6179333120055224, 0.5898763785873677, 0.6348774123126079, 0.549720689915856, 0.6382899655471732, 0.6460753716116592, 0.5566139513419739]"
Mismatched-C-2,8061,2,False,False,True,"[0.5164466870077375, 0.4044325109414822, 0.5939869246386406, 0.5485308043247676, 0.5143608051818349, 0.5177383772019537, 0.5189624252841402, 0.5115078475926425]"
Mismatched-C-2,8215,7,False,False,True,"[0.4491235653888893, 0.46240351002307734, 0.3552730320742473, 0.4876020442521656, 0.46204655343143436, 0.49118665987164933, 0.4087233604500814, 0.5350338042464283]"
Mismatched-C-2,8234,1,False,False,True,"[0.659625431548437, 0.6708592629144765, 0.6473422882261626, 0.5572235387917197, 0.6281469272929509, 0.6018479755103148, 0.6238849951940518, 0.6511164372906607]"
Mismatched-C-2,8238,4,False,False,True,"[0.685360186476518, 0.6471983000051102, 0.6659023536808812, 0.6025227679382799, 0.694730453583052, 0.579550236735774, 0.6523689875800444, 0.6019026509539438]"
Mismatched-C-2,8275,3,False,False,True,"[0.7425166291945502, 0.7197926703632862, 0.7372042849375758, 0.7854340143850795, 0.7087565656272641, 0.677892878860485, 0.6888309643820776, 0.6305938415415424]"
Mismatched-C-2,8367,6,False,False,True,"[0.6314106129163384, 0.653801236705387, 0.5897995116452708, 0.6225268845796519, 0.6672453615137695, 0.6234797260762712, 0.676593182576517, 0.6513974810974625]"
Mismatched-C-2,8828,3,False,False,True,"[0.6122366269914835, 0.6387112787347968, 0.6826711662828828, 0.7095255907601097, 0.6720199773026009, 0.6908341436860328, 0.6202621566362557, 0.648738555183854]"
Mismatched-C-2,8862,2,False,False,True,"[0.6848412122602335, 0.6444051383056899, 0.7346067607524442, 0.6602328804828708, 0.6701958251652687, 0.5419300833153627, 0.6694364940844254, 0.5721660291763642]"
Mismatched-C-2,8926,5,False,False,True,"[0.5989605382603342, 0.5513793118963928, 0.6287726467216386, 0.5404735851261223, 0.6055147858091456, 0.6608503510431291, 0.6412007961396684, 0.5721973697613624]"
Mismatched-C-2,9188,5,False,False,True,"[0.6297682209468529, 0.6131719584260472, 0.655304942060415, 0.5917209003753665, 0.6241051946990858, 0.6673824569631601, 0.6233275552606108, 0.6436451648889862]"
Mismatched-C-2,9298,5,False,False,True,"[0.5053026167876861, 0.5602963881743528, 0.5690304103409589, 0.5804138345807474, 0.6355040070979054, 0.6436724511180811, 0.6282285955401294, 0.546733854970656]"
Mismatched-C-2,9376,3,False,False,True,"[0.6846877950249948, 0.6882444158084084, 0.6811051792198424, 0.7016270878563633, 0.7001746648988079, 0.665530186559889, 0.7003190697283859, 0.6993571734703956]"
Mismatched-C-2,9712,6,False,False,True,"[0.5559334440410695, 0.6126943584359416, 0.6389984276741946, 0.5337316086284513, 0.6927888530536622, 0.6770817726829776, 0.7001133206187378, 0.6194385884173595]"
Mismatched-C-2,9877,2,False,False,True,"[0.5342974003280784, 0.5041592204883408, 0.564946983331692, 0.4883695474974753, 0.4911992884179699, 0.4829437273306634, 0.4976023684835492, 0.5033079445222375]"
Mismatched-C-2,10115,3,False,False,True,"[0.6335744317401302, 0.6732983324895423, 0.4744693233472448, 0.7011937555514811, 0.6917048472003973, 0.4975452008127413, 0.6625473703843068, 0.6033576094406631]"
Mismatched-C-2,10191,0,False,False,True,"[0.8376009023295972, 0.7855481943185865, 0.8135360001568573, 0.8195273849629099, 0.8220840390143507, 0.7899470024577456, 0.7974510993198631, 0.8057799090948309]"
Mismatched-C-2,10361,5,False,False,True,"[0.6056950392219556, 0.6049631184898934, 0.5913703417850169, 0.6401824762423027, 0.6407176197465221, 0.6865358941585453, 0.6176335821367871, 0.567074893316974]"
Mismatched-C-2,10602,2,False,False,True,"[0.6402039213220058, 0.6369421798626649, 0.6752878506318756, 0.63039426693719, 0.6349559725093816, 0.6208076944046539, 0.6597721791137232, 0.671724038330999]"
Mismatched-C-2,10622,6,False,False,True,"[0.6780611809818785, 0.6464887291446171, 0.677303121444399, 0.5654640333328758, 0.6451812186166772, 0.6351300277310888, 0.6949907842342982, 0.5962414239139182]"
Mismatched-C-2,11050,4,False,False,True,"[0.5335330064689525, 0.4881336387052219, 0.5571931205144887, 0.5419964416025254, 0.6453325608959569, 0.6315043831798197, 0.6060130300876989, 0.5089376462797355]"
Mismatched-C-2,11274,5,False,False,True,"[0.6935162276534178, 0.6866028538699325, 0.6701248895411607, 0.6796411451053734, 0.6379937205327824, 0.6964832083395297, 0.6861841873141523, 0.6421066968830654]"
Mismatched-C-2,11493,3,False,False,True,"[0.6318530495758993, 0.6658511820056265, 0.6387742851772291, 0.7279406412886916, 0.6030855322580866, 0.6307531939953871, 0.5934306700782788, 0.5827255809172218]"
Mismatched-C-2,11757,4,False,False,True,"[0.634328134915983, 0.6552828959496129, 0.6123501275396467, 0.6642037225757975, 0.7000328197309745, 0.6994800512285472, 0.5693174928976531, 0.5708661477882163]"
Mismatched-C-2,11886,2,False,False,True,"[0.6555706447723942, 0.6462287252360321, 0.6654952499673217, 0.605231282193617, 0.6503592952037589, 0.6389293638493825, 0.583668324106871, 0.6104271007325328]"
Mismatched-C-2,12122,1,False,False,True,"[0.6283384616467198, 0.6461637446676409, 0.6011316000651381, 0.563094343425648, 0.6197243533114396, 0.6166986587722365, 0.5668058600376991, 0.589803483633623]"
Mismatched-C-2,12225,5,False,False,True,"[0.6612770411919758, 0.6523356033442814, 0.5984297717061672, 0.5651857660189694, 0.4757699037161855, 0.6772991956458263, 0.6525721182019523, 0.5290570849858285]"
Mismatched-C-2,12292,4,False,False,True,"[0.508367134449111, 0.6192555742907911, 0.6219478685389475, 0.6487774810231627, 0.6653689626985047, 0.5885952745493004, 0.6091897565468551, 0.5983492218144179]"
Mismatched-C-2,12340,7,False,False,True,"[0.6419611813928995, 0.6034553388103774, 0.6645751046875203, 0.5361692747654836, 0.6585878399070464, 0.6331598747373062, 0.6319760922912305, 0.6837926362681258]"
Mismatched-C-2,12386,0,False,False,True,"[0.6164039879125659, 0.5277623902444735, 0.5731865780464889, 0.571192730588101, 0.603868009938123, 0.6060006866070384, 0.5612032075180002, 0.5560010225166072]"
Mismatched-C-2,12597,2,False,False,True,"[0.463592865063395, 0.5599982994079058, 0.6219678872589961, 0.5495070058885076, 0.5406944305405237, 0.5626258268228699, 0.4695099501621325, 0.49951025085055195]"
Mismatched-C-2,13041,1,False,False,True,"[0.7360609497212156, 0.7938823816930967, 0.7393935054952201, 0.7128981819361262, 0.7364213218693386, 0.7541442367195168, 0.7469995680939591, 0.7866786700674876]"
Mismatched-C-2,13134,5,False,False,True,"[0.5799378263781207, 0.6161371757551646, 0.6219358305096442, 0.7102651513711418, 0.7055730027915298, 0.7144430836223, 0.647127632464295, 0.5658282663255074]"
Mismatched-C-2,13223,7,False,False,True,"[0.7439826071993481, 0.7364424451943885, 0.683704893004061, 0.6433718053214541, 0.7350509365546214, 0.7533836794947228, 0.7514200356765692, 0.8254414025620196]"
Mismatched-C-2,13298,3,False,False,True,"[0.5938511376553187, 0.6313157707102974, 0.5895746252952735, 0.6605927372638682, 0.6455429949168453, 0.5951877978518583, 0.6400980055119185, 0.5927680681206242]"
Mismatched-C-2,13587,4,False,False,True,"[0.5916948391027146, 0.5640861291929931, 0.5444144131227705, 0.5646467544759817, 0.6160165813449701, 0.6036819446700796, 0.5316791627973536, 0.5496264392949299]"
Mismatched-C-2,13703,2,False,False,True,"[0.685677549202689, 0.6464340904037333, 0.7456480679997257, 0.6926166086660781, 0.6767625158333836, 0.7125413833419665, 0.7295110870266419, 0.7371888588322668]"
Mismatched-C-2,13741,0,False,False,True,"[0.6396945955567024, 0.6293522036362121, 0.6316578344360975, 0.5960307866347461, 0.5220262779607661, 0.590496306969283, 0.6347112732898663, 0.6293539757555797]"
Mismatched-C-2,13749,1,False,False,True,"[0.4827462585871992, 0.6269094164274228, 0.5318210888555164, 0.5688571017282245, 0.48918193611249405, 0.499612749712011, 0.5748549171331896, 0.418104908047636]"
Mismatched-C-2,13826,5,False,False,True,"[0.6438148976898861, 0.7158856741127881, 0.7163843736317418, 0.6178464471140008, 0.6167317483530204, 0.7438852055739834, 0.6558218808166845, 0.7215447852463585]"
Mismatched-C-2,13842,0,False,False,True,"[0.7097590396137805, 0.6738937778769402, 0.6806485561411787, 0.6602682159815562, 0.682621162770721, 0.6529075959847199, 0.6555524498541299, 0.689991731491387]"
Mismatched-C-2,13879,6,False,False,True,"[0.5275449900300652, 0.5599296921172515, 0.6011067504331244, 0.49429938076500873, 0.5866798968754623, 0.6455445896580836, 0.6558213944032463, 0.6553565126018058]"
Mismatched-C-2,13895,4,False,False,True,"[0.5977948079774609, 0.6003978354091455, 0.6390237772177578, 0.639300286877398, 0.715645751364943, 0.6020887308810446, 0.5542620905493141, 0.596018383206369]"
Mismatched-C-2,13938,0,False,False,True,"[0.6645654072655491, 0.6117935323412265, 0.6171709436371141, 0.6281487094737785, 0.6302839958607598, 0.6339292779623292, 0.6352320561134739, 0.6598029230605622]"
Mismatched-C-2,14049,4,False,False,True,"[0.6640863922151389, 0.7051122158720418, 0.7315146750037211, 0.7212418152449409, 0.7579848233974757, 0.7389929683322876, 0.7070493313194703, 0.716072242099113]"
Mismatched-C-2,14170,1,False,False,True,"[0.6631735497330917, 0.6700198826067231, 0.621490098704606, 0.6444522431197558, 0.6554066584144982, 0.6420952962813536, 0.6128793618146291, 0.647688066745703]"
Mismatched-C-2,14245,2,False,False,True,"[0.6464747329097837, 0.6210664534586992, 0.6982059118631895, 0.6582312812060087, 0.6481127145947823, 0.6506658973601355, 0.6901846685490834, 0.6960668482699894]"
Mismatched-C-2,14274,3,False,False,True,"[0.6713434948860342, 0.646775664423836, 0.6213910457600629, 0.6798849417008306, 0.60217622790363, 0.6388640006087873, 0.6473101788813654, 0.6184483243941377]"
Mismatched-C-2,14728,6,False,False,True,"[0.6927583188269248, 0.672222840077201, 0.6624116247756262, 0.6981719404418543, 0.6804060032793917, 0.6254855078074121, 0.7070613221182344, 0.638265284744117]"
Mismatched-C-2,15068,2,False,False,True,"[0.64565488981571, 0.6645185416475019, 0.6689963705192521, 0.6628009495222135, 0.6318024740110256, 0.6401809518823787, 0.6341790951487395, 0.6514901917243279]"
Mismatched-C-2,15181,2,False,False,True,"[0.6324919036488766, 0.653722312281797, 0.677300785828417, 0.6287894931896217, 0.6183466803118935, 0.6284118228894184, 0.6186270824176685, 0.6731517408134511]"
Mismatched-C-2,15182,7,False,False,True,"[0.5559015675153602, 0.4717494700526593, 0.49031820935293835, 0.543316999298584, 0.5982262517518446, 0.63610527865622, 0.49848675318627944, 0.6421998844867592]"
Mismatched-C-2,15191,2,False,False,True,"[0.5249849034859566, 0.5089846727959049, 0.6692369053129688, 0.556896731114227, 0.5791420004672398, 0.5945148262696789, 0.5416481200309009, 0.6158018811513635]"
Mismatched-C-2,15274,5,False,False,True,"[0.7013503587385299, 0.7143391409923977, 0.6678998453604692, 0.708973054425079, 0.7619547730894816, 0.7687635885905203, 0.6771651877203504, 0.7440259481611826]"
Mismatched-C-2,15386,2,False,False,True,"[0.6531033379152448, 0.6482899921862819, 0.7220015261916286, 0.6846856965051462, 0.6989691372234941, 0.6680827076220113, 0.7176391989556449, 0.6761964946411471]"
Mismatched-C-2,15438,7,False,False,True,"[0.5806801906166525, 0.5208898299078804, 0.6011877547624651, 0.5517581576478674, 0.5924042987746995, 0.6116904945470434, 0.5779516547176766, 0.650189170451863]"
Mismatched-C-2,15516,0,False,False,True,"[0.688951060806763, 0.6432262769884612, 0.6512715833657738, 0.602062756490001, 0.5486987850259275, 0.6351689538925124, 0.6155185715218388, 0.6341484677230709]"
Mismatched-C-2,15631,0,False,False,True,"[0.6434902772724598, 0.5903830605920648, 0.5753400829318855, 0.6121269295654831, 0.6341365029790004, 0.6316435385725422, 0.6216242251413893, 0.5654295393816806]"
Mismatched-C-2,15632,2,False,False,True,"[0.5919690729676998, 0.6444168782159683, 0.664407631418354, 0.622734427533951, 0.5953877889145968, 0.642061086427089, 0.6506319358406993, 0.6266311486172721]"
Mismatched-C-2,15865,6,False,False,True,"[0.6177316830854047, 0.5405409916451873, 0.5504312268534778, 0.5664568926902733, 0.5901436258372499, 0.5752699121590343, 0.695546026668984, 0.5729917715111568]"
Mismatched-C-2,15898,2,False,False,True,"[0.6461823207682782, 0.6554278108221328, 0.6668922690327442, 0.5711205262911581, 0.6234558686094086, 0.6537367279807635, 0.581992244728355, 0.6456629400638666]"
Mismatched-C-2,15953,2,False,False,True,"[0.6297285914401156, 0.6914595757892136, 0.7559421831137958, 0.6994462210124446, 0.6581625031093696, 0.7396600365227031, 0.6633035381581275, 0.6233503782840304]"
Mismatched-C-2,15985,1,False,False,True,"[0.6327413867697144, 0.7230380705659423, 0.6448407563111562, 0.5713161506723666, 0.7186240104699746, 0.6052444243623931, 0.674795119100841, 0.6276636456911676]"
Mismatched-C-2,16251,5,False,False,True,"[0.6593950214191964, 0.5885484741557028, 0.6104671937769806, 0.6705684336270215, 0.6331818076296721, 0.7387207952485844, 0.6899664088348378, 0.6681491757347464]"
Mismatched-C-2,16424,4,False,False,True,"[0.634558412085581, 0.6899327637872659, 0.6117525854538113, 0.6246049986942032, 0.6985945500296008, 0.6314163934724637, 0.5914520369843652, 0.689879983655344]"
Mismatched-C-2,16525,1,False,False,True,"[0.6623238006124286, 0.7798014683471718, 0.7203313237304569, 0.7046132907892665, 0.6501332095891692, 0.6346927725416914, 0.7053828336037524, 0.6435424978645987]"
Mismatched-C-2,16625,4,False,False,True,"[0.6396983620833379, 0.6407553043605397, 0.6910095397395407, 0.6542239908315959, 0.7243739402185942, 0.6186132560765671, 0.7191524469107216, 0.6714275575937394]"
Mismatched-C-2,16718,2,False,False,True,"[0.5991821365237214, 0.6220284291613521, 0.6675921382435697, 0.6255140688996402, 0.5731955760868961, 0.5487824529298785, 0.5860138522311756, 0.5927893852450764]"
Mismatched-C-2,16800,2,False,False,True,"[0.7258095337954831, 0.6905793424605107, 0.773583920516967, 0.7079187949233974, 0.7144292799233459, 0.7616715630194956, 0.7571229987060724, 0.6972182204206854]"
Mismatched-C-2,17017,2,False,False,True,"[0.6338963731918998, 0.6052097794560178, 0.7140390618509511, 0.6410848411939588, 0.6688353203033308, 0.6719194801388448, 0.6871519227446832, 0.5940857864638138]"
Mismatched-C-2,17605,4,False,False,True,"[0.584419639275509, 0.5352432901137425, 0.4142632720134348, 0.5694689058568985, 0.5978389898555267, 0.4980931592282747, 0.5801718219163401, 0.5943197236412249]"
Mismatched-C-2,17651,1,False,False,True,"[0.554729500710198, 0.6352270297417162, 0.5213236098851608, 0.5671898792021496, 0.5808614800990035, 0.5911527383923534, 0.6051543257109403, 0.5681306180601846]"
Mismatched-C-2,17795,3,False,False,True,"[0.6306776009515953, 0.5808628743231501, 0.6090219730611338, 0.6719463461984072, 0.5243923868777547, 0.6020286376687551, 0.5456868025846704, 0.6218341400213514]"
Mismatched-C-2,17843,6,False,False,True,"[0.560430672574503, 0.6570429911365658, 0.6884484954686312, 0.6437970339091283, 0.5718565610458906, 0.583466151930542, 0.7475754373975643, 0.5845789282239519]"
Mismatched-C-2,17865,6,False,False,True,"[0.6443429870478792, 0.65631381345453, 0.6718117436671209, 0.6789630117170717, 0.667586152907681, 0.6413857843059024, 0.6883560417886128, 0.6709937650115907]"
Mismatched-C-2,17946,0,False,False,True,"[0.7473226316660437, 0.6522613867658598, 0.7114376298727969, 0.6723020435046516, 0.660236503114497, 0.6936437580689965, 0.6468663157224088, 0.6950159462611154]"
Mismatched-C-2,17987,2,False,False,True,"[0.5912885003471677, 0.6334443711728884, 0.6845993941672237, 0.6315221620527427, 0.586022542754113, 0.5972375913887296, 0.6359982796125789, 0.6260207397824522]"
Mismatched-C-2,18115,2,False,False,True,"[0.6600083713240615, 0.641398942006578, 0.6888330618555112, 0.5447922205614578, 0.6751773720916356, 0.658012626231204, 0.5690896000485108, 0.6450183574491943]"
Mismatched-C-2,18159,1,False,False,True,"[0.6516199606461308, 0.7584876512181273, 0.7076919939944766, 0.728281837543957, 0.7325977526408258, 0.6898663204489817, 0.7277765719966842, 0.6861413669849379]"
Mismatched-C-2,18170,7,False,False,True,"[0.6132152361819765, 0.5087910864055732, 0.5295213355924946, 0.5992536216255003, 0.5921474347303926, 0.5486589512408186, 0.5336799096857587, 0.6475265850797692]"
Mismatched-C-2,18556,0,False,False,True,"[0.684292690165468, 0.6432201930073751, 0.6460224299582099, 0.6418311418731413, 0.6665801654374639, 0.610428663349257, 0.6537325093847028, 0.6517471650992313]"
Mismatched-C-2,18888,3,False,False,True,"[0.5426444616603082, 0.5864366462791526, 0.5361742119654285, 0.5917146116197709, 0.5914828538618041, 0.525024180444483, 0.5780797401821289, 0.5916358973416154]"
Mismatched-C-2,18960,7,False,False,True,"[0.5441505607480237, 0.5961165790325463, 0.589425825860791, 0.6172872029655241, 0.5813683131641842, 0.568956666267407, 0.6338240561911517, 0.6775703459016683]"
Mismatched-C-2,19331,2,False,False,True,"[0.661744853810896, 0.6563938951704604, 0.6886354963070619, 0.6268417902396273, 0.6799551728963331, 0.6826666893164423, 0.6561844658076341, 0.6765003400969425]"
Mismatched-C-2,19471,6,False,False,True,"[0.7486964696721525, 0.7377429585662159, 0.7208191791538302, 0.6339197112107562, 0.726218053168193, 0.6982777820206114, 0.771372435948193, 0.7016085961516052]"
Mismatched-C-2,19593,5,False,False,True,"[0.5529143373136927, 0.6228830035986418, 0.6146886042103409, 0.6402431074782968, 0.6628305046692138, 0.6893237892392502, 0.6609817109522551, 0.6386200348595147]"
Mismatched-C-2,19605,3,False,False,True,"[0.4900137095782638, 0.41454052514600115, 0.5283153623377023, 0.532023778011887, 0.42778476381557534, 0.4957850914448845, 0.443710817135207, 0.4924853048490493]"
Mismatched-C-2,20013,2,False,False,True,"[0.5769923624942908, 0.5681218087515154, 0.618945260094323, 0.5401441394490495, 0.41939389816449557, 0.4894923305187907, 0.5256470843037837, 0.5400656221053084]"
Mismatched-C-2,20072,0,False,False,True,"[0.7176648823236045, 0.696723647064486, 0.6517314854669946, 0.6649503216331558, 0.6006297798100086, 0.6834070548148898, 0.7090302723675977, 0.6383173710414005]"
Mismatched-C-2,20317,4,False,False,True,"[0.6243816126217057, 0.5699313877951935, 0.6031821927617077, 0.5903580757556748, 0.6282281844296997, 0.5476194795776496, 0.5469487764208968, 0.5213107406969039]"
Mismatched-C-2,20380,7,False,False,True,"[0.34052553175033534, 0.52519824940537, 0.5260916193926446, 0.5888936406066798, 0.5416436058372699, 0.5152220710140067, 0.32690881422089335, 0.6633169782996597]"
Mismatched-C-2,20520,6,False,False,True,"[0.5217104819976901, 0.5240656753871944, 0.5981173056412923, 0.45260258967904876, 0.5669565237454188, 0.5680038754166921, 0.6341385403451161, 0.5556258403713593]"
Mismatched-C-2,20545,1,False,False,True,"[0.6192341387373732, 0.7189312648207683, 0.6474758076128726, 0.6719983710492614, 0.7111721502659676, 0.6182366625377778, 0.5801254021783124, 0.6003257695153396]"
Mismatched-C-2,20863,0,False,False,True,"[0.6579299804697218, 0.6024820727571485, 0.5785558180326272, 0.6205353997709468, 0.5861622224932779, 0.6088032466896138, 0.6105787527674837, 0.6390173517139937]"
Mismatched-C-2,20882,3,False,False,True,"[0.720928468592875, 0.6906097633081878, 0.705760431543154, 0.7266196510293099, 0.7144643702692718, 0.7194438853425038, 0.7085221756298173, 0.6701837226275269]"
Mismatched-C-2,20904,3,False,False,True,"[0.6878214876649369, 0.6650922247727711, 0.6854851095714037, 0.7151263854179419, 0.6470500113997802, 0.6807513645196082, 0.6572146950539813, 0.6835285172513743]"
Mismatched-C-2,21295,4,False,False,True,"[0.6404117110693328, 0.6914206821661577, 0.6899415133163926, 0.6133020439404137, 0.6959336518964496, 0.6332543705071716, 0.6181514899218086, 0.6465455980660518]"
Mismatched-C-2,21414,2,False,False,True,"[0.7410936601744822, 0.7098797847815852, 0.7481725286144237, 0.6976581393438581, 0.7447563333357432, 0.7052747362854893, 0.7173810388012714, 0.675373377555365]"
Mismatched-C-2,21436,6,False,False,True,"[0.6922842960385078, 0.7136679557967273, 0.7077652119286835, 0.5318217144902808, 0.6266276852436972, 0.6521998913007931, 0.7268991044636443, 0.6348452208193892]"
Mismatched-C-2,21558,3,False,False,True,"[0.7008850033725259, 0.6571852028212732, 0.6814239232045167, 0.744356804862254, 0.7047700143727265, 0.6342536759403117, 0.6697382007464463, 0.6884648688856745]"
Mismatched-C-2,21887,4,False,False,True,"[0.5903173654024039, 0.6493688531666664, 0.5854111582929793, 0.6345562064896894, 0.6593340587729039, 0.5917493015075252, 0.6414745239729095, 0.6474654488245648]"
Mismatched-C-2,22215,7,False,False,True,"[0.5510665076906371, 0.5330534546559643, 0.5568882027400743, 0.5706595862776215, 0.5529292004714355, 0.5788803203851771, 0.5649734018694086, 0.5800713061322349]"
Mismatched-C-2,22299,4,False,False,True,"[0.6179268527011428, 0.6774872485459407, 0.6136283810819216, 0.6579250505515991, 0.6958530645574781, 0.636565927351834, 0.6131265073893502, 0.6007815336394906]"
Mismatched-C-2,22303,5,False,False,True,"[0.676463417295974, 0.648470899416048, 0.6336991160299441, 0.6508876744564706, 0.633889481587316, 0.6843637211764433, 0.5932607890914212, 0.5747741557894157]"
Mismatched-C-2,22452,7,False,False,True,"[0.5118957563055465, 0.5909781014154485, 0.3835066795779356, 0.5818346593940322, 0.5638146278320783, 0.5427250941036473, 0.5830368156927253, 0.594159354662176]"
Mismatched-C-2,22793,5,False,False,True,"[0.659149042210691, 0.6644440476690173, 0.6518726618263744, 0.6594812375372774, 0.7016213320800326, 0.7254889392645207, 0.6276339043496356, 0.6147454413385016]"
Mismatched-C-2,22803,0,False,False,True,"[0.6917131502830322, 0.6114344022999372, 0.5694703984204069, 0.6434133845813609, 0.6788346783880956, 0.6737145108367653, 0.686324421710351, 0.5596446492330822]"
Mismatched-C-2,22924,7,False,False,True,"[0.5536981717808322, 0.5706954881458857, 0.5528894059642333, 0.591545171358339, 0.5442953763933306, 0.5797586736424101, 0.5869697360702879, 0.620380872445399]"
Mismatched-C-2,23314,0,False,False,True,"[0.6854459687055241, 0.641170878217552, 0.6811174475626496, 0.6381155949885332, 0.6443236172159454, 0.6257936728550728, 0.6682407555809127, 0.6189298975710691]"
Mismatched-C-2,23445,0,False,False,True,"[0.6699945256106874, 0.6289339176622585, 0.5786836607461443, 0.6135064532355785, 0.6533453628063922, 0.6115961456995627, 0.5986635348005371, 0.6368833543577315]"
Mismatched-C-2,23479,4,False,False,True,"[0.6432420967310536, 0.511766377659085, 0.6311335775843953, 0.6799570147821636, 0.7240922578958451, 0.7021512413472935, 0.6480511181682606, 0.681441089687763]"
Mismatched-C-2,23623,4,False,False,True,"[0.509774380366623, 0.6203736317688184, 0.4485399013844051, 0.6519956967228122, 0.6566801093279593, 0.49069498173084625, 0.5122334692716211, 0.3935710467396546]"
Mismatched-C-2,23633,0,False,False,True,"[0.7571800678855102, 0.634012806047918, 0.6878048684541032, 0.7371026708411572, 0.7159943755443947, 0.7478794847644836, 0.6452257387779102, 0.7102107623984617]"
Mismatched-C-2,23642,3,False,False,True,"[0.5942624780773296, 0.6224422585929614, 0.6582758896843128, 0.6864782873353481, 0.6760951867556524, 0.5755715796059548, 0.5751666451331985, 0.6841967228089318]"
Mismatched-C-2,23803,5,False,False,True,"[0.6873538091400521, 0.7344518212264248, 0.7118745434782099, 0.7009224121516295, 0.7048305934694783, 0.7524525011102134, 0.7362168420717785, 0.6390964757392634]"
Mismatched-C-2,24062,0,False,False,True,"[0.6715873287483198, 0.6310389704163728, 0.6477738293167326, 0.6496633043625564, 0.6632751277329476, 0.6478704944674942, 0.4791103018000071, 0.5543452295746724]"
Mismatched-C-2,24103,5,False,False,True,"[0.6819685625195786, 0.7105147835486844, 0.640779497190697, 0.6486526598224696, 0.6745637230085428, 0.7419689593385208, 0.6545218789596383, 0.6498126012554674]"
Mismatched-C-2,24306,4,False,False,True,"[0.5273737880176537, 0.5417695921863974, 0.5117079523097517, 0.5486455606411929, 0.576485547859733, 0.5333056349235094, 0.5263147704295712, 0.5502674342271549]"
Mismatched-C-2,24700,5,False,False,True,"[0.6294387960664714, 0.6934507941532877, 0.6876847286503027, 0.6965922559024595, 0.6128612828779816, 0.7010463334042722, 0.5948256389764782, 0.6516680221642304]"
Mismatched-C-2,24790,7,False,False,True,"[0.565739042332815, 0.6332212732568347, 0.4946586202320011, 0.41008126842332804, 0.6189210520249109, 0.5323149453904402, 0.477337415799999, 0.6593201377965504]"
Mismatched-C-2,25150,5,False,False,True,"[0.6115925290758242, 0.6107100752015637, 0.5987468601173799, 0.628940441711245, 0.6219494117384761, 0.6514233321493468, 0.6362063940294495, 0.645255927704803]"
Mismatched-C-2,25166,2,False,False,True,"[0.5997957770173601, 0.5209974001880997, 0.6485945135649551, 0.5697014897552259, 0.6179803549775571, 0.6225771992125495, 0.5650361046913691, 0.5672319946685882]"
Mismatched-C-2,25339,4,False,False,True,"[0.6908517214042056, 0.6521145364836082, 0.647372707818791, 0.7220944404100064, 0.7425242985910498, 0.7222376370097577, 0.6951847520844694, 0.7266256475344641]"
Mismatched-C-2,25360,5,False,False,True,"[0.7351916080302527, 0.6449685731437238, 0.6525298989775934, 0.7360726196953087, 0.5800014829568116, 0.7805358170738881, 0.6736187570625473, 0.7473489413573378]"
Mismatched-C-2,25374,4,False,False,True,"[0.551060526327849, 0.5303473520495263, 0.5598987814761482, 0.6312569442664205, 0.7436676037065415, 0.5327873778084856, 0.7396618993630087, 0.5153445124198357]"
Mismatched-C-2,25447,7,False,False,True,"[0.6237398537156489, 0.680663262020138, 0.702839115646629, 0.6955089877005478, 0.6858980151212125, 0.676377280801747, 0.7161132310579144, 0.7529485159677589]"
Mismatched-C-2,26070,5,False,False,True,"[0.6309607655087415, 0.586126666584426, 0.5270375693141911, 0.5550082764231816, 0.6521703732879345, 0.7004887147800335, 0.6319902083232773, 0.6630099990843861]"
Mismatched-C-2,26146,7,False,False,True,"[0.5831910700656668, 0.6339821771689966, 0.6047170915894539, 0.6505419251183674, 0.5703547184059277, 0.6362959998786535, 0.6452284745603669, 0.6794256096415494]"
Mismatched-C-2,26419,2,False,False,True,"[0.6200535833597018, 0.7016756850355228, 0.807741049062811, 0.7330396222686716, 0.6400815209599364, 0.6262550272158374, 0.6276227213763329, 0.6685164570245546]"
Mismatched-C-2,26519,3,False,False,True,"[0.4589282209924085, 0.41732773337397605, 0.4991050536730166, 0.6366326793094264, 0.4874408366071016, 0.47357837265468616, 0.4341099587949342, 0.4707787481222899]"
Mismatched-C-2,26535,6,False,False,True,"[0.5147477655409625, 0.5631312633272577, 0.5434740494373178, 0.4957204723528601, 0.6029836495051402, 0.6038582690413163, 0.6253045546501006, 0.6079816502304003]"
Mismatched-C-2,26749,7,False,False,True,"[0.7280696259419381, 0.6880698312480233, 0.724137730181804, 0.7003375208554246, 0.6646938453721525, 0.7239193037462545, 0.7280058044230543, 0.7316632227011151]"
Mismatched-C-2,27131,5,False,False,True,"[0.5460953086276306, 0.43537808761371843, 0.4760088559488321, 0.5194096523205411, 0.47715324404492765, 0.5532152328757327, 0.5476069780385657, 0.5206452079200914]"
Mismatched-C-2,27196,3,False,False,True,"[0.5940350567352988, 0.6560656065013256, 0.6939631838729486, 0.699409806906077, 0.6629054755019754, 0.6608921930982102, 0.6939884059364272, 0.6041770832837944]"
Mismatched-C-2,27240,6,False,False,True,"[0.6213917524834445, 0.5358619045368819, 0.5793533637589943, 0.5727722085239503, 0.6172056324912891, 0.60105661175995, 0.6261010784851664, 0.6121952253340901]"
Mismatched-C-2,27260,5,False,False,True,"[0.6414285292786228, 0.6384959682906216, 0.6830632130919834, 0.6404985312645525, 0.6478731608929255, 0.7247432375008345, 0.6583527718914984, 0.6413572528302749]"
Mismatched-C-2,27648,3,False,False,True,"[0.594914127888559, 0.5826074089444906, 0.5627687376094324, 0.6176156562414092, 0.591020359855956, 0.6043271059646578, 0.5788212436647148, 0.5724867922230488]"
Mismatched-C-2,27688,2,False,False,True,"[0.6797384261406869, 0.672839453486251, 0.6900482821849201, 0.6259345381467556, 0.6013189862437998, 0.6464517229338258, 0.6431426925431658, 0.5758910768217477]"
Mismatched-C-2,27781,7,False,False,True,"[0.6581644601275578, 0.6704095477149745, 0.6358127254140007, 0.6849344020861787, 0.6346713843494856, 0.6713529274552091, 0.6836609086772518, 0.7010150508317445]"
Mismatched-C-2,28157,7,False,False,True,"[0.6621449955793479, 0.6832856728884127, 0.636707994321177, 0.6342318368745805, 0.6511780995008027, 0.6737861770082603, 0.6553251350563825, 0.6966282535279846]"
Mismatched-C-2,28253,4,False,False,True,"[0.7689135959036988, 0.7077934771559585, 0.7576238541678414, 0.763445115064624, 0.789763552044955, 0.7427487106970181, 0.6861585105782744, 0.6733718767699524]"
Mismatched-C-2,28276,3,False,False,True,"[0.6014512931152534, 0.5908129122377637, 0.6198696238029391, 0.653600807318059, 0.5484439435863957, 0.6115713329915469, 0.6303642253180843, 0.6125759888437188]"
Mismatched-C-2,28309,6,False,False,True,"[0.5584944678879402, 0.6143408212050168, 0.600471948441625, 0.5722638883670998, 0.5810574513806238, 0.5934694825826925, 0.633296913538087, 0.5926233455431409]"
Mismatched-C-2,28511,3,False,False,True,"[0.6054328092316622, 0.6005777469984345, 0.5160183859138671, 0.6176217358880302, 0.5909104106144492, 0.4822236375269508, 0.5501725013712881, 0.5306991078091097]"
Mismatched-C-2,28548,3,False,False,True,"[0.7122504294886842, 0.7055248770853799, 0.7106447540890399, 0.7705544375004538, 0.7407791793806904, 0.763243401046849, 0.7354117882328989, 0.7680949228691916]"
Mismatched-C-2,28979,4,False,False,True,"[0.6920152273515442, 0.6472800470666737, 0.6387552893383086, 0.6833736093084035, 0.7442848614718909, 0.6423628404818618, 0.7067646037823432, 0.6762988396403051]"
Mismatched-C-2,29018,6,False,False,True,"[0.6038096935975059, 0.6329764979832831, 0.6249340548398994, 0.5557437342310987, 0.6316844192479492, 0.5524532211856116, 0.6386792618285384, 0.5381157502834459]"
Mismatched-C-2,29179,5,False,False,True,"[0.6494779188815706, 0.6225207785570607, 0.6233403765642727, 0.579445354723535, 0.6257328289831864, 0.6542275923744937, 0.5853115883499838, 0.6179435800678614]"
Mismatched-C-2,29221,0,False,False,True,"[0.6495496593829669, 0.5873615802893738, 0.5921671856941819, 0.6173865415411965, 0.5713680306340128, 0.6016289729558237, 0.6136691316822521, 0.5844442292878973]"
Mismatched-C-2,29400,0,False,False,True,"[0.6999215843948553, 0.5936209532555886, 0.650749325471937, 0.6174680110308906, 0.5605903256278633, 0.5557098854662006, 0.6047751124490486, 0.5495422726114365]"
Mismatched-C-2,29511,6,False,False,True,"[0.6355662758832072, 0.6264264207971137, 0.5905932348033383, 0.6285179621544229, 0.6025389200489699, 0.6807577972561505, 0.6902604523659994, 0.6075141089813221]"
Mismatched-C-2,29591,6,False,False,True,"[0.47115010819484393, 0.5426005472982682, 0.5407187680534863, 0.5427804360572804, 0.5529100425519782, 0.4618692799240611, 0.583366185040822, 0.5758893029820464]"
Mismatched-C-2,29610,6,False,False,True,"[0.722339857965635, 0.7596495443930378, 0.6977153498550197, 0.4332824190127118, 0.6957345132425646, 0.7687378312619005, 0.8117037301670091, 0.7114289347483385]"
Mismatched-C-2,29717,0,False,False,True,"[0.6263505773141755, 0.6059356519510792, 0.6260422823281002, 0.6142188577680314, 0.5922746733396231, 0.6012918193413744, 0.5811436299200308, 0.5290918401068857]"
Mismatched-C-2,29815,3,False,False,True,"[0.7311042359950024, 0.7296238748890655, 0.7546675708904337, 0.7633896106870605, 0.7552947483718566, 0.7368649518683604, 0.7270192746200179, 0.6829687179307429]"
Mismatched-C-2,29831,3,False,False,True,"[0.6798482899637337, 0.652222766191309, 0.6579611736452857, 0.7527428501108908, 0.670332428614403, 0.7504186614505608, 0.7094604068455164, 0.6753785407788446]"
Mismatched-C-2,29903,4,False,False,True,"[0.6358387272222626, 0.6016455825865576, 0.5697274147497438, 0.5949472913616145, 0.6723114737010063, 0.6157650238351272, 0.6532786564536759, 0.6313616464911427]"
Mismatched-C-2,29942,7,False,False,True,"[0.6185679681962248, 0.6386579934456953, 0.6419856356248038, 0.6361400708607954, 0.6776683533622248, 0.6053604575776175, 0.5967979313081639, 0.6991984299335332]"
Mismatched-C-2,30016,5,False,False,True,"[0.6037215920869556, 0.6752662788478121, 0.623702634523185, 0.6743099285278307, 0.6174619233914658, 0.703815264064997, 0.6150799730031848, 0.6584647273773507]"
Mismatched-C-2,30068,1,False,False,True,"[0.6750165061562463, 0.752081485415754, 0.7106599163435975, 0.7439929731119224, 0.7193926038213134, 0.7025314017750215, 0.7437369703303616, 0.7330967176311087]"
Mismatched-C-2,30077,2,False,False,True,"[0.5684144375794161, 0.5206929860870786, 0.6154122693643782, 0.49519516495544214, 0.6123626844755825, 0.5624590644993999, 0.5767642985435482, 0.571189787414293]"
Mismatched-C-2,30139,4,False,False,True,"[0.558319007424882, 0.6994675227630955, 0.6954581484429657, 0.6868719086806037, 0.7028002198424403, 0.644587053611266, 0.6499093489034065, 0.6694186045442158]"
Mismatched-C-2,30888,3,False,False,True,"[0.6142079005276507, 0.6382376667747838, 0.5339794071154886, 0.6443723427270935, 0.6401909432508701, 0.6376227231185929, 0.583468341399723, 0.6235686112402907]"
Mismatched-C-2,30961,2,False,False,True,"[0.659289842029085, 0.5551345126579246, 0.6738464242195825, 0.5509487306782946, 0.5989346854132057, 0.5905472338477392, 0.5237683445574877, 0.5828877462415816]"
Mismatched-C-2,31234,7,False,False,True,"[0.5791071301012449, 0.5521283109567509, 0.5688520162652928, 0.5670566905483339, 0.531844236053125, 0.5421569600775837, 0.5664410701408291, 0.6422973218185477]"
Mismatched-C-2,31244,7,False,False,True,"[0.5572274634995802, 0.5434087345266979, 0.4977805939371676, 0.5617432156947109, 0.49569007578706975, 0.46606611765221795, 0.5149072416101604, 0.6484137421406463]"
Mismatched-C-2,31251,6,False,False,True,"[0.7303115198157115, 0.6538334541623978, 0.5491610226865888, 0.6969695463803863, 0.6711938864114537, 0.7177157896087933, 0.7443415938048723, 0.6438086727529504]"
Mismatched-C-2,31280,7,False,False,True,"[0.5909572125643305, 0.6338237971168313, 0.6439673306227283, 0.48968753151857913, 0.5509478049527339, 0.5402951711823738, 0.5963532630352405, 0.6635138671302119]"
Mismatched-C-2,31503,1,False,False,True,"[0.6579551347852477, 0.7286919597019638, 0.6141912548041736, 0.7167219590226066, 0.602816272012491, 0.6436597754409767, 0.6480199906337507, 0.6779703705708182]"
Mismatched-C-2,31776,4,False,False,True,"[0.603718114698594, 0.5835757938618642, 0.5645694748951731, 0.6044687415582324, 0.6579662893139859, 0.5889917328889094, 0.5739456694935383, 0.5358124587282878]"
Mismatched-C-2,32051,7,False,False,True,"[0.6225936031531136, 0.5807892638189007, 0.6363772440899629, 0.5783138507062651, 0.5995393322981806, 0.5451720736893035, 0.5570038964016638, 0.657612223226453]"
Mismatched-C-2,32062,5,False,False,True,"[0.6039808411049278, 0.6205446290887264, 0.6086840148629811, 0.6130242468076315, 0.6186082225295545, 0.680738625164538, 0.6629948925937561, 0.6108900549026237]"
Mismatched-C-2,32140,1,False,False,True,"[0.6499505412068717, 0.7245115079336876, 0.6802430224701148, 0.721455251889692, 0.6544736734121073, 0.6840563597644912, 0.7017828301189706, 0.6531693785455219]"
Mismatched-C-2,32365,4,False,False,True,"[0.689162675529319, 0.6679874085178301, 0.6580069866551177, 0.650595019314469, 0.6947331418605573, 0.6793911230149514, 0.6236371754615317, 0.6480640279554809]"
Mismatched-C-2,32427,1,False,False,True,"[0.6160262831909303, 0.682387367968456, 0.5812743930196111, 0.48593690668412715, 0.6184115377609485, 0.6178749574735913, 0.6741290577067871, 0.5936540943872336]"
Mismatched-C-2,32470,6,False,False,True,"[0.6451421109961071, 0.6881058543259917, 0.7050573945994245, 0.6903856491965085, 0.6982086614899408, 0.7017984883416685, 0.7152756501093456, 0.6808860540181447]"
Mismatched-C-2,32532,3,False,False,True,"[0.6852301438603221, 0.7321097483220286, 0.6876625993643006, 0.7480277193759082, 0.621830217949505, 0.6935456335441001, 0.6792457486935133, 0.7140137772207358]"
Mismatched-C-2,32630,5,False,False,True,"[0.6833339938510046, 0.6702297886517419, 0.6619759909648961, 0.5622052726113005, 0.6401107784064053, 0.6837459788841009, 0.5038383559077599, 0.6037573304532461]"
Mismatched-C-2,32680,6,False,False,True,"[0.5796127054519528, 0.5919015620746749, 0.5654874108053811, 0.5066761553817127, 0.6204562794763526, 0.5874177703047533, 0.6271835188358681, 0.5188079318584387]"
Mismatched-C-2,32697,6,False,False,True,"[0.6084001763268256, 0.6322701763187686, 0.5424731064096602, 0.5984440452948896, 0.629214460403972, 0.5479006692351731, 0.6431317312147057, 0.6076648727720222]"
Mismatched-C-2,33057,0,False,False,True,"[0.7412837191706211, 0.6577818388642063, 0.6693621544697754, 0.6784419638892338, 0.670519635923581, 0.6492944723908252, 0.6811338601017471, 0.6592108204485838]"
Mismatched-C-2,33084,5,False,False,True,"[0.8248347777189716, 0.8205591421515523, 0.7885493331292351, 0.7748278769926575, 0.7232251832943102, 0.8649343810941116, 0.7109887263413892, 0.8024257799951902]"
Mismatched-C-2,33123,6,False,False,True,"[0.6167705326413453, 0.6062598358015361, 0.6608809103801085, 0.634029116928629, 0.6009607791684071, 0.6454515928346148, 0.6905707358627907, 0.637704810441229]"
Mismatched-C-2,33256,5,False,False,True,"[0.6818394821691018, 0.6413818264653264, 0.590585565214024, 0.6609269830625621, 0.6669559969446615, 0.7337558188297213, 0.6191640790414912, 0.6984914418977364]"
Mismatched-C-2,33264,1,False,False,True,"[0.6248869978838336, 0.6644357565587098, 0.6315293651538062, 0.5133608691875211, 0.6578360819756349, 0.6276700467813884, 0.5791778266047014, 0.6353832629996093]"
Mismatched-C-2,33336,2,False,False,True,"[0.6011909292328115, 0.634070858901, 0.6842100992432549, 0.5490507315392696, 0.5001080549441991, 0.5432702260389201, 0.6150783812373406, 0.5521965787688063]"
Mismatched-C-2,33342,4,False,False,True,"[0.5696980418220357, 0.5131456762821213, 0.5889013434857238, 0.5448905315554662, 0.6631891646156337, 0.6073859433208024, 0.6365390104514661, 0.6124119099853089]"
Mismatched-C-2,33512,7,False,False,True,"[0.5460898911301977, 0.6466446578439431, 0.6632504547005798, 0.6594735798121951, 0.6434992950440254, 0.6556023648993543, 0.6324303469467525, 0.6782697015736243]"
Mismatched-C-2,33863,4,False,False,True,"[0.5810338997597146, 0.628189942285444, 0.5738786087266228, 0.5715207923232362, 0.6307372151894926, 0.5804558717521628, 0.5796137685460795, 0.6269512983392503]"
Mismatched-C-2,33990,4,False,False,True,"[0.6066949003227313, 0.6293838720284288, 0.6472214620870814, 0.6371292997957392, 0.662918142602388, 0.6296828956386201, 0.6308626982676492, 0.6257705901866453]"
Mismatched-C-2,34169,3,False,False,True,"[0.5627357531660417, 0.5619568762432499, 0.5410360584410813, 0.6056733978330064, 0.5824255455466821, 0.5773393319588593, 0.5806580655750821, 0.5436482653477004]"
Mismatched-C-2,34198,3,False,False,True,"[0.69901868737044, 0.7027141284141019, 0.690494539189728, 0.7682021539309254, 0.751321758622226, 0.6523701573717315, 0.7232548647429173, 0.746130254618251]"
Mismatched-C-2,34415,3,False,False,True,"[0.7185474530814357, 0.66230831017499, 0.7208224461562858, 0.7263213130675619, 0.7163038933017856, 0.7052203397096962, 0.7045883365953041, 0.6843370875639333]"
Mismatched-C-2,34509,0,False,False,True,"[0.7679052918221589, 0.6911981647959592, 0.6917965268395909, 0.715577130884141, 0.7393206192045565, 0.6612200124620137, 0.6913038605659217, 0.7382731359136778]"
Mismatched-C-2,34565,5,False,False,True,"[0.6770519308280869, 0.7047586213002995, 0.6852988774379034, 0.6957580077557094, 0.7324389864422348, 0.7428471469201567, 0.6968519111294889, 0.7134608509287055]"
Mismatched-C-2,34854,6,False,False,True,"[0.6119759508067688, 0.5960506217813784, 0.612699264670766, 0.5620695934679231, 0.6228169781412106, 0.6076745375678378, 0.625448929323245, 0.6167853612580214]"
Mismatched-C-2,34998,3,False,False,True,"[0.6682171389142957, 0.6193819874136504, 0.6238558836096566, 0.701951343338726, 0.6424969810416817, 0.6086175278849467, 0.6402085820003606, 0.6683085790651625]"
Mismatched-C-2,35100,7,False,False,True,"[0.5102590869899997, 0.5212890603423807, 0.4740624828117539, 0.4951972171227863, 0.54962111487829, 0.5505148310496253, 0.5944277699104157, 0.6043248131746175]"
Mismatched-C-2,35119,3,False,False,True,"[0.6599916671563744, 0.6837209026859592, 0.683783997722987, 0.7239533751038117, 0.6025703729167996, 0.6194122632511656, 0.6080869960592075, 0.6263778677227199]"
Mismatched-C-2,35131,7,False,False,True,"[0.5738849496239242, 0.5834215952966427, 0.5708187556346098, 0.6109434664142097, 0.6288576558766721, 0.6440012320133361, 0.5598803954247321, 0.6520185916001521]"
Mismatched-C-2,35234,2,False,False,True,"[0.664528919066296, 0.6613184942595419, 0.6877857079091071, 0.6631217120534443, 0.4659580581766811, 0.6521389393676452, 0.622216033571111, 0.6509446475460937]"
Mismatched-C-2,35269,2,False,False,True,"[0.6388994612411034, 0.563014333705171, 0.6395783240026701, 0.5548300742993204, 0.5549091778860582, 0.5704538058594539, 0.5928659556008111, 0.5819943057777217]"
Mismatched-C-2,35281,7,False,False,True,"[0.6307684170475634, 0.6360118137118624, 0.5625465877524338, 0.5738241616223341, 0.5686687758048021, 0.5695151602265729, 0.6402663738912426, 0.666348667917672]"
Mismatched-C-2,35475,3,False,False,True,"[0.543602049944688, 0.46774650355225766, 0.43644517080784595, 0.5559935879847717, 0.3610683275765165, 0.33693911847949465, 0.4879538815624778, 0.4538490242144222]"
Mismatched-C-2,35600,6,False,False,True,"[0.630878293753415, 0.6261876654546004, 0.6317896222420394, 0.6437894523714522, 0.6003327339295687, 0.583719910213172, 0.6497546392135891, 0.6341721881757825]"
Mismatched-C-2,35613,0,False,False,True,"[0.6699851920853523, 0.6372428396539336, 0.6122415657109178, 0.5951027223434648, 0.6476158711237, 0.607753156321104, 0.5993686766905468, 0.5967180826171504]"
Mismatched-C-2,35659,7,False,False,True,"[0.6696808903995406, 0.6893131313961158, 0.672908889309483, 0.6651912869459016, 0.6686641012132228, 0.6866380689974112, 0.665290633193771, 0.6986645614384543]"
Mismatched-C-2,35916,2,False,False,True,"[0.6055828753629935, 0.700594372227759, 0.7131536170019606, 0.6709324662431606, 0.7069570654552008, 0.6532429229873521, 0.6750499390859842, 0.6593638414483911]"
Mismatched-C-2,35964,6,False,False,True,"[0.7061685628642569, 0.5630382287010954, 0.6634922913944822, 0.6985943848163607, 0.67500699056363, 0.6747192121719011, 0.7067877354386387, 0.6573629910664428]"
Mismatched-C-2,36198,0,False,False,True,"[0.5945357125968426, 0.44485973520768507, 0.5372020015970449, 0.549193957699439, 0.5502754922463327, 0.5745159640778967, 0.4551151179230919, 0.5344917674458463]"
Mismatched-C-2,36287,2,False,False,True,"[0.6049127446885525, 0.48748986634308933, 0.6063597830402763, 0.520419864302101, 0.587807991295564, 0.5239519015485895, 0.5668676854794958, 0.6026327994436189]"
Mismatched-C-2,36543,5,False,False,True,"[0.6161554095249917, 0.6357900226341452, 0.6275084596857146, 0.6013776197834719, 0.592043471431942, 0.643692274476571, 0.6306223446701844, 0.6282314075230724]"
Mismatched-C-2,36557,3,False,False,True,"[0.6354497334803826, 0.5886336664417147, 0.5731503449718485, 0.6614883773279041, 0.5998759290913214, 0.6339972557445843, 0.6176617782642698, 0.6505870617770161]"
Mismatched-C-2,36992,5,False,False,True,"[0.6477008640473307, 0.5419751972483386, 0.6440841759625147, 0.6536636696737658, 0.5910370006855155, 0.6752203641578818, 0.6163634583585675, 0.6708479347307286]"
Mismatched-C-2,37034,0,False,False,True,"[0.6741346773579899, 0.6585071989505427, 0.6327906899905672, 0.5550883643828857, 0.5902710888933533, 0.5787366781884968, 0.6556691403321109, 0.6341651483644337]"
Mismatched-C-2,37053,1,False,False,True,"[0.6158559070870087, 0.6363300012498068, 0.60354539040601, 0.5571612443928204, 0.5791566281081385, 0.6205777240568104, 0.6290407264501532, 0.6289275313531031]"
Mismatched-C-2,37255,1,False,False,True,"[0.590705734748237, 0.7068128679555823, 0.6248408519766887, 0.6383518683512108, 0.6829279942872392, 0.4962833064355665, 0.6957569407935491, 0.6752759840670507]"
Mismatched-C-2,37362,0,False,False,True,"[0.7081026410505324, 0.5675065958778485, 0.6246305920154641, 0.6952774934317668, 0.5918802518800121, 0.6511622886634717, 0.6678368290460616, 0.6302990608203847]"
Mismatched-C-2,37406,0,False,False,True,"[0.7072116003412159, 0.6044839381383269, 0.6410592589004358, 0.6670418499784692, 0.7051173759389296, 0.6056417745152252, 0.6673913331363226, 0.6874061271930462]"
Mismatched-C-2,37505,4,False,False,True,"[0.5323718278935596, 0.5006686210809586, 0.5557951849092277, 0.5290168005933169, 0.5676844321915289, 0.548575120155144, 0.5309494602609894, 0.5671707896387249]"
Mismatched-C-2,37552,2,False,False,True,"[0.7158151858290778, 0.6850748694682104, 0.7267654413986693, 0.6949979358018927, 0.7185104261863018, 0.7013348301116915, 0.6955972227608973, 0.7162573886718848]"
Mismatched-C-2,37899,6,False,False,True,"[0.6817181350614436, 0.7229114302811057, 0.6729242365986134, 0.6905569270069896, 0.7098068127419721, 0.6874181028047481, 0.7249701404734414, 0.6978087336053946]"
Mismatched-C-2,38091,4,False,False,True,"[0.6452021440027748, 0.5863814598213454, 0.6019514231471195, 0.5164185656345319, 0.6585807215356143, 0.6026879802963303, 0.5906887495141795, 0.6410268688691081]"
Mismatched-C-2,38194,3,False,False,True,"[0.6869235209916538, 0.5947706612560038, 0.6790142835685185, 0.6912165757132624, 0.6618875668060608, 0.6443605337924704, 0.6743872876290704, 0.6908471122746472]"
Mismatched-C-2,38375,2,False,False,True,"[0.5638937818973601, 0.5559218850710456, 0.6447773873443396, 0.639131402717074, 0.536436253578089, 0.6141738191131936, 0.5584839810828277, 0.614539853429001]"
Mismatched-C-2,38380,1,False,False,True,"[0.644108676313395, 0.7266517130638014, 0.6784253429370537, 0.7150147693064464, 0.668120122520095, 0.6458077301801589, 0.6507579773490234, 0.7026536706519042]"
Mismatched-C-2,38833,6,False,False,True,"[0.7255283516217664, 0.7134818794320046, 0.7142468002116584, 0.721424382005817, 0.6707104421571772, 0.7203363486677354, 0.7603901720058073, 0.7541174362024166]"
Mismatched-C-2,38887,0,False,False,True,"[0.676822652321429, 0.6464837902881777, 0.6657309621052885, 0.6459754668812443, 0.6611267881407525, 0.6337212815239842, 0.6725877349012008, 0.6761020294267654]"
Mismatched-C-2,39183,1,False,False,True,"[0.5538069888841974, 0.6276164688808283, 0.5070320912783473, 0.5620644774113495, 0.5769252988931663, 0.5943782251733193, 0.5862305838639279, 0.5801904961189187]"
Mismatched-C-2,39288,7,False,False,True,"[0.725617791984871, 0.7703583643679348, 0.6299794378731427, 0.7232713864344281, 0.6773650782736906, 0.7378056387513384, 0.7480792583182132, 0.7725491695034187]"
Mismatched-C-2,39384,5,False,False,True,"[0.5571166633074247, 0.5619943826779337, 0.6238674429283302, 0.5727919115283584, 0.5857123835954581, 0.6354646765336182, 0.5590315110000883, 0.6206702992428085]"
Mismatched-C-2,39490,1,False,False,True,"[0.6551596977880114, 0.7719893825742588, 0.720960269791317, 0.5708690602106948, 0.6440765618843711, 0.6709110081234168, 0.7429812556196446, 0.7669067821077149]"
Mismatched-C-2,39557,6,False,False,True,"[0.7545335855562441, 0.6068001251280168, 0.6923532821153102, 0.6359184001707009, 0.694419474992088, 0.7345961760385377, 0.7814626812884826, 0.7148994015175562]"
Mismatched-C-2,39756,2,False,False,True,"[0.5214069202561937, 0.6193544948003751, 0.6670407052824757, 0.5513587766306753, 0.5588583205526618, 0.5233927405199924, 0.585207759729429, 0.5756969899326454]"
Mismatched-C-2,39793,4,False,False,True,"[0.5620247882015097, 0.5697724076836239, 0.5479132360294471, 0.5329218001875512, 0.6081625894832219, 0.5675058364107325, 0.5758671706955196, 0.5497826229401102]"
Mismatched-C-2,39920,6,False,False,True,"[0.654095327941471, 0.5539017446520014, 0.5524587923947311, 0.5373682718949971, 0.6762672527464455, 0.6885033786308697, 0.7405181935761653, 0.7097377265426601]"
Mismatched-C-2,39986,3,False,False,True,"[0.6486191248423017, 0.5991312298397451, 0.5748440286025513, 0.6726897457279739, 0.6242208022330378, 0.5757111765454423, 0.6127285222276923, 0.6238007853370757]"
Mismatched-C-2,40269,5,False,False,True,"[0.5577104958647288, 0.5880993622672911, 0.6071775830251646, 0.6089800398303702, 0.5301038125701945, 0.6337406449178093, 0.6327867662434727, 0.4951974466776136]"
Mismatched-C-2,40756,3,False,False,True,"[0.6264207368255965, 0.6055095317643692, 0.6029513718212665, 0.6495789788144535, 0.5715387371539566, 0.6055144877282916, 0.6192088099160087, 0.6082774950843226]"
Mismatched-C-2,40798,3,False,False,True,"[0.5112555105227047, 0.5378213154274694, 0.498224297818856, 0.6053848987380084, 0.5735136142974007, 0.5753603479988048, 0.5440553148487064, 0.5899166609787863]"
Mismatched-C-2,40819,7,False,False,True,"[0.6739203909893781, 0.682269833882851, 0.6572264009321584, 0.6560127277276709, 0.6768730203249314, 0.6669280973975498, 0.6389787147480066, 0.695361514916539]"
Mismatched-C-2,40933,6,False,False,True,"[0.619259681956088, 0.6985170594847337, 0.6581149756227919, 0.6389801282916281, 0.6133593147154068, 0.6553859258031305, 0.7471250569774788, 0.679389340058338]"
Mismatched-C-2,40990,0,False,False,True,"[0.6885955274694486, 0.6097416208496467, 0.6864004440477987, 0.5946821133563174, 0.6519470385041763, 0.6709704236720195, 0.6373785425785305, 0.6440656923429247]"
Mismatched-C-2,41120,3,False,False,True,"[0.5864999009641946, 0.7374879711206643, 0.7252844766909803, 0.7699461560094257, 0.7470180448641202, 0.6408770268473247, 0.7054364407981488, 0.6889662215796197]"
Mismatched-C-2,41402,3,False,False,True,"[0.5832039567890298, 0.6086022678597196, 0.6298547966998365, 0.6600142925091439, 0.6007044405345445, 0.5996597479291448, 0.6321683365744788, 0.6362982797050386]"
Mismatched-C-2,41540,3,False,False,True,"[0.6463783789262875, 0.6262684915752446, 0.5888360399864849, 0.6554607047646102, 0.6272874309684908, 0.6410591935303761, 0.5207856962212639, 0.627771926400771]"
Mismatched-C-2,41555,4,False,False,True,"[0.6304451758556815, 0.6183895106561803, 0.6044272750869947, 0.6468201249474318, 0.6479109807424265, 0.6227034766815474, 0.646073400159618, 0.6436917928587681]"
Mismatched-C-2,41561,4,False,False,True,"[0.6250176947736512, 0.6503151267102589, 0.6235972722426961, 0.6473938206253556, 0.6807270200154976, 0.6529930871530312, 0.6303139956469161, 0.6289563124434157]"
Mismatched-C-2,41592,5,False,False,True,"[0.5524817847682537, 0.5622761090595418, 0.5426921496218466, 0.5738650620722543, 0.5999047941505908, 0.6044909829289313, 0.5598482698285633, 0.5335350723003555]"
Mismatched-C-2,41636,7,False,False,True,"[0.7212197527017957, 0.713404581982523, 0.7423966096997623, 0.6435731646928005, 0.7349428307267205, 0.706056184017885, 0.7206427451365964, 0.743347390979018]"
Mismatched-C-2,41640,0,False,False,True,"[0.7361678372019997, 0.6411781525930212, 0.5956475820873436, 0.5765954624918609, 0.6807881628989844, 0.6360892270423536, 0.6748399675289191, 0.5995845249128893]"
Mismatched-C-2,41924,7,False,False,True,"[0.6235847323571087, 0.6229668779493631, 0.6256463840973114, 0.6306362160660841, 0.6146069266467876, 0.6190965791041069, 0.6373638838028166, 0.6483951099872707]"
Mismatched-C-2,41976,6,False,False,True,"[0.5861789804152778, 0.46117666234496435, 0.5451545654545089, 0.5625282241404956, 0.503254698130928, 0.4657043450615955, 0.5863360238775401, 0.5192477404489055]"
Mismatched-C-2,42022,7,False,False,True,"[0.4091824358636256, 0.5063808762017445, 0.5564462606184242, 0.5455874846843816, 0.5827273389741797, 0.52589889414111, 0.5548672548824443, 0.6692006836677689]"
Mismatched-C-2,42251,5,False,False,True,"[0.7275335052436303, 0.778267643984462, 0.7563924409333678, 0.7208128416496968, 0.7506713564326766, 0.7791975290231177, 0.7448765578090651, 0.7572509164906644]"
Mismatched-C-2,42302,0,False,False,True,"[0.748562948058891, 0.635316290968593, 0.6046159202568058, 0.674264957155951, 0.5998985914480608, 0.6141790147616426, 0.6728315664494336, 0.659425163374054]"
Mismatched-C-2,42466,1,False,False,True,"[0.6054111583849227, 0.6810688917985817, 0.659193055654254, 0.6770777394628943, 0.5459408461325893, 0.6233806397328259, 0.6229383913675162, 0.6438269853223408]"
Mismatched-C-2,42679,0,False,False,True,"[0.5929264923811439, 0.4896895285758863, 0.5351145587916029, 0.5846641117886531, 0.5427016573057704, 0.5762641156124053, 0.5358576051621267, 0.5064155218895241]"
Mismatched-C-2,43065,7,False,False,True,"[0.6190379481444623, 0.5809976868677557, 0.6004477706578626, 0.6248511932444294, 0.6545578394490961, 0.6772887505137044, 0.6114953867644943, 0.700522596231754]"
Mismatched-C-2,43198,5,False,False,True,"[0.556680264052115, 0.47470116758963277, 0.5976486985866638, 0.5109568910588707, 0.5609494327226087, 0.6450426763027113, 0.6146526155702555, 0.5355556145983382]"
Mismatched-C-2,43211,2,False,False,True,"[0.6602441769766013, 0.6727280596639557, 0.7167811294291562, 0.6536151568041173, 0.7154302329985849, 0.6502456704276753, 0.6479181171460613, 0.6541438274199907]"
Mismatched-C-2,43332,7,False,False,True,"[0.548900604956464, 0.6397950171680378, 0.5496613213099741, 0.6169219439130326, 0.606086784633596, 0.6003321079958017, 0.6579267880268149, 0.6816130185294778]"
Mismatched-C-2,43546,6,False,False,True,"[0.641952317051762, 0.6403276105169529, 0.7228591863035794, 0.6257222261059154, 0.6275880088091071, 0.6803952340769557, 0.7315727972682637, 0.6341172538584925]"
Mismatched-C-2,43584,4,False,False,True,"[0.7053764297022307, 0.6657820509360247, 0.7209817044269716, 0.6292685359901569, 0.7610586417059164, 0.7251479674633098, 0.7338404317820889, 0.6029027305201704]"
Mismatched-C-2,44248,1,False,False,True,"[0.5927829355333348, 0.6271770098156864, 0.6124148884777796, 0.5493622197176578, 0.5827235815629153, 0.5395185483175852, 0.5882424283340038, 0.600609123574863]"
Mismatched-C-2,44279,5,False,False,True,"[0.6304140118152477, 0.6375246609685123, 0.5443995239546708, 0.6577071899586213, 0.6207211020155308, 0.6664239947831905, 0.5908645665229825, 0.6210763003623053]"
Mismatched-C-2,44360,0,False,False,True,"[0.7035225203685012, 0.6886631877993112, 0.6768874394054829, 0.6260932396680299, 0.5986506777704619, 0.5676829766258774, 0.6214362766737442, 0.6272323780422115]"
Mismatched-C-2,44413,5,False,False,True,"[0.6774196649933364, 0.6510216234828319, 0.5640670209419182, 0.49740546363597815, 0.6263214654451567, 0.6882934909396554, 0.4896485669673803, 0.6055186459482989]"
Mismatched-C-2,44422,3,False,False,True,"[0.5663887809151319, 0.6237281012901139, 0.6656522361107878, 0.6698964110255669, 0.649615699146934, 0.5964008417658047, 0.6321442748328613, 0.6272088508940534]"
Mismatched-C-2,44903,1,False,False,True,"[0.6183694441380434, 0.6928472664160091, 0.6923173393827372, 0.6141930426422835, 0.6094566449702323, 0.6669008985196503, 0.6063588977573328, 0.6704433744830125]"
Mismatched-C-2,44975,2,False,False,True,"[0.6010963071658322, 0.5442641572380409, 0.6534529663884844, 0.6224524535009418, 0.652276317845438, 0.6326427168299638, 0.5860093623464979, 0.6217905664683248]"
Mismatched-C-2,45377,5,False,False,True,"[0.7977478730222033, 0.8113306165576046, 0.8064143834026294, 0.8226673283717351, 0.7708382980312912, 0.8330086392583763, 0.8269852809300078, 0.7997485791257744]"
Mismatched-C-2,45528,4,False,False,True,"[0.5822934506070776, 0.5588937162470902, 0.5744010575311793, 0.577233386152882, 0.6200775756229855, 0.584410164374001, 0.5487096304098323, 0.5643655382313222]"
Mismatched-C-2,45699,1,False,False,True,"[0.5435096766828008, 0.6832198276421668, 0.6144330421552295, 0.44192657592675644, 0.6495110718246312, 0.49292669016562113, 0.5407468150843472, 0.6013229408075255]"
Mismatched-C-2,45952,5,False,False,True,"[0.6083621731149451, 0.6638827493407022, 0.6763178786513404, 0.6276727061207926, 0.6454721037279292, 0.7064720710794815, 0.6635023087109551, 0.5421937617278556]"
Mismatched-C-2,45987,4,False,False,True,"[0.5511900889708008, 0.5145349168038104, 0.5296299126205206, 0.5267636843564834, 0.5880046673496326, 0.5318600040012501, 0.5036588337151601, 0.48219331790602826]"
Mismatched-C-2,46166,0,False,False,True,"[0.6536523974414759, 0.6204572475934327, 0.6391811384474426, 0.643161046454606, 0.6420212887517729, 0.6287695454763675, 0.6482251455765843, 0.6409570863516583]"
Mismatched-C-2,46276,0,False,False,True,"[0.6294736376229166, 0.510938388842103, 0.43753580454219376, 0.4671258924317079, 0.5714882038670888, 0.5918168357808018, 0.5393117976703359, 0.524939120695945]"
Mismatched-C-2,46403,7,False,False,True,"[0.6382257466917853, 0.6235548864470057, 0.6691938804943106, 0.6536356623792083, 0.6468043172958101, 0.5927673509706608, 0.6366726510399292, 0.6707292058713468]"
Mismatched-C-2,46524,2,False,False,True,"[0.6338060759817622, 0.623129000722072, 0.7099799092510373, 0.6766048573790713, 0.632194433199404, 0.6166030930177568, 0.5889395387316487, 0.6897697336429018]"
Mismatched-C-2,46653,5,False,False,True,"[0.6726967888569639, 0.6494775221556064, 0.6344773727838386, 0.7298461727534925, 0.7171596496488026, 0.7989603916333383, 0.7044714336307757, 0.6664224459513224]"
Mismatched-C-2,47030,7,False,False,True,"[0.6789002838800037, 0.6903088707806692, 0.6737642949997755, 0.7259035912053013, 0.7179216707796745, 0.686982786462393, 0.6822948723163291, 0.7454257022120008]"
Mismatched-C-2,47086,3,False,False,True,"[0.7040959779751358, 0.6363262907538576, 0.6013674488706297, 0.7173840474014176, 0.6949814061206314, 0.6645849386814873, 0.653983706918597, 0.6669079295748086]"
Mismatched-C-2,47093,3,False,False,True,"[0.6263105019544316, 0.5910841418942747, 0.5402972481008008, 0.6816546762603877, 0.5860679759845535, 0.6576727538677194, 0.6421435965933417, 0.6640434136619986]"
Mismatched-C-2,47122,3,False,False,True,"[0.6038862709093903, 0.6182742909226917, 0.5745206318322278, 0.6263666175978184, 0.5679267551913376, 0.5707451655195357, 0.6145359216136784, 0.6241253017726616]"
Mismatched-C-2,47125,3,False,False,True,"[0.5574081412913899, 0.666237562937994, 0.6215054123037498, 0.6843104011017923, 0.6275350171782303, 0.684293730799574, 0.6267938672783733, 0.6534625137625794]"
Mismatched-C-2,47331,6,False,False,True,"[0.6091861177612422, 0.6055036055405052, 0.6289744520244409, 0.6617110683045375, 0.647402096766422, 0.6247652669185476, 0.6694028655888344, 0.6240666326753761]"
Mismatched-C-2,47471,3,False,False,True,"[0.6834301414632711, 0.6303939359952249, 0.633561635058429, 0.6933643310258794, 0.6267593917462355, 0.6661804310947737, 0.647763615977317, 0.669775525316826]"
Mismatched-C-2,47583,0,False,False,True,"[0.7214268867089535, 0.6201065867327241, 0.656468234127093, 0.5965367237358447, 0.6363723260423775, 0.611339907452312, 0.6148485325122437, 0.5543157856379102]"
Mismatched-C-2,47744,2,False,False,True,"[0.584113179084697, 0.5148639677409255, 0.6349188272573782, 0.551336568960451, 0.5931236572163678, 0.5765530135810298, 0.5664061381763643, 0.5840972013206245]"
Mismatched-C-2,47907,7,False,False,True,"[0.6444981239217533, 0.6848018108191669, 0.6574535195313049, 0.6047250217542839, 0.5098801832459366, 0.6892606003060262, 0.6403810662223033, 0.6973161652872893]"
Mismatched-C-2,48376,7,False,False,True,"[0.6762089620139174, 0.6751490663814104, 0.5731411882949224, 0.6221162389409409, 0.6873625401504878, 0.6824915889590817, 0.585108076324635, 0.6989321242305359]"
Mismatched-C-2,48655,3,False,False,True,"[0.6087648617840831, 0.5668689506299041, 0.6499996429496404, 0.6567274168373514, 0.6317497222634999, 0.6221615007517324, 0.5910237030005869, 0.604106491782481]"
Mismatched-C-2,48911,5,False,False,True,"[0.6442221102914427, 0.6141056237984713, 0.5950037788383433, 0.6055430764904851, 0.5800277566471468, 0.6620151416167595, 0.5805923285561678, 0.6434554240093784]"
Mismatched-C-2,49170,3,False,False,True,"[0.6212718140012767, 0.6179464732353196, 0.6432298176987981, 0.6562982049460164, 0.633882200977411, 0.5954033288454508, 0.6168512781147412, 0.6239745645791117]"
Mismatched-C-2,49195,2,False,False,True,"[0.681886939241015, 0.6825284218004457, 0.7241500304994648, 0.6410987092412355, 0.6976929356246035, 0.6820785602405581, 0.7015541374869521, 0.7053274064047712]"
Mismatched-C-2,49256,3,False,False,True,"[0.7648109976416673, 0.7968485086509368, 0.742917793759166, 0.8404109931735134, 0.5804481721502555, 0.7570338283963842, 0.676361308508318, 0.7384851993228567]"
Mismatched-C-2,49315,4,False,False,True,"[0.5786362795202422, 0.600755021758355, 0.548774068516817, 0.6734310026905777, 0.6869011745868918, 0.5146306154610277, 0.6313928154089024, 0.6660532852516533]"
Mismatched-C-2,49474,0,False,False,True,"[0.7992072325557826, 0.7693930742604136, 0.7543962274403577, 0.7417481180183537, 0.7307439472782156, 0.7697264677227347, 0.7416480189820203, 0.7568843978712834]"
Mismatched-C-2,49475,6,False,False,True,"[0.5966439459729007, 0.6266728541569326, 0.6401844749878621, 0.5813569302907692, 0.5759146186968603, 0.6349277351744858, 0.6438604954337563, 0.6357747547746957]"
Mismatched-C-2,49678,0,False,False,True,"[0.7032797695790971, 0.6027276410524308, 0.5717092162985, 0.7024015658232976, 0.6703542068802388, 0.6631984589523326, 0.655568309018131, 0.5223628678840748]"
Mismatched-C-2,49702,5,False,False,True,"[0.5911418976112821, 0.6076474352778276, 0.6117102526627594, 0.6211832882030303, 0.6164924571754901, 0.643900126131731, 0.5689043541993886, 0.6268670102363003]"
Mismatched-C-2,49760,7,False,False,True,"[0.775155104739393, 0.7203372353265889, 0.7388063065054474, 0.6550402058303106, 0.6922231007815154, 0.7118105144043672, 0.6796644853042468, 0.7823278322966236]"
Mismatched-C-2,50203,4,False,False,True,"[0.5222198666442761, 0.5695114013176662, 0.5310436492156589, 0.5755480018915393, 0.6562936478728216, 0.5984757625139117, 0.5465266334337364, 0.5497678569169138]"
Mismatched-C-2,50210,1,False,False,True,"[0.5254166424464214, 0.7141809178243672, 0.6034523636983143, 0.690491410859686, 0.5748988963137442, 0.578157887616262, 0.6514853283447963, 0.572720795835921]"
Mismatched-C-2,50622,0,False,False,True,"[0.5691483334236815, 0.4852109951715403, 0.5364469929789302, 0.5321740200890754, 0.5322425478163239, 0.5099087506361378, 0.5382638079193418, 0.5422316511974432]"
Mismatched-C-2,50708,0,False,False,True,"[0.6540281876916589, 0.5621230377377447, 0.6352647278900119, 0.6206525074364251, 0.6507887149803402, 0.5744000493033744, 0.5112731435877396, 0.6538803504492934]"
Mismatched-C-2,50739,5,False,False,True,"[0.5789035009710102, 0.6440895083010163, 0.534545667057059, 0.6403354724955659, 0.6288138001647643, 0.6446938998710221, 0.6163583925721088, 0.6404132135179541]"
Mismatched-C-2,50850,3,False,False,True,"[0.4970591023759462, 0.5349110445938954, 0.5268977901920426, 0.6019141539920432, 0.600369015426941, 0.5172135651455771, 0.4911442667510988, 0.48630784344762323]"
Mismatched-C-2,51008,3,False,False,True,"[0.6592075556089354, 0.7099905162056235, 0.6731891332054403, 0.71641123134942, 0.6370905691949211, 0.7037281328947822, 0.6967973648570336, 0.6961127330421122]"
Mismatched-C-2,51227,3,False,False,True,"[0.6273976817729519, 0.6126141899979654, 0.6942645073984198, 0.7109137490351426, 0.6595003458392052, 0.585313679830153, 0.669356478839094, 0.6339550376876844]"
Mismatched-C-2,51300,6,False,False,True,"[0.4927543410330326, 0.5385647939700038, 0.6047157996275161, 0.590355103218847, 0.5956484714112356, 0.5948902592020919, 0.6293477738053037, 0.6243949640561473]"
Mismatched-C-2,51380,6,False,False,True,"[0.6599217796422098, 0.6293633140172585, 0.5371396526793057, 0.6456660188437613, 0.5301045594529848, 0.5588535240067255, 0.666292836070953, 0.5225671561144146]"
Mismatched-C-2,51385,2,False,False,True,"[0.6170933804325358, 0.6475288862199375, 0.6765231096102158, 0.6763211015796127, 0.6551671993809338, 0.6763150634160626, 0.6603076567504309, 0.6669485315538065]"
Mismatched-C-2,51436,0,False,False,True,"[0.6594308057666025, 0.6168067615097388, 0.6084163929042425, 0.6166440371749737, 0.6122022110436298, 0.6024009527816077, 0.6341918616534459, 0.5743674032684465]"
Mismatched-C-2,51517,1,False,False,True,"[0.6489504216255113, 0.7477473302245539, 0.7313923024488577, 0.6712842082626048, 0.723129315575956, 0.742290080599294, 0.6357398200502195, 0.6831309615420535]"
Mismatched-C-2,51688,3,False,False,True,"[0.621579342200157, 0.6209182230346901, 0.6146018894845767, 0.6545995666215121, 0.6016050978728178, 0.5995647920770832, 0.5915410379298343, 0.5894225461596114]"
Mismatched-C-2,51865,2,False,False,True,"[0.7179500295832584, 0.7275084317625234, 0.7404345114032432, 0.7134591632120195, 0.7163591380253634, 0.6282676929744291, 0.7229283514677638, 0.7271377469016144]"
Mismatched-C-2,51943,5,False,False,True,"[0.6394514165782129, 0.5289361654694492, 0.6090907276112371, 0.5696978750405938, 0.6323442816972722, 0.6811540399237357, 0.6000308140909243, 0.5656152133695234]"
Mismatched-C-2,51956,2,False,False,True,"[0.5478346465347017, 0.6239272433694772, 0.6309628201594284, 0.580144267419689, 0.577859993353254, 0.6095663084565301, 0.5578249247070828, 0.5746629717367957]"
Mismatched-C-2,51990,4,False,False,True,"[0.7551472179611916, 0.8118200789074084, 0.718005587378699, 0.7731997409395455, 0.8155723756332313, 0.7415822053742787, 0.7125090026228401, 0.805846558126918]"
Mismatched-C-2,52228,5,False,False,True,"[0.5757782726487476, 0.5502222146479909, 0.5117559190430545, 0.5385004040086778, 0.536857806915938, 0.6719320379079701, 0.6061219089459431, 0.560170768226837]"
Mismatched-C-2,52277,5,False,False,True,"[0.4375361718989016, 0.5681913952366084, 0.5029783248230382, 0.5752398281733777, 0.5072139393261662, 0.6010091898219478, 0.5218569767756518, 0.5021287953433509]"
Mismatched-C-2,52729,4,False,False,True,"[0.6122321629837514, 0.6868297513705022, 0.5991976540626899, 0.679157534803861, 0.7447174235396398, 0.5860557496481861, 0.6696260732780718, 0.6172452521052119]"
Mismatched-C-2,52733,0,False,False,True,"[0.6913509142139853, 0.6649316167622435, 0.6577785214942616, 0.6830392369333951, 0.6172079652717488, 0.643629130239947, 0.6489282518845458, 0.621884723962564]"
Mismatched-C-2,52803,3,False,False,True,"[0.6197894812627751, 0.5838161675521015, 0.6040352232326037, 0.6649719099741092, 0.5951820262033182, 0.6078489778548305, 0.6363356442813579, 0.613148268290682]"
Mismatched-C-2,52927,6,False,False,True,"[0.688126189506984, 0.6554559122892755, 0.6270978609646206, 0.6572303170985643, 0.6466707399805024, 0.6157213267469395, 0.6909527011362825, 0.6901745582652664]"
Mismatched-C-2,53445,5,False,False,True,"[0.6708403622700724, 0.6666404520977447, 0.6799608090063796, 0.6931995043295822, 0.6972914888242483, 0.7330323301242474, 0.6966814256233198, 0.6440831468939832]"
Mismatched-C-2,53659,1,False,False,True,"[0.7321517225781589, 0.7486390534152694, 0.651767807872113, 0.6788765958784806, 0.704025543060115, 0.7081319226586944, 0.6493102730981601, 0.6467407951720343]"
Mismatched-C-2,53729,5,False,False,True,"[0.7988158211585809, 0.8041265364573267, 0.6834529196277705, 0.817504622723876, 0.7575111770714047, 0.8260279305166092, 0.780677613459644, 0.7704567896815444]"
Mismatched-C-2,53974,4,False,False,True,"[0.5993402106452925, 0.5736080866020383, 0.5913444149382717, 0.6084978256443756, 0.6355384403579639, 0.5501388033730696, 0.5891853431328224, 0.6179113321950709]"
Mismatched-C-2,54054,7,False,False,True,"[0.5822027050921197, 0.5113007560725014, 0.5973851115144211, 0.6019549199656863, 0.48199730610717617, 0.5203545401715731, 0.5844097819899752, 0.6334306460977787]"
Mismatched-C-2,54099,5,False,False,True,"[0.6458825171944603, 0.6281886849367113, 0.616518813247376, 0.6070673663438683, 0.6311856787010449, 0.6780448421427683, 0.6654225086717923, 0.6160368258185529]"
Mismatched-C-2,54250,7,False,False,True,"[0.6866707605295528, 0.7066515371387119, 0.6972175992297818, 0.676608609241744, 0.7049558299322025, 0.6974632673284815, 0.7192921632858753, 0.7354428432315336]"
Mismatched-C-2,54336,3,False,False,True,"[0.5225970805055569, 0.5611205579891436, 0.5729085141934522, 0.591425047145542, 0.5687259752324008, 0.562624484636246, 0.582808677154244, 0.5634517343978417]"
Mismatched-C-2,54681,4,False,False,True,"[0.7399984095191681, 0.7799489057637783, 0.7508519181764604, 0.762830516898054, 0.8232335997400062, 0.8039089070155436, 0.7882640199083215, 0.8156501044635543]"
Mismatched-C-2,55202,2,False,False,True,"[0.6462481341241264, 0.6195904602459217, 0.6520320220443635, 0.611054114486683, 0.6157681407264337, 0.6243081661206116, 0.5933244067503582, 0.5566573678644299]"
Mismatched-C-2,55501,3,False,False,True,"[0.5981325152597154, 0.5944358862055846, 0.6333915164188315, 0.6869946145151059, 0.6757880566312331, 0.6784487684316063, 0.615113798508583, 0.6493636257797177]"
Mismatched-C-2,55597,4,False,False,True,"[0.5988849778538637, 0.6023646654619267, 0.5833192266476616, 0.60278366175327, 0.6188168834643475, 0.5917561109712262, 0.5893969032305102, 0.6000494071473248]"
Mismatched-C-2,55741,1,False,False,True,"[0.5778538287709882, 0.6087514737156376, 0.5808292518297091, 0.5845456963895921, 0.5237932296256864, 0.5884874375217677, 0.5881239048250596, 0.5032528113110435]"
Mismatched-C-2,55808,3,False,False,True,"[0.5887405472235642, 0.5796399383874669, 0.5961951983749332, 0.6385416738887403, 0.49252530290276975, 0.6305408041682452, 0.6075050173542604, 0.5825687037926289]"
Mismatched-C-2,55876,6,False,False,True,"[0.5298460027325105, 0.5466597189788394, 0.5326020753876737, 0.4601049534115442, 0.57128257350079, 0.5748235850159489, 0.6427346653602963, 0.59477978789676]"
Mismatched-C-2,55878,4,False,False,True,"[0.6375382734297025, 0.8147988746264552, 0.7792304073712486, 0.8043224867308045, 0.8233635641891646, 0.7899386173618541, 0.8098864947443623, 0.8133853108157456]"
Mismatched-C-2,56047,1,False,False,True,"[0.5284017792355807, 0.6171280336436473, 0.524858018817676, 0.5336264151524202, 0.5964446830392136, 0.5969309281413075, 0.5265876051564469, 0.5283418427813292]"
Mismatched-C-2,56131,2,False,False,True,"[0.3408094338642572, 0.44353598249189935, 0.607204641652354, 0.5152075285789683, 0.5061938978507778, 0.4465769906488273, 0.45671898537700933, 0.34072619654180625]"
Mismatched-C-2,56162,4,False,False,True,"[0.41632954405150135, 0.6207250602255077, 0.4743781503834791, 0.4594664855258801, 0.7196519099900315, 0.6150696077107468, 0.6139040875947677, 0.6227774997174895]"
Mismatched-C-2,56272,1,False,False,True,"[0.5851102202727272, 0.6227627709390847, 0.5830351523638728, 0.5862837388367925, 0.588593522698966, 0.605869121392652, 0.561114684529556, 0.5721389040690747]"
Mismatched-C-2,56496,3,False,False,True,"[0.572319058708754, 0.5128357047661747, 0.5743791965908271, 0.6390760901724954, 0.5424436184240501, 0.5346566344394349, 0.5258684022485021, 0.6299502051516975]"
Mismatched-C-2,56554,0,False,False,True,"[0.663044586702978, 0.6528125466291417, 0.5946795011834898, 0.6178651564851934, 0.6390054509400473, 0.6568195238821972, 0.6042841857348364, 0.6213986984100768]"
Mismatched-C-2,56629,3,False,False,True,"[0.6316917188471025, 0.6630694055066995, 0.668790858149529, 0.6805701370938998, 0.5294917849643905, 0.4665515556959905, 0.6670931842050523, 0.6013500182057521]"
Mismatched-C-2,56651,2,False,False,True,"[0.6407946687792492, 0.6356731191328893, 0.6936579463589291, 0.592133867992531, 0.5207048209532836, 0.5468186639760835, 0.6682615528726294, 0.520219137482607]"
Mismatched-C-2,56698,5,False,False,True,"[0.5948871826834287, 0.5918668301336121, 0.6284246537984362, 0.6067338644360527, 0.6126534863822246, 0.6859845319324893, 0.5521525317059148, 0.5728873973612718]"
Mismatched-C-2,56873,4,False,False,True,"[0.5546043868993707, 0.45958829227164955, 0.570514918781111, 0.4769425338803288, 0.5824827582380909, 0.44415229712734006, 0.575292630257444, 0.5162701366976242]"
Mismatched-C-2,56963,4,False,False,True,"[0.5627319933417407, 0.5765051989835746, 0.5708797533882741, 0.5780245915552693, 0.6595830737785473, 0.6149175242200482, 0.5881448709299654, 0.6160926662711892]"
Mismatched-C-2,57114,1,False,False,True,"[0.6735583500781881, 0.6774670225102986, 0.6100020906652588, 0.6038621692941182, 0.6004848126677703, 0.6170637490006659, 0.6000490646873399, 0.5853258204608107]"
Mismatched-C-2,57244,2,False,False,True,"[0.46983806454351873, 0.4906178505834258, 0.5547349984648988, 0.5367949367841609, 0.4951620543814515, 0.5271502428527965, 0.5333943755789952, 0.5367641542889345]"
Mismatched-C-2,57830,0,False,False,True,"[0.7650142676594465, 0.6785427152642252, 0.6426927773645148, 0.6890130182921551, 0.6666659512123511, 0.6872864288819035, 0.6714203457195663, 0.6523636617541277]"
Mismatched-C-2,57994,5,False,False,True,"[0.4788842241869269, 0.49085001866419387, 0.46278607939079797, 0.49433743612330283, 0.4752763681054015, 0.5184225547538327, 0.4979418579798204, 0.4824205645416618]"
Mismatched-C-2,58004,1,False,False,True,"[0.6926774221766798, 0.746786163853205, 0.7069684451143492, 0.6437301483349591, 0.7024206631423442, 0.6918668612031611, 0.6716830897743848, 0.7004139633887756]"
Mismatched-C-2,58157,4,False,False,True,"[0.5524702655837437, 0.5420658532740237, 0.5200464795645534, 0.5684120993153168, 0.5846869711557694, 0.5302991905389095, 0.5719816948191095, 0.5415435863674161]"
Mismatched-C-2,58169,3,False,False,True,"[0.7290109382828904, 0.6696618140102244, 0.685132731138586, 0.7363194182496813, 0.7126243076844594, 0.7268728426876279, 0.6383261299131617, 0.656590146145533]"
Mismatched-C-2,58252,5,False,False,True,"[0.6596053879519101, 0.6015475935895391, 0.587631792156335, 0.646061467551792, 0.6775758169180075, 0.7299625974289549, 0.6390695344460103, 0.6842006485806111]"
Mismatched-C-2,58341,6,False,False,True,"[0.6774502425115497, 0.6037243926145699, 0.7150036002598625, 0.6571488287595338, 0.6919081793747586, 0.6504112765022037, 0.724263024156999, 0.5055792768136176]"
Mismatched-C-2,58458,0,False,False,True,"[0.6899921847994774, 0.6509375987958506, 0.6675862234601171, 0.6044405217416288, 0.6123325781666066, 0.6188438590242706, 0.5819412705252688, 0.6457969500209519]"
Mismatched-C-2,58572,0,False,False,True,"[0.6124825629608528, 0.5024395169374432, 0.570587228593736, 0.5214892470861284, 0.5640761522925719, 0.587037440672487, 0.4690018733412063, 0.6064885225495946]"
Mismatched-C-2,58835,3,False,False,True,"[0.5579029267238269, 0.5262978587868068, 0.6111850785763866, 0.6141632540799802, 0.5388745191543081, 0.5264144068596852, 0.48147928307417365, 0.5704992458211741]"
Mismatched-C-2,58977,1,False,False,True,"[0.5724726107068163, 0.6245249212740567, 0.607043002213961, 0.5906080724382298, 0.6122337959949189, 0.6056396425988045, 0.5624537177567726, 0.6070646974448997]"
Mismatched-C-2,58988,4,False,False,True,"[0.6619432825107052, 0.7947590718960107, 0.6542461095895256, 0.6802374436092191, 0.860995970984938, 0.834029385003468, 0.6771568445748941, 0.8374174203325704]"
Mismatched-C-2,59101,1,False,False,True,"[0.6442716732849336, 0.7310865582126669, 0.6098997539977622, 0.6783432145187265, 0.6466447919130339, 0.6528463842939873, 0.5899474983347076, 0.6689393113910207]"
Mismatched-C-2,59177,2,False,False,True,"[0.6813573415893605, 0.7007502984023772, 0.7368307538954517, 0.6390689484617429, 0.6602753616592619, 0.6949568289296786, 0.6560203638767113, 0.6633554388576586]"
Mismatched-C-2,59183,3,False,False,True,"[0.7008495813157463, 0.7665348231574749, 0.7911304657252797, 0.793376913257581, 0.7519138437385888, 0.761706138822291, 0.7172300231951356, 0.717963992216862]"
Mismatched-C-2,59219,2,False,False,True,"[0.5949024391054116, 0.6672733397000672, 0.720673233316538, 0.5942954492479633, 0.7177832691181976, 0.6984712466556439, 0.6673820532148975, 0.6980221331001635]"
Mismatched-C-2,59293,5,False,False,True,"[0.6769106314344218, 0.6515942489339297, 0.6666401241489162, 0.6950342763552917, 0.6446007988674558, 0.6967386362471749, 0.6722814667204107, 0.5800741163511519]"
Mismatched-C-2,59464,1,False,False,True,"[0.5568013334796448, 0.6735157533334443, 0.5927970661061779, 0.6053414085490736, 0.5579055768688399, 0.5604357449004513, 0.5856461369517408, 0.6634802262819992]"
Mismatched-C-2,59470,6,False,False,True,"[0.6614974205771613, 0.6516413341842306, 0.6812199817262634, 0.7303131342403977, 0.6936229234018019, 0.6550688983531507, 0.7752497771571403, 0.6548708956556379]"
Mismatched-C-2,59508,7,False,False,True,"[0.5975658539419899, 0.5940395287073172, 0.6017095452101079, 0.5774528259470428, 0.5957088700203519, 0.6063437790886346, 0.5956433787199455, 0.6239641558809665]"
Mismatched-C-2,59838,4,False,False,True,"[0.6120639860463193, 0.6328024229596766, 0.5622590522244523, 0.5815035517303371, 0.6348694899195733, 0.5956153122595761, 0.5615131553726561, 0.5701149794290136]"
Mismatched-C-2,59905,5,False,False,True,"[0.5132715758312663, 0.4725192225159651, 0.49778357670494255, 0.4108160898669136, 0.44995591845756744, 0.5568735978473376, 0.5103426549642923, 0.5174923717924873]"
Mismatched-C-2,60063,5,False,False,True,"[0.5570419529485795, 0.5613595452696934, 0.5615314942550188, 0.5448530589314169, 0.5599267265759247, 0.6123554101866566, 0.5591693716965187, 0.5712138515131195]"
Mismatched-C-2,60496,6,False,False,True,"[0.5362047802003784, 0.6136152957739434, 0.649402164020854, 0.611461095106324, 0.6249011621737288, 0.6470165041288931, 0.6940152507245714, 0.6246833978117392]"
Mismatched-C-2,60707,2,False,False,True,"[0.6381373380359414, 0.5221786926321799, 0.7075611237250408, 0.6514245497975804, 0.6014140929562891, 0.6571814349881353, 0.6450237627354414, 0.6539641798380691]"
Mismatched-C-2,60784,5,False,False,True,"[0.7583656088734919, 0.7331484556496992, 0.7593050490686284, 0.6554738506572955, 0.49465899491934695, 0.7603493213428112, 0.5979312569175765, 0.5948383785259703]"
Mismatched-C-2,60932,7,False,False,True,"[0.7138969263675368, 0.7321502907816849, 0.7206031141915729, 0.7088875516391328, 0.7302062772878191, 0.7060957379693302, 0.704371280239379, 0.7378666193225112]"
Mismatched-C-2,61327,7,False,False,True,"[0.7115360510289507, 0.6769393857341925, 0.7209532378816839, 0.7189819462680795, 0.6718586523368693, 0.7006283637133026, 0.7162791611426584, 0.7215371959171204]"
Mismatched-C-2,61653,0,False,False,True,"[0.7145649116743306, 0.6318800476279032, 0.5663092751734087, 0.6777654114271033, 0.6199411161107735, 0.7057626109202924, 0.547265243734109, 0.6258312009710727]"
Mismatched-C-2,61683,1,False,False,True,"[0.6337656347277075, 0.7407366047955948, 0.6220010947106795, 0.6637540435716187, 0.6174156557718682, 0.5950807249388347, 0.6339268322626321, 0.5784379213694709]"
Mismatched-C-2,61701,3,False,False,True,"[0.579274097743115, 0.6173888011463848, 0.6799900191284176, 0.7207841252899061, 0.5960966979350975, 0.560488249165874, 0.6232557912585646, 0.6685001483054522]"
Mismatched-C-2,61868,5,False,False,True,"[0.6505370726552884, 0.6669397666909966, 0.632336886129258, 0.6634227485226959, 0.6477873648037935, 0.6687883809321191, 0.6580267679564527, 0.6582004260542238]"
Mismatched-C-2,61878,3,False,False,True,"[0.7070484673550187, 0.7273067570725827, 0.6595898630657173, 0.7441758830820806, 0.7362324513915082, 0.6110665808532234, 0.7156189425474868, 0.7157686068569826]"
Mismatched-C-2,62117,3,False,False,True,"[0.6978804633716771, 0.6780393271083275, 0.6345314920426575, 0.7574527049106969, 0.7249957390403687, 0.6025350949944415, 0.6463279437254656, 0.6878394159177574]"
Mismatched-C-2,62587,5,False,False,True,"[0.43843843827538587, 0.6654479722025719, 0.5770365927266199, 0.6252712948240362, 0.5931161684164782, 0.6714144812277112, 0.5094422224487871, 0.6187076038375465]"
Mismatched-C-2,62627,4,False,False,True,"[0.5564434915403769, 0.6255445715194388, 0.6446719211756881, 0.5936173481203726, 0.64662971033079, 0.6231076135935125, 0.6405397134455129, 0.6353635631165864]"
Mismatched-C-2,63062,2,False,False,True,"[0.41642290552743993, 0.6165394989186386, 0.6890967215681845, 0.5146922662253095, 0.6088630346894921, 0.5856993823427572, 0.48666796777470467, 0.504727566360313]"
Mismatched-C-2,63247,3,False,False,True,"[0.5032987201876027, 0.607870983303798, 0.5023926757013688, 0.6519116647351137, 0.6362904981622779, 0.5786744005332605, 0.5792618698504861, 0.6048652714609226]"
Mismatched-C-2,63837,2,False,False,True,"[0.6238919554677074, 0.6393985512009586, 0.7667677511036641, 0.6383334643736078, 0.5820387030104708, 0.7453616278887873, 0.5350108678534047, 0.5696093540613258]"
Mismatched-C-2,63869,5,False,False,True,"[0.7743657626842297, 0.5685005215108915, 0.6693082082159781, 0.7523674277464307, 0.6200809835483843, 0.7797878278201813, 0.6373903206165219, 0.6405034431702507]"
Mismatched-C-2,64050,1,False,False,True,"[0.6734230671611299, 0.7480346958878058, 0.6878051655621736, 0.742719638003299, 0.6309213540983413, 0.7327128203792864, 0.7073534298736102, 0.6816498330893301]"
Mismatched-C-2,64148,4,False,False,True,"[0.5437288248344012, 0.5774498704348641, 0.6147073831445322, 0.5686811979978914, 0.6259434005133231, 0.5655438474332992, 0.570596743334714, 0.547442483217941]"
Mismatched-C-2,64195,2,False,False,True,"[0.5772607753162231, 0.48440721661039077, 0.687070161028423, 0.5681077703436674, 0.5146236121964122, 0.579964743229914, 0.5900911431434499, 0.5037245468310174]"
Mismatched-C-2,64262,4,False,False,True,"[0.6597574449698688, 0.5933784876076501, 0.7147820660535915, 0.6695533292184981, 0.7620200645694986, 0.6909691071895474, 0.6578990123445847, 0.7474448065585367]"
Mismatched-C-2,64417,5,False,False,True,"[0.6636219226784024, 0.661833383387528, 0.6952979057895058, 0.7161774807081274, 0.7015742807574148, 0.744618802904392, 0.5840732286750692, 0.6642539928438331]"
Mismatched-C-2,64547,4,False,False,True,"[0.44960562536755855, 0.5844357703247662, 0.4687362239341255, 0.5787563673757803, 0.6303214606646117, 0.5375221630747227, 0.5727457607103834, 0.6287160241532208]"
Mismatched-C-2,64783,1,False,False,True,"[0.6445017023917916, 0.6894118868027755, 0.5964032010131165, 0.6585960636910151, 0.641059766738614, 0.6322341184563742, 0.5896755991676792, 0.6297451321294706]"
Mismatched-C-2,64851,7,False,False,True,"[0.6224232989368326, 0.6162062499069545, 0.5381166527596923, 0.6286461089144504, 0.46549698237252474, 0.6236995736479714, 0.6292852845821526, 0.6582967358289873]"
Mismatched-C-2,64925,3,False,False,True,"[0.7604549416272554, 0.7081836045166299, 0.7083185482303056, 0.805850648698591, 0.682422791106539, 0.7247355513166985, 0.7068828468442057, 0.7787782666713154]"
Mismatched-C-2,65218,2,False,False,True,"[0.6005943378750036, 0.51544965057712, 0.644434780300954, 0.5953045600767776, 0.6327895501662963, 0.6320299019806186, 0.6048105052499815, 0.5830300108239603]"
Mismatched-C-2,65340,1,False,False,True,"[0.6548343507992473, 0.6884982930585575, 0.6883402223300139, 0.6835073249072356, 0.6201258349964043, 0.5952803053704533, 0.6523286168783462, 0.6307022537747944]"
Mismatched-C-2,65348,5,False,False,True,"[0.5421322039333447, 0.5605511675839123, 0.553528518166565, 0.5145763817199908, 0.5461147451721038, 0.5987794534336431, 0.5502599799768104, 0.4986122010916106]"
Mismatched-C-2,65417,5,False,False,True,"[0.6935222178613705, 0.6580994592659368, 0.6162589766151982, 0.6792608159235678, 0.6997631487160291, 0.7133932077430206, 0.6630667147645648, 0.6633430274636771]"
Mismatched-C-2,65553,7,False,False,True,"[0.6524920677842019, 0.6386573285533802, 0.6836115781772469, 0.5959212632048271, 0.7015486698386475, 0.6316868769884465, 0.6222406224315842, 0.7628646529813239]"
Mismatched-C-2,65609,3,False,False,True,"[0.52448088260366, 0.6024219741686757, 0.6047368522571751, 0.6385863972387842, 0.6172127586622034, 0.6062239628837627, 0.6361718944398214, 0.5493854537099563]"
Mismatched-C-2,65690,4,False,False,True,"[0.5167287409902286, 0.5561542503088179, 0.5784933591604738, 0.6549326219826866, 0.6657222080944696, 0.5908256285952607, 0.49348755943437644, 0.5812613626620662]"
Mismatched-C-2,65878,1,False,False,True,"[0.6715544972500944, 0.6926073588591868, 0.6294280550122309, 0.6819092477073886, 0.668458417801604, 0.5915843912464234, 0.6831676870522569, 0.5975909591308495]"
Mismatched-C-2,66058,1,False,False,True,"[0.7000383142293396, 0.7133201305153125, 0.5904122450506737, 0.5923958815865256, 0.5979461841518035, 0.6525532920065806, 0.5977838308736172, 0.6140623037362256]"
Mismatched-C-2,66209,2,False,False,True,"[0.7250121746020535, 0.678033858460492, 0.7330609120855595, 0.6444457838136226, 0.656251427401582, 0.6908261967095146, 0.6699803042556647, 0.7242087743657524]"
Mismatched-C-2,66269,6,False,False,True,"[0.5183104125296213, 0.39090589101788165, 0.5931864442055235, 0.5479391446067738, 0.5290385108647985, 0.5314310617499645, 0.6274307330493999, 0.51400109578678]"
Mismatched-C-2,66437,0,False,False,True,"[0.7105747167076869, 0.6479093523669595, 0.5871549033439456, 0.6552716006429378, 0.6875612233936299, 0.6269991599620035, 0.640823636599329, 0.5969253061131912]"
Mismatched-C-2,66512,3,False,False,True,"[0.6208615861733303, 0.5757297001979551, 0.6030481966894151, 0.7052104693791936, 0.5997769941230877, 0.5932063351685783, 0.5685448721738798, 0.6706312849819724]"
Mismatched-C-2,66559,6,False,False,True,"[0.6566528909244025, 0.6670200385023186, 0.5950199083615836, 0.661360336856047, 0.6435193133816783, 0.6407593566669969, 0.7025512195120752, 0.6466134221244401]"
Mismatched-C-2,66875,3,False,False,True,"[0.556386803103692, 0.5756866997238081, 0.5280140427170379, 0.5978806871805524, 0.5376904347906852, 0.5913512432463701, 0.590784260524877, 0.5846665034243508]"
Mismatched-C-2,67261,3,False,False,True,"[0.4983767311381415, 0.4108220188065461, 0.5121455961317423, 0.6274830720030621, 0.4443729646685103, 0.3533608662627986, 0.42825750196967705, 0.4371192271379947]"
Mismatched-C-2,67281,3,False,False,True,"[0.6561226313334079, 0.6289932984742639, 0.6427252105538674, 0.6842704313902072, 0.6348654844480399, 0.6352038909697029, 0.622898239825716, 0.5990440637897873]"
Mismatched-C-2,67361,3,False,False,True,"[0.6016753001567703, 0.6382192612443895, 0.6892941538278077, 0.6940823551623199, 0.5808590050077423, 0.6632784904473942, 0.6825545462766409, 0.6749345691589284]"
Mismatched-C-2,67444,1,False,False,True,"[0.6145470755449622, 0.6723367104143549, 0.6110415640105997, 0.6136661736671836, 0.5982577784870765, 0.6082664627147145, 0.49111879044376416, 0.6378394242280424]"
Mismatched-C-2,67673,7,False,False,True,"[0.6118198322241021, 0.5698541849417095, 0.6223914766801083, 0.6967206545652826, 0.6914570262607014, 0.6767804286752455, 0.5966174941152993, 0.7187528894206388]"
Mismatched-C-2,67708,4,False,False,True,"[0.6076760840527304, 0.6978570937411521, 0.6449012578212547, 0.6593342036866461, 0.7156337525069731, 0.6791506019961352, 0.6133994523603938, 0.6236868732853171]"
Mismatched-C-2,67899,1,False,False,True,"[0.6808196493107459, 0.6867455244635694, 0.6176362837196432, 0.6172133867623594, 0.5944356923131369, 0.6629803336397475, 0.6575589091332124, 0.6579385516126027]"
Mismatched-C-2,68121,1,False,False,True,"[0.548083227854719, 0.689019540144238, 0.5043438641449542, 0.684855679615568, 0.5175530801590681, 0.6192132009139328, 0.653090593246733, 0.47692748522105566]"
Mismatched-C-2,68127,7,False,False,True,"[0.5998541852532759, 0.582667608402726, 0.5646077604926304, 0.5827490985602792, 0.5876925725998345, 0.5736464466170665, 0.6253449614260811, 0.6309885363785532]"
Mismatched-C-2,68173,7,False,False,True,"[0.5952468724426292, 0.6799186126877454, 0.6928728041314793, 0.7065637657036422, 0.622187406663872, 0.6811091708974667, 0.6786382523145931, 0.7510982649618508]"
Mismatched-C-2,68193,5,False,False,True,"[0.7155174619971658, 0.6694596313764327, 0.6499662998452509, 0.6719225816542873, 0.7257844601599032, 0.7331315750648632, 0.6140148435554517, 0.6196730410952704]"
Mismatched-C-2,68287,6,False,False,True,"[0.6179520275943311, 0.6250978028720778, 0.6442737914501129, 0.618829996092221, 0.6699623999235103, 0.641075901523354, 0.6949460881794938, 0.6366353989255219]"
Mismatched-C-2,68394,0,False,False,True,"[0.7665492254951067, 0.6593277018585542, 0.6320608619117074, 0.5787388578506398, 0.606773432545292, 0.5698964505405193, 0.6872653006373426, 0.6146079929402494]"
Mismatched-C-2,68473,7,False,False,True,"[0.32739847946617606, 0.5310942210128202, 0.5387453960277782, 0.5338993050265868, 0.4472341679797386, 0.49906614641590136, 0.5283705459309671, 0.5822839378739454]"
Mismatched-C-2,68532,4,False,False,True,"[0.5707006236683343, 0.5122085556439818, 0.546148974729573, 0.49986277766733245, 0.6426620268194525, 0.5163836085320606, 0.5756154554397581, 0.5364542430153945]"
Mismatched-C-2,68553,4,False,False,True,"[0.6761431340050241, 0.7113511035534836, 0.7087861501096093, 0.6594377964894724, 0.7284246979154807, 0.6506608565141836, 0.708429578960547, 0.7268973252892212]"
Mismatched-C-2,68819,7,False,False,True,"[0.5624646891662215, 0.5842950260460356, 0.5663396455702969, 0.6399738132898872, 0.5679510490984062, 0.6462039326892453, 0.5595436107123992, 0.6569663383666206]"
Mismatched-C-2,69085,5,False,False,True,"[0.671382230984592, 0.6515205014175705, 0.6504754684339932, 0.663360399627404, 0.6468324017960428, 0.6851703008415297, 0.6685914710950249, 0.655436468946099]"
Mismatched-C-2,69087,2,False,False,True,"[0.6447351637156387, 0.5390589469466824, 0.6659613342990982, 0.6019505793553241, 0.5199479141180872, 0.5466870983933786, 0.5383635309514001, 0.5894133434613722]"
Mismatched-C-2,69137,0,False,False,True,"[0.6323607273579324, 0.6243109253450686, 0.59835304968839, 0.5374958860525725, 0.559167220156692, 0.5319951273074096, 0.6126135758833404, 0.5794453889154423]"
Mismatched-C-2,69462,0,False,False,True,"[0.6844329058762306, 0.5261028665268336, 0.6007701347395327, 0.6400030314159526, 0.5868908978099066, 0.6024152334829048, 0.6251583486733445, 0.6215015523368494]"
Mismatched-C-2,69641,4,False,False,True,"[0.863733760753663, 0.864080114958814, 0.8524367508729335, 0.8309419442831848, 0.8743975036431063, 0.861572878995225, 0.8263810898803692, 0.8563269225580626]"
Mismatched-C-2,70279,5,False,False,True,"[0.6451690093179232, 0.5217845118342558, 0.5996739370267636, 0.4432657775626472, 0.5641875080754136, 0.7023306837907604, 0.5989007358783487, 0.5891635278671432]"
Mismatched-C-2,70372,7,False,False,True,"[0.6155948863711653, 0.6341255842095632, 0.6124001769866714, 0.6097886056303252, 0.3559195196667507, 0.6413323188288345, 0.5651926717527525, 0.6807661371750082]"
Mismatched-C-2,70496,5,False,False,True,"[0.6695467541384079, 0.7455733478221572, 0.7472094056257732, 0.6091234059017148, 0.7063401263471931, 0.7511225609250465, 0.7504838690561974, 0.6910894905336804]"
Mismatched-C-2,70765,2,False,False,True,"[0.6456821689420994, 0.6905843825612723, 0.7430256645334319, 0.6851023298178045, 0.6878537185178026, 0.6698724300569436, 0.6737348921616793, 0.6699769157440706]"
Mismatched-C-2,71264,4,False,False,True,"[0.6657638939815493, 0.6141017258486401, 0.658224021326532, 0.6679650283140477, 0.713856043260821, 0.6281183150880745, 0.6804248517241918, 0.6865485451713864]"
Mismatched-C-2,71624,7,False,False,True,"[0.5510168723579945, 0.6803780531834966, 0.5546610799931972, 0.5872913718101268, 0.5926005702480405, 0.5240800087342944, 0.6376266480485089, 0.6910319677634704]"
Mismatched-C-2,71735,1,False,False,True,"[0.6281873652019643, 0.637294213873751, 0.5897029526459718, 0.6363507223524609, 0.6179108790032882, 0.6156299445373106, 0.5703620855018976, 0.6344915817756124]"
Mismatched-C-2,72089,6,False,False,True,"[0.535286550201439, 0.5594157273173639, 0.5718609921108704, 0.5467427134146606, 0.5103719628623752, 0.5305509629643226, 0.5759912922983539, 0.45278299185288007]"
Mismatched-C-2,72151,3,False,False,True,"[0.7265070465021433, 0.7210708773699857, 0.7540860693795934, 0.7626448584197547, 0.6915585629937204, 0.7281027014031005, 0.7475076172687825, 0.7299492440833766]"
Mismatched-C-2,72389,5,False,False,True,"[0.6032261071995046, 0.6151865159821509, 0.6627385357171345, 0.6308031465549946, 0.6885469674092605, 0.6958415995947043, 0.6786421939644303, 0.6491999377930647]"
Mismatched-C-2,72527,1,False,False,True,"[0.661898412902881, 0.8204801005187399, 0.7717951868117616, 0.7718092678520999, 0.8121229309530906, 0.783668909244343, 0.8056568579488994, 0.7476417062308509]"
Mismatched-C-3,95,4,False,False,True,"[0.6889798835649914, 0.6595592868221829, 0.6655646358379892, 0.659262466375179, 0.6900632429024194, 0.6824241518527208, 0.6518467293655965, 0.653428223491201]"
Mismatched-C-3,204,4,False,False,True,"[0.7278904945168709, 0.6860156618488724, 0.6914984680809513, 0.7318377809603738, 0.74296920011583, 0.6767011489497282, 0.6966946981755604, 0.7403967752934144]"
Mismatched-C-3,318,4,False,False,True,"[0.5409076719251221, 0.6604990842108663, 0.5575224099133771, 0.6090736725663064, 0.7377172048010463, 0.6247963902544706, 0.6377054039232529, 0.6239550742789349]"
Mismatched-C-3,356,1,False,False,True,"[0.5744547516977458, 0.7167628918055213, 0.6772510364769739, 0.6320639498528544, 0.687057313870854, 0.6326977037605921, 0.6443797481130844, 0.7142366071961086]"
Mismatched-C-3,425,2,False,False,True,"[0.6547883911025423, 0.69222170759627, 0.7099944142203769, 0.7016503078104719, 0.6993184820609653, 0.5860528181541996, 0.6641532796845797, 0.6977165213376215]"
Mismatched-C-3,458,3,False,False,True,"[0.5808397199169104, 0.6680618355226198, 0.6309780599071455, 0.7049267282801754, 0.6258808614285345, 0.6945404639080646, 0.6719100915652304, 0.6218365606256053]"
Mismatched-C-3,637,4,False,False,True,"[0.41925315960729687, 0.5131438241732986, 0.5922794046835593, 0.49202840457378305, 0.6032329706160384, 0.5658176672132571, 0.42979944181383145, 0.5208154834064317]"
Mismatched-C-3,709,0,False,False,True,"[0.5476403262398866, 0.5358322468304558, 0.5263251537693946, 0.44863024785623334, 0.4986087667335021, 0.5035483136879221, 0.5218409460950211, 0.5017723484298616]"
Mismatched-C-3,868,6,False,False,True,"[0.53749668838774, 0.5611886194743472, 0.6204898092244631, 0.5533171020498758, 0.5589046905469791, 0.5746014041455578, 0.6464340511338782, 0.49283655891100087]"
Mismatched-C-3,1015,4,False,False,True,"[0.6831423076707226, 0.6281811834735169, 0.6921943080666053, 0.677159197634912, 0.742904027750954, 0.6836868102694692, 0.6990465962999518, 0.6026930485654749]"
Mismatched-C-3,1288,7,False,False,True,"[0.5674678498989385, 0.6391225369765909, 0.6706132895114738, 0.6311733042674981, 0.659881959278676, 0.5872246488819088, 0.6378573137935899, 0.6710383254535779]"
Mismatched-C-3,1589,3,False,False,True,"[0.6793607099522192, 0.670720928444995, 0.622397681943962, 0.722517915644135, 0.6546378638404207, 0.6588393939022904, 0.6859043577067572, 0.6764977278739434]"
Mismatched-C-3,1744,6,False,False,True,"[0.6414404709050971, 0.7019259340548016, 0.6169320398376568, 0.62721425734777, 0.6824537838225386, 0.6304427799028207, 0.730733558450349, 0.650307668734183]"
Mismatched-C-3,1818,4,False,False,True,"[0.5522803939503242, 0.5627760022628437, 0.6787607580876954, 0.6827818271179771, 0.7302562501291646, 0.6540514990231198, 0.5837742083527203, 0.6618984429371977]"
Mismatched-C-3,2070,3,False,False,True,"[0.4273926858217855, 0.5153689393092978, 0.523086340156546, 0.6078724792788741, 0.5550648108906628, 0.5045351429841306, 0.4875930894441418, 0.5516106300895829]"
Mismatched-C-3,2125,3,False,False,True,"[0.5821404185639562, 0.5913867562698443, 0.6163328716161434, 0.7132647865073568, 0.6074374260158463, 0.5003688185314897, 0.6197011072913391, 0.5966619834686931]"
Mismatched-C-3,2327,1,False,False,True,"[0.5778313479610508, 0.6129370694739487, 0.5970794399719281, 0.5966431896340046, 0.5922333845011571, 0.5533319543761411, 0.5520704232417526, 0.5678574358498809]"
Mismatched-C-3,2737,7,False,False,True,"[0.6306639021886187, 0.6307619753055271, 0.6231509526275918, 0.6291316340430493, 0.5843051415162659, 0.6335230635787166, 0.6338833235978516, 0.6342478984950811]"
Mismatched-C-3,2795,6,False,False,True,"[0.6715407651877013, 0.6418988023234172, 0.6279626265367229, 0.645127807031892, 0.6604769838883684, 0.6587270346136499, 0.6762935654676725, 0.6537473037920456]"
Mismatched-C-3,2980,6,False,False,True,"[0.7623261488661354, 0.7611427967999349, 0.7870795781198916, 0.7615093701488704, 0.7591957081480233, 0.7394517568799732, 0.788025639886107, 0.7749894618210963]"
Mismatched-C-3,3338,1,False,False,True,"[0.7360342673177773, 0.7885460633318846, 0.6024104284542557, 0.70981580456425, 0.6789894294245278, 0.6635088532932081, 0.7131815996525246, 0.6151046004932964]"
Mismatched-C-3,3344,5,False,False,True,"[0.5534313183014368, 0.5498597743936398, 0.39381781593474585, 0.5481955061867876, 0.5950587899208426, 0.5988156972480706, 0.4745168589076062, 0.4787155776191298]"
Mismatched-C-3,3368,3,False,False,True,"[0.6086403158582006, 0.6419066381319041, 0.6012820778413248, 0.6680919380718322, 0.6194585964243046, 0.621269910222932, 0.6202663393609735, 0.6297967772322172]"
Mismatched-C-3,3731,6,False,False,True,"[0.6241869934597035, 0.6403749771788854, 0.557924443337965, 0.6204294027566861, 0.6344513916224812, 0.5372473833101574, 0.6532250234653845, 0.5682390969061326]"
Mismatched-C-3,3803,3,False,False,True,"[0.5868111652644162, 0.4785865626083717, 0.6245807243331579, 0.7113640058645581, 0.6358728642313237, 0.6367882284948807, 0.6770180938080959, 0.6694295466521177]"
Mismatched-C-3,4292,5,False,False,True,"[0.5606676624850789, 0.6295772988951829, 0.5187600066712417, 0.6273790004759003, 0.6368022143258338, 0.7362525490070717, 0.6026776302177279, 0.6200028407820233]"
Mismatched-C-3,4409,6,False,False,True,"[0.49720557145396815, 0.6492577593045892, 0.5225637534838383, 0.6294287826140086, 0.6065894510211796, 0.6441455315164285, 0.6723711545039577, 0.5427671925688644]"
Mismatched-C-3,4476,2,False,False,True,"[0.630575648165629, 0.5657565128508437, 0.6633682136716793, 0.5489621093933739, 0.45329707476947423, 0.6038258223088185, 0.5327313322505312, 0.6123102490323613]"
Mismatched-C-3,4509,5,False,False,True,"[0.6193942819269103, 0.5808800346528737, 0.6248494208322444, 0.5921706626743071, 0.6589548385762017, 0.6811989684371793, 0.6102506004047338, 0.6674676652840474]"
Mismatched-C-3,4927,3,False,False,True,"[0.5369537961310278, 0.5449934174364413, 0.5435546264908373, 0.6050661220032182, 0.4352002619314389, 0.5403577269039631, 0.5551628278769449, 0.545904356161796]"
Mismatched-C-3,4967,2,False,False,True,"[0.6135369925437093, 0.6260695960615785, 0.6402523578567307, 0.6007118632245785, 0.6093840332294798, 0.6209134575117804, 0.5868632034171104, 0.6249481040738685]"
Mismatched-C-3,5340,4,False,False,True,"[0.6585093919865845, 0.7095145281514892, 0.5541408357526252, 0.686802715858092, 0.7158939172867993, 0.629865720196985, 0.6824608742975262, 0.6255774199291471]"
Mismatched-C-3,5582,2,False,False,True,"[0.6164156436405106, 0.6159672312637483, 0.6838192294386055, 0.6035080033836102, 0.6511768371910585, 0.6639227001333885, 0.573996526975855, 0.632636507609603]"
Mismatched-C-3,5656,4,False,False,True,"[0.6192951118658383, 0.5969518304069525, 0.5282824203652026, 0.5515622639594366, 0.6487219030932254, 0.5940975578871464, 0.6348523721325553, 0.5658245335831158]"
Mismatched-C-3,5683,7,False,False,True,"[0.6962144428892769, 0.630968184016656, 0.5691590060281467, 0.714951563406288, 0.6429176644173947, 0.5981884860074667, 0.6538058945489513, 0.7193911544119114]"
Mismatched-C-3,5790,7,False,False,True,"[0.6720103522379901, 0.7307002985110108, 0.669431568794508, 0.623865856994205, 0.6340140645047949, 0.7499902291336522, 0.6440479534041499, 0.76867617363037]"
Mismatched-C-3,5929,1,False,False,True,"[0.6254671975042635, 0.632046779653574, 0.5823470465088731, 0.6211843907197521, 0.5411808569723842, 0.5624581688639031, 0.5688242522824045, 0.42085293175797567]"
Mismatched-C-3,6315,5,False,False,True,"[0.5364914869963595, 0.5643249384926827, 0.5233785767631309, 0.6153877061539954, 0.5566854233828964, 0.6617873454972534, 0.4589131263296298, 0.5512414666174151]"
Mismatched-C-3,6360,4,False,False,True,"[0.6255369196277938, 0.5759641883568664, 0.5955620815447223, 0.6422713921136067, 0.7124990320855341, 0.6075317583999043, 0.5251980853109384, 0.6546765304052773]"
Mismatched-C-3,6454,4,False,False,True,"[0.6843574241068695, 0.6306563984279534, 0.7350760121666933, 0.7069770554376543, 0.7804713079878546, 0.7276737682063144, 0.7135596774684153, 0.7110244174068875]"
Mismatched-C-3,6603,4,False,False,True,"[0.6347482009701062, 0.6341764884447623, 0.6360172162738269, 0.5806252310509861, 0.6722533396724368, 0.6015568039327974, 0.6329841771155661, 0.5879504875119226]"
Mismatched-C-3,6750,0,False,False,True,"[0.7800110099800314, 0.722789252625432, 0.7571504918169358, 0.7293688959152556, 0.7620419560816958, 0.7135220086225903, 0.7313351692063295, 0.7169863384167909]"
Mismatched-C-3,6759,2,False,False,True,"[0.654975550653393, 0.6404120520473665, 0.6611425019551563, 0.6422604508501455, 0.6394010375029077, 0.6575005116595838, 0.6477498782220557, 0.6407132290975731]"
Mismatched-C-3,6770,6,False,False,True,"[0.690882466968825, 0.7000168317101597, 0.6664981804970787, 0.7401254274253599, 0.7092767123407838, 0.6874772708651755, 0.7448716061755342, 0.7019669564031363]"
Mismatched-C-3,6991,0,False,False,True,"[0.6735130937801677, 0.6477890743855008, 0.5748742611611639, 0.622017245194162, 0.5903561846191212, 0.5749523790061309, 0.5470337206095355, 0.6656374845893857]"
Mismatched-C-3,7306,1,False,False,True,"[0.6093855276750709, 0.7316115766358553, 0.6195973875734353, 0.7142588542324841, 0.7020517483728845, 0.6852328848113566, 0.6125731932599008, 0.679665628413162]"
Mismatched-C-3,7355,4,False,False,True,"[0.6026024159520573, 0.628112768285499, 0.6193146435110812, 0.6301976572232306, 0.6380323894781428, 0.5882956823381502, 0.5481927044746557, 0.6076693270566481]"
Mismatched-C-3,7899,6,False,False,True,"[0.5438329115888322, 0.6003619714027568, 0.5560492099953893, 0.5996819471131236, 0.4916009795193828, 0.6209365969715199, 0.6263656071005681, 0.5272403428811941]"
Mismatched-C-3,8061,2,False,False,True,"[0.5564315147284393, 0.4444756593919471, 0.6180907928803324, 0.5564356367424148, 0.5186242718597083, 0.5370136650146703, 0.539336079536942, 0.5368162850201126]"
Mismatched-C-3,8215,7,False,False,True,"[0.5175980170210506, 0.4650005970383133, 0.4258906971745523, 0.6355275471638409, 0.5667165221038978, 0.5994592573119009, 0.5217475785281964, 0.6732418521686299]"
Mismatched-C-3,8234,7,False,False,True,"[0.6689898109113237, 0.671137624852961, 0.7078086184349178, 0.5698634864166174, 0.66411550049565, 0.6200601912181803, 0.6750306210540462, 0.7080866446346706]"
Mismatched-C-3,8238,1,False,False,True,"[0.665855204886262, 0.73985778429617, 0.7127191311269543, 0.7071791707169415, 0.668459789288997, 0.6995256390689583, 0.6988801361539536, 0.6761445692207975]"
Mismatched-C-3,8275,7,False,False,True,"[0.6370002340370506, 0.5804390650275555, 0.5898496613049032, 0.5583141937662546, 0.6505152204471825, 0.6424866729111967, 0.7621682887218926, 0.8087342344279858]"
Mismatched-C-3,8367,6,False,False,True,"[0.6372406264647542, 0.6487600969303828, 0.6084223689803163, 0.6212665764683225, 0.6403095181756777, 0.6127074421970438, 0.6490604419793131, 0.6316599497736198]"
Mismatched-C-3,8828,3,False,False,True,"[0.5585437255807479, 0.5953577549685771, 0.6409739254355045, 0.6709507052846109, 0.6279902318454738, 0.6534490661525676, 0.5894562344881755, 0.605119960246937]"
Mismatched-C-3,8862,6,False,False,True,"[0.6535513952720053, 0.6388025776493145, 0.67993144078208, 0.6852684788349872, 0.6621225487945476, 0.5658278920602404, 0.686878216451434, 0.5622923679191223]"
Mismatched-C-3,8926,4,False,False,True,"[0.6411267460802381, 0.4583352198320093, 0.6487543977938065, 0.48675418430087336, 0.6643990913829155, 0.5585734073564287, 0.6447244564974294, 0.5179077283387601]"
Mismatched-C-3,9188,7,False,False,True,"[0.6680274361907566, 0.6647885812786944, 0.7046499606410892, 0.6708421867249748, 0.6727808385220199, 0.7041757317771418, 0.6835530657851102, 0.7063250600764162]"
Mismatched-C-3,9298,5,False,False,True,"[0.5120667123597863, 0.5639278679807178, 0.5742086340433288, 0.593717958795267, 0.6207258459326548, 0.6395385503130231, 0.632580905022103, 0.5607207828284411]"
Mismatched-C-3,9376,4,False,False,True,"[0.6408150723415106, 0.6500393289943085, 0.6393415084733485, 0.647801716609745, 0.6577276289884375, 0.6221434729660206, 0.6550706244015295, 0.6462457488248493]"
Mismatched-C-3,9712,4,False,False,True,"[0.5349206347297817, 0.6314910407404255, 0.6148948994541421, 0.5191759123375497, 0.7168354546479293, 0.6461280343774518, 0.6963096849468566, 0.6458352174875777]"
Mismatched-C-3,9877,2,False,False,True,"[0.6549057270406948, 0.628899126500486, 0.6730555485085417, 0.6083242652612421, 0.6145888035125721, 0.6049032515089455, 0.6319589483603996, 0.6302530953208549]"
Mismatched-C-3,10115,4,False,False,True,"[0.5847007793675281, 0.6551817357321563, 0.44849167163593495, 0.6612283337017427, 0.6783628598231766, 0.48142449999448556, 0.6399808912662631, 0.571491390825106]"
Mismatched-C-3,10191,2,False,False,True,"[0.6713611103960386, 0.644118196947926, 0.6899087382442406, 0.6472197783516798, 0.6660444647309591, 0.6210123874372595, 0.5971544330392966, 0.6086499631289827]"
Mismatched-C-3,10361,4,False,False,True,"[0.5543414754057294, 0.5924307581765323, 0.6250676960073244, 0.6216939699360653, 0.6658541019223312, 0.6371852600111132, 0.5704211224321358, 0.4959611423022766]"
Mismatched-C-3,10602,2,False,False,True,"[0.6062068077421647, 0.6054194078732926, 0.6417878965133219, 0.6003229323277189, 0.6149262066422463, 0.5788119281334776, 0.6148096395795842, 0.6319109140939413]"
Mismatched-C-3,10622,0,False,False,True,"[0.7548491293130462, 0.7045833313046936, 0.7487057197845948, 0.6318447665189932, 0.7226214381435689, 0.675634668404631, 0.7295593886984765, 0.6812099951531079]"
Mismatched-C-3,11050,4,False,False,True,"[0.5661619499393202, 0.535273672722403, 0.6353842804716443, 0.5851844196583452, 0.6904070646620886, 0.6632164660115542, 0.66853941495546, 0.6056745500891634]"
Mismatched-C-3,11274,5,False,False,True,"[0.6647645809238384, 0.6932626124327927, 0.7075854983675594, 0.6172001437050507, 0.6658335559414708, 0.7267139022799374, 0.7009062066975597, 0.6835105940757075]"
Mismatched-C-3,11493,3,False,False,True,"[0.5834002491056589, 0.6446447628019645, 0.6188400567941874, 0.6826961018196442, 0.559678620304745, 0.5913895061964602, 0.5309071229785726, 0.5543597125357306]"
Mismatched-C-3,11757,4,False,False,True,"[0.6392488486258583, 0.6202179307087623, 0.616872541616008, 0.6350873619538375, 0.6506748210535762, 0.6489326453795288, 0.5851837224327152, 0.5636345766178815]"
Mismatched-C-3,11886,4,False,False,True,"[0.676308349725802, 0.6781546255238304, 0.6880237098128104, 0.6539092066697251, 0.6960090646835124, 0.6662409289979468, 0.6219126514309166, 0.6468619751906683]"
Mismatched-C-3,12122,1,False,False,True,"[0.6627463477846237, 0.7070545713097279, 0.6556378700754852, 0.6297941123272017, 0.6624783343866412, 0.6499364018688512, 0.5996287294205342, 0.6828301362679796]"
Mismatched-C-3,12225,5,False,False,True,"[0.6834605804919421, 0.7257970131829921, 0.6124694234336743, 0.6379625273309086, 0.5312832036476575, 0.7327267513706598, 0.7201219091650768, 0.6399526939583686]"
Mismatched-C-3,12292,4,False,False,True,"[0.47864654757964403, 0.546777241587687, 0.5644164358719888, 0.5810308451725908, 0.5829308021836622, 0.5320022770278736, 0.5342032554519514, 0.5315948978066243]"
Mismatched-C-3,12340,6,False,False,True,"[0.5378701516373477, 0.5457429012676398, 0.5427770130044393, 0.4859912482054096, 0.5449513327224716, 0.5337373136789361, 0.5879860750318059, 0.5752857509757977]"
Mismatched-C-3,12386,0,False,False,True,"[0.5875138204673362, 0.4986562043964383, 0.5654329859336981, 0.5651332749186944, 0.5779826050062851, 0.5688726198120773, 0.5774369486831997, 0.5439236858523386]"
Mismatched-C-3,12597,2,False,False,True,"[0.5027515425731897, 0.645267417956574, 0.6510255402981334, 0.6228303236634825, 0.6132988115757193, 0.6179959630622924, 0.5787416361502686, 0.5655259685706868]"
Mismatched-C-3,13041,1,False,False,True,"[0.6444549783379818, 0.735544254163206, 0.6465950651520869, 0.619066489394797, 0.6247469693881269, 0.6778455822490149, 0.6821542350794756, 0.7123824955310076]"
Mismatched-C-3,13134,6,False,False,True,"[0.495061969834411, 0.5136010558616171, 0.5400831477368473, 0.5520745906747793, 0.5638700076875175, 0.5507917730260503, 0.6074297399228262, 0.4994257867497548]"
Mismatched-C-3,13223,7,False,False,True,"[0.5778445880030729, 0.5934606858466209, 0.6278632888915971, 0.47662751377536716, 0.5936382344542869, 0.6045106305160513, 0.5638298764338224, 0.6548645919203565]"
Mismatched-C-3,13298,3,False,False,True,"[0.6777884322616938, 0.6327036389079447, 0.6392150357994273, 0.7141649140786026, 0.6988334449153579, 0.6609920293238463, 0.7103474416096552, 0.6567271082822279]"
Mismatched-C-3,13587,4,False,False,True,"[0.6795317126122722, 0.5577181085552485, 0.616150606988423, 0.6306151780406655, 0.6832895344021461, 0.6415646740264837, 0.5774781067183354, 0.5966201728511551]"
Mismatched-C-3,13703,2,False,False,True,"[0.6883820435309362, 0.7076322418248087, 0.7725611338592921, 0.680072720921439, 0.6682889439007953, 0.7152240474729104, 0.7380523771067162, 0.7282394303167397]"
Mismatched-C-3,13741,1,False,False,True,"[0.6674603560205075, 0.6853965120051384, 0.6409071654212654, 0.6196751501993785, 0.5467324936233575, 0.576255252093976, 0.6467891171503214, 0.6487823577911788]"
Mismatched-C-3,13749,1,False,False,True,"[0.6263637440130122, 0.7260750609752056, 0.6209563664510891, 0.6768243781294567, 0.5977523598305453, 0.5839630768458768, 0.7044425771290341, 0.548300192350581]"
Mismatched-C-3,13826,2,False,False,True,"[0.519671810161077, 0.6105364348779707, 0.6286961470945731, 0.5374408624269934, 0.5285067568601931, 0.6109454191943786, 0.5601877823539427, 0.6134966406180233]"
Mismatched-C-3,13842,0,False,False,True,"[0.8116753789443344, 0.7936850312941723, 0.7990562423296721, 0.7873017288849689, 0.7990558292036791, 0.7871314010208006, 0.7822165752141361, 0.8051427552939929]"
Mismatched-C-3,13879,6,False,False,True,"[0.5304790413432634, 0.5482469689647076, 0.5977202039763636, 0.5175786430187996, 0.5553148480593691, 0.6269148774550366, 0.6597543125349059, 0.626574037572793]"
Mismatched-C-3,13895,4,False,False,True,"[0.5645497444520494, 0.5701704876439322, 0.5850020834288305, 0.6039146012885825, 0.6582499540517521, 0.5142540478956165, 0.5153566698728603, 0.5404986091075499]"
Mismatched-C-3,13938,0,False,False,True,"[0.7059646923955651, 0.6601065246991848, 0.6470077260541155, 0.6800036060710979, 0.6797190785977103, 0.6807105914875439, 0.7016963413215845, 0.6872520514981135]"
Mismatched-C-3,14049,2,False,False,True,"[0.6633160830751116, 0.6844562481785361, 0.7374911278276366, 0.6864740606534483, 0.6899362359328987, 0.7100068576561142, 0.6637192106626122, 0.6778194449840055]"
Mismatched-C-3,14170,4,False,False,True,"[0.6970836034295278, 0.6749689329611175, 0.6623819346756928, 0.6938733121834131, 0.7002450694853535, 0.6648566344840418, 0.6377413383009138, 0.670204374046417]"
Mismatched-C-3,14245,2,False,False,True,"[0.6283233552517105, 0.6307896178243977, 0.6964386036279964, 0.6394214032204342, 0.6758106215212338, 0.650027725058612, 0.693450679958606, 0.6890843376797247]"
Mismatched-C-3,14274,1,False,False,True,"[0.7079657202290315, 0.7131459245114526, 0.664463751116816, 0.67980165367669, 0.6405069256362159, 0.7067445583560892, 0.5986588151438632, 0.6725016063671585]"
Mismatched-C-3,14728,6,False,False,True,"[0.6959011680575501, 0.6130541280342346, 0.6614355626621042, 0.698795935302289, 0.6502491101584309, 0.6173298699077538, 0.7025709278534773, 0.6142625359276853]"
Mismatched-C-3,15068,1,False,False,True,"[0.6484040482019526, 0.6828068200763372, 0.6567640017192382, 0.6614848254454058, 0.6454127567475444, 0.655299585762934, 0.6310886489271565, 0.6492104670752493]"
Mismatched-C-3,15181,2,False,False,True,"[0.6918490501497501, 0.6923048796789739, 0.7320781398700713, 0.6461515372071536, 0.6621499098275168, 0.6809507336828236, 0.6667631554937653, 0.7263331723122608]"
Mismatched-C-3,15182,4,False,False,True,"[0.48651622916433723, 0.482559791021933, 0.513205161642151, 0.5657626934904958, 0.601484515670239, 0.5643179177316766, 0.5003297906101356, 0.5603927533576142]"
Mismatched-C-3,15191,2,False,False,True,"[0.5378124332472224, 0.5024388866891877, 0.6945813005938485, 0.5463634818871655, 0.5963700510685217, 0.6168743732440474, 0.5522031399557844, 0.6650788744023085]"
Mismatched-C-3,15274,2,False,False,True,"[0.6471846866371156, 0.7378217811241059, 0.7662714237826072, 0.7583752647244872, 0.7160480218510243, 0.6793106133344899, 0.7551873252073121, 0.689670446920275]"
Mismatched-C-3,15386,6,False,False,True,"[0.5273112015866449, 0.5494889709250207, 0.5452522450957185, 0.5467705871785243, 0.5541468297234302, 0.5110027357486283, 0.5862314553548623, 0.5319864532878594]"
Mismatched-C-3,15438,7,False,False,True,"[0.6000421183917719, 0.5939133753114397, 0.6116484944531866, 0.578615085574633, 0.5927297581030746, 0.6473173517123856, 0.6603717477489413, 0.6657812778990992]"
Mismatched-C-3,15516,0,False,False,True,"[0.46807201501274526, 0.3637039084758782, 0.4272914550557937, 0.4310752065252436, 0.32803137698085466, 0.39367560462112533, 0.3989452609385339, 0.45612999720026504]"
Mismatched-C-3,15631,0,False,False,True,"[0.6996153156686253, 0.6408248857437768, 0.6418846374345653, 0.609558862961732, 0.6482956032698062, 0.6646721545007522, 0.6742121880583749, 0.5733356068838102]"
Mismatched-C-3,15632,2,False,False,True,"[0.5660540952174754, 0.5975531923931987, 0.6402307691784557, 0.6078551274668287, 0.5241249470915611, 0.5891449350553946, 0.6049623234201544, 0.5700169762312961]"
Mismatched-C-3,15865,6,False,False,True,"[0.6905051970231318, 0.6618689085931155, 0.6619446530991566, 0.6298666931033559, 0.7073952214004332, 0.6483524882611205, 0.8270348308962809, 0.655016987718303]"
Mismatched-C-3,15898,7,False,False,True,"[0.6809602024837071, 0.6959079017998387, 0.688692125631029, 0.5782975735379381, 0.6373542143044835, 0.6836999816790061, 0.6253969069369307, 0.6970363977684746]"
Mismatched-C-3,15953,3,False,False,True,"[0.6040628269946771, 0.6571160710941915, 0.6558054427571578, 0.6806418892817161, 0.6275297078187001, 0.6595601469150293, 0.6564104420177653, 0.5718638755167076]"
Mismatched-C-3,15985,1,False,False,True,"[0.5281253639529487, 0.6608118597738324, 0.5580105864342371, 0.4907391316313402, 0.6342981641911276, 0.5128546832065697, 0.5929783463050942, 0.5496315592725596]"
Mismatched-C-3,16251,5,False,False,True,"[0.6279249406003069, 0.5482136320529203, 0.5739103564488099, 0.6361827448588373, 0.5738951457653081, 0.6764852606080398, 0.6002642347731919, 0.6194251587913981]"
Mismatched-C-3,16424,1,False,False,True,"[0.6216387928705387, 0.7283852966080435, 0.5899154437653713, 0.6836459201183698, 0.6786059597797341, 0.6511053474505304, 0.6398205107433387, 0.6891305408247259]"
Mismatched-C-3,16525,1,False,False,True,"[0.6476867388061263, 0.7346675462315448, 0.6894711031315459, 0.6791270309487427, 0.659146800457854, 0.6165870226208956, 0.649594862075398, 0.6572976055694268]"
Mismatched-C-3,16625,4,False,False,True,"[0.6494735177514044, 0.6453891678665995, 0.7047537598353537, 0.6656433303412133, 0.7297507840037758, 0.610227655424195, 0.7103936937257723, 0.6822813662836844]"
Mismatched-C-3,16718,2,False,False,True,"[0.6407379604464478, 0.6756246078524967, 0.7173204063761287, 0.6794424109546295, 0.597995602465442, 0.6569103612694056, 0.6442442221171021, 0.6372350188640235]"
Mismatched-C-3,16800,2,False,False,True,"[0.6585768956320135, 0.6237604866901478, 0.7028360628674908, 0.6395184559217666, 0.6604450996987631, 0.6610345515858914, 0.6698696413419821, 0.6265294058535162]"
Mismatched-C-3,17017,6,False,False,True,"[0.510763752162724, 0.5149605419505139, 0.633249054426434, 0.5148322730747703, 0.6200009022540065, 0.5655219747133289, 0.6371623810471234, 0.5533254224649482]"
Mismatched-C-3,17605,6,False,False,True,"[0.5899736079659557, 0.5293174734902995, 0.4549211320820953, 0.5778134238878925, 0.5874865097972053, 0.5339063776903911, 0.6335481038992248, 0.6136530647628431]"
Mismatched-C-3,17651,1,False,False,True,"[0.646228899218855, 0.6811892657381033, 0.5577841993850827, 0.6203296944765526, 0.6279450536432015, 0.6739903688092536, 0.666603753009056, 0.6270367397332561]"
Mismatched-C-3,17795,0,False,False,True,"[0.6663336191665512, 0.6316663879103293, 0.6335074609629034, 0.6339457749835392, 0.5254594263742474, 0.6206075467903336, 0.5391714434662513, 0.6562024770481267]"
Mismatched-C-3,17843,5,False,False,True,"[0.5477313167480264, 0.5962118308157389, 0.525192973394411, 0.5461057567923662, 0.5264733026543555, 0.6013460956367831, 0.570604185781305, 0.5638710721960949]"
Mismatched-C-3,17865,6,False,False,True,"[0.7029016476831853, 0.7072554535639118, 0.6693933367868323, 0.7268139400227221, 0.7181789853280629, 0.6967044040917267, 0.7503098248630042, 0.7271270605596158]"
Mismatched-C-3,17946,2,False,False,True,"[0.678330910841928, 0.6573512136696094, 0.7309343301554954, 0.5897719810784425, 0.6323621248934945, 0.7305844425343733, 0.6505427518437872, 0.6959465907472208]"
Mismatched-C-3,17987,2,False,False,True,"[0.5033428301692037, 0.519109490256727, 0.5711725517412355, 0.516828235631242, 0.49071076604384867, 0.5030445427335005, 0.5456165989560662, 0.532922389103453]"
Mismatched-C-3,18115,2,False,False,True,"[0.5597477582376013, 0.5661681030113208, 0.6019510543631847, 0.5131769345993469, 0.5700503704020364, 0.5892450728838297, 0.48707270331579533, 0.585554270759153]"
Mismatched-C-3,18159,1,False,False,True,"[0.46860512967393564, 0.624348741174493, 0.5687283184936969, 0.5672749230451752, 0.5720193197763094, 0.5466654380595297, 0.57038987448587, 0.5346915044774854]"
Mismatched-C-3,18170,7,False,False,True,"[0.6745942537941186, 0.5453287523196935, 0.5669712679270269, 0.6526524891122527, 0.6403954904682865, 0.5992894270017398, 0.5789554885499961, 0.6901609735177343]"
Mismatched-C-3,18556,4,False,False,True,"[0.729170273259589, 0.7555818126293504, 0.728764185961446, 0.6805419318396466, 0.7590142889313678, 0.7094791389514419, 0.7499372799738935, 0.7450676321184351]"
Mismatched-C-3,18888,7,False,False,True,"[0.48420814305612403, 0.5497051050126909, 0.5013477857299996, 0.5527241556949745, 0.5566912762399381, 0.49861149519464754, 0.5809469647228229, 0.58313712486306]"
Mismatched-C-3,18960,7,False,False,True,"[0.5599754853030603, 0.598006676720248, 0.5991254889769435, 0.6088193444189809, 0.5660757840735222, 0.5467211710190572, 0.6028469564047494, 0.6717198669077342]"
Mismatched-C-3,19331,6,False,False,True,"[0.7435703461036793, 0.7259144690966406, 0.7525672874802736, 0.734652337634693, 0.7460361507857496, 0.755875340756845, 0.7654307560920792, 0.745676440669749]"
Mismatched-C-3,19471,4,False,False,True,"[0.670775123127487, 0.6641328082352975, 0.623277709253863, 0.6492091045194596, 0.6836861194840167, 0.6269906762115285, 0.6836211423830092, 0.6114996745911132]"
Mismatched-C-3,19593,5,False,False,True,"[0.5679304053122272, 0.591652798119944, 0.6303908613615448, 0.6599777606437556, 0.6552112950529938, 0.6906738777343526, 0.6670920828146948, 0.6348436619196103]"
Mismatched-C-3,19605,7,False,False,True,"[0.4605627333315654, 0.45887657790031944, 0.50933258139726, 0.44772364082749627, 0.399038943152244, 0.4856894369096986, 0.448623179781534, 0.5338978385079931]"
Mismatched-C-3,20013,2,False,False,True,"[0.6348554521765273, 0.6163142154771427, 0.6592619752456369, 0.5730041967570902, 0.4611471007814213, 0.5146440472651239, 0.5644758361417277, 0.5571361169399681]"
Mismatched-C-3,20072,0,False,False,True,"[0.6590128788687666, 0.6588873289680883, 0.5991795517029921, 0.6209655137475568, 0.5681132040456631, 0.6318584563037517, 0.6584641978501873, 0.6178102440667953]"
Mismatched-C-3,20317,0,False,False,True,"[0.6868530382346378, 0.6207836259631779, 0.6769094786477031, 0.6459060897180122, 0.6843067365443567, 0.5952717551767281, 0.5990130066541027, 0.6187620561355089]"
Mismatched-C-3,20380,7,False,False,True,"[0.41774120502943124, 0.6027295769262377, 0.6287407015857015, 0.6345743757150113, 0.640775398216693, 0.5687194008274, 0.3544966542359579, 0.7517354765793729]"
Mismatched-C-3,20520,6,False,False,True,"[0.5277087416435129, 0.5346099030749091, 0.6443243076609562, 0.4729682532829574, 0.5942665521999251, 0.5903304096211142, 0.6471171501297327, 0.5924130761512472]"
Mismatched-C-3,20545,1,False,False,True,"[0.5543474510926764, 0.6754675870599918, 0.5863008945104635, 0.6041515825449051, 0.6589740547749878, 0.5438109725504536, 0.5184491263603662, 0.5562159621732592]"
Mismatched-C-3,20863,0,False,False,True,"[0.5672002658771114, 0.5306575987325446, 0.48829705824430825, 0.536085112984275, 0.49143640473900496, 0.5348634123687137, 0.521584793351481, 0.5500120902240562]"
Mismatched-C-3,20882,2,False,False,True,"[0.5989102685972487, 0.5874071702098853, 0.6121022686810276, 0.5988439450103962, 0.5825120744783627, 0.6074966486664237, 0.577490945914042, 0.5678018712599568]"
Mismatched-C-3,20904,0,False,False,True,"[0.6929656680469242, 0.6143902582693288, 0.6214386227372756, 0.6639158185804874, 0.670865403493937, 0.6442601164705437, 0.6141209848806174, 0.6086158350617668]"
Mismatched-C-3,21295,4,False,False,True,"[0.598467705583108, 0.652765482819659, 0.6368794680142114, 0.6003994769506951, 0.6548907501217429, 0.5890798602356796, 0.5928773746011844, 0.631935298536455]"
Mismatched-C-3,21414,4,False,False,True,"[0.6598830351977931, 0.6475226534600809, 0.7115722832073315, 0.6494172518274708, 0.7167349870451722, 0.6932317733444634, 0.6739707607804462, 0.6272728974865538]"
Mismatched-C-3,21436,0,False,False,True,"[0.8134687442764804, 0.81286066940416, 0.7552878177785768, 0.5642952598318225, 0.663161510404195, 0.6386647947178699, 0.8003367654975728, 0.704972637939836]"
Mismatched-C-3,21558,3,False,False,True,"[0.7130664868562928, 0.6513391649917083, 0.6784364848451032, 0.7385114097404155, 0.7131726255339115, 0.64546455284894, 0.6582607024915708, 0.6730443731625046]"
Mismatched-C-3,21887,4,False,False,True,"[0.566819580614353, 0.5474607163764835, 0.5245324352595268, 0.6127139343779915, 0.6204875926387872, 0.5581195653181291, 0.616173468400323, 0.6037888535052831]"
Mismatched-C-3,22215,3,False,False,True,"[0.6134430432519398, 0.518295263077447, 0.59159327073672, 0.6312682106150257, 0.6064644637467957, 0.6111699883943329, 0.5807954496669814, 0.6156959312967365]"
Mismatched-C-3,22299,4,False,False,True,"[0.6360973868874162, 0.664502762202122, 0.6156860036342711, 0.6479042558564094, 0.6799083993863471, 0.6146629557206515, 0.5991589263354896, 0.5716827645155418]"
Mismatched-C-3,22303,0,False,False,True,"[0.6312726205660864, 0.6090966100401902, 0.5988667564220109, 0.5918972074867046, 0.6100937731134668, 0.6150726139043012, 0.5353260815513456, 0.5432405458392683]"
Mismatched-C-3,22452,1,False,False,True,"[0.604294496891096, 0.6828161364183611, 0.47971136284392846, 0.6425802695116833, 0.6400611733147992, 0.6343840024496992, 0.6557535416980471, 0.6782499162153008]"
Mismatched-C-3,22793,4,False,False,True,"[0.6101157025189274, 0.6137358397690225, 0.6372317296200071, 0.6082930125108106, 0.6596162821575832, 0.6340709319338, 0.6357916743560464, 0.5765663056814162]"
Mismatched-C-3,22803,6,False,False,True,"[0.7294359234468175, 0.6862255457107544, 0.6351373187523914, 0.7015115713389727, 0.7555749250950996, 0.7461006077077008, 0.7662353792498846, 0.6113431426017406]"
Mismatched-C-3,22924,7,False,False,True,"[0.49745908654058424, 0.5611986993148885, 0.5086903743542905, 0.5327089956536183, 0.48310052659522984, 0.5658720273259308, 0.5214995378848013, 0.5726398683104746]"
Mismatched-C-3,23314,0,False,False,True,"[0.7338688177633399, 0.6802731769240493, 0.7245835733571632, 0.6868771113790548, 0.6984469235692774, 0.6514133826866715, 0.7130064132413524, 0.6581919308689677]"
Mismatched-C-3,23445,4,False,False,True,"[0.6196686592073741, 0.5823796913144561, 0.6007805108467398, 0.537559883120265, 0.7016481237361551, 0.5961421160885049, 0.5218885081976807, 0.5898688590756853]"
Mismatched-C-3,23479,5,False,False,True,"[0.6545965328642153, 0.49476475697499134, 0.5971711586749402, 0.6631209008251604, 0.7021216019658713, 0.7118060233585171, 0.6059525608548141, 0.6709895535688513]"
Mismatched-C-3,23623,1,False,False,True,"[0.49607638311214886, 0.5599599443827132, 0.40174585383987327, 0.5274589085742255, 0.5481331388186319, 0.4224451157220477, 0.5204802115121038, 0.38258312914072723]"
Mismatched-C-3,23633,0,False,False,True,"[0.6879274959921153, 0.5523906350151438, 0.5856635973987039, 0.6258806630636138, 0.6075061144389398, 0.6637080662158192, 0.5896252260675645, 0.619970264948308]"
Mismatched-C-3,23642,3,False,False,True,"[0.5500024269630256, 0.590429698156441, 0.6314963218107479, 0.6506406913297357, 0.6352815271576644, 0.5799543861644371, 0.5353079276821748, 0.647990432140185]"
Mismatched-C-3,23803,5,False,False,True,"[0.6362197104900074, 0.6612520524237308, 0.629982041494482, 0.6291918867443989, 0.6357347837216167, 0.6754032447793153, 0.6748356616950161, 0.5609036628949327]"
Mismatched-C-3,24062,0,False,False,True,"[0.6398124722847274, 0.6123446170389014, 0.4992213479069997, 0.5558554735976466, 0.5743602438721283, 0.5734147590391527, 0.44354450774350845, 0.5059051528694991]"
Mismatched-C-3,24103,6,False,False,True,"[0.7406696284873672, 0.7334211755065079, 0.6861455880960768, 0.6834135605681235, 0.745130317199332, 0.7121308922941187, 0.7905307186933972, 0.6688999218488243]"
Mismatched-C-3,24306,4,False,False,True,"[0.621187657691252, 0.62458362227429, 0.6000794792106245, 0.618080794717337, 0.6413906232787141, 0.5647096706846001, 0.6273254938764232, 0.6164728864778825]"
Mismatched-C-3,24700,3,False,False,True,"[0.6147565436925714, 0.6570053611142729, 0.6602343026384057, 0.6751422885656794, 0.5464265308097922, 0.6597810136361713, 0.5659470297346805, 0.6112002342134368]"
Mismatched-C-3,24790,7,False,False,True,"[0.489877984092217, 0.5614573181779698, 0.4119889023244174, 0.3419869624648497, 0.5542859405627724, 0.47252389824694085, 0.3749142214086537, 0.5727920206684081]"
Mismatched-C-3,25150,4,False,False,True,"[0.6312585205144032, 0.614352462802114, 0.6399471152993663, 0.6408309593184083, 0.6643870915116379, 0.6533432784233342, 0.6259127068690132, 0.6339872136544481]"
Mismatched-C-3,25166,2,False,False,True,"[0.5865624847026283, 0.5505324478897421, 0.6767884576045231, 0.5941525031351886, 0.6482105612736822, 0.6272189012237785, 0.5931299673285488, 0.6104544457065606]"
Mismatched-C-3,25339,4,False,False,True,"[0.6641491899619445, 0.6254988894800363, 0.6563551778520547, 0.6933124101735766, 0.7027176250191423, 0.6986158848556415, 0.6297447283894686, 0.6947922851437875]"
Mismatched-C-3,25360,7,False,False,True,"[0.6990176837894428, 0.5945673197610217, 0.5887828003623663, 0.6568867866945067, 0.5468000441259242, 0.7172996744031843, 0.6568522631559397, 0.7302048297805168]"
Mismatched-C-3,25374,5,False,False,True,"[0.7708724090814709, 0.7377412973860613, 0.757844469813481, 0.7408936589799661, 0.7135424144642569, 0.784934318161018, 0.6039711829920957, 0.7385714679262683]"
Mismatched-C-3,25447,7,False,False,True,"[0.6091885473155518, 0.6720952348194167, 0.6940188494435786, 0.678881553336687, 0.661451789421384, 0.6785725757781499, 0.6804969869552776, 0.7164480394968133]"
Mismatched-C-3,26070,0,False,False,True,"[0.6321158164695866, 0.5876803504776456, 0.5369831011025435, 0.5625111278034793, 0.6145416000428499, 0.6301203184837374, 0.6040374413627202, 0.597321602762102]"
Mismatched-C-3,26146,7,False,False,True,"[0.60387487253919, 0.6251053774825686, 0.6245823718891168, 0.6513602657725421, 0.5734210547911589, 0.644888313219109, 0.65939647430474, 0.684113224037559]"
Mismatched-C-3,26419,2,False,False,True,"[0.6487003971480553, 0.6556620156799298, 0.6934622376079964, 0.6415724969883971, 0.6217871576219399, 0.6628475708516808, 0.5845863950120017, 0.6340870235254521]"
Mismatched-C-3,26519,3,False,False,True,"[0.49615688002710034, 0.3603467491742463, 0.5252955304096579, 0.5977671539737712, 0.47137542451373826, 0.4836321353134021, 0.45980574616452385, 0.48960968439878827]"
Mismatched-C-3,26535,4,False,False,True,"[0.5920655531282075, 0.5728227120565454, 0.5391765027423732, 0.5600773353785437, 0.6532383908138865, 0.612603148080534, 0.6508627710654434, 0.6184737670565986]"
Mismatched-C-3,26749,0,False,False,True,"[0.7091937297200563, 0.6996125376753525, 0.6552209519301677, 0.7032530003265507, 0.6974627563230843, 0.6983476571912679, 0.6900420256964754, 0.7065205704913249]"
Mismatched-C-3,27131,5,False,False,True,"[0.6267665454081814, 0.584879607383856, 0.5517850697957581, 0.6092253628307354, 0.667387648152059, 0.6853644099485513, 0.6230037783629188, 0.6610753517590365]"
Mismatched-C-3,27196,3,False,False,True,"[0.5893931922948623, 0.6548423195052843, 0.703748334286294, 0.7382706385926524, 0.6480814285226683, 0.6687061687130498, 0.6817181680963227, 0.614228378577625]"
Mismatched-C-3,27240,6,False,False,True,"[0.6484109346419036, 0.6137741634141402, 0.6549700550835975, 0.5839021145175212, 0.632001098216346, 0.6475133434114861, 0.6553774415856275, 0.6347572496048122]"
Mismatched-C-3,27260,5,False,False,True,"[0.7175979148620266, 0.7307308480598146, 0.7152604768697082, 0.7046530496963295, 0.7279594538107685, 0.7696961273404861, 0.7096831524215417, 0.7040315865075436]"
Mismatched-C-3,27648,4,False,False,True,"[0.6809694750321352, 0.6718709857398129, 0.6573187050528182, 0.6852616306932457, 0.6927183716804076, 0.6758460556251009, 0.6842797398919795, 0.6847452772506935]"
Mismatched-C-3,27688,3,False,False,True,"[0.6486635708187445, 0.6538138539015728, 0.6574627253536267, 0.6648127653543954, 0.59690434751976, 0.6166364119752243, 0.6337000957325241, 0.6043852081687084]"
Mismatched-C-3,27781,1,False,False,True,"[0.5473435093258796, 0.6334417200630695, 0.5811606883195761, 0.581583806002484, 0.5912621046563822, 0.6090824723222539, 0.5970681347286653, 0.6186126088564071]"
Mismatched-C-3,28157,1,False,False,True,"[0.6593636152725826, 0.7128817831470675, 0.6377034338881233, 0.6349407051163157, 0.6132924529901527, 0.6703817026358289, 0.6979788621932665, 0.7016690492879557]"
Mismatched-C-3,28253,4,False,False,True,"[0.7068706924343509, 0.6513110389631286, 0.6833733751346602, 0.6934628084613321, 0.7270864074958568, 0.6602926249632476, 0.6216725746536826, 0.6031750800591411]"
Mismatched-C-3,28276,3,False,False,True,"[0.64613945309795, 0.5560116579683151, 0.6547363167942197, 0.6847199002831921, 0.6062784359891075, 0.6528796327719829, 0.6444580840141779, 0.6170632252347703]"
Mismatched-C-3,28309,2,False,False,True,"[0.6439826190804625, 0.6810795097675302, 0.7083085774683481, 0.6738907758767787, 0.6527848950446693, 0.6589161894488906, 0.6910936069185953, 0.7012635672801953]"
Mismatched-C-3,28511,4,False,False,True,"[0.7505245444718542, 0.775303319708122, 0.6980033607142091, 0.7699059939578453, 0.8252252782173198, 0.6262190478522704, 0.6881626303359212, 0.8000572762795437]"
Mismatched-C-3,28548,3,False,False,True,"[0.6284009889311934, 0.6278431650972323, 0.6556281464771689, 0.6958299342814789, 0.6541077241022448, 0.6908835080451439, 0.6459921662250587, 0.6935544778322067]"
Mismatched-C-3,28979,4,False,False,True,"[0.6019608389321239, 0.554075954898632, 0.5467800157397584, 0.5869069422992231, 0.6363164073288587, 0.5389429118214567, 0.601839956410799, 0.5893505372249765]"
Mismatched-C-3,29018,1,False,False,True,"[0.6133261579631939, 0.6310041097447983, 0.6303339540661704, 0.5829107876666273, 0.6040229262693013, 0.5423833058195728, 0.6262861073919479, 0.5402974632119721]"
Mismatched-C-3,29179,0,False,False,True,"[0.7555855682879931, 0.736210899752761, 0.7205241708393477, 0.6934887942890938, 0.7353104436311064, 0.7432059839791902, 0.6993483194721936, 0.7422996172460887]"
Mismatched-C-3,29221,0,False,False,True,"[0.7906130581600403, 0.7399584573978937, 0.7039234620745547, 0.7390743698392238, 0.7092764987178448, 0.7302622409805335, 0.7743784715906369, 0.7285401879825384]"
Mismatched-C-3,29400,0,False,False,True,"[0.7051235125264512, 0.6011409773851684, 0.6527077485113055, 0.6594037368719774, 0.5957943463660518, 0.6050710344544887, 0.6085138411533735, 0.6002084278901909]"
Mismatched-C-3,29511,6,False,False,True,"[0.6301128870514063, 0.6118214151325043, 0.5928257116707076, 0.6347387414024049, 0.551333596786964, 0.7205327415783376, 0.7266869274288226, 0.5704734941121101]"
Mismatched-C-3,29591,7,False,False,True,"[0.47715103245107926, 0.5792890548932883, 0.5735922236978981, 0.538302861735527, 0.5532999180619546, 0.46105834206308627, 0.5683437055757842, 0.5901368934398328]"
Mismatched-C-3,29610,6,False,False,True,"[0.6467754487596089, 0.6733301233021163, 0.6528111508852881, 0.3580144537143666, 0.6679143041420166, 0.680248650689083, 0.7273022091226486, 0.6473332303844336]"
Mismatched-C-3,29717,3,False,False,True,"[0.6573413499045465, 0.6401699009622206, 0.6636348681745616, 0.6697091599053571, 0.6605599965428403, 0.6523142238000552, 0.5853705484833049, 0.565729363944907]"
Mismatched-C-3,29815,5,False,False,True,"[0.8057922750128956, 0.8080667155795845, 0.827492670626759, 0.8346033448192377, 0.8261832089329155, 0.8376319405708741, 0.8066046597181442, 0.7549755347243374]"
Mismatched-C-3,29831,5,False,False,True,"[0.6127345211438942, 0.618535130876638, 0.6113071805440703, 0.6767873223056864, 0.6596587918729859, 0.6810519211954928, 0.6664091564302256, 0.627331791042437]"
Mismatched-C-3,29903,4,False,False,True,"[0.6048313011021405, 0.6246423858907241, 0.5878888179601334, 0.6032217747651635, 0.668873806858637, 0.6437222180354367, 0.6371847920869309, 0.6540094037089728]"
Mismatched-C-3,29942,7,False,False,True,"[0.5905133261892206, 0.5978691185077925, 0.5992406980015843, 0.5805569163951254, 0.6132098474601319, 0.6239021126404757, 0.5394611775412461, 0.6608060663286812]"
Mismatched-C-3,30016,5,False,False,True,"[0.5964449432816048, 0.6149093094415732, 0.5888636548890307, 0.6147882824692343, 0.5822211361717193, 0.6778286984566195, 0.6332425830689139, 0.6741717010187618]"
Mismatched-C-3,30068,1,False,False,True,"[0.6147867780729908, 0.6579848988142688, 0.6221823572476294, 0.6350918226521941, 0.6193016916577483, 0.5949469253185306, 0.6231840630478934, 0.627720476156524]"
Mismatched-C-3,30077,2,False,False,True,"[0.7291050797917915, 0.6628169068899186, 0.7630730124910641, 0.6334518420134772, 0.7625001959073221, 0.7046669426135224, 0.6587110150652595, 0.7481284987263839]"
Mismatched-C-3,30139,1,False,False,True,"[0.543165468937715, 0.6164449577961162, 0.5655499937433457, 0.6076821054834172, 0.6009917831576602, 0.584072260179737, 0.588259975915064, 0.5991969871564188]"
Mismatched-C-3,30888,3,False,False,True,"[0.6249841801770837, 0.6412778786056786, 0.5296447596829563, 0.6778854101344888, 0.6216780844611964, 0.6491774178723875, 0.574743833723151, 0.6158622060862085]"
Mismatched-C-3,30961,2,False,False,True,"[0.6647381750007119, 0.5914815042686457, 0.669443914558015, 0.588103395021659, 0.6260950601406136, 0.6115713074020168, 0.561571078424382, 0.6158197282170024]"
Mismatched-C-3,31234,7,False,False,True,"[0.639336630113674, 0.6642956861193045, 0.7167246878813761, 0.6456394616389366, 0.618509776822508, 0.6694779892628857, 0.6846571869629794, 0.7466804522758401]"
Mismatched-C-3,31244,1,False,False,True,"[0.6350027773595783, 0.6471574848261921, 0.5656261785170764, 0.6198387074821221, 0.6251560876487907, 0.6228727329218996, 0.6464263643067707, 0.6399051398570805]"
Mismatched-C-3,31251,4,False,False,True,"[0.5178715061489703, 0.42121168801851727, 0.4783279214206838, 0.4275162605485987, 0.5738139997797002, 0.4882026426625659, 0.5152698253606052, 0.4683954074776744]"
Mismatched-C-3,31280,7,False,False,True,"[0.6797497630322263, 0.7382841777103895, 0.7224848118164906, 0.6095738132800653, 0.6766182666562869, 0.6380490048266382, 0.6895023809296423, 0.7465626237776701]"
Mismatched-C-3,31503,3,False,False,True,"[0.6239812543409102, 0.6858360189167501, 0.58843573460975, 0.7095985756152021, 0.6092922149354032, 0.6424016422690377, 0.663183848777315, 0.6548953834138314]"
Mismatched-C-3,31776,4,False,False,True,"[0.6493509837970661, 0.5652091232933445, 0.6488391126096882, 0.64153641041875, 0.6768294748741829, 0.5850832503462089, 0.6429360804657369, 0.600769285256883]"
Mismatched-C-3,32051,7,False,False,True,"[0.6642059408937993, 0.5936082106461396, 0.6330726848495083, 0.5876320792220944, 0.6592935195640781, 0.5789857711560815, 0.5952585129602805, 0.6685283348234823]"
Mismatched-C-3,32062,5,False,False,True,"[0.6111683850330458, 0.5933263091696647, 0.6207083574758789, 0.6265747384146778, 0.6297157357600349, 0.6421868919094047, 0.6355599270863665, 0.6324452488132541]"
Mismatched-C-3,32140,1,False,False,True,"[0.6841760812088203, 0.7668809378328736, 0.740265554113304, 0.7640502564016832, 0.7045293897246303, 0.7291196701762842, 0.7293563838013055, 0.7209246638623936]"
Mismatched-C-3,32365,5,False,False,True,"[0.6320770779985296, 0.6538287387583048, 0.6377228874029263, 0.6466648333835179, 0.6590877116503169, 0.6620818735668907, 0.6026522333475217, 0.598439048264192]"
Mismatched-C-3,32427,1,False,False,True,"[0.6658518567570603, 0.756936251702268, 0.6595232119036625, 0.6116938043677069, 0.6786096118734326, 0.6540657264986298, 0.679076788739042, 0.6538820332268059]"
Mismatched-C-3,32470,1,False,False,True,"[0.7060300294522105, 0.7789271237004718, 0.7303555789156032, 0.7656543878219664, 0.7153506945320108, 0.7761457361350788, 0.7744195931692266, 0.6778722397465214]"
Mismatched-C-3,32532,3,False,False,True,"[0.7273206692227163, 0.7372290729651385, 0.7250255463991052, 0.7761399579672417, 0.6598266339464931, 0.7341726318314791, 0.7125049603212197, 0.7473870889579649]"
Mismatched-C-3,32630,0,False,False,True,"[0.7183633206125439, 0.7121819374630757, 0.6944722687135236, 0.6112027207750639, 0.6940651467984532, 0.7121566467405638, 0.5576188733963053, 0.6377007396362926]"
Mismatched-C-3,32680,6,False,False,True,"[0.5724892930490164, 0.6045145163563522, 0.5952904157150587, 0.5287434007934851, 0.6107729895108382, 0.577701994443655, 0.6210370864969439, 0.5232529271140746]"
Mismatched-C-3,32697,4,False,False,True,"[0.7281638915520212, 0.7347054418733069, 0.6425740407783925, 0.6809264085161855, 0.7413539807141423, 0.6870504475015928, 0.735251611730664, 0.7338606812482239]"
Mismatched-C-3,33057,0,False,False,True,"[0.8685321185858099, 0.7544837855826312, 0.8396500624174621, 0.8287459281941854, 0.8206474825596201, 0.7848835242325767, 0.8468501153409738, 0.7796840655809354]"
Mismatched-C-3,33084,1,False,False,True,"[0.6432513647010305, 0.6883682099000981, 0.6600098023053675, 0.596629254619047, 0.56913184301252, 0.6576538295390719, 0.5630293621350553, 0.5839286377322487]"
Mismatched-C-3,33123,2,False,False,True,"[0.6432241762120618, 0.6302301461497416, 0.7005993142198604, 0.6406292497027666, 0.6546208738815026, 0.6366164132500027, 0.6995867600553424, 0.667684998608425]"
Mismatched-C-3,33256,2,False,False,True,"[0.7165455418237121, 0.7083713373795514, 0.7220428182990197, 0.5757428464637091, 0.6681383323655243, 0.688518515482508, 0.6564158897431903, 0.652368204697903]"
Mismatched-C-3,33264,1,False,False,True,"[0.6762277249204078, 0.7215289196578252, 0.6703069759734093, 0.553423644809176, 0.6904844578770494, 0.6713047505932397, 0.6521735059721955, 0.674369696294942]"
Mismatched-C-3,33336,2,False,False,True,"[0.6096989548229685, 0.5689995232444283, 0.6268580458258624, 0.5179471854789488, 0.47622610301343216, 0.5230235674147402, 0.6050883402375742, 0.5160424378304554]"
Mismatched-C-3,33342,4,False,False,True,"[0.5973282432836353, 0.5369672535968616, 0.615211375001578, 0.5414668100841717, 0.6778587780731913, 0.6314123644396777, 0.6443724574298129, 0.6039025542242114]"
Mismatched-C-3,33512,7,False,False,True,"[0.621352695390247, 0.7030992484650241, 0.6721915347832046, 0.6764516390782547, 0.6976251678533236, 0.7117059760453015, 0.6714381959874289, 0.731718978962349]"
Mismatched-C-3,33863,4,False,False,True,"[0.645021114852695, 0.6910023684018891, 0.6226434593600757, 0.6549072133633644, 0.6930730810473757, 0.6445808157603592, 0.6426323702442002, 0.6695093042962414]"
Mismatched-C-3,33990,3,False,False,True,"[0.6157768949656433, 0.6187942661682486, 0.6603569298566301, 0.6903023325925175, 0.6826568833430389, 0.6428651892281709, 0.6654192671430874, 0.6232027498247479]"
Mismatched-C-3,34169,0,False,False,True,"[0.613753183500023, 0.584122380675721, 0.5785089499742897, 0.6016559634024132, 0.5958940384324393, 0.5554610745006068, 0.5898532130926121, 0.5559981883036043]"
Mismatched-C-3,34198,4,False,False,True,"[0.6760597457621687, 0.6655914334084678, 0.6708922259048766, 0.6642063637193145, 0.7171014742963305, 0.60768731636313, 0.6509231911973864, 0.6948364527411344]"
Mismatched-C-3,34415,4,False,False,True,"[0.6554596091574393, 0.6159086455252966, 0.6683704382309503, 0.6484035624748908, 0.6735594327576186, 0.6399813499901033, 0.6668147312865482, 0.6435847672089373]"
Mismatched-C-3,34509,0,False,False,True,"[0.8540899445960848, 0.7866170254651702, 0.7163293179000789, 0.7691633581600508, 0.8249819682925633, 0.6797850168613611, 0.6934450191278114, 0.7998296053737273]"
Mismatched-C-3,34565,7,False,False,True,"[0.6072199768626938, 0.6482101439780549, 0.6470995609099754, 0.6005410207616744, 0.6812070434757506, 0.6672308718650946, 0.6348597770348138, 0.689732168305612]"
Mismatched-C-3,34854,6,False,False,True,"[0.59515660801567, 0.5951512748006006, 0.6038474686701687, 0.57090982135229, 0.6301659466430114, 0.592167860559989, 0.630591373467204, 0.594511418458863]"
Mismatched-C-3,34998,1,False,False,True,"[0.7043565925532678, 0.7586035045840582, 0.6576677713281921, 0.7578741728692913, 0.6778456961454378, 0.6422782362751694, 0.6819476619265276, 0.7207248935409483]"
Mismatched-C-3,35100,7,False,False,True,"[0.5623678972066939, 0.602709664501188, 0.5511208210181304, 0.5682427245091735, 0.6431636371278934, 0.6377169679972636, 0.6767172428247079, 0.6916950245183444]"
Mismatched-C-3,35119,3,False,False,True,"[0.5954887646200533, 0.6648764153355696, 0.6734002170564586, 0.695858024244862, 0.5884275332394865, 0.5876900384859238, 0.5746765246514467, 0.6082474095561954]"
Mismatched-C-3,35131,7,False,False,True,"[0.711647435854591, 0.7091696545523077, 0.6266210535569698, 0.7400629444657882, 0.6999716161576706, 0.734773470001661, 0.6468824848427323, 0.7592145622403828]"
Mismatched-C-3,35234,5,False,False,True,"[0.5903181700042412, 0.60595876960933, 0.6318674922013293, 0.5633318763284482, 0.40900337622491767, 0.7227200512726154, 0.7035766240812871, 0.5848107698941002]"
Mismatched-C-3,35269,2,False,False,True,"[0.6343717134306188, 0.5530350809418751, 0.6726575462331673, 0.554134869926818, 0.5590388697930223, 0.5838431677375633, 0.6203277723713452, 0.6284919106100522]"
Mismatched-C-3,35281,7,False,False,True,"[0.6292387247598756, 0.6262024585208944, 0.5709686069647636, 0.5749092326800906, 0.5767121912243798, 0.5593164193268694, 0.6521140720997741, 0.6729469237592688]"
Mismatched-C-3,35475,3,False,False,True,"[0.546692143009643, 0.4727531501635623, 0.435958574874278, 0.5695330144989299, 0.39092453656917947, 0.3774277307881665, 0.519931005230757, 0.4627789690998551]"
Mismatched-C-3,35600,0,False,False,True,"[0.6509375925796527, 0.6241116339977851, 0.583373059516483, 0.6220512563261549, 0.623297088461386, 0.6259860647188851, 0.6322228103332432, 0.5998584891113071]"
Mismatched-C-3,35613,4,False,False,True,"[0.584386941387542, 0.5793184409714555, 0.5585775349898624, 0.5115024757594413, 0.6202769165049105, 0.5787739041837503, 0.580103017230873, 0.5266307922534699]"
Mismatched-C-3,35659,3,False,False,True,"[0.5629784961629605, 0.5906005619965446, 0.573002312016867, 0.6318913870534824, 0.5585235235844481, 0.6295886960037971, 0.6064809456596927, 0.6087371391734682]"
Mismatched-C-3,35916,6,False,False,True,"[0.6353311743930443, 0.7020595704337895, 0.7139405087534529, 0.6823302438547546, 0.7076801879368644, 0.6643436711559887, 0.7396687146815822, 0.6757613022820299]"
Mismatched-C-3,35964,0,False,False,True,"[0.7059595443389706, 0.5475478062916839, 0.6427311032800904, 0.6815123801695095, 0.6768419387816924, 0.6494451275626958, 0.665181225899337, 0.6124825723626399]"
Mismatched-C-3,36198,0,False,False,True,"[0.7062082868185657, 0.5803711331562529, 0.5975561039302455, 0.6739287004548452, 0.6578663602979222, 0.6398394018864448, 0.5856430200088276, 0.5871600068720437]"
Mismatched-C-3,36287,0,False,False,True,"[0.6829349551345356, 0.5172276812166774, 0.6649240477541929, 0.5608001911160397, 0.5949624568952244, 0.5884487912517701, 0.6037440204311726, 0.6238167431823949]"
Mismatched-C-3,36543,6,False,False,True,"[0.6974578363846397, 0.7113415709899005, 0.6937441238479853, 0.7007473350452115, 0.6799904513678061, 0.7275519593255606, 0.7279633324168283, 0.7267965623459962]"
Mismatched-C-3,36557,7,False,False,True,"[0.7210867886614629, 0.6981225897231906, 0.691807458470935, 0.7617772894856508, 0.6965723397870991, 0.7198265520095094, 0.7481503930038033, 0.7729549641117268]"
Mismatched-C-3,36992,7,False,False,True,"[0.6585608864037641, 0.5472076220300982, 0.6307795946400693, 0.6440255390768705, 0.581498009621715, 0.660998814908385, 0.6585270848601916, 0.6715494074921573]"
Mismatched-C-3,37034,1,False,False,True,"[0.6755419555981796, 0.6875760802045211, 0.5996619365224902, 0.5122728797362384, 0.5822315611185054, 0.575702385215811, 0.6698391922658842, 0.6115798432128009]"
Mismatched-C-3,37053,7,False,False,True,"[0.7949636412200702, 0.7863219502597825, 0.7897578704196666, 0.6949238738022034, 0.7445084698859399, 0.7814418416184747, 0.7797629278392191, 0.8186479640750393]"
Mismatched-C-3,37255,7,False,False,True,"[0.5227705121724204, 0.6113663338421038, 0.6092600738243259, 0.5952673038458953, 0.643776232712989, 0.3924649667277509, 0.6486705737462162, 0.6493214391387936]"
Mismatched-C-3,37362,0,False,False,True,"[0.7543494671074148, 0.6140547851365772, 0.6890066109576681, 0.7327636395830557, 0.6486103821648149, 0.694305167370697, 0.7083823918031343, 0.6909291639865903]"
Mismatched-C-3,37406,0,False,False,True,"[0.7494946052186386, 0.6171411572131675, 0.610481137143385, 0.6387202557850127, 0.6946508545284344, 0.6451580434351404, 0.6438672387224009, 0.7200450272348665]"
Mismatched-C-3,37505,7,False,False,True,"[0.5405406639224348, 0.5259655989195466, 0.5817171753889968, 0.575128289366942, 0.5718613565275215, 0.5593018861122556, 0.5418865503012567, 0.6080246836191769]"
Mismatched-C-3,37552,0,False,False,True,"[0.8296430156005956, 0.7815424461420515, 0.8233230533898233, 0.8140091499559815, 0.824349060559073, 0.7864021481084502, 0.7520218797191636, 0.825255269051838]"
Mismatched-C-3,37899,4,False,False,True,"[0.6864844581409838, 0.6965306479009128, 0.6702803226854117, 0.7018175206233229, 0.7181359522373196, 0.7048266407119702, 0.7117289334242418, 0.7038531864705242]"
Mismatched-C-3,38091,4,False,False,True,"[0.5862739911088571, 0.4666891929094047, 0.5793896522651525, 0.5069117191379439, 0.6329609587350671, 0.6322345067072246, 0.561893195065053, 0.5485280955874753]"
Mismatched-C-3,38194,0,False,False,True,"[0.6613899794500371, 0.5851970181060835, 0.6134282744444821, 0.6219729356886081, 0.6209045451609109, 0.5996375721202607, 0.5907873317943599, 0.6570831604339511]"
Mismatched-C-3,38375,2,False,False,True,"[0.657146539762553, 0.6735910872471502, 0.7385906477416141, 0.7054956315041883, 0.6574251157478659, 0.730329808458124, 0.6692886030815222, 0.7129377051325284]"
Mismatched-C-3,38380,7,False,False,True,"[0.622032692262514, 0.6964331295268879, 0.6194279966221241, 0.6600301152554926, 0.6331393369429631, 0.6869847092530181, 0.6557200244952796, 0.6985777145884764]"
Mismatched-C-3,38833,7,False,False,True,"[0.7314344264408531, 0.7697571969431366, 0.7518683065038871, 0.7704479129955205, 0.7133053948137243, 0.7549375476096389, 0.79379937998306, 0.795912449267618]"
Mismatched-C-3,38887,6,False,False,True,"[0.662149073685144, 0.6627685304499205, 0.6560838596453136, 0.6440653883879743, 0.6587528193372783, 0.6351042729994443, 0.6679311522309537, 0.6570199527217665]"
Mismatched-C-3,39183,1,False,False,True,"[0.622451345283959, 0.6937601641381466, 0.5898547825114602, 0.6331759221915678, 0.6499905995483739, 0.6465029575102861, 0.6377160940461095, 0.6565415956554492]"
Mismatched-C-3,39288,7,False,False,True,"[0.7318695633939769, 0.767836639515483, 0.6303836113905682, 0.7025173168008934, 0.6840607692732725, 0.7338396080225311, 0.7319980815951619, 0.7860445758009897]"
Mismatched-C-3,39384,5,False,False,True,"[0.5843322374762041, 0.5827099831796431, 0.6276660348728713, 0.5305180804572454, 0.5415741878558018, 0.6528905029469396, 0.5416937605878042, 0.6339057999967113]"
Mismatched-C-3,39490,1,False,False,True,"[0.4775504098400986, 0.611177188026771, 0.572685325781211, 0.3855602864022464, 0.43015371064877944, 0.43964867321068635, 0.576533139372293, 0.5841801814853185]"
Mismatched-C-3,39557,6,False,False,True,"[0.7269918988635364, 0.659591290974371, 0.7009374043763519, 0.6905758521488966, 0.7285192848642414, 0.7229010465972308, 0.7922321056281906, 0.6974035049145888]"
Mismatched-C-3,39756,2,False,False,True,"[0.6533222421365246, 0.6357215332458641, 0.6788207678376985, 0.6401516660200968, 0.5826078959457541, 0.6428365008059309, 0.6460630716641369, 0.5364695037993515]"
Mismatched-C-3,39793,1,False,False,True,"[0.6300325262664725, 0.680546668466486, 0.6041431869651334, 0.6110327530872124, 0.6721387386944567, 0.6497119173357819, 0.6516904856889842, 0.5940502852796088]"
Mismatched-C-3,39920,6,False,False,True,"[0.5769013471472088, 0.5627278746144906, 0.5135205344497725, 0.5425603222254662, 0.5889687282347896, 0.5740883731102888, 0.6280602515177678, 0.5943768065729935]"
Mismatched-C-3,39986,3,False,False,True,"[0.6623318750344203, 0.61220515520505, 0.5969135410489165, 0.6935221416833603, 0.6392324243483779, 0.6208308178099134, 0.6532197158263935, 0.6170498759638612]"
Mismatched-C-3,40269,5,False,False,True,"[0.6962495395761312, 0.679187413450433, 0.7045995964120364, 0.7416237346454149, 0.6738037855547223, 0.755423531044906, 0.7322751789276921, 0.6424585346412311]"
Mismatched-C-3,40756,2,False,False,True,"[0.6716898750157769, 0.6310554270947224, 0.6967660380192692, 0.6874761259413261, 0.6436778182831133, 0.6460788006860236, 0.6537794924707936, 0.6485148098432311]"
Mismatched-C-3,40798,3,False,False,True,"[0.4422194227509114, 0.4479906712930356, 0.41009363138121024, 0.5169668812146473, 0.4988300167912332, 0.4778356195755666, 0.4707915078923979, 0.4690697782568652]"
Mismatched-C-3,40819,7,False,False,True,"[0.6673947201757089, 0.6612991054027388, 0.6710448908766504, 0.6735689065343509, 0.6760584690098875, 0.6549555719495616, 0.6352224153733812, 0.6904928921442599]"
Mismatched-C-3,40933,6,False,False,True,"[0.6532300547639736, 0.6739860133449591, 0.6450437544125209, 0.6315617786333589, 0.6044872928854675, 0.6389233934948659, 0.6835031507923182, 0.6652320439863617]"
Mismatched-C-3,40990,4,False,False,True,"[0.6912085945298891, 0.6214135876714251, 0.7022138180539619, 0.6499600910361167, 0.7175678516733949, 0.6804013167769241, 0.6169770033397496, 0.6950096149972452]"
Mismatched-C-3,41120,4,False,False,True,"[0.5165956438295431, 0.5925748649823194, 0.6300094106047687, 0.6565090752454927, 0.6697062228704551, 0.5534853993969248, 0.6032872617339256, 0.629308286113254]"
Mismatched-C-3,41402,1,False,False,True,"[0.4922621219341612, 0.5517995940866172, 0.5481634084655927, 0.5072215133965462, 0.5126364752516348, 0.4777095766323161, 0.5172684414403135, 0.5204601588162192]"
Mismatched-C-3,41540,0,False,False,True,"[0.618712430513914, 0.6009820393366027, 0.5151695255676947, 0.6169743076429828, 0.5875640435609286, 0.591542681921825, 0.4783764195952275, 0.5844669420384121]"
Mismatched-C-3,41555,3,False,False,True,"[0.6758056359212116, 0.6952858350132198, 0.6745617666131775, 0.7369031668340922, 0.6829636192119095, 0.7064656912839975, 0.71089280941857, 0.7217827223977595]"
Mismatched-C-3,41561,4,False,False,True,"[0.5697764511910379, 0.6330056772943422, 0.597597947317979, 0.604187353950161, 0.651673778966623, 0.6037525105688049, 0.6187743221307581, 0.5755844282408566]"
Mismatched-C-3,41592,4,False,False,True,"[0.6022860120501757, 0.5811343396879451, 0.5721623507749254, 0.5397495324338781, 0.6309107994243606, 0.5812354709184694, 0.6127892108968707, 0.5538224359096393]"
Mismatched-C-3,41636,2,False,False,True,"[0.6607407989099028, 0.6690037918544025, 0.6804915378399709, 0.5956222580706616, 0.6710939655142093, 0.6626440096214061, 0.668327813571286, 0.6601697455708022]"
Mismatched-C-3,41640,0,False,False,True,"[0.6975374709835285, 0.6161760997908872, 0.576582617897666, 0.5917690936760548, 0.6484251122806298, 0.6118991770573479, 0.6480810347589783, 0.584961941592359]"
Mismatched-C-3,41924,2,False,False,True,"[0.6476658997837257, 0.6761558002562578, 0.7062543104166656, 0.6762721171014459, 0.6595453323498237, 0.6742126672310922, 0.7002857911375785, 0.6971231933736538]"
Mismatched-C-3,41976,6,False,False,True,"[0.576103942802761, 0.47931380516584965, 0.5609675460977404, 0.5779560213241548, 0.5439850873890335, 0.49400223543669053, 0.5931831990909946, 0.5372035736203669]"
Mismatched-C-3,42022,7,False,False,True,"[0.3781825737621679, 0.4732435243889958, 0.489603945849995, 0.5111961163137537, 0.5708073285862338, 0.47510298422468855, 0.49669297401852053, 0.6568463764024085]"
Mismatched-C-3,42251,5,False,False,True,"[0.5953955705236991, 0.6337010522296964, 0.6269521374508574, 0.5686763842806378, 0.628990781253598, 0.6387929775195546, 0.6156178091248208, 0.6096375573953178]"
Mismatched-C-3,42302,0,False,False,True,"[0.7930872248834299, 0.7218105516579405, 0.6543195928980177, 0.7332006975832721, 0.626269980592525, 0.6434076564680968, 0.773899992800075, 0.7410083366769368]"
Mismatched-C-3,42466,2,False,False,True,"[0.5583004988173255, 0.5990909778467264, 0.6025829083863736, 0.5948075416796974, 0.4796981815011805, 0.580976625748683, 0.5985206870422992, 0.5765331991941912]"
Mismatched-C-3,42679,5,False,False,True,"[0.6493752881658977, 0.5370843055798018, 0.6201307757544705, 0.6145461440226921, 0.5937438005464364, 0.6650159979820767, 0.5781989945701247, 0.604928228817351]"
Mismatched-C-3,43065,7,False,False,True,"[0.5733592710802211, 0.5504012053623757, 0.5649458094586735, 0.6014598782915397, 0.6298989668499215, 0.6576866082467905, 0.57897574719347, 0.7013318220589122]"
Mismatched-C-3,43198,6,False,False,True,"[0.5178968025870267, 0.5579455388655947, 0.5733202834132034, 0.47118731851340667, 0.5881894555412931, 0.6401244467262485, 0.7171705317772481, 0.6057856155335615]"
Mismatched-C-3,43211,4,False,False,True,"[0.6765061041481688, 0.6920304193873568, 0.6980080940823614, 0.6648240499864408, 0.6983784707138604, 0.654565927446956, 0.6728445973899667, 0.6653988223803932]"
Mismatched-C-3,43332,6,False,False,True,"[0.611523821469484, 0.7260264215026739, 0.6587854640944362, 0.702587153606503, 0.650949697865195, 0.6309185980290739, 0.7299508256695981, 0.6954092623965165]"
Mismatched-C-3,43546,2,False,False,True,"[0.6056453664330268, 0.5860644789912723, 0.6604040207312837, 0.6248296916203633, 0.59411986962064, 0.6162028900043925, 0.5759160216764597, 0.6444089764854342]"
Mismatched-C-3,43584,4,False,False,True,"[0.6341220889455789, 0.6156224062658636, 0.6585553900450688, 0.6147926465822011, 0.6944745848608826, 0.6716892179833218, 0.6444763964399862, 0.5535785498455331]"
Mismatched-C-3,44248,1,False,False,True,"[0.6139397240324826, 0.6791985773096736, 0.6308750515433044, 0.6356533729659182, 0.6370754845473728, 0.613044490770412, 0.649142514236237, 0.6288648560243237]"
Mismatched-C-3,44279,3,False,False,True,"[0.5706745050730878, 0.564344616654726, 0.4704233676578905, 0.5908551263659232, 0.49737497131429614, 0.5052490806897978, 0.4599398485381775, 0.5296846087856677]"
Mismatched-C-3,44360,0,False,False,True,"[0.7433685254352569, 0.7351362423917953, 0.7419496228372373, 0.6231527426823346, 0.616225127686873, 0.6806969426162854, 0.6943435066221219, 0.6137693213516842]"
Mismatched-C-3,44413,5,False,False,True,"[0.7196757926093815, 0.6598613581283761, 0.5804656325915077, 0.5125573362795648, 0.6495377354491323, 0.7232013713472992, 0.4976793535152987, 0.6264157162531758]"
Mismatched-C-3,44422,3,False,False,True,"[0.4944803412388868, 0.5095093189614427, 0.5617281722302823, 0.5773615193914281, 0.5464246144333217, 0.5479052168714282, 0.5568765757872693, 0.5412898131102217]"
Mismatched-C-3,44903,1,False,False,True,"[0.6349806682831309, 0.656039109624212, 0.6395954636313465, 0.5943515658674161, 0.5506916397029664, 0.639311651412049, 0.5870815443550343, 0.6225035754297008]"
Mismatched-C-3,44975,2,False,False,True,"[0.6190909498548934, 0.5837368379608627, 0.6693975359890884, 0.6326236083317112, 0.6445168765108034, 0.6383176873155765, 0.6173988539064985, 0.6497954037045264]"
Mismatched-C-3,45377,7,False,False,True,"[0.6219498791999521, 0.6528967480554966, 0.6532546312017969, 0.6393422002092534, 0.6685620540248689, 0.6688690016541881, 0.6542901855574452, 0.6884006313068092]"
Mismatched-C-3,45528,4,False,False,True,"[0.5515663075708448, 0.558938605015147, 0.5347128201813223, 0.5891431294202076, 0.6040689798469017, 0.5913443631606712, 0.5453413620091891, 0.5405347556796751]"
Mismatched-C-3,45699,1,False,False,True,"[0.6297763837167232, 0.756804101315375, 0.6406241136582433, 0.5347008283759124, 0.6573774199787105, 0.5879833159542035, 0.6027321143531319, 0.6230871013469703]"
Mismatched-C-3,45952,4,False,False,True,"[0.6496461869086012, 0.7052308440308495, 0.7036692949530396, 0.7583505685340415, 0.7668795728629852, 0.7500559288889589, 0.7189179568756439, 0.6494048680288731]"
Mismatched-C-3,45987,4,False,False,True,"[0.6677424424584028, 0.6610131206867522, 0.6698059552781712, 0.6173920668255106, 0.716926207544232, 0.6810627552231645, 0.6409422016625355, 0.6094987336623415]"
Mismatched-C-3,46166,7,False,False,True,"[0.660395474760362, 0.6532043662840954, 0.6556716313163659, 0.6520742110175529, 0.6696258097056196, 0.6473805630796924, 0.6624279878627151, 0.6713147140255553]"
Mismatched-C-3,46276,0,False,False,True,"[0.5919634858284273, 0.4828249011401141, 0.4234108382008491, 0.4708867011989953, 0.5657382073352026, 0.5139625726086904, 0.5125240481471648, 0.5297487529521911]"
Mismatched-C-3,46403,7,False,False,True,"[0.7025808622495818, 0.6734162134537289, 0.7142896273502884, 0.7061181752195422, 0.7201678562658529, 0.6252551180171737, 0.6582807472203026, 0.7271531112039236]"
Mismatched-C-3,46524,7,False,False,True,"[0.668993371656958, 0.6848649877942237, 0.7125627522533744, 0.7406228433361443, 0.6772211631560443, 0.6963633026343402, 0.5924961868153986, 0.7592130765101517]"
Mismatched-C-3,46653,4,False,False,True,"[0.5013117290413733, 0.5450547094448699, 0.5029722263569513, 0.5687682881614354, 0.6395486791525875, 0.6185991814400422, 0.6061648915033806, 0.5363649003294089]"
Mismatched-C-3,47030,7,False,False,True,"[0.6190718815327194, 0.6578115810196177, 0.6356535355375947, 0.6786251832119321, 0.6768521786155799, 0.6351122655087329, 0.6560010447147187, 0.6890619082215561]"
Mismatched-C-3,47086,0,False,False,True,"[0.830249335115594, 0.7628306552148871, 0.6103461989977259, 0.795582494124917, 0.8109100877994196, 0.7042713513956148, 0.8163661202897392, 0.7991545331192319]"
Mismatched-C-3,47093,3,False,False,True,"[0.6617258751746918, 0.6373269742117937, 0.6608588731258936, 0.7649746870144916, 0.6238462658804012, 0.7017201535464013, 0.7020094553040708, 0.71489909072067]"
Mismatched-C-3,47122,3,False,False,True,"[0.6309678975756072, 0.6365334955605084, 0.5911051417316879, 0.679566777879455, 0.6161012222495552, 0.5867323802501296, 0.655767012508774, 0.6588297436525444]"
Mismatched-C-3,47125,1,False,False,True,"[0.4242218661585243, 0.5325614298020506, 0.518570143675942, 0.4855358936796045, 0.41894737594321474, 0.5210049591528866, 0.5124613671045296, 0.47934809470973094]"
Mismatched-C-3,47331,6,False,False,True,"[0.6904358567851183, 0.6852167688709623, 0.7179453070711832, 0.7072210097366232, 0.6661920132388213, 0.6591014804054425, 0.731063740355341, 0.6611789884087951]"
Mismatched-C-3,47471,7,False,False,True,"[0.684894682377766, 0.6584323015835443, 0.6607711916951771, 0.672575613188432, 0.6737390629080295, 0.6936507871031126, 0.6806902121648462, 0.7171257776397564]"
Mismatched-C-3,47583,2,False,False,True,"[0.578941112003774, 0.5140981050133189, 0.592761170286023, 0.5375818584109082, 0.5586656598591282, 0.5338773431508501, 0.5618130625312747, 0.41896891248936]"
Mismatched-C-3,47744,5,False,False,True,"[0.6580685905054057, 0.6197848040679466, 0.6349170125015885, 0.6082174925020805, 0.6607186908657701, 0.6753435806206469, 0.6354722221609637, 0.6549621076527703]"
Mismatched-C-3,47907,5,False,False,True,"[0.5404362145850901, 0.5325445087302242, 0.5384382611902608, 0.5420560231562638, 0.4135648430076672, 0.5867499669459082, 0.5645491427133944, 0.516413029726497]"
Mismatched-C-3,48376,5,False,False,True,"[0.6324103732111037, 0.6543230034117367, 0.5833842992504619, 0.597948445848179, 0.6391990681249087, 0.671586136378965, 0.5860823063313284, 0.6639716224658443]"
Mismatched-C-3,48655,4,False,False,True,"[0.5668035445189203, 0.5465178332799367, 0.6372623496487937, 0.63024921162693, 0.6376287697066443, 0.5873698767347044, 0.5755539618485672, 0.5665628932810329]"
Mismatched-C-3,48911,0,False,False,True,"[0.7003553554630256, 0.6499452852277274, 0.5640814157926224, 0.6134921231277948, 0.6002735084096816, 0.6915442427710505, 0.6377306721086113, 0.6366158069640047]"
Mismatched-C-3,49170,3,False,False,True,"[0.6301726890421722, 0.663717377536873, 0.6539771930944368, 0.6887694544698015, 0.6820191071031995, 0.6088503316206348, 0.6524543921746866, 0.6458154085580443]"
Mismatched-C-3,49195,0,False,False,True,"[0.806313990112244, 0.7701007606478756, 0.801600944451311, 0.7200018728624403, 0.7923834571008053, 0.7636890363250288, 0.796466934985097, 0.7623115736166697]"
Mismatched-C-3,49256,3,False,False,True,"[0.7390515661418766, 0.7297208401266293, 0.7039892905055893, 0.7441402100070269, 0.5742586985144437, 0.702482977808343, 0.6710378784778893, 0.7199536983652841]"
Mismatched-C-3,49315,7,False,False,True,"[0.5995913902862562, 0.5783034436781846, 0.5874954286235965, 0.5882076498455344, 0.5764932260330022, 0.5244720079942502, 0.6460059320283378, 0.7233240918111778]"
Mismatched-C-3,49474,6,False,False,True,"[0.7442442917488421, 0.7385435026382619, 0.7056678243778804, 0.7088613033221854, 0.7158290707762163, 0.7304966246510352, 0.7470387339298263, 0.7002411646568512]"
Mismatched-C-3,49475,6,False,False,True,"[0.6205117951803124, 0.617103905022297, 0.6415101528445466, 0.5663710530512492, 0.5780221570517329, 0.6231235085476685, 0.6470838021896144, 0.6253106678866006]"
Mismatched-C-3,49678,0,False,False,True,"[0.6715633038040607, 0.5610011585709688, 0.5716798522155666, 0.6350085135175004, 0.601313235555446, 0.5676689723694172, 0.6093701016653407, 0.5229144892500789]"
Mismatched-C-3,49702,7,False,False,True,"[0.6780399110931647, 0.7186990672291603, 0.7023973921802236, 0.7073682951109271, 0.6699224856184025, 0.7135860364864746, 0.654604264708104, 0.7436588691765025]"
Mismatched-C-3,49760,7,False,False,True,"[0.6003688203111313, 0.5948506862763925, 0.5890735143513695, 0.48312918613000366, 0.5707780108973273, 0.6225133469380453, 0.5937706080262486, 0.6827831335130824]"
Mismatched-C-3,50203,4,False,False,True,"[0.48976574210691837, 0.5473953227378225, 0.486739047709956, 0.5316535071315016, 0.6100142603155745, 0.5459875145260001, 0.5003733676401193, 0.5018383512556384]"
Mismatched-C-3,50210,3,False,False,True,"[0.5337795593080655, 0.7210871315070024, 0.638361359977828, 0.7317133435410885, 0.6377431200460537, 0.6204712554795869, 0.7016451217794859, 0.6218944646391742]"
Mismatched-C-3,50622,0,False,False,True,"[0.7108108693456203, 0.601408594370537, 0.6832854267008737, 0.6596096432462686, 0.675145926802289, 0.669776459267786, 0.6638563343923555, 0.6877952089962809]"
Mismatched-C-3,50708,0,False,False,True,"[0.7107368005572086, 0.5990964051714358, 0.7074507094994699, 0.6773722037752635, 0.70664544099573, 0.6192953271019328, 0.5789143333949132, 0.7001230291433864]"
Mismatched-C-3,50739,1,False,False,True,"[0.5658958699390744, 0.6729708466980415, 0.5342106954946902, 0.637362038044382, 0.6166932749387335, 0.6527673851870256, 0.6072441784804014, 0.6493992503677724]"
Mismatched-C-3,50850,4,False,False,True,"[0.5419978862910309, 0.6165163010408745, 0.6022225174251092, 0.6549871911662306, 0.6590210097529242, 0.5914029186170129, 0.5596585783868542, 0.5479877663271847]"
Mismatched-C-3,51008,6,False,False,True,"[0.5781370413902873, 0.6609537634658511, 0.4983113003107571, 0.6177341383407041, 0.537181065419688, 0.6278423923508911, 0.6706812499764789, 0.5691498176118704]"
Mismatched-C-3,51227,3,False,False,True,"[0.666295625729698, 0.6684145552944604, 0.6988174606512962, 0.7339120096254345, 0.6780861478964646, 0.6075357570360956, 0.7241827253899482, 0.6450100696972382]"
Mismatched-C-3,51300,6,False,False,True,"[0.4273585475727979, 0.4868600361501388, 0.5475527001851734, 0.5474412663024842, 0.5674385795054121, 0.5332196685789568, 0.5937033011866244, 0.547823543851371]"
Mismatched-C-3,51380,0,False,False,True,"[0.7187046974307658, 0.6980712997950451, 0.6030222069308704, 0.7118256615574449, 0.6190462795002709, 0.6430898228154123, 0.6943356178025121, 0.5297421568288577]"
Mismatched-C-3,51385,3,False,False,True,"[0.6695074630070195, 0.6559205636554294, 0.7167808321731286, 0.740107618162077, 0.7101683236446501, 0.7035434138830063, 0.7126773323888493, 0.7236790839378736]"
Mismatched-C-3,51436,6,False,False,True,"[0.6972919754774225, 0.7794328673064702, 0.6764262232770581, 0.7313919420896586, 0.72990338186109, 0.7578971033850376, 0.7821850291679847, 0.7408755826428532]"
Mismatched-C-3,51517,5,False,False,True,"[0.6663634146869465, 0.7338333410738828, 0.7094290635422127, 0.7152468874968025, 0.7357220868743399, 0.8005615794220895, 0.654672301759089, 0.645200129825725]"
Mismatched-C-3,51688,3,False,False,True,"[0.6448075229469511, 0.6393711080646213, 0.6501951100866152, 0.6619365239416768, 0.6399373918815889, 0.6233871055071727, 0.6388675468450735, 0.6232970905937052]"
Mismatched-C-3,51865,2,False,False,True,"[0.6603235655512827, 0.6813900100473784, 0.7171122288532598, 0.6822437861334447, 0.702992200292551, 0.6177021065916469, 0.6843070807887537, 0.7074233524205469]"
Mismatched-C-3,51943,6,False,False,True,"[0.719970540253549, 0.6681607122792468, 0.7249631102284146, 0.6735267962695489, 0.7031008490331687, 0.7246494893451636, 0.7493599312365077, 0.7353345673192957]"
Mismatched-C-3,51956,1,False,False,True,"[0.5418647184770027, 0.6412059047696568, 0.625330305929535, 0.5589763389623887, 0.5947496357411539, 0.6302653157340696, 0.5598831240239743, 0.566883288393115]"
Mismatched-C-3,51990,3,False,False,True,"[0.4928094568984088, 0.49900613021026236, 0.4200230399533139, 0.552352179870341, 0.5207176953488255, 0.5448270750534713, 0.4610221050908482, 0.5171853815163224]"
Mismatched-C-3,52228,5,False,False,True,"[0.5473275471351082, 0.4843759332257852, 0.47954188395815267, 0.518519973491181, 0.4990787897776686, 0.6795335386572384, 0.6012545319064246, 0.5244619206157319]"
Mismatched-C-3,52277,5,False,False,True,"[0.5166401067971522, 0.6297430587078312, 0.6044135167705995, 0.6172554181359345, 0.6082713209315698, 0.6498686407254388, 0.6128080608254185, 0.5585889161430728]"
Mismatched-C-3,52729,4,False,False,True,"[0.613258008924335, 0.6745976071226132, 0.6071449114357875, 0.6465949619188215, 0.7271047098224248, 0.5945194988656619, 0.6803031552010661, 0.6118279818068302]"
Mismatched-C-3,52733,0,False,False,True,"[0.669063059644079, 0.6183054870738544, 0.6177232446773542, 0.6271979703580086, 0.5691131305510664, 0.5963294835405608, 0.5904494671489702, 0.582076756305387]"
Mismatched-C-3,52803,3,False,False,True,"[0.6179981250320832, 0.5943157556099445, 0.5894285388142662, 0.6483851600086773, 0.5791398660265044, 0.5805932089757926, 0.6171309079471028, 0.5797628605130221]"
Mismatched-C-3,52927,0,False,False,True,"[0.6664509911550656, 0.617801170650277, 0.5937217195708213, 0.6357160397558781, 0.6160369708531188, 0.5840217287986451, 0.6521270376291386, 0.6639042843184695]"
Mismatched-C-3,53445,3,False,False,True,"[0.7255199170009796, 0.7095226239004377, 0.690357126739404, 0.7550821037438005, 0.7290311380491564, 0.7275055039731292, 0.7442021384097095, 0.6496212978315747]"
Mismatched-C-3,53659,5,False,False,True,"[0.6726771155002514, 0.6992175900219064, 0.6308441132328506, 0.5645326737479317, 0.7008655050953179, 0.7135014592579867, 0.5277849290093034, 0.49998250176086023]"
Mismatched-C-3,53729,5,False,False,True,"[0.6750790642670108, 0.6781475710010454, 0.5749502561622786, 0.6998918057832126, 0.6275480474506008, 0.712488258681397, 0.656500219061312, 0.6703356004517664]"
Mismatched-C-3,53974,4,False,False,True,"[0.5934376752840473, 0.5893551061671325, 0.6396916446699613, 0.6652711127466573, 0.6781497979870146, 0.5394233193409508, 0.6418709998180947, 0.6286275811769797]"
Mismatched-C-3,54054,7,False,False,True,"[0.591719387953971, 0.551128851967635, 0.6025172568461243, 0.6355542586383744, 0.5103811973959518, 0.5394876656280863, 0.6412233526575231, 0.6841384108893853]"
Mismatched-C-3,54099,7,False,False,True,"[0.6504944553156149, 0.602521378851327, 0.5787055607643277, 0.5801642400254555, 0.6233067729610906, 0.6600739466174239, 0.648225107603654, 0.674344299355853]"
Mismatched-C-3,54250,7,False,False,True,"[0.6639227368240437, 0.6907673276289458, 0.6732372445836967, 0.6876559196005299, 0.695574562690672, 0.6764470759510184, 0.7104440640950854, 0.7286393466238664]"
Mismatched-C-3,54336,3,False,False,True,"[0.5314227270424965, 0.5598026769503568, 0.5807638802974413, 0.6135985182919184, 0.598929607733226, 0.5781360693121109, 0.6075716775623474, 0.558124341313096]"
Mismatched-C-3,54681,7,False,False,True,"[0.6650409275816684, 0.7211125342337232, 0.6856300628016847, 0.7118819752668617, 0.73209129104218, 0.7097468140175198, 0.7263692359366598, 0.7483775483351168]"
Mismatched-C-3,55202,2,False,False,True,"[0.7406148073283643, 0.781241213266955, 0.7882994682733193, 0.7769252041722234, 0.7660248238054901, 0.7701435491767508, 0.7527883296736433, 0.7257719732980221]"
Mismatched-C-3,55501,5,False,False,True,"[0.6467253745934851, 0.6645918639483781, 0.6602915852212139, 0.7137305702484682, 0.7185580052327736, 0.7329550472948789, 0.6588563522725746, 0.6785096501883224]"
Mismatched-C-3,55597,4,False,False,True,"[0.6701175430648927, 0.6714383392807266, 0.6613551081266105, 0.6780010552939629, 0.7114724132448418, 0.659552155208011, 0.6663935213558829, 0.6441185775269822]"
Mismatched-C-3,55741,1,False,False,True,"[0.6566716536725287, 0.7165814911879989, 0.69050392877671, 0.6884181650094507, 0.6656609109999954, 0.6878478450973061, 0.6210811449711227, 0.6450750965507848]"
Mismatched-C-3,55808,3,False,False,True,"[0.6416974917209697, 0.638071547710459, 0.6445219424227595, 0.6544540469516054, 0.5398508305791595, 0.6439797151104474, 0.6318977707272971, 0.5978765584811949]"
Mismatched-C-3,55876,6,False,False,True,"[0.5591541005265342, 0.5218836327101821, 0.5256554363172907, 0.47564468722591824, 0.5843786791226442, 0.5651215276196295, 0.631168227839255, 0.5907899172990615]"
Mismatched-C-3,55878,4,False,False,True,"[0.5855608084064865, 0.68274580205646, 0.6489204387904663, 0.6848697277704299, 0.7037608068563028, 0.6360338816281432, 0.6871343663117919, 0.6742899506335337]"
Mismatched-C-3,56047,1,False,False,True,"[0.5891763986402773, 0.6780474208493164, 0.5801030319267165, 0.5929886725866708, 0.6592782192961839, 0.6742116571260687, 0.585704795039182, 0.5940960736586209]"
Mismatched-C-3,56131,2,False,False,True,"[0.4792744404692513, 0.48644018134580347, 0.6302054280542757, 0.5335497647684547, 0.5404489298325337, 0.5707014626519877, 0.4768596229430765, 0.3970296770412469]"
Mismatched-C-3,56162,4,False,False,True,"[0.41241793735374904, 0.6280843284510209, 0.48249709132007584, 0.47146494462790567, 0.6676881094221447, 0.6196954049125423, 0.6231254643218489, 0.6477195364005421]"
Mismatched-C-3,56272,1,False,False,True,"[0.5702668707035881, 0.6886769451036925, 0.6476958630469449, 0.6670615239261992, 0.6160133323804082, 0.6588838374861565, 0.6132160515237568, 0.6190745757468261]"
Mismatched-C-3,56496,3,False,False,True,"[0.5961647835014032, 0.4970532848647497, 0.5600161911711365, 0.6790616530917578, 0.5919991051593733, 0.5723721904711998, 0.5234967997594395, 0.6571237836188984]"
Mismatched-C-3,56554,5,False,False,True,"[0.6646420927409957, 0.6336931643325536, 0.6146389948282898, 0.6365491274064587, 0.6627499043459042, 0.6699538371989415, 0.617603399568823, 0.6151588655539948]"
Mismatched-C-3,56629,3,False,False,True,"[0.6305922691172161, 0.6161230264039073, 0.6489299090446259, 0.6722673887394904, 0.4895520955205195, 0.4705748132127999, 0.6475045974012055, 0.5747649864417208]"
Mismatched-C-3,56651,6,False,False,True,"[0.6166335890746772, 0.6486593185175863, 0.658323103518564, 0.5676821551810317, 0.5253647271296075, 0.5622732474817977, 0.6786062138958313, 0.5150702466550737]"
Mismatched-C-3,56698,5,False,False,True,"[0.6309502042575561, 0.6101856371951524, 0.6114240336206989, 0.614601583727646, 0.6678361452366639, 0.676037209155385, 0.6137250062796029, 0.5537155855784746]"
Mismatched-C-3,56873,0,False,False,True,"[0.5762939049043082, 0.478773951898971, 0.5585629106111714, 0.5259807594168855, 0.5296664588693133, 0.4586396571664163, 0.5519383722851785, 0.525016466064937]"
Mismatched-C-3,56963,2,False,False,True,"[0.6659598226733596, 0.7242859579589698, 0.7318846468859111, 0.6859481421423569, 0.7014284310572805, 0.7196480861828559, 0.6974820901006166, 0.6895337038342075]"
Mismatched-C-3,57114,1,False,False,True,"[0.6675579553864865, 0.7604272355246808, 0.6829973473405975, 0.650855084427198, 0.6090601162214078, 0.6700010124527953, 0.6509236777741949, 0.5716078195123038]"
Mismatched-C-3,57244,7,False,False,True,"[0.6459468511272121, 0.6647301163258188, 0.7170039742847047, 0.7015536655568284, 0.6650185260844734, 0.7096942872406088, 0.7185922926239681, 0.7211289044365843]"
Mismatched-C-3,57830,0,False,False,True,"[0.7586499148994661, 0.6753245065854565, 0.6273759551532676, 0.6802254270829249, 0.630812882076456, 0.6580853522354834, 0.6625283340139945, 0.7423586864774008]"
Mismatched-C-3,57994,0,False,False,True,"[0.6146345161441288, 0.572286129020462, 0.5827631852869039, 0.5887689413830013, 0.5739518373778482, 0.5980290596285891, 0.5564287473614475, 0.5833609655790752]"
Mismatched-C-3,58004,1,False,False,True,"[0.6876956568119692, 0.7482983527236485, 0.6927519092098565, 0.6707153432926563, 0.6878780368327335, 0.713310000020082, 0.6643948992128397, 0.7101294049002029]"
Mismatched-C-3,58157,5,False,False,True,"[0.5988222183874528, 0.5707145904720441, 0.5681088748947565, 0.6352425093429948, 0.6336365555203485, 0.6565157932188357, 0.6412800274366575, 0.5443579519491863]"
Mismatched-C-3,58169,0,False,False,True,"[0.7279861848089625, 0.6970489735255609, 0.6746290806882462, 0.6906820337311255, 0.7132587195009337, 0.6866453906948751, 0.664897347136725, 0.6456692840828805]"
Mismatched-C-3,58252,5,False,False,True,"[0.6076136877066866, 0.5497020294570671, 0.5571827934987323, 0.6270613520323605, 0.6150299003462967, 0.6846685991455583, 0.5965226743916443, 0.5819957986148266]"
Mismatched-C-3,58341,3,False,False,True,"[0.705427550966255, 0.6158334709339864, 0.698943780501955, 0.7298680110917835, 0.7098892568011883, 0.6153880072508688, 0.715286606654449, 0.5151162254227784]"
Mismatched-C-3,58458,0,False,False,True,"[0.6423875707909223, 0.6277495779649442, 0.6234405460022223, 0.5607297636131923, 0.5620943048311255, 0.5971830902937969, 0.5741164488628007, 0.6381787501155586]"
Mismatched-C-3,58572,7,False,False,True,"[0.6935611610918616, 0.5801041138765126, 0.6229619286234005, 0.6479638514290396, 0.669476793749773, 0.6853422836454062, 0.539438794983366, 0.7047646452370593]"
Mismatched-C-3,58835,2,False,False,True,"[0.6114193045101597, 0.6268939341112572, 0.6845286577944021, 0.6769987690218024, 0.5750233797181517, 0.6003287486751749, 0.5841570830610598, 0.6347584379743958]"
Mismatched-C-3,58977,7,False,False,True,"[0.5878689664721959, 0.620752396313766, 0.6093149175805779, 0.5928227458952489, 0.6231313810304815, 0.6135033989541462, 0.5697006596561734, 0.6410049726501048]"
Mismatched-C-3,58988,5,False,False,True,"[0.5365523712550764, 0.5722080156223146, 0.5602047406509869, 0.5301715416638373, 0.5773557607615791, 0.5847767586406715, 0.5302042312406026, 0.569946969927762]"
Mismatched-C-3,59101,1,False,False,True,"[0.6487947158964227, 0.686944906591967, 0.6087725077360915, 0.6236347993377647, 0.6149647409107641, 0.5948492800936295, 0.536381975214125, 0.6336876607024235]"
Mismatched-C-3,59177,1,False,False,True,"[0.6449402926293459, 0.6866907072578361, 0.6481575639433845, 0.6124741891592946, 0.6292988238652066, 0.6739051490138604, 0.6394387826222827, 0.6576622096248073]"
Mismatched-C-3,59183,3,False,False,True,"[0.642132623566751, 0.7168096448142285, 0.7378079503542068, 0.7573888245705045, 0.71298664096247, 0.7371842247495894, 0.7097564182641989, 0.6826794175122859]"
Mismatched-C-3,59219,2,False,False,True,"[0.6008539973791351, 0.6185851466072015, 0.7193206463489918, 0.5980163841020796, 0.6978587402338219, 0.6933720693053631, 0.6694458040988409, 0.7019633436155726]"
Mismatched-C-3,59293,6,False,False,True,"[0.8599017760762384, 0.8349637114008661, 0.815110603024334, 0.8435825126587243, 0.7637191088923292, 0.8626918599224622, 0.8666688498529732, 0.7261454786637871]"
Mismatched-C-3,59464,1,False,False,True,"[0.540094635679736, 0.6823462203665667, 0.601608767277398, 0.5659138328140885, 0.5471824857242337, 0.56231058439398, 0.5651137965394855, 0.6789327328594863]"
Mismatched-C-3,59470,6,False,False,True,"[0.6838408357681565, 0.6411321992769964, 0.6528668712353111, 0.6968424828555517, 0.6830587120787213, 0.6843192507614548, 0.7431805780743285, 0.6413613742802803]"
Mismatched-C-3,59508,5,False,False,True,"[0.7147037598852841, 0.71926326401482, 0.7235520092990515, 0.7192658873081696, 0.7165617683011474, 0.7518661008210914, 0.7137970429755092, 0.7198218785924191]"
Mismatched-C-3,59838,4,False,False,True,"[0.6347874446347409, 0.6334714955224262, 0.5562213517576158, 0.6035951940464801, 0.6544966634903084, 0.5839723179258156, 0.5995822443649906, 0.5826605605199027]"
Mismatched-C-3,59905,5,False,False,True,"[0.5627227270171705, 0.5194485048437747, 0.5404124562220073, 0.4334425612244699, 0.5234619285095774, 0.5669500275691448, 0.5471299683497348, 0.5514394989982105]"
Mismatched-C-3,60063,5,False,False,True,"[0.6314921952373949, 0.6139272528190796, 0.6299681807740931, 0.5873403280949852, 0.6404973394584002, 0.6715810526771856, 0.647874975130236, 0.623029504039376]"
Mismatched-C-3,60496,2,False,False,True,"[0.533017999585494, 0.5857557077125793, 0.6447447342867647, 0.5443499141146181, 0.56794529843504, 0.5990069310033916, 0.6005460604419649, 0.6117951121190747]"
Mismatched-C-3,60707,2,False,False,True,"[0.6438147740130169, 0.5255207642804463, 0.7213795384240238, 0.6675080176690901, 0.6217698854833688, 0.6332693567290459, 0.6930261873499566, 0.6811089980021552]"
Mismatched-C-3,60784,2,False,False,True,"[0.6697091340867147, 0.6491692783115143, 0.6748461729468612, 0.580346950094855, 0.4575023845799988, 0.6721257438380082, 0.5338956202655827, 0.5441969814907409]"
Mismatched-C-3,60932,1,False,False,True,"[0.7639547797047201, 0.7869061991306376, 0.7622001464261867, 0.7673472890388059, 0.7830874114073412, 0.7769151600294092, 0.7546005244444713, 0.7681212659733685]"
Mismatched-C-3,61327,6,False,False,True,"[0.7291807120098265, 0.6921725669796228, 0.7185584484613161, 0.721447860579191, 0.6960252546437911, 0.7110516505109822, 0.7292345227512314, 0.7240596799992294]"
Mismatched-C-3,61653,5,False,False,True,"[0.6452359035240154, 0.6362454256768064, 0.5774793226294794, 0.6465250838342858, 0.5885303186417759, 0.6586297516996648, 0.6025085268097286, 0.645248779360039]"
Mismatched-C-3,61683,1,False,False,True,"[0.6677970740382013, 0.7420961109620103, 0.6395284190252091, 0.6756386471708944, 0.6181033799907023, 0.62374948812488, 0.6626431099214165, 0.5894313217865976]"
Mismatched-C-3,61701,7,False,False,True,"[0.6281873050631388, 0.5758622671208159, 0.6498385180341297, 0.6924027170234704, 0.5730283219779932, 0.6728599294746247, 0.6119309847298943, 0.6966968035514631]"
Mismatched-C-3,61868,7,False,False,True,"[0.6525921247138708, 0.6607290103180895, 0.61838780047482, 0.6528630627763616, 0.6390910462007084, 0.6768256531523238, 0.6383411241881854, 0.678912957826743]"
Mismatched-C-3,61878,3,False,False,True,"[0.6251383308312259, 0.6546791764247313, 0.5826033792108654, 0.6627186143632069, 0.6538860076557922, 0.5392256963594249, 0.6401694165058546, 0.6456141067866652]"
Mismatched-C-3,62117,0,False,False,True,"[0.6173158292341336, 0.5687159933595725, 0.5897341644343744, 0.5609279602784876, 0.6071523993834403, 0.555354648929602, 0.5895494296735355, 0.4940662784921831]"
Mismatched-C-3,62587,1,False,False,True,"[0.47650365183590515, 0.7123391123607752, 0.5851562120716114, 0.6330876612243314, 0.6095933943561818, 0.7120576722794637, 0.5837705053104993, 0.6832178772519608]"
Mismatched-C-3,62627,4,False,False,True,"[0.5838457330838223, 0.6384224701739423, 0.6080798032792836, 0.545043041950075, 0.6726077864706734, 0.6697656158983973, 0.623214696996446, 0.6464458702238387]"
Mismatched-C-3,63062,2,False,False,True,"[0.449726042512283, 0.6927023043466228, 0.7569128309234288, 0.5942583620571236, 0.60986453698591, 0.614949849202433, 0.48502349593330285, 0.49182846929542334]"
Mismatched-C-3,63247,7,False,False,True,"[0.5271309627545904, 0.5805035897525596, 0.4840223162816679, 0.5942365164077952, 0.56869809164639, 0.5752290922216432, 0.5783450889497446, 0.6187130763006976]"
Mismatched-C-3,63837,5,False,False,True,"[0.5026743982263796, 0.5125067428843387, 0.6177702259400218, 0.5165541215126355, 0.4540057795594965, 0.6652598245521593, 0.571581428680102, 0.6105939134883251]"
Mismatched-C-3,63869,5,False,False,True,"[0.6750152157246164, 0.6030187764454915, 0.6351374523802469, 0.6566864760582607, 0.6259919177917757, 0.6823194262367717, 0.6582557206926267, 0.6558311818104182]"
Mismatched-C-3,64050,6,False,False,True,"[0.5329670791023935, 0.6037383653991665, 0.6409147788028033, 0.6277022515415748, 0.5614191296502, 0.5930892250151818, 0.6487702713704684, 0.5823446318160275]"
Mismatched-C-3,64148,7,False,False,True,"[0.5023877560099764, 0.5818274187133575, 0.549926781101553, 0.523473609095514, 0.548507959626215, 0.548946927405202, 0.5403791196428849, 0.5825681138840737]"
Mismatched-C-3,64195,2,False,False,True,"[0.6664959672474491, 0.6414819316608719, 0.7171453622099946, 0.6341221369849823, 0.6919867223149785, 0.6561822027242068, 0.6824618069465666, 0.6412927807140487]"
Mismatched-C-3,64262,7,False,False,True,"[0.5932388240907203, 0.5300347053329155, 0.6453149169570231, 0.6071601565296749, 0.6787105247678247, 0.6703962415111755, 0.6095482214876486, 0.6930919836410074]"
Mismatched-C-3,64417,5,False,False,True,"[0.6593313746468277, 0.6914923560027623, 0.663251970616114, 0.6784598010717215, 0.6790642687523565, 0.7238874108075295, 0.5889190502454298, 0.6146676126600843]"
Mismatched-C-3,64547,4,False,False,True,"[0.4036705660773773, 0.5588249278156506, 0.42757131539703197, 0.5700539691870705, 0.6042819114186155, 0.500503793225455, 0.5796548584426666, 0.6029781402063343]"
Mismatched-C-3,64783,3,False,False,True,"[0.7246602855865004, 0.7362994239220113, 0.5915871287637208, 0.7364798966774907, 0.6501989134311188, 0.6117726283535005, 0.6929071685517294, 0.7135842875505888]"
Mismatched-C-3,64851,6,False,False,True,"[0.5706327052069288, 0.549435744230887, 0.5127659360082637, 0.5661536986809608, 0.4923639289738716, 0.5589872173291688, 0.6158970994745651, 0.6112361129825574]"
Mismatched-C-3,64925,3,False,False,True,"[0.6417822275041181, 0.6036873309651183, 0.5450191151771673, 0.6769614483487614, 0.5338272777237533, 0.6173164912703049, 0.6534032561183594, 0.6607663103940387]"
Mismatched-C-3,65218,5,False,False,True,"[0.6309555710404675, 0.46588278815619344, 0.6236498794064617, 0.6010198265908, 0.6428804498292062, 0.6473052114187015, 0.6000650358821082, 0.5796657926526259]"
Mismatched-C-3,65340,2,False,False,True,"[0.6944088119215155, 0.6836554173071471, 0.7146426712938674, 0.7067601616924107, 0.6387018838673042, 0.6214505995348899, 0.6563438238272568, 0.6409579870287242]"
Mismatched-C-3,65348,1,False,False,True,"[0.5562779826328725, 0.667106646533402, 0.5846809434093174, 0.531089793770797, 0.5637435803446109, 0.6222726685997699, 0.5889846341573439, 0.4799770542008083]"
Mismatched-C-3,65417,2,False,False,True,"[0.6274842156854878, 0.5874041678941972, 0.6626508024680255, 0.662134216932472, 0.6315401262915419, 0.5718655462007631, 0.5647994717083287, 0.5878395937674977]"
Mismatched-C-3,65553,7,False,False,True,"[0.6114553731004639, 0.6140635529466201, 0.6527529947031789, 0.5940650171629214, 0.671064736944281, 0.6185634989959454, 0.5997458197380993, 0.720049026086194]"
Mismatched-C-3,65609,6,False,False,True,"[0.5246992464511347, 0.6241046327080089, 0.5846299128958792, 0.6422044563200053, 0.620553791699265, 0.6312104196303996, 0.6616883105796374, 0.5071829362060758]"
Mismatched-C-3,65690,3,False,False,True,"[0.6148415769484286, 0.6721662217560389, 0.6911259008524963, 0.7200440889624814, 0.7124647883578753, 0.6556389630653208, 0.5762454924176763, 0.6867848050938716]"
Mismatched-C-3,65878,3,False,False,True,"[0.6752984096531358, 0.6960793154388103, 0.5853123222173175, 0.7129137719134346, 0.673382123573219, 0.6695922231116012, 0.7007586874909035, 0.618023648365422]"
Mismatched-C-3,66058,0,False,False,True,"[0.636513951620949, 0.5933752948093494, 0.5731510847522828, 0.5880066063769605, 0.6222724236080197, 0.6196855621861099, 0.5620880005877051, 0.6200031143170259]"
Mismatched-C-3,66209,2,False,False,True,"[0.6235304436796323, 0.671786000489746, 0.676512028070619, 0.6359541336108512, 0.6165643357100921, 0.6110059998227664, 0.5819882429126405, 0.6282299698292043]"
Mismatched-C-3,66269,6,False,False,True,"[0.6958823075877999, 0.6224674470175798, 0.6676279053333485, 0.6850967516566351, 0.7591156031403495, 0.6718510968183415, 0.8282047333264313, 0.689691668475928]"
Mismatched-C-3,66437,4,False,False,True,"[0.648192993306996, 0.6694742748582839, 0.5854063296152304, 0.6104618623680516, 0.6840014376392282, 0.647926610404792, 0.6730783478589708, 0.5594719504122286]"
Mismatched-C-3,66512,3,False,False,True,"[0.6699173880825042, 0.6459534483920384, 0.6379785843088113, 0.7498681584016333, 0.6953016473622285, 0.6376887094608126, 0.6376483017190038, 0.7496920431065441]"
Mismatched-C-3,66559,6,False,False,True,"[0.6776787075643466, 0.6872890415635022, 0.6524343360731718, 0.6600089904293899, 0.6897017825412992, 0.6695699650719074, 0.7221635788475456, 0.6662007404996965]"
Mismatched-C-3,66875,5,False,False,True,"[0.5814013562533351, 0.6115226226624669, 0.543749561974707, 0.6115479220062955, 0.5361176387592882, 0.6286921471414735, 0.6114234431311771, 0.610784998015081]"
Mismatched-C-3,67261,3,False,False,True,"[0.5800663438405185, 0.3997314533013366, 0.5619506302752344, 0.638840500423993, 0.4851050502494012, 0.4404490333844283, 0.4984262205244918, 0.4776005702932326]"
Mismatched-C-3,67281,0,False,False,True,"[0.6831543563747153, 0.6469357411518828, 0.6325992033371415, 0.6548915004371949, 0.6390756661224064, 0.6331797457044651, 0.6362471671050315, 0.6305414923644075]"
Mismatched-C-3,67361,6,False,False,True,"[0.6608030467241368, 0.7263737020017245, 0.7239782805750741, 0.7088946862598856, 0.5999805293845272, 0.7145494921399623, 0.7291859473439638, 0.6942636293343182]"
Mismatched-C-3,67444,1,False,False,True,"[0.6925546377701701, 0.7542569796951913, 0.6878973815813321, 0.7136860644074405, 0.6806145026274203, 0.7106200297456903, 0.5830641285144422, 0.7293080080778694]"
Mismatched-C-3,67673,3,False,False,True,"[0.5385947461248106, 0.5091632899317791, 0.5643128011157594, 0.6242932126095944, 0.6140330529610758, 0.6009141619720924, 0.5182797420071329, 0.6215534844462041]"
Mismatched-C-3,67708,4,False,False,True,"[0.5834548835016434, 0.6696149601243546, 0.6363312830922254, 0.6281100332635561, 0.7148413056711413, 0.668171744272822, 0.6020698149352721, 0.5831890962237077]"
Mismatched-C-3,67899,1,False,False,True,"[0.5724163302845087, 0.5802183228902346, 0.5196562704038056, 0.541302419383741, 0.5082292640437762, 0.5429543107004653, 0.5374346882282025, 0.5468257597784739]"
Mismatched-C-3,68121,1,False,False,True,"[0.5309094635283583, 0.7011813715585551, 0.5364067630453331, 0.6518834387838951, 0.5385672117308062, 0.6258752178235978, 0.6663276816009311, 0.5318046116396976]"
Mismatched-C-3,68127,3,False,False,True,"[0.6683540209837417, 0.6329433664350447, 0.62871274389049, 0.6686418227601534, 0.6596884488425325, 0.6165079886940004, 0.6573232651102903, 0.6673878658079164]"
Mismatched-C-3,68173,5,False,False,True,"[0.6169878463415576, 0.6163169429727914, 0.6408136659742851, 0.6695817405175937, 0.5940590979560608, 0.6870654108037249, 0.6419315446793246, 0.6833965020551002]"
Mismatched-C-3,68193,4,False,False,True,"[0.6683113335803125, 0.661576849452144, 0.6723055924059158, 0.6149284390469769, 0.7105789944730793, 0.7075878181917823, 0.5777759268738332, 0.561296397238551]"
Mismatched-C-3,68287,6,False,False,True,"[0.5503716364203182, 0.5766124193174232, 0.5886538785709038, 0.5707955708450912, 0.6283190943976207, 0.6076424485337628, 0.6403930132246901, 0.5770110137444935]"
Mismatched-C-3,68394,0,False,False,True,"[0.7254416947642784, 0.6496500924302993, 0.6597328996494918, 0.5745738843258499, 0.5847974543167251, 0.5770834621912627, 0.6671848298143548, 0.6051604713420158]"
Mismatched-C-3,68473,7,False,False,True,"[0.3915992006304111, 0.5771506438135131, 0.5208382693222825, 0.5760346252992972, 0.5137012205209938, 0.48781957667283504, 0.5318607473080758, 0.5901397740819694]"
Mismatched-C-3,68532,4,False,False,True,"[0.6062664123317718, 0.49211097086548244, 0.5526330645349662, 0.4587928813208971, 0.6674640937931056, 0.48848028927401366, 0.5602057175644967, 0.5089307752633705]"
Mismatched-C-3,68553,7,False,False,True,"[0.6359390573247832, 0.6444876739924594, 0.6049520243176487, 0.5887590307669741, 0.6914536817330486, 0.6186638523562774, 0.5808650666622156, 0.7059324734882153]"
Mismatched-C-3,68819,3,False,False,True,"[0.5912876168089881, 0.5941664800765207, 0.5496343860947421, 0.6367859241180679, 0.5742966871762614, 0.616900945593213, 0.5517192380995498, 0.6280915380936897]"
Mismatched-C-3,69085,3,False,False,True,"[0.7221555011121052, 0.7190284889802504, 0.700148113751524, 0.726352608146884, 0.7031380460668613, 0.7190162091843078, 0.7156377167473877, 0.7126749231356164]"
Mismatched-C-3,69087,2,False,False,True,"[0.6896193159819186, 0.6188962435152447, 0.7042374960964093, 0.6834983250553581, 0.5986452960554636, 0.6149144603460636, 0.605749145726455, 0.6480433394937922]"
Mismatched-C-3,69137,6,False,False,True,"[0.6982877737820554, 0.6659521545609104, 0.6716296701086126, 0.5727568290067018, 0.6358174389342415, 0.6056915526148192, 0.7043774712250851, 0.6969187662385842]"
Mismatched-C-3,69462,0,False,False,True,"[0.6820757775363819, 0.5074626574577188, 0.6172292007517801, 0.6778461990778248, 0.597364121510173, 0.5998433445855574, 0.6295370530212926, 0.6284149309101437]"
Mismatched-C-3,69641,4,False,False,True,"[0.8852015199517712, 0.8627120915703211, 0.8743012980450526, 0.8402550547970039, 0.9001040434966824, 0.889615268107672, 0.8143181798535497, 0.8763887505270883]"
Mismatched-C-3,70279,5,False,False,True,"[0.5792899538960637, 0.4731014420377673, 0.5803665503356324, 0.4259854990020602, 0.5257170368386717, 0.6193536708527998, 0.5778858657985051, 0.5610400696092674]"
Mismatched-C-3,70372,1,False,False,True,"[0.602469831135371, 0.6217054765485165, 0.5194707791043487, 0.5409397614886611, 0.26632036265281905, 0.6006173346057326, 0.5358738338487694, 0.5969356100568755]"
Mismatched-C-3,70496,0,False,False,True,"[0.6687279370411982, 0.6444770592567837, 0.6290980132638273, 0.5269283549028081, 0.6367468401617462, 0.6399009196944955, 0.6281117058295004, 0.5707683516178816]"
Mismatched-C-3,70765,2,False,False,True,"[0.589168140176078, 0.6259053532371308, 0.6922873789185267, 0.635500482883846, 0.6153671614345111, 0.5909070543899654, 0.6508489496421452, 0.5913252193765727]"
Mismatched-C-3,71264,4,False,False,True,"[0.7388802201381994, 0.6314528934816833, 0.7502056799657042, 0.7517268171695337, 0.8172860551258818, 0.6474325363231827, 0.7249361503541797, 0.7732641715407592]"
Mismatched-C-3,71624,1,False,False,True,"[0.48530596761612954, 0.6271133715045647, 0.5651417105831675, 0.5907142462312949, 0.5814652694173004, 0.5292351686822645, 0.6110588875586771, 0.6184652489418977]"
Mismatched-C-3,71735,3,False,False,True,"[0.8123055336604641, 0.8128153809216007, 0.7722342162515611, 0.8222476622214026, 0.8203450552409266, 0.810643225404426, 0.7738877996779978, 0.8144475638879795]"
Mismatched-C-3,72089,6,False,False,True,"[0.725934452856756, 0.7391761200490525, 0.7259518518780703, 0.735126510194075, 0.7053913930279352, 0.7031412132658807, 0.7514811027535118, 0.6660882171147382]"
Mismatched-C-3,72151,3,False,False,True,"[0.6560211839659891, 0.6085093524788481, 0.6379121371659431, 0.6577104450181541, 0.5607862527555466, 0.6380928427092608, 0.6477636646319219, 0.6154852708230799]"
Mismatched-C-3,72389,6,False,False,True,"[0.6132756257358228, 0.5890104769498827, 0.6314007980848844, 0.5723050038792814, 0.631277933058918, 0.5925334525597039, 0.6397074045965114, 0.5637731188256141]"
Mismatched-C-3,72527,6,False,False,True,"[0.6033274004032465, 0.7103095151154155, 0.6630534079969914, 0.6318511851075268, 0.6932004067232347, 0.6881811242769669, 0.7223524149137304, 0.6719860617821702]"
Mismatched-C-4,95,4,False,False,True,"[0.8337433800876531, 0.8051303103918162, 0.7973432388703338, 0.8217151877617479, 0.8465640122502269, 0.8087134417329818, 0.8094222998024608, 0.8160037998743188]"
Mismatched-C-4,204,3,False,False,True,"[0.7519992030093525, 0.7023638400069169, 0.7514142016963541, 0.7727463136034786, 0.7609760462861144, 0.6913137704242498, 0.7416907953124192, 0.7443995129002979]"
Mismatched-C-4,318,4,False,False,True,"[0.5662997276543809, 0.6139444264914221, 0.5788958759948024, 0.581339413118036, 0.6195970687932115, 0.59710373582544, 0.5555812811035448, 0.5805219202282945]"
Mismatched-C-4,356,2,False,False,True,"[0.5715316982638627, 0.7112993117502355, 0.7416664145806042, 0.6959804361011575, 0.7293750630923079, 0.5627213107930826, 0.5832069884720865, 0.64800645932676]"
Mismatched-C-4,425,2,False,False,True,"[0.5448584217273498, 0.5733036122471586, 0.6233074994885017, 0.6056725686103126, 0.5728285032614062, 0.49102029120825297, 0.5746314104719208, 0.5800290864612291]"
Mismatched-C-4,458,5,False,False,True,"[0.5964426933695788, 0.6436917345540063, 0.6431917275415897, 0.6830602716456029, 0.6189416206482046, 0.688544394250785, 0.6522358005399091, 0.5943853696866549]"
Mismatched-C-4,637,2,False,False,True,"[0.4436530265880432, 0.530240011037175, 0.7541544695796585, 0.5796304481212244, 0.6581210717215757, 0.6309285916338973, 0.49056544873219543, 0.5866939702894065]"
Mismatched-C-4,709,0,False,False,True,"[0.4645128707334955, 0.44796529794936046, 0.4588391787047346, 0.40556504730204923, 0.4217375027590571, 0.4374855202192085, 0.46264179700937375, 0.40137449909050615]"
Mismatched-C-4,868,6,False,False,True,"[0.5976743103928635, 0.5840259601972628, 0.6165125000361114, 0.5438819460219348, 0.5708241204479443, 0.6088646938417526, 0.6506605022266108, 0.5524895499795888]"
Mismatched-C-4,1015,4,False,False,True,"[0.6485741253947146, 0.5949599214615762, 0.6633614536182091, 0.630683499422798, 0.7050075774051823, 0.6534018053819677, 0.6648479966192713, 0.5563825997502365]"
Mismatched-C-4,1288,7,False,False,True,"[0.5381676341473403, 0.5975133708355054, 0.6108557392604759, 0.5708069157377227, 0.598542622413677, 0.5355494613651575, 0.6004526592967911, 0.625369289700979]"
Mismatched-C-4,1589,1,False,False,True,"[0.5322452458093552, 0.6893328571122628, 0.5296493815140491, 0.5993595835499907, 0.5762569404799425, 0.5355750044708156, 0.5505011651903342, 0.5700479371363159]"
Mismatched-C-4,1744,1,False,False,True,"[0.6788686666613786, 0.7260759312185726, 0.6814562779932989, 0.6540101393587437, 0.6657754158732054, 0.6075866771500897, 0.6625702151547064, 0.639114919073634]"
Mismatched-C-4,1818,4,False,False,True,"[0.6074048256694219, 0.6633293342520729, 0.6717961537197361, 0.6619862322655112, 0.7372197238710827, 0.6760564500759727, 0.6550607970711368, 0.6833684039343274]"
Mismatched-C-4,2070,3,False,False,True,"[0.43824496077493036, 0.5268725517275124, 0.6080118674275011, 0.6310347254286164, 0.5997130287161725, 0.5418678563642703, 0.5192070883344455, 0.614474424216282]"
Mismatched-C-4,2125,3,False,False,True,"[0.549857508102409, 0.5301928518400312, 0.5640236480741156, 0.6305533237855768, 0.5701589130987017, 0.4583168462113918, 0.5494404910246917, 0.5191317684755302]"
Mismatched-C-4,2327,1,False,False,True,"[0.6795266122335757, 0.7295233661896816, 0.6875118110052723, 0.7098563483603602, 0.6801106434193672, 0.6608893491805576, 0.6635299567129442, 0.6723243194050039]"
Mismatched-C-4,2737,0,False,False,True,"[0.7236449643835505, 0.7027032496368275, 0.6998546535412349, 0.6679206565402239, 0.6546289070765726, 0.6487209676085601, 0.6792857857919252, 0.6871550771950454]"
Mismatched-C-4,2795,0,False,False,True,"[0.7484960540982913, 0.7091559369219853, 0.70614423230916, 0.7270436620316076, 0.7468395562190451, 0.7232846518504894, 0.7345912160537436, 0.7168426196810247]"
Mismatched-C-4,2980,6,False,False,True,"[0.7836851414699919, 0.8031525894697876, 0.7899571985068816, 0.7892086950909132, 0.7753897606283545, 0.7899644675183874, 0.8127458572517219, 0.7948465750326686]"
Mismatched-C-4,3338,1,False,False,True,"[0.6839632461223168, 0.7096095215632343, 0.4905682428488395, 0.6357033626853629, 0.5965823395765902, 0.5856475862896996, 0.651136200922842, 0.4795834441685504]"
Mismatched-C-4,3344,5,False,False,True,"[0.5312373825580631, 0.5394555554752907, 0.407102909090617, 0.5268268763505707, 0.5679595564706288, 0.5713242949322805, 0.49152843648482747, 0.4855588186296458]"
Mismatched-C-4,3368,3,False,False,True,"[0.6568209880927578, 0.6815671776207273, 0.609856963484845, 0.6904915217153385, 0.651176793702427, 0.6535458280138308, 0.6406653541141352, 0.6780834046637296]"
Mismatched-C-4,3731,1,False,False,True,"[0.5932049147183547, 0.7215185550086254, 0.6814174878335584, 0.5917685404795701, 0.6373700166931341, 0.6955639956117541, 0.5794112961865387, 0.690907968836537]"
Mismatched-C-4,3803,6,False,False,True,"[0.5888412603725734, 0.5361788224573606, 0.5875216339489521, 0.7232333561301192, 0.7174968096019856, 0.6219348929376644, 0.7349765581375531, 0.6926793154709083]"
Mismatched-C-4,4292,5,False,False,True,"[0.5405431641309706, 0.5520174749862536, 0.4935541492764043, 0.5773696923161546, 0.5982715065837899, 0.7060130502429145, 0.563262449483029, 0.6213984421083681]"
Mismatched-C-4,4409,1,False,False,True,"[0.4915058553886994, 0.6467610092116778, 0.48686739521370836, 0.6005187350126318, 0.5445296714170853, 0.5603782801477366, 0.613580701704125, 0.5163902631171908]"
Mismatched-C-4,4476,5,False,False,True,"[0.6063330988229101, 0.6316899231904473, 0.6472991661549121, 0.5288886039784646, 0.48383655194416386, 0.6589668222448918, 0.5786096171787183, 0.6280813274642589]"
Mismatched-C-4,4509,4,False,False,True,"[0.6131338765599845, 0.5822989606597617, 0.6259967856345202, 0.6201862040571624, 0.6710645048250835, 0.6618252317484695, 0.610329946723213, 0.6681242974823767]"
Mismatched-C-4,4927,3,False,False,True,"[0.5797320276483208, 0.6112230507654948, 0.6037956889786743, 0.6846978905347508, 0.4578686469676143, 0.5492729205118259, 0.5841455626817353, 0.5918648254354644]"
Mismatched-C-4,4967,1,False,False,True,"[0.6692481779733688, 0.6750810958874446, 0.6581847698391884, 0.649573565361379, 0.6363400836980345, 0.6571556674890886, 0.6444225191624362, 0.6669005536571887]"
Mismatched-C-4,5340,1,False,False,True,"[0.6452841992713889, 0.7329031345135479, 0.5736321298591465, 0.6779246140780841, 0.7235266204574731, 0.6156786095742954, 0.677663988716698, 0.5966642746026514]"
Mismatched-C-4,5582,2,False,False,True,"[0.6491982866212561, 0.6551263336696288, 0.699034517470662, 0.6130494405658398, 0.6775497137520898, 0.6922151543131458, 0.6175842856763731, 0.6588971947973701]"
Mismatched-C-4,5656,6,False,False,True,"[0.7778570412872509, 0.7567703861581629, 0.666869962548404, 0.6825873530628692, 0.7509098259185778, 0.762954609424068, 0.785561413358346, 0.7224407363490721]"
Mismatched-C-4,5683,7,False,False,True,"[0.6313798774725636, 0.5969627859622025, 0.5395844792755424, 0.6604925514073716, 0.6069244379687355, 0.5377682419658335, 0.6066795146168127, 0.6941956252657685]"
Mismatched-C-4,5790,7,False,False,True,"[0.6985894540652441, 0.7462334833008947, 0.6667979484008822, 0.6720741397408316, 0.6832669233396573, 0.7287999492137329, 0.6752611782434477, 0.7821040865250702]"
Mismatched-C-4,5929,1,False,False,True,"[0.6868818124202272, 0.7037825647867051, 0.576730379250178, 0.6859509113657385, 0.6652112271546982, 0.6504217012077314, 0.6634432329740994, 0.5077648677954937]"
Mismatched-C-4,6315,5,False,False,True,"[0.6373687857166146, 0.6603581456656517, 0.6119145055752381, 0.6749837269213379, 0.6460386643570135, 0.697599239727337, 0.5346563694570312, 0.6041338873978811]"
Mismatched-C-4,6360,4,False,False,True,"[0.6078735581418628, 0.5185793348255825, 0.5543976582753039, 0.6188112133091026, 0.6614183863802385, 0.592966751240063, 0.49337985627197617, 0.5987517314680548]"
Mismatched-C-4,6454,4,False,False,True,"[0.609709517364728, 0.5378414927193991, 0.6592166157438404, 0.5978108440173089, 0.6633700830114193, 0.6190538690642857, 0.6040129586536966, 0.5826280072984399]"
Mismatched-C-4,6603,2,False,False,True,"[0.7118337555374432, 0.719854069847059, 0.772603147879938, 0.6607631513984912, 0.7716064138562626, 0.7170195872338407, 0.7130345488191099, 0.6680583511564688]"
Mismatched-C-4,6750,3,False,False,True,"[0.5662091204834747, 0.4821167452914725, 0.505462569799318, 0.5682933990215943, 0.4765350372660889, 0.42566033355855415, 0.4964105419819017, 0.5104119364076277]"
Mismatched-C-4,6759,2,False,False,True,"[0.660917174999174, 0.6543178640296383, 0.6716095937140008, 0.6389044388842742, 0.6474270596313791, 0.6461447490127161, 0.6377461819534433, 0.6376490864963864]"
Mismatched-C-4,6770,3,False,False,True,"[0.6627537172524476, 0.6591673847418346, 0.636405179601373, 0.7072503006502722, 0.6730124587913737, 0.7005121095099365, 0.6966942691558, 0.6558103897852667]"
Mismatched-C-4,6991,0,False,False,True,"[0.7482102609825201, 0.6297160277740081, 0.6184877570179923, 0.6367427667660348, 0.608105390617502, 0.5798280126833231, 0.5763534789838503, 0.7054981608554003]"
Mismatched-C-4,7306,3,False,False,True,"[0.6362948499092058, 0.7020292798205655, 0.6279216032763963, 0.718762686390428, 0.7144800639614163, 0.7010595783257991, 0.606901628791915, 0.7032413753841043]"
Mismatched-C-4,7355,2,False,False,True,"[0.6048583802240434, 0.6825862764601307, 0.7140968683932092, 0.5765080892425687, 0.6627747275379194, 0.6276959932236722, 0.5685115077349918, 0.7105831076684228]"
Mismatched-C-4,7899,6,False,False,True,"[0.49478401764064317, 0.56638744831067, 0.5479635581443699, 0.5923328323380743, 0.4800837862481434, 0.5869932047358881, 0.596928765442255, 0.5066867782380318]"
Mismatched-C-4,8061,2,False,False,True,"[0.5330167022212562, 0.42647729270302037, 0.6334415863393468, 0.5519508858011584, 0.5160778548780365, 0.5322548719733615, 0.5088852358152102, 0.53533322630582]"
Mismatched-C-4,8215,7,False,False,True,"[0.5330257128121729, 0.5473454306350332, 0.4469609876556956, 0.6287958504528697, 0.5813286886069834, 0.5866903607060214, 0.524428099996405, 0.6830129613278577]"
Mismatched-C-4,8234,6,False,False,True,"[0.6145671472892178, 0.6213002018997347, 0.638769676061113, 0.5343619730201083, 0.6174516723933581, 0.594111236789546, 0.6397505775315793, 0.6363652239979274]"
Mismatched-C-4,8238,0,False,False,True,"[0.6893452893392901, 0.6301854276185213, 0.6563119863449122, 0.5566585348299992, 0.6456426886393927, 0.576764756417905, 0.651319086083189, 0.5746591198513642]"
Mismatched-C-4,8275,3,False,False,True,"[0.644432622270819, 0.6290579856689023, 0.6449180179446845, 0.65347364678998, 0.6073155089753288, 0.6210557230037952, 0.6021950877432819, 0.5756811056305111]"
Mismatched-C-4,8367,4,False,False,True,"[0.6467278223257162, 0.6601001929092638, 0.5805592692671382, 0.6380341789389203, 0.6980792869335865, 0.6436653924542082, 0.6892559574052242, 0.6771139085921218]"
Mismatched-C-4,8828,3,False,False,True,"[0.6326935372802105, 0.6708961795568096, 0.7077363619767654, 0.7252579086939468, 0.6864273199983375, 0.687576355398201, 0.655255358934647, 0.668834355179337]"
Mismatched-C-4,8862,6,False,False,True,"[0.6486077138834339, 0.6057194513159426, 0.6327112619308206, 0.6329662492451945, 0.6241006864342586, 0.5036756704564614, 0.6493625261476801, 0.5450866747690235]"
Mismatched-C-4,8926,4,False,False,True,"[0.6815359509314638, 0.529655483460169, 0.6420118359892137, 0.5532870328027528, 0.7179434547631458, 0.6048469180042366, 0.6641736219726018, 0.5382243092467855]"
Mismatched-C-4,9188,2,False,False,True,"[0.7852984390840614, 0.7596266350402088, 0.8091422239535022, 0.6975056686389807, 0.7839609888104926, 0.8041979488536182, 0.7629702304023367, 0.7857813406960833]"
Mismatched-C-4,9298,5,False,False,True,"[0.6806520968248813, 0.7180247304638037, 0.7267760495192404, 0.7224417387326807, 0.797535627624069, 0.8010190324635781, 0.7202658446065712, 0.7203895291752507]"
Mismatched-C-4,9376,3,False,False,True,"[0.7056581220624432, 0.7070392300920466, 0.6801160147400501, 0.7232564374518455, 0.7136890930661415, 0.6699529283100629, 0.6972756527873505, 0.7022506187393915]"
Mismatched-C-4,9712,4,False,False,True,"[0.5157389375837794, 0.6318554546145321, 0.6154807504494211, 0.5004410476243628, 0.7203022116714657, 0.6214859771728464, 0.6922802997005835, 0.6230743027170753]"
Mismatched-C-4,9877,2,False,False,True,"[0.7104246169062625, 0.6772268054828612, 0.7155397531380709, 0.6478649138265442, 0.6817057704706064, 0.6459525581326178, 0.6896041330701328, 0.6928841858261163]"
Mismatched-C-4,10115,4,False,False,True,"[0.60153357494878, 0.6859205112204365, 0.4877618164252462, 0.6837512499270479, 0.6989676516353931, 0.5206600608735987, 0.6614154358144482, 0.5945467379758373]"
Mismatched-C-4,10191,0,False,False,True,"[0.7987629770695484, 0.7416153801365624, 0.7859976962084974, 0.750961422426931, 0.7880921811108372, 0.7436311007275629, 0.7433807452870811, 0.7378127636709408]"
Mismatched-C-4,10361,4,False,False,True,"[0.5461818981011726, 0.5121398156461898, 0.523909210078081, 0.5612162031091574, 0.5844162967666946, 0.5785332308258126, 0.5197002624331213, 0.46490623257814745]"
Mismatched-C-4,10602,2,False,False,True,"[0.6765398515884395, 0.6066307409182727, 0.7052307033433102, 0.6576859148696617, 0.6506845191829977, 0.6233970452225581, 0.6721415915386674, 0.6603339589420731]"
Mismatched-C-4,10622,2,False,False,True,"[0.6994122588752999, 0.7115393607333662, 0.737904837421606, 0.6290370622892056, 0.7053270790411463, 0.7011615867044192, 0.7359412709917654, 0.6327859755044487]"
Mismatched-C-4,11050,4,False,False,True,"[0.6269756876114507, 0.5382053113515505, 0.6742454408990562, 0.6371737117244535, 0.7655755462459521, 0.7102875296840758, 0.7130224999029018, 0.6220163973386037]"
Mismatched-C-4,11274,5,False,False,True,"[0.6737103436325311, 0.7431581695027696, 0.696467691414725, 0.6640328199423811, 0.667952085048581, 0.7442725133803743, 0.720379875857842, 0.6816825282441022]"
Mismatched-C-4,11493,3,False,False,True,"[0.6105674569691233, 0.6277185437789572, 0.6181089200069408, 0.7198263289080522, 0.5807927062293046, 0.5968437667505452, 0.5517181336666236, 0.5706026023946555]"
Mismatched-C-4,11757,5,False,False,True,"[0.6563612891007604, 0.650836281297136, 0.5944495412176036, 0.6907003671822171, 0.6832888576197591, 0.6945570861293272, 0.5436509721816476, 0.5662920993042467]"
Mismatched-C-4,11886,2,False,False,True,"[0.6800875658164609, 0.6688545828386976, 0.7080677316609505, 0.65110577652672, 0.6800598909275332, 0.6624656663388081, 0.6406892229678307, 0.6488472622453199]"
Mismatched-C-4,12122,1,False,False,True,"[0.6480064629482047, 0.6564161441758063, 0.608302897711329, 0.5628439085346658, 0.6211300936573783, 0.6258337952123232, 0.6036981667254253, 0.5708859812122913]"
Mismatched-C-4,12225,5,False,False,True,"[0.6563309640415098, 0.6624150909508508, 0.6703247645298399, 0.5706607200687024, 0.6106103197474857, 0.6985058686344283, 0.6758461384846373, 0.6352502367234282]"
Mismatched-C-4,12292,4,False,False,True,"[0.5835758744359829, 0.6017427494449301, 0.6913003953171809, 0.728944693617632, 0.7307669502870173, 0.6685696921854762, 0.682829900511206, 0.6868636858628541]"
Mismatched-C-4,12340,7,False,False,True,"[0.6072875849308466, 0.5965722214771918, 0.6432423259227509, 0.5233908792835229, 0.6468487221727353, 0.6369538883082231, 0.6359801021681718, 0.6651046225542032]"
Mismatched-C-4,12386,0,False,False,True,"[0.6089941953838252, 0.5156228107907276, 0.5584535589159904, 0.5544657714273916, 0.5991404343309525, 0.597921335973303, 0.5471018433683364, 0.5695313881820259]"
Mismatched-C-4,12597,2,False,False,True,"[0.5178298708174418, 0.6114078407394454, 0.6641694619977057, 0.58890646076518, 0.5649317693198455, 0.5915714000387307, 0.5224628185149398, 0.5671427112305096]"
Mismatched-C-4,13041,1,False,False,True,"[0.5522728786478787, 0.635707476444296, 0.5630684426511421, 0.5310427589613606, 0.6026603559970645, 0.5487776821045016, 0.6046441242541982, 0.584099957156267]"
Mismatched-C-4,13134,4,False,False,True,"[0.6016983781031546, 0.6118478872172934, 0.673249856347129, 0.7137017654818618, 0.7219656610013402, 0.7051037081275577, 0.639047937483729, 0.5732113789868557]"
Mismatched-C-4,13223,7,False,False,True,"[0.6036610054562965, 0.6332611791809446, 0.6752401199926519, 0.5384829318939373, 0.6626134388301648, 0.6429677160957195, 0.6190397231613766, 0.7125827650415673]"
Mismatched-C-4,13298,6,False,False,True,"[0.6774805718661491, 0.6622949156416067, 0.6901522613488862, 0.7203448746107961, 0.7071624787034176, 0.6924457927993344, 0.7382235758232865, 0.6782560821798553]"
Mismatched-C-4,13587,0,False,False,True,"[0.6809753726172272, 0.5913971527507729, 0.6164394984735199, 0.6501847906892484, 0.661025438965809, 0.6113888471247934, 0.5930760821485521, 0.6150788200049478]"
Mismatched-C-4,13703,2,False,False,True,"[0.5431054948947562, 0.6025106161670514, 0.6767709627999773, 0.5425782750649376, 0.557786732098954, 0.555509784783399, 0.6200020705805298, 0.6403845405980484]"
Mismatched-C-4,13741,1,False,False,True,"[0.6240017875366628, 0.6534448015950198, 0.59274035667919, 0.6346066242042905, 0.5600856657831714, 0.6036228748561646, 0.5723117885914025, 0.6272615800139314]"
Mismatched-C-4,13749,1,False,False,True,"[0.5252134000267819, 0.6540672737603858, 0.5641600544267737, 0.6329690488148558, 0.5241484642086037, 0.4947267318635653, 0.6113769924756088, 0.4508764698891807]"
Mismatched-C-4,13826,5,False,False,True,"[0.6490748384568654, 0.7431755632670793, 0.7198685414801335, 0.6565028883910322, 0.6450242825764536, 0.7518247603288157, 0.6547301792021634, 0.6978313240507691]"
Mismatched-C-4,13842,0,False,False,True,"[0.7375072176208952, 0.6972064196662, 0.6810032327875164, 0.6718399003725888, 0.6883710503109224, 0.6566262590875499, 0.6751692497930698, 0.6990270943192112]"
Mismatched-C-4,13879,5,False,False,True,"[0.5237924484071698, 0.5620934947213343, 0.645633506885935, 0.518294756182687, 0.5629356618623662, 0.6594317797631744, 0.6148426466642692, 0.6251307552976353]"
Mismatched-C-4,13895,4,False,False,True,"[0.5865323653417998, 0.6368968688842551, 0.6543340520144405, 0.6617958830951298, 0.7381877087976998, 0.6350743638267689, 0.5596255987687153, 0.6477309006069139]"
Mismatched-C-4,13938,6,False,False,True,"[0.6261284506628679, 0.5686719682054723, 0.5857498198707396, 0.6202062249579137, 0.601228361161734, 0.5953053373009911, 0.6483063381207648, 0.6240427591925455]"
Mismatched-C-4,14049,4,False,False,True,"[0.6785507115243485, 0.6823298072910705, 0.698435410505743, 0.6645910737674291, 0.7062212815835075, 0.6959536202539429, 0.6620522350204321, 0.6727667772838575]"
Mismatched-C-4,14170,1,False,False,True,"[0.6701579923324781, 0.6800365566932018, 0.6458860567753988, 0.6483675632876329, 0.6730249376516724, 0.6559695737811624, 0.6396962329147123, 0.6583701866214805]"
Mismatched-C-4,14245,7,False,False,True,"[0.6033040627929928, 0.597028806964198, 0.6622742551502852, 0.6099398265146382, 0.6091161736298378, 0.6054086151033387, 0.664166131132029, 0.6668548771822049]"
Mismatched-C-4,14274,3,False,False,True,"[0.6304528808535439, 0.5793473810654384, 0.5709972284803636, 0.6315719123760872, 0.5367842706816461, 0.61199488554738, 0.5720028809016215, 0.5442339326374724]"
Mismatched-C-4,14728,6,False,False,True,"[0.663475018823622, 0.638531181118414, 0.6388797345388947, 0.661237132890381, 0.6475083857932157, 0.6010035091531958, 0.7032113150612729, 0.592814333470741]"
Mismatched-C-4,15068,2,False,False,True,"[0.7134853172345296, 0.7180514086649407, 0.7263212984840954, 0.694117315054207, 0.690171210068286, 0.7139799838522225, 0.6770532043380486, 0.7066455956395852]"
Mismatched-C-4,15181,7,False,False,True,"[0.5651374311708719, 0.5777934189116323, 0.5747941438669835, 0.4944299327156145, 0.5042017558474334, 0.5529738851478257, 0.5486763358735289, 0.591098186559284]"
Mismatched-C-4,15182,5,False,False,True,"[0.5126854580809028, 0.44320286599934067, 0.45993420094200227, 0.5251265516440552, 0.5708118898437355, 0.6364812378727867, 0.4721388897369995, 0.622330223675813]"
Mismatched-C-4,15191,2,False,False,True,"[0.6005092392082971, 0.569598466298284, 0.7442804494674731, 0.6382330616774594, 0.6698080197529995, 0.6677858622422596, 0.6363035168172305, 0.681150053854483]"
Mismatched-C-4,15274,3,False,False,True,"[0.6540502881499817, 0.6676615637118934, 0.635572606535723, 0.6785495517958078, 0.6783984285527345, 0.644009125386866, 0.6325761181094168, 0.6630248541830991]"
Mismatched-C-4,15386,6,False,False,True,"[0.6502494149964065, 0.6272020811009736, 0.6631146394430337, 0.6543944948982536, 0.6749872597672639, 0.6381300174832066, 0.6944990635631041, 0.641218302764776]"
Mismatched-C-4,15438,7,False,False,True,"[0.6645025600600363, 0.6000317605425642, 0.7081542314025758, 0.6740558462112259, 0.6798625780368048, 0.6714871976642998, 0.6851525547542012, 0.785338286404536]"
Mismatched-C-4,15516,0,False,False,True,"[0.5579171525887137, 0.46066463711664685, 0.5211813010949382, 0.4759846813949432, 0.388739665789147, 0.4615307925884691, 0.467261608305668, 0.4791266393052357]"
Mismatched-C-4,15631,0,False,False,True,"[0.5996857798051225, 0.5713457047497219, 0.5550221531716137, 0.5526796612570651, 0.5665747563721317, 0.5914712287819235, 0.5902764147617023, 0.5283781692060265]"
Mismatched-C-4,15632,2,False,False,True,"[0.5723082711962711, 0.6311486752142594, 0.634313541947337, 0.6104138483695802, 0.5863429949339206, 0.6330919424119998, 0.6088142551671183, 0.6007744333938576]"
Mismatched-C-4,15865,6,False,False,True,"[0.5917122846040992, 0.5765578612121363, 0.5657874514841152, 0.6011797028048353, 0.6221574105914589, 0.5608674227390609, 0.7067130459628026, 0.5506665665680843]"
Mismatched-C-4,15898,1,False,False,True,"[0.7863308164683965, 0.8175305843746599, 0.7647163915780644, 0.7099861724120278, 0.7637412805205038, 0.8091755456528038, 0.7397752950557763, 0.7957596704569502]"
Mismatched-C-4,15953,5,False,False,True,"[0.5375672229983794, 0.6049663095915554, 0.6179587121078995, 0.614416814314682, 0.5861907729226767, 0.626217599268611, 0.6000175274674073, 0.562431141497262]"
Mismatched-C-4,15985,1,False,False,True,"[0.5332743418668318, 0.6447938295964855, 0.5418239656604762, 0.4715041436340107, 0.6267299738031995, 0.5073741046055578, 0.589564669094608, 0.544975959342517]"
Mismatched-C-4,16251,5,False,False,True,"[0.5781216617076027, 0.49948550830213, 0.5578065212467888, 0.5944842762155591, 0.5350175586022217, 0.6408867969374269, 0.5652658948253381, 0.5787493478532193]"
Mismatched-C-4,16424,1,False,False,True,"[0.6048712498792785, 0.666474008816808, 0.5914068849193062, 0.6144076663414468, 0.6539086168815809, 0.620343090690156, 0.560814379241161, 0.6524433712094937]"
Mismatched-C-4,16525,1,False,False,True,"[0.6476867388061263, 0.7346675462315448, 0.6894711031315459, 0.6791270309487427, 0.659146800457854, 0.6165870226208956, 0.649594862075398, 0.6572976055694268]"
Mismatched-C-4,16625,4,False,False,True,"[0.6687091304161307, 0.6746787237487235, 0.6967809961011697, 0.6798897379962577, 0.7169711128084708, 0.648567256529534, 0.6994665054683217, 0.696666073797967]"
Mismatched-C-4,16718,2,False,False,True,"[0.6416190261651395, 0.6705940021461183, 0.7470686376331912, 0.6974715903402655, 0.6040601481695606, 0.6069210778357074, 0.6726626920410889, 0.6315282857460219]"
Mismatched-C-4,16800,6,False,False,True,"[0.5971278522627792, 0.5614695177078841, 0.636410555790796, 0.6127645676764206, 0.610823620343707, 0.6364370422051429, 0.644543710964398, 0.5537729143543069]"
Mismatched-C-4,17017,2,False,False,True,"[0.5399676924906186, 0.5477176027236419, 0.6485470507769577, 0.5674660192164382, 0.5581872628364927, 0.5903207124071039, 0.6038254009345047, 0.5138297382779026]"
Mismatched-C-4,17605,6,False,False,True,"[0.6488436770674396, 0.624435714949327, 0.47272869768668535, 0.6413265118152158, 0.6413188341507765, 0.5878439406920855, 0.6629919174766021, 0.6314282638233186]"
Mismatched-C-4,17651,1,False,False,True,"[0.6630663508837931, 0.7309541005031115, 0.6419203624174716, 0.6599149228323162, 0.7002708144622539, 0.7053774849010587, 0.7136974083618532, 0.6883759713753967]"
Mismatched-C-4,17795,0,False,False,True,"[0.7255591320932568, 0.6676648510032038, 0.6735486230368983, 0.6474614636566369, 0.5441549689042928, 0.6829377656182699, 0.5528089030404948, 0.7138107148469586]"
Mismatched-C-4,17843,6,False,False,True,"[0.6072658556244701, 0.6590045746123754, 0.6895809173781119, 0.7157049135035893, 0.634641642357701, 0.6189889399816615, 0.7299574584037993, 0.6428794817204009]"
Mismatched-C-4,17865,6,False,False,True,"[0.7609446172269678, 0.7549743713628839, 0.6512484747005238, 0.7652766914678836, 0.7736911598243454, 0.7614471701901474, 0.7838621721198038, 0.7138492933554115]"
Mismatched-C-4,17946,2,False,False,True,"[0.5772867829724393, 0.5057059930710084, 0.6082106397343477, 0.570003732244889, 0.5781319056352501, 0.6032277162009445, 0.5518857182936974, 0.585136891750664]"
Mismatched-C-4,17987,2,False,False,True,"[0.5787973383147098, 0.6003047626174604, 0.6501953535533616, 0.5895270920050542, 0.5713198622689768, 0.6142402335700081, 0.6155954361962999, 0.6227236830517175]"
Mismatched-C-4,18115,2,False,False,True,"[0.5839527102788622, 0.5605007389582461, 0.6147786723082469, 0.5009203653425445, 0.5429279325196261, 0.6061659633721748, 0.4818982856575769, 0.5938375149086367]"
Mismatched-C-4,18159,1,False,False,True,"[0.5562833183993562, 0.7162700024353079, 0.6590325576635565, 0.6741965393683116, 0.6616444060307423, 0.6344838468896734, 0.6721958896161317, 0.6056952761151932]"
Mismatched-C-4,18170,7,False,False,True,"[0.6002092259435075, 0.4647207771518376, 0.5209014333413795, 0.5768643086536347, 0.568345717818073, 0.5190034714703191, 0.5150220231993835, 0.6291983536885524]"
Mismatched-C-4,18556,0,False,False,True,"[0.7115925358984649, 0.6793198321214293, 0.6746264269834401, 0.6526391001625724, 0.6982160330826748, 0.6258058105597153, 0.6611892693367452, 0.6772664833318423]"
Mismatched-C-4,18888,7,False,False,True,"[0.5295245585245602, 0.598306865338456, 0.5393539461891682, 0.5628847707890443, 0.5708555194584659, 0.5213190426851404, 0.6020075488910566, 0.6282075609522458]"
Mismatched-C-4,18960,7,False,False,True,"[0.577064959557702, 0.6453931526203657, 0.6022884743262693, 0.6433344358087172, 0.6297012697625815, 0.6201256314975776, 0.6649843557332475, 0.6808033776726102]"
Mismatched-C-4,19331,5,False,False,True,"[0.7747148982295952, 0.7738369782537058, 0.7981387217855217, 0.7667539587973982, 0.7983009805256911, 0.8004935029115713, 0.7906338695908205, 0.7899387154388187]"
Mismatched-C-4,19471,0,False,False,True,"[0.6905040862241878, 0.6768216568368645, 0.6452248637549095, 0.5938573400972361, 0.6518157909685593, 0.5950879652749624, 0.657491277340001, 0.5913681764475021]"
Mismatched-C-4,19593,6,False,False,True,"[0.5098223171076395, 0.5512739669978676, 0.5713128997633313, 0.6230788567960321, 0.6075983973899922, 0.6509581459191975, 0.656475934444601, 0.58195493067343]"
Mismatched-C-4,19605,7,False,False,True,"[0.5778757721177024, 0.5745260663841054, 0.5876351635242583, 0.5793624549860816, 0.5053888278403118, 0.5475721542731777, 0.5514199080434962, 0.6933667079046343]"
Mismatched-C-4,20013,2,False,False,True,"[0.5937285992042916, 0.623085867364912, 0.66237394503178, 0.6081936392165421, 0.4634666559982761, 0.5152547611586363, 0.5934964865855613, 0.5642529780259123]"
Mismatched-C-4,20072,0,False,False,True,"[0.7504615023317467, 0.7331825249492545, 0.6947726413387721, 0.6842858965787817, 0.6303462618829958, 0.7194327624373651, 0.745400885755755, 0.6629994367752114]"
Mismatched-C-4,20317,4,False,False,True,"[0.6285027271926631, 0.5828395255508153, 0.6157482651618039, 0.5844326532889643, 0.6300302861100552, 0.5624298596489872, 0.5273547598978809, 0.5493131248404118]"
Mismatched-C-4,20380,7,False,False,True,"[0.3447845322574924, 0.5418169182573405, 0.49320497342470293, 0.5712370802100257, 0.571984822899906, 0.4960206642320276, 0.34630448752503556, 0.6961783751408366]"
Mismatched-C-4,20520,6,False,False,True,"[0.6196699228354443, 0.5998813318900067, 0.693083839641131, 0.537618094402718, 0.6458389855572615, 0.6541844888389958, 0.704576516374728, 0.6432489908624482]"
Mismatched-C-4,20545,1,False,False,True,"[0.5373068523485095, 0.6777080022476636, 0.5897397630347855, 0.5897311194173587, 0.6538820714309763, 0.5527230427567708, 0.5144294706679734, 0.5341603218764033]"
Mismatched-C-4,20863,0,False,False,True,"[0.6582965464700232, 0.5688986800569168, 0.5664968777124892, 0.5886561412912725, 0.5591883529897227, 0.5733333342624749, 0.6253347079431412, 0.6507044861400548]"
Mismatched-C-4,20882,3,False,False,True,"[0.7430109174859267, 0.7285352947778413, 0.7623165517786281, 0.8195376278958659, 0.7167492955129939, 0.7987756080873959, 0.7400295673232544, 0.6922248451765076]"
Mismatched-C-4,20904,3,False,False,True,"[0.6563076047807886, 0.6526209764666641, 0.6825463735612554, 0.7113646771888671, 0.6397366166499463, 0.6818269475512122, 0.6136281151468281, 0.6844976034444281]"
Mismatched-C-4,21295,1,False,False,True,"[0.6944847549857533, 0.7825383220026272, 0.7600789292815411, 0.7166793050564311, 0.779928466358784, 0.67079994473876, 0.6916838117287064, 0.7214147518910703]"
Mismatched-C-4,21414,2,False,False,True,"[0.6350975702722512, 0.6161949191110369, 0.6491990275090218, 0.5778929272616382, 0.634411342764803, 0.6338231701192344, 0.6025918745538332, 0.5838171602276712]"
Mismatched-C-4,21436,1,False,False,True,"[0.8334977132905259, 0.8390078481191221, 0.7733671600849445, 0.560056645824708, 0.6755294569211046, 0.6278107518640957, 0.7988353442454045, 0.7328572738043733]"
Mismatched-C-4,21558,3,False,False,True,"[0.7124367682355301, 0.6548789180613125, 0.6743792079777826, 0.7249404249762885, 0.7173560123108395, 0.6793226338338743, 0.6728882119178616, 0.7017691394754728]"
Mismatched-C-4,21887,6,False,False,True,"[0.5392887536355531, 0.5921281990574121, 0.5092142339082992, 0.620292466413287, 0.6201610259090906, 0.5860189102103797, 0.623422092025445, 0.6184769641391636]"
Mismatched-C-4,22215,7,False,False,True,"[0.6304021478218799, 0.5803681400614399, 0.6215824985179572, 0.6205022422861055, 0.6371677284750743, 0.6520097375781917, 0.6320978336928116, 0.6724479640424783]"
Mismatched-C-4,22299,1,False,False,True,"[0.5464173689025497, 0.6762557380433505, 0.5212575212054176, 0.5732904257028364, 0.5886076107356655, 0.5886735866324488, 0.5050107321117956, 0.5054485643118118]"
Mismatched-C-4,22303,4,False,False,True,"[0.6384638762655419, 0.623445874892953, 0.6107949803714223, 0.6148102048544759, 0.6508706169704863, 0.6410301223074522, 0.5502414710772345, 0.5332361887368714]"
Mismatched-C-4,22452,1,False,False,True,"[0.5146309808022618, 0.6769814341145493, 0.4204996362815787, 0.5946540301999106, 0.5755106208700249, 0.5635749867791036, 0.6012422940733857, 0.571772962169073]"
Mismatched-C-4,22793,4,False,False,True,"[0.571627828138685, 0.5673838984739934, 0.5950087864174112, 0.55370219585849, 0.6380963276044764, 0.5617545245882752, 0.6247367053303658, 0.5774665587892958]"
Mismatched-C-4,22803,0,False,False,True,"[0.686143904690423, 0.5854518150189258, 0.5593682258067874, 0.6260363935502196, 0.6533253361008673, 0.6570151338195762, 0.667638760165805, 0.5343562729909974]"
Mismatched-C-4,22924,3,False,False,True,"[0.6286094581858193, 0.6508912556221461, 0.566446468636312, 0.6767687844340138, 0.6092371509165093, 0.6073639830335668, 0.660486054146033, 0.6484224441487324]"
Mismatched-C-4,23314,2,False,False,True,"[0.7438273637335229, 0.7342757030944418, 0.7456561911878414, 0.7259184218441754, 0.7414632105427065, 0.7137475668325064, 0.7278200264861958, 0.7002967318706605]"
Mismatched-C-4,23445,4,False,False,True,"[0.7317592773422812, 0.6443032799378239, 0.6834678303767618, 0.6619533684317225, 0.7438585896801971, 0.6771038638441376, 0.6186652927649052, 0.7041129828882362]"
Mismatched-C-4,23479,5,False,False,True,"[0.5885646776252517, 0.4558162162529452, 0.576859123059302, 0.6060482497851944, 0.6378117696501375, 0.637953758917388, 0.5729918305147951, 0.6187871372767191]"
Mismatched-C-4,23623,3,False,False,True,"[0.45878120334857664, 0.6012285661311936, 0.3914642953799902, 0.6157854080473146, 0.5883087132753476, 0.4387825816023422, 0.5134756257076291, 0.37864443075876736]"
Mismatched-C-4,23633,0,False,False,True,"[0.663589822548337, 0.5551828123573861, 0.6023452143183354, 0.6293629891003107, 0.628727388117857, 0.6460726411283794, 0.6327345562393387, 0.619907616357463]"
Mismatched-C-4,23642,2,False,False,True,"[0.47563442265356026, 0.4793360182097631, 0.5584110524790434, 0.5563194712478017, 0.5456070918452327, 0.519264765283602, 0.4784437740827989, 0.46649835074748086]"
Mismatched-C-4,23803,5,False,False,True,"[0.6472580177367948, 0.6506797999735907, 0.6479249338630279, 0.641293096690997, 0.680876591156607, 0.7148728769189188, 0.6844430002522891, 0.6091209824451711]"
Mismatched-C-4,24062,0,False,False,True,"[0.6975069059931363, 0.6328154427976183, 0.6504457621272965, 0.6453701301607899, 0.672168296292695, 0.6657257186546451, 0.5080194646140327, 0.5853649104171073]"
Mismatched-C-4,24103,4,False,False,True,"[0.7271723580392848, 0.7286548736510486, 0.6649586013438931, 0.6423911277132948, 0.7288736992539595, 0.6928781577746421, 0.7235088734092014, 0.6632576448587875]"
Mismatched-C-4,24306,7,False,False,True,"[0.5434367625561067, 0.5394365372859546, 0.5206745620916173, 0.5343101880955232, 0.5571799101201366, 0.5033456427226366, 0.528389400871907, 0.576441846153065]"
Mismatched-C-4,24700,5,False,False,True,"[0.6022016688634562, 0.8042373680980848, 0.772841001530429, 0.772930274299747, 0.5310621980225418, 0.8046928036419017, 0.6454360836811717, 0.6269454297921684]"
Mismatched-C-4,24790,7,False,False,True,"[0.5560719982291855, 0.5642159334406049, 0.4438484955327807, 0.3651030117320004, 0.594995542081194, 0.5207641918324739, 0.3951968776698819, 0.6065179940418731]"
Mismatched-C-4,25150,5,False,False,True,"[0.6683469836283512, 0.6585401461667263, 0.6711115321269328, 0.6721959573667745, 0.6835367337684367, 0.7033789644885261, 0.6809683905243336, 0.6863350916341799]"
Mismatched-C-4,25166,2,False,False,True,"[0.6295130941065171, 0.6158775746471267, 0.7083099694796194, 0.6362433825525081, 0.6904859858774838, 0.6537547095562997, 0.6454476584118038, 0.6662979520084589]"
Mismatched-C-4,25339,4,False,False,True,"[0.6654750919886395, 0.626480661596863, 0.6220916985193918, 0.6875151425532782, 0.7048772514792505, 0.6909340835251165, 0.6501886009408595, 0.6789475742391144]"
Mismatched-C-4,25360,5,False,False,True,"[0.7006530566985031, 0.5816386782578474, 0.6224182274341494, 0.7053973751327833, 0.555478195034816, 0.7462888591504344, 0.6383056693559889, 0.7336911645881519]"
Mismatched-C-4,25374,6,False,False,True,"[0.5876416079485571, 0.5363507077641432, 0.5680209396809888, 0.5774082595966089, 0.6010148790759594, 0.5525909810493116, 0.627103248073483, 0.562713195705042]"
Mismatched-C-4,25447,7,False,False,True,"[0.651868286493371, 0.6392740545016239, 0.6648257776273171, 0.6439821114693193, 0.6552001311817988, 0.6287833074732724, 0.6600698172517678, 0.6976316620038407]"
Mismatched-C-4,26070,4,False,False,True,"[0.6284518675899122, 0.5765991190445487, 0.4867057340921217, 0.4746143666859413, 0.652079999551466, 0.6142006175425625, 0.5780013996489378, 0.4970922919640674]"
Mismatched-C-4,26146,7,False,False,True,"[0.5450532417194088, 0.6064135679598225, 0.57963367162633, 0.6221896395521143, 0.5627143005646263, 0.6293184741958915, 0.6059194318690293, 0.6865641382734098]"
Mismatched-C-4,26419,2,False,False,True,"[0.5426193480464113, 0.7039753257777659, 0.7186701061527445, 0.6870602179369377, 0.6827520461483207, 0.5366099205274355, 0.618424044528946, 0.6767739425994488]"
Mismatched-C-4,26519,3,False,False,True,"[0.4571550803344085, 0.4045909068332847, 0.48267487162178035, 0.6345864041909419, 0.4469311432669588, 0.5020650353904543, 0.4093986088487743, 0.448435217956126]"
Mismatched-C-4,26535,5,False,False,True,"[0.5801880693427508, 0.6640761178821801, 0.5835824019577649, 0.5581789415289675, 0.6704764572813953, 0.7131966032993283, 0.712160809169101, 0.679525790916564]"
Mismatched-C-4,26749,5,False,False,True,"[0.808109672071363, 0.7867964772809325, 0.7510533163463633, 0.7916762906017407, 0.7812513669604686, 0.8092891230131782, 0.7743027346903181, 0.8091277699389545]"
Mismatched-C-4,27131,5,False,False,True,"[0.5763890685169555, 0.4021310694384842, 0.44151460402224674, 0.4727046680525727, 0.5160760286336726, 0.6154553905541642, 0.5323989829351038, 0.5053648671880435]"
Mismatched-C-4,27196,2,False,False,True,"[0.5813579842612533, 0.6023813309119874, 0.654925195095995, 0.6286704191735102, 0.5940085025380065, 0.6025978549287224, 0.6094438207447213, 0.5918396775590197]"
Mismatched-C-4,27240,2,False,False,True,"[0.6117177775349958, 0.5941354483200445, 0.6431846910664069, 0.5693527061726323, 0.5967121074454562, 0.6346778166098308, 0.6129898569558834, 0.6242541330701603]"
Mismatched-C-4,27260,5,False,False,True,"[0.6678561034892401, 0.6861876798865083, 0.6842392789838894, 0.6283761641060808, 0.6866163182331144, 0.7201431498741014, 0.6534423696965148, 0.6640427142597637]"
Mismatched-C-4,27648,0,False,False,True,"[0.7457803568842561, 0.686993311496972, 0.6784790802473188, 0.7228239659585651, 0.7264153342525823, 0.7091690552220105, 0.714870605059792, 0.6972935245622143]"
Mismatched-C-4,27688,3,False,False,True,"[0.5910987737475804, 0.6033333554321195, 0.6220721761029712, 0.7276882830365783, 0.6962226043756514, 0.7117760515009601, 0.5721610515946024, 0.6132116328271684]"
Mismatched-C-4,27781,4,False,False,True,"[0.5282402854869348, 0.5952130868011338, 0.5552590297281956, 0.5745165633465388, 0.622042483045693, 0.5983822484665682, 0.5626215731159103, 0.60515566761187]"
Mismatched-C-4,28157,1,False,False,True,"[0.716254578224371, 0.7669749990465093, 0.7113665894543818, 0.7330147226502086, 0.6593584536767847, 0.732504241758062, 0.7258530261468752, 0.7565046811352604]"
Mismatched-C-4,28253,4,False,False,True,"[0.6666594673150592, 0.5780352028680815, 0.6424196227884249, 0.6221732471883319, 0.677753521320802, 0.6220628890944302, 0.5593078523553394, 0.5384210546169551]"
Mismatched-C-4,28276,3,False,False,True,"[0.5276820307718578, 0.5281608587681228, 0.500824335554189, 0.5750159876713816, 0.4779538427105662, 0.5087861703307421, 0.548131682377341, 0.5180705807159948]"
Mismatched-C-4,28309,2,False,False,True,"[0.6125818112721126, 0.642237693685939, 0.7171015720731555, 0.6738844655685421, 0.6164357883181614, 0.6377404614225615, 0.6508344877496786, 0.6566690480150018]"
Mismatched-C-4,28511,0,False,False,True,"[0.688669258477438, 0.6490808415646071, 0.5707120003227572, 0.6801708958918826, 0.6567925426222814, 0.521391120098527, 0.5818278211499014, 0.6720038340633875]"
Mismatched-C-4,28548,5,False,False,True,"[0.6887322510248943, 0.6702919399379839, 0.6182199644974602, 0.7150325506020738, 0.6992765736192517, 0.7291083462192283, 0.700345941998774, 0.7218194958649946]"
Mismatched-C-4,28979,4,False,False,True,"[0.576108199088064, 0.5771769238860391, 0.5654856725690116, 0.5864612418069431, 0.6066025956124215, 0.5419485059002791, 0.5987615780404301, 0.602733639909797]"
Mismatched-C-4,29018,2,False,False,True,"[0.6752428240658344, 0.6751577528529382, 0.705372299013003, 0.6141552509388502, 0.678225011640988, 0.5888072770953874, 0.6937684884011724, 0.6027438824441105]"
Mismatched-C-4,29179,7,False,False,True,"[0.7767240765029669, 0.7581212382726062, 0.7499906703398099, 0.7050146324870826, 0.7507407226078998, 0.7731189544333235, 0.7288999021282505, 0.777784761331666]"
Mismatched-C-4,29221,0,False,False,True,"[0.7299298138926325, 0.6919038572875779, 0.6988348937442921, 0.6865415629475058, 0.6703932030449833, 0.6846386141391416, 0.7135964722296575, 0.6592226984296987]"
Mismatched-C-4,29400,0,False,False,True,"[0.6666271359894698, 0.605631884357883, 0.6382347269598614, 0.5940461959203858, 0.5311310446995048, 0.4753358968238558, 0.5945995418827097, 0.5217272826324417]"
Mismatched-C-4,29511,6,False,False,True,"[0.7463760084056178, 0.7226050517007895, 0.6874632161191294, 0.730771168405768, 0.6920295768364548, 0.7764735970109398, 0.7903257738717366, 0.6737605309347419]"
Mismatched-C-4,29591,7,False,False,True,"[0.5387416410240313, 0.6140094404626616, 0.6115560535749118, 0.5890098733768625, 0.6154256366406509, 0.5278316600006601, 0.6104491415425459, 0.6433919120956662]"
Mismatched-C-4,29610,6,False,False,True,"[0.7046236472588141, 0.735729607477247, 0.6838657851506478, 0.4006726223087129, 0.6727751624245134, 0.7373229634209868, 0.7869495962869356, 0.6882665230213678]"
Mismatched-C-4,29717,3,False,False,True,"[0.8471964434352475, 0.8646066732354383, 0.8153894750719867, 0.8772192850280647, 0.8661332344172152, 0.8609343711685605, 0.7951828337801854, 0.7452252771085668]"
Mismatched-C-4,29815,3,False,False,True,"[0.6550514198122885, 0.6260749594911998, 0.6485080854787337, 0.6558739017239992, 0.6513618919417885, 0.6215643868535823, 0.6370492388383352, 0.6181223537209931]"
Mismatched-C-4,29831,6,False,False,True,"[0.6155044557119362, 0.5992570896825911, 0.6045172386534918, 0.6750698377176603, 0.6583893793280242, 0.6241238394477452, 0.6793697968020749, 0.5951330303911999]"
Mismatched-C-4,29903,4,False,False,True,"[0.6318884908087439, 0.6263633401860272, 0.6004658725478242, 0.6392051756584582, 0.6837143167635715, 0.6630058074401719, 0.657327432115659, 0.6767600893773422]"
Mismatched-C-4,29942,7,False,False,True,"[0.6359676268139017, 0.6011156378784754, 0.6566222992240838, 0.6210838355153832, 0.6683817232998126, 0.6394867049292592, 0.5681128002000269, 0.6928844345469589]"
Mismatched-C-4,30016,5,False,False,True,"[0.5947865715647334, 0.6328908091718672, 0.6132475630455434, 0.6620554672973509, 0.6159805117328486, 0.6936746165812986, 0.6172183101177264, 0.6693545413770305]"
Mismatched-C-4,30068,1,False,False,True,"[0.6646697514178572, 0.739619492320466, 0.7055945744139569, 0.7041277600231872, 0.7166533585151389, 0.7000173673940124, 0.713707717448295, 0.6926218912673161]"
Mismatched-C-4,30077,4,False,False,True,"[0.809008765788449, 0.7455649213017236, 0.8628415521886232, 0.700711578214639, 0.868564647942317, 0.745163727026902, 0.7257470218553059, 0.8328290483900342]"
Mismatched-C-4,30139,1,False,False,True,"[0.5076291642558379, 0.6264634889892212, 0.6242743738437468, 0.6155815261521622, 0.617870447355132, 0.5912254235441756, 0.5685278121230479, 0.6153700336482568]"
Mismatched-C-4,30888,3,False,False,True,"[0.6803131734313885, 0.6968081392732035, 0.5688836498366754, 0.7687877153614213, 0.6531803211475822, 0.7250817682744854, 0.6096507223456534, 0.6416665114316233]"
Mismatched-C-4,30961,5,False,False,True,"[0.6704108328114506, 0.6265373763759254, 0.6652931673268094, 0.5771802044581993, 0.6450702231673242, 0.6740175006080924, 0.5546369478304113, 0.6145860957412742]"
Mismatched-C-4,31234,7,False,False,True,"[0.6773054530294653, 0.6851004371889327, 0.7001795509885262, 0.704939646302462, 0.6647789876600838, 0.6855008774916939, 0.7034951958959337, 0.7752508396809733]"
Mismatched-C-4,31244,1,False,False,True,"[0.5628082666350831, 0.5783676817327783, 0.5528410547446465, 0.5507080350524458, 0.5285655473014046, 0.5574862554234765, 0.5604326008517697, 0.5603911264986368]"
Mismatched-C-4,31251,4,False,False,True,"[0.5774114751293209, 0.47870863496978217, 0.5617110242889374, 0.4973358746148181, 0.6665896895031351, 0.5805569353884831, 0.5737528567333063, 0.5829336534759066]"
Mismatched-C-4,31280,1,False,False,True,"[0.6576882755092841, 0.7139225482943639, 0.6944467419284699, 0.5637807195248581, 0.6325109677897074, 0.6142142247031952, 0.6608438988679939, 0.7091421526236121]"
Mismatched-C-4,31503,3,False,False,True,"[0.6813056524567733, 0.7415696242778032, 0.6599626040211312, 0.7573460286664175, 0.6722037725440853, 0.6662444984692188, 0.6980800950094779, 0.704788945429373]"
Mismatched-C-4,31776,4,False,False,True,"[0.5521128927568312, 0.5641210253125528, 0.5333087057465838, 0.5675903481711557, 0.6596537179900652, 0.5641211364566566, 0.5129323734831578, 0.4908805031777399]"
Mismatched-C-4,32051,7,False,False,True,"[0.5843545120207576, 0.5226470949937128, 0.5839114937891511, 0.533627941860132, 0.5659406807571193, 0.537175995329612, 0.5253552710798337, 0.610070640606547]"
Mismatched-C-4,32062,5,False,False,True,"[0.6235736876606701, 0.617742257721031, 0.6190777044774576, 0.6265772706577508, 0.6101019006448549, 0.6749680043365327, 0.6663541504580599, 0.6339630783498537]"
Mismatched-C-4,32140,1,False,False,True,"[0.6156034970974533, 0.7336372741899013, 0.7074262089581069, 0.7259919152164133, 0.6768613413644289, 0.7074163433005152, 0.7000964503618354, 0.6953588383161309]"
Mismatched-C-4,32365,1,False,False,True,"[0.6495369742139729, 0.7039058699297791, 0.6471853357939055, 0.6802243764101461, 0.6893187227876552, 0.6947052862433301, 0.6002943000563932, 0.5889336653478123]"
Mismatched-C-4,32427,1,False,False,True,"[0.5993169520094351, 0.6942114624195892, 0.5618999269798672, 0.46179090697537295, 0.5980677704578381, 0.5840793769903699, 0.5966105992136834, 0.6021807083160793]"
Mismatched-C-4,32470,5,False,False,True,"[0.7375783293007553, 0.7862876451320173, 0.7687694783526176, 0.801808324042057, 0.7654237430412679, 0.812369559353928, 0.8095387963249466, 0.7149022015427442]"
Mismatched-C-4,32532,3,False,False,True,"[0.7388677026306423, 0.7187659425653214, 0.7328626274589445, 0.7703304532208413, 0.6926242901549093, 0.7297703521805228, 0.6595050122449515, 0.7506496332898772]"
Mismatched-C-4,32630,5,False,False,True,"[0.6735404482215213, 0.6699125822139896, 0.645261054023331, 0.5614157755861413, 0.6573701907593184, 0.6883518000634684, 0.5051499229167251, 0.6004313923575448]"
Mismatched-C-4,32680,4,False,False,True,"[0.6572824755869818, 0.6821217031569748, 0.7097966700368195, 0.6338666949993419, 0.7144957648454728, 0.6609359414936244, 0.7116930809341668, 0.6452949423777179]"
Mismatched-C-4,32697,4,False,False,True,"[0.6748909018271023, 0.6837109265072969, 0.5881983268540226, 0.6427551552795125, 0.7062715111357041, 0.6399948811812148, 0.6749736476064019, 0.6864875568554699]"
Mismatched-C-4,33057,0,False,False,True,"[0.6842620427633564, 0.5694471446864755, 0.6335152785305254, 0.6089432012458229, 0.6124163058417362, 0.5603358931971956, 0.6248629650497001, 0.5753082842983899]"
Mismatched-C-4,33084,5,False,False,True,"[0.7130953187840932, 0.7203718223754823, 0.7205924288026753, 0.6709114459692558, 0.6070311917374819, 0.7486544176388142, 0.6024992491972299, 0.668547353766291]"
Mismatched-C-4,33123,2,False,False,True,"[0.6083702484454654, 0.6164596853510208, 0.682585672070209, 0.6160908058315404, 0.5898960827242863, 0.636628629264857, 0.6734629476730869, 0.6052582620851902]"
Mismatched-C-4,33256,5,False,False,True,"[0.6739108860176897, 0.6753144711648933, 0.6654869953169921, 0.5816912095093869, 0.641408771507991, 0.6821137198213507, 0.6211539860733752, 0.6388357088363622]"
Mismatched-C-4,33264,2,False,False,True,"[0.568547441447947, 0.5712342988831576, 0.5783757437234854, 0.4654335421521988, 0.5630547525836382, 0.5456526138621735, 0.5387277140602171, 0.5530231683551559]"
Mismatched-C-4,33336,2,False,False,True,"[0.5922969472230422, 0.6194861626553078, 0.6695055188405031, 0.5632436157896269, 0.5090724821664795, 0.5407132598116364, 0.6190450084784163, 0.5735055443179483]"
Mismatched-C-4,33342,4,False,False,True,"[0.5846414492804721, 0.5200567836109506, 0.5836267154036596, 0.49482553760743286, 0.6731068542901772, 0.5937819288206061, 0.6203094560879101, 0.6155079706577057]"
Mismatched-C-4,33512,7,False,False,True,"[0.5846825902177593, 0.6615849591252891, 0.6538611670628482, 0.6476068006577427, 0.6562778723381466, 0.6643527255393433, 0.6206946768411548, 0.6864691092561347]"
Mismatched-C-4,33863,7,False,False,True,"[0.7132560407138365, 0.7260286559207692, 0.7236209708259395, 0.6983870580842676, 0.7317949021951802, 0.7158294304419129, 0.700356426317889, 0.7563791740228568]"
Mismatched-C-4,33990,4,False,False,True,"[0.6320080366804073, 0.6203750769570049, 0.6805299679572776, 0.6956642744547994, 0.7034531486353093, 0.649155948142359, 0.6726368305422699, 0.6446720371417899]"
Mismatched-C-4,34169,3,False,False,True,"[0.5794638643682221, 0.5833610783321517, 0.5582932919657749, 0.6146777434388698, 0.5759665463149627, 0.5476428856146576, 0.5870935380783877, 0.5267116145483999]"
Mismatched-C-4,34198,4,False,False,True,"[0.6610111207571143, 0.6503001033777245, 0.6442138464901758, 0.6758684498289085, 0.7136868542202038, 0.5566790584339446, 0.6663765433001001, 0.6783750438775551]"
Mismatched-C-4,34415,2,False,False,True,"[0.623213403536786, 0.6068707085497695, 0.6554460266123923, 0.6448170323919782, 0.6392013994531993, 0.6165285794259989, 0.6450857985040187, 0.619110952757161]"
Mismatched-C-4,34509,4,False,False,True,"[0.6771874245814788, 0.5997654756124199, 0.6141170973671455, 0.6745376165516324, 0.678610017631462, 0.588431137009608, 0.5886582094790738, 0.6511734057266898]"
Mismatched-C-4,34565,5,False,False,True,"[0.6688550697502789, 0.7055024315513081, 0.6807065919342643, 0.6763566272121617, 0.7043670324156093, 0.7222978989535888, 0.6729848259247915, 0.7002623641198107]"
Mismatched-C-4,34854,4,False,False,True,"[0.7303321601577746, 0.7218292585219681, 0.7378204333652859, 0.6962576978336678, 0.7774194717039338, 0.7366314943097865, 0.7709146941730542, 0.737537667645813]"
Mismatched-C-4,34998,3,False,False,True,"[0.6355883625357421, 0.6167269475009123, 0.5919074150902266, 0.7200019531280554, 0.6272620286202553, 0.5867028496901354, 0.628004959167072, 0.6525031335501659]"
Mismatched-C-4,35100,7,False,False,True,"[0.5780902461038391, 0.5595763373677969, 0.5234238252246526, 0.523057433895394, 0.6154498738140687, 0.5959235192924064, 0.650698294587578, 0.6795875192101284]"
Mismatched-C-4,35119,2,False,False,True,"[0.5916039628798784, 0.6643052156359555, 0.6762381967490112, 0.6671054263773846, 0.6233602607261013, 0.608272167269611, 0.5912865244372474, 0.6059631439419085]"
Mismatched-C-4,35131,7,False,False,True,"[0.679169182919125, 0.7015365169175526, 0.6621660703239444, 0.7281456193221598, 0.7328584090915986, 0.7323916356014468, 0.6638341210772201, 0.7512682682382417]"
Mismatched-C-4,35234,2,False,False,True,"[0.6196040906153628, 0.664132419544732, 0.6879303769788736, 0.5937935221946986, 0.4492798900113867, 0.6773483677972467, 0.6787142249184965, 0.6615110187655917]"
Mismatched-C-4,35269,2,False,False,True,"[0.7166259406979134, 0.6068535053290486, 0.7611266216662294, 0.5978780452388306, 0.6379354225228757, 0.6605139466298058, 0.7226844887007616, 0.7284149749158741]"
Mismatched-C-4,35281,7,False,False,True,"[0.6663587770966033, 0.6907452119097939, 0.5990130902780568, 0.6500749076405081, 0.5806221379292976, 0.631371989474242, 0.6570875833205398, 0.7276328471980571]"
Mismatched-C-4,35475,3,False,False,True,"[0.5379193087677027, 0.4974564472889339, 0.4704036798822342, 0.5440542730650098, 0.3912839238478383, 0.360190083702283, 0.48717067501690065, 0.4782819379113337]"
Mismatched-C-4,35600,6,False,False,True,"[0.6320442045963672, 0.6167084763370638, 0.6082170334461321, 0.6345804138156751, 0.6151897519448664, 0.5888223573534068, 0.6366796802823758, 0.6297260113392789]"
Mismatched-C-4,35613,4,False,False,True,"[0.5956166207706365, 0.62603489569711, 0.6100806385050134, 0.5923748204861075, 0.639656946751542, 0.6371471884105014, 0.6196718702651473, 0.5897137599167213]"
Mismatched-C-4,35659,7,False,False,True,"[0.6870644270188855, 0.7047304010070353, 0.7010736460054419, 0.6973399968558249, 0.694346071066797, 0.7144680464116502, 0.6995080792219142, 0.7206294063472909]"
Mismatched-C-4,35916,2,False,False,True,"[0.6411440430606834, 0.7304170526860695, 0.7494322700676193, 0.7157172200520727, 0.7056642382428575, 0.6934231765919872, 0.725953027904193, 0.6927076608789697]"
Mismatched-C-4,35964,0,False,False,True,"[0.731951996225122, 0.5911974663581324, 0.6693098396440165, 0.724780366799926, 0.6713313931298616, 0.6923814710870088, 0.7129838857087687, 0.6684413210587417]"
Mismatched-C-4,36198,5,False,False,True,"[0.6665112815619887, 0.5389066790049125, 0.584803820694523, 0.6232673754069737, 0.628022927072053, 0.6768728001893312, 0.5485263388120603, 0.6060660515030536]"
Mismatched-C-4,36287,2,False,False,True,"[0.5494504388999282, 0.4252304034188411, 0.6048465823054369, 0.48266381130525127, 0.4925995455050902, 0.5139457674534171, 0.5186486721257844, 0.5345117975244869]"
Mismatched-C-4,36543,7,False,False,True,"[0.6107166946123673, 0.6089540959974574, 0.6059384739320277, 0.6214625879972426, 0.583154271190307, 0.6063590868077828, 0.6054136308906872, 0.6219244059744893]"
Mismatched-C-4,36557,7,False,False,True,"[0.7304729282368694, 0.7217620760538308, 0.7051094227116461, 0.7972582478721401, 0.7459864209581559, 0.7538064609353986, 0.7781585312927397, 0.8148585872856553]"
Mismatched-C-4,36992,7,False,False,True,"[0.7137634503212962, 0.6401876816635084, 0.6953836284489789, 0.6968009544546038, 0.6529807689391207, 0.7200910664051667, 0.6550772433762535, 0.7851624366469574]"
Mismatched-C-4,37034,6,False,False,True,"[0.6671707119435251, 0.6638624150452397, 0.605010088625039, 0.5243170301484763, 0.5378134136793329, 0.5550402616192383, 0.6678930374638075, 0.6037465831217752]"
Mismatched-C-4,37053,1,False,False,True,"[0.6828637391381254, 0.7027865456807649, 0.6817035551101811, 0.5987030665895869, 0.6307321561027175, 0.6849097714656269, 0.658529404514431, 0.6913604290778319]"
Mismatched-C-4,37255,4,False,False,True,"[0.6346357976108847, 0.7075037045478496, 0.634206349006615, 0.7047656300759543, 0.7442890912801121, 0.4575585259807178, 0.7213950018648652, 0.7335203947620168]"
Mismatched-C-4,37362,0,False,False,True,"[0.7830531823991226, 0.6659426964075149, 0.7458717037514918, 0.7746464852911161, 0.6591103777580232, 0.7186823637502104, 0.7470545809863617, 0.7445898164672384]"
Mismatched-C-4,37406,0,False,False,True,"[0.6323736469947205, 0.5613573032875512, 0.5506862124654343, 0.5836609739955338, 0.6319894642225374, 0.5512682051773362, 0.5716103700375459, 0.585232480618052]"
Mismatched-C-4,37505,7,False,False,True,"[0.6038602071670417, 0.5747214858953292, 0.6319912971679373, 0.5879525536376671, 0.6229913741521311, 0.6275848723587488, 0.6008464020211179, 0.6335484336938002]"
Mismatched-C-4,37552,0,False,False,True,"[0.840066011488865, 0.8048790675470596, 0.7963804692495787, 0.7976540415700042, 0.8125963007366592, 0.7657282670163891, 0.749629201973914, 0.8174898802701707]"
Mismatched-C-4,37899,3,False,False,True,"[0.6601956758202974, 0.6723570366665381, 0.6695456355061928, 0.6940687935196844, 0.6878032745700016, 0.6718181809073082, 0.6546878944829122, 0.6866611679199817]"
Mismatched-C-4,38091,4,False,False,True,"[0.594299941661177, 0.5599996768296944, 0.596799500840083, 0.5123597523463512, 0.6540067337783594, 0.5901141047101731, 0.6030719866778085, 0.6309220849264665]"
Mismatched-C-4,38194,0,False,False,True,"[0.6240566459260655, 0.5277688979519097, 0.5910268260557994, 0.6005951093660092, 0.5678875103685754, 0.5731599397544045, 0.589463659934429, 0.6047191426220209]"
Mismatched-C-4,38375,2,False,False,True,"[0.6236686303433652, 0.6497854793022915, 0.7435464200839488, 0.7052025274179057, 0.6182834421258785, 0.7206191338724857, 0.6263919761060392, 0.7109446567086577]"
Mismatched-C-4,38380,2,False,False,True,"[0.6953823801115303, 0.7200895252970685, 0.7505723586420407, 0.7066363856995467, 0.7400876259744156, 0.7246987524846391, 0.7224776958324872, 0.7281957571894393]"
Mismatched-C-4,38833,6,False,False,True,"[0.6963753130173709, 0.7468007998971474, 0.7312502061020629, 0.7787376857303587, 0.7142599799083742, 0.7360519034984161, 0.7801327635711844, 0.7636943052884314]"
Mismatched-C-4,38887,6,False,False,True,"[0.5858666093524278, 0.5745286775805976, 0.5895802146890812, 0.5490778752601368, 0.585256536425572, 0.5681603616458539, 0.5975795911180468, 0.5699751299979643]"
Mismatched-C-4,39183,1,False,False,True,"[0.5987619539641611, 0.6656684002132947, 0.5544811811685291, 0.6230762415360241, 0.6462083468733278, 0.6321352681813946, 0.6383658335313533, 0.6513268344253837]"
Mismatched-C-4,39288,7,False,False,True,"[0.7024219392905167, 0.7048286720171827, 0.6601340242117102, 0.715591044058441, 0.6702837796210311, 0.6843210891699458, 0.7204713620446785, 0.7245136087193298]"
Mismatched-C-4,39384,7,False,False,True,"[0.6506089181424083, 0.6797551074495155, 0.6884169827929356, 0.6510221774542351, 0.6178103878650382, 0.6924170357190913, 0.6181569619125951, 0.7149918860941822]"
Mismatched-C-4,39490,7,False,False,True,"[0.6329522023440939, 0.7390327779747916, 0.7299924587097188, 0.5401453520860188, 0.6066532665232016, 0.6098155023124252, 0.7351439884652731, 0.749512455843862]"
Mismatched-C-4,39557,6,False,False,True,"[0.6166385968018124, 0.5548466781782035, 0.5411583568228703, 0.5733449052467929, 0.5699939297591345, 0.5796174603660366, 0.6421276334395805, 0.569954775904201]"
Mismatched-C-4,39756,6,False,False,True,"[0.6236767351225636, 0.6358203046215928, 0.6420575407181079, 0.6278560335359512, 0.5851598352898997, 0.5837026499525517, 0.6487219129957378, 0.5011848455175856]"
Mismatched-C-4,39793,4,False,False,True,"[0.6531950826693398, 0.6574989989223627, 0.658976781612129, 0.6211205313236978, 0.7048885955871151, 0.6567515976089455, 0.6807812141143053, 0.6374905416379169]"
Mismatched-C-4,39920,6,False,False,True,"[0.6166916773757081, 0.6661694662040336, 0.5249112407465915, 0.5462902306474007, 0.6259242924130753, 0.6231430811208729, 0.6888671351750535, 0.6662269784083317]"
Mismatched-C-4,39986,3,False,False,True,"[0.6514972968807275, 0.6149648763609179, 0.590286417455622, 0.6754745972639449, 0.641222147751997, 0.5882339902767009, 0.6144905054254453, 0.6476392708468112]"
Mismatched-C-4,40269,6,False,False,True,"[0.6423618570134213, 0.6810286208293368, 0.6938590819253221, 0.6999051001116312, 0.6129820078670074, 0.6846036286366823, 0.7275565053985223, 0.5668248245608306]"
Mismatched-C-4,40756,3,False,False,True,"[0.7585735949898025, 0.7279788058300101, 0.7679805545831231, 0.7928664825514351, 0.7024358192444411, 0.7365860439517995, 0.7098444772110861, 0.7211664967572488]"
Mismatched-C-4,40798,3,False,False,True,"[0.4989454258941224, 0.5304761867078602, 0.522116005087427, 0.6062875770862362, 0.5652118744957875, 0.5478375076854678, 0.5284597391219562, 0.563337309746037]"
Mismatched-C-4,40819,3,False,False,True,"[0.6126858523985143, 0.596262498450592, 0.6062132857815143, 0.6241751911832089, 0.5856003903706146, 0.5897162307691828, 0.5713972755548642, 0.6151116606697695]"
Mismatched-C-4,40933,1,False,False,True,"[0.6077322465089912, 0.6963160268662456, 0.6145666558730805, 0.6290084165949417, 0.6495722280570384, 0.6683687816079849, 0.6647751264755313, 0.6939956727057273]"
Mismatched-C-4,40990,0,False,False,True,"[0.6409752296711531, 0.5580094368104889, 0.6262554928856447, 0.5756833445210783, 0.6342847969537457, 0.6201399820501869, 0.5391036877276483, 0.5978210728230294]"
Mismatched-C-4,41120,3,False,False,True,"[0.5632192487395289, 0.6632116996896527, 0.641058634852928, 0.6901127792380661, 0.6833686602014835, 0.6067393260005141, 0.621157627291312, 0.6507038127693088]"
Mismatched-C-4,41402,3,False,False,True,"[0.581664347293573, 0.5843603250613101, 0.6415587613785237, 0.6594245545417401, 0.6000937373828197, 0.603373951335445, 0.6147771132260647, 0.6337294822832458]"
Mismatched-C-4,41540,1,False,False,True,"[0.5873042712476424, 0.6146138706638973, 0.5309433113851564, 0.6067269930757662, 0.5518380146061975, 0.57290861805787, 0.49746759672341506, 0.5852905050784558]"
Mismatched-C-4,41555,7,False,False,True,"[0.6746255620542159, 0.6802413951959341, 0.6712064085076299, 0.7064237510935086, 0.6896123505420055, 0.6815921490074194, 0.7013672142624555, 0.7113281297561452]"
Mismatched-C-4,41561,5,False,False,True,"[0.6508291461934275, 0.656515569820505, 0.6294522296448684, 0.6701698662556157, 0.6636360047677967, 0.6860635271158293, 0.6331759726238696, 0.6218377126793846]"
Mismatched-C-4,41592,4,False,False,True,"[0.5955780564066813, 0.5669828121779903, 0.558472606205985, 0.5458897030676593, 0.6076656506556214, 0.5710053316711592, 0.6043353898714028, 0.5977377282345249]"
Mismatched-C-4,41636,2,False,False,True,"[0.6621785601612316, 0.6375176064077178, 0.6789218158586439, 0.6021520086076839, 0.6709554831894452, 0.6143453824221059, 0.6447395003486882, 0.6722526006562113]"
Mismatched-C-4,41640,6,False,False,True,"[0.7526755063527668, 0.7069765263661663, 0.6518554298525605, 0.6609228075105942, 0.6991850261511356, 0.6747393582489052, 0.7670221725064271, 0.6577241839414383]"
Mismatched-C-4,41924,6,False,False,True,"[0.7462127343704867, 0.7752712028708793, 0.8005497143987386, 0.7776745470586266, 0.7522006613566873, 0.7794584047325976, 0.8043520373348321, 0.795964579556421]"
Mismatched-C-4,41976,0,False,False,True,"[0.5151160112884718, 0.35342408675738746, 0.48728576728297396, 0.49513718587824607, 0.42602443744801644, 0.38985392255687656, 0.5059686722718875, 0.442345421574115]"
Mismatched-C-4,42022,7,False,False,True,"[0.4310464372568109, 0.5267694769338698, 0.5472287531181735, 0.6300668804913294, 0.6660824177465632, 0.5095973893829813, 0.5853841688813388, 0.7233649186194802]"
Mismatched-C-4,42251,5,False,False,True,"[0.5749965856304621, 0.6437789128147602, 0.6307316891639385, 0.5576713883778469, 0.6375170240250114, 0.6445020148538808, 0.6149842087566741, 0.6316346921392694]"
Mismatched-C-4,42302,0,False,False,True,"[0.7585481020009572, 0.6589133983437074, 0.6154043912133134, 0.6884530695571168, 0.5846734291221942, 0.6009141297924039, 0.7186567782786358, 0.6863295175064259]"
Mismatched-C-4,42466,3,False,False,True,"[0.5617629397627214, 0.5818269342369933, 0.5822066088784725, 0.597381287685008, 0.5253029519397713, 0.5294982516425569, 0.5724798890930711, 0.5821405606203814]"
Mismatched-C-4,42679,4,False,False,True,"[0.6084449324169903, 0.5196735111494987, 0.6225318779035716, 0.6498339076011637, 0.6743327922148228, 0.6283341350543763, 0.5834980915157864, 0.5716626522236133]"
Mismatched-C-4,43065,7,False,False,True,"[0.659142625264943, 0.6447257607361493, 0.6733875089853854, 0.6525723846495648, 0.7212660755581929, 0.7291001022788928, 0.7080241470588243, 0.7554487447030926]"
Mismatched-C-4,43198,5,False,False,True,"[0.493190524244685, 0.5135002119692265, 0.5422704517987569, 0.41514313990427876, 0.5655173232777673, 0.650046590055312, 0.6411479172682881, 0.5496040801103268]"
Mismatched-C-4,43211,5,False,False,True,"[0.5760623236805595, 0.5965646813723564, 0.6331490872690977, 0.5574367158540638, 0.586319074452073, 0.6473914328309136, 0.6306624304282297, 0.6111444059581448]"
Mismatched-C-4,43332,1,False,False,True,"[0.5209679968024569, 0.6284103692392486, 0.5533749680896934, 0.5587047732412571, 0.5483593129250464, 0.5689369790791756, 0.6014577771140227, 0.5800402537426261]"
Mismatched-C-4,43546,2,False,False,True,"[0.5648363059253054, 0.525245081427695, 0.6230880853682645, 0.5517638583320397, 0.5343380478615954, 0.5624006755056377, 0.6060522574185074, 0.5772677825264101]"
Mismatched-C-4,43584,4,False,False,True,"[0.7367865178182618, 0.7257257930320231, 0.7781089693994319, 0.6368486599791174, 0.7857305986988163, 0.7778657944789351, 0.7827723696766393, 0.6508490170310602]"
Mismatched-C-4,44248,1,False,False,True,"[0.6705249385587302, 0.6984539826435583, 0.6550575055842518, 0.6894451545122355, 0.6453216987145419, 0.6380594671590728, 0.6442225430733003, 0.6403582962802736]"
Mismatched-C-4,44279,3,False,False,True,"[0.6802804446068402, 0.6389775735619487, 0.6025515556327594, 0.6870219874876624, 0.6574379147959653, 0.6723194777899915, 0.611784863569317, 0.6497239998363349]"
Mismatched-C-4,44360,0,False,False,True,"[0.69079162386917, 0.674907724944938, 0.6684891994478277, 0.6276351185473272, 0.6293231641086499, 0.5933465195966724, 0.6455337349348556, 0.6293212175718681]"
Mismatched-C-4,44413,0,False,False,True,"[0.6707242969674929, 0.630179855789077, 0.5079516967158639, 0.48440345541378405, 0.5953533810630098, 0.6641692240327624, 0.4754093845528858, 0.5668137295205506]"
Mismatched-C-4,44422,3,False,False,True,"[0.5649063998994395, 0.6127756776156934, 0.6368621043679629, 0.6833038393187993, 0.6423880868387688, 0.5848131615236141, 0.6291715519007057, 0.6195250069960416]"
Mismatched-C-4,44903,1,False,False,True,"[0.6616637724031169, 0.7356919012932892, 0.7279497077515025, 0.6579089484346454, 0.6511394531947091, 0.69265857286177, 0.6500492371591955, 0.6913594907860152]"
Mismatched-C-4,44975,2,False,False,True,"[0.6733785283132322, 0.6703290875825414, 0.7242812270287999, 0.6888565398366089, 0.6738697682312379, 0.7122437455886623, 0.6837729259829265, 0.6835259937640277]"
Mismatched-C-4,45377,3,False,False,True,"[0.7346757576233899, 0.7518510193321296, 0.7331362792495646, 0.7641195531907152, 0.7242833281233568, 0.7592395033698804, 0.7525158688039209, 0.7609781647281184]"
Mismatched-C-4,45528,4,False,False,True,"[0.5996685994730249, 0.5702533832794138, 0.577357491481196, 0.5779786789331542, 0.6212623354485045, 0.6092680798578712, 0.5405233917748324, 0.5785778982402339]"
Mismatched-C-4,45699,1,False,False,True,"[0.5901598487363456, 0.7115964339756399, 0.6175096381668714, 0.4946971499485554, 0.6594379788847196, 0.5204938073650016, 0.5642427034985549, 0.5941873968095142]"
Mismatched-C-4,45952,5,False,False,True,"[0.6101848408328849, 0.655459215616617, 0.5925418555008637, 0.6089010113716751, 0.6464021637078328, 0.6794287059886663, 0.6323598544823388, 0.541694026841554]"
Mismatched-C-4,45987,4,False,False,True,"[0.6408143732202246, 0.5997509842374782, 0.5760992218430474, 0.5727101117177547, 0.6624749240056824, 0.5978119481603497, 0.5564058860527288, 0.5414368278124433]"
Mismatched-C-4,46166,4,False,False,True,"[0.6875101582765029, 0.7165736091524553, 0.720542652922018, 0.6857399934556743, 0.7272881252401596, 0.7007692132525147, 0.7081313934183364, 0.6869442088344919]"
Mismatched-C-4,46276,0,False,False,True,"[0.7300739559897156, 0.6017010422300584, 0.577348439548844, 0.5584486596105267, 0.6807856417538354, 0.6850392094414108, 0.6049544690477603, 0.6048712343660192]"
Mismatched-C-4,46403,7,False,False,True,"[0.6577410371764423, 0.6212718228551357, 0.6716748533116483, 0.676272699480631, 0.6596721019884242, 0.5660271245306487, 0.6120253672860796, 0.6865134718785812]"
Mismatched-C-4,46524,1,False,False,True,"[0.5775018906048239, 0.6626804074306025, 0.6449598269444814, 0.6423499346999089, 0.6560155151762458, 0.6042060838818915, 0.5451489617401211, 0.6368720917333406]"
Mismatched-C-4,46653,4,False,False,True,"[0.6502194144139735, 0.6395812328492612, 0.6338760204159697, 0.6661724831287645, 0.7075734179278217, 0.6889982950389711, 0.6753741838954257, 0.6506888487895788]"
Mismatched-C-4,47030,6,False,False,True,"[0.8147433585207421, 0.8470270618489214, 0.744576514140336, 0.7888926901311599, 0.8396292225928536, 0.8325023682071064, 0.8657216499466452, 0.8487334441278314]"
Mismatched-C-4,47086,0,False,False,True,"[0.797922960580218, 0.7474176635922312, 0.6125834521728531, 0.7915255392598907, 0.7935147016713682, 0.7138723501301415, 0.7685883437661433, 0.7671603413280802]"
Mismatched-C-4,47093,3,False,False,True,"[0.5884846092764509, 0.5101490553049717, 0.5438516820427705, 0.6903764609098737, 0.46413742339337805, 0.5559103548104185, 0.6075271834903821, 0.6277969476956989]"
Mismatched-C-4,47122,7,False,False,True,"[0.7043883306799282, 0.7338657601168118, 0.6549193385760492, 0.6935495525854249, 0.6465692268672473, 0.665243709364095, 0.728531972196159, 0.7477616754813459]"
Mismatched-C-4,47125,1,False,False,True,"[0.5680063995389699, 0.6773503864029788, 0.6368878255789223, 0.629498718586698, 0.5521175116654432, 0.6709298376859321, 0.6633227950180213, 0.6184505274584797]"
Mismatched-C-4,47331,6,False,False,True,"[0.5283185461022903, 0.5338325497440519, 0.5748852270027397, 0.5965856651786721, 0.6020648149104912, 0.5497689996167447, 0.6143519934257293, 0.5500964007816611]"
Mismatched-C-4,47471,7,False,False,True,"[0.6812527279080953, 0.6516119283486821, 0.6519933565904268, 0.6732836582271255, 0.644432843074041, 0.6811088921832831, 0.6666392143196672, 0.6964677794410827]"
Mismatched-C-4,47583,0,False,False,True,"[0.6663294128134796, 0.5967865279364811, 0.6488748862610352, 0.6079040442139971, 0.6398790473128534, 0.6034715544921931, 0.6116646748961142, 0.5224124514174194]"
Mismatched-C-4,47744,5,False,False,True,"[0.5970587306067092, 0.5537157993076666, 0.6101525948644544, 0.5162872330059048, 0.605261246134039, 0.6185087377781422, 0.5774277313611702, 0.5766726195678638]"
Mismatched-C-4,47907,6,False,False,True,"[0.546510051557957, 0.5902456814152341, 0.5912271486307814, 0.5669432496490987, 0.4635282517445443, 0.5974825322391262, 0.6132673235712529, 0.5490047703233717]"
Mismatched-C-4,48376,7,False,False,True,"[0.7311112127011645, 0.7362442574558371, 0.6697519598976522, 0.6833702138084671, 0.742324978627702, 0.749627802307099, 0.6619360244951128, 0.7641744574034558]"
Mismatched-C-4,48655,4,False,False,True,"[0.569803148163748, 0.5343670301627779, 0.6200781491841054, 0.6226932962680135, 0.6302620874821102, 0.5937230329696344, 0.541871606807934, 0.5662288032897502]"
Mismatched-C-4,48911,5,False,False,True,"[0.6352671269314702, 0.6436148337378175, 0.6080381204193239, 0.6076023837527653, 0.5842087651432158, 0.6538595569086254, 0.6171166508922683, 0.599648511564636]"
Mismatched-C-4,49170,3,False,False,True,"[0.6956731812662988, 0.7147836240984231, 0.7333766612410133, 0.7730510183748014, 0.7217681969002605, 0.675709425375713, 0.7207403285786262, 0.7157594004129926]"
Mismatched-C-4,49195,4,False,False,True,"[0.6737275364766239, 0.6586505839976067, 0.7006071125674846, 0.5735528521466258, 0.7007683193441212, 0.6822091028714042, 0.694837590493691, 0.6766323435558076]"
Mismatched-C-4,49256,3,False,False,True,"[0.6800885722913041, 0.683747413303962, 0.6188710130895188, 0.7149459965937293, 0.6026014542038776, 0.6813180254902501, 0.6532404103038427, 0.6640475362959883]"
Mismatched-C-4,49315,4,False,False,True,"[0.5829595425413183, 0.618646755909413, 0.5663725772696948, 0.6112930125924811, 0.6449913917691696, 0.5858212401226857, 0.6053291944798194, 0.6389921142997286]"
Mismatched-C-4,49474,0,False,False,True,"[0.6342256386717091, 0.6271190238442228, 0.6063608178860411, 0.6070599114341133, 0.5809320634825876, 0.6125711405315885, 0.6074330429627035, 0.6138328523898522]"
Mismatched-C-4,49475,2,False,False,True,"[0.6002913561475566, 0.6697283153995299, 0.6761494423201888, 0.594143336836428, 0.6165409438973409, 0.6350193271857996, 0.6403903100864199, 0.6549638769664459]"
Mismatched-C-4,49678,0,False,False,True,"[0.6393573092086492, 0.5456379422535853, 0.558685089705866, 0.6155367957468421, 0.6009563515004182, 0.5436187860470827, 0.5908100359233188, 0.5299975830876413]"
Mismatched-C-4,49702,2,False,False,True,"[0.695904039947731, 0.7236739471047924, 0.737052945871033, 0.729626783137993, 0.692230114154424, 0.708584434030415, 0.6350413505851131, 0.7277175058339783]"
Mismatched-C-4,49760,0,False,False,True,"[0.78786234264609, 0.7430905483123776, 0.7212495343584346, 0.7134566348159704, 0.7135268252094481, 0.7455512679828096, 0.7118163756275446, 0.7722483874967794]"
Mismatched-C-4,50203,4,False,False,True,"[0.5773901205585554, 0.6346541255134517, 0.5731886463331388, 0.625216570505411, 0.7223014835219033, 0.6574725387113187, 0.6015777858577658, 0.620721958904833]"
Mismatched-C-4,50210,3,False,False,True,"[0.5511603657192923, 0.7105151676983477, 0.6525391851605544, 0.7676775539573737, 0.6539354165110656, 0.5975816345778742, 0.7374970846341518, 0.659580138167183]"
Mismatched-C-4,50622,0,False,False,True,"[0.6673990429908849, 0.5768367121690883, 0.6515872698528882, 0.6252265694388128, 0.6307980449597079, 0.6316331695674705, 0.6250222894161219, 0.6360889230477453]"
Mismatched-C-4,50708,2,False,False,True,"[0.6358015281604472, 0.5032657913563259, 0.6417495870346545, 0.5955839664781177, 0.6349556993458993, 0.5287308999532914, 0.49914759278330234, 0.6094072367406986]"
Mismatched-C-4,50739,1,False,False,True,"[0.5672539117262481, 0.6536744063121811, 0.5178398027197294, 0.6205465898065179, 0.6216309782085004, 0.576423653190899, 0.5811484369614054, 0.5961520429320273]"
Mismatched-C-4,50850,4,False,False,True,"[0.5294644204326056, 0.573559928411442, 0.562624412037108, 0.6030956463156374, 0.6221936101829066, 0.5384216314789843, 0.5263920368466731, 0.5105297373359867]"
Mismatched-C-4,51008,6,False,False,True,"[0.662406933349832, 0.7172954716906143, 0.5762824649108651, 0.6951904970503291, 0.6124052770359636, 0.6880829518706203, 0.7389654703335247, 0.6331417700425923]"
Mismatched-C-4,51227,2,False,False,True,"[0.6100420710399875, 0.5985876106869565, 0.6699530624482596, 0.6644949371555534, 0.6265768525406937, 0.5512497109025082, 0.6452582828621335, 0.6352811722599054]"
Mismatched-C-4,51300,6,False,False,True,"[0.4504300641613822, 0.4844352819332128, 0.565199590069035, 0.531662531506971, 0.5448785514437238, 0.5405263788153042, 0.5863836040718529, 0.5610597376440823]"
Mismatched-C-4,51380,0,False,False,True,"[0.7139898780081164, 0.6881591899816719, 0.5872633661655405, 0.707104290032061, 0.6517941399774516, 0.6581944183295134, 0.6615528602515026, 0.558717829510222]"
Mismatched-C-4,51385,3,False,False,True,"[0.6652845893947448, 0.6395812595028539, 0.7123306859772086, 0.715777470705155, 0.647948741703806, 0.7047036291450031, 0.7035803171308561, 0.705098711744426]"
Mismatched-C-4,51436,1,False,False,True,"[0.6512388385178549, 0.7038951154570274, 0.644789735682076, 0.6587526159404441, 0.6724871641137176, 0.6916486441215516, 0.7017092817955459, 0.6715019734052661]"
Mismatched-C-4,51517,1,False,False,True,"[0.6047094785547298, 0.7303929419891477, 0.6867189871451829, 0.6171613555825526, 0.6858503417675377, 0.6550325867157281, 0.5539579235061218, 0.651802283675238]"
Mismatched-C-4,51688,2,False,False,True,"[0.5986464234783107, 0.5912087670665476, 0.6317469887968974, 0.6285738413411752, 0.6170912592896671, 0.5903266869118438, 0.5975167188099462, 0.6203427499381797]"
Mismatched-C-4,51865,2,False,False,True,"[0.6928684453647838, 0.6856639926084496, 0.7118141749769105, 0.6597669250428365, 0.6838357054967097, 0.6002035953984475, 0.6720859205747588, 0.6526154091974428]"
Mismatched-C-4,51943,5,False,False,True,"[0.6411791063791039, 0.56589484836347, 0.6252632838900296, 0.5898048429133462, 0.6342246368592384, 0.6680134118173364, 0.6496953734339808, 0.5829195491542658]"
Mismatched-C-4,51956,4,False,False,True,"[0.6827012073698854, 0.6997560784202936, 0.6451029719749539, 0.6798526112820793, 0.7276248691430539, 0.7186276306738699, 0.705219955702645, 0.6955978690392713]"
Mismatched-C-4,51990,4,False,False,True,"[0.7551472179611916, 0.8118200789074084, 0.718005587378699, 0.7731997409395455, 0.8155723756332313, 0.7415822053742787, 0.7125090026228401, 0.805846558126918]"
Mismatched-C-4,52228,5,False,False,True,"[0.6102836416176103, 0.5628386033494399, 0.5405588778777903, 0.5620561266545573, 0.5630724723533806, 0.7151580635675916, 0.6602606279148591, 0.5963649405544738]"
Mismatched-C-4,52277,5,False,False,True,"[0.42346913476476566, 0.5551354712242076, 0.5235866675342642, 0.5526570024161597, 0.5126503427734961, 0.6145680283612432, 0.508537648016165, 0.4799825147123173]"
Mismatched-C-4,52729,4,False,False,True,"[0.6140227891387998, 0.6246830926150889, 0.5657680165235857, 0.6333228676179811, 0.6866075503181435, 0.5683188072062886, 0.6490843378824545, 0.5845042348256815]"
Mismatched-C-4,52733,0,False,False,True,"[0.6567626745440522, 0.6293333930182764, 0.5942894772861738, 0.6251003119585534, 0.5685733979579647, 0.5965032198858358, 0.5884076303666972, 0.6117710021984706]"
Mismatched-C-4,52803,6,False,False,True,"[0.5446090222513393, 0.49438736072066647, 0.5499869004473741, 0.5746675629546195, 0.5660150077735155, 0.5665948149036986, 0.6040409873348357, 0.5996596207949965]"
Mismatched-C-4,52927,0,False,False,True,"[0.7140662764423885, 0.6784196142355621, 0.6735722345545547, 0.7138288014338778, 0.6686728729802986, 0.6943203451446827, 0.7089838034042311, 0.7108817325870813]"
Mismatched-C-4,53445,6,False,False,True,"[0.7099869416387101, 0.68353073703201, 0.6646345113500655, 0.7231465585640158, 0.6677049085738864, 0.7127999800165083, 0.7321165875446867, 0.6932845044698565]"
Mismatched-C-4,53659,0,False,False,True,"[0.7165316332707543, 0.6769326185906963, 0.6028445150309827, 0.6240014127447182, 0.6443361352497395, 0.6438520890670006, 0.653456961691651, 0.6573119618699139]"
Mismatched-C-4,53729,3,False,False,True,"[0.8346836098941399, 0.8397511335526735, 0.6880534375897123, 0.8486331562541929, 0.7876938378312777, 0.8454644328140092, 0.7984895414731314, 0.8080786963014115]"
Mismatched-C-4,53974,0,False,False,True,"[0.7163678120151027, 0.6828387686079714, 0.6804556561561603, 0.6966582688280001, 0.7160642659330788, 0.6597992196251465, 0.7027243061277931, 0.7029989445239657]"
Mismatched-C-4,54054,7,False,False,True,"[0.5722691977970451, 0.5322958895123127, 0.6006813141672618, 0.623195558533121, 0.5024877030000403, 0.5328355839482254, 0.6128889951938628, 0.6725335244135414]"
Mismatched-C-4,54099,7,False,False,True,"[0.5859972929003916, 0.5679121721272903, 0.5320728822236547, 0.5552311975118766, 0.5813793227618611, 0.5996996613224402, 0.5979882051163672, 0.6334113794000881]"
Mismatched-C-4,54250,7,False,False,True,"[0.6403594659765548, 0.6470059936978014, 0.6534022549603256, 0.6452757583083075, 0.655009644905556, 0.6535580880115006, 0.6864294247194049, 0.7025404284084451]"
Mismatched-C-4,54336,3,False,False,True,"[0.5833924098419374, 0.6380355706409518, 0.6945357228693518, 0.701040130068999, 0.6622616333324143, 0.6373653354916882, 0.6868537155700034, 0.6581512389402566]"
Mismatched-C-4,54681,7,False,False,True,"[0.5721816508152282, 0.6110168630476434, 0.6274011772003287, 0.6285893240513827, 0.634551889368338, 0.6302772468731406, 0.637760361213914, 0.6622690440692784]"
Mismatched-C-4,55202,2,False,False,True,"[0.6320972712528572, 0.6175372008951665, 0.6377546114691375, 0.6175253717540259, 0.6096424204703165, 0.6337218556100974, 0.5990864206439157, 0.5503169978206485]"
Mismatched-C-4,55501,4,False,False,True,"[0.6631122339148594, 0.6464130994190858, 0.7028353763007098, 0.6855488732107952, 0.7331405547350399, 0.7158223209140132, 0.6561464526173771, 0.6687415180896665]"
Mismatched-C-4,55597,4,False,False,True,"[0.5988849778538637, 0.6023646654619267, 0.5833192266476616, 0.60278366175327, 0.6188168834643475, 0.5917561109712262, 0.5893969032305102, 0.6000494071473248]"
Mismatched-C-4,55741,1,False,False,True,"[0.5614907875401028, 0.5938321331531696, 0.5753824567796698, 0.5915576463853381, 0.5512121671689761, 0.5730635282230359, 0.5307600034042295, 0.5314411437130981]"
Mismatched-C-4,55808,3,False,False,True,"[0.6536897315457846, 0.6517227468131117, 0.6710208839120063, 0.715670180505837, 0.6097595785321182, 0.6253070479461105, 0.6462657438530461, 0.6511535591263666]"
Mismatched-C-4,55876,6,False,False,True,"[0.574160457613547, 0.5411743902561554, 0.5264493689520495, 0.494587733353071, 0.5922743174274971, 0.5965280078213031, 0.6630800083384134, 0.6095476702237066]"
Mismatched-C-4,55878,4,False,False,True,"[0.6165744136999045, 0.7889127437624115, 0.7470416416699659, 0.7707691520510757, 0.7899332349454489, 0.7405245941195256, 0.766947295588123, 0.7722365812308374]"
Mismatched-C-4,56047,1,False,False,True,"[0.5705111521256445, 0.6611742008218472, 0.581099487910661, 0.5875943353663802, 0.6352435636152898, 0.6454436288786868, 0.568834325761567, 0.5781099140684866]"
Mismatched-C-4,56131,2,False,False,True,"[0.4229885309059405, 0.4823250240015944, 0.6200160951878187, 0.532181434365673, 0.5140567676495988, 0.48597766538974263, 0.4798235953649338, 0.38313381821465387]"
Mismatched-C-4,56162,4,False,False,True,"[0.4807531274639524, 0.6913683690526669, 0.5440211490112097, 0.5003208726987203, 0.7127015527613346, 0.6912116351820745, 0.6899738457234021, 0.686345255201755]"
Mismatched-C-4,56272,0,False,False,True,"[0.7082568355935692, 0.6255544444791441, 0.6346255915050629, 0.6237966833808926, 0.616996757713553, 0.6505372433035714, 0.6496765358170791, 0.6288120609680443]"
Mismatched-C-4,56496,3,False,False,True,"[0.5984172148836178, 0.5314930365832135, 0.5607774756676148, 0.6729303668585785, 0.5851569632229694, 0.600816006370025, 0.5356842965921161, 0.6425548460267796]"
Mismatched-C-4,56554,0,False,False,True,"[0.5082577965742086, 0.474088122380872, 0.4548489951412738, 0.4876206406533975, 0.4647032805501061, 0.49631584337138623, 0.4353017031223171, 0.4738183889045495]"
Mismatched-C-4,56629,1,False,False,True,"[0.5400293401277292, 0.5970163798771994, 0.587977031368988, 0.5807774266000267, 0.48559208162505274, 0.4256375902792585, 0.5646333556848333, 0.5188209077578361]"
Mismatched-C-4,56651,2,False,False,True,"[0.6917293366941532, 0.7346185991784888, 0.7523133420554986, 0.6712462982369651, 0.6121570985483329, 0.6636935263788496, 0.696675133664289, 0.5938513463190689]"
Mismatched-C-4,56698,5,False,False,True,"[0.5969350315486378, 0.605973434350942, 0.637832467892716, 0.6180934926111048, 0.6570179207622393, 0.7390854280495103, 0.5731244366937205, 0.649861774570546]"
Mismatched-C-4,56873,4,False,False,True,"[0.637320596912936, 0.5147593184323238, 0.5760262075412226, 0.6031265826685799, 0.6418262617733956, 0.48728225263010705, 0.6090644311183491, 0.6159457174269471]"
Mismatched-C-4,56963,4,False,False,True,"[0.6242344106955132, 0.6403703789691276, 0.6595372500785333, 0.6619425332409301, 0.6828514683360668, 0.6818907388914588, 0.6101240664730168, 0.6408280788622523]"
Mismatched-C-4,57114,1,False,False,True,"[0.7480256483405996, 0.7711311768931535, 0.6538130957841907, 0.6644621329010074, 0.6828985269345589, 0.707775402955618, 0.6820320994867887, 0.716270885957492]"
Mismatched-C-4,57244,3,False,False,True,"[0.5506309073265274, 0.561932318611542, 0.5932752235256109, 0.6162075123183686, 0.5849891733408235, 0.5993537559029294, 0.5954254302311468, 0.6039777677254354]"
Mismatched-C-4,57830,7,False,False,True,"[0.7253725984250179, 0.6258331157621858, 0.5730854279721522, 0.6529261301311309, 0.6497583909017595, 0.6319584516392541, 0.6128019656224944, 0.7298538766338211]"
Mismatched-C-4,57994,0,False,False,True,"[0.6329067827170218, 0.6300429821517818, 0.6040845353038494, 0.5971857551058428, 0.5963100071732861, 0.6011878040466234, 0.567673466831022, 0.5888545633989467]"
Mismatched-C-4,58004,1,False,False,True,"[0.6360778433252448, 0.6816299802474506, 0.6501234761766088, 0.587269261459505, 0.6296906642831588, 0.6404907588089015, 0.619641118953382, 0.6339990792628971]"
Mismatched-C-4,58157,6,False,False,True,"[0.6564921991728577, 0.6242295395747346, 0.5649161191703516, 0.6710967574902555, 0.6785120132268687, 0.6467763635233268, 0.698297502250315, 0.6267428121107202]"
Mismatched-C-4,58169,1,False,False,True,"[0.6111980567724473, 0.6444655218828704, 0.5481893285713642, 0.6125177832405193, 0.6130843822828748, 0.60147874259985, 0.5924228318269773, 0.6037214990387509]"
Mismatched-C-4,58252,5,False,False,True,"[0.6902982848968462, 0.6384653598360528, 0.6076677197411161, 0.6791206552659945, 0.6574908617687036, 0.6915421146660357, 0.6708235994846319, 0.6057429823989984]"
Mismatched-C-4,58341,0,False,False,True,"[0.6743645541480883, 0.5585168764872901, 0.6212244229166789, 0.6701809174655183, 0.6629141122662068, 0.5847057470074877, 0.6637124221110946, 0.4609706477275879]"
Mismatched-C-4,58458,0,False,False,True,"[0.6771596022230211, 0.6462391732465924, 0.6437773395352409, 0.573898777937832, 0.5782942423778366, 0.6162439834549627, 0.5753551571521561, 0.6307706769488731]"
Mismatched-C-4,58572,0,False,False,True,"[0.6848591011163169, 0.5355615153305364, 0.6050137557854043, 0.5680862819977299, 0.6613995081208663, 0.6761471095560101, 0.5073710076909965, 0.6827111185667435]"
Mismatched-C-4,58835,3,False,False,True,"[0.665406034573573, 0.6633298189022903, 0.6721824434211918, 0.7054751165088526, 0.5992877727714746, 0.5926530885294223, 0.5913971319450644, 0.6502600838210755]"
Mismatched-C-4,58977,1,False,False,True,"[0.6831788403682018, 0.7421988425191874, 0.6992970305908922, 0.7157600199547476, 0.6777195474116464, 0.7081399658180989, 0.6560871915513904, 0.7060816542212747]"
Mismatched-C-4,58988,7,False,False,True,"[0.5664506194841936, 0.6786363682424751, 0.5931472856976798, 0.5461348914362608, 0.6677861222334337, 0.6720837632023873, 0.5571727928580992, 0.6794133024543294]"
Mismatched-C-4,59101,0,False,False,True,"[0.6451495661340052, 0.5892443136901684, 0.6081198736221034, 0.5817488392247656, 0.6276653128520745, 0.5614577338971304, 0.485742591201799, 0.5713599987244153]"
Mismatched-C-4,59177,2,False,False,True,"[0.7228227543315229, 0.7861770901081839, 0.796277433497955, 0.6745148610945015, 0.7189907873251433, 0.7579142747891019, 0.7240094801357071, 0.723569169216199]"
Mismatched-C-4,59183,3,False,False,True,"[0.6006224190677906, 0.656640539387346, 0.696753824096084, 0.6988081600921423, 0.631089382356237, 0.6321344353811293, 0.5937083253781469, 0.6375945833121264]"
Mismatched-C-4,59219,4,False,False,True,"[0.5765404003926704, 0.6281498559463696, 0.6774727813633652, 0.5792164295120542, 0.6918573339386561, 0.6728705859034902, 0.661546161345312, 0.6859849955796706]"
Mismatched-C-4,59293,3,False,False,True,"[0.7186743761583059, 0.7020280989609503, 0.7111141426988055, 0.734899124030578, 0.6765192616456411, 0.7268128694912084, 0.6974225439396537, 0.6173932596040418]"
Mismatched-C-4,59464,7,False,False,True,"[0.6036382426690265, 0.6991847542155198, 0.6388280938320567, 0.6079971615374091, 0.6085084542094779, 0.5983359112710536, 0.5930419872686556, 0.7001177313017415]"
Mismatched-C-4,59470,6,False,False,True,"[0.6345644818933069, 0.6354026427212309, 0.6189069199021446, 0.6812207155320477, 0.6685927940704237, 0.6326239709794856, 0.7191602413036828, 0.6437354716285026]"
Mismatched-C-4,59508,7,False,False,True,"[0.6443329586508244, 0.6417420242573937, 0.6245620679479287, 0.6228905357739516, 0.6457550310735063, 0.6498253883518847, 0.6004487841269224, 0.6620223634469933]"
Mismatched-C-4,59838,1,False,False,True,"[0.5668901471042759, 0.6036185482022178, 0.5081300337549238, 0.5372476208954928, 0.5941476761017095, 0.5642942821224417, 0.5555603988429982, 0.5420119197201982]"
Mismatched-C-4,59905,5,False,False,True,"[0.5536484640220607, 0.49933047545292464, 0.5611726443177983, 0.4338120097792258, 0.49191964375375413, 0.5771565585888545, 0.5222743211890906, 0.5055992040503772]"
Mismatched-C-4,60063,5,False,False,True,"[0.5630217033920835, 0.5537056718697, 0.5571625256521934, 0.5489946478230985, 0.5719920682992026, 0.5987396289341302, 0.5752444448419469, 0.5621547409004626]"
Mismatched-C-4,60496,2,False,False,True,"[0.5716393355211546, 0.6462772297466404, 0.6934511471561627, 0.6194178131343934, 0.6782894046119257, 0.6594637462899171, 0.6404097128325267, 0.6705924274298017]"
Mismatched-C-4,60707,2,False,False,True,"[0.6400071684756976, 0.5245821206060823, 0.678431458468816, 0.6505422445095833, 0.6075135134308499, 0.6431292817021359, 0.6504941519625594, 0.6346270804278646]"
Mismatched-C-4,60784,5,False,False,True,"[0.6647137035836419, 0.6379322213026153, 0.6697673529620545, 0.580301455293754, 0.44261097746780975, 0.6803238020420814, 0.5401635064312488, 0.5540531250519842]"
Mismatched-C-4,60932,7,False,False,True,"[0.7371536648670602, 0.7330975005249123, 0.7218412343818728, 0.7307956346222744, 0.7322589171974188, 0.7149158384471428, 0.7086268284653509, 0.7383016947003557]"
Mismatched-C-4,61327,0,False,False,True,"[0.6019814436603447, 0.5634835559924494, 0.5955938611143613, 0.595476138805697, 0.5753270026651034, 0.5861936957159314, 0.5918242130520421, 0.5866841559580854]"
Mismatched-C-4,61653,5,False,False,True,"[0.6045275032272279, 0.6112558328868645, 0.5406076930426735, 0.5812084233231399, 0.562405605098049, 0.6192495580198261, 0.5097539171577943, 0.5769223107359012]"
Mismatched-C-4,61683,1,False,False,True,"[0.6604881961993676, 0.686002926386393, 0.6161741015786162, 0.6802773786763507, 0.6201299999856633, 0.6266420719091633, 0.6373731336894766, 0.6053205795835317]"
Mismatched-C-4,61701,3,False,False,True,"[0.6130710146802945, 0.62963668567476, 0.6819019622666443, 0.7407283778691143, 0.6457030255498252, 0.5994797769085813, 0.6340623108765485, 0.7127411792254428]"
Mismatched-C-4,61868,7,False,False,True,"[0.5934178494431446, 0.615288098628324, 0.5599902346036343, 0.6127389927478195, 0.597165356843429, 0.6120112161526452, 0.5778051562633928, 0.6283419712781066]"
Mismatched-C-4,61878,3,False,False,True,"[0.7065863032010049, 0.7284954634229971, 0.6811112598515419, 0.7436401667663817, 0.7240588605988073, 0.6189222481252646, 0.7085543682498898, 0.7092877522160701]"
Mismatched-C-4,62117,2,False,False,True,"[0.6205938826689545, 0.6101869619530673, 0.7263846179556305, 0.5581376087504216, 0.6035500606432942, 0.6384371873785262, 0.6081509676032293, 0.5576320176244509]"
Mismatched-C-4,62587,1,False,False,True,"[0.40269903642591887, 0.5848626684365268, 0.5339548075349633, 0.517825076476258, 0.5282890614063416, 0.5768144271900594, 0.48104125999505554, 0.5303100732510396]"
Mismatched-C-4,62627,4,False,False,True,"[0.6126608797209451, 0.6041287853837473, 0.6399398075472467, 0.5937335844106147, 0.7062372017602966, 0.6920244176204511, 0.639544310802515, 0.6746366194544537]"
Mismatched-C-4,63062,2,False,False,True,"[0.3858229781880219, 0.627219635765707, 0.6924305448071817, 0.490863735693572, 0.5588010028999078, 0.5755090661987923, 0.4037818025671005, 0.4530645542078501]"
Mismatched-C-4,63247,3,False,False,True,"[0.4931108694077365, 0.5955889982285211, 0.5044643572091316, 0.6517637789584974, 0.6271300300874306, 0.5642880039110213, 0.6185312645321328, 0.620030588135482]"
Mismatched-C-4,63837,6,False,False,True,"[0.5339726466304086, 0.5612187822215983, 0.5626147086326867, 0.5345707912116322, 0.4616669074407909, 0.6427680415259978, 0.7078419236084106, 0.6895053494061395]"
Mismatched-C-4,63869,5,False,False,True,"[0.699893907307368, 0.5157230395650332, 0.6489926691856771, 0.6801028940285121, 0.5901787584200935, 0.7434903943554154, 0.6559612651292375, 0.6375812721512302]"
Mismatched-C-4,64050,6,False,False,True,"[0.5995857029894993, 0.6537564243569024, 0.6476274291214628, 0.6275362773953578, 0.5962706432437772, 0.6279802246231756, 0.6570835929816611, 0.6265562724640023]"
Mismatched-C-4,64148,1,False,False,True,"[0.4810338871534059, 0.5775317402027932, 0.5473508332446652, 0.516663000018786, 0.5452577757488088, 0.5398804255203276, 0.5312618444857817, 0.5421618303418552]"
Mismatched-C-4,64195,2,False,False,True,"[0.7126800555377046, 0.6049556731334822, 0.7489688853226659, 0.6190044850470734, 0.662509833440306, 0.6125020527777418, 0.689630513550934, 0.619460473510009]"
Mismatched-C-4,64262,3,False,False,True,"[0.6249995130579893, 0.5093292517806252, 0.5892851235469181, 0.6657171492256149, 0.648364207790046, 0.6599345783653119, 0.6535669692075403, 0.6646186722133998]"
Mismatched-C-4,64417,5,False,False,True,"[0.5747241074565843, 0.5997605106051918, 0.6005356371178133, 0.6281899936022096, 0.6534342900941725, 0.6809497733465051, 0.4835626214735111, 0.5867176833839914]"
Mismatched-C-4,64547,4,False,False,True,"[0.4137129656417666, 0.6165998353007618, 0.41477422735282987, 0.5705427421566807, 0.6251244138368767, 0.4746411677398409, 0.576889372614938, 0.6147945326367498]"
Mismatched-C-4,64783,3,False,False,True,"[0.6211243082717928, 0.6577440707026376, 0.5671326475325216, 0.658407789374172, 0.6466682836340325, 0.6050041565196123, 0.5593208298707145, 0.6000915139895273]"
Mismatched-C-4,64851,6,False,False,True,"[0.6632400256627502, 0.5922052409238813, 0.5642029390496734, 0.6415963073083184, 0.5421410228548748, 0.6120036399171618, 0.6662173270066785, 0.6589321753232296]"
Mismatched-C-4,64925,3,False,False,True,"[0.5669702484541124, 0.5306756230832864, 0.48201649664628304, 0.6170701879021115, 0.4710310772666515, 0.4948745796815053, 0.5790800939882486, 0.5578224635991602]"
Mismatched-C-4,65218,2,False,False,True,"[0.520233224365812, 0.45971271116355333, 0.573897687197628, 0.5108651474281434, 0.5683544762468502, 0.5404656604444702, 0.5298765053402944, 0.5330032013015873]"
Mismatched-C-4,65340,2,False,False,True,"[0.6926088002102009, 0.6411766404037407, 0.7124118564861863, 0.6648957869979923, 0.6410446230181137, 0.5923611354470617, 0.631657632574228, 0.6183984058156673]"
Mismatched-C-4,65348,5,False,False,True,"[0.5320234590580719, 0.5610836653647635, 0.5427527054936094, 0.506176563635625, 0.544370137221017, 0.6089071756779685, 0.5591945538070062, 0.4627917852536588]"
Mismatched-C-4,65417,4,False,False,True,"[0.704632594325048, 0.6118361872449897, 0.681049323137048, 0.6950272109377884, 0.7219634329082547, 0.6802314082649599, 0.6723702078349256, 0.6411749664675241]"
Mismatched-C-4,65553,7,False,False,True,"[0.6255593770006245, 0.6305543422890554, 0.6178081726575393, 0.559268669136487, 0.6795074627492789, 0.6010352150627851, 0.6345195077682122, 0.7013406110378058]"
Mismatched-C-4,65609,3,False,False,True,"[0.7077473582980471, 0.7962002013092989, 0.7821158856929318, 0.8082088166584049, 0.7961886194480463, 0.7772466057893954, 0.807208563789678, 0.6908028945091417]"
Mismatched-C-4,65690,4,False,False,True,"[0.5868118369193867, 0.5990449127184152, 0.6159226616713821, 0.6922005548594055, 0.6983769666965773, 0.6626450638863153, 0.6470394315290149, 0.6388876535206676]"
Mismatched-C-4,65878,5,False,False,True,"[0.5779291372708878, 0.5932500033855005, 0.49061917671166977, 0.5890840679304072, 0.5667809142749101, 0.6095102429413322, 0.5787812221259062, 0.5302508869416038]"
Mismatched-C-4,66058,0,False,False,True,"[0.6263828305711112, 0.6019201250663059, 0.5794499926059775, 0.5760000371031877, 0.594157694644476, 0.6073359083110605, 0.5361963611329018, 0.5806231779218951]"
Mismatched-C-4,66209,2,False,False,True,"[0.6298038420743197, 0.6210770474380289, 0.6513849335739915, 0.6032122086713039, 0.5448098010696671, 0.5821784014355378, 0.5533336557704503, 0.6263045826529516]"
Mismatched-C-4,66269,6,False,False,True,"[0.5388576286574973, 0.41088239013250527, 0.6004205127434143, 0.5765278623086446, 0.5681380800299369, 0.5174246059196365, 0.6562818231902959, 0.5561510884231706]"
Mismatched-C-4,66437,1,False,False,True,"[0.6633408034284918, 0.6692196564240782, 0.5808236271993239, 0.6540146692091159, 0.6449388301448485, 0.6513127792770699, 0.6192051240411651, 0.563559279630101]"
Mismatched-C-4,66512,3,False,False,True,"[0.6113057512661655, 0.5737058330737796, 0.5897703939501757, 0.7501737017749346, 0.5795915072153894, 0.6352686359958382, 0.6333477616361056, 0.6619252519827282]"
Mismatched-C-4,66559,6,False,False,True,"[0.6202976758078724, 0.6417888643256855, 0.5981570030005041, 0.6502491730769344, 0.642477677767505, 0.6259809110452527, 0.682953668316288, 0.6317623519209506]"
Mismatched-C-4,66875,7,False,False,True,"[0.7000030115263334, 0.7236590857904338, 0.6663495518474718, 0.7181615753798153, 0.644605585194588, 0.7303639536956958, 0.6695144880985824, 0.7320465446051736]"
Mismatched-C-4,67261,3,False,False,True,"[0.6131105368978302, 0.455580725718121, 0.593024065544612, 0.7277350891686112, 0.509269171521943, 0.4927157993007258, 0.5592415286128144, 0.5068467652790604]"
Mismatched-C-4,67281,0,False,False,True,"[0.6949541059905548, 0.643741975345409, 0.6766362788254439, 0.6945994557838618, 0.668046146728098, 0.6743111044629877, 0.6730902775373886, 0.6510157602334885]"
Mismatched-C-4,67361,3,False,False,True,"[0.6268238057250406, 0.6763310438854748, 0.6946899536668334, 0.713444517005031, 0.5916208842295847, 0.6743353106630157, 0.7058965062975315, 0.6817285111357001]"
Mismatched-C-4,67444,1,False,False,True,"[0.6368259346898706, 0.7007908280694108, 0.6357388585299912, 0.6478706653518604, 0.6151283315867209, 0.6545460818454181, 0.5395468330445226, 0.6948527931597132]"
Mismatched-C-4,67673,7,False,False,True,"[0.6164012673299104, 0.5858646910533587, 0.6697531247304624, 0.7577987813305023, 0.7709777332265169, 0.7077738721254304, 0.6211409172192636, 0.8088466335522226]"
Mismatched-C-4,67708,4,False,False,True,"[0.5805617555491115, 0.6686836170922643, 0.6335877944246084, 0.6080370139991117, 0.726126494482837, 0.6744289536050989, 0.6189325214371746, 0.5876308995304736]"
Mismatched-C-4,67899,5,False,False,True,"[0.6200892243483364, 0.5890479454440837, 0.614111789954312, 0.5865002005131208, 0.551796265136768, 0.6279472258302208, 0.5949677627622443, 0.5916979997139975]"
Mismatched-C-4,68121,1,False,False,True,"[0.5638783492314655, 0.7002128245822565, 0.5127376741661739, 0.6267561204169907, 0.5126679552775346, 0.6125798879647064, 0.6227328729989638, 0.5418624285886081]"
Mismatched-C-4,68127,0,False,False,True,"[0.7707516449044545, 0.7119285397324593, 0.6969663112670226, 0.740608828415428, 0.7298365521710568, 0.7007473805875132, 0.720625857144116, 0.7225453992848392]"
Mismatched-C-4,68173,7,False,False,True,"[0.6561906270038023, 0.6498024208630622, 0.6931922417866009, 0.7118897938586752, 0.6723828115695594, 0.7310181032738227, 0.6641867328166282, 0.7389481386564042]"
Mismatched-C-4,68193,5,False,False,True,"[0.7367337961783273, 0.7139608382398255, 0.626268811355511, 0.7048287039169859, 0.7588803068287071, 0.7604430217767661, 0.6527349747585884, 0.6487264354761807]"
Mismatched-C-4,68287,6,False,False,True,"[0.6864126482460435, 0.6818744684812597, 0.6835329204891152, 0.6694828719670545, 0.7477381354992692, 0.7402030637207643, 0.764641106238216, 0.7025964531264328]"
Mismatched-C-4,68394,0,False,False,True,"[0.7116360248688993, 0.6130863596165768, 0.6253645249678799, 0.5595063474305997, 0.5683210220826352, 0.5629005896828045, 0.6582617154122323, 0.5718011593108067]"
Mismatched-C-4,68473,3,False,False,True,"[0.4052393614943345, 0.586523028795003, 0.5798859129205072, 0.6009961956273824, 0.4961441658757713, 0.5552262733111354, 0.5817905886467152, 0.5808559610217219]"
Mismatched-C-4,68532,4,False,False,True,"[0.5827184234941685, 0.5077910619572352, 0.5560764133738032, 0.4777011067263232, 0.5855898993147268, 0.4883087182553555, 0.5374314570972477, 0.5043977181729381]"
Mismatched-C-4,68553,7,False,False,True,"[0.6864354483762549, 0.6585587952704843, 0.6231386537270558, 0.6243113826265179, 0.739964663980496, 0.6470817605984087, 0.6634985086257443, 0.7709215204247278]"
Mismatched-C-4,68819,3,False,False,True,"[0.6059976940762555, 0.6321602922455503, 0.5997087856512658, 0.6722579600578376, 0.601995958723847, 0.6484022300460683, 0.5869427870506623, 0.6709065750326232]"
Mismatched-C-4,69085,3,False,False,True,"[0.7038546610114272, 0.695191073167472, 0.6962558733221473, 0.7243228793041554, 0.6957967401142977, 0.6985848817954722, 0.7046546791793671, 0.6819855336761338]"
Mismatched-C-4,69087,2,False,False,True,"[0.6426126159073958, 0.5524348323303391, 0.654774284912814, 0.6303050515414845, 0.5490676453079744, 0.5720777634106398, 0.5225952329979895, 0.6204666730111117]"
Mismatched-C-4,69137,1,False,False,True,"[0.6182437866235064, 0.6557647681235306, 0.6102206253060647, 0.483628896750709, 0.5767117719816439, 0.5215983792279444, 0.5948816078238822, 0.6086398835244556]"
Mismatched-C-4,69462,0,False,False,True,"[0.7715653080958351, 0.5541675214111412, 0.6785443052355775, 0.7276291280288585, 0.6599392548180611, 0.6771241472037788, 0.7043201413370057, 0.6939757564314348]"
Mismatched-C-4,69641,1,False,False,True,"[0.7159575480514726, 0.7300181952259391, 0.7041536294058972, 0.6554811405252513, 0.7137237987802186, 0.7045452116191747, 0.6757576827486762, 0.7088874147642479]"
Mismatched-C-4,70279,5,False,False,True,"[0.7099624596981382, 0.6099015718686951, 0.664297350657745, 0.5200048976744, 0.6172582007219929, 0.7880242403336464, 0.6706569984522961, 0.672211477736435]"
Mismatched-C-4,70372,7,False,False,True,"[0.6017390875649535, 0.6285325436316151, 0.6445628345600656, 0.6457751619043506, 0.34504897904186876, 0.6630607066090632, 0.5912203645492842, 0.6921042384367304]"
Mismatched-C-4,70496,0,False,False,True,"[0.7636628867546711, 0.7032575545361135, 0.6607009658155151, 0.5233545054233779, 0.712674587991947, 0.669143798467277, 0.6654320777604303, 0.6237218345019253]"
Mismatched-C-4,70765,2,False,False,True,"[0.6556977086097822, 0.7062462449397291, 0.7249687206914273, 0.6833733670772206, 0.6899656291097875, 0.6592209886303457, 0.7169406157646119, 0.6713059770506994]"
Mismatched-C-4,71264,4,False,False,True,"[0.7171060368072624, 0.6167883424358289, 0.6842446753221387, 0.7152012433856207, 0.7742871837504948, 0.6116150062796889, 0.6803977451288329, 0.7360357921224465]"
Mismatched-C-4,71624,1,False,False,True,"[0.5356254785624172, 0.6577095195988041, 0.6093410381377758, 0.5879253614947835, 0.6259766924841994, 0.5479412368684873, 0.6155828853191112, 0.6513909218687697]"
Mismatched-C-4,71735,1,False,False,True,"[0.8559530460733187, 0.8672823566677368, 0.8079448264777602, 0.8582539394941517, 0.8539882268847616, 0.8604427328157527, 0.8120162665327154, 0.8516964561801501]"
Mismatched-C-4,72089,6,False,False,True,"[0.6693975555662908, 0.7211536786792672, 0.7128859383974708, 0.7114016315937223, 0.6549875562804466, 0.7047711366255157, 0.7416390610245358, 0.60558708150278]"
Mismatched-C-4,72151,3,False,False,True,"[0.7312678288269923, 0.6747001715212342, 0.7161358881903734, 0.7322544528870722, 0.6399936918814126, 0.7243610133948489, 0.719233099795589, 0.6719403777043637]"
Mismatched-C-4,72389,6,False,False,True,"[0.601580554550261, 0.643267529926594, 0.6721326455791863, 0.6395700574314755, 0.6624043739973362, 0.6384469803542016, 0.7018787917104053, 0.6095925003196856]"
Mismatched-C-4,72527,1,False,False,True,"[0.5827887918582536, 0.6869608888727005, 0.6431584753897941, 0.6152122996336297, 0.6489731612467571, 0.6376761111388844, 0.6826876923190506, 0.5955780933855488]"
Mismatched-C-5,95,4,False,False,True,"[0.8198076326431549, 0.8160443206161279, 0.8027642855398356, 0.8158376324280682, 0.854811836991423, 0.812631614497897, 0.8145405455638148, 0.8277163179904174]"
Mismatched-C-5,204,3,False,False,True,"[0.7290510822257408, 0.6481295834194514, 0.6600782400361713, 0.7486838530028321, 0.7385391958418679, 0.6904453302142708, 0.7266378313974556, 0.6915504149624303]"
Mismatched-C-5,318,5,False,False,True,"[0.6426110514971166, 0.6934221832840257, 0.6613540758280889, 0.6759175358708063, 0.6744938079705867, 0.7178132618218822, 0.6396023818109894, 0.6578731189093068]"
Mismatched-C-5,356,1,False,False,True,"[0.5661348686540724, 0.7303083563013054, 0.6609097889837712, 0.6220208857460076, 0.6526139229879842, 0.5293382896824603, 0.5523543776640565, 0.6448409528731662]"
Mismatched-C-5,425,2,False,False,True,"[0.6417044180684419, 0.6673194967081681, 0.7039927955044722, 0.6795840638294253, 0.655982378258668, 0.5781816730462817, 0.6506898407500574, 0.6624926923004191]"
Mismatched-C-5,458,3,False,False,True,"[0.6432423888873885, 0.736592445062529, 0.7044286269933059, 0.763187117759884, 0.686342149127281, 0.7488780930979916, 0.719402008976907, 0.6367731569493574]"
Mismatched-C-5,637,7,False,False,True,"[0.6139388328581241, 0.6621647601574147, 0.7003880853687812, 0.6314287380168299, 0.7054217014278452, 0.7347891078419242, 0.5886923301816902, 0.7550807484174693]"
Mismatched-C-5,709,2,False,False,True,"[0.6692256428277967, 0.6684968065124703, 0.6771300408799159, 0.5991686170712424, 0.6531837196408011, 0.6690760791243219, 0.6541268537300693, 0.6259001352709255]"
Mismatched-C-5,868,6,False,False,True,"[0.5238658005936887, 0.550342477192221, 0.6381696595097235, 0.5943930071529595, 0.5612082957469893, 0.5786436517868707, 0.6560778291381323, 0.4662624552980573]"
Mismatched-C-5,1015,4,False,False,True,"[0.5342360033911209, 0.4788822560299142, 0.5688211245626489, 0.505010721185904, 0.606074558111122, 0.5219373477397632, 0.5793967068566362, 0.47394806635037867]"
Mismatched-C-5,1288,7,False,False,True,"[0.551899573710511, 0.6068375232521631, 0.6278401913661676, 0.5834320811962337, 0.6132504708440323, 0.5669734806135853, 0.621627526940484, 0.6310145781177747]"
Mismatched-C-5,1589,1,False,False,True,"[0.6038156439465272, 0.6942215915897272, 0.5889400748542464, 0.6476671916598977, 0.6239801221677688, 0.6070603192649957, 0.6124230681473906, 0.6296027758062259]"
Mismatched-C-5,1744,1,False,False,True,"[0.5705536599470664, 0.6058007624916251, 0.5767358155858417, 0.5631842704715923, 0.5440888201452552, 0.5444664575089635, 0.6046498265815001, 0.5534250925308832]"
Mismatched-C-5,1818,4,False,False,True,"[0.5959902405633737, 0.5658309960713834, 0.6525582906175013, 0.620991513142579, 0.7037617097142905, 0.6028112619537842, 0.566766408463283, 0.618407141676119]"
Mismatched-C-5,2070,3,False,False,True,"[0.44039750979234416, 0.5244993680526507, 0.6022345330137113, 0.6415977444369324, 0.6004753705362462, 0.559822766947474, 0.5106775623633101, 0.6262800197243892]"
Mismatched-C-5,2125,3,False,False,True,"[0.601278341219426, 0.5275772851010174, 0.6080039539094776, 0.6512658799622497, 0.5950664263064064, 0.48093377004035054, 0.5404163279134325, 0.56631003509259]"
Mismatched-C-5,2327,2,False,False,True,"[0.6135156934204259, 0.654865271703756, 0.6556267478598635, 0.6544256431896892, 0.6256919696927659, 0.6098878755734862, 0.6364892270307305, 0.6335313585627531]"
Mismatched-C-5,2737,1,False,False,True,"[0.8206211445626889, 0.8662261252759962, 0.8427157539753476, 0.8219879904113633, 0.7752356224985819, 0.8450256602735156, 0.8622464299807635, 0.8616400283429486]"
Mismatched-C-5,2795,4,False,False,True,"[0.7233820920200198, 0.7052480245372301, 0.7211566796178122, 0.6796109651990399, 0.7393947934426459, 0.715504967213676, 0.7278936275817238, 0.6763150024088277]"
Mismatched-C-5,2980,2,False,False,True,"[0.5779311668160994, 0.5897365489925319, 0.6054216105087791, 0.5889721764562712, 0.5823680059835434, 0.5556321857279898, 0.6018292629766473, 0.586449801831027]"
Mismatched-C-5,3338,1,False,False,True,"[0.6700416870649821, 0.6994628413361761, 0.4747608434300007, 0.6219123775805186, 0.5828797945723134, 0.5828896902927374, 0.6180873646059419, 0.47019561478008487]"
Mismatched-C-5,3344,4,False,False,True,"[0.5451642047163168, 0.5866966502292343, 0.41602887362975494, 0.5405575605810017, 0.6253528687283465, 0.6007981258515579, 0.5088860610410227, 0.5051097518850562]"
Mismatched-C-5,3368,3,False,False,True,"[0.584191102127797, 0.6165736867699512, 0.5777793544622218, 0.6520362865506553, 0.593729273608409, 0.6029063709775346, 0.5837543646573653, 0.6031001947320063]"
Mismatched-C-5,3731,1,False,False,True,"[0.5820456871833607, 0.6581135932636679, 0.59871906075577, 0.5662186024085193, 0.616344643562398, 0.5992551669603559, 0.5617638978439938, 0.6160518415771385]"
Mismatched-C-5,3803,3,False,False,True,"[0.5646557312652555, 0.46433980179736484, 0.5832981564039577, 0.6858663689569998, 0.5990825500931681, 0.6175151044693179, 0.6263886587861005, 0.6185822294107705]"
Mismatched-C-5,4292,5,False,False,True,"[0.5537513748554206, 0.5799389452568838, 0.48983806521976647, 0.608549636898545, 0.5852749911790144, 0.7559892417350937, 0.5840636961847748, 0.6138698361490728]"
Mismatched-C-5,4409,1,False,False,True,"[0.48176406903367797, 0.6525947225479121, 0.48548789329213915, 0.5951783495121175, 0.5507603918993116, 0.5542750528875787, 0.6216587677594476, 0.5097824257150199]"
Mismatched-C-5,4476,2,False,False,True,"[0.7025426895147471, 0.6306321634700182, 0.7426893762949547, 0.6124301730363875, 0.5186067638216155, 0.6930760130259328, 0.6024256950362465, 0.6932306282581997]"
Mismatched-C-5,4509,7,False,False,True,"[0.625752519475743, 0.6013189815796904, 0.6237885525387773, 0.5804923617658042, 0.6817145748332598, 0.6798617284905688, 0.6252412724603287, 0.6867820917535509]"
Mismatched-C-5,4927,3,False,False,True,"[0.5772963078035853, 0.6124802201736238, 0.5937015398773835, 0.6707284414384509, 0.450635862751737, 0.591304688971009, 0.6149221862198611, 0.6126838679934623]"
Mismatched-C-5,4967,7,False,False,True,"[0.6228572029678343, 0.6355629703117058, 0.6200584939431073, 0.6121775717923261, 0.6024859266317383, 0.6200345770643172, 0.6043640817797187, 0.6367474825318868]"
Mismatched-C-5,5340,4,False,False,True,"[0.6790158035862174, 0.7125605867804989, 0.580318129286443, 0.6308283976589497, 0.7457646223162742, 0.6222985458055228, 0.6491768144784597, 0.609806059180283]"
Mismatched-C-5,5582,2,False,False,True,"[0.5657765235617247, 0.5580359093046098, 0.6432650013533396, 0.5300609371973721, 0.5911458019376759, 0.6154374085750277, 0.49178733257204843, 0.5728360627600748]"
Mismatched-C-5,5656,4,False,False,True,"[0.6926090717037791, 0.6820848729647002, 0.6718836545917264, 0.6153279437235828, 0.7202634539235776, 0.7070747030620914, 0.7053443221613118, 0.6644106058294976]"
Mismatched-C-5,5683,7,False,False,True,"[0.7779947445860734, 0.7113534425035809, 0.6170698875455441, 0.8012485196090655, 0.7327130908422756, 0.7023526615422159, 0.710950673599508, 0.8455645068981188]"
Mismatched-C-5,5790,5,False,False,True,"[0.6711311295678544, 0.7038276614807812, 0.6528091811300785, 0.5956661239754486, 0.5980484478535235, 0.7429374269921798, 0.6289523877547081, 0.7408314397803946]"
Mismatched-C-5,5929,1,False,False,True,"[0.6774445409408894, 0.6931086343192638, 0.5999739891520491, 0.6740812073837356, 0.621611700197924, 0.63730390932015, 0.619809340942966, 0.4547408593097433]"
Mismatched-C-5,6315,5,False,False,True,"[0.6742770663279596, 0.661528377689072, 0.6141664482073026, 0.6677280576544543, 0.6492238445761151, 0.6806283553963524, 0.48901396456852136, 0.635273280365547]"
Mismatched-C-5,6360,4,False,False,True,"[0.6768896169732797, 0.5840796737166225, 0.6176052980515475, 0.6679035609206312, 0.712680139544138, 0.6017427133480304, 0.586555352570141, 0.679438938902504]"
Mismatched-C-5,6454,5,False,False,True,"[0.6177613075757857, 0.5756465648595976, 0.6661163916788981, 0.6187024422174138, 0.6929457414047617, 0.7151740743065024, 0.5956133122415598, 0.6323528727562735]"
Mismatched-C-5,6603,4,False,False,True,"[0.591743443883485, 0.5918084984356322, 0.6345360062568883, 0.6053615085389025, 0.6854806662706645, 0.567432417212981, 0.6009108117482953, 0.581167244162863]"
Mismatched-C-5,6750,0,False,False,True,"[0.6045320255855884, 0.5560826283632109, 0.5527828306145823, 0.5714380421478538, 0.5504307474207479, 0.4944512899168807, 0.5524255550505508, 0.5435754534229317]"
Mismatched-C-5,6759,6,False,False,True,"[0.6420568868520249, 0.6274381523602007, 0.643240878738427, 0.6165861952075045, 0.6252367061982852, 0.6501742677914729, 0.6557399656818061, 0.616111582469554]"
Mismatched-C-5,6770,3,False,False,True,"[0.577800882877092, 0.5933502994550328, 0.5981553052597414, 0.6323879317157008, 0.6018778587417347, 0.6076356971217082, 0.6226961409621847, 0.5773059641324904]"
Mismatched-C-5,6991,0,False,False,True,"[0.7144065613632962, 0.655587014939, 0.5834120363787125, 0.6088196605800895, 0.6002856550869912, 0.5748405054523577, 0.5598063265049158, 0.6698150991661298]"
Mismatched-C-5,7306,3,False,False,True,"[0.5718974203119677, 0.6451446621426338, 0.5723043554347509, 0.6808957735129457, 0.6742943781832094, 0.635805802054362, 0.5597781331363816, 0.6665251297631248]"
Mismatched-C-5,7355,2,False,False,True,"[0.6284624982890121, 0.7060505530915882, 0.7106244813577922, 0.5940271614059479, 0.6645204600234262, 0.6242249143702712, 0.5967930308288418, 0.6977083629290681]"
Mismatched-C-5,7899,6,False,False,True,"[0.5401397480741128, 0.6298633226822948, 0.6121984087649073, 0.6621746439737645, 0.5479937198225908, 0.6469549877398227, 0.6738386020201401, 0.5776495409414755]"
Mismatched-C-5,8061,2,False,False,True,"[0.5576859873128375, 0.4275222989920548, 0.6056227432490764, 0.5605035045594553, 0.5405980964935966, 0.5156279586842776, 0.48564528658090894, 0.5282691739971578]"
Mismatched-C-5,8215,7,False,False,True,"[0.4699617267895877, 0.4358665181023733, 0.36209060377024177, 0.5654543882097677, 0.5157906885851768, 0.550363695396863, 0.45149988007577857, 0.5898899670167419]"
Mismatched-C-5,8234,7,False,False,True,"[0.6373135505024375, 0.6411674904115594, 0.6669553191848815, 0.5785767428994024, 0.6526731758033573, 0.6014232309687568, 0.6658674139566039, 0.687176347168087]"
Mismatched-C-5,8238,4,False,False,True,"[0.747161651402199, 0.7324481516924888, 0.7305778876792525, 0.6698875328964913, 0.7873742626303752, 0.6578794451711552, 0.7106737483099501, 0.6439714981138884]"
Mismatched-C-5,8275,6,False,False,True,"[0.6520940592586204, 0.6211736652085069, 0.6611409933799588, 0.6395834906416595, 0.68106929065393, 0.6380003800138963, 0.6865700403227618, 0.618948547594245]"
Mismatched-C-5,8367,6,False,False,True,"[0.6054328527183692, 0.612381203365183, 0.5773524314518763, 0.5985241467011382, 0.6073977656961036, 0.5865396337929283, 0.6432332610885019, 0.6075730574782663]"
Mismatched-C-5,8828,2,False,False,True,"[0.6864768357685533, 0.6980049510746685, 0.7375381328265831, 0.7336161766664338, 0.7066163387121853, 0.7132578873684658, 0.6911155621782974, 0.6952788967833559]"
Mismatched-C-5,8862,2,False,False,True,"[0.5660715439994073, 0.6313861207517086, 0.6375805779994117, 0.6344664730456269, 0.6128642687813666, 0.5010820333161404, 0.6042525371971204, 0.5531005738565875]"
Mismatched-C-5,8926,4,False,False,True,"[0.7120604474993789, 0.5378592347066797, 0.7108840023810852, 0.6143963618087485, 0.7442620512236054, 0.6671694031999604, 0.7345039111411396, 0.5788420114050467]"
Mismatched-C-5,9188,7,False,False,True,"[0.534742001082534, 0.5429184194876194, 0.5457259149683258, 0.5103481915346585, 0.5311229062638159, 0.5505225313190529, 0.5372970512825626, 0.561459629611561]"
Mismatched-C-5,9298,5,False,False,True,"[0.5117764633746414, 0.5586224613174005, 0.5979020072745858, 0.5992287098322744, 0.6255203249014973, 0.6591145083206784, 0.628415772469034, 0.5427943405985652]"
Mismatched-C-5,9376,4,False,False,True,"[0.7269172849390213, 0.7333949981898473, 0.7187584327410644, 0.717999542416404, 0.7407591545166108, 0.6983987767534481, 0.7407454375460186, 0.7197175347405567]"
Mismatched-C-5,9712,6,False,False,True,"[0.4447997512725721, 0.5745206218365688, 0.5240498328803287, 0.4699079387530598, 0.6158021896768455, 0.5713470438139834, 0.6395806795018384, 0.5607697710312519]"
Mismatched-C-5,9877,2,False,False,True,"[0.6346587915614601, 0.6246791611624745, 0.6642858455640903, 0.6081936176363275, 0.6131482450220344, 0.5707758697731196, 0.6222626166650758, 0.6214113542657593]"
Mismatched-C-5,10115,3,False,False,True,"[0.6355909497306249, 0.732883038004728, 0.5393286562478845, 0.7446386708236618, 0.7324776051102659, 0.5750856815982366, 0.7038916426203472, 0.6683365830647447]"
Mismatched-C-5,10191,0,False,False,True,"[0.6919147972768012, 0.6462238736870914, 0.6824306895597765, 0.6536485881126182, 0.6721791034931686, 0.6449332254106208, 0.6397544057365653, 0.6210376029621836]"
Mismatched-C-5,10361,4,False,False,True,"[0.626842118824835, 0.6608666340233889, 0.6537289638028004, 0.6613456060601253, 0.7378788024981848, 0.6799642064994236, 0.6482618201154418, 0.5694155898641918]"
Mismatched-C-5,10602,7,False,False,True,"[0.7748610847252927, 0.7605800598353822, 0.770244957134822, 0.7429738759917841, 0.7717057945653436, 0.7327818085798814, 0.7621243615613257, 0.7753825460525083]"
Mismatched-C-5,10622,2,False,False,True,"[0.5721545914269299, 0.5983766059835711, 0.6706855301430354, 0.46701138417476507, 0.6166768778199332, 0.6262763237916351, 0.6568619999203114, 0.4733186822382336]"
Mismatched-C-5,11050,4,False,False,True,"[0.5931223622976238, 0.5283906833202153, 0.6130524830630375, 0.6368225301612519, 0.7634576354977448, 0.6751564326579483, 0.6884503578617864, 0.639350689050367]"
Mismatched-C-5,11274,5,False,False,True,"[0.647576051522988, 0.6915722740829131, 0.7575846114013278, 0.706822368565212, 0.7167963186817973, 0.7781471549255097, 0.7600782620774214, 0.7260387273278592]"
Mismatched-C-5,11493,3,False,False,True,"[0.5842354796622544, 0.6236571486633846, 0.6142501612581808, 0.7479125405956704, 0.5591481562054479, 0.5887540026215068, 0.4880696845565951, 0.5187151481405324]"
Mismatched-C-5,11757,5,False,False,True,"[0.5552431537390424, 0.5354193788612825, 0.5201807954829651, 0.5558454833418236, 0.5701805400822612, 0.5948974465020969, 0.4609632771879406, 0.4599554286117136]"
Mismatched-C-5,11886,2,False,False,True,"[0.6364928075774505, 0.6291611157375747, 0.6698716327030221, 0.6236766334877188, 0.662179029096233, 0.654232499082923, 0.6171960329628569, 0.6342805484158017]"
Mismatched-C-5,12122,1,False,False,True,"[0.5716685178647938, 0.598212406106321, 0.5635877145976482, 0.5129769352251904, 0.5631955258870914, 0.5728003281050091, 0.513003813528425, 0.5207242640359868]"
Mismatched-C-5,12225,5,False,False,True,"[0.6372550219061637, 0.6492429976015545, 0.6175894942521205, 0.609383473150083, 0.5331500451643683, 0.699333868205068, 0.6548610709155472, 0.5951678292945802]"
Mismatched-C-5,12292,4,False,False,True,"[0.5847211688862672, 0.5761192245162228, 0.672584269913945, 0.6930411642963005, 0.7136371666849943, 0.6344815786784873, 0.6541872192028171, 0.64421636216804]"
Mismatched-C-5,12340,7,False,False,True,"[0.6868526890778857, 0.7109511491305959, 0.6996040392453504, 0.5795081589665757, 0.696426241682276, 0.7254768012811574, 0.695169615241475, 0.7369089602127465]"
Mismatched-C-5,12386,0,False,False,True,"[0.6845421589630032, 0.5695566619039009, 0.6241599976610164, 0.6159341746308544, 0.6625322345775606, 0.6179449185265211, 0.5980674570279408, 0.5850211386473482]"
Mismatched-C-5,12597,2,False,False,True,"[0.4384761289557033, 0.5273736711781902, 0.6213699182247623, 0.5154879113505899, 0.5098614364438869, 0.5502284468213926, 0.44934118712885623, 0.5094656536107399]"
Mismatched-C-5,13041,1,False,False,True,"[0.5530061236384947, 0.652718263512231, 0.5878785302552725, 0.5584967340285335, 0.5673197199746303, 0.5905818612894549, 0.5861972584008261, 0.6470772566485482]"
Mismatched-C-5,13134,6,False,False,True,"[0.6335761074178068, 0.6402723615156969, 0.620417937902257, 0.6082359530962262, 0.6125940080707803, 0.6280415350633699, 0.695171056293774, 0.62520321619958]"
Mismatched-C-5,13223,7,False,False,True,"[0.6237442458744473, 0.6673252958106795, 0.6341748749006599, 0.563256455506966, 0.6705658363513978, 0.6870690179437184, 0.6330630033307711, 0.7234112617194428]"
Mismatched-C-5,13298,3,False,False,True,"[0.5451150329307392, 0.5266120831303716, 0.5086636858828276, 0.6106261685864476, 0.5893734546274387, 0.5432606260862026, 0.5984686539620295, 0.5420327869626755]"
Mismatched-C-5,13587,4,False,False,True,"[0.6071340222750963, 0.5679370409855974, 0.5407178536295656, 0.5504636800116971, 0.6393975944971613, 0.6168723854597359, 0.5510406161031505, 0.5771748927536064]"
Mismatched-C-5,13703,2,False,False,True,"[0.5410829141428827, 0.63350988153493, 0.7059976650753268, 0.5245164413808984, 0.5590524589344065, 0.5569215716630709, 0.6128252166591067, 0.6313246341230676]"
Mismatched-C-5,13741,1,False,False,True,"[0.5810471382563309, 0.6171493496969562, 0.5856457978679499, 0.533272621906382, 0.5003628966890483, 0.5721770736742631, 0.5788797041166757, 0.5605899793965083]"
Mismatched-C-5,13749,1,False,False,True,"[0.49860337094219837, 0.5527693758618559, 0.5182461923086832, 0.548972516793452, 0.468936987085817, 0.4599733415330424, 0.5111949437448426, 0.4004604585363498]"
Mismatched-C-5,13826,1,False,False,True,"[0.6271346708396504, 0.726635859375582, 0.7071917453120722, 0.6468341675764897, 0.6058406185680958, 0.6994028021015439, 0.6399454072298456, 0.6812759650101299]"
Mismatched-C-5,13842,0,False,False,True,"[0.6482620127503813, 0.6185731152907752, 0.6323112888784638, 0.6273332526174731, 0.6350832721754264, 0.6135682421585384, 0.6192684779991375, 0.6471593135592362]"
Mismatched-C-5,13879,6,False,False,True,"[0.5953684051225404, 0.5918215290278881, 0.668527038173307, 0.5524235940385769, 0.612233181386062, 0.6541971741469512, 0.6783728306850265, 0.6757617289748892]"
Mismatched-C-5,13895,4,False,False,True,"[0.6237687009451535, 0.5858501877898874, 0.6123069379316246, 0.588448069144002, 0.6722197417854804, 0.6430156598741418, 0.5740831733068363, 0.5737544009224259]"
Mismatched-C-5,13938,0,False,False,True,"[0.8417516926833191, 0.817328383176977, 0.7933027120537487, 0.7803229801489033, 0.80739638126314, 0.8239347524655103, 0.7960358358756175, 0.8278265311027604]"
Mismatched-C-5,14049,5,False,False,True,"[0.6311454680625816, 0.6585935784581161, 0.6837850635840157, 0.648104879674088, 0.698018600727883, 0.7073079232282915, 0.6534917835660958, 0.6654513103177542]"
Mismatched-C-5,14170,1,False,False,True,"[0.6323551763971667, 0.6539541991900759, 0.6402093824319135, 0.62939125853212, 0.6495228450463266, 0.64492798175837, 0.6128275017228805, 0.6322987144597862]"
Mismatched-C-5,14245,7,False,False,True,"[0.6108629445794402, 0.6037954155045526, 0.672985756514668, 0.6119545468443908, 0.6417852192642641, 0.6140258242833772, 0.6873935415305228, 0.6954559447111082]"
Mismatched-C-5,14274,5,False,False,True,"[0.6596327987922633, 0.6485731969548962, 0.6188850837380757, 0.6294770652663167, 0.6030538100626134, 0.6725974891283077, 0.5754525294000054, 0.5803592840476232]"
Mismatched-C-5,14728,6,False,False,True,"[0.5988360182598034, 0.5588843301115041, 0.559337912281541, 0.5775078377197453, 0.5519527123187435, 0.4961105724129875, 0.6073702825868552, 0.5401070798789237]"
Mismatched-C-5,15068,1,False,False,True,"[0.7449410820198897, 0.7450780451174608, 0.7407810352609708, 0.7114369988090059, 0.6961876878734885, 0.7160221112775158, 0.716085661840244, 0.7233555386034085]"
Mismatched-C-5,15181,7,False,False,True,"[0.578067985978283, 0.6176266661762051, 0.6031781000849907, 0.5681730051023917, 0.5938519014557706, 0.5885775156499711, 0.5745825072598969, 0.6338350532942963]"
Mismatched-C-5,15182,5,False,False,True,"[0.526166052597984, 0.5234649328310021, 0.549021300605643, 0.6006853058411239, 0.5985127932616376, 0.6174605183088167, 0.5550253398171339, 0.6113886892185532]"
Mismatched-C-5,15191,5,False,False,True,"[0.6369330928417047, 0.6744021469827917, 0.7155352451403563, 0.6348884469945648, 0.6597016681785661, 0.7740304162180722, 0.7445272325382957, 0.6925714470014691]"
Mismatched-C-5,15274,3,False,False,True,"[0.6294032254776105, 0.6899025119855112, 0.6689315716134264, 0.7004214480974922, 0.6982101759229622, 0.6601301022510754, 0.6625913427461557, 0.6971253262600607]"
Mismatched-C-5,15386,6,False,False,True,"[0.6059911333086991, 0.6002954681115812, 0.6201723582794826, 0.6442165944299416, 0.6399084769851779, 0.5739468972701516, 0.6562323465447955, 0.5877122562366635]"
Mismatched-C-5,15438,7,False,False,True,"[0.5810197421027168, 0.6148451018238161, 0.5825569391287112, 0.5806696373185761, 0.5831815266762442, 0.6467065793726654, 0.6363650239253036, 0.6540656214018801]"
Mismatched-C-5,15516,0,False,False,True,"[0.6292994273195159, 0.539056579839034, 0.5564632702586209, 0.5303883872725123, 0.4849047558610831, 0.5609561847807527, 0.5546280783322132, 0.5457039609722982]"
Mismatched-C-5,15631,0,False,False,True,"[0.8091848573754934, 0.7181701935693152, 0.7317116138621286, 0.6805157310301866, 0.7425792077587179, 0.7175016695968724, 0.8059713641324997, 0.6296886465210796]"
Mismatched-C-5,15632,5,False,False,True,"[0.5403649772104869, 0.5878937680664393, 0.5978605641078014, 0.5656330683199513, 0.5337624364173128, 0.6058456390307663, 0.5947941744956198, 0.5676276366001622]"
Mismatched-C-5,15865,6,False,False,True,"[0.6186041732521279, 0.6245848795950181, 0.6225182412813495, 0.5955508767421993, 0.6652753486593606, 0.5989693690029938, 0.7324206781985223, 0.6075042399537531]"
Mismatched-C-5,15898,1,False,False,True,"[0.7123982255646886, 0.7211401634905148, 0.6947584696546479, 0.6456037592843991, 0.666620243862897, 0.7180121176269957, 0.6315181053957277, 0.7149637275908058]"
Mismatched-C-5,15953,3,False,False,True,"[0.564867615242135, 0.6090365922418521, 0.5936442803237845, 0.6275794747025042, 0.6056591391842627, 0.5966481904932687, 0.5978988651027883, 0.5302841562826364]"
Mismatched-C-5,15985,1,False,False,True,"[0.6508184328276333, 0.746977967744084, 0.6767423306244631, 0.6052695224754143, 0.7466086075390055, 0.6362617455642126, 0.71096468301762, 0.6649168869435205]"
Mismatched-C-5,16251,5,False,False,True,"[0.639912359165159, 0.5574024862252644, 0.5689109386719029, 0.6460211257369288, 0.6093210965873229, 0.7016883800749841, 0.6211675532189594, 0.619919653418001]"
Mismatched-C-5,16424,4,False,False,True,"[0.6601532988610448, 0.6632188594087361, 0.6172635160888509, 0.6054479954747107, 0.6704162064710529, 0.6215002835587468, 0.6267987938943438, 0.6427946780859037]"
Mismatched-C-5,16525,1,False,False,True,"[0.657367751175493, 0.75747512834736, 0.698925928437419, 0.7077290048307674, 0.6468689464735731, 0.5940283803894665, 0.6682242177188771, 0.6646679981768312]"
Mismatched-C-5,16625,4,False,False,True,"[0.6440977327771223, 0.6514730534365375, 0.6645165865537357, 0.6591946399322828, 0.6830097656951648, 0.630894588275513, 0.6657399680888227, 0.6766870729009533]"
Mismatched-C-5,16718,2,False,False,True,"[0.5830935662502492, 0.6154476973511429, 0.694412046363756, 0.6386864080766647, 0.5891384257669263, 0.588142567177977, 0.6100803398993215, 0.6144848824697563]"
Mismatched-C-5,16800,6,False,False,True,"[0.622506191732656, 0.5710538493683208, 0.5947018285824648, 0.6107231937776286, 0.6224039195701446, 0.6215895901947608, 0.6542307080894285, 0.6008236143453531]"
Mismatched-C-5,17017,2,False,False,True,"[0.6219020975607092, 0.6538794602878488, 0.7190908908011763, 0.6342545008011422, 0.6972223385387987, 0.6842385659042536, 0.6878604911238662, 0.6322578017046115]"
Mismatched-C-5,17605,4,False,False,True,"[0.6740815783945098, 0.5664754946686591, 0.48306314569346565, 0.6726941811653576, 0.693084234623818, 0.5841527946834242, 0.6693672336762382, 0.6523841634072272]"
Mismatched-C-5,17651,6,False,False,True,"[0.6896261353811968, 0.7060650723909825, 0.619120898154657, 0.6747866228327531, 0.6895598470511343, 0.6946586652368022, 0.709595741266076, 0.6943408175902989]"
Mismatched-C-5,17795,3,False,False,True,"[0.6651007471078416, 0.6357882864217452, 0.6476809545804099, 0.7213509006225958, 0.6069737037181923, 0.6380922293155379, 0.6284360296024782, 0.6844008012964482]"
Mismatched-C-5,17843,7,False,False,True,"[0.6102485378948885, 0.6594300666434691, 0.4913639223000493, 0.5362116646215896, 0.577190977755988, 0.6321199384959842, 0.5802963194352804, 0.6742374879116029]"
Mismatched-C-5,17865,6,False,False,True,"[0.7417356090196374, 0.7567506337035148, 0.7172378001083616, 0.7746684688484824, 0.7680731443715071, 0.7290614842343486, 0.7933748953662356, 0.7467245826975331]"
Mismatched-C-5,17946,0,False,False,True,"[0.6225331313088408, 0.5493043882743158, 0.6164010394619743, 0.5900077437649653, 0.5867049509130511, 0.6186675043039769, 0.5659549715156922, 0.5947371692586436]"
Mismatched-C-5,17987,2,False,False,True,"[0.5457309012751506, 0.574027537169906, 0.6399604150106799, 0.5681196746282502, 0.5286431320845346, 0.5756248582295505, 0.6148723331690948, 0.6302011361758397]"
Mismatched-C-5,18115,5,False,False,True,"[0.5439875443048736, 0.5271881021365898, 0.5736220163329486, 0.4567964528825146, 0.5121173826751516, 0.5745705135903558, 0.44480597154607915, 0.5544614353483979]"
Mismatched-C-5,18159,1,False,False,True,"[0.6256327426558591, 0.7430822911552379, 0.6802006825463666, 0.7302951189095422, 0.6941195299158587, 0.6686377287231594, 0.7021926234880447, 0.6774593266978881]"
Mismatched-C-5,18170,7,False,False,True,"[0.6112424645323832, 0.47870185785260244, 0.5332872678405338, 0.5997520045778035, 0.6064112602208742, 0.5525389794879131, 0.5349055928841636, 0.6572051693649765]"
Mismatched-C-5,18556,4,False,False,True,"[0.8462461700565777, 0.8128715074184132, 0.7023396866407724, 0.7390812063151255, 0.8553435273796174, 0.7815869021779744, 0.812975746569861, 0.7220825902126481]"
Mismatched-C-5,18888,3,False,False,True,"[0.5824686000533382, 0.6592507889543273, 0.5529707486101845, 0.6616696226616949, 0.6315075188902615, 0.5688180883352054, 0.628473307469857, 0.6529643462813857]"
Mismatched-C-5,18960,7,False,False,True,"[0.6269476636304836, 0.6847820088491544, 0.6708261341018746, 0.6955204530935171, 0.6572725181375881, 0.6850085068758203, 0.6963853045551113, 0.7268128624694988]"
Mismatched-C-5,19331,6,False,False,True,"[0.6962722325223694, 0.6593991038249332, 0.7115326681686023, 0.6848615978985778, 0.6915395017162851, 0.7015552652301239, 0.7198423994958847, 0.6969747240540789]"
Mismatched-C-5,19471,1,False,False,True,"[0.632375373689031, 0.6558532172805849, 0.6120047593136777, 0.622176059075053, 0.5833332089522446, 0.5515591479481999, 0.6350686965281662, 0.552933977717629]"
Mismatched-C-5,19593,6,False,False,True,"[0.5461396952054658, 0.5234194158036358, 0.5410011827664243, 0.5743360849651573, 0.5762044743543586, 0.6409546743807564, 0.6642379531799084, 0.6122300438483494]"
Mismatched-C-5,19605,2,False,False,True,"[0.6249710954466302, 0.5678085212087867, 0.6483611420866839, 0.5688235039056102, 0.49993750189762, 0.5652861157986002, 0.5503396328376691, 0.5498333859424176]"
Mismatched-C-5,20013,2,False,False,True,"[0.6624167953887716, 0.6156759098500708, 0.6671079792445944, 0.5986996652919088, 0.4890493141326846, 0.5309219594727336, 0.5719211823392927, 0.564665945377315]"
Mismatched-C-5,20072,0,False,False,True,"[0.6168195292512568, 0.57030932512585, 0.5586329736070266, 0.5572503112200966, 0.4799574789777009, 0.5510581551854048, 0.6123088124008953, 0.5000435773290961]"
Mismatched-C-5,20317,4,False,False,True,"[0.7000972577464315, 0.6362808852722039, 0.6831666604381663, 0.6655231393862879, 0.7140069387783331, 0.6174730449092393, 0.6174963374316778, 0.618666485089713]"
Mismatched-C-5,20380,7,False,False,True,"[0.3601063278753485, 0.5266523593872405, 0.5130039833642601, 0.5832556287782532, 0.5527532043762737, 0.49572181794374276, 0.35883569878116095, 0.6782399653754343]"
Mismatched-C-5,20520,6,False,False,True,"[0.5178289164828653, 0.5360904113986396, 0.6346601700425815, 0.48450787220956615, 0.5803810360141228, 0.606831487357959, 0.6490007617466433, 0.5871756331511921]"
Mismatched-C-5,20545,1,False,False,True,"[0.5775588368941105, 0.7202853111701619, 0.6376528916697106, 0.6706204987503173, 0.7098993212650073, 0.601451026000646, 0.5545573764060421, 0.5782303700141769]"
Mismatched-C-5,20863,0,False,False,True,"[0.679639361780811, 0.5940057969391378, 0.5700833473453353, 0.6027566390479673, 0.5885138661191159, 0.5947882306267158, 0.5876866329435739, 0.6598227908329442]"
Mismatched-C-5,20882,3,False,False,True,"[0.6031975334054185, 0.5579624028111387, 0.5707974527504636, 0.6139904889319064, 0.5663029310253955, 0.5856474057667866, 0.576588479910576, 0.5472122531424057]"
Mismatched-C-5,20904,3,False,False,True,"[0.7977859979449415, 0.7953800882302358, 0.8042433012430701, 0.8338531165796272, 0.7666858148805711, 0.8172341610936222, 0.7825085032521537, 0.7949497471678644]"
Mismatched-C-5,21295,4,False,False,True,"[0.5751835131739285, 0.631101507292065, 0.6063506875062273, 0.5759302026015181, 0.6477060312292291, 0.5661777998989117, 0.5486814534479112, 0.6021274894783395]"
Mismatched-C-5,21414,1,False,False,True,"[0.6853440718485355, 0.7095161844525969, 0.6968674087321765, 0.673682361807652, 0.709230720120644, 0.6902961536886136, 0.673740104740362, 0.6572247347243736]"
Mismatched-C-5,21436,2,False,False,True,"[0.6524854389202688, 0.682737927639999, 0.7025239064411853, 0.5674138837988396, 0.6280029254446293, 0.6501711943427669, 0.7002841959204835, 0.6369338575784054]"
Mismatched-C-5,21558,3,False,False,True,"[0.59246888485951, 0.5584429021409916, 0.5799104996145622, 0.6394542716699947, 0.638262745112475, 0.57604580535378, 0.6056551869628661, 0.5762761387586441]"
Mismatched-C-5,21887,4,False,False,True,"[0.5926171615025503, 0.6116976006426562, 0.5815391147795685, 0.6334393944440959, 0.6568682570036077, 0.6014214702805379, 0.6485174029869734, 0.6244059167737308]"
Mismatched-C-5,22215,3,False,False,True,"[0.6026518758334396, 0.5475993245833854, 0.5958646158758172, 0.6144172672228758, 0.612704816170144, 0.6035572458220377, 0.5994482629041569, 0.5874530590927354]"
Mismatched-C-5,22299,1,False,False,True,"[0.5042762646816106, 0.6549924434203434, 0.5695177517765024, 0.5999170562248, 0.5928156615346382, 0.598653228231625, 0.5148230767729532, 0.5494859882241684]"
Mismatched-C-5,22303,0,False,False,True,"[0.7041321829105996, 0.6816566347804458, 0.6499999434620234, 0.6680494794930064, 0.6407966182313577, 0.6929660487181388, 0.5786550506691481, 0.5731412662188491]"
Mismatched-C-5,22452,1,False,False,True,"[0.5646444462834413, 0.644148923188569, 0.4340843648233455, 0.611374831197621, 0.5858844190655588, 0.573314047791645, 0.641741350092129, 0.6244602607663143]"
Mismatched-C-5,22793,4,False,False,True,"[0.6027195776649819, 0.5989417834799133, 0.6138176053192825, 0.5869533659255616, 0.6370594285956988, 0.6039838478489402, 0.6250148416641513, 0.5787298157477223]"
Mismatched-C-5,22803,6,False,False,True,"[0.6656556227145787, 0.6139629083647243, 0.5861971222805636, 0.6539413108995602, 0.6636681753506863, 0.6472832458986721, 0.7104340700054855, 0.5416462110415314]"
Mismatched-C-5,22924,7,False,False,True,"[0.6474058702515526, 0.6849934628036187, 0.6381192521519226, 0.6752549104871568, 0.6181884150998316, 0.6789565801751967, 0.674753557230503, 0.6904374145298942]"
Mismatched-C-5,23314,0,False,False,True,"[0.7360170493213369, 0.703265945397453, 0.7221460990936115, 0.70436734219486, 0.6957265524977592, 0.6634760745205324, 0.7169996514523205, 0.6916344602865623]"
Mismatched-C-5,23445,0,False,False,True,"[0.7767959010982248, 0.7193568721258858, 0.6790378946258162, 0.6847365760269681, 0.7533437403028, 0.691348958362288, 0.7055090248577197, 0.7295874560364759]"
Mismatched-C-5,23479,4,False,False,True,"[0.6791215403685882, 0.5095466598758016, 0.606237808802389, 0.6496527870506705, 0.7025025880493838, 0.7018235568503984, 0.6340724201522441, 0.6629538656341591]"
Mismatched-C-5,23623,4,False,False,True,"[0.4957467117440725, 0.5527713085097872, 0.42413074505721005, 0.5695365957646676, 0.5718637275858831, 0.4963662870396552, 0.5263658690572498, 0.4210698121768035]"
Mismatched-C-5,23633,0,False,False,True,"[0.7060945344553529, 0.5847646726875053, 0.6506555295831477, 0.6566950619520995, 0.6428911645518272, 0.7058866461829112, 0.6180621910514359, 0.6900783736813869]"
Mismatched-C-5,23642,2,False,False,True,"[0.5145980865355231, 0.5762536352317611, 0.6342562811351471, 0.6207633005387705, 0.6276320962037716, 0.578966102525793, 0.5313637276496204, 0.5759249008019056]"
Mismatched-C-5,23803,5,False,False,True,"[0.6661476085526628, 0.6981307591896606, 0.6700240346617597, 0.6537939385596613, 0.6633000981564128, 0.7369210415972897, 0.6975588764768152, 0.6209119335674509]"
Mismatched-C-5,24062,0,False,False,True,"[0.655113005334323, 0.5899540581972222, 0.5647661404606727, 0.6166898324016925, 0.6118832395708597, 0.5935812142780243, 0.44849806336597475, 0.5039568180176615]"
Mismatched-C-5,24103,1,False,False,True,"[0.7068382764367407, 0.7217808493285058, 0.6762209011561215, 0.5956470350211696, 0.6906887572892578, 0.6929244234957836, 0.6441243099129486, 0.6501986259085855]"
Mismatched-C-5,24306,4,False,False,True,"[0.5210236202382217, 0.5427393293386054, 0.5215017281009382, 0.5385525988801274, 0.5562153079464939, 0.5111193682561224, 0.5314063843245307, 0.5501262986177984]"
Mismatched-C-5,24700,2,False,False,True,"[0.6164031934718922, 0.6325625491749689, 0.6397681595236206, 0.6355483682611296, 0.5900643216608793, 0.6360531149665994, 0.5361413285817611, 0.5946098635464913]"
Mismatched-C-5,24790,7,False,False,True,"[0.5091622978342495, 0.5729570444349649, 0.46062866820144377, 0.3916601340387742, 0.5659012723190291, 0.4789392947550827, 0.4257877241318601, 0.6249553060337486]"
Mismatched-C-5,25150,5,False,False,True,"[0.5869276065405211, 0.5956328949184309, 0.5569623137566713, 0.5633482176144924, 0.5858193478699624, 0.6137714546009801, 0.5981008473450864, 0.5926658184610596]"
Mismatched-C-5,25166,2,False,False,True,"[0.5943761506256958, 0.6441476192674986, 0.6737477988005718, 0.5853159254300697, 0.6310836970923759, 0.6239157160344918, 0.5955006469685339, 0.6289608500982706]"
Mismatched-C-5,25339,4,False,False,True,"[0.5681156006202138, 0.5352941474436428, 0.5178960836006944, 0.5614367375892575, 0.6050787827672894, 0.5733709892566834, 0.5357554377537079, 0.5563843837645105]"
Mismatched-C-5,25360,5,False,False,True,"[0.6386074576664289, 0.5429981825171348, 0.5642133787276383, 0.6454829427254856, 0.5004806462975543, 0.719032259865882, 0.6105126819812469, 0.6849951887887468]"
Mismatched-C-5,25374,4,False,False,True,"[0.7050546019504396, 0.6749303699206398, 0.6933546876794932, 0.7277767697920878, 0.7320749300965306, 0.6950837441545089, 0.6723614331857839, 0.6796805718777852]"
Mismatched-C-5,25447,7,False,False,True,"[0.5989725223208332, 0.6214558350388664, 0.6150572928613836, 0.611414012134446, 0.6238404647725352, 0.6023889995191871, 0.656662265798236, 0.6733887268862169]"
Mismatched-C-5,26070,6,False,False,True,"[0.6891993730201462, 0.6529245853645906, 0.5407894424851858, 0.5685803682847039, 0.6511852050888346, 0.7020159892153259, 0.716336337830555, 0.6980917744398409]"
Mismatched-C-5,26146,3,False,False,True,"[0.6108900916951205, 0.6293572339949007, 0.6422557412286918, 0.697414460485295, 0.5534021157075433, 0.6473823771909284, 0.655983235376407, 0.6767728624743048]"
Mismatched-C-5,26419,2,False,False,True,"[0.6073421115601785, 0.6605876348270266, 0.720137806607883, 0.6404013757519587, 0.6221712266489593, 0.5867707551993129, 0.5712872204106023, 0.6551656934206289]"
Mismatched-C-5,26519,3,False,False,True,"[0.4851863531365862, 0.4529043750618395, 0.5255126124589053, 0.7091525974484962, 0.5107800358478326, 0.5268356902748814, 0.43375040323960085, 0.5072206225325284]"
Mismatched-C-5,26535,6,False,False,True,"[0.435464908073787, 0.5388769279687957, 0.5048819084712277, 0.4510109671921925, 0.5849933053694767, 0.5870093280271124, 0.5990076590226044, 0.5341986644975757]"
Mismatched-C-5,26749,0,False,False,True,"[0.7240377189741085, 0.6952664314212019, 0.7086308862928585, 0.7045816625871899, 0.6631231601035963, 0.7196681956133069, 0.7179846162300927, 0.7229095657399484]"
Mismatched-C-5,27131,5,False,False,True,"[0.6414076226091179, 0.4251731986450114, 0.4831797783047571, 0.5486871402497531, 0.5201888301783055, 0.6552211236314593, 0.5149721105907555, 0.5547568788078733]"
Mismatched-C-5,27196,3,False,False,True,"[0.6103372455168605, 0.6746950565489118, 0.7123121042772466, 0.7391873001938511, 0.6518511378960304, 0.6880255849888108, 0.6973366329839252, 0.6481431205052353]"
Mismatched-C-5,27240,6,False,False,True,"[0.6579362907034751, 0.6109326868803442, 0.6622326705303425, 0.6076441596113291, 0.6429094614749221, 0.6278039532553763, 0.6654743718294602, 0.6552646674397877]"
Mismatched-C-5,27260,5,False,False,True,"[0.6204148191947092, 0.6802664197064379, 0.6653500899667877, 0.6098596545291184, 0.6592206334211277, 0.6860198060458309, 0.6482914731477284, 0.6420123883795048]"
Mismatched-C-5,27648,0,False,False,True,"[0.6973003225955022, 0.6533156764794785, 0.649590824337728, 0.6966487743972779, 0.6783447088921322, 0.6663729958040219, 0.675083064644195, 0.6590585309669195]"
Mismatched-C-5,27688,3,False,False,True,"[0.5437816473331598, 0.5675863358658721, 0.5869839934890035, 0.7033112698604158, 0.6768752164870133, 0.6569289443274613, 0.5841497217007807, 0.6004035670370879]"
Mismatched-C-5,27781,1,False,False,True,"[0.5710568731808037, 0.6067738738770326, 0.5882266383951233, 0.559139997756398, 0.5711984652356923, 0.5749640203530049, 0.5657894219876072, 0.5795028691439523]"
Mismatched-C-5,28157,7,False,False,True,"[0.679136301398723, 0.6381819469456032, 0.5977817167657193, 0.6319607733480983, 0.5993327028357025, 0.6671007399093989, 0.6104882764237022, 0.6833568020229974]"
Mismatched-C-5,28253,4,False,False,True,"[0.6695554490530216, 0.5860465638810302, 0.6512552134544707, 0.6536574905753254, 0.6873065762924055, 0.6491990894935256, 0.5719772735083357, 0.5365317756231586]"
Mismatched-C-5,28276,3,False,False,True,"[0.5909734829418909, 0.5099777136638509, 0.6031309682113037, 0.6436878436481697, 0.5338306078676331, 0.6072801026290859, 0.6190034890470635, 0.5881821318988949]"
Mismatched-C-5,28309,2,False,False,True,"[0.6543010787900021, 0.6869811267467199, 0.7266762852202218, 0.7064351775589521, 0.6532548066068313, 0.6611609359571745, 0.6817958351397814, 0.7057246803606569]"
Mismatched-C-5,28511,4,False,False,True,"[0.7327064102418008, 0.7684544534599875, 0.698664622883702, 0.7474727778342302, 0.813159314513283, 0.5925225036248319, 0.6582728268424798, 0.7939671792230043]"
Mismatched-C-5,28548,3,False,False,True,"[0.5610160726391428, 0.5578083616341833, 0.5980703811552327, 0.6238092092078786, 0.5730222240070866, 0.6135553463296879, 0.5795021394879816, 0.6080063301692473]"
Mismatched-C-5,28979,4,False,False,True,"[0.6226649805286788, 0.6006011801001052, 0.6082537908082328, 0.6493858251227916, 0.6863145683951793, 0.5994452606246106, 0.659530971091242, 0.6232946016979048]"
Mismatched-C-5,29018,2,False,False,True,"[0.5781594768017552, 0.5741087659499503, 0.5924072114244398, 0.5423436087119032, 0.5715663536447197, 0.5159404897893374, 0.5895496367277002, 0.5147494668460174]"
Mismatched-C-5,29179,0,False,False,True,"[0.7231548656788196, 0.6940001596288349, 0.6811285499657437, 0.6452297849497153, 0.6904242219284992, 0.7176284058099364, 0.6629504975824092, 0.7106339997510985]"
Mismatched-C-5,29221,0,False,False,True,"[0.7235015338688953, 0.6857389016336424, 0.6892617182812975, 0.694541949871698, 0.664235355041032, 0.6854155325933667, 0.6968015936381142, 0.6590488640611754]"
Mismatched-C-5,29400,0,False,False,True,"[0.6576702630966842, 0.5911700044376555, 0.6409331336567923, 0.6265919792544625, 0.5642670803339823, 0.602784544950656, 0.5903857917619808, 0.5648026684916198]"
Mismatched-C-5,29511,5,False,False,True,"[0.6583635009905028, 0.6633611725766876, 0.608511209479387, 0.6358590260047916, 0.6334122391687125, 0.7009000526541993, 0.6958425241456803, 0.625827357819627]"
Mismatched-C-5,29591,7,False,False,True,"[0.5092323112236817, 0.5473490708794936, 0.5772516855996477, 0.5309650322137585, 0.5528907382968851, 0.4636569273059376, 0.5781702390366259, 0.5875648995050013]"
Mismatched-C-5,29610,6,False,False,True,"[0.6030234993066139, 0.6414851548715528, 0.6027187727581184, 0.3263902238186003, 0.6148768458266924, 0.6586446824638896, 0.7036359799317372, 0.62218881027138]"
Mismatched-C-5,29717,3,False,False,True,"[0.7875237514691814, 0.7866407477052435, 0.7466949236816974, 0.8014043658306964, 0.7880501005543946, 0.7830306037405435, 0.7116790715892412, 0.7188614031464282]"
Mismatched-C-5,29815,5,False,False,True,"[0.762366424161961, 0.7587922451972561, 0.7612266749369567, 0.77125680227451, 0.7633060819689403, 0.7883937335503556, 0.753663121802999, 0.7379014605933611]"
Mismatched-C-5,29831,3,False,False,True,"[0.6242837769924412, 0.5826370546614973, 0.6238761924736408, 0.7049103807690016, 0.6339847670864274, 0.6589342571582639, 0.6675951547375416, 0.5811484718782679]"
Mismatched-C-5,29903,5,False,False,True,"[0.561470275612904, 0.5516220309673633, 0.5639822954736946, 0.5691965004657786, 0.6253688906554336, 0.6284162191751727, 0.5743480014971227, 0.6114992772958061]"
Mismatched-C-5,29942,7,False,False,True,"[0.6180814086948759, 0.6224730770644641, 0.5863489371112756, 0.5834989938557349, 0.616420513191528, 0.5407778231533138, 0.5535249809081885, 0.6555063448969456]"
Mismatched-C-5,30016,5,False,False,True,"[0.5519859792206708, 0.5769986925135189, 0.542996491854368, 0.6015676362154514, 0.5559392869258475, 0.6431962166391096, 0.5516678541504645, 0.6232297020517389]"
Mismatched-C-5,30068,1,False,False,True,"[0.6388908083882106, 0.6879220170961918, 0.6544366192893276, 0.6721453164893728, 0.6530794591638427, 0.6410723800374722, 0.6467446626738749, 0.6715055648245276]"
Mismatched-C-5,30077,0,False,False,True,"[0.5572542416251361, 0.49673357100396165, 0.5552831039290185, 0.47948206950152494, 0.5453063575252038, 0.5570980875561276, 0.5162069878528677, 0.5272715635619173]"
Mismatched-C-5,30139,1,False,False,True,"[0.6644693829610845, 0.7639638383875301, 0.7334979458971613, 0.7312726034374761, 0.7163095339493155, 0.7239655179938966, 0.7012060266097522, 0.7241253819672864]"
Mismatched-C-5,30888,0,False,False,True,"[0.6604167105666127, 0.6466219040627805, 0.578476589121985, 0.6501559546088256, 0.6353529178430612, 0.655473353622724, 0.5767974580757647, 0.6596719485936253]"
Mismatched-C-5,30961,2,False,False,True,"[0.6611238155069095, 0.5681662089511595, 0.661411214395412, 0.5765845373712539, 0.5903304732701063, 0.61130256643747, 0.5442147527835848, 0.5966681256093596]"
Mismatched-C-5,31234,7,False,False,True,"[0.5760938190642152, 0.5687955280170264, 0.6138982722136116, 0.5757568061558254, 0.543668997476717, 0.5675453327999957, 0.5801263972844236, 0.655973530164734]"
Mismatched-C-5,31244,6,False,False,True,"[0.7528097284236137, 0.8029648264846276, 0.6921446801961558, 0.6420210467051365, 0.7419347886262609, 0.7410778349505487, 0.8047932536650827, 0.6910716894151803]"
Mismatched-C-5,31251,4,False,False,True,"[0.5995970264435007, 0.5226720470452191, 0.5621265603370362, 0.5086360806345289, 0.6679804517772374, 0.5695627380836563, 0.5929613108247594, 0.5454771964218303]"
Mismatched-C-5,31280,7,False,False,True,"[0.7147234769003421, 0.7681437860132196, 0.7516809103743874, 0.6355911685592217, 0.6850199524334468, 0.6884101945406363, 0.7422585657230469, 0.7771105405587462]"
Mismatched-C-5,31503,3,False,False,True,"[0.6638096081475012, 0.7087131480948634, 0.6485622329708527, 0.7340103415587851, 0.6320747844979128, 0.65745985523171, 0.7020158029023644, 0.6731533564651406]"
Mismatched-C-5,31776,4,False,False,True,"[0.5944675732871116, 0.5782271705018869, 0.5997144122323206, 0.6132125218878679, 0.6474057081809262, 0.5667811711875508, 0.5954723764502372, 0.5457322395818776]"
Mismatched-C-5,32051,7,False,False,True,"[0.6138304737549611, 0.5677600924651651, 0.6366723509065025, 0.6007949579035088, 0.596613024900406, 0.5512881220356274, 0.5785816208510113, 0.6907671090003522]"
Mismatched-C-5,32062,5,False,False,True,"[0.7578456658059503, 0.8022746715121939, 0.7801580643679988, 0.7621841215197541, 0.7688513384857605, 0.8382044013739833, 0.8302640065508964, 0.7621978614620459]"
Mismatched-C-5,32140,1,False,False,True,"[0.6448883408809158, 0.7044608203392173, 0.670268638996882, 0.6978927262436998, 0.6290163361469634, 0.668511252661764, 0.6758279528488147, 0.6581716467481933]"
Mismatched-C-5,32365,4,False,False,True,"[0.5847386650317008, 0.5956844748806569, 0.5733034691348307, 0.568976806620757, 0.6301443108598996, 0.6191269307942975, 0.5692865511560585, 0.563159304008026]"
Mismatched-C-5,32427,1,False,False,True,"[0.5148063501483522, 0.6943306926040275, 0.5241588312419834, 0.44475748705797963, 0.5085920766655634, 0.530546716096, 0.5536724397147634, 0.5249802029660418]"
Mismatched-C-5,32470,5,False,False,True,"[0.6407012640433262, 0.7137738001758187, 0.6368828307449186, 0.7196505015722812, 0.6688973069349222, 0.7266782525187663, 0.712933027820691, 0.6317365927720962]"
Mismatched-C-5,32532,3,False,False,True,"[0.706231011165077, 0.7424806743710233, 0.7038888207547696, 0.7700212002024569, 0.6374116661850171, 0.7158095629566326, 0.6636330282644887, 0.7393447016040369]"
Mismatched-C-5,32630,1,False,False,True,"[0.6832050468357929, 0.6928054457986054, 0.6830985052421632, 0.5913496923993267, 0.6606577249864065, 0.6856171081932206, 0.5403400830113111, 0.6004114238924547]"
Mismatched-C-5,32680,6,False,False,True,"[0.4981070942373653, 0.5120121997813648, 0.5290787563592879, 0.4357841593659505, 0.5239749915163365, 0.531878264839644, 0.5604374163997247, 0.4239668996642677]"
Mismatched-C-5,32697,6,False,False,True,"[0.7042144964943089, 0.70410821822979, 0.6042355745019568, 0.671620502453577, 0.7045528050926327, 0.6572909544453709, 0.7249342853915665, 0.7107797699572417]"
Mismatched-C-5,33057,0,False,False,True,"[0.723697387976005, 0.622697561967565, 0.6467209525587063, 0.6369534555759646, 0.6614688375675433, 0.6164544542730968, 0.6685279502181449, 0.6143564941114257]"
Mismatched-C-5,33084,1,False,False,True,"[0.6924655295938086, 0.7686775751020649, 0.7157137551760049, 0.6732165273378348, 0.6497834159132951, 0.7160944073613703, 0.6534536136965761, 0.6386972426375637]"
Mismatched-C-5,33123,2,False,False,True,"[0.6675714300843234, 0.6482609365036804, 0.8197546478952529, 0.6735968806353287, 0.664580804324371, 0.6679341593599561, 0.7036949492668405, 0.6688730246997332]"
Mismatched-C-5,33256,4,False,False,True,"[0.697810462667122, 0.7439719810851079, 0.6749241307591516, 0.5496419919261816, 0.7644423383454403, 0.6330743810631922, 0.648963374874009, 0.5948388735269358]"
Mismatched-C-5,33264,4,False,False,True,"[0.5921354446075826, 0.6098132859332304, 0.5859282889223039, 0.48165254175583283, 0.6143261564898963, 0.5865541455393996, 0.5727775287857464, 0.5734831580061422]"
Mismatched-C-5,33336,2,False,False,True,"[0.5878805646439165, 0.5771382935983145, 0.6251689375008018, 0.5332513008931028, 0.4890526737894718, 0.543263166901658, 0.6102136830725448, 0.5393308669897616]"
Mismatched-C-5,33342,4,False,False,True,"[0.567544272545014, 0.5196608187201055, 0.5945277439776153, 0.5159913027428258, 0.720984167792469, 0.6725701959909192, 0.6287134700953696, 0.6012315293561391]"
Mismatched-C-5,33512,5,False,False,True,"[0.5700663023809037, 0.6850483926515321, 0.6563141348558477, 0.6605985912512466, 0.6852252525367626, 0.7015147337216581, 0.6660513482579451, 0.6989910534825505]"
Mismatched-C-5,33863,1,False,False,True,"[0.6526971901024454, 0.67887106865565, 0.6477511542783838, 0.625014308492591, 0.6670752497996231, 0.6071453548744934, 0.6490170216934473, 0.6532130122241646]"
Mismatched-C-5,33990,4,False,False,True,"[0.671584373151298, 0.6884272127396488, 0.7129148307541151, 0.7167152293815497, 0.7297615654037157, 0.7040178979031528, 0.7010886833367782, 0.68309106023975]"
Mismatched-C-5,34169,3,False,False,True,"[0.5518681912997387, 0.5242624442773363, 0.5451173152790973, 0.6034658049629535, 0.5735627904962117, 0.5724492817141608, 0.5837583881695955, 0.527450156487979]"
Mismatched-C-5,34198,4,False,False,True,"[0.7191848342169487, 0.6928376355171184, 0.7033230587989656, 0.7036621008478477, 0.7304896330605486, 0.6111769627758374, 0.7108804543242173, 0.719462069640562]"
Mismatched-C-5,34415,4,False,False,True,"[0.671153516705445, 0.6441632693045483, 0.6815136924098859, 0.674466801986791, 0.6849237869137088, 0.6696943527625403, 0.6747229355713171, 0.6608513847240254]"
Mismatched-C-5,34509,0,False,False,True,"[0.7760192831470949, 0.6836713695740773, 0.6590398844381762, 0.7318833441082884, 0.7521058661059274, 0.638824670591251, 0.649330342721774, 0.7394277376501442]"
Mismatched-C-5,34565,5,False,False,True,"[0.6463661900922225, 0.6588815292055789, 0.6490637677979187, 0.5889411049987325, 0.6602169829900727, 0.669242399120341, 0.6606003898556272, 0.6606614671645149]"
Mismatched-C-5,34854,4,False,False,True,"[0.5715119555652154, 0.5588102813058935, 0.5814630078685881, 0.5491859499820952, 0.5965213977714787, 0.5721734546474372, 0.5816619828573006, 0.5800216094415023]"
Mismatched-C-5,34998,3,False,False,True,"[0.6710686245385635, 0.6223259915074177, 0.5880623583387387, 0.6998003805558691, 0.6344423232803407, 0.6005588745187528, 0.6479247081425896, 0.6758581003054724]"
Mismatched-C-5,35100,7,False,False,True,"[0.5638749813419837, 0.5791472834110873, 0.5288744283529478, 0.5261909388946779, 0.6101860721203292, 0.6020720278285854, 0.6426983834758925, 0.6538860155157842]"
Mismatched-C-5,35119,3,False,False,True,"[0.6559058652451928, 0.6562317281410683, 0.6775631938563733, 0.7180293524257529, 0.581169268987211, 0.5966432431372404, 0.6014862469120923, 0.5861326214608711]"
Mismatched-C-5,35131,7,False,False,True,"[0.6894653864583027, 0.6726602583575285, 0.6522783865826707, 0.7270226790135057, 0.6890013970668696, 0.705769845987476, 0.6438266956634873, 0.7424425709651425]"
Mismatched-C-5,35234,2,False,False,True,"[0.6126279939213275, 0.6698411134419744, 0.6881510288128045, 0.646877057354633, 0.4517713541993641, 0.6804174542206662, 0.6543565362351685, 0.6471405550938667]"
Mismatched-C-5,35269,2,False,False,True,"[0.6593389421242859, 0.5149266113062394, 0.6596359593600982, 0.5555886291172156, 0.5669681735387395, 0.5586321686072541, 0.6314276063266999, 0.6315479126825145]"
Mismatched-C-5,35281,7,False,False,True,"[0.6761217309048364, 0.6883404047606978, 0.6153865567417511, 0.6239358592993887, 0.5530631292522521, 0.608109657962493, 0.6682476035316831, 0.7338735203863942]"
Mismatched-C-5,35475,0,False,False,True,"[0.5080563587533498, 0.42013342159177475, 0.4255168536765861, 0.505279743882528, 0.39043090339933595, 0.32851329229290704, 0.4628665801538513, 0.41167381940594105]"
Mismatched-C-5,35600,0,False,False,True,"[0.720425731055877, 0.680131608865046, 0.6395955901902924, 0.6548689403731138, 0.6963697189532586, 0.6674774288191283, 0.6480331275827859, 0.65944995518775]"
Mismatched-C-5,35613,4,False,False,True,"[0.6716897429940705, 0.6694841366029973, 0.6743722033755288, 0.6521118430963508, 0.7124888634370343, 0.6799024220358065, 0.6887225152649572, 0.6514130334884661]"
Mismatched-C-5,35659,7,False,False,True,"[0.7418576776092274, 0.751592890931587, 0.7505130032592575, 0.7332349509672724, 0.732831830183878, 0.7594845377739583, 0.7429509219857426, 0.7685478026579495]"
Mismatched-C-5,35916,2,False,False,True,"[0.6345612461157875, 0.7072107718090279, 0.7403322188772561, 0.677747289509973, 0.7125307978253419, 0.6698211731032285, 0.7190762575016145, 0.6748075209804267]"
Mismatched-C-5,35964,6,False,False,True,"[0.650949777466399, 0.5681831534960364, 0.6537829313383147, 0.6626819452365348, 0.6755613768889832, 0.6561366414496269, 0.7056525241138927, 0.6519298417987336]"
Mismatched-C-5,36198,0,False,False,True,"[0.6839890911397262, 0.5516891983684713, 0.6036865550245782, 0.6180756218876029, 0.65054209308524, 0.6679799979507504, 0.5362155372342533, 0.5965411410445463]"
Mismatched-C-5,36287,2,False,False,True,"[0.6303105709564005, 0.5360108618437559, 0.6915475315091597, 0.5729509504144864, 0.5868656518255363, 0.567424412369181, 0.6067925913486709, 0.6308923360584897]"
Mismatched-C-5,36543,6,False,False,True,"[0.5989397340189326, 0.6076002902502811, 0.5896035100530537, 0.5968657475434636, 0.5637041521998223, 0.6146456149434822, 0.6227179604003203, 0.6036476410879653]"
Mismatched-C-5,36557,3,False,False,True,"[0.701156062613038, 0.6437620427737185, 0.6433323345240461, 0.7274924001681414, 0.6812561342927096, 0.6772317318143, 0.6897591482397307, 0.7012621272113414]"
Mismatched-C-5,36992,5,False,False,True,"[0.6477008640473307, 0.5419751972483386, 0.6440841759625147, 0.6536636696737658, 0.5910370006855155, 0.6752203641578818, 0.6163634583585675, 0.6708479347307286]"
Mismatched-C-5,37034,6,False,False,True,"[0.6513974120225526, 0.6610179804020675, 0.6354598518098838, 0.49148051717709706, 0.5756268317174479, 0.5649680330218985, 0.6644102533120722, 0.6108807418431645]"
Mismatched-C-5,37053,7,False,False,True,"[0.7133726381722036, 0.757448538449546, 0.7395430644307806, 0.6951209824709677, 0.6911168967717205, 0.7001498490501477, 0.7385100939456147, 0.7656660141414855]"
Mismatched-C-5,37255,6,False,False,True,"[0.5104154737312279, 0.5934927191171866, 0.5577179692569427, 0.5668411476922046, 0.6047547190696726, 0.3977414801855125, 0.6089391963372967, 0.6021468761942529]"
Mismatched-C-5,37362,0,False,False,True,"[0.8065790890393523, 0.6868079886502629, 0.7494417796190396, 0.7648546103718732, 0.6723407627605795, 0.7181522718718285, 0.7493832219591551, 0.7544451096715651]"
Mismatched-C-5,37406,0,False,False,True,"[0.5793272943394472, 0.5011390252601193, 0.5209899503157658, 0.5252783282811326, 0.576156529751948, 0.4823316766947973, 0.5542482736014478, 0.5150089785883152]"
Mismatched-C-5,37505,2,False,False,True,"[0.4926138628379898, 0.43533967127412687, 0.5015777236171506, 0.47202725692317576, 0.4924715306927151, 0.47287677169506587, 0.45975791359947926, 0.49615048865715183]"
Mismatched-C-5,37552,0,False,False,True,"[0.6867623923221191, 0.6351806257053708, 0.677711417672423, 0.631792593079127, 0.6709882170881067, 0.64609899807282, 0.6342204565361846, 0.6624210273916988]"
Mismatched-C-5,37899,6,False,False,True,"[0.6164129644120262, 0.6487337489028355, 0.6134579593057785, 0.6470468052206568, 0.6608611864172288, 0.6358336811647183, 0.6680881898695008, 0.6423080629091436]"
Mismatched-C-5,38091,4,False,False,True,"[0.5739284973851233, 0.506684337580826, 0.5438509913717741, 0.5028104780211916, 0.6852549945141893, 0.6038553947118876, 0.5896827448012893, 0.559499270213635]"
Mismatched-C-5,38194,7,False,False,True,"[0.7023448323185132, 0.6436819433174855, 0.7163264957595092, 0.7187065876890395, 0.6623730078184302, 0.6793458405399044, 0.7127857161423369, 0.7436774376031681]"
Mismatched-C-5,38375,2,False,False,True,"[0.5272720560159689, 0.5441862223589873, 0.6523471059769537, 0.6186533459634489, 0.5229579671033588, 0.6203906108773038, 0.5362763665362343, 0.5996716369761548]"
Mismatched-C-5,38380,2,False,False,True,"[0.739354077627651, 0.7320680837195341, 0.7471678956533303, 0.7266255478497947, 0.7256329913156371, 0.6552211062884017, 0.6530691771088366, 0.7396573606558365]"
Mismatched-C-5,38833,6,False,False,True,"[0.6120228007530111, 0.6728211678475786, 0.659564921961973, 0.6789898166363173, 0.6379327442527265, 0.6417997337637873, 0.7123558535543812, 0.7083781483102412]"
Mismatched-C-5,38887,0,False,False,True,"[0.6715031810414408, 0.6378283500511311, 0.6325357257130612, 0.6167537048918033, 0.6480846097189233, 0.6154576065818389, 0.6477101925663418, 0.6430659744855931]"
Mismatched-C-5,39183,1,False,False,True,"[0.5741400484725625, 0.6569371093666855, 0.52796532568102, 0.5711596446778552, 0.571758013767216, 0.5758412169758693, 0.5670563226357473, 0.5886714397161901]"
Mismatched-C-5,39288,7,False,False,True,"[0.6202937207288389, 0.647061318668662, 0.6008453278299225, 0.6009737862420881, 0.5891811660943268, 0.6217445429764943, 0.6364210070385998, 0.6492614780536857]"
Mismatched-C-5,39384,5,False,False,True,"[0.6876395186126678, 0.6791250771768995, 0.7001076542172182, 0.6551027591712936, 0.6602046003146596, 0.7351991071342381, 0.6426399149695612, 0.6979221651751739]"
Mismatched-C-5,39490,1,False,False,True,"[0.5310364807871661, 0.6248080783768334, 0.566145936948649, 0.4604923893032623, 0.5895155402661039, 0.5848960541334491, 0.59573004939943, 0.5776739894535463]"
Mismatched-C-5,39557,6,False,False,True,"[0.6650162798660724, 0.6003011906596136, 0.6169986694878006, 0.6529918973814755, 0.6775243335141186, 0.7068597218687084, 0.7351580034980171, 0.6664429911527998]"
Mismatched-C-5,39756,2,False,False,True,"[0.657307708246139, 0.6327711177482088, 0.6935248403567742, 0.6182733170067872, 0.6155255915280959, 0.6620947789684404, 0.6503632442136926, 0.49476499323110557]"
Mismatched-C-5,39793,4,False,False,True,"[0.5654435265812081, 0.5731937804866997, 0.5727791374367367, 0.5386031703642511, 0.644988343166394, 0.5792271754440251, 0.580541880976613, 0.5221323958784632]"
Mismatched-C-5,39920,6,False,False,True,"[0.7153824394716317, 0.6735351053439798, 0.6263605348189909, 0.6273126228305179, 0.7317935256607158, 0.74697208004004, 0.8055241462306989, 0.777529020170665]"
Mismatched-C-5,39986,3,False,False,True,"[0.6234622048666009, 0.5885586316477218, 0.6163507603463904, 0.6380716902080081, 0.6060075952751993, 0.5525658090111859, 0.5805808217887272, 0.5591873956966574]"
Mismatched-C-5,40269,6,False,False,True,"[0.6987315889781889, 0.7270819705176419, 0.7652620770480487, 0.7866315382947455, 0.709458576720305, 0.7838685897270949, 0.7899364925364583, 0.6533667917826439]"
Mismatched-C-5,40756,3,False,False,True,"[0.6089937365343703, 0.594614832550606, 0.6130047050598908, 0.6423662922971082, 0.5852922662157811, 0.5775725583582094, 0.5706196781949056, 0.5875390084243997]"
Mismatched-C-5,40798,3,False,False,True,"[0.5066066080138438, 0.5349466450151126, 0.48489543403428015, 0.6028937968022365, 0.5467495772375869, 0.5595635637746103, 0.5363222889421875, 0.5698415942080213]"
Mismatched-C-5,40819,5,False,False,True,"[0.696124459239626, 0.6708126820842724, 0.6963826698718112, 0.6651798587021259, 0.6864011323096013, 0.7123547231223181, 0.6838296054962993, 0.6941966163158979]"
Mismatched-C-5,40933,6,False,False,True,"[0.6317960711717803, 0.7137473411179844, 0.6673511539496384, 0.6645748848062827, 0.6615917860219986, 0.6699557881611403, 0.7262819504583466, 0.7002389008475172]"
Mismatched-C-5,40990,4,False,False,True,"[0.6791062540572588, 0.5920028701369109, 0.6817506086257177, 0.5816354792196281, 0.6881250321559033, 0.6715719175183034, 0.5753650537233157, 0.6503435585671894]"
Mismatched-C-5,41120,4,False,False,True,"[0.5072888064103922, 0.6371960387505777, 0.6359088364468288, 0.6801355493376608, 0.687826916989944, 0.5516656289237328, 0.5849387914624742, 0.6236873658799211]"
Mismatched-C-5,41402,3,False,False,True,"[0.6136195879542115, 0.6324386254004404, 0.6578603769784832, 0.6605271382542361, 0.622131331143802, 0.6413553764309634, 0.6508334209959139, 0.6522723105308954]"
Mismatched-C-5,41540,3,False,False,True,"[0.7107242033065055, 0.7180329390919377, 0.6227389268725978, 0.7245849252831853, 0.6906442531521875, 0.6997498321224795, 0.6007142843350965, 0.6853611593427744]"
Mismatched-C-5,41555,3,False,False,True,"[0.6785980876556916, 0.6682261714329997, 0.6435320793697614, 0.7145040131785846, 0.6895311286415234, 0.7005652653859318, 0.7018542676973084, 0.7124762278715862]"
Mismatched-C-5,41561,4,False,False,True,"[0.6354857863268956, 0.6664983738316481, 0.6707108729686715, 0.6588239292092477, 0.7111243510776601, 0.7021121229278459, 0.6461628697968703, 0.6391192594266397]"
Mismatched-C-5,41592,4,False,False,True,"[0.645834530365821, 0.6293141190255862, 0.6699254425344157, 0.616399276089171, 0.7030284488795896, 0.6610818041012039, 0.6726094405889909, 0.6252286632631462]"
Mismatched-C-5,41636,5,False,False,True,"[0.6338261087768646, 0.6088250048191944, 0.6419908382129068, 0.571354882626848, 0.6423577012194126, 0.647121457636392, 0.6132410591586415, 0.6345982064468529]"
Mismatched-C-5,41640,6,False,False,True,"[0.6766256241683825, 0.615857051139284, 0.5669195466296613, 0.5522607509982334, 0.6465835595056301, 0.6156336463635964, 0.6774945513930904, 0.593153549451021]"
Mismatched-C-5,41924,3,False,False,True,"[0.5943710968009486, 0.6269028280729876, 0.6157003622208161, 0.6434366592467857, 0.6174408803776155, 0.5891869238522836, 0.6411661030362262, 0.6374973610776631]"
Mismatched-C-5,41976,0,False,False,True,"[0.641777202760659, 0.49403028849057107, 0.5917540562354092, 0.6067533915513525, 0.5540852929499651, 0.5154492600851153, 0.6117366469634641, 0.5939001656522209]"
Mismatched-C-5,42022,7,False,False,True,"[0.47857296990413345, 0.5697598451771226, 0.5281350076818336, 0.6117737699244781, 0.6433788824719527, 0.5032059898104335, 0.5439161631096588, 0.6550181473435144]"
Mismatched-C-5,42251,5,False,False,True,"[0.5766900300898206, 0.5949182051689963, 0.6079850617876082, 0.5679395553770747, 0.609012139218916, 0.6400215629504715, 0.6036945939260066, 0.6003817062090531]"
Mismatched-C-5,42302,0,False,False,True,"[0.6235040828783986, 0.6021936528649006, 0.4989262602589375, 0.5640467419139035, 0.46577968013727356, 0.4886943858946624, 0.5443777556339839, 0.5355178816495602]"
Mismatched-C-5,42466,1,False,False,True,"[0.5915482843547736, 0.680192502772718, 0.6789322214903604, 0.6792848879658593, 0.5245882259173229, 0.6315910985205875, 0.619235100768168, 0.6481862009318227]"
Mismatched-C-5,42679,5,False,False,True,"[0.7096882678560902, 0.6258613423067351, 0.6927173735408266, 0.6866900627108263, 0.6518425908253167, 0.7349391568308312, 0.6296959152263881, 0.652819063263294]"
Mismatched-C-5,43065,7,False,False,True,"[0.6497198237067782, 0.649672897859854, 0.6257803963417148, 0.6921617549237635, 0.7236590267356, 0.7358770160970753, 0.6446325729972338, 0.7407395960245766]"
Mismatched-C-5,43198,5,False,False,True,"[0.5730777074747238, 0.47757881602277913, 0.5913295886738222, 0.5011249594445855, 0.5602027810748924, 0.6380314404089129, 0.6025072996343543, 0.5369385925357297]"
Mismatched-C-5,43211,4,False,False,True,"[0.6226395362194066, 0.6428485399682621, 0.6614801717765741, 0.6614096834950325, 0.7230623995138103, 0.6958231340008115, 0.665803123619582, 0.6368916653933681]"
Mismatched-C-5,43332,6,False,False,True,"[0.6167283473448721, 0.6442898049911752, 0.6301324213045252, 0.6087941655100088, 0.5803917134683372, 0.6063030763553683, 0.6756361404807236, 0.6721496698696012]"
Mismatched-C-5,43546,2,False,False,True,"[0.6373949183176879, 0.541081982065247, 0.6483570633302551, 0.5751243899344863, 0.581179065937923, 0.6036560901525464, 0.6164514563970247, 0.5962283033748186]"
Mismatched-C-5,43584,4,False,False,True,"[0.5440659791310947, 0.5381839414339459, 0.5642460047993392, 0.5494979656810584, 0.6032352842172761, 0.5725706372766751, 0.5639992609334716, 0.4879389651835842]"
Mismatched-C-5,44248,1,False,False,True,"[0.630770944091227, 0.6916577341636487, 0.6459422599822511, 0.6224373805349435, 0.6470105771756363, 0.6084497996894304, 0.6591381080064422, 0.6717414280149892]"
Mismatched-C-5,44279,0,False,False,True,"[0.6556725097994012, 0.6168778367138783, 0.5230134069466195, 0.6520341763725195, 0.5724380323381424, 0.6202636670515753, 0.5650127005827621, 0.6163350742427944]"
Mismatched-C-5,44360,0,False,False,True,"[0.6391487562912054, 0.6228423300095716, 0.5916676909634317, 0.6029237436658117, 0.5507950565722302, 0.5301664430795958, 0.6025069932017039, 0.5661950485186662]"
Mismatched-C-5,44413,0,False,False,True,"[0.6718459236458916, 0.6424181184254238, 0.5391300726859212, 0.49282528560391997, 0.6008474486380604, 0.6678599328779357, 0.49313129443344705, 0.5911998087908379]"
Mismatched-C-5,44422,5,False,False,True,"[0.5478641064320531, 0.5850790591666586, 0.6300347052515255, 0.6442629898081932, 0.6012402324480568, 0.6673014357108518, 0.6307557183954038, 0.5845472183261843]"
Mismatched-C-5,44903,7,False,False,True,"[0.5985360835088269, 0.6612578391240499, 0.6530089612385217, 0.6059247429809012, 0.5859399223593267, 0.6482487011945834, 0.6004120740858486, 0.6648173677671316]"
Mismatched-C-5,44975,2,False,False,True,"[0.6306705169902256, 0.6311991284271568, 0.7150439521080918, 0.675114037312772, 0.6949973582841815, 0.6842328964594557, 0.6313075682281255, 0.6702229740683313]"
Mismatched-C-5,45377,6,False,False,True,"[0.6164128818854573, 0.6476318769401295, 0.6313917812719323, 0.627418223975416, 0.6397715578199472, 0.6562332932111623, 0.6654842670810224, 0.6514599697339004]"
Mismatched-C-5,45528,4,False,False,True,"[0.5785378399953649, 0.5464684386244527, 0.5564589538604202, 0.5640062035283928, 0.6280229917294822, 0.5567662464596033, 0.5528307326967459, 0.5395202230120192]"
Mismatched-C-5,45699,1,False,False,True,"[0.5752532594424404, 0.690416736625064, 0.6267836895318198, 0.4617966585687746, 0.6436917312637316, 0.4994507439994793, 0.5356332061386047, 0.6272871462530173]"
Mismatched-C-5,45952,3,False,False,True,"[0.5993851688353823, 0.6151455167586788, 0.636944953675417, 0.6898928756068259, 0.6267630762674391, 0.6688114876248539, 0.6031673066578406, 0.6141198692915606]"
Mismatched-C-5,45987,4,False,False,True,"[0.6637351885888706, 0.6453655667297887, 0.6576700143813208, 0.6297777390044679, 0.7126823047005495, 0.6667366641611154, 0.6352572120181808, 0.6264801105579385]"
Mismatched-C-5,46166,0,False,False,True,"[0.543292154952711, 0.5057497315034192, 0.5323967828114449, 0.5202207960276903, 0.5396986524174279, 0.5040360920865069, 0.5358748696519254, 0.5331000415564051]"
Mismatched-C-5,46276,0,False,False,True,"[0.733255464421516, 0.5613980481177127, 0.48974233354834484, 0.5691582903878012, 0.6252693676223027, 0.6553917702377661, 0.626691150722426, 0.5830509201834269]"
Mismatched-C-5,46403,7,False,False,True,"[0.6439087966105598, 0.59520762756495, 0.6400944465314429, 0.6408273432634637, 0.6257258066971249, 0.5468293610657224, 0.5875638248293236, 0.6522443290318345]"
Mismatched-C-5,46524,1,False,False,True,"[0.6718306183598364, 0.736116455200033, 0.6998271314428517, 0.6936806567928595, 0.6096719224273488, 0.6554587087204757, 0.6108379095264806, 0.7206163277682528]"
Mismatched-C-5,46653,3,False,False,True,"[0.6281579536459692, 0.6088288010400041, 0.6093872060198351, 0.7165101511784675, 0.6840099569553131, 0.711137263354824, 0.6731434776767591, 0.6217766661721152]"
Mismatched-C-5,47030,7,False,False,True,"[0.5879983732349583, 0.6134281479329691, 0.5930922136075059, 0.6306204529809369, 0.6295532125342614, 0.5903566231987888, 0.6139186129963521, 0.6479663181022356]"
Mismatched-C-5,47086,3,False,False,True,"[0.7183334064330323, 0.6575746493148877, 0.6252884276114183, 0.755253318357396, 0.7123620295834119, 0.6788548633868969, 0.684739353954668, 0.6943544184949142]"
Mismatched-C-5,47093,3,False,False,True,"[0.6493496756498974, 0.6253947248555893, 0.6060285298742432, 0.7063507392258682, 0.5829992907484891, 0.6609462898853382, 0.6634489700323754, 0.6750644170970094]"
Mismatched-C-5,47122,6,False,False,True,"[0.6387344651638268, 0.6644643001516776, 0.6166958482218543, 0.6576408701410368, 0.6371475300810165, 0.6047393002955264, 0.6779090958137837, 0.6715331579998092]"
Mismatched-C-5,47125,5,False,False,True,"[0.47605620714961994, 0.5586272000936978, 0.5664476216789817, 0.5732071370504709, 0.4728744739567248, 0.5915785402297553, 0.5845264720344261, 0.5394704436533486]"
Mismatched-C-5,47331,6,False,False,True,"[0.6098960852546313, 0.6302247282971485, 0.641407128366736, 0.659211892889003, 0.6085732305716116, 0.6157301413645454, 0.7111009762923195, 0.6391690532459446]"
Mismatched-C-5,47471,5,False,False,True,"[0.6919256593580759, 0.6699492884697592, 0.6730227925051452, 0.6859434101614299, 0.6659793106308132, 0.7133154271640103, 0.6957899511506921, 0.7128758284097749]"
Mismatched-C-5,47583,2,False,False,True,"[0.6619914220938656, 0.6054326141821741, 0.6664118757795353, 0.5996219674792383, 0.6376025996642023, 0.6028421938352415, 0.6184600175341168, 0.5196940504982683]"
Mismatched-C-5,47744,2,False,False,True,"[0.5736190822483798, 0.5578133352574413, 0.6161360111778892, 0.5204685435667774, 0.5740086587704032, 0.5463871132187628, 0.5755459718758458, 0.5665854071800838]"
Mismatched-C-5,47907,7,False,False,True,"[0.6424007942389538, 0.6726515864853466, 0.6704472599613803, 0.6203768161930301, 0.5053397221798919, 0.6641560263684905, 0.6634003804399763, 0.7012002221321745]"
Mismatched-C-5,48376,5,False,False,True,"[0.6747517512023646, 0.6636218826330446, 0.6023688841164305, 0.6472134082512121, 0.6985569912421383, 0.712901092406503, 0.6065447691987856, 0.7088028154443409]"
Mismatched-C-5,48655,3,False,False,True,"[0.6569705128305481, 0.5934686496246442, 0.6909840888320915, 0.7100429167297646, 0.697119789033942, 0.6639659315159663, 0.6266954305004526, 0.6414830932539318]"
Mismatched-C-5,48911,5,False,False,True,"[0.5532802061868154, 0.5354796440376457, 0.5080743206521826, 0.5352328818416222, 0.5210340971389911, 0.6351846229938761, 0.5321024948977583, 0.5704437625304555]"
Mismatched-C-5,49170,3,False,False,True,"[0.616713666096651, 0.6221182946820254, 0.6514364758894067, 0.6585054936583821, 0.6432442998781931, 0.6057597675561888, 0.6231510210632467, 0.6236389411374148]"
Mismatched-C-5,49195,2,False,False,True,"[0.6553922234928182, 0.6549318054937986, 0.6670449194473534, 0.6140878521197177, 0.6377601539324218, 0.6089895617184483, 0.6356141714792762, 0.6460918843542214]"
Mismatched-C-5,49256,5,False,False,True,"[0.6647727197792489, 0.6688420463931186, 0.6467324147535896, 0.7203524319714216, 0.5756904542487834, 0.743902182560042, 0.6234843226325866, 0.6403324370694742]"
Mismatched-C-5,49315,7,False,False,True,"[0.6709208664122751, 0.6558766636584087, 0.5821182162793714, 0.620443061222647, 0.6483179410092147, 0.6515682439105102, 0.6645392915277077, 0.7129208848189861]"
Mismatched-C-5,49474,0,False,False,True,"[0.6961775882714669, 0.6944149277320136, 0.6654910681151021, 0.6370810797273242, 0.648678536544715, 0.6773789884389534, 0.6673145812006207, 0.6497407587141311]"
Mismatched-C-5,49475,2,False,False,True,"[0.6249894424670879, 0.6645180974331459, 0.668347874267471, 0.6092105330784611, 0.6100123107105306, 0.6313291163278432, 0.6535284893391344, 0.6486717119535212]"
Mismatched-C-5,49678,0,False,False,True,"[0.6863534217966161, 0.600795174373502, 0.5959349181760493, 0.6618148085944533, 0.596015763798559, 0.589059869836648, 0.6390977223862265, 0.5377975454823708]"
Mismatched-C-5,49702,5,False,False,True,"[0.7022496009270361, 0.6905869016136448, 0.7224993716399244, 0.7008083126462226, 0.7226576060377572, 0.745073177778542, 0.6869296283575045, 0.7204591666246605]"
Mismatched-C-5,49760,1,False,False,True,"[0.6246664052765553, 0.7064216268312231, 0.6332845957081747, 0.5389120600097703, 0.5811807573778532, 0.7034732776694682, 0.6358571637065469, 0.6885477493468872]"
Mismatched-C-5,50203,4,False,False,True,"[0.5714870485532625, 0.6036079035826338, 0.5728365815952741, 0.610585359844681, 0.6861057571543249, 0.6404696224419442, 0.5738258574797874, 0.60333367857675]"
Mismatched-C-5,50210,1,False,False,True,"[0.5472298708096912, 0.7617173498200565, 0.6137104026285629, 0.7112240147716495, 0.591603143300452, 0.5994458433812124, 0.6872794968086364, 0.6328716640738284]"
Mismatched-C-5,50622,0,False,False,True,"[0.7368377510354817, 0.6545477070749603, 0.7197402236188302, 0.690497720825672, 0.7158754699548489, 0.6977312202159267, 0.6929317315450416, 0.7160025077268282]"
Mismatched-C-5,50708,0,False,False,True,"[0.6964679365190072, 0.5845566631875047, 0.6790576705342054, 0.6622343187898982, 0.6825029226789638, 0.5822635131917173, 0.5482112934454143, 0.6899616096664507]"
Mismatched-C-5,50739,1,False,False,True,"[0.6104662532165844, 0.6841135818127061, 0.5642126817607754, 0.6838310511879423, 0.6649416735498613, 0.6479932938922842, 0.6111455177311476, 0.6752469549051501]"
Mismatched-C-5,50850,3,False,False,True,"[0.5751146770987002, 0.6323889282897346, 0.6304353114906789, 0.6914486161092555, 0.6845676263362563, 0.6136720096050093, 0.5795693347815662, 0.5659636363531011]"
Mismatched-C-5,51008,6,False,False,True,"[0.6733938976582025, 0.767460767984497, 0.6384628330747251, 0.7494212782706147, 0.6355330288390444, 0.7381748294643551, 0.769709225665821, 0.7007499696591712]"
Mismatched-C-5,51227,3,False,False,True,"[0.6356640846602372, 0.6495190067539325, 0.7057848951524539, 0.7132425724728801, 0.6698257092120126, 0.6081819761949845, 0.6966546226835284, 0.6224652550061711]"
Mismatched-C-5,51300,6,False,False,True,"[0.5441382327233577, 0.5849655449424853, 0.6832785407957829, 0.6411593873943572, 0.6528806551168078, 0.6376769930572559, 0.6902104906096093, 0.6885125446150966]"
Mismatched-C-5,51380,0,False,False,True,"[0.6602311838486811, 0.6223816159362827, 0.5711478823630716, 0.6416860553811048, 0.5987560668321599, 0.622591324395004, 0.6354689073420317, 0.48916399182026604]"
Mismatched-C-5,51385,2,False,False,True,"[0.656022141359305, 0.6359801179281206, 0.7208779265824082, 0.7199905829702884, 0.5913557801000227, 0.6909408953482361, 0.7025850308211552, 0.6943555023421624]"
Mismatched-C-5,51436,0,False,False,True,"[0.6406296609161815, 0.6143347143627932, 0.6095117592294834, 0.6030866079871505, 0.588732585617332, 0.5846479209623816, 0.6246670869150608, 0.5394890503047219]"
Mismatched-C-5,51517,1,False,False,True,"[0.5579410067186534, 0.6769252414754181, 0.6570922451161717, 0.5871298393272841, 0.6563821169922396, 0.6611554095051191, 0.5680489500424389, 0.6166768228203079]"
Mismatched-C-5,51688,2,False,False,True,"[0.6171882683141474, 0.6151935453978103, 0.6434620712235728, 0.6339929714482577, 0.6364352523444476, 0.616179278136636, 0.6339576058252323, 0.6007363856571263]"
Mismatched-C-5,51865,7,False,False,True,"[0.6589884016249707, 0.6807728419625243, 0.7161554873210786, 0.6987406973698219, 0.7127998064680603, 0.6561701043102854, 0.7079937888924117, 0.7195619905611995]"
Mismatched-C-5,51943,5,False,False,True,"[0.6394514165782129, 0.5289361654694492, 0.6090907276112371, 0.5696978750405938, 0.6323442816972722, 0.6811540399237357, 0.6000308140909243, 0.5656152133695234]"
Mismatched-C-5,51956,3,False,False,True,"[0.6627515919029712, 0.6917732499803148, 0.6754789899856537, 0.7332098700470838, 0.6778484593200311, 0.7101618949814243, 0.6370466638045279, 0.6481327904272035]"
Mismatched-C-5,51990,1,False,False,True,"[0.7836638535797579, 0.7991970165551348, 0.7225232318641259, 0.6967769987778405, 0.7948868207585613, 0.7670082033930583, 0.6392943860108644, 0.735120435261434]"
Mismatched-C-5,52228,5,False,False,True,"[0.5327836644019892, 0.4709689538919843, 0.46324205191043727, 0.5063619810751043, 0.4695884626906409, 0.6531512244969837, 0.5907247913335335, 0.49613131557984763]"
Mismatched-C-5,52277,5,False,False,True,"[0.437111227508287, 0.5722995125609753, 0.5046470121248797, 0.5789983553356767, 0.5379204978472512, 0.5875910228418714, 0.5517644292780715, 0.500830586242704]"
Mismatched-C-5,52729,4,False,False,True,"[0.5909051058180472, 0.6442175502922879, 0.5290477774722185, 0.6321479401151011, 0.6727006791233539, 0.5596330543937754, 0.6529696169142065, 0.6045967138906949]"
Mismatched-C-5,52733,0,False,False,True,"[0.7232575098425298, 0.6895492167096265, 0.6930273050808756, 0.7045614326587686, 0.6574498390369607, 0.6605864605901011, 0.6374564460406014, 0.6673309758227728]"
Mismatched-C-5,52803,6,False,False,True,"[0.7070870752760603, 0.6699256957720519, 0.6849217249824772, 0.6813553268828214, 0.6725985321222636, 0.6764720511226269, 0.7232756024975054, 0.6392484765725825]"
Mismatched-C-5,52927,7,False,False,True,"[0.6024693879377576, 0.5512525718035133, 0.5244654741005216, 0.570916979562639, 0.557689970316479, 0.5416049141747037, 0.6231818741701214, 0.6290883661831792]"
Mismatched-C-5,53445,3,False,False,True,"[0.6413431036051476, 0.6310000774105302, 0.6024605403299557, 0.647927706200573, 0.6253889795406605, 0.6435204842546955, 0.6472053725737195, 0.6378345227951463]"
Mismatched-C-5,53659,0,False,False,True,"[0.7337963554879594, 0.6617359002153169, 0.6209606301413177, 0.6255923946361395, 0.6525309202221565, 0.6701067603249549, 0.6317236872271244, 0.6391095474383639]"
Mismatched-C-5,53729,5,False,False,True,"[0.6091204718797196, 0.6012614884758125, 0.6089596726686062, 0.615411660675187, 0.5975897036643365, 0.6468024805298207, 0.6056878537759947, 0.593783286843953]"
Mismatched-C-5,53974,4,False,False,True,"[0.6829450834731495, 0.6766212396289928, 0.6821402829972915, 0.7329876775326891, 0.7567233022731721, 0.6654894450745523, 0.7183745839815161, 0.7066345229771323]"
Mismatched-C-5,54054,3,False,False,True,"[0.678956953220665, 0.5994975032553096, 0.6689313445214897, 0.7043089594133158, 0.5679581592880469, 0.5958474239790486, 0.661560978050689, 0.6859425031151214]"
Mismatched-C-5,54099,5,False,False,True,"[0.8334801839188666, 0.8277865910062214, 0.6646359657574463, 0.8031749714842238, 0.8314707028001761, 0.8508509384501652, 0.850511247956991, 0.6653413248267099]"
Mismatched-C-5,54250,6,False,False,True,"[0.8618076378568147, 0.8655769980425148, 0.8251763199621099, 0.785917993337109, 0.8557701835048108, 0.8417260919158585, 0.8688236854148725, 0.8487049275717329]"
Mismatched-C-5,54336,3,False,False,True,"[0.6021608891841953, 0.5975353967180703, 0.6640909257125098, 0.6955301036815632, 0.6736562255954812, 0.6523276564404528, 0.6759521570154191, 0.6940193042454421]"
Mismatched-C-5,54681,7,False,False,True,"[0.7763480205198567, 0.7582951558476068, 0.7464128347125467, 0.7733747480807213, 0.8124011990011011, 0.7787999903817598, 0.7963878298820025, 0.8229679841607979]"
Mismatched-C-5,55202,4,False,False,True,"[0.7312431535076865, 0.7243999935513626, 0.7229538242659141, 0.7187026172322927, 0.7369751243132692, 0.7258465759676999, 0.6947907590186606, 0.672658765922763]"
Mismatched-C-5,55501,4,False,False,True,"[0.6190265656047319, 0.6255274501956223, 0.6186486025473836, 0.6661818281916185, 0.6927461072029246, 0.6852182079305345, 0.6247623503439445, 0.6268322806392078]"
Mismatched-C-5,55597,0,False,False,True,"[0.6687533145097229, 0.6375985159829394, 0.6442516768330675, 0.6445462830747191, 0.6635608958626622, 0.6386277537424156, 0.6407524049724698, 0.6492643657190351]"
Mismatched-C-5,55741,3,False,False,True,"[0.6019377568008233, 0.6196705604825217, 0.6120959119832854, 0.6205704853065316, 0.5566068384442475, 0.5952535164461088, 0.5801690204616192, 0.5480036827536772]"
Mismatched-C-5,55808,3,False,False,True,"[0.5987934336910388, 0.546582042497932, 0.5405603410802067, 0.6625930415978207, 0.480584751401532, 0.5443303571349253, 0.6476385334641788, 0.5863433207624663]"
Mismatched-C-5,55876,6,False,False,True,"[0.5037018715340955, 0.5339965106489395, 0.5453277635525433, 0.4655038305505917, 0.5698978890314136, 0.5686238086354753, 0.6471916832874198, 0.5629996693910866]"
Mismatched-C-5,55878,1,False,False,True,"[0.5977586354253885, 0.7222513859515858, 0.6887758791340413, 0.7099956323589527, 0.7180167551682783, 0.701484096803006, 0.694818498691422, 0.7125483941729587]"
Mismatched-C-5,56047,1,False,False,True,"[0.5412887471674006, 0.6321302869652266, 0.5364700642930255, 0.5523240396565018, 0.616391907491984, 0.6249477088217086, 0.5443768799529506, 0.5451202110524969]"
Mismatched-C-5,56131,2,False,False,True,"[0.3871682382573324, 0.44855822197641393, 0.6322310377310263, 0.5257813500118217, 0.5390599916125528, 0.48234690800504076, 0.45453901965219784, 0.3608766440440835]"
Mismatched-C-5,56162,4,False,False,True,"[0.3696589322083562, 0.6040800014186627, 0.49097183347127, 0.43741763618529894, 0.8060198125271794, 0.6156434205170451, 0.6289858036922293, 0.6651983025034238]"
Mismatched-C-5,56272,3,False,False,True,"[0.4339176021828048, 0.4913697638806594, 0.4604129542300497, 0.5054503107994611, 0.4852922029843288, 0.48206961800250425, 0.4596004420666299, 0.45950695989946466]"
Mismatched-C-5,56496,3,False,False,True,"[0.5871029390921702, 0.4815046912480496, 0.5391818855744557, 0.6605509758408006, 0.5649441780669012, 0.5885972359503993, 0.5181358654113406, 0.6113631703968794]"
Mismatched-C-5,56554,5,False,False,True,"[0.5817425862054455, 0.5676533125314156, 0.5541850628243331, 0.5840025187103, 0.5646979255871014, 0.598616242714594, 0.5312288172882699, 0.5947654804023434]"
Mismatched-C-5,56629,2,False,False,True,"[0.7560318055589854, 0.7163694582511128, 0.8102814526348507, 0.6585502974438058, 0.6811347104783438, 0.6455841628915985, 0.6337920452093245, 0.7450801101339171]"
Mismatched-C-5,56651,2,False,False,True,"[0.6346155054264354, 0.6917074264826633, 0.7495513308976152, 0.6475018624206559, 0.4988389423867842, 0.5505134154706784, 0.7126012648186357, 0.5196122135053045]"
Mismatched-C-5,56698,5,False,False,True,"[0.6348864691036314, 0.6231633039340229, 0.6456800804066861, 0.6220406261576806, 0.6707269587601871, 0.7268293359274705, 0.6037223845215302, 0.5697134707068128]"
Mismatched-C-5,56873,4,False,False,True,"[0.6462280229031172, 0.47066497110581385, 0.5542815088553369, 0.5080413997849313, 0.655580417240488, 0.4424420574902956, 0.5931415371974738, 0.5995464050121665]"
Mismatched-C-5,56963,4,False,False,True,"[0.6509906802273534, 0.6846637832931257, 0.6875236343618827, 0.664164210653037, 0.6880201266795817, 0.6812260527828181, 0.6526769874490217, 0.6684461167512332]"
Mismatched-C-5,57114,1,False,False,True,"[0.597187533505597, 0.6961238804801169, 0.578061284841614, 0.5789688612135324, 0.6187477651484998, 0.579343721126741, 0.5719222608456989, 0.5696147306240534]"
Mismatched-C-5,57244,2,False,False,True,"[0.5666985227383224, 0.6057158761270562, 0.6715200629214988, 0.6555528561039538, 0.6291423457031231, 0.6608286154314247, 0.6472049312256394, 0.6633665127011336]"
Mismatched-C-5,57830,0,False,False,True,"[0.6804809759238809, 0.5853598330879886, 0.5377058629271348, 0.5966954373134246, 0.5820257443558658, 0.5823076124043718, 0.6232375019048129, 0.6411064225538272]"
Mismatched-C-5,57994,0,False,False,True,"[0.6412417545686651, 0.584226621481795, 0.5967516181067274, 0.5598532251437158, 0.5592715401179068, 0.5798833627942399, 0.5296216320203605, 0.5735683392059411]"
Mismatched-C-5,58004,1,False,False,True,"[0.6483325489917862, 0.6983982684247257, 0.6394028845175377, 0.6065413056809306, 0.6466667928613753, 0.6499705387031066, 0.622238165154293, 0.633084608475555]"
Mismatched-C-5,58157,6,False,False,True,"[0.6598160574452447, 0.6537805080262264, 0.6315262678390927, 0.6680031042666659, 0.6864790887307836, 0.6713973496443177, 0.7144840793495695, 0.6728357570890608]"
Mismatched-C-5,58169,4,False,False,True,"[0.6239724662062714, 0.6076913951250158, 0.5977123990964064, 0.6300628546442175, 0.656435881250176, 0.6339670348825169, 0.5576892665206035, 0.6274218380346641]"
Mismatched-C-5,58252,5,False,False,True,"[0.5966320371989948, 0.5631679570287622, 0.5580178154868493, 0.6101425884992452, 0.6056501952685633, 0.6392950645592131, 0.6144391679655252, 0.5601328537236856]"
Mismatched-C-5,58341,6,False,False,True,"[0.6804035637482588, 0.6389408400052043, 0.7257834051714056, 0.6863497697136371, 0.7236098068037005, 0.6830406482151009, 0.7540978196543092, 0.527323663218368]"
Mismatched-C-5,58458,2,False,False,True,"[0.6556585666027519, 0.6057287697271505, 0.6909296231009702, 0.5763416253953059, 0.6578978147542016, 0.508826275349519, 0.5436863955324579, 0.6384314818469294]"
Mismatched-C-5,58572,0,False,False,True,"[0.6984507326689626, 0.6086953652463922, 0.6812701845021667, 0.6236216059936678, 0.6622686849970261, 0.6890937909069965, 0.5907546386351544, 0.690762893185179]"
Mismatched-C-5,58835,3,False,False,True,"[0.717932104281482, 0.7633135286483959, 0.7763982328313063, 0.7803115181754541, 0.6296347154931504, 0.6788418822883502, 0.6545970070995983, 0.7074404616186025]"
Mismatched-C-5,58977,1,False,False,True,"[0.6616207049707283, 0.7504666876814772, 0.6869547746045981, 0.6930327299760806, 0.690834544915512, 0.6834736832103454, 0.647244193772394, 0.669503580827582]"
Mismatched-C-5,58988,5,False,False,True,"[0.5772192605752007, 0.6414424180154149, 0.5703587140805109, 0.5786467968062398, 0.6645811861606291, 0.6748531687600976, 0.5596936736725849, 0.659738438446624]"
Mismatched-C-5,59101,1,False,False,True,"[0.691887632793911, 0.6939954955774725, 0.6295680945254505, 0.641814903281384, 0.6373162449789608, 0.6162635459096036, 0.5209738915148027, 0.6283259809885691]"
Mismatched-C-5,59177,1,False,False,True,"[0.6370154720084911, 0.6455688649155373, 0.637207151471654, 0.5719885230151083, 0.6152664285159002, 0.6400166101090443, 0.615999948054935, 0.6361645739930466]"
Mismatched-C-5,59183,3,False,False,True,"[0.6415036304605872, 0.7166273216196084, 0.7510226687762984, 0.7526569873969553, 0.7078935745899978, 0.7083134044791002, 0.6669109930743513, 0.6973931006200771]"
Mismatched-C-5,59219,6,False,False,True,"[0.5627932531293816, 0.5289005503882128, 0.6215666584479034, 0.5482778861527429, 0.6121706828917781, 0.6021780485606305, 0.6359688086884767, 0.6204855848220544]"
Mismatched-C-5,59293,3,False,False,True,"[0.685960195571808, 0.6304065108766758, 0.6804206386761196, 0.7101830525388932, 0.6661140009606636, 0.6922655937431823, 0.6674705773490939, 0.6063271895480067]"
Mismatched-C-5,59464,7,False,False,True,"[0.5160238372012445, 0.6140530400851102, 0.5602368374465447, 0.5357172155287736, 0.5026056888976801, 0.5074321705189224, 0.5208603486201226, 0.6242860384772266]"
Mismatched-C-5,59470,6,False,False,True,"[0.6247322305884158, 0.6218308927588967, 0.6126101558849836, 0.6807699202370979, 0.670518672304079, 0.6323422410014263, 0.7173582470942075, 0.6178103469990195]"
Mismatched-C-5,59508,5,False,False,True,"[0.6373336692042766, 0.6504354462775279, 0.6456683184115937, 0.6332269236338851, 0.6305002776660682, 0.69303334409563, 0.640629058344169, 0.6410801885024193]"
Mismatched-C-5,59838,1,False,False,True,"[0.666926110728048, 0.6885154914405898, 0.5774123278119387, 0.6382369243676007, 0.6785656688990362, 0.6177189134221661, 0.5953594555734371, 0.5933043696044968]"
Mismatched-C-5,59905,5,False,False,True,"[0.6893239230599545, 0.5562014069585337, 0.6494850175335602, 0.4953697270128914, 0.5618185138927074, 0.6913346776437757, 0.6484037540708094, 0.6354576478468881]"
Mismatched-C-5,60063,5,False,False,True,"[0.5853705833317964, 0.5920930587568964, 0.5831552763716747, 0.5660644420648138, 0.5875812969993299, 0.6371871264593858, 0.610197790093703, 0.593131168465391]"
Mismatched-C-5,60496,6,False,False,True,"[0.6207676715322442, 0.7139740973768418, 0.739067388868965, 0.7004542392123922, 0.699859835147341, 0.7279829071545492, 0.7507142288739925, 0.7045372582906879]"
Mismatched-C-5,60707,2,False,False,True,"[0.5672916160989904, 0.45880724476307955, 0.6485712545210516, 0.6127257062609366, 0.5321795645935266, 0.5718643817605585, 0.5868716457190443, 0.609649226592111]"
Mismatched-C-5,60784,2,False,False,True,"[0.7468441967492332, 0.7446658491559983, 0.7689595777906517, 0.6606507066458662, 0.5369094434135588, 0.7481049725822139, 0.6165140191607814, 0.664671515594632]"
Mismatched-C-5,60932,4,False,False,True,"[0.5757626715280935, 0.5765161576169913, 0.5693772717172992, 0.5640904534209255, 0.5870778633511677, 0.5573573385536424, 0.5608828347630941, 0.5718066546912355]"
Mismatched-C-5,61327,0,False,False,True,"[0.7074736641016381, 0.6582334381096651, 0.6928286402999695, 0.7007492365709351, 0.6653658649666472, 0.6957672001816654, 0.6939579409403108, 0.6897890215256162]"
Mismatched-C-5,61653,5,False,False,True,"[0.7076606208537708, 0.6408982183526748, 0.6018973769545287, 0.6902067281546478, 0.6126220711517366, 0.7252412113316136, 0.5933589560972448, 0.6165132252577836]"
Mismatched-C-5,61683,1,False,False,True,"[0.5433014768488356, 0.6512134183557652, 0.5534043063348913, 0.5610766594588139, 0.5678626139319958, 0.5171096443807695, 0.5524965304124059, 0.5205353093176261]"
Mismatched-C-5,61701,3,False,False,True,"[0.6287132750012074, 0.5972871925319841, 0.7079105542732014, 0.7429022969058925, 0.6670641236966557, 0.6245957561172972, 0.6431012176583943, 0.711424666563975]"
Mismatched-C-5,61868,7,False,False,True,"[0.6930792958112533, 0.7304001424463278, 0.6704061567609758, 0.7034356577967498, 0.6959877089898943, 0.7197102401707309, 0.7000468605479679, 0.7450604446177023]"
Mismatched-C-5,61878,6,False,False,True,"[0.7989672339410596, 0.8104865204559641, 0.8047081209093001, 0.8027996985660073, 0.817786769407495, 0.760369402631816, 0.8324007536152049, 0.8060669733527155]"
Mismatched-C-5,62117,3,False,False,True,"[0.6911351491227173, 0.6560366794238197, 0.6548507011153171, 0.7488717899707893, 0.7309596081105576, 0.6388516077694291, 0.6718075035296798, 0.7015346925076716]"
Mismatched-C-5,62587,5,False,False,True,"[0.3797088195902705, 0.6249148224203102, 0.522435609107313, 0.5807969103179199, 0.5237672731508208, 0.6331641228792908, 0.4723897728545685, 0.5778760221839145]"
Mismatched-C-5,62627,4,False,False,True,"[0.5618875060553659, 0.5812133806439206, 0.6351463965929016, 0.58801402228659, 0.6531255753848556, 0.6313136611645757, 0.6234670675092235, 0.621025563303513]"
Mismatched-C-5,63062,2,False,False,True,"[0.38574214327725975, 0.6176079569727494, 0.6938187475997979, 0.5314997514858231, 0.5374607999698313, 0.5837861911662799, 0.45390470812348055, 0.46871694380373563]"
Mismatched-C-5,63247,7,False,False,True,"[0.5105500139136327, 0.5756481739063097, 0.508481214243852, 0.6316754082351306, 0.5962426999273983, 0.544103075257077, 0.5930355205135136, 0.6452914274149341]"
Mismatched-C-5,63837,5,False,False,True,"[0.5901020802891416, 0.5846871063549408, 0.6746112311385618, 0.5446086516097656, 0.5033036647951439, 0.7186057058153132, 0.6013906941956784, 0.6502340581294686]"
Mismatched-C-5,63869,5,False,False,True,"[0.8539494738304794, 0.6064285530544806, 0.6657702922804474, 0.8493878416759342, 0.5879590042052907, 0.8814238854434921, 0.5895646699385093, 0.636740900660483]"
Mismatched-C-5,64050,6,False,False,True,"[0.6606854544295131, 0.7118037624815997, 0.7237849008801696, 0.7053249397442515, 0.6614775663559178, 0.6937894326033627, 0.7318099506046636, 0.6684083410866966]"
Mismatched-C-5,64148,4,False,False,True,"[0.5472757801888205, 0.6205674204739189, 0.5998825623265507, 0.5899151214873529, 0.625029553270954, 0.6069037591886459, 0.5893474409217475, 0.6197598740514759]"
Mismatched-C-5,64195,2,False,False,True,"[0.5859329944217571, 0.5011710342060172, 0.7252225280716331, 0.5683671089406137, 0.5626397492363867, 0.5744162719239857, 0.5992143754032371, 0.5525125284671666]"
Mismatched-C-5,64262,4,False,False,True,"[0.6177746394751459, 0.5507550423949501, 0.6106582689708138, 0.6106659838082986, 0.6822622681481936, 0.5933271240757316, 0.5976541747417414, 0.6581022974243188]"
Mismatched-C-5,64417,4,False,False,True,"[0.5572970514339788, 0.5894156664311458, 0.5437346469475904, 0.5935068715974483, 0.6314388812949092, 0.6171207067165604, 0.47001460075425927, 0.5783233677268691]"
Mismatched-C-5,64547,6,False,False,True,"[0.4634782717653366, 0.6140257000787613, 0.45223492667670284, 0.6125800094168092, 0.6345294520535858, 0.515447477914844, 0.6353197787636442, 0.606537307757139]"
Mismatched-C-5,64783,3,False,False,True,"[0.7023978552755721, 0.7153286261718339, 0.5835532287960845, 0.7260428669973429, 0.6477185157943948, 0.6007425696897137, 0.6244824502324371, 0.6807835613027262]"
Mismatched-C-5,64851,6,False,False,True,"[0.6085343838427331, 0.5732492974780318, 0.5585642503431194, 0.5736200829298477, 0.450963328054969, 0.5971320513072303, 0.6836256962245825, 0.6746319293129484]"
Mismatched-C-5,64925,6,False,False,True,"[0.6257128021164491, 0.5858060642261149, 0.5801474869974586, 0.6635418336855397, 0.5262422495982174, 0.568348430497785, 0.6708341738795746, 0.6126590339120107]"
Mismatched-C-5,65218,5,False,False,True,"[0.5866632978754677, 0.5100932364165491, 0.6214405556861997, 0.5983252111119519, 0.6365437256405931, 0.6407523323206721, 0.5841154111854886, 0.563613133066557]"
Mismatched-C-5,65340,2,False,False,True,"[0.6566042079073945, 0.6270494668218634, 0.6826619908632643, 0.6593984013608999, 0.6111411525431145, 0.538945429441684, 0.5903552933763476, 0.588636022907806]"
Mismatched-C-5,65348,1,False,False,True,"[0.5536866769145234, 0.6234165265186712, 0.5870508995600812, 0.5446536813531766, 0.5727958881365987, 0.6122061706865998, 0.5994719177269389, 0.4901588303291975]"
Mismatched-C-5,65417,3,False,False,True,"[0.6094063294278766, 0.5653371091133523, 0.6365466117671303, 0.6555531108841492, 0.6288442703365796, 0.6006529668333753, 0.6357874183307983, 0.6034867974244766]"
Mismatched-C-5,65553,7,False,False,True,"[0.6092328987916564, 0.6138989647197465, 0.650211283933775, 0.5840250829673674, 0.673719541828085, 0.6013350145714389, 0.567371210513754, 0.6752747499521179]"
Mismatched-C-5,65609,3,False,False,True,"[0.3888579711065178, 0.4660481387388795, 0.45310465277397605, 0.4980286139698954, 0.47706009178434233, 0.417694591432894, 0.464525674892311, 0.37747618761756097]"
Mismatched-C-5,65690,7,False,False,True,"[0.5342055341924115, 0.6970390665341796, 0.6911136973222496, 0.6609538195649102, 0.6504153130112196, 0.60649396302075, 0.5755182674899744, 0.7190673211910984]"
Mismatched-C-5,65878,3,False,False,True,"[0.5757699997114049, 0.5884429393429638, 0.5682495574003246, 0.6034555438217148, 0.5968709321467519, 0.5839416766867251, 0.5739273096630406, 0.493025144111106]"
Mismatched-C-5,66058,0,False,False,True,"[0.7551000548010618, 0.7534513577157351, 0.6322233420387762, 0.6431960720676828, 0.6522488477901472, 0.6950542016201054, 0.6576320717149725, 0.6675260228745545]"
Mismatched-C-5,66209,2,False,False,True,"[0.6195937422309299, 0.6493471192917231, 0.6559329058079848, 0.6529341688056391, 0.5941377085431643, 0.6244065322468034, 0.5810763657273016, 0.6538229213062045]"
Mismatched-C-5,66269,6,False,False,True,"[0.6299406088864512, 0.49111290402768837, 0.6041973285604838, 0.5829720660431936, 0.5872655733942658, 0.545109951487267, 0.6475699291128011, 0.5787114386720966]"
Mismatched-C-5,66437,0,False,False,True,"[0.7200136637346228, 0.6772562229142935, 0.6159015541339291, 0.6673795177302762, 0.7056255317747768, 0.6744064424939465, 0.670347857412617, 0.6070288141761822]"
Mismatched-C-5,66512,7,False,False,True,"[0.5804452990720543, 0.5609184090653139, 0.5800794263772948, 0.6769378870921889, 0.5853445054999462, 0.5560823351140234, 0.5415274194323081, 0.6776973840183576]"
Mismatched-C-5,66559,6,False,False,True,"[0.6209248029335753, 0.6644214525002399, 0.6146382025623578, 0.6230418526724149, 0.6697436637998266, 0.6429763992596451, 0.6761176336332035, 0.6035210557767332]"
Mismatched-C-5,66875,5,False,False,True,"[0.6159985747498058, 0.609822937046373, 0.5781843898721137, 0.6273245037968138, 0.5823669702930575, 0.6395744985466914, 0.6185811992864457, 0.6306301882227295]"
Mismatched-C-5,67261,3,False,False,True,"[0.5330343121631637, 0.420598102494414, 0.5294346318204632, 0.6188211611266442, 0.44946450872307486, 0.4126379401049763, 0.4426502455550001, 0.4428786438874901]"
Mismatched-C-5,67281,0,False,False,True,"[0.7262901783451267, 0.666878069991313, 0.7254982072081693, 0.6968933510177747, 0.6928186542362744, 0.6562502548872269, 0.6694534359024933, 0.6824082657020616]"
Mismatched-C-5,67361,3,False,False,True,"[0.5939281445584825, 0.5948346375129567, 0.7073655040628006, 0.7077983003058235, 0.5626246766489607, 0.6472423698311247, 0.6902317464484216, 0.6419768619833928]"
Mismatched-C-5,67444,1,False,False,True,"[0.7486772504753715, 0.8091414945482038, 0.749811411994283, 0.7970222000251896, 0.7451178378469032, 0.787722455111403, 0.6573047513225869, 0.7633359877592794]"
Mismatched-C-5,67673,5,False,False,True,"[0.6052834002884109, 0.5888984787326026, 0.5951399766671603, 0.6427227635227908, 0.6183512699141849, 0.6562460045370968, 0.5959571560510855, 0.6350452830814632]"
Mismatched-C-5,67708,4,False,False,True,"[0.4572961136320578, 0.5494725806356535, 0.5555438037289702, 0.5037026464720188, 0.6319422662400545, 0.5539001190276767, 0.5688623795482259, 0.48738396577912857]"
Mismatched-C-5,67899,5,False,False,True,"[0.6622808037905688, 0.6720699082209962, 0.642358116238807, 0.6210521028469285, 0.6082937609420636, 0.6765980523636286, 0.620900074650996, 0.6501829849293265]"
Mismatched-C-5,68121,1,False,False,True,"[0.5600917397481495, 0.6895450354640419, 0.5196134410870241, 0.6400921461340967, 0.5131499590915893, 0.595299505910083, 0.6193683538711998, 0.533778447019431]"
Mismatched-C-5,68127,6,False,False,True,"[0.6851318272331262, 0.6803748748110414, 0.6523382905762656, 0.7021784974566581, 0.6833502241605452, 0.6538385735515142, 0.7217789883981728, 0.7000236504855565]"
Mismatched-C-5,68173,7,False,False,True,"[0.5919523393541697, 0.7749139510658898, 0.7713247591675789, 0.7449195672229376, 0.6900950079759804, 0.6340794207166425, 0.7284248829910223, 0.8194400126586274]"
Mismatched-C-5,68193,4,False,False,True,"[0.6080902044143643, 0.5926067962096658, 0.612903513318324, 0.5623958949116741, 0.6589795295136031, 0.6418633856357847, 0.5387749334717655, 0.5196757909784933]"
Mismatched-C-5,68287,6,False,False,True,"[0.5969662446748245, 0.6284924883649875, 0.6485625279037028, 0.6263104403283484, 0.6776312790289079, 0.6714257048796423, 0.6848629990272606, 0.6184351577233325]"
Mismatched-C-5,68394,0,False,False,True,"[0.7255446037405837, 0.6844446884680009, 0.7125105167878548, 0.6924299679781315, 0.6564207072116645, 0.6680439904272099, 0.7171085747388876, 0.6742951849258039]"
Mismatched-C-5,68473,3,False,False,True,"[0.3824978321568149, 0.6015010862970749, 0.578610185379899, 0.6193229316978703, 0.49752248128262333, 0.5552603211949233, 0.5767172560850528, 0.6007083733372687]"
Mismatched-C-5,68532,0,False,False,True,"[0.6408004625085754, 0.5277537368212215, 0.5676068308113541, 0.48557112633598865, 0.6271528466045235, 0.5388664982778684, 0.5840290613267506, 0.5663579268934597]"
Mismatched-C-5,68553,7,False,False,True,"[0.655068166262563, 0.5988029573734442, 0.5646785545577504, 0.5364671549629714, 0.6745328821959727, 0.6090992351400394, 0.6285854510167438, 0.706362873923987]"
Mismatched-C-5,68819,3,False,False,True,"[0.5948940841364687, 0.6175508637831879, 0.5617642958388183, 0.6531446205490212, 0.5817350129825776, 0.6403617835406624, 0.560353452865836, 0.6417821142396263]"
Mismatched-C-5,69085,1,False,False,True,"[0.7576181308097655, 0.7776158694400908, 0.7482451328141958, 0.7531055805025753, 0.7582679964317152, 0.761116246355211, 0.7532196727640079, 0.7634671557831711]"
Mismatched-C-5,69087,2,False,False,True,"[0.674053545197486, 0.579523271987531, 0.7175237329354808, 0.6488129779589242, 0.5398707954238223, 0.5694544051263818, 0.5723542442546934, 0.6376221272360572]"
Mismatched-C-5,69137,0,False,False,True,"[0.6693245276811897, 0.6467327250085109, 0.6580212636910597, 0.5481429427867051, 0.6045806300825423, 0.5750455879517897, 0.6455345127659535, 0.6487435639400574]"
Mismatched-C-5,69462,0,False,False,True,"[0.7848671546438315, 0.5824134888502457, 0.7154144908127326, 0.7733980631218821, 0.7162214060417001, 0.680553176851799, 0.7563911955362145, 0.7381163438866265]"
Mismatched-C-5,69641,1,False,False,True,"[0.7216727216287873, 0.7430715028104983, 0.7193001153682534, 0.6731938657647416, 0.731475563421151, 0.7247046749330367, 0.6775395046591923, 0.7098008158343068]"
Mismatched-C-5,70279,5,False,False,True,"[0.697026978865617, 0.5834995302796011, 0.6600947676386635, 0.5313953528300848, 0.6220336702333589, 0.7406230487230587, 0.662841442755312, 0.5887408363446773]"
Mismatched-C-5,70372,7,False,False,True,"[0.679394091698754, 0.6139283016033534, 0.5829671143212658, 0.5872182359451468, 0.3086103100999291, 0.6638733107906455, 0.5738349846515192, 0.69333297337684]"
Mismatched-C-5,70496,1,False,False,True,"[0.6981191025394264, 0.7220796228058249, 0.7111692501022711, 0.5902626525057826, 0.7140842349912908, 0.711757661356988, 0.713517411783056, 0.6587772938990399]"
Mismatched-C-5,70765,6,False,False,True,"[0.634028131913565, 0.698715285431309, 0.6721054879283481, 0.6723540491394939, 0.7033434717693823, 0.634836951453448, 0.7225904138783739, 0.6359843454356437]"
Mismatched-C-5,71264,7,False,False,True,"[0.6617935336401228, 0.5794808464223897, 0.6909666270632845, 0.6943769811737994, 0.700100380676668, 0.6029646737265886, 0.6692372673291753, 0.7031917850663396]"
Mismatched-C-5,71624,1,False,False,True,"[0.52997891724829, 0.6958557281536786, 0.5647979380672128, 0.5967584998474924, 0.5988606335771274, 0.5452250633506395, 0.6570014808664426, 0.6333878629026886]"
Mismatched-C-5,71735,4,False,False,True,"[0.6712920951144592, 0.670715061567714, 0.7080477413220976, 0.7010036000219508, 0.7142566652141998, 0.6843186211099632, 0.648494799630457, 0.6821107314919125]"
Mismatched-C-5,72089,6,False,False,True,"[0.6391547451546546, 0.6670231436847665, 0.6795830745837279, 0.6698926581487428, 0.5925453953850556, 0.6350649333266897, 0.7021567883164057, 0.5251507233501256]"
Mismatched-C-5,72151,0,False,False,True,"[0.6158927741437814, 0.574694884228079, 0.6021378203843898, 0.6122528290216463, 0.568292708273961, 0.5916864223385252, 0.588665877162137, 0.595499990738237]"
Mismatched-C-5,72389,4,False,False,True,"[0.5554751345286398, 0.5821846961437003, 0.6046689999616446, 0.571251684430969, 0.6250545988101357, 0.5920383825658857, 0.6166417316431546, 0.5579336242311647]"
Mismatched-C-5,72527,6,False,False,True,"[0.5893976576626194, 0.675833056545588, 0.6022120932887212, 0.5813461518992065, 0.6474160064736347, 0.6372781316847458, 0.6914142420413663, 0.611639045813122]"
Oracle-cosine,95,4,True,True,False,
Oracle-cosine,204,0,True,True,False,
Oracle-cosine,318,4,True,True,False,
Oracle-cosine,356,1,True,True,False,
Oracle-cosine,425,2,True,True,False,
Oracle-cosine,458,5,True,True,False,
Oracle-cosine,637,2,True,True,False,
Oracle-cosine,709,2,True,True,False,
Oracle-cosine,868,6,True,True,False,
Oracle-cosine,1015,4,True,True,False,
Oracle-cosine,1288,5,True,True,False,
Oracle-cosine,1589,3,True,True,False,
Oracle-cosine,1744,1,True,True,False,
Oracle-cosine,1818,7,True,True,False,
Oracle-cosine,2070,1,True,True,False,
Oracle-cosine,2125,3,True,True,False,
Oracle-cosine,2327,6,True,True,False,
Oracle-cosine,2737,5,True,True,False,
Oracle-cosine,2795,6,True,True,False,
Oracle-cosine,2980,0,True,True,False,
Oracle-cosine,3338,6,True,True,False,
Oracle-cosine,3344,2,True,True,False,
Oracle-cosine,3368,1,True,True,False,
Oracle-cosine,3731,1,True,True,False,
Oracle-cosine,3803,3,True,True,False,
Oracle-cosine,4292,1,True,True,False,
Oracle-cosine,4409,6,True,True,False,
Oracle-cosine,4476,7,True,True,False,
Oracle-cosine,4509,4,True,True,False,
Oracle-cosine,4927,2,True,True,False,
Oracle-cosine,4967,1,True,True,False,
Oracle-cosine,5340,4,True,True,False,
Oracle-cosine,5582,2,True,True,False,
Oracle-cosine,5656,4,True,True,False,
Oracle-cosine,5683,7,True,True,False,
Oracle-cosine,5790,2,True,True,False,
Oracle-cosine,5929,0,True,True,False,
Oracle-cosine,6315,3,True,True,False,
Oracle-cosine,6360,5,True,True,False,
Oracle-cosine,6454,2,True,True,False,
Oracle-cosine,6603,2,True,True,False,
Oracle-cosine,6750,3,True,True,False,
Oracle-cosine,6759,5,True,True,False,
Oracle-cosine,6770,6,True,True,False,
Oracle-cosine,6991,1,True,True,False,
Oracle-cosine,7306,3,True,True,False,
Oracle-cosine,7355,7,True,True,False,
Oracle-cosine,7899,3,True,True,False,
Oracle-cosine,8061,7,True,True,False,
Oracle-cosine,8215,3,True,True,False,
Oracle-cosine,8234,7,True,True,False,
Oracle-cosine,8238,4,True,True,False,
Oracle-cosine,8275,3,True,True,False,
Oracle-cosine,8367,0,True,True,False,
Oracle-cosine,8828,0,True,True,False,
Oracle-cosine,8862,0,True,True,False,
Oracle-cosine,8926,5,True,True,False,
Oracle-cosine,9188,7,True,True,False,
Oracle-cosine,9298,5,True,True,False,
Oracle-cosine,9376,4,True,True,False,
Oracle-cosine,9712,4,True,True,False,
Oracle-cosine,9877,2,True,True,False,
Oracle-cosine,10115,3,True,True,False,
Oracle-cosine,10191,2,True,True,False,
Oracle-cosine,10361,6,True,True,False,
Oracle-cosine,10602,2,True,True,False,
Oracle-cosine,10622,0,True,True,False,
Oracle-cosine,11050,2,True,True,False,
Oracle-cosine,11274,5,True,True,False,
Oracle-cosine,11493,1,True,True,False,
Oracle-cosine,11757,0,True,True,False,
Oracle-cosine,11886,2,True,True,False,
Oracle-cosine,12122,2,True,True,False,
Oracle-cosine,12225,6,True,True,False,
Oracle-cosine,12292,3,True,True,False,
Oracle-cosine,12340,2,True,True,False,
Oracle-cosine,12386,0,True,True,False,
Oracle-cosine,12597,3,True,True,False,
Oracle-cosine,13041,7,True,True,False,
Oracle-cosine,13134,3,True,True,False,
Oracle-cosine,13223,5,True,True,False,
Oracle-cosine,13298,2,True,True,False,
Oracle-cosine,13587,0,True,True,False,
Oracle-cosine,13703,4,True,True,False,
Oracle-cosine,13741,0,True,True,False,
Oracle-cosine,13749,1,True,True,False,
Oracle-cosine,13826,1,True,True,False,
Oracle-cosine,13842,0,True,True,False,
Oracle-cosine,13879,5,True,True,False,
Oracle-cosine,13895,2,True,True,False,
Oracle-cosine,13938,5,True,True,False,
Oracle-cosine,14049,1,True,True,False,
Oracle-cosine,14170,3,True,True,False,
Oracle-cosine,14245,7,True,True,False,
Oracle-cosine,14274,4,True,True,False,
Oracle-cosine,14728,0,True,True,False,
Oracle-cosine,15068,2,True,True,False,
Oracle-cosine,15181,1,True,True,False,
Oracle-cosine,15182,2,True,True,False,
Oracle-cosine,15191,2,True,True,False,
Oracle-cosine,15274,6,True,True,False,
Oracle-cosine,15386,6,True,True,False,
Oracle-cosine,15438,7,True,True,False,
Oracle-cosine,15516,7,True,True,False,
Oracle-cosine,15631,6,True,True,False,
Oracle-cosine,15632,1,True,True,False,
Oracle-cosine,15865,6,True,True,False,
Oracle-cosine,15898,1,True,True,False,
Oracle-cosine,15953,1,True,True,False,
Oracle-cosine,15985,4,True,True,False,
Oracle-cosine,16251,5,True,True,False,
Oracle-cosine,16424,7,True,True,False,
Oracle-cosine,16525,2,True,True,False,
Oracle-cosine,16625,0,True,True,False,
Oracle-cosine,16718,6,True,True,False,
Oracle-cosine,16800,3,True,True,False,
Oracle-cosine,17017,5,True,True,False,
Oracle-cosine,17605,3,True,True,False,
Oracle-cosine,17651,6,True,True,False,
Oracle-cosine,17795,3,True,True,False,
Oracle-cosine,17843,6,True,True,False,
Oracle-cosine,17865,7,True,True,False,
Oracle-cosine,17946,0,True,True,False,
Oracle-cosine,17987,3,True,True,False,
Oracle-cosine,18115,4,True,True,False,
Oracle-cosine,18159,4,True,True,False,
Oracle-cosine,18170,4,True,True,False,
Oracle-cosine,18556,6,True,True,False,
Oracle-cosine,18888,1,True,True,False,
Oracle-cosine,18960,1,True,True,False,
Oracle-cosine,19331,6,True,True,False,
Oracle-cosine,19471,4,True,True,False,
Oracle-cosine,19593,6,True,True,False,
Oracle-cosine,19605,5,True,True,False,
Oracle-cosine,20013,3,True,True,False,
Oracle-cosine,20072,1,True,True,False,
Oracle-cosine,20317,4,True,True,False,
Oracle-cosine,20380,7,True,True,False,
Oracle-cosine,20520,6,True,True,False,
Oracle-cosine,20545,0,True,True,False,
Oracle-cosine,20863,2,True,True,False,
Oracle-cosine,20882,0,True,True,False,
Oracle-cosine,20904,7,True,True,False,
Oracle-cosine,21295,3,True,True,False,
Oracle-cosine,21414,0,True,True,False,
Oracle-cosine,21436,2,True,True,False,
Oracle-cosine,21558,6,True,True,False,
Oracle-cosine,21887,7,True,True,False,
Oracle-cosine,22215,7,True,True,False,
Oracle-cosine,22299,4,True,True,False,
Oracle-cosine,22303,2,True,True,False,
Oracle-cosine,22452,0,True,True,False,
Oracle-cosine,22793,4,True,True,False,
Oracle-cosine,22803,4,True,True,False,
Oracle-cosine,22924,3,True,True,False,
Oracle-cosine,23314,1,True,True,False,
Oracle-cosine,23445,7,True,True,False,
Oracle-cosine,23479,3,True,True,False,
Oracle-cosine,23623,4,True,True,False,
Oracle-cosine,23633,5,True,True,False,
Oracle-cosine,23642,5,True,True,False,
Oracle-cosine,23803,5,True,True,False,
Oracle-cosine,24062,4,True,True,False,
Oracle-cosine,24103,0,True,True,False,
Oracle-cosine,24306,3,True,True,False,
Oracle-cosine,24700,2,True,True,False,
Oracle-cosine,24790,4,True,True,False,
Oracle-cosine,25150,5,True,True,False,
Oracle-cosine,25166,2,True,True,False,
Oracle-cosine,25339,4,True,True,False,
Oracle-cosine,25360,5,True,True,False,
Oracle-cosine,25374,5,True,True,False,
Oracle-cosine,25447,7,True,True,False,
Oracle-cosine,26070,5,True,True,False,
Oracle-cosine,26146,2,True,True,False,
Oracle-cosine,26419,3,True,True,False,
Oracle-cosine,26519,2,True,True,False,
Oracle-cosine,26535,6,True,True,False,
Oracle-cosine,26749,7,True,True,False,
Oracle-cosine,27131,7,True,True,False,
Oracle-cosine,27196,4,True,True,False,
Oracle-cosine,27240,5,True,True,False,
Oracle-cosine,27260,5,True,True,False,
Oracle-cosine,27648,5,True,True,False,
Oracle-cosine,27688,0,True,True,False,
Oracle-cosine,27781,5,True,True,False,
Oracle-cosine,28157,5,True,True,False,
Oracle-cosine,28253,0,True,True,False,
Oracle-cosine,28276,2,True,True,False,
Oracle-cosine,28309,6,True,True,False,
Oracle-cosine,28511,0,True,True,False,
Oracle-cosine,28548,3,True,True,False,
Oracle-cosine,28979,2,True,True,False,
Oracle-cosine,29018,6,True,True,False,
Oracle-cosine,29179,7,True,True,False,
Oracle-cosine,29221,1,True,True,False,
Oracle-cosine,29400,2,True,True,False,
Oracle-cosine,29511,5,True,True,False,
Oracle-cosine,29591,2,True,True,False,
Oracle-cosine,29610,5,True,True,False,
Oracle-cosine,29717,3,True,True,False,
Oracle-cosine,29815,3,True,True,False,
Oracle-cosine,29831,5,True,True,False,
Oracle-cosine,29903,6,True,True,False,
Oracle-cosine,29942,7,True,True,False,
Oracle-cosine,30016,5,True,True,False,
Oracle-cosine,30068,0,True,True,False,
Oracle-cosine,30077,2,True,True,False,
Oracle-cosine,30139,4,True,True,False,
Oracle-cosine,30888,5,True,True,False,
Oracle-cosine,30961,7,True,True,False,
Oracle-cosine,31234,0,True,True,False,
Oracle-cosine,31244,1,True,True,False,
Oracle-cosine,31251,7,True,True,False,
Oracle-cosine,31280,6,True,True,False,
Oracle-cosine,31503,3,True,True,False,
Oracle-cosine,31776,4,True,True,False,
Oracle-cosine,32051,0,True,True,False,
Oracle-cosine,32062,5,True,True,False,
Oracle-cosine,32140,6,True,True,False,
Oracle-cosine,32365,4,True,True,False,
Oracle-cosine,32427,0,True,True,False,
Oracle-cosine,32470,7,True,True,False,
Oracle-cosine,32532,6,True,True,False,
Oracle-cosine,32630,5,True,True,False,
Oracle-cosine,32680,4,True,True,False,
Oracle-cosine,32697,3,True,True,False,
Oracle-cosine,33057,0,True,True,False,
Oracle-cosine,33084,2,True,True,False,
Oracle-cosine,33123,6,True,True,False,
Oracle-cosine,33256,1,True,True,False,
Oracle-cosine,33264,0,True,True,False,
Oracle-cosine,33336,2,True,True,False,
Oracle-cosine,33342,4,True,True,False,
Oracle-cosine,33512,4,True,True,False,
Oracle-cosine,33863,4,True,True,False,
Oracle-cosine,33990,5,True,True,False,
Oracle-cosine,34169,5,True,True,False,
Oracle-cosine,34198,4,True,True,False,
Oracle-cosine,34415,3,True,True,False,
Oracle-cosine,34509,4,True,True,False,
Oracle-cosine,34565,2,True,True,False,
Oracle-cosine,34854,1,True,True,False,
Oracle-cosine,34998,7,True,True,False,
Oracle-cosine,35100,7,True,True,False,
Oracle-cosine,35119,1,True,True,False,
Oracle-cosine,35131,0,True,True,False,
Oracle-cosine,35234,5,True,True,False,
Oracle-cosine,35269,2,True,True,False,
Oracle-cosine,35281,7,True,True,False,
Oracle-cosine,35475,0,True,True,False,
Oracle-cosine,35600,4,True,True,False,
Oracle-cosine,35613,5,True,True,False,
Oracle-cosine,35659,4,True,True,False,
Oracle-cosine,35916,2,True,True,False,
Oracle-cosine,35964,0,True,True,False,
Oracle-cosine,36198,4,True,True,False,
Oracle-cosine,36287,6,True,True,False,
Oracle-cosine,36543,3,True,True,False,
Oracle-cosine,36557,3,True,True,False,
Oracle-cosine,36992,7,True,True,False,
Oracle-cosine,37034,5,True,True,False,
Oracle-cosine,37053,1,True,True,False,
Oracle-cosine,37255,6,True,True,False,
Oracle-cosine,37362,3,True,True,False,
Oracle-cosine,37406,3,True,True,False,
Oracle-cosine,37505,7,True,True,False,
Oracle-cosine,37552,1,True,True,False,
Oracle-cosine,37899,4,True,True,False,
Oracle-cosine,38091,4,True,True,False,
Oracle-cosine,38194,3,True,True,False,
Oracle-cosine,38375,2,True,True,False,
Oracle-cosine,38380,1,True,True,False,
Oracle-cosine,38833,7,True,True,False,
Oracle-cosine,38887,4,True,True,False,
Oracle-cosine,39183,3,True,True,False,
Oracle-cosine,39288,1,True,True,False,
Oracle-cosine,39384,0,True,True,False,
Oracle-cosine,39490,1,True,True,False,
Oracle-cosine,39557,6,True,True,False,
Oracle-cosine,39756,6,True,True,False,
Oracle-cosine,39793,1,True,True,False,
Oracle-cosine,39920,7,True,True,False,
Oracle-cosine,39986,3,True,True,False,
Oracle-cosine,40269,6,True,True,False,
Oracle-cosine,40756,3,True,True,False,
Oracle-cosine,40798,3,True,True,False,
Oracle-cosine,40819,0,True,True,False,
Oracle-cosine,40933,1,True,True,False,
Oracle-cosine,40990,7,True,True,False,
Oracle-cosine,41120,3,True,True,False,
Oracle-cosine,41402,6,True,True,False,
Oracle-cosine,41540,5,True,True,False,
Oracle-cosine,41555,3,True,True,False,
Oracle-cosine,41561,3,True,True,False,
Oracle-cosine,41592,1,True,True,False,
Oracle-cosine,41636,4,True,True,False,
Oracle-cosine,41640,0,True,True,False,
Oracle-cosine,41924,1,True,True,False,
Oracle-cosine,41976,0,True,True,False,
Oracle-cosine,42022,3,True,True,False,
Oracle-cosine,42251,5,True,True,False,
Oracle-cosine,42302,1,True,True,False,
Oracle-cosine,42466,1,True,True,False,
Oracle-cosine,42679,2,True,True,False,
Oracle-cosine,43065,5,True,True,False,
Oracle-cosine,43198,7,True,True,False,
Oracle-cosine,43211,1,True,True,False,
Oracle-cosine,43332,1,True,True,False,
Oracle-cosine,43546,2,True,True,False,
Oracle-cosine,43584,3,True,True,False,
Oracle-cosine,44248,3,True,True,False,
Oracle-cosine,44279,4,True,True,False,
Oracle-cosine,44360,0,True,True,False,
Oracle-cosine,44413,0,True,True,False,
Oracle-cosine,44422,4,True,True,False,
Oracle-cosine,44903,6,True,True,False,
Oracle-cosine,44975,4,True,True,False,
Oracle-cosine,45377,6,True,True,False,
Oracle-cosine,45528,3,True,True,False,
Oracle-cosine,45699,7,True,True,False,
Oracle-cosine,45952,5,True,True,False,
Oracle-cosine,45987,4,True,True,False,
Oracle-cosine,46166,5,True,True,False,
Oracle-cosine,46276,0,True,True,False,
Oracle-cosine,46403,6,True,True,False,
Oracle-cosine,46524,0,True,True,False,
Oracle-cosine,46653,3,True,True,False,
Oracle-cosine,47030,7,True,True,False,
Oracle-cosine,47086,5,True,True,False,
Oracle-cosine,47093,3,True,True,False,
Oracle-cosine,47122,1,True,True,False,
Oracle-cosine,47125,7,True,True,False,
Oracle-cosine,47331,3,True,True,False,
Oracle-cosine,47471,3,True,True,False,
Oracle-cosine,47583,5,True,True,False,
Oracle-cosine,47744,0,True,True,False,
Oracle-cosine,47907,1,True,True,False,
Oracle-cosine,48376,5,True,True,False,
Oracle-cosine,48655,4,True,True,False,
Oracle-cosine,48911,5,True,True,False,
Oracle-cosine,49170,7,True,True,False,
Oracle-cosine,49195,5,True,True,False,
Oracle-cosine,49256,6,True,True,False,
Oracle-cosine,49315,7,True,True,False,
Oracle-cosine,49474,1,True,True,False,
Oracle-cosine,49475,7,True,True,False,
Oracle-cosine,49678,3,True,True,False,
Oracle-cosine,49702,7,True,True,False,
Oracle-cosine,49760,1,True,True,False,
Oracle-cosine,50203,1,True,True,False,
Oracle-cosine,50210,1,True,True,False,
Oracle-cosine,50622,2,True,True,False,
Oracle-cosine,50708,4,True,True,False,
Oracle-cosine,50739,4,True,True,False,
Oracle-cosine,50850,1,True,True,False,
Oracle-cosine,51008,1,True,True,False,
Oracle-cosine,51227,3,True,True,False,
Oracle-cosine,51300,2,True,True,False,
Oracle-cosine,51380,1,True,True,False,
Oracle-cosine,51385,2,True,True,False,
Oracle-cosine,51436,0,True,True,False,
Oracle-cosine,51517,4,True,True,False,
Oracle-cosine,51688,1,True,True,False,
Oracle-cosine,51865,3,True,True,False,
Oracle-cosine,51943,2,True,True,False,
Oracle-cosine,51956,5,True,True,False,
Oracle-cosine,51990,5,True,True,False,
Oracle-cosine,52228,0,True,True,False,
Oracle-cosine,52277,6,True,True,False,
Oracle-cosine,52729,4,True,True,False,
Oracle-cosine,52733,0,True,True,False,
Oracle-cosine,52803,6,True,True,False,
Oracle-cosine,52927,7,True,True,False,
Oracle-cosine,53445,5,True,True,False,
Oracle-cosine,53659,1,True,True,False,
Oracle-cosine,53729,1,True,True,False,
Oracle-cosine,53974,3,True,True,False,
Oracle-cosine,54054,6,True,True,False,
Oracle-cosine,54099,3,True,True,False,
Oracle-cosine,54250,1,True,True,False,
Oracle-cosine,54336,3,True,True,False,
Oracle-cosine,54681,7,True,True,False,
Oracle-cosine,55202,6,True,True,False,
Oracle-cosine,55501,3,True,True,False,
Oracle-cosine,55597,7,True,True,False,
Oracle-cosine,55741,2,True,True,False,
Oracle-cosine,55808,3,True,True,False,
Oracle-cosine,55876,6,True,True,False,
Oracle-cosine,55878,0,True,True,False,
Oracle-cosine,56047,1,True,True,False,
Oracle-cosine,56131,2,True,True,False,
Oracle-cosine,56162,6,True,True,False,
Oracle-cosine,56272,5,True,True,False,
Oracle-cosine,56496,0,True,True,False,
Oracle-cosine,56554,3,True,True,False,
Oracle-cosine,56629,2,True,True,False,
Oracle-cosine,56651,2,True,True,False,
Oracle-cosine,56698,6,True,True,False,
Oracle-cosine,56873,0,True,True,False,
Oracle-cosine,56963,5,True,True,False,
Oracle-cosine,57114,7,True,True,False,
Oracle-cosine,57244,3,True,True,False,
Oracle-cosine,57830,6,True,True,False,
Oracle-cosine,57994,0,True,True,False,
Oracle-cosine,58004,1,True,True,False,
Oracle-cosine,58157,5,True,True,False,
Oracle-cosine,58169,0,True,True,False,
Oracle-cosine,58252,5,True,True,False,
Oracle-cosine,58341,6,True,True,False,
Oracle-cosine,58458,1,True,True,False,
Oracle-cosine,58572,5,True,True,False,
Oracle-cosine,58835,3,True,True,False,
Oracle-cosine,58977,1,True,True,False,
Oracle-cosine,58988,5,True,True,False,
Oracle-cosine,59101,1,True,True,False,
Oracle-cosine,59177,7,True,True,False,
Oracle-cosine,59183,4,True,True,False,
Oracle-cosine,59219,7,True,True,False,
Oracle-cosine,59293,6,True,True,False,
Oracle-cosine,59464,1,True,True,False,
Oracle-cosine,59470,7,True,True,False,
Oracle-cosine,59508,6,True,True,False,
Oracle-cosine,59838,3,True,True,False,
Oracle-cosine,59905,6,True,True,False,
Oracle-cosine,60063,5,True,True,False,
Oracle-cosine,60496,2,True,True,False,
Oracle-cosine,60707,5,True,True,False,
Oracle-cosine,60784,2,True,True,False,
Oracle-cosine,60932,0,True,True,False,
Oracle-cosine,61327,2,True,True,False,
Oracle-cosine,61653,5,True,True,False,
Oracle-cosine,61683,1,True,True,False,
Oracle-cosine,61701,7,True,True,False,
Oracle-cosine,61868,7,True,True,False,
Oracle-cosine,61878,6,True,True,False,
Oracle-cosine,62117,2,True,True,False,
Oracle-cosine,62587,5,True,True,False,
Oracle-cosine,62627,7,True,True,False,
Oracle-cosine,63062,2,True,True,False,
Oracle-cosine,63247,2,True,True,False,
Oracle-cosine,63837,7,True,True,False,
Oracle-cosine,63869,6,True,True,False,
Oracle-cosine,64050,6,True,True,False,
Oracle-cosine,64148,3,True,True,False,
Oracle-cosine,64195,0,True,True,False,
Oracle-cosine,64262,3,True,True,False,
Oracle-cosine,64417,7,True,True,False,
Oracle-cosine,64547,1,True,True,False,
Oracle-cosine,64783,1,True,True,False,
Oracle-cosine,64851,6,True,True,False,
Oracle-cosine,64925,2,True,True,False,
Oracle-cosine,65218,2,True,True,False,
Oracle-cosine,65340,0,True,True,False,
Oracle-cosine,65348,4,True,True,False,
Oracle-cosine,65417,3,True,True,False,
Oracle-cosine,65553,7,True,True,False,
Oracle-cosine,65609,1,True,True,False,
Oracle-cosine,65690,4,True,True,False,
Oracle-cosine,65878,3,True,True,False,
Oracle-cosine,66058,0,True,True,False,
Oracle-cosine,66209,0,True,True,False,
Oracle-cosine,66269,4,True,True,False,
Oracle-cosine,66437,5,True,True,False,
Oracle-cosine,66512,7,True,True,False,
Oracle-cosine,66559,6,True,True,False,
Oracle-cosine,66875,1,True,True,False,
Oracle-cosine,67261,3,True,True,False,
Oracle-cosine,67281,3,True,True,False,
Oracle-cosine,67361,2,True,True,False,
Oracle-cosine,67444,5,True,True,False,
Oracle-cosine,67673,2,True,True,False,
Oracle-cosine,67708,4,True,True,False,
Oracle-cosine,67899,5,True,True,False,
Oracle-cosine,68121,6,True,True,False,
Oracle-cosine,68127,6,True,True,False,
Oracle-cosine,68173,5,True,True,False,
Oracle-cosine,68193,4,True,True,False,
Oracle-cosine,68287,2,True,True,False,
Oracle-cosine,68394,6,True,True,False,
Oracle-cosine,68473,1,True,True,False,
Oracle-cosine,68532,6,True,True,False,
Oracle-cosine,68553,7,True,True,False,
Oracle-cosine,68819,5,True,True,False,
Oracle-cosine,69085,4,True,True,False,
Oracle-cosine,69087,0,True,True,False,
Oracle-cosine,69137,0,True,True,False,
Oracle-cosine,69462,0,True,True,False,
Oracle-cosine,69641,1,True,True,False,
Oracle-cosine,70279,5,True,True,False,
Oracle-cosine,70372,3,True,True,False,
Oracle-cosine,70496,4,True,True,False,
Oracle-cosine,70765,0,True,True,False,
Oracle-cosine,71264,4,True,True,False,
Oracle-cosine,71624,1,True,True,False,
Oracle-cosine,71735,6,True,True,False,
Oracle-cosine,72089,6,True,True,False,
Oracle-cosine,72151,5,True,True,False,
Oracle-cosine,72389,3,True,True,False,
Oracle-cosine,72527,2,True,True,False,
Oracle-identification,95,3,True,True,False,
Oracle-identification,204,0,True,True,False,
Oracle-identification,318,6,True,True,False,
Oracle-identification,356,0,True,True,False,
Oracle-identification,425,6,True,True,False,
Oracle-identification,458,5,True,True,False,
Oracle-identification,637,2,True,True,False,
Oracle-identification,709,2,True,True,False,
Oracle-identification,868,0,True,True,False,
Oracle-identification,1015,0,True,True,False,
Oracle-identification,1288,5,True,True,False,
Oracle-identification,1589,5,True,True,False,
Oracle-identification,1744,0,True,True,False,
Oracle-identification,1818,7,True,True,False,
Oracle-identification,2070,1,True,True,False,
Oracle-identification,2125,3,True,True,False,
Oracle-identification,2327,6,True,True,False,
Oracle-identification,2737,5,True,True,False,
Oracle-identification,2795,7,True,True,False,
Oracle-identification,2980,0,True,True,False,
Oracle-identification,3338,2,True,True,False,
Oracle-identification,3344,2,True,True,False,
Oracle-identification,3368,4,True,True,False,
Oracle-identification,3731,1,True,True,False,
Oracle-identification,3803,5,True,True,False,
Oracle-identification,4292,1,True,True,False,
Oracle-identification,4409,0,True,True,False,
Oracle-identification,4476,2,True,True,False,
Oracle-identification,4509,3,True,True,False,
Oracle-identification,4927,2,True,True,False,
Oracle-identification,4967,1,True,True,False,
Oracle-identification,5340,5,True,True,False,
Oracle-identification,5582,0,True,True,False,
Oracle-identification,5656,4,True,True,False,
Oracle-identification,5683,6,True,True,False,
Oracle-identification,5790,4,True,True,False,
Oracle-identification,5929,2,True,True,False,
Oracle-identification,6315,3,True,True,False,
Oracle-identification,6360,5,True,True,False,
Oracle-identification,6454,2,True,True,False,
Oracle-identification,6603,2,True,True,False,
Oracle-identification,6750,3,True,True,False,
Oracle-identification,6759,5,True,True,False,
Oracle-identification,6770,6,True,True,False,
Oracle-identification,6991,1,True,True,False,
Oracle-identification,7306,0,True,True,False,
Oracle-identification,7355,7,True,True,False,
Oracle-identification,7899,3,True,True,False,
Oracle-identification,8061,7,True,True,False,
Oracle-identification,8215,1,True,True,False,
Oracle-identification,8234,0,True,True,False,
Oracle-identification,8238,4,True,True,False,
Oracle-identification,8275,3,True,True,False,
Oracle-identification,8367,2,True,True,False,
Oracle-identification,8828,0,True,True,False,
Oracle-identification,8862,0,True,True,False,
Oracle-identification,8926,5,True,True,False,
Oracle-identification,9188,6,True,True,False,
Oracle-identification,9298,6,True,True,False,
Oracle-identification,9376,1,True,True,False,
Oracle-identification,9712,3,True,True,False,
Oracle-identification,9877,0,True,True,False,
Oracle-identification,10115,7,True,True,False,
Oracle-identification,10191,0,True,True,False,
Oracle-identification,10361,6,True,True,False,
Oracle-identification,10602,2,True,True,False,
Oracle-identification,10622,3,True,True,False,
Oracle-identification,11050,2,True,True,False,
Oracle-identification,11274,2,True,True,False,
Oracle-identification,11493,1,True,True,False,
Oracle-identification,11757,0,True,True,False,
Oracle-identification,11886,2,True,True,False,
Oracle-identification,12122,2,True,True,False,
Oracle-identification,12225,6,True,True,False,
Oracle-identification,12292,0,True,True,False,
Oracle-identification,12340,2,True,True,False,
Oracle-identification,12386,6,True,True,False,
Oracle-identification,12597,3,True,True,False,
Oracle-identification,13041,3,True,True,False,
Oracle-identification,13134,3,True,True,False,
Oracle-identification,13223,3,True,True,False,
Oracle-identification,13298,2,True,True,False,
Oracle-identification,13587,6,True,True,False,
Oracle-identification,13703,4,True,True,False,
Oracle-identification,13741,0,True,True,False,
Oracle-identification,13749,4,True,True,False,
Oracle-identification,13826,0,True,True,False,
Oracle-identification,13842,0,True,True,False,
Oracle-identification,13879,5,True,True,False,
Oracle-identification,13895,2,True,True,False,
Oracle-identification,13938,5,True,True,False,
Oracle-identification,14049,1,True,True,False,
Oracle-identification,14170,3,True,True,False,
Oracle-identification,14245,6,True,True,False,
Oracle-identification,14274,4,True,True,False,
Oracle-identification,14728,1,True,True,False,
Oracle-identification,15068,6,True,True,False,
Oracle-identification,15181,1,True,True,False,
Oracle-identification,15182,2,True,True,False,
Oracle-identification,15191,3,True,True,False,
Oracle-identification,15274,5,True,True,False,
Oracle-identification,15386,0,True,True,False,
Oracle-identification,15438,4,True,True,False,
Oracle-identification,15516,5,True,True,False,
Oracle-identification,15631,5,True,True,False,
Oracle-identification,15632,1,True,True,False,
Oracle-identification,15865,0,True,True,False,
Oracle-identification,15898,3,True,True,False,
Oracle-identification,15953,7,True,True,False,
Oracle-identification,15985,0,True,True,False,
Oracle-identification,16251,5,True,True,False,
Oracle-identification,16424,7,True,True,False,
Oracle-identification,16525,2,True,True,False,
Oracle-identification,16625,0,True,True,False,
Oracle-identification,16718,6,True,True,False,
Oracle-identification,16800,3,True,True,False,
Oracle-identification,17017,5,True,True,False,
Oracle-identification,17605,5,True,True,False,
Oracle-identification,17651,6,True,True,False,
Oracle-identification,17795,3,True,True,False,
Oracle-identification,17843,6,True,True,False,
Oracle-identification,17865,2,True,True,False,
Oracle-identification,17946,0,True,True,False,
Oracle-identification,17987,3,True,True,False,
Oracle-identification,18115,6,True,True,False,
Oracle-identification,18159,4,True,True,False,
Oracle-identification,18170,2,True,True,False,
Oracle-identification,18556,6,True,True,False,
Oracle-identification,18888,0,True,True,False,
Oracle-identification,18960,1,True,True,False,
Oracle-identification,19331,6,True,True,False,
Oracle-identification,19471,4,True,True,False,
Oracle-identification,19593,0,True,True,False,
Oracle-identification,19605,5,True,True,False,
Oracle-identification,20013,4,True,True,False,
Oracle-identification,20072,2,True,True,False,
Oracle-identification,20317,4,True,True,False,
Oracle-identification,20380,6,True,True,False,
Oracle-identification,20520,6,True,True,False,
Oracle-identification,20545,0,True,True,False,
Oracle-identification,20863,2,True,True,False,
Oracle-identification,20882,0,True,True,False,
Oracle-identification,20904,7,True,True,False,
Oracle-identification,21295,3,True,True,False,
Oracle-identification,21414,0,True,True,False,
Oracle-identification,21436,4,True,True,False,
Oracle-identification,21558,0,True,True,False,
Oracle-identification,21887,7,True,True,False,
Oracle-identification,22215,1,True,True,False,
Oracle-identification,22299,6,True,True,False,
Oracle-identification,22303,2,True,True,False,
Oracle-identification,22452,0,True,True,False,
Oracle-identification,22793,7,True,True,False,
Oracle-identification,22803,1,True,True,False,
Oracle-identification,22924,3,True,True,False,
Oracle-identification,23314,1,True,True,False,
Oracle-identification,23445,7,True,True,False,
Oracle-identification,23479,3,True,True,False,
Oracle-identification,23623,7,True,True,False,
Oracle-identification,23633,5,True,True,False,
Oracle-identification,23642,5,True,True,False,
Oracle-identification,23803,4,True,True,False,
Oracle-identification,24062,6,True,True,False,
Oracle-identification,24103,0,True,True,False,
Oracle-identification,24306,0,True,True,False,
Oracle-identification,24700,7,True,True,False,
Oracle-identification,24790,2,True,True,False,
Oracle-identification,25150,0,True,True,False,
Oracle-identification,25166,4,True,True,False,
Oracle-identification,25339,2,True,True,False,
Oracle-identification,25360,2,True,True,False,
Oracle-identification,25374,5,True,True,False,
Oracle-identification,25447,4,True,True,False,
Oracle-identification,26070,3,True,True,False,
Oracle-identification,26146,2,True,True,False,
Oracle-identification,26419,6,True,True,False,
Oracle-identification,26519,2,True,True,False,
Oracle-identification,26535,5,True,True,False,
Oracle-identification,26749,0,True,True,False,
Oracle-identification,27131,1,True,True,False,
Oracle-identification,27196,1,True,True,False,
Oracle-identification,27240,1,True,True,False,
Oracle-identification,27260,0,True,True,False,
Oracle-identification,27648,5,True,True,False,
Oracle-identification,27688,1,True,True,False,
Oracle-identification,27781,5,True,True,False,
Oracle-identification,28157,0,True,True,False,
Oracle-identification,28253,6,True,True,False,
Oracle-identification,28276,2,True,True,False,
Oracle-identification,28309,1,True,True,False,
Oracle-identification,28511,6,True,True,False,
Oracle-identification,28548,3,True,True,False,
Oracle-identification,28979,2,True,True,False,
Oracle-identification,29018,5,True,True,False,
Oracle-identification,29179,5,True,True,False,
Oracle-identification,29221,4,True,True,False,
Oracle-identification,29400,2,True,True,False,
Oracle-identification,29511,4,True,True,False,
Oracle-identification,29591,2,True,True,False,
Oracle-identification,29610,0,True,True,False,
Oracle-identification,29717,2,True,True,False,
Oracle-identification,29815,3,True,True,False,
Oracle-identification,29831,0,True,True,False,
Oracle-identification,29903,0,True,True,False,
Oracle-identification,29942,2,True,True,False,
Oracle-identification,30016,6,True,True,False,
Oracle-identification,30068,0,True,True,False,
Oracle-identification,30077,4,True,True,False,
Oracle-identification,30139,4,True,True,False,
Oracle-identification,30888,1,True,True,False,
Oracle-identification,30961,7,True,True,False,
Oracle-identification,31234,0,True,True,False,
Oracle-identification,31244,2,True,True,False,
Oracle-identification,31251,7,True,True,False,
Oracle-identification,31280,5,True,True,False,
Oracle-identification,31503,5,True,True,False,
Oracle-identification,31776,0,True,True,False,
Oracle-identification,32051,0,True,True,False,
Oracle-identification,32062,4,True,True,False,
Oracle-identification,32140,4,True,True,False,
Oracle-identification,32365,7,True,True,False,
Oracle-identification,32427,0,True,True,False,
Oracle-identification,32470,7,True,True,False,
Oracle-identification,32532,6,True,True,False,
Oracle-identification,32630,6,True,True,False,
Oracle-identification,32680,4,True,True,False,
Oracle-identification,32697,2,True,True,False,
Oracle-identification,33057,1,True,True,False,
Oracle-identification,33084,2,True,True,False,
Oracle-identification,33123,0,True,True,False,
Oracle-identification,33256,1,True,True,False,
Oracle-identification,33264,0,True,True,False,
Oracle-identification,33336,6,True,True,False,
Oracle-identification,33342,3,True,True,False,
Oracle-identification,33512,4,True,True,False,
Oracle-identification,33863,4,True,True,False,
Oracle-identification,33990,5,True,True,False,
Oracle-identification,34169,6,True,True,False,
Oracle-identification,34198,5,True,True,False,
Oracle-identification,34415,0,True,True,False,
Oracle-identification,34509,4,True,True,False,
Oracle-identification,34565,0,True,True,False,
Oracle-identification,34854,0,True,True,False,
Oracle-identification,34998,4,True,True,False,
Oracle-identification,35100,0,True,True,False,
Oracle-identification,35119,4,True,True,False,
Oracle-identification,35131,0,True,True,False,
Oracle-identification,35234,5,True,True,False,
Oracle-identification,35269,7,True,True,False,
Oracle-identification,35281,0,True,True,False,
Oracle-identification,35475,2,True,True,False,
Oracle-identification,35600,4,True,True,False,
Oracle-identification,35613,5,True,True,False,
Oracle-identification,35659,4,True,True,False,
Oracle-identification,35916,2,True,True,False,
Oracle-identification,35964,1,True,True,False,
Oracle-identification,36198,4,True,True,False,
Oracle-identification,36287,5,True,True,False,
Oracle-identification,36543,3,True,True,False,
Oracle-identification,36557,1,True,True,False,
Oracle-identification,36992,3,True,True,False,
Oracle-identification,37034,5,True,True,False,
Oracle-identification,37053,1,True,True,False,
Oracle-identification,37255,1,True,True,False,
Oracle-identification,37362,1,True,True,False,
Oracle-identification,37406,3,True,True,False,
Oracle-identification,37505,7,True,True,False,
Oracle-identification,37552,1,True,True,False,
Oracle-identification,37899,0,True,True,False,
Oracle-identification,38091,4,True,True,False,
Oracle-identification,38194,3,True,True,False,
Oracle-identification,38375,0,True,True,False,
Oracle-identification,38380,6,True,True,False,
Oracle-identification,38833,1,True,True,False,
Oracle-identification,38887,7,True,True,False,
Oracle-identification,39183,2,True,True,False,
Oracle-identification,39288,1,True,True,False,
Oracle-identification,39384,0,True,True,False,
Oracle-identification,39490,1,True,True,False,
Oracle-identification,39557,1,True,True,False,
Oracle-identification,39756,5,True,True,False,
Oracle-identification,39793,7,True,True,False,
Oracle-identification,39920,0,True,True,False,
Oracle-identification,39986,1,True,True,False,
Oracle-identification,40269,6,True,True,False,
Oracle-identification,40756,1,True,True,False,
Oracle-identification,40798,7,True,True,False,
Oracle-identification,40819,0,True,True,False,
Oracle-identification,40933,1,True,True,False,
Oracle-identification,40990,7,True,True,False,
Oracle-identification,41120,3,True,True,False,
Oracle-identification,41402,0,True,True,False,
Oracle-identification,41540,6,True,True,False,
Oracle-identification,41555,1,True,True,False,
Oracle-identification,41561,3,True,True,False,
Oracle-identification,41592,1,True,True,False,
Oracle-identification,41636,4,True,True,False,
Oracle-identification,41640,1,True,True,False,
Oracle-identification,41924,0,True,True,False,
Oracle-identification,41976,0,True,True,False,
Oracle-identification,42022,0,True,True,False,
Oracle-identification,42251,5,True,True,False,
Oracle-identification,42302,1,True,True,False,
Oracle-identification,42466,3,True,True,False,
Oracle-identification,42679,2,True,True,False,
Oracle-identification,43065,1,True,True,False,
Oracle-identification,43198,7,True,True,False,
Oracle-identification,43211,1,True,True,False,
Oracle-identification,43332,2,True,True,False,
Oracle-identification,43546,2,True,True,False,
Oracle-identification,43584,3,True,True,False,
Oracle-identification,44248,3,True,True,False,
Oracle-identification,44279,4,True,True,False,
Oracle-identification,44360,0,True,True,False,
Oracle-identification,44413,7,True,True,False,
Oracle-identification,44422,1,True,True,False,
Oracle-identification,44903,6,True,True,False,
Oracle-identification,44975,4,True,True,False,
Oracle-identification,45377,1,True,True,False,
Oracle-identification,45528,2,True,True,False,
Oracle-identification,45699,7,True,True,False,
Oracle-identification,45952,1,True,True,False,
Oracle-identification,45987,3,True,True,False,
Oracle-identification,46166,5,True,True,False,
Oracle-identification,46276,0,True,True,False,
Oracle-identification,46403,1,True,True,False,
Oracle-identification,46524,6,True,True,False,
Oracle-identification,46653,3,True,True,False,
Oracle-identification,47030,2,True,True,False,
Oracle-identification,47086,5,True,True,False,
Oracle-identification,47093,4,True,True,False,
Oracle-identification,47122,0,True,True,False,
Oracle-identification,47125,4,True,True,False,
Oracle-identification,47331,2,True,True,False,
Oracle-identification,47471,3,True,True,False,
Oracle-identification,47583,1,True,True,False,
Oracle-identification,47744,7,True,True,False,
Oracle-identification,47907,0,True,True,False,
Oracle-identification,48376,0,True,True,False,
Oracle-identification,48655,4,True,True,False,
Oracle-identification,48911,5,True,True,False,
Oracle-identification,49170,1,True,True,False,
Oracle-identification,49195,5,True,True,False,
Oracle-identification,49256,4,True,True,False,
Oracle-identification,49315,6,True,True,False,
Oracle-identification,49474,1,True,True,False,
Oracle-identification,49475,3,True,True,False,
Oracle-identification,49678,3,True,True,False,
Oracle-identification,49702,7,True,True,False,
Oracle-identification,49760,1,True,True,False,
Oracle-identification,50203,1,True,True,False,
Oracle-identification,50210,0,True,True,False,
Oracle-identification,50622,1,True,True,False,
Oracle-identification,50708,4,True,True,False,
Oracle-identification,50739,4,True,True,False,
Oracle-identification,50850,2,True,True,False,
Oracle-identification,51008,2,True,True,False,
Oracle-identification,51227,4,True,True,False,
Oracle-identification,51300,2,True,True,False,
Oracle-identification,51380,5,True,True,False,
Oracle-identification,51385,0,True,True,False,
Oracle-identification,51436,0,True,True,False,
Oracle-identification,51517,0,True,True,False,
Oracle-identification,51688,1,True,True,False,
Oracle-identification,51865,3,True,True,False,
Oracle-identification,51943,5,True,True,False,
Oracle-identification,51956,7,True,True,False,
Oracle-identification,51990,6,True,True,False,
Oracle-identification,52228,4,True,True,False,
Oracle-identification,52277,4,True,True,False,
Oracle-identification,52729,3,True,True,False,
Oracle-identification,52733,4,True,True,False,
Oracle-identification,52803,7,True,True,False,
Oracle-identification,52927,3,True,True,False,
Oracle-identification,53445,0,True,True,False,
Oracle-identification,53659,1,True,True,False,
Oracle-identification,53729,6,True,True,False,
Oracle-identification,53974,7,True,True,False,
Oracle-identification,54054,5,True,True,False,
Oracle-identification,54099,3,True,True,False,
Oracle-identification,54250,5,True,True,False,
Oracle-identification,54336,3,True,True,False,
Oracle-identification,54681,7,True,True,False,
Oracle-identification,55202,5,True,True,False,
Oracle-identification,55501,3,True,True,False,
Oracle-identification,55597,5,True,True,False,
Oracle-identification,55741,2,True,True,False,
Oracle-identification,55808,7,True,True,False,
Oracle-identification,55876,1,True,True,False,
Oracle-identification,55878,0,True,True,False,
Oracle-identification,56047,1,True,True,False,
Oracle-identification,56131,7,True,True,False,
Oracle-identification,56162,6,True,True,False,
Oracle-identification,56272,6,True,True,False,
Oracle-identification,56496,6,True,True,False,
Oracle-identification,56554,3,True,True,False,
Oracle-identification,56629,5,True,True,False,
Oracle-identification,56651,2,True,True,False,
Oracle-identification,56698,6,True,True,False,
Oracle-identification,56873,2,True,True,False,
Oracle-identification,56963,3,True,True,False,
Oracle-identification,57114,7,True,True,False,
Oracle-identification,57244,1,True,True,False,
Oracle-identification,57830,6,True,True,False,
Oracle-identification,57994,1,True,True,False,
Oracle-identification,58004,1,True,True,False,
Oracle-identification,58157,0,True,True,False,
Oracle-identification,58169,0,True,True,False,
Oracle-identification,58252,1,True,True,False,
Oracle-identification,58341,4,True,True,False,
Oracle-identification,58458,3,True,True,False,
Oracle-identification,58572,4,True,True,False,
Oracle-identification,58835,4,True,True,False,
Oracle-identification,58977,2,True,True,False,
Oracle-identification,58988,5,True,True,False,
Oracle-identification,59101,6,True,True,False,
Oracle-identification,59177,3,True,True,False,
Oracle-identification,59183,1,True,True,False,
Oracle-identification,59219,0,True,True,False,
Oracle-identification,59293,2,True,True,False,
Oracle-identification,59464,6,True,True,False,
Oracle-identification,59470,7,True,True,False,
Oracle-identification,59508,6,True,True,False,
Oracle-identification,59838,3,True,True,False,
Oracle-identification,59905,4,True,True,False,
Oracle-identification,60063,1,True,True,False,
Oracle-identification,60496,2,True,True,False,
Oracle-identification,60707,5,True,True,False,
Oracle-identification,60784,3,True,True,False,
Oracle-identification,60932,0,True,True,False,
Oracle-identification,61327,2,True,True,False,
Oracle-identification,61653,0,True,True,False,
Oracle-identification,61683,6,True,True,False,
Oracle-identification,61701,1,True,True,False,
Oracle-identification,61868,4,True,True,False,
Oracle-identification,61878,2,True,True,False,
Oracle-identification,62117,5,True,True,False,
Oracle-identification,62587,1,True,True,False,
Oracle-identification,62627,0,True,True,False,
Oracle-identification,63062,2,True,True,False,
Oracle-identification,63247,2,True,True,False,
Oracle-identification,63837,7,True,True,False,
Oracle-identification,63869,6,True,True,False,
Oracle-identification,64050,0,True,True,False,
Oracle-identification,64148,3,True,True,False,
Oracle-identification,64195,3,True,True,False,
Oracle-identification,64262,3,True,True,False,
Oracle-identification,64417,7,True,True,False,
Oracle-identification,64547,1,True,True,False,
Oracle-identification,64783,6,True,True,False,
Oracle-identification,64851,0,True,True,False,
Oracle-identification,64925,2,True,True,False,
Oracle-identification,65218,4,True,True,False,
Oracle-identification,65340,5,True,True,False,
Oracle-identification,65348,2,True,True,False,
Oracle-identification,65417,3,True,True,False,
Oracle-identification,65553,7,True,True,False,
Oracle-identification,65609,1,True,True,False,
Oracle-identification,65690,4,True,True,False,
Oracle-identification,65878,3,True,True,False,
Oracle-identification,66058,0,True,True,False,
Oracle-identification,66209,0,True,True,False,
Oracle-identification,66269,1,True,True,False,
Oracle-identification,66437,5,True,True,False,
Oracle-identification,66512,6,True,True,False,
Oracle-identification,66559,2,True,True,False,
Oracle-identification,66875,1,True,True,False,
Oracle-identification,67261,7,True,True,False,
Oracle-identification,67281,6,True,True,False,
Oracle-identification,67361,2,True,True,False,
Oracle-identification,67444,5,True,True,False,
Oracle-identification,67673,1,True,True,False,
Oracle-identification,67708,4,True,True,False,
Oracle-identification,67899,1,True,True,False,
Oracle-identification,68121,6,True,True,False,
Oracle-identification,68127,0,True,True,False,
Oracle-identification,68173,0,True,True,False,
Oracle-identification,68193,2,True,True,False,
Oracle-identification,68287,0,True,True,False,
Oracle-identification,68394,6,True,True,False,
Oracle-identification,68473,1,True,True,False,
Oracle-identification,68532,3,True,True,False,
Oracle-identification,68553,3,True,True,False,
Oracle-identification,68819,5,True,True,False,
Oracle-identification,69085,4,True,True,False,
Oracle-identification,69087,0,True,True,False,
Oracle-identification,69137,4,True,True,False,
Oracle-identification,69462,5,True,True,False,
Oracle-identification,69641,1,True,True,False,
Oracle-identification,70279,1,True,True,False,
Oracle-identification,70372,3,True,True,False,
Oracle-identification,70496,7,True,True,False,
Oracle-identification,70765,0,True,True,False,
Oracle-identification,71264,2,True,True,False,
Oracle-identification,71624,6,True,True,False,
Oracle-identification,71735,6,True,True,False,
Oracle-identification,72089,2,True,True,False,
Oracle-identification,72151,5,True,True,False,
Oracle-identification,72389,3,True,True,False,
Oracle-identification,72527,2,True,True,False,
