image_id,candidate,PixCorr,SSIM,AlexNet2,AlexNet5,Inception,CLIP_identification,EfficientNet,SwAV
95,0,-0.006786746294155136,0.623823472038243,86.97394789579158,98.99799599198397,92.58517034068137,97.1943887775551,0.6400533783957053,0.37867630965943955
95,1,-0.1858726853378958,0.5629945198064219,91.78356713426854,98.99799599198397,96.79358717434869,90.5811623246493,0.5763209488100532,0.42945975178843143
204,0,-0.06978653481308648,0.11976899409963714,51.703406813627254,97.39478957915831,93.18637274549098,91.38276553106212,0.8097174636276594,0.4250300776915432
204,1,0.1276792655796496,0.1996090801374337,75.75150300601202,91.78356713426854,85.37074148296593,67.53507014028057,1.0034449439180304,0.5039879900533055
318,0,-0.1954164070600928,0.3228489362288961,29.859719438877757,65.13026052104209,7.214428857715431,93.5871743486974,0.9657935585352133,0.639088561719307
318,1,-0.08182473735205488,0.33607765204060813,70.54108216432866,86.17234468937876,29.058116232464933,97.79559118236473,0.9115466219761652,0.6735249127165365
356,0,0.04517769318947721,0.3156438267481627,71.34268537074149,95.39078156312625,49.498997995991985,87.97595190380761,0.9698896837902371,0.7543069186141256
356,1,0.09525004837049657,0.31337484718975184,30.460921843687377,76.55310621242485,83.16633266533067,92.18436873747495,0.9669090779172596,0.7514388678870425
425,0,-0.2775994016223833,0.15522541212213567,64.12825651302605,94.38877755511022,67.73547094188376,74.74949899799599,0.8234223847054346,0.725596692889458
425,1,0.15318549840182416,0.19132312284526437,42.68537074148296,68.33667334669339,11.422845691382765,96.19238476953907,0.9758061628677409,0.6659515861435028
458,0,-0.05824290346823115,0.23700086322569516,91.38276553106212,84.5691382765531,78.3567134268537,19.03807615230461,0.9323503040790999,0.5669459145268272
458,1,-0.07946514615288358,0.131152902958692,75.95190380761522,79.75951903807615,98.19639278557113,70.34068136272545,0.9163775830865186,0.5431919800713514
637,0,0.027290112720943536,0.380503914382485,88.57715430861724,85.17034068136272,96.59318637274549,55.51102204408818,0.9279912436295613,0.5331397065818839
637,1,0.09899743604654657,0.38190702735212834,90.78156312625251,76.15230460921843,43.48697394789579,40.08016032064128,0.9675754979913069,0.6138945917913723
709,0,-0.05774896742213427,0.22694830159323393,62.32464929859719,99.39879759519037,98.79759519038076,100.0,0.4928254331310109,0.5181222412426825
709,1,0.05317086247394129,0.31846792897627546,13.226452905811623,98.99799599198397,98.59719438877755,99.59919839679358,0.44583387989110046,0.5278162387832868
868,0,-0.0339695440361201,0.07944536048381212,51.703406813627254,63.126252505010015,66.33266533066133,27.054108216432866,1.0538128173992902,0.703354516243996
868,1,-0.006444045484667569,0.07215628308650422,87.97595190380761,91.38276553106212,12.224448897795591,73.74749498997996,1.0453784268068664,0.5875105870292652
1015,0,0.08296055330838722,0.5467618417177771,96.19238476953907,96.9939879759519,99.59919839679358,99.19839679358718,0.5069579079818258,0.4659080707279655
1015,1,-0.38149121680553616,0.5269189983151216,96.59318637274549,86.37274549098196,96.9939879759519,98.19639278557113,0.8096924063482366,0.5459723823004374
1288,0,0.30607172108147734,0.4104240479584859,91.18236472945893,83.96793587174348,80.7615230460922,71.34268537074149,1.0055830777398846,0.5348584033187722
1288,1,0.2392302666185773,0.3920119741054819,88.57715430861724,96.39278557114228,95.19038076152304,76.75350701402806,1.0194502898139903,0.43903927388134456
1589,0,-0.045488141368590425,0.148032937448052,88.97795591182364,52.104208416833664,90.78156312625251,96.59318637274549,0.7925881061903552,0.4485986481667916
1589,1,-0.03729359218096902,0.2554796566715845,75.75150300601202,65.93186372745491,98.79759519038076,58.31663326653307,0.7328677654367589,0.41903996331006677
1744,0,0.6656968186271649,0.42765397701407337,82.16432865731463,97.79559118236473,79.95991983967936,83.36673346693387,0.9222623673581147,0.42738980620758427
1744,1,0.6939031828817529,0.44372926074761376,88.77755511022045,75.95190380761522,59.318637274549104,20.240480961923847,0.9967318823469169,0.525302237635143
1818,0,-0.21027802071805213,0.0861623242840977,60.92184368737475,58.517034068136276,69.73947895791584,91.18236472945893,0.9387935491189192,0.6531396853016057
1818,1,0.002425613038597871,0.08680545839825855,45.89178356713427,51.703406813627254,29.659318637274552,60.320641282565134,0.9677253967988886,0.6262636817704639
2070,0,-0.059399691230455715,0.2348707536269231,16.83366733466934,67.73547094188376,83.36673346693387,52.505010020040075,0.9744920542934,0.6107167486627039
2070,1,0.11835014604034619,0.19433109791612646,69.73947895791584,74.74949899799599,75.95190380761522,78.55711422845691,0.8769887665054731,0.47441050636475923
2125,0,0.01608480659120109,0.25135286865098644,48.09619238476954,90.78156312625251,68.13627254509018,86.17234468937876,0.8733657099372519,0.39385890280355773
2125,1,-0.17031317510439192,0.3492451847016494,32.26452905811623,62.725450901803605,99.19839679358718,75.35070140280561,0.8567191009198488,0.5029700906542596
2327,0,0.24439963230483472,0.4105005552845485,22.84569138276553,34.06813627254509,62.925851703406806,73.74749498997996,0.9740109747293221,0.6751991062765312
2327,1,-0.18562413329598876,0.3621890469403005,2.6052104208416833,58.116232464929865,57.91583166332666,58.91783567134269,1.032569166210869,0.7006368978880507
2737,0,-0.048336966636815214,0.1348471951089146,73.54709418837675,97.59519038076152,99.59919839679358,96.9939879759519,0.7212137163595751,0.48333215225672665
2737,1,0.029097684029598017,0.14338422711385526,87.374749498998,94.38877755511022,100.0,95.79158316633266,0.5771490219900521,0.3982624065067276
2795,0,-0.02165296600023605,0.2126628403948564,48.49699398797595,76.35270541082164,83.96793587174348,96.59318637274549,0.9111125567811166,0.5518858459951355
2795,1,0.007855564648813049,0.24181111351462478,54.70941883767535,100.0,75.95190380761522,97.99599198396794,0.9326947598851039,0.5025247646673208
2980,0,-0.012672156371930168,0.10250792891698055,16.432865731462925,83.96793587174348,87.5751503006012,96.39278557114228,0.8582188834125801,0.6858464894867982
2980,1,0.01188097361519089,0.062382136821745704,99.19839679358718,99.19839679358718,97.99599198396794,100.0,0.616780155486068,0.380898348110829
3338,0,0.14348206628671847,0.2590207163565726,85.97194388777555,70.74148296593187,55.31062124248497,64.32865731462925,0.8820531575800129,0.6396518792852965
3338,1,0.2380156085457679,0.2598679855586861,78.15631262525051,83.56713426853707,10.02004008016032,19.238476953907817,0.9886872046358312,0.5755806384457476
3344,0,-0.07915148776249498,0.2594380734754613,12.024048096192384,20.440881763527056,26.853707414829657,20.240480961923847,0.955912309333146,0.6496950072826739
3344,1,-0.020541009284129923,0.24777971556553433,40.6813627254509,9.01803607214429,49.298597194388776,47.29458917835671,1.0160939171252643,0.6664482177225848
3368,0,0.047262326644689746,0.22474259821904366,93.18637274549098,98.99799599198397,100.0,96.9939879759519,0.7735689511506764,0.360854714330503
3368,1,0.012749254470731154,0.24217432033636455,38.07615230460922,94.38877755511022,94.38877755511022,97.1943887775551,0.7089052020112128,0.4011515582639458
3731,0,0.28056586463633576,0.4461306759826515,97.39478957915831,91.58316633266533,88.97795591182364,94.18837675350701,0.9728117684795016,0.5008071524648863
3731,1,-0.09166190426614246,0.388092649726353,82.96593186372746,55.31062124248497,58.717434869739485,84.96993987975952,0.9539112305726243,0.480462671703185
3803,0,0.41401782970993867,0.3596275903933785,97.79559118236473,98.99799599198397,97.99599198396794,85.17034068136272,0.5709115765124528,0.2420278766130387
3803,1,0.202834395397291,0.49165519128759294,75.55110220440882,67.73547094188376,44.88977955911824,96.9939879759519,0.9478669394208963,0.6041500819441228
4292,0,0.10886496218009521,0.3459154179041146,97.59519038076152,74.54909819639278,90.78156312625251,7.8156312625250495,0.9152577812371792,0.38548401819252687
4292,1,-0.02228752319187218,0.3995243983243165,16.432865731462925,46.49298597194389,95.99198396793587,66.33266533066133,0.8978418487271116,0.5848933809376887
4409,0,0.0029118159910233123,0.23751102451122907,45.69138276553106,98.39679358717434,100.0,98.99799599198397,0.6200209691517427,0.33863696841328583
4409,1,0.08042899026586141,0.2742563714863869,82.36472945891784,98.99799599198397,99.19839679358718,100.0,0.6884398038521816,0.46480426445786993
4476,0,0.3194342284166713,0.5913578094657331,90.98196392785572,83.36673346693387,67.53507014028057,47.69539078156313,0.8975200207527851,0.38118059299176776
4476,1,-0.02250734957579901,0.2810738008203438,88.57715430861724,28.256513026052104,67.93587174348697,78.75751503006012,0.9526402148998937,0.47291063622485874
4509,0,0.09591676409322591,0.19021463165733193,54.70941883767535,85.37074148296593,45.69138276553106,65.33066132264528,1.0211051753914475,0.530946526594085
4509,1,0.06637445836176689,0.1829619303349672,65.13026052104209,33.26653306613226,55.91182364729459,53.50701402805611,0.970430083871897,0.6379319693008367
4927,0,0.030366421986653354,0.19798498713094465,48.296593186372746,42.48496993987976,96.59318637274549,95.79158316633266,0.8979869881229241,0.5160370345499969
4927,1,0.004249071963335543,0.21846922989183204,43.687374749499,60.72144288577155,94.38877755511022,74.34869739478958,0.9101385890380945,0.5732768191225481
4967,0,-0.34900145366670143,0.2751565248629227,86.17234468937876,97.99599198396794,95.99198396793587,95.39078156312625,0.801399070251968,0.49432237001559753
4967,1,0.29995680555073945,0.37001176792952123,98.39679358717434,98.99799599198397,96.59318637274549,91.38276553106212,0.8332698959449848,0.5310220795943867
5340,0,-0.17156536478273915,0.08751813189902602,89.57915831663327,50.901803607214426,100.0,99.39879759519037,0.5495817090673017,0.4301884089785277
5340,1,-0.32010395555509535,0.11776432569922667,98.59719438877755,90.5811623246493,98.79759519038076,99.79959919839679,0.7016154806217028,0.5587366417932544
5582,0,0.12083826342725813,0.5772732618181896,57.91583166332666,97.1943887775551,97.1943887775551,83.56713426853707,0.7788465792843176,0.3466783118087863
5582,1,0.1093979406275762,0.5728112861122501,16.23246492985972,95.79158316633266,100.0,99.79959919839679,0.2589966661137344,0.18301032411915663
5656,0,-0.10075084964095468,0.12343979017645366,19.639278557114228,85.37074148296593,41.08216432865731,84.96993987975952,0.9314238896824478,0.612451897645047
5656,1,-0.14672908120825218,0.16587336675769526,64.32865731462925,99.59919839679358,63.727454909819635,42.68537074148296,0.9794110891076381,0.5980887937521533
5683,0,-0.015812507069739492,0.33425647245755225,83.36673346693387,84.16833667334669,98.79759519038076,93.5871743486974,0.8446316073509589,0.4776323228565623
5683,1,0.2136726318858606,0.42985011295081044,94.98997995991984,91.78356713426854,29.058116232464933,97.79559118236473,0.8040059634175445,0.45957397492192353
5790,0,-0.21793430981308862,0.19171578605822961,15.430861723446892,30.861723446893784,82.16432865731463,89.17835671342685,0.9636306445209442,0.6422475086739539
5790,1,-0.30452832590197737,0.1824339084904459,11.823647294589177,46.09218436873748,82.56513026052104,54.50901803607214,0.957068787852024,0.5968711664689024
5929,0,-0.1509372624684727,0.39625806925488594,93.78757515030061,94.18837675350701,52.505010020040075,97.1943887775551,0.6403888735148793,0.40354688341871736
5929,1,-0.07345673042529757,0.3122493931127251,83.96793587174348,94.38877755511022,51.703406813627254,89.77955911823648,0.9097978245161902,0.5009202946084045
6315,0,0.3172638363988742,0.37276048816313245,76.15230460921843,69.53907815631263,92.78557114228457,96.79358717434869,0.8930600020175355,0.6599355769181696
6315,1,0.3138235741321279,0.3295751442776646,58.31663326653307,67.53507014028057,97.39478957915831,99.39879759519037,0.8716055060994897,0.6468658520887358
6360,0,0.041147976605128304,0.21543387447344267,98.99799599198397,99.59919839679358,84.76953907815631,17.43486973947896,0.983082610279048,0.4647205820528292
6360,1,0.15277459731465914,0.22493301785976544,94.98997995991984,98.59719438877755,86.37274549098196,97.59519038076152,1.007818276196464,0.4938772551037316
6454,0,0.05870868518144067,0.18581052112857602,61.32264529058116,59.719438877755515,98.39679358717434,8.216432865731463,0.8138446392034703,0.44748527508242064
6454,1,0.23332145266833276,0.1935132162455423,93.5871743486974,99.59919839679358,99.19839679358718,99.19839679358718,0.6699873259539486,0.4540101559884897
6603,0,-0.020869888400430744,0.20752307644490453,73.34669338677354,77.75551102204409,46.292585170340686,68.13627254509018,1.0175503721480583,0.5685470171750242
6603,1,0.18647961524703727,0.12712221681046093,66.53306613226452,22.044088176352705,77.55511022044088,84.16833667334669,1.0383540589328026,0.6613121793973622
6750,0,0.02468358263406947,0.5182462719523565,98.79759519038076,98.59719438877755,92.58517034068137,97.1943887775551,0.7709832148273712,0.5754273944104115
6750,1,-0.01977019926983498,0.42861487712350044,92.18436873747495,96.79358717434869,92.58517034068137,90.78156312625251,0.8547640959082128,0.5524527761711406
6759,0,-0.15114260222539574,0.4210696770880284,95.19038076152304,100.0,77.15430861723446,99.59919839679358,0.8497396837256015,0.33879301614260404
6759,1,-0.15597003870802031,0.37892031390557074,57.51503006012024,92.58517034068137,99.19839679358718,99.39879759519037,0.5032520290301321,0.294290837891216
6770,0,0.2590066478052723,0.28781952680998396,60.72144288577155,90.98196392785572,97.59519038076152,100.0,0.49058864961770865,0.3785735787567309
6770,1,-0.008616891313516223,0.2838379155770045,71.14228456913828,95.39078156312625,97.99599198396794,100.0,0.42175507818749125,0.3887960630654995
6991,0,-0.15240431352414865,0.12015679332406261,49.498997995991985,36.47294589178357,44.88977955911824,71.7434869739479,0.96374200395831,0.55586288297338
6991,1,-0.08634383171528631,0.10535923193038657,94.18837675350701,98.79759519038076,59.118236472945895,30.66132264529058,0.9373647679910536,0.4246356690901959
7306,0,0.0504095792782863,0.34117094952980487,88.97795591182364,93.3867735470942,71.7434869739479,67.53507014028057,0.8894397705943476,0.5186225503512563
7306,1,0.0782508655017489,0.2789740335767506,96.19238476953907,88.97795591182364,95.39078156312625,64.32865731462925,0.7790865896873114,0.4277175218620962
7355,0,-0.23615733182797355,0.09526086124145827,85.37074148296593,44.28857715430862,60.52104208416834,68.93787575150301,1.0191476077102133,0.6161348442403165
7355,1,-0.012593233641390677,0.13464144903636113,43.8877755511022,86.97394789579158,87.97595190380761,95.99198396793587,0.9476188024506221,0.631132979335087
7899,0,-0.01330000627280763,0.2542619635280388,48.49699398797595,88.17635270541082,97.1943887775551,73.14629258517033,0.8414201314123309,0.3493672592040492
7899,1,0.07280159209805764,0.2406199770545411,73.54709418837675,97.39478957915831,98.19639278557113,98.39679358717434,0.7805504559029642,0.3550336342516536
8061,0,0.2772424124270543,0.1723608551325971,99.79959919839679,99.79959919839679,100.0,99.79959919839679,0.6801847451226342,0.29392351221911817
8061,1,0.04717516092102829,0.1428422878196242,99.39879759519037,98.79759519038076,99.79959919839679,99.79959919839679,0.6947242493811583,0.29274166924427547
8215,0,0.17062861615235395,0.28469342746335186,35.47094188376754,77.75551102204409,96.19238476953907,94.58917835671342,0.873935303223996,0.535923508127011
8215,1,0.2428396210912188,0.2520097434384035,67.73547094188376,83.76753507014027,97.1943887775551,97.59519038076152,0.7629656229766232,0.5202928113138967
8234,0,-0.22402223984082603,0.2411059636684406,90.38076152304609,79.35871743486975,84.76953907815631,74.74949899799599,0.9208112668650245,0.6142141921060773
8234,1,0.10938157239247198,0.34890739068943516,50.901803607214426,86.97394789579158,98.79759519038076,97.39478957915831,0.6471425322643025,0.44028795478548877
8238,0,0.13753049193459982,0.37312681280300175,28.65731462925852,70.54108216432866,5.61122244488978,82.76553106212425,0.9732639797432434,0.651337809678618
8238,1,0.1706323661393193,0.35814151066407857,14.829659318637276,57.11422845691383,79.75951903807615,47.69539078156313,0.9502897340038187,0.5612807163344373
8275,0,0.03912158745598133,0.42513046175518626,63.92785571142284,56.71342685370742,82.96593186372746,56.51302605210421,1.041788213240589,0.6855116053302022
8275,1,0.08241188654539322,0.40574717278446826,11.422845691382765,94.58917835671342,82.96593186372746,47.29458917835671,0.8959571433348112,0.5957033141073779
8367,0,0.011153608855797284,0.4168229317057446,87.5751503006012,92.78557114228457,98.19639278557113,95.59118236472945,0.8045478439950245,0.37665574874440877
8367,1,0.6302807182655298,0.4108680887313854,95.79158316633266,92.38476953907816,92.18436873747495,83.16633266533067,0.8325069886535097,0.3929791589051571
8828,0,0.1486094219932035,0.3224215944283684,41.883767535070135,90.78156312625251,96.19238476953907,98.39679358717434,0.8023988660070466,0.4694363209169321
8828,1,0.005036173769283656,0.32425530400577024,2.80561122244489,66.73346693386773,96.9939879759519,98.99799599198397,0.7651890934513071,0.46207737548208305
8862,0,-0.022459359125835368,0.21304504764931476,98.79759519038076,97.39478957915831,98.39679358717434,71.9438877755511,0.7569149032555946,0.5879543657024957
8862,1,-0.19138094769540914,0.30615073612004895,92.78557114228457,97.99599198396794,99.79959919839679,64.72945891783567,0.8082897094993541,0.6240550706943127
8926,0,-0.055088701790005884,0.17821464148429647,100.0,95.39078156312625,72.34468937875751,50.50100200400801,0.9878584247300024,0.6625359519138365
8926,1,0.2663159500496888,0.18441527765724985,100.0,100.0,98.79759519038076,54.90981963927856,0.7619174260464472,0.4152898662087775
9188,0,0.007291462794576409,0.395392698712452,65.53106212424849,99.19839679358718,96.59318637274549,98.39679358717434,0.778692394575808,0.2956184293854446
9188,1,0.01401714298513257,0.34493377694800015,68.33667334669339,89.57915831663327,76.35270541082164,95.39078156312625,0.8886948138136064,0.3958864536500909
9298,0,0.12330930792660089,0.2602308881404155,51.903807615230455,98.99799599198397,80.16032064128257,8.016032064128256,0.9281671572615218,0.4747194147753582
9298,1,0.1592355401789561,0.17403093431564565,86.17234468937876,84.16833667334669,87.97595190380761,99.19839679358718,0.8354500175237711,0.5190173202555187
9376,0,0.24792252627065173,0.5912709382460978,92.98597194388778,98.59719438877755,99.79959919839679,99.39879759519037,0.46058356452836313,0.2347313489518612
9376,1,0.08128832719238183,0.5670985186902039,96.19238476953907,97.99599198396794,99.39879759519037,99.59919839679358,0.37909382035864925,0.21821773874566008
9712,0,-0.22877159367270905,0.11968180332465644,49.69939879759519,77.35470941883767,85.77154308617234,81.3627254509018,1.0162724688564388,0.6305975616424208
9712,1,0.1666207595545604,0.16716522324228425,6.613226452905812,50.1002004008016,27.85571142284569,34.66933867735471,0.9677965112609568,0.6867079494238302
9877,0,0.12211330531656113,0.3674917226334565,75.35070140280561,97.39478957915831,98.79759519038076,99.59919839679358,0.6229408066653259,0.3390814471418817
9877,1,-0.0381155179970257,0.32823352749108614,78.55711422845691,98.39679358717434,98.99799599198397,97.79559118236473,0.6681212482970769,0.3195191411754078
10115,0,0.2429137305092156,0.45933150019803215,76.55310621242485,96.59318637274549,98.19639278557113,99.59919839679358,0.6252245355005469,0.44622820693568777
10115,1,0.35650986635949994,0.5112745820141834,94.18837675350701,97.79559118236473,98.79759519038076,97.59519038076152,0.5817651888502469,0.4772861162959148
10191,0,-0.035487598931909926,0.48789621667671407,29.859719438877757,82.76553106212425,88.57715430861724,94.58917835671342,0.9576267520374783,0.4917911455429167
10191,1,-0.05732950368067877,0.34069865221749646,61.523046092184366,61.923847695390776,80.7615230460922,78.95791583166333,0.9743699979976947,0.5050024198045172
10361,0,0.05355594926469021,0.21556837599463377,17.43486973947896,94.98997995991984,95.59118236472945,22.044088176352705,0.894124382431905,0.48322367831372637
10361,1,-0.09478399055792958,0.15443572132387015,16.432865731462925,79.75951903807615,12.424849699398797,18.637274549098194,0.913175805001416,0.5617987676316156
10602,0,0.08296910472445695,0.21833868047134494,32.06412825651302,92.78557114228457,99.39879759519037,100.0,0.6763444899582396,0.41029773174899464
10602,1,0.5181069285940418,0.27254397668757524,70.14028056112225,95.59118236472945,98.79759519038076,97.59519038076152,0.8380918959274308,0.5794734364838062
10622,0,0.2154085468895314,0.27488446624512686,98.99799599198397,97.59519038076152,52.505010020040075,55.11022044088176,0.9783826503486734,0.6420027982353819
10622,1,-0.04811236314795882,0.27117951360154346,81.56312625250501,93.18637274549098,0.6012024048096193,87.7755511022044,1.022660372268578,0.6821410724441513
11050,0,0.1796401996942736,0.2525289054431547,63.126252505010015,93.18637274549098,93.78757515030061,93.9879759519038,0.7869135355055064,0.5499477113804792
11050,1,-0.25739450279506776,0.24010329985555526,63.126252505010015,41.28256513026052,94.38877755511022,93.3867735470942,0.7259546295310928,0.4917397942966566
11274,0,0.3700529792926338,0.3109062824769752,67.93587174348697,71.7434869739479,86.97394789579158,50.50100200400801,0.9753522155188113,0.5759820771017435
11274,1,0.2942696092133577,0.32465735768805315,92.58517034068137,98.59719438877755,97.99599198396794,92.18436873747495,0.6403915860133437,0.3807590296181368
11493,0,-0.13698569454251536,0.12002837690622987,67.53507014028057,27.655310621242485,17.43486973947896,73.74749498997996,0.9656931180208072,0.6346486124740354
11493,1,-0.09067356258165632,0.16285522654687962,78.55711422845691,52.705410821643284,42.68537074148296,4.208416833667335,1.036273612036283,0.6797072450542891
11757,0,0.09761473269847519,0.11872256925010412,79.35871743486975,79.55911823647295,100.0,96.39278557114228,0.7961010556505597,0.37087382681001846
11757,1,0.07998912944054018,0.1363581163084029,88.97795591182364,57.31462925851704,95.59118236472945,8.617234468937877,0.8894126573328989,0.5589977733378139
11886,0,0.3301307264706109,0.3875380647315924,99.59919839679358,99.59919839679358,99.79959919839679,98.39679358717434,0.5185113489966588,0.2900615177316791
11886,1,0.13319879196389714,0.3531593151219483,95.99198396793587,100.0,99.59919839679358,99.39879759519037,0.5931760758784244,0.2925945905338555
12122,0,0.2342182751142957,0.2938687008957446,98.39679358717434,100.0,100.0,85.77154308617234,0.7161704902080577,0.34611114462398085
12122,1,-0.025557666985834376,0.3199282317732126,98.99799599198397,100.0,100.0,98.19639278557113,0.6596033743190648,0.24220380791452933
12225,0,-0.039719654568158375,0.3813341576670626,44.68937875751503,98.39679358717434,87.5751503006012,76.75350701402806,0.8978000820807689,0.4983663963376015
12225,1,0.12091214368224334,0.3574671840343191,81.56312625250501,99.19839679358718,21.8436873747495,88.17635270541082,1.048253467818882,0.5928474223600431
12292,0,-0.031169977968974444,0.23720663075512946,34.06813627254509,86.37274549098196,71.14228456913828,75.1503006012024,0.9835347071466584,0.4482818136424839
12292,1,0.25508563284710767,0.23426056722534058,50.1002004008016,69.13827655310621,34.06813627254509,63.126252505010015,0.9076298936392834,0.5570694908158892
12340,0,0.029484038588057055,0.424867444831702,9.218436873747494,36.27254509018036,86.77354709418837,35.47094188376754,0.799325876451843,0.4883583655142525
12340,1,0.019804557210111404,0.3319709410623816,52.104208416833664,96.79358717434869,99.79959919839679,85.17034068136272,0.5171311641023779,0.40318344033243947
12386,0,-0.011952793224298042,0.1752980706928278,80.36072144288578,98.79759519038076,79.95991983967936,98.79759519038076,0.8528873427260518,0.645214807075882
12386,1,0.07439779647208901,0.21646379448618136,37.675350701402806,78.95791583166333,32.46492985971944,94.18837675350701,1.011360232090816,0.5722891163809856
12597,0,0.015071995027389108,0.1408805667042901,9.218436873747494,91.78356713426854,98.99799599198397,100.0,0.8789153346058309,0.6756470255222957
12597,1,-0.0029417470113249316,0.15640356883307427,12.825651302605209,99.79959919839679,96.39278557114228,84.3687374749499,0.9062012716204239,0.7311324796224242
13041,0,-0.16921543674190545,0.2796821230917892,90.18036072144288,78.55711422845691,21.64328657314629,93.78757515030061,0.9257748729196993,0.5682551566108843
13041,1,0.18559713760755994,0.17740895565405987,38.877755511022045,82.96593186372746,2.004008016032064,94.78957915831663,1.0408116058757981,0.6266837302865096
13134,0,0.20532376567388064,0.31955809796949425,88.17635270541082,92.38476953907816,55.71142284569138,90.38076152304609,1.007757022208337,0.5741839158441294
13134,1,-0.33823043901925476,0.24749170675450588,44.08817635270541,69.53907815631263,18.637274549098194,92.98597194388778,1.0332840971095816,0.6357985297198151
13223,0,0.3748601068392571,0.31252701100008873,92.38476953907816,75.55110220440882,96.9939879759519,96.79358717434869,0.7878072632321548,0.35398379608614483
13223,1,0.4089498632887997,0.416264020055259,88.37675350701403,75.35070140280561,27.655310621242485,49.298597194388776,0.9327250875817191,0.39515432112184434
13298,0,-0.1949579009436986,0.1439096400068046,81.56312625250501,99.79959919839679,97.59519038076152,98.79759519038076,0.5106453069391597,0.3790631637409785
13298,1,-0.21135453586080977,0.09642856884581186,94.18837675350701,95.59118236472945,98.39679358717434,99.39879759519037,0.6381460543997697,0.36256086870752624
13587,0,0.21059931085175496,0.2308561237665871,95.99198396793587,99.59919839679358,96.59318637274549,99.79959919839679,0.8541495156885456,0.3075526289271965
13587,1,-0.10982001929584531,0.1984935277816632,70.74148296593187,87.5751503006012,85.97194388777555,96.9939879759519,0.9615258306288432,0.44269542798543404
13703,0,-0.22330789752901403,0.4202443131998817,72.14428857715431,97.59519038076152,46.09218436873748,64.12825651302605,0.9743262438190543,0.5271257312034037
13703,1,-0.20154795008362542,0.2895306721672807,61.923847695390776,99.59919839679358,83.16633266533067,87.7755511022044,0.9169724995239764,0.5206491619778622
13741,0,0.14293409352063388,0.36858238256205145,99.19839679358718,99.79959919839679,98.79759519038076,99.59919839679358,0.5134477386492653,0.29671692658978277
13741,1,0.18748373558121262,0.36041356359849475,100.0,99.79959919839679,96.9939879759519,97.1943887775551,0.5281614236217864,0.30686379052144674
13749,0,-0.08707280895154565,0.15150414307229088,99.39879759519037,99.39879759519037,99.79959919839679,96.9939879759519,0.9221454135501244,0.58542074499407
13749,1,0.03798303209568916,0.16836039429882083,83.96793587174348,97.39478957915831,97.59519038076152,85.57114228456913,0.8759958256864812,0.6368502538718124
13826,0,-0.057224157149377786,0.4111648527556542,97.39478957915831,97.1943887775551,94.58917835671342,58.91783567134269,1.03468943789374,0.6113448056872952
13826,1,-0.06203509057349039,0.30769054343269414,15.631262525050099,53.106212424849694,65.53106212424849,79.55911823647295,0.9554721803641799,0.6494109545398079
13842,0,0.38999356828852627,0.4295567177566594,39.879759519038075,92.18436873747495,78.75751503006012,98.79759519038076,0.98403100007379,0.42760625434982746
13842,1,-0.18519651978907342,0.35392435754682383,16.432865731462925,90.5811623246493,86.17234468937876,91.18236472945893,1.0011664656453447,0.45933166890351285
13879,0,0.08259140214633844,0.17669792970780132,92.98597194388778,84.16833667334669,75.1503006012024,9.01803607214429,0.9026074880900962,0.5823231892980911
13879,1,0.32440040203358894,0.16795025639872949,42.68537074148296,87.17434869739479,98.79759519038076,30.460921843687377,0.6812653885238726,0.32610262858215777
13895,0,0.0097287012124132,0.16170473731841326,91.18236472945893,94.38877755511022,1.002004008016032,89.37875751503006,1.0041816508494068,0.5218177870805742
13895,1,0.41968950920507203,0.1424922954574808,91.98396793587175,85.97194388777555,27.45490981963928,95.79158316633266,1.0453787265608596,0.5722674305649851
13938,0,0.1729943971837485,0.47311279289178787,88.57715430861724,98.99799599198397,58.91783567134269,92.78557114228457,0.8702386306451166,0.3581833391213147
13938,1,0.33704804858814763,0.48444958541005684,98.99799599198397,99.79959919839679,94.98997995991984,93.9879759519038,0.5597389977739482,0.30105286372516793
14049,0,-0.12750967704481178,0.26869017911953197,73.54709418837675,9.418837675350701,21.04208416833667,97.99599198396794,0.8907184696792044,0.7599004023525003
14049,1,0.10168704914628057,0.27799790582953315,97.99599198396794,95.99198396793587,99.59919839679358,99.79959919839679,0.8224891723265176,0.6787948860962425
14170,0,0.2934028492441576,0.3738130568123956,77.15430861723446,90.38076152304609,92.78557114228457,97.59519038076152,0.7993050875836942,0.4929307573806384
14170,1,0.05919969394530603,0.38970422745008243,77.9559118236473,95.59118236472945,100.0,100.0,0.6007048598667071,0.3442182790241214
14245,0,0.07697310101736152,0.5153323024722394,99.39879759519037,99.39879759519037,99.79959919839679,99.39879759519037,0.6620610919944397,0.5016483160871242
14245,1,-0.07487522227961517,0.4772488934856682,99.19839679358718,98.19639278557113,99.79959919839679,99.59919839679358,0.6401378156201736,0.39898312289618276
14274,0,-0.02348827971133036,0.2037408312404713,34.06813627254509,54.30861723446894,67.93587174348697,90.18036072144288,0.9570747172511951,0.6069388063700081
14274,1,-0.0844171875827796,0.19303774712802357,10.220440881763528,86.57314629258516,21.24248496993988,75.95190380761522,1.0860331300307675,0.6650210999393472
14728,0,-0.041355719767851754,0.0397529323926136,2.2044088176352705,49.298597194388776,95.79158316633266,90.78156312625251,0.9602780231369094,0.6846668273213972
14728,1,0.019008958959794514,0.06756431961091632,61.523046092184366,81.3627254509018,83.36673346693387,95.99198396793587,0.9865422445954558,0.6856086148351739
15068,0,0.008724222901982154,0.378139419616422,63.126252505010015,81.3627254509018,72.54509018036072,93.5871743486974,0.9082667429106954,0.41223971206675747
15068,1,0.14203668383107712,0.3571769179495029,20.64128256513026,41.68336673346693,0.8016032064128256,52.90581162324649,0.9412469338298827,0.6904961963876219
15181,0,0.14348799713601623,0.12306853061565873,100.0,99.79959919839679,98.39679358717434,96.59318637274549,0.9095040290337587,0.6370026355948939
15181,1,0.017430686913449105,0.13022628144057305,87.97595190380761,97.99599198396794,98.59719438877755,98.39679358717434,0.8169705296063117,0.6662238219511545
15182,0,0.3121757155001067,0.320539348045914,89.77955911823648,99.79959919839679,94.58917835671342,95.79158316633266,0.7002545018522255,0.42279421140250306
15182,1,0.1644956357145142,0.2694379771750892,76.55310621242485,71.34268537074149,93.3867735470942,90.78156312625251,0.7275275573355489,0.43685034841171544
15191,0,0.07586588983204727,0.11791517648849312,84.3687374749499,94.18837675350701,96.19238476953907,100.0,0.7672435018719338,0.4498667828519012
15191,1,-0.07911340914882946,0.10193643050088709,62.32464929859719,95.59118236472945,88.37675350701403,86.77354709418837,0.9305151139988549,0.5064697460274752
15274,0,0.08111799197979955,0.30511643303759123,49.69939879759519,91.18236472945893,58.31663326653307,91.18236472945893,0.9377161258128104,0.5499788280528428
15274,1,0.13511842914121472,0.2288107049020032,34.66933867735471,89.17835671342685,100.0,99.59919839679358,0.5077252490436925,0.3076066926911988
15386,0,0.191123586878491,0.09895126639290613,98.59719438877755,85.77154308617234,93.3867735470942,97.79559118236473,0.8784065242242881,0.557119379102978
15386,1,0.10579134426796401,0.1049633987086948,86.97394789579158,50.901803607214426,93.5871743486974,69.33867735470942,0.9515769885312395,0.5417451719069092
15438,0,0.037957490051432057,0.3696121211114445,91.18236472945893,99.79959919839679,99.59919839679358,94.18837675350701,0.6420451526803435,0.24063821291190512
15438,1,0.11969598904599041,0.35461341446634476,52.505010020040075,99.19839679358718,100.0,100.0,0.5973038168014071,0.2737395278324736
15516,0,-0.0698869583175211,0.383030429921813,44.08817635270541,98.79759519038076,96.19238476953907,86.77354709418837,0.8376060681089096,0.44232725193135536
15516,1,0.06524822479783893,0.3711590166458421,46.49298597194389,100.0,93.3867735470942,51.503006012024045,0.9367588227517626,0.3723694368065653
15631,0,-0.10994107856458797,0.2737473897093245,52.30460921843687,82.16432865731463,89.57915831663327,93.9879759519038,0.8829124854204549,0.5753427470800142
15631,1,-0.15755777214433622,0.28697421022184577,47.49498997995992,85.57114228456913,75.95190380761522,100.0,0.9374708840556346,0.5711161662585175
15632,0,0.08201806810568284,0.26951127524686186,90.38076152304609,86.97394789579158,51.302605210420836,47.49498997995992,1.0693049783042552,0.6605066378991713
15632,1,-0.11148438028229136,0.2580788342972254,36.47294589178357,65.7314629258517,87.17434869739479,75.75150300601202,1.0099512473967762,0.5555606989745552
15865,0,-0.2157780160572087,0.1911056588057694,81.96392785571143,81.56312625250501,55.11022044088176,82.96593186372746,0.9805073175108627,0.7285711330927281
15865,1,0.055724149059853144,0.23528868197825026,40.08016032064128,66.33266533066133,37.4749498997996,49.498997995991985,1.0027840076676955,0.7456737783495753
15898,0,0.0800773685143361,0.16872949196299994,65.33066132264528,96.59318637274549,100.0,88.57715430861724,0.7903016026088643,0.39014247628793974
15898,1,0.017005625670895492,0.14815171945379144,65.53106212424849,93.9879759519038,82.16432865731463,72.74549098196393,0.8045928716950067,0.6333213547964309
15953,0,-0.1577996905089718,0.06449777521669292,98.79759519038076,95.99198396793587,82.56513026052104,82.56513026052104,0.9074267120131037,0.6921009721502835
15953,1,0.0388846946436772,0.07492652454039683,88.17635270541082,81.56312625250501,80.56112224448898,82.36472945891784,1.0132717849104933,0.6993393061112563
15985,0,-0.022440573102673896,0.6326472086243459,85.37074148296593,95.79158316633266,99.19839679358718,95.99198396793587,0.3575842667490349,0.4247447649292646
15985,1,0.22174950879096192,0.7629257502381311,88.97795591182364,97.99599198396794,98.79759519038076,98.39679358717434,0.35480848183597335,0.2593316181018528
16251,0,0.13017673443995503,0.5792517003999716,70.54108216432866,93.9879759519038,95.79158316633266,80.16032064128257,0.7983195657082114,0.5369751505218048
16251,1,0.08374595376791946,0.65200419330838,57.51503006012024,74.34869739478958,94.18837675350701,94.18837675350701,0.8844057016873768,0.5128896324344616
16424,0,0.0037918348427386428,0.22906469451438596,98.99799599198397,36.47294589178357,34.06813627254509,12.424849699398797,0.9806155944420842,0.6420071827591101
16424,1,-0.0317831915061912,0.17701680899062075,54.30861723446894,64.72945891783567,94.58917835671342,62.124248496993985,0.8638949017674955,0.4812587547184265
16525,0,-0.2504927219051652,0.2564925686030895,33.66733466933868,46.292585170340686,98.79759519038076,82.76553106212425,0.8302785751618864,0.5563800374209729
16525,1,0.21782728411956762,0.21484012156594032,94.98997995991984,98.39679358717434,94.18837675350701,96.59318637274549,0.7847968848690032,0.31418482571625506
16625,0,0.19009545966371497,0.3160219236349937,54.10821643286573,73.54709418837675,64.32865731462925,93.78757515030061,0.929539521875211,0.607335243658141
16625,1,0.22529890546881984,0.2254792380037418,93.3867735470942,98.39679358717434,99.79959919839679,99.19839679358718,0.6355265840876307,0.3146850397801514
16718,0,0.12628917721705532,0.21440898083103502,60.120240480961925,82.56513026052104,80.96192384769539,91.98396793587175,0.8155547217817141,0.5435830613700207
16718,1,-0.3145605767130593,0.29431599152631577,90.5811623246493,98.59719438877755,86.57314629258516,96.9939879759519,0.9834998492080044,0.554700840209442
16800,0,0.04662456062007623,0.355518268556493,83.36673346693387,95.59118236472945,30.060120240480963,36.07214428857716,0.9793371252824545,0.5429183077268198
16800,1,-0.0889911145071251,0.4019817757366205,34.66933867735471,87.5751503006012,48.09619238476954,28.256513026052104,1.0303719649220282,0.56966797780517
17017,0,-0.024052553092093174,0.12898938662996753,90.5811623246493,97.1943887775551,100.0,90.5811623246493,0.6555988422180394,0.30619621479303516
17017,1,0.07861046447394493,0.1828159658072162,45.09018036072144,74.54909819639278,54.70941883767535,34.06813627254509,0.8389885802857177,0.5601268822425268
17605,0,0.3134118786035915,0.3102470742334308,98.79759519038076,90.38076152304609,43.48697394789579,99.79959919839679,0.9493141986407979,0.5337380149857838
17605,1,-0.4983369156213842,0.3136652938417,97.39478957915831,94.98997995991984,97.39478957915831,77.55511022044088,0.9785860629392722,0.4608612194960362
17651,0,-0.05443475122339538,0.220476777522305,94.98997995991984,94.38877755511022,99.79959919839679,99.59919839679358,0.5238350743213289,0.34979488439895123
17651,1,0.24724575485459177,0.30401290852016744,94.18837675350701,91.78356713426854,90.5811623246493,98.79759519038076,0.8760609211448751,0.37535406803238425
17795,0,0.216324534454403,0.46868354757216846,84.16833667334669,77.55511022044088,99.79959919839679,86.57314629258516,0.6527087802142351,0.4964740243270642
17795,1,0.10261524409250408,0.44655904298811117,97.99599198396794,99.19839679358718,95.79158316633266,96.19238476953907,0.7758819942779333,0.4399868712423346
17843,0,-0.07179365879567035,0.46716973865881534,61.72344689378757,86.57314629258516,55.11022044088176,93.78757515030061,0.9365722855606344,0.5154657762955899
17843,1,-0.21776419103363617,0.4030826841008998,78.3567134268537,76.15230460921843,97.1943887775551,97.59519038076152,0.7156703005817893,0.5608229335975817
17865,0,0.30168121905023576,0.5986765319719515,96.79358717434869,94.98997995991984,94.58917835671342,89.77955911823648,0.8492980915420837,0.4897115233353577
17865,1,0.3909010493634533,0.6505065788947724,91.78356713426854,91.78356713426854,89.57915831663327,96.19238476953907,0.8114220168309612,0.49886502470996896
17946,0,0.15591802168668423,0.17854832697878373,84.76953907815631,18.837675350701403,98.99799599198397,100.0,0.9167505449255602,0.4483947364381804
17946,1,-0.009456222979232407,0.19953106060699913,55.11022044088176,89.77955911823648,20.64128256513026,82.16432865731463,0.9648692486395593,0.7119865593131134
17987,0,-0.18171069715072521,0.19575308308285058,41.68336673346693,96.19238476953907,96.39278557114228,85.97194388777555,0.8538348845638051,0.39063166784556047
17987,1,0.10085500588142891,0.2030608301858228,98.99799599198397,96.59318637274549,91.78356713426854,98.99799599198397,0.9050545723703466,0.3648590018604335
18115,0,-0.020265333159139223,0.44273461391108926,17.234468937875754,4.408817635270541,37.4749498997996,95.59118236472945,1.025459923869975,0.6406303278727621
18115,1,0.1575828101225747,0.33600328814421415,0.8016032064128256,57.71543086172345,94.38877755511022,93.78757515030061,0.8594112621060458,0.6418478902630171
18159,0,0.10235751137845853,0.27320838447012485,96.19238476953907,100.0,98.99799599198397,96.79358717434869,0.8013600967442173,0.30743281704638625
18159,1,-0.043517357347779145,0.2536480477902593,57.71543086172345,81.3627254509018,94.98997995991984,98.99799599198397,0.9824013307975697,0.4526805998304171
18170,0,-0.272296875290863,0.22478783533666838,21.24248496993988,93.5871743486974,78.75751503006012,78.15631262525051,1.0103015365568608,0.6364283135942738
18170,1,0.03818012800269044,0.25718087950662843,42.28456913827655,81.76352705410822,35.671342685370746,10.220440881763528,0.9762406380762059,0.7580453179774046
18556,0,-0.2523145634076039,0.23293484089899041,44.68937875751503,97.79559118236473,98.79759519038076,96.9939879759519,0.7502478026465554,0.4235400633518235
18556,1,-0.03110742083064805,0.24090376672224997,94.98997995991984,99.19839679358718,98.39679358717434,97.99599198396794,0.7856820999308436,0.3866844792982316
18888,0,-0.111342508150265,0.2318033422194767,66.93386773547094,69.33867735470942,34.06813627254509,31.863727454909817,1.0320480166658796,0.6538107063036434
18888,1,-0.07993696882054009,0.228293879527012,94.58917835671342,94.18837675350701,100.0,56.71342685370742,0.5200140007096741,0.40193427543392846
18960,0,-0.11768884213139989,0.20481413882151825,52.104208416833664,27.45490981963928,5.01002004008016,44.88977955911824,1.0177595836753297,0.5935728996458541
18960,1,-0.21771242780128836,0.19291436979102508,28.256513026052104,18.837675350701403,94.58917835671342,68.7374749498998,0.8604950272667471,0.5099694249760722
19331,0,0.22374878350152458,0.29581049907474594,68.5370741482966,86.57314629258516,88.17635270541082,96.59318637274549,0.878039990829869,0.47005017781439384
19331,1,0.26051638007241595,0.2932866187837735,72.14428857715431,94.98997995991984,82.96593186372746,99.19839679358718,0.8982261542234985,0.4725154175190769
19471,0,-0.04333746623435426,0.1503507826315266,65.93186372745491,69.13827655310621,87.97595190380761,72.74549098196393,0.9369161539685209,0.711160872543606
19471,1,-0.029605578849288924,0.18091774296001045,51.302605210420836,34.2685370741483,66.53306613226452,56.51302605210421,1.0511960120675816,0.6562341898492423
19593,0,0.13033820002460814,0.09574774171578646,95.19038076152304,97.39478957915831,100.0,84.96993987975952,0.6916910789140519,0.48494165118262345
19593,1,0.1327907111043332,0.13532903478460775,45.69138276553106,98.39679358717434,93.5871743486974,13.226452905811623,0.7967363774967567,0.5893990971485008
19605,0,-0.053786640954116526,0.10764796981133527,95.99198396793587,90.5811623246493,4.208416833667335,75.95190380761522,1.0165446260277626,0.5456208512341258
19605,1,-0.09567811583568626,0.09449287495958128,19.839679358717436,91.38276553106212,23.04609218436874,76.75350701402806,0.9407416422561704,0.6001493419351289
20013,0,-0.03749270815978572,0.13929195456276025,72.14428857715431,83.56713426853707,91.18236472945893,91.98396793587175,0.842634314752483,0.4886085822240568
20013,1,0.009465380308871412,0.18971433364683807,92.38476953907816,83.16633266533067,42.48496993987976,96.19238476953907,0.9797934022334619,0.4897442675666862
20072,0,-0.2100500678376359,0.3068407839463471,59.519038076152306,81.56312625250501,100.0,98.59719438877755,0.5712874317432877,0.3119957363360534
20072,1,0.2190079586625667,0.3362733014113867,91.18236472945893,99.19839679358718,99.79959919839679,99.79959919839679,0.5650324441372945,0.2686035664507559
20317,0,-0.11619622213518307,0.15891826459764125,44.68937875751503,92.38476953907816,91.38276553106212,88.57715430861724,1.0074041261629396,0.5878380346035197
20317,1,0.08150585990185,0.1807384797844038,46.6933867735471,67.73547094188376,89.37875751503006,97.79559118236473,0.89851086756189,0.5808092141644994
20380,0,0.003198194769803641,0.22637383387848192,91.18236472945893,97.39478957915831,94.58917835671342,38.276553106212425,0.7247963761359248,0.5660750104971619
20380,1,-0.021876494067588518,0.19075480101342293,79.55911823647295,90.98196392785572,93.3867735470942,5.01002004008016,0.8822070432470365,0.6222453661288878
20520,0,0.07158382137425656,0.2189807569553651,21.8436873747495,24.448897795591183,94.18837675350701,94.98997995991984,0.7804318641230001,0.6000979067120826
20520,1,-0.16251200266010887,0.2045201355587493,47.29458917835671,30.26052104208417,98.99799599198397,99.59919839679358,0.5481188903655563,0.48236320198040916
20545,0,-0.12002869218089668,0.43443656713037815,45.09018036072144,99.39879759519037,97.39478957915831,98.39679358717434,0.4644887955924305,0.5085094693078749
20545,1,-0.017118319773366676,0.4316711333640913,0.0,38.677354709418836,95.99198396793587,98.99799599198397,0.59669276986993,0.568276508189461
20863,0,0.30219701959853523,0.20194765417451713,97.59519038076152,94.18837675350701,98.79759519038076,98.99799599198397,0.6967781040238434,0.41040347459736437
20863,1,0.33050553255147797,0.20804098005363225,99.79959919839679,98.99799599198397,98.19639278557113,99.39879759519037,0.8072374643143574,0.4241408638239531
20882,0,0.14620703897999254,0.5142088062676156,100.0,97.59519038076152,97.99599198396794,99.59919839679358,0.5351750853842179,0.3958402846291226
20882,1,0.00472236958462321,0.4573726445184769,97.59519038076152,97.79559118236473,95.19038076152304,97.39478957915831,0.5569649315910423,0.4164928181980754
20904,0,0.06542581047968328,0.11631505599363642,80.96192384769539,86.37274549098196,34.86973947895792,91.18236472945893,0.9192902080503413,0.7009598398923905
20904,1,0.023884109436872428,0.09946521440870607,51.903807615230455,83.36673346693387,67.33466933867736,93.18637274549098,0.9236946753923277,0.715243901940959
21295,0,0.30615243253061997,0.48352293029580445,87.17434869739479,92.58517034068137,96.59318637274549,94.78957915831663,0.6430815013163482,0.4209776221503909
21295,1,0.0913515245269885,0.46541508860871295,94.18837675350701,94.78957915831663,92.98597194388778,95.79158316633266,0.6495432395659109,0.49611360606796395
21414,0,-0.20303761189717073,0.20181111136106897,98.79759519038076,99.19839679358718,98.99799599198397,99.79959919839679,0.7381390728943664,0.41660278741613366
21414,1,-0.1357896104406851,0.2508406946386826,84.16833667334669,100.0,100.0,98.99799599198397,0.6224147439514439,0.3756599242762575
21436,0,0.3319812431884615,0.2082283617464581,85.57114228456913,96.39278557114228,19.03807615230461,27.054108216432866,0.9323497936872647,0.5344002796702381
21436,1,0.2812878898930653,0.21365488560657933,63.727454909819635,93.78757515030061,92.38476953907816,97.59519038076152,0.8232991507511918,0.42012198201066386
21558,0,-0.004035806969748116,0.4194825835232686,82.16432865731463,94.58917835671342,97.39478957915831,87.97595190380761,0.7236226909803556,0.43311765272827507
21558,1,-0.09039214408144519,0.3877739627619812,81.1623246492986,89.97995991983969,97.79559118236473,98.59719438877755,0.6488145712060205,0.3911165189354039
21887,0,-0.050456812473969936,0.18270835136767855,80.36072144288578,97.59519038076152,80.7615230460922,94.38877755511022,0.8668742155844298,0.5272919858313513
21887,1,0.1366220964379413,0.18675968635501683,98.59719438877755,97.59519038076152,6.813627254509018,94.58917835671342,0.9691067074783275,0.5164803040701829
22215,0,0.023336059522613754,0.35070615007016076,29.458917835671343,42.28456913827655,40.28056112224449,30.26052104208417,0.9966284397254985,0.6135662891906751
22215,1,0.08863088271470305,0.32107200449616125,19.639278557114228,11.422845691382765,77.35470941883767,12.625250501002002,1.0135862755283649,0.61336561650815
22299,0,0.31010409857203675,0.6305888781024208,97.79559118236473,95.99198396793587,96.39278557114228,75.95190380761522,0.8263138158125709,0.4007544361932154
22299,1,0.3507737961099716,0.7032709846955789,100.0,99.19839679358718,92.98597194388778,96.19238476953907,0.9121077910488659,0.4999035910010079
22303,0,0.08936235310722351,0.19939256285455947,57.71543086172345,36.27254509018036,94.18837675350701,73.74749498997996,0.9269715560971316,0.5140128429015094
22303,1,0.057886420158469946,0.2181378988282672,76.15230460921843,94.18837675350701,81.96392785571143,78.75751503006012,0.863631944543355,0.3615735670565735
22452,0,-0.11067261285303785,0.15145126391582994,96.79358717434869,99.19839679358718,94.18837675350701,90.38076152304609,0.9400022993266266,0.5394718527829132
22452,1,-0.09418300953373762,0.20789272153241325,73.74749498997996,75.35070140280561,43.28657314629258,94.58917835671342,0.9449271801492676,0.56964384512184
22793,0,0.05982024228895377,0.23595547475798984,68.33667334669339,55.11022044088176,98.99799599198397,97.99599198396794,0.7694717574904744,0.5723062165026058
22793,1,0.3151712194833296,0.2502779161807835,98.79759519038076,99.19839679358718,99.79959919839679,97.99599198396794,0.6291280308441721,0.5262544626658116
22803,0,-0.05787820172314559,0.06654318368644184,44.88977955911824,61.72344689378757,55.11022044088176,33.86773547094188,1.0384274802748614,0.6320387362685711
22803,1,0.048479183388882324,0.0542680326745783,47.49498997995992,89.17835671342685,70.74148296593187,86.97394789579158,1.005354747650738,0.6352317160447412
22924,0,0.5111231427230266,0.5658240302395969,66.53306613226452,85.77154308617234,99.39879759519037,99.79959919839679,0.7519866276909938,0.48598957440192403
22924,1,0.4627000992885569,0.6159366007713666,95.99198396793587,93.9879759519038,100.0,97.99599198396794,0.704475984882294,0.3886400353405193
23314,0,0.11737169462688138,0.22746294780880663,67.93587174348697,96.79358717434869,95.19038076152304,84.3687374749499,0.7865450929138391,0.3903868592353982
23314,1,0.29504724353671935,0.2700356500472224,45.49098196392786,99.79959919839679,95.19038076152304,99.19839679358718,0.8361851765006754,0.45946833505744644
23445,0,0.12405622805784614,0.3571063060623539,70.74148296593187,80.7615230460922,94.98997995991984,94.18837675350701,0.7602530985058895,0.3956324358863045
23445,1,0.059987504205000396,0.34286839983276235,85.37074148296593,99.59919839679358,96.59318637274549,99.19839679358718,0.5971524910541605,0.36960810153991985
23479,0,0.01817736333465546,0.22787605784064674,39.67935871743487,65.93186372745491,99.19839679358718,99.39879759519037,0.7744012596049992,0.5883486462327033
23479,1,0.03482966124945229,0.27533119787867005,55.11022044088176,56.312625250501,95.19038076152304,87.7755511022044,0.8401746287932114,0.5106747241425064
23623,0,-0.04438614611001555,0.13415023779517338,83.76753507014027,97.59519038076152,69.33867735470942,63.126252505010015,0.8805283476780306,0.45474358677008564
23623,1,-0.03851840917334745,0.15959294145257577,73.14629258517033,80.7615230460922,91.98396793587175,16.83366733466934,0.954790460527904,0.5194909164518549
23633,0,-0.11425001046687203,0.13510553472475292,66.13226452905812,60.120240480961925,48.49699398797595,39.67935871743487,0.9806130915156381,0.5250120295716384
23633,1,-0.01442090768306971,0.1406640396708212,78.55711422845691,84.3687374749499,97.59519038076152,60.92184368737475,0.9638823418935417,0.6063895307530821
23642,0,-0.25131375584940063,0.29373038854328676,5.61122244488978,94.18837675350701,38.877755511022045,93.9879759519038,0.914894141369089,0.5003011647411719
23642,1,0.3665542498461186,0.44993182014123867,24.248496993987974,69.93987975951904,35.671342685370746,38.07615230460922,1.0325227282795801,0.662863033835702
23803,0,0.01875169277517515,0.3884216158490398,28.65731462925852,58.517034068136276,96.19238476953907,99.59919839679358,0.7489676127952499,0.5457255579995164
23803,1,0.023233643270710133,0.341582813042761,27.655310621242485,81.56312625250501,96.59318637274549,96.9939879759519,0.7207175676479538,0.425205905963844
24062,0,0.05393355322213067,0.15034290841242334,72.74549098196393,80.56112224448898,69.13827655310621,87.17434869739479,0.9953188948790324,0.5198152734308776
24062,1,0.040243462765568665,0.18290249395989114,89.17835671342685,96.19238476953907,90.98196392785572,95.99198396793587,0.9669240161968597,0.4065904064434638
24103,0,0.11638473709472755,0.1975194206465535,74.34869739478958,97.79559118236473,99.19839679358718,99.39879759519037,0.7751159856749807,0.6708317237248147
24103,1,-0.12804373006869532,0.23490934952182185,78.3567134268537,17.234468937875754,20.440881763527056,14.228456913827655,1.0296514289730194,0.7410831080883162
24306,0,-0.19430753516120292,0.3334086033867498,33.86773547094188,74.34869739478958,96.79358717434869,97.39478957915831,0.9624477821026479,0.5701731957947811
24306,1,-0.05750617249252037,0.33160815579214287,94.98997995991984,99.19839679358718,100.0,99.79959919839679,0.9008166856754463,0.4811064825602057
24700,0,-0.10713273999348864,0.4607773524882512,39.478957915831664,9.619238476953909,43.48697394789579,47.29458917835671,0.9534388725082221,0.5490404721199265
24700,1,-0.06513957107105643,0.4695450631476702,66.73346693386773,84.3687374749499,47.49498997995992,52.505010020040075,0.9836867589359095,0.6472351436200336
24790,0,0.087939995238165,0.3269563114588863,64.32865731462925,19.238476953907817,98.19639278557113,100.0,0.7273238830637672,0.4284040623472388
24790,1,-0.03471191923016812,0.32597515679497485,43.28657314629258,92.98597194388778,99.59919839679358,99.79959919839679,0.5920428142007704,0.35482976214904605
25150,0,-0.10110175119249559,0.37319456802273415,96.19238476953907,94.58917835671342,98.99799599198397,99.39879759519037,0.6324759086368265,0.4236604227086773
25150,1,0.3079688658946416,0.31921402969067875,92.78557114228457,96.59318637274549,94.58917835671342,98.59719438877755,0.6460943729664954,0.45121987482026693
25166,0,0.590184501663332,0.613643526883205,99.59919839679358,99.79959919839679,99.79959919839679,97.1943887775551,0.6279184198317962,0.3193322075962133
25166,1,-0.19717349750007068,0.6245241293142363,96.59318637274549,94.18837675350701,64.72945891783567,95.79158316633266,0.9081515943626141,0.39811212607825197
25339,0,0.08911043130456203,0.404135283516555,46.893787575150306,76.55310621242485,12.825651302605209,47.09418837675351,1.015065965453553,0.7004185191106026
25339,1,-0.12239336426492019,0.33198229096743703,90.18036072144288,95.39078156312625,87.374749498998,88.37675350701403,0.8653934358327842,0.5568872573865451
25360,0,0.1220286788101992,0.18404931083410336,89.77955911823648,79.15831663326654,40.480961923847694,72.94589178356713,1.0004030582322152,0.6649857113151239
25360,1,0.06330262559802166,0.23851369066457204,92.18436873747495,92.78557114228457,83.16633266533067,98.99799599198397,0.945934943117119,0.6084430259711413
25374,0,-0.004165399847295814,0.39195387288845607,76.15230460921843,9.01803607214429,25.450901803607213,71.5430861723447,0.9858371641925989,0.6900404833128722
25374,1,-0.09974399151634784,0.44792148467157833,91.38276553106212,75.35070140280561,62.32464929859719,79.95991983967936,1.0334854467864163,0.590922593517448
25447,0,-0.08911572181035775,0.12604129390042304,30.66132264529058,16.23246492985972,74.54909819639278,90.5811623246493,0.9185901049046967,0.7333594311284474
25447,1,0.19093726021040505,0.2189184452951478,64.52905811623246,73.94789579158316,98.99799599198397,7.615230460921844,0.849587466135424,0.5243653496093168
26070,0,-0.053631843971373085,0.08360075474752969,98.99799599198397,92.98597194388778,95.79158316633266,59.919839679358724,0.8243921468970032,0.5322657560193815
26070,1,0.11176268298692947,0.19069504658842718,88.77755511022045,71.9438877755511,25.651302605210418,52.705410821643284,0.9343562062835096,0.5596715961360432
26146,0,-0.14497886616831732,0.14331737198845312,22.044088176352705,67.13426853707415,97.99599198396794,98.79759519038076,0.7487938588473075,0.5062479731348317
26146,1,0.003080361474461701,0.1356561572965771,8.617234468937877,82.16432865731463,93.18637274549098,100.0,0.8635876329948918,0.4826579513281315
26419,0,0.005651835979863351,0.376689187113338,98.59719438877755,100.0,100.0,98.59719438877755,0.2860076770654164,0.4001264871246676
26419,1,0.23914299481716494,0.2987850654766808,94.58917835671342,80.7615230460922,41.68336673346693,66.13226452905812,1.019475754334083,0.6269191151744791
26519,0,0.05918642014588345,0.23203704478755344,73.54709418837675,85.77154308617234,96.59318637274549,94.38877755511022,0.6074373979889045,0.5046784532741801
26519,1,-0.09147043625616949,0.21408957929466801,30.861723446893784,27.25450901803607,98.79759519038076,95.19038076152304,0.8830229195924715,0.672970332742731
26535,0,0.07259085898370066,0.46288052371005045,92.98597194388778,99.79959919839679,85.97194388777555,96.59318637274549,0.8488544966819367,0.5171120569705235
26535,1,-0.07298403815981044,0.4020682067186314,35.47094188376754,92.18436873747495,97.79559118236473,97.59519038076152,0.7142456655721684,0.43099208347514206
26749,0,-0.43562447931181175,0.5476863251800878,98.19639278557113,98.39679358717434,95.19038076152304,90.5811623246493,0.8835869968100363,0.4090149319744394
26749,1,-0.37392222483376786,0.5903325884207172,99.19839679358718,98.59719438877755,99.39879759519037,99.59919839679358,0.7536190066519833,0.3775273244833367
27131,0,0.22039325987400296,0.17212930043514885,77.15430861723446,95.39078156312625,29.659318637274552,85.97194388777555,0.990961256116279,0.5911746155606439
27131,1,-0.19181773466022495,0.12939333599472005,80.36072144288578,64.12825651302605,75.55110220440882,12.024048096192384,0.9870126863611054,0.5708157162961778
27196,0,0.3372341835153755,0.33118883930002996,98.19639278557113,97.79559118236473,94.98997995991984,94.58917835671342,0.832694032467314,0.45519031792663045
27196,1,-0.08317342109497262,0.22132457566075975,81.96392785571143,94.58917835671342,95.59118236472945,99.39879759519037,0.7426320961047163,0.40755041038132467
27240,0,-0.056809152161415986,0.2429577008536924,89.77955911823648,50.901803607214426,15.430861723446892,97.1943887775551,1.0579325235211252,0.5679033998348957
27240,1,0.176517573133428,0.2272948722247258,87.374749498998,28.65731462925852,54.90981963927856,78.95791583166333,0.9842564739533508,0.67183817511622
27260,0,-0.028499549023503358,0.3609154823202814,6.012024048096192,70.94188376753507,84.96993987975952,90.98196392785572,0.9227199015320936,0.5834468298833835
27260,1,0.06267737800361109,0.35746847604235804,9.01803607214429,62.525050100200396,87.17434869739479,90.38076152304609,0.8749291595536759,0.4282035418141287
27648,0,-0.0003798708905873923,0.17025628620546826,39.078156312625254,7.615230460921844,100.0,99.59919839679358,0.6237212939303414,0.4688869010509503
27648,1,0.14169501600645013,0.22893826872807413,2.80561122244489,83.16633266533067,96.39278557114228,67.13426853707415,0.9734170506085251,0.5777284338671587
27688,0,-0.0013075962984333486,0.06309137716818528,80.7615230460922,98.59719438877755,97.39478957915831,90.18036072144288,1.0559645065110903,0.4796395322794723
27688,1,0.14331578397549602,0.055905253504630714,100.0,94.98997995991984,91.18236472945893,95.99198396793587,0.795606616069777,0.44699194878951354
27781,0,0.027726964994627977,0.30192980415643544,69.13827655310621,68.33667334669339,66.13226452905812,54.90981963927856,0.9292328408129,0.6215195481572893
27781,1,0.14570886885708695,0.373071875145073,46.292585170340686,61.523046092184366,35.671342685370746,27.054108216432866,0.9789046209918068,0.7183503928261912
28157,0,-0.04533690386187746,0.3212746447814908,85.77154308617234,45.69138276553106,7.214428857715431,72.14428857715431,0.9572863748896447,0.5563720626567472
28157,1,-0.109009179568947,0.3307735538462733,65.53106212424849,89.77955911823648,95.59118236472945,73.14629258517033,0.9123080067536546,0.4737615588001768
28253,0,0.5636028406537025,0.24234302564319704,94.98997995991984,85.17034068136272,54.70941883767535,92.78557114228457,1.017590744158552,0.5828531170139457
28253,1,0.3491350454337537,0.17321320314493718,22.044088176352705,74.34869739478958,76.95390781563127,70.34068136272545,1.0218414817096406,0.5364786962874122
28276,0,0.5231959203170169,0.35689734891646985,100.0,99.79959919839679,96.19238476953907,97.1943887775551,0.6266350054653691,0.3526605521766356
28276,1,0.15645632049670724,0.3091708949690273,98.39679358717434,97.99599198396794,96.9939879759519,96.59318637274549,0.597408139090935,0.33674163690511494
28309,0,0.015446938344318246,0.3120373404556616,40.88176352705411,12.825651302605209,100.0,99.39879759519037,0.8562223662297279,0.5100587786554286
28309,1,-0.09027791215185516,0.3057417818657613,23.04609218436874,9.218436873747494,100.0,98.99799599198397,0.8671731338220818,0.4378484936042849
28511,0,-0.11593633189808299,0.359739251360686,2.2044088176352705,39.278557114228455,17.43486973947896,5.01002004008016,0.9965741794167366,0.4848515334111848
28511,1,0.13870829899572354,0.36917718514813,15.430861723446892,72.34468937875751,51.703406813627254,14.228456913827655,0.8794558415578257,0.4938866190737088
28548,0,0.2210229730392444,0.3258951444447288,65.93186372745491,77.9559118236473,75.55110220440882,85.37074148296593,0.9572040521367441,0.5084118515327483
28548,1,-0.029656527422598486,0.28019964715380424,14.829659318637276,55.51102204408818,86.37274549098196,80.96192384769539,1.0135562363859882,0.6385939648892296
28979,0,0.3602545819826238,0.16205201470110456,45.89178356713427,98.19639278557113,28.65731462925852,75.75150300601202,0.9924650538244588,0.67152162816199
28979,1,-0.225012897157294,0.11602582363403074,48.49699398797595,85.77154308617234,9.619238476953909,62.725450901803605,0.9896845027970885,0.6053959422843461
29018,0,-0.11183150433059467,0.3584708278588532,57.71543086172345,43.08617234468938,98.39679358717434,98.39679358717434,0.7689860712245812,0.4539739749866132
29018,1,-0.1681723844828422,0.3367033765396177,78.15631262525051,68.7374749498998,81.96392785571143,90.38076152304609,0.9875212325672674,0.5280499489077438
29179,0,0.08753984899621896,0.3942410276511069,3.2064128256513023,78.15631262525051,46.893787575150306,21.442885771543086,0.9604335093442254,0.7131283242736757
29179,1,-0.02684948934136316,0.4724276128235629,60.52104208416834,39.879759519038075,46.49298597194389,82.36472945891784,0.9897507774357669,0.7140630089874898
29221,0,-0.09883465274163176,0.17991647719991005,81.1623246492986,47.69539078156313,88.97795591182364,95.59118236472945,0.843475184046986,0.628888343237612
29221,1,-0.14364264505434696,0.21831326153875374,91.18236472945893,90.5811623246493,100.0,97.99599198396794,0.5926531219236144,0.4562219909942381
29400,0,-0.13262657510658676,0.21846586081570865,84.5691382765531,95.99198396793587,98.99799599198397,83.16633266533067,0.761206098201548,0.3783725804508342
29400,1,0.006779663958478804,0.21407367714216083,85.17034068136272,95.39078156312625,99.59919839679358,97.59519038076152,0.8228507723184205,0.33835738118682923
29511,0,0.5228698671491745,0.7142564262310994,100.0,100.0,98.79759519038076,90.38076152304609,0.7447017750721927,0.3672764525437474
29511,1,0.6071204617203507,0.800110217243921,100.0,100.0,100.0,95.99198396793587,0.8417910504960151,0.34410133710644875
29591,0,0.05664970247432296,0.19204313641218645,95.39078156312625,89.17835671342685,82.76553106212425,85.77154308617234,0.9346111720435427,0.47749949574295625
29591,1,0.18965389636207386,0.22723147649285014,1.8036072144288577,47.09418837675351,90.78156312625251,96.19238476953907,0.9889073200977635,0.5995777404199751
29610,0,-0.10238243114773359,0.13757581133333735,83.36673346693387,81.96392785571143,7.214428857715431,80.7615230460922,0.9761938850135311,0.5501665120715854
29610,1,0.11820389534314943,0.1319478181345226,99.39879759519037,98.79759519038076,40.08016032064128,93.5871743486974,1.0013169109822813,0.4360792079747392
29717,0,0.059268923403308256,0.3489517119619979,49.498997995991985,90.98196392785572,96.59318637274549,89.77955911823648,0.7656398347673885,0.38417009618842834
29717,1,0.03708843891220921,0.3310321220368491,67.73547094188376,93.3867735470942,94.38877755511022,90.5811623246493,0.760315212283925,0.3767801004248882
29815,0,0.281726479679601,0.5281258372265311,69.53907815631263,85.17034068136272,96.79358717434869,93.18637274549098,0.7371874752287321,0.545228050854623
29815,1,0.2270265657861804,0.5908038904444121,92.78557114228457,96.39278557114228,96.59318637274549,95.39078156312625,0.7317342086794301,0.45840913436069985
29831,0,0.19150966197504168,0.16078465578050583,51.302605210420836,40.480961923847694,75.1503006012024,93.18637274549098,0.8257149188469239,0.4895174601012232
29831,1,0.03933957079440776,0.12887453304064514,94.98997995991984,88.97795591182364,32.06412825651302,90.98196392785572,0.8413393603305576,0.5294505438998665
29903,0,0.060193498104297485,0.40750085885816867,0.8016032064128256,11.823647294589177,18.837675350701403,15.631262525050099,0.9967339725705114,0.6957318571401689
29903,1,0.10964948850885207,0.4647338928734736,38.476953907815634,73.54709418837675,15.030060120240481,52.30460921843687,0.9736904625449055,0.6259664291189591
29942,0,0.06932904925735889,0.18006811740426915,81.3627254509018,58.116232464929865,54.90981963927856,33.46693386773547,0.9619008544179668,0.5300353337583446
29942,1,-0.19693991137695813,0.1709687421064297,72.54509018036072,78.15631262525051,70.74148296593187,14.228456913827655,0.9430988919240691,0.44033618528680085
30016,0,0.01832011783985993,0.3392000362495179,54.70941883767535,88.57715430861724,92.58517034068137,92.78557114228457,1.0088402173349067,0.5434287384255077
30016,1,0.21017429035807852,0.49090449457983676,42.48496993987976,99.19839679358718,99.39879759519037,99.79959919839679,0.5527761521980016,0.49215780161294986
30068,0,-0.06504996318689489,0.10168289397594107,79.35871743486975,78.3567134268537,100.0,96.59318637274549,0.8646698975528799,0.4875824928575072
30068,1,-0.02669073797332086,0.10797688910275433,88.57715430861724,96.9939879759519,81.96392785571143,81.1623246492986,0.950944831898471,0.46784287410173797
30077,0,0.0027109728366322343,0.042080847338032176,92.78557114228457,93.9879759519038,99.39879759519037,98.39679358717434,0.5476635550723457,0.5467392768890004
30077,1,-0.10606172466854687,0.0400937416636948,100.0,99.79959919839679,98.59719438877755,98.19639278557113,0.5289148431692573,0.2389718273541882
30139,0,0.06774387387406733,0.2510019910217699,80.56112224448898,95.19038076152304,69.73947895791584,95.99198396793587,0.8994557293579825,0.43401531958009476
30139,1,0.021163617396224115,0.2196281774611975,97.39478957915831,91.58316633266533,86.57314629258516,81.76352705410822,0.9000801251400012,0.49606203705187313
30888,0,0.04177989442670619,0.20849468490754397,84.76953907815631,86.17234468937876,99.79959919839679,100.0,0.7033642104432953,0.5767621054555077
30888,1,0.040247322438284314,0.24934827977663734,6.4128256513026045,67.13426853707415,95.79158316633266,48.296593186372746,0.8530664255154357,0.6442550107476428
30961,0,0.18117797075675832,0.30415298883184977,86.77354709418837,96.39278557114228,97.39478957915831,95.19038076152304,0.611677917284914,0.4567830684678713
30961,1,-0.14513395122980194,0.3144727407831218,70.34068136272545,94.78957915831663,96.9939879759519,95.59118236472945,0.7235389434881287,0.4167009519211724
31234,0,0.12866240103610715,0.07256145989996386,99.59919839679358,94.38877755511022,99.19839679358718,99.79959919839679,0.613247927685438,0.5019850017821775
31234,1,-0.06930621094751656,0.06488682888522306,31.663326653306612,71.9438877755511,100.0,98.59719438877755,0.6546273513589387,0.5135407512164467
31244,0,-0.17436112004900844,0.2681355554861881,28.65731462925852,48.09619238476954,94.58917835671342,30.66132264529058,0.8921172949350988,0.5229131494916928
31244,1,-0.012814064112543416,0.23351149218954215,65.93186372745491,96.59318637274549,97.79559118236473,99.39879759519037,0.7538311175224749,0.4193799449299316
31251,0,-0.19384003819054496,0.18176682504901695,35.671342685370746,17.43486973947896,75.75150300601202,99.79959919839679,0.9297377786876815,0.726422064250396
31251,1,-0.21278234250405878,0.24401445191986143,82.16432865731463,78.55711422845691,76.35270541082164,83.76753507014027,0.8972759235446561,0.529741906493397
31280,0,0.08485223370613401,0.1818784377188163,86.57314629258516,98.19639278557113,98.59719438877755,98.19639278557113,0.4401718489240898,0.5005283600655057
31280,1,0.0526197633192685,0.23080476037647446,81.56312625250501,96.19238476953907,97.79559118236473,99.39879759519037,0.6379620353906491,0.5755104400429427
31503,0,0.46041762385452395,0.18032772183859327,100.0,98.59719438877755,78.15631262525051,51.10220440881763,0.8918074700518966,0.40970833029465337
31503,1,-0.21189659554010346,0.14371461101481198,99.39879759519037,97.59519038076152,96.79358717434869,48.09619238476954,0.9223739330691579,0.4470071987475561
31776,0,0.18663657700803563,0.2891682817142123,85.37074148296593,75.75150300601202,8.41683366733467,22.645290581162325,1.0209820526452278,0.5339313872703377
31776,1,0.4313378577421344,0.5236965490368657,93.9879759519038,93.3867735470942,95.59118236472945,86.57314629258516,0.9226482763002628,0.4825332877877534
32051,0,-0.00810149049064982,0.16452437068089748,56.91382765531062,67.73547094188376,51.10220440881763,81.76352705410822,0.8880776842807538,0.4734715958018392
32051,1,-0.1396866376657678,0.2882093271020963,2.004008016032064,8.617234468937877,99.19839679358718,99.19839679358718,0.7170539405164678,0.41450019540492256
32062,0,-0.04388030897684496,0.2932535408164039,6.813627254509018,22.044088176352705,19.639278557114228,94.78957915831663,1.0134216110632053,0.6505827536048088
32062,1,0.09294101379964206,0.2724718134429597,75.35070140280561,25.450901803607213,79.15831663326654,79.35871743486975,0.9826045878673558,0.6997422734867857
32140,0,-0.05609237497598114,0.6266873037294448,97.79559118236473,91.38276553106212,97.79559118236473,99.19839679358718,0.8022543559947446,0.4197147852747607
32140,1,-0.13416389296198844,0.4374003971719168,94.98997995991984,93.5871743486974,87.97595190380761,100.0,0.735227849133693,0.3972840192913498
32365,0,0.03996436671291667,0.24657461033237182,94.98997995991984,92.78557114228457,96.19238476953907,71.7434869739479,0.9242999821753873,0.4875518024006473
32365,1,0.08853011287869784,0.2314225275179154,80.16032064128257,78.95791583166333,98.99799599198397,96.39278557114228,0.8451428125588422,0.5746091630744888
32427,0,-0.11797957908528238,0.17578511743263242,70.94188376753507,96.79358717434869,96.79358717434869,98.39679358717434,0.6357872657868857,0.3949342049233213
32427,1,0.07702781678353164,0.17807435378804842,69.73947895791584,99.39879759519037,96.79358717434869,99.39879759519037,0.6827390381622046,0.5789097846083314
32470,0,0.06403809397536732,0.12519048449942252,19.238476953907817,92.98597194388778,50.1002004008016,71.7434869739479,1.0425217074323172,0.662874522639537
32470,1,-0.08292334890955964,0.0890308107206466,89.77955911823648,82.96593186372746,1.6032064128256511,45.29058116232465,1.0102586670612341,0.7280218010060013
32532,0,0.04814215542277524,0.13212402672982687,89.57915831663327,95.79158316633266,93.3867735470942,88.37675350701403,0.9043421385687529,0.5325147511917343
32532,1,0.1594975875763885,0.09916562914193625,98.19639278557113,100.0,99.19839679358718,97.39478957915831,0.7553232896424149,0.589256165121177
32630,0,-0.21386739340757696,0.30292769484738924,14.829659318637276,87.374749498998,99.39879759519037,100.0,0.42383210258870274,0.32153415503871374
32630,1,-0.3986902185854466,0.2786746956061855,72.54509018036072,99.79959919839679,98.39679358717434,99.79959919839679,0.38812736895487177,0.2748321182400685
32680,0,0.2578359155122102,0.443763712039226,99.19839679358718,99.19839679358718,99.19839679358718,99.39879759519037,0.6285103947624535,0.36950818757561443
32680,1,0.1630827382217309,0.48091340594392296,41.68336673346693,92.18436873747495,100.0,99.39879759519037,0.7125080295319797,0.4181660373136361
32697,0,0.13116320756000754,0.3281945525213891,98.19639278557113,94.58917835671342,69.73947895791584,15.631262525050099,0.9337556820531432,0.5452905171153468
32697,1,-0.046930998322073265,0.21575705389740574,84.5691382765531,78.55711422845691,2.80561122244489,68.5370741482966,0.9971589742270692,0.6805311316855323
33057,0,0.07187000061103486,0.26930187802486516,61.923847695390776,44.08817635270541,22.44488977955912,63.727454909819635,0.9202096950320934,0.5570456124902976
33057,1,-0.10557453530362672,0.2117255724699873,73.74749498997996,84.16833667334669,93.5871743486974,35.87174348697395,0.9671622377649056,0.6343011149705828
33084,0,0.012857418719250587,0.15016044060925693,100.0,100.0,99.59919839679358,100.0,0.6000646094837265,0.34364496686163215
33084,1,0.022892434222853784,0.1627805060727879,95.79158316633266,99.79959919839679,97.79559118236473,99.39879759519037,0.9001450924191207,0.5507517302704773
33123,0,0.19344941590934756,0.36819505545334313,38.677354709418836,21.442885771543086,95.59118236472945,79.35871743486975,0.9327050808113804,0.6365194417152158
33123,1,0.4607654942532985,0.4782952318463146,100.0,98.39679358717434,94.18837675350701,100.0,0.8729001984374155,0.4820481697057073
33256,0,0.4718983266171578,0.6837980672611229,94.58917835671342,93.5871743486974,98.99799599198397,100.0,0.6420057181935892,0.35029394876600217
33256,1,0.516100883095582,0.6991737710565349,97.59519038076152,77.75551102204409,96.9939879759519,98.79759519038076,0.8453464683609078,0.38150361267732236
33264,0,0.12336150202811506,0.18589804943590196,65.7314629258517,95.19038076152304,97.1943887775551,90.98196392785572,0.7479828828940036,0.5162339422226621
33264,1,0.03448038829231881,0.16167082970077898,55.51102204408818,95.19038076152304,97.1943887775551,97.79559118236473,0.875077440672009,0.6167264044180689
33336,0,0.042374366971025,0.3929788392145953,50.50100200400801,36.67334669338677,92.78557114228457,64.92985971943888,0.8211164419553764,0.457471700158649
33336,1,-0.005046150849200201,0.3645668003000443,70.74148296593187,98.19639278557113,97.39478957915831,87.97595190380761,0.8406172551832789,0.37890798511459167
33342,0,0.001362101894348949,0.2544840986776656,60.320641282565134,76.35270541082164,87.7755511022044,73.34669338677354,0.8303344055413762,0.47483152744789947
33342,1,0.1052858979037989,0.2044108378083397,59.719438877755515,81.56312625250501,100.0,83.36673346693387,0.734056314824894,0.4346339985894718
33512,0,-0.08575218494507054,0.20885306131972384,99.59919839679358,94.58917835671342,73.14629258517033,95.99198396793587,0.9337228862710818,0.48084708392192943
33512,1,0.05917608951308792,0.20722824059147585,84.5691382765531,91.58316633266533,17.43486973947896,56.312625250501,0.9913550476950305,0.6023455801622096
33863,0,0.23147222980509166,0.3014350142230767,71.9438877755511,100.0,99.79959919839679,100.0,0.7405291594987566,0.371762225712732
33863,1,-0.0873837490357528,0.2573682581280061,83.96793587174348,93.78757515030061,99.19839679358718,98.79759519038076,0.7533017006147958,0.2803329385818263
33990,0,-0.06620790898786261,0.2851310418191284,74.9498997995992,91.58316633266533,67.73547094188376,96.79358717434869,0.7649271808803826,0.36697747559325233
33990,1,-0.16998146708047654,0.3359058581214323,60.92184368737475,87.7755511022044,98.79759519038076,95.79158316633266,0.6254644722208769,0.3258019672961904
34169,0,0.09540295473650835,0.19766300279683724,67.13426853707415,79.35871743486975,43.8877755511022,88.77755511022045,0.8723163777211804,0.5717984832562326
34169,1,0.1673764217369324,0.22551551443953083,80.96192384769539,33.66733466933868,97.39478957915831,100.0,0.8598481822118533,0.48945562309296975
34198,0,-0.16479189399804872,0.25501797440270246,54.10821643286573,93.78757515030061,95.79158316633266,97.1943887775551,0.9341926422919878,0.4076779104108953
34198,1,0.11275209853383884,0.21573304378353092,98.79759519038076,92.58517034068137,80.16032064128257,100.0,0.8459182011177506,0.4253712997823169
34415,0,0.18539065190407206,0.17005664505905307,100.0,98.99799599198397,98.19639278557113,99.19839679358718,0.67755180528015,0.41168875011831185
34415,1,0.011886997043418132,0.1585682131423444,74.14829659318637,69.13827655310621,97.59519038076152,96.19238476953907,0.8751839696008966,0.38792161110275336
34509,0,0.09242588311276456,0.14088846450693204,61.12224448897795,49.298597194388776,11.623246492985972,11.22244488977956,0.9511731762340728,0.6703155599723436
34509,1,-0.04125911559210601,0.10347694837728204,78.3567134268537,25.250501002004004,25.851703406813627,10.420841683366733,1.0152918244459723,0.6833714306226581
34565,0,-0.007290808789249492,0.6271430422114393,55.11022044088176,78.95791583166333,78.3567134268537,87.374749498998,0.9038069672159917,0.5139807810056554
34565,1,-0.1702984704576923,0.5920825234174661,72.54509018036072,95.19038076152304,96.39278557114228,100.0,0.7143632082838364,0.39035973044991057
34854,0,-0.11328248727847497,0.4966275506378678,18.837675350701403,91.38276553106212,91.38276553106212,88.77755511022045,0.8783532329981631,0.5061137231355164
34854,1,0.067391578849662,0.5064067581130808,94.38877755511022,99.39879759519037,97.1943887775551,95.79158316633266,0.5929475646317581,0.3624752919928379
34998,0,0.31331700591747824,0.21561759291377908,99.59919839679358,100.0,100.0,99.79959919839679,0.404389211444834,0.23357340873265175
34998,1,-0.17797624555626082,0.20186606545338867,8.41683366733467,18.03607214428858,17.034068136272545,61.12224448897795,0.9630679808167159,0.6263472099743375
35100,0,0.24652734724415173,0.2625126667695524,85.17034068136272,96.19238476953907,97.79559118236473,92.38476953907816,0.5603369677527231,0.3005875305042818
35100,1,0.0034865332358272735,0.2722670917032272,92.98597194388778,97.79559118236473,98.59719438877755,99.59919839679358,0.6671914239738359,0.4060864635986895
35119,0,-0.03891404788275642,0.36049854696073313,75.95190380761522,86.97394789579158,33.66733466933868,85.77154308617234,0.8788203735447772,0.5265652159294006
35119,1,0.08518241421938161,0.3799433958363976,33.26653306613226,82.16432865731463,77.9559118236473,26.65330661322645,0.8852595651887734,0.3717306642002519
35131,0,-0.1405556643685629,0.22153385999118053,73.34669338677354,79.15831663326654,70.14028056112225,95.39078156312625,1.0231311011179942,0.49918587887856225
35131,1,0.29507674125314864,0.2274046502774366,98.99799599198397,47.69539078156313,91.58316633266533,94.98997995991984,0.872193256931936,0.5159763955125998
35234,0,0.06457407386255981,0.213717873663689,46.893787575150306,68.7374749498998,9.819639278557114,71.7434869739479,0.9970011670386246,0.7305381986269789
35234,1,0.039869453728194,0.216549362485067,64.72945891783567,60.72144288577155,6.613226452905812,7.014028056112225,1.0076191492077882,0.6579665400079713
35269,0,0.047945788484574516,0.3491073998901883,87.374749498998,66.13226452905812,77.55511022044088,85.57114228456913,0.9430914873888294,0.5817518991561119
35269,1,0.28554400417957154,0.4368561707353146,83.36673346693387,58.517034068136276,12.224448897795591,7.214428857715431,1.026445093514457,0.7172464314208742
35281,0,0.24236493298729045,0.3894737255778755,70.14028056112225,88.37675350701403,30.26052104208417,89.57915831663327,0.9488505242631616,0.6404469782076699
35281,1,-0.30694528250401093,0.38924516205443443,58.717434869739485,96.59318637274549,98.79759519038076,19.438877755511022,0.871854008899563,0.6396118520030806
35475,0,0.03845463111199655,0.18896053473325236,82.96593186372746,91.98396793587175,100.0,99.39879759519037,0.62933277868261,0.46475521706447087
35475,1,-0.07756512824267894,0.11372198021502085,93.3867735470942,95.79158316633266,98.39679358717434,97.39478957915831,0.822818360422028,0.5044800432137299
35600,0,-0.17883585821695513,0.36782143804658407,84.3687374749499,97.99599198396794,98.19639278557113,99.59919839679358,0.937760573725576,0.5355813861015878
35600,1,-0.012463971747588872,0.422974282433823,66.13226452905812,80.96192384769539,76.75350701402806,99.59919839679358,0.9030754926320548,0.5859466860592792
35613,0,0.005882240826755899,0.18325588149934352,90.78156312625251,82.56513026052104,77.15430861723446,90.98196392785572,0.8227453466666919,0.5868316142523585
35613,1,0.27541538330264187,0.21762079629015238,93.18637274549098,98.39679358717434,97.39478957915831,91.98396793587175,0.6847661425451886,0.5407665003075933
35659,0,-0.006034567249252664,0.06840875869235398,99.59919839679358,99.79959919839679,100.0,100.0,0.4722507290766479,0.35718260518980116
35659,1,0.12447678178162251,0.08443050955952479,98.39679358717434,100.0,99.79959919839679,98.99799599198397,0.4563562218281667,0.3759935010033807
35916,0,0.27624468580322703,0.13421282942684673,68.7374749498998,56.71342685370742,98.99799599198397,100.0,0.6612744187973523,0.5738521911805059
35916,1,-0.14081768287902802,0.12615739100690648,65.33066132264528,77.55511022044088,98.99799599198397,97.1943887775551,0.7972353144482518,0.5925982574326372
35964,0,0.006286756764856865,0.2908383370108804,71.34268537074149,88.57715430861724,50.1002004008016,82.96593186372746,0.9381497313063263,0.43128727743216544
35964,1,-0.030887753553769853,0.23891851182190313,52.104208416833664,98.79759519038076,98.59719438877755,93.18637274549098,0.7978380624538978,0.42669044293208014
36198,0,-0.07860300669430367,0.10079932569170934,83.16633266533067,70.34068136272545,89.57915831663327,40.88176352705411,0.9490043287484322,0.4853104313600457
36198,1,-0.00815258377909661,0.10371946365877643,27.054108216432866,68.93787575150301,87.97595190380761,47.49498997995992,0.8450751446325612,0.5043869721042362
36287,0,-0.2187630824777247,0.1549773161671993,15.631262525050099,16.63326653306613,49.69939879759519,16.23246492985972,0.8742422409380056,0.7073758692190686
36287,1,-0.25643541334007075,0.10459873491224722,74.34869739478958,51.503006012024045,16.23246492985972,74.54909819639278,0.9812723910075039,0.6888973303269059
36543,0,-0.11680318665334984,0.3542215092568892,56.312625250501,86.37274549098196,94.58917835671342,97.39478957915831,0.6227091972674466,0.40632839764523065
36543,1,-0.08678340969490386,0.44325463380072844,46.292585170340686,92.38476953907816,99.79959919839679,94.58917835671342,0.46313876712801705,0.2836210628484028
36557,0,0.16411279981612023,0.14280048292424793,97.59519038076152,56.312625250501,91.18236472945893,94.98997995991984,0.9420440610563094,0.7404890931768777
36557,1,0.1828883138101532,0.19858991024986242,97.39478957915831,100.0,96.9939879759519,97.79559118236473,0.790391309966092,0.5030967252882348
36992,0,0.10342883595152201,0.456849762306256,38.476953907815634,50.901803607214426,77.75551102204409,99.79959919839679,0.8940709150195949,0.6220357389141291
36992,1,0.09960368898192568,0.4403785456417098,38.677354709418836,26.853707414829657,93.78757515030061,99.59919839679358,0.8716317151065237,0.6669735338769958
37034,0,-0.036170298364213295,0.2489711816037605,37.87575150300601,51.903807615230455,84.5691382765531,98.59719438877755,0.9064979264084044,0.4654803710924621
37034,1,0.0036084622875833887,0.21267260657882484,72.54509018036072,13.026052104208416,97.99599198396794,99.79959919839679,0.9406084976449526,0.5585240229269495
37053,0,-0.24670899045791153,0.2955119185433744,57.71543086172345,79.75951903807615,80.96192384769539,39.879759519038075,0.825046091287347,0.5126643323409239
37053,1,-0.18874896378578454,0.3303637151515866,49.498997995991985,62.32464929859719,90.98196392785572,54.70941883767535,0.8625174115672052,0.6173410252516145
37255,0,-0.11642566612327196,0.3907069299666865,21.64328657314629,84.16833667334669,99.19839679358718,99.39879759519037,0.7161391992037498,0.46388594691099316
37255,1,-0.09056668386855915,0.2871532392227666,78.95791583166333,62.725450901803605,99.19839679358718,98.79759519038076,0.848592019708964,0.6159679266378384
37362,0,0.1415967264113187,0.15463967111507135,84.96993987975952,86.97394789579158,95.79158316633266,54.70941883767535,0.8570469163786172,0.3971961445826582
37362,1,0.22053606252830749,0.15475605589028832,97.79559118236473,100.0,99.19839679358718,87.5751503006012,0.8591484273302522,0.3890372355212205
37406,0,-0.26363339205974495,0.4962808161527047,84.5691382765531,78.75751503006012,97.59519038076152,98.59719438877755,0.9507314038955569,0.48543862386356607
37406,1,-0.07718107242496557,0.5349305683007641,91.78356713426854,86.17234468937876,59.519038076152306,93.3867735470942,0.9584657189156917,0.56307090696717
37505,0,0.32005641885017705,0.5717296915886181,96.39278557114228,97.79559118236473,98.59719438877755,100.0,0.5918953575401176,0.4099325249673619
37505,1,0.10796026343557055,0.5729174633297534,77.75551102204409,81.56312625250501,99.39879759519037,100.0,0.4563607500718404,0.5046655275873244
37552,0,-0.16705090748870433,0.2675184976908332,93.9879759519038,83.16633266533067,92.78557114228457,99.39879759519037,0.8287897842303276,0.401452114574239
37552,1,-0.08501540217999055,0.2992699580180134,89.77955911823648,99.79959919839679,98.59719438877755,94.18837675350701,0.6838723544894774,0.3476509273384939
37899,0,-0.03485792497019182,0.11450323598695328,97.99599198396794,99.79959919839679,100.0,100.0,0.3174222867525719,0.27797608878351776
37899,1,0.09639664624181082,0.09772191109016222,92.98597194388778,100.0,99.79959919839679,100.0,0.36021914711703684,0.23194919242405188
38091,0,0.012026201110072157,0.06222575036571266,98.59719438877755,98.79759519038076,95.39078156312625,99.19839679358718,0.9574746507229341,0.5699927806030715
38091,1,-0.0037971157488140357,0.07472579746598283,96.9939879759519,99.39879759519037,99.19839679358718,99.79959919839679,0.6928671521894393,0.49639978744854807
38194,0,0.3106087337485943,0.291280635350504,95.19038076152304,99.79959919839679,70.14028056112225,96.39278557114228,0.9604856228581464,0.39177231791027844
38194,1,0.2854814989623824,0.3121256619853364,99.19839679358718,96.59318637274549,78.55711422845691,84.76953907815631,1.0108677143595206,0.4650482628737197
38375,0,0.3588581900659922,0.28127602318568584,78.15631262525051,93.78757515030061,29.458917835671343,39.67935871743487,0.9672153292701636,0.5047165348356903
38375,1,0.3150894053325648,0.3156717382064239,80.96192384769539,84.76953907815631,91.18236472945893,97.99599198396794,0.8967325282162973,0.432099435040868
38380,0,-0.16437555103341792,0.26606577670252857,82.96593186372746,92.98597194388778,97.79559118236473,100.0,0.8419707317715843,0.4119715724466032
38380,1,0.16481945466031153,0.3256700702647971,94.98997995991984,96.19238476953907,100.0,100.0,0.8716831267386908,0.33146313537936045
38833,0,-0.3979880678567681,0.1923995776946071,72.34468937875751,93.18637274549098,98.19639278557113,96.79358717434869,0.7942966771873858,0.454366353639012
38833,1,-0.11313722096561747,0.2957796281745916,92.98597194388778,86.97394789579158,76.75350701402806,87.17434869739479,0.9066459976710413,0.6114344012348869
38887,0,0.10063299658962291,0.32991167523648546,89.77955911823648,99.39879759519037,100.0,98.59719438877755,0.6100751962301962,0.3808340517909675
38887,1,0.10899795657029646,0.34625738280109586,71.7434869739479,90.18036072144288,94.98997995991984,92.38476953907816,0.7979677837639636,0.4210754889588889
39183,0,0.35650199013374634,0.1364254764142554,98.79759519038076,99.19839679358718,99.59919839679358,99.79959919839679,0.6375686793270713,0.3578999455976999
39183,1,0.1192815571837904,0.15851038337669257,74.54909819639278,59.519038076152306,99.39879759519037,99.59919839679358,0.5567059066015012,0.5148931173363375
39288,0,0.15718174466908397,0.28460926018584615,90.18036072144288,97.59519038076152,87.17434869739479,99.19839679358718,0.8498271764867773,0.2937463264196727
39288,1,-0.03408773520769815,0.34733107810223085,86.57314629258516,83.96793587174348,99.19839679358718,97.1943887775551,0.815415134140816,0.3487635719533645
39384,0,0.06693332297951438,0.27548554406690623,91.58316633266533,93.9879759519038,95.59118236472945,47.89579158316633,0.827969536870202,0.5206793517464038
39384,1,-0.050028881569553374,0.3447514231720285,96.59318637274549,99.39879759519037,94.58917835671342,46.292585170340686,0.881877390294008,0.4728398924364273
39490,0,-0.024605635075287666,0.23662359540887598,85.77154308617234,65.53106212424849,57.51503006012024,17.234468937875754,1.0147639797357373,0.5733906555206154
39490,1,0.12010158923652432,0.24984701270632081,91.78356713426854,95.19038076152304,99.59919839679358,99.79959919839679,0.8272843133282901,0.4737137929661679
39557,0,0.2411041212578124,0.17954759861712247,98.99799599198397,97.59519038076152,95.99198396793587,44.48897795591182,0.910538336677733,0.5536648402697494
39557,1,0.2842893646189603,0.23237114034384512,44.08817635270541,92.58517034068137,98.99799599198397,94.18837675350701,0.8889861157326329,0.4813672885510949
39756,0,-0.00962327419906956,0.4783039278727057,62.725450901803605,70.94188376753507,82.96593186372746,69.33867735470942,0.8541038691518309,0.5708072987238999
39756,1,-0.09015156346917713,0.3488324930478484,96.59318637274549,94.78957915831663,70.74148296593187,51.703406813627254,0.9278260583955027,0.6046548747197554
39793,0,-0.028996844095482636,0.2328225040912769,59.118236472945895,86.97394789579158,69.93987975951904,34.86973947895792,0.9385431353756324,0.5058836872139558
39793,1,-0.17662555026102625,0.2993824355539051,100.0,99.79959919839679,94.98997995991984,24.649298597194388,0.8101935875793288,0.4055669229270136
39920,0,-0.06052016461745058,0.3309164523519624,97.1943887775551,94.38877755511022,98.99799599198397,98.99799599198397,0.6181899695244697,0.33337304672816714
39920,1,-0.02914293780756643,0.33910408951566345,97.59519038076152,86.57314629258516,98.99799599198397,82.36472945891784,0.8274727669704842,0.4427856066831537
39986,0,0.07340179321966597,0.24907086877870183,60.52104208416834,99.79959919839679,84.3687374749499,43.08617234468938,0.8429736743436386,0.5540583532664296
39986,1,0.19334317556633251,0.26554775332149216,32.66533066132264,97.39478957915831,42.88577154308617,85.97194388777555,0.9616216014794564,0.521754465995418
40269,0,-0.02090614772185402,0.264170922052805,15.030060120240481,52.505010020040075,94.38877755511022,95.19038076152304,0.9621747265560262,0.5566777739627202
40269,1,-0.09653748777167648,0.33414458651273304,57.31462925851704,71.7434869739479,96.39278557114228,94.18837675350701,0.9193918686695284,0.49124898268775696
40756,0,-0.049711490220627215,0.18665915498994917,96.9939879759519,45.89178356713427,27.655310621242485,90.38076152304609,0.9606292208368793,0.7001194767150232
40756,1,0.18328220625643776,0.2466488693741989,99.19839679358718,100.0,97.99599198396794,98.79759519038076,0.6726157739864531,0.4571809845504523
40798,0,0.14307620826976014,0.5539110124106167,47.89579158316633,82.56513026052104,68.7374749498998,67.13426853707415,0.9079795654578464,0.6095596096005109
40798,1,0.0030627476684095393,0.5831581375366048,99.59919839679358,98.99799599198397,100.0,89.97995991983969,0.40317024953925684,0.26513535281888256
40819,0,-0.018841482231516517,0.11465498246581957,79.15831663326654,82.36472945891784,14.02805611222445,96.39278557114228,0.8937146621123039,0.5646974928575319
40819,1,-0.21816933641567038,0.11958821349281669,59.118236472945895,85.97194388777555,95.19038076152304,93.5871743486974,0.9778094714550929,0.5559396117066966
40933,0,-0.002825804033877566,0.14513893685716814,85.17034068136272,95.39078156312625,97.1943887775551,98.19639278557113,0.6387735262167009,0.5204617082506692
40933,1,0.259536253201684,0.14143930973526922,82.96593186372746,91.38276553106212,80.96192384769539,96.19238476953907,0.9123378532695083,0.6051447045349652
40990,0,0.11450992987574315,0.3700844992157096,75.1503006012024,94.98997995991984,72.94589178356713,59.118236472945895,0.9358904371368626,0.42691207688469923
40990,1,0.4437473068198879,0.45667100802243793,86.37274549098196,91.58316633266533,95.79158316633266,65.33066132264528,0.8038928955206963,0.3464990457240379
41120,0,-0.10190384069880451,0.02147764148948118,36.47294589178357,67.33466933867736,83.96793587174348,45.29058116232465,0.923478199450404,0.5783244868236139
41120,1,-0.09950698253716417,0.022571208394305913,93.3867735470942,98.99799599198397,75.55110220440882,32.66533066132264,0.9268614703764226,0.6728537065634124
41402,0,0.0024492230972467297,0.3212344504045357,80.96192384769539,100.0,99.79959919839679,99.59919839679358,0.6999210381951235,0.4283779541732381
41402,1,-0.10206048918792442,0.4013451258565264,8.216432865731463,72.94589178356713,78.55711422845691,96.19238476953907,0.8653344354532768,0.5430528257737282
41540,0,0.41990898759279927,0.26154902502752275,93.18637274549098,90.5811623246493,94.98997995991984,96.9939879759519,0.7781614430070871,0.5464466240070318
41540,1,0.506728151272494,0.2746322270118066,91.18236472945893,97.59519038076152,94.58917835671342,96.19238476953907,0.7757226610422724,0.39834299613502766
41555,0,0.004260716267441498,0.24135744388400673,85.77154308617234,60.52104208416834,99.19839679358718,99.59919839679358,0.706471643838426,0.5754884396141106
41555,1,0.050800081627853724,0.22077212670170518,63.126252505010015,67.73547094188376,96.79358717434869,99.59919839679358,0.7516976657702846,0.5096858979876095
41561,0,-0.07029701381697047,0.4088454508051498,77.35470941883767,91.58316633266533,80.36072144288578,43.687374749499,1.0364075283037553,0.4924994451664425
41561,1,0.20723860494153978,0.422916580216615,84.3687374749499,99.59919839679358,89.37875751503006,27.054108216432866,0.9543451793112808,0.44081627072552587
41592,0,-0.04557708256215289,0.12557472826278512,87.374749498998,96.59318637274549,98.19639278557113,95.39078156312625,0.9077050121376822,0.625320643954747
41592,1,0.03754729522797075,0.14379188194371675,98.79759519038076,98.39679358717434,98.19639278557113,98.19639278557113,0.8587944113599166,0.5346936968394449
41636,0,-0.12986636426486023,0.1414193390303551,43.687374749499,49.09819639278557,75.1503006012024,83.16633266533067,0.9754921528887458,0.6934804670040334
41636,1,0.16052952968949816,0.24217556554738598,98.39679358717434,97.79559118236473,92.78557114228457,96.79358717434869,0.8542385412514546,0.5243985069642553
41640,0,0.18502038474258486,0.28818697032158047,74.14829659318637,56.1122244488978,94.18837675350701,97.79559118236473,0.9173712864457159,0.5353546200393416
41640,1,0.03894099791955808,0.29445679211426523,17.43486973947896,9.01803607214429,27.25450901803607,87.7755511022044,1.0491318599932722,0.5790686171800388
41924,0,0.1542366096127215,0.7024481804331625,91.98396793587175,99.79959919839679,99.59919839679358,100.0,0.47589388717706327,0.24811101933484092
41924,1,0.17767065981955746,0.6418509186242308,77.35470941883767,96.79358717434869,97.79559118236473,96.39278557114228,0.663487382719287,0.431486515214509
41976,0,0.030976758924464564,0.5968874787318635,72.34468937875751,93.18637274549098,98.99799599198397,99.59919839679358,0.3268790622616773,0.3688958573230273
41976,1,0.007102440023695981,0.5013639775640216,76.95390781563127,82.56513026052104,100.0,98.79759519038076,0.36568879098806595,0.36564771174672206
42022,0,-0.08694104949359853,0.14794722241913164,57.31462925851704,81.3627254509018,40.08016032064128,64.52905811623246,1.0416363023514341,0.5185891068861321
42022,1,0.07328194670470978,0.12576778985471654,98.59719438877755,97.79559118236473,89.77955911823648,78.55711422845691,0.9501338022003184,0.43399772333302733
42251,0,0.1564171037372151,0.10705775660883063,84.96993987975952,77.75551102204409,89.97995991983969,94.98997995991984,0.8869208758271145,0.4403885411576086
42251,1,0.1525592082430055,0.16160356104636725,96.79358717434869,100.0,98.59719438877755,98.39679358717434,0.7222100988114821,0.30597306208402586
42302,0,-0.07227575662850551,0.16446617601110777,56.1122244488978,50.300601202404806,9.819639278557114,99.19839679358718,0.9915532420753661,0.5815433439925044
42302,1,-0.31059123487200546,0.16857896785490403,69.73947895791584,7.214428857715431,42.68537074148296,99.59919839679358,0.8114965765616368,0.599529748461745
42466,0,0.1040425862188735,0.47424695022777463,33.26653306613226,90.78156312625251,100.0,93.18637274549098,0.6541456573069753,0.5167617771400412
42466,1,0.17306688096855155,0.42631727112809054,78.95791583166333,96.9939879759519,100.0,100.0,0.41205926274432014,0.3378717061205616
42679,0,-0.011239958723159242,0.22731687847400933,63.92785571142284,92.58517034068137,96.39278557114228,83.96793587174348,0.9217400836811435,0.48287662227484507
42679,1,-0.08555166220961684,0.17668911350444821,20.841683366733466,47.29458917835671,58.717434869739485,54.90981963927856,0.9953087727252655,0.4973346080583747
43065,0,0.0679307867908069,0.25582974944224507,6.012024048096192,16.03206412825651,99.19839679358718,99.39879759519037,0.9176966629373312,0.6012671350033225
43065,1,0.15594784625535618,0.255683122191375,26.65330661322645,40.88176352705411,45.09018036072144,69.93987975951904,0.9896577180202304,0.572007889122375
43198,0,0.08099533579923227,0.1488653251490355,99.39879759519037,98.99799599198397,18.43687374749499,91.98396793587175,1.0034669681063042,0.6714991831076909
43198,1,-0.09432662632847097,0.15340709069915018,91.38276553106212,98.39679358717434,66.53306613226452,90.78156312625251,0.9493854078901646,0.672716551823682
43211,0,0.04131945672768114,0.35662437659219987,49.298597194388776,31.663326653306612,93.18637274549098,88.77755511022045,0.9707366222411277,0.46629195005654955
43211,1,-0.13616635784865033,0.2617708737280269,42.08416833667334,84.96993987975952,63.326653306613224,93.5871743486974,0.8805651885738792,0.5743201382664224
43332,0,0.1134561929470275,0.15873506616315752,84.3687374749499,38.677354709418836,68.5370741482966,81.76352705410822,0.9595100099859033,0.5694103229101377
43332,1,0.09020846990715371,0.14114360096812084,96.79358717434869,95.99198396793587,84.96993987975952,81.3627254509018,0.9686301191897646,0.4827831871975171
43546,0,0.6203065367576069,0.3550286606460805,76.95390781563127,86.77354709418837,97.1943887775551,100.0,0.6792572698708084,0.45257264585202894
43546,1,0.5242447929365208,0.35368234394484377,82.56513026052104,86.57314629258516,90.18036072144288,95.39078156312625,0.8954554288938373,0.4780471595185536
43584,0,-0.25055937873141537,0.4276071870169852,84.16833667334669,58.116232464929865,99.59919839679358,100.0,0.8002763679044423,0.4455066848207375
43584,1,0.4037937935682512,0.5645836650615591,95.59118236472945,92.58517034068137,62.525050100200396,84.16833667334669,0.9513291532459088,0.46074244230887385
44248,0,-0.07788784045131684,0.20624336417580102,81.96392785571143,84.5691382765531,24.849699398797593,92.58517034068137,0.9776494081846688,0.5960708748814254
44248,1,0.020356081128851223,0.15150142679847864,98.99799599198397,99.79959919839679,90.5811623246493,94.98997995991984,0.9501460340283981,0.65633293205882
44279,0,0.1683232953035089,0.4263633047025484,86.17234468937876,87.17434869739479,61.72344689378757,69.13827655310621,0.8942452213165084,0.3923263497665165
44279,1,0.40089796180573944,0.4196012633102632,97.1943887775551,97.59519038076152,12.224448897795591,84.3687374749499,0.9829316935292025,0.465076678108196
44360,0,-0.025117273066081077,0.2217628655518872,68.13627254509018,77.75551102204409,73.14629258517033,53.106212424849694,0.9798039157776101,0.5018669954202513
44360,1,-0.00015105603305132936,0.18660443286545234,68.33667334669339,58.91783567134269,55.11022044088176,97.79559118236473,0.9199453398244938,0.5113612724752048
44413,0,0.12157706309632099,0.328003757918018,68.5370741482966,83.96793587174348,97.99599198396794,89.77955911823648,0.7828929649323313,0.41092035131063775
44413,1,0.030535815807505407,0.33576679854520414,52.505010020040075,96.19238476953907,98.79759519038076,94.78957915831663,0.7919624771393585,0.40197694772257986
44422,0,0.16618949821965345,0.2803573386707156,97.1943887775551,100.0,97.59519038076152,98.99799599198397,0.5011753555464624,0.45592165048755073
44422,1,0.25430922875584316,0.29991444326448335,98.39679358717434,98.59719438877755,96.9939879759519,98.19639278557113,0.6380194902517117,0.5441050350703405
44903,0,0.023652707877306525,0.14999038365836215,97.99599198396794,96.9939879759519,95.59118236472945,99.59919839679358,0.7325306590309455,0.49292713373419106
44903,1,0.12945274648914445,0.1519110978218916,93.18637274549098,59.318637274549104,85.77154308617234,95.79158316633266,0.9110932435310913,0.5747689138938722
44975,0,-0.011450683128038838,0.30786826546293183,51.703406813627254,97.39478957915831,96.79358717434869,99.19839679358718,0.6932345613953896,0.41519665030609987
44975,1,0.16589980680048055,0.2941250002816559,86.77354709418837,95.19038076152304,95.79158316633266,84.16833667334669,0.8266264839371485,0.5206317858479566
45377,0,0.18294464471253213,0.08323662512415185,99.39879759519037,99.59919839679358,100.0,99.79959919839679,0.22373950175578095,0.2869474592974156
45377,1,0.224508417755901,0.08140471579221194,95.19038076152304,98.39679358717434,99.59919839679358,96.59318637274549,0.2902470591101268,0.3493881111502606
45528,0,0.19301062755057716,0.2297301225443718,77.35470941883767,98.79759519038076,94.38877755511022,92.98597194388778,0.8541631822999384,0.48157253967133107
45528,1,0.09368902720529548,0.20760431746353944,44.48897795591182,71.14228456913828,83.16633266533067,64.92985971943888,0.9616559359347193,0.5333765792998979
45699,0,-0.05699633899281448,0.3547270106976378,50.70140280561122,74.34869739478958,60.72144288577155,93.5871743486974,0.8945066003560784,0.48213869226722383
45699,1,0.3532631327833834,0.32761995476836425,77.55511022044088,91.38276553106212,97.79559118236473,97.99599198396794,0.9350591827738888,0.5062778583220116
45952,0,0.08848846610674665,0.12134995417526266,66.53306613226452,87.97595190380761,100.0,97.59519038076152,0.8468406510712316,0.5204534927980471
45952,1,-0.10086836987129019,0.11710925576722428,15.030060120240481,75.75150300601202,96.59318637274549,86.57314629258516,0.8332926008073747,0.5220633022584698
45987,0,0.004108450607731184,0.2763992389483958,80.56112224448898,68.13627254509018,95.39078156312625,96.39278557114228,0.9379919001356322,0.6831974032136912
45987,1,-0.04113399115404674,0.28613197719995165,79.55911823647295,86.57314629258516,89.17835671342685,90.98196392785572,0.8821607100132937,0.6037909505049548
46166,0,0.29858223703549436,0.267864697812899,89.57915831663327,98.19639278557113,96.79358717434869,99.19839679358718,0.8135645986028707,0.43107575842534807
46166,1,0.17721085028713285,0.17271273839139728,93.78757515030061,90.18036072144288,97.79559118236473,98.39679358717434,0.8295323288224842,0.34795058146962754
46276,0,-0.11655051276339998,0.23982443840820264,76.55310621242485,85.57114228456913,4.408817635270541,26.252505010020037,1.049159706563189,0.5351652549902478
46276,1,-0.06896297407079585,0.42207969844874077,51.703406813627254,73.34669338677354,52.90581162324649,79.75951903807615,1.029888734932112,0.5750107292847861
46403,0,0.09572555408463064,0.12052890766443759,76.95390781563127,98.19639278557113,99.59919839679358,92.38476953907816,0.5868729504820438,0.40418151065708185
46403,1,-0.018912222371557468,0.1476011456323807,86.97394789579158,100.0,94.18837675350701,95.79158316633266,0.7402930484655286,0.6484038761542531
46524,0,-0.03137670663831984,0.42157584839125556,82.16432865731463,54.90981963927856,4.408817635270541,71.9438877755511,0.9746758327428673,0.5648506978859068
46524,1,-0.23767220252976146,0.42390632686312607,12.825651302605209,57.31462925851704,0.6012024048096193,64.12825651302605,1.0053838413267255,0.6151711773756423
46653,0,0.014892326043946929,0.03386899220267304,46.893787575150306,33.66733466933868,100.0,99.59919839679358,0.761462060640388,0.6236851578025173
46653,1,0.04444059409016632,0.036554847381716965,70.34068136272545,16.23246492985972,98.39679358717434,83.96793587174348,0.9142991378460973,0.6688506576504061
47030,0,0.10976227109423299,0.09153736187686351,58.31663326653307,66.93386773547094,10.821643286573146,90.98196392785572,1.003425490025975,0.7134595608296834
47030,1,0.1702599435890719,0.17191258692355346,40.28056112224449,56.1122244488978,98.99799599198397,94.98997995991984,0.865091626573333,0.5643350932096285
47086,0,0.23012647415891296,0.2558336283065453,88.57715430861724,89.57915831663327,65.7314629258517,67.33466933867736,0.9667864676891621,0.6554458350687291
47086,1,0.1368336499512576,0.20249003259159587,75.1503006012024,93.5871743486974,34.66933867735471,72.54509018036072,0.950662508990898,0.7033858706585769
47093,0,0.25568914660058073,0.21540564910833038,27.85571142284569,8.41683366733467,74.54909819639278,92.78557114228457,0.9482049376197444,0.6004786852023769
47093,1,-0.14806645068522228,0.20519279413918057,74.9498997995992,49.09819639278557,16.432865731462925,65.93186372745491,1.023471601482274,0.5876315173863472
47122,0,-0.0587943397198051,0.07397096010930536,99.39879759519037,95.79158316633266,99.39879759519037,98.79759519038076,0.6666330203035982,0.5112620432611252
47122,1,-0.017588299338868435,0.055617312405845165,97.39478957915831,97.99599198396794,96.79358717434869,99.59919839679358,0.6245150063167397,0.6116589771256953
47125,0,0.09379028642657024,0.2058908590588564,97.39478957915831,96.9939879759519,99.79959919839679,98.99799599198397,0.6817554782427604,0.43065206761151886
47125,1,0.11227016490680085,0.22395180610719817,86.37274549098196,95.19038076152304,95.59118236472945,95.39078156312625,0.7456231971204381,0.4241778136858878
47331,0,0.005393582273312771,0.49428958258195876,93.78757515030061,97.1943887775551,92.18436873747495,88.97795591182364,0.9452391164898754,0.49602481594344505
47331,1,0.029362222884391508,0.4433227940705401,99.59919839679358,90.38076152304609,34.86973947895792,61.72344689378757,0.9339633572411111,0.6279786818257506
47471,0,-0.050995149566006086,0.3067260340569526,86.17234468937876,99.19839679358718,88.57715430861724,96.19238476953907,0.747089266897123,0.34543998327471703
47471,1,-0.062495785924802434,0.252929026728672,95.39078156312625,96.9939879759519,92.38476953907816,98.59719438877755,0.7512572002296456,0.32298453040026187
47583,0,-0.15657932216461354,0.16918543972059585,44.48897795591182,19.03807615230461,82.56513026052104,93.78757515030061,0.8767343222240512,0.43231011850780066
47583,1,0.16640682331881976,0.14521243906839387,97.39478957915831,82.36472945891784,94.98997995991984,97.99599198396794,0.7523552142217755,0.514485193813712
47744,0,-0.32653142144530545,0.2780408753589819,55.71142284569138,84.76953907815631,99.19839679358718,98.79759519038076,0.5095498692139595,0.41953029883198656
47744,1,-0.1443318883560014,0.31783169743758366,24.448897795591183,82.16432865731463,99.19839679358718,98.19639278557113,0.6145910781984987,0.4794889844588486
47907,0,0.15419016570695085,0.22647197051756487,95.39078156312625,59.118236472945895,6.813627254509018,91.38276553106212,1.0140030567864609,0.6174962378272817
47907,1,0.19662953838646996,0.36149960920552066,54.70941883767535,70.74148296593187,91.98396793587175,98.19639278557113,0.8781821237074675,0.5474009464371413
48376,0,-0.14242765084156053,0.3536130066425532,78.3567134268537,86.97394789579158,99.39879759519037,98.79759519038076,0.7138102183495287,0.540032393749724
48376,1,-0.000786407137909812,0.34666715045166746,85.57114228456913,85.77154308617234,100.0,99.39879759519037,0.5429326838039559,0.5080503966579959
48655,0,0.22428174981688195,0.21658715870939016,70.34068136272545,64.12825651302605,98.59719438877755,87.97595190380761,0.8187096253862927,0.5359861375299368
48655,1,-0.0901235592576244,0.13797434274904613,51.302605210420836,68.5370741482966,99.19839679358718,98.79759519038076,0.7664483951176624,0.4560830804670768
48911,0,0.15588280322745302,0.13476904221432548,47.89579158316633,38.677354709418836,66.93386773547094,91.18236472945893,0.8278527359166296,0.5414743526195078
48911,1,0.2017110440202506,0.12623064781072502,14.428857715430862,64.32865731462925,85.37074148296593,64.52905811623246,0.9235939680485017,0.4708034410420673
49170,0,-0.03759845387150012,0.08972548876811803,52.30460921843687,58.91783567134269,98.99799599198397,98.59719438877755,0.7078335776908764,0.5049608268137576
49170,1,-0.003371402305146752,0.10514833200765378,94.78957915831663,97.1943887775551,96.9939879759519,98.19639278557113,0.748799353794996,0.46790988541078926
49195,0,0.07502535256590313,0.4272782293294237,99.19839679358718,98.59719438877755,98.59719438877755,99.39879759519037,0.7095916681926397,0.3579520559349345
49195,1,0.1267368309235602,0.5311340031108824,66.93386773547094,93.5871743486974,90.98196392785572,88.57715430861724,0.9540116749157256,0.5469663275084871
49256,0,-0.12393916701170335,0.2462692115750666,18.236472945891784,61.72344689378757,23.446893787575153,85.57114228456913,0.9774146542229797,0.6674717922924053
49256,1,-0.047335207848022844,0.3116820509554121,70.54108216432866,90.98196392785572,50.50100200400801,54.50901803607214,0.9875717895012452,0.6395453781613283
49315,0,-0.3871578385639189,0.18450646490249792,20.240480961923847,28.857715430861724,30.861723446893784,31.863727454909817,0.9450123094202247,0.5980411343647066
49315,1,0.03989710486010213,0.22704930855636335,35.671342685370746,62.725450901803605,82.76553106212425,36.07214428857716,0.9796870058176829,0.6028716108284486
49474,0,0.07012407667050075,0.09083364772104553,89.17835671342685,97.59519038076152,99.19839679358718,99.39879759519037,0.8114867518537462,0.5060322009117624
49474,1,0.024693192457167612,0.16035153240434968,93.78757515030061,72.54509018036072,14.829659318637276,96.39278557114228,0.9302428961308047,0.5230952968269003
49475,0,-0.1922863854281396,0.266425190635864,40.88176352705411,89.37875751503006,77.15430861723446,96.39278557114228,0.8136429810056687,0.433114919068341
49475,1,0.06622227566547428,0.23618891899861222,86.17234468937876,33.86773547094188,25.651302605210418,90.98196392785572,0.9899080237999923,0.6742649516003487
49678,0,0.3259690194217127,0.15636219768123502,100.0,99.39879759519037,97.59519038076152,51.903807615230455,0.6727281825752345,0.4471864164182997
49678,1,0.0372247900407288,0.11756067342934447,54.30861723446894,88.37675350701403,24.649298597194388,99.59919839679358,0.8129588268545572,0.348638358693502
49702,0,-0.009248022426712051,0.17176267856742042,17.034068136272545,38.07615230460922,56.51302605210421,68.7374749498998,0.9310083881274311,0.5939899934752073
49702,1,0.1825823316170873,0.2547868506662183,79.95991983967936,86.17234468937876,5.410821643286573,68.7374749498998,0.9763965353223301,0.6058670152351348
49760,0,0.20040025909482054,0.43239940193225795,87.7755511022044,85.57114228456913,97.39478957915831,99.59919839679358,0.7600485640567094,0.39061059447271007
49760,1,-0.047049972658091764,0.3953430320178396,92.38476953907816,98.19639278557113,95.19038076152304,98.59719438877755,0.8506100736798592,0.3641785326121739
50203,0,0.07725860965002466,0.2331489048339814,66.73346693386773,97.99599198396794,99.19839679358718,99.39879759519037,0.5390880537168025,0.45924992209555915
50203,1,0.060591940407944356,0.2619046152885854,36.67334669338677,92.98597194388778,95.59118236472945,95.19038076152304,0.7233715971937105,0.5203749503470484
50210,0,0.2753097322009678,0.21693589600875238,82.56513026052104,66.73346693386773,91.58316633266533,99.39879759519037,0.8437886419871248,0.4229862055157745
50210,1,0.3126969481094814,0.2468554237158411,90.5811623246493,91.78356713426854,97.1943887775551,100.0,0.7903598446811233,0.48061662040139186
50622,0,-0.23396389529321368,0.3474549043405119,11.22244488977956,74.54909819639278,74.9498997995992,98.79759519038076,0.8445918396045828,0.561046955749954
50622,1,0.16238212210570024,0.47691393895368833,94.58917835671342,99.79959919839679,97.59519038076152,98.99799599198397,0.689023601771198,0.4606597536619559
50708,0,-0.24147722241812866,0.21769517496063784,79.95991983967936,98.19639278557113,89.97995991983969,99.19839679358718,0.7922344617190447,0.3698533509389671
50708,1,0.15620635785144138,0.2425942342231051,84.5691382765531,99.19839679358718,65.7314629258517,74.34869739478958,0.9359649441909834,0.4225445531442834
50739,0,0.15627889259245423,0.19508765225012514,93.3867735470942,98.99799599198397,99.79959919839679,97.1943887775551,0.7106225808564635,0.37794656353530365
50739,1,0.14677392750624205,0.15794988159159867,96.79358717434869,99.79959919839679,97.99599198396794,97.1943887775551,0.713035549490323,0.4186434206269577
50850,0,-0.050875873293433536,0.5560834720776856,91.58316633266533,99.79959919839679,100.0,99.19839679358718,0.2641927519800489,0.2869288412792018
50850,1,-0.053856083190187636,0.5530000939322376,51.703406813627254,60.52104208416834,99.79959919839679,99.79959919839679,0.30151560063628036,0.2736832856513506
51008,0,-0.1035848637574455,0.4466861270657168,5.410821643286573,81.3627254509018,43.08617234468938,8.41683366733467,0.9639124699239034,0.6003993176293531
51008,1,-0.02007041423239108,0.4580609343203677,98.19639278557113,97.79559118236473,95.59118236472945,92.38476953907816,0.7510259326369481,0.49137434800326996
51227,0,-0.0901125087356035,0.12060185056352359,23.847695390781563,79.15831663326654,96.19238476953907,98.19639278557113,0.7159622976360628,0.47922398826132184
51227,1,-0.08036354016748684,0.1279641480402915,38.677354709418836,47.29458917835671,99.39879759519037,100.0,0.6399477593784095,0.49703193772940124
51300,0,-0.04023084071159049,0.1452095382467519,85.77154308617234,91.98396793587175,72.94589178356713,95.59118236472945,0.9243449947537447,0.6979094682740143
51300,1,0.04074232705554969,0.22710676810973215,57.71543086172345,44.48897795591182,80.96192384769539,99.79959919839679,0.8932010574578978,0.5793814267030809
51380,0,-0.18077296028041312,0.18906452064407633,1.402805611222445,16.83366733466934,13.426853707414828,64.72945891783567,0.9757173030051384,0.7180351497539957
51380,1,-0.16088416485136042,0.22273193834943775,18.236472945891784,69.73947895791584,78.55711422845691,60.120240480961925,0.9934661241451498,0.7087983572236534
51385,0,-0.24657258390108328,0.39485804154469717,41.28256513026052,71.34268537074149,97.99599198396794,94.18837675350701,0.7519466192248849,0.35353419474382586
51385,1,0.10974329600203933,0.4257467187325337,63.126252505010015,83.56713426853707,99.59919839679358,100.0,0.6641941145330896,0.3428525492247587
51436,0,-0.016611393987542366,0.05215535198093925,62.925851703406806,66.13226452905812,67.53507014028057,61.12224448897795,1.0022655030640257,0.6587657398860176
51436,1,0.049340674491845,0.049050459702715994,91.78356713426854,74.9498997995992,91.58316633266533,37.27454909819639,0.9205639799079359,0.5753025778368324
51517,0,-0.2355423373608805,0.34274919136534354,98.19639278557113,100.0,85.97194388777555,93.5871743486974,0.8379198397488273,0.6010372363340805
51517,1,0.134561029129246,0.34145429593025306,64.72945891783567,81.96392785571143,91.18236472945893,70.94188376753507,0.9542307553221308,0.6934534963848292
51688,0,0.14422339540567572,0.3382485742800976,61.12224448897795,86.37274549098196,59.719438877755515,97.59519038076152,0.9260182132268581,0.633914367242959
51688,1,-0.12780867510837318,0.32346662347100535,6.613226452905812,20.04008016032064,77.35470941883767,97.1943887775551,0.9792669286996226,0.6808418957522797
51865,0,-0.008900022611082577,0.09529674441185325,79.95991983967936,88.77755511022045,86.17234468937876,88.37675350701403,0.9121754564926573,0.5750603425261418
51865,1,-0.009775425523788297,0.09786993473159238,68.5370741482966,78.3567134268537,74.34869739478958,96.79358717434869,0.8036035658874356,0.5129920281079545
51943,0,0.10249534300307485,0.149112083934374,85.77154308617234,87.5751503006012,100.0,89.97995991983969,0.6199184216450546,0.34254237249990604
51943,1,-0.21118622676648752,0.2343716518413458,66.73346693386773,93.5871743486974,99.59919839679358,94.98997995991984,0.787287721643575,0.3825365520941403
51956,0,0.28595170808826936,0.2331207805446408,65.7314629258517,99.39879759519037,73.14629258517033,95.19038076152304,0.9656514083018506,0.49874464430816445
51956,1,-0.270263835297133,0.15149126213556705,35.07014028056113,96.59318637274549,66.33266533066133,96.19238476953907,1.0497034077940992,0.5156421394804378
51990,0,0.1734113236818702,0.0737472053048304,99.59919839679358,99.79959919839679,95.19038076152304,99.79959919839679,0.9095244562874569,0.5129251342055193
51990,1,-0.09788781920386755,0.09356476927024951,43.08617234468938,90.98196392785572,58.717434869739485,99.59919839679358,1.0300809912239608,0.5586047871523564
52228,0,-0.05159256683512436,0.587646322887132,94.38877755511022,96.9939879759519,97.59519038076152,98.39679358717434,0.3189591135575446,0.3873049043942115
52228,1,-0.05244357970799004,0.5859503824751923,97.99599198396794,96.79358717434869,98.19639278557113,98.19639278557113,0.22480028931415863,0.3413621024952872
52277,0,-0.09956632255643016,0.5567723774557763,83.76753507014027,93.18637274549098,98.39679358717434,96.79358717434869,0.39728538462569496,0.44423503776410433
52277,1,0.04751090921687718,0.5524239977107565,60.72144288577155,80.7615230460922,99.39879759519037,99.19839679358718,0.4224946866854694,0.393066833723531
52729,0,-0.09204140329471895,0.2982624728158929,60.72144288577155,95.39078156312625,85.57114228456913,59.919839679358724,1.0016050930000373,0.5364100124312653
52729,1,-0.3513260252473677,0.3555267479496797,32.86573146292585,76.35270541082164,93.5871743486974,97.99599198396794,0.8275855036532044,0.6019266548641915
52733,0,0.10217921393924138,0.2881921767695763,98.79759519038076,92.38476953907816,95.59118236472945,29.458917835671343,0.8951622443489414,0.6655544692321234
52733,1,0.10635813124940363,0.3713019358997155,99.59919839679358,94.98997995991984,94.38877755511022,86.17234468937876,0.9114741398471117,0.631397881903049
52803,0,-0.06119138827820041,0.08853445134452526,95.59118236472945,96.79358717434869,90.18036072144288,77.15430861723446,0.9103179352068049,0.48724121590171887
52803,1,-0.019899948728520928,0.19695413566860986,30.66132264529058,55.71142284569138,19.438877755511022,22.645290581162325,1.0183542197535824,0.658224085074
52927,0,0.19073386869479703,0.086772477601718,55.71142284569138,82.36472945891784,98.99799599198397,100.0,0.7233211972391431,0.47903628353706884
52927,1,0.14050998170292472,0.08506116790607579,90.18036072144288,82.56513026052104,100.0,100.0,0.7899357892151919,0.47785003326162245
53445,0,0.0648040531489574,0.10511555772097782,98.59719438877755,99.59919839679358,81.76352705410822,93.9879759519038,0.9171364435777679,0.6432156614974602
53445,1,0.21320095766134745,0.08726026036460299,93.9879759519038,96.9939879759519,99.79959919839679,99.79959919839679,0.7832820463523672,0.6321632416034111
53659,0,0.21539393731800835,0.5437306852082179,100.0,99.59919839679358,80.7615230460922,98.79759519038076,0.8158625207243319,0.44477236917219687
53659,1,0.6678247479583893,0.5328913654600564,99.19839679358718,100.0,94.18837675350701,96.79358717434869,0.8478363504984132,0.3856558095193692
53729,0,-0.3117539059052289,0.2618343466972461,99.79959919839679,100.0,100.0,99.79959919839679,0.2518672893932823,0.21551584236529198
53729,1,0.053695383786650466,0.32542106333944987,19.839679358717436,66.73346693386773,72.34468937875751,42.48496993987976,0.9862061316421229,0.7978143031032855
53974,0,0.3563791396959386,0.4664075512415324,85.57114228456913,99.19839679358718,99.59919839679358,97.99599198396794,0.7065582873040175,0.49291920624349916
53974,1,0.4537886011897116,0.42190094167566555,71.14228456913828,58.116232464929865,97.99599198396794,95.59118236472945,0.768925503914171,0.5535471890134291
54054,0,-0.013549865593714084,0.2409381036062247,44.28857715430862,74.9498997995992,96.59318637274549,47.69539078156313,0.9991542521760233,0.42092186229946194
54054,1,0.08936823769701593,0.2520893738394346,43.28657314629258,99.19839679358718,87.97595190380761,96.79358717434869,0.9489408516937514,0.5538455734494282
54099,0,-0.18728220049267036,0.16116767642472452,99.79959919839679,99.59919839679358,99.59919839679358,99.39879759519037,0.44756788886893506,0.3537136174138543
54099,1,0.046325278129075206,0.19631891448391492,98.59719438877755,96.59318637274549,92.38476953907816,80.56112224448898,0.875838902509817,0.45573274279645204
54250,0,-0.06120671702563712,0.25258869832441666,31.062124248496993,64.32865731462925,100.0,100.0,0.6341228235565839,0.3489794935705246
54250,1,-0.01025499601233959,0.28660083763768546,48.69739478957916,92.58517034068137,95.79158316633266,95.99198396793587,0.7928885963353818,0.4934518785709847
54336,0,0.18233782232667858,0.13129871630907383,96.9939879759519,89.97995991983969,38.476953907815634,87.97595190380761,0.9034926150104421,0.5873974512204728
54336,1,0.08368749224495381,0.12240263916538786,92.78557114228457,96.59318637274549,98.39679358717434,98.99799599198397,0.6823754083676252,0.35778424086503113
54681,0,-0.09513305929173461,0.21831951946994588,78.95791583166333,93.9879759519038,99.19839679358718,99.39879759519037,0.46524622566885265,0.37548188252063186
54681,1,-0.04721400955022598,0.3128235315667395,83.76753507014027,88.77755511022045,93.18637274549098,96.19238476953907,0.9187406438903257,0.45715006883289655
55202,0,0.18604399560143142,0.18359051721709585,97.59519038076152,98.59719438877755,96.79358717434869,97.1943887775551,0.9096518981753392,0.5472063263989119
55202,1,0.18667017671444427,0.19828369163438567,97.1943887775551,92.78557114228457,95.59118236472945,94.98997995991984,0.8372213692451411,0.5444060956992729
55501,0,0.08366500123660461,0.5815130561223704,98.19639278557113,98.59719438877755,95.99198396793587,97.1943887775551,0.7827936953082049,0.3432932896294896
55501,1,0.16794415798101686,0.4318315309649391,46.6933867735471,91.38276553106212,97.1943887775551,86.37274549098196,0.7963588838292525,0.31882958493872804
55597,0,0.2641380662020318,0.4743940598477714,95.79158316633266,94.38877755511022,98.79759519038076,100.0,0.44613797842289515,0.2729625029711451
55597,1,0.23487288800485973,0.4612746669895499,77.9559118236473,90.5811623246493,94.98997995991984,96.59318637274549,0.5649544370372317,0.29117070940751055
55741,0,0.23811391385701142,0.44060441379266846,61.923847695390776,73.54709418837675,98.79759519038076,84.3687374749499,0.8720007983246363,0.43578275392919674
55741,1,0.2502635255515283,0.41498883651602336,91.38276553106212,81.96392785571143,96.39278557114228,78.3567134268537,0.8367138388372839,0.435408589531589
55808,0,-0.06234582957106247,0.4272792402236456,56.312625250501,80.36072144288578,30.26052104208417,83.96793587174348,1.0239323348086316,0.5255679968374173
55808,1,0.17482403844240152,0.3888786625204047,81.76352705410822,99.19839679358718,97.59519038076152,90.38076152304609,0.7584459821855795,0.31877207817522357
55876,0,0.21113203984297274,0.20966801298124624,100.0,99.79959919839679,96.39278557114228,89.97995991983969,0.8865773678929155,0.4237780044083084
55876,1,0.11136758145941236,0.23396760992585722,100.0,95.19038076152304,95.79158316633266,59.118236472945895,0.8850329377097057,0.4475657654803874
55878,0,0.08132067077667339,0.49708973712787047,94.58917835671342,93.5871743486974,15.030060120240481,99.79959919839679,0.9722230204876938,0.47903300650524905
55878,1,0.12311572548747883,0.468927066147691,96.59318637274549,100.0,46.6933867735471,100.0,0.9806005051801479,0.5689936130578083
56047,0,-0.05950047787146897,0.406076381943117,98.99799599198397,95.19038076152304,100.0,93.3867735470942,0.5119617974660602,0.2581577183781065
56047,1,0.041011556645688216,0.4474212582532311,93.18637274549098,97.99599198396794,100.0,97.59519038076152,0.4550622883793113,0.36022788913796777
56131,0,0.04814678205963642,0.15529636365937863,76.75350701402806,99.39879759519037,94.78957915831663,0.0,0.9067098452322351,0.7219122512940057
56131,1,-0.03578413030609469,0.15547368688206806,85.57114228456913,98.79759519038076,94.58917835671342,93.5871743486974,0.8577254124166991,0.5151324231674503
56162,0,0.0615364760460185,0.2561021311378823,80.16032064128257,79.15831663326654,99.79959919839679,98.79759519038076,0.710477030982392,0.3378081661251199
56162,1,0.10787226639800106,0.232384968458695,89.17835671342685,98.19639278557113,98.39679358717434,99.79959919839679,0.7589684553522724,0.4017928966600458
56272,0,0.32640359759224324,0.14614808032488485,27.054108216432866,89.17835671342685,63.126252505010015,90.18036072144288,0.8106087616417406,0.4882375772374069
56272,1,0.29072333551229645,0.15309602706240255,46.09218436873748,66.33266533066133,75.55110220440882,50.1002004008016,0.9564576071221886,0.4277167257415284
56496,0,-0.04846572109563524,0.1475265018115918,99.39879759519037,96.79358717434869,97.59519038076152,97.59519038076152,0.7946296289298067,0.5188844046615798
56496,1,-0.109137607777533,0.13014860800791483,66.53306613226452,69.13827655310621,87.374749498998,54.10821643286573,0.9643949111384453,0.5803080420956674
56554,0,-0.08937061307474403,0.2959400336112626,77.35470941883767,87.5751503006012,87.5751503006012,89.97995991983969,0.8722729863720082,0.3310045889612241
56554,1,0.07199149034058626,0.3171183230101608,95.99198396793587,98.19639278557113,99.19839679358718,93.78757515030061,0.5972411034989622,0.29000240080183304
56629,0,-0.11104839381945328,0.45939489586209903,2.004008016032064,75.75150300601202,34.86973947895792,78.3567134268537,0.9604820696942064,0.5422124326737785
56629,1,0.4316073634136911,0.47475086333291766,84.3687374749499,80.96192384769539,82.36472945891784,55.91182364729459,0.9239228832474444,0.4113939763459926
56651,0,0.06092949788902494,0.30951958936820456,83.76753507014027,96.59318637274549,78.3567134268537,94.58917835671342,0.9193152210782092,0.47159677843918146
56651,1,-0.21000796752821532,0.20248964411283618,82.56513026052104,93.78757515030061,65.93186372745491,95.19038076152304,1.0125760312496492,0.5321708384354488
56698,0,-0.04508691530142097,0.10189321044011167,86.57314629258516,76.95390781563127,96.79358717434869,97.39478957915831,0.975708720313855,0.6187698570496838
56698,1,-0.06848969995296546,0.0763920983387491,65.7314629258517,75.1503006012024,96.9939879759519,98.99799599198397,0.9320230689400628,0.5369920658435642
56873,0,0.11241216207910704,0.11248930452399215,96.19238476953907,99.39879759519037,94.78957915831663,12.625250501002002,0.97738130511236,0.6041943617268797
56873,1,-0.11757555844296251,0.10463608396886409,59.118236472945895,91.98396793587175,94.18837675350701,19.438877755511022,0.9603757317119135,0.597400643934933
56963,0,0.02065042988765116,0.42620862693576783,78.15631262525051,82.56513026052104,66.73346693386773,74.54909819639278,0.9945622865859703,0.624203402994413
56963,1,0.5382637119858058,0.6083211467360535,96.9939879759519,96.39278557114228,77.75551102204409,88.57715430861724,0.8910911741646862,0.693801065235897
57114,0,0.21989720770938628,0.35760782809304165,83.36673346693387,72.74549098196393,98.99799599198397,93.18637274549098,0.9338615066159726,0.5973604798295769
57114,1,-0.05386461960110738,0.45523075517043216,22.84569138276553,33.86773547094188,53.707414829659314,90.78156312625251,1.001161876918765,0.6170216673394291
57244,0,-0.009611729669824903,0.2803741111848405,17.43486973947896,59.919839679358724,95.79158316633266,97.39478957915831,0.8336497983725657,0.6785793966641447
57244,1,0.20877213510543974,0.2700027695159345,98.59719438877755,98.79759519038076,97.79559118236473,97.79559118236473,0.6986610376441577,0.48418969596564865
57830,0,0.02853676949806664,0.27359992932512783,51.503006012024045,74.54909819639278,21.24248496993988,96.79358717434869,0.9742734584624946,0.6806820058611462
57830,1,0.01232203775433842,0.22761344738219416,82.96593186372746,79.75951903807615,8.41683366733467,83.36673346693387,1.0045562615476222,0.7332066946032223
57994,0,0.21626428643355344,0.4570968821484833,49.09819639278557,70.14028056112225,37.87575150300601,44.48897795591182,1.0075577949516017,0.5242117958214848
57994,1,-0.013577255957526835,0.4784171795087675,35.07014028056113,78.95791583166333,7.214428857715431,90.18036072144288,1.0303254775485633,0.5745228404868963
58004,0,0.004863359615844834,0.6295242786841799,90.98196392785572,97.99599198396794,98.19639278557113,98.99799599198397,0.7407247359270371,0.42218318389896936
58004,1,-0.5398907885929689,0.6866413371985285,90.5811623246493,92.78557114228457,96.59318637274549,95.59118236472945,0.837866527650894,0.47869718183906074
58157,0,0.02055638678137181,0.34346108778463075,53.3066132264529,45.09018036072144,96.19238476953907,77.15430861723446,0.8535097050871121,0.44833985709483426
58157,1,-0.016807017382999292,0.2215748955825911,65.7314629258517,86.37274549098196,97.99599198396794,96.79358717434869,0.9181815438740185,0.5280564191899165
58169,0,-0.12540514874790787,0.3165289026434829,67.13426853707415,98.59719438877755,97.1943887775551,94.98997995991984,0.7528853829013463,0.4403167883601675
58169,1,0.15463422565364515,0.35034506117014547,76.95390781563127,77.9559118236473,86.37274549098196,97.99599198396794,0.7825197154972687,0.43532082876046063
58252,0,-0.020003505735076452,0.5471088005407445,59.118236472945895,73.14629258517033,84.3687374749499,97.39478957915831,0.9988260459971565,0.6846555521878226
58252,1,-0.12219560797696302,0.5118217887296264,85.77154308617234,97.99599198396794,31.062124248496993,88.37675350701403,0.925362253637272,0.5212456438880858
58341,0,-0.09312822900443458,0.2307118589083886,42.68537074148296,23.446893787575153,71.14228456913828,49.899799599198396,1.0176611495183467,0.6395630084342885
58341,1,0.08305310623926099,0.2905947917168015,61.12224448897795,58.717434869739485,18.837675350701403,99.79959919839679,1.0143829623193557,0.5862782825791224
58458,0,0.13568551490418576,0.2463451878997532,79.95991983967936,99.19839679358718,78.95791583166333,93.18637274549098,0.9539420071903164,0.643234318696148
58458,1,-0.08110012915995601,0.1801603562012162,49.899799599198396,96.39278557114228,49.899799599198396,92.78557114228457,0.9769002340894561,0.6513067002892745
58572,0,0.42443059460592525,0.2266016138441887,97.1943887775551,100.0,99.19839679358718,98.99799599198397,0.8596370432230833,0.5445852613507831
58572,1,0.2939711181083655,0.2281150120528133,99.39879759519037,99.39879759519037,81.96392785571143,84.96993987975952,0.9442005055253916,0.5890492313418718
58835,0,-0.15517641485121944,0.19407849255242204,56.51302605210421,73.74749498997996,99.19839679358718,95.19038076152304,0.6612170617560136,0.36770027937196037
58835,1,-0.1641822851819814,0.17203967195790887,81.56312625250501,97.59519038076152,99.59919839679358,94.38877755511022,0.750149533878581,0.3381455355756855
58977,0,-0.011151432069197876,0.3396727896460081,81.3627254509018,37.675350701402806,54.10821643286573,18.837675350701403,0.9627935555087614,0.657047748170571
58977,1,0.010176843620520425,0.23278750831282127,71.34268537074149,39.478957915831664,36.87374749498998,57.11422845691383,0.9777371875472118,0.6638241238913634
58988,0,0.021740654116132473,0.2637287303568569,30.26052104208417,77.75551102204409,60.320641282565134,51.503006012024045,1.0123002597812625,0.6114842113927967
58988,1,0.28766382906421184,0.46920175055561597,91.18236472945893,92.18436873747495,99.39879759519037,95.99198396793587,0.7324297708801614,0.3215693846068013
59101,0,-0.06387904562589225,0.08655544046716121,100.0,99.79959919839679,100.0,99.79959919839679,0.5240843036919243,0.35739997564041626
59101,1,0.21453417863241306,0.12349085706785971,99.59919839679358,100.0,99.79959919839679,99.19839679358718,0.6454055097519187,0.4596531226840296
59177,0,0.17218009716438137,0.26096615323345446,75.75150300601202,59.519038076152306,97.99599198396794,97.1943887775551,0.8289839107043637,0.49401437535075976
59177,1,0.0030992169315462747,0.22287193210178202,31.062124248496993,41.08216432865731,71.14228456913828,97.39478957915831,0.9119533946382835,0.49864080050369675
59183,0,-0.09217617101244514,0.4006124210307433,89.17835671342685,83.96793587174348,93.5871743486974,95.59118236472945,0.8244225314074992,0.4760423217943419
59183,1,-0.06945521717510598,0.3192935728824202,17.43486973947896,92.78557114228457,97.1943887775551,100.0,0.6168466578565697,0.42903577722456065
59219,0,0.23537394471554998,0.8571073157748754,93.78757515030061,100.0,96.59318637274549,85.97194388777555,0.7421540551478454,0.3400205107651679
59219,1,-0.019230071706524514,0.8764315005495986,91.78356713426854,84.16833667334669,60.72144288577155,62.32464929859719,1.0262517806490887,0.44648210102251407
59293,0,0.21898536926136106,0.5777879585844389,95.39078156312625,99.39879759519037,100.0,97.79559118236473,0.3669176843198457,0.3416595136632806
59293,1,0.20717801785256393,0.6149539808367174,84.16833667334669,95.59118236472945,98.99799599198397,99.39879759519037,0.3727982928998458,0.22085820893808095
59464,0,-0.08702427177289643,0.13480079961592453,74.9498997995992,76.75350701402806,93.78757515030061,99.79959919839679,0.7465534616479352,0.4743434674793958
59464,1,-0.03111602454010196,0.17889671458686088,23.847695390781563,8.817635270541082,55.11022044088176,19.839679358717436,1.0717131472578254,0.5305162478890151
59470,0,-0.031333549552699506,0.16582095860273666,97.99599198396794,72.34468937875751,84.16833667334669,93.18637274549098,0.8558547012355399,0.5293492993359684
59470,1,-0.21217820020691533,0.20213244382682194,39.67935871743487,35.87174348697395,98.39679358717434,98.59719438877755,0.9019479064118029,0.5582927243822358
59508,0,0.13709286509426008,0.5243128783003734,95.59118236472945,99.79959919839679,84.96993987975952,97.39478957915831,0.7686931849711752,0.3421627725011074
59508,1,0.176592088067144,0.5367159459701402,34.66933867735471,97.99599198396794,94.18837675350701,98.19639278557113,0.6475427090323449,0.34803703628105787
59838,0,-0.08113008212096227,0.13546987689270876,32.06412825651302,7.8156312625250495,62.32464929859719,11.022044088176353,0.9814059965445391,0.6275428010228272
59838,1,-0.16141559345229553,0.11068901100822408,59.719438877755515,81.56312625250501,11.823647294589177,38.877755511022045,0.9716931871055832,0.628378078584451
59905,0,0.004219767872942335,0.24047026072201086,89.97995991983969,96.59318637274549,91.58316633266533,42.08416833667334,0.8311251239752511,0.32807320005372553
59905,1,0.13921412022673083,0.27017151361327935,84.76953907815631,79.75951903807615,87.17434869739479,31.863727454909817,0.801525062572421,0.28209968805263175
60063,0,0.02426443078077402,0.2508012345482521,91.38276553106212,98.79759519038076,95.99198396793587,98.39679358717434,0.9419199345362268,0.6082174669715346
60063,1,0.1811253100738888,0.30778647713152385,100.0,100.0,97.99599198396794,96.39278557114228,0.8733560077110732,0.5763598464172768
60496,0,0.013011816309607405,0.36842769853738483,98.59719438877755,96.19238476953907,53.707414829659314,85.57114228456913,0.9274460784230429,0.48021919496029875
60496,1,-0.00032756570691778027,0.25073949944567936,76.95390781563127,63.326653306613224,99.59919839679358,94.58917835671342,0.748621473632928,0.46376898318900095
60707,0,0.16664353900063295,0.23805010503317853,93.18637274549098,89.37875751503006,54.30861723446894,54.10821643286573,1.000013966412247,0.5877822479506006
60707,1,-0.03963231250027425,0.21676298235520178,78.75751503006012,92.38476953907816,68.33667334669339,43.08617234468938,0.9104858750171285,0.5110396024846291
60784,0,0.2568049441189383,0.39501918362504135,89.37875751503006,100.0,99.79959919839679,100.0,0.4451217835646354,0.2611276847887659
60784,1,-0.049015627756850186,0.28513719134779014,74.14829659318637,100.0,99.79959919839679,98.99799599198397,0.3762245436134015,0.27104761323140536
60932,0,0.04000901960279209,0.459747950294771,95.19038076152304,96.59318637274549,94.98997995991984,98.99799599198397,0.6686044590963971,0.4323374882315193
60932,1,0.055894648633725785,0.5403311893381506,100.0,100.0,92.18436873747495,92.98597194388778,0.8936037863158242,0.5781597843478075
61327,0,-0.010042798084547177,0.303553020461802,34.66933867735471,50.300601202404806,96.59318637274549,95.99198396793587,0.49174389745931113,0.4931808644558835
61327,1,-0.07058606819817359,0.18576393377115583,7.214428857715431,50.50100200400801,51.903807615230455,83.36673346693387,0.9295214602935624,0.7069187879149126
61653,0,-0.16521925117494438,0.15927377651118887,85.77154308617234,96.9939879759519,98.79759519038076,94.58917835671342,0.6856156095901955,0.42789047504205224
61653,1,-0.15600485395120559,0.15516027629125922,59.318637274549104,84.5691382765531,96.79358717434869,14.02805611222445,0.898371376254149,0.4797979519843767
61683,0,0.03830841435801417,0.5412380253643807,99.59919839679358,96.59318637274549,95.79158316633266,96.39278557114228,0.8957697934026175,0.5351189286998475
61683,1,0.3263999574630204,0.5158066228933683,86.17234468937876,86.57314629258516,100.0,100.0,0.7491580003537748,0.41530808954328213
61701,0,0.09183779919784042,0.1575814946965437,58.717434869739485,59.919839679358724,63.92785571142284,6.613226452905812,1.0075835212573423,0.6468051075734298
61701,1,-0.016876170108576664,0.13634038965871034,99.59919839679358,98.59719438877755,5.01002004008016,78.3567134268537,1.0177186250735344,0.6016036130829654
61868,0,0.08535344566466627,0.2185824809555927,91.78356713426854,98.59719438877755,91.38276553106212,93.5871743486974,0.9213545613084169,0.4914247453022924
61868,1,-0.005956260694656826,0.20158709808918954,51.302605210420836,89.57915831663327,94.78957915831663,93.78757515030061,0.8930143833277125,0.6195587944240241
61878,0,-0.10928322959707017,0.44626711607246394,86.37274549098196,94.78957915831663,100.0,96.9939879759519,0.7125585716202703,0.2956315246044017
61878,1,-0.04291663107811898,0.4549224006254572,66.53306613226452,94.38877755511022,100.0,98.99799599198397,0.7298657059733129,0.30300931628165584
62117,0,0.5051121931648097,0.533713920593774,97.39478957915831,94.78957915831663,29.659318637274552,80.96192384769539,0.9634463316630553,0.6409333524852048
62117,1,0.12710831001969114,0.5161771775542752,95.99198396793587,100.0,30.66132264529058,68.93787575150301,0.9776797110395536,0.5971916431127167
62587,0,0.30886000535306,0.2952174164542312,100.0,100.0,97.39478957915831,96.39278557114228,0.846328056821724,0.41504892470806
62587,1,0.4370365222340969,0.28564983775546154,84.76953907815631,98.99799599198397,97.79559118236473,98.99799599198397,0.8302473035783382,0.3841518773623447
62627,0,0.3687449432125851,0.2820375073088112,78.15631262525051,96.9939879759519,99.79959919839679,95.79158316633266,0.5908058603446992,0.47014758178836613
62627,1,-0.04715481086779511,0.20826853720710803,64.72945891783567,57.31462925851704,61.32264529058116,39.078156312625254,0.9980855687899889,0.6234530637454321
63062,0,-0.03990448397760794,0.4265101696888417,38.677354709418836,62.124248496993985,99.39879759519037,96.9939879759519,0.7694434381687318,0.4910111913945433
63062,1,0.0058126856945266364,0.35858877373551684,20.440881763527056,21.442885771543086,100.0,100.0,0.6490085963194925,0.35536925427957033
63247,0,0.7525802070758125,0.5208921581195204,99.39879759519037,100.0,99.79959919839679,74.34869739478958,0.7724275465245389,0.2606763413851334
63247,1,0.7210041004977376,0.4861802899345067,94.18837675350701,98.79759519038076,98.79759519038076,57.31462925851704,0.7364211089564586,0.33149721783715624
63837,0,-0.08523812249561159,0.21370673315378408,76.95390781563127,84.16833667334669,20.440881763527056,38.07615230460922,0.9784171054280983,0.516754814932376
63837,1,-0.15964733438069992,0.19353451282215983,31.863727454909817,51.302605210420836,76.15230460921843,81.76352705410822,0.9624539733103649,0.6238586578168239
63869,0,0.09301876874058637,0.14795815572859544,99.39879759519037,93.3867735470942,62.525050100200396,82.36472945891784,0.9100297881330651,0.7606137476902236
63869,1,0.06638125841083793,0.1516341280236241,98.59719438877755,97.59519038076152,58.116232464929865,21.24248496993988,0.865627387538429,0.7342421102804875
64050,0,0.5836760380111173,0.46614934419295545,93.18637274549098,98.39679358717434,74.34869739478958,78.55711422845691,0.9685805532397965,0.5448003133270842
64050,1,0.07140163827692131,0.4741539504777778,98.19639278557113,94.98997995991984,32.46492985971944,66.13226452905812,0.9470293618929492,0.509743093729738
64148,0,0.16653480104528398,0.2635934886596967,31.863727454909817,94.38877755511022,49.09819639278557,85.77154308617234,0.9641062479809159,0.5704711060788741
64148,1,0.08779007943052226,0.23812093702542403,84.96993987975952,42.88577154308617,81.56312625250501,77.9559118236473,0.9961203351833615,0.6202575588091517
64195,0,0.18171933740156246,0.1998536973483524,93.18637274549098,74.9498997995992,9.01803607214429,46.292585170340686,1.0428639664232655,0.5482973670703546
64195,1,-0.17184516660421117,0.2556665491475064,22.84569138276553,40.6813627254509,84.16833667334669,86.77354709418837,0.9680065509454823,0.5497588531495214
64262,0,0.14359203091867873,0.19999255076935998,23.04609218436874,80.16032064128257,96.59318637274549,94.38877755511022,0.9350678595742696,0.5332363585155486
64262,1,-0.022842980102801374,0.16195254802483713,61.72344689378757,85.57114228456913,37.675350701402806,10.02004008016032,1.017303262952888,0.7035484048562359
64417,0,-0.32871698386427983,0.3557934881781606,33.06613226452906,86.17234468937876,99.79959919839679,98.79759519038076,0.8097210083152214,0.43079458512848623
64417,1,-0.10525485270601206,0.35474827052718605,10.62124248496994,93.78757515030061,100.0,91.38276553106212,0.7464068070036387,0.3519712750969365
64547,0,0.041256331768861364,0.16222407176017056,93.18637274549098,92.58517034068137,99.39879759519037,89.17835671342685,0.8049239040575326,0.490910446252114
64547,1,0.0583219856204251,0.18462823694531316,48.296593186372746,81.96392785571143,96.39278557114228,33.46693386773547,0.9494590141358953,0.5096822349842283
64783,0,0.19242514102359207,0.3292689341375773,88.77755511022045,82.56513026052104,21.64328657314629,99.19839679358718,0.8929611520799254,0.5363885053768921
64783,1,0.4672647872545477,0.38236399568090745,77.9559118236473,54.70941883767535,35.07014028056113,61.32264529058116,0.9759773860989098,0.6813616022689437
64851,0,0.12008442168553975,0.19843661537886792,94.38877755511022,95.79158316633266,99.19839679358718,98.19639278557113,0.8635196765161083,0.662462237194563
64851,1,-0.05758230064392496,0.32529327149745557,38.677354709418836,92.78557114228457,71.9438877755511,95.79158316633266,0.9057384016867535,0.6452021537547925
64925,0,-0.004696159733057444,0.08686349533406613,96.79358717434869,100.0,99.39879759519037,66.53306613226452,0.8071330132284505,0.49734231868819523
64925,1,-0.14978818097377775,0.06330126320587645,91.18236472945893,69.73947895791584,73.34669338677354,97.59519038076152,1.0026159473343081,0.5643916229644016
65218,0,0.10790542814327393,0.15600101177894818,7.8156312625250495,78.3567134268537,24.248496993987974,44.28857715430862,1.0137345602078576,0.6010854599325799
65218,1,-0.22489751873702357,0.15581379205834456,63.52705410821643,90.98196392785572,88.97795591182364,82.36472945891784,0.9096135386752864,0.5547069127332864
65340,0,0.4594322147269624,0.3582608122518541,85.37074148296593,93.5871743486974,90.78156312625251,86.37274549098196,0.7893476571435412,0.45728220330431024
65340,1,0.031947010094492856,0.37415335994258525,85.97194388777555,96.39278557114228,76.35270541082164,70.14028056112225,1.0034083050962208,0.535438318219505
65348,0,0.04257551897425637,0.1890093068952203,97.59519038076152,94.18837675350701,98.99799599198397,98.79759519038076,0.773457756180502,0.5027881434629768
65348,1,-0.13536877500963226,0.1862164835490884,63.727454909819635,89.77955911823648,99.59919839679358,98.19639278557113,0.8134596358294212,0.5263973882295394
65417,0,-0.24693880658140893,0.18291218888852995,55.31062124248497,88.37675350701403,82.96593186372746,49.899799599198396,0.8835637969847435,0.46963338087212725
65417,1,-0.12746835808652549,0.19157349364784748,86.57314629258516,83.36673346693387,60.72144288577155,98.59719438877755,1.0171630676944323,0.6175975259427
65553,0,0.6066853261186255,0.47054474451031497,100.0,98.79759519038076,73.74749498997996,80.96192384769539,0.9140820228778098,0.38422131955077043
65553,1,-0.08223968901179783,0.4485645387116378,99.59919839679358,97.79559118236473,70.14028056112225,58.91783567134269,0.9346273088776709,0.38908450292274877
65609,0,0.24742116425345378,0.267276622422675,66.33266533066133,97.99599198396794,70.54108216432866,94.58917835671342,0.9756842147440028,0.5754525741714878
65609,1,-0.1741862554244475,0.282043605914945,4.208416833667335,25.450901803607213,85.57114228456913,92.18436873747495,0.9596895331403008,0.5594828564383575
65690,0,-0.018991070309426705,0.42514630928905434,76.15230460921843,88.57715430861724,97.39478957915831,79.75951903807615,0.8995069519315717,0.4523390541720842
65690,1,0.016510265665156225,0.4307011171851556,90.98196392785572,94.98997995991984,89.57915831663327,79.95991983967936,0.7942429120084599,0.4702622264683318
65878,0,0.015901543713540224,0.09554553519317456,11.22244488977956,8.216432865731463,27.655310621242485,64.32865731462925,0.964466535961313,0.6242881677325824
65878,1,0.10364322001505916,0.1048370807252066,7.8156312625250495,20.240480961923847,23.647294589178355,43.687374749499,0.9670694792989465,0.6449622922359357
66058,0,0.0633830423570717,0.2797061927883876,65.13026052104209,90.38076152304609,72.74549098196393,84.76953907815631,0.9364867400285215,0.4474649656477294
66058,1,0.07428442231009853,0.24319796825398732,98.79759519038076,93.18637274549098,28.45691382765531,71.7434869739479,0.9158658352206854,0.47920472200736675
66209,0,-0.17393978108565938,0.33177912837076573,23.246492985971944,96.39278557114228,57.31462925851704,91.58316633266533,0.9284691326250392,0.5251476981003328
66209,1,-0.041573874915185716,0.3154279084369719,58.91783567134269,49.09819639278557,34.46893787575151,86.37274549098196,0.9643842010001165,0.5090410917907882
66269,0,-0.011145743417528388,0.19937424607873447,73.34669338677354,77.15430861723446,28.45691382765531,85.57114228456913,1.0506898582144795,0.572254427832523
66269,1,0.09251067859819136,0.2245026572727737,26.052104208416832,75.55110220440882,11.422845691382765,95.79158316633266,0.968489266165472,0.6748517410787921
66437,0,0.1320404085172977,0.19836876577604734,57.51503006012024,99.59919839679358,83.76753507014027,83.76753507014027,0.9370454890155958,0.6162375580779179
66437,1,0.07092507320637109,0.2207059600880343,27.25450901803607,72.54509018036072,87.17434869739479,59.719438877755515,0.9899469840006576,0.5461453690201409
66512,0,-0.17396793446622708,0.2382018240429588,68.5370741482966,100.0,56.1122244488978,96.39278557114228,0.9158692208984993,0.48600586124289935
66512,1,0.2599652639995465,0.3019074836510118,81.3627254509018,72.94589178356713,2.004008016032064,89.37875751503006,0.9480931863127238,0.547764147464497
66559,0,0.02150312925608851,0.4370724511423262,29.659318637274552,79.95991983967936,99.59919839679358,98.39679358717434,0.6878943082916001,0.4367086108811985
66559,1,-0.050274129944567224,0.33864329918410147,82.76553106212425,12.825651302605209,73.14629258517033,98.59719438877755,0.851788777664076,0.5966105644578494
66875,0,-0.15856872499377012,0.19219177201399296,99.79959919839679,99.19839679358718,98.79759519038076,96.59318637274549,0.5889284289920449,0.2665809461852101
66875,1,0.01066751647451566,0.23464488895206914,98.59719438877755,97.1943887775551,97.79559118236473,99.19839679358718,0.7891452189195617,0.2581994670796032
67261,0,-0.05304136737738339,0.21480987230859547,96.79358717434869,96.9939879759519,98.59719438877755,74.14829659318637,0.8298000762983389,0.42811031825051216
67261,1,0.17185768428442325,0.24261154221769254,43.48697394789579,51.503006012024045,19.639278557114228,57.31462925851704,1.0208072570886195,0.6138691154084297
67281,0,0.07820111409330506,0.3000820759042551,66.33266533066133,97.79559118236473,98.19639278557113,89.57915831663327,1.013204404065822,0.3767510418883381
67281,1,0.2433354514393685,0.33546817655895156,85.77154308617234,87.97595190380761,96.19238476953907,90.38076152304609,0.8976331294523281,0.4040646005440639
67361,0,-0.11065082956345713,0.17032741056536946,27.054108216432866,31.663326653306612,85.37074148296593,74.14829659318637,0.8947549218056837,0.6495653792122584
67361,1,0.013688433318676745,0.24170190690257828,94.18837675350701,98.39679358717434,93.9879759519038,99.19839679358718,0.717543647701417,0.5025053100647914
67444,0,0.02315656246543518,0.0941738821104139,86.37274549098196,95.99198396793587,36.87374749498998,67.93587174348697,0.9238643429817471,0.49289895331568134
67444,1,0.006469654572944716,0.08257180995180992,87.7755511022044,99.39879759519037,97.79559118236473,95.39078156312625,0.9142710677029908,0.4283795010031466
67673,0,-0.04308420592805991,0.22981594746963374,74.54909819639278,44.48897795591182,1.402805611222445,79.15831663326654,0.9831280833263725,0.7092427117811955
67673,1,-0.11399937247016934,0.20796745916294218,83.36673346693387,62.32464929859719,78.15631262525051,92.18436873747495,0.8921140293282498,0.6380910885538269
67708,0,0.2728322144565123,0.16981256130935293,91.18236472945893,99.39879759519037,94.18837675350701,96.39278557114228,0.9124258425980998,0.4898670779632994
67708,1,0.4209978093172552,0.4867601897416978,99.19839679358718,99.19839679358718,99.39879759519037,39.278557114228455,0.9015345512699586,0.49944036683502935
67899,0,-0.016371957892763956,0.3158987235828367,92.78557114228457,90.98196392785572,98.39679358717434,95.99198396793587,0.7177169108944819,0.33027169728651196
67899,1,0.09987685131104276,0.2300045863172923,87.7755511022044,95.79158316633266,96.39278557114228,21.64328657314629,0.8465922354166979,0.4599300370574174
68121,0,0.11188570364441207,0.37525437751523005,22.24448897795591,89.17835671342685,99.39879759519037,99.19839679358718,0.765783240071392,0.33950411023321314
68121,1,-0.1684300257789699,0.3494639128321312,39.478957915831664,92.58517034068137,97.39478957915831,100.0,0.7565192129911246,0.39437045379446056
68127,0,0.09181133059230875,0.3111930968118201,97.79559118236473,100.0,98.19639278557113,99.19839679358718,0.7232563566241429,0.48457125487028163
68127,1,0.14173808733445611,0.3040325900951402,13.226452905811623,18.637274549098194,97.59519038076152,99.19839679358718,0.8225854558206344,0.49108472886336985
68173,0,0.05478753599424037,0.3254757660206162,87.97595190380761,92.78557114228457,98.59719438877755,45.09018036072144,0.6812582613618956,0.5199253245340447
68173,1,0.09417553817073933,0.25294762880428434,98.59719438877755,98.59719438877755,97.1943887775551,20.240480961923847,0.6838829546209113,0.5208477280126489
68193,0,-0.055495787579363326,0.36738812868413473,15.831663326653306,34.2685370741483,97.79559118236473,97.59519038076152,0.8507300868999227,0.5876809161587495
68193,1,0.02224288720328796,0.3023952225080371,64.92985971943888,71.34268537074149,26.65330661322645,90.78156312625251,0.9968465528407727,0.6106063296328668
68287,0,-0.026760276499186577,0.24941057294541566,24.04809619238477,64.52905811623246,66.33266533066133,74.54909819639278,0.9493934084151352,0.7170978649153725
68287,1,-0.13257306101431549,0.25220975816826874,13.426853707414828,42.08416833667334,85.17034068136272,89.77955911823648,0.8345316446923188,0.5349064687156622
68394,0,0.11488329173321088,0.450685253555441,19.03807615230461,7.014028056112225,94.98997995991984,90.38076152304609,0.844676817420322,0.4962215076204498
68394,1,0.15453730793237197,0.4577827975643251,6.813627254509018,100.0,100.0,100.0,0.5901285946145752,0.43399097478889226
68473,0,0.10276059836357664,0.14811522641267488,77.35470941883767,95.19038076152304,99.39879759519037,100.0,0.5053894865130616,0.5311735794379595
68473,1,-0.011307615356514698,0.15276143119100413,55.31062124248497,92.58517034068137,17.835671342685373,92.98597194388778,0.9817364974893112,0.48819375059494097
68532,0,0.1847667852651365,0.3167511012821617,87.5751503006012,84.16833667334669,78.95791583166333,97.79559118236473,0.9485649520410517,0.5029215743541495
68532,1,-0.04539947694265849,0.37771858724124613,12.024048096192384,76.35270541082164,50.50100200400801,99.79959919839679,0.9565722365381314,0.4867350962647733
68553,0,-0.03448642126012132,0.2629470862939078,76.55310621242485,97.79559118236473,100.0,97.99599198396794,0.7771691744641744,0.39780984918784446
68553,1,0.20584220173903794,0.30613092780332046,98.99799599198397,98.99799599198397,97.79559118236473,96.19238476953907,0.8352411988979768,0.5239979418786653
68819,0,0.14538579340002616,0.21079742860203232,29.058116232464933,95.79158316633266,98.19639278557113,95.99198396793587,0.8270001890415767,0.5591996024813612
68819,1,0.0757702588122039,0.23961819815337204,18.236472945891784,97.99599198396794,99.39879759519037,96.39278557114228,0.7440357688584772,0.5526305186755065
69085,0,-0.26867572968937964,0.37869000075295295,59.919839679358724,21.64328657314629,72.54509018036072,85.37074148296593,1.0190408707186296,0.6629783499082385
69085,1,0.1619946593297761,0.31935657402450374,37.27454909819639,11.422845691382765,7.214428857715431,81.1623246492986,1.031386146035409,0.7222309579085188
69087,0,0.010913277949872957,0.1687309648757785,98.79759519038076,99.19839679358718,99.39879759519037,99.59919839679358,0.7507701672810351,0.3266170111113569
69087,1,0.009633858193076857,0.18499497122124536,99.79959919839679,95.79158316633266,98.99799599198397,98.59719438877755,0.6848566911352424,0.2945782226757778
69137,0,0.027963571146684473,0.3178587961437671,45.69138276553106,12.625250501002002,18.03607214428858,25.450901803607213,1.0211455272517223,0.5532987739345526
69137,1,-0.0532929047432741,0.26665781357894663,22.44488977955912,33.86773547094188,98.79759519038076,69.13827655310621,0.846362483764689,0.4850801472440215
69462,0,0.06419167936982609,0.22532876842942684,78.55711422845691,84.76953907815631,99.39879759519037,97.99599198396794,0.7047690819973813,0.4629396183554684
69462,1,0.15205287137290574,0.231448174280275,89.17835671342685,97.59519038076152,100.0,99.79959919839679,0.6835350918618938,0.3584435259083574
69641,0,0.026265551729531895,0.030651293157659017,61.523046092184366,98.19639278557113,98.99799599198397,99.59919839679358,0.1901218003282069,0.21614747089323094
69641,1,0.04018142643044211,0.04229423571470529,70.54108216432866,94.78957915831663,97.1943887775551,99.19839679358718,0.7163922219418326,0.6349455097288008
70279,0,-0.020357150837056383,0.4504859251847701,80.7615230460922,97.1943887775551,99.59919839679358,100.0,0.9065851639700673,0.5498910891762478
70279,1,0.3014909204285965,0.43527782899135187,99.39879759519037,97.99599198396794,91.38276553106212,100.0,0.8762531077033354,0.4823093094354304
70372,0,0.05363778471092633,0.31251795856907433,85.17034068136272,86.97394789579158,98.59719438877755,94.78957915831663,0.9524408711356442,0.5006274737104812
70372,1,-0.2560639721623485,0.5786395500820863,78.95791583166333,78.55711422845691,91.78356713426854,81.3627254509018,0.937495660151513,0.4683719813942291
70496,0,0.14977670020925898,0.38904689621110006,96.9939879759519,97.59519038076152,82.96593186372746,14.629258517034069,0.959209608524699,0.6350565134374129
70496,1,-0.12752624773912266,0.2828023316265964,61.523046092184366,75.75150300601202,97.79559118236473,94.58917835671342,0.9395000031963296,0.5837965237475244
70765,0,0.05005009504949402,0.31374173732538857,86.57314629258516,99.79959919839679,91.98396793587175,67.13426853707415,0.9495567832442824,0.6001396849191367
70765,1,0.11375826032323154,0.40312233501562805,59.318637274549104,99.19839679358718,99.59919839679358,98.39679358717434,0.9146330617190078,0.3899045100123799
71264,0,-0.18245426422228384,0.2297776135471492,94.38877755511022,99.39879759519037,98.59719438877755,90.78156312625251,0.7693396296143203,0.3666184572878346
71264,1,0.058141240014348027,0.2481353139867802,96.9939879759519,99.59919839679358,94.78957915831663,82.36472945891784,0.814817873973736,0.412897369882374
71624,0,-0.012697249345073328,0.26547202160103045,49.899799599198396,14.629258517034069,61.12224448897795,74.9498997995992,0.8764634787116943,0.5946281976912133
71624,1,0.0013352806174408355,0.201536632448185,71.7434869739479,69.93987975951904,44.68937875751503,100.0,0.9478854196163122,0.4169088957883572
71735,0,0.03685560319714779,0.5262534005532099,98.79759519038076,99.39879759519037,96.59318637274549,99.39879759519037,0.48925981473693414,0.2981913841801953
71735,1,0.13806904233507117,0.4941834128730251,93.9879759519038,90.98196392785572,93.9879759519038,99.59919839679358,0.5317802219240504,0.29063497963464324
72089,0,0.11400903803872525,0.12741280178071057,93.9879759519038,54.10821643286573,29.058116232464933,95.79158316633266,0.9566109834725451,0.6809505268360492
72089,1,0.0077821181458261795,0.16576440948815346,91.38276553106212,64.52905811623246,94.78957915831663,91.18236472945893,1.0195166387995127,0.6924416958302434
72151,0,-0.1310800106737176,0.3695408563554515,65.13026052104209,83.16633266533067,90.38076152304609,91.98396793587175,0.8359612986233342,0.42001855894083484
72151,1,0.10617622588367026,0.40927495381233003,82.16432865731463,91.38276553106212,96.79358717434869,99.59919839679358,0.5228685445129407,0.38795821444246925
72389,0,-0.20331330506924725,0.2282545017221307,88.77755511022045,98.99799599198397,86.57314629258516,92.18436873747495,0.8992019072793226,0.4925214834054882
72389,1,0.17595465235906327,0.2594507169261144,90.98196392785572,91.38276553106212,92.58517034068137,99.39879759519037,0.8115005329898662,0.4367816748718317
72527,0,0.13443228747836616,0.31151599744225744,80.36072144288578,96.9939879759519,94.78957915831663,98.99799599198397,0.80440633053916,0.4672922784373742
72527,1,-0.03386486239656739,0.33764227817362985,55.31062124248497,69.73947895791584,95.99198396793587,89.17835671342685,0.8232373040270254,0.5299673417267348
