image_id,candidate,PixCorr,SSIM,AlexNet2,AlexNet5,Inception,CLIP_identification,EfficientNet,SwAV
95,0,-0.03411826520813917,0.6816765213109716,89.57915831663327,95.19038076152304,95.79158316633266,96.39278557114228,0.4976172866113975,0.3331789516020316
95,1,-0.1458984526473062,0.616528832371767,82.76553106212425,96.19238476953907,92.78557114228457,97.39478957915831,0.5283001771683437,0.30022885242505215
204,0,-0.10826729818675765,0.12515811126802248,98.19639278557113,99.59919839679358,98.59719438877755,93.5871743486974,0.8090753394012917,0.41379848356487914
204,1,-0.26706929390141326,0.15512646597513302,66.13226452905812,98.39679358717434,99.19839679358718,95.39078156312625,0.8399496407095508,0.4072803680240117
318,0,0.035611284055807185,0.4459635378359139,59.719438877755515,91.78356713426854,19.03807615230461,92.78557114228457,0.9650050484024294,0.5301802957727482
318,1,0.09361614897817255,0.4331084880165041,59.118236472945895,90.98196392785572,60.120240480961925,79.95991983967936,0.9234371320225605,0.5152939391906459
356,0,-0.016717049259497407,0.31696284131722396,96.39278557114228,97.99599198396794,24.248496993987974,96.9939879759519,0.9878940692332168,0.6051269864914901
356,1,0.15289956021732465,0.3130710539652723,92.58517034068137,97.1943887775551,34.2685370741483,99.59919839679358,1.0092677559798529,0.5129298467542978
425,0,-0.3120277897943214,0.17289947617691487,98.19639278557113,99.19839679358718,98.99799599198397,90.5811623246493,0.7526624842386167,0.4680942755817702
425,1,-0.08105034314816593,0.18065578338286672,99.39879759519037,99.39879759519037,98.59719438877755,99.79959919839679,0.7518123087271809,0.5624467624855731
458,0,-0.11012990039041154,0.23754141402321904,57.71543086172345,87.97595190380761,99.79959919839679,91.78356713426854,0.8104338181844614,0.3388608272981365
458,1,-0.17274796394561093,0.22295538272674345,84.3687374749499,100.0,98.19639278557113,77.55511022044088,0.75835472084517,0.30350345756892716
637,0,0.07855496648887533,0.3607227822587386,99.79959919839679,95.39078156312625,71.7434869739479,9.218436873747494,0.9852389914827517,0.5840811101874608
637,1,0.1583856850497147,0.3540180267733607,81.76352705410822,70.74148296593187,36.67334669338677,17.43486973947896,0.9637539204375665,0.5034024202906826
709,0,-0.11277248021722451,0.2581755645503388,40.08016032064128,92.38476953907816,95.59118236472945,99.39879759519037,0.6575442446592663,0.5748888036761334
709,1,0.030339138667005345,0.2839982641467958,2.80561122244489,55.11022044088176,96.9939879759519,100.0,0.6301006894687792,0.5590351185958143
868,0,-0.05896287434613574,0.07248504890432421,47.49498997995992,64.52905811623246,84.76953907815631,27.054108216432866,1.0247182573913445,0.6143411185256366
868,1,0.008324256558100908,0.061615522351654364,89.17835671342685,89.57915831663327,89.17835671342685,63.727454909819635,0.981070067712083,0.5619588555097395
1015,0,0.07675767307016704,0.5371719392208456,97.79559118236473,95.79158316633266,100.0,99.39879759519037,0.4924245580489228,0.5172287328130922
1015,1,-0.3250376430191722,0.5353495335926465,73.14629258517033,87.7755511022044,98.19639278557113,99.59919839679358,0.6260250590614116,0.4462565330238816
1288,0,0.31059382229734117,0.36061993977902684,93.5871743486974,92.98597194388778,75.55110220440882,94.58917835671342,0.9040836658273355,0.395109880088793
1288,1,0.5600673109545444,0.41132548765747634,99.19839679358718,99.19839679358718,96.59318637274549,98.59719438877755,0.6150981429644476,0.30232351819029524
1589,0,-0.06050814988618083,0.16123816548207587,52.90581162324649,59.919839679358724,99.19839679358718,97.1943887775551,0.7090504876594765,0.4223020579681974
1589,1,-0.10996524194185886,0.15624478659136595,30.26052104208417,93.5871743486974,98.19639278557113,96.59318637274549,0.7938139604759389,0.46813103897558483
1744,0,0.6638801618056898,0.381694057781394,95.59118236472945,99.19839679358718,63.52705410821643,99.39879759519037,0.9157890329241947,0.45214126110319763
1744,1,0.7181664372800011,0.4133542917899487,97.79559118236473,91.78356713426854,64.12825651302605,78.75751503006012,0.9427234172229787,0.3688203838694476
1818,0,-0.10814471834798996,0.08812755727474679,48.69739478957916,94.58917835671342,94.18837675350701,62.32464929859719,0.9957429352279592,0.6016293585457256
1818,1,-0.17958096446953495,0.08450542765052999,69.13827655310621,64.52905811623246,80.56112224448898,57.91583166332666,0.8851257191968833,0.6702347017358097
2070,0,-0.014929187506177293,0.24743227004228022,64.12825651302605,62.525050100200396,99.19839679358718,99.39879759519037,0.5146408639509245,0.39247545127997674
2070,1,0.14470784692539296,0.22943911899555305,67.73547094188376,83.36673346693387,98.79759519038076,98.79759519038076,0.6111180113656107,0.5034657144247741
2125,0,0.1423583549553771,0.2940925370898587,55.51102204408818,97.39478957915831,95.79158316633266,94.78957915831663,0.9229439022840008,0.4274997616223696
2125,1,-0.08873048764390094,0.24623390814146923,79.15831663326654,88.17635270541082,86.37274549098196,94.58917835671342,0.9446866252075907,0.3973996175687151
2327,0,0.47492472660938717,0.48238887805616804,99.39879759519037,99.79959919839679,90.78156312625251,93.3867735470942,0.7971005171445119,0.3738995406705423
2327,1,-0.016532025144927288,0.407448500437944,21.442885771543086,92.38476953907816,78.95791583166333,91.18236472945893,0.820373284248099,0.5240514990403997
2737,0,-0.015560176337111778,0.1441342932862156,85.37074148296593,98.99799599198397,98.59719438877755,96.59318637274549,0.732756705928507,0.577045688458217
2737,1,0.14795534085181677,0.12221479219343556,98.99799599198397,100.0,100.0,98.79759519038076,0.48928273184116466,0.36378071591409644
2795,0,0.03421387123767956,0.22753605210199207,89.77955911823648,46.49298597194389,43.687374749499,97.39478957915831,0.9622978597840706,0.6142485784655185
2795,1,-0.013883608852277827,0.22077648348434908,82.16432865731463,97.59519038076152,99.59919839679358,98.99799599198397,0.8445291879494704,0.5310440591162069
2980,0,-0.00981122963003736,0.09553080610167015,20.04008016032064,80.56112224448898,98.39679358717434,99.39879759519037,0.6090610906211793,0.5969125895305211
2980,1,-0.010649395915041012,0.07727501645136355,99.79959919839679,100.0,98.59719438877755,98.99799599198397,0.4569399600032189,0.3002486673876804
3338,0,0.41738370367411204,0.27081063141871126,94.58917835671342,79.15831663326654,76.35270541082164,99.59919839679358,0.9374718596060261,0.6365981186187423
3338,1,0.3134646946030561,0.26695228246808317,90.98196392785572,80.36072144288578,86.57314629258516,80.16032064128257,0.9799868564319,0.6295750309113964
3344,0,0.014194187010930764,0.24169296400459417,54.70941883767535,42.68537074148296,77.55511022044088,31.663326653306612,0.9399768554338763,0.6365903447238576
3344,1,0.1507180481979221,0.2975359681722763,81.96392785571143,79.75951903807615,23.847695390781563,13.226452905811623,0.9795194921588432,0.6174019469922523
3368,0,0.056978709786617836,0.289451354900137,88.37675350701403,89.97995991983969,90.38076152304609,96.59318637274549,0.9936970679928119,0.5899611576356737
3368,1,0.13222418533648178,0.2507092435628518,83.76753507014027,90.98196392785572,99.19839679358718,99.59919839679358,0.6868946301565354,0.5250441498993015
3731,0,0.09968385676991223,0.3668758496226621,74.34869739478958,77.9559118236473,70.74148296593187,95.19038076152304,0.9542006275772726,0.5043145292728222
3731,1,-0.27424789605632366,0.3893656237891906,71.34268537074149,58.116232464929865,93.5871743486974,91.58316633266533,0.9611353782662428,0.45869821812680134
3803,0,0.2988391566052883,0.4393350115352642,34.66933867735471,52.30460921843687,94.98997995991984,87.5751503006012,0.7088251143973151,0.5490996022100235
3803,1,0.18669840745332364,0.5151595760394356,69.73947895791584,63.126252505010015,63.326653306613224,88.17635270541082,0.9607700659630221,0.612185396712851
4292,0,0.20502766256710667,0.3235606390480461,71.34268537074149,53.707414829659314,93.78757515030061,11.422845691382765,0.9162549960604088,0.44503858356129367
4292,1,-0.12176273569401684,0.38015656129047226,58.31663326653307,66.13226452905812,85.17034068136272,27.25450901803607,0.9047231418776991,0.5004616408723115
4409,0,0.04522631963848288,0.2678387021882657,61.923847695390776,98.79759519038076,100.0,99.79959919839679,0.709256604717637,0.42126308402291945
4409,1,0.021475243639024515,0.2829917397344243,42.48496993987976,82.96593186372746,98.79759519038076,99.79959919839679,0.7241839821310081,0.42913980973927224
4476,0,0.27375809571466997,0.5434122236899489,88.97795591182364,84.16833667334669,40.480961923847694,38.877755511022045,0.9444728098055556,0.63131876503203
4476,1,-0.13446089514332335,0.3455810193323648,24.649298597194388,70.74148296593187,88.77755511022045,86.17234468937876,0.8615136850138034,0.48794411989205344
4509,0,0.1769147323938877,0.16776717063357902,91.98396793587175,84.96993987975952,41.68336673346693,92.18436873747495,0.9239955148797351,0.6670799354038284
4509,1,0.06768966934233349,0.19673239038719836,29.258517034068138,85.17034068136272,36.47294589178357,90.98196392785572,0.9339430018109378,0.5619946937892661
4927,0,0.07700241550391405,0.1798308994868155,78.55711422845691,27.655310621242485,99.19839679358718,99.39879759519037,0.8746626193823396,0.47140496715611413
4927,1,0.021904826365137735,0.24048332614792609,67.73547094188376,45.89178356713427,98.39679358717434,86.57314629258516,0.9586594483432895,0.5523729540480398
4967,0,-0.3136149455358621,0.3187517965336504,81.56312625250501,85.17034068136272,94.98997995991984,95.39078156312625,0.7156586361920407,0.4258745312276564
4967,1,0.4279771585923151,0.3815136386507845,96.9939879759519,90.5811623246493,99.19839679358718,98.79759519038076,0.5663590288427333,0.4249855887908516
5340,0,-0.03511012488401434,0.10197475720241782,61.12224448897795,75.75150300601202,94.18837675350701,99.79959919839679,0.8627809091422112,0.4344852283341196
5340,1,-0.3297122360018118,0.12327722965942814,72.34468937875751,52.90581162324649,99.19839679358718,81.56312625250501,0.8408656182566614,0.5757012585967201
5582,0,0.07853709423963534,0.6438540292869999,94.58917835671342,99.79959919839679,100.0,99.79959919839679,0.31297838598175864,0.20822448060589993
5582,1,0.06379106653750359,0.6315422829421578,95.79158316633266,98.59719438877755,100.0,100.0,0.39410071643065414,0.20509327937854482
5656,0,0.040718182783354644,0.13483184427136874,42.08416833667334,88.57715430861724,99.19839679358718,98.79759519038076,0.7896299075819077,0.5584424082650663
5656,1,-0.034036229270474595,0.17489880062726626,87.374749498998,98.79759519038076,99.59919839679358,99.79959919839679,0.8261397283752235,0.5063560945922944
5683,0,-0.07515865759142819,0.47788803662941987,81.96392785571143,61.523046092184366,35.27054108216433,95.99198396793587,0.920959724364955,0.5425961413373215
5683,1,0.11043096128728917,0.3082510584772524,60.92184368737475,61.523046092184366,72.74549098196393,95.59118236472945,0.9035338141443418,0.5370701391275623
5790,0,-0.2072282633462145,0.16684466230216938,90.5811623246493,83.36673346693387,81.3627254509018,82.76553106212425,0.8766319818846908,0.5971294263590138
5790,1,-0.2505296577181552,0.20348074875282873,8.216432865731463,89.57915831663327,89.17835671342685,88.97795591182364,0.8600701375943158,0.601841245628697
5929,0,-0.019409353694814824,0.4259592050991874,66.93386773547094,89.77955911823648,78.95791583166333,85.97194388777555,0.8368425623645661,0.481651752990949
5929,1,-0.12880421406830314,0.33264290211532455,31.262525050100198,74.34869739478958,98.79759519038076,92.38476953907816,0.7987934661674836,0.3986606523837166
6315,0,0.21912999678776626,0.32841928346711985,89.97995991983969,83.96793587174348,91.98396793587175,97.99599198396794,0.9018989739978733,0.502525779176641
6315,1,0.3072979922313308,0.3498382419158716,41.48296593186373,20.841683366733466,73.54709418837675,95.79158316633266,0.9279696348475208,0.5494767052026974
6360,0,-0.10341884464960674,0.16087355406588344,82.56513026052104,84.16833667334669,71.9438877755511,85.57114228456913,0.8620871372620195,0.555597346133123
6360,1,-0.038516370248394056,0.18805187526394265,92.38476953907816,92.58517034068137,77.9559118236473,92.58517034068137,0.8797081673682968,0.461829941284288
6454,0,-0.18932635501447004,0.1570741338113332,68.7374749498998,98.79759519038076,78.95791583166333,97.59519038076152,0.8985571706852946,0.48176016570836233
6454,1,-0.0019806259724969902,0.19272527038695342,75.35070140280561,73.34669338677354,96.59318637274549,99.59919839679358,0.5886386617180892,0.41784266252096136
6603,0,-0.0518070893277131,0.14878065106198246,48.897795591182366,90.18036072144288,57.11422845691383,57.11422845691383,0.9142244281523795,0.6136626115199149
6603,1,0.21145396926064441,0.17516329918407572,91.18236472945893,69.53907815631263,38.476953907815634,71.14228456913828,1.0019884475126488,0.5917343882371939
6750,0,0.05080149510145676,0.42341264012222357,93.9879759519038,98.99799599198397,94.78957915831663,96.39278557114228,0.6522219525617226,0.4984618754885306
6750,1,0.17893611449331626,0.32297966681258583,94.18837675350701,72.34468937875751,94.58917835671342,98.39679358717434,0.8689864649285794,0.5135707945257357
6759,0,-0.08662446031893502,0.2938474564180481,88.57715430861724,96.19238476953907,98.59719438877755,98.79759519038076,0.493261490325383,0.30108867847066745
6759,1,-0.16701584094610528,0.3552445835301439,85.57114228456913,98.19639278557113,98.59719438877755,98.99799599198397,0.5247430551734341,0.25460271118276323
6770,0,0.24711276312823052,0.2685441991787388,55.71142284569138,84.96993987975952,96.79358717434869,98.79759519038076,0.5723014599095088,0.4262501209302614
6770,1,0.05654033297892325,0.27291502139822726,21.04208416833667,87.7755511022044,97.1943887775551,98.39679358717434,0.5123855408894555,0.4675811413382498
6991,0,-0.060972757605751306,0.13468299922746063,58.517034068136276,56.51302605210421,67.13426853707415,71.9438877755511,1.0405241648670862,0.5682730690027789
6991,1,-0.09999821880957231,0.10663956117969298,98.19639278557113,98.79759519038076,37.87575150300601,85.97194388777555,0.9145262850551502,0.38691552488979475
7306,0,0.034662558783323326,0.2722165406472308,81.3627254509018,96.39278557114228,96.39278557114228,99.19839679358718,0.7686345360459904,0.36626031666871517
7306,1,0.020305033516978013,0.2918562931588693,72.94589178356713,95.39078156312625,93.9879759519038,81.76352705410822,0.8080520966679003,0.46560974427950874
7355,0,-0.19149059145068734,0.08943647691209676,77.55511022044088,71.9438877755511,96.9939879759519,98.99799599198397,0.8670008210295856,0.4700236399601143
7355,1,-0.04079423137997385,0.1272959877804996,58.717434869739485,87.5751503006012,69.13827655310621,5.410821643286573,1.0287421007037703,0.6354536216792497
7899,0,-0.019002170738335926,0.2312380601417212,89.37875751503006,87.5751503006012,90.98196392785572,77.75551102204409,0.7874340511961142,0.3633273191112859
7899,1,0.037891060859389696,0.19539705346943367,92.58517034068137,84.3687374749499,98.19639278557113,100.0,0.7444382856707596,0.34760072838525724
8061,0,0.13333102971885827,0.19274588982791072,98.79759519038076,100.0,99.79959919839679,99.39879759519037,0.6432970820640529,0.4174197872913227
8061,1,-0.053805172470930404,0.13111047023222736,94.38877755511022,99.39879759519037,98.59719438877755,98.59719438877755,0.6639322795739206,0.31864850258838384
8215,0,0.19511137069205303,0.27226257510339313,91.38276553106212,98.99799599198397,99.39879759519037,97.59519038076152,0.771623962995634,0.39340911463466566
8215,1,0.050218600515018384,0.19087308895852423,66.53306613226452,88.37675350701403,83.36673346693387,96.19238476953907,0.8078420374072477,0.5913393111378829
8234,0,0.07142191717589956,0.3046236861172722,74.14829659318637,99.79959919839679,91.18236472945893,91.18236472945893,0.8939609024249753,0.4314778525766926
8234,1,0.036950147103875904,0.2853861339842462,92.58517034068137,97.79559118236473,62.124248496993985,94.98997995991984,0.9262269560397746,0.43088366236888775
8238,0,0.38627580671752276,0.41213054678835054,91.98396793587175,99.39879759519037,90.18036072144288,96.59318637274549,0.9263021112296038,0.5731004671699111
8238,1,0.09595035967661888,0.3519965324696629,36.87374749498998,70.74148296593187,8.41683366733467,34.46893787575151,0.9505939344255974,0.5690484058683593
8275,0,0.0017680993452522877,0.40559608811926234,51.503006012024045,87.97595190380761,95.59118236472945,91.58316633266533,0.8775632653249096,0.4628362563180073
8275,1,-0.031153383458934997,0.36179642075526325,12.024048096192384,85.97194388777555,96.79358717434869,92.78557114228457,0.7825409470331253,0.5310230159027647
8367,0,0.24525672907018536,0.4579665096091717,92.98597194388778,93.78757515030061,99.19839679358718,100.0,0.7752076568015026,0.37966124299230464
8367,1,0.5934340132616917,0.4709997044687101,96.39278557114228,87.17434869739479,99.39879759519037,98.99799599198397,0.8261565026929394,0.445479760051934
8828,0,-0.007079575606299273,0.2549075499407712,93.18637274549098,84.3687374749499,99.59919839679358,99.39879759519037,0.6716924855010378,0.4315955080537611
8828,1,0.12550367336074297,0.31114624581508404,9.619238476953909,67.53507014028057,99.39879759519037,99.59919839679358,0.6967155165845899,0.46381863188963235
8862,0,-0.04385250778933444,0.3908023337275751,99.39879759519037,96.59318637274549,87.97595190380761,81.56312625250501,0.953944895003359,0.5737221144196141
8862,1,0.04875638971254128,0.3392620678687409,97.1943887775551,60.72144288577155,80.16032064128257,4.809619238476954,0.8819287228226712,0.7113007350297404
8926,0,-0.04188785871195,0.1968524015104941,97.39478957915831,93.5871743486974,93.9879759519038,84.5691382765531,0.9665183403136073,0.5907215910578818
8926,1,0.08207411969291369,0.1781112826647235,96.39278557114228,98.39679358717434,100.0,100.0,0.31871143978946237,0.22474214190698072
9188,0,0.012235787429190778,0.41006319797941426,60.320641282565134,95.59118236472945,98.19639278557113,98.19639278557113,0.7758406207296804,0.28113316277501077
9188,1,-0.027159194977357085,0.41177159668191926,54.90981963927856,99.39879759519037,96.39278557114228,98.79759519038076,0.6901161860049401,0.28483562408815744
9298,0,-0.05965071324527774,0.2397227865989461,48.897795591182366,100.0,100.0,88.17635270541082,0.5501323101066,0.3472408635013795
9298,1,0.10891098616891025,0.23348858480647525,96.39278557114228,88.57715430861724,73.14629258517033,94.98997995991984,0.8900914998965732,0.4845330956411126
9376,0,0.3296534793249589,0.7195720795523828,94.98997995991984,99.79959919839679,97.39478957915831,99.79959919839679,0.3941871044597921,0.1823491939630445
9376,1,0.14259924902333276,0.689460546228922,90.78156312625251,96.79358717434869,92.58517034068137,100.0,0.5475808968253069,0.2962545892360303
9712,0,-0.2448467089320778,0.12784116395256012,48.69739478957916,83.36673346693387,75.55110220440882,8.817635270541082,0.9858062281983998,0.6649947606941571
9712,1,-0.15130313154503508,0.1847678238228098,44.08817635270541,70.34068136272545,11.623246492985972,70.14028056112225,0.9890436912093661,0.6357792686797039
9877,0,0.19012681763819927,0.38730592221995785,65.33066132264528,99.79959919839679,98.79759519038076,98.99799599198397,0.6346884458165225,0.34651849780545896
9877,1,-0.13148428298217354,0.38126900032240246,22.645290581162325,97.79559118236473,99.39879759519037,96.9939879759519,0.6281090770617417,0.3222716416540998
10115,0,0.38596615703277615,0.5158850698281486,97.99599198396794,95.79158316633266,92.18436873747495,60.72144288577155,0.9117095545721557,0.5654236327292819
10115,1,0.30523428281765336,0.506516995174341,50.50100200400801,94.38877755511022,59.719438877755515,88.17635270541082,0.9223267387570782,0.6159859745686602
10191,0,0.07996256733004516,0.4558852873987428,99.19839679358718,96.9939879759519,98.59719438877755,96.79358717434869,0.45170966903179055,0.3629490186654535
10191,1,0.17635690423781178,0.4315207358638527,93.78757515030061,91.78356713426854,94.78957915831663,96.79358717434869,0.8935045728794053,0.41131323935681274
10361,0,0.04106904152929953,0.21270948472351514,41.48296593186373,84.5691382765531,64.52905811623246,98.39679358717434,0.877371831623034,0.44470215215489983
10361,1,-0.007857221662326849,0.16099258908717734,91.38276553106212,96.59318637274549,25.250501002004004,11.22244488977956,0.968147208140566,0.4263463943133867
10602,0,0.13707695201173642,0.21302111361504278,42.08416833667334,94.98997995991984,99.19839679358718,100.0,0.6279698595298737,0.44017551470771554
10602,1,0.5727390411662017,0.28537683551098597,86.97394789579158,96.19238476953907,96.9939879759519,93.78757515030061,0.885331527504037,0.5713171115008331
10622,0,0.09539680433265718,0.2398076685214128,36.47294589178357,71.34268537074149,65.93186372745491,94.98997995991984,0.9866346248246477,0.7067065493523136
10622,1,0.09720951925542236,0.3082301690614475,13.226452905811623,51.10220440881763,75.1503006012024,96.19238476953907,1.0010440940658651,0.7264296497196205
11050,0,0.20163018035801425,0.2636770222449399,57.11422845691383,97.39478957915831,93.9879759519038,49.69939879759519,0.7950227564877252,0.41411777128308425
11050,1,0.084556937656095,0.3136872190864295,97.1943887775551,91.58316633266533,89.37875751503006,89.17835671342685,0.9410020230451442,0.49538643402994864
11274,0,0.3947645920122982,0.3632259339724796,87.97595190380761,99.39879759519037,98.79759519038076,99.59919839679358,0.5577835428337112,0.2722441160590744
11274,1,0.3860286156835568,0.36297485495939386,96.39278557114228,99.59919839679358,100.0,100.0,0.509815973064782,0.3026183547408877
11493,0,-0.011156019112871,0.23763575192025446,24.849699398797593,46.893787575150306,67.53507014028057,74.9498997995992,0.968514278511594,0.6604978174115337
11493,1,0.02126286299702276,0.22394580380714815,56.1122244488978,77.75551102204409,63.92785571142284,19.639278557114228,0.9503966757561048,0.6667569036920298
11757,0,0.19006212822751045,0.12536137657662616,92.98597194388778,90.98196392785572,44.88977955911824,100.0,0.8410671007808327,0.4037919345645099
11757,1,0.026546046739673854,0.14593834282816562,82.16432865731463,93.3867735470942,98.79759519038076,100.0,0.7569050091307971,0.2799119588301471
11886,0,0.4422084928730077,0.4351984636336525,98.99799599198397,94.38877755511022,95.59118236472945,97.59519038076152,0.797692450217432,0.3120157208583303
11886,1,0.05564978196370427,0.37322856656652575,70.74148296593187,89.37875751503006,94.78957915831663,90.5811623246493,0.9159764595999007,0.3675360179374698
12122,0,0.3318472720892774,0.2990925079597401,99.19839679358718,99.79959919839679,95.39078156312625,89.57915831663327,0.7694450043765422,0.35581684992252194
12122,1,-0.06007693000288882,0.3354407092239295,98.19639278557113,99.59919839679358,100.0,99.79959919839679,0.7354595105553821,0.3171144462385419
12225,0,0.03084652580400689,0.36398499912073506,75.35070140280561,87.374749498998,87.97595190380761,59.318637274549104,0.9932788373859193,0.48782275556123234
12225,1,0.12013450877162642,0.3673115734147325,78.75751503006012,99.19839679358718,66.73346693386773,86.57314629258516,0.9743396217957033,0.5138278433276955
12292,0,0.02898434598995387,0.31081505805279885,67.73547094188376,76.75350701402806,91.38276553106212,91.98396793587175,0.7414377612868892,0.3543549042341143
12292,1,0.14142564703333177,0.2922799002805443,70.94188376753507,78.15631262525051,94.58917835671342,99.39879759519037,0.5162951699183735,0.44913333069115224
12340,0,0.17614902341150632,0.38363232563785776,93.3867735470942,83.16633266533067,99.19839679358718,97.59519038076152,0.6362206882738212,0.5586444264856736
12340,1,0.06482069985295347,0.34126801282888697,44.08817635270541,98.59719438877755,98.59719438877755,94.58917835671342,0.7123975387123205,0.4898986089870736
12386,0,0.1253810547670787,0.23249982706617367,98.99799599198397,96.19238476953907,89.97995991983969,97.79559118236473,0.8150022932669772,0.4988864953677461
12386,1,0.03246760051286199,0.2021004705606611,55.11022044088176,95.19038076152304,97.59519038076152,95.19038076152304,0.799488860945526,0.49964549406727643
12597,0,-0.046776049821246925,0.06771228330811786,87.97595190380761,92.18436873747495,92.98597194388778,6.4128256513026045,0.7910053038458166,0.42614403989941907
12597,1,-0.032105019754506824,0.10757305511217549,83.96793587174348,96.59318637274549,97.1943887775551,96.39278557114228,0.7608995595722804,0.5573052416180841
13041,0,-0.05445832410249018,0.3934098426277807,84.96993987975952,97.59519038076152,2.80561122244489,91.38276553106212,0.9796507747779445,0.5998450193104359
13041,1,0.2178815428790908,0.1432885765598647,61.32264529058116,98.99799599198397,99.39879759519037,64.32865731462925,0.7423945829418188,0.4455793436544484
13134,0,0.14078276538995269,0.30419123064148773,77.35470941883767,93.5871743486974,58.717434869739485,82.16432865731463,1.044967515223443,0.58341290548235
13134,1,-0.2944483436584349,0.25982106681874345,54.90981963927856,61.32264529058116,19.03807615230461,86.17234468937876,1.045375757194978,0.5929024672110516
13223,0,0.3317206162150893,0.33101705827121475,47.09418837675351,64.72945891783567,97.79559118236473,95.19038076152304,0.922943351365377,0.5091309842649232
13223,1,0.547130878736537,0.3676565726912614,77.55511022044088,87.374749498998,82.96593186372746,97.1943887775551,0.914985271457618,0.47755302132294497
13298,0,0.029775291138057637,0.1727066547138133,62.32464929859719,79.55911823647295,97.79559118236473,97.99599198396794,0.8453399272000928,0.5017692509826259
13298,1,-0.41191045302344614,0.13209207571556306,92.98597194388778,97.99599198396794,95.59118236472945,97.39478957915831,0.6432638313450963,0.3448595099990579
13587,0,0.4353200870760445,0.21489917184729398,99.79959919839679,96.19238476953907,56.71342685370742,94.18837675350701,0.9349112596640277,0.3361317635521738
13587,1,0.17577156991716786,0.20537187685459288,98.79759519038076,99.19839679358718,87.97595190380761,94.98997995991984,0.9150789988578778,0.3268723336003222
13703,0,0.02916338770539227,0.40384070369355723,50.50100200400801,92.98597194388778,97.1943887775551,96.19238476953907,0.6552394922385358,0.49036251598375313
13703,1,-0.20150841002925637,0.28838897675658576,10.821643286573146,93.78757515030061,94.78957915831663,92.58517034068137,0.7164311066381371,0.5653064612016181
13741,0,0.18352669516883716,0.37221067022395943,99.19839679358718,94.18837675350701,93.3867735470942,89.77955911823648,0.5407680331644547,0.362081400559207
13741,1,-0.008182836628046029,0.2314217423383047,96.19238476953907,99.39879759519037,94.18837675350701,95.39078156312625,0.6470108257774283,0.39291390698963
13749,0,0.037842088163351,0.1521902692436739,99.59919839679358,96.79358717434869,100.0,100.0,0.6855206905037532,0.5336869586634829
13749,1,0.06951575614807544,0.1547827541086081,89.37875751503006,98.59719438877755,99.39879759519037,98.79759519038076,0.8691041438746006,0.6494453681075645
13826,0,-0.013809393102738545,0.5214284677556974,96.79358717434869,95.99198396793587,96.19238476953907,84.3687374749499,0.8848192958861374,0.49295776250195056
13826,1,-0.068710705476065,0.44547563841652854,39.478957915831664,94.38877755511022,95.59118236472945,94.18837675350701,0.8638653565206774,0.44992440270027056
13842,0,0.39579617030500186,0.45802955556884156,87.7755511022044,99.79959919839679,93.78757515030061,85.17034068136272,0.7452256333031444,0.4647940567508241
13842,1,-0.23929595898589254,0.38077486486481404,96.79358717434869,98.79759519038076,92.98597194388778,85.77154308617234,0.8108871047930585,0.49533763829730115
13879,0,-0.0766557730224794,0.15791396695553167,90.18036072144288,93.9879759519038,98.99799599198397,80.56112224448898,0.6337220621065253,0.40938403216055186
13879,1,0.41816159915269135,0.2570699063866343,79.95991983967936,99.19839679358718,98.99799599198397,36.07214428857716,0.6957188428385965,0.3313703100757739
13895,0,-0.19947719918629853,0.17853338260822665,56.71342685370742,88.17635270541082,42.48496993987976,60.52104208416834,0.9902566652769821,0.5292684649385947
13895,1,0.4780119445844867,0.1861346871927606,97.79559118236473,92.18436873747495,14.428857715430862,75.1503006012024,0.9619377865878906,0.4815354843675961
13938,0,0.27447063383312303,0.4790699533910458,90.78156312625251,98.39679358717434,99.79959919839679,100.0,0.34564035620022127,0.20111607923511055
13938,1,0.4795400247634201,0.46925503421290754,97.59519038076152,90.98196392785572,95.79158316633266,98.39679358717434,0.7343603615327217,0.34278478424342607
14049,0,-0.05610534674734607,0.35319304884684727,71.5430861723447,82.16432865731463,94.98997995991984,98.79759519038076,0.9565415973413489,0.7585434007284793
14049,1,-0.02637885844045971,0.3280417857378109,82.16432865731463,93.18637274549098,95.99198396793587,94.98997995991984,0.9340754168744524,0.5900616392383531
14170,0,0.3478666245329518,0.40634717230429546,91.98396793587175,99.39879759519037,99.19839679358718,96.39278557114228,0.6030921565594474,0.30299668307253325
14170,1,-0.027509874956233353,0.4165137899450862,96.39278557114228,97.99599198396794,97.39478957915831,93.78757515030061,0.6368567561889926,0.3684959656194936
14245,0,0.17067700266383867,0.5342561273393017,100.0,99.79959919839679,98.99799599198397,99.39879759519037,0.6161235649956507,0.32510892297969274
14245,1,-0.12095033962507279,0.5341197304192387,97.39478957915831,99.39879759519037,99.39879759519037,99.39879759519037,0.5774189245866377,0.33488167422875426
14274,0,-0.11847991405413759,0.19307961475772303,60.92184368737475,89.77955911823648,87.7755511022044,87.374749498998,1.0398778969503677,0.6205647283989906
14274,1,-0.05709959312768707,0.18148315835108703,44.08817635270541,46.6933867735471,15.831663326653306,88.57715430861724,1.0710204244685144,0.6963506928510027
14728,0,-0.015719759861186844,0.09134062669901867,95.99198396793587,97.99599198396794,24.448897795591183,95.59118236472945,0.9969788469916675,0.6699673315069357
14728,1,-0.02456948752161807,0.08271210894741879,96.39278557114228,80.56112224448898,0.8016032064128256,92.78557114228457,0.9677303140537509,0.6624861818331271
15068,0,0.05890422615435055,0.5984237471705159,92.98597194388778,97.99599198396794,89.77955911823648,98.59719438877755,0.6218325206843716,0.30071272442745844
15068,1,0.16980353504167342,0.37354751858910984,14.428857715430862,46.09218436873748,0.4008016032064128,66.53306613226452,0.9766135149737046,0.6894309351587591
15181,0,0.167810362972093,0.14044281133846354,87.5751503006012,99.59919839679358,97.39478957915831,98.59719438877755,0.7921147555742459,0.7206478530668354
15181,1,0.0786887004198557,0.14179470371133338,97.59519038076152,96.39278557114228,96.59318637274549,99.39879759519037,0.8302193884499669,0.6453740173191115
15182,0,0.5058005670734312,0.35269428768158434,95.79158316633266,83.56713426853707,88.57715430861724,46.893787575150306,0.8473219614374358,0.5142237501229823
15182,1,0.37531275570202777,0.3518231750760065,100.0,100.0,93.78757515030061,92.38476953907816,0.6590537506130036,0.359025530556087
15191,0,0.13125493409555397,0.1325801300828028,50.50100200400801,71.9438877755511,93.5871743486974,44.48897795591182,0.8195127503534507,0.5794830497587512
15191,1,-0.06854973546435213,0.1139094229394915,31.462925851703403,87.7755511022044,76.95390781563127,97.59519038076152,0.8447572860835496,0.6258224472908153
15274,0,0.057943369211933576,0.32452568095960627,96.19238476953907,97.99599198396794,90.38076152304609,94.18837675350701,0.7878496690105662,0.4835063498239053
15274,1,0.04303857966790932,0.30269654477381697,67.73547094188376,95.19038076152304,99.39879759519037,99.79959919839679,0.5624451567035648,0.3372145338321668
15386,0,0.22531272829399987,0.10374838283616523,99.39879759519037,80.16032064128257,59.919839679358724,83.16633266533067,1.0320370752020316,0.6023702643512389
15386,1,0.10840240772573474,0.11148251918082024,96.39278557114228,71.34268537074149,74.54909819639278,89.17835671342685,0.9511359036508078,0.5836311320643219
15438,0,-0.0246136628959472,0.354140831377299,74.74949899799599,99.79959919839679,100.0,100.0,0.6628290002311961,0.24295685052521387
15438,1,0.048056751874632014,0.37278925895095477,90.5811623246493,98.79759519038076,99.59919839679358,81.1623246492986,0.6841271815315573,0.24054656846890865
15516,0,-0.10261010502640931,0.34691452364158454,4.809619238476954,95.79158316633266,99.19839679358718,95.59118236472945,0.7109332547332747,0.42048509430430625
15516,1,0.12742832075695495,0.4242183564735232,44.08817635270541,98.99799599198397,91.98396793587175,98.59719438877755,0.8172905300238118,0.48595223596390713
15631,0,0.13825276649848114,0.3410465529382545,93.9879759519038,97.1943887775551,79.55911823647295,98.79759519038076,0.9479849127318809,0.5634133107980639
15631,1,0.06753483749027495,0.32226347903965274,14.829659318637276,65.53106212424849,53.50701402805611,98.59719438877755,0.9827467687875271,0.6227211304811096
15632,0,-0.03590104767461444,0.25180241800146935,95.99198396793587,97.59519038076152,54.30861723446894,30.861723446893784,0.9605883342918362,0.5902965936328559
15632,1,-0.09069654988960692,0.2747876669135473,61.523046092184366,81.76352705410822,96.9939879759519,95.79158316633266,0.9250032408141584,0.6481714432611204
15865,0,-0.13867218062792622,0.17084034119051,6.813627254509018,44.88977955911824,75.95190380761522,88.77755511022045,0.9640924781804837,0.7890703897916003
15865,1,0.08941319222766261,0.22726813277706617,95.79158316633266,72.74549098196393,45.09018036072144,35.07014028056113,1.027836047023437,0.7550907308032347
15898,0,0.03882399635323844,0.161428933751186,91.98396793587175,95.99198396793587,99.79959919839679,97.79559118236473,0.7316895936496515,0.4392496694226542
15898,1,0.014486847294395377,0.1384960651848994,95.79158316633266,99.19839679358718,100.0,97.79559118236473,0.7849397597793166,0.429692611378947
15953,0,-0.1712821684615028,0.057997610196998485,97.1943887775551,87.5751503006012,95.19038076152304,95.39078156312625,0.7956674725547479,0.5174484197052622
15953,1,-0.03646585508901137,0.0793682249814777,67.53507014028057,92.38476953907816,36.27254509018036,62.925851703406806,0.9809040324367548,0.7145523935155337
15985,0,-0.1722749244311037,0.6207580058918746,68.5370741482966,79.15831663326654,96.39278557114228,96.59318637274549,0.6660653234399443,0.4170870585886013
15985,1,0.4520619411452696,0.8104567698786938,94.58917835671342,97.1943887775551,98.99799599198397,98.39679358717434,0.3420916238186458,0.2836885664740104
16251,0,-0.03082864071045167,0.6941817939654314,95.79158316633266,99.79959919839679,99.59919839679358,94.98997995991984,0.5073824107700027,0.3484167167296851
16251,1,-0.027689782909004416,0.7056211928779577,13.226452905811623,83.96793587174348,97.79559118236473,97.79559118236473,0.5165485229004665,0.4882005319795575
16424,0,-0.09600184229320843,0.23261246952217082,42.88577154308617,47.09418837675351,86.57314629258516,78.75751503006012,0.9585964552103893,0.5819096985803747
16424,1,-0.0356800742501889,0.2019836452791733,94.78957915831663,30.861723446893784,98.99799599198397,84.3687374749499,0.8660603080051245,0.5162607239129411
16525,0,-0.1098760254956138,0.23218008630376513,65.53106212424849,36.07214428857716,95.79158316633266,79.55911823647295,0.8854703289143958,0.3994991853978448
16525,1,0.18725779358131195,0.270191013828863,32.46492985971944,54.50901803607214,94.78957915831663,72.14428857715431,0.9470939441420317,0.48699647998244866
16625,0,0.15283118633305504,0.2418696978505128,79.35871743486975,98.19639278557113,98.59719438877755,100.0,0.7751272927723248,0.4409518562729934
16625,1,0.1836636962713674,0.24085291215396176,84.16833667334669,95.39078156312625,91.78356713426854,98.39679358717434,0.8775842809274725,0.5020870215358633
16718,0,0.36087783790094746,0.31820259426036557,80.56112224448898,98.39679358717434,92.58517034068137,38.276553106212425,0.8261701234051402,0.41594688949774783
16718,1,0.0110620058232788,0.31224493493510697,26.252505010020037,99.79959919839679,78.75751503006012,45.69138276553106,0.9955860314881331,0.5265256104961382
16800,0,0.012364669993121413,0.3840182877037258,49.09819639278557,91.38276553106212,96.39278557114228,33.26653306613226,0.868982819157929,0.5025031859012723
16800,1,0.0753031205560955,0.3661201223027002,40.480961923847694,92.58517034068137,86.57314629258516,23.847695390781563,0.96569017815177,0.5855033004225356
17017,0,-0.09178112156473357,0.22774559872712244,43.48697394789579,98.99799599198397,100.0,99.59919839679358,0.6385853692393308,0.2969134883717036
17017,1,0.06347801688818214,0.2251700739824976,50.70140280561122,97.39478957915831,100.0,75.95190380761522,0.634171243959663,0.3884716400074011
17605,0,0.561403502339189,0.37258233697897364,97.79559118236473,96.59318637274549,94.38877755511022,100.0,0.9527442501793876,0.418273955852667
17605,1,-0.5959697639445065,0.3031351233378019,85.77154308617234,67.93587174348697,59.519038076152306,81.76352705410822,0.788291389141597,0.48779247810375903
17651,0,0.0620792066584873,0.25546576924763814,87.5751503006012,84.76953907815631,99.39879759519037,100.0,0.6068370650589381,0.4366328653034145
17651,1,0.17072538592111397,0.30905835586095615,90.78156312625251,96.59318637274549,93.3867735470942,100.0,0.6053275720425436,0.4247736403959559
17795,0,-0.06781137674312122,0.4950922772651377,86.97394789579158,83.56713426853707,97.1943887775551,96.19238476953907,0.8488664317340797,0.46592921804609466
17795,1,0.5185880690967907,0.47991502591559526,90.98196392785572,91.98396793587175,99.79959919839679,91.98396793587175,0.7829892999657704,0.4512881262396774
17843,0,-0.30875936986639224,0.5136216083103142,92.78557114228457,99.79959919839679,80.7615230460922,82.16432865731463,0.9371069655924814,0.4670985297334894
17843,1,-0.22634262947415765,0.4794151570692368,67.13426853707415,58.31663326653307,72.34468937875751,77.55511022044088,0.9706889885161072,0.6131813134098565
17865,0,0.7010295969479957,0.695666988638551,100.0,100.0,100.0,98.59719438877755,0.474192175910349,0.2510154746442935
17865,1,0.46732957385566093,0.6704282721033646,98.19639278557113,99.79959919839679,100.0,97.39478957915831,0.46929004827141674,0.3558248783633632
17946,0,0.005360116941731906,0.17876346436872614,44.68937875751503,48.296593186372746,40.6813627254509,96.9939879759519,1.0404588966913377,0.42412860016595433
17946,1,0.1236480155168097,0.2241505135603925,90.5811623246493,93.78757515030061,81.3627254509018,98.39679358717434,0.9770015750766499,0.6016691835570207
17987,0,-0.1308550605055012,0.2212866533045307,95.59118236472945,97.1943887775551,95.39078156312625,87.5751503006012,0.8090823437114156,0.47646814817557526
17987,1,0.1232612609288141,0.21135972297455918,75.35070140280561,97.59519038076152,95.39078156312625,97.79559118236473,0.8084407780441972,0.4688105421716642
18115,0,-0.024285881256197697,0.4419103925942952,11.623246492985972,39.278557114228455,51.10220440881763,96.79358717434869,0.8400385713910776,0.49895054578403286
18115,1,0.1322178082252964,0.40741870193865154,9.218436873747494,52.30460921843687,44.28857715430862,99.79959919839679,0.9832911724114235,0.6882026159577316
18159,0,0.2556743415574722,0.2954990649161222,99.59919839679358,99.79959919839679,97.1943887775551,97.79559118236473,0.8840240951310331,0.36670386543653843
18159,1,-0.04250688446918296,0.2821195620024278,86.17234468937876,95.59118236472945,93.9879759519038,97.59519038076152,0.9565397157138676,0.4531290544727722
18170,0,-0.30307223216475415,0.22802759010122128,43.28657314629258,45.29058116232465,99.79959919839679,97.59519038076152,0.8447485976680353,0.6991523024271193
18170,1,-0.14186491896795847,0.22123231130831467,24.448897795591183,33.26653306613226,99.19839679358718,93.78757515030061,0.896570512211236,0.6629349199550911
18556,0,-0.2444453317941529,0.27748292319048473,31.062124248496993,98.19639278557113,98.79759519038076,98.99799599198397,0.7336334315427193,0.3885553621028436
18556,1,-0.2528030471436996,0.2830574415532916,67.73547094188376,97.99599198396794,98.79759519038076,99.59919839679358,0.6557183360855734,0.3850030859416187
18888,0,0.005735892447065207,0.27531214082842587,66.33266533066133,93.18637274549098,99.59919839679358,52.30460921843687,0.4402818779905264,0.3438787378368008
18888,1,0.04920863391031913,0.2860939296912579,99.79959919839679,98.79759519038076,99.79959919839679,97.99599198396794,0.48826822434552397,0.3083726970983238
18960,0,-0.011033466607578075,0.2824165351603429,60.52104208416834,98.19639278557113,98.99799599198397,99.79959919839679,0.7272306314757917,0.4300613668833043
18960,1,-0.1861023443348109,0.2933513006854856,41.883767535070135,91.78356713426854,98.79759519038076,99.79959919839679,0.6539621661899484,0.42144916851860836
19331,0,0.3643957555329119,0.34349692526638526,35.671342685370746,89.37875751503006,89.57915831663327,90.38076152304609,0.8228057398612871,0.4576361063823229
19331,1,0.24467569331123734,0.2856784403425476,48.69739478957916,95.59118236472945,88.17635270541082,98.19639278557113,0.9176371315245957,0.3808747449290102
19471,0,0.08877074429603811,0.16246320750579787,76.15230460921843,97.99599198396794,76.55310621242485,80.7615230460922,0.8621025462294694,0.5794017917618826
19471,1,-0.043163240225657803,0.1845701600926614,84.16833667334669,98.19639278557113,62.925851703406806,83.56713426853707,0.8978422110127965,0.5284477170377192
19593,0,0.1497339436003373,0.08525644051714734,88.17635270541082,79.55911823647295,98.79759519038076,91.78356713426854,0.7185411187046211,0.49926720368639965
19593,1,-0.09118609446844889,0.1508523663234782,45.09018036072144,88.37675350701403,55.11022044088176,3.2064128256513023,0.9057756175699774,0.7058301275788241
19605,0,-0.07773350203215347,0.12206757892687425,90.5811623246493,98.79759519038076,22.84569138276553,73.54709418837675,0.9415912014117613,0.4495858728225639
19605,1,-0.09865877296552392,0.11878801625941793,40.480961923847694,96.79358717434869,2.404809619238477,92.38476953907816,0.9544606137338049,0.5748253619245541
20013,0,-0.0164933260058704,0.17860084826006112,53.50701402805611,91.58316633266533,97.99599198396794,87.5751503006012,0.5974390540253275,0.3965385410474769
20013,1,0.008456905549905342,0.19858431151589176,98.79759519038076,96.19238476953907,97.39478957915831,98.59719438877755,0.8096506652130857,0.4277964697258163
20072,0,-0.16579390490954016,0.30004842143876453,80.16032064128257,83.56713426853707,98.59719438877755,96.79358717434869,0.6411627179393622,0.33265660805712804
20072,1,0.29876518186652723,0.31337433783458163,97.1943887775551,99.79959919839679,99.79959919839679,99.39879759519037,0.48580782154201485,0.27022879611994777
20317,0,-0.0478142001341395,0.14160758771740525,33.66733466933868,79.15831663326654,87.97595190380761,99.39879759519037,0.9741562093221335,0.5308204636483762
20317,1,0.15792428575644363,0.21172121260402924,45.69138276553106,78.75751503006012,98.79759519038076,84.3687374749499,0.9188716563099162,0.5887384374660436
20380,0,0.016498107786778664,0.1825014531264889,92.98597194388778,94.78957915831663,93.3867735470942,24.649298597194388,0.8240048111661049,0.5301513706409811
20380,1,0.06489880793453617,0.17951444128473582,71.9438877755511,99.79959919839679,97.1943887775551,33.26653306613226,0.6927445494035707,0.49897843948968756
20520,0,-0.11125490878305255,0.25370103007433376,60.52104208416834,93.78757515030061,98.79759519038076,97.39478957915831,0.5284466082366082,0.41552558824821173
20520,1,0.025683677806596188,0.19871536468508122,90.78156312625251,79.75951903807615,98.79759519038076,99.79959919839679,0.6170164241166294,0.48878120861185115
20545,0,0.27261186708798746,0.45333204756071543,66.33266533066133,99.59919839679358,96.39278557114228,100.0,0.5317839561413268,0.49271264011787597
20545,1,-0.04274161656690202,0.4283769779983074,2.404809619238477,54.70941883767535,98.39679358717434,98.39679358717434,0.4545631368086879,0.5337887816890008
20863,0,0.20496775424055444,0.24794841288232514,95.79158316633266,97.99599198396794,97.59519038076152,96.19238476953907,0.7889099418451743,0.4723856372606421
20863,1,0.3132644244611433,0.27343448509904744,92.78557114228457,96.59318637274549,98.39679358717434,98.99799599198397,0.7568992841026694,0.38232714724029526
20882,0,0.08059088054304524,0.4948973514389125,90.5811623246493,97.79559118236473,99.79959919839679,100.0,0.5427750325552922,0.43883412333884
20882,1,-0.021841675940225336,0.4861994081581372,100.0,98.79759519038076,97.99599198396794,99.79959919839679,0.5181977010046779,0.44021893198439743
20904,0,0.10415383485876158,0.13271006465397636,13.426853707414828,51.903807615230455,64.52905811623246,78.3567134268537,0.959674094907783,0.6985739510627957
20904,1,0.09241971373757064,0.1135838397875914,89.77955911823648,73.74749498997996,72.34468937875751,90.38076152304609,0.9535826356202768,0.6618609573080348
21295,0,0.26926669235803713,0.48135970170156783,98.59719438877755,99.79959919839679,84.76953907815631,95.59118236472945,0.7857740489453882,0.23790938805433692
21295,1,-0.013843106284863318,0.5250326789506935,99.79959919839679,99.79959919839679,100.0,92.98597194388778,0.4430109924025437,0.2628735575429637
21414,0,-0.2562578401249808,0.18203299854184102,78.15631262525051,96.79358717434869,98.99799599198397,99.39879759519037,0.6220384008874192,0.3498830664006063
21414,1,-0.13126096745539048,0.24284102716351316,57.71543086172345,99.19839679358718,98.19639278557113,96.9939879759519,0.7362593636765986,0.37164576009320804
21436,0,0.4977756209757182,0.2592006554570295,87.97595190380761,99.19839679358718,92.18436873747495,70.14028056112225,0.8785800885331497,0.4126427546926934
21436,1,0.38847265204753184,0.2702777610491621,65.33066132264528,80.16032064128257,96.19238476953907,98.59719438877755,0.664115103347893,0.3883139208921904
21558,0,0.06641576029792139,0.435694558396697,95.79158316633266,87.17434869739479,94.38877755511022,90.98196392785572,0.7862709877490284,0.48886475843644606
21558,1,0.049166966764749555,0.41836938236454896,94.18837675350701,89.37875751503006,100.0,98.59719438877755,0.6543332141951903,0.3552225456870215
21887,0,0.05047593347816921,0.16354313221167582,95.19038076152304,98.19639278557113,100.0,99.79959919839679,0.474351684744861,0.41795956393367717
21887,1,0.11843236999676658,0.17032720144796953,98.99799599198397,98.39679358717434,99.39879759519037,99.39879759519037,0.5521790638033557,0.3218481779962029
22215,0,-0.015821813765590973,0.3127510330655516,74.54909819639278,50.901803607214426,15.230460921843688,36.47294589178357,0.9847297454935908,0.6165361851492634
22215,1,-0.09403828157927248,0.2946380567295007,30.861723446893784,27.054108216432866,95.39078156312625,78.95791583166333,0.9958261393547762,0.4893953287959536
22299,0,0.262701860050584,0.6245236695195509,95.39078156312625,99.79959919839679,99.39879759519037,98.79759519038076,0.2408690228433722,0.21983198462147402
22299,1,0.11030437351898985,0.6764044929275914,94.78957915831663,98.59719438877755,97.79559118236473,100.0,0.5644979740047442,0.41778591221715
22303,0,0.07741552016860966,0.20665520220796482,83.96793587174348,90.38076152304609,97.39478957915831,96.79358717434869,0.6566571208828818,0.3470805763900584
22303,1,0.19774228852320938,0.27130302619620794,44.68937875751503,81.1623246492986,96.59318637274549,81.56312625250501,0.8527011430145646,0.35713040054450973
22452,0,0.027849044114869447,0.19174882074248462,97.39478957915831,98.39679358717434,94.78957915831663,98.79759519038076,0.7719413542245674,0.40339585650396703
22452,1,0.09719627865046081,0.17858390915748718,92.18436873747495,97.59519038076152,100.0,99.19839679358718,0.6829787734936099,0.3413069827022567
22793,0,0.024606267960314093,0.23569885429873785,89.57915831663327,94.38877755511022,95.99198396793587,96.59318637274549,0.9272588548959387,0.5459043583533175
22793,1,0.3035470278245148,0.19705914487713153,97.79559118236473,94.98997995991984,97.79559118236473,98.79759519038076,0.8491675551362177,0.5627702351247561
22803,0,-0.18689146889957264,0.07034060378808565,64.32865731462925,75.55110220440882,81.1623246492986,32.46492985971944,0.9983879994674516,0.6210562691035013
22803,1,0.03343691228251379,0.0735712143625803,34.66933867735471,60.92184368737475,52.90581162324649,61.12224448897795,1.0152925043371472,0.5897474224162647
22924,0,0.574890091208856,0.6739469410845137,99.39879759519037,99.79959919839679,99.79959919839679,99.79959919839679,0.35440795540014447,0.265030079684747
22924,1,0.5336073893625445,0.6189296697940819,90.5811623246493,91.98396793587175,97.39478957915831,94.98997995991984,0.798194974743014,0.44538810838897636
23314,0,0.07281375557887261,0.2360794509896599,96.9939879759519,97.79559118236473,96.9939879759519,78.75751503006012,0.7836718673254242,0.4132767544247412
23314,1,0.32881691971088717,0.3237237795913484,93.5871743486974,100.0,100.0,99.79959919839679,0.45844004342264566,0.257374982387773
23445,0,0.3029614336702604,0.366912897255521,70.34068136272545,66.33266533066133,95.59118236472945,95.79158316633266,0.6607811139507217,0.4449335840052011
23445,1,0.03234789269244212,0.3594517285611077,80.7615230460922,83.96793587174348,99.39879759519037,100.0,0.6619784820168997,0.42924179125668727
23479,0,-0.0068174265551279945,0.18155826128180585,67.93587174348697,95.19038076152304,98.99799599198397,99.59919839679358,0.7034761216175441,0.49561585845381595
23479,1,0.13121680351451503,0.3318057193961662,95.39078156312625,100.0,99.59919839679358,100.0,0.5596028996399431,0.3334603583236514
23623,0,0.1767891152668519,0.16996363027792605,95.39078156312625,99.79959919839679,97.79559118236473,53.707414829659314,0.8261926445932025,0.4690484446509888
23623,1,0.010118257885383057,0.15415480632941295,92.58517034068137,93.9879759519038,61.12224448897795,73.74749498997996,0.8341900037021523,0.37363404993354477
23633,0,-0.08359000442529559,0.12903490076079097,75.75150300601202,48.897795591182366,98.19639278557113,99.59919839679358,0.9158876629594477,0.47735900048265845
23633,1,0.27005820403614544,0.216672223812721,84.96993987975952,74.34869739478958,95.39078156312625,99.59919839679358,0.7920912013161407,0.5447183757550664
23642,0,-0.2212722261011421,0.3199377662919598,17.635270541082164,61.32264529058116,98.79759519038076,96.59318637274549,0.773429360087329,0.41530950344722406
23642,1,0.24547922365772612,0.45814800761867164,35.07014028056113,98.59719438877755,99.59919839679358,63.727454909819635,0.7860804954734646,0.4515159281807316
23803,0,-0.16473947393525734,0.4016261723540201,12.625250501002002,81.76352705410822,82.96593186372746,93.5871743486974,0.7866227163729214,0.5328738920416822
23803,1,-0.023022435644903704,0.3695423358834802,12.424849699398797,66.53306613226452,92.58517034068137,57.71543086172345,0.9092707939236009,0.5713643382020943
24062,0,0.09567275216619112,0.16044349180534825,91.98396793587175,98.59719438877755,100.0,98.39679358717434,0.7754084367882383,0.3635191192449766
24062,1,0.1433696554040374,0.17125233875413617,87.17434869739479,95.99198396793587,100.0,98.39679358717434,0.8198638192687734,0.3541554120425464
24103,0,0.026863793997364337,0.2258796362534747,85.77154308617234,9.01803607214429,69.13827655310621,40.08016032064128,1.0029165822272892,0.762328738357889
24103,1,-0.10198681788102114,0.24268705499042426,48.09619238476954,14.428857715430862,72.34468937875751,30.26052104208417,1.0037933855050445,0.8109477240223045
24306,0,0.2091009676684948,0.27353335705967186,95.19038076152304,96.39278557114228,35.27054108216433,98.39679358717434,0.9622265022601353,0.5103768087139204
24306,1,0.28851471528927003,0.293115276128705,95.19038076152304,95.59118236472945,23.04609218436874,98.19639278557113,0.936022155873529,0.4826794150909244
24700,0,-0.08033337899528545,0.5003187252441518,39.278557114228455,18.03607214428858,23.446893787575153,8.41683366733467,0.9815464393420253,0.4848510366888571
24700,1,0.039663276136575575,0.4416876840040511,97.39478957915831,99.59919839679358,96.59318637274549,98.79759519038076,0.4836606105418091,0.4040169833804418
24790,0,0.09219031680613803,0.3035870140467377,30.060120240480963,64.92985971943888,99.59919839679358,66.73346693386773,0.9226893243501554,0.5711140254853008
24790,1,-0.026741612067749478,0.3335503620489695,45.69138276553106,98.99799599198397,100.0,84.5691382765531,0.6060881409954912,0.3529481903382792
25150,0,-0.01198566304625436,0.3943912887294262,91.58316633266533,95.39078156312625,90.78156312625251,93.18637274549098,0.8081736984023855,0.5000663640548788
25150,1,0.2749706109401399,0.3293855549318539,98.19639278557113,98.99799599198397,98.99799599198397,99.79959919839679,0.6500344205361517,0.3466817388847512
25166,0,0.4632015904512158,0.5941576771086927,99.39879759519037,98.19639278557113,100.0,100.0,0.6179687207264465,0.3883647011863156
25166,1,-0.5358069796055993,0.5703617938161093,89.17835671342685,83.56713426853707,70.74148296593187,90.5811623246493,0.9493512562272516,0.4592092737107122
25339,0,0.12262346666930521,0.3513693580559429,85.97194388777555,96.59318637274549,98.99799599198397,94.58917835671342,0.42262180009921246,0.5656534397435475
25339,1,0.11399892228262416,0.3667449633781831,47.09418837675351,85.77154308617234,96.39278557114228,94.78957915831663,0.6272704133540741,0.525972510472227
25360,0,0.1507013509920295,0.17261386607805468,94.98997995991984,25.450901803607213,83.56713426853707,56.71342685370742,1.0197622618843087,0.7056814323597371
25360,1,0.03739307887052004,0.21577808521680228,85.77154308617234,41.883767535070135,35.671342685370746,81.1623246492986,1.0285152806319022,0.7004780600444968
25374,0,-0.03677765139226374,0.4037179677494709,0.6012024048096193,9.619238476953909,31.062124248496993,14.829659318637276,0.9582011061611017,0.6341450141760685
25374,1,-0.0037049659649661328,0.39261374929906284,83.96793587174348,30.060120240480963,65.13026052104209,25.250501002004004,1.0129863457586967,0.6654684128984513
25447,0,0.0990533111466469,0.19368040614168042,52.104208416833664,19.839679358717436,77.55511022044088,97.39478957915831,0.905930936289854,0.6094727099046526
25447,1,0.2770279658825543,0.24353320265252643,87.17434869739479,19.03807615230461,98.79759519038076,97.79559118236473,0.8349279276000531,0.5018246995879927
26070,0,-0.0940096103921017,0.13116176331885976,98.99799599198397,99.39879759519037,97.79559118236473,73.74749498997996,0.8124874734991911,0.44134409436148714
26070,1,0.12405665733754383,0.183350187163737,93.3867735470942,80.56112224448898,100.0,85.97194388777555,0.6695833995572853,0.3686879205458411
26146,0,-0.04822817851187188,0.18103969532378786,79.55911823647295,99.79959919839679,97.59519038076152,100.0,0.6246559708229344,0.6744176483198198
26146,1,0.007767393296025921,0.15714442541789525,2.80561122244489,49.69939879759519,100.0,100.0,0.47100372374347543,0.5960838013542231
26419,0,0.0910427639642811,0.36765401956985616,93.78757515030061,97.1943887775551,92.78557114228457,93.5871743486974,0.8762089604768799,0.5340414088675132
26419,1,0.44292909094311744,0.32550517339474716,99.39879759519037,94.98997995991984,11.022044088176353,71.34268537074149,0.9540198518697021,0.5210966441608785
26519,0,0.08448683452954503,0.3185739671151825,1.2024048096192386,37.27454909819639,96.39278557114228,98.99799599198397,0.7946398558336376,0.5572714586209337
26519,1,-0.06662077303157046,0.1934981314280632,95.39078156312625,97.59519038076152,96.39278557114228,69.73947895791584,0.7035638647156448,0.44719385140433243
26535,0,0.057122714609510156,0.42497466171831844,51.703406813627254,42.28456913827655,72.34468937875751,92.98597194388778,0.8158398653179619,0.6509982449627093
26535,1,0.011463752092764186,0.45523760963347476,71.14228456913828,91.78356713426854,92.98597194388778,97.39478957915831,0.7154663199986733,0.5893747427058575
26749,0,-0.192420523652435,0.5659260446931086,99.59919839679358,98.39679358717434,98.19639278557113,97.59519038076152,0.6908583127426895,0.3469033264382504
26749,1,0.06154770185750064,0.5770799989900933,100.0,98.19639278557113,96.19238476953907,98.59719438877755,0.5645242718310914,0.3141144220400154
27131,0,0.04749958782539091,0.2209949623292415,79.55911823647295,51.302605210420836,7.014028056112225,24.649298597194388,1.0231312539763207,0.621674019656496
27131,1,-0.2383189116993053,0.20713599680107228,93.9879759519038,91.98396793587175,96.79358717434869,98.39679358717434,0.827428439314109,0.42024910451421915
27196,0,0.19311487080988063,0.23202977873612798,99.39879759519037,98.39679358717434,99.79959919839679,99.79959919839679,0.6145671541352273,0.32046934122735404
27196,1,0.021801083029232008,0.2673994003355288,88.17635270541082,97.59519038076152,99.19839679358718,98.79759519038076,0.7248977320296133,0.45790456545421143
27240,0,-0.06224888649688004,0.24649129256043031,43.48697394789579,93.78757515030061,98.39679358717434,90.78156312625251,0.7463194983696848,0.38957245800816054
27240,1,0.17828047527425833,0.23295409156761687,49.899799599198396,89.17835671342685,96.79358717434869,92.78557114228457,0.7893170195255377,0.4622503506722039
27260,0,-0.060096025022533604,0.3045623352285011,57.11422845691383,82.16432865731463,99.39879759519037,89.57915831663327,0.7750043669309626,0.442356199314238
27260,1,0.15575548125707428,0.3602472935049317,61.12224448897795,74.54909819639278,93.18637274549098,82.16432865731463,0.8486614831916833,0.5330703083122712
27648,0,0.08319901470781228,0.21475695126168526,71.7434869739479,94.78957915831663,97.59519038076152,94.78957915831663,0.7841956120267527,0.4652855423119151
27648,1,0.30738406308765703,0.24333996940305821,73.94789579158316,100.0,98.79759519038076,98.79759519038076,0.7114568274935786,0.45780743899676324
27688,0,-0.0010523050919032542,0.06276078596471034,98.79759519038076,100.0,95.79158316633266,95.79158316633266,0.9464479079830247,0.42207294973464016
27688,1,0.12539201068355357,0.05944986667339581,100.0,99.79959919839679,93.18637274549098,95.39078156312625,0.9422187142233137,0.3925566133966848
27781,0,0.13645204459592938,0.3420929372125005,89.57915831663327,42.08416833667334,1.8036072144288577,33.46693386773547,0.9776477062417197,0.6043537746675529
27781,1,0.12366976844235097,0.3135561839035248,57.11422845691383,52.90581162324649,47.09418837675351,23.446893787575153,0.9681978612972446,0.5800008849780734
28157,0,-0.03243096249368594,0.32231578072745615,97.39478957915831,90.38076152304609,49.899799599198396,53.90781563126252,0.9668906353129847,0.6138917518748559
28157,1,0.009243793743883254,0.2509472827863204,73.54709418837675,12.024048096192384,61.523046092184366,5.61122244488978,0.9690294393134073,0.7183812997415682
28253,0,0.6375519659379715,0.2829839152772527,66.33266533066133,86.57314629258516,92.18436873747495,79.15831663326654,0.9905287159035806,0.51440720056238
28253,1,0.3838185417365501,0.1755093389350935,96.79358717434869,92.18436873747495,91.98396793587175,100.0,0.7127147478808957,0.4534416019382267
28276,0,0.5190059995340395,0.34954127835016185,99.39879759519037,100.0,99.79959919839679,100.0,0.36996684221258747,0.27832148803369783
28276,1,0.4301508595676849,0.33867947642466456,98.19639278557113,100.0,99.39879759519037,100.0,0.5483883990117833,0.36715406980566834
28309,0,0.049850970932298615,0.4575433025977542,85.57114228456913,56.91382765531062,100.0,100.0,0.8370321142619073,0.4457651594333917
28309,1,0.07014554985437221,0.4070739372888207,84.96993987975952,53.106212424849694,100.0,96.59318637274549,0.9079695932762089,0.6170441474163757
28511,0,0.034156415552815005,0.4723430421969031,25.0501002004008,90.18036072144288,79.35871743486975,78.95791583166333,0.8673210964655745,0.47127470921477566
28511,1,0.23644750283453722,0.42091473959004083,9.218436873747494,62.124248496993985,50.70140280561122,18.43687374749499,0.9446333339697179,0.42913817234538865
28548,0,0.14048546023875258,0.3091055310034099,83.76753507014027,88.37675350701403,93.18637274549098,90.78156312625251,0.8653568609764171,0.44024968244421125
28548,1,0.16822520354655401,0.3317098499138571,62.925851703406806,93.9879759519038,99.59919839679358,100.0,0.7595382582581939,0.3012627371780008
28979,0,0.0944976331705513,0.12847593630003423,85.37074148296593,50.901803607214426,47.89579158316633,74.9498997995992,1.0208171677308457,0.6220188306007866
28979,1,-0.11702796940669875,0.10096313297883434,53.3066132264529,10.62124248496994,93.5871743486974,99.79959919839679,1.0433924425594858,0.615548977715902
29018,0,0.1605556045588611,0.4147843174912508,99.19839679358718,99.59919839679358,98.39679358717434,100.0,0.6358896301794137,0.33860059190940284
29018,1,0.23359581549899777,0.3608156518357471,98.99799599198397,99.79959919839679,99.79959919839679,97.99599198396794,0.5854617076796029,0.36546367411851843
29179,0,0.05226150789673204,0.44632623464475946,80.16032064128257,97.39478957915831,99.59919839679358,100.0,0.47704398061453224,0.3865484124814771
29179,1,-0.0775818071132349,0.49124505252186756,84.16833667334669,88.37675350701403,98.19639278557113,97.99599198396794,0.46348918004367157,0.599138724278963
29221,0,-0.07882251799151485,0.13548175600214812,56.91382765531062,71.34268537074149,100.0,99.59919839679358,0.623229544967785,0.5838795157612393
29221,1,-0.23436132751432284,0.2716375022172283,58.91783567134269,63.126252505010015,99.79959919839679,98.99799599198397,0.6500873633686917,0.5051984467637525
29400,0,-0.0744539483999835,0.25230513974024477,40.480961923847694,98.19639278557113,97.79559118236473,100.0,0.808967945177129,0.40949081575660773
29400,1,-0.04789547377567388,0.22677868975636173,45.89178356713427,92.98597194388778,62.725450901803605,37.07414829659319,0.9902943566875223,0.6225396836455568
29511,0,0.34537556424685995,0.7666960350905242,100.0,100.0,100.0,81.3627254509018,0.6972526467505793,0.32213114992992153
29511,1,0.32482626991831937,0.7753328259645745,100.0,99.79959919839679,99.59919839679358,91.98396793587175,0.7586612207722588,0.3301045640470964
29591,0,-0.027294386730119316,0.20607369160222522,16.432865731462925,39.078156312625254,70.54108216432866,73.74749498997996,0.9848679682582847,0.4607524426294838
29591,1,0.20963669368771923,0.22000662032900056,79.95991983967936,75.1503006012024,92.58517034068137,97.99599198396794,0.8929935183001173,0.46922694903690476
29610,0,-0.07162006358422017,0.12280269037577297,93.3867735470942,98.79759519038076,98.79759519038076,98.59719438877755,0.6972606768310586,0.36477034485948734
29610,1,0.16938337151225547,0.13154366668809778,98.99799599198397,99.59919839679358,94.58917835671342,99.59919839679358,0.774083329156947,0.3814512512749517
29717,0,-0.0967612472341969,0.2765700787631761,74.34869739478958,79.75951903807615,91.58316633266533,90.78156312625251,0.8727933308389452,0.5343600771092805
29717,1,0.10986301543617033,0.3097082281040536,64.92985971943888,80.36072144288578,90.38076152304609,89.57915831663327,0.8491861079490748,0.4785608402029551
29815,0,0.3059805458221745,0.5897464894393135,87.97595190380761,93.18637274549098,95.79158316633266,94.58917835671342,0.7016244760841059,0.4645628179078306
29815,1,0.1667795121739961,0.6183769810303346,93.78757515030061,97.59519038076152,96.19238476953907,96.59318637274549,0.678735640974608,0.43304318680477805
29831,0,0.17385852802532584,0.18352235120558896,2.004008016032064,54.30861723446894,34.86973947895792,93.5871743486974,0.89458069655121,0.6148336666232478
29831,1,-0.007023819447222156,0.18221926303957584,78.15631262525051,89.37875751503006,74.34869739478958,81.96392785571143,0.9304758396775943,0.5895592591233556
29903,0,0.03653766553823035,0.43786140196883455,35.47094188376754,53.3066132264529,78.95791583166333,41.08216432865731,0.9439383497642345,0.6051473007307488
29903,1,0.06656060845096995,0.5282572711443716,1.8036072144288577,50.300601202404806,58.717434869739485,34.86973947895792,0.9983015564146139,0.6760119161234766
29942,0,0.04057815756309239,0.2803371070562747,82.56513026052104,97.39478957915831,80.96192384769539,95.99198396793587,0.935393138990249,0.39537679790053815
29942,1,-0.19023469374644017,0.2511458717438977,34.06813627254509,78.95791583166333,94.78957915831663,71.7434869739479,0.937442570356608,0.3700680013108363
30016,0,0.044834289977873365,0.44520762770155625,56.312625250501,85.77154308617234,87.374749498998,94.18837675350701,0.9325846556606545,0.5072868052939998
30016,1,0.3183658963016333,0.4962605096303311,63.52705410821643,97.99599198396794,99.79959919839679,98.79759519038076,0.5744172491498525,0.43140568912952737
30068,0,-0.09757594366560918,0.09641940242231073,94.78957915831663,98.79759519038076,88.77755511022045,30.861723446893784,0.9976183875994901,0.5564133031033789
30068,1,-0.002563780415800065,0.10379891857763458,87.374749498998,90.5811623246493,72.74549098196393,83.16633266533067,1.009785755675251,0.574789333780349
30077,0,0.0010375957344282958,0.046319959606386345,93.18637274549098,92.58517034068137,98.79759519038076,99.39879759519037,0.5487810823991192,0.5163062440090125
30077,1,-0.1031390966568707,0.0372408681321867,99.39879759519037,97.39478957915831,99.19839679358718,98.59719438877755,0.5187212031957116,0.41916131321007244
30139,0,0.11907311527547537,0.2069164807174932,93.9879759519038,79.55911823647295,84.96993987975952,41.48296593186373,0.9240988016598362,0.5846464491903558
30139,1,0.07979615946574692,0.2705574079674547,86.17234468937876,52.505010020040075,81.1623246492986,88.17635270541082,0.9195175938992511,0.5599166833995075
30888,0,0.11157986387284904,0.2539543236916789,24.04809619238477,58.517034068136276,97.79559118236473,94.38877755511022,0.6781765385914872,0.6090668873024688
30888,1,-0.018235133884628885,0.260537291079577,30.060120240480963,66.53306613226452,96.59318637274549,100.0,0.7560596869907061,0.6248416824066214
30961,0,0.0996551212968606,0.3275817317936793,97.79559118236473,99.59919839679358,99.59919839679358,96.79358717434869,0.4626946176442003,0.30547966268386473
30961,1,-0.4823602379214506,0.3297374360960732,69.73947895791584,98.19639278557113,96.79358717434869,90.38076152304609,0.7951501749084843,0.40499638394716353
31234,0,0.05084762354726561,0.10224232763986975,50.901803607214426,97.99599198396794,99.79959919839679,96.39278557114228,0.6415852289614941,0.46406866563428295
31234,1,0.15048415137769322,0.09129774084156093,23.04609218436874,58.31663326653307,99.19839679358718,98.39679358717434,0.7183838332251871,0.5797277191727551
31244,0,-0.18851701772574925,0.3111284430950821,37.87575150300601,73.94789579158316,98.39679358717434,80.96192384769539,0.8898322504408538,0.3220181883833495
31244,1,0.13446152500915937,0.33590619893626367,88.97795591182364,99.39879759519037,95.19038076152304,89.37875751503006,0.930672045457382,0.44903139347815324
31251,0,-0.15001985579408958,0.221905442793923,38.476953907815634,22.24448897795591,63.326653306613224,70.94188376753507,0.9338133619856763,0.7041268641764331
31251,1,-0.3397362528963512,0.18659047785913413,49.69939879759519,44.48897795591182,54.30861723446894,72.94589178356713,0.9553233938779953,0.6965774935745267
31280,0,-0.06941370477813112,0.36337705555829425,64.92985971943888,99.79959919839679,95.59118236472945,99.79959919839679,0.4769145368044867,0.41155309405553964
31280,1,0.09105912394574027,0.31842177196849525,93.9879759519038,98.19639278557113,92.18436873747495,99.79959919839679,0.5901899421905179,0.5359236889291008
31503,0,0.5018663049597819,0.18053065875261476,99.79959919839679,98.59719438877755,99.59919839679358,99.19839679358718,0.7381158406921342,0.4069780600546985
31503,1,0.09924677925949656,0.21036882741411803,10.420841683366733,81.76352705410822,97.79559118236473,99.39879759519037,0.6893856586368582,0.47611988497684965
31776,0,0.29098292733006703,0.40994822230302075,91.18236472945893,94.78957915831663,69.33867735470942,94.98997995991984,0.9679965189348811,0.4402671500122667
31776,1,0.27596940903554007,0.38088743722894386,87.5751503006012,93.78757515030061,80.36072144288578,41.08216432865731,0.9811863831951456,0.4448915038783797
32051,0,0.016617111886874786,0.24880487662059375,24.448897795591183,38.877755511022045,92.18436873747495,76.35270541082164,0.7228850145689736,0.43704846431267885
32051,1,-0.14849296039809562,0.286606113152047,14.629258517034069,7.014028056112225,79.35871743486975,84.76953907815631,0.8398507403637296,0.46686986672328623
32062,0,-0.1270395305230668,0.2218604910859538,66.53306613226452,27.45490981963928,97.1943887775551,96.79358717434869,0.8120734258185549,0.4510534984767398
32062,1,0.1377687835964751,0.2601358662961499,71.7434869739479,65.33066132264528,91.58316633266533,98.99799599198397,0.9220656834907219,0.4739553896076406
32140,0,-0.04040795757947629,0.5953865469339534,82.56513026052104,90.38076152304609,100.0,97.59519038076152,0.7349810855004305,0.34403253128475586
32140,1,0.0021817095642640773,0.41875888242146675,91.78356713426854,91.18236472945893,94.18837675350701,99.59919839679358,0.7153231081563698,0.4160886040445748
32365,0,-0.020489294153341425,0.22284532997048637,94.18837675350701,62.32464929859719,98.99799599198397,17.43486973947896,0.9521755465484305,0.5601988327303112
32365,1,0.2223836643498123,0.2380794649446128,85.97194388777555,68.5370741482966,96.79358717434869,17.635270541082164,0.8420481623904823,0.5384175793392716
32427,0,-0.10477875181423695,0.16550046297111967,98.59719438877755,99.79959919839679,99.39879759519037,92.98597194388778,0.6534636400605872,0.35119592548620604
32427,1,0.19585280777610148,0.1570840365065768,95.59118236472945,99.79959919839679,100.0,100.0,0.5039079409476773,0.29227721508907456
32470,0,0.005806773690355688,0.12199573052877642,19.03807615230461,40.6813627254509,10.420841683366733,40.88176352705411,0.9712769212172003,0.7149080291569788
32470,1,-0.09075529169026061,0.11854642960250772,96.79358717434869,83.56713426853707,7.8156312625250495,56.312625250501,0.9987372452375614,0.7179575253300037
32532,0,-0.04788535898758146,0.13439659333525028,65.33066132264528,66.53306613226452,94.18837675350701,98.79759519038076,0.9520305138440481,0.47892300871763704
32532,1,0.15782432238689845,0.11022563211113473,100.0,100.0,98.79759519038076,97.1943887775551,0.7756265122597339,0.43713901065909466
32630,0,-0.054160860445545266,0.3083865480259229,23.446893787575153,84.96993987975952,99.79959919839679,100.0,0.39595433812377334,0.31924175615295747
32630,1,-0.28280917050881094,0.29550245033935263,42.28456913827655,96.59318637274549,99.79959919839679,98.79759519038076,0.6370562258899499,0.439841433543412
32680,0,0.27693749040608723,0.5122631170802352,97.59519038076152,99.79959919839679,99.79959919839679,99.79959919839679,0.672815978513468,0.3076433679999149
32680,1,0.21198754765563313,0.5584727855559265,70.74148296593187,96.19238476953907,99.19839679358718,99.79959919839679,0.6896469611271785,0.41386410101096105
32697,0,0.17216126276368504,0.32055055417889017,96.79358717434869,95.19038076152304,96.19238476953907,95.39078156312625,0.8189072388876005,0.43971930887933797
32697,1,-0.02969860598361856,0.3138379825229246,97.99599198396794,94.38877755511022,97.1943887775551,94.98997995991984,0.8090005020998229,0.552409218886736
33057,0,0.09602642269816075,0.2974802198016884,86.37274549098196,81.96392785571143,34.2685370741483,61.523046092184366,0.9843064166861885,0.6480256350117652
33057,1,-0.18063431550653103,0.2611871169426102,56.1122244488978,79.35871743486975,18.637274549098194,78.3567134268537,1.0285571014283872,0.6509940736240653
33084,0,0.10622435162617148,0.1464354047298545,96.79358717434869,100.0,99.59919839679358,100.0,0.8003845779577512,0.46711412898802873
33084,1,-0.1279936134805232,0.1729150716347273,80.16032064128257,96.59318637274549,82.96593186372746,99.59919839679358,0.8750914132523445,0.5874457665619788
33123,0,0.25470373002612934,0.4445386053797307,2.80561122244489,57.31462925851704,66.93386773547094,78.55711422845691,0.9413811466388344,0.5615160813445729
33123,1,0.1923055693174818,0.45090871233172286,65.33066132264528,80.7615230460922,94.78957915831663,99.79959919839679,0.9495888021948152,0.5371191669192834
33256,0,0.48924773718790177,0.6481164634321135,94.18837675350701,95.19038076152304,98.99799599198397,99.39879759519037,0.7922161349922716,0.4736619599904609
33256,1,0.02036093359542278,0.5970071736316226,88.77755511022045,97.59519038076152,99.19839679358718,99.59919839679358,0.7360425241276409,0.4717214356835818
33264,0,0.0675029247928188,0.1873954067453294,94.38877755511022,95.39078156312625,84.76953907815631,91.18236472945893,0.9571800432526202,0.6321605357634557
33264,1,0.06735497991786903,0.16878530990316482,48.296593186372746,90.38076152304609,94.78957915831663,84.16833667334669,0.8351857275313658,0.6731697504662647
33336,0,-0.03845388546719101,0.2912766864090052,74.9498997995992,75.35070140280561,78.55711422845691,94.38877755511022,0.8200181478956261,0.43993213403357034
33336,1,0.04108439998311937,0.3255178245923863,37.4749498997996,47.49498997995992,97.59519038076152,98.59719438877755,0.8642068188735544,0.3621972472027887
33342,0,0.08049470773239485,0.27265634572218717,39.478957915831664,21.442885771543086,89.97995991983969,48.897795591182366,0.8613147744389471,0.4625129290737747
33342,1,0.1509012604816349,0.2350682197903614,43.687374749499,23.647294589178355,99.19839679358718,23.04609218436874,0.7737205977883732,0.4530297986671149
33512,0,0.1806007230320633,0.20751969849909013,98.79759519038076,98.99799599198397,52.705410821643284,97.59519038076152,0.9510376300682614,0.4802784226885799
33512,1,0.10250900480969542,0.17572373239712302,93.78757515030061,93.78757515030061,87.5751503006012,63.52705410821643,0.9777477677139185,0.5291970640200663
33863,0,0.14603121000450084,0.24930246243498555,47.29458917835671,97.59519038076152,100.0,99.79959919839679,0.7293742659346121,0.29593406798557087
33863,1,-0.06004492714296735,0.23996712956812744,88.17635270541082,96.9939879759519,96.59318637274549,99.79959919839679,0.7642706693169794,0.37916709512551716
33990,0,0.011759299420286659,0.32196716472751485,89.57915831663327,99.39879759519037,99.39879759519037,98.19639278557113,0.5088348339430473,0.25973638162929247
33990,1,-0.11023800867593728,0.36384622239935444,82.56513026052104,98.99799599198397,97.59519038076152,95.39078156312625,0.5636836623197642,0.31801641722011476
34169,0,0.10980007597134427,0.16021906886736761,58.116232464929865,92.98597194388778,99.39879759519037,95.99198396793587,0.7599098835671352,0.3960290127950221
34169,1,0.05082637529335061,0.15596232303588076,69.33867735470942,56.51302605210421,85.17034068136272,22.44488977955912,0.9010540262244564,0.45020827922420825
34198,0,-0.2169220355484049,0.21784672047520579,42.28456913827655,64.32865731462925,98.39679358717434,64.92985971943888,0.9268493928296255,0.37008138178423766
34198,1,0.1005922235269782,0.23615231921706997,99.39879759519037,90.38076152304609,88.37675350701403,93.3867735470942,0.8631911895771419,0.49031052917374984
34415,0,0.35244195816998086,0.20380142428929718,99.79959919839679,99.19839679358718,97.79559118236473,98.99799599198397,0.8104121252580483,0.38796887001658675
34415,1,0.05888310625733319,0.18408371587250072,75.95190380761522,80.7615230460922,96.59318637274549,100.0,0.8662447258534802,0.36810044868225467
34509,0,0.03461110005079754,0.10144163708590463,92.98597194388778,94.18837675350701,95.79158316633266,72.54509018036072,0.8186954100127412,0.5332029793951246
34509,1,0.047250432844598435,0.12398938913338631,95.39078156312625,98.19639278557113,92.18436873747495,44.48897795591182,0.9307502910645211,0.5207473196144079
34565,0,0.5560686676945875,0.6084347320460274,97.1943887775551,97.1943887775551,99.39879759519037,98.79759519038076,0.6140136728290038,0.38634117584626004
34565,1,-0.28035094128497917,0.5967265921086435,48.897795591182366,89.97995991983969,98.39679358717434,98.59719438877755,0.7726023931361646,0.34986259655662977
34854,0,-0.1025716219511076,0.4746783538035046,89.77955911823648,98.39679358717434,99.59919839679358,95.59118236472945,0.5932233822728238,0.3924545328615464
34854,1,0.03660408507519472,0.4765695438906172,99.59919839679358,99.79959919839679,98.79759519038076,95.79158316633266,0.5679355539876153,0.37764897044575785
34998,0,0.3649702117824283,0.22478367752078757,99.79959919839679,99.79959919839679,99.79959919839679,100.0,0.4142391856011719,0.2204824190063438
34998,1,-0.17111794466488708,0.21059613263378751,77.75551102204409,64.12825651302605,13.226452905811623,90.38076152304609,0.9625501791402982,0.6149151221394051
35100,0,0.38236628666182865,0.32669251687908146,94.58917835671342,98.59719438877755,10.02004008016032,71.14228456913828,0.9879121209413967,0.565216610388417
35100,1,0.23760284610285828,0.2881579403328214,91.98396793587175,95.59118236472945,99.79959919839679,96.79358717434869,0.4066693687029249,0.3442180372375009
35119,0,0.04049126861535832,0.3699557873960813,35.07014028056113,97.1943887775551,100.0,98.59719438877755,0.7020384574408052,0.4795814550755124
35119,1,0.08611674753992155,0.3480569452207854,77.55511022044088,98.19639278557113,100.0,99.79959919839679,0.7149584132919871,0.40813095759426443
35131,0,-0.058774697980373415,0.2147312751517228,78.75751503006012,91.38276553106212,98.99799599198397,100.0,0.8796190695874121,0.41263774431401934
35131,1,0.31066173291584737,0.2523691545812512,99.39879759519037,75.1503006012024,95.99198396793587,98.59719438877755,0.9003899736410229,0.5234623076984701
35234,0,0.04089303955572884,0.2232217538942088,79.95991983967936,75.75150300601202,50.1002004008016,90.38076152304609,1.019774273283425,0.7059585705212317
35234,1,-0.051123090415037015,0.24586489161679395,11.422845691382765,68.13627254509018,69.93987975951904,86.37274549098196,0.9856222559556853,0.7392833420154885
35269,0,0.07401867942707545,0.38905882050537965,79.15831663326654,95.59118236472945,13.627254509018035,78.55711422845691,0.9072373225479803,0.47111096534148067
35269,1,0.07003773961889545,0.3869413805282789,21.8436873747495,35.47094188376754,69.33867735470942,58.717434869739485,1.0130956700717753,0.675364064759792
35281,0,0.02000058087205431,0.27150930979104715,43.08617234468938,55.71142284569138,99.19839679358718,76.55310621242485,0.8503158196798802,0.5412566149783209
35281,1,-0.2383465880416998,0.34473120350232817,38.07615230460922,84.16833667334669,63.92785571142284,92.18436873747495,0.9525181672916092,0.48506660581382977
35475,0,0.00523429352954487,0.24285324985778758,87.374749498998,99.59919839679358,100.0,91.38276553106212,0.7383088515569705,0.5104348209394767
35475,1,0.046112289912455584,0.17293297443606198,98.39679358717434,88.57715430861724,58.717434869739485,1.402805611222445,0.9514426534216177,0.6043539605293975
35600,0,-0.10268910324266098,0.3619524369486347,43.687374749499,83.96793587174348,55.31062124248497,98.59719438877755,0.9492720459815367,0.6533337910466924
35600,1,0.017355745984759474,0.4390710014352417,64.12825651302605,84.5691382765531,56.51302605210421,98.19639278557113,0.9284074458810423,0.640280229684125
35613,0,0.33889859371986364,0.20341891992869962,93.78757515030061,94.38877755511022,72.34468937875751,70.34068136272545,0.8183402547403761,0.4390505270279298
35613,1,0.3227710320186661,0.20091150765384944,99.19839679358718,100.0,96.9939879759519,91.78356713426854,0.7025264239089823,0.4193812378853393
35659,0,-0.02284196203391567,0.06280802753616464,53.3066132264529,29.458917835671343,68.33667334669339,64.32865731462925,0.9875193721338411,0.8023179930047803
35659,1,0.1411046910694369,0.07790506298888898,99.59919839679358,99.59919839679358,99.59919839679358,100.0,0.4212031164441652,0.34171630111919304
35916,0,0.2998664214113761,0.1662342067702758,64.72945891783567,84.16833667334669,99.79959919839679,100.0,0.6466722202240807,0.5046736000894261
35916,1,0.0022326493597116747,0.11797650900545448,62.32464929859719,78.3567134268537,99.59919839679358,98.39679358717434,0.7442169682079515,0.5344206713882844
35964,0,0.03330473763885296,0.36369539618727925,73.54709418837675,93.3867735470942,92.58517034068137,85.77154308617234,0.8676275730030739,0.3762799788586866
35964,1,0.028933062798873775,0.29898129140695956,75.55110220440882,97.39478957915831,85.57114228456913,88.97795591182364,0.9443888475197456,0.347242798503148
36198,0,-0.03190455431550018,0.09440178162985302,75.75150300601202,88.37675350701403,99.39879759519037,78.15631262525051,0.7603788797805722,0.3852035435631428
36198,1,0.006997501040848903,0.08994078683856126,79.95991983967936,97.39478957915831,99.79959919839679,55.31062124248497,0.8850715302989336,0.3784356284182151
36287,0,-0.1781574552363505,0.14658513609436474,32.86573146292585,98.39679358717434,91.58316633266533,66.33266533066133,0.8615305107384941,0.5737996007477808
36287,1,-0.1380448432119749,0.10196421729485852,54.30861723446894,94.38877755511022,40.88176352705411,67.33466933867736,0.9589673388862533,0.586561080522396
36543,0,-0.07306535265750272,0.3817524431172657,83.56713426853707,92.98597194388778,97.1943887775551,97.79559118236473,0.6003074010025906,0.39553066824568794
36543,1,-0.07934090457762868,0.4822780225438686,54.10821643286573,90.78156312625251,96.9939879759519,95.19038076152304,0.5399034336373714,0.29309128284426544
36557,0,0.18137141216885364,0.20922763512817746,99.79959919839679,99.79959919839679,100.0,99.79959919839679,0.6537604804692614,0.26736593235052797
36557,1,0.17228960773896596,0.22663765178769674,96.59318637274549,100.0,85.77154308617234,99.39879759519037,0.8517893374512424,0.47549526137631026
36992,0,-0.04744354386966279,0.28595527249097136,36.47294589178357,35.671342685370746,83.36673346693387,97.1943887775551,0.8162587448837625,0.7323838652019325
36992,1,0.12289093668300671,0.5121885591682331,49.298597194388776,29.458917835671343,96.79358717434869,98.59719438877755,0.7929233596988114,0.6430643651146493
37034,0,-0.1461356077399284,0.23145281583482377,14.629258517034069,90.18036072144288,94.78957915831663,96.39278557114228,0.9150160942355122,0.4263821813136619
37034,1,-0.03961106859877004,0.20203457140406617,49.298597194388776,80.56112224448898,96.39278557114228,99.79959919839679,0.8761436493438561,0.4953935865496045
37053,0,-0.16677757345682132,0.25749345643802884,99.59919839679358,92.78557114228457,73.34669338677354,85.37074148296593,0.8838961219406222,0.5493431987886896
37053,1,0.040425092428139714,0.36726648908555304,46.893787575150306,97.1943887775551,96.9939879759519,100.0,0.6323980969996339,0.2642422157488338
37255,0,-0.05866078490468147,0.3938417392096668,70.94188376753507,99.19839679358718,82.36472945891784,12.625250501002002,0.8271774055703626,0.5215923120292802
37255,1,0.0071322092300753264,0.3946656675585708,98.59719438877755,97.79559118236473,57.11422845691383,34.2685370741483,0.876926321592284,0.5356959677942228
37362,0,0.1974816430275967,0.1645379352934283,96.19238476953907,99.79959919839679,98.79759519038076,97.99599198396794,0.7798568605187078,0.3993848022165133
37362,1,0.24474634034073725,0.1371926345814087,97.79559118236473,96.79358717434869,94.58917835671342,89.97995991983969,0.859938923427781,0.41185930092428347
37406,0,0.4725086985789274,0.5324259858176295,75.35070140280561,71.14228456913828,28.65731462925852,78.95791583166333,0.8539957941364034,0.5635659057752302
37406,1,0.44870802906823726,0.5642437387199176,91.98396793587175,83.16633266533067,43.687374749499,98.99799599198397,0.8727781189977386,0.5666763596359228
37505,0,0.3102089910313802,0.5431630868274958,94.18837675350701,97.39478957915831,98.79759519038076,100.0,0.3711289193738022,0.2248570214840122
37505,1,0.1400680938924866,0.49995946097288446,81.1623246492986,83.36673346693387,98.99799599198397,100.0,0.3409752677254059,0.21849222480373953
37552,0,-0.181851307145334,0.2674069729969722,75.55110220440882,96.9939879759519,98.99799599198397,99.79959919839679,0.5194319927077105,0.19544652482130742
37552,1,0.06929243227557087,0.3241862247946964,89.37875751503006,98.19639278557113,98.99799599198397,98.99799599198397,0.6001348231177595,0.3037381360018989
37899,0,-0.0014036286998362648,0.10338626600742067,97.39478957915831,99.79959919839679,100.0,98.39679358717434,0.2604411885033838,0.281689817016639
37899,1,0.12680567998067185,0.10059158406111286,99.79959919839679,99.39879759519037,100.0,97.59519038076152,0.28546512277380653,0.2924974922563476
38091,0,-0.030294296955829587,0.05327558563848741,80.56112224448898,94.58917835671342,99.39879759519037,91.18236472945893,0.7936016144794366,0.49708174739062383
38091,1,0.01732831289979132,0.06748884079080138,96.39278557114228,99.59919839679358,97.99599198396794,98.39679358717434,0.7778179700316535,0.4627168683370373
38194,0,0.23649320228977228,0.3671322615467148,99.39879759519037,96.79358717434869,82.96593186372746,98.99799599198397,0.9741442929160701,0.4494879135417439
38194,1,0.2556947686065994,0.3705003663397269,99.79959919839679,97.79559118236473,65.33066132264528,94.38877755511022,0.9689261018341697,0.5175405740821797
38375,0,0.43907124280325827,0.29841719566658964,44.48897795591182,97.1943887775551,85.97194388777555,85.17034068136272,0.9481976818978736,0.576877873350691
38375,1,0.3418385410532619,0.2560318947368828,18.637274549098194,49.09819639278557,84.16833667334669,96.59318637274549,0.9795996515516422,0.5860248768190137
38380,0,0.06206727702404736,0.2798635301207093,79.75951903807615,29.659318637274552,90.78156312625251,66.93386773547094,0.972513360816278,0.6417745507697379
38380,1,0.3147504788544587,0.37724463803543207,95.19038076152304,97.1943887775551,96.9939879759519,98.79759519038076,0.9188914654238904,0.45209177228334607
38833,0,-0.2243480677942413,0.2636724191927105,59.919839679358724,88.77755511022045,62.525050100200396,83.16633266533067,0.9746162400066936,0.48275832384382067
38833,1,0.3868112215364991,0.3531865382187163,99.19839679358718,98.39679358717434,71.5430861723447,72.94589178356713,0.9172666305784921,0.5087892418786221
38887,0,0.11791701527327393,0.3260545510464001,86.57314629258516,96.79358717434869,98.59719438877755,96.39278557114228,0.7717913825449721,0.4195442140141289
38887,1,0.2241245103523319,0.3346493898985269,83.36673346693387,92.38476953907816,98.19639278557113,100.0,0.6069408651017723,0.32916266745925826
39183,0,0.3030940808823265,0.14569028405610848,68.13627254509018,90.78156312625251,100.0,100.0,0.3862245878800641,0.31083774761729543
39183,1,0.34770398488545834,0.13679507855304376,94.98997995991984,96.39278557114228,100.0,99.19839679358718,0.4256061223295503,0.31012940465778216
39288,0,0.16964363049996806,0.3161278336149954,97.79559118236473,98.59719438877755,97.39478957915831,100.0,0.671449157208116,0.35655207824058044
39288,1,0.14820381392087154,0.3227124334233526,92.78557114228457,97.79559118236473,99.79959919839679,93.3867735470942,0.7979377856063736,0.3722975224785994
39384,0,0.048943419606498825,0.32099460218794484,18.03607214428858,89.17835671342685,92.78557114228457,38.07615230460922,0.746901659947894,0.48184642771472785
39384,1,-0.04945203551783394,0.28863503980514515,94.58917835671342,100.0,77.9559118236473,24.448897795591183,0.7979368233664171,0.48980902516175107
39490,0,-0.00419399453960075,0.2499770195095635,46.09218436873748,89.77955911823648,97.39478957915831,96.79358717434869,0.9201655917955378,0.5089382152944937
39490,1,0.16768557653219823,0.33539779442576456,85.37074148296593,95.59118236472945,79.35871743486975,70.94188376753507,0.9432243119223284,0.5983782840872465
39557,0,0.23253580765398987,0.12669861970859825,97.99599198396794,82.96593186372746,100.0,80.7615230460922,0.8310528606996868,0.39809871634407734
39557,1,0.35137308362160435,0.19231572464782376,83.56713426853707,89.77955911823648,100.0,79.15831663326654,0.770624202526036,0.4046772654094223
39756,0,-0.08205530122503778,0.43809623701628286,53.90781563126252,27.25450901803607,66.93386773547094,89.97995991983969,0.8035630314925494,0.6373437499285528
39756,1,-0.17309401642452568,0.4871221527293578,53.106212424849694,67.53507014028057,82.16432865731463,81.1623246492986,0.8693337796382938,0.6414079785693794
39793,0,0.04241135750140146,0.2627474211588517,31.062124248496993,97.59519038076152,98.59719438877755,97.79559118236473,0.6892184907901848,0.4437761543232608
39793,1,-0.12602407229118123,0.25354280887362757,88.57715430861724,99.79959919839679,70.54108216432866,35.27054108216433,0.9672970784517623,0.4973614767410448
39920,0,0.0858061143525113,0.45972163139569894,89.77955911823648,93.3867735470942,99.79959919839679,100.0,0.6877691613942439,0.39487621275426465
39920,1,0.013200012211621998,0.35439295868319887,87.17434869739479,94.98997995991984,99.79959919839679,99.39879759519037,0.755048416236206,0.48919941144099954
39986,0,-0.03488937650447726,0.22032331704800692,26.052104208416832,97.39478957915831,91.38276553106212,8.617234468937877,0.9565214104192427,0.5189544160473664
39986,1,0.145814984672032,0.21777364390417744,66.93386773547094,92.98597194388778,99.39879759519037,54.30861723446894,0.7620706816907341,0.43833147418535456
40269,0,0.15178953471548828,0.33303653635629366,46.49298597194389,81.1623246492986,97.59519038076152,82.16432865731463,0.7516761937104146,0.6567930185974222
40269,1,-0.08126281292096521,0.2772799654702451,87.7755511022044,94.58917835671342,95.59118236472945,99.59919839679358,0.6329657649246431,0.3806659361985838
40756,0,0.026772007594867524,0.1647375308295103,48.09619238476954,66.53306613226452,71.7434869739479,94.98997995991984,0.9911700598359907,0.614348403353181
40756,1,0.2154845767720949,0.27309210758870356,92.98597194388778,87.17434869739479,48.897795591182366,79.55911823647295,1.0073416663867847,0.5855511541276064
40798,0,0.36834012226547996,0.5738135436942232,95.39078156312625,98.39679358717434,97.99599198396794,91.98396793587175,0.30296477296798596,0.22249086441911725
40798,1,0.10923864949195575,0.5458204039482933,94.58917835671342,99.39879759519037,98.79759519038076,98.59719438877755,0.3965391861941645,0.2304023464820546
40819,0,0.00817140216290073,0.11101888894804528,97.39478957915831,97.59519038076152,31.062124248496993,98.59719438877755,0.8541979343164088,0.5217623892255524
40819,1,0.09831224306084539,0.13112668603101013,92.38476953907816,95.39078156312625,4.008016032064128,97.1943887775551,0.8582980095166953,0.560689214035245
40933,0,0.003444529039701566,0.14075962673991166,73.14629258517033,91.18236472945893,98.59719438877755,97.1943887775551,0.6779466639299023,0.4174915335685446
40933,1,0.1718142844789272,0.13819844252224744,50.50100200400801,89.17835671342685,96.59318637274549,98.39679358717434,0.7423250631897271,0.5280272157567171
40990,0,0.09018624215675425,0.3818120904947268,82.36472945891784,96.59318637274549,52.30460921843687,76.55310621242485,1.0418258853818614,0.4418510214376916
40990,1,0.4947237215146326,0.4979489330696459,92.38476953907816,96.79358717434869,95.99198396793587,95.19038076152304,0.6872002998521143,0.30454048239133236
41120,0,-0.04842327109094568,0.02327585330524329,86.37274549098196,76.15230460921843,68.13627254509018,62.124248496993985,0.933369661037891,0.6227280663985846
41120,1,-0.04649809286890324,0.024194523612309622,81.76352705410822,77.9559118236473,93.9879759519038,53.50701402805611,0.8843528478410506,0.5957990354727951
41402,0,0.041095724476768535,0.24254420814655206,81.56312625250501,97.79559118236473,99.79959919839679,97.39478957915831,0.7685564409239798,0.43116557130892774
41402,1,0.13530586661408364,0.3432590718400064,97.39478957915831,99.19839679358718,100.0,93.9879759519038,0.7214304278936523,0.3967688619655616
41540,0,0.2581879759706023,0.2209130916725184,93.5871743486974,87.7755511022044,93.78757515030061,91.98396793587175,0.6676374674917875,0.367936856004915
41540,1,0.4877836148154805,0.2704753247656006,77.9559118236473,92.38476953907816,98.59719438877755,96.79358717434869,0.6067268667964094,0.3496152151824843
41555,0,-0.03663400928090308,0.2692031158648278,93.5871743486974,99.19839679358718,98.19639278557113,99.59919839679358,0.6654032054389115,0.4495376021170676
41555,1,0.19064588912539604,0.2944959276006299,61.12224448897795,96.39278557114228,99.19839679358718,100.0,0.6172904276180086,0.37869467808345636
41561,0,0.10893227920729993,0.39405600116909056,93.78757515030061,99.39879759519037,21.04208416833667,89.97995991983969,1.0480373382938497,0.5048009697184345
41561,1,0.35276722755325324,0.4372023259178124,98.99799599198397,99.19839679358718,88.97795591182364,86.37274549098196,0.9856460287217391,0.4193534529517692
41592,0,0.04213545388560593,0.11339079636323984,64.32865731462925,95.79158316633266,95.79158316633266,77.75551102204409,0.9083691967110585,0.6537548726462352
41592,1,-0.08007521372870662,0.1695490188873652,86.77354709418837,95.39078156312625,94.38877755511022,96.9939879759519,0.9551973966849185,0.6336497713181479
41636,0,0.012407062794663136,0.15298415930062884,98.39679358717434,97.99599198396794,100.0,99.79959919839679,0.38178268348250954,0.4034738315423766
41636,1,0.14914278451808535,0.24600718431010649,96.79358717434869,100.0,100.0,99.79959919839679,0.4796891741984788,0.21852251430504943
41640,0,0.17768633891607977,0.3163018521670059,98.79759519038076,98.59719438877755,96.9939879759519,90.98196392785572,0.9100447014749511,0.42413342112417185
41640,1,0.08446146577133222,0.3418786918421815,48.49699398797595,44.68937875751503,75.1503006012024,95.19038076152304,0.9112220955859885,0.5330396898363637
41924,0,0.19991963312567848,0.673875424414095,89.97995991983969,98.39679358717434,99.79959919839679,100.0,0.44566881318880835,0.27786927957722085
41924,1,0.11496176359325411,0.6604806082381682,87.374749498998,99.79959919839679,100.0,100.0,0.444518455197194,0.29409270206046956
41976,0,0.045314870760483135,0.5589976904745754,99.79959919839679,99.59919839679358,98.99799599198397,100.0,0.225910784087905,0.1750462802239391
41976,1,0.13491100803664569,0.5412809572045488,98.99799599198397,100.0,98.39679358717434,98.79759519038076,0.2913666187259558,0.2043436170852
42022,0,-0.12093194986330741,0.13356281394812497,67.93587174348697,94.58917835671342,97.59519038076152,96.9939879759519,0.5687989474968902,0.32267746110065076
42022,1,-0.06159933677900688,0.14623019102973886,82.16432865731463,85.57114228456913,85.77154308617234,73.74749498997996,0.9148851232936991,0.3779046255445384
42251,0,0.21342344560581303,0.1453533413666135,82.56513026052104,92.18436873747495,89.77955911823648,85.17034068136272,0.7331411683781942,0.3792236066344957
42251,1,0.0905552171375207,0.14001068400330402,66.33266533066133,97.99599198396794,99.19839679358718,98.79759519038076,0.6494203574937001,0.3459655072489777
42302,0,0.08458784822848264,0.145766207857806,94.38877755511022,99.79959919839679,99.79959919839679,94.58917835671342,0.9198838544485286,0.5165508224573683
42302,1,0.11269035854075551,0.1188099097774375,99.79959919839679,95.59118236472945,98.79759519038076,100.0,0.9154685721597557,0.3843286900867575
42466,0,-0.0009894084486810975,0.3983246364580532,71.7434869739479,84.76953907815631,95.19038076152304,94.98997995991984,0.8571475587064991,0.573671453519494
42466,1,0.11359370288947941,0.3999994984551701,76.95390781563127,83.76753507014027,99.39879759519037,100.0,0.5793472994148956,0.46944969586170004
42679,0,-0.08580857967064565,0.2536303383703809,81.76352705410822,96.59318637274549,98.59719438877755,92.58517034068137,0.8219790833734064,0.5075485405857572
42679,1,0.030230289264405248,0.26251202643510846,35.27054108216433,94.78957915831663,98.99799599198397,96.9939879759519,0.7642012149169034,0.45416211799555717
43065,0,-0.05390547086681551,0.24681548517587382,22.24448897795591,40.28056112224449,90.98196392785572,100.0,0.8602295603129311,0.6883809251917314
43065,1,0.057769024073871515,0.24565053176511759,61.32264529058116,87.5751503006012,43.28657314629258,61.923847695390776,0.9901974689275034,0.6691786722604085
43198,0,0.10582339578186056,0.17093845766393284,95.19038076152304,94.18837675350701,80.16032064128257,85.77154308617234,0.8961186110080964,0.6152322080864647
43198,1,0.04628347717899285,0.17608965777769742,96.19238476953907,90.38076152304609,86.17234468937876,86.57314629258516,0.945124992006106,0.6070405830241539
43211,0,0.22294777615034767,0.39884133889084616,64.32865731462925,77.75551102204409,97.1943887775551,89.17835671342685,0.7279474892621154,0.4121693302271904
43211,1,-0.20035901067948717,0.35828613708177426,49.899799599198396,77.15430861723446,83.16633266533067,88.37675350701403,0.9584172929737372,0.4651701446273162
43332,0,0.12122762228564318,0.184096329337006,96.79358717434869,94.18837675350701,19.438877755511022,91.78356713426854,0.9694413999289955,0.44215600967032054
43332,1,0.09140822871206719,0.14162781787707965,64.32865731462925,71.5430861723447,1.8036072144288577,86.97394789579158,0.9847327366851996,0.5307042836180094
43546,0,0.46061039684899135,0.33638250599847797,94.18837675350701,99.59919839679358,85.17034068136272,5.01002004008016,0.7346819067049662,0.3277477660680089
43546,1,0.04042535445723638,0.3410893728342089,58.31663326653307,90.78156312625251,90.78156312625251,59.118236472945895,0.8292749588017646,0.43467591034554487
43584,0,0.46863506432142304,0.4719380537778765,79.15831663326654,94.98997995991984,87.374749498998,95.79158316633266,0.9436583455930027,0.39243385685031384
43584,1,0.5523685764562491,0.514344488361862,87.17434869739479,100.0,96.9939879759519,100.0,0.8180898473941818,0.2639927370400904
44248,0,-0.0871335613114322,0.12161227943902343,66.13226452905812,81.3627254509018,100.0,97.39478957915831,0.28306052120683256,0.2855453539712517
44248,1,0.04932700608813469,0.18687894033553804,76.15230460921843,79.15831663326654,47.09418837675351,91.78356713426854,0.9622939169823884,0.5936468056161763
44279,0,0.30166507482400223,0.43620084550591,77.15430861723446,77.9559118236473,65.7314629258517,66.73346693386773,0.9696855870898591,0.4416080734148724
44279,1,0.16782228629980445,0.4384350080641067,68.7374749498998,47.69539078156313,61.72344689378757,15.230460921843688,0.9875596269292396,0.3997101456006428
44360,0,0.027514313621478118,0.2042145787758171,79.15831663326654,82.16432865731463,84.16833667334669,88.17635270541082,0.7935390898227477,0.4764752240251292
44360,1,-0.013750694282327386,0.20841216427043824,92.58517034068137,83.76753507014027,98.79759519038076,98.99799599198397,0.7039770887752435,0.4090402050156745
44413,0,-0.03821830593176609,0.2750273276175002,61.923847695390776,71.34268537074149,92.38476953907816,91.98396793587175,0.738840479706195,0.38829898124113804
44413,1,-0.022659378725259492,0.3626022771183645,35.27054108216433,67.73547094188376,93.78757515030061,94.38877755511022,0.9378851283762324,0.47088135551424637
44422,0,0.11101976845315567,0.31941248673159256,74.14829659318637,97.99599198396794,95.79158316633266,99.79959919839679,0.506135992924702,0.49678251267819407
44422,1,0.18855853253007837,0.3250794260594557,97.1943887775551,100.0,99.59919839679358,99.59919839679358,0.49227935209695295,0.41389003930848944
44903,0,0.004910091576667525,0.1379249776512901,97.99599198396794,83.56713426853707,98.59719438877755,33.26653306613226,0.806939880682298,0.5281259364728079
44903,1,0.09854436374435799,0.1263889887441103,91.98396793587175,71.5430861723447,84.3687374749499,99.19839679358718,0.9169908114504439,0.5143576121047471
44975,0,0.09814129031993896,0.2974772447863871,98.99799599198397,99.59919839679358,99.59919839679358,100.0,0.6683300842222288,0.37257110561033946
44975,1,0.10046714689146644,0.32004977337676016,89.17835671342685,91.58316633266533,96.9939879759519,97.59519038076152,0.762491662493765,0.4083224450432609
45377,0,0.37142972135233854,0.1168574073809933,99.39879759519037,99.79959919839679,99.59919839679358,99.79959919839679,0.23160534009134282,0.22897045984033182
45377,1,0.27838425278167445,0.105136184743835,89.77955911823648,97.59519038076152,99.19839679358718,100.0,0.3254125123490379,0.36252129787639253
45528,0,0.2762687340385043,0.22421928853786355,92.58517034068137,99.79959919839679,97.1943887775551,100.0,0.7720301641075453,0.41375559624170244
45528,1,0.07447322958604245,0.19579451521035918,84.96993987975952,98.39679358717434,100.0,100.0,0.6882303841080546,0.4424576007449703
45699,0,0.17648042977353842,0.41156059725897215,68.13627254509018,85.77154308617234,92.98597194388778,29.458917835671343,1.0479124870527006,0.6732293728796889
45699,1,0.3019584062883554,0.36082832055818276,64.92985971943888,93.9879759519038,74.74949899799599,73.54709418837675,0.9702119395698388,0.500952310543258
45952,0,0.020172075626074485,0.1121457625742616,66.33266533066133,86.97394789579158,99.19839679358718,99.79959919839679,0.8213754003731543,0.5357082892881121
45952,1,-0.11025258579090395,0.11295855801017214,36.87374749498998,35.47094188376754,93.5871743486974,85.57114228456913,0.8963158654642979,0.5099476681899475
45987,0,0.03301270060049836,0.3385841291388691,49.69939879759519,73.74749498997996,91.58316633266533,92.98597194388778,0.9124367354658716,0.5620250169590575
45987,1,-0.04725153361087667,0.27105475428108905,84.16833667334669,99.59919839679358,87.374749498998,98.99799599198397,0.8505116863690462,0.5314186815731743
46166,0,0.23169626543767385,0.23942549380806794,98.99799599198397,99.39879759519037,100.0,100.0,0.2751696380562084,0.2003496810491875
46166,1,0.3038731079435416,0.22295887874661777,97.99599198396794,94.18837675350701,97.79559118236473,97.59519038076152,0.5874615320669936,0.27805281529305426
46276,0,0.039247233223812864,0.42407259525367885,93.5871743486974,99.79959919839679,25.851703406813627,59.118236472945895,0.9921327066278923,0.4539532530293393
46276,1,0.013096708868344947,0.4465632552360026,96.19238476953907,93.3867735470942,11.422845691382765,20.240480961923847,0.9445183839789921,0.47688690203018913
46403,0,0.0267234401345199,0.12266495455413383,56.312625250501,97.1943887775551,87.374749498998,99.19839679358718,0.8516598252429515,0.5260187689346738
46403,1,0.0680347717523528,0.14744717451131487,89.37875751503006,83.36673346693387,97.39478957915831,96.39278557114228,0.8115375024619376,0.48794205483462383
46524,0,-0.14428092092828496,0.3460433944700908,32.06412825651302,66.93386773547094,92.38476953907816,41.28256513026052,0.9270607490449806,0.5619517328813305
46524,1,-0.29599797717438847,0.40321663303907135,38.276553106212425,39.478957915831664,70.54108216432866,59.318637274549104,0.9730473257751268,0.5064829262980279
46653,0,0.029405873031335232,0.0485301615200525,94.78957915831663,92.98597194388778,100.0,100.0,0.8089474078169607,0.4855041068425163
46653,1,0.062290497284531766,0.041460667021858424,81.96392785571143,36.67334669338677,99.59919839679358,99.59919839679358,0.8451875448635302,0.568441744518557
47030,0,0.16253058146328653,0.14251336532653522,91.78356713426854,95.79158316633266,71.5430861723447,92.58517034068137,0.9419879507247739,0.6822131124332149
47030,1,0.1661686448551611,0.17967419980888644,64.32865731462925,63.92785571142284,83.36673346693387,74.74949899799599,0.8813187146724117,0.6081544345340936
47086,0,0.2687038383266119,0.16709642248601642,95.59118236472945,99.59919839679358,97.99599198396794,96.9939879759519,0.6128212057316431,0.3326196857947661
47086,1,0.24768207014203375,0.20443977285685386,90.38076152304609,83.16633266533067,94.78957915831663,82.16432865731463,0.6398888247544323,0.30430290611003996
47093,0,0.2828167121985192,0.192954326217328,87.17434869739479,43.687374749499,43.48697394789579,95.59118236472945,1.056023254700558,0.5461985414236712
47093,1,-0.15652004605799072,0.19905950029854072,18.03607214428858,73.34669338677354,16.63326653306613,90.18036072144288,0.9861543926248264,0.504293069140155
47122,0,-0.11459422807299348,0.08630436263234527,99.79959919839679,100.0,99.39879759519037,99.79959919839679,0.6148635484285581,0.47111595087408065
47122,1,-0.055116131953270586,0.09393201463847813,74.74949899799599,99.79959919839679,99.59919839679358,99.19839679358718,0.6445512269022022,0.49517206198717223
47125,0,0.0903936473034254,0.2285128574898398,97.99599198396794,98.39679358717434,94.58917835671342,94.78957915831663,0.7674022032785858,0.4996386710035894
47125,1,0.056583874679783264,0.2329758261108093,69.33867735470942,88.17635270541082,96.9939879759519,94.98997995991984,0.6573139005034809,0.4403362393265886
47331,0,0.058946644241732946,0.5102596914410813,49.298597194388776,88.77755511022045,31.863727454909817,29.058116232464933,0.9304467867489861,0.6660406521589242
47331,1,0.05224988950045214,0.43299375659080674,98.19639278557113,97.79559118236473,63.727454909819635,72.94589178356713,0.9077931457501638,0.5751557902163168
47471,0,0.0012833529732865926,0.29842346405928105,85.57114228456913,98.59719438877755,88.97795591182364,94.38877755511022,0.7769302906166158,0.42661941788931534
47471,1,-0.024102020209144127,0.3078853957229601,88.17635270541082,97.1943887775551,93.5871743486974,94.98997995991984,0.781504229587399,0.3680276985941082
47583,0,-0.2808171051564168,0.12071120980591712,49.899799599198396,67.13426853707415,98.39679358717434,96.19238476953907,0.6348169396319575,0.492989126783568
47583,1,-0.08692296691553235,0.184563194162834,85.77154308617234,83.56713426853707,98.39679358717434,96.59318637274549,0.6109741316396017,0.41517576656187394
47744,0,0.08202455054399865,0.24847459229229985,96.59318637274549,100.0,100.0,98.19639278557113,0.4860719278084672,0.3310341986555999
47744,1,0.3090965043932497,0.29167745413020446,98.39679358717434,100.0,99.59919839679358,98.99799599198397,0.48728428575478355,0.38566220300556653
47907,0,0.1331789482961267,0.27845281298217955,41.08216432865731,79.75951903807615,93.78757515030061,38.07615230460922,0.9336955298726555,0.5450961915633871
47907,1,0.21177764915581784,0.3772812652737696,63.92785571142284,69.13827655310621,31.663326653306612,88.97795591182364,0.9491319467096742,0.5310107956205954
48376,0,-0.08408897476900817,0.30594986403968905,89.37875751503006,95.79158316633266,98.99799599198397,99.39879759519037,0.6048527608343721,0.2655710144866926
48376,1,-0.28355437270910533,0.41376072625570165,77.35470941883767,82.76553106212425,100.0,99.19839679358718,0.5008335696992859,0.411813661285524
48655,0,0.20917016121396936,0.2216078817383197,59.919839679358724,90.98196392785572,100.0,97.59519038076152,0.7650021593500486,0.4212356672352282
48655,1,-0.0728734417845634,0.15888859576794748,66.13226452905812,65.33066132264528,98.19639278557113,93.9879759519038,0.7710091706760183,0.45003494457746096
48911,0,0.11668004668297692,0.11336252225283672,71.9438877755511,73.14629258517033,91.98396793587175,22.645290581162325,0.7999740888339611,0.36380679233914526
48911,1,0.24192864096744862,0.13643150932064788,67.73547094188376,73.94789579158316,75.1503006012024,53.106212424849694,0.9310280319190537,0.4831323322160813
49170,0,-0.1070131883072501,0.10183146022382424,35.27054108216433,19.438877755511022,99.39879759519037,99.19839679358718,0.6241687914042092,0.4688624271692712
49170,1,0.178687086385145,0.09916253915734981,99.59919839679358,99.79959919839679,99.79959919839679,99.79959919839679,0.4523772969854881,0.3796740379847374
49195,0,0.037906430323141026,0.4864317424581511,70.34068136272545,93.18637274549098,97.1943887775551,99.59919839679358,0.7278490638285405,0.46570549621602475
49195,1,0.16779656560831344,0.5502479561462967,88.57715430861724,75.1503006012024,96.9939879759519,97.39478957915831,0.8113927848796006,0.4585994374469725
49256,0,-0.17013354021728114,0.3408509068584748,22.645290581162325,74.54909819639278,55.91182364729459,8.41683366733467,0.9936949388086515,0.4992507575746151
49256,1,-0.07596766702653862,0.3671034328321243,18.837675350701403,24.849699398797593,83.16633266533067,68.5370741482966,1.029722118770061,0.6312168890179792
49315,0,-0.19387780570195992,0.23248768169585143,29.058116232464933,71.14228456913828,59.719438877755515,28.0561122244489,0.9508888843122183,0.6541886090233531
49315,1,0.19171222477591918,0.21991773142727272,88.37675350701403,34.46893787575151,38.07615230460922,34.46893787575151,1.014011175720613,0.6818457520972103
49474,0,0.22003488046643796,0.1826235142871107,98.59719438877755,99.59919839679358,99.19839679358718,100.0,0.5851332555400905,0.33122607348150035
49474,1,0.09893751897173965,0.14283179416220532,77.15430861723446,89.77955911823648,98.59719438877755,98.79759519038076,0.8643197703028345,0.45872560814477925
49475,0,-0.2518051599056917,0.25621249455088707,46.893787575150306,39.879759519038075,100.0,98.79759519038076,0.6744147792544577,0.423853106479514
49475,1,0.016374059575247818,0.20516569425681452,91.18236472945893,67.53507014028057,97.39478957915831,99.39879759519037,0.7064222691659314,0.3578105052244491
49678,0,0.23156756154343736,0.1708497378938451,60.92184368737475,97.79559118236473,97.79559118236473,86.17234468937876,0.7920298636281882,0.47946198436686216
49678,1,0.008555059226759726,0.13151337439771435,1.8036072144288577,76.35270541082164,90.78156312625251,95.99198396793587,0.8483902100303262,0.3858437743399199
49702,0,0.05039139753302632,0.27880540514922914,82.76553106212425,96.59318637274549,53.50701402805611,90.78156312625251,0.9656618252725504,0.6114782477140336
49702,1,0.08967861171962872,0.23457939961877242,79.35871743486975,86.97394789579158,37.4749498997996,75.35070140280561,0.9680131935961263,0.599659633059073
49760,0,0.2837245330610125,0.463695679063896,71.34268537074149,73.34669338677354,82.76553106212425,79.15831663326654,0.8745093958772973,0.5262858016515299
49760,1,0.059768642845094214,0.41093658558217405,90.5811623246493,97.39478957915831,63.52705410821643,91.38276553106212,0.7959482356638689,0.38264500668861257
50203,0,0.014372517742080345,0.2562136465837437,46.49298597194389,93.9879759519038,91.58316633266533,97.39478957915831,0.7232578664063551,0.47380487462948584
50203,1,0.09521905155524724,0.20622809558578126,10.02004008016032,67.33466933867736,97.79559118236473,99.19839679358718,0.7206559600535916,0.4993277597947102
50210,0,0.2967170836416548,0.25572012740684114,74.54909819639278,67.33466933867736,90.98196392785572,99.79959919839679,0.9577675431004885,0.43847963281324187
50210,1,0.2868169292286132,0.23201785504785577,88.97795591182364,85.77154308617234,96.79358717434869,97.99599198396794,0.9354752022172671,0.4471626001385349
50622,0,-0.04628068888148527,0.5045880184002739,41.28256513026052,98.59719438877755,98.79759519038076,98.79759519038076,0.6747568290652337,0.47089006887602314
50622,1,0.12814192261058613,0.5230728182704107,78.3567134268537,99.79959919839679,98.99799599198397,98.99799599198397,0.5509305911182008,0.43377637590618245
50708,0,-0.23506698710942533,0.21974347279725026,94.98997995991984,99.39879759519037,80.96192384769539,99.79959919839679,0.7975255693638377,0.39458985369835975
50708,1,0.24503787250553075,0.23731816063844777,94.18837675350701,99.59919839679358,98.59719438877755,95.39078156312625,0.70572820880898,0.3825402543510745
50739,0,0.32292814040853873,0.211121641248746,97.39478957915831,99.79959919839679,99.79959919839679,100.0,0.6615407833420857,0.32223439992439684
50739,1,0.2387982053325007,0.17271258773242293,98.99799599198397,84.3687374749499,94.78957915831663,99.19839679358718,0.867784538814354,0.40271806634737817
50850,0,0.0321400818531206,0.5615946822918226,56.51302605210421,91.38276553106212,98.99799599198397,100.0,0.26004976056276563,0.297765263171783
50850,1,0.17328661509784637,0.5644156180089153,94.18837675350701,97.39478957915831,99.79959919839679,96.9939879759519,0.26394759696106573,0.240034899504187
51008,0,-0.14071128497420504,0.4743289736328316,8.216432865731463,74.14829659318637,91.18236472945893,96.59318637274549,0.8232844649204828,0.4750116466633938
51008,1,-0.03830372291650314,0.44819117531606956,90.5811623246493,92.98597194388778,96.9939879759519,97.79559118236473,0.7545846536172716,0.46926297833554675
51227,0,-0.026708255495621218,0.10473837150748273,74.54909819639278,73.14629258517033,93.18637274549098,98.59719438877755,0.8225991217620262,0.47532696764120197
51227,1,-0.0590980365972264,0.12265604522508845,9.819639278557114,61.923847695390776,90.78156312625251,89.77955911823648,0.8036443981231175,0.5244145239542046
51300,0,-0.031444925198156115,0.20223931943870185,89.77955911823648,30.861723446893784,59.719438877755515,89.17835671342685,0.8839084532116784,0.6588071821116532
51300,1,0.11997487374455548,0.2382215684453038,51.503006012024045,44.08817635270541,47.09418837675351,70.94188376753507,0.8950314608928769,0.6686062806144455
51380,0,0.02607193389111834,0.22174467422222285,63.727454909819635,87.374749498998,98.99799599198397,78.15631262525051,0.9440091324533797,0.7248725007078307
51380,1,-0.12011559534370479,0.25225713265074695,54.70941883767535,100.0,99.59919839679358,87.97595190380761,0.9618441190357151,0.7288890362993077
51385,0,0.026535632761056617,0.36846988176903217,97.79559118236473,93.9879759519038,100.0,98.39679358717434,0.6813103826074909,0.2971946010692468
51385,1,0.2921295066357386,0.3840449504773579,92.18436873747495,96.9939879759519,100.0,99.79959919839679,0.6095665428203517,0.2757635731294307
51436,0,-0.11449431080575115,0.06549081663070681,49.498997995991985,61.72344689378757,100.0,100.0,0.6891705696686237,0.5261469782513397
51436,1,0.03682285726525158,0.08506953563117972,97.99599198396794,38.476953907815634,39.478957915831664,89.97995991983969,0.9916530144849055,0.6795794072959249
51517,0,0.09276835635871547,0.26301768296359457,97.59519038076152,99.59919839679358,89.17835671342685,92.38476953907816,0.9149896929063691,0.5653301405202164
51517,1,0.042076330939717466,0.3247684720648269,26.853707414829657,80.7615230460922,67.13426853707415,100.0,0.9950051733143092,0.5775968577337625
51688,0,0.03049642823135827,0.36355770006197013,17.635270541082164,67.33466933867736,9.418837675350701,80.7615230460922,0.9268563476779867,0.5804431634179548
51688,1,-0.01936938643414015,0.3214800609975953,26.052104208416832,36.67334669338677,16.03206412825651,86.77354709418837,0.9389728047888268,0.5803050672751441
51865,0,0.019742702817944463,0.10962145913425908,95.59118236472945,98.79759519038076,85.97194388777555,90.5811623246493,0.9038002557586158,0.5600706125465645
51865,1,0.040503915658936074,0.11341915157708583,62.725450901803605,95.99198396793587,46.893787575150306,94.18837675350701,0.9626556900049704,0.5781769641529724
51943,0,-0.22167004314701055,0.18778060782174974,61.32264529058116,33.06613226452906,84.16833667334669,67.53507014028057,0.8685819748546703,0.48714424031991943
51943,1,0.3439234820468798,0.2656618061125503,97.1943887775551,80.36072144288578,98.39679358717434,97.99599198396794,0.7481309139662151,0.3404904590058029
51956,0,0.18927600258217922,0.2148202989646051,98.59719438877755,99.79959919839679,90.18036072144288,99.59919839679358,0.9112131623814514,0.4039533567827106
51956,1,-0.32343587357821235,0.12215794334603415,96.9939879759519,91.58316633266533,76.95390781563127,96.9939879759519,0.8361410578506744,0.4558207107165855
51990,0,0.2623757438553209,0.10602149126468693,100.0,97.99599198396794,89.57915831663327,97.39478957915831,0.9872059699985757,0.483556337748553
51990,1,-0.12327426537782006,0.10616281479212626,60.72144288577155,66.73346693386773,74.14829659318637,80.7615230460922,0.9918251206257925,0.5654519561804066
52228,0,0.3688279950553702,0.5171443213063517,98.99799599198397,98.59719438877755,97.39478957915831,98.19639278557113,0.2770359924200385,0.26935371680705955
52228,1,0.35549992435761457,0.5227826658948495,99.79959919839679,99.59919839679358,98.99799599198397,99.59919839679358,0.24314940425086828,0.20958124615576634
52277,0,-0.013838433453970771,0.5095582751549254,87.374749498998,87.97595190380761,98.59719438877755,97.39478957915831,0.32544446623463474,0.34916777119214437
52277,1,0.09455180162419982,0.5947910495539287,88.97795591182364,100.0,100.0,99.59919839679358,0.3091780076730247,0.31621006594013246
52729,0,-0.10166557510759303,0.33079232341612524,27.45490981963928,85.57114228456913,92.58517034068137,98.79759519038076,0.8993125601333957,0.5162975640995311
52729,1,-0.12837013301439382,0.34000756555824535,36.67334669338677,85.77154308617234,96.59318637274549,92.18436873747495,0.8455469310339657,0.49234983027590506
52733,0,0.11595837692920309,0.3514358871498208,94.98997995991984,57.51503006012024,4.008016032064128,55.51102204408818,1.0631889449957503,0.719495039586943
52733,1,0.15588822887979004,0.34712392227070094,95.79158316633266,18.236472945891784,5.210420841683367,33.46693386773547,0.9989943920145247,0.7471781659659494
52803,0,-0.028250073473323586,0.14894300340241107,84.16833667334669,99.39879759519037,94.18837675350701,33.86773547094188,0.9474684171653113,0.5694866977565981
52803,1,-0.028989466980520833,0.16410584269385642,88.37675350701403,86.17234468937876,94.38877755511022,90.5811623246493,0.9011346352777035,0.558159696053693
52927,0,0.25256444302418857,0.10801429090142368,72.54509018036072,92.38476953907816,95.99198396793587,97.79559118236473,0.8147123097741263,0.41828460648480204
52927,1,0.07230100770967876,0.08199583417746184,72.74549098196393,46.292585170340686,98.99799599198397,100.0,0.7326380729156123,0.567319832819031
53445,0,0.05112190075244108,0.08352236983563811,98.19639278557113,95.99198396793587,53.707414829659314,95.39078156312625,0.9598222314098267,0.6310380358125661
53445,1,0.20069146171315533,0.06598996040277717,95.99198396793587,70.54108216432866,48.296593186372746,95.19038076152304,0.9043025819836803,0.7380448716981345
53659,0,-0.04633746264803287,0.5376063886539608,99.19839679358718,99.79959919839679,94.98997995991984,66.93386773547094,0.9755273589360484,0.4025633557778452
53659,1,0.3043767791566013,0.5046007871895626,72.14428857715431,97.59519038076152,84.3687374749499,62.32464929859719,1.009587014611264,0.519744670656221
53729,0,-0.07699755385296832,0.27582914216172694,99.59919839679358,96.9939879759519,96.9939879759519,95.99198396793587,0.8458043406427658,0.5098375633632172
53729,1,0.3048886844088367,0.22891905657670025,97.59519038076152,97.99599198396794,99.19839679358718,97.79559118236473,0.2263293828778371,0.2480247108217054
53974,0,0.3765699245365543,0.5465392435249176,78.15631262525051,82.56513026052104,97.79559118236473,97.79559118236473,0.6841224030429438,0.4659905925878767
53974,1,0.47039652573729773,0.4607655797999968,83.76753507014027,95.39078156312625,98.59719438877755,99.39879759519037,0.7550138846708161,0.5131706049922644
54054,0,0.17534803849106617,0.198100550671135,96.59318637274549,88.57715430861724,100.0,93.5871743486974,0.8523298748879673,0.37583461795798956
54054,1,0.166766485558139,0.24869749510676523,62.32464929859719,99.79959919839679,99.59919839679358,83.16633266533067,0.838961056832214,0.41692148902046233
54099,0,-0.10823152209914802,0.15919586854619855,96.9939879759519,97.79559118236473,99.59919839679358,99.39879759519037,0.4880276464653983,0.3789341963735706
54099,1,-0.05950448091156838,0.17846570474465107,96.9939879759519,96.19238476953907,100.0,99.59919839679358,0.35386274030290055,0.34626672866556385
54250,0,-0.02402516148235111,0.23619179631745624,87.97595190380761,97.1943887775551,96.59318637274549,93.5871743486974,0.6890879805895085,0.3969255240074724
54250,1,0.027343826383506263,0.25912464571695315,92.18436873747495,96.79358717434869,99.39879759519037,97.79559118236473,0.7010364221867397,0.3627467886099762
54336,0,0.14880588199169645,0.1243518590658123,98.99799599198397,99.19839679358718,81.76352705410822,22.24448897795591,0.9620797130460996,0.4546468598948131
54336,1,0.060265823285126474,0.1316029421079997,71.7434869739479,98.59719438877755,98.99799599198397,98.79759519038076,0.6852146395146204,0.33502137001385424
54681,0,-0.08420772047560643,0.19108222016959567,99.79959919839679,97.39478957915831,17.234468937875754,93.9879759519038,0.7625521463108893,0.5432073744578694
54681,1,0.006131102337334686,0.3666181341527068,54.70941883767535,86.17234468937876,89.77955911823648,98.39679358717434,1.001060519078661,0.5085407975231967
55202,0,0.21901005634308737,0.2021126868363268,90.98196392785572,97.39478957915831,94.18837675350701,96.39278557114228,0.8636712461336672,0.5654089448421801
55202,1,0.19079137685083322,0.16981049919711472,65.13026052104209,98.19639278557113,98.19639278557113,98.19639278557113,0.26734384324995886,0.35103308829972335
55501,0,0.12024173277533558,0.6195850587472742,96.9939879759519,96.39278557114228,95.99198396793587,97.39478957915831,0.7468442882461239,0.3203416257153142
55501,1,0.18440310497543166,0.47190903131168493,62.32464929859719,99.19839679358718,86.57314629258516,88.77755511022045,0.840657664650322,0.35210395397850447
55597,0,0.32196695721137414,0.5371618370762051,98.59719438877755,97.99599198396794,97.39478957915831,98.99799599198397,0.5313417553794642,0.3154153559024351
55597,1,0.31192723118065246,0.5143725575062453,93.5871743486974,92.98597194388778,98.39679358717434,97.1943887775551,0.4744711238137027,0.2949016278245682
55741,0,0.3414144233399611,0.4148760346127793,88.57715430861724,91.98396793587175,99.19839679358718,97.59519038076152,0.8199934257013183,0.4243346773680804
55741,1,0.40603393332169085,0.4448284746041688,95.19038076152304,88.77755511022045,100.0,99.79959919839679,0.7637965790331351,0.4144874461634611
55808,0,0.3690435654590374,0.39673385950196527,79.35871743486975,90.38076152304609,97.59519038076152,100.0,0.8428699010462057,0.35463239568843385
55808,1,0.23063602935023667,0.3986282497501092,95.19038076152304,96.59318637274549,96.39278557114228,99.59919839679358,0.8522431524606238,0.3526127773324589
55876,0,0.18724951494915468,0.2649513816180447,99.79959919839679,100.0,98.79759519038076,48.296593186372746,0.7561796255164913,0.3361772890762924
55876,1,-0.051848064140836016,0.2988986924698128,87.5751503006012,93.3867735470942,89.57915831663327,83.16633266533067,0.9020520838673712,0.40049393915608666
55878,0,0.05348086433384377,0.3588772354523724,97.1943887775551,87.5751503006012,95.59118236472945,98.79759519038076,1.0059098129164215,0.6989803204932374
55878,1,0.19658926701424934,0.35936284108174654,80.96192384769539,53.3066132264529,99.39879759519037,98.39679358717434,1.0590187026191415,0.6982841143717228
56047,0,-0.27860930896320807,0.3116129818092795,84.5691382765531,82.36472945891784,98.39679358717434,98.59719438877755,0.6214675926232404,0.39336598103285025
56047,1,-0.2691555205559046,0.48318902038442907,95.59118236472945,100.0,97.1943887775551,99.79959919839679,0.8761375750172951,0.4194608161649951
56131,0,-0.059677244084869296,0.1508516991242036,99.79959919839679,100.0,100.0,99.79959919839679,0.436118357228479,0.26551992353748
56131,1,-0.18216387798591888,0.12954072286569454,98.79759519038076,96.59318637274549,99.59919839679358,99.39879759519037,0.6535201518571059,0.502831947037012
56162,0,0.1228504322456084,0.24706290732331487,99.19839679358718,99.79959919839679,99.59919839679358,94.98997995991984,0.6922780698661992,0.3937706033378471
56162,1,0.12043906864462332,0.2642445998047765,90.18036072144288,99.79959919839679,99.39879759519037,98.59719438877755,0.6401064494269837,0.3891620829998771
56272,0,0.13452959147548435,0.14657910327393683,18.236472945891784,86.97394789579158,9.619238476953909,69.93987975951904,0.9627255786760819,0.5986834623011861
56272,1,0.20977316285418887,0.12815949170076832,67.33466933867736,43.687374749499,18.837675350701403,35.47094188376754,0.9904265185159499,0.51969256405425
56496,0,-0.06808366036756619,0.13187106358296852,97.39478957915831,89.57915831663327,99.59919839679358,80.96192384769539,0.9155186475760834,0.34965935914087054
56496,1,-0.05031591007798959,0.09729920743502124,94.58917835671342,72.54509018036072,91.78356713426854,7.615230460921844,0.8878333888275445,0.40881722850856295
56554,0,-0.08154082777652384,0.28900207295881636,86.37274549098196,94.78957915831663,85.97194388777555,96.19238476953907,0.8333134111080732,0.30727838075788416
56554,1,-0.018838580624529058,0.341720679629764,86.77354709418837,99.59919839679358,96.39278557114228,96.79358717434869,0.6927564318725453,0.3264461224242866
56629,0,0.15849660457560172,0.4597085007380775,84.3687374749499,74.54909819639278,86.57314629258516,58.717434869739485,0.9322763071571043,0.46258045817528426
56629,1,0.5938932363729782,0.4716708944881589,91.18236472945893,92.58517034068137,96.79358717434869,99.19839679358718,0.642035506166637,0.4439169727994966
56651,0,-0.013426400498905242,0.4265612406695041,80.56112224448898,83.36673346693387,93.3867735470942,87.97595190380761,0.9681509491243554,0.6699607072012299
56651,1,-0.2057266086125378,0.37852105115432705,96.39278557114228,100.0,97.39478957915831,99.19839679358718,0.9395595972094444,0.4702887623185099
56698,0,-0.0274735108926338,0.10553370472364304,80.96192384769539,65.13026052104209,90.78156312625251,71.7434869739479,0.818299762683335,0.5781953748036301
56698,1,-0.07848169925168769,0.08488256256813335,73.94789579158316,85.77154308617234,96.39278557114228,93.3867735470942,0.9080870028353972,0.524053125200398
56873,0,-0.024825733697970895,0.11280354072298686,67.73547094188376,85.37074148296593,98.19639278557113,24.04809619238477,0.9133181973928686,0.48562467895662575
56873,1,-0.24039537725411497,0.1309308881466994,33.46693386773547,88.37675350701403,99.19839679358718,25.0501002004008,0.9029648936854273,0.5010015518196232
56963,0,0.09309638854727853,0.4873650949655185,96.19238476953907,84.96993987975952,9.619238476953909,88.37675350701403,0.9449940946778873,0.592625493422066
56963,1,0.6708423748142432,0.6485696706046249,97.99599198396794,97.1943887775551,46.09218436873748,92.58517034068137,0.9401464510490808,0.6703179778551447
57114,0,0.0820130275758594,0.24468926949851433,92.98597194388778,90.18036072144288,0.0,75.1503006012024,1.0338989997806456,0.6666559308611087
57114,1,-0.09532951626403552,0.4825677487664534,36.67334669338677,76.35270541082164,3.6072144288577155,83.36673346693387,1.0266044680254014,0.5864974545041655
57244,0,0.1768609123332767,0.3257881950301157,47.89579158316633,93.18637274549098,99.19839679358718,100.0,0.5276158122652039,0.3857565911069022
57244,1,0.41731557602741254,0.2770494184178204,89.17835671342685,97.1943887775551,99.79959919839679,99.79959919839679,0.5068619669992324,0.29965219508620966
57830,0,0.1304402243895555,0.20290590394040878,98.99799599198397,97.1943887775551,99.79959919839679,100.0,0.5139594399007141,0.47079191406989396
57830,1,0.24948058609186222,0.29882701842918175,99.39879759519037,98.99799599198397,99.19839679358718,100.0,0.624043567317839,0.40114544564832466
57994,0,0.3486025341062103,0.3562641307990352,54.50901803607214,63.727454909819635,98.39679358717434,100.0,0.654903043919435,0.3949535251092402
57994,1,-0.015244314504184708,0.33107425538883634,34.86973947895792,77.35470941883767,70.94188376753507,97.39478957915831,0.8238005214377008,0.4056904217313061
58004,0,-0.18038713096745518,0.562496197947525,97.99599198396794,90.18036072144288,98.19639278557113,99.79959919839679,0.6226166543141813,0.40711395588107513
58004,1,-0.10979642831219796,0.63591570262487,96.39278557114228,98.39679358717434,99.39879759519037,98.99799599198397,0.6742743544283383,0.36712362971811885
58157,0,0.15194943773086372,0.372838274327908,95.19038076152304,90.18036072144288,100.0,96.79358717434869,0.7700946763589466,0.458471144757872
58157,1,0.1301270756147091,0.3262336585784957,35.671342685370746,73.14629258517033,95.79158316633266,92.58517034068137,0.7957743170729804,0.6280332076543731
58169,0,-0.14916281814560936,0.2771656262425561,49.69939879759519,99.39879759519037,100.0,99.59919839679358,0.6840541823162826,0.46665146843305705
58169,1,0.11894245227680127,0.30493596200853595,50.901803607214426,69.33867735470942,95.59118236472945,100.0,0.7787611160238985,0.4385831693497917
58252,0,0.25544730324301984,0.5225471851607788,91.78356713426854,98.19639278557113,80.56112224448898,98.99799599198397,0.8388283791324864,0.5241400998442306
58252,1,-0.12967626045834477,0.4233064140642794,69.53907815631263,68.13627254509018,86.77354709418837,67.73547094188376,0.8982966113171524,0.4884546185221652
58341,0,0.09249878221434059,0.24556748058147124,84.5691382765531,98.79759519038076,98.39679358717434,86.37274549098196,0.8990753722210402,0.4785559830100342
58341,1,0.1388796737741752,0.2846886777711058,66.13226452905812,62.725450901803605,73.94789579158316,98.19639278557113,0.9831522637058557,0.6770039387805551
58458,0,0.03347021176820919,0.2223524538371831,67.13426853707415,85.37074148296593,94.38877755511022,97.59519038076152,0.8357850336964784,0.5877616716433123
58458,1,-0.07662915606684696,0.17985304395704937,75.75150300601202,83.36673346693387,74.9498997995992,87.17434869739479,0.9398568173936237,0.6015560197391941
58572,0,0.426416058845032,0.2427356818836484,91.98396793587175,99.39879759519037,99.59919839679358,98.19639278557113,0.6213523241220327,0.5226381400279123
58572,1,0.4376010038273668,0.25977086512913944,99.79959919839679,97.39478957915831,94.18837675350701,23.04609218436874,1.0067221553628452,0.5992191649779391
58835,0,-0.06370901426913093,0.15994603388285294,69.93987975951904,87.7755511022044,97.79559118236473,99.39879759519037,0.5673868046669996,0.3155228499186826
58835,1,-0.0065517052773637905,0.13989111433009463,67.53507014028057,87.5751503006012,88.57715430861724,72.54509018036072,0.9665055499737287,0.4197325195304681
58977,0,-0.07858058372594183,0.3374554221496551,46.49298597194389,96.9939879759519,99.39879759519037,99.39879759519037,0.8233591787238819,0.4469072111789951
58977,1,-0.10637341218152775,0.20840777582410738,32.26452905811623,87.97595190380761,99.59919839679358,100.0,0.9287390314166716,0.5638385791196995
58988,0,0.19127584500342373,0.4090341335830196,97.1943887775551,96.39278557114228,95.39078156312625,79.75951903807615,0.7677672385266094,0.3766567136600111
58988,1,0.19886919247409943,0.436793581023839,77.15430861723446,87.17434869739479,95.79158316633266,93.78757515030061,0.7718777623393115,0.29900439894667563
59101,0,-0.09684902255445905,0.10938897094444675,96.79358717434869,99.39879759519037,100.0,99.59919839679358,0.5784643291429736,0.4467961411948336
59101,1,0.19819702684614288,0.12459916630767953,89.97995991983969,99.79959919839679,100.0,100.0,0.5973330265917349,0.3968620564597969
59177,0,0.27994988180140423,0.2526862316000971,87.97595190380761,54.90981963927856,97.79559118236473,96.79358717434869,0.9347234285494035,0.4616941617350363
59177,1,-0.011637248827789656,0.23807577988836076,49.899799599198396,56.312625250501,99.79959919839679,99.39879759519037,0.7676690656005936,0.45353334878391804
59183,0,0.052833967247876354,0.3891272297969244,81.56312625250501,86.97394789579158,99.59919839679358,98.79759519038076,0.5842345620488444,0.4301607483394211
59183,1,-0.046079371817117354,0.32109212843286505,57.91583166332666,84.96993987975952,98.39679358717434,99.39879759519037,0.6302950681810398,0.5095768581784528
59219,0,0.23892947961943609,0.9344509095948845,99.19839679358718,98.79759519038076,92.98597194388778,99.59919839679358,0.8160538302486539,0.4102289244973075
59219,1,0.7544505146294597,0.9656884718607608,99.79959919839679,99.79959919839679,87.7755511022044,98.59719438877755,0.7728450065103594,0.28730373157569866
59293,0,-0.14252109629111298,0.38431520383143564,35.27054108216433,76.55310621242485,85.57114228456913,66.93386773547094,1.0073436165378058,0.6353751151249267
59293,1,0.0006510977780195634,0.5544777106369674,76.15230460921843,95.79158316633266,89.77955911823648,88.17635270541082,0.8403937507142253,0.3669794466608577
59464,0,0.07469950161235457,0.16389044196622685,77.9559118236473,38.677354709418836,93.78757515030061,100.0,0.870834523414459,0.46845158535687115
59464,1,0.04868872693789437,0.18571029507160258,47.89579158316633,86.17234468937876,85.37074148296593,97.79559118236473,0.9985212875990197,0.5018592399980156
59470,0,0.02100185423069107,0.25195316794106715,25.450901803607213,77.55511022044088,96.19238476953907,95.99198396793587,0.7751233031989659,0.45885127344641274
59470,1,-0.14082867655713519,0.22594067794444497,44.88977955911824,31.663326653306612,97.59519038076152,99.39879759519037,0.8721971345730654,0.4857451918974398
59508,0,0.350292853102543,0.5945785251718144,43.08617234468938,86.57314629258516,94.78957915831663,96.79358717434869,0.5555024134278618,0.3365867641802778
59508,1,0.18691158610228903,0.5758455140804352,72.34468937875751,95.99198396793587,98.19639278557113,98.99799599198397,0.47778951786874535,0.33610075487304947
59838,0,-0.008337161472315467,0.12795398078205822,79.35871743486975,78.15631262525051,20.240480961923847,29.458917835671343,1.0142456879223192,0.6178262831329258
59838,1,-0.06162730508798088,0.11562620082636006,20.440881763527056,64.72945891783567,15.030060120240481,35.47094188376754,0.9699420547365732,0.653931447230091
59905,0,0.005485850635850101,0.23414990054839052,77.35470941883767,99.19839679358718,94.38877755511022,79.15831663326654,0.6360054394580232,0.274017093088085
59905,1,0.12347613040006528,0.1795914590101774,85.57114228456913,88.17635270541082,77.35470941883767,71.5430861723447,0.7698547744509106,0.3568630994503572
60063,0,0.12245849029443186,0.2467062094767433,97.39478957915831,98.19639278557113,94.98997995991984,98.59719438877755,0.8505111803365438,0.5847778657066985
60063,1,-0.011740990730707484,0.2585756497002838,91.38276553106212,88.17635270541082,68.5370741482966,97.1943887775551,0.8995559423586897,0.6486854511428974
60496,0,-0.1244696866797026,0.2824942296484958,76.95390781563127,84.16833667334669,100.0,91.18236472945893,0.7099395441162322,0.3783455315849791
60496,1,-0.09153838407014162,0.27813894824830937,86.37274549098196,99.19839679358718,100.0,77.75551102204409,0.7418603187493811,0.4788120737024072
60707,0,0.40037435965360796,0.1889241265145288,97.1943887775551,82.16432865731463,57.11422845691383,79.55911823647295,0.945374551093864,0.5461372489094807
60707,1,0.09576563359262898,0.1452662188691036,73.74749498997996,81.1623246492986,75.75150300601202,97.79559118236473,0.9277555735883202,0.5571693684405548
60784,0,0.22810941288962475,0.3420678501108739,97.39478957915831,100.0,99.79959919839679,42.28456913827655,0.633822711715286,0.4452779001922049
60784,1,-0.18406136258153627,0.3289334800991127,23.647294589178355,98.79759519038076,100.0,96.79358717434869,0.5576027647054276,0.3435928954388453
60932,0,0.1196917924912051,0.5325010469765812,92.98597194388778,87.5751503006012,91.78356713426854,97.39478957915831,0.7574224518273383,0.6046906365163947
60932,1,0.14286156197757463,0.5244397227813152,79.35871743486975,94.38877755511022,98.19639278557113,97.39478957915831,0.6266926498443525,0.4304058040805018
61327,0,0.18526928501531262,0.2950679062183447,6.012024048096192,95.39078156312625,99.79959919839679,99.59919839679358,0.449770172428715,0.41497724232106337
61327,1,-0.08815107229543312,0.25763920026467574,68.33667334669339,84.16833667334669,94.38877755511022,93.3867735470942,0.5807324634253994,0.47244875861541014
61653,0,-0.1762895498929484,0.13779710482301744,76.15230460921843,90.78156312625251,97.79559118236473,96.39278557114228,0.7730199185013169,0.47105553658963606
61653,1,-0.08906232742343065,0.13355010439004342,71.34268537074149,93.9879759519038,98.19639278557113,88.57715430861724,0.8869164422359197,0.5092332279728846
61683,0,-0.18995101511875662,0.33316222782455696,86.17234468937876,89.57915831663327,91.58316633266533,69.33867735470942,0.8919056847123503,0.5283453994974963
61683,1,0.16695989862069188,0.5473375157054369,98.99799599198397,94.58917835671342,97.99599198396794,98.79759519038076,0.8844665437520264,0.5468475575632465
61701,0,0.07264910204811754,0.16808197279492515,43.48697394789579,38.877755511022045,2.004008016032064,71.7434869739479,1.0255088919807704,0.6083043530097301
61701,1,-0.018527840077205898,0.1475951691343403,99.39879759519037,93.78757515030061,23.446893787575153,81.96392785571143,0.9796896095104647,0.6483203260532034
61868,0,0.07971933953700237,0.20777744112319965,90.5811623246493,98.59719438877755,88.57715430861724,94.18837675350701,0.9229467318379599,0.5432532297207896
61868,1,0.0323713660688679,0.20120391715583147,31.062124248496993,83.16633266533067,95.19038076152304,94.38877755511022,0.9635089420937919,0.6292791647463337
61878,0,-0.023409003827388537,0.501140659715619,91.78356713426854,98.19639278557113,100.0,97.1943887775551,0.7966798456250244,0.3108732646742177
61878,1,-0.12008598904194917,0.5172717075849539,92.98597194388778,99.79959919839679,99.59919839679358,97.1943887775551,0.8337420266160828,0.40799376352149586
62117,0,0.10426591571751771,0.5262909263819932,95.79158316633266,84.76953907815631,69.93987975951904,38.476953907815634,0.9803976447247512,0.5760991447998474
62117,1,0.3565542185376306,0.4906824536139181,99.79959919839679,99.39879759519037,65.33066132264528,14.829659318637276,0.962873289631321,0.5971767291790484
62587,0,0.09842926302710148,0.25313941051320554,96.79358717434869,95.99198396793587,99.79959919839679,100.0,0.2942335113254614,0.2888487754933132
62587,1,0.4566635528852038,0.3167985372921362,97.39478957915831,98.39679358717434,99.59919839679358,98.59719438877755,0.2149225127008415,0.21669336005241424
62627,0,0.2780579788881249,0.22496494790968322,99.39879759519037,100.0,99.19839679358718,89.37875751503006,0.7547536205506034,0.3109812606278416
62627,1,0.005003073218734953,0.18389396296994034,88.57715430861724,56.51302605210421,60.72144288577155,95.39078156312625,0.9966719473611516,0.626289379630319
63062,0,-0.06597928706948697,0.3967108511727746,35.671342685370746,65.53106212424849,99.79959919839679,99.79959919839679,0.7308935724655292,0.5524912694674486
63062,1,-0.025847231995658616,0.44605401300493425,42.88577154308617,80.16032064128257,100.0,100.0,0.767031992529372,0.42399149820318116
63247,0,0.30729644502607245,0.44838213462851223,75.75150300601202,95.59118236472945,97.59519038076152,67.53507014028057,0.6606728709721367,0.284959033715796
63247,1,0.784714528495268,0.5508755468349108,98.99799599198397,100.0,95.99198396793587,12.625250501002002,0.8566310165114639,0.3255921817806907
63837,0,-0.11941177631298783,0.24094167094591107,89.17835671342685,83.36673346693387,81.1623246492986,44.28857715430862,0.9946201199115898,0.5127719550074015
63837,1,0.14784331831732986,0.2568629179965577,25.450901803607213,74.74949899799599,47.69539078156313,71.9438877755511,1.0089822589297943,0.550716002938905
63869,0,0.06713304940337117,0.17036081339934397,98.19639278557113,93.78757515030061,72.34468937875751,72.74549098196393,0.8386308917780534,0.6908845156088239
63869,1,0.04092970284403702,0.1351427969050758,97.79559118236473,93.78757515030061,81.96392785571143,68.33667334669339,0.9528083472885244,0.8523282363082982
64050,0,0.5491445806838655,0.41300000304748885,99.59919839679358,95.79158316633266,95.59118236472945,93.18637274549098,0.8090052953774327,0.4759720671972183
64050,1,0.07559563973178275,0.4944467456437469,95.19038076152304,92.38476953907816,93.78757515030061,43.08617234468938,0.9722289988686919,0.5324602225465072
64148,0,0.022808110767647986,0.26298428920799016,54.70941883767535,90.98196392785572,57.11422845691383,34.66933867735471,0.9286411955966434,0.5211584645480523
64148,1,-0.16337284192015034,0.23806357348319362,68.93787575150301,94.58917835671342,91.18236472945893,44.88977955911824,0.9170685074975895,0.4536253481187402
64195,0,0.05125863610113716,0.23803363654487755,56.51302605210421,58.116232464929865,84.16833667334669,63.126252505010015,1.002226537573052,0.7261456650833191
64195,1,-0.0452724388954472,0.14318616469577627,80.36072144288578,64.32865731462925,76.35270541082164,87.5751503006012,0.9601113105431172,0.5493021011289299
64262,0,0.11214616764902792,0.26743364311374446,60.120240480961925,96.59318637274549,98.99799599198397,95.79158316633266,0.9106292682807151,0.5701245592050117
64262,1,0.153248637982904,0.2857256968621948,89.97995991983969,99.19839679358718,95.79158316633266,93.3867735470942,0.9070118745896274,0.5550952430576148
64417,0,-0.04012483884658863,0.47202858181804486,68.5370741482966,90.5811623246493,95.59118236472945,98.79759519038076,0.7838860477606335,0.4572136068616788
64417,1,-0.09516822427973363,0.3485518351044146,42.28456913827655,76.15230460921843,85.57114228456913,95.99198396793587,0.819487734487728,0.5281956404605904
64547,0,0.043541522778767765,0.17460767916370956,91.58316633266533,94.98997995991984,84.3687374749499,85.17034068136272,0.9537139694377869,0.5369244322448222
64547,1,0.13255287639763014,0.16381562217491585,81.56312625250501,78.55711422845691,97.79559118236473,92.18436873747495,0.9446268617586503,0.5119414356784164
64783,0,0.307328084655349,0.3313682788288561,98.79759519038076,94.38877755511022,60.72144288577155,83.16633266533067,0.9871821985789571,0.5521040645742482
64783,1,0.5592122948385756,0.3905347307610331,87.374749498998,92.38476953907816,67.93587174348697,66.33266533066133,0.9680880002141262,0.5333323680344191
64851,0,0.07626156489027075,0.22681494871125235,83.56713426853707,88.37675350701403,96.9939879759519,91.58316633266533,0.9625348914259054,0.6489733689552749
64851,1,-0.17568549454831922,0.34465735746029447,29.258517034068138,95.19038076152304,98.59719438877755,36.87374749498998,0.801585754451372,0.623340796303476
64925,0,0.08005561552418647,0.1025452302801891,56.51302605210421,80.7615230460922,99.39879759519037,97.99599198396794,0.7266938826206053,0.5913426059193424
64925,1,-0.14484529789094733,0.07410797104182275,98.39679358717434,98.39679358717434,72.74549098196393,94.58917835671342,1.0512290001524054,0.48302373759780204
65218,0,0.21583460922209066,0.16933171766104022,5.811623246492986,80.56112224448898,7.414829659318638,66.73346693386773,1.0017367279066849,0.5639917958571117
65218,1,-0.13201188790709856,0.14981893651207073,15.631262525050099,69.33867735470942,80.96192384769539,41.68336673346693,0.9680534644782819,0.5386367930005436
65340,0,0.33362038302315833,0.3236215243100638,75.35070140280561,94.38877755511022,98.19639278557113,91.18236472945893,0.7712661211991911,0.4737691767794503
65340,1,0.14437060266946428,0.35950495946471045,99.19839679358718,100.0,99.79959919839679,90.78156312625251,0.7791744995027791,0.4113769503303011
65348,0,0.05037611340025607,0.1695984615256911,71.14228456913828,95.59118236472945,100.0,96.19238476953907,0.6784621501382353,0.4420426193304463
65348,1,-0.0946619985912247,0.17093531210247737,77.9559118236473,77.35470941883767,98.99799599198397,100.0,0.6642096607862931,0.45307010483450183
65417,0,-0.23735738910520401,0.17961175779576125,34.66933867735471,72.74549098196393,33.46693386773547,40.08016032064128,0.9438044782342203,0.508718003536895
65417,1,-0.2176690395895873,0.21923931159737822,55.51102204408818,45.29058116232465,50.300601202404806,42.28456913827655,1.0168543276104538,0.6784978731190057
65553,0,0.14993865689907127,0.5640426130500524,95.19038076152304,98.59719438877755,96.9939879759519,11.422845691382765,0.9232195953488639,0.38796313692361695
65553,1,-0.37195562253185116,0.4699328022195157,93.3867735470942,99.19839679358718,96.19238476953907,50.50100200400801,0.9240917752150827,0.42711691893305026
65609,0,0.24859034674314048,0.2837063101359708,74.14829659318637,66.93386773547094,90.5811623246493,96.79358717434869,0.911592602380987,0.5485620255227599
65609,1,-0.011429098421959204,0.27458556991714184,64.72945891783567,58.116232464929865,97.1943887775551,99.79959919839679,0.5830743230965496,0.43809188237084484
65690,0,0.08634143442433695,0.42034164252873374,93.3867735470942,76.15230460921843,94.98997995991984,52.104208416833664,1.013897211137378,0.4541591139135477
65690,1,0.25807856324319406,0.4037688915113716,98.59719438877755,92.18436873747495,92.78557114228457,37.4749498997996,0.8511776654009616,0.4537434564018349
65878,0,-0.05557940995667941,0.10865101566722013,55.91182364729459,44.08817635270541,44.68937875751503,13.026052104208416,1.0000639532446856,0.6057991751553946
65878,1,-0.025518239455071253,0.1236276478436063,44.88977955911824,73.54709418837675,64.32865731462925,56.91382765531062,1.0261626006544857,0.6504924186343918
66058,0,0.04106715318232351,0.23501174242941503,98.79759519038076,88.57715430861724,97.1943887775551,94.78957915831663,0.8430066119924015,0.3718140988283063
66058,1,0.08100087822585343,0.23670723272047317,98.99799599198397,94.38877755511022,97.99599198396794,71.9438877755511,0.6940116358665293,0.375181039551015
66209,0,-0.20686057886736628,0.26533687495075087,31.663326653306612,83.96793587174348,50.901803607214426,53.90781563126252,0.9222260891926561,0.612382811926093
66209,1,-0.12462138749993627,0.3162743184172531,50.901803607214426,62.525050100200396,78.75751503006012,51.903807615230455,0.9633427837360223,0.4712131975935233
66269,0,-0.09138988547635347,0.2249150928984254,72.34468937875751,99.19839679358718,31.663326653306612,94.38877755511022,1.012928954091401,0.6312795846151573
66269,1,-0.05940461839926023,0.2116102283466314,94.38877755511022,96.9939879759519,73.94789579158316,93.78757515030061,0.8547157334803567,0.6167307935548828
66437,0,0.00308361755611625,0.28963895686248775,0.8016032064128256,1.002004008016032,66.53306613226452,99.39879759519037,0.8886939059642187,0.6085465236682401
66437,1,0.33937344053402735,0.30237934902281177,85.57114228456913,93.18637274549098,98.99799599198397,98.19639278557113,0.8291295668373925,0.5118835361043473
66512,0,-0.024026263302225462,0.18925971978357173,49.899799599198396,97.39478957915831,20.240480961923847,65.13026052104209,0.9451895375546586,0.5727933579533935
66512,1,0.09554594790406733,0.32877839982355406,25.651302605210418,89.77955911823648,16.03206412825651,72.54509018036072,1.0592525073162882,0.5245346300966066
66559,0,0.11270142516941804,0.2701323606396312,94.38877755511022,86.37274549098196,24.448897795591183,92.78557114228457,0.9749140762512728,0.6479572091020116
66559,1,0.14673738849335674,0.34238455379543303,86.57314629258516,52.104208416833664,44.88977955911824,97.79559118236473,0.8910138055450612,0.6244559994282246
66875,0,-0.29786176756747407,0.20945673969599987,92.58517034068137,99.19839679358718,99.79959919839679,99.59919839679358,0.44910706627960373,0.2798616254885342
66875,1,-0.1578153754556521,0.2471597850262519,98.99799599198397,92.18436873747495,96.9939879759519,96.9939879759519,0.6904302577948884,0.34856979011055034
67261,0,-0.06025096717587814,0.1330293230923454,94.18837675350701,88.17635270541082,31.262525050100198,50.1002004008016,0.8995835561028613,0.5123491473248837
67261,1,0.15364789445429375,0.239907219557892,62.32464929859719,20.841683366733466,94.98997995991984,81.1623246492986,0.8983436519675544,0.5260699514133108
67281,0,0.17067653622282705,0.2732972414667146,77.15430861723446,89.37875751503006,94.98997995991984,98.39679358717434,0.9312008953752994,0.3299739377645817
67281,1,0.207996557214741,0.28493100289480744,88.97795591182364,92.78557114228457,92.18436873747495,95.59118236472945,0.9211724256875449,0.36688768759847024
67361,0,-0.02504514526762048,0.21864880282824267,93.9879759519038,99.59919839679358,100.0,100.0,0.692834687817821,0.40745076893190013
67361,1,-0.006764998388235599,0.22519522326671684,92.78557114228457,100.0,100.0,99.39879759519037,0.5933543742739856,0.4388492529376302
67444,0,0.08927556003956094,0.08666820443133143,97.59519038076152,100.0,95.59118236472945,98.99799599198397,0.7052449516762216,0.350130480818595
67444,1,0.06868057093081073,0.07261157163760741,62.124248496993985,99.59919839679358,100.0,100.0,0.4532540020398602,0.303628389681734
67673,0,0.1622308440727413,0.2391300855092233,98.99799599198397,98.79759519038076,98.79759519038076,99.59919839679358,0.7983563553199013,0.42963384593269127
67673,1,0.11558800331824955,0.24136795496942778,90.78156312625251,97.99599198396794,99.79959919839679,99.79959919839679,0.8403270944253781,0.47255894091422734
67708,0,0.04811747256679353,0.29913631016898473,51.703406813627254,98.59719438877755,84.96993987975952,98.39679358717434,0.9359246153796714,0.592323441009529
67708,1,0.17723519232197066,0.3541824486766133,80.56112224448898,97.1943887775551,100.0,65.13026052104209,0.8657081391002898,0.4859274781869849
67899,0,0.025996582309594805,0.31336732491810027,88.57715430861724,83.76753507014027,97.1943887775551,85.77154308617234,0.7284595885765659,0.3446889566424005
67899,1,0.1561845420167592,0.35113795914940055,88.97795591182364,96.59318637274549,91.78356713426854,87.97595190380761,0.8928169634337902,0.37783712304654604
68121,0,0.16102979463535805,0.28297127797076915,73.74749498997996,99.19839679358718,93.78757515030061,71.9438877755511,0.8167722093092522,0.36194818815521146
68121,1,-0.05837803568582,0.3392865931978069,48.09619238476954,94.38877755511022,98.19639278557113,99.39879759519037,0.7420188494882796,0.3384713742545715
68127,0,0.16496191365232543,0.3559726353801828,97.39478957915831,100.0,97.99599198396794,97.1943887775551,0.7979021692873631,0.3815587701812172
68127,1,0.13159689410059014,0.286422873360296,11.22244488977956,43.8877755511022,98.99799599198397,99.59919839679358,0.6661210175915715,0.46100158066359576
68173,0,0.08693198636240594,0.29256922102380917,42.28456913827655,86.77354709418837,95.79158316633266,97.1943887775551,0.8552753412396272,0.636952307969942
68173,1,0.11054228020440227,0.2414750727150662,71.9438877755511,84.5691382765531,95.39078156312625,78.3567134268537,0.9058357983034055,0.6880970702968028
68193,0,-0.08946407234513312,0.3265933418593544,90.5811623246493,71.5430861723447,35.87174348697395,53.707414829659314,0.971190072009533,0.6151578983445463
68193,1,0.02232044845770239,0.30148409253957703,81.3627254509018,86.57314629258516,60.320641282565134,90.38076152304609,0.9646472760794715,0.5826799674946248
68287,0,-0.1993821601944712,0.3178392353591924,35.87174348697395,41.48296593186373,100.0,99.19839679358718,0.6757139311235729,0.5269174169524764
68287,1,-0.15596989434768782,0.2385403626891008,6.613226452905812,5.811623246492986,69.53907815631263,80.16032064128257,0.9240140983053333,0.5553135600400262
68394,0,0.1503280496987577,0.4707674056435396,3.6072144288577155,3.406813627254509,93.9879759519038,94.98997995991984,0.7848149597269087,0.4720238363079515
68394,1,-0.04039818416090545,0.3703458217477113,21.04208416833667,51.302605210420836,94.38877755511022,73.14629258517033,0.8153556946905991,0.5197770734853552
68473,0,-0.04028860552439565,0.1809248494851187,50.901803607214426,93.78757515030061,75.55110220440882,98.79759519038076,0.9402220787750498,0.5140615489891401
68473,1,-0.0411108125622687,0.17016994093259488,44.28857715430862,96.19238476953907,62.725450901803605,97.79559118236473,0.8706572983172671,0.5338586172140609
68532,0,0.18676878995438678,0.3403682915790293,99.59919839679358,98.99799599198397,20.240480961923847,46.49298597194389,1.0135099366136298,0.5350369659916018
68532,1,-0.1686898446103576,0.31449582178696867,70.14028056112225,81.56312625250501,0.2004008016032064,42.28456913827655,1.0152660820634192,0.5469042813702689
68553,0,0.07275824441144015,0.42274064561654173,90.98196392785572,88.97795591182364,100.0,99.59919839679358,0.7154366239516312,0.4127429447030023
68553,1,0.15164416847239345,0.3514251278474656,94.38877755511022,94.38877755511022,99.19839679358718,97.99599198396794,0.7207346784139392,0.4885903805415224
68819,0,0.04091296117305037,0.23301852279160307,49.298597194388776,97.1943887775551,97.79559118236473,98.39679358717434,0.8082438524201575,0.49374886947418006
68819,1,0.03456837349931336,0.2348113946226864,82.96593186372746,86.97394789579158,94.58917835671342,90.78156312625251,0.9265828756147412,0.7233314790240635
69085,0,-0.11198343629269818,0.3953653735182661,73.14629258517033,94.18837675350701,91.78356713426854,96.39278557114228,0.8386447386937679,0.5210804272863713
69085,1,0.0036173670007077167,0.347173514073169,66.33266533066133,15.230460921843688,69.33867735470942,90.38076152304609,0.9176074188485065,0.6354650830730615
69087,0,0.02259978145527881,0.15619592630239443,98.59719438877755,100.0,99.39879759519037,100.0,0.7718810175448371,0.2875286040123123
69087,1,0.011389303776451962,0.19621156976382034,100.0,99.79959919839679,95.59118236472945,100.0,0.7715685482197637,0.412293021026947
69137,0,0.05691275228536398,0.21610403044339618,94.98997995991984,99.39879759519037,77.9559118236473,93.9879759519038,0.9505142861777561,0.40604109350599304
69137,1,0.062006418007041555,0.2995303265003077,14.02805611222445,20.04008016032064,98.99799599198397,86.17234468937876,0.7353966064574595,0.38056959261682477
69462,0,0.08676120141131717,0.22894396892714577,49.09819639278557,92.98597194388778,98.79759519038076,99.79959919839679,0.892513915945806,0.5516632164521762
69462,1,0.034363140373538846,0.2276387141445189,42.28456913827655,84.5691382765531,97.39478957915831,48.69739478957916,0.7855911791656283,0.5173595067269585
69641,0,-0.012694657711908131,0.0275153793674389,76.35270541082164,98.19639278557113,99.19839679358718,100.0,0.28122797179909975,0.2702750019540803
69641,1,-0.006662767050549771,0.0373604197940002,97.59519038076152,98.19639278557113,97.39478957915831,97.79559118236473,0.41749824300595084,0.33126581104996566
70279,0,0.04296560425989008,0.4164040733650435,60.92184368737475,70.14028056112225,98.39679358717434,94.98997995991984,0.8290734440280039,0.43854863470010597
70279,1,0.3043242525106468,0.385372801004377,96.39278557114228,60.72144288577155,73.94789579158316,97.39478957915831,0.8522110177256504,0.5538089631983887
70372,0,0.11082122650468314,0.4665954460293055,85.57114228456913,68.5370741482966,14.428857715430862,43.8877755511022,0.9489591615227556,0.6044466137175242
70372,1,-0.27791330915742934,0.5563641726959311,84.16833667334669,62.124248496993985,98.19639278557113,46.49298597194389,0.9344202001353354,0.5112854408581637
70496,0,0.04360933757142292,0.3402668928035606,70.74148296593187,99.79959919839679,100.0,100.0,0.6976988782307565,0.5142559773182869
70496,1,-0.12687723637991385,0.2567068201489007,38.276553106212425,71.5430861723447,54.30861723446894,82.56513026052104,0.9234462183296713,0.6562033257039238
70765,0,0.048425040313556135,0.2753821643988388,50.70140280561122,55.71142284569138,83.96793587174348,90.18036072144288,0.9607147298359643,0.6824729809283965
70765,1,-0.18159557180046706,0.2883337091462376,51.503006012024045,59.318637274549104,86.97394789579158,98.99799599198397,0.840323020290894,0.5268717886992924
71264,0,-0.13809681987727557,0.2254914637395694,39.67935871743487,94.78957915831663,99.79959919839679,79.35871743486975,0.7308094351239416,0.40946840947068397
71264,1,0.060852113016152384,0.2505165805990511,99.39879759519037,99.59919839679358,98.99799599198397,95.99198396793587,0.7014998972246927,0.30179380991403704
71624,0,-0.03387504376648971,0.23351820865655742,37.87575150300601,19.238476953907817,62.525050100200396,81.56312625250501,0.9106132711957458,0.5491877277209039
71624,1,-0.0047941716987645365,0.24762220282404587,57.71543086172345,79.55911823647295,78.75751503006012,64.12825651302605,0.9299710863351747,0.5130673789990401
71735,0,-0.10365753840955137,0.5735639915233403,49.498997995991985,92.58517034068137,98.99799599198397,95.59118236472945,0.42253295179524564,0.24917277678685068
71735,1,0.01853344661989022,0.5196117599080992,70.94188376753507,94.18837675350701,95.59118236472945,99.59919839679358,0.3924826802446503,0.28275638179099805
72089,0,0.08044619772443179,0.1421174416073236,93.5871743486974,44.88977955911824,7.414829659318638,75.35070140280561,0.9948386045391505,0.6411259530241916
72089,1,0.030663945612342154,0.1929554784173064,89.97995991983969,77.15430861723446,53.90781563126252,90.18036072144288,0.9824990790805086,0.6559940779412471
72151,0,-0.12431961962337948,0.4350116895197632,90.18036072144288,95.19038076152304,92.98597194388778,91.78356713426854,0.7318937462991463,0.35532580854066687
72151,1,0.05884417803191369,0.4475495129720339,94.18837675350701,93.5871743486974,98.19639278557113,99.19839679358718,0.3432907582446967,0.29865512406023065
72389,0,-0.023405559443938004,0.24714511503054293,90.38076152304609,96.9939879759519,85.57114228456913,99.79959919839679,0.7907295694905908,0.4786303615662325
72389,1,0.1355638809444976,0.23236344388057856,98.79759519038076,99.59919839679358,99.19839679358718,100.0,0.7117785017040479,0.30365670636070674
72527,0,-0.0792002553322388,0.3208341911323145,57.91583166332666,90.98196392785572,99.39879759519037,100.0,0.4702705011106867,0.2650668873626687
72527,1,0.2609979624134837,0.29255462095147594,90.5811623246493,98.39679358717434,94.98997995991984,99.19839679358718,0.7828733168539646,0.3870691055921478
