image_id,candidate,PixCorr,SSIM,AlexNet2,AlexNet5,Inception,CLIP_identification,EfficientNet,SwAV
95,0,0.012982281120045739,0.6868984935988095,88.57715430861724,97.39478957915831,82.16432865731463,92.38476953907816,0.5283591426572174,0.37842526889431227
95,1,-0.1502815362995551,0.6508306253800229,87.374749498998,97.59519038076152,89.57915831663327,90.98196392785572,0.7531591650382239,0.35739719038705087
204,0,0.05136949840337535,0.1078509084554036,99.19839679358718,97.79559118236473,92.38476953907816,98.59719438877755,0.8602406266028639,0.4701645478569112
204,1,0.2132711146122837,0.18663210715822032,68.13627254509018,95.99198396793587,92.78557114228457,90.38076152304609,0.9250032933500285,0.4967774859252474
318,0,0.026127385483645793,0.4063011564658026,23.446893787575153,78.95791583166333,14.228456913827655,89.37875751503006,0.9653608735077899,0.6288331818222622
318,1,0.19616181392167317,0.42623648218534976,85.97194388777555,82.36472945891784,32.46492985971944,59.919839679358724,0.9611716458123218,0.5441944155434771
356,0,0.022266700595008255,0.32637308989242203,69.53907815631263,25.0501002004008,30.861723446893784,99.79959919839679,0.9352438849564885,0.5822924633807648
356,1,0.10979148374948103,0.3458686701285065,96.39278557114228,71.14228456913828,65.7314629258517,87.97595190380761,1.0453217631263327,0.6421355196816608
425,0,-0.28898429790863134,0.17835395257684314,99.19839679358718,100.0,100.0,100.0,0.7395281389607944,0.5269914409566926
425,1,-0.0024717720167876265,0.1613573779305803,100.0,100.0,100.0,100.0,0.7267024772749332,0.5752812550067483
458,0,-0.11748918566337493,0.31982459560074294,51.503006012024045,74.14829659318637,94.98997995991984,78.95791583166333,0.9087208947394179,0.4615894829669802
458,1,-0.16762858525012211,0.23041488997089554,75.35070140280561,98.79759519038076,95.99198396793587,56.1122244488978,0.7899338320658325,0.4094005018359581
637,0,0.13655767360343282,0.37472762408840204,85.97194388777555,94.78957915831663,97.39478957915831,98.59719438877755,0.9030514623268762,0.5302755093622586
637,1,0.1447941395387552,0.3597223695032102,92.18436873747495,71.7434869739479,28.256513026052104,23.446893787575153,0.9709119663892133,0.5747524595934554
709,0,-0.024436760575934465,0.29239630001738154,39.078156312625254,96.19238476953907,96.39278557114228,99.79959919839679,0.5574165711429813,0.5876595475699606
709,1,0.030245344758647572,0.30331408764525386,9.619238476953909,25.651302605210418,95.79158316633266,84.5691382765531,0.7795626546066148,0.6269149394951627
868,0,-0.14427966253136137,0.08803745268551878,34.46893787575151,91.78356713426854,60.320641282565134,36.27254509018036,1.0073471938317047,0.5702354150712885
868,1,0.045644357869227645,0.06601668944861756,85.77154308617234,61.12224448897795,92.58517034068137,41.28256513026052,0.9284484047942133,0.47692160262038263
1015,0,-0.12971829125164255,0.5819057524748452,92.58517034068137,87.17434869739479,96.79358717434869,67.13426853707415,0.48143943048455873,0.48318424218990386
1015,1,-0.3618074121860995,0.5532563720459595,71.5430861723447,64.52905811623246,96.19238476953907,99.59919839679358,0.5489317745771708,0.49263626285008166
1288,0,0.4081204934377259,0.3842536913634712,91.58316633266533,96.79358717434869,94.58917835671342,98.39679358717434,0.6297953148970192,0.32574090101663244
1288,1,0.5300880690441774,0.3875763283686834,97.99599198396794,94.18837675350701,92.18436873747495,94.58917835671342,0.9037198791074118,0.3662640952783375
1589,0,0.07500303459435932,0.2326949797848042,93.18637274549098,67.13426853707415,92.38476953907816,95.59118236472945,0.899393884589531,0.5180464258462796
1589,1,-0.13589504371115016,0.2517167722658729,69.93987975951904,96.39278557114228,99.39879759519037,90.5811623246493,0.6503901682896387,0.3816222235790109
1744,0,0.7130943190184681,0.43132133498022024,99.39879759519037,99.19839679358718,80.56112224448898,98.59719438877755,0.8345523689599343,0.38401550931353046
1744,1,0.7240084728875824,0.4619921907646594,97.99599198396794,87.97595190380761,47.09418837675351,91.98396793587175,0.8279429800203029,0.36268372223310374
1818,0,-0.20856813895066348,0.08630299233338608,78.75751503006012,95.99198396793587,41.48296593186373,41.48296593186373,0.9664931216133075,0.620545889614775
1818,1,-0.02417200743937122,0.09504916099200886,29.659318637274552,86.57314629258516,63.92785571142284,63.126252505010015,1.0115816524443526,0.6419036844494015
2070,0,-0.015286398098215487,0.28645382670477565,85.17034068136272,86.97394789579158,100.0,98.59719438877755,0.47182545228783657,0.35897671340450177
2070,1,0.10998969911938729,0.3100661346295646,71.34268537074149,38.677354709418836,95.39078156312625,97.99599198396794,0.7443920571482852,0.5438713229304888
2125,0,0.14340222471377145,0.36202244392972116,38.877755511022045,87.374749498998,93.78757515030061,96.79358717434869,0.9150354760762681,0.4628970930143368
2125,1,-0.1419530844714523,0.3415082820449353,16.03206412825651,46.09218436873748,97.59519038076152,81.76352705410822,0.8744029155846162,0.4960229930317218
2327,0,0.42249433416955645,0.45565810795517053,77.15430861723446,94.18837675350701,92.78557114228457,78.15631262525051,1.0018186894491354,0.5886687988851524
2327,1,-0.12548355917203116,0.4127438881435955,8.216432865731463,64.52905811623246,70.34068136272545,75.1503006012024,0.9765663102716933,0.6812347319579153
2737,0,-0.10136377808420927,0.1659512924162053,53.90781563126252,28.857715430861724,48.49699398797595,88.97795591182364,1.0397377530223244,0.6213331412520575
2737,1,0.004788307002572498,0.1614004871947536,24.849699398797593,25.0501002004008,13.627254509018035,58.517034068136276,1.02582704830781,0.6439989675067425
2795,0,-0.023511799572210727,0.25079559823132436,31.462925851703403,72.14428857715431,7.8156312625250495,97.39478957915831,0.9026461084051901,0.5653537014506661
2795,1,-0.058046792039574115,0.2349882911294678,96.19238476953907,22.84569138276553,55.11022044088176,68.7374749498998,0.9820830413353773,0.680779877132853
2980,0,-0.011783686328407183,0.09648501426432286,0.6012024048096193,50.70140280561122,92.38476953907816,96.19238476953907,0.9397542640689621,0.7602406891363668
2980,1,0.009511578955079678,0.07136326661050828,99.19839679358718,100.0,100.0,99.19839679358718,0.4605186340997923,0.30619675876065144
3338,0,0.3103951813820178,0.31641002124190803,79.75951903807615,67.93587174348697,14.629258517034069,1.8036072144288577,1.0127550906603753,0.5721598820046869
3338,1,0.21910608916046878,0.2544201965025789,80.7615230460922,72.74549098196393,88.17635270541082,11.823647294589177,1.0126037939508412,0.6707125447532145
3344,0,0.016148736496297986,0.2271266867530937,81.1623246492986,62.32464929859719,58.91783567134269,41.28256513026052,0.9384294412347063,0.6113004487916973
3344,1,0.11652269193229148,0.2735151471491016,57.91583166332666,76.35270541082164,7.8156312625250495,4.609218436873747,0.9900432438179886,0.6664636835177857
3368,0,0.05407342081375522,0.2915330272798582,100.0,99.79959919839679,99.39879759519037,98.59719438877755,0.7877262034400128,0.6194914752093172
3368,1,0.03521960048987091,0.28922141911435345,63.126252505010015,97.1943887775551,96.19238476953907,99.79959919839679,0.735960464714575,0.46673308675945735
3731,0,0.019737938787631044,0.4427472373513305,61.72344689378757,93.3867735470942,53.90781563126252,95.59118236472945,0.9818851636321604,0.5056362228839275
3731,1,-0.22525050380988354,0.40820558070854207,77.55511022044088,69.93987975951904,94.78957915831663,94.38877755511022,0.8614011754123039,0.4914970856874372
3803,0,0.12288216205175446,0.4687358574978608,61.32264529058116,84.96993987975952,70.94188376753507,71.14228456913828,0.9217867196037441,0.59003260253487
3803,1,0.2788540080970463,0.5553572278500991,50.1002004008016,78.15631262525051,31.663326653306612,88.37675350701403,0.9463443809206792,0.5055324112249315
4292,0,0.10781661923994729,0.3167186858076707,77.15430861723446,43.8877755511022,63.52705410821643,58.31663326653307,0.9493860209446243,0.41386400105190924
4292,1,-0.13900669570290608,0.3603099143913747,27.85571142284569,23.04609218436874,97.39478957915831,100.0,0.8828332430105965,0.5432367284066202
4409,0,0.15176430055469076,0.2932074734395792,37.675350701402806,95.79158316633266,99.39879759519037,95.79158316633266,0.854902896014856,0.6150076090414733
4409,1,0.029578357974532822,0.3563120072200442,96.19238476953907,100.0,99.59919839679358,99.79959919839679,0.6722658542573005,0.38776546229563347
4476,0,0.44982197971431137,0.5694631643837721,80.96192384769539,70.74148296593187,89.77955911823648,13.026052104208416,0.9752801970177923,0.4949026756157936
4476,1,0.014062755340193961,0.38059082461838284,40.6813627254509,77.15430861723446,87.17434869739479,8.216432865731463,0.8813392581600012,0.4565122399174264
4509,0,0.15514232643924028,0.18425943114465757,7.8156312625250495,87.374749498998,76.95390781563127,34.86973947895792,0.9867542897880494,0.6767482167300375
4509,1,0.00739435779810432,0.19527168414427976,40.88176352705411,58.91783567134269,41.68336673346693,53.3066132264529,0.970430995661931,0.6477026901599012
4927,0,0.04553795286160077,0.180871503716067,81.76352705410822,46.09218436873748,99.79959919839679,99.59919839679358,0.8938106561626882,0.5233088528797463
4927,1,0.09845270839807375,0.14958571353484829,83.96793587174348,57.11422845691383,94.38877755511022,98.99799599198397,0.9795943911082194,0.5360378266684281
4967,0,-0.4281343444710012,0.3117564513567265,57.71543086172345,97.99599198396794,100.0,98.19639278557113,0.7285415460749112,0.38294915764446613
4967,1,0.4918476339350261,0.4160352714149601,97.79559118236473,97.59519038076152,90.98196392785572,93.3867735470942,0.8205949844582746,0.5429262372371932
5340,0,-0.1942322040692485,0.1172230129198721,19.639278557114228,20.240480961923847,100.0,99.39879759519037,0.8011770844439902,0.5576215246376219
5340,1,-0.3670024319005128,0.11794632805798343,87.17434869739479,93.3867735470942,99.39879759519037,80.7615230460922,0.7578306800873741,0.6010846725235017
5582,0,0.048046280903746186,0.6401557735808512,75.35070140280561,99.59919839679358,100.0,99.79959919839679,0.2537233874895556,0.2166335443888715
5582,1,0.08072270395177239,0.6456134495972594,96.59318637274549,100.0,100.0,96.79358717434869,0.6132890092612683,0.2898419230574908
5656,0,-0.17308024231008107,0.1562610726456729,8.41683366733467,53.90781563126252,28.45691382765531,33.06613226452906,0.9913613429635393,0.5553142928475141
5656,1,-0.10581785545936309,0.19253251434856045,4.609218436873747,54.30861723446894,92.18436873747495,69.33867735470942,0.8032125112097124,0.48952415923062675
5683,0,-0.2252801481737735,0.5442211979229108,99.39879759519037,98.79759519038076,24.04809619238477,85.77154308617234,0.9140528075969269,0.42712693105792876
5683,1,0.19981578123064117,0.4570545680834956,73.94789579158316,83.76753507014027,5.61122244488978,96.39278557114228,0.9742261432729754,0.4679686156494761
5790,0,-0.2078836817418341,0.17725441750420728,50.901803607214426,68.33667334669339,94.38877755511022,86.57314629258516,0.7942110542566148,0.6429759854948977
5790,1,-0.2311349142411685,0.19597315157202264,33.66733466933868,16.432865731462925,58.116232464929865,86.97394789579158,0.9839351594704469,0.8267288617886049
5929,0,0.027034620988787197,0.29081081716092266,93.9879759519038,98.99799599198397,83.16633266533067,72.14428857715431,0.8062572170470997,0.3549096307976629
5929,1,-0.19908394762737724,0.36504884550219974,48.897795591182366,91.58316633266533,98.19639278557113,78.55711422845691,0.9053045898621912,0.3793652333330383
6315,0,0.2717730064953048,0.3569349474607511,89.57915831663327,91.58316633266533,98.59719438877755,97.99599198396794,0.8806654067324323,0.5863804166547097
6315,1,0.33868682149983054,0.28200329254343187,33.26653306613226,31.262525050100198,98.79759519038076,96.79358717434869,0.8700173540639385,0.5388152357676821
6360,0,0.049416209530293735,0.18365513871547698,91.78356713426854,97.59519038076152,78.75751503006012,97.39478957915831,0.7874057097123903,0.37603240852367714
6360,1,-0.000604273961596421,0.2067631608489178,97.39478957915831,88.97795591182364,71.5430861723447,97.79559118236473,0.8142870088205503,0.4409789151981336
6454,0,-0.13231475667763987,0.12161983447827245,52.705410821643284,96.9939879759519,94.98997995991984,95.79158316633266,0.7265716491477103,0.45464368858600046
6454,1,0.16748324690787061,0.2029669543750663,84.3687374749499,99.59919839679358,97.79559118236473,60.320641282565134,0.7462444094219057,0.487511257154317
6603,0,-0.05912435744400604,0.14351563028099187,76.55310621242485,38.476953907815634,87.17434869739479,78.15631262525051,0.9324995612132768,0.6115071803384005
6603,1,0.1370567557964077,0.1440498796772748,78.55711422845691,3.2064128256513023,68.93787575150301,83.76753507014027,0.957341851388015,0.6672341565678672
6750,0,-0.03228506951506243,0.5176008375237159,93.78757515030061,97.39478957915831,92.58517034068137,94.98997995991984,0.7056430858943461,0.6654048020473021
6750,1,-0.14851095030134073,0.4491331897555811,83.76753507014027,96.19238476953907,96.79358717434869,90.5811623246493,0.7546570514053867,0.5732144046169975
6759,0,0.008417965544806909,0.36638934853102656,86.77354709418837,99.79959919839679,100.0,99.39879759519037,0.3734659275988419,0.2620716002638125
6759,1,-0.04270986246409758,0.33465429044658107,100.0,98.99799599198397,99.39879759519037,98.59719438877755,0.6191804363712388,0.27967589483642386
6770,0,0.28796121107234385,0.2447538663881017,52.90581162324649,71.9438877755511,94.98997995991984,96.19238476953907,0.6351507416466492,0.5558377203907011
6770,1,-0.05020210642644829,0.27404873368118593,30.26052104208417,83.76753507014027,100.0,100.0,0.4580980594042372,0.413452977055918
6991,0,-0.045304988491191994,0.11917143547426223,59.318637274549104,26.853707414829657,93.3867735470942,93.5871743486974,0.872888168136669,0.4454159441249119
6991,1,-0.06679050338224427,0.12077054577873794,91.78356713426854,94.38877755511022,96.39278557114228,96.9939879759519,0.4726613283146951,0.26481258370464256
7306,0,0.01952751417092255,0.2999441634718558,80.96192384769539,83.36673346693387,64.72945891783567,52.90581162324649,0.9547413787914865,0.5508033170315215
7306,1,0.03939932775750254,0.29095416587902306,86.37274549098196,95.39078156312625,98.59719438877755,66.73346693386773,0.7836615515737992,0.3771642632916776
7355,0,-0.15863846690679234,0.09362740597127835,64.92985971943888,25.250501002004004,71.34268537074149,59.719438877755515,0.9630148536767781,0.5670473766686466
7355,1,-0.10063506514331716,0.14391353619270805,88.37675350701403,96.39278557114228,65.7314629258517,95.99198396793587,1.0242789345188297,0.6911713262803123
7899,0,-0.022131479071567428,0.25830202399274926,41.28256513026052,87.7755511022044,96.19238476953907,85.37074148296593,0.8426672957686262,0.3870002051186564
7899,1,0.05514792003748676,0.2033188023831385,74.54909819639278,86.77354709418837,96.59318637274549,97.79559118236473,0.8347002807495143,0.4174776507161787
8061,0,0.22166719096759216,0.18293078038164298,99.19839679358718,99.59919839679358,100.0,98.19639278557113,0.5997828636461129,0.33204855434556646
8061,1,0.03283742081076023,0.12512696543399543,98.39679358717434,95.39078156312625,98.39679358717434,84.3687374749499,0.815307378255824,0.4185943096364334
8215,0,0.20039388024946211,0.2379693523040165,84.16833667334669,92.98597194388778,99.79959919839679,100.0,0.5684572300778902,0.44988716593654876
8215,1,0.09349194332860963,0.21013799368125935,70.54108216432866,81.3627254509018,86.17234468937876,94.98997995991984,0.8814462173389767,0.6101790335898012
8234,0,-0.14004861135463273,0.30508094297148175,68.5370741482966,91.18236472945893,100.0,99.19839679358718,0.6578434215137157,0.34222909167692406
8234,1,0.12085650199904974,0.2744735184680886,32.06412825651302,90.5811623246493,94.78957915831663,98.79759519038076,0.8350678882803176,0.4730581655720427
8238,0,0.32524737201436,0.4024688585672952,81.76352705410822,86.37274549098196,91.98396793587175,18.236472945891784,1.0231227398287783,0.6087010305334546
8238,1,0.32613918251661406,0.3975236785063439,85.57114228456913,95.59118236472945,99.59919839679358,78.55711422845691,0.986069470623852,0.5331063052000219
8275,0,0.06292961719665213,0.4019239727833955,22.645290581162325,8.216432865731463,30.26052104208417,57.11422845691383,0.8858367861178519,0.5604480985151973
8275,1,0.020758823934919787,0.3404030446378738,36.27254509018036,49.69939879759519,47.49498997995992,93.18637274549098,0.8966389254818135,0.5918050852298474
8367,0,0.20981637246016221,0.4483275943915399,89.37875751503006,90.98196392785572,92.58517034068137,96.79358717434869,0.8374171512210048,0.4280611062135494
8367,1,0.5313199219391379,0.5100998270893388,76.55310621242485,86.97394789579158,91.58316633266533,99.19839679358718,0.8513881528222063,0.37566794323238706
8828,0,0.05263070657979501,0.2715365842428292,73.34669338677354,47.09418837675351,99.19839679358718,97.79559118236473,0.7638528237109773,0.5210633478252134
8828,1,0.07783592567563917,0.3195272931473793,8.41683366733467,69.93987975951904,98.19639278557113,97.99599198396794,0.7863544918310591,0.4520044833132114
8862,0,-0.10867625809927119,0.4329716334147724,96.79358717434869,97.99599198396794,98.19639278557113,56.312625250501,0.8490494145325307,0.5705560804353396
8862,1,0.10188047365161701,0.4248510328921015,94.98997995991984,95.39078156312625,16.03206412825651,14.228456913827655,1.0334933671582989,0.7550422718175128
8926,0,-0.020303886114423762,0.15502606922170722,81.1623246492986,91.18236472945893,92.18436873747495,70.54108216432866,0.9671428836522359,0.5577673027571851
8926,1,0.27804814341398837,0.16691476515350873,83.16633266533067,73.54709418837675,60.120240480961925,89.77955911823648,0.9135883991497233,0.5836266140528966
9188,0,0.07625754205000276,0.4142606976064092,67.33466933867736,99.59919839679358,95.39078156312625,99.59919839679358,0.7650591059466325,0.3152335078370161
9188,1,-0.005565641364640038,0.3885390275055548,22.24448897795591,88.77755511022045,93.5871743486974,96.19238476953907,0.8220868269131202,0.3525572073963871
9298,0,0.10109842395023204,0.27977372613570767,80.56112224448898,98.39679358717434,95.59118236472945,100.0,0.8555065219456564,0.45068221029429945
9298,1,0.1708630388748712,0.2554274429609178,71.7434869739479,92.38476953907816,95.39078156312625,96.59318637274549,0.8045877246332314,0.35603026008388927
9376,0,0.26464218687800617,0.71525985318353,98.19639278557113,98.59719438877755,98.79759519038076,98.79759519038076,0.38015634718585034,0.20733194822118128
9376,1,0.03245147080536141,0.6346047744768438,98.99799599198397,98.99799599198397,95.99198396793587,97.99599198396794,0.580881998205313,0.2778886499108263
9712,0,-0.2403421983654704,0.13002801689899052,31.062124248496993,86.17234468937876,79.15831663326654,28.45691382765531,0.981956120237933,0.6068742257224622
9712,1,-0.30858570093345067,0.18152631634505204,16.83366733466934,77.35470941883767,0.4008016032064128,14.228456913827655,1.0513398654906456,0.6698209234379191
9877,0,0.06515461862006186,0.38620684009526807,16.23246492985972,98.79759519038076,96.59318637274549,99.79959919839679,0.7151252744498304,0.2919776896982649
9877,1,-0.1075506859813358,0.32952086345028614,68.93787575150301,98.59719438877755,98.79759519038076,97.79559118236473,0.6278949813477838,0.30810800549283157
10115,0,0.05056477388829735,0.3927705889402382,57.11422845691383,33.26653306613226,23.246492985971944,73.74749498997996,0.9989274166338955,0.7428171158525062
10115,1,0.19747494314718222,0.5078649388155203,49.69939879759519,94.78957915831663,88.77755511022045,89.37875751503006,0.8848681932461381,0.5860261824886253
10191,0,-0.019062733155898053,0.6059577700163277,82.56513026052104,92.98597194388778,98.59719438877755,100.0,0.38113064817354536,0.2561136685225396
10191,1,0.23810625109379038,0.513682374511436,88.77755511022045,97.39478957915831,98.39679358717434,99.39879759519037,0.4182974150655089,0.31763779801338854
10361,0,-0.04283173672696901,0.21169403251538768,18.837675350701403,51.703406813627254,92.38476953907816,36.67334669338677,0.9174243401422929,0.5284304605758041
10361,1,-0.02538751663970847,0.17073818329143528,40.6813627254509,76.55310621242485,98.99799599198397,73.54709418837675,0.8306358425604026,0.5004846234155425
10602,0,0.2300776883872093,0.2569942560598408,40.480961923847694,92.98597194388778,95.99198396793587,98.59719438877755,0.9724581785766503,0.4917644437617631
10602,1,0.5624079191457982,0.2674152368517972,78.75751503006012,87.374749498998,89.77955911823648,91.98396793587175,0.9505230946390579,0.5923066912711856
10622,0,0.09555016495636706,0.3214980679700423,78.15631262525051,51.703406813627254,91.18236472945893,98.39679358717434,1.0759214038283496,0.6912868327521766
10622,1,0.033747435633544313,0.3957224963485981,27.85571142284569,43.08617234468938,64.52905811623246,92.58517034068137,1.019942004772203,0.7031420412360584
11050,0,0.17154401052913557,0.20350201024617404,68.93787575150301,93.9879759519038,36.07214428857716,60.72144288577155,0.9158835334021317,0.48563133459397934
11050,1,0.03219053853178357,0.2605504777586638,74.34869739478958,94.58917835671342,77.15430861723446,92.18436873747495,0.9267401585625553,0.5211042990702492
11274,0,0.44342320567696814,0.3118552379140294,99.39879759519037,92.78557114228457,53.106212424849694,27.054108216432866,0.9878884667466709,0.6245934112580833
11274,1,0.2276476457386543,0.34967284146079813,92.58517034068137,97.79559118236473,100.0,100.0,0.5154648763459693,0.39871465253569527
11493,0,-0.01351988190871961,0.23842615989394558,45.49098196392786,72.74549098196393,74.74949899799599,93.78757515030061,0.9662310677416672,0.6673336436698927
11493,1,0.054033242733062016,0.21501563009055472,56.91382765531062,61.32264529058116,61.12224448897795,96.9939879759519,0.9510172993368814,0.6320382975074146
11757,0,0.10730562251865863,0.131979558653635,70.34068136272545,80.7615230460922,96.59318637274549,96.19238476953907,0.7742440971953259,0.44669940073228365
11757,1,0.1412865914810422,0.14901010349618143,90.78156312625251,95.19038076152304,99.19839679358718,99.59919839679358,0.6868142540395895,0.3100821881146999
11886,0,0.48041130864816384,0.45448371677829436,75.75150300601202,92.18436873747495,90.5811623246493,98.39679358717434,0.8713220280048648,0.3497827504113341
11886,1,0.07973905182622329,0.37216339764645395,71.9438877755511,88.97795591182364,91.58316633266533,98.59719438877755,0.928432229281553,0.3557311502930195
12122,0,0.09657007632146881,0.29700436611777603,70.14028056112225,99.79959919839679,85.57114228456913,96.59318637274549,0.8462652504999925,0.3935097813304729
12122,1,-0.0037484642409157383,0.2851185916173844,96.39278557114228,97.59519038076152,97.99599198396794,83.16633266533067,0.7885205547570746,0.34452255121802533
12225,0,0.04128055840143483,0.3577261967265241,48.09619238476954,74.14829659318637,95.59118236472945,59.318637274549104,0.9337849966216039,0.4835000900523967
12225,1,0.14390982177507622,0.398660696963262,60.52104208416834,85.77154308617234,19.03807615230461,83.56713426853707,0.9969868047434663,0.540229060302792
12292,0,0.06902013122575862,0.2656291576637535,57.31462925851704,58.91783567134269,68.5370741482966,84.76953907815631,0.9491146345566728,0.40615331956506817
12292,1,0.2584982066916635,0.23113615173937474,78.55711422845691,76.75350701402806,30.861723446893784,27.25450901803607,0.9347487373676102,0.44590835222971015
12340,0,0.03706622463230834,0.2929247883424228,18.837675350701403,9.218436873747494,96.19238476953907,98.99799599198397,0.7392547599593275,0.5790439702816681
12340,1,0.07459800466670483,0.30348607748563294,62.525050100200396,95.99198396793587,99.59919839679358,45.29058116232465,0.6761249413185981,0.4300734146488341
12386,0,-0.00542815464813828,0.2376218524295912,70.74148296593187,99.39879759519037,90.18036072144288,99.59919839679358,0.8821554336219626,0.6387942788600224
12386,1,0.15292642548192922,0.2445178103200806,63.52705410821643,99.19839679358718,99.59919839679358,99.79959919839679,0.8438709175763998,0.5151829992609107
12597,0,-0.04943969195459227,0.09597380412282483,90.78156312625251,99.39879759519037,98.59719438877755,87.5751503006012,0.6276181133303909,0.5125715312890893
12597,1,-0.13250336725010753,0.15649540385959396,59.118236472945895,98.59719438877755,95.39078156312625,96.59318637274549,0.8533683145795415,0.6859183410477876
13041,0,0.015043031088998907,0.4035719638648385,93.18637274549098,97.1943887775551,2.6052104208416833,92.18436873747495,0.9285634476265412,0.5871600517849187
13041,1,0.22209576712144566,0.1753674735430333,61.12224448897795,94.38877755511022,99.79959919839679,100.0,0.6310437953968873,0.44018582778632154
13134,0,0.15730792195095644,0.32274904272458915,78.75751503006012,85.77154308617234,85.17034068136272,79.35871743486975,1.0087735266531714,0.5717150406474586
13134,1,-0.14852763621504766,0.33914027040510525,94.38877755511022,96.9939879759519,97.39478957915831,77.55511022044088,0.9224299401529463,0.5316421587188698
13223,0,0.27055374816158195,0.3004237162887521,91.38276553106212,61.72344689378757,95.39078156312625,94.38877755511022,0.9105234384456442,0.5393997514875349
13223,1,0.6733392592724309,0.4291657697811456,89.97995991983969,84.16833667334669,88.77755511022045,88.77755511022045,0.9181682539130898,0.4523232448043475
13298,0,-0.1955449741586402,0.0768887256678918,70.74148296593187,33.46693386773547,70.54108216432866,81.76352705410822,1.0330380367960332,0.6240056029270163
13298,1,-0.08926138316368595,0.22096202501762194,12.024048096192384,68.5370741482966,49.899799599198396,70.54108216432866,1.0006130249535339,0.5531034565079487
13587,0,0.057371332832530625,0.2246978510681405,89.57915831663327,97.1943887775551,68.7374749498998,80.16032064128257,0.9373045884825701,0.4269961263199562
13587,1,-0.2791483316898305,0.1729283008921472,41.68336673346693,80.96192384769539,77.15430861723446,38.07615230460922,0.9919639021046955,0.3730660106685467
13703,0,-0.03245704924416348,0.3103549650140988,14.629258517034069,71.7434869739479,53.50701402805611,92.98597194388778,0.8829143339438364,0.5445884850051197
13703,1,-0.2190158390691872,0.29122446334895,84.5691382765531,93.9879759519038,89.77955911823648,86.77354709418837,0.8385600907172047,0.533160008805522
13741,0,0.17538012510823267,0.35698857978318305,95.79158316633266,92.38476953907816,96.79358717434869,93.3867735470942,0.5819765368781491,0.3744818218257281
13741,1,0.1470850981514297,0.3670639766826095,98.99799599198397,99.19839679358718,96.39278557114228,88.77755511022045,0.4994640802161333,0.3202826006600267
13749,0,-0.1451881550066104,0.17563577506440245,31.863727454909817,8.016032064128256,75.35070140280561,74.74949899799599,1.0532030854566388,0.6415399194468321
13749,1,0.03350685538332973,0.15340793910324985,87.97595190380761,60.72144288577155,79.95991983967936,83.96793587174348,0.9906021914336768,0.7672532194266293
13826,0,-0.46321838084951694,0.5021235787848368,70.94188376753507,99.79959919839679,91.58316633266533,77.9559118236473,0.7835881952595833,0.5099539659749142
13826,1,-0.22067110129138995,0.47636626894639383,31.462925851703403,96.79358717434869,99.79959919839679,91.98396793587175,0.7777342159474784,0.4134598442831344
13842,0,0.4937874581111187,0.48548364158083246,95.39078156312625,99.79959919839679,97.59519038076152,98.99799599198397,0.887459996353247,0.43132195995383515
13842,1,-0.23975205395546795,0.3977793684885442,87.374749498998,98.59719438877755,98.39679358717434,96.79358717434869,0.8340434071669556,0.41573322772734234
13879,0,-0.049461181504302704,0.19276725876349193,97.39478957915831,89.17835671342685,97.1943887775551,90.98196392785572,0.8533556019590964,0.5794344840761405
13879,1,0.29380599894148574,0.30095779277701273,51.903807615230455,99.59919839679358,100.0,6.012024048096192,0.4475273773482904,0.1721239206683327
13895,0,-0.3393234836245818,0.14610292740157177,21.04208416833667,81.3627254509018,54.10821643286573,66.73346693386773,0.9244980661962865,0.5946828824956232
13895,1,0.15118786909755327,0.17388010891747452,64.12825651302605,68.5370741482966,75.95190380761522,17.635270541082164,0.938988773384383,0.5936002191844976
13938,0,0.2334578282597003,0.4359880178654166,97.99599198396794,99.79959919839679,99.59919839679358,99.59919839679358,0.3717290331320099,0.2531372572947094
13938,1,0.4228360776336289,0.48899190213646293,100.0,100.0,95.19038076152304,97.79559118236473,0.6961181523772759,0.300632898527184
14049,0,-0.08330564173306639,0.3558901564198172,6.613226452905812,4.609218436873747,35.47094188376754,71.14228456913828,0.944353383986205,0.8219060686456789
14049,1,0.018525771528509337,0.30633621039673453,100.0,97.79559118236473,95.79158316633266,97.39478957915831,0.9571955168723735,0.6668151948107777
14170,0,0.2541754601708103,0.3792634501389762,98.19639278557113,100.0,99.59919839679358,98.79759519038076,0.5958495525878813,0.3475885700386939
14170,1,-0.04933032610669425,0.3310260524341956,92.78557114228457,99.59919839679358,98.39679358717434,98.39679358717434,0.7675569137793371,0.4631293413028389
14245,0,0.1349736697913143,0.5794466035895516,99.19839679358718,98.99799599198397,98.99799599198397,99.59919839679358,0.7271131857710569,0.4653506864098633
14245,1,-0.03963865197214902,0.48080699179284486,85.57114228456913,98.99799599198397,96.59318637274549,89.97995991983969,0.8424819955542068,0.5055662391099066
14274,0,0.03285827564045758,0.20320200576304343,89.57915831663327,80.96192384769539,93.18637274549098,43.08617234468938,0.954551817061,0.6054404568248445
14274,1,-0.010884682209728692,0.2675140674926608,4.609218436873747,17.034068136272545,85.37074148296593,91.78356713426854,0.9897627853001314,0.634221243767027
14728,0,-0.006441481711769127,0.08199246301131492,85.77154308617234,97.99599198396794,11.422845691382765,97.99599198396794,1.009581194146416,0.7055185265716332
14728,1,-0.02360936534532237,0.10275871916059197,71.9438877755511,89.77955911823648,24.849699398797593,96.59318637274549,0.9858723282016612,0.5980218518966937
15068,0,-0.037321501729531824,0.4156631925070955,47.49498997995992,86.97394789579158,83.56713426853707,97.1943887775551,0.9544282967583306,0.44556479555820394
15068,1,0.13083053791335666,0.37651420918933876,21.64328657314629,40.6813627254509,19.839679358717436,70.74148296593187,0.9888858642261598,0.7043146692280884
15181,0,0.06955261494607216,0.11948215608162085,87.17434869739479,97.1943887775551,85.77154308617234,98.99799599198397,0.8707753657597727,0.6672811912411828
15181,1,0.06053935251932779,0.1534840304231293,80.7615230460922,98.79759519038076,31.062124248496993,92.98597194388778,0.9721497825973515,0.7131430916085709
15182,0,0.32688268083075794,0.3631983182252617,99.19839679358718,100.0,97.79559118236473,95.79158316633266,0.6653083453284327,0.4899444428850752
15182,1,0.3001007122015199,0.286214138418877,92.18436873747495,99.59919839679358,99.19839679358718,95.59118236472945,0.5197435871891172,0.4580477194886937
15191,0,0.16718563466115793,0.13314738104976925,39.67935871743487,76.75350701402806,87.7755511022044,73.34669338677354,0.906309136868805,0.5601109138962677
15191,1,0.15101466714953873,0.13738688056232345,82.96593186372746,63.126252505010015,88.77755511022045,94.58917835671342,0.9066071472484782,0.5335160382837233
15274,0,0.12060395587195011,0.3150018492440562,27.85571142284569,54.90981963927856,71.14228456913828,87.17434869739479,0.9529311549914271,0.644144511987718
15274,1,0.07379282278746013,0.25467625831382323,79.55911823647295,99.79959919839679,100.0,100.0,0.5192494769788479,0.290284742893402
15386,0,0.17436937182428744,0.11513555230367008,88.77755511022045,80.96192384769539,85.37074148296593,75.95190380761522,0.9831072812403391,0.781843759780859
15386,1,0.05922799355685346,0.11670675052916993,92.98597194388778,82.36472945891784,33.46693386773547,22.645290581162325,0.9238602368293735,0.5853959587208051
15438,0,0.029156414554215884,0.3815103876857626,98.59719438877755,99.59919839679358,94.58917835671342,100.0,0.8189523722963157,0.29211910256336004
15438,1,0.12850493927089385,0.31502875880417297,92.78557114228457,98.79759519038076,98.99799599198397,99.59919839679358,0.6753312475525316,0.35716533662675354
15516,0,-0.13984628323000184,0.39997359823525064,35.87174348697395,97.1943887775551,100.0,85.17034068136272,0.7045142363003167,0.3430619868596104
15516,1,0.07609050976150881,0.4096742833052572,81.96392785571143,100.0,97.59519038076152,67.73547094188376,0.883718003131757,0.4253357138813447
15631,0,0.12378643699817522,0.33310589252089445,36.87374749498998,92.98597194388778,93.78757515030061,96.19238476953907,0.8459607758640177,0.5610212419022207
15631,1,-0.040433710544703814,0.30437215257954225,53.3066132264529,99.19839679358718,87.17434869739479,100.0,0.9026974850481402,0.5678196691554181
15632,0,0.026713287008591463,0.28937892715268404,36.27254509018036,20.64128256513026,55.91182364729459,82.76553106212425,0.9952553377387624,0.6189853129914118
15632,1,0.0014250384180561834,0.2833186627433329,28.256513026052104,85.57114228456913,33.06613226452906,96.19238476953907,0.9529667335139542,0.6661998313526152
15865,0,-0.14369007003373274,0.18215876208931245,45.89178356713427,98.79759519038076,54.10821643286573,74.54909819639278,1.0076451718029253,0.7468374426455346
15865,1,0.08091943695295482,0.22550934786412713,97.59519038076152,98.99799599198397,73.74749498997996,51.903807615230455,1.0030117486195582,0.767397014323893
15898,0,-0.02214510721375406,0.15049927581680692,86.37274549098196,87.374749498998,71.34268537074149,75.55110220440882,0.9393779210605274,0.6944508170000674
15898,1,-0.030456718744507706,0.14515461339901134,85.57114228456913,94.78957915831663,79.95991983967936,89.37875751503006,0.9232797310520714,0.6613800634635599
15953,0,-0.12135782594931803,0.053863431891538555,92.98597194388778,91.78356713426854,95.59118236472945,44.08817635270541,0.7861924203176462,0.5528159487111768
15953,1,0.03449763886982694,0.06023850390712934,99.79959919839679,99.79959919839679,96.19238476953907,91.18236472945893,0.8303358434748322,0.4950683868175795
15985,0,-0.10491543848701972,0.6307361262870039,65.53106212424849,68.13627254509018,98.19639278557113,95.19038076152304,0.50454622989985,0.42262399111033466
15985,1,0.2705163476260567,0.8525773049550192,94.98997995991984,96.59318637274549,98.19639278557113,98.79759519038076,0.34617224472584096,0.21001358583876895
16251,0,0.004026337928702144,0.6595226361140938,56.1122244488978,99.19839679358718,99.79959919839679,97.59519038076152,0.3578489729671762,0.31793630449230104
16251,1,-0.005289790525837907,0.701559368835601,2.404809619238477,81.3627254509018,100.0,96.79358717434869,0.5490981122765365,0.38600466049227455
16424,0,0.2086491841271474,0.3088818520323336,52.705410821643284,65.93186372745491,75.55110220440882,23.04609218436874,0.9875895232066685,0.6390035546097426
16424,1,-0.052229708012597256,0.1756482149216631,76.75350701402806,62.725450901803605,48.69739478957916,14.629258517034069,0.9466836641848403,0.5790114414638488
16525,0,-0.21736805682377944,0.26586922761320053,47.49498997995992,68.93787575150301,98.59719438877755,90.78156312625251,0.8115561853807117,0.48795292714895455
16525,1,0.23129901725182284,0.2942701820765337,97.1943887775551,100.0,99.39879759519037,90.98196392785572,0.7065712338923668,0.3729142058360062
16625,0,0.15878724294925745,0.2955103698985712,46.893787575150306,99.19839679358718,99.39879759519037,99.79959919839679,0.6624786946950458,0.4037060113537332
16625,1,0.10845442656816733,0.2089486633740294,82.76553106212425,99.79959919839679,100.0,100.0,0.6080747352667562,0.3131359338172641
16718,0,0.2963078149992099,0.2933275402645159,56.1122244488978,83.96793587174348,100.0,88.57715430861724,0.8067636201946903,0.31031675499258493
16718,1,0.017407057529156045,0.33148264887705853,68.33667334669339,98.39679358717434,95.99198396793587,91.38276553106212,0.764628570809363,0.44500249913847556
16800,0,-0.001257796130766694,0.36511983267869846,86.17234468937876,74.74949899799599,39.478957915831664,87.7755511022044,1.0151397750563758,0.6240985692003461
16800,1,0.008303681246217895,0.35109091559162037,93.9879759519038,98.19639278557113,57.51503006012024,28.857715430861724,1.0241147940340674,0.6925151135198622
17017,0,-0.07631022387152907,0.24817501640305029,34.86973947895792,72.34468937875751,90.98196392785572,81.1623246492986,0.9793692551253868,0.6806460299720887
17017,1,0.05560992501193963,0.22902896410758772,89.17835671342685,96.19238476953907,99.59919839679358,75.75150300601202,0.7365890817326795,0.38590643331710717
17605,0,0.5220925510044744,0.41950787597985967,73.94789579158316,74.54909819639278,74.14829659318637,35.671342685370746,0.8709536041726503,0.4984308232890142
17605,1,-0.24220318228675006,0.35932847997357864,23.446893787575153,34.46893787575151,34.46893787575151,58.517034068136276,0.9133786279625538,0.5933970827125095
17651,0,-0.049411769876196124,0.28252978307293125,66.93386773547094,91.38276553106212,99.79959919839679,98.79759519038076,0.6109906982410507,0.4039048426714732
17651,1,0.1331286535511457,0.28492128508492054,95.19038076152304,96.19238476953907,99.79959919839679,97.79559118236473,0.6866826374433361,0.3888266410488329
17795,0,-0.11621204745392658,0.4159853058151073,45.69138276553106,73.54709418837675,95.39078156312625,30.66132264529058,0.5893998122238613,0.38030317589884943
17795,1,-0.18402722979482414,0.45158829422473484,97.1943887775551,99.79959919839679,93.78757515030061,98.99799599198397,0.5685577415196217,0.3703320513288637
17843,0,0.23413981341674933,0.3696723607039651,97.79559118236473,94.58917835671342,90.98196392785572,89.97995991983969,0.8726011790665721,0.5400570441572241
17843,1,-0.05974847790613484,0.45102221542211685,28.65731462925852,61.12224448897795,96.19238476953907,59.919839679358724,0.884004325651927,0.5184199429106796
17865,0,0.5053391870133478,0.6766545768155534,99.79959919839679,99.59919839679358,100.0,99.79959919839679,0.5486897079502846,0.24854760805231335
17865,1,0.3665362991239506,0.629247669266825,92.38476953907816,95.99198396793587,99.79959919839679,98.39679358717434,0.5661461659127789,0.3676937697032191
17946,0,0.1163769626771964,0.19101035963858892,93.5871743486974,96.9939879759519,85.77154308617234,100.0,0.8727436918619889,0.42571839521249666
17946,1,0.05343404035083716,0.28704073204104386,89.57915831663327,76.95390781563127,80.7615230460922,96.19238476953907,1.0225648164672267,0.604022179700507
17987,0,-0.08427101866161367,0.2257380919236108,91.18236472945893,98.39679358717434,98.59719438877755,77.55511022044088,0.7574815691461378,0.4175356567031293
17987,1,0.14190592042365188,0.21907940979492369,97.1943887775551,99.19839679358718,95.79158316633266,97.79559118236473,0.7992831395167487,0.3942742825779153
18115,0,-0.05545988847859149,0.4452705023285236,20.841683366733466,41.68336673346693,92.78557114228457,98.79759519038076,0.8962131928843888,0.4918076507846595
18115,1,0.0493753698370234,0.4141401265811973,1.8036072144288577,30.861723446893784,55.31062124248497,98.59719438877755,0.9344795786970881,0.6790038957736417
18159,0,0.09849200490600404,0.33946062440006924,30.460921843687377,65.53106212424849,9.01803607214429,82.16432865731463,0.9422099828789795,0.6582810596363238
18159,1,-0.10354192561800896,0.28832287275691726,93.3867735470942,98.99799599198397,94.38877755511022,100.0,0.7376831178024282,0.34449870611637645
18170,0,-0.3032726844797193,0.2593798779620709,75.55110220440882,99.59919839679358,99.79959919839679,39.879759519038075,0.8525588970486762,0.40839243127288605
18170,1,-0.2246907122828036,0.22352457702117356,18.03607214428858,26.65330661322645,98.99799599198397,83.96793587174348,0.9109061018878615,0.6682356548601784
18556,0,-0.2975622802092645,0.29404020374340567,47.29458917835671,97.79559118236473,99.79959919839679,98.99799599198397,0.7002055340194677,0.3890361873000119
18556,1,-0.14399660599000907,0.26337285471104604,76.15230460921843,95.59118236472945,92.58517034068137,70.94188376753507,0.8787660330716839,0.4879257318235587
18888,0,-0.08198485988125093,0.27085329774870825,69.13827655310621,94.38877755511022,100.0,81.56312625250501,0.5669276139012205,0.2891586876929102
18888,1,-0.06479160684338564,0.2422209230375904,95.59118236472945,89.17835671342685,100.0,31.062124248496993,0.6036999264973499,0.35393351790910876
18960,0,-0.18143313501040884,0.29460143935211797,91.18236472945893,99.79959919839679,99.39879759519037,100.0,0.8777630920631003,0.38177214374423873
18960,1,-0.13156244511506018,0.27958205691208027,15.230460921843688,99.19839679358718,91.98396793587175,100.0,1.0086660359954962,0.4177149562662491
19331,0,0.26539317445111993,0.34996612838731306,46.09218436873748,90.38076152304609,73.74749498997996,87.5751503006012,0.9547348408806993,0.44622773807585847
19331,1,0.32586643948685423,0.31029041628061643,51.302605210420836,96.59318637274549,93.5871743486974,96.79358717434869,0.8940596700012803,0.4091705913442035
19471,0,0.09357058800414235,0.19912103199324707,29.258517034068138,93.18637274549098,91.38276553106212,88.97795591182364,0.8990893227843713,0.5022873969651372
19471,1,-0.08500214594632949,0.18804777802282785,47.09418837675351,79.95991983967936,91.98396793587175,96.39278557114228,0.767008740613381,0.49846845720002697
19593,0,0.03340585368812401,0.11186736819699186,93.5871743486974,97.39478957915831,95.99198396793587,12.424849699398797,0.7103302936865521,0.5408297973035712
19593,1,-0.10038802802186592,0.1809536983316442,40.28056112224449,84.76953907815631,49.69939879759519,6.012024048096192,0.9422975417673878,0.8169568689524259
19605,0,-0.004038655175055438,0.1082340111616697,97.79559118236473,97.79559118236473,84.3687374749499,90.98196392785572,0.940842256506943,0.5522007147634423
19605,1,-0.05236535412020894,0.12833099903574066,33.86773547094188,80.36072144288578,36.27254509018036,93.9879759519038,0.9452801144665262,0.5492412061160343
20013,0,0.030443950975606253,0.19500295113614333,94.98997995991984,81.96392785571143,96.19238476953907,85.77154308617234,0.7772243884086301,0.44865018723688055
20013,1,0.04980254966585158,0.226468305934768,77.35470941883767,78.75751503006012,97.1943887775551,76.95390781563127,0.7930400409071839,0.4466761811250324
20072,0,-0.046703350914394356,0.34514314255716017,84.96993987975952,94.58917835671342,97.79559118236473,96.39278557114228,0.607019473253519,0.3231874606440942
20072,1,0.24954612657285466,0.3023734199125195,85.57114228456913,95.39078156312625,99.79959919839679,90.5811623246493,0.5789955966785332,0.30542511433749653
20317,0,-0.10327269727218223,0.1406994280199036,64.52905811623246,83.36673346693387,90.78156312625251,98.79759519038076,0.8680011429029363,0.5327956749973951
20317,1,0.20667825825087802,0.21366175470659116,58.116232464929865,64.72945891783567,99.39879759519037,95.99198396793587,0.8946834353847031,0.4767190237805812
20380,0,0.041448784155475475,0.27621327052223743,97.99599198396794,99.19839679358718,82.56513026052104,85.77154308617234,0.8165277084782985,0.5727265036569088
20380,1,0.003427428574449714,0.18729758387571172,70.74148296593187,98.99799599198397,91.58316633266533,22.44488977955912,0.9031131897510178,0.6817431168751581
20520,0,-0.08231309365360655,0.24630111685015002,22.24448897795591,54.90981963927856,99.19839679358718,97.59519038076152,0.683648837723497,0.48599613208119186
20520,1,0.006720200522242197,0.24305869260886995,68.13627254509018,77.75551102204409,97.59519038076152,96.39278557114228,0.584971632997072,0.45411368047223055
20545,0,-0.028590081691185345,0.4705602150886891,8.817635270541082,96.59318637274549,96.39278557114228,99.59919839679358,0.6575462523152134,0.5670473220132066
20545,1,0.050259981874879026,0.3932234250532244,0.4008016032064128,57.71543086172345,96.9939879759519,99.19839679358718,0.5420904223998039,0.5633681490299889
20863,0,0.21060757065974614,0.2229574268467242,99.39879759519037,97.99599198396794,98.99799599198397,99.19839679358718,0.8097399025028565,0.6463711440760778
20863,1,0.17515574167929643,0.18974590428665228,93.5871743486974,94.98997995991984,99.39879759519037,99.59919839679358,0.6498929681705696,0.44009564598264206
20882,0,-0.057222966982545254,0.5284166367225094,66.93386773547094,97.79559118236473,100.0,98.39679358717434,0.5142788456636491,0.44785132527001004
20882,1,-0.11128605291947576,0.532856657275544,100.0,99.79959919839679,95.99198396793587,100.0,0.5448449573571778,0.44196311744530214
20904,0,0.0062461185117383775,0.12671601501379404,5.61122244488978,23.847695390781563,15.030060120240481,88.37675350701403,1.020758442488122,0.7316423577265057
20904,1,0.07472426357716913,0.12381529044211385,24.649298597194388,90.38076152304609,36.27254509018036,93.3867735470942,0.9621116260606684,0.6647598143018438
21295,0,0.46819761446911945,0.5963026743281156,96.9939879759519,98.59719438877755,98.39679358717434,97.1943887775551,0.5389149843623259,0.27616004630366997
21295,1,-0.10495798991731863,0.4303919606782633,88.17635270541082,90.18036072144288,86.37274549098196,89.97995991983969,0.8725626671958152,0.4606431707820814
21414,0,-0.20066964732138293,0.2063756015245797,94.58917835671342,98.99799599198397,99.59919839679358,98.59719438877755,0.690173326727763,0.4063235990531535
21414,1,-0.0818897823783505,0.2365133773263734,64.92985971943888,98.99799599198397,99.59919839679358,96.79358717434869,0.7223797724372827,0.44855540718386944
21436,0,0.40532041041892103,0.3247623463619791,87.7755511022044,97.79559118236473,89.57915831663327,36.27254509018036,0.8854432490308836,0.44623552543778433
21436,1,0.35310038899789103,0.24346177644044753,76.75350701402806,90.78156312625251,98.59719438877755,96.39278557114228,0.7722697653887794,0.4499391814016528
21558,0,0.07923190791890837,0.42547494243607015,86.57314629258516,58.31663326653307,89.57915831663327,85.37074148296593,0.7793916829609083,0.47291066861935416
21558,1,-0.01456854745053082,0.41258625137041693,81.56312625250501,75.1503006012024,97.79559118236473,99.59919839679358,0.697388986552049,0.41614297088703245
21887,0,-0.0794312828468805,0.17578463926888546,89.17835671342685,87.7755511022044,69.33867735470942,92.58517034068137,0.943252633402089,0.5327808076988665
21887,1,0.1814846993668281,0.16582742413225401,100.0,95.59118236472945,44.28857715430862,89.97995991983969,0.9078377296771438,0.5243540258469972
22215,0,0.03676826229162709,0.33416208496713296,56.1122244488978,47.89579158316633,89.57915831663327,59.318637274549104,0.9790191228167189,0.607096519868928
22215,1,-0.03249213600045654,0.3624064670697514,27.85571142284569,53.106212424849694,78.95791583166333,75.55110220440882,1.0080228167659555,0.574600041235797
22299,0,0.2614055029564648,0.5617596412555214,95.19038076152304,99.79959919839679,99.79959919839679,93.18637274549098,0.273547889066561,0.23672645265829462
22299,1,0.0385128727712802,0.579338908720825,66.33266533066133,81.1623246492986,99.79959919839679,99.79959919839679,0.30114145659908964,0.28739685782420465
22303,0,0.03636445494383569,0.22520383232034544,68.33667334669339,95.59118236472945,98.79759519038076,99.79959919839679,0.8044321765163001,0.440611456582231
22303,1,-0.001420554437657415,0.24543855096901349,36.27254509018036,55.11022044088176,92.98597194388778,83.76753507014027,0.8413020484455094,0.4094744911580698
22452,0,-0.06687918631103835,0.1756022974854949,82.96593186372746,82.36472945891784,88.37675350701403,96.9939879759519,0.9858715134514423,0.44984718888193187
22452,1,0.017469806616023056,0.178043868256063,92.38476953907816,84.16833667334669,95.99198396793587,94.18837675350701,1.0472060679751327,0.5262525907094429
22793,0,0.1401316130709605,0.3015732426826601,80.56112224448898,71.14228456913828,95.99198396793587,84.16833667334669,0.9765007070986639,0.5968487066581902
22793,1,0.25781921167244076,0.20278902535213925,97.1943887775551,94.38877755511022,95.59118236472945,99.59919839679358,0.8840953468227676,0.6215150021599343
22803,0,-0.11584229986776297,0.05876181480952718,62.124248496993985,67.13426853707415,98.59719438877755,91.38276553106212,0.965469292867476,0.6119576106953358
22803,1,0.08187516277444436,0.06697533206400541,5.410821643286573,72.54509018036072,14.428857715430862,93.9879759519038,1.008486078148865,0.5836408874334105
22924,0,-0.06850646287488232,0.598978877884252,84.76953907815631,93.9879759519038,17.43486973947896,79.55911823647295,0.9574838827078916,0.48486361369327957
22924,1,-0.04970689089254773,0.6284008703813055,93.78757515030061,87.97595190380761,99.19839679358718,98.39679358717434,0.697692996902133,0.33477774310782327
23314,0,0.14704245191915827,0.19798289495615695,84.96993987975952,90.78156312625251,92.78557114228457,91.18236472945893,0.8615979211976471,0.45160792133330274
23314,1,0.45205975062329273,0.3274343503641301,59.719438877755515,99.79959919839679,100.0,100.0,0.6066809322220909,0.41511853631058804
23445,0,0.2372425597228616,0.37662845415662116,70.94188376753507,78.15631262525051,96.39278557114228,96.39278557114228,0.7193240156338645,0.4007216239702259
23445,1,0.009583490428906981,0.38281407742540235,89.77955911823648,86.77354709418837,98.59719438877755,95.99198396793587,0.7226557961728333,0.4761664894080043
23479,0,-0.01974998536633768,0.2708478284992414,26.052104208416832,41.68336673346693,95.99198396793587,96.39278557114228,0.8846811242350158,0.589720014210116
23479,1,-0.007444526031565876,0.242871659031367,66.13226452905812,89.37875751503006,98.99799599198397,100.0,0.8201716193961185,0.47056632500597706
23623,0,0.18166254052187872,0.17751968634917942,82.56513026052104,99.79959919839679,94.18837675350701,54.90981963927856,0.8519771899766304,0.45056059749818433
23623,1,-0.026043057891597894,0.17953507462056942,66.13226452905812,96.9939879759519,98.59719438877755,33.86773547094188,0.760093337108006,0.345118230995742
23633,0,-0.03630274782749605,0.14585329743495742,96.79358717434869,53.90781563126252,100.0,98.59719438877755,0.7280379754368571,0.5722131422207994
23633,1,0.18327707114757552,0.2213833730807884,94.98997995991984,80.7615230460922,97.1943887775551,98.39679358717434,0.8258267343826191,0.49921237034279087
23642,0,-0.14175174792087492,0.36592820411920185,29.258517034068138,94.18837675350701,98.19639278557113,20.64128256513026,0.9408125070692869,0.5270398421605909
23642,1,0.25516121652440343,0.44296538928116147,22.24448897795591,90.5811623246493,99.79959919839679,94.98997995991984,0.7612432374412054,0.49640751488063506
23803,0,-0.044433839445543875,0.41841712601011916,9.01803607214429,78.3567134268537,97.79559118236473,96.9939879759519,0.7002292595635786,0.4979791886402396
23803,1,0.05575392059172025,0.4013280064306412,42.88577154308617,84.3687374749499,99.79959919839679,93.78757515030061,0.5231528653181472,0.4653932170428924
24062,0,0.09595972776792273,0.16574201116772244,82.76553106212425,26.65330661322645,61.12224448897795,69.73947895791584,1.0238071656628498,0.5282592309265159
24062,1,-0.03195772694537426,0.180263336402562,67.53507014028057,78.3567134268537,78.75751503006012,78.75751503006012,0.9733599723164301,0.4484021747238084
24103,0,0.13418405277993883,0.23555963221166248,98.99799599198397,72.34468937875751,1.6032064128256511,56.71342685370742,1.0389858985702194,0.7478207848207652
24103,1,-0.14272589661754098,0.27397555449242034,22.044088176352705,16.63326653306613,75.1503006012024,86.77354709418837,1.0025908463771116,0.7492194843563846
24306,0,-0.27055063408387126,0.3135910416198578,43.08617234468938,97.39478957915831,99.59919839679358,92.78557114228457,0.924256764934277,0.5818849059548648
24306,1,-0.12108426907461388,0.3560048134454714,28.0561122244489,81.96392785571143,90.98196392785572,92.38476953907816,0.9791366277366427,0.5780339728626626
24700,0,-0.04065846719096457,0.47206760401482945,59.719438877755515,76.15230460921843,12.024048096192384,43.8877755511022,0.925507188674028,0.4908249118274782
24700,1,0.0824501159575295,0.48123788507279586,64.12825651302605,89.17835671342685,95.99198396793587,74.9498997995992,0.7040544004150038,0.43037393259977486
24790,0,-0.03384586112889834,0.30551997287893734,11.22244488977956,41.48296593186373,98.99799599198397,99.19839679358718,0.834017814533077,0.5445752274005662
24790,1,-0.024747050423841774,0.33578735880761074,91.78356713426854,96.59318637274549,99.39879759519037,99.79959919839679,0.7249136136276668,0.4803818225899861
25150,0,0.03033495254490249,0.4141130927544319,98.19639278557113,100.0,98.99799599198397,97.59519038076152,0.5463540663315332,0.33494426521922294
25150,1,0.29706191225360984,0.3652169439466274,92.58517034068137,94.58917835671342,96.9939879759519,89.77955911823648,0.7136398234853463,0.46989859229415454
25166,0,0.5573589837335575,0.6417839186766973,99.79959919839679,100.0,100.0,92.78557114228457,0.8058939479391417,0.33445980596445335
25166,1,-0.40074821467284083,0.5553496339816713,27.054108216432866,44.28857715430862,32.06412825651302,77.75551102204409,0.9522404196344634,0.49833024749913424
25339,0,0.22551749834330023,0.4018779173533017,90.98196392785572,95.79158316633266,96.59318637274549,98.19639278557113,0.6160545083354423,0.5921057053083296
25339,1,0.09212720163444024,0.36080882657054075,65.53106212424849,88.77755511022045,96.19238476953907,96.59318637274549,0.7100671938662758,0.4733253407280894
25360,0,0.07785710389146686,0.16492529524270255,98.19639278557113,24.04809619238477,24.849699398797593,85.17034068136272,1.0229270891258433,0.7196389325437155
25360,1,0.0044936671383741696,0.20472166980763976,89.97995991983969,43.28657314629258,85.97194388777555,77.75551102204409,1.0379764775775848,0.6923427234250735
25374,0,-0.18355410626901553,0.4183465891474332,93.78757515030061,97.99599198396794,20.440881763527056,94.38877755511022,0.9931243089515674,0.6166810123783357
25374,1,0.023380063470070503,0.4958557285206589,99.39879759519037,99.79959919839679,30.66132264529058,97.59519038076152,1.0212805483495666,0.5158530264934076
25447,0,0.08217989224247968,0.1979558659548301,26.452905811623246,12.424849699398797,89.57915831663327,99.19839679358718,0.9921100818277981,0.8161247208005016
25447,1,0.0715171391704532,0.23239159835635345,12.424849699398797,5.01002004008016,77.55511022044088,96.19238476953907,0.9929874227015515,0.6793521336905587
26070,0,-0.1583529555240639,0.14067011360754433,95.99198396793587,92.38476953907816,85.37074148296593,44.48897795591182,0.8822394400166389,0.43587497752277626
26070,1,0.06892962245364012,0.16807355765689322,88.97795591182364,52.90581162324649,15.831663326653306,58.116232464929865,0.8583937138216763,0.5588261333657741
26146,0,-0.16191488341473403,0.17610222666143738,47.09418837675351,52.30460921843687,75.55110220440882,95.99198396793587,0.9404216893989557,0.7871473917328481
26146,1,-0.04806452173870201,0.10595450617550764,0.8016032064128256,47.49498997995992,100.0,100.0,0.5527587750824736,0.5748229737219268
26419,0,0.03677592788803501,0.33907287072472453,94.58917835671342,94.38877755511022,81.76352705410822,59.919839679358724,0.9181436672366153,0.5587340705203541
26419,1,-0.3052582249443281,0.37202018974304196,79.15831663326654,87.7755511022044,4.408817635270541,70.54108216432866,0.9893916277756662,0.6629151706784937
26519,0,0.034572303501469136,0.3057913156606567,7.014028056112225,70.94188376753507,28.45691382765531,74.74949899799599,1.0237851463813228,0.7265153767159853
26519,1,-0.037121674472650565,0.2619506183456025,20.64128256513026,50.300601202404806,90.98196392785572,91.18236472945893,0.8625830680013014,0.6713108626853237
26535,0,-0.04559362361143853,0.5121895564011878,12.024048096192384,71.9438877755511,81.76352705410822,84.76953907815631,0.959938148776766,0.5879321576365946
26535,1,-0.0790962394569365,0.35963702100825834,26.052104208416832,51.703406813627254,78.3567134268537,93.9879759519038,0.8617156286998053,0.5680080626942127
26749,0,-0.43710926870493655,0.5558868963940679,97.1943887775551,97.79559118236473,85.97194388777555,96.39278557114228,0.8715138280323635,0.41102829176761946
26749,1,-0.3067151780681778,0.5764292170099393,93.78757515030061,84.96993987975952,95.99198396793587,93.3867735470942,0.7188652169352308,0.40882478199045635
27131,0,-0.007716933102263285,0.18663373505700487,79.55911823647295,67.13426853707415,51.503006012024045,9.01803607214429,0.9451809190361241,0.7215400471505686
27131,1,-0.114143387175323,0.15147270723054362,81.56312625250501,63.92785571142284,63.126252505010015,12.424849699398797,0.9995325122764914,0.5518741992590566
27196,0,0.11207540298993708,0.22898245273541817,97.79559118236473,84.5691382765531,59.118236472945895,38.476953907815634,1.0072241431617943,0.6876956468614102
27196,1,-0.13335656077359712,0.25480345249398917,71.5430861723447,95.19038076152304,100.0,99.19839679358718,0.6825806268950265,0.3381303122276371
27240,0,0.003947613063348063,0.2813185811177043,49.498997995991985,53.106212424849694,98.19639278557113,100.0,0.7203098014342325,0.43269547186338864
27240,1,0.16739999700219677,0.26603009740900313,68.7374749498998,95.19038076152304,49.899799599198396,38.877755511022045,0.9298859087177989,0.6124782487895041
27260,0,-0.12082012093206508,0.30251146113750815,83.96793587174348,83.16633266533067,97.59519038076152,83.16633266533067,0.8069267819495376,0.41779450642785476
27260,1,0.059674457566014555,0.3235919457473227,60.320641282565134,93.9879759519038,98.39679358717434,99.59919839679358,0.7564139484652819,0.3707908656305423
27648,0,0.031757325804109136,0.20352798184422613,75.95190380761522,12.424849699398797,96.59318637274549,99.59919839679358,0.808547453222909,0.5197272410491216
27648,1,0.19096131370221522,0.23388036594526576,92.18436873747495,99.59919839679358,100.0,97.99599198396794,0.7290051876623883,0.4233700762527295
27688,0,-0.2243086224746241,0.07469817085705324,23.246492985971944,92.98597194388778,89.17835671342685,76.75350701402806,0.966478754777268,0.5798965372300848
27688,1,0.1821538141648877,0.06651288015678249,98.79759519038076,89.17835671342685,96.19238476953907,96.59318637274549,0.9335081709714882,0.6237935129435039
27781,0,0.039575571259458285,0.3282622959097938,88.97795591182364,93.18637274549098,86.37274549098196,95.99198396793587,0.8871348009464424,0.5159244737361441
27781,1,0.09933754797723628,0.34047837412133886,26.252505010020037,44.88977955911824,14.629258517034069,22.044088176352705,1.048225548369573,0.554954161354466
28157,0,-0.0673248482300306,0.36319597653376207,91.38276553106212,82.36472945891784,20.240480961923847,79.55911823647295,0.9119658350285343,0.6183159411176231
28157,1,-0.025021005697916283,0.3214747348633905,6.012024048096192,43.8877755511022,74.9498997995992,82.96593186372746,0.8629948807924583,0.6392938168780564
28253,0,0.3684629459541099,0.21271941244419806,85.57114228456913,76.95390781563127,88.37675350701403,12.424849699398797,0.9975681138528175,0.5755019696108336
28253,1,0.1854963499205188,0.16208571202204758,60.72144288577155,81.1623246492986,99.19839679358718,99.39879759519037,0.8950261158687816,0.5345528136499789
28276,0,0.4624569370386095,0.3522515744275718,99.39879759519037,100.0,100.0,100.0,0.4443004675834288,0.2774626776233513
28276,1,0.348683309322672,0.32975083841782066,99.59919839679358,96.79358717434869,19.238476953907817,92.38476953907816,0.962583322400658,0.39460975910432794
28309,0,-0.10347596677723896,0.47162804160737204,42.28456913827655,40.88176352705411,50.70140280561122,73.54709418837675,1.0158849806168888,0.5843912927355224
28309,1,0.052227865572704237,0.34483437059999816,25.450901803607213,41.28256513026052,99.59919839679358,99.79959919839679,0.8566552682160897,0.5736672641757925
28511,0,0.047470588062132835,0.4667611065721576,27.45490981963928,95.19038076152304,73.14629258517033,60.92184368737475,0.8723850943442033,0.4558766816534404
28511,1,0.2822823094755198,0.4042729005560881,45.69138276553106,60.92184368737475,80.7615230460922,48.897795591182366,0.8905455683684966,0.5219189733261104
28548,0,0.059329870842588533,0.30110698197641894,46.893787575150306,57.91583166332666,90.18036072144288,91.78356713426854,0.8520913893919477,0.6499174529792358
28548,1,0.1802102409408669,0.34129646955036935,67.93587174348697,84.16833667334669,95.59118236472945,93.18637274549098,0.7319554925292826,0.5397431716759136
28979,0,0.15908601993502247,0.1524109921996619,5.210420841683367,5.61122244488978,13.026052104208416,64.12825651302605,0.9697869724715745,0.7013187481547136
28979,1,-0.2591891639194361,0.11857167574113424,2.2044088176352705,15.430861723446892,47.09418837675351,64.72945891783567,1.0534981995445678,0.6112237407806018
29018,0,-0.1644760952550622,0.3727284182666152,57.91583166332666,87.5751503006012,96.9939879759519,93.78757515030061,0.6403811605337562,0.3924416133775458
29018,1,0.20117613084122668,0.3342449764438408,97.39478957915831,95.39078156312625,97.59519038076152,95.99198396793587,0.6731818748480317,0.4302366036617068
29179,0,0.11679971150225459,0.5916833595584323,98.79759519038076,100.0,100.0,99.59919839679358,0.4384429263315217,0.3279292852628386
29179,1,-0.1126673731901329,0.539630536793446,83.16633266533067,94.18837675350701,99.39879759519037,95.99198396793587,0.5087250837776025,0.4284335469678625
29221,0,-0.046740468593256215,0.17005133776713463,73.54709418837675,53.106212424849694,94.78957915831663,87.17434869739479,0.8513447402884089,0.6385444261341058
29221,1,-0.15979154068814716,0.2657702429841495,20.440881763527056,94.18837675350701,48.69739478957916,92.18436873747495,1.009436077411479,0.5766876060911554
29400,0,-0.012708976495871275,0.25330781038219274,76.95390781563127,96.79358717434869,97.99599198396794,42.88577154308617,0.8108374157990085,0.3940082514569314
29400,1,0.009828180860275407,0.2406155039468128,97.39478957915831,91.38276553106212,96.79358717434869,66.53306613226452,0.9581203475871999,0.48752609379219136
29511,0,0.6966317826987444,0.7407924678223766,100.0,99.59919839679358,100.0,59.919839679358724,0.8364892640861358,0.35711833884633226
29511,1,0.48285383095396683,0.7899111677435822,100.0,100.0,99.79959919839679,88.37675350701403,0.762588123486486,0.31513736223224753
29591,0,-0.08804191463695105,0.16068978926781893,46.49298597194389,19.03807615230461,100.0,87.5751503006012,0.9327372771461668,0.5776778319088389
29591,1,0.13941148665864855,0.19552716332984876,85.17034068136272,97.39478957915831,86.37274549098196,97.99599198396794,1.005067956949553,0.5447463706728801
29610,0,-0.1567518143989311,0.1295575146074358,92.18436873747495,82.76553106212425,95.79158316633266,98.99799599198397,0.7934302814483666,0.42517040837410147
29610,1,0.10243112972035501,0.16113790399618944,94.98997995991984,89.97995991983969,98.59719438877755,99.19839679358718,0.8026571332640664,0.37846551927949235
29717,0,-0.06255999512791247,0.2518851956575379,49.09819639278557,58.91783567134269,40.88176352705411,54.30861723446894,0.9694517197378526,0.6113049178757008
29717,1,0.05565925375918608,0.29104291277668987,76.95390781563127,87.97595190380761,55.51102204408818,51.302605210420836,0.9658589601533192,0.6441205686135488
29815,0,0.23453185415361258,0.5847369281651186,90.18036072144288,96.59318637274549,95.39078156312625,96.39278557114228,0.6639685842095256,0.38549061794681905
29815,1,0.07301359610844198,0.6391994419853767,100.0,91.78356713426854,97.59519038076152,94.58917835671342,0.7671304236950434,0.428062723897781
29831,0,0.1321987937507856,0.20292624276981439,4.208416833667335,94.98997995991984,78.95791583166333,87.5751503006012,0.8749753359390378,0.5951329676556338
29831,1,-0.03560030992715884,0.19984873765394937,17.835671342685373,64.32865731462925,67.93587174348697,75.75150300601202,0.8291141599506137,0.5788838537002744
29903,0,0.17997773908374914,0.3960332508304757,38.877755511022045,18.837675350701403,60.320641282565134,79.35871743486975,0.8728653159706975,0.5749430393044535
29903,1,-0.07636779064889987,0.5519213033437974,41.48296593186373,81.56312625250501,75.75150300601202,20.841683366733466,0.9595614737988349,0.6917983522328268
29942,0,0.13335451793423075,0.20420343954265524,91.58316633266533,76.55310621242485,96.59318637274549,97.59519038076152,0.5089097897645978,0.3515336772638952
29942,1,-0.23687265700242416,0.248685459740513,48.49699398797595,84.16833667334669,91.78356713426854,83.56713426853707,0.8876128709558838,0.38210166547308
30016,0,-0.26751419464930787,0.36247130145971995,45.69138276553106,66.53306613226452,25.0501002004008,76.35270541082164,1.0101125509941242,0.6581588436700454
30016,1,0.20699684008247815,0.5043029275395937,29.058116232464933,95.39078156312625,98.99799599198397,98.39679358717434,0.6785400106074906,0.5288719986898529
30068,0,-0.17647086997637124,0.059386565462478086,87.7755511022044,90.38076152304609,21.442885771543086,97.39478957915831,0.9963099762406301,0.5024266509879713
30068,1,0.003524324332436916,0.10728706033528514,80.36072144288578,93.18637274549098,83.16633266533067,86.97394789579158,1.018651664128148,0.6021359090064642
30077,0,-0.08386384654208671,0.04630082723746457,37.4749498997996,73.14629258517033,95.19038076152304,63.52705410821643,0.9489314752964558,0.6381007067281932
30077,1,-0.05315464537967848,0.045358160315587266,87.97595190380761,98.79759519038076,53.3066132264529,36.47294589178357,0.8150028185160756,0.6694123484999926
30139,0,0.2749776803084125,0.2512340940440825,94.98997995991984,95.59118236472945,98.79759519038076,63.52705410821643,0.7820508294366306,0.3832781708254821
30139,1,0.11099790089789748,0.2442353754009077,97.59519038076152,100.0,96.39278557114228,92.98597194388778,0.7236952289028282,0.37076511669398715
30888,0,-0.06386748619179271,0.279949978054338,73.74749498997996,86.97394789579158,95.39078156312625,90.18036072144288,0.7493478971428917,0.547822187061592
30888,1,-0.036674106895309706,0.26135772551994463,38.677354709418836,65.93186372745491,87.7755511022044,99.59919839679358,0.8805449219052149,0.6356276684096155
30961,0,0.20902386971395998,0.34487622391789124,95.79158316633266,97.59519038076152,98.59719438877755,99.19839679358718,0.44735976708390723,0.34810350747535257
30961,1,-0.16070745038633313,0.3289779361345191,72.54509018036072,93.9879759519038,98.99799599198397,97.59519038076152,0.44716925178947275,0.26001700613460554
31234,0,0.019733873909037882,0.08278344367654326,84.3687374749499,66.93386773547094,98.19639278557113,95.79158316633266,0.7457839839126092,0.5617027801922896
31234,1,0.13373425740364717,0.08336681130954383,62.32464929859719,86.17234468937876,100.0,94.78957915831663,0.6483276310224051,0.48204943159576463
31244,0,-0.24354840075370063,0.29536730902725195,41.48296593186373,91.58316633266533,76.15230460921843,43.8877755511022,0.8628753411288429,0.3863893994979414
31244,1,0.08750412141724095,0.3189616939443067,93.78757515030061,88.17635270541082,76.35270541082164,25.851703406813627,0.994932239926545,0.5718591132084456
31251,0,-0.16396694698054232,0.2010671708317695,56.71342685370742,56.71342685370742,82.96593186372746,99.59919839679358,0.9593432374103573,0.6215188653354649
31251,1,-0.3203677455654365,0.17501295309210851,86.57314629258516,76.35270541082164,58.91783567134269,84.3687374749499,0.972686694072558,0.6297005663641371
31280,0,0.04928409144138217,0.3498470035457122,63.326653306613224,95.79158316633266,99.19839679358718,99.19839679358718,0.44903363584466705,0.43359134000360633
31280,1,0.08556939710496518,0.3588562852536844,95.59118236472945,97.1943887775551,95.39078156312625,98.79759519038076,0.49414171338195334,0.4937232521752043
31503,0,0.5415590767935782,0.19146543387238832,100.0,98.99799599198397,88.97795591182364,68.93787575150301,0.9445308087128803,0.547238477422298
31503,1,-0.011377727444539493,0.14284152458231378,98.19639278557113,93.18637274549098,73.94789579158316,78.15631262525051,0.9950011022720834,0.765772137831767
31776,0,-0.10675809223277927,0.47063914895957737,94.78957915831663,92.78557114228457,87.7755511022044,96.19238476953907,0.8798349567916428,0.39847781670940396
31776,1,0.19240553554447706,0.576070411091187,91.18236472945893,81.56312625250501,52.30460921843687,81.1623246492986,0.9245800562501373,0.4585981868544924
32051,0,0.08967533369323766,0.36086813504735943,29.258517034068138,33.06613226452906,75.95190380761522,13.426853707414828,0.9497741933245991,0.5808125852979762
32051,1,0.046372209317643,0.1879683226136876,64.32865731462925,60.72144288577155,32.86573146292585,17.835671342685373,0.9163844027622443,0.42424643340143064
32062,0,-0.15440289019364759,0.23373637605134134,63.52705410821643,55.51102204408818,64.92985971943888,93.9879759519038,0.8946741323575713,0.553213687704938
32062,1,0.09507310371343364,0.289666609685969,12.825651302605209,7.615230460921844,6.813627254509018,47.09418837675351,0.9614272757643358,0.5992903437373213
32140,0,0.02996852920152332,0.638585344024922,92.18436873747495,89.57915831663327,68.5370741482966,39.67935871743487,0.9859291949459623,0.5919194515345273
32140,1,-0.035534897832842735,0.4778212628826096,94.38877755511022,93.78757515030061,97.59519038076152,100.0,0.745694553335749,0.3849881624572321
32365,0,0.01743667683487359,0.26923321729484634,95.79158316633266,83.36673346693387,65.53106212424849,80.56112224448898,0.9756594170041472,0.57693914135782
32365,1,0.17898744544208736,0.2506095169226932,77.9559118236473,65.33066132264528,89.77955911823648,93.3867735470942,0.862948214859068,0.5335572355071663
32427,0,-0.1143538871750933,0.1759083649053988,97.39478957915831,99.39879759519037,95.59118236472945,97.1943887775551,0.7751049732396619,0.4458640723035281
32427,1,0.14788611330904983,0.2455638846333849,82.36472945891784,97.1943887775551,95.19038076152304,98.19639278557113,0.9077831937919278,0.5794040464205712
32470,0,0.003336477346525811,0.12457862266404056,23.847695390781563,88.97795591182364,9.01803607214429,85.37074148296593,1.0133693510554387,0.6775685823503252
32470,1,-0.08365167679927804,0.1275454221671472,89.57915831663327,83.16633266533067,32.46492985971944,72.54509018036072,1.0131848486736055,0.6797822594311793
32532,0,-0.008727053897151317,0.13923429339461413,64.52905811623246,60.72144288577155,97.39478957915831,93.9879759519038,0.8943529920264749,0.4905445385021864
32532,1,0.12314160101233339,0.09540028288979036,98.79759519038076,79.75951903807615,80.7615230460922,85.37074148296593,0.9877205650850379,0.526837529852177
32630,0,-0.01956571249069644,0.29324640688437376,33.46693386773547,91.58316633266533,99.39879759519037,99.19839679358718,0.37269574505071956,0.276222141425432
32630,1,-0.053002548794144774,0.3148167697117287,94.38877755511022,95.19038076152304,98.99799599198397,98.19639278557113,0.6771239617758713,0.4378699750532936
32680,0,0.29480625957662726,0.48396428663231267,69.93987975951904,97.99599198396794,100.0,99.79959919839679,0.6618882141074187,0.3658301436977409
32680,1,0.18563321889246626,0.542786395527626,68.33667334669339,77.75551102204409,98.19639278557113,98.99799599198397,0.8819240775387766,0.46332665764349823
32697,0,-0.011608017996353009,0.2900725746534326,83.56713426853707,70.34068136272545,10.220440881763528,82.56513026052104,1.0149988534965195,0.6915410423737984
32697,1,-0.1103000944238447,0.30551325990589623,87.17434869739479,80.36072144288578,16.03206412825651,41.08216432865731,0.9485874606756642,0.5498096036972069
33057,0,0.06028899401232031,0.3041894528037826,33.46693386773547,60.120240480961925,76.35270541082164,53.90781563126252,0.9188945567638411,0.5822715541478334
33057,1,-0.30805363963363913,0.29747923440405133,30.861723446893784,74.14829659318637,15.230460921843688,69.53907815631263,0.9992745573115489,0.7336463805189517
33084,0,-0.0014307986653413767,0.13697459251776814,86.17234468937876,98.79759519038076,69.93987975951904,94.98997995991984,0.948885909325611,0.6946264590388118
33084,1,-0.041316283306576745,0.1581261212710165,92.38476953907816,99.79959919839679,99.59919839679358,95.99198396793587,0.9688267158763547,0.6478613421430434
33123,0,0.04556138407667808,0.3062706135424598,12.224448897795591,32.46492985971944,37.07414829659319,11.22244488977956,1.0014889538206704,0.5777165006127136
33123,1,0.4184181537401626,0.4841344819778087,93.18637274549098,91.58316633266533,50.300601202404806,60.52104208416834,0.9417875219772756,0.46556443668819814
33256,0,0.06384715297218126,0.6313829667432149,95.39078156312625,81.96392785571143,73.74749498997996,61.923847695390776,0.9905897065956092,0.5154874243020398
33256,1,0.4657705802160587,0.6940245799262066,90.5811623246493,91.78356713426854,94.58917835671342,37.07414829659319,0.8559579422333837,0.44625030938082455
33264,0,0.06138202759032037,0.16157171444882437,95.99198396793587,97.79559118236473,96.19238476953907,98.19639278557113,0.8275642218596708,0.6273254528050929
33264,1,0.08353167612776857,0.18147033439157262,73.34669338677354,91.38276553106212,89.77955911823648,95.59118236472945,0.9323027622167475,0.6377560686735457
33336,0,0.04695246594234934,0.4254886021483662,84.5691382765531,39.278557114228455,77.35470941883767,77.75551102204409,0.7477176631815058,0.3827179491620717
33336,1,0.09360003317787509,0.36128573900745925,65.13026052104209,86.37274549098196,92.98597194388778,89.57915831663327,0.9119494433988059,0.36230927571697236
33342,0,-0.03938539735056323,0.24346861553327273,51.10220440881763,55.31062124248497,99.79959919839679,42.48496993987976,0.8198287252740614,0.45759430293067305
33342,1,0.06927204739856078,0.21333574247490564,38.276553106212425,60.92184368737475,98.79759519038076,74.34869739478958,0.85068520562593,0.4883628242791126
33512,0,0.07206240303651185,0.22039625971158588,93.78757515030061,98.39679358717434,71.34268537074149,92.78557114228457,1.0031654888210915,0.5422157541359037
33512,1,0.07201140307601178,0.1965900137232419,98.99799599198397,99.19839679358718,11.422845691382765,95.99198396793587,0.9186298097774599,0.5505866126145216
33863,0,0.1797681756003677,0.29416108137925007,22.24448897795591,82.16432865731463,86.77354709418837,94.58917835671342,0.8795652025419208,0.4732550966987723
33863,1,-0.030443361665923457,0.29831284803736535,83.36673346693387,80.56112224448898,81.56312625250501,93.3867735470942,0.8962215768236279,0.4191248228547322
33990,0,-0.01427069264270482,0.3328688208817027,65.33066132264528,96.19238476953907,94.38877755511022,99.39879759519037,0.7636180172317282,0.33949186354874483
33990,1,-0.02684278591183775,0.3622873960486572,64.52905811623246,96.19238476953907,96.9939879759519,93.3867735470942,0.6973243811736499,0.3777472945295247
34169,0,-0.0025125765446158007,0.18933363316518834,48.49699398797595,69.93987975951904,61.523046092184366,95.79158316633266,0.8387828986220563,0.4503721807013601
34169,1,0.23308840626661287,0.23645147375746045,91.18236472945893,76.15230460921843,99.79959919839679,41.68336673346693,0.8004492520051654,0.387846887762325
34198,0,-0.17848313130921384,0.23573936280037197,75.35070140280561,95.99198396793587,95.19038076152304,42.28456913827655,0.9170759705904981,0.5705641928897229
34198,1,0.1635311866181735,0.22686439647739814,99.79959919839679,71.34268537074149,77.9559118236473,91.38276553106212,0.8928058097063496,0.5742413468238473
34415,0,0.334687386139291,0.18955520969926087,99.79959919839679,98.59719438877755,96.9939879759519,99.39879759519037,0.699491400572763,0.3378807304291175
34415,1,0.03221159301688744,0.19560308065743617,77.35470941883767,64.92985971943888,94.58917835671342,98.19639278557113,0.7741661998356513,0.38617117347185514
34509,0,0.05115891291096403,0.13669764792969824,83.16633266533067,73.94789579158316,95.99198396793587,57.51503006012024,0.8305452734925526,0.5968817155795686
34509,1,0.01901436766404501,0.12841801783169232,62.925851703406806,55.91182364729459,96.39278557114228,96.79358717434869,0.8079091262390129,0.5516096020199426
34565,0,0.3041415552345459,0.6283580073811978,94.18837675350701,97.79559118236473,98.39679358717434,92.58517034068137,0.8788063229729739,0.3869142637065437
34565,1,-0.18841390429113203,0.6090890368878645,56.51302605210421,79.75951903807615,88.57715430861724,94.58917835671342,0.7600022558568885,0.377590471454299
34854,0,-0.1311582121008665,0.4831964335522664,50.70140280561122,96.19238476953907,94.78957915831663,97.99599198396794,0.6224624470775633,0.37923591320725214
34854,1,0.05504109392002894,0.4708696030765665,93.9879759519038,95.59118236472945,97.59519038076152,94.78957915831663,0.6046467940492468,0.3717399405291554
34998,0,0.20409773516338567,0.19476891697306636,99.59919839679358,98.99799599198397,99.19839679358718,98.79759519038076,0.3487143604006768,0.24334009785144217
34998,1,-0.34814370457108096,0.24251222380586915,11.022044088176353,34.46893787575151,91.78356713426854,48.09619238476954,0.9745504817487577,0.6867032387234513
35100,0,0.272432789956675,0.2870688931016114,71.9438877755511,76.15230460921843,96.39278557114228,94.58917835671342,0.6721461028473502,0.42983798029835496
35100,1,0.09241765943730335,0.30100397913281446,91.18236472945893,98.79759519038076,97.59519038076152,97.59519038076152,0.6223721111045559,0.35513680861970875
35119,0,0.00027485809301638404,0.32149160606625227,25.450901803607213,42.08416833667334,99.39879759519037,100.0,0.7601000274627219,0.4637290744305229
35119,1,0.2188265890475191,0.35062581892520445,26.853707414829657,85.37074148296593,97.1943887775551,96.79358717434869,0.8401290456837449,0.41352095843252634
35131,0,-0.12767930628226368,0.188354090465161,61.32264529058116,76.55310621242485,51.903807615230455,64.52905811623246,1.1017306807640583,0.7346004702438095
35131,1,0.22434844875210613,0.23443279839880649,92.18436873747495,47.49498997995992,47.49498997995992,86.37274549098196,0.985420319188841,0.6795288141888443
35234,0,0.05700457093999844,0.2043454317375585,73.34669338677354,59.519038076152306,11.022044088176353,27.655310621242485,0.9771849165846701,0.7083721946245002
35234,1,0.08073427386226793,0.21353583372948898,80.96192384769539,77.55511022044088,81.3627254509018,94.58917835671342,0.8450164374400494,0.5224831428447338
35269,0,0.001573909380707993,0.4033653152178804,93.3867735470942,91.58316633266533,85.57114228456913,16.03206412825651,0.9786917288970715,0.5894225898472294
35269,1,0.08287263923382873,0.42195380340360494,45.09018036072144,43.48697394789579,98.19639278557113,32.66533066132264,0.9599108577791815,0.6069381678803967
35281,0,0.280882073006673,0.37182125319864656,51.703406813627254,81.96392785571143,57.51503006012024,94.78957915831663,0.9117159377125142,0.586455358195259
35281,1,-0.21056634766718543,0.34179539126735753,7.014028056112225,83.56713426853707,92.78557114228457,92.38476953907816,0.9375689709503876,0.5326292128042216
35475,0,0.06123780262379451,0.17155790768796114,95.59118236472945,99.19839679358718,99.79959919839679,29.458917835671343,0.6782375928212393,0.4888382515438454
35475,1,-0.003758930354123467,0.21023223966829194,99.79959919839679,95.39078156312625,77.9559118236473,13.827655310621243,0.9486476671689048,0.5701796105206325
35600,0,0.09335482695237318,0.6559016576545547,22.44488977955912,63.326653306613224,53.707414829659314,4.208416833667335,0.9244351950611011,0.6648506849464627
35600,1,0.11337958635697278,0.5628480045781956,69.13827655310621,81.1623246492986,61.523046092184366,97.79559118236473,0.9445866620195489,0.6281073944116393
35613,0,-0.0740671554238572,0.1306235953701136,91.58316633266533,77.15430861723446,94.58917835671342,100.0,0.7246942004655303,0.5490691078157619
35613,1,0.25132711058555046,0.20920803035043134,94.78957915831663,99.19839679358718,97.99599198396794,97.39478957915831,0.749206719605402,0.5837403739570909
35659,0,-0.035499875223173896,0.06777553238733464,94.38877755511022,91.78356713426854,63.92785571142284,99.79959919839679,0.7181874519114824,0.6202982791007102
35659,1,0.14938651706410735,0.09498835206179494,98.99799599198397,99.19839679358718,100.0,100.0,0.5061220544968139,0.3843070864036344
35916,0,0.2697290139955536,0.16495614434570516,82.96593186372746,34.46893787575151,89.17835671342685,68.7374749498998,0.9041046684629913,0.6102396036017275
35916,1,-0.018569805610097845,0.11274703355430205,56.91382765531062,82.76553106212425,98.99799599198397,67.53507014028057,0.8347307057586837,0.6271042870797696
35964,0,-0.02060057725217154,0.2857513291834031,88.57715430861724,90.18036072144288,66.33266533066133,23.647294589178355,0.9139064623828641,0.5327088683645287
35964,1,-0.03053789887372632,0.22810472553413666,35.87174348697395,92.38476953907816,96.39278557114228,82.96593186372746,0.9999621026353052,0.45521628122921576
36198,0,-0.06042122906864829,0.10723999942369446,94.58917835671342,88.37675350701403,99.59919839679358,32.86573146292585,0.878087240983479,0.4625545067549439
36198,1,0.030925316540752312,0.10978019138667873,73.14629258517033,91.78356713426854,98.79759519038076,61.12224448897795,0.8254378670008076,0.4461996060332527
36287,0,-0.3389397493968,0.15738514590036567,17.034068136272545,13.026052104208416,99.39879759519037,96.19238476953907,0.902214721813075,0.5326410743624896
36287,1,-0.3132882882378034,0.1633497176696508,28.45691382765531,82.56513026052104,100.0,98.99799599198397,0.8156201625273308,0.6439379857471199
36543,0,-0.17519191282749047,0.41145821366496477,47.49498997995992,93.3867735470942,98.99799599198397,100.0,0.5667668088085642,0.35691529975507397
36543,1,-0.015647875345949136,0.49630667484904506,47.69539078156313,99.19839679358718,99.79959919839679,100.0,0.5589781672980662,0.30494390049974396
36557,0,0.11541440516639129,0.21483369919092477,79.75951903807615,77.55511022044088,53.3066132264529,100.0,0.9364648060638981,0.7530791419479194
36557,1,0.057019756137783484,0.22052210096539046,83.16633266533067,97.79559118236473,72.54509018036072,93.5871743486974,0.8784557670758912,0.6245954156009099
36992,0,0.06446486355683109,0.46579614893522026,2.404809619238477,17.234468937875754,97.79559118236473,87.5751503006012,0.8395877786071484,0.6063926105695263
36992,1,0.07042245943663905,0.5156291320747665,35.87174348697395,49.899799599198396,94.58917835671342,99.59919839679358,0.855364461633248,0.5533759963667142
37034,0,-0.13932184900789704,0.2309794380242662,71.9438877755511,85.17034068136272,94.38877755511022,99.19839679358718,0.9267007596958845,0.47716281653027726
37034,1,-0.03429564784274308,0.23817135577657722,6.813627254509018,44.28857715430862,89.77955911823648,57.31462925851704,0.8264140542988552,0.5328920326835612
37053,0,-0.10241821478298326,0.3130934925835919,94.58917835671342,76.95390781563127,37.87575150300601,11.823647294589177,1.0091780795673027,0.6783739990586063
37053,1,-0.0472441809043498,0.3798117491086813,48.296593186372746,92.18436873747495,96.19238476953907,98.39679358717434,0.7186462492317003,0.29391265056314153
37255,0,-0.08298153699951254,0.3933269524518023,13.026052104208416,38.276553106212425,30.861723446893784,3.006012024048096,0.9673093747193934,0.6929038808263914
37255,1,-0.07626194116887873,0.4409143781053425,64.52905811623246,58.91783567134269,22.84569138276553,73.74749498997996,0.9263362777783837,0.596981143329838
37362,0,0.18158751953602068,0.15313235451120552,83.16633266533067,69.33867735470942,98.59719438877755,91.38276553106212,0.7742660136923625,0.4911746988108717
37362,1,0.25168726444873346,0.1545297126742831,84.3687374749499,95.99198396793587,99.59919839679358,100.0,0.7275418527405184,0.39506741381493604
37406,0,0.21709890145524469,0.5219650563291218,43.28657314629258,61.12224448897795,65.13026052104209,85.97194388777555,0.8448993581595315,0.5407345969393715
37406,1,0.1431548876973097,0.5078683966284377,83.76753507014027,44.28857715430862,78.75751503006012,40.08016032064128,0.9433562283098327,0.5891714632942877
37505,0,0.39046648705902415,0.6248109211479463,94.18837675350701,98.79759519038076,95.79158316633266,98.99799599198397,0.44750589355134396,0.37946548890676157
37505,1,0.32744944438378404,0.5705489233521996,97.59519038076152,99.39879759519037,97.79559118236473,97.99599198396794,0.3566470959073308,0.28371834298584564
37552,0,-0.08878551378614141,0.3266103328619299,49.298597194388776,56.51302605210421,96.79358717434869,99.59919839679358,0.8926419867899397,0.413373007043507
37552,1,0.02614779027542845,0.3100958989253988,92.38476953907816,98.59719438877755,99.79959919839679,99.19839679358718,0.497142910170446,0.30596519497610664
37899,0,-0.007091081971371316,0.12350149584714802,83.36673346693387,99.39879759519037,99.39879759519037,99.59919839679358,0.3315994304912794,0.28543366082947197
37899,1,0.09622095779705608,0.16822558051068834,93.18637274549098,100.0,99.59919839679358,99.79959919839679,0.39398945282107223,0.29059552865328764
38091,0,-0.0016114036399061805,0.06520347417018288,80.56112224448898,75.75150300601202,98.59719438877755,87.374749498998,0.8989140059101414,0.4931385997400576
38091,1,0.014351960714490034,0.07261181956809605,92.58517034068137,92.58517034068137,97.39478957915831,100.0,0.802497165320225,0.45045644045757727
38194,0,0.24749346071373454,0.39822200430236937,86.97394789579158,88.57715430861724,72.54509018036072,84.5691382765531,0.9338896740104867,0.4492056311637771
38194,1,0.2632914949663076,0.4046859783723576,95.99198396793587,96.59318637274549,88.37675350701403,90.18036072144288,0.9211523034765947,0.47446032490119927
38375,0,0.4203191204004074,0.29582645524509277,33.06613226452906,74.54909819639278,83.36673346693387,100.0,0.8801496828691725,0.5449824296643513
38375,1,0.326828318489277,0.2296120969165411,30.66132264529058,60.320641282565134,90.5811623246493,99.39879759519037,0.8691968746738779,0.5530507222514095
38380,0,0.02102604185845738,0.3575913614144929,30.861723446893784,41.68336673346693,94.38877755511022,91.38276553106212,0.9483278773746678,0.6570982854096257
38380,1,0.23919731909361935,0.33794246197972255,59.118236472945895,91.58316633266533,99.39879759519037,86.77354709418837,0.9272803280801475,0.539820058437162
38833,0,0.24297241480030296,0.3487414587737409,94.18837675350701,99.39879759519037,99.59919839679358,82.56513026052104,0.9072084802632704,0.48515879756376457
38833,1,-0.028628826456500094,0.34615192021479596,98.19639278557113,95.79158316633266,79.75951903807615,84.3687374749499,1.0345198902037354,0.5646527146745619
38887,0,0.12636561719258574,0.29237750790571815,80.96192384769539,86.57314629258516,97.39478957915831,99.79959919839679,0.7490667595307026,0.4202987583317893
38887,1,0.24211092168079018,0.375291519925052,87.17434869739479,99.19839679358718,97.79559118236473,96.59318637274549,0.8536882982525194,0.30984854675858464
39183,0,0.2783631597735179,0.13906723732935802,80.16032064128257,70.54108216432866,94.18837675350701,98.99799599198397,0.8400712010066692,0.5267189003877408
39183,1,0.2797063041772358,0.16787578316259635,77.75551102204409,66.53306613226452,93.9879759519038,100.0,0.8984830380805462,0.5073422171605821
39288,0,0.12388044476511613,0.28971687066382057,93.18637274549098,82.16432865731463,88.17635270541082,95.39078156312625,1.0448368184504677,0.4990790907467868
39288,1,-0.11254580367207613,0.38654202704756346,41.68336673346693,78.15631262525051,92.78557114228457,95.39078156312625,0.9656046401006646,0.5210867688065408
39384,0,0.0712392240809065,0.3281676020578492,94.78957915831663,86.77354709418837,91.98396793587175,96.39278557114228,0.8654487144383721,0.6232219871436947
39384,1,0.082070065550115,0.40627005186671644,78.15631262525051,69.93987975951904,74.34869739478958,41.68336673346693,1.0336925338029195,0.6816695370353698
39490,0,-0.1006876399662694,0.255961900804647,55.31062124248497,95.79158316633266,27.85571142284569,68.33667334669339,0.9887373376641481,0.6134794121082527
39490,1,0.12582530208102835,0.3159316666772457,56.71342685370742,97.1943887775551,72.34468937875751,90.5811623246493,0.8759301268766237,0.5759498022038188
39557,0,0.24065246182479894,0.19541823869235053,82.76553106212425,79.75951903807615,77.75551102204409,25.651302605210418,0.90538132325934,0.6187811833456485
39557,1,0.2930578127273499,0.19390645438242451,96.9939879759519,93.18637274549098,100.0,99.59919839679358,0.9100844121073741,0.5095712759934808
39756,0,-0.13086323345217205,0.5366870099292009,26.252505010020037,99.19839679358718,91.98396793587175,33.46693386773547,0.9845879577253003,0.6314883213630902
39756,1,-0.2110606232443542,0.37061354043088585,3.807615230460922,0.4008016032064128,59.318637274549104,74.14829659318637,1.020711040385928,0.7863593047480462
39793,0,-0.045436526007805636,0.16678670728143666,75.95190380761522,85.77154308617234,38.677354709418836,37.4749498997996,1.0031862069195567,0.5720161229073101
39793,1,-0.1338963029363593,0.2078270355950837,82.56513026052104,93.9879759519038,60.92184368737475,43.8877755511022,1.0480703334656607,0.5275922630745261
39920,0,0.06796534916843548,0.4165914001812439,91.38276553106212,93.9879759519038,99.79959919839679,98.59719438877755,0.7010301038073826,0.4843031293780897
39920,1,-0.05320469737240481,0.3347191482802251,98.99799599198397,80.36072144288578,96.9939879759519,87.97595190380761,0.7751749229082181,0.42244466378192624
39986,0,-0.004417049148305933,0.30965332030534,16.03206412825651,92.78557114228457,25.0501002004008,94.18837675350701,1.0043286820890378,0.5149877605525328
39986,1,0.17958986668612892,0.22374188684691407,86.57314629258516,97.59519038076152,95.19038076152304,80.36072144288578,0.85159183840021,0.4140144233100336
40269,0,0.1351122555564963,0.27322963816746926,53.3066132264529,78.75751503006012,15.831663326653306,94.38877755511022,0.991090342873749,0.6319167170710371
40269,1,-0.08872163033159278,0.35410682408380934,83.36673346693387,77.15430861723446,74.14829659318637,97.79559118236473,0.9168820862876739,0.5080537017142124
40756,0,0.002142459584946687,0.1619178103088723,83.76753507014027,95.99198396793587,99.19839679358718,99.39879759519037,0.6859716051009506,0.5011866277760801
40756,1,0.18969263270536552,0.3017192527820511,95.59118236472945,97.59519038076152,96.79358717434869,95.59118236472945,0.9391830871294955,0.5352755889306414
40798,0,0.370624193736831,0.4969898379356851,38.276553106212425,49.298597194388776,56.51302605210421,9.619238476953909,0.9257281168014218,0.631126815552917
40798,1,0.007386489765300963,0.5072399354535221,38.877755511022045,60.72144288577155,44.48897795591182,3.006012024048096,0.9323558120786968,0.6585107618092039
40819,0,-0.2754038727957437,0.13149671227092058,80.36072144288578,91.18236472945893,38.877755511022045,75.1503006012024,0.9680044191464279,0.6462475516554536
40819,1,-0.28975778244969236,0.13510471261401033,57.71543086172345,63.52705410821643,36.87374749498998,51.503006012024045,1.0179138224171524,0.5976866681509576
40933,0,0.07061672125834148,0.16342879306428654,42.68537074148296,98.79759519038076,98.19639278557113,97.39478957915831,0.6801873005060973,0.5094792824881706
40933,1,0.2845552973877724,0.14555652894173643,85.97194388777555,97.1943887775551,99.79959919839679,96.79358717434869,0.7119553946179171,0.5612120840283211
40990,0,0.12909016168278006,0.34695033659032226,72.54509018036072,81.96392785571143,18.03607214428858,5.61122244488978,1.0098881660189782,0.5393812094951219
40990,1,0.4256512193429192,0.5064018003095796,90.18036072144288,94.38877755511022,99.39879759519037,74.9498997995992,0.7199859722475543,0.31515027940596585
41120,0,-0.06220399178257797,0.021903941092010534,76.15230460921843,32.46492985971944,78.95791583166333,65.33066132264528,0.9360146807228593,0.6051882803370313
41120,1,-0.09668974344414995,0.023720834264516648,86.77354709418837,73.94789579158316,93.9879759519038,53.90781563126252,0.8908845124215272,0.6269153231267579
41402,0,0.17097960739288662,0.3647968451884415,89.97995991983969,97.59519038076152,99.59919839679358,98.19639278557113,0.6377672271057119,0.4294798232017957
41402,1,0.024506491547670824,0.35591257459422837,93.78757515030061,100.0,96.79358717434869,94.78957915831663,0.7855247373154681,0.5696359691637602
41540,0,0.35894239532822314,0.21782694121490426,96.19238476953907,95.19038076152304,96.59318637274549,96.19238476953907,0.586551641561883,0.258920899469648
41540,1,0.5151328910996789,0.27788282322630764,85.57114228456913,97.99599198396794,98.19639278557113,97.1943887775551,0.5266066131990597,0.30247777065264236
41555,0,-0.005789607635804396,0.22915940766045473,65.13026052104209,62.525050100200396,99.79959919839679,98.19639278557113,0.7336853473874957,0.4956101474835911
41555,1,0.048894996882486136,0.25969007588996945,61.72344689378757,87.5751503006012,99.39879759519037,99.19839679358718,0.6495583732617064,0.4043552404205696
41561,0,-0.031095841280010906,0.3936753061693969,63.92785571142284,97.39478957915831,42.68537074148296,68.33667334669339,1.049203365006379,0.4624627062553355
41561,1,0.2568923844670341,0.40339553838840203,77.9559118236473,97.39478957915831,59.318637274549104,84.76953907815631,0.9888681774889554,0.41721009414908405
41592,0,0.03933119515764692,0.11065279297129549,64.52905811623246,96.9939879759519,93.18637274549098,97.79559118236473,0.866543939348681,0.6569116681952
41592,1,-0.0026453852094793706,0.1778444607217509,70.54108216432866,97.39478957915831,97.79559118236473,98.39679358717434,0.9346898257301319,0.6153246366677163
41636,0,-0.027884574154139502,0.15165350605478214,97.59519038076152,97.79559118236473,65.93186372745491,94.78957915831663,0.8936536854510303,0.6193086724138401
41636,1,0.10496916985001341,0.2642945194397743,83.96793587174348,91.78356713426854,48.09619238476954,85.37074148296593,0.9382157914913233,0.5776123383599974
41640,0,0.156970089895226,0.26028004537650185,75.55110220440882,89.97995991983969,99.39879759519037,100.0,0.8476456775858114,0.4881885769979577
41640,1,0.04435001757040148,0.32704704020086817,24.849699398797593,61.32264529058116,17.43486973947896,90.5811623246493,1.0106607437397912,0.6154621921778907
41924,0,0.17122675148821043,0.661499399567219,78.15631262525051,97.79559118236473,100.0,100.0,0.5376401982103414,0.26283913529575575
41924,1,0.16070373404434415,0.6289398138406973,77.35470941883767,97.1943887775551,99.19839679358718,99.79959919839679,0.8227015964532174,0.397290069799105
41976,0,0.07276959538475056,0.592285860854923,95.39078156312625,97.99599198396794,96.39278557114228,96.79358717434869,0.2547455384510964,0.15621022865941503
41976,1,0.08428645449888958,0.5143733132503276,72.54509018036072,86.77354709418837,95.59118236472945,98.19639278557113,0.3319454861667097,0.28267529340121245
42022,0,-0.15301449595950303,0.13190684859393617,82.96593186372746,84.3687374749499,94.78957915831663,93.5871743486974,0.6515220243609886,0.3261492545663026
42022,1,-0.05454563018995669,0.14286738216013997,94.38877755511022,91.18236472945893,63.52705410821643,81.96392785571143,0.9840914877656883,0.4648237470047728
42251,0,0.18595847039895588,0.12449244086623744,89.37875751503006,81.76352705410822,79.15831663326654,86.77354709418837,0.9111020745642847,0.48157489717448465
42251,1,0.03583726145975721,0.15573091530895816,97.1943887775551,96.9939879759519,98.99799599198397,80.16032064128257,0.612154541860142,0.3661754343768585
42302,0,0.06157011133703085,0.1685997566866009,51.903807615230455,79.95991983967936,2.2044088176352705,84.96993987975952,1.0071659655595937,0.7297260572545101
42302,1,-0.13197763468761525,0.14129933989869622,83.76753507014027,58.91783567134269,76.35270541082164,99.59919839679358,0.8065441180179602,0.6354531413689487
42466,0,0.04253867536571166,0.3169544373656521,19.839679358717436,33.86773547094188,87.7755511022044,95.19038076152304,0.839871904319314,0.61207577742286
42466,1,0.1096643694650377,0.36287673407832033,65.7314629258517,31.863727454909817,98.79759519038076,95.79158316633266,0.9794283386236132,0.6888575587634622
42679,0,-0.00430127562168434,0.2553713783049038,71.34268537074149,98.99799599198397,91.98396793587175,61.923847695390776,0.8122109190363223,0.45135995049582156
42679,1,0.048800567039181134,0.2624809775314342,21.64328657314629,91.78356713426854,86.17234468937876,94.38877755511022,0.8260093460284047,0.46664795091456057
43065,0,0.06812209587306403,0.2554604340619444,39.278557114228455,63.727454909819635,93.9879759519038,98.79759519038076,0.8971950757590673,0.6662193157920511
43065,1,0.07198905568936802,0.2603616593927509,58.91783567134269,99.39879759519037,97.79559118236473,61.923847695390776,0.8617233814873699,0.6746883754494838
43198,0,0.040012452876993204,0.14869177128362746,92.38476953907816,99.19839679358718,99.59919839679358,95.99198396793587,0.5639543787562548,0.36249667479117353
43198,1,0.020733014271560754,0.15229758355020181,99.19839679358718,99.79959919839679,99.79959919839679,81.76352705410822,0.7457589393031607,0.3103457000529528
43211,0,0.24377325976420577,0.37569712281254913,94.78957915831663,97.99599198396794,98.59719438877755,55.31062124248497,0.7842945337151266,0.3610399837664384
43211,1,-0.1222794725631446,0.34074573307903416,15.230460921843688,79.35871743486975,94.78957915831663,95.59118236472945,0.9571594525860722,0.49140882588352586
43332,0,0.11264245766859442,0.1641692970956554,95.99198396793587,83.56713426853707,14.629258517034069,57.51503006012024,0.9301297869308793,0.5903099230538873
43332,1,-0.006631809480776861,0.13841215097004025,31.462925851703403,52.90581162324649,4.609218436873747,81.96392785571143,1.0377386789638996,0.5995091902326455
43546,0,0.5284620193160285,0.32673761550507235,100.0,100.0,93.78757515030061,33.06613226452906,0.4994277118214222,0.30962128564204083
43546,1,-0.056833316643415364,0.33764337502724423,80.16032064128257,74.34869739478958,68.13627254509018,78.15631262525051,0.9405631818927558,0.6272859737880587
43584,0,0.5224385851091549,0.5078093130628959,86.97394789579158,99.59919839679358,98.59719438877755,87.7755511022044,0.9266543098735175,0.371601309691287
43584,1,0.0950741231139484,0.5425482860485158,74.34869739478958,85.97194388777555,98.79759519038076,95.99198396793587,0.6938689783578875,0.32644470173534845
44248,0,-0.18804806919396388,0.16056196224688946,19.238476953907817,40.88176352705411,98.19639278557113,98.79759519038076,0.37304875738119403,0.31301587930315133
44248,1,-0.13931073928534188,0.2170953656377815,26.853707414829657,85.77154308617234,89.37875751503006,95.99198396793587,1.030461032597355,0.6540012113280405
44279,0,0.17699972008330198,0.436945204039837,85.17034068136272,66.53306613226452,61.523046092184366,50.50100200400801,0.9521548435841412,0.4347169864740833
44279,1,-0.004539048751726418,0.38996041768269984,67.13426853707415,78.15631262525051,81.3627254509018,85.77154308617234,0.9477993056400401,0.49523999446063716
44360,0,0.02536082112162541,0.24419626672403313,54.70941883767535,88.77755511022045,64.52905811623246,46.49298597194389,0.8193934536710585,0.4180908521163502
44360,1,-0.002651653442845423,0.24931733426828703,78.75751503006012,94.78957915831663,98.99799599198397,99.59919839679358,0.7930769348121827,0.39343778903475746
44413,0,-0.02608313931531826,0.2728142561995033,55.11022044088176,62.725450901803605,83.76753507014027,96.9939879759519,0.8287855994806763,0.3502622869408276
44413,1,-0.22474554376269862,0.21428637882755472,45.69138276553106,59.118236472945895,99.19839679358718,70.34068136272545,0.7381698099638612,0.36877444609556864
44422,0,0.08776117879745952,0.2305695533130275,55.31062124248497,98.99799599198397,100.0,100.0,0.4084229410648226,0.3921000133096466
44422,1,0.1650790935398537,0.30118907705437614,77.15430861723446,97.99599198396794,100.0,100.0,0.45275672595829675,0.4751605857328788
44903,0,-0.03334584741191597,0.13980187425219653,98.39679358717434,91.98396793587175,99.79959919839679,26.452905811623246,0.835882457313704,0.5420567508025851
44903,1,0.11047265630272071,0.1598946764082485,96.59318637274549,95.79158316633266,89.97995991983969,84.5691382765531,0.8689795007310619,0.5007976844752584
44975,0,0.18031050151263778,0.2479169405928502,29.458917835671343,97.1943887775551,99.79959919839679,97.79559118236473,0.6351356731761439,0.38471595592526864
44975,1,0.029774794359589355,0.33933399327925623,87.7755511022044,92.18436873747495,100.0,100.0,0.6651629615201688,0.3402203340623571
45377,0,-0.06376588395758849,0.12296092277613413,89.97995991983969,98.79759519038076,97.59519038076152,98.79759519038076,0.5834275822569592,0.42138005250039756
45377,1,0.26408338332996095,0.10345167188070621,92.78557114228457,99.59919839679358,100.0,100.0,0.2846630020335329,0.32496919113133294
45528,0,0.30187540594542767,0.21370683475440796,95.59118236472945,100.0,96.79358717434869,100.0,0.7560050294663261,0.4356885720158541
45528,1,0.15499155537494588,0.22191658706520853,74.74949899799599,98.39679358717434,95.39078156312625,100.0,0.7841581312446224,0.43893800179809805
45699,0,-0.035760215094487006,0.3634384715649703,56.1122244488978,55.11022044088176,50.1002004008016,85.77154308617234,0.9324792361581258,0.5297602131930671
45699,1,0.2023076605889635,0.3049713379758542,37.27454909819639,78.95791583166333,86.77354709418837,97.59519038076152,0.9420372433248276,0.563325205328467
45952,0,-0.06883351599797866,0.1451355478540293,77.15430861723446,78.95791583166333,98.99799599198397,99.39879759519037,0.8357688314604036,0.438941473475432
45952,1,-0.09369408022781545,0.1288142507431979,87.5751503006012,31.462925851703403,95.59118236472945,97.79559118236473,0.9307912369100447,0.697067912162456
45987,0,0.0998499126186666,0.28304039792507457,31.462925851703403,57.91583166332666,90.78156312625251,80.7615230460922,1.0300115156693266,0.6659286851488645
45987,1,0.0668593671379816,0.2688814824685471,93.9879759519038,80.56112224448898,100.0,99.39879759519037,0.8190322055179127,0.5882134456402054
46166,0,0.15419811550858292,0.265137609946222,61.12224448897795,97.59519038076152,99.39879759519037,97.79559118236473,0.46718741197551583,0.3253268115254154
46166,1,0.21022867914266355,0.16799986704871142,81.1623246492986,92.18436873747495,99.39879759519037,96.59318637274549,0.3799730892884948,0.30250290427898074
46276,0,0.12172197773132115,0.3861484326707756,99.79959919839679,98.99799599198397,87.97595190380761,98.59719438877755,0.8675355867135405,0.3785335774139059
46276,1,-0.19798536643818518,0.4975614912051982,89.77955911823648,76.55310621242485,69.93987975951904,51.703406813627254,0.9843295749731747,0.5463317515084115
46403,0,-0.05422621607969381,0.14679329228013446,48.296593186372746,93.78757515030061,91.98396793587175,88.57715430861724,0.8566500881315536,0.60971688068446
46403,1,0.08869170472513319,0.1436195752026933,26.65330661322645,99.39879759519037,91.38276553106212,96.79358717434869,0.839880772906576,0.6083398553116055
46524,0,-0.08287066718637234,0.3509113915502377,5.210420841683367,50.50100200400801,49.09819639278557,78.55711422845691,0.9416328423480365,0.5483941656635047
46524,1,-0.22134443443102794,0.2927484671050142,11.623246492985972,17.43486973947896,47.69539078156313,44.08817635270541,0.8041336845235408,0.5058912086807248
46653,0,-0.0033802271241260796,0.04438032864838987,68.7374749498998,96.39278557114228,86.37274549098196,84.96993987975952,0.9296561757758178,0.637626352655371
46653,1,0.10699449135718613,0.044684899904373375,49.09819639278557,50.70140280561122,99.79959919839679,98.19639278557113,0.7356569499278559,0.6379143495688862
47030,0,0.37235499584486104,0.21070344074239936,87.374749498998,73.94789579158316,96.9939879759519,57.91583166332666,0.9675840180370214,0.5631053048580141
47030,1,-0.07272249765772515,0.21563709008293788,67.53507014028057,80.96192384769539,40.28056112224449,67.73547094188376,1.0076206031591892,0.6182523071113506
47086,0,0.20034759740102182,0.16393998220086045,93.78757515030061,98.99799599198397,97.1943887775551,88.97795591182364,0.7408691014703028,0.33463374066739093
47086,1,0.18255045281778806,0.23024699918258465,79.55911823647295,95.59118236472945,94.98997995991984,86.57314629258516,0.7321827023827651,0.3258820742787417
47093,0,0.2470835101524183,0.1965563358286105,77.55511022044088,57.71543086172345,93.5871743486974,90.98196392785572,0.9227157119028396,0.5164285728841315
47093,1,-0.26514087072536746,0.21817781027240213,8.016032064128256,66.73346693386773,34.46893787575151,52.90581162324649,1.019681027173784,0.5902297281159274
47122,0,0.10936588563821148,0.10739163749485042,80.56112224448898,79.75951903807615,99.59919839679358,97.59519038076152,0.6206974491246593,0.5033555236114016
47122,1,-0.006003741636824756,0.11640517225310312,54.90981963927856,84.76953907815631,95.79158316633266,90.78156312625251,0.9952800278432968,0.6863512007120347
47125,0,0.10390452429473594,0.2043108923007741,84.5691382765531,96.59318637274549,99.39879759519037,99.39879759519037,0.6964687658378939,0.4638913952040491
47125,1,0.13544586524632687,0.2546835404910539,67.13426853707415,80.96192384769539,73.54709418837675,84.5691382765531,0.9396426113383598,0.6252620891036029
47331,0,0.10859995886988431,0.5389864010213024,68.7374749498998,82.16432865731463,62.124248496993985,81.96392785571143,1.016683796884377,0.5822652739673826
47331,1,0.008118317088038377,0.4748980813205183,99.19839679358718,93.78757515030061,67.13426853707415,93.5871743486974,0.9298502919621172,0.6182184131454971
47471,0,-0.06757072667505551,0.3230343740857427,69.93987975951904,90.38076152304609,96.9939879759519,96.79358717434869,0.7961371135918325,0.40433144223938744
47471,1,-0.09052328873375806,0.299028913011065,69.53907815631263,93.78757515030061,91.18236472945893,94.58917835671342,0.7735051292713518,0.4122869005268607
47583,0,-0.24038541251049764,0.11713038803031314,69.93987975951904,52.90581162324649,98.59719438877755,97.99599198396794,0.6815141878346722,0.5442068819360728
47583,1,0.03444957220264337,0.1430344456575233,94.58917835671342,97.1943887775551,99.19839679358718,97.59519038076152,0.5808042933129076,0.5344969735824989
47744,0,-0.04831081461499149,0.23244642073657906,39.278557114228455,53.90781563126252,92.58517034068137,95.19038076152304,0.7832492982172675,0.46004685768964404
47744,1,0.27784049668353805,0.31422854775561243,100.0,100.0,98.99799599198397,96.9939879759519,0.5847038433577327,0.38397179481572763
47907,0,0.1861998999293675,0.2950493465386599,75.35070140280561,56.51302605210421,85.97194388777555,36.67334669338677,0.9842380512225744,0.5822681691722238
47907,1,0.2827379327192747,0.40572564104664655,29.458917835671343,61.72344689378757,83.36673346693387,70.14028056112225,0.9191025899663712,0.5362329611922525
48376,0,0.01255842409212873,0.3360284396511796,50.1002004008016,23.847695390781563,63.727454909819635,21.04208416833667,0.9525961878808717,0.6505864905026525
48376,1,-0.024044952528351968,0.4174000051259319,89.17835671342685,100.0,89.77955911823648,88.37675350701403,0.9217551508997516,0.6169000513663564
48655,0,0.23822745702987044,0.2518452664221652,21.8436873747495,86.77354709418837,99.19839679358718,53.3066132264529,0.8318369301250752,0.4565834171889249
48655,1,-0.1098435322383502,0.1798395249877384,8.617234468937877,82.96593186372746,79.55911823647295,58.717434869739485,0.9685135397212655,0.588596887648931
48911,0,0.15250758389252647,0.14098061741969195,34.86973947895792,24.04809619238477,52.30460921843687,23.04609218436874,0.9154959112460049,0.5148508269536156
48911,1,0.20314816799978097,0.13977368866257897,77.15430861723446,78.15631262525051,96.9939879759519,44.88977955911824,0.9166538673104547,0.45559460195971135
49170,0,-0.07821937281626454,0.08455720962797253,91.58316633266533,97.1943887775551,84.5691382765531,98.59719438877755,0.9605249334767049,0.5457101965168133
49170,1,-0.03732144765673361,0.10840423444808636,47.29458917835671,88.77755511022045,99.19839679358718,99.79959919839679,0.5895979388525474,0.4952667666304471
49195,0,0.05028774007592556,0.4978122821347014,65.53106212424849,84.16833667334669,98.79759519038076,95.39078156312625,0.40957625598042424,0.348028053931726
49195,1,0.02581006501472534,0.5647897441143064,35.47094188376754,68.33667334669339,96.9939879759519,100.0,0.4605150230786287,0.402373398666386
49256,0,-0.057945884962448006,0.427137146213603,63.52705410821643,45.29058116232465,33.66733466933868,78.15631262525051,0.9463685392270894,0.5729748658143807
49256,1,-0.06537610954082365,0.36707818488304356,31.062124248496993,51.302605210420836,85.77154308617234,66.93386773547094,0.9871542084373227,0.5671695669010177
49315,0,-0.5572933155395122,0.31357518493974584,59.118236472945895,53.90781563126252,69.33867735470942,43.08617234468938,0.8451512890094768,0.44572079760885464
49315,1,0.03337361859274846,0.2354301798690127,67.93587174348697,66.13226452905812,43.28657314629258,50.50100200400801,0.9326877690350983,0.5750049161004143
49474,0,0.17594234436506492,0.09539706544504546,67.53507014028057,88.97795591182364,99.19839679358718,98.39679358717434,0.875736782456948,0.5908145001578828
49474,1,-0.04332112541451582,0.17831376388981113,98.39679358717434,90.98196392785572,100.0,100.0,0.4621384932588858,0.34662865921306807
49475,0,-0.24198293479724872,0.3071958727261142,56.91382765531062,93.18637274549098,95.19038076152304,98.39679358717434,0.7947083142793877,0.38850303754626936
49475,1,0.14993237811470964,0.39247748959409656,68.5370741482966,98.39679358717434,86.37274549098196,98.79759519038076,0.8062386155760114,0.38592931861730817
49678,0,0.1748586561581355,0.1785182798270856,80.16032064128257,88.37675350701403,93.5871743486974,93.18637274549098,0.8051707200277387,0.517637997776325
49678,1,-0.036716195605561504,0.13801634999164145,0.4008016032064128,78.75751503006012,97.39478957915831,99.19839679358718,0.7306916287553427,0.3189952407520831
49702,0,0.030691946134126583,0.2825892729805783,13.627254509018035,78.15631262525051,67.53507014028057,87.97595190380761,0.9703969487912596,0.5865007641453444
49702,1,0.15940006290628642,0.2697117805430244,77.15430861723446,72.94589178356713,53.50701402805611,91.78356713426854,0.9809013898918509,0.6013666152152748
49760,0,0.2911004442502686,0.439608212147058,69.93987975951904,89.97995991983969,85.37074148296593,32.26452905811623,0.875946616220239,0.46008770393978904
49760,1,-0.025005147337913848,0.37652022502323684,80.96192384769539,88.57715430861724,72.34468937875751,19.438877755511022,0.9823916999341432,0.4362760009366169
50203,0,0.013120233451593173,0.2372168859672575,44.68937875751503,91.38276553106212,97.59519038076152,86.97394789579158,0.8486397384776697,0.5413852358603406
50203,1,0.08728062423307092,0.20818268151921518,38.877755511022045,79.75951903807615,82.36472945891784,72.34468937875751,0.9312337811631342,0.6710573416849313
50210,0,0.2248281501526571,0.2816618006757873,41.68336673346693,90.5811623246493,50.1002004008016,98.99799599198397,0.9497735550748557,0.5654687925367696
50210,1,0.12290496766776096,0.3027293456056036,14.428857715430862,86.97394789579158,98.99799599198397,91.58316633266533,0.8421582039609669,0.4886241247614961
50622,0,0.06623177525514735,0.5947938041416031,82.56513026052104,94.78957915831663,71.14228456913828,84.3687374749499,0.871077233382056,0.5312670931178906
50622,1,-0.1060443487899118,0.6132047047302366,66.33266533066133,93.3867735470942,94.98997995991984,84.96993987975952,0.9095133957613558,0.4406543757973924
50708,0,-0.08882436770879959,0.2109165578090073,93.9879759519038,98.79759519038076,81.96392785571143,99.59919839679358,0.8233104667674642,0.41235550021467604
50708,1,0.2619110335221668,0.2535580920602213,93.5871743486974,99.79959919839679,90.78156312625251,91.58316633266533,0.9579259528133308,0.38770762361587596
50739,0,0.24273296496411356,0.18845910764961857,93.3867735470942,98.19639278557113,90.78156312625251,96.39278557114228,0.7241434449892745,0.3531012515580161
50739,1,0.21294866332689247,0.20375312840980006,98.59719438877755,97.59519038076152,87.17434869739479,97.39478957915831,0.688839028889698,0.3531092092246455
50850,0,0.0362645103771035,0.5712096684465607,45.49098196392786,65.53106212424849,99.59919839679358,98.99799599198397,0.24838777071736173,0.29083178280858624
50850,1,-0.032611606207633266,0.5694221844058222,35.47094188376754,57.31462925851704,98.79759519038076,98.99799599198397,0.2337169736974748,0.31286910319221994
51008,0,0.013578628149142092,0.5093944151517639,22.84569138276553,75.1503006012024,92.58517034068137,92.78557114228457,0.8731870836362949,0.4881449031720697
51008,1,-0.0658147892095033,0.4876895255884384,94.98997995991984,99.79959919839679,92.38476953907816,99.79959919839679,0.8050158804120867,0.49946860688986094
51227,0,-0.06003236999700829,0.12775995774194976,41.68336673346693,96.59318637274549,99.19839679358718,99.79959919839679,0.7146913911726307,0.5173269974206005
51227,1,-0.09928902023033304,0.10808553269536782,29.859719438877757,93.9879759519038,96.79358717434869,95.19038076152304,0.74312032352358,0.6281235735652264
51300,0,-0.17011380083417532,0.11756807849876627,69.13827655310621,67.33466933867736,54.10821643286573,37.4749498997996,0.9993303202690137,0.7233011572199239
51300,1,0.06652881304191362,0.22187457502774274,41.68336673346693,80.7615230460922,76.55310621242485,71.9438877755511,0.8757835755716099,0.6705266919577493
51380,0,-0.2650045433417136,0.23912376033331015,97.79559118236473,96.39278557114228,100.0,99.79959919839679,0.7660583543925927,0.6092629121782733
51380,1,-0.23218938136105174,0.24728125132530607,64.92985971943888,99.59919839679358,98.59719438877755,62.32464929859719,0.862558521010569,0.6587725809304671
51385,0,-0.008668035786200847,0.4181589759134741,96.39278557114228,94.18837675350701,63.92785571142284,94.98997995991984,0.9438606861349556,0.5271600329171814
51385,1,0.15837752343257422,0.3563089474647356,59.519038076152306,79.15831663326654,95.59118236472945,99.19839679358718,0.9059672360563314,0.46209054125913773
51436,0,-0.017511046692225026,0.07661546661143114,67.53507014028057,91.98396793587175,99.79959919839679,100.0,0.6302614266668655,0.4211933049786444
51436,1,0.005202284604508237,0.08420524428676338,68.33667334669339,97.79559118236473,96.59318637274549,92.18436873747495,0.8685241657457442,0.55648696545359
51517,0,-0.07900106731041773,0.36838259776514626,53.3066132264529,79.15831663326654,97.59519038076152,95.19038076152304,0.9048065255265437,0.5937348809840635
51517,1,-0.066176490285376,0.40312649450497035,99.39879759519037,83.76753507014027,99.79959919839679,99.79959919839679,0.9122718871264303,0.5644452832665146
51688,0,0.033206769602050365,0.36553362589654576,11.022044088176353,84.96993987975952,87.374749498998,96.59318637274549,0.8272670291935118,0.5120535474850154
51688,1,-0.008647979893275709,0.31778021797245737,24.649298597194388,76.55310621242485,56.71342685370742,46.09218436873748,1.0320501526743333,0.5618728185609176
51865,0,-0.056415803246318195,0.10537719386419431,93.9879759519038,99.39879759519037,37.27454909819639,97.1943887775551,0.8858715564164648,0.531432343465764
51865,1,-0.052240781997216566,0.11387109295931756,55.91182364729459,90.38076152304609,94.58917835671342,100.0,0.914611792390154,0.4918427522677039
51943,0,-0.32345106503459387,0.19860075659747808,2.404809619238477,31.062124248496993,82.96593186372746,88.97795591182364,0.9229275886619404,0.518803628973164
51943,1,0.13998786659098658,0.25245425971478214,93.78757515030061,57.51503006012024,69.33867735470942,87.17434869739479,0.8505461787635249,0.4789787751072567
51956,0,0.16244245683285435,0.24427557057614183,29.859719438877757,78.3567134268537,39.078156312625254,86.57314629258516,1.0231054161160733,0.5414276899467216
51956,1,-0.30211078191431456,0.13333239844161382,70.34068136272545,99.19839679358718,25.0501002004008,65.7314629258517,0.9670230068476586,0.5271750845119103
51990,0,0.16836240961758095,0.09865599290375547,100.0,99.79959919839679,98.59719438877755,99.59919839679358,0.7965999811543922,0.3929813938923551
51990,1,-0.0833785171599377,0.10575210415801996,79.15831663326654,72.54509018036072,98.59719438877755,91.58316633266533,0.9706923540757564,0.6385268762515002
52228,0,0.29675640985051727,0.5372619072494924,97.1943887775551,99.79959919839679,98.19639278557113,99.39879759519037,0.3907712099114521,0.2709312560702627
52228,1,0.12349017612215178,0.43159637748956436,93.9879759519038,93.9879759519038,99.19839679358718,97.1943887775551,0.21183414715437976,0.2956123105841245
52277,0,-0.06227671264439681,0.5186835882782986,90.98196392785572,83.76753507014027,99.19839679358718,92.58517034068137,0.37891357999424136,0.38811048250370705
52277,1,-0.015383531171424287,0.5497363942645824,85.57114228456913,98.39679358717434,98.99799599198397,94.78957915831663,0.2765131545838768,0.30563588571946665
52729,0,-0.13990388828786865,0.3028073285463348,36.47294589178357,91.98396793587175,80.56112224448898,94.58917835671342,0.9778538787956568,0.5689113546095658
52729,1,-0.2679631894619696,0.35929992965184776,6.012024048096192,89.57915831663327,93.5871743486974,94.58917835671342,0.8467078214777048,0.5372603273561196
52733,0,0.07903416090618558,0.38239790100314125,97.59519038076152,84.5691382765531,24.849699398797593,61.923847695390776,0.9465704908028736,0.6143456895527253
52733,1,0.15580638286007717,0.3596804262974881,98.19639278557113,95.99198396793587,85.57114228456913,97.79559118236473,0.9534407601711516,0.6155160056784426
52803,0,-0.10196996981895703,0.15190967509127248,84.16833667334669,99.79959919839679,8.41683366733467,23.246492985971944,0.9864500624303166,0.5606200444799627
52803,1,-0.08566684784293943,0.17263952125464935,46.09218436873748,89.97995991983969,15.230460921843688,25.651302605210418,1.0015854891454927,0.5504382360299188
52927,0,0.1770475354657978,0.08699446463489821,49.69939879759519,63.92785571142284,98.59719438877755,97.1943887775551,0.7193655770857077,0.6639471172758458
52927,1,0.05884921864213042,0.07598063005643349,81.96392785571143,86.37274549098196,97.39478957915831,97.99599198396794,0.790204305068416,0.5695398337426628
53445,0,0.11272807609147405,0.09626732102371045,99.39879759519037,90.38076152304609,42.48496993987976,90.78156312625251,0.955829879987122,0.6397219137636683
53445,1,0.24162738789335783,0.09369839057289467,96.79358717434869,97.59519038076152,98.79759519038076,99.19839679358718,0.862307982363863,0.6074064297101621
53659,0,0.10697347553297898,0.5466269334141743,99.39879759519037,99.59919839679358,84.5691382765531,95.59118236472945,0.9423189787794425,0.5281532013181918
53659,1,0.632823461412791,0.5464168009690771,98.99799599198397,100.0,99.79959919839679,100.0,0.6161355941711937,0.3276781444282628
53729,0,-0.24611678687420396,0.30128201833331686,95.79158316633266,96.39278557114228,96.79358717434869,98.59719438877755,0.837747284314905,0.5317793483808884
53729,1,-0.342781949350903,0.34937664809797214,64.32865731462925,92.98597194388778,97.59519038076152,97.79559118236473,0.8417446232694481,0.5619712329645594
53974,0,0.21912661283838314,0.4808922105086791,83.56713426853707,87.97595190380761,97.79559118236473,98.99799599198397,0.6338868200717713,0.502516841715666
53974,1,0.36579669330237147,0.5210554476803694,76.55310621242485,86.77354709418837,96.19238476953907,61.72344689378757,0.8941120719433884,0.5187125480187724
54054,0,0.18395097728557122,0.18721592783588847,90.38076152304609,67.53507014028057,96.59318637274549,79.55911823647295,0.9147247843182515,0.5200859579701071
54054,1,0.2284845641501603,0.234927866171421,94.38877755511022,90.78156312625251,96.39278557114228,83.36673346693387,0.9140166677553023,0.5624444844057055
54099,0,-0.0037449009386483147,0.17490131762688452,94.18837675350701,97.99599198396794,99.79959919839679,100.0,0.5040566871822538,0.4766408712454956
54099,1,-0.01743521572441963,0.1979968800168741,98.39679358717434,99.79959919839679,99.59919839679358,99.59919839679358,0.44807075394253437,0.3359147421504407
54250,0,-0.05024883805226554,0.27206339193032425,40.28056112224449,79.95991983967936,94.98997995991984,96.39278557114228,0.85283643491002,0.5359520151444134
54250,1,0.0026355660098777833,0.2709958718985268,98.99799599198397,100.0,99.39879759519037,97.39478957915831,0.8164000681589026,0.5138901335477246
54336,0,0.10576420886152284,0.19159686306570575,53.90781563126252,99.79959919839679,99.19839679358718,99.39879759519037,0.6355535984124743,0.4203721965114581
54336,1,0.08631644575262862,0.14013189873910226,74.74949899799599,85.57114228456913,95.79158316633266,100.0,0.6967579155354929,0.38421140059517156
54681,0,0.01089718412973368,0.30995501387828767,95.79158316633266,65.93186372745491,92.58517034068137,98.39679358717434,0.8332753184027721,0.48801289874366227
54681,1,-0.014225816340219875,0.35631565838272267,81.1623246492986,75.35070140280561,89.77955911823648,94.98997995991984,0.9500118998331221,0.5326847625033706
55202,0,0.05280936129283986,0.14967424962471526,89.37875751503006,99.59919839679358,99.39879759519037,99.19839679358718,0.2984990670184504,0.3152289140018264
55202,1,-0.2489357186549553,0.2007517313253389,44.28857715430862,55.31062124248497,50.50100200400801,3.406813627254509,1.018994918871943,0.6176385600367083
55501,0,0.21891208888457758,0.6178221500998973,96.59318637274549,99.39879759519037,97.99599198396794,92.78557114228457,0.6705930321198948,0.3128622292276245
55501,1,0.24373006606006392,0.4635045426007174,59.919839679358724,93.9879759519038,62.32464929859719,84.5691382765531,0.8443476995691803,0.46029057077687363
55597,0,0.30911260226032605,0.5662543487628021,95.59118236472945,99.79959919839679,98.99799599198397,95.79158316633266,0.4745219151121147,0.2933825574927227
55597,1,0.24195285261914626,0.537457817004283,88.77755511022045,99.59919839679358,99.19839679358718,94.38877755511022,0.4775803734703091,0.3462632095880094
55741,0,0.4591557788068679,0.4337827359268031,95.59118236472945,92.18436873747495,84.5691382765531,73.94789579158316,0.9738088864656719,0.5035981350050269
55741,1,0.5164592091256461,0.46121782794234084,95.79158316633266,84.76953907815631,84.76953907815631,60.120240480961925,0.9558483553133574,0.4900907354590228
55808,0,-0.1241665310634733,0.41682368238015094,29.659318637274552,81.96392785571143,21.24248496993988,61.923847695390776,0.9377969814102775,0.5932141033983248
55808,1,0.005100409067215833,0.17252698047705253,18.43687374749499,45.29058116232465,35.87174348697395,16.63326653306613,1.0142368274687001,0.7853234465891755
55876,0,0.12787717160277257,0.24123329712236014,49.09819639278557,68.33667334669339,98.59719438877755,97.39478957915831,0.7598137756559742,0.47539039739726574
55876,1,0.04385071429240485,0.29195269843671023,97.1943887775551,92.78557114228457,53.707414829659314,41.28256513026052,0.9195330418661865,0.5699018898363155
55878,0,0.07975203563723052,0.3976792355286074,92.78557114228457,58.116232464929865,93.3867735470942,99.19839679358718,0.9454901899750888,0.6774066301761239
55878,1,0.19449179706278463,0.4300215436664525,88.77755511022045,63.52705410821643,66.93386773547094,95.59118236472945,1.0474022901520041,0.6117196550684687
56047,0,-0.11998950609506157,0.33531258532109026,72.34468937875751,77.15430861723446,96.79358717434869,98.99799599198397,0.8211394665780138,0.6024828410088995
56047,1,0.135644505610788,0.46727261167714423,91.98396793587175,99.59919839679358,98.79759519038076,99.79959919839679,0.7217222129187244,0.5255731750334163
56131,0,-0.041802560725597945,0.17471587776270553,81.3627254509018,86.97394789579158,98.59719438877755,98.59719438877755,0.7049284733560928,0.518224356480942
56131,1,-0.19987573725402252,0.1525530151375249,93.18637274549098,98.39679358717434,99.79959919839679,94.38877755511022,0.6205081336731124,0.3606456648506101
56162,0,-0.13603728555005382,0.25415364788569067,25.851703406813627,39.67935871743487,80.56112224448898,89.77955911823648,0.9491684793836406,0.6040772611786807
56162,1,0.10927734397461564,0.2355473586822945,95.19038076152304,83.36673346693387,84.5691382765531,99.19839679358718,0.9746904213968353,0.4149352455260886
56272,0,0.06459386846096313,0.13730856403973074,73.54709418837675,86.37274549098196,24.649298597194388,27.054108216432866,0.97975119857197,0.601819992582972
56272,1,0.18481851984212302,0.14182811821913122,87.97595190380761,64.92985971943888,32.66533066132264,36.07214428857716,0.9784975601076049,0.6652442713898894
56496,0,-0.0326537999580042,0.11647581231622271,96.79358717434869,99.59919839679358,38.677354709418836,98.59719438877755,0.8963984001711314,0.38963137077424803
56496,1,-0.047264620452091795,0.10015940979890138,89.17835671342685,67.93587174348697,84.16833667334669,88.77755511022045,0.9846703111642644,0.4644929451646366
56554,0,-0.07876792821611525,0.39628971415138925,98.19639278557113,91.58316633266533,98.59719438877755,100.0,0.6339687203333855,0.29139932177633887
56554,1,-0.0493301702178256,0.36722165345381796,76.15230460921843,98.59719438877755,98.59719438877755,99.39879759519037,0.6149325201042698,0.27260605525989245
56629,0,0.08637175371350513,0.46680452043345566,73.94789579158316,74.9498997995992,65.53106212424849,96.59318637274549,0.9693913808969468,0.4931299999780637
56629,1,0.5216392425752605,0.4790595851253832,97.79559118236473,98.19639278557113,35.27054108216433,69.53907815631263,0.8937438404625135,0.4542424981336357
56651,0,-0.07106726011712469,0.3778754559540587,38.476953907815634,100.0,99.39879759519037,45.09018036072144,0.904225283626834,0.42538333870490186
56651,1,-0.12448457284861976,0.31875735903180624,83.56713426853707,90.5811623246493,69.53907815631263,97.1943887775551,1.0041450445128062,0.6407066574030851
56698,0,-0.022938696312079856,0.10021835625443254,67.73547094188376,47.69539078156313,98.39679358717434,81.3627254509018,0.9448535885905106,0.6259484007007443
56698,1,-0.0707033882399623,0.09307382317930714,52.90581162324649,89.57915831663327,99.19839679358718,89.37875751503006,0.7517926144096123,0.5020726121835402
56873,0,0.09364891335485372,0.12190842816424127,92.18436873747495,68.93787575150301,95.39078156312625,64.32865731462925,0.950098753016329,0.48890485570777764
56873,1,-0.08599182509721537,0.11453333790138523,67.53507014028057,66.13226452905812,98.99799599198397,22.24448897795591,0.9505768378705423,0.5305911282287272
56963,0,0.023977240427292913,0.5083013221539153,90.38076152304609,92.58517034068137,91.18236472945893,44.88977955911824,0.9893293709053353,0.6856973578804147
56963,1,0.6252651745702014,0.7220020881961255,98.99799599198397,98.39679358717434,82.16432865731463,91.38276553106212,0.982799752696597,0.5080849445695358
57114,0,0.21510356059925786,0.3714504303635196,56.1122244488978,94.18837675350701,99.79959919839679,97.99599198396794,0.9689183362228937,0.5784665726772344
57114,1,-0.17744937219691406,0.48065145525617853,18.43687374749499,90.78156312625251,46.09218436873748,97.1943887775551,1.0067275699838518,0.5980687872674219
57244,0,-0.21729269283811015,0.2255122551291356,58.517034068136276,63.92785571142284,77.9559118236473,92.18436873747495,0.8902252796810337,0.583583032218455
57244,1,0.1794533660344483,0.2521734766878626,63.727454909819635,71.34268537074149,95.79158316633266,95.59118236472945,0.519803721355431,0.5322037692942079
57830,0,0.19801773677017956,0.20594162404805083,99.59919839679358,99.19839679358718,100.0,99.59919839679358,0.5824544858261496,0.37593807632472165
57830,1,0.31198983094233795,0.2788508334099989,99.59919839679358,95.39078156312625,99.59919839679358,100.0,0.7798047231094763,0.4284290338595298
57994,0,0.26043648856072726,0.411121298651943,81.1623246492986,84.16833667334669,97.39478957915831,96.9939879759519,0.7812094745015865,0.4463139753121258
57994,1,-0.14060860136271647,0.303423081985096,21.64328657314629,85.17034068136272,98.79759519038076,97.99599198396794,0.672231156374403,0.482766915194217
58004,0,-0.04788871782726404,0.6190690999865889,54.10821643286573,91.78356713426854,94.98997995991984,97.79559118236473,0.8386386716934809,0.41861804088185217
58004,1,-0.40058419121665373,0.6842877923311927,81.56312625250501,98.79759519038076,93.18637274549098,94.78957915831663,0.9735895820216528,0.46125297331396264
58157,0,0.13864540273858939,0.4167633959495283,92.78557114228457,87.97595190380761,97.59519038076152,96.79358717434869,0.7047574137447398,0.5108627923583127
58157,1,0.12867288824421894,0.35396288219300553,31.262525050100198,72.94589178356713,94.18837675350701,98.59719438877755,0.8397946025475929,0.6299843914364163
58169,0,-0.05673442415704062,0.3436939083844086,42.08416833667334,92.38476953907816,97.79559118236473,96.9939879759519,0.7661238365635866,0.4579845794314159
58169,1,0.06985238435554553,0.3470566353725668,57.11422845691383,76.55310621242485,99.19839679358718,98.19639278557113,0.7720112271954784,0.4329007192854689
58252,0,0.023520713137399816,0.5839003403637417,84.16833667334669,98.39679358717434,33.66733466933868,8.216432865731463,0.9911682766884258,0.6318842024514228
58252,1,-0.2647442160973986,0.5275214004964033,89.77955911823648,89.57915831663327,18.837675350701403,85.97194388777555,0.9603718340029777,0.6050567655673853
58341,0,-0.10178429258275735,0.23473641336876422,4.609218436873747,12.024048096192384,80.96192384769539,94.78957915831663,0.9441707519877813,0.6170722659463006
58341,1,-0.07694239079779906,0.31664245355234794,20.64128256513026,49.498997995991985,54.70941883767535,31.863727454909817,0.9244207995522747,0.6385121846809511
58458,0,0.04521081702047516,0.2374462613929981,73.54709418837675,85.77154308617234,98.79759519038076,13.226452905811623,0.8484030803481388,0.6117815483763984
58458,1,0.013610568758066538,0.2121317069124871,67.13426853707415,93.3867735470942,93.78757515030061,71.14228456913828,0.8605453463963798,0.626056654023208
58572,0,0.3760312084362857,0.2726949074841942,86.57314629258516,100.0,100.0,100.0,0.5628177099019771,0.4832299036851896
58572,1,0.08852571780912702,0.3506376254789517,91.38276553106212,89.37875751503006,98.39679358717434,89.97995991983969,0.9832896632467536,0.6779749917939821
58835,0,-0.1344969835176483,0.19366859851719062,14.629258517034069,63.92785571142284,99.79959919839679,98.79759519038076,0.5403157234644962,0.4297451829475524
58835,1,-0.08501535340835699,0.1537260816497315,45.29058116232465,89.77955911823648,88.77755511022045,98.19639278557113,0.9974412283024116,0.37604911238023464
58977,0,-0.03457393574287252,0.4065073416754328,93.5871743486974,98.39679358717434,98.39679358717434,100.0,0.8263555089101827,0.40562267762167015
58977,1,-0.0995117678156161,0.27299973588671744,70.54108216432866,18.837675350701403,97.1943887775551,100.0,0.9146872430261821,0.48183339183643126
58988,0,0.16802305194846098,0.4400353670569997,75.75150300601202,87.5751503006012,97.1943887775551,99.19839679358718,0.674010706908861,0.28929452549910906
58988,1,0.364250283014953,0.48495599839095166,88.57715430861724,97.99599198396794,89.37875751503006,98.99799599198397,0.793538471049055,0.31882135902017716
59101,0,-0.10715190529410525,0.12001239995141424,95.99198396793587,93.9879759519038,95.19038076152304,83.76753507014027,0.9138449105735287,0.6123240848380305
59101,1,0.178474554341911,0.12377109832550814,61.923847695390776,98.79759519038076,34.06813627254509,94.38877755511022,1.032128423567708,0.5701024460101347
59177,0,0.2763714239292581,0.26935171995329527,95.19038076152304,38.677354709418836,97.79559118236473,95.59118236472945,0.856744175939786,0.46418375608480544
59177,1,-0.07039669346179767,0.23401549524082638,37.27454909819639,77.35470941883767,96.79358717434869,96.59318637274549,0.7445785415726173,0.48557946660879503
59183,0,-0.11947099035933069,0.38925206190257866,55.51102204408818,79.35871743486975,79.15831663326654,96.59318637274549,0.8772634046395003,0.5228125212718249
59183,1,-0.06852804592669091,0.3920112017640144,38.677354709418836,88.37675350701403,90.98196392785572,34.46893787575151,1.0223334156928565,0.5787893318273533
59219,0,0.5002300709933731,0.9156621231775159,98.79759519038076,100.0,86.37274549098196,98.59719438877755,0.8038445789287532,0.2938803127598807
59219,1,0.770557117503763,0.9606142449082145,100.0,99.79959919839679,91.98396793587175,99.79959919839679,0.6317705678958614,0.2433842807241221
59293,0,0.026197296323866862,0.5925969250987667,68.13627254509018,88.77755511022045,47.69539078156313,89.57915831663327,0.9352385120586783,0.3257476614447924
59293,1,0.13020910492117013,0.6761234119863058,95.99198396793587,93.5871743486974,96.39278557114228,97.99599198396794,0.6180869677047311,0.2903326538985045
59464,0,0.059283266993864735,0.15244575028138274,90.78156312625251,60.320641282565134,97.79559118236473,98.99799599198397,0.9231438182428703,0.4869158741068633
59464,1,0.08064033791174766,0.1418982363312331,51.503006012024045,87.5751503006012,94.98997995991984,40.88176352705411,0.9263680691816184,0.47307723983339633
59470,0,-0.08915440822841453,0.3897838988486897,22.84569138276553,78.75751503006012,98.59719438877755,95.19038076152304,0.9440060268870879,0.5534272791926504
59470,1,-0.23436405636324345,0.22621052171758144,23.246492985971944,31.863727454909817,98.79759519038076,96.9939879759519,0.8812175871813205,0.5217485575839691
59508,0,0.12920773620576703,0.5920168913005694,38.07615230460922,84.96993987975952,99.59919839679358,99.19839679358718,0.4654410256042114,0.3423532312368165
59508,1,0.16843719006610133,0.611041112724902,42.48496993987976,83.16633266533067,99.39879759519037,99.79959919839679,0.46374428474946594,0.3296549288167978
59838,0,-0.09189139679936688,0.15439374653632632,4.408817635270541,37.27454909819639,17.43486973947896,18.837675350701403,0.9991183368116165,0.49994521509761825
59838,1,-0.15100834492970802,0.12631933820474978,65.93186372745491,76.35270541082164,17.034068136272545,68.33667334669339,0.9879650784826016,0.6402238744395089
59905,0,0.131803715352596,0.2810021748065663,75.75150300601202,81.1623246492986,79.95991983967936,95.59118236472945,0.8432319069406656,0.41388655087956205
59905,1,0.01919403094220052,0.26187681414682934,86.77354709418837,92.38476953907816,64.72945891783567,44.28857715430862,0.9276033786523247,0.4627347085813198
60063,0,0.006536570377889866,0.2707896885741549,89.17835671342685,78.95791583166333,83.16633266533067,42.08416833667334,0.9771089122199942,0.6379024996541244
60063,1,0.11392905300245618,0.37678739769257164,98.79759519038076,99.39879759519037,97.79559118236473,90.78156312625251,0.7994755580824701,0.5871501830508639
60496,0,-0.27002570184439895,0.34698740595202515,26.452905811623246,5.210420841683367,56.91382765531062,98.39679358717434,0.9415526888154704,0.5439075369638111
60496,1,-0.049858204513066474,0.2606744198975541,95.59118236472945,98.39679358717434,100.0,60.72144288577155,0.6744279517478886,0.46666774741184625
60707,0,0.32184440839081935,0.24617278178918164,100.0,99.39879759519037,90.98196392785572,92.78557114228457,0.8402688388879626,0.45460097867898686
60707,1,-0.22251028755622246,0.14982929983047497,95.99198396793587,87.374749498998,82.96593186372746,75.35070140280561,0.946684926505003,0.5297045077828184
60784,0,0.2856275086315533,0.4053486017293271,95.39078156312625,99.39879759519037,27.655310621242485,14.829659318637276,0.8050500439100368,0.41034281523150606
60784,1,-0.12575599508755586,0.25522900642351126,22.24448897795591,96.59318637274549,98.99799599198397,99.79959919839679,0.5014674020730987,0.3019562818459438
60932,0,0.2262110999708533,0.5180284084418787,93.5871743486974,99.79959919839679,93.78757515030061,95.99198396793587,0.6576345356475422,0.4898350768338061
60932,1,0.02078899757326412,0.49074652023525944,92.98597194388778,98.39679358717434,95.79158316633266,92.58517034068137,0.7833416775858723,0.5645939066751606
61327,0,-0.03701024915450596,0.2855393379797435,6.4128256513026045,77.9559118236473,97.59519038076152,96.9939879759519,0.7641002870567036,0.511924189510768
61327,1,0.02488979638616563,0.2139331158924331,56.71342685370742,98.19639278557113,97.39478957915831,98.59719438877755,0.7525298641364703,0.5488300713984562
61653,0,-0.09209839537048671,0.16400145114233142,93.18637274549098,99.79959919839679,99.39879759519037,99.59919839679358,0.3891405689266113,0.3546918726173218
61653,1,-0.06689978298880513,0.1345577326023376,74.9498997995992,94.18837675350701,96.39278557114228,96.79358717434869,0.8518177741200158,0.48265396074876843
61683,0,-0.23389510234123398,0.462213923114638,90.5811623246493,40.480961923847694,53.50701402805611,71.5430861723447,0.9847877989725579,0.7197985663685321
61683,1,0.46149421118986167,0.6278500840735636,86.77354709418837,92.98597194388778,99.19839679358718,99.59919839679358,0.656717799173733,0.4288068039604571
61701,0,0.1133059123628337,0.1878589302010264,26.252505010020037,21.24248496993988,75.55110220440882,55.91182364729459,0.9624774028584612,0.6887539197024826
61701,1,0.06436797566378415,0.1421804907318459,91.78356713426854,99.79959919839679,100.0,100.0,0.776538613046647,0.36451518789034654
61868,0,0.04107019825740101,0.21623954659719682,68.7374749498998,86.77354709418837,99.59919839679358,98.19639278557113,0.4447434875639218,0.38153803853127255
61868,1,-0.13035729930338694,0.21843335464957933,60.320641282565134,74.34869739478958,82.36472945891784,67.13426853707415,1.0186481374016139,0.7085726672363195
61878,0,-0.27549162230607704,0.5057743696568847,58.116232464929865,97.1943887775551,99.59919839679358,97.39478957915831,0.8016573140857227,0.33181817668377256
61878,1,-0.11178685568336817,0.5280495686668896,95.19038076152304,99.79959919839679,99.59919839679358,91.18236472945893,0.8567210123050152,0.38701538127033686
62117,0,0.3206433740005488,0.455571705778789,85.97194388777555,71.9438877755511,80.56112224448898,65.33066132264528,0.8770967007820942,0.5564526669413397
62117,1,0.020309325865100668,0.47776445873416024,95.19038076152304,99.79959919839679,60.72144288577155,65.53106212424849,0.870514180138903,0.49472312959004006
62587,0,0.03101509737242709,0.2476394036624689,100.0,99.19839679358718,99.59919839679358,100.0,0.40676848145296407,0.2885065387489337
62587,1,0.10764181703384668,0.24828096101949315,97.39478957915831,97.1943887775551,97.59519038076152,99.79959919839679,0.5936824844631097,0.2997246622245411
62627,0,0.2806962488739404,0.2947153447793432,70.14028056112225,83.36673346693387,21.24248496993988,59.519038076152306,0.9913625334744933,0.7116904344989357
62627,1,-0.028051364908064612,0.11531412262159482,83.56713426853707,94.78957915831663,24.849699398797593,91.98396793587175,0.9887210331226584,0.7279355298657564
63062,0,-0.0063564683473262395,0.5121454753520691,85.77154308617234,100.0,100.0,87.374749498998,0.833799751235473,0.40710766226677153
63062,1,0.030993332017565243,0.41173605095079197,29.458917835671343,89.97995991983969,99.39879759519037,100.0,0.6393435202494742,0.343258938800016
63247,0,-0.0657576984963297,0.3514671938362355,90.98196392785572,89.17835671342685,99.59919839679358,100.0,0.4813611678423486,0.4446040801042367
63247,1,0.7772746107657391,0.5362498975047414,97.99599198396794,100.0,100.0,24.04809619238477,0.6001615042340849,0.23562342397557645
63837,0,0.08663904097792573,0.3677596706014047,22.44488977955912,82.36472945891784,9.418837675350701,75.55110220440882,0.9749947074990692,0.6531435960312826
63837,1,-0.09281845940265032,0.330139428440277,4.408817635270541,42.48496993987976,86.57314629258516,88.77755511022045,0.9279967034224526,0.6191213091809529
63869,0,0.10553976943138055,0.19780594837117568,90.98196392785572,90.5811623246493,96.9939879759519,98.39679358717434,0.8626121520382433,0.8110796914375905
63869,1,0.0941678843234296,0.2018938394254373,98.59719438877755,96.79358717434869,98.59719438877755,99.59919839679358,0.7988014748493016,0.7716993407995966
64050,0,0.4107607071871337,0.4638347014428201,76.35270541082164,98.59719438877755,63.126252505010015,75.55110220440882,0.937633111414902,0.4535641181085981
64050,1,0.0747194981948891,0.49471850327394407,94.18837675350701,96.39278557114228,37.675350701402806,92.98597194388778,0.9531917595849716,0.4905342817173427
64148,0,0.14209648849105821,0.2716003843883887,35.87174348697395,55.31062124248497,96.39278557114228,97.1943887775551,0.5888236600384136,0.5494521963314802
64148,1,-0.1418757788631132,0.2596129270410065,46.49298597194389,97.79559118236473,93.78757515030061,90.18036072144288,0.7846475203567462,0.5348040442796669
64195,0,-0.009758477963552838,0.16449797867337307,67.13426853707415,67.53507014028057,94.58917835671342,54.70941883767535,0.9642167369518051,0.595858291850646
64195,1,-0.22193736714616988,0.214156498010418,81.1623246492986,95.59118236472945,92.58517034068137,89.57915831663327,0.9479255334127631,0.5168013731977747
64262,0,0.2172500795607937,0.25570077966894106,72.14428857715431,95.19038076152304,45.09018036072144,65.7314629258517,1.0351176616538909,0.6535751964760805
64262,1,0.11098149584711975,0.21280883722521912,84.16833667334669,90.98196392785572,62.32464929859719,41.883767535070135,0.9953484883524721,0.599464924187183
64417,0,-0.19776868083173987,0.4073914642871006,9.418837675350701,64.32865731462925,100.0,99.19839679358718,0.6912167393286284,0.33512925237857094
64417,1,-0.26682937580801586,0.45697828450342465,7.8156312625250495,52.104208416833664,77.35470941883767,96.39278557114228,0.9725730264288327,0.48598079384737336
64547,0,-0.12395521085781254,0.16527762425104053,88.37675350701403,92.78557114228457,89.97995991983969,40.88176352705411,1.0169972654839639,0.6134764037551528
64547,1,0.08491324610272598,0.18067123454128053,38.276553106212425,49.298597194388776,96.39278557114228,72.14428857715431,0.962593857391394,0.5941401897338705
64783,0,0.2990063284362643,0.431888462328629,90.38076152304609,71.9438877755511,22.24448897795591,68.93787575150301,0.916823314775295,0.6405981690773068
64783,1,0.4175221502579195,0.3623436978900644,31.863727454909817,36.67334669338677,97.39478957915831,94.18837675350701,0.9442901386833172,0.6486048564927942
64851,0,0.10379194387830838,0.23303782740857582,29.659318637274552,99.19839679358718,93.78757515030061,95.39078156312625,1.011845297238212,0.6151921855746167
64851,1,-0.19978077256914978,0.26231841623007063,67.73547094188376,99.19839679358718,100.0,93.18637274549098,0.7889090169481698,0.4439988913613284
64925,0,0.03516814893593311,0.10246460174188637,43.687374749499,98.59719438877755,85.17034068136272,87.5751503006012,0.9429648836840905,0.6564665604761053
64925,1,-0.37514863042313973,0.08015366282342004,2.404809619238477,79.55911823647295,30.861723446893784,19.438877755511022,1.015784650045017,0.6036107930334298
65218,0,0.2853795906314212,0.16633407283814652,0.0,5.61122244488978,81.96392785571143,78.15631262525051,0.9953787900622265,0.6860126708795654
65218,1,-0.2536416484721566,0.15567733951684942,61.12224448897795,83.56713426853707,48.49699398797595,55.91182364729459,0.9703038441031321,0.5060937627094011
65340,0,0.003936094017019572,0.1827134207430504,28.256513026052104,70.54108216432866,89.97995991983969,91.58316633266533,0.8241655742043537,0.5034323565189484
65340,1,0.03125514424953774,0.3759311255636947,87.374749498998,96.79358717434869,95.99198396793587,87.5751503006012,0.7685620388647354,0.4097313841891098
65348,0,-0.05583935581060574,0.17546526319363087,83.96793587174348,55.31062124248497,98.59719438877755,97.1943887775551,0.7268641337755022,0.4838714102615005
65348,1,-0.08525303136269244,0.15063578371155842,77.75551102204409,51.10220440881763,97.79559118236473,96.39278557114228,0.6971823199952989,0.461828913655251
65417,0,-0.14666088831090154,0.1914636203476636,55.11022044088176,93.78757515030061,67.33466933867736,59.919839679358724,0.9657693573883015,0.55326906452083
65417,1,-0.20854112807417405,0.15875853705817156,79.15831663326654,86.77354709418837,53.707414829659314,82.16432865731463,1.019328351196751,0.5995473405462892
65553,0,0.7276390343333832,0.5941309729709079,100.0,99.59919839679358,39.67935871743487,51.903807615230455,0.9064972520462986,0.43327568570133923
65553,1,-0.20938062337113353,0.4482671228612753,94.78957915831663,93.18637274549098,36.87374749498998,21.24248496993988,0.9782789999123217,0.42514328525112555
65609,0,0.062764989586963,0.24977913235796365,72.54509018036072,85.77154308617234,85.17034068136272,82.36472945891784,0.8765116333425526,0.5471762385883232
65609,1,-0.0724976420319447,0.2454254077046887,73.14629258517033,29.058116232464933,96.79358717434869,99.39879759519037,0.6475543865610989,0.3867093525584754
65690,0,-0.10712951553626371,0.4205596901271912,58.91783567134269,52.30460921843687,99.39879759519037,87.5751503006012,0.8926925332137261,0.4613960807215616
65690,1,0.039968883645925046,0.43060477100758854,60.92184368737475,72.74549098196393,99.59919839679358,79.15831663326654,0.7984666013568127,0.4431434107509499
65878,0,0.007049587924534765,0.10945169289125811,50.1002004008016,27.054108216432866,46.09218436873748,75.75150300601202,0.9663603218057027,0.6603345323369356
65878,1,0.057590722165390934,0.1224589428617939,29.058116232464933,35.07014028056113,34.2685370741483,37.27454909819639,1.0418031208973282,0.6266608547479836
66058,0,0.05003992718420366,0.32091326648043383,95.19038076152304,90.38076152304609,91.58316633266533,97.39478957915831,1.0030854618428304,0.5633089918719447
66058,1,0.14093263122568322,0.24937536333941254,100.0,98.59719438877755,96.9939879759519,94.98997995991984,0.8244820644385891,0.4626254630442497
66209,0,-0.201809551305613,0.32121823269907623,13.827655310621243,31.262525050100198,77.75551102204409,19.438877755511022,0.9411438505340649,0.6017009980614088
66209,1,-0.11109772734163845,0.354648261478067,47.69539078156313,63.92785571142284,0.6012024048096193,37.4749498997996,1.0277936955864009,0.5875437700524555
66269,0,0.03710227939380314,0.2378137855990561,16.83366733466934,47.49498997995992,29.058116232464933,67.33466933867736,0.9520997847349162,0.5623255694518383
66269,1,-0.027022427553606006,0.19826640693298708,73.34669338677354,81.56312625250501,82.76553106212425,93.78757515030061,0.9093160561435514,0.5908585979515512
66437,0,0.07148476516485272,0.29350193932351926,56.51302605210421,52.90581162324649,91.18236472945893,77.35470941883767,0.9362139251627803,0.5646656342212145
66437,1,0.29169672328810403,0.28494099121198774,50.901803607214426,94.98997995991984,98.99799599198397,91.18236472945893,0.7858511749490722,0.5428953347121628
66512,0,-0.11019457616361708,0.33585012574659684,45.69138276553106,88.97795591182364,91.18236472945893,87.374749498998,0.8906563258611723,0.5269205241240034
66512,1,0.03737482017124887,0.36700037322329404,42.28456913827655,94.78957915831663,9.418837675350701,29.659318637274552,0.9929591906371282,0.5934837069651393
66559,0,0.07123352335728154,0.42319928071953533,68.13627254509018,35.47094188376754,46.292585170340686,96.79358717434869,0.9742488754531776,0.7540189097715864
66559,1,0.12629453354254178,0.3678057960238761,50.901803607214426,51.10220440881763,85.97194388777555,97.99599198396794,0.8998817256214194,0.6411512117432541
66875,0,-0.11483956159254038,0.23401839960350887,93.3867735470942,96.39278557114228,99.19839679358718,97.39478957915831,0.47282335265902364,0.3734838531731318
66875,1,0.05231264448060519,0.23849830620515894,95.59118236472945,92.78557114228457,100.0,99.59919839679358,0.45914124686784963,0.37208835641145477
67261,0,-0.015385346205024512,0.28277956337230525,72.34468937875751,73.74749498997996,40.480961923847694,3.6072144288577155,1.0646378289913192,0.5998820056174669
67261,1,0.1995974842427245,0.2395488048639675,66.73346693386773,63.126252505010015,89.77955911823648,33.66733466933868,0.9904063814074606,0.6144007919960782
67281,0,0.09911402515093537,0.357040640173069,56.312625250501,95.79158316633266,96.59318637274549,97.79559118236473,0.7898224236636797,0.31219964341992845
67281,1,0.13497319135778477,0.29786407762512335,93.78757515030061,96.79358717434869,99.79959919839679,100.0,0.6163246598657681,0.2924635374022879
67361,0,-0.07814102441642339,0.19573577081566823,83.96793587174348,94.38877755511022,98.39679358717434,93.5871743486974,0.8516749538892431,0.5513753208406647
67361,1,0.04848364820174834,0.22799143704370556,90.98196392785572,99.79959919839679,98.59719438877755,98.79759519038076,0.7392689764897136,0.5365350003127874
67444,0,0.0356118278477726,0.09549971517700384,98.99799599198397,97.99599198396794,97.59519038076152,99.39879759519037,0.719988296976715,0.3795237615585747
67444,1,0.025439140943982284,0.08680422918906879,66.13226452905812,91.18236472945893,85.17034068136272,95.79158316633266,0.9074034093484076,0.44879514495340955
67673,0,0.17913333124615732,0.25572850021689447,98.59719438877755,97.79559118236473,25.0501002004008,72.54509018036072,0.9386742282936427,0.5323855983316463
67673,1,-0.10577625087979377,0.228368365498211,75.1503006012024,71.5430861723447,98.19639278557113,98.59719438877755,0.8096133103424972,0.482558764664628
67708,0,0.15797340234728316,0.26711117013169533,52.104208416833664,97.39478957915831,97.39478957915831,100.0,0.8971683384156918,0.4585166063957714
67708,1,0.20565160270324737,0.27883083829406624,79.75951903807615,95.79158316633266,100.0,100.0,0.6569507939636434,0.4961003511723865
67899,0,0.04201528782564949,0.3274155219297214,78.75751503006012,98.59719438877755,97.79559118236473,99.19839679358718,0.7200603772509808,0.32661308115532817
67899,1,0.1461593759941901,0.3488729760676196,55.91182364729459,98.39679358717434,50.300601202404806,53.3066132264529,0.9550470594646623,0.43206478848245944
68121,0,0.18643219871667946,0.3322298396157156,46.49298597194389,65.33066132264528,58.717434869739485,97.59519038076152,0.8201691851004401,0.34442759369531417
68121,1,-0.05613950283479871,0.4083724851372123,7.414829659318638,26.65330661322645,92.38476953907816,97.99599198396794,0.9299142230356214,0.43626382095909666
68127,0,0.165093588120345,0.32867997012915073,93.78757515030061,99.59919839679358,96.59318637274549,96.9939879759519,0.8663951419734223,0.4612491961647418
68127,1,0.16554652320635407,0.31147309103123455,47.29458917835671,52.104208416833664,96.39278557114228,98.19639278557113,0.7884236950802341,0.4836955338304244
68173,0,0.16708114211503086,0.29309273583786644,81.96392785571143,77.35470941883767,92.78557114228457,85.17034068136272,0.9016744083349127,0.5589794749121026
68173,1,-0.05106899227540492,0.2607389984261665,93.78757515030061,16.03206412825651,92.58517034068137,99.39879759519037,0.9104965795962104,0.6760253282857949
68193,0,-0.06711429042801972,0.325498929725525,29.058116232464933,7.615230460921844,65.53106212424849,88.37675350701403,0.9845599823363863,0.6615791331973383
68193,1,0.0694215618458732,0.3007684596231427,86.17234468937876,61.923847695390776,72.74549098196393,92.38476953907816,0.9305512381282217,0.5508387541947373
68287,0,-0.05315052892805566,0.17421380953186713,21.04208416833667,48.49699398797595,25.250501002004004,82.16432865731463,0.9907386373037377,0.7333495122420883
68287,1,-0.19051153009055932,0.17997134228296785,99.39879759519037,81.96392785571143,81.3627254509018,82.36472945891784,0.9851738135627925,0.7278543440262847
68394,0,0.1520201602507325,0.434034886266405,3.2064128256513023,23.847695390781563,97.1943887775551,98.19639278557113,0.6701195954776675,0.5783510653310554
68394,1,0.13441233805143613,0.439801429232449,16.23246492985972,93.3867735470942,96.9939879759519,97.1943887775551,0.5959172433110578,0.4097681780638359
68473,0,0.023661131014626836,0.17717281885906325,72.34468937875751,99.59919839679358,26.252505010020037,96.9939879759519,0.9539616296520699,0.6271016111220784
68473,1,-0.03760126113712367,0.15164911276115184,87.17434869739479,92.38476953907816,52.90581162324649,98.59719438877755,0.8433431074407408,0.48986011941723606
68532,0,0.1694559611628262,0.3532331155969462,88.37675350701403,96.79358717434869,15.831663326653306,92.58517034068137,0.9893826412538914,0.5303227962819835
68532,1,-0.025624827074634874,0.3024859515285,28.45691382765531,81.76352705410822,25.0501002004008,22.84569138276553,0.9805518161874053,0.5635025769166334
68553,0,-0.04185012872353904,0.405179556648475,18.637274549098194,71.7434869739479,91.18236472945893,95.59118236472945,0.840343964457207,0.5246357163067584
68553,1,0.2342774864532483,0.32108941715662276,98.99799599198397,98.39679358717434,98.99799599198397,99.79959919839679,0.7747748149153444,0.39983996923538645
68819,0,0.15764513547140543,0.22618902956915177,85.37074148296593,97.1943887775551,99.39879759519037,96.39278557114228,0.8138957036016098,0.6235737733333159
68819,1,0.11791644817944004,0.24007809182037002,80.36072144288578,32.06412825651302,77.15430861723446,94.18837675350701,0.8757193442780151,0.8169699657273177
69085,0,-0.06283481545753584,0.4433774925872663,83.76753507014027,55.31062124248497,91.58316633266533,97.99599198396794,0.8550736852036598,0.5996984943142817
69085,1,0.08019920138529464,0.37769893104303187,57.91583166332666,83.16633266533067,75.75150300601202,79.75951903807615,0.9535936495227652,0.5986554100067221
69087,0,-0.054410537944581526,0.19861444031415865,92.18436873747495,97.39478957915831,99.59919839679358,99.39879759519037,0.7878168999132777,0.31960890153165455
69087,1,-0.04194856947502629,0.2175870177958342,97.99599198396794,100.0,97.99599198396794,100.0,0.710156405405906,0.3977475105893443
69137,0,0.20088808510369946,0.31206171598171933,100.0,100.0,99.79959919839679,93.5871743486974,0.722685472922282,0.3348400703403547
69137,1,0.09036121801711013,0.33607958632837454,5.210420841683367,90.98196392785572,93.78757515030061,96.19238476953907,0.8920846667544231,0.5218044924970813
69462,0,-0.030663946970236704,0.2290663919420997,82.36472945891784,56.1122244488978,99.59919839679358,96.39278557114228,0.8688415183761008,0.5732370367993953
69462,1,-0.003029958628966464,0.2526383841700879,54.90981963927856,89.57915831663327,99.59919839679358,57.11422845691383,0.7503783585196522,0.5727600610896675
69641,0,-0.022572264675629488,0.051923149076840966,46.893787575150306,85.37074148296593,61.32264529058116,94.18837675350701,0.8930038030309808,0.7152610907759409
69641,1,-0.06636095247123651,0.034845929842426376,63.126252505010015,87.374749498998,83.36673346693387,98.39679358717434,0.8790544246319991,0.5881505602548245
70279,0,0.06318005860973967,0.4883650312685886,77.55511022044088,81.76352705410822,97.59519038076152,97.59519038076152,0.8617496717867792,0.5262072055186096
70279,1,0.3973733176410612,0.5243076461756989,100.0,94.98997995991984,95.19038076152304,98.99799599198397,0.8675103751119024,0.5479382323108326
70372,0,0.06526984307066062,0.3683500491485032,68.5370741482966,61.523046092184366,82.16432865731463,22.24448897795591,0.9566786835288833,0.6011819911373202
70372,1,-0.4099467595041096,0.5740817355388049,56.71342685370742,48.49699398797595,90.38076152304609,52.705410821643284,0.9711812898600838,0.484296688908616
70496,0,0.08835427396947328,0.4272568176082135,91.78356713426854,73.34669338677354,90.98196392785572,63.52705410821643,0.9494876436200447,0.6908078517857882
70496,1,-0.17762739876461317,0.3065812303838052,32.46492985971944,55.11022044088176,99.59919839679358,63.126252505010015,0.8861161352675958,0.6910405378217097
70765,0,-0.008035477480836137,0.312157066593413,84.96993987975952,73.94789579158316,55.91182364729459,96.9939879759519,1.0029770059749727,0.6746185910383884
70765,1,-0.09612936030472911,0.33203155179367444,4.408817635270541,50.901803607214426,25.250501002004004,93.9879759519038,1.0187126703938152,0.6971622692615433
71264,0,-0.18865451483520115,0.2950983130033253,82.36472945891784,95.19038076152304,99.59919839679358,99.79959919839679,0.6582892861332444,0.34295669811875185
71264,1,-0.07142408339393976,0.3020865551146842,93.9879759519038,99.79959919839679,98.79759519038076,94.58917835671342,0.6952019730132015,0.31625451143498684
71624,0,-0.048108706123470346,0.2423232855290339,71.14228456913828,82.96593186372746,42.68537074148296,43.28657314629258,0.9769839381749029,0.5675950295763219
71624,1,0.02100399818336469,0.2565131794936113,41.08216432865731,83.16633266533067,96.59318637274549,21.64328657314629,0.9031988092934504,0.5352691978317387
71735,0,0.14636473561299157,0.5597122002466783,90.38076152304609,99.19839679358718,96.59318637274549,99.79959919839679,0.5131018577658399,0.3386609396177438
71735,1,-0.017638320063855465,0.4891908235447567,84.76953907815631,90.78156312625251,95.19038076152304,95.99198396793587,0.6031153592607444,0.261109417279599
72089,0,0.03229005712332279,0.10925361532453744,83.56713426853707,25.0501002004008,29.458917835671343,96.9939879759519,0.974366766627609,0.6973862943884821
72089,1,-0.03363702027078238,0.19608113487902604,55.31062124248497,8.216432865731463,23.647294589178355,84.3687374749499,1.013152697061079,0.7490389383442386
72151,0,-0.21852773326011526,0.43680830451346836,98.39679358717434,96.9939879759519,96.59318637274549,93.78757515030061,0.4041031019902701,0.37888738289457746
72151,1,0.11376516781969476,0.47612991286134915,95.59118236472945,95.99198396793587,96.19238476953907,99.19839679358718,0.4044566228449309,0.27133998509186386
72389,0,-0.21719726008622964,0.23332853094490016,41.68336673346693,95.99198396793587,97.79559118236473,61.32264529058116,0.9453659028626801,0.5189838069077335
72389,1,0.0493172269599708,0.2267597213846882,89.17835671342685,98.99799599198397,92.38476953907816,84.76953907815631,0.9230148947491332,0.4389009094238039
72527,0,0.02197325190738418,0.2760401460368408,65.93186372745491,90.5811623246493,99.59919839679358,99.19839679358718,0.447199863417279,0.34342586392592045
72527,1,-0.10148514268157785,0.22508723207633935,15.230460921843688,84.5691382765531,95.19038076152304,95.79158316633266,0.8246066876083273,0.48983175634212484
