image_id,common_scores,residual_scores,common_std,residual_std,same_as_C,same_as_Mean
95,"[0.5506645402401378, 0.5357593491736804, 0.5321918657601893, 0.5425347794149867, 0.5639079717105236, 0.5520021835018349, 0.5401909500525628, 0.5418811054603938]","[0.1674680057376191, 0.16636867815283196, 0.17165170036776004, 0.16994217970417758, 0.17527735688083904, 0.1659619447559886, 0.17260360704692, 0.1762790763525573]",0.009532212985930376,0.003688445740476236,False,False
204,"[0.5571378783959534, 0.5148062576130863, 0.5197115874320022, 0.5605202410815593, 0.5615371558642952, 0.5063573738084335, 0.5389200440197268, 0.548727763041593]","[0.07564670637295028, 0.03553224272906642, 0.03357940156981864, 0.05975049042361448, 0.054901647031645365, 0.07271943677708542, 0.04672915251246226, 0.05725731102886804]",0.020661836882470086,0.014458105136009154,True,False
318,"[0.4774682078100301, 0.5385927197536906, 0.5013619693220372, 0.5368281236305033, 0.5236493737482695, 0.5141340008957918, 0.47715475304804855, 0.5356957857546065]","[0.05494350198726025, 0.050876374971040375, 0.0374823262622285, 0.061500139861585486, 0.05355022131631919, 0.04585269003112439, 0.0850983702781283, 0.07809050167957649]",0.023809915070318974,0.014988252549309695,False,False
356,"[0.44071332080283077, 0.562985317739672, 0.552122697501082, 0.5189365745940374, 0.5491036172143753, 0.4609855554673107, 0.480004840161723, 0.5366273514723781]","[0.07950735393441005, 0.05430083970001932, 0.061369623273647755, 0.0389979263076866, 0.05226454846701151, 0.05168026923793298, 0.04543168578729828, 0.05325940006887436]",0.04322157451157376,0.011233613721631844,False,False
425,"[0.4906462622189358, 0.5237479064083692, 0.5414908288173115, 0.5105682252300707, 0.511024193341483, 0.44286837311758825, 0.5021399250761643, 0.5147694207269695]","[0.0939018972900885, 0.1305936849843958, 0.12371400954923346, 0.12595904038740802, 0.12225786808346525, 0.12536774092227926, 0.12184514138271058, 0.12392423709824223]",0.027201583804592394,0.010536869242249164,False,False
458,"[0.48811255572837986, 0.5403347305376618, 0.5143569588962189, 0.5622285074134641, 0.505926930661613, 0.555095784522111, 0.5441684275229397, 0.4819406019305552]","[0.02316615179263278, 0.046098381919255964, 0.05623811288471453, 0.05861698536831872, 0.053502838886986426, 0.05931730455550635, 0.05433427565537394, 0.055919538478154944]",0.028675943318242178,0.011151709408500986,False,False
637,"[0.35555920185971657, 0.42413236749924793, 0.5430602647898003, 0.42496860527844404, 0.4869597166553504, 0.48824566470971426, 0.37952589431150957, 0.47996411329874833]","[0.04620155909487774, 0.0550156325611461, 0.062291331396592056, 0.04509301528262344, 0.05077865084982536, 0.06163040267332918, 0.07407540389473305, 0.03753008570970377]",0.058661668879026185,0.010913067580648316,False,False
709,"[0.46351534727756005, 0.4549062492675567, 0.4598414932417385, 0.41670553674131294, 0.44171960862983095, 0.45203992905945156, 0.4647368832685922, 0.418651344242923]","[0.10687778743536219, 0.11839142637505093, 0.1358966960932294, 0.13183183590208025, 0.13091974545526758, 0.13344624550190592, 0.11495225591757745, 0.12452301232751783]",0.017984595330454798,0.009642470784809187,True,False
868,"[0.446663422468197, 0.4670093055326443, 0.5105468758238114, 0.46061900801047595, 0.44522226284813143, 0.4836726663934614, 0.532084689818465, 0.4157811754263732]","[0.06704389246710911, 0.020816545476548, 0.03847846256931066, 0.0366790012451356, 0.04645008265306087, 0.013014256007536529, 0.03896755903590516, 0.048814962621624484]",0.03514317181931656,0.015610404160177654,False,False
1015,"[0.44095202498118446, 0.40135410371667624, 0.46621469917682845, 0.43246560453923094, 0.5003580561871486, 0.44903351153970406, 0.4635767011152634, 0.38325569462384634]","[0.15356111719561438, 0.15855643686487303, 0.12214437788408705, 0.14079680741741474, 0.12894490548743123, 0.1403672181138141, 0.13777716494623876, 0.1446936778180149]",0.03482427459534135,0.011130890832064703,False,False
1288,"[0.4516753419829262, 0.5171694746933094, 0.5308232298407962, 0.4966461443626208, 0.5172402960093612, 0.4812791853943502, 0.4945334452834651, 0.5236672761986827]","[0.11709053703519852, 0.1192683827766226, 0.14575898429637751, 0.13019076459949291, 0.12480461220115008, 0.15009277078281835, 0.10449083831020729, 0.10043537934025115]",0.024514960332124403,0.016580427021207794,False,False
1589,"[0.4588888601153355, 0.525933171296005, 0.4789502838607969, 0.5264449273217963, 0.48843213447244294, 0.46206899320335104, 0.4872852712052568, 0.47094815917025734]","[0.1175515999191265, 0.05004731308207653, 0.130954145840689, 0.11674204815977254, 0.10047542997905584, 0.10051275475070498, 0.12500349121810544, 0.08939364338726145]",0.024512721635834536,0.02414094593764878,False,False
1744,"[0.5082788665186638, 0.543329307482717, 0.485276524568, 0.4907272756594683, 0.515272020542898, 0.4873968200714605, 0.5305880070928868, 0.48901854701334035]","[0.11707416523588612, 0.11397337725120407, 0.092590696462379, 0.07758529229798408, 0.11215035551494251, 0.040563502960502346, 0.046213819387221466, 0.07758321639467192]",0.020572834664483237,0.027953721093621976,False,False
1818,"[0.4825065391874772, 0.48845980767533426, 0.5207570019911951, 0.5341809060619878, 0.5639827993628632, 0.5302402364167327, 0.4690491853932689, 0.5321926950771916]","[0.042196038345214126, 0.06480311055269902, 0.06127689633333611, 0.05898120528716784, 0.06952995090252562, 0.08845053005052034, 0.07133606610414049, 0.07887685064646943]",0.02999930889054,0.012958911216683926,False,False
2070,"[0.3302291346283474, 0.3972106785355022, 0.44203215780190497, 0.5074274490037495, 0.44473923776315666, 0.4079597447081006, 0.37876100349422387, 0.46477107466340795]","[0.10255025430680095, 0.07581753390184612, 0.05769674434393021, 0.046356018444506944, 0.06324119790576363, 0.08346818445419998, 0.08586752798871458, 0.013062832316082337]",0.05141459746623731,0.02597341314000556,False,False
2125,"[0.49398084364522277, 0.4879832946067939, 0.5019917189896204, 0.5481633912275182, 0.5203804346754948, 0.4214172408964185, 0.4822161698681093, 0.46575906274043954]","[0.055088518456783364, 0.011581124489569777, 0.04437509780987976, 0.05782483700041717, 0.04451387872571767, 0.03469224696707825, 0.007116338303417531, 0.06343891984719499]",0.035037524163672895,0.01952944379570053,False,False
2327,"[0.49251875313800264, 0.49745901875632914, 0.5177228412843259, 0.5178069413796542, 0.505125304424794, 0.47877590052483315, 0.5077932473409378, 0.5146048810456173]","[0.033378069828209886, 0.03830707600571696, 0.06465088727317339, 0.06144829401966512, 0.05217316074511223, 0.031818891940688106, 0.1022504613662452, 0.05876639486556731]",0.012835110724782049,0.021424440034815223,True,False
2737,"[0.5686127307999582, 0.5577653267187597, 0.5509050476408327, 0.5447313129802265, 0.5157875854146922, 0.5341088521627049, 0.5528994221303956, 0.5531226273343017]","[0.16871697611435243, 0.1987023383540729, 0.18220445667880586, 0.18034656285098333, 0.14654856967535895, 0.2105751003803675, 0.20172274026410536, 0.20992604725932168]",0.015064934360602847,0.020832681899085187,False,False
2795,"[0.5574462440589192, 0.5316744628310903, 0.5406867954001542, 0.5439993581032232, 0.5626297821953685, 0.5504709198643918, 0.5693451669002996, 0.5411588425559024]","[0.09022747463365974, 0.08543697476820794, 0.08754491543856766, 0.09221777429230167, 0.08803666395054999, 0.08162579777481124, 0.07634415900624555, 0.07343101865036183]",0.01186018845961858,0.006246653776595844,False,False
2980,"[0.559227323250444, 0.5689237696258312, 0.5793741703537518, 0.5619267224937081, 0.5576891029696412, 0.5547813706408933, 0.5818624566726858, 0.5685641856392876]","[0.2358392094734419, 0.2303841332662276, 0.22249253178201772, 0.24118046036060184, 0.2467290702181868, 0.24161136774450231, 0.23019398289669324, 0.2435136879496968]",0.009358381935890262,0.007710979083329231,False,False
3338,"[0.514946442224028, 0.5570186184762665, 0.3791360355140323, 0.48687670508321673, 0.4625155313991736, 0.45560029456391715, 0.4945498178129154, 0.38118047434641883]","[0.02826197694030356, 0.022628930648039437, 0.07173674679384096, 0.04552024020411035, 0.043898008621409745, 0.0425451319494052, 0.035343879946372815, 0.08757355068250018]",0.057867564193963245,0.02052565704326698,False,False
3344,"[0.44676750252529884, 0.4567407913130376, 0.36703295185989937, 0.44282529196351283, 0.50225968155759, 0.4737318625232865, 0.42984322025096267, 0.4139004162641585]","[-0.028256281068814653, -0.028949744387829407, 0.024021529102332736, -0.023220346872939036, -0.0324980735105451, -0.031891304066283585, -0.0036513798395128956, -0.009098488149960492]",0.03780744575891989,0.018346544807892766,False,False
3368,"[0.5069325132926672, 0.5220815767306153, 0.4670909643073068, 0.5241691948217542, 0.4986382876483069, 0.4995475246253114, 0.49682166390827076, 0.5158081388950266]","[0.04895367438091644, 0.06897550814859581, 0.10735346938275454, 0.09570871633297734, 0.08147415373276179, 0.06806426227666099, 0.06742744656392573, 0.08453494784785559]",0.017117410701255303,0.017194999822855484,False,False
3731,"[0.47281108312594367, 0.547961532359408, 0.5527361710162882, 0.47194208416320416, 0.4946824912053585, 0.5440977208945961, 0.4862857720966337, 0.5533063025309259]","[0.006350572751651773, 0.015374702592748996, -0.03181418725549635, 0.011935877791538745, 0.01661856135155149, -0.03983316533276988, 0.033080869191123886, -0.002635437322754037]",0.034810022259521525,0.023412510622412012,False,False
3803,"[0.4421520276398343, 0.3896288669686939, 0.46240187536451094, 0.5577944890745017, 0.5210292518298516, 0.4675827308951428, 0.5399450556901084, 0.5221081050186446]","[0.0553322985818347, 0.03214405467672535, 0.04497351218109234, 0.03465492747776051, 0.03775793174587494, 0.08034945835691032, 0.03413321174531963, 0.05697911542939305]",0.05323845964420319,0.01544894737216468,False,False
4292,"[0.40913501264439506, 0.45633570621461517, 0.38752817467343903, 0.4395323546920914, 0.45221433936143346, 0.5412015491459727, 0.44582800709693104, 0.4622433618834844]","[0.03691564891143728, 0.051500300347146456, 0.03562760655428759, 0.04359780767122398, 0.033745396213108944, -0.02918508236777838, 0.0338762449281276, 0.04587664054252963]",0.04214238949520297,0.02369807601563627,False,False
4409,"[0.37501032097727177, 0.5080101955101917, 0.3969906639907468, 0.48312619958667524, 0.4592648625054294, 0.45895820374237806, 0.5027850472035217, 0.41600589079718253]","[0.05260664680234432, 0.07274458782112658, 0.06852162583986303, 0.06509281852189355, 0.07500451909586293, 0.06482289032491656, 0.08235575973703124, 0.09183675548133703]",0.046103029241464824,0.011161348736242508,False,False
4476,"[0.49939089626024535, 0.483158954891864, 0.5280467084615017, 0.43482188284729506, 0.3591994930183107, 0.5170321298203023, 0.4470023276489312, 0.4957009228297472]","[0.05976949781284562, 0.06623065875579617, 0.07640362970620432, 0.08035240119752268, 0.06760073771254159, 0.08046355432581351, 0.08178282342717227, 0.07704020541084744]",0.05162332103488744,0.007589873539613819,False,False
4509,"[0.5096258178672416, 0.4770745656954129, 0.512462629207342, 0.47442730582410314, 0.5379285048774136, 0.5419188175854652, 0.5066103004829832, 0.5503337868528418]","[0.08490224921014128, 0.07636540819611731, 0.07057821043055101, 0.0861937929209094, 0.06697029161184438, 0.06660491255236868, 0.06828983145557649, 0.07239596712256519]",0.026639821925761344,0.007281167388120155,False,False
4927,"[0.47011076643487537, 0.4979256600157564, 0.4863267304510984, 0.5417695361619813, 0.3910076208224472, 0.48004256065309303, 0.49853197421241435, 0.5023192488520681]","[0.03048130581907146, 0.051971826838356217, 0.04884029439363574, 0.018645429345192328, 0.0627150305059884, 0.009846337978438405, 0.02427931755522518, 0.020989531012972084]",0.0402144545148833,0.017538684708242578,False,False
4967,"[0.554074197330157, 0.566956694942408, 0.5473208755814485, 0.5454953096029149, 0.5383431941547429, 0.5442527409315674, 0.5352015711504935, 0.5564489511378382]","[0.10079679700542268, 0.11702545804415942, 0.1092049600872437, 0.10919869309412417, 0.10454418558155698, 0.11100335904824823, 0.11615339147510131, 0.1055413693082503]",0.009639583872525085,0.00522629664323238,True,True
5340,"[0.4922049288453236, 0.5301712183196574, 0.4221392736778628, 0.5143778801216691, 0.5328844995642961, 0.4720439696333008, 0.4885505096222308, 0.4621634656538681]","[0.07377985114366653, 0.07530886586440408, 0.06023052455401039, 0.058251191681964874, 0.07825701879676386, 0.07250290598351791, 0.07442632692419027, 0.07540471967714985]",0.0349154128665301,0.006989891591935434,True,True
5582,"[0.4943879903037086, 0.496047074767216, 0.5438521926053106, 0.47138171458170436, 0.5198239068404088, 0.5276857416027481, 0.45930039442629866, 0.5005265907450748]","[0.11640893956991391, 0.13074271560790432, 0.10887358879276958, 0.12218962358150876, 0.12177803020959468, 0.12050195869745906, 0.12001371947238244, 0.11550876886027278]",0.02642021211702507,0.005900160357429568,False,False
5656,"[0.541826306532729, 0.51451875267429, 0.48054435167450393, 0.49069133702205947, 0.5430862545313483, 0.5318301522210414, 0.5549743203345308, 0.5022649171364687]","[0.03574987087398562, 0.03923395004128472, 0.03474005414322676, 0.03589360882037776, 0.06975212526826735, 0.041123626169314254, 0.036274140830372864, 0.05901681725005713]",0.02532990537439154,0.012241698201985595,True,False
5683,"[0.518826041178755, 0.47113436091650596, 0.4581057172349612, 0.531275826828776, 0.4973509808481913, 0.4588276205227022, 0.49865219141646366, 0.5473837552129851]","[0.15906822246462576, 0.14084863490937816, 0.1163283398616364, 0.1427072403670337, 0.12308064299755878, 0.1250481001442557, 0.12336586089226625, 0.14579585882059404]",0.03128028899177711,0.013751222569415123,False,False
5790,"[0.5258446469778778, 0.5534290989557613, 0.5079945466978235, 0.48920916485319943, 0.4903800257004418, 0.559035341316853, 0.49597095759956444, 0.5734741507214364]","[0.07014499331227136, 0.049557384875353785, 0.06849202488326957, 0.06744347629861853, 0.07005085676404779, 0.02914706271637297, 0.0509436948244727, 0.04226828096910101]",0.0314756954442309,0.014410173583971559,False,False
5929,"[0.5125526890562493, 0.4982390483983046, 0.4525857008979135, 0.4914116221838145, 0.5111529620052113, 0.4746317028235162, 0.46266159217260583, 0.3369796495791699]","[0.05063245846021197, 0.04356226859720032, 0.04258214948007927, 0.0318736043352746, 0.02777211314446807, 0.023486394493130554, 0.02137801024252116, 0.05369502361523197]",0.05336694253668951,0.011601507932391876,False,False
6315,"[0.4930607383270974, 0.507263145166952, 0.47181923901933853, 0.5284009261699614, 0.5007116697163929, 0.5454549389637797, 0.4121570267121596, 0.48212616535860353]","[0.14496927757922917, 0.14248783683666888, 0.1481421850760066, 0.1409301659358725, 0.12604733631469517, 0.11192000035278418, 0.13258144531188004, 0.1462332754298073]",0.03769777624789595,0.011651507235935601,False,False
6360,"[0.498353725799416, 0.43028920045274044, 0.44875335522175375, 0.48710052649752666, 0.5368184169396941, 0.4590579135330599, 0.4119465269394169, 0.48562922784589346]","[0.019120645983907544, 0.024054141855747925, 0.021157909758520384, 0.014541963495946802, -0.030696910072259276, -0.005973516558888271, 0.002921506391805556, -0.024221532542756524]",0.03762165600484511,0.01975444404641112,False,False
6454,"[0.5109980914041984, 0.45425094454270465, 0.5391551940835259, 0.506068716965009, 0.5515809099028498, 0.5522042001000784, 0.5124150581497795, 0.5038153530444244]","[0.06381837919169997, 0.07343594138056783, 0.06432427148707959, 0.04653888766425096, 0.04252152196635885, -0.018993223182110233, 0.08393984821294954, 0.042762163182148795]",0.030020923869643147,0.029532409816622814,False,False
6603,"[0.4996260221463187, 0.5015307358069876, 0.5275920678729519, 0.4780221238912918, 0.5705008007319398, 0.47958557025317616, 0.49681740809654185, 0.4705692459603708]","[0.08028931115041038, 0.082207324933387, 0.0796868244342924, 0.07796725904415377, 0.07584491608221268, 0.08762468291769873, 0.0742324458207808, 0.07519570956695376]",0.03048928293388731,0.004106276209402721,False,False
6750,"[0.5343656591338952, 0.4724007734080361, 0.4755811876122896, 0.49902904341837817, 0.4661342998563518, 0.41955195738151546, 0.4581886874022084, 0.4858409572165791]","[0.0748613292424099, 0.089815575962634, 0.10055581771790892, 0.08726360663033349, 0.13137501836783752, 0.13525838102048307, 0.10332489358558952, 0.10198789028292446]",0.03091646446037417,0.01957700242208587,False,False
6759,"[0.5701532139712402, 0.5634168942338078, 0.5793216824113772, 0.5526733135254672, 0.5581899765738647, 0.5746332941054012, 0.566574784528961, 0.5566827265804344]","[0.21790856721201612, 0.2224802682698277, 0.2158121590226183, 0.21175045321231745, 0.22257875304537084, 0.20288728774549245, 0.21477402557691733, 0.1990436969353518]",0.00863578865033619,0.008016200949635503,False,False
6770,"[0.49957798424298516, 0.4927647374363295, 0.4979333580496115, 0.5211772662014033, 0.5000933372612932, 0.5141093178391573, 0.5311811198025551, 0.49293870816152485]","[0.0961537299506901, 0.09570810515499573, 0.0744335644667635, 0.08855630337195552, 0.1051896868723932, 0.07806767093267869, 0.08808011390487333, 0.10380084648062046]",0.013307780744103473,0.010426111194365626,False,False
6991,"[0.5378140188135323, 0.4803138818088549, 0.45978790853846696, 0.4888844127088313, 0.4571337793425605, 0.4437226884321689, 0.41583592279403603, 0.5234714892063292]","[0.0120122877518061, 0.07920337120608491, 0.048759171193296966, 0.048207994404727526, 0.06598263253958228, 0.06773212700667663, 0.0846149591206663, 0.009095846921891632]",0.03797911590652104,0.02671942034014814,False,False
7306,"[0.4502391351609386, 0.50169276015145, 0.442247855948808, 0.5194809017209523, 0.524531949912501, 0.5016464515465777, 0.42720265478074804, 0.5139380983199149]","[0.13682399907162462, 0.1333739144055458, 0.11905225185636589, 0.10688059916371231, 0.09097382915171731, 0.1038739645286603, 0.1422418248439941, 0.0950578567404382]",0.036265256150322916,0.018467940376398498,False,False
7355,"[0.4804941981566294, 0.5366914111542025, 0.5235266875915685, 0.46718715306228353, 0.496790361757657, 0.47065510903633156, 0.45550593729407296, 0.5150767272928448]","[0.0035092178406934604, 0.019651772045775708, 0.023862560917462042, 0.01663461537376695, 0.049243265835121536, -0.006750376919778271, 0.00859343111008001, 0.037418709494522036]",0.027545188743152413,0.01693704493151422,False,False
7899,"[0.40968984596950486, 0.47148410475759206, 0.45793218609538344, 0.4945910105946397, 0.39366575242469126, 0.48342315585275814, 0.5028831547447644, 0.4365421409342414]","[0.0707653195251469, 0.07194059930416095, 0.061194123503287054, 0.07504252156172217, 0.0696787955927041, 0.06816297855556419, 0.08650859752157476, 0.05411014735554032]",0.037234061061214296,0.008909111601129217,True,True
8061,"[0.4445723862050418, 0.35535254939884353, 0.5062224425784027, 0.46348940584495646, 0.4269215005361799, 0.4379075123730279, 0.41893049925030573, 0.43099822066199545]","[0.044300819932925485, 0.054963337394227936, 0.04358230448016434, 0.049482857572406606, 0.05278001347911383, 0.05610002786364754, 0.029768629511059515, 0.04946910693525087]",0.039788777373248804,0.007947555729980018,False,False
8215,"[0.4234391207438268, 0.40038664845048655, 0.3370437992442109, 0.4935389752204611, 0.46151663197881465, 0.4657614604056757, 0.4118930415156876, 0.5095194775333576]","[0.044031830994447366, 0.02915469204852841, 0.057914333649167635, 0.047267293532145295, 0.04405541465352016, 0.026260586195377352, 0.04316536563145429, 0.015472544092230886]",0.05246874525648324,0.012768885600828256,False,False
8234,"[0.5243481873555116, 0.5332043993582201, 0.5428713932581826, 0.4775204861820378, 0.5327488333902478, 0.5015787456395483, 0.5335298576817612, 0.5499263958616637]","[0.08608293222881583, 0.08651236756348185, 0.09625964252465255, 0.07385733151792973, 0.08755161579845883, 0.09809930924538125, 0.05399695456031188, 0.10445435301161951]",0.022197495034381363,0.014859160662693785,True,True
8238,"[0.5632871647938491, 0.5668302870363902, 0.5558856371685796, 0.5171183055395321, 0.5706628973487438, 0.5119077255957848, 0.5532423819420897, 0.5054856598086639]","[0.06636218969559957, 0.06687199616403548, 0.06797745176684036, 0.06770928888074615, 0.07433132240710086, 0.051951394463709756, 0.04426789321279814, 0.04723862992235996]",0.025148381801738146,0.010521792695095452,True,True
8275,"[0.5465661066783967, 0.516445143876352, 0.5343257846789109, 0.5281198657740093, 0.5377222646087568, 0.5283709785089625, 0.5566393817968491, 0.5313339011725704]","[0.07740617683743364, 0.07723705120170962, 0.09548313580031467, 0.09938657390591771, 0.09467143733401445, 0.06384435326890507, 0.09953398218358837, 0.07843909368602164]",0.011504769164385904,0.01237778595399861,True,True
8367,"[0.5202439463925856, 0.5277401568550049, 0.48592804471977297, 0.4932277546036447, 0.5263639667908269, 0.5008489031140733, 0.5426623005887474, 0.5166807114325174]","[0.11983489536827008, 0.10038112813483661, 0.1216844924007668, 0.0982349285110102, 0.09160038332525541, 0.11972342960309793, 0.11762739245246859, 0.11073347622516405]",0.018032861951567496,0.01093157221284763,False,False
8828,"[0.5293829344976917, 0.550451431858336, 0.5724259116306522, 0.5894335046133679, 0.5603273264795492, 0.5685726779884825, 0.5356274966815373, 0.5519676307627648]","[0.14934437742760842, 0.11187964394716197, 0.1389529667553453, 0.11141949176316297, 0.131894024011886, 0.10941902913873829, 0.12938171455123765, 0.14187390113815107]",0.018445814972603614,0.01442712645054218,False,False
8862,"[0.5188850997554879, 0.5287793207708337, 0.5392214586565771, 0.5282821739517842, 0.52980183539347, 0.45137540687024313, 0.5321975941971753, 0.45700689842267195]","[0.08991699314748669, 0.06368795242433277, 0.06981067430463077, 0.07928938641095208, 0.06133130395871562, 0.09357058756603373, 0.06143992990608422, 0.07431771446608898]",0.0330640420355451,0.011759806375090198,False,False
8926,"[0.49369474892393206, 0.4065420363782136, 0.5187593947538938, 0.44537926897067215, 0.5167121561591755, 0.48386682773156076, 0.5153348882288775, 0.4287773918527584]","[0.02232755995524084, 0.09684629510373242, 0.017559598024155337, 0.004146414449520932, 0.014300797013742986, 0.040045832277334645, 0.0063180391694879386, 0.036912541000982735]",0.04092667286405608,0.028076167893035256,False,False
9188,"[0.5432388911953725, 0.5291777905701012, 0.5553049662317353, 0.5122342362138539, 0.538259908475119, 0.5637305116818137, 0.5260958949300815, 0.5569488992337703]","[0.1245363548416081, 0.13431031918163536, 0.10934157655530366, 0.09100920713794043, 0.1261118304521893, 0.11445320566044435, 0.11313795093227899, 0.1131729467371842]",0.016494055013325404,0.012234034179586305,False,False
9298,"[0.43686645613087427, 0.47227345307045726, 0.48449067464192785, 0.494540590083155, 0.5226279061066605, 0.5342951878356583, 0.5223502919913952, 0.4739318780136163]","[0.10491410375589144, 0.0813865583738692, 0.0985984563658487, 0.07534758611718768, 0.09261568070129628, 0.09163057400571904, 0.06302836710997692, 0.09711401425742176]",0.030542233916168886,0.012958193326088949,False,False
9376,"[0.5409222385464245, 0.5442515713247325, 0.5393052600650564, 0.5475631297101049, 0.5498880008565865, 0.5270197619817758, 0.5449882709569736, 0.5410580224370451]","[0.28540570541887955, 0.2870883615830543, 0.2495986592919205, 0.28961626628808546, 0.27205766886382343, 0.27082257797532994, 0.2862789524402358, 0.2836245092595399]",0.006526488475096435,0.012579691398137019,True,False
9712,"[0.4216803622942919, 0.4876783148741958, 0.4863562878585014, 0.41104962396482114, 0.5443102604011358, 0.49987215967440646, 0.5340611679623669, 0.4883504453260819]","[0.02352664149373683, -0.012677849450602609, 0.010374269006173855, 0.002910476091664498, 0.008427935653295464, 0.0206074438648664, 0.005282412805388095, 0.029661418739831212]",0.04421346774890339,0.012566052952150195,False,False
9877,"[0.5175856784618051, 0.49943573709481376, 0.5357582002604139, 0.47273883058825017, 0.49104737602591675, 0.46729821717134745, 0.49511440804442186, 0.4989695521257412]","[0.1432525195494256, 0.13860544130518504, 0.13407583117243604, 0.1385233755491557, 0.13869650898217564, 0.14264307963068268, 0.1472428089785057, 0.1510747721261819]",0.020751792969725423,0.005107492989440078,False,False
10115,"[0.47020440347291415, 0.5271023723069264, 0.37982856627159944, 0.5351177009342173, 0.5314837974891096, 0.4093742431124252, 0.5096785621064048, 0.47231232064364037]","[0.05537105305457436, 0.05930212478847781, 0.04970065955908823, 0.07798731857801715, 0.05680572765827646, 0.05654128409653282, 0.07663659408618956, 0.07192861370681555]",0.05472929042164158,0.0101187870264185,True,True
10191,"[0.5577075073099219, 0.5140952405800157, 0.5542234316374692, 0.5383783890366889, 0.5396746243715722, 0.512954834528531, 0.5166444894739559, 0.5078294337582155]","[0.19831790517676973, 0.19039687479034054, 0.19164837140643193, 0.18800634342360753, 0.20035879566536008, 0.17843095820299879, 0.19534955300060433, 0.2062184018113455]",0.01847767175824237,0.007950487201035519,False,False
10361,"[0.4635779828298836, 0.480319973592226, 0.4846816235517156, 0.5000374770395065, 0.5197791478211284, 0.5163889290956896, 0.47685465109319247, 0.41433379382405466]","[0.027547562886909523, 0.045421756112786024, 0.02890111387926733, 0.04864011951502359, 0.014847015185622031, 0.0429940155758201, 0.04717527528493982, 0.04453038885066317]",0.031404194244098245,0.011435838225994683,False,False
10602,"[0.5478301343516109, 0.5354712284484328, 0.5675367007727692, 0.5375448655727854, 0.5502880910314916, 0.5177394739108259, 0.5522219454504663, 0.5616827105619988]","[0.16959892904470486, 0.18940772098895453, 0.16758273758984554, 0.187136365260429, 0.1839498649279926, 0.19107342243062436, 0.17697079457008497, 0.17327678010432385]",0.014792558457637371,0.008618857573596742,False,False
10622,"[0.5368941493826632, 0.5197603572564932, 0.5573650102922192, 0.4526798304061367, 0.5256571999906174, 0.5135901069907886, 0.5477957578500623, 0.4732173987231695]","[0.12181753309075097, 0.08581793120572001, 0.06938610827590463, 0.11056765714754627, 0.08558738482073369, 0.07064994828536433, 0.0813543620325177, 0.13630409784412362]",0.03374809023312781,0.023117613637806383,False,False
11050,"[0.4590044885036121, 0.41024179712576436, 0.49149727803460874, 0.46374402627098754, 0.5555982681994333, 0.5324126645090808, 0.5349187150820567, 0.4436692715270225]","[0.05423147539267062, 0.05474737045073076, 0.04298636298014165, 0.04704678977558574, 0.012555372900587216, 0.014596234761271676, 0.028361035936321825, 0.004774186909007919]",0.04766472251598409,0.018684547947094125,False,False
11274,"[0.5352014541860111, 0.5466160152473493, 0.5596351743184032, 0.5152802059939524, 0.5259851446469875, 0.5808689908979141, 0.5621262013004796, 0.5424720467498614]","[0.08672896922000063, 0.1145532324370728, 0.12854295793107845, 0.1058965405032255, 0.11836742730029207, 0.13208586327332644, 0.12678434598592425, 0.1362435267279456]",0.019797567033554845,0.015217420493611952,False,False
11493,"[0.4987811893266584, 0.5182500014568695, 0.49244484555748813, 0.5585323949680197, 0.4636829196337623, 0.48688483099762503, 0.4451560882804931, 0.46861735841003216]","[0.05183511829042192, 0.06299590970181689, 0.05202182048383036, 0.0398653973934744, 0.06481022528585977, 0.07207824387994516, 0.050423571486683263, 0.03716729672226848]",0.03303267493866754,0.011341557533039216,False,False
11757,"[0.5113244886140605, 0.50046874407761, 0.4778804772399124, 0.5170479242862177, 0.5200698457999356, 0.5256187068964359, 0.4516391272513167, 0.44300287049547105]","[0.057304373529366744, 0.03823266199547511, 0.0350474203045406, 0.06143917387774983, 0.057713437792010054, 0.06296633175368817, 0.041190210809463584, 0.025746277936048053]",0.030009370448213456,0.013171560206030712,True,True
11886,"[0.5529634470124198, 0.5508668879762807, 0.5704158749597085, 0.5300496719777961, 0.5603136359523879, 0.5442293473642443, 0.5244226005195455, 0.5347586186646722]","[0.14189994703918102, 0.14036455877132392, 0.1338530144443148, 0.14588850116022, 0.14635644687427282, 0.14561467929920208, 0.13107682230001388, 0.15534810225979728]",0.014674349492008226,0.007170149880171921,False,False
12122,"[0.488296991294188, 0.5210044984567321, 0.4836502463214199, 0.4557591436199077, 0.48287499257512384, 0.4831413496350592, 0.45561391826583497, 0.4871874431132933]","[0.047432020693540786, 0.06500140522295492, 0.09226140512396105, 0.053359046733524554, 0.06370813259746337, 0.052010554202955826, 0.052116353480854, 0.06495643416391406]",0.019291254337062524,0.01331101791928986,False,False
12225,"[0.5162826736976138, 0.5233149559382698, 0.4879265855513197, 0.4521987002154678, 0.42603761870999224, 0.5356255559631375, 0.5195036570434196, 0.44758383477581365]","[0.0433028334156368, 0.090319926439418, 0.04625974472555185, 0.026973178301185455, 0.0419493842115725, 0.04329468519242988, 0.037962967629353674, 0.030119913750616196]",0.03882616655997568,0.018256767038203624,True,False
12292,"[0.4384412180107648, 0.4599856018597336, 0.5273360673971663, 0.5415754691815459, 0.549202532802727, 0.5030413164698868, 0.5115809792753422, 0.5109532938274044]","[0.13243527692079604, 0.03555851745822533, 0.1224319605066797, 0.12493379252232877, 0.1422393681108628, 0.13165977246969895, 0.14731442499828562, 0.1335858436549015]",0.035932095263288395,0.033285787179592456,False,False
12340,"[0.5230305519610805, 0.515708278077508, 0.5282523720321994, 0.4472287150358988, 0.5374073234564134, 0.5337546680205862, 0.5312163574489647, 0.5566376713590593]","[0.0235919396520622, 0.0639580578825962, 0.050407855433921823, 0.05448318575114232, 0.04540057177318967, 0.02113729634654794, 0.05995896304186814, 0.016373800441845582]",0.030269203338982833,0.017583793944908235,False,False
12386,"[0.5199916034867972, 0.4366876125139263, 0.48472599305639574, 0.48288849489243046, 0.5045560180647003, 0.49341572227505437, 0.4775783525436246, 0.47023537445068175]","[0.08996240059701605, 0.11690789328671453, 0.08290621684591021, 0.10199326601572645, 0.05177303064490761, 0.03422166861072551, 0.08322269013000766, 0.10836307478415255]",0.023122140417897483,0.026346677791838587,False,False
12597,"[0.3778027191766754, 0.46173497227877186, 0.507144044137571, 0.4450170849580335, 0.4369627774819219, 0.45367303299365447, 0.40297299286505944, 0.4198428545762483]","[0.022294554887408616, 0.014209620889978984, -0.01291790439512737, 0.038312355420167116, 0.012073551501722176, 0.016340575255559486, 0.027268094070986553, 0.01092355316564771]",0.03677690741324197,0.013897637932569257,False,False
13041,"[0.4916142084606081, 0.5611516277071587, 0.5229873561191578, 0.4810810444451742, 0.5163522410544577, 0.5070967121664653, 0.5097723301198007, 0.5521504163206976]","[0.14647865104698432, 0.12602802765471835, 0.14948694432382081, 0.14668343147692547, 0.11289101455139355, 0.13716160444124792, 0.08584009578585801, 0.1510392552800626]",0.025742221926938407,0.021364978784777687,True,False
13134,"[0.47981406170812646, 0.4999940794669414, 0.49119675439246957, 0.49702260203190496, 0.5118603161026514, 0.5090517264043735, 0.535567107080158, 0.4736561084772171]","[0.12506311948167323, 0.13771332639133577, 0.12554377255885524, 0.1730451905263456, 0.12626164364954662, 0.14113280332306055, 0.10009709382753498, 0.1186305849523697]",0.018286035703129908,0.01971981459357578,True,False
13223,"[0.500129764326622, 0.5325368921055262, 0.538976778960073, 0.44106893829156185, 0.5306824156168705, 0.5404129068494608, 0.5058934642620052, 0.5844098515399485]","[0.06456695859104472, 0.09043024648211881, 0.05584672614582234, 0.11283631311458026, 0.09307879335888948, 0.09101967641741181, 0.0957374217595568, 0.08725143860234366]",0.03872299798665332,0.016878768053142795,False,False
13298,"[0.4864981555297694, 0.4785709583904074, 0.4700249465829157, 0.5313482215971699, 0.5216488277717669, 0.4885013062787902, 0.5239566994504459, 0.4807004189220138]","[0.13137590156458795, 0.05983235897884291, 0.1709323018956953, 0.1261127130628968, 0.1047731581458814, 0.14070029378306087, 0.10814795239581176, 0.1397256575051226]",0.02243340126392906,0.03064439273792965,False,False
13587,"[0.5393294288163519, 0.4594499803350789, 0.48528283166613023, 0.49855687246579417, 0.5419762218236782, 0.5038551947498293, 0.47248069182680286, 0.48846501202331827]","[0.04516324608719747, 0.03376133708168476, 0.05580394169784543, 0.06639195168594873, 0.04600616353370303, 0.041090904380709, 0.061662931156075476, 0.053765787230687506]",0.027529449548045704,0.01020622425340035,False,False
13703,"[0.45439782213178614, 0.4887750593911739, 0.5374363483332213, 0.4520117786648737, 0.4453476061091324, 0.4715982350006215, 0.4957029521886315, 0.5067706808676811]","[0.10150866952834174, 0.08099350606736327, 0.08073841106407065, 0.1051125130986889, 0.12942632799992826, 0.10099754123051702, 0.11436534627921219, 0.09717985198423557]",0.029646366321158094,0.01511857871295413,False,False
13741,"[0.5049983466974433, 0.5143847492482879, 0.5081194403582158, 0.49772481726374107, 0.4265316765079104, 0.47613301873349245, 0.4948076700343662, 0.5080601711881565]","[0.046409134665486115, 0.01700792648042431, 0.016968830896735294, 0.021501415194831935, 0.041514802941653856, 0.04115827347371069, 0.027468156017083967, 0.04065640254576323]",0.02683953740955735,0.011385541377609823,True,False
13749,"[0.4390399491653856, 0.5217282249331461, 0.45482907534421, 0.4932881253322364, 0.4292314787884227, 0.40130319516874235, 0.4921580667658088, 0.37532118230555844]","[0.03266853253244978, 0.03920171068568018, 0.05156366840404843, 0.03879884789748585, 0.03044076852557032, 0.022729336248593628, 0.032124096616134086, 0.02491788988505563]",0.046520467767966756,0.008558745379930984,False,False
13826,"[0.48671598914720604, 0.5580684721328253, 0.5478794012798966, 0.4771127182540129, 0.4867658121243025, 0.5632873273540759, 0.5123008209777011, 0.5533172170646894]","[0.07604422802107771, 0.0639636842356196, 0.048216986242851693, 0.07546226084341986, 0.061943329873040937, 0.07810941302028278, 0.024353486873969543, 0.07406607092816196]",0.03398581250591595,0.017284112577699816,True,True
13842,"[0.5735579255388146, 0.5523997492654387, 0.5484648482780771, 0.5380276117943286, 0.5456909363784426, 0.5327246764703121, 0.5398032918939247, 0.5532459420845794]","[0.21215982526506705, 0.222994794708639, 0.22936941486086812, 0.22970858639498187, 0.19721564094957245, 0.20762781009375864, 0.21975431455365868, 0.19379355316690183]",0.011755861698822475,0.012898423617328427,False,False
13879,"[0.43658256228396397, 0.4510544585718219, 0.4994757385768308, 0.4262413552898343, 0.454977076569528, 0.5165411426140782, 0.5265233618989915, 0.5017225644343003]","[0.05710866213716273, 0.05797985403631835, 0.04943715265909442, 0.06136455498499394, 0.018918927907573543, 0.02938639820561986, 0.007934533294741024, 0.034205402777179005]",0.03622771876883386,0.01863678688800313,False,False
13895,"[0.5006723386441495, 0.48673975675723846, 0.5006705645646556, 0.5019411866724804, 0.5548709925463647, 0.4849546941855842, 0.464975823421602, 0.4863644084672189]","[0.013084335792423041, 0.00396796634370478, 0.012693507000155944, 0.007622687773289352, -0.006876662800254027, 0.05006360831644113, 0.016673452101289364, 0.03290312794168556]",0.024459367295025014,0.0165968949737656,False,False
13938,"[0.5760651702680956, 0.5446291316560607, 0.5349115904179397, 0.5557272559005372, 0.5529011852971006, 0.5528237780547582, 0.5655589959454874, 0.5666954270933489]","[0.19114544524761387, 0.21008485979485497, 0.1755006044407527, 0.17128483831376648, 0.1819120248433675, 0.20325491727346456, 0.17228617020053957, 0.18322308418793665]",0.012257372128821378,0.013432672949389449,False,False
14049,"[0.5144966258822492, 0.5272865554478136, 0.5532929078748383, 0.5151914460408791, 0.5418036295339949, 0.5452680723461987, 0.5216723795826606, 0.520252707486445]","[0.05465563452540764, 0.09479403867018998, 0.07371311903785702, 0.06889102193510908, 0.07861262369993183, 0.08381144084374895, 0.08004976528081999, 0.09154777796018684]",0.013902793074334195,0.011988033199012517,False,False
14170,"[0.5601377840830859, 0.5615995123060383, 0.5508701950998417, 0.5517460437578855, 0.5612568836428594, 0.5506743098706592, 0.5272708885563904, 0.5439778794764526]","[0.09860266902837728, 0.08048780419339376, 0.09752571683566977, 0.0919936696202015, 0.09124980836784768, 0.08492243767475097, 0.09498838750369497, 0.10146854441798071]",0.010689279847085563,0.006637648369370172,False,False
14245,"[0.5300670912863685, 0.5176082140730003, 0.5702967188340101, 0.5287769543303473, 0.5452516923547064, 0.5318651073079768, 0.5640360611737366, 0.5646236416723482]","[0.166660100639755, 0.19275499435945437, 0.1720056942185899, 0.18742681311829157, 0.1839053353411692, 0.16405084252116897, 0.17051536046679167, 0.1774212610611564]",0.018673099072695883,0.009657826560327471,False,False
14274,"[0.5504407457355279, 0.5510431022193634, 0.5233445734054002, 0.5466562355819917, 0.5005832441683771, 0.5480148473454833, 0.503199226032617, 0.49315749428018735]","[-0.011164115052596598, 0.031681519154621834, 0.006686896173437243, -0.0027828835785866876, 0.009804443951586674, -0.008446324471326759, -0.011371366964213002, 0.004305754060526172]",0.023394726319929962,0.013473834827649687,True,True
14728,"[0.5081861193973192, 0.48198039491904077, 0.5021795108293002, 0.5152950383352599, 0.4961462892564651, 0.46353266656763126, 0.5244257808157528, 0.4665204940316584]","[0.06479019432387462, 0.06843285673443278, 0.026043841050574865, 0.05439409768392743, 0.020548341412611547, 0.0616004905387489, 0.03143603476789988, 0.065445576728419]",0.020841389079867472,0.018473653631544205,False,False
15068,"[0.5575368694118994, 0.565713983466948, 0.5649902098769846, 0.5525544688737233, 0.5401596434366528, 0.5520661534295255, 0.5449686078496143, 0.5530278110938709]","[0.16469849577563106, 0.15207098036408934, 0.16101100665679663, 0.14515441025122244, 0.16172791446998247, 0.1610993998245563, 0.16816306350994836, 0.1612912821935909]",0.0082937246802047,0.00685561902524752,False,False
15181,"[0.49654160274018844, 0.5106971714120081, 0.5232169918043471, 0.47201354202351203, 0.4815224177479049, 0.5036579238251075, 0.484720271687635, 0.5279412774799092]","[0.14284377915557425, 0.1508154282805595, 0.13608280605578096, 0.12398985753826353, 0.12013580221515628, 0.14749933594274134, 0.1379114782280602, 0.14019923956556435]",0.01876710872064187,0.009995700265635845,False,False
15182,"[0.4609480134393474, 0.4146083082149581, 0.42283730520317353, 0.47275625986666303, 0.4883849344819504, 0.5213050010826173, 0.42737095917531004, 0.5207112987649528]","[0.03819052757491217, 0.08698942142270834, 0.1121388124526836, 0.09751332391712306, 0.0915584229622125, 0.06302420169192668, 0.08225698016116956, 0.03330854438431774]",0.039718454443978334,0.02643427376754429,False,False
15191,"[0.4715226302803084, 0.4393297519271401, 0.5602635095671673, 0.47599952910717336, 0.5028404714070205, 0.5113937157297157, 0.48385965916764095, 0.5336475116606167]","[0.0662540899605262, 0.07867396734878739, 0.04643583199139748, 0.07383128080406438, 0.054582453738359765, 0.07117622241919105, 0.10125373655772671, 0.0540060051905367]",0.035661996543575374,0.016229403425497214,False,False
15274,"[0.5124310317123311, 0.5533452820464476, 0.5370972867245756, 0.5634276251732584, 0.5551789399427953, 0.522391656200447, 0.5338669704459448, 0.5456541920786802]","[0.04191787251343718, 0.10245113864834873, 0.1164498762348163, 0.10190186762131953, 0.11134887809244509, 0.08709360463180599, 0.13136672656723988, 0.037023656165739216]",0.01621736267422683,0.03216885933581778,False,False
15386,"[0.5084272473396622, 0.5021947048862295, 0.5207220155683199, 0.5264554523453829, 0.5294934217627267, 0.5002792129480261, 0.545576086983054, 0.4995560697758681]","[0.07739600175346928, 0.05843293134570966, 0.033547367742266854, 0.032928810456215624, 0.04557786285728264, 0.042757792034048225, 0.05557027637528009, 0.029556809500340838]",0.015617073224497421,0.01512996666157804,False,False
15438,"[0.4910923248440627, 0.4938625123329586, 0.5084353509777966, 0.4836104999904548, 0.4907938863905318, 0.5274023817832316, 0.5324150383214726, 0.5483477684321713]","[0.08336578580051877, 0.07393530334573858, 0.07897292666876476, 0.07132568028756016, 0.10830077683952456, 0.09448057495814999, 0.09882705476435374, 0.0784890662149687]",0.02224700840677486,0.012285113983066797,False,False
15516,"[0.5047587216075582, 0.4399334655839343, 0.4726155600293661, 0.4506306361498788, 0.3897944631599566, 0.45424090534266126, 0.44768795429061176, 0.46649799884423354]","[0.055558309988231906, 0.05371524374032506, 0.05029545246802615, 0.033510618042251444, 0.05468614652228834, 0.06633198509335603, 0.05082793568255714, 0.028230455703053825]",0.030509003096267855,0.011587289955587571,False,False
15631,"[0.5431599118258285, 0.506597225468602, 0.49855081507607035, 0.4795169686571514, 0.5071241210883917, 0.5158891733048627, 0.5351876030858082, 0.456355113950888]","[0.1372053639095269, 0.1039691450152526, 0.08720729932704449, 0.10442018883618229, 0.12374260644671647, 0.09575020083204797, 0.1298171060802427, 0.10994250386915033]",0.02633842386109624,0.01617721363639838,True,True
15632,"[0.4526553442937462, 0.5071644588048951, 0.5156199332010356, 0.4940752531935026, 0.46978380578340384, 0.5149171892104443, 0.5160271604769873, 0.49171810738111543]","[0.08585169106562016, 0.10363884818092203, 0.07459985878405756, 0.07936298141599321, 0.07424972183390476, 0.06585406168053415, 0.07509041898429997, 0.0814801481223563]",0.021943287944790488,0.010500421445380163,True,False
15865,"[0.5062185299518945, 0.48418235965747114, 0.48608879213674094, 0.4891640420642421, 0.5267476489528008, 0.4766543174453437, 0.5842268712769467, 0.4811922265935755]","[0.07361185445242681, 0.0636769754157306, 0.0696856646426366, 0.0313566048196358, 0.0674539619483295, 0.07966003760648346, 0.05399444252743379, 0.07467478065445235]",0.03383710883923836,0.014409545797993029,False,False
15898,"[0.5527111145765873, 0.559111341470474, 0.5517786994427356, 0.4789441785334653, 0.5248108413275013, 0.5632893420877548, 0.5120557013223712, 0.5568478572843281]","[0.07192420668679136, 0.07947046134882088, 0.0720699376559048, 0.08682445701492464, 0.07295636025254787, 0.06796816071588095, 0.0724509009126088, 0.07933791530734902]",0.027791466733259,0.005653101140967064,False,False
15953,"[0.49479748088110886, 0.5351240652167577, 0.5377829749443378, 0.5520172667912263, 0.5233738958444736, 0.5414080546153145, 0.5206325863085833, 0.48547306731467776]","[0.05521772040982002, 0.05910942033863613, -0.008650517906451573, 0.045707684412723826, 0.04834960386926247, 0.011803752144704345, 0.029571638664744146, 0.09210685601411223]",0.02165157110858085,0.028859542620064318,False,False
15985,"[0.4623395477978376, 0.5455772601479444, 0.4770405513811977, 0.4194824160110282, 0.5360400723738565, 0.44068855551063196, 0.5021466471483895, 0.47256806811314056]","[0.10297557099630161, 0.10025015207752008, 0.10065021625882145, 0.10719136966582532, 0.09801259219270625, 0.09931794509108526, 0.10783203494662068, 0.09425581713166768]",0.04105401581739957,0.004272921144067509,False,False
16251,"[0.5232926809563117, 0.460194468095641, 0.4846905787682057, 0.532451729366074, 0.4963836080946673, 0.576570864070471, 0.5150120033066086, 0.5273443603612916]","[0.16721761775992383, 0.16884503920402447, 0.18448181294847793, 0.15666426871001737, 0.16077126380219509, 0.13423738735010493, 0.1558710705069144, 0.16188848518757187]",0.032755731048562116,0.01329141666868129,False,False
16424,"[0.5051529533273995, 0.5403837249447178, 0.4903579190975618, 0.4944612907674949, 0.5397607358060474, 0.49945191728038235, 0.4734953087104117, 0.53736431902447]","[0.014754688605926066, 0.012820413543954412, 0.015395587213251795, 0.028128601980896426, 0.014894162698750815, 0.03607888481210329, 0.02570428104579285, 0.022255643833510187]",0.024115001555746217,0.007713467231261534,False,False
16525,"[0.4943109387212517, 0.5642840708794722, 0.5243672930250233, 0.5214939467044596, 0.48835636975324964, 0.4663090366933985, 0.5023749485712372, 0.4891977663413098]","[0.10779014556521535, 0.1256598173039655, 0.11321604935829543, 0.12917879089502132, 0.12924434903338528, 0.10539323425112564, 0.11823455488956386, 0.08539872664520852]",0.028045288743176883,0.013907710467971533,False,False
16625,"[0.5503839368867962, 0.5520768057035467, 0.5688553625185053, 0.5607481877002459, 0.5766961531235479, 0.5377709664695927, 0.5654759197548893, 0.5666586769146293]","[0.21715680497364365, 0.21375309261872638, 0.20401596627413815, 0.20904799661998838, 0.18695050759107318, 0.21945532780204977, 0.18683444820687817, 0.20045931251603463]",0.01162548710047871,0.011866066792043994,False,False
16718,"[0.48547634114208427, 0.49981502585824034, 0.5431025588523135, 0.5031329657119035, 0.457383564843672, 0.4816607488061885, 0.4903946636674472, 0.4812130206664989]","[0.09432710860888224, 0.09606610660081205, 0.09474974727204691, 0.07951177396584011, 0.09327460546966942, 0.05811754432355497, 0.08936613591111078, 0.07432742034217812]",0.023071650873996492,0.012543554441088648,False,False
16800,"[0.5093625471918539, 0.4814950485404157, 0.5322582340828041, 0.5087619560376522, 0.5107384206142036, 0.522091271865653, 0.5335387233552304, 0.4871925056976435]","[0.0665326133904862, 0.12184582142408808, 0.08092304753793259, 0.16787998491898562, 0.07007605632208413, 0.10018992780714203, 0.052476908949625256, 0.0781126017271167]",0.017773576992122012,0.034860403671968535,True,False
17017,"[0.4411482692411711, 0.43825920356647463, 0.5126204800702298, 0.45003757873912564, 0.47723021007540584, 0.4769660098417537, 0.501247638353607, 0.4358177869871451]","[0.11928908986338872, 0.16584170388073993, 0.1292381498702237, 0.13883303931374377, 0.17049485866399866, 0.14551369175863904, 0.14772731730985544, 0.12273627347299462]",0.027864883799616505,0.017619646941360912,False,False
17605,"[0.5215489329086178, 0.46286903667086676, 0.3901044473856344, 0.51320100858119, 0.5271798795806966, 0.4664922382888613, 0.5352171970428199, 0.517704095816099]","[0.07625125823974822, 0.06635339056699723, 0.04288085501311048, 0.058825377505362465, 0.06640788401653018, 0.06879674488677678, 0.037233984557908266, 0.054605776525868066]",0.04605741150284321,0.012526996929477598,True,False
17651,"[0.5050000342041601, 0.5489515793694112, 0.4615428852616073, 0.49027183595387414, 0.5089747818474577, 0.5314807291912301, 0.5275620202854117, 0.5072139234565434]","[0.0687978719070792, 0.06870439355159376, 0.07509909348093319, 0.08733540780191479, 0.06662929465871976, 0.08244281428590508, 0.0878592444367684, 0.05809434488557146]",0.025144713034222076,0.010023264179400634,False,False
17795,"[0.5414846978186922, 0.49604436443840116, 0.5126727050936042, 0.5152789338028523, 0.4287638562598445, 0.5023670891253315, 0.4380472418100859, 0.5370144460371162]","[0.12107457405818862, 0.12920062104736046, 0.13251451960464936, 0.14514497204732432, 0.16112232572049984, 0.11184904512323599, 0.14670425067919077, 0.11003332012291349]",0.03924088306363703,0.016781089194622824,False,False
17843,"[0.48591942349259565, 0.514238951861959, 0.4632969459947093, 0.47358343007373177, 0.45405146760457205, 0.5028325818291965, 0.5067895259501323, 0.5099197475231063]","[0.028371434034372027, 0.06563084772181547, 0.09374757362986978, 0.09084564851053913, 0.07611337742765127, 0.0365903807076364, 0.08871524478993696, 0.04869985136668971]",0.021538981116325677,0.023941854440375426,False,False
17865,"[0.5268020953414554, 0.5368902662158754, 0.5273478858571055, 0.5502664264419062, 0.5341282235064322, 0.5137172731672379, 0.565650646634134, 0.5619991417223539]","[0.12004205759964412, 0.15096212355725458, 0.1182372726003629, 0.12290120362320953, 0.11112537002281841, 0.11696466020477242, 0.10861463196176707, 0.12606915424466458]",0.017011869388059014,0.01223110782492106,False,False
17946,"[0.5271168152049905, 0.4638171345335147, 0.5193281432529921, 0.47679211960435264, 0.4855223774369494, 0.5091291319828857, 0.48399442522367325, 0.49865660884764706]","[0.08991199841234032, 0.077000895077885, 0.07055411965225605, 0.05400582318889203, 0.03164080717776015, 0.04733357396259492, 0.04819542045352325, 0.06318208487418632]",0.020459792518687694,0.017481480939089064,True,True
17987,"[0.4470439371808588, 0.48218602509728603, 0.5213510935640843, 0.4759177428156619, 0.4468858951150124, 0.47482854794367396, 0.498913039507759, 0.49237779962711714]","[0.08856009311599172, 0.07441503482880932, 0.07697695551545025, 0.07209389226561984, 0.08656300556452128, 0.11634113338923349, 0.08265510842236776, 0.07381384312558346]",0.023589268345718655,0.013517520149411016,False,False
18115,"[0.45327779151909503, 0.4523076726639841, 0.4881809935309129, 0.3974209239145807, 0.4552204206797359, 0.47679948400044003, 0.3915831189671837, 0.46566705187829266]","[0.08099173520084482, 0.08490714753625558, 0.06523227585202691, 0.07298587590223626, 0.10140846436606452, 0.07876392741187319, 0.08750937884233342, 0.08655415392132029]",0.03277600407631204,0.010058834966341043,True,False
18159,"[0.4437243726001041, 0.5507934808383033, 0.5125477171867687, 0.5202516485278448, 0.5199982310599032, 0.49553590185926333, 0.5217574267557707, 0.47526571080059843]","[0.0965822125443101, 0.045757727664258445, 0.05065662271134317, 0.07472770666067068, 0.08680401329229388, 0.054371046623720706, 0.07430299439311568, 0.08770011588812168]",0.030864177542891485,0.01779891238734397,False,False
18170,"[0.5010567327201572, 0.40139668569874876, 0.4283323729430719, 0.4845195582899299, 0.4795581863767753, 0.4476502739426508, 0.4346095299688191, 0.51681141990995]","[0.07639629349525956, 0.07393507017476404, 0.06634815791476187, 0.07142414010530737, 0.07000573977773031, 0.08218917142333845, 0.07850083700260559, 0.06596697158567214]",0.037260955919056246,0.005387430368841933,False,False
18556,"[0.5696988925877321, 0.5519082689917378, 0.5374859744430169, 0.5194294306818333, 0.5700802316561073, 0.5236711310310607, 0.5488371165806206, 0.5479514581776739]","[0.09056885420885791, 0.09427031248336251, 0.047747858187368916, 0.07484887254395235, 0.08754323081490921, 0.08451358313818183, 0.11027665561589291, 0.03991724618293374]",0.017554134799996603,0.022274866196210188,False,False
18888,"[0.4193776160899349, 0.4639118100923496, 0.4343765932921788, 0.4678678993765081, 0.4693232680439142, 0.41388949932794034, 0.483491388385761, 0.4863452906519624]","[0.04866606302899859, 0.05699259563569504, 0.030311008196903067, 0.040926704369797146, 0.03677876565417753, 0.05496152234940365, 0.04234475335252802, 0.05227701315116538]",0.026524863825238797,0.008768689292429221,False,False
18960,"[0.4663678609413072, 0.5089395083622276, 0.4934228135462384, 0.5084214059276952, 0.47279932500851973, 0.469966597062879, 0.5067757138055837, 0.5503127774973702]","[0.05258358884917455, 0.07569516012319898, 0.05893962729353823, 0.07671987245044758, 0.10255648453049776, 0.09303897453170185, 0.08427781529603942, 0.02488282921940197]",0.02616842669083431,0.023248494379914934,False,False
19331,"[0.524908536756178, 0.5263544054886923, 0.5489675435818899, 0.5176164643601747, 0.5375131195048896, 0.5422600976114538, 0.5401214115515602, 0.5432633148907103]","[0.15987285674172716, 0.15020147863463337, 0.14078784872819639, 0.17095596684746603, 0.15810810208278755, 0.15929674821105833, 0.1697101709388661, 0.14201279073173972]",0.010169029634849861,0.010615736999160389,False,False
19471,"[0.5692127684557501, 0.5677575488807607, 0.5406227327694799, 0.5298861862912498, 0.5290229852019697, 0.4948639858849182, 0.5478799437439356, 0.5000741247333115]","[-0.0027200859995669888, 0.009066750480413785, 0.002433144270881031, -0.0012368878209019687, 0.013042552617861951, -0.0035057116538150766, 0.01890474105170311, 0.01631208647570055]",0.02582056603844124,0.00837451378368728,False,False
19593,"[0.418958945877022, 0.442751208789097, 0.46411455784811795, 0.4910871679118127, 0.4994956171471351, 0.5170850243960132, 0.5156495047632803, 0.4810821730776915]","[0.019429512304280826, 0.03237441249136776, 0.019370031104073863, 0.008900038458678275, 0.011854344787474, 0.026836925778235106, 0.036395131669949524, 0.022144289058719926]",0.03260415220288696,0.008846747993855063,True,False
19605,"[0.4579467672998172, 0.4458326712867431, 0.4837077004742781, 0.4598012324821227, 0.3961786026432036, 0.4634341663580194, 0.4282058522421366, 0.4824247309077116]","[0.07541641822007186, 0.07887595271041253, 0.06447566131205623, 0.06688541647592795, 0.07126927140862863, 0.0649473633195362, 0.05031936210523165, 0.026622800017536703]",0.02710613051436833,0.015717806714776062,False,False
20013,"[0.5033761993207366, 0.5098633603092453, 0.5300775772067041, 0.47821781253665296, 0.3775613301149918, 0.42465229735422044, 0.47507661352920916, 0.45463367446725134]","[0.05725766978689828, 0.08767109115649285, 0.07008964984661172, 0.12406694402530005, 0.1054215439439592, 0.06804199278790904, 0.0988085049799785, 0.08825138821321435]",0.046418982359955584,0.020564268211733516,True,False
20072,"[0.5256873023152527, 0.5086945928251962, 0.47685222694031926, 0.4796979155480955, 0.4328893209600263, 0.49733871166834714, 0.5296720031945981, 0.4586212196455819]","[0.20736470163026188, 0.21417047135605768, 0.19921890043430118, 0.2112423807301804, 0.22839166812518413, 0.2241445462116495, 0.20152453155796718, 0.23255480686766927]",0.03114912948818369,0.011590011237752431,False,False
20317,"[0.5455874761024213, 0.49396420025596444, 0.5379964831486617, 0.5144266041945684, 0.5447317060791184, 0.476751514363459, 0.4653184390464786, 0.4785698462322592]","[0.016536785722897233, 0.005951652981179122, 0.006003439458085016, 0.018131265768602252, 0.0005625429956593792, 0.012779647814246684, 0.01218833081638009, 0.016585546889408505]",0.030738644128613178,0.005880180559921217,False,False
20380,"[0.2800834694956258, 0.43124790533438495, 0.4133078089636438, 0.45190431783347984, 0.4558157148194701, 0.39296653318341634, 0.2742964058877979, 0.5406610963037219]","[0.02572248531452405, 0.030568170596434286, 0.0567210144221847, 0.043579458472958535, 0.030720320987965535, 0.03515943410524684, 0.008555218158025676, 0.02611050085433996]",0.08424408034126107,0.013145683005399051,False,False
20520,"[0.4634726037513712, 0.46773276162630517, 0.537665032361951, 0.4135720782271274, 0.5029325599988098, 0.5118952372677035, 0.544038775959464, 0.4956048651956416]","[0.14150781960015346, 0.15408221093692362, 0.1253673833416656, 0.14735207402537276, 0.13812379715112655, 0.1435435355875655, 0.12646956193781006, 0.1469999951202437]",0.04011734580391479,0.00945656798926332,False,False
20545,"[0.4194063400303443, 0.5319153438106441, 0.4609542582421987, 0.4764541574735017, 0.5236637846510912, 0.4271704197882094, 0.3997148815123632, 0.4226025938235261]","[0.19277148010116635, 0.15274661169067333, 0.18331704267057225, 0.18345819031646482, 0.1604551706396344, 0.17217990675108277, 0.19300905885065386, 0.1846073905045706]",0.04638695719818221,0.013803769083158694,False,False
20863,"[0.520758139312191, 0.4712250848315176, 0.4518101705864075, 0.47931138970183224, 0.4508153569492116, 0.46891974489907706, 0.47805209074516664, 0.5054317873373473]","[0.1519588900107347, 0.12613424349654712, 0.14555655451868255, 0.13378124897956295, 0.13609453269700234, 0.1367437950925094, 0.147834468293824, 0.13922785640721652]",0.022735081361208342,0.007840304591318145,True,True
20882,"[0.5435839459768144, 0.525453192993117, 0.5423005931595581, 0.5476120518692359, 0.5217100620772639, 0.5448096762860222, 0.5287063292800962, 0.522193145655901]","[0.1623164062503655, 0.17701118994542347, 0.17287352949866755, 0.16379168060791333, 0.1616273002342573, 0.18508368497732197, 0.18278287447321745, 0.16235462441720622]",0.010319993646823108,0.009129501429950584,True,False
20904,"[0.5637025575453132, 0.5418971070799696, 0.5574447221061631, 0.5776202334549687, 0.535572551023791, 0.5597368738961384, 0.5296883167903943, 0.5514827440375933]","[0.09013865689921872, 0.15517545389463563, 0.17934799279266728, 0.14931809557616746, 0.07127236751549995, 0.17989683739880385, 0.1451244455623083, 0.1782107617715817]",0.01480158272800769,0.0388131503192435,True,False
21295,"[0.5251816455568392, 0.5632533881121177, 0.5581890715210871, 0.5356226777931329, 0.5793230277297536, 0.5130764762839682, 0.5099759875147306, 0.5426393129883352]","[0.12181212537766942, 0.1037814889748279, 0.11864661823596459, 0.13830099234549226, 0.11693602194490359, 0.10558552782854161, 0.1197988525891032, 0.1089392706676019]",0.02313898108673738,0.010349081517219577,False,False
21414,"[0.5467160008320312, 0.528795935337806, 0.5553730880570005, 0.5110287716780938, 0.551441376234125, 0.541588777602575, 0.5316461091209095, 0.509478664059275]","[0.1601923244749332, 0.1464530804987669, 0.14515204734913284, 0.14558584437345418, 0.14725400469712002, 0.14845379005525144, 0.13982255147693354, 0.15635436721633095]",0.016354753688268074,0.006112939930161062,True,False
21436,"[0.5530584576359749, 0.5610663302535394, 0.5710360456559235, 0.4297878169817026, 0.5038461859262138, 0.5269009382069254, 0.5752472294863125, 0.5310108427908948]","[0.04617546477666777, 0.049814745757807824, 0.046037415290178255, 0.03936740846385816, 0.03687123279885252, 0.01689824817076941, 0.048874030244094605, 0.050337697529484166]",0.04464771265026153,0.010455728897565755,False,False
21558,"[0.5110194877079166, 0.48534366244079197, 0.505739908090798, 0.5301097455416195, 0.5270432408949849, 0.4944814572023658, 0.5064211863940478, 0.4926190490874671]","[0.1214736512072612, 0.13546881612230138, 0.14790942364566417, 0.11653794070533545, 0.15652150585576863, 0.17489861723502065, 0.15508072199089845, 0.14218997347254045]",0.01493776978900739,0.017981853860538403,False,False
21887,"[0.472089528890806, 0.4783584745469417, 0.44605958786720057, 0.5128800053888516, 0.518512083833914, 0.4799831706525486, 0.5155975560126441, 0.4978372583717642]","[0.04678001043051286, 0.04937297777651696, 0.06920727147817181, 0.09473739141991402, 0.11892697373261521, 0.12630330058217742, 0.10863306516454985, 0.10117492389241137]",0.023822995225827575,0.02871653473588806,False,False
22215,"[0.4938801051277323, 0.45974489275088215, 0.49175438268258653, 0.507972321360839, 0.5098014590421557, 0.505885016377471, 0.49337243428569355, 0.5132282265571979]","[0.06175186443318238, 0.05952981509143303, 0.06528386548157071, 0.06255922181118832, 0.07676219006215249, 0.07039977745969067, 0.05999741844851633, 0.07867731347770757]",0.01606589645938993,0.007054537893180536,True,True
22299,"[0.4668936898607127, 0.5373324380689821, 0.47695885367683866, 0.5062121736318843, 0.5159373939029203, 0.49980264125340923, 0.46428718317281714, 0.4600310873009681]","[0.0707474791598917, -0.006263847543419726, 0.08450519367187435, 0.09164595975899564, 0.10420875098274343, 0.06277052016404552, 0.11202448844581425, 0.061874639250215135]",0.02628769722125944,0.034446357551225465,False,False
22303,"[0.5314863500275173, 0.5142687857048827, 0.49712109970029306, 0.49096698354306345, 0.4907913253576479, 0.5102820953949124, 0.447322397106983, 0.43806485605510187]","[0.10129021407384027, 0.06145631537566168, 0.08426745198148933, 0.08736278262479291, 0.06085561928066158, 0.07162675107922112, 0.03897224271167461, 0.07627119407426938]",0.030191785569814958,0.017973413034346984,True,True
22452,"[0.4557864744418092, 0.5473135821032357, 0.3626775769864948, 0.4968510304688402, 0.48534870610881864, 0.47687888317130683, 0.509763066127464, 0.4875748119690919]","[0.07361429338784521, 0.02129452614489844, 0.022624817549596235, 0.031326907308410076, 0.038273538023387094, 0.05366809172583292, 0.03887486634095939, 0.04155653356567954]",0.050134641360094566,0.016008712026143606,False,False
22793,"[0.5020726554712078, 0.5138588679582892, 0.5153705672124556, 0.49319763858578136, 0.5336064115991428, 0.5256787415984677, 0.5201829315831804, 0.4915575664049013]","[0.16191600033883394, 0.15514309832902767, 0.1789512959787493, 0.1756613081621719, 0.17125655875188112, 0.1673594359187772, 0.12725202793382573, 0.19255377270924068]",0.014167159975139393,0.01813514587935827,False,False
22803,"[0.5380024587796681, 0.4814272443096037, 0.4559427044875545, 0.5118830204178946, 0.5440382883996043, 0.5294529180509737, 0.5492109930447564, 0.436985595560587]","[0.05919751002767798, 0.0733364443853047, 0.06324345347798105, 0.05822879173709339, 0.07631237793252144, 0.06976305715384988, 0.06611249617640269, 0.049698238029809216]",0.03999267049371336,0.008185574260782338,True,False
22924,"[0.4694375762346203, 0.48318535363308135, 0.46887455441412385, 0.5075402668600847, 0.46002774325302087, 0.4928612013993954, 0.49444023475779486, 0.5254463196587871]","[0.15424698727660838, 0.10311995657452733, 0.10698045762536341, 0.14235265642854827, 0.14148578319865818, 0.12489123420163172, 0.1356554454585283, 0.1299387209477793]",0.020507721915974764,0.016517908466377206,False,False
23314,"[0.5644961006190078, 0.5342038076826472, 0.5517732710670425, 0.5330056328968442, 0.5339302086186943, 0.5098892656657084, 0.5456837969121844, 0.5105145383907679]","[0.14711415984572138, 0.14766839656212416, 0.1303404358420669, 0.14369308901106015, 0.13328336919614142, 0.12457500128861115, 0.13270973004000358, 0.11392523223457549]",0.017677034818870854,0.010954140624842096,False,False
23445,"[0.5750966125246662, 0.5206652760717798, 0.5075730191690406, 0.519438289341737, 0.5649324742236062, 0.5244311076800545, 0.5040937834227295, 0.537662954739232]","[0.12373950853373245, 0.12546392706248177, 0.11003600392308992, 0.13509563180635348, 0.09031775969797523, 0.11451106190288042, 0.12486757577245367, 0.1317346011503104]",0.024218730498175498,0.013422532169569838,False,False
23479,"[0.5184587453791327, 0.3916951842276024, 0.47961511565363624, 0.5101188941842175, 0.5391127908264375, 0.5367749893724643, 0.48355328970959527, 0.5196094052247611]","[0.08476751827622853, 0.09125821093600744, 0.0843330423797427, 0.0684463028685138, 0.07683755507570686, 0.059320214209787864, 0.0696408508186054, 0.08044915032004313]",0.044819608480066685,0.00980505580760153,False,False
23623,"[0.3839689466053492, 0.4575238816861498, 0.33261329948267715, 0.4724063589307797, 0.465647486577245, 0.36680266699745945, 0.4102152840772351, 0.3122996259942713]","[0.045033694684123445, 0.03227380029481656, 0.028311232503483486, 0.03948024175990255, 0.046271130755699864, 0.05049612190911219, 0.056659063895706574, 0.04526146411775182]",0.05761589407982724,0.008702776603832027,False,False
23633,"[0.557488914639303, 0.4653782748957291, 0.5018456110167264, 0.5227818853452726, 0.5207999688113054, 0.5546565415162779, 0.4910316680969202, 0.5369951165249234]","[0.08022732595513961, 0.0871403936125245, 0.07686071719386488, 0.07634591045994173, 0.10320931879673607, 0.07451721764045835, 0.0775654432733818, 0.09987399396876306]",0.029677036060816737,0.010513141370505595,False,False
23642,"[0.40414235744719595, 0.44097696701499745, 0.5044378485988521, 0.48917712533343793, 0.5020449652493988, 0.4442091738809435, 0.41620833386627965, 0.4415524500034931]","[0.03963842480987787, 0.08157262651872066, 0.08895063507864454, 0.0617659806217018, 0.08174281459953683, 0.09356393358323456, 0.07096424437986291, 0.08841810992008485]",0.03607228489257831,0.016749423044156768,False,False
23803,"[0.5267359334031636, 0.5453026619090098, 0.5289509512616939, 0.5301671855697515, 0.5357344927955277, 0.5768374475367304, 0.5624152986827695, 0.4993823246762613]","[0.12858666315767653, 0.13446456605672416, 0.1154100585419297, 0.10849125063161642, 0.12250479773471565, 0.10875000666319579, 0.1238211673585162, 0.10641340091309914]",0.022147422666335816,0.009694121988381928,False,False
24062,"[0.5534778476848261, 0.4992547816604684, 0.47200518239683165, 0.493170141201043, 0.5323536438664181, 0.5305987414610469, 0.3871823042968745, 0.4290317549477907]","[0.03944979212700227, 0.016844990180386647, 0.011488455304403986, 0.03298932015756548, 0.021049084623331035, 0.03762668529083456, 0.056489633036163195, 0.036979793743532705]",0.05257607332636803,0.013609789779655017,False,False
24103,"[0.542192243826858, 0.5435142263806837, 0.49613705210444786, 0.4823842763536127, 0.5342744171603431, 0.5241141407045636, 0.5294806064723232, 0.5022202086247033]","[0.08075343787782088, 0.04932737312573777, 0.07617415137577327, 0.04947464353096396, 0.07025540841433225, 0.07128453037742274, 0.031006190241992103, 0.06255008541597544]",0.021367173064679414,0.015740094579052476,True,False
24306,"[0.47515582747404694, 0.48251238581718414, 0.46415189738449614, 0.480011660660073, 0.48772653585817594, 0.43916774551704624, 0.4771390510599613, 0.4902264578711619]","[0.0877534592480715, 0.07143300536423244, 0.08766569443388225, 0.09639173961463064, 0.09446836822164528, 0.0847850677851438, 0.08113699189349102, 0.08192927265292706]",0.015328423534876586,0.007405249200077494,False,False
24700,"[0.4931795114346775, 0.5279193796147846, 0.5310861662063668, 0.5415810163677883, 0.46655114290867467, 0.5336548266901152, 0.4560648389956117, 0.4878914435324956]","[0.060870617253887864, 0.12580831918594482, 0.12612708536306988, 0.11835694232793084, 0.06169106087009961, 0.10761427887893238, 0.07843244626459395, 0.05046638071296282]",0.030963508057103514,0.029659411349917116,False,False
24790,"[0.45351935972888735, 0.47068900103967215, 0.3636047464192341, 0.32733893820892124, 0.4827086734961188, 0.41816438088413876, 0.33629596395741057, 0.4895847959367694]","[0.025181271758744087, 0.032132295826141924, 0.0535603077285718, 0.029912115959993282, 0.023898135254348345, 0.05072509791535623, 0.04999153593717381, -0.00807367010724843]",0.06245263331818537,0.018912173478987465,False,False
25150,"[0.49746748448635664, 0.49182780550173516, 0.49018189197317286, 0.4935324707576795, 0.4999339460703429, 0.5251979549845338, 0.5044433943597391, 0.5141668425590465]","[0.12518458398534427, 0.10549731218591318, 0.10966136355729075, 0.1056737504099046, 0.08568035914249786, 0.10568323772491023, 0.10471241266274053, 0.11202814617215084]",0.011356326684375705,0.010174195091365228,False,False
25166,"[0.4822944868494269, 0.48683258821199615, 0.553294136365519, 0.5061063811947477, 0.5345940886032934, 0.5226238968879653, 0.49574648215207806, 0.5035288617542507]","[0.05430355579618332, 0.06212372017971213, 0.06103923385509495, 0.06194958892728267, 0.04604813869845549, 0.06848601870057994, 0.06878531521376799, 0.07078239193384622]",0.022912840558814093,0.007738760703878725,False,False
25339,"[0.5199297776851138, 0.4848375559041844, 0.48282444118638945, 0.5283338493001355, 0.53882367141074, 0.5302301855483743, 0.5030386935174996, 0.5212017547841807]","[0.06226933815430018, 0.06333554111244363, 0.0891412661677064, 0.0895638747907494, 0.08572158389679707, 0.07761195639823265, 0.06015800199389262, 0.09975045788260108]",0.01972836824867453,0.014008777289243275,False,False
25360,"[0.5552854802123645, 0.4734875507657569, 0.4877904855882772, 0.5424743638117867, 0.45599994077025496, 0.5802662477341842, 0.5190615570514355, 0.5638610869153602]","[0.13994021192275008, 0.11982293066740096, 0.14031980649354556, 0.1128125905641755, 0.10718868005404174, 0.13336095760026595, 0.11290479972646919, 0.12900016624911625]",0.04266468106092008,0.012144868684311113,False,False
25374,"[0.5374000312811955, 0.516339996207979, 0.5315723876963141, 0.5533425010559936, 0.5805923646152472, 0.5241807933193485, 0.5445814063793701, 0.514164244613077]","[0.12288003798759782, 0.06523998823242733, 0.07685872634893312, 0.0686234080855328, 0.04792506971648731, 0.1089684682368033, 0.024837069340083073, 0.11623256751446004]",0.020501047220020028,0.03242429312175252,True,False
25447,"[0.4811306831917387, 0.523936905851907, 0.5375405876739927, 0.525679347661739, 0.519052047629461, 0.5124658894990104, 0.5416388022456076, 0.5609810999988865]","[0.07824572074145936, 0.0877394050802931, 0.07523053602848725, 0.07354021222532989, 0.09042749340272803, 0.08983457368858723, 0.07614838578562616, 0.08524544638392165]",0.02192775364957341,0.006534383497129768,False,False
26070,"[0.5135306079097893, 0.4806648578063188, 0.418782441563315, 0.44362180693095354, 0.5273755729805742, 0.5287658652904019, 0.5180649793734429, 0.4860563876770786]","[0.023293123829767864, 0.012835336124969728, 0.03558342991163864, 0.04140554983257507, 0.02360740873399611, 0.06276029095272824, 0.07502927524702954, 0.06984449905687704]",0.03802203678489782,0.021991029116796245,True,False
26146,"[0.4954812329799051, 0.527341571417832, 0.5173774278166209, 0.5517614102206305, 0.4765680639329273, 0.5349855832187431, 0.538053899130639, 0.5691493050122591]","[0.10645173329916605, 0.09220370440621678, 0.10668789146682175, 0.10466556823946135, 0.07804517490978471, 0.09815466435897864, 0.09604417394578399, 0.07627100549029955]",0.02784260719271404,0.011280528930485097,False,False
26419,"[0.4710754073944732, 0.5366217493969514, 0.5899231134344523, 0.5470879216092351, 0.506594747983817, 0.46689840199063787, 0.48585859448544577, 0.5213744584444421]","[0.0657472293164248, 0.0901545227694272, 0.05658864877071497, 0.08874550014563526, 0.1109982461879302, 0.06664411593134159, 0.08967499584990805, 0.08313976860194519]",0.03922778538551898,0.016418262239939158,False,False
26519,"[0.38724339197691415, 0.3307742256273113, 0.4234274977653258, 0.5198369622955789, 0.3943043871249986, 0.4018182953224212, 0.358564597587325, 0.3962204234388068]","[0.022988201321321473, 0.0008995554753912019, 0.029331508646341892, -0.07294460120770327, 0.01678380319255767, -0.027660417736491694, 0.03487435635109937, 0.06869901514776326]",0.05197719956864131,0.04035388066559996,True,False
26535,"[0.42255759345746957, 0.4556683899852868, 0.42815429978991976, 0.4186315010944104, 0.4899448803738376, 0.49087916123516917, 0.5053279968885781, 0.47784876300366885]","[0.10682415388645078, 0.10533908874403929, 0.06382422865461472, 0.11498612168749578, 0.12242477634112334, 0.08365263012248743, 0.09535596420177103, 0.07514239472025143]",0.032325432596789626,0.018994372216787837,True,False
26749,"[0.56025152434658, 0.5398945927880753, 0.5337459344181085, 0.5500624993158236, 0.5353856553712661, 0.5568311685916653, 0.5537653752036629, 0.5564648955267846]","[0.1491183152922261, 0.14291814024263855, 0.11149681263277438, 0.1564139757851944, 0.1459159411445723, 0.154137898796961, 0.14775604340553555, 0.16041325558349928]",0.00977569698842624,0.014120893380313937,True,False
27131,"[0.4980477290879426, 0.3923664914076821, 0.40501854639299895, 0.44892032424041456, 0.45695832493209626, 0.5263791572771023, 0.4619094345588887, 0.4641586684892204]","[0.03672960569424861, 0.12242849653934094, 0.07378077833993679, 0.0592731929326894, 0.11408295200787241, 0.04559054838495809, 0.06912982207613717, 0.0981378121193032]",0.04110649206296874,0.029324177256623576,False,False
27196,"[0.48838795934278934, 0.5347536722523143, 0.5691422928816392, 0.5765510639545107, 0.5321627992584587, 0.5333479429349036, 0.5486675398991616, 0.5114902701129415]","[0.10125431268335736, 0.11024305672780002, 0.12729250161659195, 0.12873357461548862, 0.135806416397738, 0.1405194730031592, 0.15207877987720114, 0.10504932355156758]",0.02690010234885933,0.01691753250606153,False,False
27240,"[0.510584295757669, 0.47968966949110614, 0.49763301113406444, 0.4695311342449781, 0.5052807003305526, 0.512295379000721, 0.5144605578204556, 0.5079780414567231]","[0.07938018540533281, 0.05166256362217589, 0.0830584520750507, 0.07505111513728077, 0.07927764245394378, 0.07469423889306867, 0.08859564599969653, 0.08343831780011973]",0.015449511489596387,0.010455145286307392,True,True
27260,"[0.4983350708972132, 0.5031897572235885, 0.5160053355555942, 0.4846152083411639, 0.5139004781231598, 0.5517920329310824, 0.5144145942419607, 0.5155271418355913]","[0.07941677154801577, 0.06976668384544127, 0.06303470467692479, 0.06262474503294767, 0.05750199065110459, 0.06207592151367247, 0.056647955850494064, 0.03145108455632052]",0.018149424951294308,0.012867256958748692,False,False
27648,"[0.5609702223356007, 0.5253246135424098, 0.5146033628978586, 0.5513716400101838, 0.5482816436659516, 0.5387540307021487, 0.537585538530039, 0.5317031624014854]","[0.09904225190636753, 0.09449351916737808, 0.08521183844191135, 0.09744579151303889, 0.0904704262579401, 0.09650323622843485, 0.09995236875996508, 0.09931849107566731]",0.013955125719112327,0.0047905567433022414,False,False
27688,"[0.5043823535986929, 0.5037978933729622, 0.5290490656497024, 0.5096229628570608, 0.47320985784572644, 0.5019836263097098, 0.47133229026560974, 0.4669161524203613]","[0.11804349111490346, 0.09470323507235899, 0.055798664493448266, 0.010882243737870754, 0.01958172331858651, 0.022546382406892572, 0.07109483957602199, 0.04065465310861125]",0.020648955458748,0.03582032401040272,True,False
27781,"[0.4841607112073847, 0.5120278136906564, 0.48998154128487337, 0.4927178345722931, 0.5033296204989333, 0.5125174372245165, 0.5048290691342516, 0.5122236875094147]","[0.04047979695858448, 0.044381859312880086, 0.04581470202814762, 0.049248201118234886, 0.053005884609357665, 0.04752992678549162, 0.05428391498023658, 0.037374962209757855]",0.010440863792500572,0.005431306940353704,False,False
28157,"[0.5367253581461531, 0.5538857711890319, 0.5137148151891623, 0.5309345951687958, 0.5153556185102381, 0.5477139390122161, 0.5350849749525743, 0.5619059938573425]","[0.1535715230898477, 0.14247776216411157, 0.14642013934485182, 0.1693800677626457, 0.08063714469966012, 0.15390930142982623, 0.1305643898777989, 0.14618237187836622]",0.016091067535692966,0.024844937262838873,False,False
28253,"[0.5547922765606292, 0.4977878380530657, 0.5303127737699065, 0.5408031619848435, 0.5677727971699937, 0.5292760028699343, 0.4926155118626331, 0.4723588712668316]","[0.05661724678026327, 0.0633312342942935, 0.059612352423813866, 0.06261607984444775, 0.06573244000474185, 0.04593194102824797, 0.06511789749422503, 0.06971232003509205]",0.030716840540873556,0.00681384695574916,False,False
28276,"[0.4939231199331533, 0.47106706082838057, 0.5061308090277038, 0.5412000960813586, 0.4432945946657382, 0.5046749550815794, 0.5027987783647647, 0.507324610109479]","[0.09238230909344217, 0.07300592808475759, 0.12391381172876907, 0.10955276587187576, 0.04886103469315061, 0.10731201214000183, 0.07738186801636297, 0.11873048347815521]",0.026922349459438583,0.024193220159661404,False,False
28309,"[0.5171155032678488, 0.5418182737413357, 0.5529659457324045, 0.5475991185176916, 0.515954028722395, 0.5240961479845183, 0.5492037835086602, 0.5540538955652674]","[0.11208036123698889, 0.07395856755167517, 0.06713436453373706, 0.10231677077485159, 0.08036149954897158, 0.10691957942077687, 0.09462909638489461, 0.09753341187382902]",0.015121509133422964,0.015202331148249945,False,False
28511,"[0.5584593405738126, 0.5360231135129585, 0.474057795041121, 0.5516813283983788, 0.5392911434772878, 0.440138092027536, 0.4862354689393763, 0.546093660869032]","[-0.03166607508886274, 0.014320810095548347, 0.050599129438206485, -0.02002098343126932, 0.02031806726738119, 0.028457194231842356, 0.04567174409525185, -0.0012881623933911242]",0.040809172706845316,0.027532346999025643,False,False
28548,"[0.5305241125588351, 0.5282569943794058, 0.5253399319166396, 0.5690788900501551, 0.5492813657839868, 0.573231083902394, 0.546178759642149, 0.5740313084103943]","[0.07444921169685226, 0.061945486223052085, 0.04972482729933579, 0.07189813185205042, 0.07268983344483207, 0.07185261296386075, 0.07128135008662706, 0.07528822136676691]",0.01921724010977195,0.008099847495612602,True,True
28979,"[0.5465901936339856, 0.49702849807449795, 0.48455612174614254, 0.5232274656798312, 0.5622134866092339, 0.4910897020972836, 0.544022042401367, 0.5120114415866921]","[0.019438475829919803, 0.025660576121870442, 0.03692819009261014, 0.0355957155819211, 0.041771455255056114, 0.02817682161235278, 0.04404151012519804, 0.02333206247920131]",0.026832826084753285,0.008405997646432373,False,False
29018,"[0.48587621935765757, 0.5104624704922806, 0.5207353899295539, 0.4598533759505794, 0.5039441289243216, 0.43974606751958967, 0.5053984717182906, 0.4485909639279715]","[0.13054190234066054, 0.12066208723501667, 0.11311284247540883, 0.10034152312574215, 0.13187644421403968, 0.10363470681077572, 0.11946342096331547, 0.12222770542867521]",0.02894683597236895,0.010714782265001905,True,False
29179,"[0.5651067062601903, 0.5376838975764375, 0.5373216587648219, 0.5106985260992314, 0.5472378183367257, 0.5642353238165678, 0.5162069529061584, 0.5501488005956219]","[0.162923489659125, 0.17604987032128094, 0.14870667409796584, 0.17614027929332576, 0.15892266601165675, 0.1530380331924181, 0.16285545419362443, 0.18652514713164747]",0.018711542474797845,0.012044776942748006,True,False
29221,"[0.5527420031490999, 0.5215428042409654, 0.5205061814880053, 0.5238201864078398, 0.5048700332344835, 0.5291669082892944, 0.5321205804140737, 0.5078280948060415]","[0.09216482727254699, 0.09668614965494098, 0.08317964676948587, 0.10144990049169111, 0.09565782454868212, 0.09462446190223317, 0.07962154737573446, 0.09217518057092287]",0.013984196661930914,0.006732258392980834,False,False
29400,"[0.534911933040391, 0.46787115682758185, 0.5166062475681212, 0.5080857268191791, 0.4454828900158364, 0.4650608964813092, 0.48269283799970975, 0.4515284841306361]","[0.08086109489533744, 0.06882066414967564, 0.10413041230030791, 0.08006390147626319, 0.04034317889408247, 0.02703943704801967, 0.0726606340814153, 0.04907835036393471]",0.030401094415883987,0.0234102174623125,True,False
29511,"[0.5560467907637874, 0.5336306145460229, 0.5129723568127273, 0.5369323808184824, 0.5010891340199208, 0.5714823578629307, 0.5797820170491942, 0.5028234847802835]","[0.07094415850227777, 0.05693781885658447, 0.08169297036820347, 0.08209090645921334, 0.0647749748672393, 0.05715180435924183, 0.05798072407661191, 0.06936130170418288]",0.02834658536112069,0.009658154793531425,False,False
29591,"[0.4140950060789697, 0.4527822094737848, 0.4665127488879709, 0.44267674874580343, 0.469665912081758, 0.3895249493145781, 0.4819655724264573, 0.47948832056265966]","[0.07499540956064925, 0.021065445675745004, 0.05012880806863251, 0.02574469272005772, 0.047921876239975424, 0.0676551743723093, 0.023873663320406927, 0.032029626687650914]",0.030735153083790514,0.019273109349894606,False,False
29610,"[0.500964756567313, 0.5307973913612032, 0.5024824093774797, 0.2826929928973526, 0.4986101037236775, 0.5429811866531828, 0.5725350772269638, 0.4983028362924812]","[0.09624567078089091, 0.08180251849050885, 0.0743650072541818, 0.05762405653538244, 0.09004483617675456, 0.0886377464709225, 0.06975159361287545, 0.08106130328671252]",0.08266484126017601,0.011625646137477644,False,False
29717,"[0.5382610455719223, 0.5371750897610384, 0.5567372391404279, 0.5546872065749897, 0.5379166522374937, 0.5435592279758659, 0.5195515967497001, 0.4720624026659204]","[0.11108262814482343, 0.1298217454297863, 0.14103044646251173, 0.14107617106731138, 0.11653195097392892, 0.1376524512697897, 0.15272620566539546, 0.06322099195339204]",0.025265521624023197,0.026324094581419145,False,False
29815,"[0.5525060081026203, 0.5456940592903131, 0.5584086121121916, 0.5650731688517988, 0.5570046131040893, 0.5575292833168808, 0.5464375075076379, 0.5278258781456135]","[0.1522829255131733, 0.1590669128592461, 0.16647628087731337, 0.16457793329860465, 0.16016466425218379, 0.1757046647627986, 0.16119076872781557, 0.1334335012870219]",0.010718777926172986,0.011569780421724143,True,False
29831,"[0.525758975056486, 0.5126972575954718, 0.5211484145332024, 0.5754688517406323, 0.5362250186018391, 0.5564090004663711, 0.5477048721470122, 0.521411508055411]","[0.08236186942377559, 0.07651306109497956, 0.07737330168788711, 0.057180136091617886, 0.04610201189437071, 0.054588344825174995, 0.05318150454696137, 0.08716349950285587]",0.01994658385302863,0.014656560316369024,False,False
29903,"[0.495745197528334, 0.48819457494461815, 0.4828835911796381, 0.4843638445432842, 0.5356837040688167, 0.5142867745029784, 0.5160713026853674, 0.5176195568820856]","[0.06649169230053922, 0.08511321184826295, 0.08772013799933842, 0.06080844422103345, 0.09294793693986397, 0.06523154063150817, 0.07304959715144335, 0.07235606614598819]",0.017990635696002275,0.010980025573209406,True,True
29942,"[0.5120705011238907, 0.5095124855517587, 0.5213272585087686, 0.4973456665371646, 0.5464040592352646, 0.5029081445344726, 0.47093548899282744, 0.5690740441208981]","[-0.019094809397436328, 0.0002444377138755586, -0.006011035682851065, -0.0017696193464368628, -0.02074922770331846, -0.02047297212382966, 0.0016549971057563777, -0.01662596857496056]",0.028233511410599505,0.009187556195009541,False,False
30016,"[0.4583258390202438, 0.4911094022753658, 0.46109540951336947, 0.4997256857555533, 0.4682642652013118, 0.5402484749731629, 0.4718423670387073, 0.5192183312277723]","[0.1202753339401323, 0.09427845356059478, 0.10028551604773944, 0.06398000941050136, 0.10337727258309914, 0.08423785928086737, 0.0601830048094434, 0.09511889199147797]",0.027618789564581567,0.018857246104836498,False,False
30068,"[0.5079669584475657, 0.5707896601637539, 0.5438120020022335, 0.5570176359637661, 0.5380339389630586, 0.5327543467656324, 0.5529328610991618, 0.54698136837668]","[0.05970731233348508, 0.06055087802855144, 0.07109619595173464, 0.07315431945867465, 0.07071247470470213, 0.05994010178081277, 0.07359218105988943, 0.05226475420672308]",0.01744970376742789,0.0074630855057053035,False,False
30077,"[0.5454366645550317, 0.4945518732802805, 0.5660092734740367, 0.4685714745737929, 0.5608625735488166, 0.5188410021576104, 0.5054351998977882, 0.5447368524138869]","[0.1888525097889594, 0.19163631465980047, 0.21332781592351002, 0.17434091048392797, 0.23098230634241623, 0.1310645183957751, 0.151622572788957, 0.20209517313888992]",0.032219165872746924,0.030419457656481994,True,False
30139,"[0.43943399279001594, 0.52623714847441, 0.5171023076878649, 0.5215041384219228, 0.5126883665649156, 0.49257631744590336, 0.5071052662853411, 0.5193770211490389]","[0.09568940730381725, 0.09611895650463281, 0.09445229616592224, 0.09820890736823706, 0.1064442902738703, 0.10021144461818278, 0.08052733421602913, 0.07230365481094052]",0.02643715294932164,0.010385461069650817,False,False
30888,"[0.5362561350093445, 0.5444325871803937, 0.4464444007981437, 0.5661116071201785, 0.5246895370220399, 0.5598571363144865, 0.48001313533652856, 0.5144025343770455]","[0.05951110643402843, 0.05710644025091697, 0.05707229257683498, 0.06419966128840314, 0.05218255455904501, 0.07548017368144246, 0.0551785133996765, 0.06979035103266357]",0.0381119357734898,0.007423186580886485,True,False
30961,"[0.5560708588307164, 0.5024339159355949, 0.5607610282826613, 0.5051873119423133, 0.5208800620567999, 0.522451858475256, 0.48488169168645967, 0.521676775571146]","[0.15633228879577188, 0.1941905701282979, 0.15734131617440666, 0.17821421333420023, 0.17911665411633057, 0.18603995661811032, 0.19396343221838316, 0.17464145089829092]",0.02425831709337401,0.013639496376961081,False,False
31234,"[0.4843421569877124, 0.491367242485517, 0.5255423106202652, 0.49919737211585435, 0.47722283909625834, 0.5018573699463089, 0.5136067196757728, 0.5497105740839616]","[0.13052149891286202, 0.10778806915798497, 0.07092646019506314, 0.12063296695200407, 0.14649862384869472, 0.11349564582941549, 0.0980852199325893, 0.08184790217649372]",0.022141026795841137,0.023269302521064125,False,False
31244,"[0.5025329936146906, 0.5217665462196638, 0.4697678273126758, 0.4678589737901544, 0.4657333884833092, 0.4798624174727096, 0.503894233256541, 0.5132762679956997]","[0.0888482294484385, 0.06977298968077464, 0.05310641268372406, 0.09665588132547837, 0.0749864199289467, 0.06292032314267008, 0.07862102168610646, 0.07041423275895439]",0.020885030542873256,0.01296500066332034,False,False
31251,"[0.46633710917556714, 0.39206165396045634, 0.4304545095525012, 0.41169892111195455, 0.5088010140310889, 0.45753704810074647, 0.46174973524691254, 0.44478359144310947]","[0.09007832841814103, 0.06491673640280692, 0.08686792444553565, 0.07797219455129711, 0.07398308839812999, 0.0911993829593104, 0.08088433315037807, 0.07532669641645182]",0.03366024586867478,0.008399556779215705,False,False
31280,"[0.5222823776571487, 0.5565817529623115, 0.5498447689314266, 0.44447810260815757, 0.49408966573593344, 0.4815768474576471, 0.5274950446580211, 0.5722544744366154]","[0.1251426840683011, 0.1315647505491166, 0.1430740715219203, 0.14450678408631878, 0.13080701656324176, 0.14242609000517284, 0.1454692253389731, 0.11845955450342596]",0.04008717785786462,0.009488106064480532,False,False
31503,"[0.495862452884815, 0.542746539077545, 0.4795798459107623, 0.5495352592470624, 0.48809146436314277, 0.4867384929377637, 0.5235885898355563, 0.5070333664615396]","[0.051652603563104506, 0.02170504808902065, 0.05164422064721949, 0.06076995472472813, 0.05113282867461663, 0.058740539098376184, 0.03531160629286999, 0.056306498860572506]",0.024923232228310294,0.012424542293291688,True,True
31776,"[0.48646717539200846, 0.47675172561380635, 0.46448157721644956, 0.49233399460606764, 0.530580274963921, 0.47096480166136967, 0.46921383728572086, 0.4462607263603765]","[0.11224899023832288, 0.08190625477641282, 0.13518472557036249, 0.12449200210202288, 0.08472183274182747, 0.0835141467702012, 0.13641303285115053, 0.1384654918945465]",0.023288727551487788,0.023587936042846046,False,False
32051,"[0.5088723667147643, 0.4629604217806342, 0.4936988566319604, 0.4735818148466304, 0.4926926397287752, 0.4464486574347952, 0.4572276093553075, 0.5400727523686785]","[0.0662310414428299, 0.06516899526927872, 0.05231658768324658, 0.07432853025125337, 0.07473455870954608, 0.05393388635145628, 0.0723436732728682, 0.06299751075299215]",0.028742183271433932,0.00809372198783966,False,False
32062,"[0.5122301915299856, 0.5100581002656596, 0.5139873230313269, 0.5160130500639882, 0.5101165623492885, 0.5523761282101003, 0.5538913741249407, 0.5183212725663291]","[0.014572757414197012, 0.007857118648772574, 0.04165942214586477, 0.0315411923917136, 0.02848159784435471, 0.006124084315945532, 0.00660914397507628, 0.03565436710639547]",0.017383592165829683,0.013456210135738,False,False
32140,"[0.5321106686655079, 0.5890706656742974, 0.5697399540999968, 0.5892937031104599, 0.5494994167815913, 0.5656706992345467, 0.5710482032141992, 0.5622959546694763]","[0.21444033024657727, 0.21829706499412738, 0.23442719348303168, 0.22163707805296384, 0.23530947152855564, 0.23890566723882742, 0.2283316196860182, 0.24403712871806935]",0.017849515990477953,0.009831484816464748,False,False
32365,"[0.5501475220324366, 0.5542312711904771, 0.5310012381697904, 0.5322246407330544, 0.5580618349058075, 0.5572832563561779, 0.515863471551531, 0.5054927820204349]","[0.10323635738195613, 0.10133480493372522, 0.10242924474827261, 0.10770277965044608, 0.11966236632579164, 0.10531460391256789, 0.07292978054064295, 0.08708212647777325]",0.018756360587861166,0.013190905042971613,True,True
32427,"[0.48021654400218006, 0.5545232631113498, 0.4511479207243614, 0.3964406955786345, 0.4620085061534379, 0.4675791592045609, 0.4877255412678278, 0.4732814925667598]","[0.09764663974590351, 0.0757478755592489, 0.09188073822120257, 0.08863866663549952, 0.09284811572591727, 0.09972537713866678, 0.08961092873310342, 0.07941512871380675]",0.04090957024618817,0.007740752847257604,False,False
32470,"[0.5266968857599412, 0.5647123764434804, 0.5573936286996772, 0.558183745087684, 0.532788740279582, 0.5682053799380562, 0.5736699213414551, 0.5538032656355438]","[0.10465043453659992, 0.09266519919975003, 0.10073787706090168, 0.10270657566602566, 0.09997453402512696, 0.10481173639603504, 0.1012021455462864, 0.055848163747153165]",0.015517728360017207,0.015339503495871402,False,False
32532,"[0.5404893991825008, 0.5530605476616792, 0.5455775715648368, 0.5811434564281874, 0.49480416867030685, 0.5400686016278283, 0.5151304097384104, 0.5618922259352208]","[0.0038315652969937186, 0.023539421387509477, 0.016901829999157625, 0.018664887923263276, 0.0007698560222139258, 0.010223573413820713, 0.08126140208586013, 0.016864874732973455]",0.025041570631144452,0.023704745494562262,False,False
32630,"[0.5724453763151185, 0.5668170888381218, 0.5530772869814278, 0.48870546466319753, 0.5511813692543024, 0.5698854446383009, 0.4412975902179529, 0.5118157297999214]","[0.0488967515628531, 0.07303573134797754, 0.06005121248862128, 0.06354050599029057, 0.06375919053185562, 0.06838625603876138, 0.08001215250850416, 0.05893812359843123]",0.044164770593287245,0.008833158420841118,False,False
32680,"[0.50749445160721, 0.5227650805845325, 0.5337394435428703, 0.467189741359263, 0.5343017792792082, 0.5012335219858262, 0.5363539747503121, 0.47660385554988316]","[0.09432166888432793, 0.09621375342725613, 0.10530265986950162, 0.08347694828816153, 0.10205364790053441, 0.09313116324496959, 0.08284839486955761, 0.10354683344429992]",0.025106657208141987,0.008021183489246875,True,False
32697,"[0.5626579690247993, 0.5764508433524347, 0.5041149297566054, 0.5418473844357329, 0.5760472473414922, 0.5277382824034331, 0.582818128191922, 0.5701382636486175]","[0.1408163056540614, 0.12732021375212543, 0.11963480708819105, 0.1314423220704347, 0.1269488672670536, 0.1343055852586006, 0.14541493905980923, 0.14985875460075]",0.02614827216181475,0.00957760870971177,False,False
33057,"[0.5805104091955634, 0.5243996354661428, 0.5337846723296257, 0.5361503519431162, 0.5297328173848874, 0.5176966468403472, 0.5401612120558342, 0.518212120160202]","[0.023219297996457798, 0.007578941303185969, 0.03471540661310687, 0.014907409852590646, 0.0346650181242074, 0.01652654355171901, 0.040559250865967775, 0.014681989022429663]",0.018781417680828673,0.011152772813642563,False,False
33084,"[0.5435131916008278, 0.5681126032375128, 0.5507530910064007, 0.514941338804894, 0.4867502600167697, 0.5610320123568188, 0.4857322975126901, 0.50706733398007]","[0.10780516558682479, 0.09894950914668735, 0.09707383582798598, 0.11950536992672753, 0.09961732756084253, 0.1073560755282808, 0.10871704452021261, 0.12952889178955357]",0.030721844629252815,0.010403146398201559,False,False
33123,"[0.5088565802916232, 0.5038598312185272, 0.5596437959855902, 0.5058250654081821, 0.4994234762175857, 0.5132994513222933, 0.5546285305709957, 0.5073622861192194]","[0.03656876658996305, 0.03895319941937076, -0.002667040558569868, 0.02510153091035394, 0.043144476134187905, 0.03257004841754857, 0.05565106634533846, 0.06042273686682406]",0.022299312804441,0.018262063115958745,False,False
33256,"[0.517834853161611, 0.5147099614753077, 0.5109386991860321, 0.43314269306151054, 0.5080244905191373, 0.5051687142262342, 0.47893204105741183, 0.47807327956388135]","[0.07209449265190114, 0.09152700129507163, 0.010154979541298527, 0.05012913756357308, 0.09494634723198911, 0.04682765772347536, 0.07088873599978229, 0.04238031626554993]",0.026894043172385505,0.026329228062927333,False,False
33264,"[0.5096173550676442, 0.5317282470887719, 0.5149325048639544, 0.4289886381244027, 0.5207894224750524, 0.4957206715215031, 0.4884983814364161, 0.49517648083410354]","[0.1653765287299001, 0.13764918188113348, 0.14414183821282056, 0.131692900356769, 0.1288605398905449, 0.12499479640625927, 0.14027484461681217, 0.109634896401756]",0.029462641770098334,0.015134437709548901,True,False
33336,"[0.5067860936689901, 0.5133889900749571, 0.5490595745973009, 0.4488396088383232, 0.4182098330150663, 0.4432430027143014, 0.5023027017830954, 0.45151793864917117]","[0.05052890864713169, 0.08321556916685305, 0.07258808180853873, 0.04359814668259637, 0.06374444308299916, 0.06622894212388433, 0.0592726639819935, 0.05626431008355339]",0.04189976527298731,0.01169212596455184,False,False
33342,"[0.46493149386178834, 0.4228352133512006, 0.4824635548066022, 0.4479711861203281, 0.5383397400546375, 0.49192569482663473, 0.4998663516894446, 0.49025311289641005]","[0.05024330988754745, 0.06499766869814239, 0.0577376070494741, 0.06497100536894464, 0.06592467780095958, 0.03525383522697177, 0.05989931000191347, 0.05334789123066992]",0.03273393241210827,0.00965882826924676,True,True
33512,"[0.4527036934747296, 0.5281420874662016, 0.5140193026954324, 0.5099119979310055, 0.5236048901505725, 0.5282518131298094, 0.5053133412502931, 0.5400943709667478]","[0.07706468618850865, 0.08813617981033277, 0.08318846328401351, 0.07448199193120472, 0.09329779808285676, 0.04478900083147212, 0.07275323498697418, 0.04759688658786207]",0.025033212491454782,0.01659804637222139,True,False
33863,"[0.50113919515312, 0.5120999507863211, 0.4878907373520293, 0.49596473023640303, 0.5246549142969238, 0.4895161593795901, 0.4946252689086511, 0.5202991784574408]","[0.10303919830468095, 0.09071201540106139, 0.11117941390166226, 0.10872591790027264, 0.08592980444020198, 0.09843847798598879, 0.08681902759044428, 0.10299458766345851]",0.013151064208185305,0.009091553309576339,False,False
33990,"[0.5041599897858232, 0.5118319081665836, 0.5456932559613934, 0.5542057010372843, 0.558890790290308, 0.5271800136891387, 0.5418928607714983, 0.5178385528879323]","[0.13642084253561754, 0.14242872530597944, 0.14136615840285024, 0.14348535231443152, 0.1270997783573416, 0.1421558268453038, 0.13928447052336837, 0.13380225383653216]",0.01904969579447103,0.005224487833167904,True,False
34169,"[0.47133463864061154, 0.4524996654798197, 0.4593527710483938, 0.48876341965902376, 0.4712217341970001, 0.4440607203437903, 0.47036242475895407, 0.4280362292429075]","[0.03918597780295044, 0.04611759071910345, 0.027902808582887854, 0.038119941515827024, 0.05255772923782126, 0.0496999412938286, 0.03148274245637258, 0.03423017428284124]",0.01773967424835981,0.008257741862559015,False,False
34198,"[0.5275752871442282, 0.5213630709755817, 0.5129318801398033, 0.5417133927051011, 0.5683244163144584, 0.4518794485520946, 0.5239627857753576, 0.5482376963006688]","[0.018422832066447736, 0.0065956669637590205, 0.017868263511733706, 0.013439952728775786, 0.007158009417725176, 0.03745161560217394, 0.01721785918665255, 0.014856343241057685]",0.032030280136271135,0.008960757463439236,False,False
34415,"[0.5452623772025045, 0.515406239007233, 0.556894781812738, 0.5550150308195807, 0.5556446081605659, 0.5423082133410501, 0.5490434233538883, 0.5362444433192873]","[0.07709857283399528, 0.07247974216920881, 0.04677491979443903, 0.0697312193841263, 0.058750597783844435, 0.057881838827898144, 0.07030817226808961, 0.0812565897007136]",0.01288906357578772,0.010686094587422043,False,False
34509,"[0.5753688490716088, 0.5252466692169314, 0.5229562792065836, 0.5458896901517591, 0.5575705974771685, 0.5101669897765942, 0.5265428623892547, 0.5498021021881005]","[-0.04806929121252203, -0.07152475162378175, -0.008611576355977644, -0.03751025527304323, -0.04035245220644461, -0.03255462376509353, -0.019017183624531746, -0.04531265153958618]",0.020200536344379745,0.017811829470518684,False,False
34565,"[0.4947544057641407, 0.5267038784586492, 0.512961044494602, 0.4928106665550065, 0.5457841727297443, 0.5479896816625838, 0.5128578053086437, 0.5448194201646614]","[0.13036657748574937, 0.13273851968475905, 0.14007177328426143, 0.14196620703013973, 0.12824863434561207, 0.13440364148027717, 0.12716338526468848, 0.1278062799167845]",0.021043782771611612,0.005277333244969602,False,False
34854,"[0.5359842642085544, 0.5324853662624628, 0.5442353099355894, 0.5032146929366971, 0.5537634430352134, 0.5421923540114623, 0.5483145708115587, 0.5477450076589682]","[0.2110675554138073, 0.22745830992336064, 0.22208814910046543, 0.21492477843046767, 0.22780657053949543, 0.22788274835666655, 0.21386361835664985, 0.22881791521138609]",0.014785351832394565,0.006890568629255283,False,False
34998,"[0.5367045398604783, 0.5181112573317102, 0.4919320384731502, 0.5587503507733029, 0.5170601565644077, 0.4954476263269666, 0.5202815052765852, 0.5491508455397389]","[0.1054884386784018, 0.08960278400313046, 0.10165621839202334, 0.029885681337236018, 0.10233655691892107, 0.06875962566406488, 0.09577333285110438, 0.1049458610253238]",0.022190128004632926,0.024473567683210757,False,False
35100,"[0.4586997153247355, 0.47198771103640974, 0.43258054232263776, 0.437694036940418, 0.5036447771616464, 0.5005836277122394, 0.5309256951507784, 0.545342572933343]","[0.05275482139632119, 0.045720281374601685, 0.0566225932913452, 0.0571922065092184, 0.044701265951217685, 0.05588110675085817, 0.05198557740064548, 0.04536147344532245]",0.039030893382251755,0.0049568100360385175,False,False
35119,"[0.47005217575800473, 0.4942142646352702, 0.5091262055808958, 0.5187983658462291, 0.45526833429179736, 0.458575471858223, 0.447488140319498, 0.4484143765926609]","[0.022386642753270514, 0.03489701379390216, 0.022578492315114287, 0.023750127052931343, 0.018750306014610873, 0.01954226766466381, 0.020709050261812755, 0.046797325979722734]",0.026454905219506136,0.009107113910273213,False,False
35131,"[0.5159675060069858, 0.5205692050168748, 0.49668395594840786, 0.5504140088830358, 0.543046384951587, 0.5536523241344076, 0.497451281601914, 0.5679922055544246]","[0.09444789803540764, 0.055703332998505994, 0.03357852766408723, 0.07437234858956794, 0.050501499059747615, 0.05191503062612847, 0.04025675825786486, 0.06441193452546279]",0.025101885262141133,0.018190656054084396,False,False
35234,"[0.4956425431112633, 0.5222225466659371, 0.5399366676714877, 0.48925925116057734, 0.35022515514377894, 0.5455268384013203, 0.5243693779650318, 0.502880781769732]","[-0.009630201418053501, -0.014014554510483562, -0.0011116627757294566, -0.01235431099684917, -0.01919053863367204, 0.03590726751098539, 0.02035880228330636, -0.006107523522133172]",0.058329308659127596,0.017845475580876107,True,True
35269,"[0.5392005160574549, 0.4770310926796304, 0.5703630526888614, 0.4772471562392124, 0.4910363815861948, 0.5066508825474354, 0.5476746344985299, 0.5305479732571903]","[0.08830716085713364, 0.10959321259756868, 0.101616209969886, 0.07386966401683864, 0.08376939449131096, 0.08790399668074392, 0.09884750179636126, 0.09240501534616521]",0.032446524356069005,0.010463621599656617,False,False
35281,"[0.5089467602643515, 0.5121064223345433, 0.4692243398214636, 0.4768975775307641, 0.46004256361706475, 0.4770260376141691, 0.5169964104067973, 0.5426371150533413]","[0.08014203180331142, 0.07923883955528918, 0.07453124319468293, 0.07614286733296924, 0.0770199493636557, 0.07192089240934282, 0.09611191304126068, 0.08275793740447854]",0.026869051752788583,0.0069477292613937605,False,False
35475,"[0.4223889851039271, 0.37975241798120274, 0.34409956670010866, 0.434228101761687, 0.3110559329045177, 0.28037562416726997, 0.381650339408548, 0.3637083735681225]","[0.0047271652672697395, 0.03971343772430792, 0.033813777400169866, -0.01737169839694328, 0.03400267736688928, 0.007075395600485023, 0.007750925571825093, 0.02739469464718227]",0.048848871779806284,0.018410833574440986,False,False
35600,"[0.5402817113310856, 0.5312185315040321, 0.5100846063906554, 0.5302271847030211, 0.5279680279923977, 0.5215637550499714, 0.5429928165590497, 0.5271919788221102]","[0.06281798508234916, 0.017281284395814146, 0.0842296417135927, 0.05665829748572074, 0.04100188472665585, 0.0648532718784086, 0.04089654940897357, 0.055449007156268784]",0.009662425779216926,0.018700791026967544,False,False
35613,"[0.5169991893111948, 0.5294018823605533, 0.5128034849299545, 0.4950523223248384, 0.5500527576163519, 0.5355238919401056, 0.5350450797461617, 0.5044724433005584]","[0.11058962413729621, 0.11326920409433704, 0.11019598442313518, 0.12665150427237595, 0.11257029666665999, 0.07410203616411595, 0.11328477875050613, 0.10384573340591424]",0.01708942549785414,0.014152233037820407,False,False
35659,"[0.5369888712554733, 0.5531755199857513, 0.545018960521584, 0.5559589796588196, 0.5361685145990813, 0.5646975532316066, 0.5446135096231767, 0.5672147186394043]","[0.21996451459197136, 0.21462142566327358, 0.22351271982836285, 0.2079838782835431, 0.22219118443104408, 0.219145085768358, 0.21390117056015848, 0.22392655634816128]",0.011014436567611568,0.005203296385660963,True,True
35916,"[0.48542260135582005, 0.5393410471684935, 0.5586439642983667, 0.5332167685917146, 0.5504080145289667, 0.5274336563912588, 0.5402347495028906, 0.5107862142896828]","[0.06570610951153874, 0.1019884369361635, 0.10447517010243085, 0.082137305693225, 0.07505659933846653, 0.08051856312764345, 0.07393203743279776, 0.1005514407046932]",0.021790058914499706,0.01382596148986126,True,True
35964,"[0.5374792194174478, 0.47187325453421924, 0.5233520625651923, 0.5361928672688969, 0.5294078696952635, 0.5223480416942925, 0.5520831635041727, 0.5164046588614185]","[0.1249532930593172, 0.07350754088979929, 0.09111807914070386, 0.1050182669905606, 0.08248530017039485, 0.096941577626599, 0.09000434465662205, 0.08310184507205336]",0.022150842104739017,0.014919646566785095,True,False
36198,"[0.5347905469819424, 0.4298572904236564, 0.46828144978103337, 0.4799095527789341, 0.5048077667928941, 0.5231792907747395, 0.43030060977114415, 0.47379215963099564]","[0.06179178312260919, 0.09505249431390048, 0.05614565641833187, 0.04361748128240044, 0.07330470114502324, 0.0529858784567237, 0.07294925363452573, 0.08287487422247626]",0.03646753165119431,0.015816331678275772,False,False
36287,"[0.49970183101130483, 0.4227283875790745, 0.5247727324836087, 0.45003123862372296, 0.4727317681268136, 0.4565694288359695, 0.4801696016589537, 0.5006090803472452]","[0.0365944457255306, 0.040000188192137937, 0.010468325169339175, 0.038331574515564786, 0.04503467095949606, 0.045472831666103816, 0.04583084124100807, 0.034761340336683606]",0.030544965871428922,0.010806121529281463,False,False
36543,"[0.5427388546047515, 0.5487309077527158, 0.5358863420973198, 0.5426992941532538, 0.5245926706523626, 0.547278636415732, 0.5486936201603237, 0.5471454056827517]","[0.21439639821606402, 0.20610719492857402, 0.1877247181057628, 0.2157004823322844, 0.21189889655466845, 0.18547846962835518, 0.21393792910302942, 0.20437906320125598]",0.007790105844186,0.011243849295282453,False,False
36557,"[0.5366618968801202, 0.5162667229875206, 0.5136326981069145, 0.5744925575636384, 0.5282346464402721, 0.5206293913161884, 0.5469381962194559, 0.5668908146273197]","[0.11823658109962844, 0.11629074605235445, 0.12140182073113505, 0.12462399405252528, 0.12980253926639201, 0.10852340022542784, 0.13353600664555618, 0.1396617818362102]",0.021538514051871425,0.009415480569703882,True,False
36992,"[0.5199897619696409, 0.42855779685358153, 0.49750429599319357, 0.473734091223426, 0.4431376900352473, 0.534000904434103, 0.4924604130489444, 0.5293431751448039]","[0.05331157626757144, 0.06761175584562344, 0.07510149769419497, 0.07667908524140146, 0.08275288069992218, 0.06198542030983177, 0.056849235575063495, 0.08913886464242418]",0.03653990445250572,0.011829412337465747,True,False
37034,"[0.5541264167489113, 0.5556098487817386, 0.5080695559378694, 0.4385613147013505, 0.4729823133958524, 0.47129581103400575, 0.5430876386815651, 0.5011816972251733]","[0.016222341501175873, -0.005068126131328223, 0.010157046090574938, 0.04793607824233419, 0.023798310187371365, 0.037036906591835034, 0.0007776385408143384, 0.013662914862494682]",0.04034478870091022,0.016599658390114014,False,False
37053,"[0.5570530347279733, 0.5751157211614835, 0.5598802323729224, 0.5085694615770429, 0.5382709256657507, 0.5546778700962047, 0.5625680432289706, 0.585561941227636]","[0.07143463509420298, 0.11483809907857373, 0.12788884108006185, 0.10747523429091527, 0.11623789135036053, 0.08796874688718594, 0.11050701482826929, 0.1209934105813027]",0.021964123894544843,0.017386477080984918,False,False
37255,"[0.4263296260117578, 0.5157411436538426, 0.46397123765881176, 0.48149041667609105, 0.5177944192419213, 0.3271956334953352, 0.5268679269357189, 0.5154846581244741]","[0.056064585891722515, 0.05139298768978473, 0.0004793076823456626, 0.048235190064441075, 0.018292158388870754, 0.02302705945271884, 0.03740422737948787, 0.0327173849700821]",0.06336430368017965,0.017655060073325228,False,False
37362,"[0.5803168988251877, 0.4880896896566964, 0.5466051937570409, 0.5687121940038513, 0.48610593755980236, 0.5278660309199839, 0.5474853147141332, 0.5433140874969111]","[0.0940110121929629, 0.0844827687966265, 0.07084092409588424, 0.07562630251611485, 0.09189887772707477, 0.08841909377251998, 0.10599075622072003, 0.08040536319725476]",0.03198222105433471,0.01045095846886555,False,False
37406,"[0.5192037996270851, 0.47400731456611955, 0.4874624860698679, 0.5239541318587864, 0.5363206671837427, 0.4566589104889941, 0.5139474308236147, 0.5057392753854992]","[0.04019241327789426, 0.08647361583026845, 0.05595531950612864, 0.07677929893845281, 0.045899812602786104, 0.05126479501531607, 0.0214506595394082, 0.05537246035540979]",0.02540452947888808,0.019046330212597124,False,False
37505,"[0.414452595464174, 0.37759296118558183, 0.43325054743662206, 0.3984414844780737, 0.4256774917353693, 0.42969871181539626, 0.397852841777798, 0.4339441432460709]","[0.08654200761025255, 0.11135986068695283, 0.09291915205588377, 0.11539075106821536, 0.08836570668755164, 0.07199039498130605, 0.08674968774679995, 0.10161610308004805]",0.01929861696244192,0.013422849488855707,False,False
37552,"[0.5662262545179794, 0.5499683730941453, 0.5617373048725062, 0.5366770593900527, 0.5660877623261341, 0.5339422943959564, 0.5321888272779227, 0.5557034019509094]","[0.19755457870492224, 0.18921685477135952, 0.1782449875676837, 0.20057872446389038, 0.18256827135149675, 0.19853253736622883, 0.17056940046755467, 0.18983577685973602]",0.013435908792572324,0.009953561269489992,False,False
37899,"[0.5475662954137541, 0.5644406784732623, 0.5489612635857413, 0.5672625580341708, 0.5727499271736752, 0.5558831446049726, 0.5555250620635345, 0.566557988500612]","[0.25462549186750577, 0.24140432949462134, 0.2567041362383078, 0.24365609476233802, 0.24057483787419703, 0.25085756036292234, 0.21433320210480267, 0.25949920885220146]",0.00859736796277769,0.013456421001376766,True,False
38091,"[0.4741911031587994, 0.43069559853326483, 0.47467798871998135, 0.41776188424226474, 0.5242757126219229, 0.48211641248939197, 0.47466089766465525, 0.48735114184523165]","[-0.031106867251522258, -0.008039305201196207, -0.026742381914660218, 0.005537749106064504, 0.012264172980204846, -0.033869178321848596, -0.010656871255075716, -0.03353675159121798]",0.031073394945983764,0.017046602008652132,True,True
38194,"[0.5423276454902634, 0.5018882114074201, 0.5476108885082605, 0.5462255189068184, 0.5144340058083208, 0.5237312916040948, 0.5387868005132825, 0.558195810462681]","[0.09922021383594634, 0.09395383214491024, 0.11484820149791575, 0.11215589981917416, 0.10384086773925785, 0.10669759696898981, 0.10865001761200861, 0.1002966181689003]",0.017789327547247772,0.006550509563939552,True,False
38375,"[0.48858605859212, 0.5004662352454645, 0.5720464428406108, 0.5364775191251896, 0.48850048585441214, 0.5503275384683011, 0.4864789235715542, 0.5407186959118897]","[0.14771576662075073, 0.16275858528906445, 0.15331879217874306, 0.13824874097419285, 0.17186878672867015, 0.16426310111440823, 0.1557886052695307, 0.1349636560668053]",0.031249057436207144,0.012009349144686167,False,False
38380,"[0.5296473608423441, 0.5527168718520354, 0.5402931964318166, 0.5566724585097511, 0.5346437751119034, 0.5390136092450811, 0.522251877473572, 0.5602533869487751]","[0.07807781626675492, 0.11218388645130181, 0.07142232134441623, 0.09799144671951573, 0.09907449640778968, 0.09446091775785015, 0.11314230266089932, 0.09351457393799431]",0.012608569092325413,0.013669041303822257,False,False
38833,"[0.5194135104046157, 0.5454771936775649, 0.5310309291893492, 0.5506457582500941, 0.4952868332637144, 0.5466200576556022, 0.5575360118677664, 0.5685539040725976]","[0.07644895562290213, 0.10727600447892852, 0.10746049340548304, 0.08357565131944183, 0.09313753479852327, 0.08637897349237042, 0.09691067566487521, 0.0992605509149827]",0.021822625028074458,0.01042120398219278,False,False
38887,"[0.5273384972037701, 0.5181243567356957, 0.5017016206049321, 0.49676542235311516, 0.518878816207675, 0.4916038007103716, 0.5241369669000633, 0.5152110849599252]","[0.12912371870687808, 0.15856833733197945, 0.1523942332456355, 0.15177802189836626, 0.15676898185798302, 0.14725541446734594, 0.14301165031261, 0.14357055337762464]",0.012405842489087836,0.0088264326107437,True,False
39183,"[0.48015922525348115, 0.53176618150041, 0.4524252000258555, 0.4928025289252319, 0.4992189990995757, 0.5007371547609819, 0.49843253647596153, 0.4947230907396008]","[0.09229166070521268, 0.09148001065035094, 0.10107094530119118, 0.11188926225865105, 0.11591590955353404, 0.09884148796545358, 0.09928626203330981, 0.050929573787214334]",0.020736955454128174,0.018554892778957145,False,False
39288,"[0.5511721007615631, 0.5695229052206863, 0.5070976470102452, 0.5532248637193712, 0.5277814582769006, 0.5457842080141412, 0.5607479454582279, 0.5677893224046279]","[0.16111264504884582, 0.18212088618853584, 0.09410772809655016, 0.15011387453424807, 0.16331305324002643, 0.15779531560040297, 0.164684868956341, 0.16453064928708072]",0.019815805593967426,0.024406925014471278,True,True
39384,"[0.45741446450811984, 0.4725442244041639, 0.49357816466536936, 0.4475302113955175, 0.4498705677284131, 0.5144252087059372, 0.4437834675870266, 0.5092625614728786]","[0.09006348680637546, 0.06474791295306745, 0.07567076231497061, 0.07680275727944731, 0.09479738998831537, 0.07224740200810667, 0.06684801949359415, 0.07654102248836932]",0.02676858129765586,0.009777605052876554,False,False
39490,"[0.46581038918119366, 0.5498703636835116, 0.5149286255326646, 0.3901080718227826, 0.45953219725450867, 0.44749150634796864, 0.5332802717587499, 0.5190500369268221]","[0.08954252282924796, 0.10530302192518418, 0.08256368427721367, 0.08477509139586772, 0.10769835187633048, 0.11554504679807653, 0.08868690633436771, 0.09368048936201175]",0.05002810584743355,0.011249971633325478,False,False
39557,"[0.5483481507660278, 0.4920976400901824, 0.49564865253943846, 0.5113987007358634, 0.5282356322493579, 0.5474187843243363, 0.5806728317507248, 0.524574669649735]","[0.026227150851365004, 0.014885624570872742, 0.0019649583303880916, -0.02181355351485864, -0.004623891914363335, 0.018884352696726857, 0.005710211642151682, 0.02222762082330732]",0.027807664714380093,0.014959840172484805,False,False
39756,"[0.4859712492288418, 0.49947669960196384, 0.5409165889416168, 0.4791295847221314, 0.4695790946138124, 0.46513786723294537, 0.5045199092227637, 0.40875114949877633]","[0.06405262226046309, 0.029354850461779602, 0.017870759402566404, 0.06973889012233943, 0.022504536740910217, 0.10154029229277456, 0.05627772290094904, 0.035797715368865085]",0.03555096334589922,0.026688253226322903,True,False
39793,"[0.4786143553404702, 0.4879467476493122, 0.4804399811002318, 0.4605790268696718, 0.5287049464598143, 0.4900849366461949, 0.49727814738177345, 0.4609073207504794]","[0.023708327418925087, 0.016888118900064288, 0.013794943337195449, 0.005684727542742684, 0.0188880407727331, 0.0340410434216908, 0.023848933325569074, 0.0451110716636145]",0.02040598096528694,0.01145820680257476,False,False
39920,"[0.4920583529012089, 0.47356326759912215, 0.4181296618373615, 0.4393150229161432, 0.5059267638107613, 0.5003374728824487, 0.552003628723979, 0.5227503531379759]","[0.0651310997544762, 0.026894216242128104, 0.09397464973967166, 0.058466235297528736, 0.061979928644325825, 0.055247359793399134, 0.03679431236426644, 0.06501240098997003]",0.04070413578061064,0.01882503571497918,False,False
39986,"[0.49611120523281116, 0.47236986458884156, 0.46752319141286336, 0.5290420758895816, 0.5018698301041897, 0.4476112179066586, 0.4805340535875949, 0.4707997655231145]","[0.02480143633951328, 0.018751873926869028, 0.016585892942989875, 0.04075852225022057, 0.0038431283017306174, 0.055529175235311916, 0.019325208893290268, 0.03781215693449876]",0.02347135974660565,0.015396135609842515,False,False
40269,"[0.49888567692474145, 0.5068615901470469, 0.5508179264807609, 0.556003824115018, 0.48982401581650103, 0.5501152576528654, 0.5562067238787547, 0.4513371914132874]","[0.05458671203610177, 0.10618407576676084, 0.07234794580768203, 0.08056783097979738, 0.06219567300752697, 0.07213999786078212, 0.09648122445409574, 0.08557948234481438]",0.03658462613784917,0.016045088680113728,False,False
40756,"[0.5016335165732596, 0.49533041287228563, 0.5054067213104243, 0.5269596801092327, 0.4793161962025057, 0.4778042825795409, 0.4743348500598959, 0.48707478517997693]","[0.12518419164184716, 0.137033300898819, 0.12575662853489084, 0.13801754653017126, 0.1179179576144763, 0.1234777596714274, 0.10600959839125113, 0.12339778555711878]",0.016533845844478957,0.009547604787914332,True,True
40798,"[0.41122081957292683, 0.42515411280151527, 0.40260392858437916, 0.47739154922305443, 0.44876996933910374, 0.44995651904079825, 0.42583158209018146, 0.45522565121854974]","[0.07596803265355577, 0.05896525508103273, 0.08438110230440583, 0.07909433265351815, 0.07214418860422017, 0.08174772305545111, 0.07417143604186931, 0.0714127004599323]",0.0234061067879334,0.007327193863016277,False,False
40819,"[0.5475424332990283, 0.531928300557629, 0.5341936201622515, 0.5056378520319376, 0.5391223579472789, 0.5352221742481269, 0.5160393773226273, 0.5468059269102002]","[0.18046335949591924, 0.13909352707502706, 0.1503010394389272, 0.034984575763403955, 0.1338121821114125, 0.16518639935380958, 0.1549364313015702, 0.13948086936098245]",0.013584845706153592,0.04124527085228807,True,True
40933,"[0.4960772450351887, 0.5381915672011008, 0.50860453246889, 0.5065287435671695, 0.5056072458020434, 0.5007065154718644, 0.5461389229088035, 0.5291655634712111]","[0.08529505809044748, 0.09706756569954872, 0.07937463207276452, 0.09467060544629732, 0.023976404024156704, 0.10365681480178246, 0.07071353139566197, 0.08785949147678965]",0.017522221247102704,0.023399789781432114,False,False
40990,"[0.5345167955029245, 0.4805591834791286, 0.5328740916660333, 0.4757200110082968, 0.5428389673373957, 0.5244490479432303, 0.4711413214849408, 0.5178764030246639]","[0.06834181368185933, 0.096747007992101, 0.07689316109036802, 0.11047630206664874, 0.08086886286012968, 0.05699012923685086, 0.07532224155130095, 0.07174655477137343]",0.027443997439526458,0.015709029256312547,False,False
41120,"[0.4795856453655455, 0.5494467684072941, 0.5533104312407469, 0.5851605418978649, 0.5769696024727311, 0.5146792004911686, 0.5282411982866971, 0.5511103908579731]","[0.04762550044867867, 0.041431944383025845, 0.036577070285901965, 0.04111431901805068, 0.01032431424865915, 0.04115519438262985, 0.020518796499955187, 0.01847554150142682]",0.03198160344502238,0.012773670687257783,False,False
41402,"[0.4639394187200018, 0.4925240859123975, 0.4994398756971134, 0.5034243745331374, 0.4734232107344219, 0.4795928067889009, 0.49036720351011326, 0.4918418389614141]","[0.13700863220713477, 0.1162598140707031, 0.11982233631764888, 0.12761516496573758, 0.13132530099442263, 0.11729543610847332, 0.1207135991404253, 0.12412154456875954]",0.012552549089896187,0.006786931461271077,False,False
41540,"[0.5125864859568225, 0.5107134834062654, 0.4557225588097256, 0.5275569418566706, 0.4943744827387997, 0.5093780732622711, 0.42301985328859015, 0.4945996289183028]","[0.14489165666817602, 0.13820588356046887, 0.16451713227344741, 0.1574285006132005, 0.16744889196973367, 0.1697098819239704, 0.15738011104564253, 0.14602290043396982]",0.032440144402285785,0.010807267297859403,False,False
41555,"[0.5382467779105286, 0.521685350873885, 0.5197106666656762, 0.5550551735391559, 0.5448304454737191, 0.5424283254530418, 0.5497360990837787, 0.5557997917557519]","[0.16415950220247727, 0.17411048070138235, 0.17873397192313945, 0.1799635060708187, 0.1659233052352492, 0.16551140826212668, 0.17785298963063867, 0.17131352852767182]",0.012958843655844696,0.006001463513885252,True,False
41561,"[0.5058795440711599, 0.5244635319361171, 0.5145600428561482, 0.5203017886643668, 0.5550311022066894, 0.5404782002829646, 0.5087646799508927, 0.49893876604835563]","[0.03429769246949617, 0.005849906494837388, -0.008451265115362157, 0.030215164652008852, 0.0007387131544863267, 0.004584289165073113, 0.005904808712499973, -0.002114816257955187]",0.01752312859951995,0.014253394153304098,False,False
41592,"[0.488388816089814, 0.48479586303909095, 0.485349894179153, 0.46829863895677126, 0.5213190980685376, 0.5016971223250792, 0.5011283732056976, 0.4698893412621362]","[0.05692940851517232, 0.08981529389365628, 0.07464605682052239, 0.08695554621043272, 0.04773863673206871, 0.08565971678684312, 0.07671181868308814, 0.07208646264384513]",0.016462629562691768,0.013902115782126368,False,False
41636,"[0.521131723783585, 0.5057242140879274, 0.530262638352082, 0.46407358077114225, 0.5240277040398319, 0.5074928096323897, 0.5101886502096963, 0.5187334731939461]","[0.15127735091334554, 0.16680972412556389, 0.1698111925830923, 0.14810170080966956, 0.17341127613579954, 0.16746764396014782, 0.15596326143328892, 0.1771068143450531]",0.019173698371319946,0.009954488966062412,False,False
41640,"[0.5410003109557634, 0.48331791132063845, 0.4700085448007675, 0.4601358354826718, 0.5196342171653386, 0.4843380687995229, 0.5291441656067346, 0.4698701993127962]","[0.010078119982325013, 0.04083654381469792, 0.033984644846514304, 0.03190017254018564, 0.018853686038219745, 0.02843335455132085, 0.023732577415661912, 0.029994687792677173]",0.028743742092276526,0.008932012906368608,False,False
41924,"[0.5262617158805711, 0.5425729109047458, 0.5541232109752852, 0.5481378105123667, 0.5316546279318648, 0.5342713182529587, 0.564161905467078, 0.55909524018728]","[0.20502656627246835, 0.1885826817240117, 0.1788985574172961, 0.18808090000463834, 0.19216735646601654, 0.2106056449275, 0.19694266747233266, 0.19323010275414026]",0.012792288493728191,0.009368067742525521,False,False
41976,"[0.45934397357472584, 0.3506429807369645, 0.43551990170649635, 0.4439452210679612, 0.40855081886902833, 0.37339568644246635, 0.46805082728604563, 0.4116967917697236]","[0.16377663692824307, 0.18796355738143292, 0.1606237641090537, 0.16152633665020563, 0.1741525714770891, 0.1902601129587987, 0.1604327684147197, 0.17148748858671203]",0.038476709969496696,0.01134423124688274,False,False
42022,"[0.36154639590693505, 0.4434541278580966, 0.44710515910473997, 0.48303345688809396, 0.515140617416106, 0.41448148571913934, 0.45133838141721105, 0.5648689000547628]","[0.16601606559449308, 0.14303404192898006, 0.07123513443852156, 0.183699769835235, 0.16819485216663416, 0.07996891117512014, 0.08184668303197418, 0.12074036950491289]",0.05793154420670254,0.0419682505104885,False,False
42251,"[0.5037960236173386, 0.5317622498829252, 0.5317434281969062, 0.4976318217192742, 0.5352260260539505, 0.5437249493753227, 0.523248184981717, 0.5285701452796254]","[0.1520873018891464, 0.17336899158993951, 0.1520936323513587, 0.16218112744572516, 0.14674321748151878, 0.15636502570364136, 0.13696476852362993, 0.165300993149952]",0.014826199637794914,0.010630612113771115,True,False
42302,"[0.5568209010482769, 0.48990131053832786, 0.45484578980299345, 0.5047211816346073, 0.4394021564054058, 0.454876568796579, 0.5176066861709823, 0.5001187709175783]","[0.10505689418355185, 0.08432602345989111, 0.08087456277647244, 0.09942551352854481, 0.09654466595217123, 0.08718617143442595, 0.12267523780529677, 0.14112140206952306]",0.036358503143546515,0.019305448443161045,False,False
42466,"[0.4753183664820839, 0.5151115255351291, 0.5187761372553985, 0.5154810040128022, 0.41810887856024487, 0.4902383664358835, 0.49588463708122205, 0.49611382384581376]","[0.042001013608225106, 0.03721845487854337, 0.03852319492423314, 0.028882355905815064, 0.02904586480955717, 0.01702669009986258, 0.027548114489399516, 0.029277706930819623]",0.030742313300083295,0.007369176590516814,False,False
42679,"[0.5332082006867785, 0.4619195920350989, 0.5298298235941151, 0.5213886945434097, 0.5313578732853111, 0.5480232964187777, 0.4863226623820287, 0.5036918814794196]","[0.0626658094926891, 0.04899981152758352, 0.0629119352126081, 0.06374471517313393, 0.07989638413699227, 0.053368720696360054, 0.08423033810037642, 0.07491983758452074]",0.026729951448196492,0.01161021292396574,False,False
43065,"[0.5111456985258047, 0.4962184595608846, 0.4981763079297337, 0.5227621472891355, 0.5592570663216011, 0.5703102146304944, 0.5199541341012924, 0.5885196244878714]","[0.06752229173653862, 0.09765097346450799, 0.07762082169729384, 0.03177666139741764, 0.03914793028804092, 0.04652133842658544, 0.08017381315871146, 0.026795694235860222]",0.0325603626877487,0.024204269069317146,False,False
43198,"[0.4502074955221437, 0.42231610867308966, 0.4763846888492311, 0.4049052613447759, 0.4729638280987495, 0.539611998009731, 0.5307830683383161, 0.45533285284359837]","[0.017161735066184403, 0.031483429398884696, 0.015503288408865088, 0.04432247254322139, 0.017559610604577006, -0.01035611310189172, 0.021419979065636113, 0.03536417339585919]",0.04430136257956055,0.015402310052057756,False,False
43211,"[0.537200048146605, 0.5437850928631767, 0.5669826365769011, 0.5325408124236134, 0.5592300784838017, 0.5576788022080845, 0.5385427823089782, 0.5337874717607562]","[0.1364658908028254, 0.14326301481673978, 0.12189025416151872, 0.13144956639988736, 0.06552870814651683, 0.15004957356540097, 0.13208392811390907, 0.11282443666379993]",0.012346908802588081,0.024682539896543974,True,False
43332,"[0.48609088893456276, 0.5331043054610799, 0.49657020099115, 0.4871118432447228, 0.4951064095429084, 0.501503799131696, 0.5375285671178225, 0.5384546873512188]","[0.02884851850353299, -0.005349872656048598, 0.007929623515015912, -0.008675704707511547, -0.004933262417834143, -0.009257858562765018, 0.004485081561837228, 0.018326648247656178]",0.021414402664338923,0.012951821554328051,False,False
43546,"[0.45469802276658844, 0.44193771447996155, 0.5115580562145203, 0.4542038788330054, 0.444165472186177, 0.4701779277474558, 0.5062850259027056, 0.46544708922464656]","[0.035508139838997, 0.014433152311744402, 0.040971321279055097, 0.05124126830043954, 0.046410522875475355, 0.0209877830468738, 0.019954923190860268, 0.04552287507797585]",0.02496600192468632,0.013149281188018433,False,False
43584,"[0.49388896627585077, 0.46950505939590226, 0.5058386688944123, 0.47564547361311504, 0.5295437949696618, 0.5086847590554389, 0.498018634567408, 0.4302531988845274]","[0.056780379619607496, 0.07237365353872607, 0.06960355609832297, 0.06748510699374491, 0.06193710783062441, 0.07162791303899757, 0.06505346116229684, 0.058924424979783896]",0.028349607651159202,0.005451330936527399,False,False
44248,"[0.5162587957106579, 0.5564938358050073, 0.5248256545987073, 0.5092033820853252, 0.5159824167080256, 0.49989794088883155, 0.5196143282557513, 0.5207156850340724]","[0.09553133185280935, 0.08605340491220972, 0.08422103472456105, 0.09622942675436033, 0.08459416561825894, 0.10870129636304549, 0.09016400198609632, 0.08488391026728151]",0.015433025580477147,0.007984922496373502,False,False
44279,"[0.5125609781184589, 0.49813517555140713, 0.4392263541682493, 0.5129267397422962, 0.4849150711881264, 0.49963360208829977, 0.45518788287510326, 0.4869942693155247]","[0.0646168437607881, 0.09900280910775223, 0.11728379724659078, 0.08534084047615442, 0.13577062832171452, 0.094830961379224, 0.12223784942500243, 0.08542479681997099]",0.024755520931149844,0.021729177373034408,True,False
44360,"[0.5544439271540541, 0.5465553497924327, 0.5387468720514688, 0.5053885594457013, 0.4860865460938961, 0.4799521486666846, 0.5222395028982063, 0.49891697295625587]","[0.008326658717748205, 0.0036602144816088103, 0.0055069658417862405, 0.010199865616852223, 0.009790833120672717, 0.0012046159713806365, -0.018205511994155512, 0.007465727739133015]",0.026372968720073966,0.008688625541628078,False,False
44413,"[0.5602597558026668, 0.5268308250877463, 0.46542806579972884, 0.3923051212108923, 0.501326507938993, 0.5591132144793094, 0.42813243300470516, 0.5080067110151728]","[0.07656815215533769, 0.09613517118419745, 0.08740943165485517, 0.07720192271433302, 0.07977391963321008, 0.07291871481376727, 0.052742912146314, 0.07638626255961609]",0.056392061547625556,0.011654629546504458,False,False
44422,"[0.45282660521777174, 0.48133533294455555, 0.5114389844638988, 0.5270026930155662, 0.5020029104792089, 0.49796199107889305, 0.5121863747695092, 0.4815710079881571]","[0.11893729725506683, 0.11344191208951471, 0.1050071487903161, 0.09813481988450168, 0.10283251970083734, 0.031625127029986086, 0.09838123731923928, 0.09193533145266497]",0.02176077965016991,0.02530218712085835,False,False
44903,"[0.4991432344498338, 0.5393323974072872, 0.5330020869025085, 0.4832507090571329, 0.46571683063909863, 0.5135073800533475, 0.4886741406260354, 0.5238572144476229]","[0.04064184532529705, 0.05717463515681165, 0.06800623120523433, 0.04974122651586746, 0.05567015207627545, 0.03500696001716754, 0.04385479871232235, 0.04610538760602266]",0.024245050014611906,0.009819695299084285,True,False
44975,"[0.5145258429349879, 0.5013566949862664, 0.5596438233623933, 0.5378424951052577, 0.5372938160773838, 0.5461485513465941, 0.5141953735058367, 0.5364073495404273]","[0.10726380015347584, 0.16231032001773596, 0.15163847715429035, 0.1508600604927023, 0.13168998006358448, 0.1377068333596621, 0.15009393795584627, 0.15146416089035808]",0.018021148812967406,0.016062962888288183,False,False
45377,"[0.5356255757979089, 0.553327783113286, 0.5413337722404046, 0.5488442520432624, 0.5432242239283173, 0.5625246125461951, 0.5576089278826138, 0.5623363979923388]","[0.17836851418734578, 0.18488807132271434, 0.18382381654440805, 0.1871118647521492, 0.11766277746068222, 0.17922494063464853, 0.18204758817265687, 0.12541218660903836]",0.00938140642468167,0.026635349288743337,False,False
45528,"[0.5048766733655284, 0.4794502111651401, 0.4855759725464467, 0.4875572880035015, 0.5235423007642144, 0.5024886457054207, 0.476536953721947, 0.47817621771793184]","[0.09370768624956399, 0.09055611832382432, 0.10470918784576035, 0.12338205867186522, 0.0897143287432734, 0.09959715301358421, 0.0886591906084695, 0.10844469811206885]",0.015487234951190225,0.011199176594808936,False,False
45699,"[0.4671196674442909, 0.5480484660131412, 0.486993583561373, 0.3832983379080078, 0.5097677982651816, 0.41483671470698563, 0.4433979599072483, 0.48843511610630064]","[0.05055797760623709, 0.0358621465263242, 0.04290368994043506, 0.04151846891788976, 0.053821946312309805, 0.056529299654382525, 0.03200174796253608, 0.053505537299267214]",0.049417665627467446,0.008495179882258846,False,False
45952,"[0.5012819740526795, 0.529037101119099, 0.5380307228575529, 0.5261064090367665, 0.5284080162062744, 0.5623202025118041, 0.5304460986042638, 0.45278576275342036]","[0.023940114506682923, 0.05134688110053871, 0.035275238001976676, 0.020426265192693336, 0.050112649741177046, 0.028624988480705334, 0.04090048709845559, 0.010500196340026227]",0.03015407019746541,0.013516543378605632,False,False
45987,"[0.5162467389449632, 0.5084711489566672, 0.5198716801085406, 0.4741658199294606, 0.5611076906292486, 0.516050969613421, 0.48486266983371257, 0.4813372093674367]","[0.07263504116037817, 0.07968797317825696, 0.10155193714321814, 0.10376637835191238, 0.09998161280862704, 0.11800461664942735, 0.09517069720085444, 0.0906073325475065]",0.026184346284324842,0.01335820617261794,False,False
46166,"[0.5256479682477305, 0.5051467530183265, 0.5191117200739463, 0.509096720759184, 0.5308205422786316, 0.5065761380000725, 0.520909799338975, 0.5278096844683309]","[0.07435708139189455, 0.07396456482325825, 0.08013628990341333, 0.07631041965382514, 0.07740669455515203, 0.07980900667751095, 0.0797708027398463, 0.07458101286937757]",0.009378251679665738,0.002451565447027538,False,False
46276,"[0.5325705633203041, 0.44506923159512524, 0.39959377624998366, 0.42944153933851514, 0.4830050881768335, 0.48130473149217035, 0.4656091313326629, 0.4615467300748023]","[0.10134307855416688, 0.09982117502965868, 0.11882604595894303, 0.12861026489434105, 0.07706782227576602, 0.06494233138581287, 0.12262232444273284, 0.10636540965040617]",0.03716179194723412,0.020718360194383226,False,False
46403,"[0.5284494461333612, 0.5031378147314344, 0.537966390472574, 0.528695902344541, 0.5257650903446831, 0.4618843501627451, 0.49812468366505963, 0.5435973841395497]","[0.16243653628850152, 0.1853723510923072, 0.1793337526462513, 0.16086082856786388, 0.18080920544036927, 0.1686043546585703, 0.17051391949712152, 0.16396868983298168]",0.025172201702877504,0.00867385399463146,False,False
46524,"[0.5211549411308515, 0.5598816850904739, 0.5407226763838521, 0.5630546737471318, 0.5140439426486196, 0.51962738722209, 0.4686761300739605, 0.5627535970554363]","[0.030928107966491626, -0.015853785476295783, 0.009471444838422709, 0.026850534305670665, 0.02759873335323802, 0.03793472002172577, 0.010563564320011013, 0.0257229471793712]",0.03033572756385273,0.016039555652949816,False,False
46653,"[0.48783566324194994, 0.48318082662032513, 0.48124441923888794, 0.5255220756606673, 0.5413167294806752, 0.5431834752597753, 0.5168025788256755, 0.47953276838425185]","[0.0801998865722127, 0.07703200806826482, 0.07597608355253127, 0.0902214092183625, 0.06593252717935752, 0.09044977966022907, 0.07416163434254543, 0.08180676558572039]",0.025684640662188105,0.007678986684702809,True,True
47030,"[0.5029109595873946, 0.5257368003559065, 0.5028899838614181, 0.5464142124239209, 0.5550509023105032, 0.5126400719743931, 0.5289079111797563, 0.5612999737450147]","[0.11488993700828345, 0.12864024374752103, 0.09368490786598982, 0.06437208146055037, 0.10278116356083469, 0.1273929062835783, 0.1265379926939694, 0.10976780107721153]",0.02140097597570494,0.020401727252583265,False,False
47086,"[0.5582443174636156, 0.5152378210331089, 0.4524698578591123, 0.5685269767594201, 0.5510230534781297, 0.5167870240873176, 0.5348659685666926, 0.5394221284186181]","[-0.03498185817076172, -0.022468566123442127, 0.009929627299303913, -0.012734621563444085, -0.01863484463717016, 0.019155635894626877, -0.016125304427479455, -0.014911517292209131]",0.03398245034154217,0.016416369752254332,False,False
47093,"[0.4944644130403686, 0.47665711458716764, 0.4652009103094964, 0.5615522659472991, 0.46130071338761025, 0.5185034816386186, 0.5098343012400834, 0.5322058844141475]","[0.039354956640772314, 0.03559704122443499, 0.027458572192098504, -0.0004457231256789927, 0.04876339565254307, 0.039761186695347055, -0.0007916490532605602, 0.018211731193970532]",0.03259703190235762,0.017528379770331125,False,False
47122,"[0.553942090599683, 0.5693872455899259, 0.5277590070400107, 0.545701965701789, 0.5245530680442808, 0.5180988233757771, 0.5706562720942476, 0.5830118979026182]","[0.11210142783906878, 0.11930187959803733, 0.1124766009352966, 0.0741605831623417, 0.08097170571149141, 0.11159521000805409, 0.1107046540460471, 0.12170601836161166]",0.02258402438084363,0.016557832277981552,True,True
47125,"[0.41304666737023016, 0.5064413453824084, 0.480465044524121, 0.5006260190244474, 0.43053565678149786, 0.5062612893690994, 0.4961880923411892, 0.4780045235495991]","[0.052780815769863945, 0.01651039564020316, 0.0472680958425932, 0.04931311087385633, 0.09329506007575797, 0.06299804471622329, 0.06869554296087671, 0.06868993742887101]",0.033370856412510655,0.020724924261763648,False,False
47331,"[0.5076330073661953, 0.506173463650821, 0.5342647200769477, 0.5404270347222642, 0.49803779795682357, 0.4999635634461992, 0.5604806761342309, 0.506963981388969]","[0.1303661121397145, 0.12619458842006132, 0.12488703981308108, 0.12442334706307186, 0.08893267840621513, 0.1236522379666782, 0.12501643595430134, 0.11048840594843613]",0.021367901186832836,0.012643534934697956,False,False
47471,"[0.5448155219039124, 0.5227321953857988, 0.5360437073391741, 0.5451917625459376, 0.5242413680367395, 0.5617254962538898, 0.5395909024785948, 0.5610719742172112]","[0.1746557241270509, 0.19921067152792837, 0.20529283032544, 0.1908744046671248, 0.18748297512168777, 0.1995417020133533, 0.19681774988991452, 0.1956102702032576]",0.01368760986286452,0.008814578906279534,False,False
47583,"[0.5308162168956825, 0.48440127303269653, 0.5325700465755585, 0.4909214960257787, 0.5121709016882137, 0.4903532518766798, 0.5018964027301571, 0.42976129581708444]","[0.0735757203826018, 0.11977714806559708, 0.10492617815467352, 0.08394007370827772, 0.08219910722262141, 0.10265336933929015, 0.09010640819622509, 0.10498866767874901]",0.03046019157038733,0.01431489013997307,False,False
47744,"[0.5157556589678238, 0.4883111701887556, 0.5330651472714831, 0.462360672508936, 0.5188783803749376, 0.49809057815644664, 0.5040419669571014, 0.5035460608845669]","[0.09877710385771127, 0.08554739665926407, 0.05719831331759912, 0.07603520770717508, 0.07144560129936463, 0.06656312735975999, 0.08080436426419155, 0.06878625207298174]",0.020036047302766445,0.011975814283720396,True,False
47907,"[0.5037926295750109, 0.536913871711686, 0.528058168798009, 0.49805877571086066, 0.39034300220539253, 0.5181834391996318, 0.526903459936096, 0.5108207898129398]","[0.04662477696676089, 0.06665744382191505, 0.0503688375398603, 0.08185907355698721, 0.03489405550640664, 0.06553011453523545, 0.06045433473899916, 0.07033626357819017]",0.04379335108626419,0.01396599053161887,False,False
48376,"[0.5565206792103752, 0.5586043732633741, 0.4937195661990659, 0.5241558829131987, 0.5630401794788834, 0.5743008802269477, 0.5066347329200407, 0.5740094216004445]","[0.1682552778061521, 0.1542595215914212, 0.14410104095575718, 0.16053082036302654, 0.17078775584880856, 0.1672111581765819, 0.1607560893649839, 0.16515449281107442]",0.029302811046433855,0.008173115172694059,False,False
48655,"[0.4925202232870992, 0.44696332083599866, 0.5269565427686107, 0.5359952102559669, 0.5385333870351643, 0.49432119534695673, 0.4778139079314414, 0.49209224701105786]","[0.06345615145595593, 0.036222690260692456, 0.04907511723764114, 0.053597291924335606, 0.05340154623464333, 0.0652103954592707, 0.044566141185909965, 0.08015665276295691]",0.029494910337093505,0.01277524068612809,False,False
48911,"[0.5172683007861038, 0.5018399660286831, 0.4808553481210195, 0.47468697406131133, 0.47615805704443015, 0.5455325028023648, 0.47781956898223366, 0.5152615304967616]","[0.08092631999800562, 0.10182397053792637, 0.08185527481545177, 0.07397957806872846, 0.06136477020381609, 0.06749429003542734, 0.10665421600126637, 0.06257060877693768]",0.024138644974215712,0.01594263090949061,False,False
49170,"[0.5355074823195645, 0.5410939768637698, 0.5586800250944104, 0.5706878028648817, 0.5457918565741574, 0.5256358185151542, 0.5419943567392728, 0.5473534486311893]","[0.16361409693547393, 0.158790104682291, 0.1709752479248608, 0.1701247387686246, 0.1534607541214289, 0.16879892500098748, 0.1714176177629077, 0.1719277932113787]",0.012926986782957471,0.006411355710493542,False,False
49195,"[0.5743528565853264, 0.5575865118109413, 0.5779431006641862, 0.5328698325915677, 0.5692811565416884, 0.5561614497700922, 0.5755230386476171, 0.5626962743891442]","[0.0796499313380474, 0.08026186394939963, 0.07008603603183505, 0.05731657128406897, 0.061687127242151835, 0.07973008369364462, 0.06396043224044495, 0.07090521882197537]",0.013837111953117454,0.008357335368335125,False,False
49256,"[0.5253101191035969, 0.5301982679272693, 0.5148737350788162, 0.5616613066343099, 0.45104310629083666, 0.5566200889430061, 0.5087615908809088, 0.5242243330480161]","[0.0034438486200072814, 0.00046488716758781145, -0.0035021959376664623, -0.003810994721464762, 0.015774821525064237, -0.01810649157016056, 0.026673259658703898, 0.003421678853049579]",0.031847759797638035,0.01257257428741572,False,False
49315,"[0.48980823319088496, 0.5198293333449009, 0.47921874355285166, 0.5256352739962709, 0.5379269290770667, 0.4845173610513715, 0.5162405845258644, 0.5321386948220288]","[0.07388398896824624, 0.039443806900143014, 0.08434478581604238, 0.017987266860657786, 0.01682496906187058, 0.08245880284132108, 0.07247488378111734, 0.09008011038608787]",0.021363182066990418,0.02828691247369466,True,False
49474,"[0.5846313644580297, 0.5724740888586181, 0.5569793283859119, 0.5447547450831154, 0.5375110249628873, 0.568591048313215, 0.5538453601097273, 0.553154751764974]","[0.14196710703930154, 0.14903601258053706, 0.13220897217233002, 0.12437961987096244, 0.14078024861929844, 0.15751702692888675, 0.14235839404465606, 0.12852153604969443]",0.014404987792868564,0.010208345935974673,False,False
49475,"[0.5014846643742481, 0.5341677147042097, 0.5398106366690629, 0.48385060478737596, 0.49150042219818696, 0.5241869879436234, 0.5332755856560016, 0.5292144091085649]","[0.12647930764802381, 0.11380464277361275, 0.1102565916914646, 0.10159322292257039, 0.0995168346275907, 0.12000577857603756, 0.10304372116956746, 0.1269996435077012]",0.020218659276263318,0.010279304619487426,True,False
49678,"[0.5338733281457781, 0.46606517363815647, 0.4663196343847379, 0.5201817641606477, 0.48447280829946826, 0.4699037465356699, 0.5023927305777746, 0.4349256092051501]","[0.07609080038773534, 0.08061127448146926, 0.07818751498477561, 0.1008073388273209, 0.09061483806073842, 0.1060281502531714, 0.08748203698014118, 0.07793459113247347]",0.030355259138269895,0.01051959374260814,False,False
49702,"[0.5524342180522788, 0.5645594838719763, 0.572209364647525, 0.5725227397329429, 0.548693976877461, 0.5654585329516156, 0.5209157845789021, 0.5701864185306468]","[0.020014600606843548, 0.03939255447100635, 0.014359868994400992, 0.04305468701231619, 0.003441166829131475, 0.01692007908045864, 0.015947994521732112, 0.051569748041914734]",0.016400037895053347,0.015757460908020653,True,False
49760,"[0.5345864333016694, 0.5326953031024946, 0.5192720740460381, 0.4589057906023322, 0.49018444794319743, 0.5441120773850817, 0.5107965510435145, 0.5638551280124064]","[0.10109658069390312, 0.10582056062497854, 0.0864969447403661, 0.07799072685139882, 0.11357937939675235, 0.08580070690676592, 0.1140161290145478, 0.10024214087412164]",0.030784316464313195,0.012531902520042748,False,False
50203,"[0.44042693588734166, 0.46986683408947494, 0.4365328864539196, 0.47908540626056706, 0.5371943953575395, 0.488854145166858, 0.44827140941178356, 0.4537633360933804]","[0.14380172578175357, 0.13570337907756275, 0.0917829796094021, 0.1377395371978637, 0.1482384916362251, 0.14769724932069012, 0.14732812013077648, 0.15368850126887462]",0.030981840713107764,0.01839338031359089,False,False
50210,"[0.42483159388015557, 0.5732263755058289, 0.48682852100811247, 0.5547787925034122, 0.48325944617031125, 0.4676205291226297, 0.5394301129521253, 0.4881196830757468]","[0.11455933140748885, 0.054516374240244886, 0.08873426611076789, 0.0665806765790973, 0.06408276798447562, 0.08044339104175466, 0.07832906827574776, 0.08507377531188454]",0.0463279322552144,0.01722949804829829,False,False
50622,"[0.541002171966774, 0.4653820114587875, 0.5218033903594912, 0.5042135261270333, 0.5150378576376448, 0.5032956346445531, 0.5026431247311057, 0.5243221050914589]","[0.0827524373177721, 0.06646871571259917, 0.08330620129509611, 0.08362496832209272, 0.0803425425288268, 0.09988822615667955, 0.0853749048743076, 0.07978859236299976]",0.020777440747140087,0.008524260699300415,False,False
50708,"[0.581259727718006, 0.49299528536818044, 0.5707423695252549, 0.554491541748426, 0.5697818069001728, 0.5061563000205405, 0.46418945359457986, 0.565104042664506]","[0.0948442665796437, 0.10765514349512767, 0.0831469384466799, 0.09881169408744803, 0.07904900341219721, 0.11463983278033071, 0.1147884654403014, 0.0922198997161548]",0.04099927981890622,0.012627214401416283,False,False
50739,"[0.47455222222796234, 0.5355061799194603, 0.4538353872416727, 0.522392682639985, 0.5133024352988925, 0.5156211363318018, 0.49692207581526715, 0.5201289317174607]","[0.09532580330616747, 0.08186597249083222, 0.08923057079979838, 0.09804823677258004, 0.08635572311222284, 0.07522266542189017, 0.07432049419318927, 0.07463379986381222]",0.025608609830228377,0.008806402796964834,True,False
50850,"[0.43664714113967695, 0.4773565390550714, 0.464529091220214, 0.5094193193205082, 0.5121662301242311, 0.4528496208076751, 0.42611352040845274, 0.42481927028374955]","[0.11007917211266388, 0.13653885782659078, 0.123159918284357, 0.10011118648474984, 0.0987806976989216, 0.1179992189530934, 0.11475557151442738, 0.13405759250542731]",0.03239676364784128,0.013142242305753098,True,False
51008,"[0.5286914074146802, 0.5811334492213742, 0.49403556638492224, 0.5684148378069431, 0.5001097645909832, 0.5641398816759997, 0.5860418176906932, 0.5343322182909349]","[0.17029225546353788, 0.16761691644773322, 0.15234149948850978, 0.16747773211511308, 0.15514649661677174, 0.171295079547881, 0.16195693261910155, 0.1838222365363712]",0.03334614496144934,0.009281138256263267,False,False
51227,"[0.5295194455205631, 0.5232291577637218, 0.5749904795460834, 0.58583279695463, 0.5528407547630381, 0.5067065550589664, 0.5637896562890957, 0.5212629494722603]","[0.1687540653962748, 0.1577706033742896, 0.17589686746289002, 0.16751948472004013, 0.1633381367283726, 0.19064854378764745, 0.16098465912045934, 0.18971990132792538]",0.02674955520567776,0.01175886512938288,False,False
51300,"[0.43774694370159245, 0.47319406228177, 0.5307153224238155, 0.514628407862022, 0.518374829513751, 0.5230653327565631, 0.5440694345496706, 0.5289251318214432]","[0.132397553176263, 0.11319630504142256, 0.12501775095357842, 0.12126359665112581, 0.12184134136343613, 0.12621621759595372, 0.11151014226823379, 0.11281354513780181]",0.03311851742457157,0.006984394523078826,False,False
51380,"[0.5243552686058475, 0.50020575395709, 0.44402666301052746, 0.5225027060630839, 0.4491378293639566, 0.46681355795617374, 0.5223205414362617, 0.3906629589941494]","[0.09257470151918466, 0.10304936761006037, 0.08256084287890558, 0.07332860293358674, 0.10330214640643232, 0.0697740875117672, 0.07937124238349219, 0.041561780024825204]",0.04517305697710162,0.01891461306649682,False,False
51385,"[0.5206819243268119, 0.5309488459075205, 0.5733284860463912, 0.569821597866798, 0.5221905879777319, 0.5647722080432027, 0.5665474492930811, 0.5575508416147903]","[0.1858836367081404, 0.1982974793481957, 0.2027720537554448, 0.19943902701018779, 0.18813055177700694, 0.21728112291590568, 0.1990736594764198, 0.19174425122405722]",0.02084993650139061,0.009226019321562199,True,False
51436,"[0.5075922349496005, 0.4977357827069572, 0.4874033419201423, 0.4879072311510608, 0.4796571306954661, 0.47662907124330034, 0.5024745059721928, 0.45220784288317906]","[0.06442017970936846, 0.07785133040874462, 0.0662217433371897, 0.0837120661430664, 0.09451412791026564, 0.08365184781657108, 0.0601355750916695, 0.08530868197370628]",0.016390924309432873,0.011317187246913158,False,False
51517,"[0.4826100056562731, 0.5662092021051627, 0.5447901021883078, 0.49567382471023347, 0.5437820529513979, 0.5365817090893881, 0.4678334221886119, 0.5365601499709237]","[0.12048050863012089, 0.13454414574352166, 0.12541459442745878, 0.11760832292270164, 0.1270037704422321, 0.11918095279757797, 0.11038022212500034, 0.08316724943789006]",0.032693848212903616,0.01450861359726739,True,True
51688,"[0.5270087110963227, 0.5014713753041247, 0.5245433720155164, 0.543079342532977, 0.5190414627205269, 0.5056012183190799, 0.5057550040424783, 0.5027952880534615]","[0.03803596375869296, 0.09375786950729718, 0.08056140053114834, 0.026272474308813385, 0.045803446111940156, 0.06300296039974822, 0.0707829244774163, 0.09998842833376353]",0.01385213110792178,0.024813752183518452,False,False
51865,"[0.5453955493589644, 0.5520112060786758, 0.5698794849261843, 0.5435596229439932, 0.5442938728663111, 0.4756121578340701, 0.5370097304189537, 0.5432114546100488]","[0.05592021600077064, 0.06990468316094924, 0.06621366080702562, 0.06928698590652838, 0.06765695188696115, 0.06864019057620255, 0.06988401084023033, 0.04493297616632572]",0.02562258918514291,0.008411704566239426,False,False
51943,"[0.5360523664145139, 0.4695477380762533, 0.5278491554116976, 0.48625112760971395, 0.5452901933783665, 0.5479138517600123, 0.5304374445391731, 0.494312036533109]","[0.08090187601000402, 0.08763173425998563, 0.0839111717982589, 0.09066591194782256, 0.08489255507847332, 0.10369675206739573, 0.08558055117593914, 0.08460303437470487]",0.02767868109961261,0.0065880766658072114,True,True
51956,"[0.49243645385936025, 0.5482155129550761, 0.5280462171324498, 0.5066576944687395, 0.5141421817633984, 0.5414559762190503, 0.5155684714351302, 0.5093538192779135]","[0.07767468497762, 0.06125147560736795, 0.022884234197877565, 0.064507033074723, 0.048538048639263795, 0.07076728077412706, 0.06012462368514615, 0.07072131811650464]",0.017407433573151877,0.016095683408804032,False,False
51990,"[0.5441779488513412, 0.576888421728529, 0.48880742049839365, 0.5155297051110055, 0.5725903452169365, 0.5238843624239409, 0.45283630096490635, 0.5362718771089423]","[0.1724300407236053, 0.1632295375025038, 0.1818303301684328, 0.13136654979912948, 0.16198933733887913, 0.1498246408692775, 0.14537989768242437, 0.16424951256085557]",0.038803099153811776,0.014953733371297354,False,False
52228,"[0.43425907747374526, 0.39229275367487426, 0.3736688957603866, 0.3975924832644115, 0.38782849501712247, 0.5249154207107226, 0.47374114571172954, 0.4113652047128365]","[0.12492348804050801, 0.12785293390535934, 0.12490997917899416, 0.1242016197734429, 0.1378759320533332, 0.09700081079231956, 0.11107540801712472, 0.13446269941006772]",0.0480437522479738,0.012261847429776552,False,False
52277,"[0.3814980185274155, 0.4759942919053203, 0.44993726909355913, 0.47458507036482656, 0.44652651067860594, 0.5064068766174933, 0.4564071120758091, 0.4205389216885834]","[0.08283533886839897, 0.09340467519171808, 0.08929640803744865, 0.08186608812829267, 0.08892868184184327, 0.08122092992257893, 0.10395964646879421, 0.08823417128490096]",0.035457329566844324,0.007005767284142801,False,False
52729,"[0.48614823552307607, 0.5168816467681319, 0.4591216070393891, 0.514478937272096, 0.5574618958791738, 0.4535890194003078, 0.5257167465811067, 0.47905122313825355]","[0.10148752325881868, 0.044973795526664896, 0.05002189264553903, 0.11340473013460153, 0.08493955187206403, 0.09100152641627654, 0.09472330811323301, 0.10645472326197235]",0.03336627845850198,0.0236879839112026,False,False
52733,"[0.543239176801126, 0.5082825091112325, 0.528183616006232, 0.514420561329761, 0.4830118621947964, 0.5087199977999677, 0.5153630533534883, 0.4909018737241888]","[0.02777208187593279, 0.04635833677777877, 0.03080742392646242, 0.03073429027589951, 0.05381549844505218, 0.037588571103643394, 0.020128487846063456, 0.02185569159333736]",0.017899395338585106,0.0109357646166286,False,False
52803,"[0.5132804919191071, 0.47882343795184334, 0.4975544189217085, 0.5316849517676221, 0.4944607387817499, 0.4968867339118094, 0.5308451577924768, 0.507612140705751]","[0.04272701243032934, 0.03531697647491787, 0.03812504249291806, 0.01871548101972221, 0.03420958279178417, 0.02476593092663254, 0.04386254406993595, 0.0038210015791335953]",0.017166333008145712,0.012776600165873528,True,False
52927,"[0.5379220794219846, 0.5132962045121408, 0.48272507982482604, 0.5218279544912067, 0.508544261778967, 0.47944121367261994, 0.5355426220561764, 0.5414087748939904]","[0.0822258628846312, 0.07594294974001317, 0.08350549678457544, 0.07228186786714662, 0.07583543729641706, 0.08176019765268985, 0.08470411758940602, 0.09332599650836756]",0.022477989068723617,0.0061435770650805155,True,True
53445,"[0.5574486090043659, 0.5435494477940692, 0.5293972561142349, 0.5580543599158723, 0.5411220736077103, 0.5640460027895837, 0.5668442843299437, 0.5315630019225657]","[0.13649591742020195, 0.12272524018869604, 0.13130066774875335, 0.1148453225204971, 0.10204114295388328, 0.1253467337298641, 0.11930421835965181, 0.12505550941311494]",0.013593416356067402,0.009838407322637846,True,False
53659,"[0.5911304002331433, 0.5669934413430624, 0.5330346889202241, 0.5320819337932481, 0.571804469504757, 0.5829692218650242, 0.5203511364175037, 0.4967992878166321]","[0.09769317431130567, 0.1325910930141705, 0.14058685520432018, 0.12429399826806964, 0.12477112657301997, 0.13379338061258722, 0.13469091303784828, 0.13403114342779712]",0.03134130353266116,0.01243270596997638,False,False
53729,"[0.5162673872397296, 0.5176970805945245, 0.49287425823106945, 0.5304831726543262, 0.5092436975917459, 0.5455493081044602, 0.5234628300191109, 0.5066658982235738]","[0.24757578305138456, 0.24893404505164077, 0.12769414690478847, 0.23099525709689542, 0.22267292349668155, 0.22821187947036384, 0.21061600063609442, 0.24021255517486706]",0.014932272878799953,0.036757420630976916,False,False
53974,"[0.5088406802287654, 0.5070336129268933, 0.517896601492632, 0.5479901199501509, 0.5653015073267165, 0.46868380343925614, 0.5369349431406838, 0.5389542867760484]","[0.04466923325583736, 0.07409141032532429, 0.05718323324140685, 0.0690451593144017, 0.05469016128586221, 0.04498803703369339, 0.08021338324308458, 0.07045145476155579]",0.02803360382814691,0.012576428687270848,False,False
54054,"[0.4838004332859035, 0.43665502798652933, 0.4986164201783929, 0.5169138144096154, 0.41831911933198707, 0.447733378577, 0.5050183114156597, 0.5434239214481725]","[0.018854059813152906, 0.04127625595314187, 0.06615692682417444, 0.053597165825701565, 0.0557589203847504, 0.062409986085533234, 0.06777623444706421, 0.04301988146585439]",0.040439578980135615,0.015257209844945841,False,False
54099,"[0.5682483555019743, 0.5487894065541465, 0.49923814291476193, 0.5316799544775436, 0.5605074323373171, 0.5806221781423742, 0.5783357673592431, 0.5351000879815175]","[0.10411779383247192, 0.11551804843668545, 0.08852675303162962, 0.12277659316058803, 0.12180268245003442, 0.11200452196431071, 0.11354730232370158, 0.0665120323037704]",0.02578543823815079,0.01796409399147394,False,False
54250,"[0.5482411202952414, 0.5637255724639785, 0.5642972901375528, 0.5626080470998021, 0.5631684327024982, 0.5624391339088655, 0.572966111509743, 0.5972949894088961]","[0.13869901607000462, 0.141739232961972, 0.12821959726741938, 0.11093826492453698, 0.14850906558983856, 0.12998813234714204, 0.13489468677556465, 0.11981161476806017]",0.013123816047994593,0.011346090168759274,False,False
54336,"[0.4600457700241116, 0.48853138493016024, 0.5074347117424913, 0.5280851820600915, 0.5073329806107176, 0.4917258024572597, 0.5174180198968643, 0.5034082483092657]","[0.054173725651687904, 0.06240423096872098, 0.06769080393879157, 0.07564968107872069, 0.0730418431848004, 0.0753735040445352, 0.07365592595017384, 0.05787191068327438]",0.019388071067750996,0.007852606131373547,True,True
54681,"[0.5144554393696087, 0.5474391122448451, 0.5270729322943771, 0.5432637880369393, 0.5622970608007765, 0.5274546875156306, 0.553696759865411, 0.569346926230506]","[0.06813287818114647, 0.033804151642457675, 0.04004798796508494, 0.050981666157348254, 0.043016104535008634, 0.07010126306808612, 0.041948411266003786, 0.04766251453667479]",0.0177155350342174,0.012308146828783794,False,False
55202,"[0.5471930022835365, 0.5649184364936606, 0.5702530313496667, 0.5605318084605957, 0.556700359035234, 0.5545382978803082, 0.5460572276060476, 0.5119153448794493]","[0.09399996226265461, 0.13874363297335673, 0.12173342594618547, 0.13948317299772278, 0.12090625040400918, 0.1136374878946502, 0.14032775641158662, 0.11772518605713729]",0.01682519187052066,0.014922555886021548,False,False
55501,"[0.5186194036566828, 0.5211947880351966, 0.5194783845411587, 0.5490822910134683, 0.5636351602321426, 0.5613893741284159, 0.5040430822153004, 0.5189254605488562]","[0.08963627915599603, 0.08309628608139999, 0.08399240584146994, 0.08881991554492305, 0.0974344671392704, 0.0896596699693051, 0.08905193585989271, 0.07712493571797668]",0.021099238936647113,0.005603958324627068,True,True
55597,"[0.5574790803974704, 0.5537457257820466, 0.5406522831281898, 0.5516594832260917, 0.5622133370314286, 0.5446612636917997, 0.5411808551712862, 0.5495165396064059]","[0.2375625358334581, 0.23646065773510372, 0.24253216643421727, 0.24426713651383455, 0.21119606545262085, 0.24151817204942816, 0.22924954496493805, 0.24298256228301962]",0.007207859784699742,0.010326279706379927,True,False
55741,"[0.49394958959633406, 0.5254072755234741, 0.5137671105397916, 0.5059033180906322, 0.475998628881048, 0.5012085283281132, 0.4828259812154444, 0.46291041297209934]","[0.061104839825121146, 0.06516321215182641, 0.06711645936679958, 0.054651452153895344, 0.06021406395407164, 0.0630925677562624, 0.07184331996929093, 0.06180439042453513]",0.01928034387251613,0.00477226123537171,False,False
55808,"[0.4976826839480889, 0.48644782797683017, 0.48721180301092554, 0.5318245562004178, 0.41164451507553623, 0.48467588278836427, 0.5087905703234716, 0.4733452754045865]","[0.06615908544117008, 0.07987016566779859, 0.07806170063154476, 0.09327108372550963, 0.07308330274057832, 0.07020729152316359, 0.07153147383937924, 0.07396766325581575]",0.03248654445190789,0.007746744812783078,True,True
55876,"[0.4697100156248181, 0.47081284731108936, 0.46283789076655063, 0.41549838340166523, 0.5062081681381148, 0.5050490527909437, 0.5361522194401902, 0.5162534777897394]","[0.009891960002602864, 0.0037083073779345943, 0.022818432349672475, -0.0036735803114332378, 0.0036757904555213237, 0.0033818980112289804, -0.015336391570767403, -0.00480088088576536]",0.03570885388269442,0.010491894707119805,False,False
55878,"[0.471177440006172, 0.5742898377271682, 0.539021624184307, 0.5701246049344622, 0.5784181620672204, 0.5456625428214927, 0.5747915503173421, 0.563201736340329]","[0.09886879603058402, 0.10076558180008749, 0.09478418603672265, 0.10067637075211891, 0.09617547246090802, 0.1091320438374549, 0.09075663368697101, 0.094216141963192]",0.0333710575281048,0.005240545069433653,False,False
56047,"[0.4491649981194355, 0.5193237594741449, 0.4450357489632183, 0.45480111843170234, 0.502336316345807, 0.513375615503427, 0.445693857909545, 0.4491807787607106]","[0.09441753747455371, 0.06640807375073049, 0.03949171029451102, 0.0446258709524312, 0.07599356992685222, 0.06402539825371087, 0.07952472733055405, 0.0872134763190652]",0.030878292114606316,0.01814439543733927,False,False
56131,"[0.3089071378359338, 0.3496556371633194, 0.47484047991459233, 0.40259667300661384, 0.3989263943812066, 0.3883212330679944, 0.3540734567607655, 0.28429589852246184]","[0.04982805662518344, 0.06507460557997981, 0.046486931999917006, 0.044248348394373874, 0.04252370448212224, 0.030055791266097476, 0.0661897803469505, 0.04246680904555025]",0.05586951884647729,0.011311965223502933,False,False
56162,"[0.34662745088971947, 0.5177698538604059, 0.39534639455053455, 0.37869721435695003, 0.5475878873434926, 0.5157612068370074, 0.5089660264485839, 0.5214374818252426]","[0.037286489879272744, 0.08872456849111424, 0.05784831457662696, 0.058933882838502955, 0.001587789059026976, 0.03790376315227053, 0.08357216214676608, 0.0368662342196283]",0.07381868689874617,0.026437085356748866,True,False
56272,"[0.45441298126029595, 0.523317546889838, 0.5005269166957436, 0.5094518822682574, 0.49643005977299914, 0.5091883373183572, 0.4744648198200464, 0.48354721762680797]","[0.07608237440989478, 0.0720386393808598, 0.09223148724486886, 0.0702553362953392, 0.06229069403576355, 0.08622352946743564, 0.0797097368351976, 0.07148097422586559]",0.020722669142714964,0.008931281085702633,False,False
56496,"[0.5055270341293432, 0.4313141488278297, 0.4890153126678517, 0.5409695419018298, 0.4826549601588317, 0.4778930178540741, 0.45031487216370436, 0.5234237544556288]","[0.050056139627929194, 0.0327160584051831, 0.05095385142344281, 0.032132543271796425, 0.06330106816947574, 0.057572902079180074, 0.0349455795735281, 0.04834674082438713]",0.03378604658721462,0.011012585298908221,False,False
56554,"[0.5397256185676411, 0.543585903459118, 0.5081430663182573, 0.5240603168001438, 0.531593572703045, 0.5456896065829687, 0.5091740386803102, 0.5269907476751047]","[0.21287725982037947, 0.2326205535338592, 0.20277740607904426, 0.2064065891202616, 0.2216161881546448, 0.21012813923562984, 0.22862615531441838, 0.19450137979323817]",0.01354816422656409,0.01223704536382534,True,False
56629,"[0.5017892582973277, 0.5208356114317279, 0.5252063724688145, 0.521766379954171, 0.43129225503900737, 0.3844008994278203, 0.5129688333046538, 0.47042258577394325]","[0.12731142616678626, 0.0881820729159732, 0.11280994401539227, 0.06184203406456166, 0.11892726792113942, 0.1198312792323431, 0.044462094075446865, 0.11214433029854531]",0.048111634875029174,0.02842297464755454,False,False
56651,"[0.5027698817246994, 0.5442751129272753, 0.5604795378633323, 0.5029206931400798, 0.4255264917457269, 0.457461771881927, 0.5403192247576438, 0.4404906767806873]","[0.0725707422692813, 0.07805355655804365, 0.07811688742921756, 0.06510720378171074, 0.05602106205174206, 0.06549320634653644, 0.05525221460747398, 0.07486460617311755]",0.04753175408572609,0.008601014310423738,True,True
56698,"[0.5081560779294542, 0.485652820024873, 0.5158092004373673, 0.5102023976913322, 0.5289660398591832, 0.5796295385569006, 0.48956961049151004, 0.4866105299299335]","[0.030186699958267983, 0.019917720674081242, 0.02354289545801663, 0.02403373789309182, 0.021953137259625163, -0.005428824178727247, 0.02187138319127305, 0.021933414889479478]",0.02899741950922608,0.009935943951451795,False,False
56873,"[0.4956944941672039, 0.41207345362994147, 0.4687834422661767, 0.44224172351205404, 0.5023995808592144, 0.39595676520160755, 0.4882350926679113, 0.47939863324504994]","[0.04102190081436028, 0.04689047424528075, 0.015495501332906586, 0.04635557121725353, 0.04578514641503331, 0.03741262797547543, 0.03306735072133005, 0.02889266926132738]",0.03713738674654625,0.0101388206862213,False,False
56963,"[0.5220668484770353, 0.5402670455170768, 0.5418432535686002, 0.5415688951803583, 0.5607741564411959, 0.5613204009465252, 0.509675677482831, 0.5432035424258372]","[0.05132436363050076, 0.040027177084315455, 0.052811664127530966, 0.06462042420288637, 0.05196130945549298, 0.06561738516109739, 0.028031028817041465, 0.0555640689493689]",0.01636847495038501,0.011574884594163446,True,True
57114,"[0.5451601367148962, 0.5856465788574894, 0.4993141358403681, 0.49805223428206324, 0.47212479993925216, 0.5210023414165882, 0.5063519196994584, 0.4690474166850309]","[0.05109737022632495, -0.004328679431389109, 0.027746411391525887, 0.008855406203514663, 0.07998412631539084, 0.04410499001505522, 0.049932982770040976, 0.14972532524554016]",0.0361018045672812,0.044740250717696536,True,False
57244,"[0.48899108816829595, 0.5038839285188705, 0.531335546479068, 0.540348440265375, 0.5129289880537916, 0.5329890282960746, 0.5279938487228034, 0.5323926332670021]","[0.17686749461488127, 0.18318271208207237, 0.17701122512671852, 0.1876780731792953, 0.1737145142317285, 0.18712354131823186, 0.1705051171661197, 0.17316914019932989]",0.016527534193185055,0.006128346226947174,True,True
57830,"[0.5842000714761659, 0.5174901256760899, 0.4790689846678081, 0.5212210198377947, 0.5135057695661722, 0.5158416778816718, 0.52283199235921, 0.5564819524073268]","[0.07293635029247561, 0.07477359234463138, 0.07153804961481833, 0.07303691477002419, 0.07778322898262058, 0.07246291988366406, 0.1200915488209868, 0.01003465709920645]",0.029331373726428717,0.02782674576853693,False,False
57994,"[0.5605118018267192, 0.5292795589039323, 0.534484006897692, 0.5277885159419982, 0.5055205442224909, 0.5335302501713646, 0.4977413907809365, 0.5239390931128626]","[0.07600704198734337, 0.11809263070015036, 0.07838702646613893, 0.0768392994108779, 0.07811026987006253, 0.07759290233476601, 0.09010730301242363, 0.08707213489398372]",0.017864182201649686,0.01331552652765147,True,False
58004,"[0.5350898442327957, 0.5638701868129572, 0.5401960069640785, 0.5029097988671789, 0.5248803938644725, 0.5284732511226388, 0.5107218018629309, 0.5353900689021391]","[0.15381783089214074, 0.15859906602919543, 0.1667540536528589, 0.13039557180795044, 0.14036715977897202, 0.16788318909682207, 0.13027713993747755, 0.17590886650001009]",0.017463832589372286,0.01641034375015337,False,False
58157,"[0.48927860334707857, 0.4784980432730045, 0.4644495600558626, 0.5142110621934066, 0.5238899456611157, 0.4979494684287815, 0.5324478169712319, 0.508694184560928]","[0.09442066842328407, 0.10993119443868227, 0.076898271419248, 0.11249008707344949, 0.11712959181219838, 0.09696226526104082, 0.10814494011022843, 0.05010368920718648]",0.021608347521170874,0.021018645092184464,True,False
58169,"[0.5313544021435435, 0.5174740529103355, 0.5078153723388419, 0.5394949574960777, 0.5419054324467563, 0.5357915858158715, 0.49991545169838725, 0.5116373097030799]","[0.15286305854441395, 0.11697714845799306, 0.16852068615918991, 0.1459660386990062, 0.13628202944771842, 0.15042958690908753, 0.10999644740520621, 0.13950392718430016]",0.014940694416744919,0.01791492277731144,False,False
58252,"[0.5572084731126605, 0.5296775738580435, 0.5113384369099621, 0.5471137954120637, 0.5536410064201512, 0.5675822740529457, 0.5503393210279482, 0.5108276149360105]","[0.01874362371059122, 0.0640268609385789, 0.01994209171552244, 0.031983271850468634, 0.018729265845881617, 0.035148492832640425, 0.030791493474075123, 0.04044985255318683]",0.01991261413715132,0.014159411273998888,False,False
58341,"[0.5263516909025829, 0.4731113559176349, 0.5186302219469481, 0.533158493380296, 0.5345220868327901, 0.49594746758869285, 0.5602009709527269, 0.3901545308553569]","[0.014085169682154133, 0.001736289095782446, 0.016743155879027694, 0.0006809834420443272, -0.0058220582326580245, -0.006067899309706729, -0.0033654884623155515, 0.00046426226956386776]",0.04954006945884961,0.00807690265502351,False,False
58458,"[0.5434761720004679, 0.5352180657601644, 0.5407101482146366, 0.4917636748657443, 0.4985947246431258, 0.4976074925108821, 0.486905161648001, 0.5213960108879073]","[0.027236250613093305, 0.036453310466284125, 0.01296173164180882, 0.0587870622274408, 0.01892685664738441, 0.02895677238267254, 0.04771150208802595, 0.03755388337975217]",0.021852117497166562,0.01396686992222477,False,False
58572,"[0.5283296894934759, 0.42724277483419315, 0.47823814558482647, 0.46081398680795704, 0.5022594921858199, 0.5130156237170972, 0.4088331689721275, 0.5201581159509505]","[0.08001681188925702, 0.03510784570889082, 0.04879669251397148, 0.09444909946607663, 0.09437092346582929, 0.09296431732339956, 0.047350137472232934, 0.08201310198085425]",0.041462401203064346,0.022680901261421527,False,False
58835,"[0.4959098409781442, 0.49373944017600646, 0.5324329975285178, 0.5340452058100285, 0.45526457412955607, 0.4655905984116324, 0.43866693385018973, 0.49904906569236923]","[0.10564618423766733, 0.12781968697200766, 0.08605661288007349, 0.11426744324052748, 0.1000144302448971, 0.09155850451533469, 0.10499326217035598, 0.08686111090120524]",0.03222047874335311,0.013395709856319962,False,False
58977,"[0.5142635893287717, 0.5563997992041013, 0.5315516086620614, 0.5303122703920373, 0.5254704673798827, 0.5304131744690584, 0.5074642068974047, 0.5448968930809901]","[-0.007116125882019147, -0.005475992860842968, -0.010201288897858544, 0.0004384506387456986, -0.003524720812955649, -0.007922000980102793, 7.423811625487629e-06, -0.017766946720610466]",0.014566576873013926,0.005516008482132351,False,False
58988,"[0.49060772208570214, 0.5552432070322114, 0.5046920631839461, 0.4913692943733834, 0.5617637336722872, 0.5661575311258829, 0.5068820213694547, 0.5626226713681999]","[0.029419494036660884, 0.09149710438365455, 0.04534954426743092, 0.05189199263168534, 0.15500610655531932, 0.11543846835855544, 0.06433961489831988, 0.10611702995309713]",0.03208722654857502,0.03944145305333819,True,False
59101,"[0.5578452642655773, 0.5723867344534184, 0.5253156105980947, 0.5464421730486513, 0.5374182038418223, 0.5284701386304972, 0.4697121376518474, 0.5393041070089812]","[0.10072959826789543, 0.13537475900807944, 0.09855244316078167, 0.14052608334040945, 0.10224544163649882, 0.15188936243442938, 0.14440279064695408, 0.13353549074941368]",0.028444455135135605,0.02037391113910097,False,False
59177,"[0.5309127736332047, 0.5614858446858345, 0.5553663263922282, 0.5186949879831445, 0.5243438232649044, 0.5539905657406983, 0.5240625926056433, 0.5449076446997583]","[0.13192141425417364, 0.13992205046669964, 0.14077885566487439, 0.10211190766489864, 0.1533940257921157, 0.1387200148207598, 0.14090762703424103, 0.1474701654088137]",0.015605785661272086,0.014414969310289287,False,False
59183,"[0.5138601412130116, 0.559796076965285, 0.5745091038397823, 0.5777001853157758, 0.5484418748995186, 0.5561019258158466, 0.5239912960084405, 0.5299306729729585]","[0.14986635866767598, 0.16368904137139123, 0.16043789788792784, 0.1541149159598244, 0.17630410524854545, 0.1669799142231289, 0.16665414031141884, 0.1482422810567129]",0.02196090892871965,0.008966931421057811,False,False
59219,"[0.47757185414112446, 0.5101779429494253, 0.5641966379219688, 0.47540480390801704, 0.5614589346692727, 0.5512651010064132, 0.5297129202301201, 0.5583196116195365]","[0.12099629414624041, 0.1282872340157691, 0.14549672220348392, 0.128516469417042, 0.1520925341413073, 0.14531384142202947, 0.13602243632892613, 0.1580438130627697]",0.034492650993322424,0.012108167071852064,True,False
59293,"[0.5451920878695522, 0.5220363107818761, 0.5268461615608442, 0.5494321451218893, 0.5077870928876023, 0.5536118419827833, 0.5424695641350825, 0.46284383594904666]","[0.22364578061229012, 0.2028978567747052, 0.23025927735777332, 0.22736119254880316, 0.1883817037469616, 0.22113659889773585, 0.246001325033619, 0.22177590164051386]",0.028034096136519682,0.01637520944360563,True,False
59464,"[0.43808966701725843, 0.5327441742544047, 0.47359127120556677, 0.4593450838528811, 0.4284656308359194, 0.4354393150757675, 0.43556906226114545, 0.5088650747937226]","[0.03370430873949208, 0.01618500984282753, 0.004018137229021613, 0.015600692347211943, 0.040577558210216816, 0.027270504905642055, 0.039194897632544, 0.032060382039348884]",0.03607347251844794,0.012103431824356624,False,False
59470,"[0.5262642294663562, 0.5102227120407912, 0.5180857756317199, 0.5574952703562164, 0.5384964387123765, 0.5244613938688342, 0.5848747353113244, 0.5173440141157953]","[0.1399200333285857, 0.12548819343260031, 0.12037331145819392, 0.11886359702206765, 0.12270846875730679, 0.13701680568077096, 0.10224116453219309, 0.13103708529277758]",0.023462515777651294,0.011097759009970773,False,False
59508,"[0.5279715572871947, 0.5366886805201642, 0.5252068837950006, 0.5235210122321494, 0.5308942162343955, 0.5500530920356758, 0.5238204823143486, 0.5385082830289792]","[0.14289509463971106, 0.11479202634594154, 0.11279954567413196, 0.1477184991915823, 0.11822044372501062, 0.12752945887191539, 0.1364185129828769, 0.10415050390485103]",0.008606652499308394,0.014595823386665941,False,False
59838,"[0.5218910827613761, 0.541898851285775, 0.47812882939696744, 0.5016905656609998, 0.5418523060527289, 0.5058248259085733, 0.48590650707536837, 0.4892441037903714]","[0.06953147178350254, 0.08162666962159287, 0.10991819767419655, 0.09941167292995698, 0.07128872228088493, 0.09465066056205568, 0.07959949890861458, 0.08810525001100608]",0.023086965365641265,0.013106512239589568,False,False
59905,"[0.4672306650447033, 0.406812034915385, 0.4437401779255428, 0.34922325895805734, 0.41580105411631735, 0.4732100701003722, 0.4504497329024652, 0.43761732325320624]","[0.08305437340403415, 0.04848444409798588, 0.07407252435773604, 0.058116476588580844, 0.061733017645261394, 0.07727977010180387, 0.082044086136311, 0.0602735681874188]",0.037383700881770524,0.011854503276033072,False,False
60063,"[0.4900313535629335, 0.47377590443579665, 0.4731828550916672, 0.46624860204098195, 0.5213394719883483, 0.5239793457020439, 0.5070168119341156, 0.4914855274486183]","[0.13058057016327768, 0.11115315343119891, 0.10658601042091151, 0.12456271533885976, 0.1036945320230594, 0.12018078412645745, 0.10583017100466524, 0.12585014249989246]",0.020758055850023126,0.009793865935313733,False,False
60496,"[0.45721211013580393, 0.5102524180728598, 0.5428800099276605, 0.5023716665180413, 0.5266432221684111, 0.5323174805646634, 0.5457085588628078, 0.5357542472574203]","[0.07685767460938879, 0.07273539365036859, 0.07182585165885746, 0.08769851278538522, 0.06386740833893943, 0.07927646439314914, 0.08052229386085152, 0.06994063010532116]",0.02731914062294791,0.006867449138056822,False,False
60707,"[0.49176264947842063, 0.39318455242393335, 0.5375059170645751, 0.49959946050837445, 0.4581739775762895, 0.4750954451625362, 0.49415713859490773, 0.49200730944175614]","[0.03971002060156693, 0.055224310599794206, 0.032455343198141695, 0.03416412527960057, 0.04695113788930841, 0.10101154454558006, 0.036993947846812626, 0.042103272996925484]",0.0390690174317644,0.020971856035961783,True,False
60784,"[0.5535803055006927, 0.540582295825043, 0.5623658712896193, 0.48698582664244616, 0.3739437452562711, 0.559412315010787, 0.4480070080446628, 0.4607056723171823]","[0.08503551435374967, 0.08400097590118019, 0.07459509316633506, 0.07145850645283808, 0.11005574397834259, 0.07341338778155264, 0.0848394221100443, 0.09823275549964608]",0.06346059734687583,0.012396936383482828,False,False
60932,"[0.5441690831754904, 0.5626303921253109, 0.5461668113896987, 0.5510210804853065, 0.5620422232043533, 0.5458425820740014, 0.5455612933341472, 0.5503207313801766]","[0.1928420873229719, 0.18174806217481715, 0.1831995628726802, 0.19250509316885556, 0.17444239719823157, 0.1814089031206776, 0.17067276612965232, 0.19008031414366022]",0.0069268556973538595,0.0076291029199959184,False,False
61327,"[0.5510810781356452, 0.5165778649701251, 0.5497631219668433, 0.5520342448688267, 0.5269427908583473, 0.5426624347216624, 0.5494454315371196, 0.5454545252015597]","[0.17740487925069628, 0.15883851236523844, 0.15209281386635665, 0.14969335889600655, 0.14180743008911406, 0.16407494422519248, 0.16643963039418538, 0.15455947063442732]",0.012164036054877788,0.01038756888160719,True,False
61653,"[0.5586747440383404, 0.5202292664342569, 0.46991623685327244, 0.5421745726854417, 0.4899503556990982, 0.5637659709297448, 0.45067335798708386, 0.5035539139063991]","[0.09122798311815286, 0.06808701114184607, 0.09888258301013322, 0.10635773249450942, 0.07916859398863355, 0.09426155385037716, 0.06923474089808726, 0.08588317451905572]",0.03860847895454922,0.012851841228426301,False,False
61683,"[0.5197854485536847, 0.560974685980357, 0.4937711322379459, 0.5203027624270189, 0.4870449327337044, 0.49867343194697605, 0.4999548676144716, 0.4621275629158368]","[-0.004886373570166283, 0.056813596179803284, 0.050850482410227216, 0.03883861572033857, 0.07114427831030806, 0.00507419133521129, 0.03747795568436459, 0.07250927328471274]",0.02724215095073157,0.026603357569578687,False,False
61701,"[0.49033731860850077, 0.458658968258825, 0.5251123398025135, 0.5477611211286351, 0.5044091404931386, 0.500426305231747, 0.49828278480276317, 0.5291292669240023]","[0.013630388579476554, 0.04986514366346395, 0.03186992895151789, 0.041899918830394164, 0.03631084337495593, 0.017812886590422565, 0.021487348120678207, 0.04416365377070648]",0.025542130307931895,0.012413822659547382,False,False
61868,"[0.5311766485862937, 0.5415004747255088, 0.5026255338742884, 0.5350528072512444, 0.5192427956246506, 0.5409008374365596, 0.52221864584763, 0.5459369128390634]","[0.19538878068125703, 0.2126100107271242, 0.2326283142445755, 0.19623933143755753, 0.20594835164906516, 0.23264400437684596, 0.23754553406115242, 0.2134210928280803]",0.01349718396519255,0.015620133839878517,False,False
61878,"[0.5736946488045489, 0.5930647114830523, 0.5377248789142153, 0.5988865839946769, 0.5920014097666169, 0.5118269326575456, 0.5810074297761441, 0.5812757905786876]","[0.14949016853991237, 0.13078150482911638, 0.18508135146491173, 0.11400497185051281, 0.1395678474249339, 0.16927819375914985, 0.16197093272723795, 0.14730434272580747]",0.028563492488872372,0.020994665645814696,False,False
62117,"[0.5231569773953144, 0.4998004569651271, 0.5129372300722306, 0.520552905799319, 0.5343742715584836, 0.49070777398557, 0.49857471188315633, 0.48572802632283724]","[0.06251408828665228, 0.04058830757075607, 0.10253361454380153, 0.02558007685964015, 0.03411876417115986, 0.11281314797420504, 0.03495285587920734, 0.06471989205368595]",0.016039009526512993,0.030588159579809503,False,False
62587,"[0.3430989450425744, 0.5336343467470819, 0.44635672236032864, 0.47680830007015734, 0.4452392438463808, 0.5359984548616645, 0.4206246379749873, 0.4991428473177495]","[0.0689655511218769, 0.1477848064729768, 0.07227024540128762, 0.10922980110360289, 0.020422361383742944, 0.14744576097994827, 0.06553438254430019, 0.15367899401708118]",0.05976844779190004,0.045725776537598094,False,False
62627,"[0.4664956921075568, 0.48708019242618344, 0.5146093564588679, 0.4738099790685614, 0.5257083146274824, 0.5306106179597112, 0.5080184015911673, 0.5170342699833251]","[0.042942329646173644, -0.006560769827808225, 0.01828614218664778, 0.04704054650290758, 0.023540594305637413, 0.03577762397628089, 0.0038748079476089584, 0.03567806986119191]",0.022563654400240298,0.017774317729120578,False,False
63062,"[0.3281437172798981, 0.5146017323492009, 0.5642512281368646, 0.4185517297069953, 0.460141771806189, 0.47183322770686364, 0.3622416709502621, 0.37312436635345225]","[0.061978101021441, 0.11278154438742563, 0.1179363074903424, 0.04920483787716615, 0.08236560797447014, 0.05232139469654276, 0.05152002359007924, 0.0709720761391995]",0.07568150627518039,0.025597682504396146,True,True
63247,"[0.40352852368675596, 0.4677467763312977, 0.4203507566427329, 0.49496551339618877, 0.47693420947967935, 0.4422950578698193, 0.4737689539068358, 0.48757487036077557]","[0.06864417526924932, 0.07474701570535491, 0.09981492418375998, 0.07429072678280033, 0.09025188640643127, 0.06732835144697005, 0.09428253041991629, 0.10779271719215941]",0.030767853681402512,0.01436722114522709,True,False
63837,"[0.4407396676928473, 0.46062536589430436, 0.5059803424964356, 0.45656238220354817, 0.4051400635303277, 0.540792367397886, 0.48466430450985853, 0.487788229084804]","[-0.007055228694018914, -0.011233766327705697, -0.021685981873890856, 0.006942084195590942, -0.0003670479523842174, -0.035317089670754295, -0.0011830147861254282, 0.017202530317162238]",0.038901989513131,0.015378872328595933,False,False
63869,"[0.5442076021160763, 0.42933394242069967, 0.49876489175033945, 0.5305261522469212, 0.47990936266696627, 0.5612655766480263, 0.510387992300431, 0.5148829047156747]","[0.07727154779797252, 0.11582652924320558, 0.06284992448964999, 0.06747258777372814, 0.05181924436306803, 0.040845865036339586, 0.1560496213057267, 0.15449609696505234]",0.038353542128372865,0.04252107585074889,False,False
64050,"[0.4914783272506577, 0.5319299448105661, 0.5280642696972324, 0.5188958339701871, 0.48718064083945023, 0.513940251014102, 0.5348851400834629, 0.5017907638247383]","[0.09801150586624807, 0.11148404801223927, 0.09413394570064565, 0.086205189103055, 0.08383309144191603, 0.1149428393315495, 0.10206816909842426, 0.10764921246650849]",0.017150726726655605,0.010651529087476425,False,False
64148,"[0.4462539013324298, 0.49499686508045854, 0.48984878827667877, 0.46746259783258926, 0.49233834032508006, 0.4754044159989954, 0.4687988792862208, 0.483440662503585]","[0.04575815637543833, -0.006359882794981393, 0.06298282020219886, 0.08323397105159519, 0.03697888092695482, 0.02773078807565081, 0.000380033424293779, -0.0035605588433621676]",0.015292992448877673,0.030706697842175966,False,False
64195,"[0.5246414634505474, 0.4514793249363652, 0.5530220532711625, 0.47472149659362195, 0.4848677966886398, 0.47818155810447827, 0.505007223881557, 0.4688151182012493]","[0.02688959672346937, 0.04042721106606839, 0.04863748835073681, 0.057517981864992074, 0.03735899335481911, 0.06691698359405815, 0.05366859767524794, 0.047994114866698065]",0.030974522662240343,0.011697107289087022,False,False
64262,"[0.49325531891957675, 0.42390578547130375, 0.5032979294866263, 0.5113364796129645, 0.5378290712468028, 0.5113584609770895, 0.49373467354392275, 0.5423656225935298]","[0.07208649540675174, 0.044394394119046526, 0.07414181038851893, 0.06115836304451207, 0.06917305112813936, 0.07862973154139502, 0.07771436523705896, 0.08370302353120887]",0.03415568365208217,0.011606273842147892,True,True
64417,"[0.5064891142940672, 0.5227457476104442, 0.5254209179460407, 0.5499457490696564, 0.5577531562153077, 0.5769565077137162, 0.4532080281281361, 0.514166042108385]","[0.09415704921672743, 0.04612152543553709, 0.06798677223361768, 0.07387874673008664, 0.06476761919282673, 0.04417395866362518, 0.0956536566045731, 0.09454150566871083]",0.03537005322995599,0.01959269927389627,False,False
64547,"[0.38481993267319475, 0.49093231731832376, 0.37639378477094493, 0.4804653701775371, 0.5037983512949873, 0.4070609802045349, 0.5083837373085943, 0.4871851298153271]","[0.04200287343437113, 0.1322296716177348, 0.0850806760605066, 0.03707714693882762, 0.11173922246904822, 0.04127711255549206, 0.032283059517292295, 0.12656890505546164]",0.05197212574054983,0.04010357740951716,True,False
64783,"[0.5210148687305811, 0.5413958252603779, 0.4571505113193247, 0.5308523401969559, 0.5246625312152247, 0.4845203902923993, 0.4752251637392599, 0.5050966110944698]","[0.06314037950277859, 0.05828060721212015, 0.047724629432241164, 0.06758987152752155, 0.0555023158046081, 0.07048988147233858, 0.060125119280106235, 0.060785335016467705]",0.027909738662284852,0.006617720930949877,False,False
64851,"[0.5000440604902625, 0.48027384929717903, 0.4558088172574943, 0.491348441063319, 0.406292629251797, 0.4972743925599841, 0.5326471501606737, 0.534552448482278]","[0.045620563653564636, 0.01144652247900866, -0.00023968750467776023, 0.02874468759165707, 0.0007440728819725754, 0.04160138886000782, 0.04593882742952241, 0.0031654345529399074]",0.039004326275953724,0.01927792815416089,True,False
64925,"[0.5281152201459857, 0.5112245196246932, 0.47454814627593944, 0.5691926325865181, 0.47244436252463223, 0.49816773390131, 0.5551900142093126, 0.538841145911304]","[0.13074638244174222, 0.11510247045832045, 0.13805551833524807, 0.13568555109174504, 0.1281917583179773, 0.12236286937311608, 0.11410768056859591, 0.13288678348500893]",0.03343150858022304,0.008491739319415673,False,False
65218,"[0.4789588117076958, 0.3875775210748238, 0.5008013411278377, 0.47620947627609966, 0.5062698205888454, 0.4988957063693078, 0.4695758675401547, 0.46221846603127625]","[0.014736558062781888, 0.0579429423333019, 0.030575872089053845, 0.037626509035499064, 0.04972953806144761, 0.03938733877089732, 0.04528592821273157, 0.03286858012867147]",0.03539002729512341,0.012303112610240993,False,False
65340,"[0.5190959280129037, 0.49342117613861247, 0.5316179216665898, 0.5265609558013772, 0.4797994237440246, 0.4405561519337491, 0.46737610152880277, 0.4881672823123594]","[0.06241223858854553, 0.06421040217017134, 0.047509496280017965, 0.08829877826089375, 0.059419329798325336, 0.08639753706986741, 0.07507208952563625, 0.0666125959248111]",0.029373811695115336,0.012928276233971624,True,False
65348,"[0.4647333805501536, 0.5030319420248183, 0.47881313900637607, 0.4447831282471846, 0.4715705139720377, 0.5178290238467542, 0.48637615669896356, 0.41393155017757677]","[0.06131413489878075, -0.003631967529020049, 0.04076505463791115, 0.045937220901347685, 0.047364020380133126, 0.00578660310700535, 0.028044471293293183, 0.07584967012178657]",0.03057542548961544,0.025009214264113986,False,False
65417,"[0.5278401110930367, 0.49050994135811776, 0.5148481451078626, 0.5230059126958666, 0.5319294844369817, 0.5108941519583758, 0.49853054199574265, 0.48650465988299885]","[0.03636471884881094, 0.04075180353140857, 0.02656263439514275, 0.020855472859693986, 0.03514982287554669, 0.034752632111225014, 0.033265954953996715, 0.053989117007632315]",0.016023451763716248,0.009148235337025332,False,False
65553,"[0.4869440220152813, 0.48912164456645546, 0.5094304816208567, 0.4573814368747704, 0.5337227531180281, 0.4752524679544239, 0.47775268680455407, 0.5572288060070489]","[0.08727065779604112, 0.08008327189841719, 0.09860318688922169, 0.08454592454570435, 0.09674892878023067, 0.09562130351350481, 0.09203139807348679, 0.11180242363778405]",0.031008365253733978,0.0091992751072457,True,True
65609,"[0.4917141228736822, 0.5477996660242312, 0.5282483965017687, 0.5786016308578708, 0.5697220386189705, 0.546631459396618, 0.569576725105884, 0.49029886662714023]","[0.1122433108876829, 0.12410396068672136, 0.08690871694476504, 0.1111725657442473, 0.12181917567554251, 0.1259514701081185, 0.10651052501587221, 0.10388508347282721]",0.032194851246651536,0.012054142006769963,False,False
65690,"[0.4475526722178085, 0.46789157174451795, 0.4861630388482139, 0.5489906064611539, 0.5480337805210715, 0.5023756235964412, 0.44404981912601255, 0.4998881702041376]","[0.046540887927058565, 0.05120665338346138, 0.031086682306938625, 0.05522677192077322, 0.03863526660055474, 0.03670533846978456, 0.045322150513650405, 0.03500605072151727]",0.03781147236516804,0.007881926181089686,True,True
65878,"[0.5314112974592213, 0.537466809913109, 0.4794327026268408, 0.5406943175370748, 0.5294676804952635, 0.5101570384949277, 0.5291107062394527, 0.45747873948383594]","[0.02925027206731933, 0.02371718992869685, 0.036080853319783925, 0.042652133289060784, 0.05198771154303099, 0.04370157823682322, 0.030254322494357645, 0.05715509275864527]",0.028365995111370973,0.010876473020079968,False,False
66058,"[0.5445458640536955, 0.518856100547555, 0.4801541106578959, 0.4768844247205181, 0.512593481184531, 0.5132598072536338, 0.4682559816138784, 0.49704780735814924]","[0.016053789699997746, 0.01983734346985373, -0.005843777038057508, -0.003996321237608819, -0.011077368571738359, 0.0006760217503662567, 0.002208989530265059, 0.018942846655984533]",0.023984576040415352,0.01128575885663912,False,False
66209,"[0.5220937160790442, 0.5188845505476353, 0.5444739889564458, 0.5045901201233799, 0.48061975843262816, 0.5085595722851158, 0.4796662222266017, 0.5346807686559255]","[0.09902164681721157, 0.06642038175488074, 0.0953302667824021, 0.08045552997333213, 0.06331858000732651, 0.06464668913157547, 0.08535809337967547, 0.08891734960545744]",0.021835905266811756,0.01323901449663545,False,False
66269,"[0.5003960832957743, 0.41181121433693857, 0.5076400036232499, 0.4976720516451808, 0.5018005061158645, 0.46913662313356996, 0.5595100915244089, 0.4949254488742682]","[0.08634326745805834, 0.06274040464035144, 0.006109062264172679, 0.04213341136416152, 0.051276261838365825, 0.06837728750723107, 0.03441152550701067, 0.05361916808165616]",0.03865962780761727,0.022538198374460267,False,False
66437,"[0.5214206445844418, 0.5024544702013989, 0.44500519229478297, 0.5013635123822442, 0.5205392840693023, 0.4973438457863347, 0.5047127323242129, 0.44947293292211316]","[0.09484699704440498, 0.08247809007932866, 0.09793224918626953, 0.08824476060055053, 0.11599015791236328, 0.08920894662983087, 0.11673583333148294, 0.10071768874268627]",0.027566485251294882,0.011751626114862983,False,False
66512,"[0.49215957222828965, 0.4608217317824552, 0.47482326695773414, 0.5476890370373473, 0.4979540095428697, 0.4668670776923297, 0.4655607867419078, 0.5455216589945304]","[0.06847737789891722, 0.057271825721441724, 0.06957058618274181, 0.028314878694852066, 0.06296730446027825, 0.07336012793665554, 0.05623575888571986, 0.06867564111355957]",0.03272899875359422,0.013456491002065224,False,False
66559,"[0.5047941977687015, 0.5328933567692501, 0.502383101789118, 0.518172819076587, 0.5562949703035098, 0.5256133068047981, 0.5675216175757227, 0.4935978526285659]","[0.04923513770029964, 0.05214938572942286, 0.08632114889758788, 0.07297592438098761, 0.07284573228364716, 0.06842577780039853, 0.06433811456639704, 0.04913639036906939]",0.024501138086749624,0.012523209753015595,False,False
66875,"[0.484817717292663, 0.4961643428539644, 0.4747573597247496, 0.5096141812177604, 0.47375398016796755, 0.5139567504432909, 0.4962025128576536, 0.5095200840842768]","[0.11636630587280655, 0.1150750804857126, 0.08915908413427938, 0.07868472826965002, 0.10133096149744837, 0.07993031003992508, 0.06704306984437927, 0.09537146820821309]",0.014795354151249685,0.01647894842567656,False,False
67261,"[0.4392398905342556, 0.33511784857812377, 0.43664038344045586, 0.521300554810099, 0.37249581638948914, 0.346186907950766, 0.38371282116154426, 0.3750883985197132]","[0.04120552865146418, 0.0602796656107932, 0.04104603365260584, 0.03990223329952833, 0.02232394233166325, 0.07663729598351393, 0.06068015615312503, 0.0846934898969059]",0.05737163006752298,0.019585703646027214,False,False
67281,"[0.5670550358535063, 0.5374872513315361, 0.5477499133802992, 0.5722936140102112, 0.5428252191778346, 0.5370773185921178, 0.5499668348830637, 0.5292583813095306]","[0.16963900316308755, 0.1401307916720596, 0.16387959894224924, 0.1553504725169461, 0.15982812712765548, 0.1778615161515698, 0.14949500047054887, 0.16846572748138305]",0.013986798605551765,0.011306795429712208,False,False
67361,"[0.4791332819457033, 0.5097052224559375, 0.5434075940261863, 0.5572981860968031, 0.4631238180405318, 0.522231745037453, 0.5425782883918173, 0.52202397654087]","[0.14799752018303208, 0.12654266916824639, 0.15041581416729743, 0.13364713417833912, 0.11775493929723771, 0.15495327251441676, 0.14974694384569004, 0.14814980495402277]",0.030447448902871963,0.012565701614323705,False,False
67444,"[0.4964516338214968, 0.5408872459277096, 0.4976891063786005, 0.5090317558677988, 0.4825642422315672, 0.5092681411158188, 0.412434679633794, 0.5290662487856927]","[0.12773163887508476, 0.1320240645417253, 0.11164730381324728, 0.15393049342194792, 0.12747445685207942, 0.1578067459842188, 0.15161474199515754, 0.11873879963581704]",0.03641741103375502,0.016134349341027275,False,False
67673,"[0.49819570839707417, 0.47729188331449823, 0.5032706998072354, 0.556400128250818, 0.5364682245336484, 0.5420796012019904, 0.49345313294629, 0.5527880342905673]","[0.09312172383041081, 0.08356666261348131, 0.0883775335925471, 0.0597988940522356, 0.05484271545810697, 0.0483874634008534, 0.07775159257091237, 0.041051234308747915]",0.028378582132046328,0.01848637875425639,False,False
67708,"[0.45233254904248843, 0.5246058958860655, 0.4964634732827076, 0.4769460174727349, 0.5405989174299798, 0.5089543747198806, 0.46298642841809123, 0.449379240550833]","[0.1278620336070706, 0.09484370711761565, 0.07852579263470735, 0.1068144103591876, 0.0950289519536773, 0.08153544928207991, 0.08375764158888535, 0.12521939371457189]",0.0318598702165541,0.01792624057773225,False,False
67899,"[0.5230097821683544, 0.5053175334255818, 0.5093598589951913, 0.4834020931016509, 0.4589393730666489, 0.5176446749132513, 0.49795091388152435, 0.5035059187192223]","[0.03994447895179776, 0.061495876785584026, 0.012055288073980614, 0.010965601230537143, 0.046710107567836286, 0.05423674062226816, 0.03021556609913021, 0.026520874503142416]",0.019152444320734215,0.017435530519998424,False,False
68121,"[0.4310680387118291, 0.5387287561728062, 0.4195317127135736, 0.5134405353632556, 0.41982565972875086, 0.4885238171996973, 0.5177824506793474, 0.41021837694113966]","[0.09129860279945498, 0.08674049036488948, 0.07922961738169593, 0.08797113391522599, 0.06702200913549686, 0.09956540124617452, 0.07195568148118743, 0.030048031214789883]",0.04916371723233266,0.02019519199312072,False,False
68127,"[0.540608060809165, 0.5181991006374825, 0.5052007783015402, 0.5385409485465382, 0.5161286919886152, 0.5027224289498132, 0.5403497793085668, 0.5408896200819315]","[0.0984528568872695, 0.1334421245160093, 0.12002183446598644, 0.12617941497945123, 0.14148874933248165, 0.12546401324890444, 0.12330008807889867, 0.08516154214636422]",0.015521942053629756,0.017299285566878368,False,False
68173,"[0.4896557579949564, 0.4997700416567349, 0.4988121066191761, 0.5106495370819546, 0.48112951502009416, 0.553373398949276, 0.4843590920949984, 0.5515983622020552]","[0.08007211217426047, 0.017866890789978218, 0.04198432796406505, 0.04020541039592921, 0.013234210071486839, 0.05854553793302593, 0.007280456224046171, 0.022068335507220843]",0.026768881147234233,0.023357175793966112,False,False
68193,"[0.5243907496191369, 0.5087543815556397, 0.4959357427960198, 0.48900273168416336, 0.5527995722284682, 0.5492389856006201, 0.4492318592960322, 0.4558323465105055]","[0.03454595521791893, 0.0383297093028713, 0.04388398813729539, 0.023050114285687137, 0.04490208705153877, 0.04113543172593807, 0.03045200462449842, 0.014471202587098277]",0.03617694373919971,0.010001129905053977,True,True
68287,"[0.48868920744684224, 0.5165820587257627, 0.520669717724831, 0.4977477655698904, 0.5435391528017848, 0.5397014402044852, 0.5604804035363993, 0.5063248984658318]","[0.08965229670289143, 0.08003863568379996, 0.12244420165632494, 0.07268055566383608, 0.08283791166433964, 0.07312727530218455, 0.08148240971570136, 0.08466114248400368]",0.0229999684447095,0.014799607114990104,True,False
68394,"[0.5650905806347658, 0.5260406483205362, 0.5322826956259811, 0.4903174077645874, 0.49018088943975363, 0.4969555196508024, 0.5429995029647411, 0.4926281364012882]","[0.06897431186653748, 0.024970953820975864, 0.016885948339599815, 0.06272998025685364, 0.044423371532765245, 0.04696526515384575, 0.08008322113738627, 0.06257415729570616]",0.026765032878680203,0.020436654570067395,False,False
68473,"[0.32993524479251646, 0.4877762099956117, 0.47592718113691435, 0.5090048155801091, 0.42672693512068194, 0.45605837704186014, 0.4804776803996411, 0.5042404938608885]","[0.061326118090228206, 0.10732573970817168, 0.1301669625142149, 0.11732812188512326, 0.09113337834865647, 0.09093723787556429, 0.08110953120647324, 0.11443688772858088]",0.05457856723740138,0.020859075416054362,False,False
68532,"[0.48814337744564607, 0.408414426967576, 0.4510290872760878, 0.38774990888341876, 0.5126774719017717, 0.4115410979172519, 0.46781337557166536, 0.4292811920359232]","[0.05148474091705455, 0.0922026916031641, 0.04871434679243427, 0.0810426032503534, 0.0704602634927195, 0.08236523642935985, 0.06442995249052028, 0.06328630537720302]",0.04027971650490669,0.014298084128878924,False,False
68553,"[0.5138949577788384, 0.49812105032116827, 0.47150786604880524, 0.44957719622451514, 0.5238289522941131, 0.4796645548376584, 0.47871963453133126, 0.5465670746160246]","[0.04630356762257183, 0.07028589876430229, 0.06675702196652812, 0.0758095549727468, 0.07367248450671801, 0.0641171799483015, 0.03868145176936642, 0.05711893322227172]",0.029521024908098013,0.012426546861369412,False,False
68819,"[0.4617424469865814, 0.4826473953930476, 0.4614704471698289, 0.5112713036586175, 0.46920592830633845, 0.509033588532819, 0.4541074516806263, 0.522219006114501]","[0.13702493469596366, 0.09414591298655792, 0.13233033062571192, 0.10597632484456823, 0.1459986742938865, 0.09073365298420963, 0.14423079606038186, 0.08614675860286586]",0.024870473235592744,0.023727851465404497,False,False
69085,"[0.5511555616744077, 0.5427157126990962, 0.532064686624058, 0.5517425610527147, 0.5372107454450306, 0.5511601514360138, 0.546473501315989, 0.5344005449215206]","[0.13001915914481105, 0.12602673608609177, 0.12459233229802391, 0.1304133952486481, 0.12273626259846251, 0.10778425290105972, 0.1314035533223057, 0.1125002449123941]",0.007480462098115394,0.008124842011218634,False,False
69087,"[0.5297030648839766, 0.464754500657914, 0.5532687617873586, 0.5145423470685788, 0.44960475393278326, 0.4635309917732722, 0.4493893897351946, 0.49859062024335776]","[0.057051661786635774, 0.07754745248577023, 0.040290459773421314, 0.06616689832315992, 0.07602387493589179, 0.08310242165763862, 0.07322486652864693, 0.05926461192251369]",0.03686615070708977,0.013049094971561065,False,False
69137,"[0.5162122211134189, 0.5028485781918601, 0.502882952446601, 0.437190579005408, 0.47498318266711304, 0.43999531996516145, 0.5116487092569173, 0.4971433926803105]","[0.06983643264282316, 0.07075112246956194, 0.08464107404236165, 0.06919429724310892, 0.08182126067624698, 0.08597713667875566, 0.07528038608517422, 0.07378048198218848]",0.02932710761513862,0.0063644900346456045,False,False
69462,"[0.5739743424397554, 0.42598189117474367, 0.524144119780982, 0.5700574636878459, 0.515283425249003, 0.500262589046433, 0.5411445947287842, 0.539861785733031]","[0.10514757928525974, 0.09334032599576217, 0.11670031529396138, 0.06782266385316006, 0.12410502497963105, 0.1334906738500546, 0.08725336978308562, 0.09495218288330842]",0.04389057996437036,0.02003345836755583,False,False
69641,"[0.557833841205094, 0.5676069109208964, 0.5474478137926422, 0.5184826606157216, 0.5610148104698187, 0.5562498293087952, 0.5369013122130205, 0.5561177838989946]","[0.16859134758534894, 0.1771677391563206, 0.17231050863650313, 0.1801927753206425, 0.16393746412388538, 0.1729680755493238, 0.1676122636479765, 0.16123121782360555]",0.014749049425200174,0.006007673598500273,False,False
70279,"[0.5109923765691089, 0.4189702675482889, 0.4875230965324976, 0.3686962681128436, 0.4544810377497178, 0.5541213674301029, 0.4898369497067784, 0.46235195393995177]","[0.045065567721574815, 0.061428522349759686, 0.010265943851832358, 0.06243793239358898, 0.015215639303612962, 0.03728129575977267, 0.02578550700708961, 0.051550782475313625]",0.05315301209743689,0.018756683407298056,False,False
70372,"[0.50135085996041, 0.5405267986536573, 0.5000247477623601, 0.5112917201032452, 0.2726824236160712, 0.5288529868125826, 0.469088678912275, 0.5472224348210284]","[0.01645020587986483, 0.03575746956166852, 0.05186380394310213, 0.038669823714091396, 0.02354605328032984, 0.023348250142342507, 0.012508378284436045, 0.015283769984670844]",0.0832047016900238,0.012819283917970905,False,False
70496,"[0.5211008781328118, 0.5309749537866635, 0.5362459886252493, 0.4352284738158241, 0.5342671194573166, 0.5343731803953744, 0.5389909224525913, 0.48663556891419035]","[0.037800720962270176, 0.042261047944257404, 0.033680263113216265, 0.02274796400201566, 0.055300351548013174, 0.029874616515414162, 0.0397689941430073, 0.04428830082148]",0.033973077515946075,0.009199906837161166,True,False
70765,"[0.5199357327917782, 0.549373320802675, 0.5591310592092966, 0.5353082089155661, 0.5480781748785004, 0.5212169034230858, 0.5534643729596025, 0.5251112042642199]","[0.12488924664300195, 0.11596056976841464, 0.10861534519106897, 0.07370698093674721, 0.08998033102414081, 0.08410853782703899, 0.09225572565362858, 0.1088177669231642]",0.014537414242058731,0.016317451587275426,False,False
71264,"[0.5446447420030307, 0.4758076201632822, 0.5498287746336141, 0.5543950608625445, 0.5857138662541066, 0.4856986087457733, 0.5364312878975861, 0.5650408238251263]","[0.069414022313985, 0.0649675815499852, 0.0780584797568386, 0.06408521174291953, 0.07107786045982334, 0.047814511255464834, 0.04665850646385172, 0.05909998364351472]",0.03546352927601836,0.010308098952257977,False,False
71624,"[0.40766000868501145, 0.508527537799351, 0.4461089445378053, 0.46757426386494133, 0.46072330818464813, 0.4152345288109629, 0.4865741320371981, 0.5069725916632591]","[0.04698793322511247, 0.04437698032058844, 0.04030166902074089, 0.04263093579005648, 0.04709158242722339, 0.05840320971152678, 0.033758736072507, 0.03238138945935412]",0.03573318065979922,0.007720960602627523,False,False
71735,"[0.554219025072406, 0.5526411154132397, 0.5430261105918031, 0.5591058328072229, 0.5541964922386193, 0.553860070986843, 0.5201848804809499, 0.5575253109212536]","[0.2153791846480898, 0.21606423397979396, 0.19886855232382475, 0.21641310779888823, 0.22729464207992112, 0.227315508343212, 0.2127039706058957, 0.2040483738724116]",0.0118899937846392,0.00929434987214454,False,False
72089,"[0.5322508311486475, 0.5618930301967004, 0.5493416606705535, 0.5578671890451179, 0.5074608324557611, 0.5275537525124477, 0.5790725799168065, 0.46915561781037557]","[0.08372145380908963, 0.06253779169648724, 0.06553009427147395, 0.06880201485487358, 0.08325574772818037, 0.0731683422521657, 0.06831513599346253, 0.08067245420905848]",0.032688820843145984,0.007772963009749197,False,False
72151,"[0.5646891707924527, 0.5374942905258717, 0.5632951441345859, 0.573239592710096, 0.5118871065742818, 0.5602888432374833, 0.561052553398525, 0.5437884198068181]","[0.2556308960046508, 0.23202753944833207, 0.2586348008149676, 0.23706186065325024, 0.24737379201206394, 0.26341057666681517, 0.23877251079200168, 0.24738689005015396]",0.01863213080159456,0.01041501393717293,True,False
72389,"[0.4652185155316858, 0.4739068290983635, 0.5057078501672815, 0.47136334805955193, 0.5113670994711881, 0.4962320607918337, 0.5232606871806423, 0.47550592147990434]","[0.0677462914654174, 0.09268955233236144, 0.11608836419982149, 0.11292772702105895, 0.06627612835824269, 0.0700009570796804, 0.07269841762384671, 0.0926382972555157]",0.020242578701039484,0.018951203318786358,True,False
72527,"[0.46642897110298287, 0.556885615076242, 0.5185248740011081, 0.504069912522056, 0.5348101432504311, 0.5295096873330416, 0.5526117246071103, 0.4950145145229368]","[0.08615847212632433, 0.10224065540183766, 0.09933101661101429, 0.13111611811236681, 0.11580567437041496, 0.08252711231268682, 0.07676494221723164, 0.09248739551496243]",0.028467846099034244,0.016932526575891466,False,False
